{
"type": "FeatureCollection",
"name": "reach2_s1_shoreline_2024_wet",
"crs": { "type": "name", "properties": { "name": "urn:ogc:def:crs:EPSG::32648" } },
"features": [
{ "type": "Feature", "properties": { }, "geometry": { "type": "LineString", "coordinates": [ [ 563995.625, 2342071.25 ], [ 563992.8125, 2342066.5625 ], [ 563986.25, 2342061.875 ], [ 563980.3125, 2342060.3125 ], [ 563969.53125, 2342059.84375 ], [ 563959.6875, 2342058.4375 ], [ 563951.25, 2342055.625 ], [ 563946.5625, 2342052.8125 ], [ 563943.125, 2342048.75 ], [ 563940.9375, 2342043.4375 ], [ 563940.0, 2342033.125 ], [ 563938.59375, 2342027.03125 ], [ 563937.1875, 2342024.6875 ], [ 563932.96875, 2342021.40625 ], [ 563926.875, 2342020.0 ], [ 563833.125, 2342020.0 ], [ 563826.5625, 2342019.0625 ], [ 563819.0625, 2342015.3125 ], [ 563812.8125, 2342006.5625 ], [ 563806.25, 2342001.875 ], [ 563800.3125, 2342000.3125 ], [ 563789.53125, 2341999.84375 ], [ 563779.6875, 2341998.4375 ], [ 563771.25, 2341995.625 ], [ 563748.75, 2341984.375 ], [ 563743.28125, 2341982.34375 ], [ 563733.90625, 2341980.46875 ], [ 563719.6875, 2341979.6875 ], [ 563713.75, 2341978.125 ], [ 563709.0625, 2341975.3125 ], [ 563702.8125, 2341966.5625 ], [ 563698.75, 2341963.125 ], [ 563693.4375, 2341960.9375 ], [ 563679.6875, 2341959.6875 ], [ 563673.75, 2341958.125 ], [ 563669.0625, 2341955.3125 ], [ 563662.8125, 2341946.5625 ], [ 563656.25, 2341941.875 ], [ 563646.875, 2341940.0 ], [ 563613.125, 2341940.0 ], [ 563607.03125, 2341938.59375 ], [ 563602.8125, 2341935.3125 ], [ 563600.46875, 2341930.15625 ], [ 563599.53125, 2341889.84375 ], [ 563597.1875, 2341884.6875 ], [ 563592.96875, 2341881.40625 ], [ 563586.875, 2341880.0 ], [ 563493.125, 2341880.0 ], [ 563489.84375, 2341879.53125 ], [ 563484.6875, 2341877.1875 ], [ 563481.40625, 2341872.96875 ], [ 563480.0, 2341866.875 ], [ 563480.3125, 2341829.6875 ], [ 563483.125, 2341821.25 ], [ 563486.5625, 2341817.1875 ], [ 563495.3125, 2341810.9375 ], [ 563499.0625, 2341803.4375 ], [ 563500.0, 2341796.875 ], [ 563500.0, 2341763.125 ], [ 563501.875, 2341753.75 ], [ 563504.6875, 2341749.0625 ], [ 563508.75, 2341745.625 ], [ 563551.25, 2341724.375 ], [ 563555.3125, 2341720.9375 ], [ 563559.0625, 2341713.4375 ], [ 563560.0, 2341706.875 ], [ 563560.0, 2341613.125 ], [ 563559.53125, 2341606.09375 ], [ 563557.65625, 2341596.71875 ], [ 563555.625, 2341591.25 ], [ 563544.375, 2341568.75 ], [ 563538.75, 2341563.125 ], [ 563530.3125, 2341560.3125 ], [ 563493.125, 2341560.0 ], [ 563483.75, 2341558.125 ], [ 563477.1875, 2341553.4375 ], [ 563464.375, 2341528.75 ], [ 563458.75, 2341523.125 ], [ 563450.3125, 2341520.3125 ], [ 563413.125, 2341520.0 ], [ 563406.5625, 2341519.0625 ], [ 563401.25, 2341516.875 ], [ 563395.625, 2341511.25 ], [ 563384.375, 2341488.75 ], [ 563379.6875, 2341482.1875 ], [ 563371.25, 2341475.625 ], [ 563348.75, 2341464.375 ], [ 563340.3125, 2341461.5625 ], [ 563326.875, 2341460.0 ], [ 563233.125, 2341460.0 ], [ 563223.75, 2341461.875 ], [ 563219.0625, 2341464.6875 ], [ 563215.625, 2341468.75 ], [ 563204.375, 2341491.25 ], [ 563202.34375, 2341496.71875 ], [ 563200.15625, 2341509.53125 ], [ 563200.0, 2341546.875 ], [ 563198.59375, 2341552.96875 ], [ 563195.3125, 2341557.1875 ], [ 563192.96875, 2341558.59375 ], [ 563186.875, 2341560.0 ], [ 563093.125, 2341560.0 ], [ 563089.84375, 2341560.46875 ], [ 563084.6875, 2341562.8125 ], [ 563081.40625, 2341567.03125 ], [ 563080.0, 2341573.125 ], [ 563080.0, 2341606.875 ], [ 563078.4375, 2341620.3125 ], [ 563075.625, 2341628.75 ], [ 563064.375, 2341651.25 ], [ 563062.34375, 2341656.71875 ], [ 563060.46875, 2341666.09375 ], [ 563059.6875, 2341680.3125 ], [ 563058.125, 2341686.25 ], [ 563055.3125, 2341690.9375 ], [ 563051.25, 2341694.375 ], [ 563046.09375, 2341696.71875 ], [ 563037.1875, 2341699.0625 ], [ 563026.875, 2341700.0 ], [ 563019.6875, 2341699.6875 ], [ 563013.75, 2341698.125 ], [ 563009.0625, 2341695.3125 ], [ 563005.625, 2341691.25 ], [ 562994.375, 2341668.75 ], [ 562988.75, 2341663.125 ], [ 562980.3125, 2341660.3125 ], [ 562943.125, 2341660.0 ], [ 562933.75, 2341658.125 ], [ 562929.0625, 2341655.3125 ], [ 562922.8125, 2341646.5625 ], [ 562918.75, 2341643.125 ], [ 562913.4375, 2341640.9375 ], [ 562899.6875, 2341639.6875 ], [ 562891.25, 2341636.875 ], [ 562887.1875, 2341633.4375 ], [ 562879.6875, 2341622.1875 ], [ 562871.25, 2341615.625 ], [ 562768.75, 2341564.375 ], [ 562764.6875, 2341560.9375 ], [ 562761.875, 2341556.25 ], [ 562760.3125, 2341550.3125 ], [ 562759.6875, 2341539.6875 ], [ 562756.875, 2341531.25 ], [ 562753.4375, 2341527.1875 ], [ 562744.21875, 2341521.40625 ], [ 562738.59375, 2341515.78125 ], [ 562735.625, 2341511.25 ], [ 562724.375, 2341488.75 ], [ 562719.6875, 2341482.1875 ], [ 562713.59375, 2341477.03125 ], [ 562688.75, 2341464.375 ], [ 562682.1875, 2341459.6875 ], [ 562677.03125, 2341453.59375 ], [ 562664.375, 2341428.75 ], [ 562659.6875, 2341422.1875 ], [ 562653.59375, 2341417.03125 ], [ 562628.75, 2341404.375 ], [ 562622.1875, 2341399.6875 ], [ 562617.03125, 2341393.59375 ], [ 562604.375, 2341368.75 ], [ 562599.6875, 2341362.1875 ], [ 562593.59375, 2341357.03125 ], [ 562568.75, 2341344.375 ], [ 562562.1875, 2341339.6875 ], [ 562557.03125, 2341333.59375 ], [ 562544.375, 2341308.75 ], [ 562539.6875, 2341302.1875 ], [ 562533.59375, 2341297.03125 ], [ 562508.75, 2341284.375 ], [ 562502.1875, 2341279.6875 ], [ 562497.03125, 2341273.59375 ], [ 562484.375, 2341248.75 ], [ 562479.6875, 2341242.1875 ], [ 562473.59375, 2341237.03125 ], [ 562448.75, 2341224.375 ], [ 562440.3125, 2341217.8125 ], [ 562435.625, 2341211.25 ], [ 562424.375, 2341188.75 ], [ 562421.40625, 2341184.21875 ], [ 562415.78125, 2341178.59375 ], [ 562406.5625, 2341172.8125 ], [ 562403.125, 2341168.75 ], [ 562400.3125, 2341160.3125 ], [ 562399.0625, 2341146.5625 ], [ 562395.3125, 2341139.0625 ], [ 562391.25, 2341135.625 ], [ 562368.75, 2341124.375 ], [ 562362.1875, 2341119.6875 ], [ 562357.03125, 2341113.59375 ], [ 562344.375, 2341088.75 ], [ 562339.6875, 2341082.1875 ], [ 562331.25, 2341075.625 ], [ 562308.75, 2341064.375 ], [ 562304.21875, 2341061.40625 ], [ 562298.59375, 2341055.78125 ], [ 562292.8125, 2341046.5625 ], [ 562288.75, 2341043.125 ], [ 562280.3125, 2341040.3125 ], [ 562266.09375, 2341039.53125 ], [ 562256.71875, 2341037.65625 ], [ 562251.25, 2341035.625 ], [ 562228.75, 2341024.375 ], [ 562217.1875, 2341020.9375 ], [ 562206.875, 2341020.0 ], [ 562173.125, 2341020.0 ], [ 562166.5625, 2341019.0625 ], [ 562159.0625, 2341015.3125 ], [ 562150.9375, 2341004.6875 ], [ 562143.4375, 2341000.9375 ], [ 562136.875, 2341000.0 ], [ 562103.125, 2341000.0 ], [ 562096.5625, 2340999.0625 ], [ 562089.0625, 2340995.3125 ], [ 562080.9375, 2340984.6875 ], [ 562073.4375, 2340980.9375 ], [ 562066.875, 2340980.0 ], [ 562033.125, 2340980.0 ], [ 562026.5625, 2340979.0625 ], [ 562019.0625, 2340975.3125 ], [ 562012.8125, 2340966.5625 ], [ 562008.75, 2340963.125 ], [ 562000.3125, 2340960.3125 ], [ 561986.5625, 2340959.0625 ], [ 561979.0625, 2340955.3125 ], [ 561975.625, 2340951.25 ], [ 561964.375, 2340928.75 ], [ 561960.9375, 2340924.6875 ], [ 561956.25, 2340921.875 ], [ 561946.875, 2340920.0 ], [ 561883.125, 2340920.0 ], [ 561876.5625, 2340919.0625 ], [ 561869.0625, 2340915.3125 ], [ 561862.8125, 2340906.5625 ], [ 561856.25, 2340901.875 ], [ 561850.3125, 2340900.3125 ], [ 561839.6875, 2340899.6875 ], [ 561831.25, 2340896.875 ], [ 561827.1875, 2340893.4375 ], [ 561822.8125, 2340886.5625 ], [ 561816.25, 2340881.875 ], [ 561806.875, 2340880.0 ], [ 561769.53125, 2340879.84375 ], [ 561756.71875, 2340877.65625 ], [ 561751.25, 2340875.625 ], [ 561688.75, 2340844.375 ], [ 561680.3125, 2340837.8125 ], [ 561672.8125, 2340826.5625 ], [ 561668.75, 2340823.125 ], [ 561660.3125, 2340820.3125 ], [ 561646.5625, 2340819.0625 ], [ 561639.0625, 2340815.3125 ], [ 561635.625, 2340811.25 ], [ 561624.375, 2340788.75 ], [ 561621.40625, 2340784.21875 ], [ 561615.78125, 2340778.59375 ], [ 561606.5625, 2340772.8125 ], [ 561603.125, 2340768.75 ], [ 561600.9375, 2340763.4375 ], [ 561600.0, 2340756.875 ], [ 561600.0, 2340693.125 ], [ 561598.59375, 2340687.03125 ], [ 561597.1875, 2340684.6875 ], [ 561592.96875, 2340681.40625 ], [ 561586.875, 2340680.0 ], [ 561519.6875, 2340680.3125 ], [ 561511.25, 2340683.125 ], [ 561507.1875, 2340686.5625 ], [ 561500.9375, 2340695.3125 ], [ 561493.4375, 2340699.0625 ], [ 561486.875, 2340700.0 ], [ 561453.125, 2340700.0 ], [ 561439.6875, 2340698.4375 ], [ 561428.75, 2340694.375 ], [ 561424.6875, 2340690.9375 ], [ 561421.875, 2340686.25 ], [ 561420.0, 2340676.875 ], [ 561419.6875, 2340639.6875 ], [ 561416.875, 2340631.25 ], [ 561411.25, 2340625.625 ], [ 561403.28125, 2340622.34375 ], [ 561390.46875, 2340620.15625 ], [ 561289.6875, 2340619.6875 ], [ 561283.75, 2340618.125 ], [ 561279.0625, 2340615.3125 ], [ 561272.8125, 2340606.5625 ], [ 561266.25, 2340601.875 ], [ 561260.3125, 2340600.3125 ], [ 561246.5625, 2340599.0625 ], [ 561239.0625, 2340595.3125 ], [ 561235.625, 2340591.25 ], [ 561224.375, 2340568.75 ], [ 561221.5625, 2340560.3125 ], [ 561220.15625, 2340550.46875 ], [ 561220.3125, 2340539.6875 ], [ 561221.875, 2340533.75 ], [ 561224.6875, 2340529.0625 ], [ 561228.75, 2340525.625 ], [ 561271.25, 2340504.375 ], [ 561276.71875, 2340502.34375 ], [ 561289.53125, 2340500.15625 ], [ 561330.15625, 2340499.53125 ], [ 561335.3125, 2340497.1875 ], [ 561338.59375, 2340492.96875 ], [ 561340.0, 2340486.875 ], [ 561339.6875, 2340419.6875 ], [ 561336.875, 2340411.25 ], [ 561333.4375, 2340407.1875 ], [ 561328.75, 2340404.375 ], [ 561320.3125, 2340401.5625 ], [ 561306.875, 2340400.0 ], [ 561209.53125, 2340400.15625 ], [ 561202.8125, 2340400.9375 ], [ 561193.90625, 2340403.28125 ], [ 561168.75, 2340415.625 ], [ 561160.3125, 2340418.4375 ], [ 561146.875, 2340420.0 ], [ 561136.5625, 2340419.0625 ], [ 561129.0625, 2340415.3125 ], [ 561119.6875, 2340402.1875 ], [ 561115.78125, 2340398.59375 ], [ 561106.5625, 2340392.8125 ], [ 561103.125, 2340388.75 ], [ 561100.3125, 2340380.3125 ], [ 561100.0, 2340343.125 ], [ 561098.125, 2340333.75 ], [ 561095.3125, 2340329.0625 ], [ 561082.1875, 2340319.6875 ], [ 561078.59375, 2340315.78125 ], [ 561072.8125, 2340306.5625 ], [ 561066.25, 2340301.875 ], [ 561056.875, 2340300.0 ], [ 560926.09375, 2340299.53125 ], [ 560919.6875, 2340298.4375 ], [ 560911.25, 2340295.625 ], [ 560848.75, 2340264.375 ], [ 560840.3125, 2340261.5625 ], [ 560826.875, 2340260.0 ], [ 560733.125, 2340260.0 ], [ 560726.09375, 2340259.53125 ], [ 560716.71875, 2340257.65625 ], [ 560711.25, 2340255.625 ], [ 560608.75, 2340204.375 ], [ 560603.28125, 2340202.34375 ], [ 560590.46875, 2340200.15625 ], [ 560553.125, 2340200.0 ], [ 560542.8125, 2340199.0625 ], [ 560531.25, 2340195.625 ], [ 560508.75, 2340184.375 ], [ 560503.28125, 2340182.34375 ], [ 560493.90625, 2340180.46875 ], [ 560479.6875, 2340179.6875 ], [ 560473.75, 2340178.125 ], [ 560469.0625, 2340175.3125 ], [ 560459.6875, 2340162.1875 ], [ 560451.25, 2340155.625 ], [ 560428.75, 2340144.375 ], [ 560423.28125, 2340142.34375 ], [ 560413.90625, 2340140.46875 ], [ 560399.6875, 2340139.6875 ], [ 560393.75, 2340138.125 ], [ 560387.1875, 2340133.4375 ], [ 560380.9375, 2340124.6875 ], [ 560373.4375, 2340120.9375 ], [ 560366.875, 2340120.0 ], [ 560303.125, 2340120.0 ], [ 560293.75, 2340118.125 ], [ 560289.0625, 2340115.3125 ], [ 560282.8125, 2340106.5625 ], [ 560278.75, 2340103.125 ], [ 560273.4375, 2340100.9375 ], [ 560259.6875, 2340099.6875 ], [ 560253.75, 2340098.125 ], [ 560247.1875, 2340093.4375 ], [ 560240.9375, 2340084.6875 ], [ 560236.25, 2340081.875 ], [ 560230.3125, 2340080.3125 ], [ 560163.125, 2340080.0 ], [ 560156.5625, 2340080.9375 ], [ 560149.0625, 2340084.6875 ], [ 560144.375, 2340091.25 ], [ 560140.9375, 2340102.8125 ], [ 560140.0, 2340113.125 ], [ 560139.53125, 2340150.15625 ], [ 560137.1875, 2340155.3125 ], [ 560132.96875, 2340158.59375 ], [ 560126.875, 2340160.0 ], [ 560063.125, 2340160.0 ], [ 560056.5625, 2340159.0625 ], [ 560051.25, 2340156.875 ], [ 560047.1875, 2340153.4375 ], [ 560044.375, 2340148.75 ], [ 560041.5625, 2340140.3125 ], [ 560040.0, 2340126.875 ], [ 560040.0, 2340033.125 ], [ 560039.53125, 2340029.84375 ], [ 560037.1875, 2340024.6875 ], [ 560032.96875, 2340021.40625 ], [ 560026.875, 2340020.0 ], [ 559929.53125, 2340020.15625 ], [ 559919.6875, 2340021.5625 ], [ 559911.25, 2340024.375 ], [ 559906.5625, 2340027.1875 ], [ 559903.125, 2340031.25 ], [ 559900.9375, 2340036.5625 ], [ 559900.0, 2340043.125 ], [ 559900.0, 2340166.875 ], [ 559901.875, 2340176.25 ], [ 559904.6875, 2340180.9375 ], [ 559908.75, 2340184.375 ], [ 559931.25, 2340195.625 ], [ 559942.8125, 2340199.0625 ], [ 559963.4375, 2340200.9375 ], [ 559970.9375, 2340204.6875 ], [ 559974.375, 2340208.75 ], [ 559978.4375, 2340219.6875 ], [ 559979.84375, 2340229.53125 ], [ 559979.6875, 2340240.3125 ], [ 559978.125, 2340246.25 ], [ 559973.4375, 2340252.8125 ], [ 559926.40625, 2340277.03125 ], [ 559918.59375, 2340284.21875 ], [ 559912.8125, 2340293.4375 ], [ 559906.25, 2340298.125 ], [ 559896.875, 2340300.0 ], [ 559863.125, 2340300.0 ], [ 559856.5625, 2340299.0625 ], [ 559849.0625, 2340295.3125 ], [ 559845.625, 2340291.25 ], [ 559841.40625, 2340284.21875 ], [ 559835.78125, 2340278.59375 ], [ 559831.25, 2340275.625 ], [ 559808.75, 2340264.375 ], [ 559802.1875, 2340259.6875 ], [ 559795.625, 2340251.25 ], [ 559783.28125, 2340226.09375 ], [ 559780.9375, 2340217.1875 ], [ 559780.0, 2340206.875 ], [ 559779.84375, 2340109.53125 ], [ 559777.65625, 2340096.71875 ], [ 559775.625, 2340091.25 ], [ 559772.8125, 2340086.5625 ], [ 559766.25, 2340081.875 ], [ 559756.875, 2340080.0 ], [ 559693.125, 2340080.0 ], [ 559686.5625, 2340079.0625 ], [ 559679.0625, 2340075.3125 ], [ 559672.8125, 2340066.5625 ], [ 559666.25, 2340061.875 ], [ 559660.3125, 2340060.3125 ], [ 559646.09375, 2340059.53125 ], [ 559636.71875, 2340057.65625 ], [ 559628.75, 2340054.375 ], [ 559623.125, 2340048.75 ], [ 559620.9375, 2340043.4375 ], [ 559620.0, 2340036.875 ], [ 559620.0, 2340003.125 ], [ 559620.9375, 2339996.5625 ], [ 559624.6875, 2339989.0625 ], [ 559633.4375, 2339982.8125 ], [ 559636.875, 2339978.75 ], [ 559639.0625, 2339973.4375 ], [ 559640.0, 2339966.875 ], [ 559640.0, 2339903.125 ], [ 559639.0625, 2339896.5625 ], [ 559635.3125, 2339889.0625 ], [ 559631.25, 2339885.625 ], [ 559623.28125, 2339882.34375 ], [ 559613.90625, 2339880.46875 ], [ 559599.6875, 2339879.6875 ], [ 559591.25, 2339876.875 ], [ 559585.625, 2339871.25 ], [ 559574.375, 2339848.75 ], [ 559570.9375, 2339844.6875 ], [ 559563.4375, 2339840.9375 ], [ 559549.6875, 2339839.6875 ], [ 559541.25, 2339836.875 ], [ 559537.1875, 2339833.4375 ], [ 559532.8125, 2339826.5625 ], [ 559526.25, 2339821.875 ], [ 559516.875, 2339820.0 ], [ 559479.6875, 2339819.6875 ], [ 559471.25, 2339816.875 ], [ 559467.1875, 2339813.4375 ], [ 559460.9375, 2339804.6875 ], [ 559453.4375, 2339800.9375 ], [ 559446.875, 2339800.0 ], [ 559413.125, 2339800.0 ], [ 559403.75, 2339798.125 ], [ 559399.0625, 2339795.3125 ], [ 559392.8125, 2339786.5625 ], [ 559388.75, 2339783.125 ], [ 559383.4375, 2339780.9375 ], [ 559369.6875, 2339779.6875 ], [ 559363.75, 2339778.125 ], [ 559359.0625, 2339775.3125 ], [ 559352.8125, 2339766.5625 ], [ 559348.75, 2339763.125 ], [ 559343.4375, 2339760.9375 ], [ 559329.6875, 2339759.6875 ], [ 559323.75, 2339758.125 ], [ 559317.1875, 2339753.4375 ], [ 559310.9375, 2339744.6875 ], [ 559303.4375, 2339740.9375 ], [ 559296.875, 2339740.0 ], [ 559109.6875, 2339739.6875 ], [ 559103.75, 2339738.125 ], [ 559099.0625, 2339735.3125 ], [ 559092.8125, 2339726.5625 ], [ 559086.25, 2339721.875 ], [ 559080.3125, 2339720.3125 ], [ 559069.53125, 2339719.84375 ], [ 559059.6875, 2339718.4375 ], [ 559051.25, 2339715.625 ], [ 559046.5625, 2339712.8125 ], [ 559043.125, 2339708.75 ], [ 559040.9375, 2339703.4375 ], [ 559040.0, 2339693.125 ], [ 559038.59375, 2339687.03125 ], [ 559035.3125, 2339682.8125 ], [ 559030.15625, 2339680.46875 ], [ 558926.09375, 2339679.53125 ], [ 558913.90625, 2339676.71875 ], [ 558886.09375, 2339663.28125 ], [ 558880.3125, 2339661.5625 ], [ 558870.46875, 2339660.15625 ], [ 558679.6875, 2339659.6875 ], [ 558671.25, 2339656.875 ], [ 558667.1875, 2339653.4375 ], [ 558660.9375, 2339644.6875 ], [ 558653.4375, 2339640.9375 ], [ 558646.875, 2339640.0 ], [ 558553.125, 2339640.0 ], [ 558546.5625, 2339639.0625 ], [ 558539.0625, 2339635.3125 ], [ 558530.9375, 2339624.6875 ], [ 558523.4375, 2339620.9375 ], [ 558516.875, 2339620.0 ], [ 558483.125, 2339620.0 ], [ 558476.5625, 2339619.0625 ], [ 558469.0625, 2339615.3125 ], [ 558460.9375, 2339604.6875 ], [ 558453.4375, 2339600.9375 ], [ 558446.875, 2339600.0 ], [ 558409.53125, 2339599.84375 ], [ 558399.6875, 2339598.4375 ], [ 558391.25, 2339595.625 ], [ 558368.75, 2339584.375 ], [ 558357.1875, 2339580.9375 ], [ 558346.875, 2339580.0 ], [ 558223.125, 2339580.0 ], [ 558216.5625, 2339579.0625 ], [ 558209.0625, 2339575.3125 ], [ 558205.625, 2339571.25 ], [ 558201.40625, 2339564.21875 ], [ 558195.78125, 2339558.59375 ], [ 558164.21875, 2339541.40625 ], [ 558158.59375, 2339535.78125 ], [ 558152.8125, 2339526.5625 ], [ 558148.75, 2339523.125 ], [ 558143.4375, 2339520.9375 ], [ 558129.6875, 2339519.6875 ], [ 558123.75, 2339518.125 ], [ 558119.0625, 2339515.3125 ], [ 558112.8125, 2339506.5625 ], [ 558108.75, 2339503.125 ], [ 558103.4375, 2339500.9375 ], [ 558089.6875, 2339499.6875 ], [ 558083.75, 2339498.125 ], [ 558079.0625, 2339495.3125 ], [ 558072.8125, 2339486.5625 ], [ 558066.25, 2339481.875 ], [ 558056.875, 2339480.0 ], [ 558023.125, 2339480.0 ], [ 558016.5625, 2339479.0625 ], [ 558009.0625, 2339475.3125 ], [ 558002.8125, 2339466.5625 ], [ 557998.75, 2339463.125 ], [ 557993.4375, 2339460.9375 ], [ 557986.875, 2339460.0 ], [ 557766.09375, 2339460.46875 ], [ 557753.90625, 2339463.28125 ], [ 557728.75, 2339475.625 ], [ 557717.1875, 2339479.0625 ], [ 557706.875, 2339480.0 ], [ 557643.125, 2339480.0 ], [ 557636.5625, 2339480.9375 ], [ 557629.0625, 2339484.6875 ], [ 557622.8125, 2339493.4375 ], [ 557618.75, 2339496.875 ], [ 557613.4375, 2339499.0625 ], [ 557606.875, 2339500.0 ], [ 556966.09375, 2339500.46875 ], [ 556953.90625, 2339503.28125 ], [ 556928.75, 2339515.625 ], [ 556917.1875, 2339519.0625 ], [ 556906.875, 2339520.0 ], [ 556809.6875, 2339520.3125 ], [ 556801.25, 2339523.125 ], [ 556797.1875, 2339526.5625 ], [ 556790.9375, 2339535.3125 ], [ 556783.4375, 2339539.0625 ], [ 556776.875, 2339540.0 ], [ 556713.125, 2339540.0 ], [ 556706.5625, 2339540.9375 ], [ 556701.25, 2339543.125 ], [ 556695.625, 2339548.75 ], [ 556674.375, 2339591.25 ], [ 556668.75, 2339596.875 ], [ 556663.4375, 2339599.0625 ], [ 556656.875, 2339600.0 ], [ 556593.125, 2339600.0 ], [ 556586.09375, 2339599.53125 ], [ 556576.71875, 2339597.65625 ], [ 556546.09375, 2339583.28125 ], [ 556533.90625, 2339580.46875 ], [ 556369.53125, 2339579.84375 ], [ 556362.8125, 2339579.0625 ], [ 556353.90625, 2339576.71875 ], [ 556326.09375, 2339563.28125 ], [ 556313.90625, 2339560.46875 ], [ 556183.125, 2339560.0 ], [ 556176.5625, 2339559.0625 ], [ 556169.0625, 2339555.3125 ], [ 556165.625, 2339551.25 ], [ 556161.40625, 2339544.21875 ], [ 556155.78125, 2339538.59375 ], [ 556151.25, 2339535.625 ], [ 556128.75, 2339524.375 ], [ 556122.1875, 2339519.6875 ], [ 556115.625, 2339511.25 ], [ 556104.375, 2339488.75 ], [ 556100.9375, 2339484.6875 ], [ 556096.25, 2339481.875 ], [ 556086.875, 2339480.0 ], [ 555986.09375, 2339479.53125 ], [ 555973.90625, 2339476.71875 ], [ 555946.09375, 2339463.28125 ], [ 555940.3125, 2339461.5625 ], [ 555930.46875, 2339460.15625 ], [ 555859.6875, 2339460.3125 ], [ 555851.25, 2339463.125 ], [ 555847.1875, 2339466.5625 ], [ 555840.9375, 2339475.3125 ], [ 555833.4375, 2339479.0625 ], [ 555826.875, 2339480.0 ], [ 555759.6875, 2339480.3125 ], [ 555753.75, 2339481.875 ], [ 555749.0625, 2339484.6875 ], [ 555742.8125, 2339493.4375 ], [ 555738.75, 2339496.875 ], [ 555733.4375, 2339499.0625 ], [ 555726.875, 2339500.0 ], [ 555393.125, 2339500.0 ], [ 555386.09375, 2339499.53125 ], [ 555376.71875, 2339497.65625 ], [ 555346.09375, 2339483.28125 ], [ 555333.90625, 2339480.46875 ], [ 555049.53125, 2339479.84375 ], [ 555042.8125, 2339479.0625 ], [ 555033.90625, 2339476.71875 ], [ 555003.28125, 2339462.34375 ], [ 554997.1875, 2339460.9375 ], [ 554986.875, 2339460.0 ], [ 554286.09375, 2339459.53125 ], [ 554273.90625, 2339456.71875 ], [ 554248.75, 2339444.375 ], [ 554243.125, 2339438.75 ], [ 554240.3125, 2339430.3125 ], [ 554239.53125, 2339326.09375 ], [ 554236.71875, 2339313.90625 ], [ 554223.28125, 2339286.09375 ], [ 554221.5625, 2339280.3125 ], [ 554220.15625, 2339270.46875 ], [ 554220.0, 2339113.125 ], [ 554220.46875, 2339106.09375 ], [ 554222.34375, 2339096.71875 ], [ 554225.625, 2339088.75 ], [ 554229.0625, 2339084.6875 ], [ 554233.75, 2339081.875 ], [ 554243.125, 2339080.0 ], [ 554606.875, 2339080.0 ], [ 554613.4375, 2339079.0625 ], [ 554618.75, 2339076.875 ], [ 554622.8125, 2339073.4375 ], [ 554629.0625, 2339064.6875 ], [ 554636.5625, 2339060.9375 ], [ 554643.125, 2339060.0 ], [ 554706.875, 2339060.0 ], [ 554717.1875, 2339059.0625 ], [ 554726.09375, 2339056.71875 ], [ 554751.25, 2339044.375 ], [ 554762.8125, 2339040.9375 ], [ 554773.125, 2339040.0 ], [ 554866.875, 2339040.0 ], [ 554877.1875, 2339039.0625 ], [ 554888.75, 2339035.625 ], [ 554951.25, 2339004.375 ], [ 554959.6875, 2338997.8125 ], [ 554969.0625, 2338984.6875 ], [ 554976.5625, 2338980.9375 ], [ 554983.125, 2338980.0 ], [ 555080.3125, 2338979.6875 ], [ 555088.75, 2338976.875 ], [ 555092.8125, 2338973.4375 ], [ 555099.0625, 2338964.6875 ], [ 555106.5625, 2338960.9375 ], [ 555113.125, 2338960.0 ], [ 555150.46875, 2338959.84375 ], [ 555157.1875, 2338959.0625 ], [ 555166.09375, 2338956.71875 ], [ 555191.25, 2338944.375 ], [ 555197.8125, 2338939.6875 ], [ 555204.375, 2338931.25 ], [ 555217.1875, 2338906.5625 ], [ 555221.25, 2338903.125 ], [ 555226.5625, 2338900.9375 ], [ 555233.125, 2338900.0 ], [ 555300.3125, 2338899.6875 ], [ 555306.25, 2338898.125 ], [ 555310.9375, 2338895.3125 ], [ 555317.1875, 2338886.5625 ], [ 555323.75, 2338881.875 ], [ 555329.6875, 2338880.3125 ], [ 555340.3125, 2338879.6875 ], [ 555348.75, 2338876.875 ], [ 555352.8125, 2338873.4375 ], [ 555359.0625, 2338864.6875 ], [ 555366.5625, 2338860.9375 ], [ 555373.125, 2338860.0 ], [ 555470.3125, 2338859.6875 ], [ 555478.75, 2338856.875 ], [ 555482.8125, 2338853.4375 ], [ 555489.0625, 2338844.6875 ], [ 555493.75, 2338841.875 ], [ 555499.6875, 2338840.3125 ], [ 555600.3125, 2338839.6875 ], [ 555608.75, 2338836.875 ], [ 555612.8125, 2338833.4375 ], [ 555619.0625, 2338824.6875 ], [ 555623.75, 2338821.875 ], [ 555629.6875, 2338820.3125 ], [ 555666.875, 2338820.0 ], [ 555673.4375, 2338820.9375 ], [ 555680.9375, 2338824.6875 ], [ 555687.1875, 2338833.4375 ], [ 555691.25, 2338836.875 ], [ 555696.5625, 2338839.0625 ], [ 555703.125, 2338840.0 ], [ 555920.3125, 2338840.3125 ], [ 555926.25, 2338841.875 ], [ 555930.9375, 2338844.6875 ], [ 555940.3125, 2338857.8125 ], [ 555948.75, 2338864.375 ], [ 555973.90625, 2338876.71875 ], [ 555979.6875, 2338878.4375 ], [ 555989.53125, 2338879.84375 ], [ 556060.3125, 2338879.6875 ], [ 556068.75, 2338876.875 ], [ 556072.8125, 2338873.4375 ], [ 556079.0625, 2338864.6875 ], [ 556083.75, 2338861.875 ], [ 556089.6875, 2338860.3125 ], [ 556186.875, 2338860.0 ], [ 556193.90625, 2338860.46875 ], [ 556203.28125, 2338862.34375 ], [ 556233.90625, 2338876.71875 ], [ 556246.09375, 2338879.53125 ], [ 556346.875, 2338880.0 ], [ 556353.4375, 2338879.0625 ], [ 556358.75, 2338876.875 ], [ 556362.8125, 2338873.4375 ], [ 556369.0625, 2338864.6875 ], [ 556376.5625, 2338860.9375 ], [ 556383.125, 2338860.0 ], [ 556416.875, 2338860.0 ], [ 556423.4375, 2338860.9375 ], [ 556428.75, 2338863.125 ], [ 556432.8125, 2338866.5625 ], [ 556439.0625, 2338875.3125 ], [ 556443.75, 2338878.125 ], [ 556449.6875, 2338879.6875 ], [ 556606.875, 2338880.0 ], [ 556613.4375, 2338879.0625 ], [ 556618.75, 2338876.875 ], [ 556622.8125, 2338873.4375 ], [ 556629.0625, 2338864.6875 ], [ 556633.75, 2338861.875 ], [ 556639.6875, 2338860.3125 ], [ 556890.3125, 2338859.6875 ], [ 556898.75, 2338856.875 ], [ 556902.8125, 2338853.4375 ], [ 556909.0625, 2338844.6875 ], [ 556913.75, 2338841.875 ], [ 556919.6875, 2338840.3125 ], [ 557046.875, 2338840.0 ], [ 557053.4375, 2338839.0625 ], [ 557058.75, 2338836.875 ], [ 557062.8125, 2338833.4375 ], [ 557069.0625, 2338824.6875 ], [ 557073.75, 2338821.875 ], [ 557079.6875, 2338820.3125 ], [ 557210.3125, 2338819.6875 ], [ 557218.75, 2338816.875 ], [ 557222.8125, 2338813.4375 ], [ 557229.0625, 2338804.6875 ], [ 557236.5625, 2338800.9375 ], [ 557243.125, 2338800.0 ], [ 557310.3125, 2338799.6875 ], [ 557318.75, 2338796.875 ], [ 557322.8125, 2338793.4375 ], [ 557329.0625, 2338784.6875 ], [ 557333.75, 2338781.875 ], [ 557339.6875, 2338780.3125 ], [ 557616.875, 2338780.0 ], [ 557623.4375, 2338779.0625 ], [ 557628.75, 2338776.875 ], [ 557632.8125, 2338773.4375 ], [ 557637.1875, 2338766.5625 ], [ 557641.25, 2338763.125 ], [ 557646.5625, 2338760.9375 ], [ 557653.125, 2338760.0 ], [ 557810.46875, 2338760.15625 ], [ 557817.1875, 2338760.9375 ], [ 557826.09375, 2338763.28125 ], [ 557856.71875, 2338777.65625 ], [ 557862.8125, 2338779.0625 ], [ 557873.125, 2338780.0 ], [ 557906.875, 2338780.0 ], [ 557917.1875, 2338779.0625 ], [ 557928.75, 2338775.625 ], [ 557953.90625, 2338763.28125 ], [ 557962.8125, 2338760.9375 ], [ 557973.125, 2338760.0 ], [ 557980.3125, 2338760.3125 ], [ 557986.25, 2338761.875 ], [ 557990.9375, 2338764.6875 ], [ 557997.1875, 2338773.4375 ], [ 558001.25, 2338776.875 ], [ 558006.5625, 2338779.0625 ], [ 558013.125, 2338780.0 ], [ 558226.875, 2338780.0 ], [ 558233.4375, 2338779.0625 ], [ 558238.75, 2338776.875 ], [ 558242.8125, 2338773.4375 ], [ 558247.1875, 2338766.5625 ], [ 558253.75, 2338761.875 ], [ 558259.6875, 2338760.3125 ], [ 558270.3125, 2338759.6875 ], [ 558278.75, 2338756.875 ], [ 558284.375, 2338751.25 ], [ 558297.03125, 2338726.40625 ], [ 558304.21875, 2338718.59375 ], [ 558308.75, 2338715.625 ], [ 558373.59375, 2338682.96875 ], [ 558379.6875, 2338677.8125 ], [ 558387.1875, 2338666.5625 ], [ 558391.25, 2338663.125 ], [ 558399.6875, 2338660.3125 ], [ 558413.90625, 2338659.53125 ], [ 558423.28125, 2338657.65625 ], [ 558428.75, 2338655.625 ], [ 558451.25, 2338644.375 ], [ 558459.6875, 2338641.5625 ], [ 558469.53125, 2338640.15625 ], [ 558480.3125, 2338640.3125 ], [ 558488.75, 2338643.125 ], [ 558492.8125, 2338646.5625 ], [ 558495.625, 2338651.25 ], [ 558499.0625, 2338662.8125 ], [ 558500.3125, 2338680.3125 ], [ 558501.875, 2338686.25 ], [ 558504.6875, 2338690.9375 ], [ 558513.4375, 2338697.1875 ], [ 558516.875, 2338701.25 ], [ 558519.0625, 2338706.5625 ], [ 558520.3125, 2338720.3125 ], [ 558523.125, 2338728.75 ], [ 558526.5625, 2338732.8125 ], [ 558537.8125, 2338740.3125 ], [ 558541.40625, 2338744.21875 ], [ 558547.1875, 2338753.4375 ], [ 558551.25, 2338756.875 ], [ 558556.5625, 2338759.0625 ], [ 558563.125, 2338760.0 ], [ 558626.875, 2338760.0 ], [ 558637.1875, 2338760.9375 ], [ 558648.75, 2338764.375 ], [ 558673.90625, 2338776.71875 ], [ 558686.09375, 2338779.53125 ], [ 558790.3125, 2338780.3125 ], [ 558796.25, 2338781.875 ], [ 558802.8125, 2338786.5625 ], [ 558817.1875, 2338813.4375 ], [ 558821.25, 2338816.875 ], [ 558826.5625, 2338819.0625 ], [ 558833.125, 2338820.0 ], [ 558900.3125, 2338820.3125 ], [ 558908.75, 2338823.125 ], [ 558912.8125, 2338826.5625 ], [ 558919.0625, 2338835.3125 ], [ 558926.5625, 2338839.0625 ], [ 558933.125, 2338840.0 ], [ 558966.875, 2338840.0 ], [ 558976.25, 2338841.875 ], [ 558980.9375, 2338844.6875 ], [ 558984.375, 2338848.75 ], [ 559005.625, 2338891.25 ], [ 559009.0625, 2338895.3125 ], [ 559016.5625, 2338899.0625 ], [ 559033.4375, 2338900.9375 ], [ 559038.75, 2338903.125 ], [ 559042.8125, 2338906.5625 ], [ 559075.625, 2338971.25 ], [ 559081.25, 2338976.875 ], [ 559086.5625, 2338979.0625 ], [ 559100.3125, 2338980.3125 ], [ 559106.25, 2338981.875 ], [ 559110.9375, 2338984.6875 ], [ 559117.1875, 2338993.4375 ], [ 559121.25, 2338996.875 ], [ 559126.5625, 2338999.0625 ], [ 559140.3125, 2339000.3125 ], [ 559146.25, 2339001.875 ], [ 559150.9375, 2339004.6875 ], [ 559157.1875, 2339013.4375 ], [ 559161.25, 2339016.875 ], [ 559166.5625, 2339019.0625 ], [ 559180.3125, 2339020.3125 ], [ 559188.75, 2339023.125 ], [ 559192.8125, 2339026.5625 ], [ 559200.3125, 2339037.8125 ], [ 559208.75, 2339044.375 ], [ 559311.25, 2339095.625 ], [ 559319.6875, 2339098.4375 ], [ 559326.09375, 2339099.53125 ], [ 559340.3125, 2339100.3125 ], [ 559348.75, 2339103.125 ], [ 559352.8125, 2339106.5625 ], [ 559358.59375, 2339115.78125 ], [ 559364.21875, 2339121.40625 ], [ 559368.75, 2339124.375 ], [ 559391.25, 2339135.625 ], [ 559396.71875, 2339137.65625 ], [ 559406.09375, 2339139.53125 ], [ 559450.46875, 2339140.15625 ], [ 559460.3125, 2339141.5625 ], [ 559468.75, 2339144.375 ], [ 559491.25, 2339155.625 ], [ 559495.78125, 2339158.59375 ], [ 559501.40625, 2339164.21875 ], [ 559507.1875, 2339173.4375 ], [ 559511.25, 2339176.875 ], [ 559516.5625, 2339179.0625 ], [ 559530.3125, 2339180.3125 ], [ 559536.25, 2339181.875 ], [ 559540.9375, 2339184.6875 ], [ 559547.1875, 2339193.4375 ], [ 559551.25, 2339196.875 ], [ 559556.5625, 2339199.0625 ], [ 559570.3125, 2339200.3125 ], [ 559578.75, 2339203.125 ], [ 559584.375, 2339208.75 ], [ 559595.625, 2339231.25 ], [ 559599.0625, 2339235.3125 ], [ 559603.75, 2339238.125 ], [ 559613.125, 2339240.0 ], [ 559710.46875, 2339240.15625 ], [ 559720.3125, 2339241.5625 ], [ 559728.75, 2339244.375 ], [ 559733.4375, 2339247.1875 ], [ 559738.125, 2339253.75 ], [ 559739.6875, 2339259.6875 ], [ 559740.9375, 2339277.1875 ], [ 559742.34375, 2339283.28125 ], [ 559745.625, 2339291.25 ], [ 559749.0625, 2339295.3125 ], [ 559756.5625, 2339299.0625 ], [ 559763.125, 2339300.0 ], [ 559950.3125, 2339300.3125 ], [ 559958.75, 2339303.125 ], [ 559962.8125, 2339306.5625 ], [ 559969.0625, 2339315.3125 ], [ 559976.5625, 2339319.0625 ], [ 559983.125, 2339320.0 ], [ 560050.3125, 2339320.3125 ], [ 560056.25, 2339321.875 ], [ 560060.9375, 2339324.6875 ], [ 560067.1875, 2339333.4375 ], [ 560071.25, 2339336.875 ], [ 560076.5625, 2339339.0625 ], [ 560083.125, 2339340.0 ], [ 560330.46875, 2339340.15625 ], [ 560337.1875, 2339340.9375 ], [ 560346.09375, 2339343.28125 ], [ 560373.90625, 2339356.71875 ], [ 560386.09375, 2339359.53125 ], [ 560520.3125, 2339360.3125 ], [ 560528.75, 2339363.125 ], [ 560532.8125, 2339366.5625 ], [ 560539.0625, 2339375.3125 ], [ 560546.5625, 2339379.0625 ], [ 560553.125, 2339380.0 ], [ 560620.3125, 2339380.3125 ], [ 560626.25, 2339381.875 ], [ 560630.9375, 2339384.6875 ], [ 560637.1875, 2339393.4375 ], [ 560641.25, 2339396.875 ], [ 560646.5625, 2339399.0625 ], [ 560653.125, 2339400.0 ], [ 560810.46875, 2339399.84375 ], [ 560817.1875, 2339399.0625 ], [ 560826.09375, 2339396.71875 ], [ 560856.71875, 2339382.34375 ], [ 560869.53125, 2339380.15625 ], [ 560880.3125, 2339380.3125 ], [ 560888.75, 2339383.125 ], [ 560892.8125, 2339386.5625 ], [ 560899.0625, 2339395.3125 ], [ 560906.5625, 2339399.0625 ], [ 560913.125, 2339400.0 ], [ 560946.875, 2339400.0 ], [ 560957.1875, 2339400.9375 ], [ 560966.09375, 2339403.28125 ], [ 560991.25, 2339415.625 ], [ 560999.6875, 2339418.4375 ], [ 561009.53125, 2339419.84375 ], [ 561046.875, 2339420.0 ], [ 561053.4375, 2339420.9375 ], [ 561060.9375, 2339424.6875 ], [ 561067.1875, 2339433.4375 ], [ 561071.25, 2339436.875 ], [ 561076.5625, 2339439.0625 ], [ 561083.125, 2339440.0 ], [ 561270.3125, 2339439.6875 ], [ 561278.75, 2339436.875 ], [ 561282.8125, 2339433.4375 ], [ 561289.0625, 2339424.6875 ], [ 561296.5625, 2339420.9375 ], [ 561303.125, 2339420.0 ], [ 561336.875, 2339420.0 ], [ 561346.25, 2339418.125 ], [ 561352.8125, 2339413.4375 ], [ 561359.0625, 2339404.6875 ], [ 561366.5625, 2339400.9375 ], [ 561373.125, 2339400.0 ], [ 561436.875, 2339400.0 ], [ 561443.4375, 2339400.9375 ], [ 561448.75, 2339403.125 ], [ 561452.8125, 2339406.5625 ], [ 561459.0625, 2339415.3125 ], [ 561463.75, 2339418.125 ], [ 561469.6875, 2339419.6875 ], [ 561626.875, 2339420.0 ], [ 561640.3125, 2339421.5625 ], [ 561648.75, 2339424.375 ], [ 561673.59375, 2339437.03125 ], [ 561679.6875, 2339442.1875 ], [ 561687.1875, 2339453.4375 ], [ 561691.25, 2339456.875 ], [ 561696.5625, 2339459.0625 ], [ 561710.3125, 2339460.3125 ], [ 561716.25, 2339461.875 ], [ 561722.8125, 2339466.5625 ], [ 561729.0625, 2339475.3125 ], [ 561733.75, 2339478.125 ], [ 561739.6875, 2339479.6875 ], [ 561896.875, 2339480.0 ], [ 561903.4375, 2339479.0625 ], [ 561908.75, 2339476.875 ], [ 561912.8125, 2339473.4375 ], [ 561919.0625, 2339464.6875 ], [ 561923.75, 2339461.875 ], [ 561929.6875, 2339460.3125 ], [ 562026.875, 2339460.0 ], [ 562033.4375, 2339460.9375 ], [ 562038.75, 2339463.125 ], [ 562042.8125, 2339466.5625 ], [ 562049.0625, 2339475.3125 ], [ 562053.75, 2339478.125 ], [ 562059.6875, 2339479.6875 ], [ 562156.875, 2339480.0 ], [ 562163.4375, 2339480.9375 ], [ 562170.9375, 2339484.6875 ], [ 562177.1875, 2339493.4375 ], [ 562183.75, 2339498.125 ], [ 562189.6875, 2339499.6875 ], [ 562200.3125, 2339500.3125 ], [ 562208.75, 2339503.125 ], [ 562212.8125, 2339506.5625 ], [ 562217.1875, 2339513.4375 ], [ 562223.75, 2339518.125 ], [ 562233.125, 2339520.0 ], [ 562266.875, 2339520.0 ], [ 562280.3125, 2339521.5625 ], [ 562288.75, 2339524.375 ], [ 562311.25, 2339535.625 ], [ 562322.8125, 2339539.0625 ], [ 562333.125, 2339540.0 ], [ 562366.875, 2339540.0 ], [ 562377.1875, 2339539.0625 ], [ 562388.75, 2339535.625 ], [ 562411.25, 2339524.375 ], [ 562416.71875, 2339522.34375 ], [ 562429.53125, 2339520.15625 ], [ 562436.875, 2339520.0 ], [ 562443.4375, 2339520.9375 ], [ 562450.9375, 2339524.6875 ], [ 562457.1875, 2339533.4375 ], [ 562463.75, 2339538.125 ], [ 562469.6875, 2339539.6875 ], [ 562480.3125, 2339540.3125 ], [ 562488.75, 2339543.125 ], [ 562492.8125, 2339546.5625 ], [ 562497.1875, 2339553.4375 ], [ 562503.75, 2339558.125 ], [ 562513.125, 2339560.0 ], [ 562546.875, 2339560.0 ], [ 562553.4375, 2339560.9375 ], [ 562558.75, 2339563.125 ], [ 562564.375, 2339568.75 ], [ 562575.625, 2339591.25 ], [ 562579.0625, 2339595.3125 ], [ 562586.5625, 2339599.0625 ], [ 562600.3125, 2339600.3125 ], [ 562608.75, 2339603.125 ], [ 562612.8125, 2339606.5625 ], [ 562617.1875, 2339613.4375 ], [ 562623.75, 2339618.125 ], [ 562629.6875, 2339619.6875 ], [ 562640.3125, 2339620.3125 ], [ 562648.75, 2339623.125 ], [ 562652.8125, 2339626.5625 ], [ 562657.1875, 2339633.4375 ], [ 562663.75, 2339638.125 ], [ 562669.6875, 2339639.6875 ], [ 562680.3125, 2339640.3125 ], [ 562688.75, 2339643.125 ], [ 562694.375, 2339648.75 ], [ 562705.625, 2339671.25 ], [ 562709.0625, 2339675.3125 ], [ 562716.5625, 2339679.0625 ], [ 562730.3125, 2339680.3125 ], [ 562738.75, 2339683.125 ], [ 562744.375, 2339688.75 ], [ 562755.625, 2339711.25 ], [ 562759.0625, 2339715.3125 ], [ 562766.5625, 2339719.0625 ], [ 562780.3125, 2339720.3125 ], [ 562788.75, 2339723.125 ], [ 562792.8125, 2339726.5625 ], [ 562797.1875, 2339733.4375 ], [ 562803.75, 2339738.125 ], [ 562813.125, 2339740.0 ], [ 562910.46875, 2339740.15625 ], [ 562920.3125, 2339741.5625 ], [ 562931.25, 2339745.625 ], [ 562935.3125, 2339749.0625 ], [ 562938.125, 2339753.75 ], [ 562939.6875, 2339759.6875 ], [ 562940.9375, 2339773.4375 ], [ 562944.6875, 2339780.9375 ], [ 562948.75, 2339784.375 ], [ 562971.25, 2339795.625 ], [ 562975.3125, 2339799.0625 ], [ 562979.0625, 2339806.5625 ], [ 562980.3125, 2339820.3125 ], [ 562983.125, 2339828.75 ], [ 562986.5625, 2339832.8125 ], [ 562997.8125, 2339840.3125 ], [ 563001.40625, 2339844.21875 ], [ 563007.1875, 2339853.4375 ], [ 563013.75, 2339858.125 ], [ 563023.125, 2339860.0 ], [ 563090.15625, 2339859.53125 ], [ 563092.96875, 2339858.59375 ], [ 563097.1875, 2339855.3125 ], [ 563099.53125, 2339850.15625 ], [ 563100.3125, 2339839.6875 ], [ 563101.875, 2339833.75 ], [ 563104.6875, 2339829.0625 ], [ 563111.25, 2339824.375 ], [ 563119.6875, 2339821.5625 ], [ 563129.53125, 2339820.15625 ], [ 563166.875, 2339820.0 ], [ 563172.96875, 2339821.40625 ], [ 563177.1875, 2339824.6875 ], [ 563178.59375, 2339827.03125 ], [ 563180.0, 2339833.125 ], [ 563180.0, 2339926.875 ], [ 563181.40625, 2339932.96875 ], [ 563182.8125, 2339935.3125 ], [ 563187.03125, 2339938.59375 ], [ 563193.125, 2339940.0 ], [ 563346.875, 2339940.0 ], [ 563353.4375, 2339939.0625 ], [ 563358.75, 2339936.875 ], [ 563362.8125, 2339933.4375 ], [ 563369.0625, 2339924.6875 ], [ 563373.75, 2339921.875 ], [ 563379.6875, 2339920.3125 ], [ 563446.875, 2339920.0 ], [ 563452.96875, 2339921.40625 ], [ 563457.1875, 2339924.6875 ], [ 563459.53125, 2339929.84375 ], [ 563460.0, 2339966.875 ], [ 563459.0625, 2339973.4375 ], [ 563456.875, 2339978.75 ], [ 563453.4375, 2339982.8125 ], [ 563444.6875, 2339989.0625 ], [ 563441.875, 2339993.75 ], [ 563440.3125, 2339999.6875 ], [ 563440.0, 2340066.875 ], [ 563441.875, 2340076.25 ], [ 563444.6875, 2340080.9375 ], [ 563448.75, 2340084.375 ], [ 563473.90625, 2340096.71875 ], [ 563486.09375, 2340099.53125 ], [ 563500.3125, 2340100.3125 ], [ 563508.75, 2340103.125 ], [ 563512.8125, 2340106.5625 ], [ 563519.0625, 2340115.3125 ], [ 563526.5625, 2340119.0625 ], [ 563533.125, 2340120.0 ], [ 563600.3125, 2340119.6875 ], [ 563608.75, 2340116.875 ], [ 563612.8125, 2340113.4375 ], [ 563619.0625, 2340104.6875 ], [ 563626.5625, 2340100.9375 ], [ 563633.125, 2340100.0 ], [ 563666.875, 2340100.0 ], [ 563673.4375, 2340099.0625 ], [ 563678.75, 2340096.875 ], [ 563684.375, 2340091.25 ], [ 563695.625, 2340068.75 ], [ 563698.59375, 2340064.21875 ], [ 563704.21875, 2340058.59375 ], [ 563713.4375, 2340052.8125 ], [ 563716.875, 2340048.75 ], [ 563719.6875, 2340040.3125 ], [ 563720.46875, 2340026.09375 ], [ 563723.28125, 2340013.90625 ], [ 563747.1875, 2339966.5625 ], [ 563753.75, 2339961.875 ], [ 563763.125, 2339960.0 ], [ 563796.875, 2339960.0 ], [ 563806.25, 2339961.875 ], [ 563812.8125, 2339966.5625 ], [ 563817.03125, 2339973.59375 ], [ 563822.1875, 2339979.6875 ], [ 563833.4375, 2339987.1875 ], [ 563836.875, 2339991.25 ], [ 563839.6875, 2339999.6875 ], [ 563840.46875, 2340013.90625 ], [ 563842.34375, 2340023.28125 ], [ 563857.65625, 2340056.71875 ], [ 563859.0625, 2340062.8125 ], [ 563860.0, 2340073.125 ], [ 563860.46875, 2340173.90625 ], [ 563862.34375, 2340183.28125 ], [ 563865.625, 2340191.25 ], [ 563869.0625, 2340195.3125 ], [ 563876.5625, 2340199.0625 ], [ 563883.125, 2340200.0 ], [ 563950.46875, 2340199.84375 ], [ 563960.3125, 2340198.4375 ], [ 563971.25, 2340194.375 ], [ 563975.3125, 2340190.9375 ], [ 563978.125, 2340186.25 ], [ 563979.6875, 2340180.3125 ], [ 563980.46875, 2340169.84375 ], [ 563981.40625, 2340167.03125 ], [ 563984.6875, 2340162.8125 ], [ 563989.84375, 2340160.46875 ], [ 564003.4375, 2340159.0625 ], [ 564008.75, 2340156.875 ], [ 564012.8125, 2340153.4375 ], [ 564015.625, 2340148.75 ], [ 564018.4375, 2340140.3125 ], [ 564019.53125, 2340133.90625 ], [ 564020.3125, 2340119.6875 ], [ 564023.125, 2340111.25 ], [ 564028.75, 2340105.625 ], [ 564039.6875, 2340101.5625 ], [ 564053.125, 2340100.0 ], [ 564086.875, 2340100.0 ], [ 564097.1875, 2340100.9375 ], [ 564108.75, 2340104.375 ], [ 564133.90625, 2340116.71875 ], [ 564139.6875, 2340118.4375 ], [ 564149.53125, 2340119.84375 ], [ 564190.46875, 2340119.84375 ], [ 564200.3125, 2340118.4375 ], [ 564211.25, 2340114.375 ], [ 564215.3125, 2340110.9375 ], [ 564218.125, 2340106.25 ], [ 564219.6875, 2340100.3125 ], [ 564220.3125, 2340089.6875 ], [ 564223.125, 2340081.25 ], [ 564226.5625, 2340077.1875 ], [ 564233.4375, 2340072.8125 ], [ 564238.125, 2340066.25 ], [ 564239.6875, 2340060.3125 ], [ 564240.15625, 2340049.53125 ], [ 564241.5625, 2340039.6875 ], [ 564244.375, 2340031.25 ], [ 564247.1875, 2340026.5625 ], [ 564251.25, 2340023.125 ], [ 564256.5625, 2340020.9375 ], [ 564280.3125, 2340018.4375 ], [ 564288.75, 2340015.625 ], [ 564293.4375, 2340012.8125 ], [ 564296.875, 2340008.75 ], [ 564299.0625, 2340003.4375 ], [ 564300.9375, 2339982.8125 ], [ 564302.34375, 2339976.71875 ], [ 564305.625, 2339968.75 ], [ 564309.0625, 2339964.6875 ], [ 564313.75, 2339961.875 ], [ 564319.6875, 2339960.3125 ], [ 564330.15625, 2339959.53125 ], [ 564332.96875, 2339958.59375 ], [ 564337.1875, 2339955.3125 ], [ 564339.53125, 2339950.15625 ], [ 564340.3125, 2339939.6875 ], [ 564343.125, 2339931.25 ], [ 564346.5625, 2339927.1875 ], [ 564353.59375, 2339922.96875 ], [ 564359.6875, 2339917.8125 ], [ 564369.0625, 2339904.6875 ], [ 564373.75, 2339901.875 ], [ 564383.125, 2339900.0 ], [ 564446.875, 2339900.0 ], [ 564453.4375, 2339900.9375 ], [ 564458.75, 2339903.125 ], [ 564462.8125, 2339906.5625 ], [ 564475.625, 2339931.25 ], [ 564479.0625, 2339935.3125 ], [ 564486.5625, 2339939.0625 ], [ 564500.3125, 2339940.3125 ], [ 564508.75, 2339943.125 ], [ 564512.8125, 2339946.5625 ], [ 564520.3125, 2339957.8125 ], [ 564524.21875, 2339961.40625 ], [ 564533.4375, 2339967.1875 ], [ 564536.875, 2339971.25 ], [ 564539.0625, 2339976.5625 ], [ 564540.0, 2339983.125 ], [ 564540.0, 2340046.875 ], [ 564539.0625, 2340057.1875 ], [ 564535.625, 2340068.75 ], [ 564524.375, 2340091.25 ], [ 564520.9375, 2340095.3125 ], [ 564516.25, 2340098.125 ], [ 564506.875, 2340100.0 ], [ 564409.53125, 2340100.15625 ], [ 564402.8125, 2340100.9375 ], [ 564393.90625, 2340103.28125 ], [ 564388.75, 2340105.625 ], [ 564384.6875, 2340109.0625 ], [ 564381.875, 2340113.75 ], [ 564380.0, 2340123.125 ], [ 564380.46875, 2340193.90625 ], [ 564381.5625, 2340200.3125 ], [ 564384.375, 2340208.75 ], [ 564395.625, 2340231.25 ], [ 564401.25, 2340236.875 ], [ 564409.6875, 2340239.6875 ], [ 564446.875, 2340240.0 ], [ 564456.25, 2340241.875 ], [ 564462.8125, 2340246.5625 ], [ 564475.625, 2340271.25 ], [ 564481.25, 2340276.875 ], [ 564486.5625, 2340279.0625 ], [ 564500.3125, 2340280.3125 ], [ 564506.25, 2340281.875 ], [ 564510.9375, 2340284.6875 ], [ 564517.1875, 2340293.4375 ], [ 564521.25, 2340296.875 ], [ 564529.6875, 2340299.6875 ], [ 564543.4375, 2340300.9375 ], [ 564550.9375, 2340304.6875 ], [ 564554.375, 2340308.75 ], [ 564565.625, 2340331.25 ], [ 564571.25, 2340336.875 ], [ 564576.5625, 2340339.0625 ], [ 564583.125, 2340340.0 ], [ 564616.875, 2340340.0 ], [ 564623.4375, 2340340.9375 ], [ 564630.9375, 2340344.6875 ], [ 564639.0625, 2340355.3125 ], [ 564643.75, 2340358.125 ], [ 564649.6875, 2340359.6875 ], [ 564780.3125, 2340359.6875 ], [ 564786.25, 2340358.125 ], [ 564790.9375, 2340355.3125 ], [ 564797.1875, 2340346.5625 ], [ 564801.25, 2340343.125 ], [ 564806.5625, 2340340.9375 ], [ 564813.125, 2340340.0 ], [ 564936.875, 2340340.0 ], [ 564946.25, 2340341.875 ], [ 564950.9375, 2340344.6875 ], [ 564954.375, 2340348.75 ], [ 564995.625, 2340431.25 ], [ 565000.3125, 2340437.8125 ], [ 565008.75, 2340444.375 ], [ 565031.25, 2340455.625 ], [ 565035.78125, 2340458.59375 ], [ 565041.40625, 2340464.21875 ], [ 565047.1875, 2340473.4375 ], [ 565051.25, 2340476.875 ], [ 565056.5625, 2340479.0625 ], [ 565070.3125, 2340480.3125 ], [ 565076.25, 2340481.875 ], [ 565082.8125, 2340486.5625 ], [ 565089.0625, 2340495.3125 ], [ 565096.5625, 2340499.0625 ], [ 565103.125, 2340500.0 ], [ 565286.875, 2340500.0 ], [ 565293.4375, 2340499.0625 ], [ 565300.9375, 2340495.3125 ], [ 565307.1875, 2340486.5625 ], [ 565311.25, 2340483.125 ], [ 565316.5625, 2340480.9375 ], [ 565330.3125, 2340479.6875 ], [ 565336.25, 2340478.125 ], [ 565340.9375, 2340475.3125 ], [ 565347.1875, 2340466.5625 ], [ 565353.75, 2340461.875 ], [ 565359.6875, 2340460.3125 ], [ 565377.1875, 2340459.0625 ], [ 565388.75, 2340455.625 ], [ 565453.59375, 2340422.96875 ], [ 565459.6875, 2340417.8125 ], [ 565467.1875, 2340406.5625 ], [ 565471.25, 2340403.125 ], [ 565479.6875, 2340400.3125 ], [ 565493.4375, 2340399.0625 ], [ 565500.9375, 2340395.3125 ], [ 565504.375, 2340391.25 ], [ 565515.625, 2340368.75 ], [ 565520.3125, 2340362.1875 ], [ 565526.40625, 2340357.03125 ], [ 565551.25, 2340344.375 ], [ 565555.3125, 2340340.9375 ], [ 565559.0625, 2340333.4375 ], [ 565560.3125, 2340319.6875 ], [ 565563.125, 2340311.25 ], [ 565566.5625, 2340307.1875 ], [ 565573.59375, 2340302.96875 ], [ 565579.6875, 2340297.8125 ], [ 565584.375, 2340291.25 ], [ 565595.625, 2340268.75 ], [ 565598.59375, 2340264.21875 ], [ 565604.21875, 2340258.59375 ], [ 565613.4375, 2340252.8125 ], [ 565616.875, 2340248.75 ], [ 565619.6875, 2340240.3125 ], [ 565620.46875, 2340226.09375 ], [ 565622.34375, 2340216.71875 ], [ 565637.65625, 2340183.28125 ], [ 565639.53125, 2340173.90625 ], [ 565640.3125, 2340159.6875 ], [ 565643.125, 2340151.25 ], [ 565648.75, 2340145.625 ], [ 565691.25, 2340124.375 ], [ 565695.3125, 2340120.9375 ], [ 565699.0625, 2340113.4375 ], [ 565700.3125, 2340099.6875 ], [ 565703.125, 2340091.25 ], [ 565706.5625, 2340087.1875 ], [ 565715.78125, 2340081.40625 ], [ 565721.40625, 2340075.78125 ], [ 565724.375, 2340071.25 ], [ 565735.625, 2340048.75 ], [ 565740.3125, 2340042.1875 ], [ 565748.75, 2340035.625 ], [ 565771.25, 2340024.375 ], [ 565775.78125, 2340021.40625 ], [ 565781.40625, 2340015.78125 ], [ 565787.1875, 2340006.5625 ], [ 565791.25, 2340003.125 ], [ 565799.6875, 2340000.3125 ], [ 565813.4375, 2339999.0625 ], [ 565820.9375, 2339995.3125 ], [ 565824.375, 2339991.25 ], [ 565837.03125, 2339966.40625 ], [ 565844.21875, 2339958.59375 ], [ 565848.75, 2339955.625 ], [ 565913.59375, 2339922.96875 ], [ 565919.6875, 2339917.8125 ], [ 565927.1875, 2339906.5625 ], [ 565931.25, 2339903.125 ], [ 565936.5625, 2339900.9375 ], [ 565950.3125, 2339899.6875 ], [ 565956.25, 2339898.125 ], [ 565960.9375, 2339895.3125 ], [ 565967.1875, 2339886.5625 ], [ 565973.75, 2339881.875 ], [ 565979.6875, 2339880.3125 ], [ 565990.46875, 2339879.84375 ], [ 566000.3125, 2339878.4375 ], [ 566008.75, 2339875.625 ], [ 566015.3125, 2339870.9375 ], [ 566018.125, 2339866.25 ], [ 566020.0, 2339856.875 ], [ 566019.84375, 2339729.53125 ], [ 566019.0625, 2339722.8125 ], [ 566016.71875, 2339713.90625 ], [ 566002.34375, 2339683.28125 ], [ 566000.46875, 2339673.90625 ], [ 566000.0, 2339663.125 ], [ 566000.9375, 2339656.5625 ], [ 566003.125, 2339651.25 ], [ 566006.5625, 2339647.1875 ], [ 566013.4375, 2339642.8125 ], [ 566018.125, 2339636.25 ], [ 566019.6875, 2339630.3125 ], [ 566020.3125, 2339619.6875 ], [ 566023.125, 2339611.25 ], [ 566028.75, 2339605.625 ], [ 566073.90625, 2339583.28125 ], [ 566082.8125, 2339580.9375 ], [ 566100.3125, 2339579.6875 ], [ 566106.25, 2339578.125 ], [ 566112.8125, 2339573.4375 ], [ 566119.0625, 2339564.6875 ], [ 566126.5625, 2339560.9375 ], [ 566133.125, 2339560.0 ], [ 566226.875, 2339560.0 ], [ 566232.96875, 2339558.59375 ], [ 566237.1875, 2339555.3125 ], [ 566238.59375, 2339552.96875 ], [ 566240.0, 2339546.875 ], [ 566240.0, 2339513.125 ], [ 566241.40625, 2339507.03125 ], [ 566242.8125, 2339504.6875 ], [ 566247.03125, 2339501.40625 ], [ 566249.84375, 2339500.46875 ], [ 566263.4375, 2339499.0625 ], [ 566268.75, 2339496.875 ], [ 566272.8125, 2339493.4375 ], [ 566275.625, 2339488.75 ], [ 566278.4375, 2339480.3125 ], [ 566279.53125, 2339473.90625 ], [ 566280.3125, 2339459.6875 ], [ 566281.875, 2339453.75 ], [ 566284.6875, 2339449.0625 ], [ 566293.4375, 2339442.8125 ], [ 566296.875, 2339438.75 ], [ 566299.0625, 2339433.4375 ], [ 566300.0, 2339426.875 ], [ 566299.6875, 2339329.6875 ], [ 566298.125, 2339323.75 ], [ 566295.3125, 2339319.0625 ], [ 566286.5625, 2339312.8125 ], [ 566281.875, 2339306.25 ], [ 566280.3125, 2339300.3125 ], [ 566279.6875, 2339289.6875 ], [ 566276.875, 2339281.25 ], [ 566273.4375, 2339277.1875 ], [ 566264.6875, 2339270.9375 ], [ 566260.9375, 2339263.4375 ], [ 566260.0, 2339256.875 ], [ 566260.0, 2339193.125 ], [ 566261.40625, 2339187.03125 ], [ 566262.8125, 2339184.6875 ], [ 566267.03125, 2339181.40625 ], [ 566269.84375, 2339180.46875 ], [ 566283.4375, 2339179.0625 ], [ 566288.75, 2339176.875 ], [ 566292.8125, 2339173.4375 ], [ 566299.0625, 2339164.6875 ], [ 566303.75, 2339161.875 ], [ 566309.6875, 2339160.3125 ], [ 566406.875, 2339160.0 ], [ 566417.1875, 2339159.0625 ], [ 566426.09375, 2339156.71875 ], [ 566451.25, 2339144.375 ], [ 566457.8125, 2339139.6875 ], [ 566464.375, 2339131.25 ], [ 566475.625, 2339108.75 ], [ 566478.59375, 2339104.21875 ], [ 566484.21875, 2339098.59375 ], [ 566491.25, 2339094.375 ], [ 566495.3125, 2339090.9375 ], [ 566499.0625, 2339083.4375 ], [ 566500.3125, 2339069.6875 ], [ 566501.875, 2339063.75 ], [ 566504.6875, 2339059.0625 ], [ 566513.4375, 2339052.8125 ], [ 566516.875, 2339048.75 ], [ 566519.0625, 2339043.4375 ], [ 566520.3125, 2339029.6875 ], [ 566521.875, 2339023.75 ], [ 566524.6875, 2339019.0625 ], [ 566533.4375, 2339012.8125 ], [ 566536.875, 2339008.75 ], [ 566539.0625, 2339003.4375 ], [ 566540.3125, 2338989.6875 ], [ 566541.875, 2338983.75 ], [ 566544.6875, 2338979.0625 ], [ 566553.4375, 2338972.8125 ], [ 566556.875, 2338968.75 ], [ 566559.0625, 2338963.4375 ], [ 566560.3125, 2338949.6875 ], [ 566561.875, 2338943.75 ], [ 566564.6875, 2338939.0625 ], [ 566573.4375, 2338932.8125 ], [ 566576.875, 2338928.75 ], [ 566579.0625, 2338923.4375 ], [ 566580.3125, 2338909.6875 ], [ 566581.875, 2338903.75 ], [ 566584.6875, 2338899.0625 ], [ 566593.4375, 2338892.8125 ], [ 566596.875, 2338888.75 ], [ 566599.0625, 2338883.4375 ], [ 566600.3125, 2338869.6875 ], [ 566601.875, 2338863.75 ], [ 566606.5625, 2338857.1875 ], [ 566615.3125, 2338850.9375 ], [ 566619.0625, 2338843.4375 ], [ 566620.0, 2338836.875 ], [ 566620.15625, 2338709.53125 ], [ 566622.34375, 2338696.71875 ], [ 566624.375, 2338691.25 ], [ 566627.1875, 2338686.5625 ], [ 566631.25, 2338683.125 ], [ 566636.5625, 2338680.9375 ], [ 566653.90625, 2338679.53125 ], [ 566666.09375, 2338676.71875 ], [ 566733.90625, 2338643.28125 ], [ 566746.09375, 2338640.46875 ], [ 566760.3125, 2338639.6875 ], [ 566768.75, 2338636.875 ], [ 566772.8125, 2338633.4375 ], [ 566777.03125, 2338626.40625 ], [ 566782.1875, 2338620.3125 ], [ 566788.75, 2338615.625 ], [ 566811.25, 2338604.375 ], [ 566815.78125, 2338601.40625 ], [ 566821.40625, 2338595.78125 ], [ 566827.1875, 2338586.5625 ], [ 566833.75, 2338581.875 ], [ 566843.125, 2338580.0 ], [ 566936.875, 2338580.0 ], [ 566946.25, 2338578.125 ], [ 566950.9375, 2338575.3125 ], [ 566957.1875, 2338566.5625 ], [ 566961.25, 2338563.125 ], [ 566966.5625, 2338560.9375 ], [ 566980.3125, 2338559.6875 ], [ 566986.25, 2338558.125 ], [ 566990.9375, 2338555.3125 ], [ 566997.1875, 2338546.5625 ], [ 567001.25, 2338543.125 ], [ 567006.5625, 2338540.9375 ], [ 567020.3125, 2338539.6875 ], [ 567028.75, 2338536.875 ], [ 567032.8125, 2338533.4375 ], [ 567038.59375, 2338524.21875 ], [ 567044.21875, 2338518.59375 ], [ 567048.75, 2338515.625 ], [ 567071.25, 2338504.375 ], [ 567079.6875, 2338497.8125 ], [ 567084.375, 2338491.25 ], [ 567095.625, 2338468.75 ], [ 567098.59375, 2338464.21875 ], [ 567104.21875, 2338458.59375 ], [ 567113.4375, 2338452.8125 ], [ 567116.875, 2338448.75 ], [ 567119.0625, 2338443.4375 ], [ 567120.3125, 2338429.6875 ], [ 567121.875, 2338423.75 ], [ 567124.6875, 2338419.0625 ], [ 567133.4375, 2338412.8125 ], [ 567136.875, 2338408.75 ], [ 567139.6875, 2338400.3125 ], [ 567140.46875, 2338389.84375 ], [ 567142.8125, 2338384.6875 ], [ 567144.6875, 2338382.8125 ], [ 567149.84375, 2338380.46875 ], [ 567160.3125, 2338379.6875 ], [ 567168.75, 2338376.875 ], [ 567172.8125, 2338373.4375 ], [ 567177.03125, 2338366.40625 ], [ 567182.1875, 2338360.3125 ], [ 567195.3125, 2338350.9375 ], [ 567199.0625, 2338343.4375 ], [ 567200.9375, 2338326.5625 ], [ 567204.6875, 2338319.0625 ], [ 567208.75, 2338315.625 ], [ 567233.59375, 2338302.96875 ], [ 567239.6875, 2338297.8125 ], [ 567244.375, 2338291.25 ], [ 567255.625, 2338268.75 ], [ 567257.65625, 2338263.28125 ], [ 567259.53125, 2338253.90625 ], [ 567260.9375, 2338236.5625 ], [ 567264.6875, 2338229.0625 ], [ 567268.75, 2338225.625 ], [ 567293.4375, 2338212.8125 ], [ 567298.125, 2338206.25 ], [ 567299.6875, 2338200.3125 ], [ 567300.9375, 2338186.5625 ], [ 567304.6875, 2338179.0625 ], [ 567308.75, 2338175.625 ], [ 567331.25, 2338164.375 ], [ 567336.875, 2338158.75 ], [ 567339.6875, 2338150.3125 ], [ 567340.0, 2338113.125 ], [ 567340.46875, 2338109.84375 ], [ 567342.8125, 2338104.6875 ], [ 567344.6875, 2338102.8125 ], [ 567349.84375, 2338100.46875 ], [ 567360.3125, 2338099.6875 ], [ 567368.75, 2338096.875 ], [ 567372.8125, 2338093.4375 ], [ 567378.59375, 2338084.21875 ], [ 567384.21875, 2338078.59375 ], [ 567388.75, 2338075.625 ], [ 567411.25, 2338064.375 ], [ 567416.875, 2338058.75 ], [ 567419.0625, 2338053.4375 ], [ 567420.3125, 2338039.6875 ], [ 567423.125, 2338031.25 ], [ 567426.5625, 2338027.1875 ], [ 567437.8125, 2338019.6875 ], [ 567442.96875, 2338013.59375 ], [ 567495.625, 2337908.75 ], [ 567502.1875, 2337900.3125 ], [ 567513.4375, 2337892.8125 ], [ 567516.875, 2337888.75 ], [ 567519.0625, 2337883.4375 ], [ 567520.3125, 2337869.6875 ], [ 567521.875, 2337863.75 ], [ 567524.6875, 2337859.0625 ], [ 567533.4375, 2337852.8125 ], [ 567536.875, 2337848.75 ], [ 567539.0625, 2337843.4375 ], [ 567540.3125, 2337829.6875 ], [ 567541.875, 2337823.75 ], [ 567544.6875, 2337819.0625 ], [ 567553.4375, 2337812.8125 ], [ 567558.125, 2337806.25 ], [ 567559.6875, 2337800.3125 ], [ 567560.46875, 2337786.09375 ], [ 567562.34375, 2337776.71875 ], [ 567564.375, 2337771.25 ], [ 567575.625, 2337748.75 ], [ 567578.59375, 2337744.21875 ], [ 567586.40625, 2337737.03125 ], [ 567611.25, 2337724.375 ], [ 567617.8125, 2337719.6875 ], [ 567622.96875, 2337713.59375 ], [ 567635.625, 2337688.75 ], [ 567640.3125, 2337682.1875 ], [ 567646.40625, 2337677.03125 ], [ 567671.25, 2337664.375 ], [ 567677.8125, 2337659.6875 ], [ 567682.96875, 2337653.59375 ], [ 567695.625, 2337628.75 ], [ 567700.3125, 2337622.1875 ], [ 567706.40625, 2337617.03125 ], [ 567731.25, 2337604.375 ], [ 567735.3125, 2337600.9375 ], [ 567739.0625, 2337593.4375 ], [ 567740.3125, 2337579.6875 ], [ 567743.125, 2337571.25 ], [ 567746.5625, 2337567.1875 ], [ 567753.4375, 2337562.8125 ], [ 567758.125, 2337556.25 ], [ 567759.6875, 2337550.3125 ], [ 567760.3125, 2337539.6875 ], [ 567763.125, 2337531.25 ], [ 567766.5625, 2337527.1875 ], [ 567775.78125, 2337521.40625 ], [ 567781.40625, 2337515.78125 ], [ 567784.375, 2337511.25 ], [ 567795.625, 2337488.75 ], [ 567802.1875, 2337480.3125 ], [ 567808.75, 2337475.625 ], [ 567831.25, 2337464.375 ], [ 567839.6875, 2337457.8125 ], [ 567844.375, 2337451.25 ], [ 567855.625, 2337428.75 ], [ 567862.1875, 2337420.3125 ], [ 567868.75, 2337415.625 ], [ 567971.25, 2337364.375 ], [ 567977.8125, 2337359.6875 ], [ 567982.96875, 2337353.59375 ], [ 567995.625, 2337328.75 ], [ 568000.3125, 2337322.1875 ], [ 568006.40625, 2337317.03125 ], [ 568031.25, 2337304.375 ], [ 568037.8125, 2337299.6875 ], [ 568042.96875, 2337293.59375 ], [ 568055.625, 2337268.75 ], [ 568060.3125, 2337262.1875 ], [ 568066.40625, 2337257.03125 ], [ 568091.25, 2337244.375 ], [ 568095.3125, 2337240.9375 ], [ 568099.0625, 2337233.4375 ], [ 568100.3125, 2337219.6875 ], [ 568101.875, 2337213.75 ], [ 568104.6875, 2337209.0625 ], [ 568108.75, 2337205.625 ], [ 568116.71875, 2337202.34375 ], [ 568129.53125, 2337200.15625 ], [ 568196.875, 2337200.0 ], [ 568203.4375, 2337199.0625 ], [ 568208.75, 2337196.875 ], [ 568212.8125, 2337193.4375 ], [ 568220.3125, 2337182.1875 ], [ 568226.40625, 2337177.03125 ], [ 568291.25, 2337144.375 ], [ 568295.78125, 2337141.40625 ], [ 568302.96875, 2337133.59375 ], [ 568315.625, 2337108.75 ], [ 568321.25, 2337103.125 ], [ 568326.5625, 2337100.9375 ], [ 568340.3125, 2337099.6875 ], [ 568348.75, 2337096.875 ], [ 568352.8125, 2337093.4375 ], [ 568358.59375, 2337084.21875 ], [ 568364.21875, 2337078.59375 ], [ 568368.75, 2337075.625 ], [ 568433.59375, 2337042.96875 ], [ 568439.6875, 2337037.8125 ], [ 568447.1875, 2337026.5625 ], [ 568451.25, 2337023.125 ], [ 568456.5625, 2337020.9375 ], [ 568477.1875, 2337019.0625 ], [ 568488.75, 2337015.625 ], [ 568511.25, 2337004.375 ], [ 568515.78125, 2337001.40625 ], [ 568521.40625, 2336995.78125 ], [ 568527.1875, 2336986.5625 ], [ 568531.25, 2336983.125 ], [ 568539.6875, 2336980.3125 ], [ 568553.4375, 2336979.0625 ], [ 568560.9375, 2336975.3125 ], [ 568564.375, 2336971.25 ], [ 568577.03125, 2336946.40625 ], [ 568582.1875, 2336940.3125 ], [ 568588.75, 2336935.625 ], [ 568611.25, 2336924.375 ], [ 568619.6875, 2336917.8125 ], [ 568624.375, 2336911.25 ], [ 568637.03125, 2336886.40625 ], [ 568644.21875, 2336878.59375 ], [ 568648.75, 2336875.625 ], [ 568713.59375, 2336842.96875 ], [ 568719.6875, 2336837.8125 ], [ 568727.1875, 2336826.5625 ], [ 568731.25, 2336823.125 ], [ 568736.5625, 2336820.9375 ], [ 568750.3125, 2336819.6875 ], [ 568756.25, 2336818.125 ], [ 568760.9375, 2336815.3125 ], [ 568767.1875, 2336806.5625 ], [ 568771.25, 2336803.125 ], [ 568779.6875, 2336800.3125 ], [ 568790.15625, 2336799.53125 ], [ 568795.3125, 2336797.1875 ], [ 568797.1875, 2336795.3125 ], [ 568799.53125, 2336790.15625 ], [ 568800.3125, 2336779.6875 ], [ 568801.875, 2336773.75 ], [ 568806.5625, 2336767.1875 ], [ 568811.25, 2336764.375 ], [ 568819.6875, 2336761.5625 ], [ 568826.09375, 2336760.46875 ], [ 568840.3125, 2336759.6875 ], [ 568848.75, 2336756.875 ], [ 568852.8125, 2336753.4375 ], [ 568860.3125, 2336742.1875 ], [ 568866.40625, 2336737.03125 ], [ 568913.4375, 2336712.8125 ], [ 568916.875, 2336708.75 ], [ 568919.0625, 2336703.4375 ], [ 568920.3125, 2336689.6875 ], [ 568921.875, 2336683.75 ], [ 568924.6875, 2336679.0625 ], [ 568928.75, 2336675.625 ], [ 568993.59375, 2336642.96875 ], [ 568999.6875, 2336637.8125 ], [ 569007.1875, 2336626.5625 ], [ 569011.25, 2336623.125 ], [ 569016.5625, 2336620.9375 ], [ 569030.3125, 2336619.6875 ], [ 569036.25, 2336618.125 ], [ 569040.9375, 2336615.3125 ], [ 569047.1875, 2336606.5625 ], [ 569051.25, 2336603.125 ], [ 569056.5625, 2336600.9375 ], [ 569070.3125, 2336599.6875 ], [ 569078.75, 2336596.875 ], [ 569082.8125, 2336593.4375 ], [ 569087.1875, 2336586.5625 ], [ 569093.75, 2336581.875 ], [ 569099.6875, 2336580.3125 ], [ 569113.90625, 2336579.53125 ], [ 569123.28125, 2336577.65625 ], [ 569128.75, 2336575.625 ], [ 569151.25, 2336564.375 ], [ 569162.8125, 2336560.9375 ], [ 569173.125, 2336560.0 ], [ 569206.875, 2336560.0 ], [ 569212.96875, 2336558.59375 ], [ 569215.3125, 2336557.1875 ], [ 569218.59375, 2336552.96875 ], [ 569219.53125, 2336550.15625 ], [ 569220.9375, 2336536.5625 ], [ 569223.125, 2336531.25 ], [ 569226.5625, 2336527.1875 ], [ 569233.4375, 2336522.8125 ], [ 569238.125, 2336516.25 ], [ 569239.6875, 2336510.3125 ], [ 569240.3125, 2336499.6875 ], [ 569243.125, 2336491.25 ], [ 569246.5625, 2336487.1875 ], [ 569253.59375, 2336482.96875 ], [ 569259.6875, 2336477.8125 ], [ 569269.0625, 2336464.6875 ], [ 569276.5625, 2336460.9375 ], [ 569290.3125, 2336459.6875 ], [ 569298.75, 2336456.875 ], [ 569302.8125, 2336453.4375 ], [ 569307.1875, 2336446.5625 ], [ 569313.75, 2336441.875 ], [ 569319.6875, 2336440.3125 ], [ 569330.3125, 2336439.6875 ], [ 569338.75, 2336436.875 ], [ 569342.8125, 2336433.4375 ], [ 569347.1875, 2336426.5625 ], [ 569353.75, 2336421.875 ], [ 569359.6875, 2336420.3125 ], [ 569370.3125, 2336419.6875 ], [ 569378.75, 2336416.875 ], [ 569382.8125, 2336413.4375 ], [ 569387.1875, 2336406.5625 ], [ 569393.75, 2336401.875 ], [ 569403.125, 2336400.0 ], [ 569466.875, 2336400.0 ], [ 569480.3125, 2336398.4375 ], [ 569488.75, 2336395.625 ], [ 569511.25, 2336384.375 ], [ 569516.71875, 2336382.34375 ], [ 569526.09375, 2336380.46875 ], [ 569540.3125, 2336379.6875 ], [ 569546.25, 2336378.125 ], [ 569552.8125, 2336373.4375 ], [ 569559.0625, 2336364.6875 ], [ 569566.5625, 2336360.9375 ], [ 569573.125, 2336360.0 ], [ 569606.875, 2336360.0 ], [ 569616.25, 2336358.125 ], [ 569620.9375, 2336355.3125 ], [ 569627.1875, 2336346.5625 ], [ 569631.25, 2336343.125 ], [ 569636.5625, 2336340.9375 ], [ 569650.3125, 2336339.6875 ], [ 569656.25, 2336338.125 ], [ 569662.8125, 2336333.4375 ], [ 569669.0625, 2336324.6875 ], [ 569676.5625, 2336320.9375 ], [ 569683.125, 2336320.0 ], [ 569750.3125, 2336319.6875 ], [ 569756.25, 2336318.125 ], [ 569760.9375, 2336315.3125 ], [ 569767.1875, 2336306.5625 ], [ 569773.75, 2336301.875 ], [ 569779.6875, 2336300.3125 ], [ 569790.46875, 2336300.15625 ], [ 569797.1875, 2336300.9375 ], [ 569806.09375, 2336303.28125 ], [ 569836.71875, 2336317.65625 ], [ 569846.09375, 2336319.53125 ], [ 569860.3125, 2336320.3125 ], [ 569866.25, 2336321.875 ], [ 569872.8125, 2336326.5625 ], [ 569879.0625, 2336335.3125 ], [ 569883.75, 2336338.125 ], [ 569889.6875, 2336339.6875 ], [ 570016.875, 2336340.0 ], [ 570026.25, 2336341.875 ], [ 570032.8125, 2336346.5625 ], [ 570045.625, 2336371.25 ], [ 570051.25, 2336376.875 ], [ 570056.5625, 2336379.0625 ], [ 570070.3125, 2336380.3125 ], [ 570076.25, 2336381.875 ], [ 570080.9375, 2336384.6875 ], [ 570087.1875, 2336393.4375 ], [ 570091.25, 2336396.875 ], [ 570099.6875, 2336399.6875 ], [ 570110.15625, 2336400.46875 ], [ 570112.96875, 2336401.40625 ], [ 570117.1875, 2336404.6875 ], [ 570118.59375, 2336407.03125 ], [ 570120.0, 2336413.125 ], [ 570120.46875, 2336450.15625 ], [ 570122.8125, 2336455.3125 ], [ 570127.03125, 2336458.59375 ], [ 570133.125, 2336460.0 ], [ 570226.875, 2336460.0 ], [ 570232.96875, 2336461.40625 ], [ 570237.1875, 2336464.6875 ], [ 570238.59375, 2336467.03125 ], [ 570240.0, 2336473.125 ], [ 570240.0, 2336536.875 ], [ 570240.9375, 2336543.4375 ], [ 570243.125, 2336548.75 ], [ 570248.75, 2336554.375 ], [ 570256.71875, 2336557.65625 ], [ 570266.09375, 2336559.53125 ], [ 570280.3125, 2336560.3125 ], [ 570288.75, 2336563.125 ], [ 570294.375, 2336568.75 ], [ 570298.4375, 2336579.6875 ], [ 570300.0, 2336593.125 ], [ 570300.0, 2336716.875 ], [ 570300.9375, 2336723.4375 ], [ 570303.125, 2336728.75 ], [ 570308.75, 2336734.375 ], [ 570313.90625, 2336736.71875 ], [ 570322.8125, 2336739.0625 ], [ 570333.125, 2336740.0 ], [ 570366.875, 2336740.0 ], [ 570373.4375, 2336740.9375 ], [ 570378.75, 2336743.125 ], [ 570384.375, 2336748.75 ], [ 570395.625, 2336771.25 ], [ 570402.1875, 2336779.6875 ], [ 570408.75, 2336784.375 ], [ 570433.59375, 2336797.03125 ], [ 570441.40625, 2336804.21875 ], [ 570444.375, 2336808.75 ], [ 570477.03125, 2336873.59375 ], [ 570484.21875, 2336881.40625 ], [ 570493.4375, 2336887.1875 ], [ 570498.125, 2336893.75 ], [ 570500.0, 2336903.125 ], [ 570500.0, 2336936.875 ], [ 570501.875, 2336946.25 ], [ 570504.6875, 2336950.9375 ], [ 570517.8125, 2336960.3125 ], [ 570524.375, 2336968.75 ], [ 570556.71875, 2337033.90625 ], [ 570559.0625, 2337042.8125 ], [ 570560.3125, 2337060.3125 ], [ 570561.875, 2337066.25 ], [ 570564.6875, 2337070.9375 ], [ 570573.4375, 2337077.1875 ], [ 570578.125, 2337083.75 ], [ 570579.6875, 2337089.6875 ], [ 570580.3125, 2337100.3125 ], [ 570583.125, 2337108.75 ], [ 570586.5625, 2337112.8125 ], [ 570593.59375, 2337117.03125 ], [ 570599.6875, 2337122.1875 ], [ 570609.0625, 2337135.3125 ], [ 570616.5625, 2337139.0625 ], [ 570630.3125, 2337140.3125 ], [ 570638.75, 2337143.125 ], [ 570644.375, 2337148.75 ], [ 570655.625, 2337171.25 ], [ 570659.0625, 2337175.3125 ], [ 570666.5625, 2337179.0625 ], [ 570680.3125, 2337180.3125 ], [ 570688.75, 2337183.125 ], [ 570692.8125, 2337186.5625 ], [ 570700.3125, 2337197.8125 ], [ 570708.75, 2337204.375 ], [ 570731.25, 2337215.625 ], [ 570736.71875, 2337217.65625 ], [ 570746.09375, 2337219.53125 ], [ 570760.3125, 2337220.3125 ], [ 570768.75, 2337223.125 ], [ 570772.8125, 2337226.5625 ], [ 570778.59375, 2337235.78125 ], [ 570784.21875, 2337241.40625 ], [ 570788.75, 2337244.375 ], [ 570811.25, 2337255.625 ], [ 570815.3125, 2337259.0625 ], [ 570819.0625, 2337266.5625 ], [ 570820.9375, 2337283.4375 ], [ 570823.125, 2337288.75 ], [ 570826.5625, 2337292.8125 ], [ 570831.25, 2337295.625 ], [ 570839.6875, 2337298.4375 ], [ 570846.09375, 2337299.53125 ], [ 570860.3125, 2337300.3125 ], [ 570868.75, 2337303.125 ], [ 570874.375, 2337308.75 ], [ 570885.625, 2337331.25 ], [ 570891.25, 2337336.875 ], [ 570899.6875, 2337339.6875 ], [ 570913.90625, 2337340.46875 ], [ 570926.09375, 2337343.28125 ], [ 570951.25, 2337355.625 ], [ 570955.78125, 2337358.59375 ], [ 570962.96875, 2337366.40625 ], [ 570978.59375, 2337395.78125 ], [ 570984.21875, 2337401.40625 ], [ 570993.4375, 2337407.1875 ], [ 570996.875, 2337411.25 ], [ 570999.6875, 2337419.6875 ], [ 571000.46875, 2337430.15625 ], [ 571002.8125, 2337435.3125 ], [ 571007.03125, 2337438.59375 ], [ 571009.84375, 2337439.53125 ], [ 571023.4375, 2337440.9375 ], [ 571030.9375, 2337444.6875 ], [ 571040.3125, 2337457.8125 ], [ 571044.21875, 2337461.40625 ], [ 571053.4375, 2337467.1875 ], [ 571056.875, 2337471.25 ], [ 571059.0625, 2337476.5625 ], [ 571060.0, 2337486.875 ], [ 571061.40625, 2337492.96875 ], [ 571062.8125, 2337495.3125 ], [ 571067.03125, 2337498.59375 ], [ 571073.125, 2337500.0 ], [ 571196.875, 2337500.0 ], [ 571203.4375, 2337500.9375 ], [ 571210.9375, 2337504.6875 ], [ 571214.375, 2337508.75 ], [ 571218.59375, 2337515.78125 ], [ 571224.21875, 2337521.40625 ], [ 571228.75, 2337524.375 ], [ 571251.25, 2337535.625 ], [ 571259.6875, 2337538.4375 ], [ 571269.53125, 2337539.84375 ], [ 571306.875, 2337540.0 ], [ 571313.4375, 2337540.9375 ], [ 571320.9375, 2337544.6875 ], [ 571329.0625, 2337555.3125 ], [ 571333.75, 2337558.125 ], [ 571339.6875, 2337559.6875 ], [ 571466.875, 2337560.0 ], [ 571480.3125, 2337558.4375 ], [ 571488.75, 2337555.625 ], [ 571495.3125, 2337550.9375 ], [ 571499.0625, 2337543.4375 ], [ 571500.0, 2337533.125 ], [ 571501.40625, 2337527.03125 ], [ 571504.6875, 2337522.8125 ], [ 571507.03125, 2337521.40625 ], [ 571513.125, 2337520.0 ], [ 571613.90625, 2337520.46875 ], [ 571626.09375, 2337523.28125 ], [ 571653.90625, 2337536.71875 ], [ 571659.6875, 2337538.4375 ], [ 571669.53125, 2337539.84375 ], [ 571766.875, 2337540.0 ], [ 571777.1875, 2337539.0625 ], [ 571786.09375, 2337536.71875 ], [ 571811.25, 2337524.375 ], [ 571819.6875, 2337521.5625 ], [ 571833.125, 2337520.0 ], [ 571870.46875, 2337519.84375 ], [ 571877.1875, 2337519.0625 ], [ 571886.09375, 2337516.71875 ], [ 571913.59375, 2337502.96875 ], [ 571919.6875, 2337497.8125 ], [ 571929.0625, 2337484.6875 ], [ 571936.5625, 2337480.9375 ], [ 571943.125, 2337480.0 ], [ 572036.875, 2337480.0 ], [ 572043.4375, 2337479.0625 ], [ 572050.9375, 2337475.3125 ], [ 572057.1875, 2337466.5625 ], [ 572063.75, 2337461.875 ], [ 572069.6875, 2337460.3125 ], [ 572080.3125, 2337459.6875 ], [ 572088.75, 2337456.875 ], [ 572092.8125, 2337453.4375 ], [ 572098.59375, 2337444.21875 ], [ 572104.21875, 2337438.59375 ], [ 572108.75, 2337435.625 ], [ 572131.25, 2337424.375 ], [ 572136.71875, 2337422.34375 ], [ 572142.8125, 2337420.9375 ], [ 572153.125, 2337420.0 ], [ 572216.875, 2337420.0 ], [ 572223.4375, 2337419.0625 ], [ 572228.75, 2337416.875 ], [ 572234.375, 2337411.25 ], [ 572236.71875, 2337406.09375 ], [ 572239.0625, 2337397.1875 ], [ 572240.0, 2337386.875 ], [ 572240.0, 2337353.125 ], [ 572240.9375, 2337346.5625 ], [ 572244.6875, 2337339.0625 ], [ 572253.4375, 2337332.8125 ], [ 572258.125, 2337326.25 ], [ 572259.6875, 2337320.3125 ], [ 572260.46875, 2337306.09375 ], [ 572262.34375, 2337296.71875 ], [ 572264.375, 2337291.25 ], [ 572275.625, 2337268.75 ], [ 572279.0625, 2337257.1875 ], [ 572280.0, 2337246.875 ], [ 572280.15625, 2337149.53125 ], [ 572281.5625, 2337139.6875 ], [ 572285.625, 2337128.75 ], [ 572289.0625, 2337124.6875 ], [ 572293.75, 2337121.875 ], [ 572299.6875, 2337120.3125 ], [ 572313.4375, 2337119.0625 ], [ 572318.75, 2337116.875 ], [ 572322.8125, 2337113.4375 ], [ 572375.625, 2337008.75 ], [ 572379.0625, 2337004.6875 ], [ 572383.75, 2337001.875 ], [ 572389.6875, 2337000.3125 ], [ 572426.875, 2337000.0 ], [ 572437.1875, 2336999.0625 ], [ 572448.75, 2336995.625 ], [ 572455.3125, 2336990.9375 ], [ 572458.125, 2336986.25 ], [ 572459.6875, 2336980.3125 ], [ 572460.0, 2336943.125 ], [ 572460.9375, 2336936.5625 ], [ 572463.125, 2336931.25 ], [ 572466.5625, 2336927.1875 ], [ 572471.25, 2336924.375 ], [ 572476.71875, 2336922.34375 ], [ 572486.09375, 2336920.46875 ], [ 572496.875, 2336920.0 ], [ 572503.4375, 2336920.9375 ], [ 572508.75, 2336923.125 ], [ 572514.375, 2336928.75 ], [ 572525.625, 2336951.25 ], [ 572529.0625, 2336955.3125 ], [ 572536.5625, 2336959.0625 ], [ 572553.4375, 2336960.9375 ], [ 572560.9375, 2336964.6875 ], [ 572564.375, 2336968.75 ], [ 572576.71875, 2336993.90625 ], [ 572579.53125, 2337006.09375 ], [ 572580.3125, 2337020.3125 ], [ 572583.125, 2337028.75 ], [ 572588.75, 2337034.375 ], [ 572599.6875, 2337038.4375 ], [ 572613.125, 2337040.0 ], [ 572710.3125, 2337039.6875 ], [ 572716.25, 2337038.125 ], [ 572720.9375, 2337035.3125 ], [ 572727.1875, 2337026.5625 ], [ 572731.25, 2337023.125 ], [ 572736.5625, 2337020.9375 ], [ 572743.125, 2337020.0 ], [ 572753.90625, 2337020.46875 ], [ 572763.28125, 2337022.34375 ], [ 572793.90625, 2337036.71875 ], [ 572799.6875, 2337038.4375 ], [ 572809.53125, 2337039.84375 ], [ 572910.46875, 2337039.84375 ], [ 572920.3125, 2337038.4375 ], [ 572931.25, 2337034.375 ], [ 572935.3125, 2337030.9375 ], [ 572938.125, 2337026.25 ], [ 572939.6875, 2337020.3125 ], [ 572940.9375, 2337006.5625 ], [ 572943.125, 2337001.25 ], [ 572946.5625, 2336997.1875 ], [ 572975.78125, 2336981.40625 ], [ 572981.40625, 2336975.78125 ], [ 572987.1875, 2336966.5625 ], [ 572991.25, 2336963.125 ], [ 572996.5625, 2336960.9375 ], [ 573010.3125, 2336959.6875 ], [ 573018.75, 2336956.875 ], [ 573024.375, 2336951.25 ], [ 573035.625, 2336928.75 ], [ 573039.0625, 2336924.6875 ], [ 573046.5625, 2336920.9375 ], [ 573060.3125, 2336919.6875 ], [ 573068.75, 2336916.875 ], [ 573072.8125, 2336913.4375 ], [ 573078.59375, 2336904.21875 ], [ 573084.21875, 2336898.59375 ], [ 573088.75, 2336895.625 ], [ 573111.25, 2336884.375 ], [ 573116.875, 2336878.75 ], [ 573119.0625, 2336873.4375 ], [ 573120.0, 2336866.875 ], [ 573119.6875, 2336799.6875 ], [ 573116.875, 2336791.25 ], [ 573113.4375, 2336787.1875 ], [ 573104.6875, 2336780.9375 ], [ 573100.9375, 2336773.4375 ], [ 573100.0, 2336766.875 ], [ 573100.0, 2336733.125 ], [ 573099.0625, 2336726.5625 ], [ 573095.3125, 2336719.0625 ], [ 573086.5625, 2336712.8125 ], [ 573083.125, 2336708.75 ], [ 573080.9375, 2336703.4375 ], [ 573080.0, 2336693.125 ], [ 573078.59375, 2336687.03125 ], [ 573075.3125, 2336682.8125 ], [ 573070.15625, 2336680.46875 ], [ 572999.6875, 2336680.3125 ], [ 572993.75, 2336681.875 ], [ 572989.0625, 2336684.6875 ], [ 572982.8125, 2336693.4375 ], [ 572978.75, 2336696.875 ], [ 572973.4375, 2336699.0625 ], [ 572966.875, 2336700.0 ], [ 572809.53125, 2336699.84375 ], [ 572802.8125, 2336699.0625 ], [ 572793.90625, 2336696.71875 ], [ 572766.40625, 2336682.96875 ], [ 572760.3125, 2336677.8125 ], [ 572752.8125, 2336666.5625 ], [ 572748.75, 2336663.125 ], [ 572740.3125, 2336660.3125 ], [ 572729.84375, 2336659.53125 ], [ 572724.6875, 2336657.1875 ], [ 572721.40625, 2336652.96875 ], [ 572720.0, 2336646.875 ], [ 572720.15625, 2336609.53125 ], [ 572722.34375, 2336596.71875 ], [ 572724.375, 2336591.25 ], [ 572767.1875, 2336506.5625 ], [ 572773.75, 2336501.875 ], [ 572783.125, 2336500.0 ], [ 572797.1875, 2336500.9375 ], [ 572803.28125, 2336502.34375 ], [ 572811.25, 2336505.625 ], [ 572815.3125, 2336509.0625 ], [ 572818.125, 2336513.75 ], [ 572819.6875, 2336519.6875 ], [ 572820.46875, 2336530.15625 ], [ 572822.8125, 2336535.3125 ], [ 572827.03125, 2336538.59375 ], [ 572829.84375, 2336539.53125 ], [ 572843.4375, 2336540.9375 ], [ 572850.9375, 2336544.6875 ], [ 572854.375, 2336548.75 ], [ 572867.1875, 2336573.4375 ], [ 572871.25, 2336576.875 ], [ 572879.6875, 2336579.6875 ], [ 572950.3125, 2336579.6875 ], [ 572958.75, 2336576.875 ], [ 572962.8125, 2336573.4375 ], [ 572969.0625, 2336564.6875 ], [ 572976.5625, 2336560.9375 ], [ 572983.125, 2336560.0 ], [ 573050.3125, 2336559.6875 ], [ 573056.25, 2336558.125 ], [ 573060.9375, 2336555.3125 ], [ 573067.1875, 2336546.5625 ], [ 573071.25, 2336543.125 ], [ 573079.6875, 2336540.3125 ], [ 573090.15625, 2336539.53125 ], [ 573095.3125, 2336537.1875 ], [ 573098.59375, 2336532.96875 ], [ 573100.0, 2336526.875 ], [ 573100.0, 2336373.125 ], [ 573099.0625, 2336366.5625 ], [ 573096.875, 2336361.25 ], [ 573093.4375, 2336357.1875 ], [ 573086.5625, 2336352.8125 ], [ 573081.875, 2336346.25 ], [ 573080.3125, 2336340.3125 ], [ 573080.15625, 2336329.53125 ], [ 573080.9375, 2336322.8125 ], [ 573083.28125, 2336313.90625 ], [ 573085.625, 2336308.75 ], [ 573089.0625, 2336304.6875 ], [ 573096.5625, 2336300.9375 ], [ 573103.125, 2336300.0 ], [ 573110.46875, 2336300.15625 ], [ 573117.1875, 2336300.9375 ], [ 573126.09375, 2336303.28125 ], [ 573131.25, 2336305.625 ], [ 573135.3125, 2336309.0625 ], [ 573139.0625, 2336316.5625 ], [ 573140.9375, 2336337.1875 ], [ 573144.375, 2336348.75 ], [ 573155.625, 2336371.25 ], [ 573158.59375, 2336375.78125 ], [ 573164.21875, 2336381.40625 ], [ 573173.4375, 2336387.1875 ], [ 573176.875, 2336391.25 ], [ 573179.0625, 2336396.5625 ], [ 573180.3125, 2336410.3125 ], [ 573183.125, 2336418.75 ], [ 573188.75, 2336424.375 ], [ 573211.25, 2336435.625 ], [ 573219.6875, 2336442.1875 ], [ 573224.375, 2336448.75 ], [ 573235.625, 2336471.25 ], [ 573242.1875, 2336479.6875 ], [ 573248.75, 2336484.375 ], [ 573271.25, 2336495.625 ], [ 573275.3125, 2336499.0625 ], [ 573279.0625, 2336506.5625 ], [ 573280.9375, 2336523.4375 ], [ 573283.125, 2336528.75 ], [ 573286.5625, 2336532.8125 ], [ 573291.25, 2336535.625 ], [ 573296.71875, 2336537.65625 ], [ 573309.53125, 2336539.84375 ], [ 573346.875, 2336540.0 ], [ 573360.3125, 2336538.4375 ], [ 573368.75, 2336535.625 ], [ 573373.4375, 2336532.8125 ], [ 573376.875, 2336528.75 ], [ 573379.6875, 2336520.3125 ], [ 573379.6875, 2336449.6875 ], [ 573378.125, 2336443.75 ], [ 573375.3125, 2336439.0625 ], [ 573366.5625, 2336432.8125 ], [ 573363.125, 2336428.75 ], [ 573360.9375, 2336423.4375 ], [ 573360.0, 2336416.875 ], [ 573360.46875, 2336406.09375 ], [ 573363.28125, 2336393.90625 ], [ 573377.03125, 2336366.40625 ], [ 573380.3125, 2336362.1875 ], [ 573386.40625, 2336357.03125 ], [ 573411.25, 2336344.375 ], [ 573416.71875, 2336342.34375 ], [ 573429.53125, 2336340.15625 ], [ 573466.875, 2336340.0 ], [ 573477.1875, 2336339.0625 ], [ 573488.75, 2336335.625 ], [ 573511.25, 2336324.375 ], [ 573517.8125, 2336319.6875 ], [ 573522.96875, 2336313.59375 ], [ 573545.625, 2336268.75 ], [ 573551.25, 2336263.125 ], [ 573556.5625, 2336260.9375 ], [ 573563.125, 2336260.0 ], [ 573690.15625, 2336259.53125 ], [ 573695.3125, 2336257.1875 ], [ 573698.59375, 2336252.96875 ], [ 573699.53125, 2336250.15625 ], [ 573700.9375, 2336236.5625 ], [ 573703.125, 2336231.25 ], [ 573706.5625, 2336227.1875 ], [ 573711.25, 2336224.375 ], [ 573716.71875, 2336222.34375 ], [ 573722.8125, 2336220.9375 ], [ 573733.125, 2336220.0 ], [ 573743.4375, 2336220.9375 ], [ 573750.9375, 2336224.6875 ], [ 573754.375, 2336228.75 ], [ 573767.1875, 2336253.4375 ], [ 573771.25, 2336256.875 ], [ 573776.5625, 2336259.0625 ], [ 573783.125, 2336260.0 ], [ 573850.46875, 2336259.84375 ], [ 573863.28125, 2336257.65625 ], [ 573868.75, 2336255.625 ], [ 573873.4375, 2336252.8125 ], [ 573876.875, 2336248.75 ], [ 573879.0625, 2336243.4375 ], [ 573880.3125, 2336229.6875 ], [ 573883.125, 2336221.25 ], [ 573886.5625, 2336217.1875 ], [ 573893.4375, 2336212.8125 ], [ 573898.125, 2336206.25 ], [ 573899.6875, 2336200.3125 ], [ 573900.3125, 2336189.6875 ], [ 573903.125, 2336181.25 ], [ 573908.75, 2336175.625 ], [ 573931.25, 2336164.375 ], [ 573937.8125, 2336159.6875 ], [ 573944.375, 2336151.25 ], [ 573955.625, 2336128.75 ], [ 573958.4375, 2336120.3125 ], [ 573959.84375, 2336110.46875 ], [ 573960.0, 2336073.125 ], [ 573960.9375, 2336066.5625 ], [ 573964.6875, 2336059.0625 ], [ 573973.4375, 2336052.8125 ], [ 573976.875, 2336048.75 ], [ 573979.0625, 2336043.4375 ], [ 573980.0, 2336036.875 ], [ 573979.6875, 2335939.6875 ], [ 573976.875, 2335931.25 ], [ 573973.4375, 2335927.1875 ], [ 573964.6875, 2335920.9375 ], [ 573960.9375, 2335913.4375 ], [ 573960.0, 2335906.875 ], [ 573960.0, 2335873.125 ], [ 573958.59375, 2335867.03125 ], [ 573955.3125, 2335862.8125 ], [ 573950.15625, 2335860.46875 ], [ 573913.125, 2335860.0 ], [ 573907.03125, 2335858.59375 ], [ 573902.8125, 2335855.3125 ], [ 573901.40625, 2335852.96875 ], [ 573900.0, 2335846.875 ], [ 573900.0, 2335813.125 ], [ 573898.59375, 2335807.03125 ], [ 573895.3125, 2335802.8125 ], [ 573892.96875, 2335801.40625 ], [ 573886.875, 2335800.0 ], [ 573823.125, 2335800.0 ], [ 573816.5625, 2335800.9375 ], [ 573811.25, 2335803.125 ], [ 573805.625, 2335808.75 ], [ 573801.5625, 2335819.6875 ], [ 573800.0, 2335833.125 ], [ 573800.0, 2335866.875 ], [ 573798.59375, 2335872.96875 ], [ 573795.3125, 2335877.1875 ], [ 573792.96875, 2335878.59375 ], [ 573786.875, 2335880.0 ], [ 573693.125, 2335880.0 ], [ 573687.03125, 2335881.40625 ], [ 573684.6875, 2335882.8125 ], [ 573681.40625, 2335887.03125 ], [ 573680.46875, 2335889.84375 ], [ 573679.0625, 2335903.4375 ], [ 573676.875, 2335908.75 ], [ 573673.4375, 2335912.8125 ], [ 573666.40625, 2335917.03125 ], [ 573660.3125, 2335922.1875 ], [ 573650.9375, 2335935.3125 ], [ 573646.25, 2335938.125 ], [ 573640.3125, 2335939.6875 ], [ 573603.125, 2335940.0 ], [ 573596.5625, 2335940.9375 ], [ 573591.25, 2335943.125 ], [ 573587.1875, 2335946.5625 ], [ 573582.96875, 2335953.59375 ], [ 573577.8125, 2335959.6875 ], [ 573571.25, 2335964.375 ], [ 573548.75, 2335975.625 ], [ 573544.21875, 2335978.59375 ], [ 573538.59375, 2335984.21875 ], [ 573532.8125, 2335993.4375 ], [ 573528.75, 2335996.875 ], [ 573520.3125, 2335999.6875 ], [ 573509.84375, 2336000.46875 ], [ 573504.6875, 2336002.8125 ], [ 573502.8125, 2336004.6875 ], [ 573500.46875, 2336009.84375 ], [ 573499.6875, 2336020.3125 ], [ 573496.875, 2336028.75 ], [ 573493.4375, 2336032.8125 ], [ 573486.09375, 2336036.71875 ], [ 573477.1875, 2336039.0625 ], [ 573466.875, 2336040.0 ], [ 573433.125, 2336040.0 ], [ 573429.84375, 2336039.53125 ], [ 573424.6875, 2336037.1875 ], [ 573421.40625, 2336032.96875 ], [ 573420.0, 2336026.875 ], [ 573420.0, 2335993.125 ], [ 573420.9375, 2335986.5625 ], [ 573423.125, 2335981.25 ], [ 573428.75, 2335975.625 ], [ 573451.25, 2335964.375 ], [ 573455.78125, 2335961.40625 ], [ 573461.40625, 2335955.78125 ], [ 573467.1875, 2335946.5625 ], [ 573471.25, 2335943.125 ], [ 573479.6875, 2335940.3125 ], [ 573493.4375, 2335939.0625 ], [ 573500.9375, 2335935.3125 ], [ 573504.375, 2335931.25 ], [ 573515.625, 2335908.75 ], [ 573519.0625, 2335904.6875 ], [ 573526.5625, 2335900.9375 ], [ 573540.3125, 2335899.6875 ], [ 573548.75, 2335896.875 ], [ 573552.8125, 2335893.4375 ], [ 573560.3125, 2335882.1875 ], [ 573568.75, 2335875.625 ], [ 573591.25, 2335864.375 ], [ 573599.6875, 2335861.5625 ], [ 573613.125, 2335860.0 ], [ 573653.90625, 2335859.53125 ], [ 573666.09375, 2335856.71875 ], [ 573673.4375, 2335852.8125 ], [ 573676.875, 2335848.75 ], [ 573679.6875, 2335840.3125 ], [ 573680.0, 2335803.125 ], [ 573681.875, 2335793.75 ], [ 573686.5625, 2335787.1875 ], [ 573695.78125, 2335781.40625 ], [ 573701.40625, 2335775.78125 ], [ 573704.375, 2335771.25 ], [ 573715.625, 2335748.75 ], [ 573722.1875, 2335740.3125 ], [ 573728.75, 2335735.625 ], [ 573793.59375, 2335702.96875 ], [ 573799.6875, 2335697.8125 ], [ 573807.1875, 2335686.5625 ], [ 573811.25, 2335683.125 ], [ 573819.6875, 2335680.3125 ], [ 573833.4375, 2335679.0625 ], [ 573840.9375, 2335675.3125 ], [ 573844.375, 2335671.25 ], [ 573855.625, 2335648.75 ], [ 573860.3125, 2335642.1875 ], [ 573868.75, 2335635.625 ], [ 573891.25, 2335624.375 ], [ 573895.78125, 2335621.40625 ], [ 573901.40625, 2335615.78125 ], [ 573907.1875, 2335606.5625 ], [ 573911.25, 2335603.125 ], [ 573916.5625, 2335600.9375 ], [ 573930.3125, 2335599.6875 ], [ 573936.25, 2335598.125 ], [ 573940.9375, 2335595.3125 ], [ 573947.1875, 2335586.5625 ], [ 573951.25, 2335583.125 ], [ 573959.6875, 2335580.3125 ], [ 573970.15625, 2335579.53125 ], [ 573975.3125, 2335577.1875 ], [ 573977.1875, 2335575.3125 ], [ 573979.53125, 2335570.15625 ], [ 573980.3125, 2335559.6875 ], [ 573983.125, 2335551.25 ], [ 573986.5625, 2335547.1875 ], [ 573995.78125, 2335541.40625 ], [ 574001.40625, 2335535.78125 ], [ 574017.1875, 2335506.5625 ], [ 574021.25, 2335503.125 ], [ 574026.5625, 2335500.9375 ], [ 574040.3125, 2335499.6875 ], [ 574048.75, 2335496.875 ], [ 574052.8125, 2335493.4375 ], [ 574058.59375, 2335484.21875 ], [ 574064.21875, 2335478.59375 ], [ 574095.78125, 2335461.40625 ], [ 574102.96875, 2335453.59375 ], [ 574115.625, 2335428.75 ], [ 574121.25, 2335423.125 ], [ 574126.5625, 2335420.9375 ], [ 574140.3125, 2335419.6875 ], [ 574146.25, 2335418.125 ], [ 574150.9375, 2335415.3125 ], [ 574157.1875, 2335406.5625 ], [ 574161.25, 2335403.125 ], [ 574166.5625, 2335400.9375 ], [ 574180.3125, 2335399.6875 ], [ 574186.25, 2335398.125 ], [ 574190.9375, 2335395.3125 ], [ 574197.1875, 2335386.5625 ], [ 574203.75, 2335381.875 ], [ 574213.125, 2335380.0 ], [ 574246.875, 2335380.0 ], [ 574253.4375, 2335379.0625 ], [ 574258.75, 2335376.875 ], [ 574264.375, 2335371.25 ], [ 574275.625, 2335348.75 ], [ 574278.59375, 2335344.21875 ], [ 574284.21875, 2335338.59375 ], [ 574293.4375, 2335332.8125 ], [ 574296.875, 2335328.75 ], [ 574299.6875, 2335320.3125 ], [ 574300.46875, 2335309.84375 ], [ 574301.40625, 2335307.03125 ], [ 574304.6875, 2335302.8125 ], [ 574307.03125, 2335301.40625 ], [ 574313.125, 2335300.0 ], [ 574346.875, 2335300.0 ], [ 574353.4375, 2335299.0625 ], [ 574358.75, 2335296.875 ], [ 574364.375, 2335291.25 ], [ 574375.625, 2335268.75 ], [ 574381.25, 2335263.125 ], [ 574386.5625, 2335260.9375 ], [ 574400.3125, 2335259.6875 ], [ 574406.25, 2335258.125 ], [ 574410.9375, 2335255.3125 ], [ 574417.1875, 2335246.5625 ], [ 574421.25, 2335243.125 ], [ 574426.5625, 2335240.9375 ], [ 574440.3125, 2335239.6875 ], [ 574446.25, 2335238.125 ], [ 574452.8125, 2335233.4375 ], [ 574459.0625, 2335224.6875 ], [ 574466.5625, 2335220.9375 ], [ 574473.125, 2335220.0 ], [ 574536.875, 2335220.0 ], [ 574546.25, 2335218.125 ], [ 574552.8125, 2335213.4375 ], [ 574558.59375, 2335204.21875 ], [ 574566.40625, 2335197.03125 ], [ 574631.25, 2335164.375 ], [ 574635.78125, 2335161.40625 ], [ 574642.96875, 2335153.59375 ], [ 574655.625, 2335128.75 ], [ 574660.3125, 2335122.1875 ], [ 574668.75, 2335115.625 ], [ 574691.25, 2335104.375 ], [ 574696.875, 2335098.75 ], [ 574699.0625, 2335093.4375 ], [ 574700.3125, 2335079.6875 ], [ 574701.875, 2335073.75 ], [ 574704.6875, 2335069.0625 ], [ 574713.4375, 2335062.8125 ], [ 574716.875, 2335058.75 ], [ 574719.0625, 2335053.4375 ], [ 574720.3125, 2335039.6875 ], [ 574723.125, 2335031.25 ], [ 574726.5625, 2335027.1875 ], [ 574735.78125, 2335021.40625 ], [ 574741.40625, 2335015.78125 ], [ 574744.375, 2335011.25 ], [ 574755.625, 2334988.75 ], [ 574760.3125, 2334982.1875 ], [ 574768.75, 2334975.625 ], [ 574793.90625, 2334963.28125 ], [ 574802.8125, 2334960.9375 ], [ 574823.4375, 2334959.0625 ], [ 574830.9375, 2334955.3125 ], [ 574834.375, 2334951.25 ], [ 574845.625, 2334928.75 ], [ 574849.0625, 2334924.6875 ], [ 574856.5625, 2334920.9375 ], [ 574870.15625, 2334919.53125 ], [ 574872.96875, 2334918.59375 ], [ 574877.1875, 2334915.3125 ], [ 574879.53125, 2334910.15625 ], [ 574880.9375, 2334896.5625 ], [ 574883.125, 2334891.25 ], [ 574886.5625, 2334887.1875 ], [ 574933.59375, 2334862.96875 ], [ 574939.6875, 2334857.8125 ], [ 574947.1875, 2334846.5625 ], [ 574951.25, 2334843.125 ], [ 574956.5625, 2334840.9375 ], [ 574963.125, 2334840.0 ], [ 575116.875, 2334840.0 ], [ 575126.25, 2334838.125 ], [ 575132.8125, 2334833.4375 ], [ 575138.59375, 2334824.21875 ], [ 575144.21875, 2334818.59375 ], [ 575148.75, 2334815.625 ], [ 575171.25, 2334804.375 ], [ 575177.8125, 2334799.6875 ], [ 575184.375, 2334791.25 ], [ 575195.625, 2334768.75 ], [ 575201.25, 2334763.125 ], [ 575206.5625, 2334760.9375 ], [ 575220.3125, 2334759.6875 ], [ 575228.75, 2334756.875 ], [ 575232.8125, 2334753.4375 ], [ 575238.59375, 2334744.21875 ], [ 575244.21875, 2334738.59375 ], [ 575248.75, 2334735.625 ], [ 575313.59375, 2334702.96875 ], [ 575319.6875, 2334697.8125 ], [ 575327.1875, 2334686.5625 ], [ 575331.25, 2334683.125 ], [ 575339.6875, 2334680.3125 ], [ 575353.4375, 2334679.0625 ], [ 575360.9375, 2334675.3125 ], [ 575364.375, 2334671.25 ], [ 575375.625, 2334648.75 ], [ 575378.59375, 2334644.21875 ], [ 575384.21875, 2334638.59375 ], [ 575393.4375, 2334632.8125 ], [ 575396.875, 2334628.75 ], [ 575399.6875, 2334620.3125 ], [ 575400.9375, 2334606.5625 ], [ 575404.6875, 2334599.0625 ], [ 575408.75, 2334595.625 ], [ 575431.25, 2334584.375 ], [ 575435.3125, 2334580.9375 ], [ 575439.0625, 2334573.4375 ], [ 575440.3125, 2334559.6875 ], [ 575443.125, 2334551.25 ], [ 575446.5625, 2334547.1875 ], [ 575453.59375, 2334542.96875 ], [ 575459.6875, 2334537.8125 ], [ 575464.375, 2334531.25 ], [ 575475.625, 2334508.75 ], [ 575478.59375, 2334504.21875 ], [ 575484.21875, 2334498.59375 ], [ 575493.4375, 2334492.8125 ], [ 575496.875, 2334488.75 ], [ 575499.6875, 2334480.3125 ], [ 575500.9375, 2334466.5625 ], [ 575504.6875, 2334459.0625 ], [ 575508.75, 2334455.625 ], [ 575533.59375, 2334442.96875 ], [ 575539.6875, 2334437.8125 ], [ 575544.375, 2334431.25 ], [ 575565.625, 2334388.75 ], [ 575569.0625, 2334384.6875 ], [ 575576.5625, 2334380.9375 ], [ 575593.4375, 2334379.0625 ], [ 575600.9375, 2334375.3125 ], [ 575604.375, 2334371.25 ], [ 575617.03125, 2334346.40625 ], [ 575622.1875, 2334340.3125 ], [ 575628.75, 2334335.625 ], [ 575651.25, 2334324.375 ], [ 575659.6875, 2334317.8125 ], [ 575664.375, 2334311.25 ], [ 575677.03125, 2334286.40625 ], [ 575684.21875, 2334278.59375 ], [ 575688.75, 2334275.625 ], [ 575753.4375, 2334242.8125 ], [ 575758.125, 2334236.25 ], [ 575759.6875, 2334230.3125 ], [ 575760.9375, 2334216.5625 ], [ 575764.6875, 2334209.0625 ], [ 575768.75, 2334205.625 ], [ 575811.25, 2334184.375 ], [ 575817.8125, 2334179.6875 ], [ 575822.96875, 2334173.59375 ], [ 575835.625, 2334148.75 ], [ 575840.3125, 2334142.1875 ], [ 575846.40625, 2334137.03125 ], [ 575871.25, 2334124.375 ], [ 575877.8125, 2334119.6875 ], [ 575882.96875, 2334113.59375 ], [ 575895.625, 2334088.75 ], [ 575900.3125, 2334082.1875 ], [ 575906.40625, 2334077.03125 ], [ 575931.25, 2334064.375 ], [ 575937.8125, 2334059.6875 ], [ 575942.96875, 2334053.59375 ], [ 575955.625, 2334028.75 ], [ 575959.0625, 2334024.6875 ], [ 575966.5625, 2334020.9375 ], [ 575980.3125, 2334019.6875 ], [ 575988.75, 2334016.875 ], [ 575992.8125, 2334013.4375 ], [ 575997.1875, 2334006.5625 ], [ 576003.75, 2334001.875 ], [ 576009.6875, 2334000.3125 ], [ 576020.3125, 2333999.6875 ], [ 576028.75, 2333996.875 ], [ 576032.8125, 2333993.4375 ], [ 576040.3125, 2333982.1875 ], [ 576046.40625, 2333977.03125 ], [ 576111.25, 2333944.375 ], [ 576117.8125, 2333939.6875 ], [ 576122.96875, 2333933.59375 ], [ 576135.625, 2333908.75 ], [ 576140.3125, 2333902.1875 ], [ 576146.40625, 2333897.03125 ], [ 576171.25, 2333884.375 ], [ 576177.8125, 2333879.6875 ], [ 576182.96875, 2333873.59375 ], [ 576195.625, 2333848.75 ], [ 576199.0625, 2333844.6875 ], [ 576206.5625, 2333840.9375 ], [ 576223.4375, 2333839.0625 ], [ 576230.9375, 2333835.3125 ], [ 576240.3125, 2333822.1875 ], [ 576244.21875, 2333818.59375 ], [ 576253.4375, 2333812.8125 ], [ 576256.875, 2333808.75 ], [ 576259.6875, 2333800.3125 ], [ 576260.9375, 2333786.5625 ], [ 576264.6875, 2333779.0625 ], [ 576268.75, 2333775.625 ], [ 576293.59375, 2333762.96875 ], [ 576299.6875, 2333757.8125 ], [ 576304.375, 2333751.25 ], [ 576315.625, 2333728.75 ], [ 576322.1875, 2333720.3125 ], [ 576328.75, 2333715.625 ], [ 576351.25, 2333704.375 ], [ 576359.6875, 2333697.8125 ], [ 576364.375, 2333691.25 ], [ 576375.625, 2333668.75 ], [ 576378.59375, 2333664.21875 ], [ 576384.21875, 2333658.59375 ], [ 576393.4375, 2333652.8125 ], [ 576396.875, 2333648.75 ], [ 576399.0625, 2333643.4375 ], [ 576400.3125, 2333629.6875 ], [ 576403.125, 2333621.25 ], [ 576408.75, 2333615.625 ], [ 576431.25, 2333604.375 ], [ 576439.6875, 2333597.8125 ], [ 576444.375, 2333591.25 ], [ 576465.625, 2333548.75 ], [ 576469.0625, 2333544.6875 ], [ 576476.5625, 2333540.9375 ], [ 576490.3125, 2333539.6875 ], [ 576498.75, 2333536.875 ], [ 576502.8125, 2333533.4375 ], [ 576507.1875, 2333526.5625 ], [ 576513.75, 2333521.875 ], [ 576519.6875, 2333520.3125 ], [ 576530.3125, 2333519.6875 ], [ 576538.75, 2333516.875 ], [ 576544.375, 2333511.25 ], [ 576555.625, 2333488.75 ], [ 576559.0625, 2333484.6875 ], [ 576566.5625, 2333480.9375 ], [ 576583.4375, 2333479.0625 ], [ 576588.75, 2333476.875 ], [ 576592.8125, 2333473.4375 ], [ 576616.71875, 2333426.09375 ], [ 576619.0625, 2333417.1875 ], [ 576620.3125, 2333399.6875 ], [ 576621.875, 2333393.75 ], [ 576626.5625, 2333387.1875 ], [ 576635.3125, 2333380.9375 ], [ 576639.0625, 2333373.4375 ], [ 576640.0, 2333366.875 ], [ 576640.46875, 2333326.09375 ], [ 576642.34375, 2333316.71875 ], [ 576645.625, 2333308.75 ], [ 576649.0625, 2333304.6875 ], [ 576656.5625, 2333300.9375 ], [ 576663.125, 2333300.0 ], [ 576700.3125, 2333299.6875 ], [ 576706.25, 2333298.125 ], [ 576712.8125, 2333293.4375 ], [ 576716.71875, 2333286.09375 ], [ 576719.53125, 2333273.90625 ], [ 576720.0, 2333233.125 ], [ 576721.5625, 2333219.6875 ], [ 576724.375, 2333211.25 ], [ 576735.625, 2333188.75 ], [ 576739.0625, 2333184.6875 ], [ 576743.75, 2333181.875 ], [ 576753.125, 2333180.0 ], [ 576816.875, 2333180.0 ], [ 576826.25, 2333178.125 ], [ 576830.9375, 2333175.3125 ], [ 576837.1875, 2333166.5625 ], [ 576841.25, 2333163.125 ], [ 576849.6875, 2333160.3125 ], [ 576863.4375, 2333159.0625 ], [ 576870.9375, 2333155.3125 ], [ 576880.3125, 2333142.1875 ], [ 576884.21875, 2333138.59375 ], [ 576893.4375, 2333132.8125 ], [ 576896.875, 2333128.75 ], [ 576899.0625, 2333123.4375 ], [ 576900.0, 2333113.125 ], [ 576901.40625, 2333107.03125 ], [ 576902.8125, 2333104.6875 ], [ 576907.03125, 2333101.40625 ], [ 576913.125, 2333100.0 ], [ 576946.875, 2333100.0 ], [ 576957.1875, 2333099.0625 ], [ 576968.75, 2333095.625 ], [ 576975.3125, 2333090.9375 ], [ 576978.125, 2333086.25 ], [ 576980.0, 2333076.875 ], [ 576980.0, 2332953.125 ], [ 576980.46875, 2332949.84375 ], [ 576982.8125, 2332944.6875 ], [ 576987.03125, 2332941.40625 ], [ 576993.125, 2332940.0 ], [ 577056.875, 2332940.0 ], [ 577063.4375, 2332939.0625 ], [ 577070.9375, 2332935.3125 ], [ 577077.1875, 2332926.5625 ], [ 577081.25, 2332923.125 ], [ 577089.6875, 2332920.3125 ], [ 577103.4375, 2332919.0625 ], [ 577108.75, 2332916.875 ], [ 577112.8125, 2332913.4375 ], [ 577115.625, 2332908.75 ], [ 577117.65625, 2332903.28125 ], [ 577119.84375, 2332890.46875 ], [ 577120.15625, 2332789.53125 ], [ 577121.5625, 2332779.6875 ], [ 577125.625, 2332768.75 ], [ 577129.0625, 2332764.6875 ], [ 577136.5625, 2332760.9375 ], [ 577153.90625, 2332759.53125 ], [ 577163.28125, 2332757.65625 ], [ 577196.71875, 2332742.34375 ], [ 577206.09375, 2332740.46875 ], [ 577223.4375, 2332739.0625 ], [ 577230.9375, 2332735.3125 ], [ 577235.625, 2332728.75 ], [ 577239.0625, 2332717.1875 ], [ 577240.0, 2332706.875 ], [ 577240.0, 2332673.125 ], [ 577240.9375, 2332666.5625 ], [ 577243.125, 2332661.25 ], [ 577248.75, 2332655.625 ], [ 577271.25, 2332644.375 ], [ 577279.6875, 2332637.8125 ], [ 577284.375, 2332631.25 ], [ 577295.625, 2332608.75 ], [ 577299.0625, 2332604.6875 ], [ 577303.75, 2332601.875 ], [ 577313.125, 2332600.0 ], [ 577350.46875, 2332600.15625 ], [ 577360.3125, 2332601.5625 ], [ 577368.75, 2332604.375 ], [ 577391.25, 2332615.625 ], [ 577395.3125, 2332619.0625 ], [ 577399.0625, 2332626.5625 ], [ 577400.3125, 2332640.3125 ], [ 577403.125, 2332648.75 ], [ 577408.75, 2332654.375 ], [ 577419.6875, 2332658.4375 ], [ 577433.125, 2332660.0 ], [ 577526.875, 2332660.0 ], [ 577532.96875, 2332658.59375 ], [ 577537.1875, 2332655.3125 ], [ 577538.59375, 2332652.96875 ], [ 577540.0, 2332646.875 ], [ 577540.15625, 2332429.53125 ], [ 577541.5625, 2332419.6875 ], [ 577544.375, 2332411.25 ], [ 577547.1875, 2332406.5625 ], [ 577553.75, 2332401.875 ], [ 577563.125, 2332400.0 ], [ 577716.875, 2332400.0 ], [ 577726.25, 2332398.125 ], [ 577730.9375, 2332395.3125 ], [ 577734.375, 2332391.25 ], [ 577738.4375, 2332380.3125 ], [ 577740.0, 2332366.875 ], [ 577740.0, 2332333.125 ], [ 577741.40625, 2332327.03125 ], [ 577744.6875, 2332322.8125 ], [ 577747.03125, 2332321.40625 ], [ 577753.125, 2332320.0 ], [ 577793.90625, 2332320.46875 ], [ 577803.28125, 2332322.34375 ], [ 577811.25, 2332325.625 ], [ 577815.3125, 2332329.0625 ], [ 577818.125, 2332333.75 ], [ 577819.6875, 2332339.6875 ], [ 577820.0, 2332346.875 ], [ 577821.40625, 2332352.96875 ], [ 577824.6875, 2332357.1875 ], [ 577829.84375, 2332359.53125 ], [ 577926.875, 2332360.0 ], [ 577940.3125, 2332358.4375 ], [ 577951.25, 2332354.375 ], [ 577956.875, 2332348.75 ], [ 577959.6875, 2332340.3125 ], [ 577960.46875, 2332329.84375 ], [ 577961.40625, 2332327.03125 ], [ 577964.6875, 2332322.8125 ], [ 577967.03125, 2332321.40625 ], [ 577973.125, 2332320.0 ], [ 578006.875, 2332320.0 ], [ 578012.96875, 2332318.59375 ], [ 578015.3125, 2332317.1875 ], [ 578018.59375, 2332312.96875 ], [ 578019.53125, 2332310.15625 ], [ 578020.9375, 2332296.5625 ], [ 578023.125, 2332291.25 ], [ 578026.5625, 2332287.1875 ], [ 578031.25, 2332284.375 ], [ 578039.6875, 2332281.5625 ], [ 578049.53125, 2332280.15625 ], [ 578060.3125, 2332280.3125 ], [ 578066.25, 2332281.875 ], [ 578072.8125, 2332286.5625 ], [ 578087.1875, 2332313.4375 ], [ 578091.25, 2332316.875 ], [ 578096.5625, 2332319.0625 ], [ 578103.125, 2332320.0 ], [ 578230.3125, 2332320.3125 ], [ 578238.75, 2332323.125 ], [ 578242.8125, 2332326.5625 ], [ 578249.0625, 2332335.3125 ], [ 578256.5625, 2332339.0625 ], [ 578263.125, 2332340.0 ], [ 578326.875, 2332340.0 ], [ 578332.96875, 2332341.40625 ], [ 578337.1875, 2332344.6875 ], [ 578339.53125, 2332349.84375 ], [ 578340.46875, 2332390.15625 ], [ 578342.8125, 2332395.3125 ], [ 578347.03125, 2332398.59375 ], [ 578353.125, 2332400.0 ], [ 578450.46875, 2332400.15625 ], [ 578460.3125, 2332401.5625 ], [ 578468.75, 2332404.375 ], [ 578491.25, 2332415.625 ], [ 578497.8125, 2332420.3125 ], [ 578504.375, 2332428.75 ], [ 578515.625, 2332451.25 ], [ 578521.25, 2332456.875 ], [ 578526.5625, 2332459.0625 ], [ 578533.125, 2332460.0 ], [ 578566.875, 2332460.0 ], [ 578573.4375, 2332460.9375 ], [ 578580.9375, 2332464.6875 ], [ 578587.1875, 2332473.4375 ], [ 578593.75, 2332478.125 ], [ 578599.6875, 2332479.6875 ], [ 578613.90625, 2332480.46875 ], [ 578623.28125, 2332482.34375 ], [ 578628.75, 2332484.375 ], [ 578651.25, 2332495.625 ], [ 578655.3125, 2332499.0625 ], [ 578658.125, 2332503.75 ], [ 578659.6875, 2332509.6875 ], [ 578660.9375, 2332523.4375 ], [ 578664.6875, 2332530.9375 ], [ 578671.25, 2332535.625 ], [ 578682.8125, 2332539.0625 ], [ 578693.125, 2332540.0 ], [ 578880.3125, 2332539.6875 ], [ 578888.75, 2332536.875 ], [ 578892.8125, 2332533.4375 ], [ 578899.0625, 2332524.6875 ], [ 578906.5625, 2332520.9375 ], [ 578913.125, 2332520.0 ], [ 579013.90625, 2332519.53125 ], [ 579026.09375, 2332516.71875 ], [ 579056.71875, 2332502.34375 ], [ 579062.8125, 2332500.9375 ], [ 579073.125, 2332500.0 ], [ 579106.875, 2332500.0 ], [ 579113.4375, 2332500.9375 ], [ 579120.9375, 2332504.6875 ], [ 579129.0625, 2332515.3125 ], [ 579133.75, 2332518.125 ], [ 579139.6875, 2332519.6875 ], [ 579236.875, 2332520.0 ], [ 579243.4375, 2332519.0625 ], [ 579248.75, 2332516.875 ], [ 579252.8125, 2332513.4375 ], [ 579259.0625, 2332504.6875 ], [ 579266.5625, 2332500.9375 ], [ 579273.125, 2332500.0 ], [ 579310.46875, 2332499.84375 ], [ 579320.3125, 2332498.4375 ], [ 579328.75, 2332495.625 ], [ 579351.25, 2332484.375 ], [ 579362.8125, 2332480.9375 ], [ 579373.125, 2332480.0 ], [ 579440.3125, 2332480.3125 ], [ 579446.25, 2332481.875 ], [ 579450.9375, 2332484.6875 ], [ 579457.1875, 2332493.4375 ], [ 579461.25, 2332496.875 ], [ 579466.5625, 2332499.0625 ], [ 579480.3125, 2332500.3125 ], [ 579486.25, 2332501.875 ], [ 579492.8125, 2332506.5625 ], [ 579499.0625, 2332515.3125 ], [ 579503.75, 2332518.125 ], [ 579509.6875, 2332519.6875 ], [ 579670.15625, 2332520.46875 ], [ 579675.3125, 2332522.8125 ], [ 579678.59375, 2332527.03125 ], [ 579679.53125, 2332529.84375 ], [ 579680.9375, 2332543.4375 ], [ 579684.6875, 2332550.9375 ], [ 579691.25, 2332555.625 ], [ 579702.8125, 2332559.0625 ], [ 579713.125, 2332560.0 ], [ 579806.875, 2332560.0 ], [ 579817.1875, 2332560.9375 ], [ 579826.09375, 2332563.28125 ], [ 579851.25, 2332575.625 ], [ 579862.8125, 2332579.0625 ], [ 579873.125, 2332580.0 ], [ 579936.875, 2332580.0 ], [ 579943.4375, 2332580.9375 ], [ 579950.9375, 2332584.6875 ], [ 579959.0625, 2332595.3125 ], [ 579963.75, 2332598.125 ], [ 579969.6875, 2332599.6875 ], [ 580126.875, 2332600.0 ], [ 580136.25, 2332601.875 ], [ 580142.8125, 2332606.5625 ], [ 580157.03125, 2332633.59375 ], [ 580160.3125, 2332637.8125 ], [ 580166.40625, 2332642.96875 ], [ 580233.90625, 2332676.71875 ], [ 580246.09375, 2332679.53125 ], [ 580260.3125, 2332680.3125 ], [ 580268.75, 2332683.125 ], [ 580272.8125, 2332686.5625 ], [ 580277.03125, 2332693.59375 ], [ 580282.1875, 2332699.6875 ], [ 580288.75, 2332704.375 ], [ 580311.25, 2332715.625 ], [ 580315.78125, 2332718.59375 ], [ 580321.40625, 2332724.21875 ], [ 580327.1875, 2332733.4375 ], [ 580331.25, 2332736.875 ], [ 580339.6875, 2332739.6875 ], [ 580353.4375, 2332740.9375 ], [ 580360.9375, 2332744.6875 ], [ 580364.375, 2332748.75 ], [ 580405.625, 2332831.25 ], [ 580411.25, 2332836.875 ], [ 580416.5625, 2332839.0625 ], [ 580423.125, 2332840.0 ], [ 580546.875, 2332840.0 ], [ 580560.3125, 2332841.5625 ], [ 580568.75, 2332844.375 ], [ 580575.3125, 2332849.0625 ], [ 580579.0625, 2332856.5625 ], [ 580580.0, 2332866.875 ], [ 580581.40625, 2332872.96875 ], [ 580584.6875, 2332877.1875 ], [ 580589.84375, 2332879.53125 ], [ 580780.3125, 2332879.6875 ], [ 580786.25, 2332878.125 ], [ 580790.9375, 2332875.3125 ], [ 580797.1875, 2332866.5625 ], [ 580803.75, 2332861.875 ], [ 580813.125, 2332860.0 ], [ 580846.875, 2332860.0 ], [ 580853.4375, 2332859.0625 ], [ 580860.9375, 2332855.3125 ], [ 580867.1875, 2332846.5625 ], [ 580873.75, 2332841.875 ], [ 580879.6875, 2332840.3125 ], [ 580893.90625, 2332839.53125 ], [ 580903.28125, 2332837.65625 ], [ 580933.90625, 2332823.28125 ], [ 580942.8125, 2332820.9375 ], [ 580953.125, 2332820.0 ], [ 581016.875, 2332820.0 ], [ 581023.4375, 2332820.9375 ], [ 581030.9375, 2332824.6875 ], [ 581034.375, 2332828.75 ], [ 581038.59375, 2332835.78125 ], [ 581046.40625, 2332842.96875 ], [ 581071.25, 2332855.625 ], [ 581082.8125, 2332859.0625 ], [ 581093.125, 2332860.0 ], [ 581190.3125, 2332859.6875 ], [ 581196.25, 2332858.125 ], [ 581200.9375, 2332855.3125 ], [ 581207.1875, 2332846.5625 ], [ 581213.75, 2332841.875 ], [ 581223.125, 2332840.0 ], [ 581256.875, 2332840.0 ], [ 581263.4375, 2332839.0625 ], [ 581270.9375, 2332835.3125 ], [ 581279.0625, 2332824.6875 ], [ 581283.75, 2332821.875 ], [ 581289.6875, 2332820.3125 ], [ 581390.3125, 2332819.6875 ], [ 581396.25, 2332818.125 ], [ 581400.9375, 2332815.3125 ], [ 581407.1875, 2332806.5625 ], [ 581411.25, 2332803.125 ], [ 581416.5625, 2332800.9375 ], [ 581423.125, 2332800.0 ], [ 581576.875, 2332800.0 ], [ 581583.4375, 2332799.0625 ], [ 581590.9375, 2332795.3125 ], [ 581595.625, 2332788.75 ], [ 581598.4375, 2332780.3125 ], [ 581599.53125, 2332773.90625 ], [ 581600.3125, 2332759.6875 ], [ 581603.125, 2332751.25 ], [ 581608.75, 2332745.625 ], [ 581613.90625, 2332743.28125 ], [ 581622.8125, 2332740.9375 ], [ 581633.125, 2332740.0 ], [ 581666.875, 2332740.0 ], [ 581677.1875, 2332740.9375 ], [ 581688.75, 2332744.375 ], [ 581713.90625, 2332756.71875 ], [ 581719.6875, 2332758.4375 ], [ 581729.53125, 2332759.84375 ], [ 581830.3125, 2332759.6875 ], [ 581838.75, 2332756.875 ], [ 581842.8125, 2332753.4375 ], [ 581849.0625, 2332744.6875 ], [ 581856.5625, 2332740.9375 ], [ 581863.125, 2332740.0 ], [ 581930.3125, 2332739.6875 ], [ 581938.75, 2332736.875 ], [ 581942.8125, 2332733.4375 ], [ 581949.0625, 2332724.6875 ], [ 581953.75, 2332721.875 ], [ 581959.6875, 2332720.3125 ], [ 582026.875, 2332720.0 ], [ 582033.90625, 2332719.53125 ], [ 582043.28125, 2332717.65625 ], [ 582076.71875, 2332702.34375 ], [ 582086.09375, 2332700.46875 ], [ 582100.3125, 2332699.6875 ], [ 582106.25, 2332698.125 ], [ 582112.8125, 2332693.4375 ], [ 582119.0625, 2332684.6875 ], [ 582123.75, 2332681.875 ], [ 582129.6875, 2332680.3125 ], [ 582286.875, 2332680.0 ], [ 582293.4375, 2332679.0625 ], [ 582298.75, 2332676.875 ], [ 582302.8125, 2332673.4375 ], [ 582315.625, 2332648.75 ], [ 582319.0625, 2332644.6875 ], [ 582326.5625, 2332640.9375 ], [ 582340.3125, 2332639.6875 ], [ 582346.25, 2332638.125 ], [ 582352.8125, 2332633.4375 ], [ 582359.0625, 2332624.6875 ], [ 582363.75, 2332621.875 ], [ 582369.6875, 2332620.3125 ], [ 582526.875, 2332620.0 ], [ 582540.3125, 2332618.4375 ], [ 582548.75, 2332615.625 ], [ 582691.25, 2332544.375 ], [ 582699.6875, 2332541.5625 ], [ 582713.125, 2332540.0 ], [ 582866.875, 2332540.0 ], [ 582873.4375, 2332539.0625 ], [ 582880.9375, 2332535.3125 ], [ 582887.1875, 2332526.5625 ], [ 582891.25, 2332523.125 ], [ 582899.6875, 2332520.3125 ], [ 582913.4375, 2332519.0625 ], [ 582920.9375, 2332515.3125 ], [ 582924.375, 2332511.25 ], [ 582937.03125, 2332486.40625 ], [ 582942.1875, 2332480.3125 ], [ 582948.75, 2332475.625 ], [ 583013.90625, 2332443.28125 ], [ 583022.8125, 2332440.9375 ], [ 583040.3125, 2332439.6875 ], [ 583046.25, 2332438.125 ], [ 583050.9375, 2332435.3125 ], [ 583057.1875, 2332426.5625 ], [ 583061.25, 2332423.125 ], [ 583066.5625, 2332420.9375 ], [ 583080.3125, 2332419.6875 ], [ 583086.25, 2332418.125 ], [ 583090.9375, 2332415.3125 ], [ 583097.1875, 2332406.5625 ], [ 583101.25, 2332403.125 ], [ 583106.5625, 2332400.9375 ], [ 583120.3125, 2332399.6875 ], [ 583126.25, 2332398.125 ], [ 583132.8125, 2332393.4375 ], [ 583139.0625, 2332384.6875 ], [ 583143.75, 2332381.875 ], [ 583149.6875, 2332380.3125 ], [ 583310.46875, 2332379.84375 ], [ 583317.1875, 2332379.0625 ], [ 583326.09375, 2332376.71875 ], [ 583356.71875, 2332362.34375 ], [ 583362.8125, 2332360.9375 ], [ 583373.125, 2332360.0 ], [ 583946.875, 2332360.0 ], [ 583953.4375, 2332360.9375 ], [ 583958.75, 2332363.125 ], [ 583962.8125, 2332366.5625 ], [ 583969.0625, 2332375.3125 ], [ 583976.5625, 2332379.0625 ], [ 583983.125, 2332380.0 ], [ 584016.875, 2332380.0 ], [ 584026.25, 2332381.875 ], [ 584032.8125, 2332386.5625 ], [ 584039.0625, 2332395.3125 ], [ 584046.5625, 2332399.0625 ], [ 584053.125, 2332400.0 ], [ 584120.3125, 2332400.3125 ], [ 584128.75, 2332403.125 ], [ 584132.8125, 2332406.5625 ], [ 584139.0625, 2332415.3125 ], [ 584146.5625, 2332419.0625 ], [ 584153.125, 2332420.0 ], [ 584220.3125, 2332420.3125 ], [ 584226.25, 2332421.875 ], [ 584230.9375, 2332424.6875 ], [ 584237.1875, 2332433.4375 ], [ 584241.25, 2332436.875 ], [ 584246.5625, 2332439.0625 ], [ 584253.125, 2332440.0 ], [ 584413.90625, 2332439.53125 ], [ 584420.3125, 2332438.4375 ], [ 584428.75, 2332435.625 ], [ 584453.59375, 2332422.96875 ], [ 584459.6875, 2332417.8125 ], [ 584469.0625, 2332404.6875 ], [ 584476.5625, 2332400.9375 ], [ 584483.125, 2332400.0 ], [ 584576.875, 2332400.0 ], [ 584583.4375, 2332399.0625 ], [ 584590.9375, 2332395.3125 ], [ 584597.1875, 2332386.5625 ], [ 584601.25, 2332383.125 ], [ 584606.5625, 2332380.9375 ], [ 584620.3125, 2332379.6875 ], [ 584626.25, 2332378.125 ], [ 584632.8125, 2332373.4375 ], [ 584639.0625, 2332364.6875 ], [ 584646.5625, 2332360.9375 ], [ 584653.125, 2332360.0 ], [ 584686.875, 2332360.0 ], [ 584697.1875, 2332359.0625 ], [ 584706.09375, 2332356.71875 ], [ 584731.25, 2332344.375 ], [ 584739.6875, 2332341.5625 ], [ 584753.125, 2332340.0 ], [ 584790.46875, 2332339.84375 ], [ 584800.3125, 2332338.4375 ], [ 584808.75, 2332335.625 ], [ 584831.25, 2332324.375 ], [ 584837.8125, 2332319.6875 ], [ 584844.375, 2332311.25 ], [ 584855.625, 2332288.75 ], [ 584859.0625, 2332284.6875 ], [ 584863.75, 2332281.875 ], [ 584873.125, 2332280.0 ], [ 584906.875, 2332280.0 ], [ 584917.1875, 2332279.0625 ], [ 584928.75, 2332275.625 ], [ 584951.25, 2332264.375 ], [ 584956.71875, 2332262.34375 ], [ 584966.09375, 2332260.46875 ], [ 584980.3125, 2332259.6875 ], [ 584988.75, 2332256.875 ], [ 584994.375, 2332251.25 ], [ 584996.71875, 2332246.09375 ], [ 584999.0625, 2332237.1875 ], [ 585000.0, 2332226.875 ], [ 585000.0, 2332193.125 ], [ 585001.875, 2332183.75 ], [ 585004.6875, 2332179.0625 ], [ 585008.75, 2332175.625 ], [ 585033.90625, 2332163.28125 ], [ 585042.8125, 2332160.9375 ], [ 585053.125, 2332160.0 ], [ 585176.875, 2332160.0 ], [ 585183.4375, 2332159.0625 ], [ 585190.9375, 2332155.3125 ], [ 585199.0625, 2332144.6875 ], [ 585206.5625, 2332140.9375 ], [ 585213.125, 2332140.0 ], [ 585246.875, 2332140.0 ], [ 585257.1875, 2332139.0625 ], [ 585268.75, 2332135.625 ], [ 585291.25, 2332124.375 ], [ 585296.71875, 2332122.34375 ], [ 585306.09375, 2332120.46875 ], [ 585320.3125, 2332119.6875 ], [ 585326.25, 2332118.125 ], [ 585330.9375, 2332115.3125 ], [ 585337.1875, 2332106.5625 ], [ 585341.25, 2332103.125 ], [ 585346.5625, 2332100.9375 ], [ 585360.3125, 2332099.6875 ], [ 585366.25, 2332098.125 ], [ 585370.9375, 2332095.3125 ], [ 585377.1875, 2332086.5625 ], [ 585381.25, 2332083.125 ], [ 585386.5625, 2332080.9375 ], [ 585400.3125, 2332079.6875 ], [ 585408.75, 2332076.875 ], [ 585412.8125, 2332073.4375 ], [ 585420.3125, 2332062.1875 ], [ 585426.40625, 2332057.03125 ], [ 585491.25, 2332024.375 ], [ 585495.78125, 2332021.40625 ], [ 585501.40625, 2332015.78125 ], [ 585518.59375, 2331984.21875 ], [ 585524.21875, 2331978.59375 ], [ 585533.4375, 2331972.8125 ], [ 585536.875, 2331968.75 ], [ 585539.0625, 2331963.4375 ], [ 585540.3125, 2331949.6875 ], [ 585541.875, 2331943.75 ], [ 585544.6875, 2331939.0625 ], [ 585553.4375, 2331932.8125 ], [ 585556.875, 2331928.75 ], [ 585559.0625, 2331923.4375 ], [ 585560.3125, 2331909.6875 ], [ 585561.875, 2331903.75 ], [ 585564.6875, 2331899.0625 ], [ 585573.4375, 2331892.8125 ], [ 585576.875, 2331888.75 ], [ 585579.6875, 2331880.3125 ], [ 585580.46875, 2331869.84375 ], [ 585581.40625, 2331867.03125 ], [ 585584.6875, 2331862.8125 ], [ 585589.84375, 2331860.46875 ], [ 585600.3125, 2331859.6875 ], [ 585608.75, 2331856.875 ], [ 585612.8125, 2331853.4375 ], [ 585618.59375, 2331844.21875 ], [ 585624.21875, 2331838.59375 ], [ 585628.75, 2331835.625 ], [ 585651.25, 2331824.375 ], [ 585656.71875, 2331822.34375 ], [ 585669.53125, 2331820.15625 ], [ 585713.90625, 2331819.53125 ], [ 585720.3125, 2331818.4375 ], [ 585728.75, 2331815.625 ], [ 585793.59375, 2331782.96875 ], [ 585799.6875, 2331777.8125 ], [ 585807.1875, 2331766.5625 ], [ 585811.25, 2331763.125 ], [ 585819.6875, 2331760.3125 ], [ 585830.15625, 2331759.53125 ], [ 585835.3125, 2331757.1875 ], [ 585837.1875, 2331755.3125 ], [ 585839.53125, 2331750.15625 ], [ 585840.3125, 2331739.6875 ], [ 585843.125, 2331731.25 ], [ 585846.5625, 2331727.1875 ], [ 585855.78125, 2331721.40625 ], [ 585861.40625, 2331715.78125 ], [ 585878.59375, 2331684.21875 ], [ 585886.40625, 2331677.03125 ], [ 585915.78125, 2331661.40625 ], [ 585921.40625, 2331655.78125 ], [ 585927.1875, 2331646.5625 ], [ 585931.25, 2331643.125 ], [ 585936.5625, 2331640.9375 ], [ 585943.125, 2331640.0 ], [ 586006.875, 2331640.0 ], [ 586010.15625, 2331639.53125 ], [ 586015.3125, 2331637.1875 ], [ 586017.1875, 2331635.3125 ], [ 586019.53125, 2331630.15625 ], [ 586020.46875, 2331586.09375 ], [ 586022.34375, 2331576.71875 ], [ 586025.625, 2331568.75 ], [ 586029.0625, 2331564.6875 ], [ 586036.5625, 2331560.9375 ], [ 586043.125, 2331560.0 ], [ 586080.3125, 2331559.6875 ], [ 586086.25, 2331558.125 ], [ 586090.9375, 2331555.3125 ], [ 586095.625, 2331548.75 ], [ 586099.0625, 2331537.1875 ], [ 586100.0, 2331526.875 ], [ 586100.0, 2331493.125 ], [ 586101.875, 2331483.75 ], [ 586104.6875, 2331479.0625 ], [ 586108.75, 2331475.625 ], [ 586131.25, 2331464.375 ], [ 586142.8125, 2331460.9375 ], [ 586160.3125, 2331459.6875 ], [ 586166.25, 2331458.125 ], [ 586172.8125, 2331453.4375 ], [ 586179.0625, 2331444.6875 ], [ 586183.75, 2331441.875 ], [ 586189.6875, 2331440.3125 ], [ 586256.875, 2331440.0 ], [ 586263.4375, 2331440.9375 ], [ 586268.75, 2331443.125 ], [ 586272.8125, 2331446.5625 ], [ 586275.625, 2331451.25 ], [ 586277.65625, 2331456.71875 ], [ 586279.84375, 2331469.53125 ], [ 586280.0, 2331506.875 ], [ 586280.9375, 2331517.1875 ], [ 586282.34375, 2331523.28125 ], [ 586285.625, 2331531.25 ], [ 586289.0625, 2331535.3125 ], [ 586293.75, 2331538.125 ], [ 586303.125, 2331540.0 ], [ 586426.875, 2331540.0 ], [ 586440.3125, 2331538.4375 ], [ 586451.25, 2331534.375 ], [ 586455.3125, 2331530.9375 ], [ 586458.125, 2331526.25 ], [ 586459.6875, 2331520.3125 ], [ 586460.9375, 2331506.5625 ], [ 586463.125, 2331501.25 ], [ 586466.5625, 2331497.1875 ], [ 586531.25, 2331464.375 ], [ 586535.78125, 2331461.40625 ], [ 586542.96875, 2331453.59375 ], [ 586555.625, 2331428.75 ], [ 586560.3125, 2331422.1875 ], [ 586568.75, 2331415.625 ], [ 586591.25, 2331404.375 ], [ 586595.78125, 2331401.40625 ], [ 586601.40625, 2331395.78125 ], [ 586607.1875, 2331386.5625 ], [ 586611.25, 2331383.125 ], [ 586616.5625, 2331380.9375 ], [ 586637.1875, 2331379.0625 ], [ 586648.75, 2331375.625 ], [ 586671.25, 2331364.375 ], [ 586675.78125, 2331361.40625 ], [ 586681.40625, 2331355.78125 ], [ 586687.1875, 2331346.5625 ], [ 586691.25, 2331343.125 ], [ 586696.5625, 2331340.9375 ], [ 586717.1875, 2331339.0625 ], [ 586728.75, 2331335.625 ], [ 586751.25, 2331324.375 ], [ 586755.78125, 2331321.40625 ], [ 586761.40625, 2331315.78125 ], [ 586767.1875, 2331306.5625 ], [ 586771.25, 2331303.125 ], [ 586779.6875, 2331300.3125 ], [ 586793.4375, 2331299.0625 ], [ 586800.9375, 2331295.3125 ], [ 586804.375, 2331291.25 ], [ 586815.625, 2331268.75 ], [ 586818.59375, 2331264.21875 ], [ 586824.21875, 2331258.59375 ], [ 586833.4375, 2331252.8125 ], [ 586836.875, 2331248.75 ], [ 586839.0625, 2331243.4375 ], [ 586840.3125, 2331229.6875 ], [ 586841.875, 2331223.75 ], [ 586844.6875, 2331219.0625 ], [ 586853.4375, 2331212.8125 ], [ 586856.875, 2331208.75 ], [ 586859.0625, 2331203.4375 ], [ 586860.3125, 2331189.6875 ], [ 586861.875, 2331183.75 ], [ 586864.6875, 2331179.0625 ], [ 586873.4375, 2331172.8125 ], [ 586876.875, 2331168.75 ], [ 586879.0625, 2331163.4375 ], [ 586880.3125, 2331149.6875 ], [ 586881.875, 2331143.75 ], [ 586884.6875, 2331139.0625 ], [ 586893.4375, 2331132.8125 ], [ 586896.875, 2331128.75 ], [ 586899.0625, 2331123.4375 ], [ 586900.3125, 2331109.6875 ], [ 586903.125, 2331101.25 ], [ 586908.75, 2331095.625 ], [ 586933.59375, 2331082.96875 ], [ 586941.40625, 2331075.78125 ], [ 586944.375, 2331071.25 ], [ 586987.1875, 2330986.5625 ], [ 586991.25, 2330983.125 ], [ 586996.5625, 2330980.9375 ], [ 587010.3125, 2330979.6875 ], [ 587018.75, 2330976.875 ], [ 587022.8125, 2330973.4375 ], [ 587029.0625, 2330964.6875 ], [ 587036.5625, 2330960.9375 ], [ 587043.125, 2330960.0 ], [ 587076.875, 2330960.0 ], [ 587083.4375, 2330959.0625 ], [ 587088.75, 2330956.875 ], [ 587094.375, 2330951.25 ], [ 587117.03125, 2330906.40625 ], [ 587124.21875, 2330898.59375 ], [ 587133.4375, 2330892.8125 ], [ 587138.125, 2330886.25 ], [ 587140.0, 2330876.875 ], [ 587140.0, 2330813.125 ], [ 587139.53125, 2330809.84375 ], [ 587137.1875, 2330804.6875 ], [ 587135.3125, 2330802.8125 ], [ 587130.15625, 2330800.46875 ], [ 587033.125, 2330800.0 ], [ 587026.5625, 2330800.9375 ], [ 587021.25, 2330803.125 ], [ 587017.1875, 2330806.5625 ], [ 587002.8125, 2330833.4375 ], [ 586998.75, 2330836.875 ], [ 586990.3125, 2330839.6875 ], [ 586953.125, 2330840.0 ], [ 586939.6875, 2330838.4375 ], [ 586931.25, 2330835.625 ], [ 586926.5625, 2330832.8125 ], [ 586923.125, 2330828.75 ], [ 586920.9375, 2330823.4375 ], [ 586920.0, 2330816.875 ], [ 586920.0, 2330723.125 ], [ 586920.9375, 2330716.5625 ], [ 586924.6875, 2330709.0625 ], [ 586928.75, 2330705.625 ], [ 586935.78125, 2330701.40625 ], [ 586941.40625, 2330695.78125 ], [ 586944.375, 2330691.25 ], [ 586955.625, 2330668.75 ], [ 586958.4375, 2330660.3125 ], [ 586959.84375, 2330650.46875 ], [ 586960.0, 2330613.125 ], [ 586960.9375, 2330606.5625 ], [ 586964.6875, 2330599.0625 ], [ 586975.3125, 2330590.9375 ], [ 586978.125, 2330586.25 ], [ 586979.6875, 2330580.3125 ], [ 586979.6875, 2330509.6875 ], [ 586976.875, 2330501.25 ], [ 586973.4375, 2330497.1875 ], [ 586964.6875, 2330490.9375 ], [ 586960.9375, 2330483.4375 ], [ 586960.0, 2330476.875 ], [ 586960.3125, 2330439.6875 ], [ 586961.875, 2330433.75 ], [ 586964.6875, 2330429.0625 ], [ 586968.75, 2330425.625 ], [ 586975.78125, 2330421.40625 ], [ 586982.96875, 2330413.59375 ], [ 586996.71875, 2330386.09375 ], [ 586998.4375, 2330380.3125 ], [ 586999.84375, 2330370.46875 ], [ 587000.3125, 2330329.6875 ], [ 587001.875, 2330323.75 ], [ 587004.6875, 2330319.0625 ], [ 587008.75, 2330315.625 ], [ 587031.25, 2330304.375 ], [ 587039.6875, 2330301.5625 ], [ 587049.53125, 2330300.15625 ], [ 587060.3125, 2330300.3125 ], [ 587068.75, 2330303.125 ], [ 587072.8125, 2330306.5625 ], [ 587076.71875, 2330313.90625 ], [ 587078.4375, 2330319.6875 ], [ 587079.84375, 2330329.53125 ], [ 587080.0, 2330366.875 ], [ 587080.9375, 2330373.4375 ], [ 587084.6875, 2330380.9375 ], [ 587093.4375, 2330387.1875 ], [ 587098.125, 2330393.75 ], [ 587099.6875, 2330399.6875 ], [ 587100.3125, 2330410.3125 ], [ 587103.125, 2330418.75 ], [ 587106.5625, 2330422.8125 ], [ 587113.4375, 2330427.1875 ], [ 587118.125, 2330433.75 ], [ 587120.0, 2330443.125 ], [ 587120.0, 2330476.875 ], [ 587120.9375, 2330483.4375 ], [ 587124.6875, 2330490.9375 ], [ 587135.3125, 2330499.0625 ], [ 587138.125, 2330503.75 ], [ 587139.6875, 2330509.6875 ], [ 587140.0, 2330666.875 ], [ 587141.5625, 2330680.3125 ], [ 587144.375, 2330688.75 ], [ 587149.0625, 2330695.3125 ], [ 587156.5625, 2330699.0625 ], [ 587166.875, 2330700.0 ], [ 587172.96875, 2330701.40625 ], [ 587175.3125, 2330702.8125 ], [ 587178.59375, 2330707.03125 ], [ 587180.0, 2330713.125 ], [ 587180.46875, 2330753.90625 ], [ 587183.28125, 2330766.09375 ], [ 587187.1875, 2330773.4375 ], [ 587193.75, 2330778.125 ], [ 587203.125, 2330780.0 ], [ 587266.875, 2330780.0 ], [ 587277.1875, 2330779.0625 ], [ 587288.75, 2330775.625 ], [ 587313.59375, 2330762.96875 ], [ 587321.40625, 2330755.78125 ], [ 587327.1875, 2330746.5625 ], [ 587333.75, 2330741.875 ], [ 587343.125, 2330740.0 ], [ 587376.875, 2330740.0 ], [ 587383.4375, 2330739.0625 ], [ 587388.75, 2330736.875 ], [ 587392.8125, 2330733.4375 ], [ 587398.59375, 2330724.21875 ], [ 587404.21875, 2330718.59375 ], [ 587408.75, 2330715.625 ], [ 587431.25, 2330704.375 ], [ 587439.6875, 2330697.8125 ], [ 587444.375, 2330691.25 ], [ 587455.625, 2330668.75 ], [ 587459.0625, 2330664.6875 ], [ 587466.5625, 2330660.9375 ], [ 587480.3125, 2330659.6875 ], [ 587486.25, 2330658.125 ], [ 587490.9375, 2330655.3125 ], [ 587497.1875, 2330646.5625 ], [ 587501.25, 2330643.125 ], [ 587509.6875, 2330640.3125 ], [ 587523.4375, 2330639.0625 ], [ 587528.75, 2330636.875 ], [ 587532.8125, 2330633.4375 ], [ 587567.1875, 2330566.5625 ], [ 587573.75, 2330561.875 ], [ 587579.6875, 2330560.3125 ], [ 587590.15625, 2330559.53125 ], [ 587592.96875, 2330558.59375 ], [ 587597.1875, 2330555.3125 ], [ 587599.53125, 2330550.15625 ], [ 587600.3125, 2330539.6875 ], [ 587603.125, 2330531.25 ], [ 587606.5625, 2330527.1875 ], [ 587615.78125, 2330521.40625 ], [ 587621.40625, 2330515.78125 ], [ 587638.59375, 2330484.21875 ], [ 587646.40625, 2330477.03125 ], [ 587671.25, 2330464.375 ], [ 587676.875, 2330458.75 ], [ 587679.0625, 2330453.4375 ], [ 587680.3125, 2330439.6875 ], [ 587683.125, 2330431.25 ], [ 587686.5625, 2330427.1875 ], [ 587695.78125, 2330421.40625 ], [ 587701.40625, 2330415.78125 ], [ 587718.59375, 2330384.21875 ], [ 587726.40625, 2330377.03125 ], [ 587751.25, 2330364.375 ], [ 587755.3125, 2330360.9375 ], [ 587759.0625, 2330353.4375 ], [ 587760.3125, 2330339.6875 ], [ 587763.125, 2330331.25 ], [ 587766.5625, 2330327.1875 ], [ 587773.59375, 2330322.96875 ], [ 587779.6875, 2330317.8125 ], [ 587784.375, 2330311.25 ], [ 587795.625, 2330288.75 ], [ 587798.59375, 2330284.21875 ], [ 587804.21875, 2330278.59375 ], [ 587813.4375, 2330272.8125 ], [ 587816.875, 2330268.75 ], [ 587819.6875, 2330260.3125 ], [ 587820.9375, 2330246.5625 ], [ 587824.6875, 2330239.0625 ], [ 587828.75, 2330235.625 ], [ 587853.59375, 2330222.96875 ], [ 587859.6875, 2330217.8125 ], [ 587864.375, 2330211.25 ], [ 587875.625, 2330188.75 ], [ 587882.1875, 2330180.3125 ], [ 587888.75, 2330175.625 ], [ 587911.25, 2330164.375 ], [ 587919.6875, 2330157.8125 ], [ 587924.375, 2330151.25 ], [ 587935.625, 2330128.75 ], [ 587938.59375, 2330124.21875 ], [ 587944.21875, 2330118.59375 ], [ 587953.4375, 2330112.8125 ], [ 587956.875, 2330108.75 ], [ 587959.6875, 2330100.3125 ], [ 587960.9375, 2330086.5625 ], [ 587964.6875, 2330079.0625 ], [ 587968.75, 2330075.625 ], [ 587993.59375, 2330062.96875 ], [ 588001.40625, 2330055.78125 ], [ 588018.59375, 2330024.21875 ], [ 588024.21875, 2330018.59375 ], [ 588033.4375, 2330012.8125 ], [ 588036.875, 2330008.75 ], [ 588039.6875, 2330000.3125 ], [ 588040.9375, 2329986.5625 ], [ 588044.6875, 2329979.0625 ], [ 588048.75, 2329975.625 ], [ 588071.25, 2329964.375 ], [ 588076.875, 2329958.75 ], [ 588079.0625, 2329953.4375 ], [ 588080.3125, 2329939.6875 ], [ 588081.875, 2329933.75 ], [ 588084.6875, 2329929.0625 ], [ 588093.4375, 2329922.8125 ], [ 588096.875, 2329918.75 ], [ 588099.0625, 2329913.4375 ], [ 588100.3125, 2329899.6875 ], [ 588103.125, 2329891.25 ], [ 588106.5625, 2329887.1875 ], [ 588113.59375, 2329882.96875 ], [ 588119.6875, 2329877.8125 ], [ 588124.375, 2329871.25 ], [ 588135.625, 2329848.75 ], [ 588138.59375, 2329844.21875 ], [ 588144.21875, 2329838.59375 ], [ 588153.4375, 2329832.8125 ], [ 588156.875, 2329828.75 ], [ 588159.6875, 2329820.3125 ], [ 588160.9375, 2329806.5625 ], [ 588164.6875, 2329799.0625 ], [ 588168.75, 2329795.625 ], [ 588191.25, 2329784.375 ], [ 588197.8125, 2329779.6875 ], [ 588202.96875, 2329773.59375 ], [ 588215.625, 2329748.75 ], [ 588220.3125, 2329742.1875 ], [ 588228.75, 2329735.625 ], [ 588251.25, 2329724.375 ], [ 588256.875, 2329718.75 ], [ 588259.0625, 2329713.4375 ], [ 588260.3125, 2329699.6875 ], [ 588261.875, 2329693.75 ], [ 588264.6875, 2329689.0625 ], [ 588273.4375, 2329682.8125 ], [ 588276.875, 2329678.75 ], [ 588279.0625, 2329673.4375 ], [ 588280.3125, 2329659.6875 ], [ 588281.875, 2329653.75 ], [ 588284.6875, 2329649.0625 ], [ 588293.4375, 2329642.8125 ], [ 588296.875, 2329638.75 ], [ 588299.0625, 2329633.4375 ], [ 588300.3125, 2329619.6875 ], [ 588301.875, 2329613.75 ], [ 588304.6875, 2329609.0625 ], [ 588313.4375, 2329602.8125 ], [ 588316.875, 2329598.75 ], [ 588319.0625, 2329593.4375 ], [ 588320.3125, 2329579.6875 ], [ 588321.875, 2329573.75 ], [ 588324.6875, 2329569.0625 ], [ 588333.4375, 2329562.8125 ], [ 588336.875, 2329558.75 ], [ 588339.0625, 2329553.4375 ], [ 588340.3125, 2329539.6875 ], [ 588341.875, 2329533.75 ], [ 588344.6875, 2329529.0625 ], [ 588353.4375, 2329522.8125 ], [ 588356.875, 2329518.75 ], [ 588359.0625, 2329513.4375 ], [ 588360.3125, 2329499.6875 ], [ 588363.125, 2329491.25 ], [ 588366.5625, 2329487.1875 ], [ 588375.78125, 2329481.40625 ], [ 588381.40625, 2329475.78125 ], [ 588384.375, 2329471.25 ], [ 588395.625, 2329448.75 ], [ 588397.65625, 2329443.28125 ], [ 588399.53125, 2329433.90625 ], [ 588400.0, 2329393.125 ], [ 588401.875, 2329383.75 ], [ 588404.6875, 2329379.0625 ], [ 588413.4375, 2329372.8125 ], [ 588416.875, 2329368.75 ], [ 588419.0625, 2329363.4375 ], [ 588420.3125, 2329349.6875 ], [ 588421.875, 2329343.75 ], [ 588424.6875, 2329339.0625 ], [ 588433.4375, 2329332.8125 ], [ 588438.125, 2329326.25 ], [ 588439.6875, 2329320.3125 ], [ 588440.9375, 2329302.8125 ], [ 588443.28125, 2329293.90625 ], [ 588475.625, 2329228.75 ], [ 588477.65625, 2329223.28125 ], [ 588479.84375, 2329210.46875 ], [ 588480.0, 2329173.125 ], [ 588481.875, 2329163.75 ], [ 588484.6875, 2329159.0625 ], [ 588493.4375, 2329152.8125 ], [ 588496.875, 2329148.75 ], [ 588499.0625, 2329143.4375 ], [ 588500.3125, 2329129.6875 ], [ 588501.875, 2329123.75 ], [ 588504.6875, 2329119.0625 ], [ 588513.4375, 2329112.8125 ], [ 588516.875, 2329108.75 ], [ 588519.0625, 2329103.4375 ], [ 588520.3125, 2329089.6875 ], [ 588521.875, 2329083.75 ], [ 588526.5625, 2329077.1875 ], [ 588535.3125, 2329070.9375 ], [ 588539.0625, 2329063.4375 ], [ 588540.0, 2329056.875 ], [ 588540.0, 2329023.125 ], [ 588540.9375, 2329016.5625 ], [ 588544.6875, 2329009.0625 ], [ 588553.4375, 2329002.8125 ], [ 588558.125, 2328996.25 ], [ 588560.0, 2328986.875 ], [ 588560.0, 2328953.125 ], [ 588560.9375, 2328946.5625 ], [ 588564.6875, 2328939.0625 ], [ 588573.4375, 2328932.8125 ], [ 588578.125, 2328926.25 ], [ 588579.6875, 2328920.3125 ], [ 588580.46875, 2328906.09375 ], [ 588582.34375, 2328896.71875 ], [ 588584.375, 2328891.25 ], [ 588595.625, 2328868.75 ], [ 588598.4375, 2328860.3125 ], [ 588599.84375, 2328850.46875 ], [ 588600.0, 2328813.125 ], [ 588600.9375, 2328806.5625 ], [ 588604.6875, 2328799.0625 ], [ 588615.3125, 2328790.9375 ], [ 588619.0625, 2328783.4375 ], [ 588620.0, 2328776.875 ], [ 588620.0, 2328713.125 ], [ 588621.875, 2328703.75 ], [ 588624.6875, 2328699.0625 ], [ 588628.75, 2328695.625 ], [ 588653.4375, 2328682.8125 ], [ 588656.875, 2328678.75 ], [ 588659.0625, 2328673.4375 ], [ 588660.0, 2328666.875 ], [ 588660.0, 2328513.125 ], [ 588660.9375, 2328506.5625 ], [ 588664.6875, 2328499.0625 ], [ 588673.4375, 2328492.8125 ], [ 588678.125, 2328486.25 ], [ 588679.6875, 2328480.3125 ], [ 588680.9375, 2328462.8125 ], [ 588683.28125, 2328453.90625 ], [ 588715.625, 2328388.75 ], [ 588717.65625, 2328383.28125 ], [ 588719.0625, 2328377.1875 ], [ 588720.0, 2328366.875 ], [ 588720.0, 2328303.125 ], [ 588720.9375, 2328296.5625 ], [ 588724.6875, 2328289.0625 ], [ 588733.4375, 2328282.8125 ], [ 588736.875, 2328278.75 ], [ 588739.0625, 2328273.4375 ], [ 588740.3125, 2328259.6875 ], [ 588741.875, 2328253.75 ], [ 588746.5625, 2328247.1875 ], [ 588755.3125, 2328240.9375 ], [ 588759.0625, 2328233.4375 ], [ 588760.0, 2328226.875 ], [ 588760.3125, 2328159.6875 ], [ 588763.125, 2328151.25 ], [ 588766.5625, 2328147.1875 ], [ 588775.3125, 2328140.9375 ], [ 588779.0625, 2328133.4375 ], [ 588780.0, 2328126.875 ], [ 588780.15625, 2328089.53125 ], [ 588780.9375, 2328082.8125 ], [ 588783.28125, 2328073.90625 ], [ 588817.03125, 2328006.40625 ], [ 588820.3125, 2328002.1875 ], [ 588826.40625, 2327997.03125 ], [ 588851.25, 2327984.375 ], [ 588855.3125, 2327980.9375 ], [ 588859.0625, 2327973.4375 ], [ 588860.3125, 2327959.6875 ], [ 588863.125, 2327951.25 ], [ 588866.5625, 2327947.1875 ], [ 588877.8125, 2327939.6875 ], [ 588884.375, 2327931.25 ], [ 588895.625, 2327908.75 ], [ 588897.65625, 2327903.28125 ], [ 588899.53125, 2327893.90625 ], [ 588900.3125, 2327879.6875 ], [ 588901.875, 2327873.75 ], [ 588906.5625, 2327867.1875 ], [ 588915.3125, 2327860.9375 ], [ 588919.0625, 2327853.4375 ], [ 588920.0, 2327846.875 ], [ 588920.15625, 2327809.53125 ], [ 588920.9375, 2327802.8125 ], [ 588923.28125, 2327793.90625 ], [ 588935.625, 2327768.75 ], [ 588938.59375, 2327764.21875 ], [ 588944.21875, 2327758.59375 ], [ 588953.4375, 2327752.8125 ], [ 588956.875, 2327748.75 ], [ 588959.0625, 2327743.4375 ], [ 588960.3125, 2327729.6875 ], [ 588963.125, 2327721.25 ], [ 588968.75, 2327715.625 ], [ 588991.25, 2327704.375 ], [ 588997.8125, 2327699.6875 ], [ 589004.375, 2327691.25 ], [ 589015.625, 2327668.75 ], [ 589018.59375, 2327664.21875 ], [ 589024.21875, 2327658.59375 ], [ 589031.25, 2327654.375 ], [ 589035.3125, 2327650.9375 ], [ 589039.0625, 2327643.4375 ], [ 589040.3125, 2327629.6875 ], [ 589043.125, 2327621.25 ], [ 589046.5625, 2327617.1875 ], [ 589053.4375, 2327612.8125 ], [ 589058.125, 2327606.25 ], [ 589059.6875, 2327600.3125 ], [ 589060.3125, 2327589.6875 ], [ 589063.125, 2327581.25 ], [ 589066.5625, 2327577.1875 ], [ 589073.4375, 2327572.8125 ], [ 589078.125, 2327566.25 ], [ 589079.6875, 2327560.3125 ], [ 589080.46875, 2327546.09375 ], [ 589082.34375, 2327536.71875 ], [ 589084.375, 2327531.25 ], [ 589095.625, 2327508.75 ], [ 589099.0625, 2327497.1875 ], [ 589100.0, 2327486.875 ], [ 589100.15625, 2327449.53125 ], [ 589102.34375, 2327436.71875 ], [ 589117.65625, 2327403.28125 ], [ 589119.53125, 2327393.90625 ], [ 589120.3125, 2327379.6875 ], [ 589121.875, 2327373.75 ], [ 589126.5625, 2327367.1875 ], [ 589135.3125, 2327360.9375 ], [ 589138.125, 2327356.25 ], [ 589139.6875, 2327350.3125 ], [ 589140.0, 2327163.125 ], [ 589140.9375, 2327156.5625 ], [ 589144.6875, 2327149.0625 ], [ 589157.8125, 2327139.6875 ], [ 589161.40625, 2327135.78125 ], [ 589167.1875, 2327126.5625 ], [ 589171.25, 2327123.125 ], [ 589176.5625, 2327120.9375 ], [ 589183.125, 2327120.0 ], [ 589216.875, 2327120.0 ], [ 589223.4375, 2327119.0625 ], [ 589230.9375, 2327115.3125 ], [ 589235.625, 2327108.75 ], [ 589238.4375, 2327100.3125 ], [ 589239.84375, 2327090.46875 ], [ 589240.0, 2327053.125 ], [ 589240.9375, 2327046.5625 ], [ 589244.6875, 2327039.0625 ], [ 589255.3125, 2327030.9375 ], [ 589259.0625, 2327023.4375 ], [ 589260.46875, 2327006.09375 ], [ 589262.34375, 2326996.71875 ], [ 589264.375, 2326991.25 ], [ 589275.625, 2326968.75 ], [ 589279.0625, 2326957.1875 ], [ 589280.0, 2326946.875 ], [ 589280.0, 2326913.125 ], [ 589280.9375, 2326906.5625 ], [ 589284.6875, 2326899.0625 ], [ 589293.4375, 2326892.8125 ], [ 589298.125, 2326886.25 ], [ 589300.0, 2326876.875 ], [ 589300.0, 2326843.125 ], [ 589300.9375, 2326836.5625 ], [ 589304.6875, 2326829.0625 ], [ 589315.3125, 2326820.9375 ], [ 589318.125, 2326816.25 ], [ 589319.6875, 2326810.3125 ], [ 589320.0, 2326773.125 ], [ 589320.9375, 2326766.5625 ], [ 589324.6875, 2326759.0625 ], [ 589335.3125, 2326750.9375 ], [ 589339.0625, 2326743.4375 ], [ 589340.0, 2326736.875 ], [ 589340.0, 2326703.125 ], [ 589340.9375, 2326696.5625 ], [ 589344.6875, 2326689.0625 ], [ 589355.3125, 2326680.9375 ], [ 589359.0625, 2326673.4375 ], [ 589360.0, 2326666.875 ], [ 589359.6875, 2326599.6875 ], [ 589356.875, 2326591.25 ], [ 589353.4375, 2326587.1875 ], [ 589344.6875, 2326580.9375 ], [ 589340.9375, 2326573.4375 ], [ 589340.0, 2326566.875 ], [ 589340.0, 2326533.125 ], [ 589341.875, 2326523.75 ], [ 589344.6875, 2326519.0625 ], [ 589348.75, 2326515.625 ], [ 589371.25, 2326504.375 ], [ 589376.71875, 2326502.34375 ], [ 589389.53125, 2326500.15625 ], [ 589426.875, 2326500.0 ], [ 589432.96875, 2326498.59375 ], [ 589437.1875, 2326495.3125 ], [ 589438.59375, 2326492.96875 ], [ 589440.0, 2326486.875 ], [ 589440.0, 2326453.125 ], [ 589441.875, 2326443.75 ], [ 589444.6875, 2326439.0625 ], [ 589453.4375, 2326432.8125 ], [ 589456.875, 2326428.75 ], [ 589459.0625, 2326423.4375 ], [ 589460.3125, 2326409.6875 ], [ 589461.875, 2326403.75 ], [ 589466.5625, 2326397.1875 ], [ 589475.3125, 2326390.9375 ], [ 589479.0625, 2326383.4375 ], [ 589480.0, 2326376.875 ], [ 589480.3125, 2326279.6875 ], [ 589483.125, 2326271.25 ], [ 589486.5625, 2326267.1875 ], [ 589495.3125, 2326260.9375 ], [ 589499.0625, 2326253.4375 ], [ 589500.0, 2326246.875 ], [ 589500.0, 2326213.125 ], [ 589501.875, 2326203.75 ], [ 589506.5625, 2326197.1875 ], [ 589515.3125, 2326190.9375 ], [ 589519.0625, 2326183.4375 ], [ 589520.0, 2326176.875 ], [ 589520.0, 2326113.125 ], [ 589520.9375, 2326106.5625 ], [ 589524.6875, 2326099.0625 ], [ 589533.4375, 2326092.8125 ], [ 589538.125, 2326086.25 ], [ 589539.6875, 2326080.3125 ], [ 589540.3125, 2326069.6875 ], [ 589543.125, 2326061.25 ], [ 589546.5625, 2326057.1875 ], [ 589553.4375, 2326052.8125 ], [ 589558.125, 2326046.25 ], [ 589559.6875, 2326040.3125 ], [ 589560.46875, 2326026.09375 ], [ 589562.34375, 2326016.71875 ], [ 589564.375, 2326011.25 ], [ 589575.625, 2325988.75 ], [ 589579.0625, 2325977.1875 ], [ 589580.0, 2325966.875 ], [ 589580.0, 2325933.125 ], [ 589580.9375, 2325926.5625 ], [ 589584.6875, 2325919.0625 ], [ 589595.3125, 2325910.9375 ], [ 589598.125, 2325906.25 ], [ 589599.6875, 2325900.3125 ], [ 589600.3125, 2325709.6875 ], [ 589601.875, 2325703.75 ], [ 589604.6875, 2325699.0625 ], [ 589613.4375, 2325692.8125 ], [ 589618.125, 2325686.25 ], [ 589620.0, 2325676.875 ], [ 589620.0, 2325643.125 ], [ 589620.9375, 2325636.5625 ], [ 589624.6875, 2325629.0625 ], [ 589635.3125, 2325620.9375 ], [ 589638.125, 2325616.25 ], [ 589639.6875, 2325610.3125 ], [ 589640.0, 2325453.125 ], [ 589640.9375, 2325446.5625 ], [ 589643.125, 2325441.25 ], [ 589646.5625, 2325437.1875 ], [ 589655.3125, 2325430.9375 ], [ 589658.125, 2325426.25 ], [ 589659.6875, 2325420.3125 ], [ 589660.3125, 2325319.6875 ], [ 589663.125, 2325311.25 ], [ 589666.5625, 2325307.1875 ], [ 589675.3125, 2325300.9375 ], [ 589679.0625, 2325293.4375 ], [ 589680.0, 2325286.875 ], [ 589680.15625, 2325249.53125 ], [ 589681.5625, 2325239.6875 ], [ 589684.375, 2325231.25 ], [ 589696.71875, 2325206.09375 ], [ 589699.53125, 2325193.90625 ], [ 589700.3125, 2325119.6875 ], [ 589703.125, 2325111.25 ], [ 589706.5625, 2325107.1875 ], [ 589715.3125, 2325100.9375 ], [ 589719.0625, 2325093.4375 ], [ 589720.0, 2325086.875 ], [ 589720.0, 2325053.125 ], [ 589720.9375, 2325042.8125 ], [ 589723.28125, 2325033.90625 ], [ 589735.625, 2325008.75 ], [ 589738.4375, 2325000.3125 ], [ 589739.84375, 2324990.46875 ], [ 589740.0, 2324953.125 ], [ 589740.9375, 2324946.5625 ], [ 589744.6875, 2324939.0625 ], [ 589755.3125, 2324930.9375 ], [ 589759.0625, 2324923.4375 ], [ 589760.0, 2324916.875 ], [ 589760.0, 2324853.125 ], [ 589760.9375, 2324846.5625 ], [ 589764.6875, 2324839.0625 ], [ 589773.4375, 2324832.8125 ], [ 589778.125, 2324826.25 ], [ 589779.6875, 2324820.3125 ], [ 589780.15625, 2324809.53125 ], [ 589781.5625, 2324799.6875 ], [ 589784.375, 2324791.25 ], [ 589795.625, 2324768.75 ], [ 589797.65625, 2324763.28125 ], [ 589799.53125, 2324753.90625 ], [ 589800.3125, 2324739.6875 ], [ 589801.875, 2324733.75 ], [ 589804.6875, 2324729.0625 ], [ 589813.4375, 2324722.8125 ], [ 589816.875, 2324718.75 ], [ 589819.0625, 2324713.4375 ], [ 589820.3125, 2324699.6875 ], [ 589823.125, 2324691.25 ], [ 589826.5625, 2324687.1875 ], [ 589835.78125, 2324681.40625 ], [ 589841.40625, 2324675.78125 ], [ 589844.375, 2324671.25 ], [ 589856.71875, 2324646.09375 ], [ 589858.4375, 2324640.3125 ], [ 589859.84375, 2324630.46875 ], [ 589860.0, 2324563.125 ], [ 589861.875, 2324553.75 ], [ 589864.6875, 2324549.0625 ], [ 589873.4375, 2324542.8125 ], [ 589876.875, 2324538.75 ], [ 589879.0625, 2324533.4375 ], [ 589880.3125, 2324519.6875 ], [ 589881.875, 2324513.75 ], [ 589884.6875, 2324509.0625 ], [ 589893.4375, 2324502.8125 ], [ 589896.875, 2324498.75 ], [ 589899.0625, 2324493.4375 ], [ 589900.3125, 2324479.6875 ], [ 589901.875, 2324473.75 ], [ 589904.6875, 2324469.0625 ], [ 589913.4375, 2324462.8125 ], [ 589916.875, 2324458.75 ], [ 589919.0625, 2324453.4375 ], [ 589920.3125, 2324439.6875 ], [ 589921.875, 2324433.75 ], [ 589924.6875, 2324429.0625 ], [ 589933.4375, 2324422.8125 ], [ 589938.125, 2324416.25 ], [ 589940.0, 2324406.875 ], [ 589940.0, 2324373.125 ], [ 589940.9375, 2324366.5625 ], [ 589944.6875, 2324359.0625 ], [ 589953.4375, 2324352.8125 ], [ 589958.125, 2324346.25 ], [ 589959.6875, 2324340.3125 ], [ 589960.15625, 2324329.53125 ], [ 589961.5625, 2324319.6875 ], [ 589964.375, 2324311.25 ], [ 589975.625, 2324288.75 ], [ 589977.65625, 2324283.28125 ], [ 589979.53125, 2324273.90625 ], [ 589980.3125, 2324259.6875 ], [ 589981.875, 2324253.75 ], [ 589984.6875, 2324249.0625 ], [ 589993.4375, 2324242.8125 ], [ 589998.125, 2324236.25 ], [ 590000.0, 2324226.875 ], [ 590000.0, 2324193.125 ], [ 590001.875, 2324183.75 ], [ 590004.6875, 2324179.0625 ], [ 590013.4375, 2324172.8125 ], [ 590016.875, 2324168.75 ], [ 590019.0625, 2324163.4375 ], [ 590020.3125, 2324149.6875 ], [ 590021.875, 2324143.75 ], [ 590026.5625, 2324137.1875 ], [ 590035.3125, 2324130.9375 ], [ 590039.0625, 2324123.4375 ], [ 590040.0, 2324116.875 ], [ 590040.0, 2323993.125 ], [ 590040.9375, 2323986.5625 ], [ 590044.6875, 2323979.0625 ], [ 590053.4375, 2323972.8125 ], [ 590058.125, 2323966.25 ], [ 590059.6875, 2323960.3125 ], [ 590060.46875, 2323946.09375 ], [ 590062.34375, 2323936.71875 ], [ 590064.375, 2323931.25 ], [ 590075.625, 2323908.75 ], [ 590080.3125, 2323902.1875 ], [ 590084.21875, 2323898.59375 ], [ 590093.4375, 2323892.8125 ], [ 590098.125, 2323886.25 ], [ 590099.6875, 2323880.3125 ], [ 590100.3125, 2323869.6875 ], [ 590103.125, 2323861.25 ], [ 590108.75, 2323855.625 ], [ 590131.25, 2323844.375 ], [ 590135.3125, 2323840.9375 ], [ 590139.0625, 2323833.4375 ], [ 590140.3125, 2323819.6875 ], [ 590143.125, 2323811.25 ], [ 590146.5625, 2323807.1875 ], [ 590153.59375, 2323802.96875 ], [ 590159.6875, 2323797.8125 ], [ 590164.375, 2323791.25 ], [ 590175.625, 2323768.75 ], [ 590178.59375, 2323764.21875 ], [ 590184.21875, 2323758.59375 ], [ 590193.4375, 2323752.8125 ], [ 590196.875, 2323748.75 ], [ 590199.6875, 2323740.3125 ], [ 590200.46875, 2323726.09375 ], [ 590202.34375, 2323716.71875 ], [ 590217.65625, 2323683.28125 ], [ 590219.53125, 2323673.90625 ], [ 590220.3125, 2323659.6875 ], [ 590221.875, 2323653.75 ], [ 590226.5625, 2323647.1875 ], [ 590235.78125, 2323641.40625 ], [ 590242.96875, 2323633.59375 ], [ 590277.03125, 2323566.40625 ], [ 590282.1875, 2323560.3125 ], [ 590293.4375, 2323552.8125 ], [ 590296.875, 2323548.75 ], [ 590299.0625, 2323543.4375 ], [ 590300.3125, 2323529.6875 ], [ 590301.875, 2323523.75 ], [ 590304.6875, 2323519.0625 ], [ 590313.4375, 2323512.8125 ], [ 590318.125, 2323506.25 ], [ 590319.6875, 2323500.3125 ], [ 590320.9375, 2323482.8125 ], [ 590324.375, 2323471.25 ], [ 590357.03125, 2323406.40625 ], [ 590362.1875, 2323400.3125 ], [ 590373.4375, 2323392.8125 ], [ 590376.875, 2323388.75 ], [ 590379.6875, 2323380.3125 ], [ 590380.9375, 2323366.5625 ], [ 590384.6875, 2323359.0625 ], [ 590388.75, 2323355.625 ], [ 590413.59375, 2323342.96875 ], [ 590419.6875, 2323337.8125 ], [ 590424.375, 2323331.25 ], [ 590445.625, 2323288.75 ], [ 590449.0625, 2323284.6875 ], [ 590456.5625, 2323280.9375 ], [ 590473.4375, 2323279.0625 ], [ 590478.75, 2323276.875 ], [ 590482.8125, 2323273.4375 ], [ 590517.03125, 2323206.40625 ], [ 590522.1875, 2323200.3125 ], [ 590533.4375, 2323192.8125 ], [ 590536.875, 2323188.75 ], [ 590539.0625, 2323183.4375 ], [ 590540.3125, 2323169.6875 ], [ 590543.125, 2323161.25 ], [ 590548.75, 2323155.625 ], [ 590573.59375, 2323142.96875 ], [ 590581.40625, 2323135.78125 ], [ 590584.375, 2323131.25 ], [ 590615.625, 2323068.75 ], [ 590619.0625, 2323064.6875 ], [ 590626.5625, 2323060.9375 ], [ 590640.3125, 2323059.6875 ], [ 590648.75, 2323056.875 ], [ 590652.8125, 2323053.4375 ], [ 590657.03125, 2323046.40625 ], [ 590662.1875, 2323040.3125 ], [ 590668.75, 2323035.625 ], [ 590691.25, 2323024.375 ], [ 590695.78125, 2323021.40625 ], [ 590701.40625, 2323015.78125 ], [ 590707.1875, 2323006.5625 ], [ 590711.25, 2323003.125 ], [ 590716.5625, 2323000.9375 ], [ 590730.3125, 2322999.6875 ], [ 590738.75, 2322996.875 ], [ 590744.375, 2322991.25 ], [ 590757.03125, 2322966.40625 ], [ 590764.21875, 2322958.59375 ], [ 590768.75, 2322955.625 ], [ 590833.59375, 2322922.96875 ], [ 590839.6875, 2322917.8125 ], [ 590847.1875, 2322906.5625 ], [ 590851.25, 2322903.125 ], [ 590859.6875, 2322900.3125 ], [ 590873.90625, 2322899.53125 ], [ 590886.09375, 2322896.71875 ], [ 590911.25, 2322884.375 ], [ 590915.3125, 2322880.9375 ], [ 590918.125, 2322876.25 ], [ 590920.0, 2322866.875 ], [ 590920.0, 2322803.125 ], [ 590921.875, 2322793.75 ], [ 590926.5625, 2322787.1875 ], [ 590935.78125, 2322781.40625 ], [ 590941.40625, 2322775.78125 ], [ 590944.375, 2322771.25 ], [ 590955.625, 2322748.75 ], [ 590959.0625, 2322744.6875 ], [ 590963.75, 2322741.875 ], [ 590973.125, 2322740.0 ], [ 591006.875, 2322740.0 ], [ 591016.25, 2322741.875 ], [ 591020.9375, 2322744.6875 ], [ 591024.375, 2322748.75 ], [ 591035.625, 2322771.25 ], [ 591042.1875, 2322779.6875 ], [ 591048.75, 2322784.375 ], [ 591071.25, 2322795.625 ], [ 591079.6875, 2322798.4375 ], [ 591089.53125, 2322799.84375 ], [ 591133.90625, 2322799.53125 ], [ 591140.3125, 2322798.4375 ], [ 591148.75, 2322795.625 ], [ 591173.59375, 2322782.96875 ], [ 591179.6875, 2322777.8125 ], [ 591187.1875, 2322766.5625 ], [ 591191.25, 2322763.125 ], [ 591196.5625, 2322760.9375 ], [ 591210.3125, 2322759.6875 ], [ 591218.75, 2322756.875 ], [ 591224.375, 2322751.25 ], [ 591235.625, 2322728.75 ], [ 591239.0625, 2322724.6875 ], [ 591243.75, 2322721.875 ], [ 591253.125, 2322720.0 ], [ 591286.875, 2322720.0 ], [ 591300.3125, 2322718.4375 ], [ 591308.75, 2322715.625 ], [ 591333.90625, 2322703.28125 ], [ 591346.09375, 2322700.46875 ], [ 591446.875, 2322700.0 ], [ 591453.4375, 2322699.0625 ], [ 591460.9375, 2322695.3125 ], [ 591469.0625, 2322684.6875 ], [ 591476.5625, 2322680.9375 ], [ 591483.125, 2322680.0 ], [ 591516.875, 2322680.0 ], [ 591526.25, 2322678.125 ], [ 591530.9375, 2322675.3125 ], [ 591537.1875, 2322666.5625 ], [ 591541.25, 2322663.125 ], [ 591546.5625, 2322660.9375 ], [ 591560.3125, 2322659.6875 ], [ 591566.25, 2322658.125 ], [ 591572.8125, 2322653.4375 ], [ 591579.0625, 2322644.6875 ], [ 591586.5625, 2322640.9375 ], [ 591593.125, 2322640.0 ], [ 591630.46875, 2322639.84375 ], [ 591640.3125, 2322638.4375 ], [ 591648.75, 2322635.625 ], [ 591671.25, 2322624.375 ], [ 591682.8125, 2322620.9375 ], [ 591693.125, 2322620.0 ], [ 591726.875, 2322620.0 ], [ 591740.3125, 2322618.4375 ], [ 591748.75, 2322615.625 ], [ 591773.90625, 2322603.28125 ], [ 591786.09375, 2322600.46875 ], [ 592006.875, 2322600.0 ], [ 592013.4375, 2322599.0625 ], [ 592018.75, 2322596.875 ], [ 592022.8125, 2322593.4375 ], [ 592037.03125, 2322566.40625 ], [ 592042.1875, 2322560.3125 ], [ 592048.75, 2322555.625 ], [ 592113.90625, 2322523.28125 ], [ 592122.8125, 2322520.9375 ], [ 592140.3125, 2322519.6875 ], [ 592146.25, 2322518.125 ], [ 592150.9375, 2322515.3125 ], [ 592157.1875, 2322506.5625 ], [ 592161.25, 2322503.125 ], [ 592166.5625, 2322500.9375 ], [ 592180.3125, 2322499.6875 ], [ 592186.25, 2322498.125 ], [ 592190.9375, 2322495.3125 ], [ 592197.1875, 2322486.5625 ], [ 592201.25, 2322483.125 ], [ 592206.5625, 2322480.9375 ], [ 592220.3125, 2322479.6875 ], [ 592226.25, 2322478.125 ], [ 592230.9375, 2322475.3125 ], [ 592237.1875, 2322466.5625 ], [ 592241.25, 2322463.125 ], [ 592246.5625, 2322460.9375 ], [ 592260.3125, 2322459.6875 ], [ 592266.25, 2322458.125 ], [ 592270.9375, 2322455.3125 ], [ 592277.1875, 2322446.5625 ], [ 592281.25, 2322443.125 ], [ 592286.5625, 2322440.9375 ], [ 592300.3125, 2322439.6875 ], [ 592306.25, 2322438.125 ], [ 592310.9375, 2322435.3125 ], [ 592317.1875, 2322426.5625 ], [ 592321.25, 2322423.125 ], [ 592326.5625, 2322420.9375 ], [ 592340.3125, 2322419.6875 ], [ 592348.75, 2322416.875 ], [ 592352.8125, 2322413.4375 ], [ 592360.3125, 2322402.1875 ], [ 592366.40625, 2322397.03125 ], [ 592431.25, 2322364.375 ], [ 592442.8125, 2322360.9375 ], [ 592460.3125, 2322359.6875 ], [ 592466.25, 2322358.125 ], [ 592472.8125, 2322353.4375 ], [ 592479.0625, 2322344.6875 ], [ 592486.5625, 2322340.9375 ], [ 592493.125, 2322340.0 ], [ 592526.875, 2322340.0 ], [ 592536.25, 2322338.125 ], [ 592540.9375, 2322335.3125 ], [ 592547.1875, 2322326.5625 ], [ 592551.25, 2322323.125 ], [ 592556.5625, 2322320.9375 ], [ 592570.3125, 2322319.6875 ], [ 592576.25, 2322318.125 ], [ 592580.9375, 2322315.3125 ], [ 592587.1875, 2322306.5625 ], [ 592591.25, 2322303.125 ], [ 592596.5625, 2322300.9375 ], [ 592610.3125, 2322299.6875 ], [ 592616.25, 2322298.125 ], [ 592622.8125, 2322293.4375 ], [ 592629.0625, 2322284.6875 ], [ 592636.5625, 2322280.9375 ], [ 592643.125, 2322280.0 ], [ 592706.875, 2322280.0 ], [ 592713.4375, 2322279.0625 ], [ 592718.75, 2322276.875 ], [ 592724.375, 2322271.25 ], [ 592735.625, 2322248.75 ], [ 592738.59375, 2322244.21875 ], [ 592744.21875, 2322238.59375 ], [ 592753.4375, 2322232.8125 ], [ 592756.875, 2322228.75 ], [ 592759.6875, 2322220.3125 ], [ 592760.9375, 2322206.5625 ], [ 592764.6875, 2322199.0625 ], [ 592768.75, 2322195.625 ], [ 592793.59375, 2322182.96875 ], [ 592799.6875, 2322177.8125 ], [ 592804.375, 2322171.25 ], [ 592817.03125, 2322146.40625 ], [ 592824.21875, 2322138.59375 ], [ 592828.75, 2322135.625 ], [ 592891.25, 2322104.375 ], [ 592895.78125, 2322101.40625 ], [ 592902.96875, 2322093.59375 ], [ 592917.1875, 2322066.5625 ], [ 592923.75, 2322061.875 ], [ 592929.6875, 2322060.3125 ], [ 592943.4375, 2322059.0625 ], [ 592950.9375, 2322055.3125 ], [ 592954.375, 2322051.25 ], [ 592965.625, 2322028.75 ], [ 592971.25, 2322023.125 ], [ 592979.6875, 2322020.3125 ], [ 592993.90625, 2322019.53125 ], [ 593003.28125, 2322017.65625 ], [ 593036.71875, 2322002.34375 ], [ 593046.09375, 2322000.46875 ], [ 593060.3125, 2321999.6875 ], [ 593066.25, 2321998.125 ], [ 593070.9375, 2321995.3125 ], [ 593077.1875, 2321986.5625 ], [ 593081.25, 2321983.125 ], [ 593086.5625, 2321980.9375 ], [ 593100.3125, 2321979.6875 ], [ 593108.75, 2321976.875 ], [ 593112.8125, 2321973.4375 ], [ 593118.59375, 2321964.21875 ], [ 593124.21875, 2321958.59375 ], [ 593155.78125, 2321941.40625 ], [ 593159.6875, 2321937.8125 ], [ 593164.375, 2321931.25 ], [ 593195.625, 2321868.75 ], [ 593198.59375, 2321864.21875 ], [ 593206.40625, 2321857.03125 ], [ 593231.25, 2321844.375 ], [ 593239.6875, 2321837.8125 ], [ 593244.375, 2321831.25 ], [ 593265.625, 2321788.75 ], [ 593269.0625, 2321784.6875 ], [ 593276.5625, 2321780.9375 ], [ 593293.4375, 2321779.0625 ], [ 593300.9375, 2321775.3125 ], [ 593304.375, 2321771.25 ], [ 593315.625, 2321748.75 ], [ 593321.25, 2321743.125 ], [ 593326.5625, 2321740.9375 ], [ 593340.3125, 2321739.6875 ], [ 593346.25, 2321738.125 ], [ 593350.9375, 2321735.3125 ], [ 593357.1875, 2321726.5625 ], [ 593361.25, 2321723.125 ], [ 593369.6875, 2321720.3125 ], [ 593383.4375, 2321719.0625 ], [ 593390.9375, 2321715.3125 ], [ 593400.3125, 2321702.1875 ], [ 593404.21875, 2321698.59375 ], [ 593413.4375, 2321692.8125 ], [ 593416.875, 2321688.75 ], [ 593419.6875, 2321680.3125 ], [ 593420.46875, 2321669.84375 ], [ 593421.40625, 2321667.03125 ], [ 593424.6875, 2321662.8125 ], [ 593429.84375, 2321660.46875 ], [ 593440.3125, 2321659.6875 ], [ 593448.75, 2321656.875 ], [ 593452.8125, 2321653.4375 ], [ 593458.59375, 2321644.21875 ], [ 593464.21875, 2321638.59375 ], [ 593493.4375, 2321622.8125 ], [ 593496.875, 2321618.75 ], [ 593499.0625, 2321613.4375 ], [ 593500.3125, 2321599.6875 ], [ 593503.125, 2321591.25 ], [ 593506.5625, 2321587.1875 ], [ 593515.3125, 2321580.9375 ], [ 593519.0625, 2321573.4375 ], [ 593520.0, 2321566.875 ], [ 593520.15625, 2321529.53125 ], [ 593521.5625, 2321519.6875 ], [ 593524.375, 2321511.25 ], [ 593535.625, 2321488.75 ], [ 593539.0625, 2321484.6875 ], [ 593543.75, 2321481.875 ], [ 593553.125, 2321480.0 ], [ 593646.875, 2321480.0 ], [ 593650.15625, 2321479.53125 ], [ 593655.3125, 2321477.1875 ], [ 593657.1875, 2321475.3125 ], [ 593659.53125, 2321470.15625 ], [ 593660.3125, 2321459.6875 ], [ 593663.125, 2321451.25 ], [ 593666.5625, 2321447.1875 ], [ 593673.59375, 2321442.96875 ], [ 593679.6875, 2321437.8125 ], [ 593684.375, 2321431.25 ], [ 593695.625, 2321408.75 ], [ 593698.59375, 2321404.21875 ], [ 593704.21875, 2321398.59375 ], [ 593713.4375, 2321392.8125 ], [ 593716.875, 2321388.75 ], [ 593719.6875, 2321380.3125 ], [ 593720.9375, 2321366.5625 ], [ 593724.6875, 2321359.0625 ], [ 593728.75, 2321355.625 ], [ 593751.25, 2321344.375 ], [ 593755.78125, 2321341.40625 ], [ 593761.40625, 2321335.78125 ], [ 593767.1875, 2321326.5625 ], [ 593771.25, 2321323.125 ], [ 593779.6875, 2321320.3125 ], [ 593790.15625, 2321319.53125 ], [ 593795.3125, 2321317.1875 ], [ 593797.1875, 2321315.3125 ], [ 593799.53125, 2321310.15625 ], [ 593800.3125, 2321299.6875 ], [ 593801.875, 2321293.75 ], [ 593806.5625, 2321287.1875 ], [ 593853.59375, 2321262.96875 ], [ 593859.6875, 2321257.8125 ], [ 593864.375, 2321251.25 ], [ 593915.625, 2321148.75 ], [ 593919.0625, 2321137.1875 ], [ 593920.3125, 2321119.6875 ], [ 593921.875, 2321113.75 ], [ 593926.5625, 2321107.1875 ], [ 593935.3125, 2321100.9375 ], [ 593938.125, 2321096.25 ], [ 593939.6875, 2321090.3125 ], [ 593939.6875, 2320989.6875 ], [ 593936.875, 2320981.25 ], [ 593933.4375, 2320977.1875 ], [ 593924.6875, 2320970.9375 ], [ 593920.9375, 2320963.4375 ], [ 593920.0, 2320956.875 ], [ 593920.46875, 2320946.09375 ], [ 593921.5625, 2320939.6875 ], [ 593924.375, 2320931.25 ], [ 593935.625, 2320908.75 ], [ 593941.25, 2320903.125 ], [ 593946.5625, 2320900.9375 ], [ 593953.125, 2320900.0 ], [ 593986.875, 2320900.0 ], [ 594000.3125, 2320898.4375 ], [ 594008.75, 2320895.625 ], [ 594013.4375, 2320892.8125 ], [ 594016.875, 2320888.75 ], [ 594019.0625, 2320883.4375 ], [ 594020.0, 2320876.875 ], [ 594020.0, 2320813.125 ], [ 594018.4375, 2320799.6875 ], [ 594015.625, 2320791.25 ], [ 594002.96875, 2320766.40625 ], [ 593995.78125, 2320758.59375 ], [ 593986.5625, 2320752.8125 ], [ 593981.875, 2320746.25 ], [ 593980.0, 2320736.875 ], [ 593980.0, 2320703.125 ], [ 593980.9375, 2320696.5625 ], [ 593983.125, 2320691.25 ], [ 593986.5625, 2320687.1875 ], [ 593995.78125, 2320681.40625 ], [ 594001.40625, 2320675.78125 ], [ 594004.375, 2320671.25 ], [ 594016.71875, 2320646.09375 ], [ 594018.4375, 2320640.3125 ], [ 594019.84375, 2320630.46875 ], [ 594020.0, 2320593.125 ], [ 594019.0625, 2320582.8125 ], [ 594015.625, 2320571.25 ], [ 594012.8125, 2320566.5625 ], [ 594006.25, 2320561.875 ], [ 593996.875, 2320560.0 ], [ 593933.125, 2320560.0 ], [ 593926.5625, 2320559.0625 ], [ 593919.0625, 2320555.3125 ], [ 593915.625, 2320551.25 ], [ 593904.375, 2320528.75 ], [ 593901.40625, 2320524.21875 ], [ 593895.78125, 2320518.59375 ], [ 593886.5625, 2320512.8125 ], [ 593881.875, 2320506.25 ], [ 593880.3125, 2320500.3125 ], [ 593879.53125, 2320486.09375 ], [ 593877.65625, 2320476.71875 ], [ 593875.625, 2320471.25 ], [ 593864.375, 2320448.75 ], [ 593860.9375, 2320437.1875 ], [ 593860.0, 2320426.875 ], [ 593860.0, 2320393.125 ], [ 593860.9375, 2320382.8125 ], [ 593863.28125, 2320373.90625 ], [ 593875.625, 2320348.75 ], [ 593878.59375, 2320344.21875 ], [ 593884.21875, 2320338.59375 ], [ 593893.4375, 2320332.8125 ], [ 593896.875, 2320328.75 ], [ 593899.6875, 2320320.3125 ], [ 593900.46875, 2320309.84375 ], [ 593902.8125, 2320304.6875 ], [ 593904.6875, 2320302.8125 ], [ 593909.84375, 2320300.46875 ], [ 593920.3125, 2320299.6875 ], [ 593926.25, 2320298.125 ], [ 593930.9375, 2320295.3125 ], [ 593934.375, 2320291.25 ], [ 593937.65625, 2320283.28125 ], [ 593939.84375, 2320270.46875 ], [ 593939.84375, 2320229.53125 ], [ 593937.65625, 2320216.71875 ], [ 593935.625, 2320211.25 ], [ 593932.8125, 2320206.5625 ], [ 593928.75, 2320203.125 ], [ 593923.4375, 2320200.9375 ], [ 593913.125, 2320200.0 ], [ 593907.03125, 2320198.59375 ], [ 593902.8125, 2320195.3125 ], [ 593901.40625, 2320192.96875 ], [ 593900.0, 2320186.875 ], [ 593900.3125, 2320119.6875 ], [ 593901.875, 2320113.75 ], [ 593904.6875, 2320109.0625 ], [ 593913.4375, 2320102.8125 ], [ 593916.875, 2320098.75 ], [ 593919.0625, 2320093.4375 ], [ 593920.0, 2320086.875 ], [ 593919.6875, 2319959.6875 ], [ 593918.125, 2319953.75 ], [ 593915.3125, 2319949.0625 ], [ 593906.5625, 2319942.8125 ], [ 593901.875, 2319936.25 ], [ 593900.0, 2319926.875 ], [ 593900.0, 2319893.125 ], [ 593899.0625, 2319886.5625 ], [ 593895.3125, 2319879.0625 ], [ 593886.5625, 2319872.8125 ], [ 593881.875, 2319866.25 ], [ 593880.3125, 2319860.3125 ], [ 593879.53125, 2319846.09375 ], [ 593877.65625, 2319836.71875 ], [ 593862.34375, 2319803.28125 ], [ 593860.9375, 2319797.1875 ], [ 593860.0, 2319786.875 ], [ 593859.6875, 2319719.6875 ], [ 593856.875, 2319711.25 ], [ 593853.4375, 2319707.1875 ], [ 593844.6875, 2319700.9375 ], [ 593841.875, 2319696.25 ], [ 593840.3125, 2319690.3125 ], [ 593839.84375, 2319529.53125 ], [ 593839.0625, 2319522.8125 ], [ 593836.71875, 2319513.90625 ], [ 593823.28125, 2319486.09375 ], [ 593820.46875, 2319473.90625 ], [ 593819.6875, 2319339.6875 ], [ 593816.875, 2319331.25 ], [ 593813.4375, 2319327.1875 ], [ 593804.6875, 2319320.9375 ], [ 593801.875, 2319316.25 ], [ 593800.3125, 2319310.3125 ], [ 593800.0, 2319183.125 ], [ 593799.0625, 2319176.5625 ], [ 593795.3125, 2319169.0625 ], [ 593786.5625, 2319162.8125 ], [ 593783.125, 2319158.75 ], [ 593780.9375, 2319153.4375 ], [ 593779.6875, 2319139.6875 ], [ 593778.125, 2319133.75 ], [ 593773.4375, 2319127.1875 ], [ 593764.6875, 2319120.9375 ], [ 593760.9375, 2319113.4375 ], [ 593760.0, 2319106.875 ], [ 593760.0, 2319043.125 ], [ 593759.0625, 2319036.5625 ], [ 593756.875, 2319031.25 ], [ 593753.4375, 2319027.1875 ], [ 593742.1875, 2319019.6875 ], [ 593737.03125, 2319013.59375 ], [ 593704.375, 2318948.75 ], [ 593699.6875, 2318942.1875 ], [ 593691.25, 2318935.625 ], [ 593666.40625, 2318922.96875 ], [ 593662.1875, 2318919.6875 ], [ 593657.03125, 2318913.59375 ], [ 593604.375, 2318808.75 ], [ 593597.8125, 2318800.3125 ], [ 593586.5625, 2318792.8125 ], [ 593583.125, 2318788.75 ], [ 593580.9375, 2318783.4375 ], [ 593579.6875, 2318769.6875 ], [ 593578.125, 2318763.75 ], [ 593575.3125, 2318759.0625 ], [ 593566.5625, 2318752.8125 ], [ 593563.125, 2318748.75 ], [ 593560.9375, 2318743.4375 ], [ 593559.6875, 2318729.6875 ], [ 593558.125, 2318723.75 ], [ 593555.3125, 2318719.0625 ], [ 593546.5625, 2318712.8125 ], [ 593543.125, 2318708.75 ], [ 593540.9375, 2318703.4375 ], [ 593539.6875, 2318689.6875 ], [ 593538.125, 2318683.75 ], [ 593535.3125, 2318679.0625 ], [ 593526.5625, 2318672.8125 ], [ 593523.125, 2318668.75 ], [ 593520.9375, 2318663.4375 ], [ 593519.6875, 2318649.6875 ], [ 593518.125, 2318643.75 ], [ 593515.3125, 2318639.0625 ], [ 593506.5625, 2318632.8125 ], [ 593503.125, 2318628.75 ], [ 593500.9375, 2318623.4375 ], [ 593499.6875, 2318609.6875 ], [ 593496.875, 2318601.25 ], [ 593491.25, 2318595.625 ], [ 593468.75, 2318584.375 ], [ 593462.1875, 2318579.6875 ], [ 593457.03125, 2318573.59375 ], [ 593444.375, 2318548.75 ], [ 593439.6875, 2318542.1875 ], [ 593431.25, 2318535.625 ], [ 593408.75, 2318524.375 ], [ 593403.125, 2318518.75 ], [ 593400.9375, 2318513.4375 ], [ 593399.6875, 2318499.6875 ], [ 593398.125, 2318493.75 ], [ 593395.3125, 2318489.0625 ], [ 593386.5625, 2318482.8125 ], [ 593383.125, 2318478.75 ], [ 593380.9375, 2318473.4375 ], [ 593379.6875, 2318459.6875 ], [ 593376.875, 2318451.25 ], [ 593373.4375, 2318447.1875 ], [ 593362.1875, 2318439.6875 ], [ 593357.03125, 2318433.59375 ], [ 593304.375, 2318328.75 ], [ 593297.8125, 2318320.3125 ], [ 593286.5625, 2318312.8125 ], [ 593283.125, 2318308.75 ], [ 593280.9375, 2318303.4375 ], [ 593279.6875, 2318289.6875 ], [ 593276.875, 2318281.25 ], [ 593271.25, 2318275.625 ], [ 593248.75, 2318264.375 ], [ 593244.6875, 2318260.9375 ], [ 593240.9375, 2318253.4375 ], [ 593239.6875, 2318239.6875 ], [ 593236.875, 2318231.25 ], [ 593233.4375, 2318227.1875 ], [ 593226.40625, 2318222.96875 ], [ 593220.3125, 2318217.8125 ], [ 593215.625, 2318211.25 ], [ 593204.375, 2318188.75 ], [ 593201.40625, 2318184.21875 ], [ 593195.78125, 2318178.59375 ], [ 593186.5625, 2318172.8125 ], [ 593183.125, 2318168.75 ], [ 593180.3125, 2318160.3125 ], [ 593179.0625, 2318146.5625 ], [ 593175.3125, 2318139.0625 ], [ 593171.25, 2318135.625 ], [ 593146.40625, 2318122.96875 ], [ 593138.59375, 2318115.78125 ], [ 593135.625, 2318111.25 ], [ 593124.375, 2318088.75 ], [ 593122.34375, 2318083.28125 ], [ 593120.46875, 2318073.90625 ], [ 593120.0, 2318063.125 ], [ 593120.9375, 2318056.5625 ], [ 593123.125, 2318051.25 ], [ 593126.5625, 2318047.1875 ], [ 593173.59375, 2318022.96875 ], [ 593179.6875, 2318017.8125 ], [ 593187.1875, 2318006.5625 ], [ 593191.25, 2318003.125 ], [ 593199.6875, 2318000.3125 ], [ 593213.4375, 2317999.0625 ], [ 593220.9375, 2317995.3125 ], [ 593224.375, 2317991.25 ], [ 593235.625, 2317968.75 ], [ 593241.25, 2317963.125 ], [ 593246.5625, 2317960.9375 ], [ 593260.3125, 2317959.6875 ], [ 593266.25, 2317958.125 ], [ 593270.9375, 2317955.3125 ], [ 593277.1875, 2317946.5625 ], [ 593281.25, 2317943.125 ], [ 593286.5625, 2317940.9375 ], [ 593300.3125, 2317939.6875 ], [ 593306.25, 2317938.125 ], [ 593310.9375, 2317935.3125 ], [ 593317.1875, 2317926.5625 ], [ 593321.25, 2317923.125 ], [ 593326.5625, 2317920.9375 ], [ 593340.3125, 2317919.6875 ], [ 593346.25, 2317918.125 ], [ 593350.9375, 2317915.3125 ], [ 593357.1875, 2317906.5625 ], [ 593361.25, 2317903.125 ], [ 593366.5625, 2317900.9375 ], [ 593380.3125, 2317899.6875 ], [ 593386.25, 2317898.125 ], [ 593390.9375, 2317895.3125 ], [ 593397.1875, 2317886.5625 ], [ 593403.75, 2317881.875 ], [ 593413.125, 2317880.0 ], [ 593446.875, 2317880.0 ], [ 593460.3125, 2317881.5625 ], [ 593468.75, 2317884.375 ], [ 593491.25, 2317895.625 ], [ 593495.78125, 2317898.59375 ], [ 593501.40625, 2317904.21875 ], [ 593504.375, 2317908.75 ], [ 593537.03125, 2317973.59375 ], [ 593544.21875, 2317981.40625 ], [ 593553.4375, 2317987.1875 ], [ 593558.125, 2317993.75 ], [ 593560.0, 2318003.125 ], [ 593560.0, 2318036.875 ], [ 593560.9375, 2318043.4375 ], [ 593563.125, 2318048.75 ], [ 593566.5625, 2318052.8125 ], [ 593577.8125, 2318060.3125 ], [ 593582.96875, 2318066.40625 ], [ 593635.625, 2318171.25 ], [ 593642.1875, 2318179.6875 ], [ 593653.4375, 2318187.1875 ], [ 593656.875, 2318191.25 ], [ 593659.0625, 2318196.5625 ], [ 593660.3125, 2318210.3125 ], [ 593663.125, 2318218.75 ], [ 593668.75, 2318224.375 ], [ 593691.25, 2318235.625 ], [ 593695.3125, 2318239.0625 ], [ 593699.0625, 2318246.5625 ], [ 593700.9375, 2318263.4375 ], [ 593703.125, 2318268.75 ], [ 593706.5625, 2318272.8125 ], [ 593711.25, 2318275.625 ], [ 593719.6875, 2318278.4375 ], [ 593743.4375, 2318280.9375 ], [ 593748.75, 2318283.125 ], [ 593754.375, 2318288.75 ], [ 593775.625, 2318331.25 ], [ 593777.65625, 2318336.71875 ], [ 593779.84375, 2318349.53125 ], [ 593780.0, 2318386.875 ], [ 593780.9375, 2318397.1875 ], [ 593784.375, 2318408.75 ], [ 593795.625, 2318431.25 ], [ 593797.65625, 2318436.71875 ], [ 593799.53125, 2318446.09375 ], [ 593800.3125, 2318460.3125 ], [ 593803.125, 2318468.75 ], [ 593806.5625, 2318472.8125 ], [ 593815.78125, 2318478.59375 ], [ 593821.40625, 2318484.21875 ], [ 593824.375, 2318488.75 ], [ 593835.625, 2318511.25 ], [ 593842.1875, 2318519.6875 ], [ 593848.75, 2318524.375 ], [ 593873.59375, 2318537.03125 ], [ 593881.40625, 2318544.21875 ], [ 593884.375, 2318548.75 ], [ 593917.03125, 2318613.59375 ], [ 593920.3125, 2318617.8125 ], [ 593926.40625, 2318622.96875 ], [ 593951.25, 2318635.625 ], [ 593955.3125, 2318639.0625 ], [ 593959.0625, 2318646.5625 ], [ 593960.3125, 2318660.3125 ], [ 593963.125, 2318668.75 ], [ 593968.75, 2318674.375 ], [ 593991.25, 2318685.625 ], [ 593995.3125, 2318689.0625 ], [ 593999.0625, 2318696.5625 ], [ 594000.46875, 2318710.15625 ], [ 594002.8125, 2318715.3125 ], [ 594004.6875, 2318717.1875 ], [ 594009.84375, 2318719.53125 ], [ 594020.3125, 2318720.3125 ], [ 594026.25, 2318721.875 ], [ 594030.9375, 2318724.6875 ], [ 594034.375, 2318728.75 ], [ 594056.71875, 2318773.90625 ], [ 594059.0625, 2318782.8125 ], [ 594060.3125, 2318800.3125 ], [ 594061.875, 2318806.25 ], [ 594066.5625, 2318812.8125 ], [ 594075.78125, 2318818.59375 ], [ 594081.40625, 2318824.21875 ], [ 594084.375, 2318828.75 ], [ 594095.625, 2318851.25 ], [ 594098.4375, 2318859.6875 ], [ 594099.53125, 2318866.09375 ], [ 594100.3125, 2318880.3125 ], [ 594103.125, 2318888.75 ], [ 594106.5625, 2318892.8125 ], [ 594115.78125, 2318898.59375 ], [ 594121.40625, 2318904.21875 ], [ 594124.375, 2318908.75 ], [ 594157.03125, 2318973.59375 ], [ 594162.1875, 2318979.6875 ], [ 594173.4375, 2318987.1875 ], [ 594176.875, 2318991.25 ], [ 594179.0625, 2318996.5625 ], [ 594180.3125, 2319010.3125 ], [ 594181.875, 2319016.25 ], [ 594184.6875, 2319020.9375 ], [ 594193.4375, 2319027.1875 ], [ 594196.875, 2319031.25 ], [ 594199.0625, 2319036.5625 ], [ 594200.3125, 2319050.3125 ], [ 594203.125, 2319058.75 ], [ 594208.75, 2319064.375 ], [ 594231.25, 2319075.625 ], [ 594235.78125, 2319078.59375 ], [ 594239.6875, 2319082.1875 ], [ 594244.375, 2319088.75 ], [ 594276.71875, 2319153.90625 ], [ 594279.0625, 2319162.8125 ], [ 594280.3125, 2319180.3125 ], [ 594281.875, 2319186.25 ], [ 594284.6875, 2319190.9375 ], [ 594293.4375, 2319197.1875 ], [ 594298.125, 2319203.75 ], [ 594300.0, 2319213.125 ], [ 594300.0, 2319246.875 ], [ 594300.9375, 2319253.4375 ], [ 594304.6875, 2319260.9375 ], [ 594313.4375, 2319267.1875 ], [ 594318.125, 2319273.75 ], [ 594319.6875, 2319279.6875 ], [ 594320.9375, 2319297.1875 ], [ 594324.375, 2319308.75 ], [ 594357.03125, 2319373.59375 ], [ 594364.21875, 2319381.40625 ], [ 594373.4375, 2319387.1875 ], [ 594378.125, 2319393.75 ], [ 594380.0, 2319403.125 ], [ 594380.3125, 2319470.3125 ], [ 594383.125, 2319478.75 ], [ 594386.5625, 2319482.8125 ], [ 594395.3125, 2319489.0625 ], [ 594399.0625, 2319496.5625 ], [ 594400.0, 2319503.125 ], [ 594400.0, 2319536.875 ], [ 594401.875, 2319546.25 ], [ 594406.5625, 2319552.8125 ], [ 594415.3125, 2319559.0625 ], [ 594419.0625, 2319566.5625 ], [ 594420.0, 2319573.125 ], [ 594420.0, 2319606.875 ], [ 594421.875, 2319616.25 ], [ 594424.6875, 2319620.9375 ], [ 594433.4375, 2319627.1875 ], [ 594436.875, 2319631.25 ], [ 594439.6875, 2319639.6875 ], [ 594440.9375, 2319653.4375 ], [ 594443.125, 2319658.75 ], [ 594446.5625, 2319662.8125 ], [ 594471.25, 2319675.625 ], [ 594476.71875, 2319677.65625 ], [ 594486.09375, 2319679.53125 ], [ 594500.3125, 2319680.3125 ], [ 594506.25, 2319681.875 ], [ 594512.8125, 2319686.5625 ], [ 594516.71875, 2319693.90625 ], [ 594519.0625, 2319702.8125 ], [ 594520.0, 2319713.125 ], [ 594520.3125, 2319780.3125 ], [ 594523.125, 2319788.75 ], [ 594526.5625, 2319792.8125 ], [ 594535.3125, 2319799.0625 ], [ 594539.0625, 2319806.5625 ], [ 594540.0, 2319813.125 ], [ 594540.0, 2319846.875 ], [ 594540.9375, 2319853.4375 ], [ 594543.125, 2319858.75 ], [ 594548.75, 2319864.375 ], [ 594571.25, 2319875.625 ], [ 594579.6875, 2319882.1875 ], [ 594584.375, 2319888.75 ], [ 594595.625, 2319911.25 ], [ 594602.1875, 2319919.6875 ], [ 594608.75, 2319924.375 ], [ 594631.25, 2319935.625 ], [ 594639.6875, 2319942.1875 ], [ 594644.375, 2319948.75 ], [ 594655.625, 2319971.25 ], [ 594662.1875, 2319979.6875 ], [ 594668.75, 2319984.375 ], [ 594691.25, 2319995.625 ], [ 594699.6875, 2320002.1875 ], [ 594704.375, 2320008.75 ], [ 594715.625, 2320031.25 ], [ 594719.0625, 2320035.3125 ], [ 594726.5625, 2320039.0625 ], [ 594740.3125, 2320040.3125 ], [ 594748.75, 2320043.125 ], [ 594752.8125, 2320046.5625 ], [ 594758.59375, 2320055.78125 ], [ 594764.21875, 2320061.40625 ], [ 594793.4375, 2320077.1875 ], [ 594796.875, 2320081.25 ], [ 594799.0625, 2320086.5625 ], [ 594800.3125, 2320100.3125 ], [ 594803.125, 2320108.75 ], [ 594806.5625, 2320112.8125 ], [ 594813.4375, 2320117.1875 ], [ 594818.125, 2320123.75 ], [ 594820.0, 2320133.125 ], [ 594820.3125, 2320170.3125 ], [ 594823.125, 2320178.75 ], [ 594826.5625, 2320182.8125 ], [ 594835.3125, 2320189.0625 ], [ 594839.0625, 2320196.5625 ], [ 594840.0, 2320203.125 ], [ 594840.0, 2320236.875 ], [ 594841.875, 2320246.25 ], [ 594844.6875, 2320250.9375 ], [ 594857.8125, 2320260.3125 ], [ 594864.375, 2320268.75 ], [ 594875.625, 2320291.25 ], [ 594877.65625, 2320296.71875 ], [ 594879.53125, 2320306.09375 ], [ 594880.3125, 2320320.3125 ], [ 594881.875, 2320326.25 ], [ 594884.6875, 2320330.9375 ], [ 594893.4375, 2320337.1875 ], [ 594896.875, 2320341.25 ], [ 594899.0625, 2320346.5625 ], [ 594900.0, 2320353.125 ], [ 594900.0, 2320596.875 ], [ 594899.0625, 2320603.4375 ], [ 594896.875, 2320608.75 ], [ 594893.4375, 2320612.8125 ], [ 594868.75, 2320625.625 ], [ 594863.125, 2320631.25 ], [ 594860.9375, 2320636.5625 ], [ 594859.6875, 2320650.3125 ], [ 594858.125, 2320656.25 ], [ 594855.3125, 2320660.9375 ], [ 594846.5625, 2320667.1875 ], [ 594843.125, 2320671.25 ], [ 594840.9375, 2320676.5625 ], [ 594839.6875, 2320690.3125 ], [ 594838.125, 2320696.25 ], [ 594835.3125, 2320700.9375 ], [ 594826.5625, 2320707.1875 ], [ 594821.875, 2320713.75 ], [ 594820.3125, 2320719.6875 ], [ 594819.53125, 2320733.90625 ], [ 594817.65625, 2320743.28125 ], [ 594803.28125, 2320773.90625 ], [ 594800.46875, 2320786.09375 ], [ 594800.3125, 2320860.3125 ], [ 594803.125, 2320868.75 ], [ 594806.5625, 2320872.8125 ], [ 594815.3125, 2320879.0625 ], [ 594819.0625, 2320886.5625 ], [ 594820.0, 2320893.125 ], [ 594820.0, 2320926.875 ], [ 594818.125, 2320936.25 ], [ 594815.3125, 2320940.9375 ], [ 594811.25, 2320944.375 ], [ 594788.75, 2320955.625 ], [ 594783.28125, 2320957.65625 ], [ 594770.46875, 2320959.84375 ], [ 594729.6875, 2320960.3125 ], [ 594721.25, 2320963.125 ], [ 594715.625, 2320968.75 ], [ 594703.28125, 2320993.90625 ], [ 594700.46875, 2321006.09375 ], [ 594700.0, 2321106.875 ], [ 594698.4375, 2321120.3125 ], [ 594695.625, 2321128.75 ], [ 594684.375, 2321151.25 ], [ 594681.40625, 2321155.78125 ], [ 594675.78125, 2321161.40625 ], [ 594671.25, 2321164.375 ], [ 594648.75, 2321175.625 ], [ 594637.1875, 2321179.0625 ], [ 594626.875, 2321180.0 ], [ 594533.125, 2321180.0 ], [ 594523.75, 2321181.875 ], [ 594517.1875, 2321186.5625 ], [ 594472.8125, 2321273.4375 ], [ 594468.75, 2321276.875 ], [ 594463.4375, 2321279.0625 ], [ 594449.6875, 2321280.3125 ], [ 594443.75, 2321281.875 ], [ 594439.0625, 2321284.6875 ], [ 594435.625, 2321288.75 ], [ 594404.375, 2321351.25 ], [ 594402.34375, 2321356.71875 ], [ 594400.15625, 2321369.53125 ], [ 594400.0, 2321406.875 ], [ 594399.0625, 2321417.1875 ], [ 594395.625, 2321428.75 ], [ 594384.375, 2321451.25 ], [ 594381.40625, 2321455.78125 ], [ 594375.78125, 2321461.40625 ], [ 594346.40625, 2321477.03125 ], [ 594338.59375, 2321484.21875 ], [ 594335.625, 2321488.75 ], [ 594304.375, 2321551.25 ], [ 594300.9375, 2321555.3125 ], [ 594296.25, 2321558.125 ], [ 594290.3125, 2321559.6875 ], [ 594253.125, 2321560.0 ], [ 594247.03125, 2321561.40625 ], [ 594244.6875, 2321562.8125 ], [ 594241.40625, 2321567.03125 ], [ 594240.0, 2321573.125 ], [ 594239.6875, 2321580.3125 ], [ 594238.125, 2321586.25 ], [ 594235.3125, 2321590.9375 ], [ 594231.25, 2321594.375 ], [ 594220.3125, 2321598.4375 ], [ 594213.90625, 2321599.53125 ], [ 594199.6875, 2321600.3125 ], [ 594191.25, 2321603.125 ], [ 594185.625, 2321608.75 ], [ 594174.375, 2321631.25 ], [ 594168.75, 2321636.875 ], [ 594163.4375, 2321639.0625 ], [ 594149.6875, 2321640.3125 ], [ 594143.75, 2321641.875 ], [ 594139.0625, 2321644.6875 ], [ 594132.8125, 2321653.4375 ], [ 594128.75, 2321656.875 ], [ 594120.3125, 2321659.6875 ], [ 594106.5625, 2321660.9375 ], [ 594099.0625, 2321664.6875 ], [ 594095.625, 2321668.75 ], [ 594064.375, 2321731.25 ], [ 594061.40625, 2321735.78125 ], [ 594053.59375, 2321742.96875 ], [ 594028.75, 2321755.625 ], [ 594022.1875, 2321760.3125 ], [ 594017.03125, 2321766.40625 ], [ 594004.375, 2321791.25 ], [ 594000.9375, 2321795.3125 ], [ 593993.4375, 2321799.0625 ], [ 593979.6875, 2321800.3125 ], [ 593973.75, 2321801.875 ], [ 593969.0625, 2321804.6875 ], [ 593962.8125, 2321813.4375 ], [ 593958.75, 2321816.875 ], [ 593950.3125, 2321819.6875 ], [ 593936.5625, 2321820.9375 ], [ 593931.25, 2321823.125 ], [ 593927.1875, 2321826.5625 ], [ 593923.28125, 2321833.90625 ], [ 593920.46875, 2321846.09375 ], [ 593920.0, 2321886.875 ], [ 593918.4375, 2321900.3125 ], [ 593915.625, 2321908.75 ], [ 593904.375, 2321931.25 ], [ 593900.9375, 2321935.3125 ], [ 593896.25, 2321938.125 ], [ 593886.875, 2321940.0 ], [ 593793.125, 2321940.0 ], [ 593787.03125, 2321941.40625 ], [ 593784.6875, 2321942.8125 ], [ 593781.40625, 2321947.03125 ], [ 593780.46875, 2321949.84375 ], [ 593779.0625, 2321963.4375 ], [ 593776.875, 2321968.75 ], [ 593773.4375, 2321972.8125 ], [ 593726.40625, 2321997.03125 ], [ 593720.3125, 2322002.1875 ], [ 593712.8125, 2322013.4375 ], [ 593708.75, 2322016.875 ], [ 593703.4375, 2322019.0625 ], [ 593689.6875, 2322020.3125 ], [ 593683.75, 2322021.875 ], [ 593679.0625, 2322024.6875 ], [ 593672.8125, 2322033.4375 ], [ 593668.75, 2322036.875 ], [ 593660.3125, 2322039.6875 ], [ 593646.5625, 2322040.9375 ], [ 593639.0625, 2322044.6875 ], [ 593635.625, 2322048.75 ], [ 593622.96875, 2322073.59375 ], [ 593615.78125, 2322081.40625 ], [ 593611.25, 2322084.375 ], [ 593548.75, 2322115.625 ], [ 593544.21875, 2322118.59375 ], [ 593537.03125, 2322126.40625 ], [ 593522.8125, 2322153.4375 ], [ 593516.25, 2322158.125 ], [ 593510.3125, 2322159.6875 ], [ 593496.5625, 2322160.9375 ], [ 593489.0625, 2322164.6875 ], [ 593485.625, 2322168.75 ], [ 593474.375, 2322191.25 ], [ 593468.75, 2322196.875 ], [ 593463.4375, 2322199.0625 ], [ 593449.6875, 2322200.3125 ], [ 593443.75, 2322201.875 ], [ 593439.0625, 2322204.6875 ], [ 593432.8125, 2322213.4375 ], [ 593428.75, 2322216.875 ], [ 593420.3125, 2322219.6875 ], [ 593406.5625, 2322220.9375 ], [ 593399.0625, 2322224.6875 ], [ 593395.625, 2322228.75 ], [ 593384.375, 2322251.25 ], [ 593378.75, 2322256.875 ], [ 593373.4375, 2322259.0625 ], [ 593359.6875, 2322260.3125 ], [ 593353.75, 2322261.875 ], [ 593347.1875, 2322266.5625 ], [ 593340.9375, 2322275.3125 ], [ 593333.4375, 2322279.0625 ], [ 593326.875, 2322280.0 ], [ 593293.125, 2322280.0 ], [ 593283.75, 2322281.875 ], [ 593277.1875, 2322286.5625 ], [ 593264.375, 2322311.25 ], [ 593258.75, 2322316.875 ], [ 593250.3125, 2322319.6875 ], [ 593213.125, 2322320.0 ], [ 593203.75, 2322321.875 ], [ 593197.1875, 2322326.5625 ], [ 593184.375, 2322351.25 ], [ 593178.75, 2322356.875 ], [ 593173.4375, 2322359.0625 ], [ 593159.6875, 2322360.3125 ], [ 593153.75, 2322361.875 ], [ 593149.0625, 2322364.6875 ], [ 593142.8125, 2322373.4375 ], [ 593138.75, 2322376.875 ], [ 593133.4375, 2322379.0625 ], [ 593119.6875, 2322380.3125 ], [ 593113.75, 2322381.875 ], [ 593109.0625, 2322384.6875 ], [ 593102.8125, 2322393.4375 ], [ 593098.75, 2322396.875 ], [ 593093.4375, 2322399.0625 ], [ 593079.6875, 2322400.3125 ], [ 593073.75, 2322401.875 ], [ 593069.0625, 2322404.6875 ], [ 593062.8125, 2322413.4375 ], [ 593056.25, 2322418.125 ], [ 593046.875, 2322420.0 ], [ 593013.125, 2322420.0 ], [ 593003.75, 2322421.875 ], [ 592999.0625, 2322424.6875 ], [ 592992.8125, 2322433.4375 ], [ 592988.75, 2322436.875 ], [ 592980.3125, 2322439.6875 ], [ 592966.5625, 2322440.9375 ], [ 592959.0625, 2322444.6875 ], [ 592955.625, 2322448.75 ], [ 592944.375, 2322471.25 ], [ 592938.75, 2322476.875 ], [ 592930.3125, 2322479.6875 ], [ 592893.125, 2322480.0 ], [ 592886.5625, 2322480.9375 ], [ 592881.25, 2322483.125 ], [ 592875.625, 2322488.75 ], [ 592864.375, 2322511.25 ], [ 592860.9375, 2322515.3125 ], [ 592856.25, 2322518.125 ], [ 592846.875, 2322520.0 ], [ 592813.125, 2322520.0 ], [ 592806.5625, 2322520.9375 ], [ 592799.0625, 2322524.6875 ], [ 592792.8125, 2322533.4375 ], [ 592786.25, 2322538.125 ], [ 592780.3125, 2322539.6875 ], [ 592769.53125, 2322540.15625 ], [ 592759.6875, 2322541.5625 ], [ 592751.25, 2322544.375 ], [ 592728.75, 2322555.625 ], [ 592723.28125, 2322557.65625 ], [ 592713.90625, 2322559.53125 ], [ 592699.6875, 2322560.3125 ], [ 592693.75, 2322561.875 ], [ 592687.1875, 2322566.5625 ], [ 592680.9375, 2322575.3125 ], [ 592673.4375, 2322579.0625 ], [ 592666.875, 2322580.0 ], [ 592629.53125, 2322580.15625 ], [ 592619.6875, 2322581.5625 ], [ 592611.25, 2322584.375 ], [ 592588.75, 2322595.625 ], [ 592584.21875, 2322598.59375 ], [ 592578.59375, 2322604.21875 ], [ 592572.8125, 2322613.4375 ], [ 592568.75, 2322616.875 ], [ 592563.4375, 2322619.0625 ], [ 592549.6875, 2322620.3125 ], [ 592543.75, 2322621.875 ], [ 592539.0625, 2322624.6875 ], [ 592532.8125, 2322633.4375 ], [ 592526.25, 2322638.125 ], [ 592520.3125, 2322639.6875 ], [ 592502.8125, 2322640.9375 ], [ 592491.25, 2322644.375 ], [ 592468.75, 2322655.625 ], [ 592464.21875, 2322658.59375 ], [ 592458.59375, 2322664.21875 ], [ 592452.8125, 2322673.4375 ], [ 592448.75, 2322676.875 ], [ 592443.4375, 2322679.0625 ], [ 592429.6875, 2322680.3125 ], [ 592423.75, 2322681.875 ], [ 592419.0625, 2322684.6875 ], [ 592412.8125, 2322693.4375 ], [ 592406.25, 2322698.125 ], [ 592400.3125, 2322699.6875 ], [ 592382.8125, 2322700.9375 ], [ 592373.90625, 2322703.28125 ], [ 592308.75, 2322735.625 ], [ 592302.1875, 2322740.3125 ], [ 592297.03125, 2322746.40625 ], [ 592284.375, 2322771.25 ], [ 592280.9375, 2322775.3125 ], [ 592273.4375, 2322779.0625 ], [ 592259.6875, 2322780.3125 ], [ 592251.25, 2322783.125 ], [ 592247.1875, 2322786.5625 ], [ 592242.96875, 2322793.59375 ], [ 592237.8125, 2322799.6875 ], [ 592231.25, 2322804.375 ], [ 592208.75, 2322815.625 ], [ 592204.21875, 2322818.59375 ], [ 592198.59375, 2322824.21875 ], [ 592192.8125, 2322833.4375 ], [ 592188.75, 2322836.875 ], [ 592180.3125, 2322839.6875 ], [ 592166.5625, 2322840.9375 ], [ 592159.0625, 2322844.6875 ], [ 592155.625, 2322848.75 ], [ 592142.96875, 2322873.59375 ], [ 592137.8125, 2322879.6875 ], [ 592131.25, 2322884.375 ], [ 592106.40625, 2322897.03125 ], [ 592098.59375, 2322904.21875 ], [ 592095.625, 2322908.75 ], [ 592062.8125, 2322973.4375 ], [ 592056.25, 2322978.125 ], [ 592050.3125, 2322979.6875 ], [ 592036.5625, 2322980.9375 ], [ 592029.0625, 2322984.6875 ], [ 592019.6875, 2322997.8125 ], [ 592015.78125, 2323001.40625 ], [ 592006.5625, 2323007.1875 ], [ 592003.125, 2323011.25 ], [ 592000.3125, 2323019.6875 ], [ 591999.53125, 2323030.15625 ], [ 591997.1875, 2323035.3125 ], [ 591995.3125, 2323037.1875 ], [ 591990.15625, 2323039.53125 ], [ 591979.6875, 2323040.3125 ], [ 591973.75, 2323041.875 ], [ 591967.1875, 2323046.5625 ], [ 591944.375, 2323091.25 ], [ 591941.5625, 2323099.6875 ], [ 591940.0, 2323113.125 ], [ 591940.0, 2323176.875 ], [ 591941.875, 2323186.25 ], [ 591944.6875, 2323190.9375 ], [ 591948.75, 2323194.375 ], [ 591959.6875, 2323198.4375 ], [ 591973.125, 2323200.0 ], [ 592006.875, 2323200.0 ], [ 592010.15625, 2323200.46875 ], [ 592015.3125, 2323202.8125 ], [ 592018.59375, 2323207.03125 ], [ 592020.0, 2323213.125 ], [ 592019.6875, 2323250.3125 ], [ 592018.125, 2323256.25 ], [ 592013.4375, 2323262.8125 ], [ 591988.75, 2323275.625 ], [ 591984.6875, 2323279.0625 ], [ 591980.9375, 2323286.5625 ], [ 591979.6875, 2323300.3125 ], [ 591976.875, 2323308.75 ], [ 591973.4375, 2323312.8125 ], [ 591966.40625, 2323317.03125 ], [ 591960.3125, 2323322.1875 ], [ 591950.9375, 2323335.3125 ], [ 591946.25, 2323338.125 ], [ 591940.3125, 2323339.6875 ], [ 591903.125, 2323340.0 ], [ 591896.5625, 2323340.9375 ], [ 591891.25, 2323343.125 ], [ 591885.625, 2323348.75 ], [ 591882.34375, 2323356.71875 ], [ 591880.15625, 2323369.53125 ], [ 591879.53125, 2323473.90625 ], [ 591876.71875, 2323486.09375 ], [ 591874.375, 2323491.25 ], [ 591870.9375, 2323495.3125 ], [ 591866.25, 2323498.125 ], [ 591856.875, 2323500.0 ], [ 591793.125, 2323500.0 ], [ 591786.5625, 2323499.0625 ], [ 591781.25, 2323496.875 ], [ 591775.625, 2323491.25 ], [ 591762.96875, 2323466.40625 ], [ 591759.6875, 2323462.1875 ], [ 591753.59375, 2323457.03125 ], [ 591726.09375, 2323443.28125 ], [ 591717.1875, 2323440.9375 ], [ 591696.5625, 2323439.0625 ], [ 591691.25, 2323436.875 ], [ 591687.1875, 2323433.4375 ], [ 591683.28125, 2323426.09375 ], [ 591680.46875, 2323413.90625 ], [ 591680.0, 2323373.125 ], [ 591679.0625, 2323362.8125 ], [ 591675.625, 2323351.25 ], [ 591670.9375, 2323344.6875 ], [ 591666.25, 2323341.875 ], [ 591656.875, 2323340.0 ], [ 591593.125, 2323340.0 ], [ 591589.84375, 2323340.46875 ], [ 591584.6875, 2323342.8125 ], [ 591581.40625, 2323347.03125 ], [ 591580.0, 2323353.125 ], [ 591580.0, 2323416.875 ], [ 591581.875, 2323426.25 ], [ 591586.5625, 2323432.8125 ], [ 591593.90625, 2323436.71875 ], [ 591606.09375, 2323439.53125 ], [ 591620.3125, 2323440.3125 ], [ 591628.75, 2323443.125 ], [ 591634.375, 2323448.75 ], [ 591638.4375, 2323459.6875 ], [ 591640.0, 2323473.125 ], [ 591640.3125, 2323540.3125 ], [ 591641.875, 2323546.25 ], [ 591644.6875, 2323550.9375 ], [ 591653.4375, 2323557.1875 ], [ 591656.875, 2323561.25 ], [ 591659.0625, 2323566.5625 ], [ 591660.0, 2323573.125 ], [ 591660.0, 2323696.875 ], [ 591659.0625, 2323703.4375 ], [ 591655.3125, 2323710.9375 ], [ 591651.25, 2323714.375 ], [ 591644.21875, 2323718.59375 ], [ 591637.03125, 2323726.40625 ], [ 591614.375, 2323771.25 ], [ 591608.75, 2323776.875 ], [ 591603.4375, 2323779.0625 ], [ 591596.875, 2323780.0 ], [ 591526.09375, 2323780.46875 ], [ 591513.90625, 2323783.28125 ], [ 591508.75, 2323785.625 ], [ 591504.6875, 2323789.0625 ], [ 591501.875, 2323793.75 ], [ 591500.0, 2323803.125 ], [ 591499.6875, 2323870.3125 ], [ 591496.875, 2323878.75 ], [ 591493.4375, 2323882.8125 ], [ 591484.6875, 2323889.0625 ], [ 591480.9375, 2323896.5625 ], [ 591480.0, 2323903.125 ], [ 591480.0, 2323936.875 ], [ 591478.125, 2323946.25 ], [ 591473.4375, 2323952.8125 ], [ 591466.09375, 2323956.71875 ], [ 591457.1875, 2323959.0625 ], [ 591436.5625, 2323960.9375 ], [ 591431.25, 2323963.125 ], [ 591427.1875, 2323966.5625 ], [ 591424.375, 2323971.25 ], [ 591421.5625, 2323979.6875 ], [ 591420.46875, 2323986.09375 ], [ 591419.6875, 2324000.3125 ], [ 591416.875, 2324008.75 ], [ 591413.4375, 2324012.8125 ], [ 591404.21875, 2324018.59375 ], [ 591398.59375, 2324024.21875 ], [ 591382.96875, 2324053.59375 ], [ 591375.78125, 2324061.40625 ], [ 591371.25, 2324064.375 ], [ 591346.09375, 2324076.71875 ], [ 591340.3125, 2324078.4375 ], [ 591330.46875, 2324079.84375 ], [ 591173.125, 2324080.0 ], [ 591166.09375, 2324079.53125 ], [ 591156.71875, 2324077.65625 ], [ 591151.25, 2324075.625 ], [ 591128.75, 2324064.375 ], [ 591124.6875, 2324060.9375 ], [ 591121.875, 2324056.25 ], [ 591120.0, 2324046.875 ], [ 591120.0, 2324013.125 ], [ 591119.0625, 2324006.5625 ], [ 591115.3125, 2323999.0625 ], [ 591106.5625, 2323992.8125 ], [ 591101.875, 2323986.25 ], [ 591100.0, 2323976.875 ], [ 591099.6875, 2323939.6875 ], [ 591096.875, 2323931.25 ], [ 591091.25, 2323925.625 ], [ 591080.3125, 2323921.5625 ], [ 591073.90625, 2323920.46875 ], [ 591059.6875, 2323919.6875 ], [ 591053.75, 2323918.125 ], [ 591049.0625, 2323915.3125 ], [ 591042.8125, 2323906.5625 ], [ 591038.75, 2323903.125 ], [ 591033.4375, 2323900.9375 ], [ 591026.875, 2323900.0 ], [ 590929.6875, 2323900.3125 ], [ 590923.75, 2323901.875 ], [ 590919.0625, 2323904.6875 ], [ 590912.8125, 2323913.4375 ], [ 590908.75, 2323916.875 ], [ 590900.3125, 2323919.6875 ], [ 590889.84375, 2323920.46875 ], [ 590887.03125, 2323921.40625 ], [ 590882.8125, 2323924.6875 ], [ 590880.46875, 2323929.84375 ], [ 590879.6875, 2323940.3125 ], [ 590876.875, 2323948.75 ], [ 590873.4375, 2323952.8125 ], [ 590864.21875, 2323958.59375 ], [ 590858.59375, 2323964.21875 ], [ 590855.625, 2323968.75 ], [ 590843.28125, 2323993.90625 ], [ 590841.5625, 2323999.6875 ], [ 590840.15625, 2324009.53125 ], [ 590839.6875, 2324050.3125 ], [ 590836.875, 2324058.75 ], [ 590831.25, 2324064.375 ], [ 590808.75, 2324075.625 ], [ 590802.1875, 2324080.3125 ], [ 590795.625, 2324088.75 ], [ 590784.375, 2324111.25 ], [ 590782.34375, 2324116.71875 ], [ 590780.46875, 2324126.09375 ], [ 590779.84375, 2324170.46875 ], [ 590777.65625, 2324183.28125 ], [ 590775.625, 2324188.75 ], [ 590744.375, 2324251.25 ], [ 590739.6875, 2324257.8125 ], [ 590733.59375, 2324262.96875 ], [ 590708.75, 2324275.625 ], [ 590704.6875, 2324279.0625 ], [ 590700.9375, 2324286.5625 ], [ 590699.6875, 2324300.3125 ], [ 590696.875, 2324308.75 ], [ 590693.4375, 2324312.8125 ], [ 590686.5625, 2324317.1875 ], [ 590681.875, 2324323.75 ], [ 590680.0, 2324333.125 ], [ 590679.6875, 2324370.3125 ], [ 590676.875, 2324378.75 ], [ 590673.4375, 2324382.8125 ], [ 590664.6875, 2324389.0625 ], [ 590660.9375, 2324396.5625 ], [ 590660.0, 2324403.125 ], [ 590660.0, 2324436.875 ], [ 590658.125, 2324446.25 ], [ 590653.4375, 2324452.8125 ], [ 590628.75, 2324465.625 ], [ 590623.125, 2324471.25 ], [ 590620.9375, 2324476.5625 ], [ 590619.6875, 2324490.3125 ], [ 590618.125, 2324496.25 ], [ 590615.3125, 2324500.9375 ], [ 590606.5625, 2324507.1875 ], [ 590603.125, 2324511.25 ], [ 590600.9375, 2324516.5625 ], [ 590599.6875, 2324530.3125 ], [ 590598.125, 2324536.25 ], [ 590595.3125, 2324540.9375 ], [ 590586.5625, 2324547.1875 ], [ 590581.875, 2324553.75 ], [ 590580.3125, 2324559.6875 ], [ 590579.0625, 2324577.1875 ], [ 590576.71875, 2324586.09375 ], [ 590543.28125, 2324653.90625 ], [ 590540.9375, 2324662.8125 ], [ 590540.0, 2324673.125 ], [ 590539.6875, 2324770.3125 ], [ 590538.125, 2324776.25 ], [ 590535.3125, 2324780.9375 ], [ 590526.5625, 2324787.1875 ], [ 590521.875, 2324793.75 ], [ 590520.3125, 2324799.6875 ], [ 590519.6875, 2324810.3125 ], [ 590516.875, 2324818.75 ], [ 590513.4375, 2324822.8125 ], [ 590504.6875, 2324829.0625 ], [ 590500.9375, 2324836.5625 ], [ 590500.0, 2324843.125 ], [ 590500.0, 2324906.875 ], [ 590499.0625, 2324913.4375 ], [ 590496.875, 2324918.75 ], [ 590493.4375, 2324922.8125 ], [ 590468.75, 2324935.625 ], [ 590464.6875, 2324939.0625 ], [ 590460.9375, 2324946.5625 ], [ 590459.6875, 2324960.3125 ], [ 590456.875, 2324968.75 ], [ 590453.4375, 2324972.8125 ], [ 590446.5625, 2324977.1875 ], [ 590441.875, 2324983.75 ], [ 590440.0, 2324993.125 ], [ 590440.0, 2325026.875 ], [ 590438.4375, 2325040.3125 ], [ 590435.625, 2325048.75 ], [ 590424.375, 2325071.25 ], [ 590420.9375, 2325082.8125 ], [ 590420.0, 2325093.125 ], [ 590420.0, 2325126.875 ], [ 590419.0625, 2325133.4375 ], [ 590415.3125, 2325140.9375 ], [ 590406.5625, 2325147.1875 ], [ 590401.875, 2325153.75 ], [ 590400.3125, 2325159.6875 ], [ 590399.53125, 2325173.90625 ], [ 590397.65625, 2325183.28125 ], [ 590395.625, 2325188.75 ], [ 590384.375, 2325211.25 ], [ 590381.5625, 2325219.6875 ], [ 590380.0, 2325233.125 ], [ 590379.6875, 2325300.3125 ], [ 590376.875, 2325308.75 ], [ 590373.4375, 2325312.8125 ], [ 590364.6875, 2325319.0625 ], [ 590361.875, 2325323.75 ], [ 590360.3125, 2325329.6875 ], [ 590360.0, 2325456.875 ], [ 590359.0625, 2325463.4375 ], [ 590356.875, 2325468.75 ], [ 590353.4375, 2325472.8125 ], [ 590328.75, 2325485.625 ], [ 590323.125, 2325491.25 ], [ 590320.9375, 2325496.5625 ], [ 590319.6875, 2325510.3125 ], [ 590318.125, 2325516.25 ], [ 590315.3125, 2325520.9375 ], [ 590306.5625, 2325527.1875 ], [ 590303.125, 2325531.25 ], [ 590300.9375, 2325536.5625 ], [ 590299.6875, 2325550.3125 ], [ 590298.125, 2325556.25 ], [ 590295.3125, 2325560.9375 ], [ 590286.5625, 2325567.1875 ], [ 590281.875, 2325573.75 ], [ 590280.0, 2325583.125 ], [ 590280.0, 2325616.875 ], [ 590279.0625, 2325623.4375 ], [ 590276.875, 2325628.75 ], [ 590271.25, 2325634.375 ], [ 590248.75, 2325645.625 ], [ 590244.6875, 2325649.0625 ], [ 590241.875, 2325653.75 ], [ 590240.0, 2325663.125 ], [ 590240.0, 2325726.875 ], [ 590239.0625, 2325733.4375 ], [ 590235.3125, 2325740.9375 ], [ 590226.5625, 2325747.1875 ], [ 590221.875, 2325753.75 ], [ 590220.3125, 2325759.6875 ], [ 590219.6875, 2325770.3125 ], [ 590216.875, 2325778.75 ], [ 590213.4375, 2325782.8125 ], [ 590206.5625, 2325787.1875 ], [ 590201.875, 2325793.75 ], [ 590200.3125, 2325799.6875 ], [ 590199.0625, 2325817.1875 ], [ 590196.71875, 2325826.09375 ], [ 590163.28125, 2325893.90625 ], [ 590161.5625, 2325899.6875 ], [ 590160.15625, 2325909.53125 ], [ 590160.0, 2325946.875 ], [ 590158.125, 2325956.25 ], [ 590155.3125, 2325960.9375 ], [ 590146.5625, 2325967.1875 ], [ 590143.125, 2325971.25 ], [ 590140.9375, 2325976.5625 ], [ 590139.6875, 2325990.3125 ], [ 590138.125, 2325996.25 ], [ 590135.3125, 2326000.9375 ], [ 590126.5625, 2326007.1875 ], [ 590121.875, 2326013.75 ], [ 590120.3125, 2326019.6875 ], [ 590119.84375, 2326030.46875 ], [ 590118.4375, 2326040.3125 ], [ 590115.625, 2326048.75 ], [ 590104.375, 2326071.25 ], [ 590102.34375, 2326076.71875 ], [ 590100.46875, 2326086.09375 ], [ 590099.6875, 2326100.3125 ], [ 590098.125, 2326106.25 ], [ 590095.3125, 2326110.9375 ], [ 590082.1875, 2326120.3125 ], [ 590075.625, 2326128.75 ], [ 590064.375, 2326151.25 ], [ 590062.34375, 2326156.71875 ], [ 590060.46875, 2326166.09375 ], [ 590059.6875, 2326180.3125 ], [ 590056.875, 2326188.75 ], [ 590051.25, 2326194.375 ], [ 590028.75, 2326205.625 ], [ 590024.6875, 2326209.0625 ], [ 590021.875, 2326213.75 ], [ 590020.0, 2326223.125 ], [ 590020.0, 2326316.875 ], [ 590019.0625, 2326323.4375 ], [ 590016.875, 2326328.75 ], [ 590013.4375, 2326332.8125 ], [ 589988.75, 2326345.625 ], [ 589984.6875, 2326349.0625 ], [ 589981.875, 2326353.75 ], [ 589980.3125, 2326359.6875 ], [ 589979.84375, 2326370.46875 ], [ 589978.4375, 2326380.3125 ], [ 589975.625, 2326388.75 ], [ 589964.375, 2326411.25 ], [ 589962.34375, 2326416.71875 ], [ 589960.46875, 2326426.09375 ], [ 589959.6875, 2326440.3125 ], [ 589958.125, 2326446.25 ], [ 589955.3125, 2326450.9375 ], [ 589946.5625, 2326457.1875 ], [ 589943.125, 2326461.25 ], [ 589940.9375, 2326466.5625 ], [ 589939.6875, 2326480.3125 ], [ 589938.125, 2326486.25 ], [ 589935.3125, 2326490.9375 ], [ 589926.5625, 2326497.1875 ], [ 589921.875, 2326503.75 ], [ 589920.0, 2326513.125 ], [ 589920.0, 2326546.875 ], [ 589919.0625, 2326553.4375 ], [ 589915.3125, 2326560.9375 ], [ 589904.6875, 2326569.0625 ], [ 589900.9375, 2326576.5625 ], [ 589900.0, 2326583.125 ], [ 589900.0, 2326766.875 ], [ 589899.0625, 2326777.1875 ], [ 589896.71875, 2326786.09375 ], [ 589894.375, 2326791.25 ], [ 589890.9375, 2326795.3125 ], [ 589883.4375, 2326799.0625 ], [ 589876.875, 2326800.0 ], [ 589843.125, 2326800.0 ], [ 589833.75, 2326801.875 ], [ 589827.1875, 2326806.5625 ], [ 589824.375, 2326811.25 ], [ 589822.34375, 2326816.71875 ], [ 589820.9375, 2326822.8125 ], [ 589820.0, 2326833.125 ], [ 589819.6875, 2326960.3125 ], [ 589818.125, 2326966.25 ], [ 589815.3125, 2326970.9375 ], [ 589802.1875, 2326980.3125 ], [ 589795.625, 2326988.75 ], [ 589783.28125, 2327013.90625 ], [ 589781.5625, 2327019.6875 ], [ 589780.15625, 2327029.53125 ], [ 589780.0, 2327366.875 ], [ 589780.46875, 2327370.15625 ], [ 589782.8125, 2327375.3125 ], [ 589784.6875, 2327377.1875 ], [ 589789.84375, 2327379.53125 ], [ 589826.875, 2327380.0 ], [ 589832.96875, 2327381.40625 ], [ 589837.1875, 2327384.6875 ], [ 589838.59375, 2327387.03125 ], [ 589840.0, 2327393.125 ], [ 589839.6875, 2327460.3125 ], [ 589838.125, 2327466.25 ], [ 589835.3125, 2327470.9375 ], [ 589831.25, 2327474.375 ], [ 589826.09375, 2327476.71875 ], [ 589820.3125, 2327478.4375 ], [ 589810.46875, 2327479.84375 ], [ 589769.84375, 2327480.46875 ], [ 589764.6875, 2327482.8125 ], [ 589761.40625, 2327487.03125 ], [ 589760.0, 2327493.125 ], [ 589760.0, 2327526.875 ], [ 589758.4375, 2327540.3125 ], [ 589755.625, 2327548.75 ], [ 589743.28125, 2327573.90625 ], [ 589740.46875, 2327586.09375 ], [ 589740.0, 2327656.875 ], [ 589738.125, 2327666.25 ], [ 589735.3125, 2327670.9375 ], [ 589726.5625, 2327677.1875 ], [ 589723.125, 2327681.25 ], [ 589720.3125, 2327689.6875 ], [ 589719.0625, 2327703.4375 ], [ 589715.3125, 2327710.9375 ], [ 589711.25, 2327714.375 ], [ 589688.75, 2327725.625 ], [ 589684.6875, 2327729.0625 ], [ 589681.875, 2327733.75 ], [ 589680.0, 2327743.125 ], [ 589680.0, 2327806.875 ], [ 589679.0625, 2327813.4375 ], [ 589676.875, 2327818.75 ], [ 589671.25, 2327824.375 ], [ 589646.5625, 2327837.1875 ], [ 589643.125, 2327841.25 ], [ 589640.9375, 2327846.5625 ], [ 589640.0, 2327853.125 ], [ 589640.0, 2328006.875 ], [ 589639.0625, 2328017.1875 ], [ 589635.625, 2328028.75 ], [ 589624.375, 2328051.25 ], [ 589622.34375, 2328056.71875 ], [ 589620.46875, 2328066.09375 ], [ 589619.6875, 2328080.3125 ], [ 589618.125, 2328086.25 ], [ 589613.4375, 2328092.8125 ], [ 589604.6875, 2328099.0625 ], [ 589600.9375, 2328106.5625 ], [ 589600.0, 2328113.125 ], [ 589599.6875, 2328210.3125 ], [ 589598.125, 2328216.25 ], [ 589595.3125, 2328220.9375 ], [ 589586.5625, 2328227.1875 ], [ 589583.125, 2328231.25 ], [ 589580.9375, 2328236.5625 ], [ 589580.0, 2328243.125 ], [ 589580.0, 2328306.875 ], [ 589580.9375, 2328313.4375 ], [ 589584.6875, 2328320.9375 ], [ 589595.3125, 2328329.0625 ], [ 589598.125, 2328333.75 ], [ 589599.6875, 2328339.6875 ], [ 589599.6875, 2328410.3125 ], [ 589598.125, 2328416.25 ], [ 589595.3125, 2328420.9375 ], [ 589586.5625, 2328427.1875 ], [ 589581.875, 2328433.75 ], [ 589580.3125, 2328439.6875 ], [ 589579.53125, 2328453.90625 ], [ 589577.65625, 2328463.28125 ], [ 589575.625, 2328468.75 ], [ 589564.375, 2328491.25 ], [ 589559.6875, 2328497.8125 ], [ 589555.78125, 2328501.40625 ], [ 589546.5625, 2328507.1875 ], [ 589541.875, 2328513.75 ], [ 589540.0, 2328523.125 ], [ 589540.0, 2328556.875 ], [ 589539.0625, 2328563.4375 ], [ 589535.3125, 2328570.9375 ], [ 589524.6875, 2328579.0625 ], [ 589520.9375, 2328586.5625 ], [ 589520.0, 2328593.125 ], [ 589519.6875, 2328690.3125 ], [ 589516.875, 2328698.75 ], [ 589513.4375, 2328702.8125 ], [ 589504.6875, 2328709.0625 ], [ 589501.875, 2328713.75 ], [ 589500.3125, 2328719.6875 ], [ 589500.0, 2328816.875 ], [ 589498.125, 2328826.25 ], [ 589495.3125, 2328830.9375 ], [ 589482.1875, 2328840.3125 ], [ 589478.59375, 2328844.21875 ], [ 589472.8125, 2328853.4375 ], [ 589466.25, 2328858.125 ], [ 589456.875, 2328860.0 ], [ 589419.6875, 2328860.3125 ], [ 589413.75, 2328861.875 ], [ 589407.1875, 2328866.5625 ], [ 589403.28125, 2328873.90625 ], [ 589400.9375, 2328882.8125 ], [ 589400.0, 2328893.125 ], [ 589399.53125, 2328933.90625 ], [ 589397.65625, 2328943.28125 ], [ 589394.375, 2328951.25 ], [ 589390.9375, 2328955.3125 ], [ 589386.25, 2328958.125 ], [ 589380.3125, 2328959.6875 ], [ 589369.53125, 2328960.15625 ], [ 589359.6875, 2328961.5625 ], [ 589351.25, 2328964.375 ], [ 589346.5625, 2328967.1875 ], [ 589341.875, 2328973.75 ], [ 589340.3125, 2328979.6875 ], [ 589339.53125, 2328990.15625 ], [ 589337.1875, 2328995.3125 ], [ 589335.3125, 2328997.1875 ], [ 589330.15625, 2328999.53125 ], [ 589319.6875, 2329000.3125 ], [ 589313.75, 2329001.875 ], [ 589307.1875, 2329006.5625 ], [ 589282.96875, 2329053.59375 ], [ 589277.8125, 2329059.6875 ], [ 589266.5625, 2329067.1875 ], [ 589263.125, 2329071.25 ], [ 589260.9375, 2329076.5625 ], [ 589259.6875, 2329090.3125 ], [ 589258.125, 2329096.25 ], [ 589255.3125, 2329100.9375 ], [ 589246.5625, 2329107.1875 ], [ 589243.125, 2329111.25 ], [ 589240.9375, 2329116.5625 ], [ 589239.6875, 2329130.3125 ], [ 589238.125, 2329136.25 ], [ 589235.3125, 2329140.9375 ], [ 589226.5625, 2329147.1875 ], [ 589223.125, 2329151.25 ], [ 589220.9375, 2329156.5625 ], [ 589219.6875, 2329170.3125 ], [ 589218.125, 2329176.25 ], [ 589215.3125, 2329180.9375 ], [ 589206.5625, 2329187.1875 ], [ 589201.875, 2329193.75 ], [ 589200.3125, 2329199.6875 ], [ 589199.0625, 2329217.1875 ], [ 589195.625, 2329228.75 ], [ 589184.375, 2329251.25 ], [ 589181.40625, 2329255.78125 ], [ 589175.78125, 2329261.40625 ], [ 589166.5625, 2329267.1875 ], [ 589163.125, 2329271.25 ], [ 589160.9375, 2329276.5625 ], [ 589159.0625, 2329297.1875 ], [ 589155.625, 2329308.75 ], [ 589122.96875, 2329373.59375 ], [ 589117.8125, 2329379.6875 ], [ 589106.5625, 2329387.1875 ], [ 589103.125, 2329391.25 ], [ 589100.3125, 2329399.6875 ], [ 589099.53125, 2329413.90625 ], [ 589097.65625, 2329423.28125 ], [ 589095.625, 2329428.75 ], [ 589084.375, 2329451.25 ], [ 589079.6875, 2329457.8125 ], [ 589075.78125, 2329461.40625 ], [ 589066.5625, 2329467.1875 ], [ 589061.875, 2329473.75 ], [ 589060.3125, 2329479.6875 ], [ 589059.0625, 2329497.1875 ], [ 589056.71875, 2329506.09375 ], [ 589034.375, 2329551.25 ], [ 589030.9375, 2329555.3125 ], [ 589023.4375, 2329559.0625 ], [ 589002.8125, 2329560.9375 ], [ 588991.25, 2329564.375 ], [ 588986.5625, 2329567.1875 ], [ 588981.875, 2329573.75 ], [ 588980.0, 2329583.125 ], [ 588980.0, 2329646.875 ], [ 588979.0625, 2329657.1875 ], [ 588975.625, 2329668.75 ], [ 588964.375, 2329691.25 ], [ 588961.40625, 2329695.78125 ], [ 588955.78125, 2329701.40625 ], [ 588951.25, 2329704.375 ], [ 588928.75, 2329715.625 ], [ 588923.125, 2329721.25 ], [ 588920.3125, 2329729.6875 ], [ 588920.0, 2329766.875 ], [ 588919.0625, 2329773.4375 ], [ 588916.875, 2329778.75 ], [ 588911.25, 2329784.375 ], [ 588888.75, 2329795.625 ], [ 588884.6875, 2329799.0625 ], [ 588880.9375, 2329806.5625 ], [ 588879.6875, 2329820.3125 ], [ 588876.875, 2329828.75 ], [ 588873.4375, 2329832.8125 ], [ 588864.21875, 2329838.59375 ], [ 588858.59375, 2329844.21875 ], [ 588841.40625, 2329875.78125 ], [ 588833.59375, 2329882.96875 ], [ 588808.75, 2329895.625 ], [ 588804.6875, 2329899.0625 ], [ 588800.9375, 2329906.5625 ], [ 588799.6875, 2329920.3125 ], [ 588796.875, 2329928.75 ], [ 588793.4375, 2329932.8125 ], [ 588786.40625, 2329937.03125 ], [ 588780.3125, 2329942.1875 ], [ 588770.9375, 2329955.3125 ], [ 588763.4375, 2329959.0625 ], [ 588749.6875, 2329960.3125 ], [ 588741.25, 2329963.125 ], [ 588737.1875, 2329966.5625 ], [ 588732.8125, 2329973.4375 ], [ 588726.25, 2329978.125 ], [ 588720.3125, 2329979.6875 ], [ 588709.53125, 2329980.15625 ], [ 588699.6875, 2329981.5625 ], [ 588691.25, 2329984.375 ], [ 588684.6875, 2329989.0625 ], [ 588681.875, 2329993.75 ], [ 588680.0, 2330003.125 ], [ 588680.0, 2330066.875 ], [ 588678.59375, 2330072.96875 ], [ 588677.1875, 2330075.3125 ], [ 588672.96875, 2330078.59375 ], [ 588670.15625, 2330079.53125 ], [ 588656.5625, 2330080.9375 ], [ 588651.25, 2330083.125 ], [ 588647.1875, 2330086.5625 ], [ 588642.96875, 2330093.59375 ], [ 588637.8125, 2330099.6875 ], [ 588624.6875, 2330109.0625 ], [ 588620.9375, 2330116.5625 ], [ 588619.53125, 2330133.90625 ], [ 588617.65625, 2330143.28125 ], [ 588614.375, 2330151.25 ], [ 588610.9375, 2330155.3125 ], [ 588603.4375, 2330159.0625 ], [ 588586.5625, 2330160.9375 ], [ 588579.0625, 2330164.6875 ], [ 588575.625, 2330168.75 ], [ 588562.8125, 2330193.4375 ], [ 588558.75, 2330196.875 ], [ 588553.4375, 2330199.0625 ], [ 588546.875, 2330200.0 ], [ 588453.125, 2330200.0 ], [ 588446.5625, 2330200.9375 ], [ 588439.0625, 2330204.6875 ], [ 588435.625, 2330208.75 ], [ 588423.28125, 2330233.90625 ], [ 588420.46875, 2330246.09375 ], [ 588419.6875, 2330260.3125 ], [ 588416.875, 2330268.75 ], [ 588413.4375, 2330272.8125 ], [ 588404.21875, 2330278.59375 ], [ 588398.59375, 2330284.21875 ], [ 588395.625, 2330288.75 ], [ 588384.375, 2330311.25 ], [ 588379.6875, 2330317.8125 ], [ 588371.25, 2330324.375 ], [ 588326.5625, 2330347.1875 ], [ 588321.875, 2330353.75 ], [ 588320.3125, 2330359.6875 ], [ 588319.0625, 2330373.4375 ], [ 588315.3125, 2330380.9375 ], [ 588311.25, 2330384.375 ], [ 588288.75, 2330395.625 ], [ 588282.1875, 2330400.3125 ], [ 588277.03125, 2330406.40625 ], [ 588264.375, 2330431.25 ], [ 588260.9375, 2330435.3125 ], [ 588253.4375, 2330439.0625 ], [ 588239.6875, 2330440.3125 ], [ 588233.75, 2330441.875 ], [ 588229.0625, 2330444.6875 ], [ 588222.8125, 2330453.4375 ], [ 588218.75, 2330456.875 ], [ 588210.3125, 2330459.6875 ], [ 588196.5625, 2330460.9375 ], [ 588189.0625, 2330464.6875 ], [ 588179.6875, 2330477.8125 ], [ 588175.78125, 2330481.40625 ], [ 588166.5625, 2330487.1875 ], [ 588163.125, 2330491.25 ], [ 588160.3125, 2330499.6875 ], [ 588159.0625, 2330513.4375 ], [ 588155.3125, 2330520.9375 ], [ 588151.25, 2330524.375 ], [ 588106.5625, 2330547.1875 ], [ 588101.875, 2330553.75 ], [ 588100.3125, 2330559.6875 ], [ 588099.0625, 2330573.4375 ], [ 588095.3125, 2330580.9375 ], [ 588091.25, 2330584.375 ], [ 588066.40625, 2330597.03125 ], [ 588058.59375, 2330604.21875 ], [ 588041.40625, 2330635.78125 ], [ 588035.78125, 2330641.40625 ], [ 588026.5625, 2330647.1875 ], [ 588023.125, 2330651.25 ], [ 588020.3125, 2330659.6875 ], [ 588019.0625, 2330673.4375 ], [ 588015.3125, 2330680.9375 ], [ 588011.25, 2330684.375 ], [ 587988.75, 2330695.625 ], [ 587982.1875, 2330700.3125 ], [ 587975.625, 2330708.75 ], [ 587964.375, 2330731.25 ], [ 587961.40625, 2330735.78125 ], [ 587955.78125, 2330741.40625 ], [ 587946.5625, 2330747.1875 ], [ 587943.125, 2330751.25 ], [ 587940.3125, 2330759.6875 ], [ 587939.0625, 2330773.4375 ], [ 587935.3125, 2330780.9375 ], [ 587931.25, 2330784.375 ], [ 587908.75, 2330795.625 ], [ 587904.21875, 2330798.59375 ], [ 587898.59375, 2330804.21875 ], [ 587892.8125, 2330813.4375 ], [ 587888.75, 2330816.875 ], [ 587880.3125, 2330819.6875 ], [ 587869.84375, 2330820.46875 ], [ 587867.03125, 2330821.40625 ], [ 587862.8125, 2330824.6875 ], [ 587860.46875, 2330829.84375 ], [ 587859.6875, 2330840.3125 ], [ 587856.875, 2330848.75 ], [ 587853.4375, 2330852.8125 ], [ 587846.5625, 2330857.1875 ], [ 587841.875, 2330863.75 ], [ 587840.3125, 2330869.6875 ], [ 587839.6875, 2330880.3125 ], [ 587836.875, 2330888.75 ], [ 587833.4375, 2330892.8125 ], [ 587822.1875, 2330900.3125 ], [ 587817.03125, 2330906.40625 ], [ 587784.375, 2330971.25 ], [ 587782.34375, 2330976.71875 ], [ 587780.15625, 2330989.53125 ], [ 587780.0, 2331026.875 ], [ 587779.0625, 2331033.4375 ], [ 587775.3125, 2331040.9375 ], [ 587764.6875, 2331049.0625 ], [ 587761.875, 2331053.75 ], [ 587760.3125, 2331059.6875 ], [ 587760.0, 2331126.875 ], [ 587760.9375, 2331137.1875 ], [ 587763.28125, 2331146.09375 ], [ 587765.625, 2331151.25 ], [ 587769.0625, 2331155.3125 ], [ 587773.75, 2331158.125 ], [ 587779.6875, 2331159.6875 ], [ 587846.875, 2331160.0 ], [ 587856.25, 2331158.125 ], [ 587860.9375, 2331155.3125 ], [ 587867.1875, 2331146.5625 ], [ 587871.25, 2331143.125 ], [ 587876.5625, 2331140.9375 ], [ 587890.3125, 2331139.6875 ], [ 587896.25, 2331138.125 ], [ 587900.9375, 2331135.3125 ], [ 587907.1875, 2331126.5625 ], [ 587911.25, 2331123.125 ], [ 587916.5625, 2331120.9375 ], [ 587930.3125, 2331119.6875 ], [ 587938.75, 2331116.875 ], [ 587944.375, 2331111.25 ], [ 587955.625, 2331088.75 ], [ 587959.0625, 2331084.6875 ], [ 587966.5625, 2331080.9375 ], [ 587980.3125, 2331079.6875 ], [ 587988.75, 2331076.875 ], [ 587992.8125, 2331073.4375 ], [ 587997.03125, 2331066.40625 ], [ 588002.1875, 2331060.3125 ], [ 588008.75, 2331055.625 ], [ 588031.25, 2331044.375 ], [ 588035.78125, 2331041.40625 ], [ 588041.40625, 2331035.78125 ], [ 588047.1875, 2331026.5625 ], [ 588051.25, 2331023.125 ], [ 588056.5625, 2331020.9375 ], [ 588070.3125, 2331019.6875 ], [ 588076.25, 2331018.125 ], [ 588080.9375, 2331015.3125 ], [ 588087.1875, 2331006.5625 ], [ 588091.25, 2331003.125 ], [ 588099.6875, 2331000.3125 ], [ 588113.4375, 2330999.0625 ], [ 588120.9375, 2330995.3125 ], [ 588124.375, 2330991.25 ], [ 588135.625, 2330968.75 ], [ 588139.0625, 2330964.6875 ], [ 588146.5625, 2330960.9375 ], [ 588160.3125, 2330959.6875 ], [ 588168.75, 2330956.875 ], [ 588174.375, 2330951.25 ], [ 588185.625, 2330928.75 ], [ 588189.0625, 2330924.6875 ], [ 588196.5625, 2330920.9375 ], [ 588210.15625, 2330919.53125 ], [ 588212.96875, 2330918.59375 ], [ 588217.1875, 2330915.3125 ], [ 588219.53125, 2330910.15625 ], [ 588220.3125, 2330899.6875 ], [ 588223.125, 2330891.25 ], [ 588226.5625, 2330887.1875 ], [ 588235.78125, 2330881.40625 ], [ 588241.40625, 2330875.78125 ], [ 588258.59375, 2330844.21875 ], [ 588266.40625, 2330837.03125 ], [ 588291.25, 2330824.375 ], [ 588299.6875, 2330817.8125 ], [ 588304.375, 2330811.25 ], [ 588315.625, 2330788.75 ], [ 588322.1875, 2330780.3125 ], [ 588328.75, 2330775.625 ], [ 588351.25, 2330764.375 ], [ 588355.78125, 2330761.40625 ], [ 588361.40625, 2330755.78125 ], [ 588367.1875, 2330746.5625 ], [ 588371.25, 2330743.125 ], [ 588379.6875, 2330740.3125 ], [ 588393.4375, 2330739.0625 ], [ 588400.9375, 2330735.3125 ], [ 588404.375, 2330731.25 ], [ 588415.625, 2330708.75 ], [ 588421.25, 2330703.125 ], [ 588426.5625, 2330700.9375 ], [ 588440.3125, 2330699.6875 ], [ 588446.25, 2330698.125 ], [ 588450.9375, 2330695.3125 ], [ 588457.1875, 2330686.5625 ], [ 588461.25, 2330683.125 ], [ 588466.5625, 2330680.9375 ], [ 588480.3125, 2330679.6875 ], [ 588488.75, 2330676.875 ], [ 588492.8125, 2330673.4375 ], [ 588498.59375, 2330664.21875 ], [ 588504.21875, 2330658.59375 ], [ 588533.4375, 2330642.8125 ], [ 588538.125, 2330636.25 ], [ 588539.6875, 2330630.3125 ], [ 588540.9375, 2330616.5625 ], [ 588544.6875, 2330609.0625 ], [ 588548.75, 2330605.625 ], [ 588591.25, 2330584.375 ], [ 588597.8125, 2330579.6875 ], [ 588602.96875, 2330573.59375 ], [ 588615.625, 2330548.75 ], [ 588620.3125, 2330542.1875 ], [ 588626.40625, 2330537.03125 ], [ 588651.25, 2330524.375 ], [ 588657.8125, 2330519.6875 ], [ 588662.96875, 2330513.59375 ], [ 588675.625, 2330488.75 ], [ 588679.0625, 2330484.6875 ], [ 588686.5625, 2330480.9375 ], [ 588700.3125, 2330479.6875 ], [ 588708.75, 2330476.875 ], [ 588712.8125, 2330473.4375 ], [ 588717.1875, 2330466.5625 ], [ 588723.75, 2330461.875 ], [ 588729.6875, 2330460.3125 ], [ 588740.3125, 2330459.6875 ], [ 588748.75, 2330456.875 ], [ 588752.8125, 2330453.4375 ], [ 588760.3125, 2330442.1875 ], [ 588766.40625, 2330437.03125 ], [ 588871.25, 2330384.375 ], [ 588879.6875, 2330377.8125 ], [ 588887.1875, 2330366.5625 ], [ 588891.25, 2330363.125 ], [ 588896.5625, 2330360.9375 ], [ 588910.3125, 2330359.6875 ], [ 588916.25, 2330358.125 ], [ 588920.9375, 2330355.3125 ], [ 588927.1875, 2330346.5625 ], [ 588931.25, 2330343.125 ], [ 588939.6875, 2330340.3125 ], [ 588953.4375, 2330339.0625 ], [ 588960.9375, 2330335.3125 ], [ 588964.375, 2330331.25 ], [ 588977.03125, 2330306.40625 ], [ 588982.1875, 2330300.3125 ], [ 588988.75, 2330295.625 ], [ 589013.59375, 2330282.96875 ], [ 589021.40625, 2330275.78125 ], [ 589038.59375, 2330244.21875 ], [ 589044.21875, 2330238.59375 ], [ 589053.4375, 2330232.8125 ], [ 589056.875, 2330228.75 ], [ 589059.6875, 2330220.3125 ], [ 589060.9375, 2330206.5625 ], [ 589064.6875, 2330199.0625 ], [ 589068.75, 2330195.625 ], [ 589093.59375, 2330182.96875 ], [ 589101.40625, 2330175.78125 ], [ 589118.59375, 2330144.21875 ], [ 589124.21875, 2330138.59375 ], [ 589133.4375, 2330132.8125 ], [ 589136.875, 2330128.75 ], [ 589139.6875, 2330120.3125 ], [ 589140.46875, 2330109.84375 ], [ 589141.40625, 2330107.03125 ], [ 589144.6875, 2330102.8125 ], [ 589149.84375, 2330100.46875 ], [ 589160.3125, 2330099.6875 ], [ 589168.75, 2330096.875 ], [ 589172.8125, 2330093.4375 ], [ 589178.59375, 2330084.21875 ], [ 589184.21875, 2330078.59375 ], [ 589215.78125, 2330061.40625 ], [ 589222.96875, 2330053.59375 ], [ 589235.625, 2330028.75 ], [ 589240.3125, 2330022.1875 ], [ 589248.75, 2330015.625 ], [ 589271.25, 2330004.375 ], [ 589275.78125, 2330001.40625 ], [ 589281.40625, 2329995.78125 ], [ 589285.625, 2329988.75 ], [ 589289.0625, 2329984.6875 ], [ 589296.5625, 2329980.9375 ], [ 589313.4375, 2329979.0625 ], [ 589320.9375, 2329975.3125 ], [ 589324.375, 2329971.25 ], [ 589335.625, 2329948.75 ], [ 589340.3125, 2329942.1875 ], [ 589346.40625, 2329937.03125 ], [ 589371.25, 2329924.375 ], [ 589377.8125, 2329919.6875 ], [ 589382.96875, 2329913.59375 ], [ 589395.625, 2329888.75 ], [ 589399.0625, 2329884.6875 ], [ 589406.5625, 2329880.9375 ], [ 589420.3125, 2329879.6875 ], [ 589428.75, 2329876.875 ], [ 589432.8125, 2329873.4375 ], [ 589437.1875, 2329866.5625 ], [ 589443.75, 2329861.875 ], [ 589449.6875, 2329860.3125 ], [ 589460.3125, 2329859.6875 ], [ 589468.75, 2329856.875 ], [ 589472.8125, 2329853.4375 ], [ 589478.59375, 2329844.21875 ], [ 589484.21875, 2329838.59375 ], [ 589513.4375, 2329822.8125 ], [ 589516.875, 2329818.75 ], [ 589519.0625, 2329813.4375 ], [ 589520.3125, 2329799.6875 ], [ 589523.125, 2329791.25 ], [ 589526.5625, 2329787.1875 ], [ 589535.78125, 2329781.40625 ], [ 589541.40625, 2329775.78125 ], [ 589544.375, 2329771.25 ], [ 589555.625, 2329748.75 ], [ 589559.0625, 2329744.6875 ], [ 589563.75, 2329741.875 ], [ 589569.6875, 2329740.3125 ], [ 589606.875, 2329740.0 ], [ 589616.25, 2329738.125 ], [ 589620.9375, 2329735.3125 ], [ 589627.1875, 2329726.5625 ], [ 589631.25, 2329723.125 ], [ 589636.5625, 2329720.9375 ], [ 589650.3125, 2329719.6875 ], [ 589656.25, 2329718.125 ], [ 589660.9375, 2329715.3125 ], [ 589667.1875, 2329706.5625 ], [ 589671.25, 2329703.125 ], [ 589676.5625, 2329700.9375 ], [ 589690.3125, 2329699.6875 ], [ 589696.25, 2329698.125 ], [ 589700.9375, 2329695.3125 ], [ 589707.1875, 2329686.5625 ], [ 589713.75, 2329681.875 ], [ 589719.6875, 2329680.3125 ], [ 589730.46875, 2329679.84375 ], [ 589740.3125, 2329678.4375 ], [ 589748.75, 2329675.625 ], [ 589771.25, 2329664.375 ], [ 589776.71875, 2329662.34375 ], [ 589786.09375, 2329660.46875 ], [ 589800.3125, 2329659.6875 ], [ 589806.25, 2329658.125 ], [ 589810.9375, 2329655.3125 ], [ 589817.1875, 2329646.5625 ], [ 589823.75, 2329641.875 ], [ 589833.125, 2329640.0 ], [ 589900.3125, 2329639.6875 ], [ 589908.75, 2329636.875 ], [ 589912.8125, 2329633.4375 ], [ 589919.0625, 2329624.6875 ], [ 589926.5625, 2329620.9375 ], [ 589933.125, 2329620.0 ], [ 589970.46875, 2329620.15625 ], [ 589977.1875, 2329620.9375 ], [ 589986.09375, 2329623.28125 ], [ 590013.90625, 2329636.71875 ], [ 590026.09375, 2329639.53125 ], [ 590126.875, 2329640.0 ], [ 590133.4375, 2329640.9375 ], [ 590140.9375, 2329644.6875 ], [ 590147.1875, 2329653.4375 ], [ 590153.75, 2329658.125 ], [ 590163.125, 2329660.0 ], [ 590196.875, 2329660.0 ], [ 590203.4375, 2329660.9375 ], [ 590210.9375, 2329664.6875 ], [ 590219.0625, 2329675.3125 ], [ 590223.75, 2329678.125 ], [ 590229.6875, 2329679.6875 ], [ 590296.875, 2329680.0 ], [ 590303.4375, 2329680.9375 ], [ 590310.9375, 2329684.6875 ], [ 590314.375, 2329688.75 ], [ 590318.59375, 2329695.78125 ], [ 590324.21875, 2329701.40625 ], [ 590328.75, 2329704.375 ], [ 590351.25, 2329715.625 ], [ 590357.8125, 2329720.3125 ], [ 590364.375, 2329728.75 ], [ 590375.625, 2329751.25 ], [ 590379.0625, 2329755.3125 ], [ 590383.75, 2329758.125 ], [ 590393.125, 2329760.0 ], [ 590426.875, 2329760.0 ], [ 590437.1875, 2329760.9375 ], [ 590448.75, 2329764.375 ], [ 590471.25, 2329775.625 ], [ 590476.71875, 2329777.65625 ], [ 590486.09375, 2329779.53125 ], [ 590500.3125, 2329780.3125 ], [ 590506.25, 2329781.875 ], [ 590510.9375, 2329784.6875 ], [ 590517.1875, 2329793.4375 ], [ 590521.25, 2329796.875 ], [ 590526.5625, 2329799.0625 ], [ 590540.3125, 2329800.3125 ], [ 590546.25, 2329801.875 ], [ 590550.9375, 2329804.6875 ], [ 590557.1875, 2329813.4375 ], [ 590561.25, 2329816.875 ], [ 590566.5625, 2329819.0625 ], [ 590580.3125, 2329820.3125 ], [ 590586.25, 2329821.875 ], [ 590590.9375, 2329824.6875 ], [ 590597.1875, 2329833.4375 ], [ 590601.25, 2329836.875 ], [ 590606.5625, 2329839.0625 ], [ 590620.3125, 2329840.3125 ], [ 590626.25, 2329841.875 ], [ 590630.9375, 2329844.6875 ], [ 590637.1875, 2329853.4375 ], [ 590641.25, 2329856.875 ], [ 590646.5625, 2329859.0625 ], [ 590660.3125, 2329860.3125 ], [ 590668.75, 2329863.125 ], [ 590672.8125, 2329866.5625 ], [ 590678.59375, 2329875.78125 ], [ 590684.21875, 2329881.40625 ], [ 590688.75, 2329884.375 ], [ 590711.25, 2329895.625 ], [ 590715.3125, 2329899.0625 ], [ 590719.0625, 2329906.5625 ], [ 590720.3125, 2329920.3125 ], [ 590723.125, 2329928.75 ], [ 590726.5625, 2329932.8125 ], [ 590733.59375, 2329937.03125 ], [ 590739.6875, 2329942.1875 ], [ 590749.0625, 2329955.3125 ], [ 590756.5625, 2329959.0625 ], [ 590766.875, 2329960.0 ], [ 590772.96875, 2329961.40625 ], [ 590777.1875, 2329964.6875 ], [ 590779.53125, 2329969.84375 ], [ 590779.84375, 2330010.46875 ], [ 590778.4375, 2330020.3125 ], [ 590775.625, 2330028.75 ], [ 590764.375, 2330051.25 ], [ 590757.8125, 2330059.6875 ], [ 590751.25, 2330064.375 ], [ 590728.75, 2330075.625 ], [ 590724.6875, 2330079.0625 ], [ 590720.9375, 2330086.5625 ], [ 590719.0625, 2330103.4375 ], [ 590716.875, 2330108.75 ], [ 590713.4375, 2330112.8125 ], [ 590708.75, 2330115.625 ], [ 590703.28125, 2330117.65625 ], [ 590690.46875, 2330119.84375 ], [ 590653.125, 2330120.0 ], [ 590643.75, 2330118.125 ], [ 590639.0625, 2330115.3125 ], [ 590632.8125, 2330106.5625 ], [ 590628.75, 2330103.125 ], [ 590620.3125, 2330100.3125 ], [ 590606.5625, 2330099.0625 ], [ 590599.0625, 2330095.3125 ], [ 590595.625, 2330091.25 ], [ 590584.375, 2330068.75 ], [ 590578.75, 2330063.125 ], [ 590573.4375, 2330060.9375 ], [ 590559.6875, 2330059.6875 ], [ 590553.75, 2330058.125 ], [ 590549.0625, 2330055.3125 ], [ 590542.8125, 2330046.5625 ], [ 590538.75, 2330043.125 ], [ 590533.4375, 2330040.9375 ], [ 590519.6875, 2330039.6875 ], [ 590513.75, 2330038.125 ], [ 590509.0625, 2330035.3125 ], [ 590502.8125, 2330026.5625 ], [ 590496.25, 2330021.875 ], [ 590486.875, 2330020.0 ], [ 590449.53125, 2330019.84375 ], [ 590436.71875, 2330017.65625 ], [ 590431.25, 2330015.625 ], [ 590366.09375, 2329983.28125 ], [ 590357.1875, 2329980.9375 ], [ 590339.6875, 2329979.6875 ], [ 590333.75, 2329978.125 ], [ 590329.0625, 2329975.3125 ], [ 590322.8125, 2329966.5625 ], [ 590316.25, 2329961.875 ], [ 590306.875, 2329960.0 ], [ 590273.125, 2329960.0 ], [ 590266.5625, 2329959.0625 ], [ 590259.0625, 2329955.3125 ], [ 590250.9375, 2329944.6875 ], [ 590246.25, 2329941.875 ], [ 590240.3125, 2329940.3125 ], [ 590203.125, 2329940.0 ], [ 590196.5625, 2329939.0625 ], [ 590189.0625, 2329935.3125 ], [ 590180.9375, 2329924.6875 ], [ 590173.4375, 2329920.9375 ], [ 590166.875, 2329920.0 ], [ 590133.125, 2329920.0 ], [ 590126.5625, 2329919.0625 ], [ 590119.0625, 2329915.3125 ], [ 590112.8125, 2329906.5625 ], [ 590106.25, 2329901.875 ], [ 590100.3125, 2329900.3125 ], [ 590086.09375, 2329899.53125 ], [ 590076.71875, 2329897.65625 ], [ 590046.09375, 2329883.28125 ], [ 590033.90625, 2329880.46875 ], [ 589873.125, 2329880.0 ], [ 589866.5625, 2329880.9375 ], [ 589861.25, 2329883.125 ], [ 589857.1875, 2329886.5625 ], [ 589850.9375, 2329895.3125 ], [ 589846.25, 2329898.125 ], [ 589840.3125, 2329899.6875 ], [ 589713.125, 2329900.0 ], [ 589706.5625, 2329900.9375 ], [ 589701.25, 2329903.125 ], [ 589697.1875, 2329906.5625 ], [ 589684.375, 2329931.25 ], [ 589680.9375, 2329935.3125 ], [ 589676.25, 2329938.125 ], [ 589666.875, 2329940.0 ], [ 589629.53125, 2329940.15625 ], [ 589622.8125, 2329940.9375 ], [ 589613.90625, 2329943.28125 ], [ 589508.75, 2329995.625 ], [ 589502.1875, 2330000.3125 ], [ 589497.03125, 2330006.40625 ], [ 589484.375, 2330031.25 ], [ 589477.8125, 2330039.6875 ], [ 589471.25, 2330044.375 ], [ 589448.75, 2330055.625 ], [ 589444.6875, 2330059.0625 ], [ 589440.9375, 2330066.5625 ], [ 589439.0625, 2330083.4375 ], [ 589436.875, 2330088.75 ], [ 589433.4375, 2330092.8125 ], [ 589386.09375, 2330116.71875 ], [ 589377.1875, 2330119.0625 ], [ 589359.6875, 2330120.3125 ], [ 589353.75, 2330121.875 ], [ 589349.0625, 2330124.6875 ], [ 589342.8125, 2330133.4375 ], [ 589336.25, 2330138.125 ], [ 589330.3125, 2330139.6875 ], [ 589319.6875, 2330140.3125 ], [ 589311.25, 2330143.125 ], [ 589307.1875, 2330146.5625 ], [ 589299.6875, 2330157.8125 ], [ 589293.59375, 2330162.96875 ], [ 589228.75, 2330195.625 ], [ 589222.1875, 2330200.3125 ], [ 589215.625, 2330208.75 ], [ 589154.375, 2330331.25 ], [ 589150.9375, 2330335.3125 ], [ 589143.4375, 2330339.0625 ], [ 589129.6875, 2330340.3125 ], [ 589123.75, 2330341.875 ], [ 589119.0625, 2330344.6875 ], [ 589112.8125, 2330353.4375 ], [ 589108.75, 2330356.875 ], [ 589100.3125, 2330359.6875 ], [ 589086.5625, 2330360.9375 ], [ 589079.0625, 2330364.6875 ], [ 589075.625, 2330368.75 ], [ 589062.96875, 2330393.59375 ], [ 589057.8125, 2330399.6875 ], [ 589051.25, 2330404.375 ], [ 588988.75, 2330435.625 ], [ 588984.21875, 2330438.59375 ], [ 588977.03125, 2330446.40625 ], [ 588964.375, 2330471.25 ], [ 588958.75, 2330476.875 ], [ 588953.4375, 2330479.0625 ], [ 588939.6875, 2330480.3125 ], [ 588933.75, 2330481.875 ], [ 588927.1875, 2330486.5625 ], [ 588920.9375, 2330495.3125 ], [ 588913.4375, 2330499.0625 ], [ 588906.875, 2330500.0 ], [ 588869.6875, 2330500.3125 ], [ 588863.75, 2330501.875 ], [ 588859.0625, 2330504.6875 ], [ 588855.625, 2330508.75 ], [ 588842.96875, 2330533.59375 ], [ 588835.78125, 2330541.40625 ], [ 588831.25, 2330544.375 ], [ 588768.75, 2330575.625 ], [ 588764.6875, 2330579.0625 ], [ 588760.9375, 2330586.5625 ], [ 588759.6875, 2330600.3125 ], [ 588756.875, 2330608.75 ], [ 588751.25, 2330614.375 ], [ 588728.75, 2330625.625 ], [ 588724.6875, 2330629.0625 ], [ 588720.9375, 2330636.5625 ], [ 588719.53125, 2330650.15625 ], [ 588718.59375, 2330652.96875 ], [ 588715.3125, 2330657.1875 ], [ 588712.96875, 2330658.59375 ], [ 588706.875, 2330660.0 ], [ 588669.6875, 2330660.3125 ], [ 588663.75, 2330661.875 ], [ 588659.0625, 2330664.6875 ], [ 588655.625, 2330668.75 ], [ 588644.375, 2330691.25 ], [ 588641.40625, 2330695.78125 ], [ 588635.78125, 2330701.40625 ], [ 588626.5625, 2330707.1875 ], [ 588623.125, 2330711.25 ], [ 588620.3125, 2330719.6875 ], [ 588619.53125, 2330730.15625 ], [ 588618.59375, 2330732.96875 ], [ 588615.3125, 2330737.1875 ], [ 588612.96875, 2330738.59375 ], [ 588606.875, 2330740.0 ], [ 588573.125, 2330740.0 ], [ 588569.84375, 2330740.46875 ], [ 588564.6875, 2330742.8125 ], [ 588561.40625, 2330747.03125 ], [ 588560.46875, 2330749.84375 ], [ 588559.0625, 2330763.4375 ], [ 588555.3125, 2330770.9375 ], [ 588551.25, 2330774.375 ], [ 588508.75, 2330795.625 ], [ 588502.1875, 2330800.3125 ], [ 588497.03125, 2330806.40625 ], [ 588484.375, 2330831.25 ], [ 588480.9375, 2330835.3125 ], [ 588473.4375, 2330839.0625 ], [ 588459.6875, 2330840.3125 ], [ 588451.25, 2330843.125 ], [ 588447.1875, 2330846.5625 ], [ 588441.40625, 2330855.78125 ], [ 588435.78125, 2330861.40625 ], [ 588431.25, 2330864.375 ], [ 588408.75, 2330875.625 ], [ 588400.3125, 2330882.1875 ], [ 588395.625, 2330888.75 ], [ 588384.375, 2330911.25 ], [ 588380.9375, 2330915.3125 ], [ 588373.4375, 2330919.0625 ], [ 588356.5625, 2330920.9375 ], [ 588349.0625, 2330924.6875 ], [ 588345.625, 2330928.75 ], [ 588334.375, 2330951.25 ], [ 588330.9375, 2330955.3125 ], [ 588323.4375, 2330959.0625 ], [ 588306.5625, 2330960.9375 ], [ 588299.0625, 2330964.6875 ], [ 588295.625, 2330968.75 ], [ 588282.96875, 2330993.59375 ], [ 588277.8125, 2330999.6875 ], [ 588271.25, 2331004.375 ], [ 588248.75, 2331015.625 ], [ 588240.3125, 2331022.1875 ], [ 588235.625, 2331028.75 ], [ 588222.96875, 2331053.59375 ], [ 588215.78125, 2331061.40625 ], [ 588211.25, 2331064.375 ], [ 588148.75, 2331095.625 ], [ 588144.21875, 2331098.59375 ], [ 588137.03125, 2331106.40625 ], [ 588124.375, 2331131.25 ], [ 588119.6875, 2331137.8125 ], [ 588111.25, 2331144.375 ], [ 588088.75, 2331155.625 ], [ 588084.21875, 2331158.59375 ], [ 588078.59375, 2331164.21875 ], [ 588072.8125, 2331173.4375 ], [ 588068.75, 2331176.875 ], [ 588060.3125, 2331179.6875 ], [ 588046.5625, 2331180.9375 ], [ 588039.0625, 2331184.6875 ], [ 588035.625, 2331188.75 ], [ 588022.96875, 2331213.59375 ], [ 588017.8125, 2331219.6875 ], [ 588011.25, 2331224.375 ], [ 587988.75, 2331235.625 ], [ 587980.3125, 2331242.1875 ], [ 587975.625, 2331248.75 ], [ 587964.375, 2331271.25 ], [ 587957.8125, 2331279.6875 ], [ 587951.25, 2331284.375 ], [ 587928.75, 2331295.625 ], [ 587920.3125, 2331302.1875 ], [ 587915.625, 2331308.75 ], [ 587902.96875, 2331333.59375 ], [ 587895.78125, 2331341.40625 ], [ 587864.21875, 2331358.59375 ], [ 587858.59375, 2331364.21875 ], [ 587852.8125, 2331373.4375 ], [ 587848.75, 2331376.875 ], [ 587840.3125, 2331379.6875 ], [ 587826.5625, 2331380.9375 ], [ 587819.0625, 2331384.6875 ], [ 587815.625, 2331388.75 ], [ 587804.375, 2331411.25 ], [ 587799.6875, 2331417.8125 ], [ 587791.25, 2331424.375 ], [ 587768.75, 2331435.625 ], [ 587764.21875, 2331438.59375 ], [ 587758.59375, 2331444.21875 ], [ 587752.8125, 2331453.4375 ], [ 587748.75, 2331456.875 ], [ 587740.3125, 2331459.6875 ], [ 587726.09375, 2331460.46875 ], [ 587716.71875, 2331462.34375 ], [ 587711.25, 2331464.375 ], [ 587686.5625, 2331477.1875 ], [ 587683.125, 2331481.25 ], [ 587680.9375, 2331486.5625 ], [ 587679.6875, 2331500.3125 ], [ 587676.875, 2331508.75 ], [ 587673.4375, 2331512.8125 ], [ 587666.5625, 2331517.1875 ], [ 587661.875, 2331523.75 ], [ 587660.3125, 2331529.6875 ], [ 587659.6875, 2331540.3125 ], [ 587656.875, 2331548.75 ], [ 587653.4375, 2331552.8125 ], [ 587642.1875, 2331560.3125 ], [ 587637.03125, 2331566.40625 ], [ 587604.375, 2331631.25 ], [ 587601.40625, 2331635.78125 ], [ 587593.59375, 2331642.96875 ], [ 587548.75, 2331665.625 ], [ 587543.125, 2331671.25 ], [ 587540.9375, 2331676.5625 ], [ 587539.0625, 2331697.1875 ], [ 587535.625, 2331708.75 ], [ 587502.96875, 2331773.59375 ], [ 587497.8125, 2331779.6875 ], [ 587486.5625, 2331787.1875 ], [ 587483.125, 2331791.25 ], [ 587480.3125, 2331799.6875 ], [ 587479.0625, 2331813.4375 ], [ 587475.3125, 2331820.9375 ], [ 587471.25, 2331824.375 ], [ 587446.40625, 2331837.03125 ], [ 587438.59375, 2331844.21875 ], [ 587435.625, 2331848.75 ], [ 587404.375, 2331911.25 ], [ 587400.9375, 2331915.3125 ], [ 587393.4375, 2331919.0625 ], [ 587376.5625, 2331920.9375 ], [ 587369.0625, 2331924.6875 ], [ 587359.6875, 2331937.8125 ], [ 587355.78125, 2331941.40625 ], [ 587346.5625, 2331947.1875 ], [ 587343.125, 2331951.25 ], [ 587340.3125, 2331959.6875 ], [ 587339.53125, 2331970.15625 ], [ 587337.1875, 2331975.3125 ], [ 587335.3125, 2331977.1875 ], [ 587330.15625, 2331979.53125 ], [ 587319.6875, 2331980.3125 ], [ 587311.25, 2331983.125 ], [ 587307.1875, 2331986.5625 ], [ 587302.96875, 2331993.59375 ], [ 587297.8125, 2331999.6875 ], [ 587284.6875, 2332009.0625 ], [ 587280.9375, 2332016.5625 ], [ 587279.6875, 2332030.3125 ], [ 587276.875, 2332038.75 ], [ 587271.25, 2332044.375 ], [ 587248.75, 2332055.625 ], [ 587244.6875, 2332059.0625 ], [ 587240.9375, 2332066.5625 ], [ 587239.0625, 2332083.4375 ], [ 587235.3125, 2332090.9375 ], [ 587222.1875, 2332100.3125 ], [ 587218.59375, 2332104.21875 ], [ 587212.8125, 2332113.4375 ], [ 587208.75, 2332116.875 ], [ 587200.3125, 2332119.6875 ], [ 587186.5625, 2332120.9375 ], [ 587179.0625, 2332124.6875 ], [ 587175.625, 2332128.75 ], [ 587154.375, 2332171.25 ], [ 587150.9375, 2332175.3125 ], [ 587143.4375, 2332179.0625 ], [ 587126.09375, 2332180.46875 ], [ 587116.71875, 2332182.34375 ], [ 587111.25, 2332184.375 ], [ 587088.75, 2332195.625 ], [ 587084.21875, 2332198.59375 ], [ 587078.59375, 2332204.21875 ], [ 587075.625, 2332208.75 ], [ 587064.375, 2332231.25 ], [ 587058.75, 2332236.875 ], [ 587053.4375, 2332239.0625 ], [ 587039.6875, 2332240.3125 ], [ 587033.75, 2332241.875 ], [ 587029.0625, 2332244.6875 ], [ 587022.8125, 2332253.4375 ], [ 587018.75, 2332256.875 ], [ 587013.4375, 2332259.0625 ], [ 586999.6875, 2332260.3125 ], [ 586991.25, 2332263.125 ], [ 586987.1875, 2332266.5625 ], [ 586981.40625, 2332275.78125 ], [ 586975.78125, 2332281.40625 ], [ 586971.25, 2332284.375 ], [ 586948.75, 2332295.625 ], [ 586940.3125, 2332298.4375 ], [ 586933.90625, 2332299.53125 ], [ 586919.6875, 2332300.3125 ], [ 586911.25, 2332303.125 ], [ 586907.1875, 2332306.5625 ], [ 586899.6875, 2332317.8125 ], [ 586893.59375, 2332322.96875 ], [ 586826.40625, 2332357.03125 ], [ 586822.1875, 2332360.3125 ], [ 586817.03125, 2332366.40625 ], [ 586804.375, 2332391.25 ], [ 586797.8125, 2332399.6875 ], [ 586791.25, 2332404.375 ], [ 586766.40625, 2332417.03125 ], [ 586758.59375, 2332424.21875 ], [ 586755.625, 2332428.75 ], [ 586734.375, 2332471.25 ], [ 586728.75, 2332476.875 ], [ 586720.3125, 2332479.6875 ], [ 586706.09375, 2332480.46875 ], [ 586696.71875, 2332482.34375 ], [ 586663.28125, 2332497.65625 ], [ 586653.90625, 2332499.53125 ], [ 586639.6875, 2332500.3125 ], [ 586633.75, 2332501.875 ], [ 586629.0625, 2332504.6875 ], [ 586622.8125, 2332513.4375 ], [ 586618.75, 2332516.875 ], [ 586613.4375, 2332519.0625 ], [ 586599.6875, 2332520.3125 ], [ 586593.75, 2332521.875 ], [ 586589.0625, 2332524.6875 ], [ 586582.8125, 2332533.4375 ], [ 586578.75, 2332536.875 ], [ 586570.3125, 2332539.6875 ], [ 586556.5625, 2332540.9375 ], [ 586549.0625, 2332544.6875 ], [ 586545.625, 2332548.75 ], [ 586534.375, 2332571.25 ], [ 586530.9375, 2332575.3125 ], [ 586523.4375, 2332579.0625 ], [ 586509.6875, 2332580.3125 ], [ 586501.25, 2332583.125 ], [ 586495.625, 2332588.75 ], [ 586484.375, 2332611.25 ], [ 586477.8125, 2332619.6875 ], [ 586471.25, 2332624.375 ], [ 586428.75, 2332645.625 ], [ 586424.6875, 2332649.0625 ], [ 586420.9375, 2332656.5625 ], [ 586419.0625, 2332673.4375 ], [ 586415.3125, 2332680.9375 ], [ 586411.25, 2332684.375 ], [ 586386.40625, 2332697.03125 ], [ 586380.3125, 2332702.1875 ], [ 586375.625, 2332708.75 ], [ 586362.96875, 2332733.59375 ], [ 586355.78125, 2332741.40625 ], [ 586324.21875, 2332758.59375 ], [ 586318.59375, 2332764.21875 ], [ 586312.8125, 2332773.4375 ], [ 586308.75, 2332776.875 ], [ 586300.3125, 2332779.6875 ], [ 586286.09375, 2332780.46875 ], [ 586273.90625, 2332783.28125 ], [ 586248.75, 2332795.625 ], [ 586242.1875, 2332800.3125 ], [ 586235.625, 2332808.75 ], [ 586224.375, 2332831.25 ], [ 586221.40625, 2332835.78125 ], [ 586215.78125, 2332841.40625 ], [ 586206.5625, 2332847.1875 ], [ 586203.125, 2332851.25 ], [ 586200.3125, 2332859.6875 ], [ 586199.0625, 2332873.4375 ], [ 586195.3125, 2332880.9375 ], [ 586191.25, 2332884.375 ], [ 586168.75, 2332895.625 ], [ 586162.1875, 2332900.3125 ], [ 586157.03125, 2332906.40625 ], [ 586144.375, 2332931.25 ], [ 586139.6875, 2332937.8125 ], [ 586131.25, 2332944.375 ], [ 586108.75, 2332955.625 ], [ 586104.21875, 2332958.59375 ], [ 586098.59375, 2332964.21875 ], [ 586092.8125, 2332973.4375 ], [ 586088.75, 2332976.875 ], [ 586083.4375, 2332979.0625 ], [ 586069.6875, 2332980.3125 ], [ 586063.75, 2332981.875 ], [ 586059.0625, 2332984.6875 ], [ 586052.8125, 2332993.4375 ], [ 586048.75, 2332996.875 ], [ 586043.4375, 2332999.0625 ], [ 586029.6875, 2333000.3125 ], [ 586023.75, 2333001.875 ], [ 586019.0625, 2333004.6875 ], [ 586012.8125, 2333013.4375 ], [ 586008.75, 2333016.875 ], [ 586003.4375, 2333019.0625 ], [ 585989.6875, 2333020.3125 ], [ 585981.25, 2333023.125 ], [ 585975.625, 2333028.75 ], [ 585964.375, 2333051.25 ], [ 585958.75, 2333056.875 ], [ 585953.4375, 2333059.0625 ], [ 585939.6875, 2333060.3125 ], [ 585931.25, 2333063.125 ], [ 585927.1875, 2333066.5625 ], [ 585922.96875, 2333073.59375 ], [ 585917.8125, 2333079.6875 ], [ 585911.25, 2333084.375 ], [ 585888.75, 2333095.625 ], [ 585884.21875, 2333098.59375 ], [ 585878.59375, 2333104.21875 ], [ 585872.8125, 2333113.4375 ], [ 585868.75, 2333116.875 ], [ 585863.4375, 2333119.0625 ], [ 585849.6875, 2333120.3125 ], [ 585843.75, 2333121.875 ], [ 585839.0625, 2333124.6875 ], [ 585832.8125, 2333133.4375 ], [ 585828.75, 2333136.875 ], [ 585823.4375, 2333139.0625 ], [ 585809.6875, 2333140.3125 ], [ 585803.75, 2333141.875 ], [ 585799.0625, 2333144.6875 ], [ 585792.8125, 2333153.4375 ], [ 585786.25, 2333158.125 ], [ 585780.3125, 2333159.6875 ], [ 585769.53125, 2333160.15625 ], [ 585759.6875, 2333161.5625 ], [ 585751.25, 2333164.375 ], [ 585728.75, 2333175.625 ], [ 585723.28125, 2333177.65625 ], [ 585713.90625, 2333179.53125 ], [ 585699.6875, 2333180.3125 ], [ 585693.75, 2333181.875 ], [ 585687.1875, 2333186.5625 ], [ 585680.9375, 2333195.3125 ], [ 585673.4375, 2333199.0625 ], [ 585666.875, 2333200.0 ], [ 585633.125, 2333200.0 ], [ 585626.5625, 2333200.9375 ], [ 585619.0625, 2333204.6875 ], [ 585612.8125, 2333213.4375 ], [ 585608.75, 2333216.875 ], [ 585603.4375, 2333219.0625 ], [ 585593.125, 2333220.0 ], [ 585587.03125, 2333221.40625 ], [ 585582.8125, 2333224.6875 ], [ 585580.46875, 2333229.84375 ], [ 585580.0, 2333266.875 ], [ 585579.0625, 2333273.4375 ], [ 585576.875, 2333278.75 ], [ 585571.25, 2333284.375 ], [ 585548.75, 2333295.625 ], [ 585540.3125, 2333298.4375 ], [ 585526.875, 2333300.0 ], [ 585429.84375, 2333300.46875 ], [ 585424.6875, 2333302.8125 ], [ 585421.40625, 2333307.03125 ], [ 585420.46875, 2333309.84375 ], [ 585419.0625, 2333323.4375 ], [ 585416.875, 2333328.75 ], [ 585413.4375, 2333332.8125 ], [ 585406.09375, 2333336.71875 ], [ 585397.1875, 2333339.0625 ], [ 585386.875, 2333340.0 ], [ 585319.6875, 2333340.3125 ], [ 585313.75, 2333341.875 ], [ 585309.0625, 2333344.6875 ], [ 585302.8125, 2333353.4375 ], [ 585296.25, 2333358.125 ], [ 585290.3125, 2333359.6875 ], [ 585279.6875, 2333360.3125 ], [ 585271.25, 2333363.125 ], [ 585265.625, 2333368.75 ], [ 585262.34375, 2333376.71875 ], [ 585260.46875, 2333386.09375 ], [ 585259.6875, 2333400.3125 ], [ 585258.125, 2333406.25 ], [ 585253.4375, 2333412.8125 ], [ 585246.09375, 2333416.71875 ], [ 585237.1875, 2333419.0625 ], [ 585226.875, 2333420.0 ], [ 585133.125, 2333420.0 ], [ 585119.6875, 2333421.5625 ], [ 585111.25, 2333424.375 ], [ 585046.40625, 2333457.03125 ], [ 585038.59375, 2333464.21875 ], [ 585032.8125, 2333473.4375 ], [ 585026.25, 2333478.125 ], [ 585020.3125, 2333479.6875 ], [ 585006.09375, 2333480.46875 ], [ 584996.71875, 2333482.34375 ], [ 584991.25, 2333484.375 ], [ 584968.75, 2333495.625 ], [ 584957.1875, 2333499.0625 ], [ 584946.875, 2333500.0 ], [ 584913.125, 2333500.0 ], [ 584907.03125, 2333501.40625 ], [ 584902.8125, 2333504.6875 ], [ 584901.40625, 2333507.03125 ], [ 584900.0, 2333513.125 ], [ 584899.6875, 2333580.3125 ], [ 584896.875, 2333588.75 ], [ 584893.4375, 2333592.8125 ], [ 584888.75, 2333595.625 ], [ 584880.3125, 2333598.4375 ], [ 584870.46875, 2333599.84375 ], [ 584859.6875, 2333599.6875 ], [ 584853.75, 2333598.125 ], [ 584849.0625, 2333595.3125 ], [ 584842.8125, 2333586.5625 ], [ 584838.75, 2333583.125 ], [ 584833.4375, 2333580.9375 ], [ 584819.6875, 2333579.6875 ], [ 584813.75, 2333578.125 ], [ 584807.1875, 2333573.4375 ], [ 584800.9375, 2333564.6875 ], [ 584793.4375, 2333560.9375 ], [ 584786.875, 2333560.0 ], [ 584723.125, 2333560.0 ], [ 584716.5625, 2333560.9375 ], [ 584711.25, 2333563.125 ], [ 584707.1875, 2333566.5625 ], [ 584694.375, 2333591.25 ], [ 584688.75, 2333596.875 ], [ 584680.3125, 2333599.6875 ], [ 584666.09375, 2333600.46875 ], [ 584656.71875, 2333602.34375 ], [ 584648.75, 2333605.625 ], [ 584644.6875, 2333609.0625 ], [ 584641.875, 2333613.75 ], [ 584640.3125, 2333619.6875 ], [ 584640.0, 2333656.875 ], [ 584638.125, 2333666.25 ], [ 584635.3125, 2333670.9375 ], [ 584631.25, 2333674.375 ], [ 584623.28125, 2333677.65625 ], [ 584613.90625, 2333679.53125 ], [ 584573.125, 2333680.0 ], [ 584567.03125, 2333678.59375 ], [ 584564.6875, 2333677.1875 ], [ 584561.40625, 2333672.96875 ], [ 584560.46875, 2333670.15625 ], [ 584559.0625, 2333656.5625 ], [ 584555.3125, 2333649.0625 ], [ 584551.25, 2333645.625 ], [ 584540.3125, 2333641.5625 ], [ 584526.875, 2333640.0 ], [ 584463.125, 2333640.0 ], [ 584453.75, 2333641.875 ], [ 584447.1875, 2333646.5625 ], [ 584441.40625, 2333655.78125 ], [ 584435.78125, 2333661.40625 ], [ 584406.40625, 2333677.03125 ], [ 584402.1875, 2333680.3125 ], [ 584397.03125, 2333686.40625 ], [ 584364.375, 2333751.25 ], [ 584360.9375, 2333762.8125 ], [ 584359.0625, 2333783.4375 ], [ 584356.875, 2333788.75 ], [ 584351.25, 2333794.375 ], [ 584343.28125, 2333797.65625 ], [ 584330.46875, 2333799.84375 ], [ 584229.84375, 2333800.46875 ], [ 584224.6875, 2333802.8125 ], [ 584221.40625, 2333807.03125 ], [ 584220.46875, 2333809.84375 ], [ 584219.0625, 2333823.4375 ], [ 584215.3125, 2333830.9375 ], [ 584208.75, 2333835.625 ], [ 584197.1875, 2333839.0625 ], [ 584186.875, 2333840.0 ], [ 584033.125, 2333840.0 ], [ 584026.5625, 2333840.9375 ], [ 584021.25, 2333843.125 ], [ 584017.1875, 2333846.5625 ], [ 584010.9375, 2333855.3125 ], [ 584006.25, 2333858.125 ], [ 584000.3125, 2333859.6875 ], [ 583933.125, 2333860.0 ], [ 583926.5625, 2333860.9375 ], [ 583921.25, 2333863.125 ], [ 583917.1875, 2333866.5625 ], [ 583904.375, 2333891.25 ], [ 583901.5625, 2333899.6875 ], [ 583900.46875, 2333906.09375 ], [ 583899.6875, 2333920.3125 ], [ 583896.875, 2333928.75 ], [ 583891.25, 2333934.375 ], [ 583883.28125, 2333937.65625 ], [ 583873.90625, 2333939.53125 ], [ 583863.125, 2333940.0 ], [ 583856.5625, 2333939.0625 ], [ 583849.0625, 2333935.3125 ], [ 583845.625, 2333931.25 ], [ 583842.34375, 2333923.28125 ], [ 583840.46875, 2333913.90625 ], [ 583839.6875, 2333899.6875 ], [ 583836.875, 2333891.25 ], [ 583833.4375, 2333887.1875 ], [ 583828.75, 2333884.375 ], [ 583820.3125, 2333881.5625 ], [ 583810.46875, 2333880.15625 ], [ 583773.125, 2333880.0 ], [ 583762.8125, 2333880.9375 ], [ 583751.25, 2333884.375 ], [ 583726.09375, 2333896.71875 ], [ 583720.3125, 2333898.4375 ], [ 583710.46875, 2333899.84375 ], [ 583403.125, 2333900.0 ], [ 583396.5625, 2333899.0625 ], [ 583391.25, 2333896.875 ], [ 583387.1875, 2333893.4375 ], [ 583382.8125, 2333886.5625 ], [ 583378.75, 2333883.125 ], [ 583373.4375, 2333880.9375 ], [ 583366.875, 2333880.0 ], [ 583153.125, 2333880.0 ], [ 583142.8125, 2333879.0625 ], [ 583131.25, 2333875.625 ], [ 583106.40625, 2333862.96875 ], [ 583098.59375, 2333855.78125 ], [ 583092.8125, 2333846.5625 ], [ 583086.25, 2333841.875 ], [ 583076.875, 2333840.0 ], [ 583043.125, 2333840.0 ], [ 583036.5625, 2333839.0625 ], [ 583029.0625, 2333835.3125 ], [ 583020.9375, 2333824.6875 ], [ 583016.25, 2333821.875 ], [ 583010.3125, 2333820.3125 ], [ 582969.53125, 2333819.84375 ], [ 582956.71875, 2333817.65625 ], [ 582951.25, 2333815.625 ], [ 582886.09375, 2333783.28125 ], [ 582877.1875, 2333780.9375 ], [ 582859.6875, 2333779.6875 ], [ 582853.75, 2333778.125 ], [ 582847.1875, 2333773.4375 ], [ 582840.9375, 2333764.6875 ], [ 582833.4375, 2333760.9375 ], [ 582826.875, 2333760.0 ], [ 582763.125, 2333760.0 ], [ 582753.75, 2333758.125 ], [ 582749.0625, 2333755.3125 ], [ 582742.8125, 2333746.5625 ], [ 582738.75, 2333743.125 ], [ 582730.3125, 2333740.3125 ], [ 582716.5625, 2333739.0625 ], [ 582709.0625, 2333735.3125 ], [ 582699.6875, 2333722.1875 ], [ 582695.78125, 2333718.59375 ], [ 582686.5625, 2333712.8125 ], [ 582683.125, 2333708.75 ], [ 582680.9375, 2333703.4375 ], [ 582680.0, 2333693.125 ], [ 582678.59375, 2333687.03125 ], [ 582675.3125, 2333682.8125 ], [ 582670.15625, 2333680.46875 ], [ 582569.6875, 2333680.3125 ], [ 582561.25, 2333683.125 ], [ 582557.1875, 2333686.5625 ], [ 582550.9375, 2333695.3125 ], [ 582546.25, 2333698.125 ], [ 582540.3125, 2333699.6875 ], [ 582469.6875, 2333699.6875 ], [ 582461.25, 2333696.875 ], [ 582457.1875, 2333693.4375 ], [ 582450.9375, 2333684.6875 ], [ 582443.4375, 2333680.9375 ], [ 582436.875, 2333680.0 ], [ 582403.125, 2333680.0 ], [ 582393.75, 2333678.125 ], [ 582389.0625, 2333675.3125 ], [ 582382.8125, 2333666.5625 ], [ 582378.75, 2333663.125 ], [ 582373.4375, 2333660.9375 ], [ 582359.6875, 2333659.6875 ], [ 582351.25, 2333656.875 ], [ 582347.1875, 2333653.4375 ], [ 582339.6875, 2333642.1875 ], [ 582333.59375, 2333637.03125 ], [ 582308.75, 2333624.375 ], [ 582300.3125, 2333621.5625 ], [ 582286.875, 2333620.0 ], [ 582069.6875, 2333619.6875 ], [ 582061.25, 2333616.875 ], [ 582057.1875, 2333613.4375 ], [ 582050.9375, 2333604.6875 ], [ 582046.25, 2333601.875 ], [ 582040.3125, 2333600.3125 ], [ 581943.125, 2333600.0 ], [ 581933.75, 2333598.125 ], [ 581929.0625, 2333595.3125 ], [ 581925.625, 2333591.25 ], [ 581912.8125, 2333566.5625 ], [ 581908.75, 2333563.125 ], [ 581900.3125, 2333560.3125 ], [ 581773.125, 2333560.0 ], [ 581766.5625, 2333560.9375 ], [ 581761.25, 2333563.125 ], [ 581757.1875, 2333566.5625 ], [ 581750.9375, 2333575.3125 ], [ 581743.4375, 2333579.0625 ], [ 581736.875, 2333580.0 ], [ 581673.125, 2333580.0 ], [ 581666.5625, 2333579.0625 ], [ 581659.0625, 2333575.3125 ], [ 581655.625, 2333571.25 ], [ 581642.8125, 2333546.5625 ], [ 581638.75, 2333543.125 ], [ 581630.3125, 2333540.3125 ], [ 581469.53125, 2333540.15625 ], [ 581462.8125, 2333540.9375 ], [ 581453.90625, 2333543.28125 ], [ 581423.28125, 2333557.65625 ], [ 581413.90625, 2333559.53125 ], [ 581399.6875, 2333560.3125 ], [ 581393.75, 2333561.875 ], [ 581387.1875, 2333566.5625 ], [ 581380.9375, 2333575.3125 ], [ 581373.4375, 2333579.0625 ], [ 581366.875, 2333580.0 ], [ 581333.125, 2333580.0 ], [ 581322.8125, 2333580.9375 ], [ 581311.25, 2333584.375 ], [ 581288.75, 2333595.625 ], [ 581283.28125, 2333597.65625 ], [ 581273.90625, 2333599.53125 ], [ 581259.6875, 2333600.3125 ], [ 581253.75, 2333601.875 ], [ 581247.1875, 2333606.5625 ], [ 581240.9375, 2333615.3125 ], [ 581233.4375, 2333619.0625 ], [ 581226.875, 2333620.0 ], [ 581099.6875, 2333619.6875 ], [ 581091.25, 2333616.875 ], [ 581087.1875, 2333613.4375 ], [ 581084.375, 2333608.75 ], [ 581082.34375, 2333603.28125 ], [ 581080.46875, 2333593.90625 ], [ 581080.3125, 2333579.6875 ], [ 581081.875, 2333573.75 ], [ 581084.6875, 2333569.0625 ], [ 581097.8125, 2333559.6875 ], [ 581101.40625, 2333555.78125 ], [ 581107.1875, 2333546.5625 ], [ 581111.25, 2333543.125 ], [ 581119.6875, 2333540.3125 ], [ 581133.90625, 2333539.53125 ], [ 581143.28125, 2333537.65625 ], [ 581148.75, 2333535.625 ], [ 581171.25, 2333524.375 ], [ 581182.8125, 2333520.9375 ], [ 581193.125, 2333520.0 ], [ 581256.875, 2333520.0 ], [ 581266.25, 2333518.125 ], [ 581272.8125, 2333513.4375 ], [ 581275.625, 2333508.75 ], [ 581277.65625, 2333503.28125 ], [ 581279.0625, 2333497.1875 ], [ 581280.0, 2333486.875 ], [ 581279.53125, 2333446.09375 ], [ 581276.71875, 2333433.90625 ], [ 581272.8125, 2333426.5625 ], [ 581266.25, 2333421.875 ], [ 581256.875, 2333420.0 ], [ 581129.6875, 2333419.6875 ], [ 581123.75, 2333418.125 ], [ 581119.0625, 2333415.3125 ], [ 581112.8125, 2333406.5625 ], [ 581108.75, 2333403.125 ], [ 581103.4375, 2333400.9375 ], [ 581096.875, 2333400.0 ], [ 580939.6875, 2333399.6875 ], [ 580933.75, 2333398.125 ], [ 580929.0625, 2333395.3125 ], [ 580922.8125, 2333386.5625 ], [ 580918.75, 2333383.125 ], [ 580913.4375, 2333380.9375 ], [ 580906.875, 2333380.0 ], [ 580843.125, 2333380.0 ], [ 580836.5625, 2333380.9375 ], [ 580829.0625, 2333384.6875 ], [ 580825.625, 2333388.75 ], [ 580821.40625, 2333395.78125 ], [ 580813.59375, 2333402.96875 ], [ 580788.75, 2333415.625 ], [ 580777.1875, 2333419.0625 ], [ 580766.875, 2333420.0 ], [ 580579.6875, 2333420.3125 ], [ 580571.25, 2333423.125 ], [ 580567.1875, 2333426.5625 ], [ 580560.9375, 2333435.3125 ], [ 580553.4375, 2333439.0625 ], [ 580546.875, 2333440.0 ], [ 580509.53125, 2333440.15625 ], [ 580499.6875, 2333441.5625 ], [ 580491.25, 2333444.375 ], [ 580466.09375, 2333456.71875 ], [ 580453.90625, 2333459.53125 ], [ 580349.6875, 2333460.3125 ], [ 580341.25, 2333463.125 ], [ 580337.1875, 2333466.5625 ], [ 580330.9375, 2333475.3125 ], [ 580323.4375, 2333479.0625 ], [ 580316.875, 2333480.0 ], [ 580249.6875, 2333480.3125 ], [ 580241.25, 2333483.125 ], [ 580237.1875, 2333486.5625 ], [ 580230.9375, 2333495.3125 ], [ 580226.25, 2333498.125 ], [ 580220.3125, 2333499.6875 ], [ 580119.6875, 2333500.3125 ], [ 580111.25, 2333503.125 ], [ 580107.1875, 2333506.5625 ], [ 580100.9375, 2333515.3125 ], [ 580096.25, 2333518.125 ], [ 580090.3125, 2333519.6875 ], [ 579989.6875, 2333520.3125 ], [ 579981.25, 2333523.125 ], [ 579977.1875, 2333526.5625 ], [ 579970.9375, 2333535.3125 ], [ 579966.25, 2333538.125 ], [ 579960.3125, 2333539.6875 ], [ 579829.6875, 2333540.3125 ], [ 579821.25, 2333543.125 ], [ 579817.1875, 2333546.5625 ], [ 579810.9375, 2333555.3125 ], [ 579806.25, 2333558.125 ], [ 579800.3125, 2333559.6875 ], [ 579726.09375, 2333560.46875 ], [ 579713.90625, 2333563.28125 ], [ 579688.75, 2333575.625 ], [ 579677.1875, 2333579.0625 ], [ 579666.875, 2333580.0 ], [ 579599.6875, 2333580.3125 ], [ 579593.75, 2333581.875 ], [ 579589.0625, 2333584.6875 ], [ 579582.8125, 2333593.4375 ], [ 579576.25, 2333598.125 ], [ 579566.875, 2333600.0 ], [ 579533.125, 2333600.0 ], [ 579526.5625, 2333600.9375 ], [ 579519.0625, 2333604.6875 ], [ 579512.8125, 2333613.4375 ], [ 579506.25, 2333618.125 ], [ 579500.3125, 2333619.6875 ], [ 579486.09375, 2333620.46875 ], [ 579476.71875, 2333622.34375 ], [ 579471.25, 2333624.375 ], [ 579448.75, 2333635.625 ], [ 579440.3125, 2333638.4375 ], [ 579426.875, 2333640.0 ], [ 579363.125, 2333640.0 ], [ 579356.5625, 2333640.9375 ], [ 579349.0625, 2333644.6875 ], [ 579342.8125, 2333653.4375 ], [ 579336.25, 2333658.125 ], [ 579326.875, 2333660.0 ], [ 579293.125, 2333660.0 ], [ 579286.5625, 2333660.9375 ], [ 579279.0625, 2333664.6875 ], [ 579270.9375, 2333675.3125 ], [ 579263.4375, 2333679.0625 ], [ 579256.875, 2333680.0 ], [ 579193.125, 2333680.0 ], [ 579186.5625, 2333680.9375 ], [ 579179.0625, 2333684.6875 ], [ 579172.8125, 2333693.4375 ], [ 579166.25, 2333698.125 ], [ 579160.3125, 2333699.6875 ], [ 579146.09375, 2333700.46875 ], [ 579136.71875, 2333702.34375 ], [ 579131.25, 2333704.375 ], [ 579108.75, 2333715.625 ], [ 579100.3125, 2333718.4375 ], [ 579090.46875, 2333719.84375 ], [ 579053.125, 2333720.0 ], [ 579042.8125, 2333720.9375 ], [ 579033.90625, 2333723.28125 ], [ 579008.75, 2333735.625 ], [ 579000.3125, 2333738.4375 ], [ 578990.46875, 2333739.84375 ], [ 578953.125, 2333740.0 ], [ 578946.5625, 2333740.9375 ], [ 578939.0625, 2333744.6875 ], [ 578930.9375, 2333755.3125 ], [ 578926.25, 2333758.125 ], [ 578920.3125, 2333759.6875 ], [ 578819.6875, 2333760.3125 ], [ 578811.25, 2333763.125 ], [ 578807.1875, 2333766.5625 ], [ 578800.9375, 2333775.3125 ], [ 578796.25, 2333778.125 ], [ 578790.3125, 2333779.6875 ], [ 578746.09375, 2333779.53125 ], [ 578733.90625, 2333776.71875 ], [ 578726.5625, 2333772.8125 ], [ 578723.125, 2333768.75 ], [ 578720.9375, 2333763.4375 ], [ 578719.6875, 2333749.6875 ], [ 578716.875, 2333741.25 ], [ 578713.4375, 2333737.1875 ], [ 578706.5625, 2333732.8125 ], [ 578701.875, 2333726.25 ], [ 578700.3125, 2333720.3125 ], [ 578699.53125, 2333706.09375 ], [ 578697.65625, 2333696.71875 ], [ 578694.375, 2333688.75 ], [ 578688.75, 2333683.125 ], [ 578683.4375, 2333680.9375 ], [ 578676.875, 2333680.0 ], [ 578613.125, 2333680.0 ], [ 578599.6875, 2333681.5625 ], [ 578588.75, 2333685.625 ], [ 578583.125, 2333691.25 ], [ 578580.3125, 2333699.6875 ], [ 578579.53125, 2333713.90625 ], [ 578577.65625, 2333723.28125 ], [ 578574.375, 2333731.25 ], [ 578568.75, 2333736.875 ], [ 578563.4375, 2333739.0625 ], [ 578556.875, 2333740.0 ], [ 578493.125, 2333740.0 ], [ 578487.03125, 2333741.40625 ], [ 578484.6875, 2333742.8125 ], [ 578481.40625, 2333747.03125 ], [ 578480.46875, 2333749.84375 ], [ 578479.0625, 2333763.4375 ], [ 578476.875, 2333768.75 ], [ 578473.4375, 2333772.8125 ], [ 578428.75, 2333795.625 ], [ 578423.28125, 2333797.65625 ], [ 578410.46875, 2333799.84375 ], [ 578373.125, 2333800.0 ], [ 578366.5625, 2333800.9375 ], [ 578359.0625, 2333804.6875 ], [ 578350.9375, 2333815.3125 ], [ 578346.25, 2333818.125 ], [ 578340.3125, 2333819.6875 ], [ 578209.6875, 2333820.3125 ], [ 578201.25, 2333823.125 ], [ 578197.1875, 2333826.5625 ], [ 578190.9375, 2333835.3125 ], [ 578183.4375, 2333839.0625 ], [ 578176.875, 2333840.0 ], [ 578109.6875, 2333840.3125 ], [ 578101.25, 2333843.125 ], [ 578097.1875, 2333846.5625 ], [ 578090.9375, 2333855.3125 ], [ 578086.25, 2333858.125 ], [ 578080.3125, 2333859.6875 ], [ 577953.125, 2333860.0 ], [ 577939.6875, 2333861.5625 ], [ 577931.25, 2333864.375 ], [ 577866.09375, 2333896.71875 ], [ 577857.1875, 2333899.0625 ], [ 577839.6875, 2333900.3125 ], [ 577833.75, 2333901.875 ], [ 577829.0625, 2333904.6875 ], [ 577822.8125, 2333913.4375 ], [ 577816.25, 2333918.125 ], [ 577806.875, 2333920.0 ], [ 577773.125, 2333920.0 ], [ 577763.75, 2333921.875 ], [ 577759.0625, 2333924.6875 ], [ 577752.8125, 2333933.4375 ], [ 577746.25, 2333938.125 ], [ 577740.3125, 2333939.6875 ], [ 577722.8125, 2333940.9375 ], [ 577713.90625, 2333943.28125 ], [ 577668.75, 2333965.625 ], [ 577664.6875, 2333969.0625 ], [ 577661.875, 2333973.75 ], [ 577660.0, 2333983.125 ], [ 577660.46875, 2334113.90625 ], [ 577663.28125, 2334126.09375 ], [ 577675.625, 2334151.25 ], [ 577678.4375, 2334159.6875 ], [ 577679.84375, 2334169.53125 ], [ 577680.0, 2334206.875 ], [ 577680.9375, 2334213.4375 ], [ 577684.6875, 2334220.9375 ], [ 577693.4375, 2334227.1875 ], [ 577696.875, 2334231.25 ], [ 577699.0625, 2334236.5625 ], [ 577700.0, 2334243.125 ], [ 577699.6875, 2334340.3125 ], [ 577698.125, 2334346.25 ], [ 577695.3125, 2334350.9375 ], [ 577686.5625, 2334357.1875 ], [ 577683.125, 2334361.25 ], [ 577680.9375, 2334366.5625 ], [ 577680.0, 2334373.125 ], [ 577680.46875, 2334473.90625 ], [ 577683.28125, 2334486.09375 ], [ 577687.1875, 2334493.4375 ], [ 577693.75, 2334498.125 ], [ 577699.6875, 2334499.6875 ], [ 577713.4375, 2334500.9375 ], [ 577720.9375, 2334504.6875 ], [ 577724.375, 2334508.75 ], [ 577735.625, 2334531.25 ], [ 577738.59375, 2334535.78125 ], [ 577744.21875, 2334541.40625 ], [ 577753.4375, 2334547.1875 ], [ 577756.875, 2334551.25 ], [ 577759.0625, 2334556.5625 ], [ 577760.0, 2334563.125 ], [ 577759.53125, 2334573.90625 ], [ 577757.65625, 2334583.28125 ], [ 577755.625, 2334588.75 ], [ 577752.8125, 2334593.4375 ], [ 577748.75, 2334596.875 ], [ 577743.4375, 2334599.0625 ], [ 577736.875, 2334600.0 ], [ 577673.125, 2334600.0 ], [ 577663.75, 2334598.125 ], [ 577659.0625, 2334595.3125 ], [ 577652.8125, 2334586.5625 ], [ 577648.75, 2334583.125 ], [ 577640.3125, 2334580.3125 ], [ 577629.84375, 2334579.53125 ], [ 577624.6875, 2334577.1875 ], [ 577621.40625, 2334572.96875 ], [ 577620.46875, 2334570.15625 ], [ 577619.0625, 2334556.5625 ], [ 577615.3125, 2334549.0625 ], [ 577602.1875, 2334539.6875 ], [ 577598.59375, 2334535.78125 ], [ 577594.375, 2334528.75 ], [ 577590.9375, 2334524.6875 ], [ 577583.4375, 2334520.9375 ], [ 577576.875, 2334520.0 ], [ 577479.6875, 2334519.6875 ], [ 577471.25, 2334516.875 ], [ 577467.1875, 2334513.4375 ], [ 577460.9375, 2334504.6875 ], [ 577453.4375, 2334500.9375 ], [ 577446.875, 2334500.0 ], [ 577413.125, 2334500.0 ], [ 577406.5625, 2334499.0625 ], [ 577401.25, 2334496.875 ], [ 577395.625, 2334491.25 ], [ 577384.375, 2334468.75 ], [ 577380.9375, 2334457.1875 ], [ 577380.0, 2334446.875 ], [ 577380.0, 2334383.125 ], [ 577378.125, 2334373.75 ], [ 577373.4375, 2334367.1875 ], [ 577364.21875, 2334361.40625 ], [ 577358.59375, 2334355.78125 ], [ 577342.8125, 2334326.5625 ], [ 577336.25, 2334321.875 ], [ 577326.875, 2334320.0 ], [ 577263.125, 2334320.0 ], [ 577256.5625, 2334319.0625 ], [ 577249.0625, 2334315.3125 ], [ 577240.9375, 2334304.6875 ], [ 577236.25, 2334301.875 ], [ 577230.3125, 2334300.3125 ], [ 577163.125, 2334300.0 ], [ 577156.5625, 2334299.0625 ], [ 577151.25, 2334296.875 ], [ 577147.1875, 2334293.4375 ], [ 577142.96875, 2334286.40625 ], [ 577137.8125, 2334280.3125 ], [ 577124.6875, 2334270.9375 ], [ 577120.9375, 2334263.4375 ], [ 577120.0, 2334256.875 ], [ 577120.0, 2334193.125 ], [ 577118.125, 2334183.75 ], [ 577115.3125, 2334179.0625 ], [ 577111.25, 2334175.625 ], [ 577088.75, 2334164.375 ], [ 577080.3125, 2334161.5625 ], [ 577066.875, 2334160.0 ], [ 577029.53125, 2334160.15625 ], [ 577022.8125, 2334160.9375 ], [ 577013.90625, 2334163.28125 ], [ 576988.75, 2334175.625 ], [ 576982.1875, 2334180.3125 ], [ 576977.03125, 2334186.40625 ], [ 576964.375, 2334211.25 ], [ 576960.9375, 2334215.3125 ], [ 576953.4375, 2334219.0625 ], [ 576936.5625, 2334220.9375 ], [ 576929.0625, 2334224.6875 ], [ 576925.625, 2334228.75 ], [ 576923.28125, 2334233.90625 ], [ 576921.5625, 2334239.6875 ], [ 576920.15625, 2334249.53125 ], [ 576920.0, 2334316.875 ], [ 576920.9375, 2334323.4375 ], [ 576924.6875, 2334330.9375 ], [ 576933.4375, 2334337.1875 ], [ 576938.125, 2334343.75 ], [ 576940.0, 2334353.125 ], [ 576940.0, 2334386.875 ], [ 576941.875, 2334396.25 ], [ 576944.6875, 2334400.9375 ], [ 576953.4375, 2334407.1875 ], [ 576958.125, 2334413.75 ], [ 576959.6875, 2334419.6875 ], [ 576960.9375, 2334437.1875 ], [ 576963.28125, 2334446.09375 ], [ 576997.1875, 2334513.4375 ], [ 577001.25, 2334516.875 ], [ 577009.6875, 2334519.6875 ], [ 577076.875, 2334520.0 ], [ 577083.4375, 2334520.9375 ], [ 577090.9375, 2334524.6875 ], [ 577095.625, 2334531.25 ], [ 577099.0625, 2334542.8125 ], [ 577100.0, 2334553.125 ], [ 577100.0, 2334586.875 ], [ 577101.875, 2334596.25 ], [ 577104.6875, 2334600.9375 ], [ 577108.75, 2334604.375 ], [ 577133.90625, 2334616.71875 ], [ 577142.8125, 2334619.0625 ], [ 577153.125, 2334620.0 ], [ 577250.46875, 2334620.15625 ], [ 577260.3125, 2334621.5625 ], [ 577271.25, 2334625.625 ], [ 577276.875, 2334631.25 ], [ 577279.0625, 2334636.5625 ], [ 577280.0, 2334643.125 ], [ 577279.0625, 2334657.1875 ], [ 577277.65625, 2334663.28125 ], [ 577274.375, 2334671.25 ], [ 577268.75, 2334676.875 ], [ 577260.3125, 2334679.6875 ], [ 577223.125, 2334680.0 ], [ 577213.75, 2334681.875 ], [ 577207.1875, 2334686.5625 ], [ 577200.9375, 2334695.3125 ], [ 577193.4375, 2334699.0625 ], [ 577186.875, 2334700.0 ], [ 577153.125, 2334700.0 ], [ 577142.8125, 2334700.9375 ], [ 577131.25, 2334704.375 ], [ 577124.6875, 2334709.0625 ], [ 577121.875, 2334713.75 ], [ 577120.0, 2334723.125 ], [ 577120.46875, 2334793.90625 ], [ 577123.28125, 2334806.09375 ], [ 577137.65625, 2334836.71875 ], [ 577139.53125, 2334846.09375 ], [ 577140.0, 2334856.875 ], [ 577139.0625, 2334863.4375 ], [ 577135.3125, 2334870.9375 ], [ 577122.1875, 2334880.3125 ], [ 577118.59375, 2334884.21875 ], [ 577114.375, 2334891.25 ], [ 577110.9375, 2334895.3125 ], [ 577106.25, 2334898.125 ], [ 577100.3125, 2334899.6875 ], [ 577086.09375, 2334899.53125 ], [ 577073.90625, 2334896.71875 ], [ 577048.75, 2334884.375 ], [ 577040.3125, 2334881.5625 ], [ 577026.875, 2334880.0 ], [ 576993.125, 2334880.0 ], [ 576982.8125, 2334880.9375 ], [ 576973.90625, 2334883.28125 ], [ 576948.75, 2334895.625 ], [ 576942.1875, 2334900.3125 ], [ 576937.03125, 2334906.40625 ], [ 576924.375, 2334931.25 ], [ 576917.8125, 2334939.6875 ], [ 576911.25, 2334944.375 ], [ 576888.75, 2334955.625 ], [ 576880.3125, 2334962.1875 ], [ 576875.625, 2334968.75 ], [ 576864.375, 2334991.25 ], [ 576858.75, 2334996.875 ], [ 576853.4375, 2334999.0625 ], [ 576846.875, 2335000.0 ], [ 576753.125, 2335000.0 ], [ 576749.84375, 2335000.46875 ], [ 576744.6875, 2335002.8125 ], [ 576741.40625, 2335007.03125 ], [ 576740.0, 2335013.125 ], [ 576739.6875, 2335080.3125 ], [ 576736.875, 2335088.75 ], [ 576733.4375, 2335092.8125 ], [ 576728.75, 2335095.625 ], [ 576720.3125, 2335098.4375 ], [ 576706.875, 2335100.0 ], [ 576699.6875, 2335099.6875 ], [ 576691.25, 2335096.875 ], [ 576687.1875, 2335093.4375 ], [ 576681.40625, 2335084.21875 ], [ 576675.78125, 2335078.59375 ], [ 576671.25, 2335075.625 ], [ 576648.75, 2335064.375 ], [ 576644.6875, 2335060.9375 ], [ 576640.9375, 2335053.4375 ], [ 576639.6875, 2335039.6875 ], [ 576638.125, 2335033.75 ], [ 576633.4375, 2335027.1875 ], [ 576626.09375, 2335023.28125 ], [ 576617.1875, 2335020.9375 ], [ 576606.875, 2335020.0 ], [ 576543.125, 2335020.0 ], [ 576533.75, 2335021.875 ], [ 576529.0625, 2335024.6875 ], [ 576525.625, 2335028.75 ], [ 576484.375, 2335111.25 ], [ 576478.75, 2335116.875 ], [ 576473.4375, 2335119.0625 ], [ 576466.875, 2335120.0 ], [ 576373.125, 2335120.0 ], [ 576369.84375, 2335120.46875 ], [ 576364.6875, 2335122.8125 ], [ 576361.40625, 2335127.03125 ], [ 576360.0, 2335133.125 ], [ 576360.3125, 2335200.3125 ], [ 576361.875, 2335206.25 ], [ 576364.6875, 2335210.9375 ], [ 576368.75, 2335214.375 ], [ 576375.78125, 2335218.59375 ], [ 576382.96875, 2335226.40625 ], [ 576396.71875, 2335253.90625 ], [ 576398.4375, 2335259.6875 ], [ 576399.84375, 2335269.53125 ], [ 576399.6875, 2335310.3125 ], [ 576398.125, 2335316.25 ], [ 576395.3125, 2335320.9375 ], [ 576386.5625, 2335327.1875 ], [ 576381.875, 2335333.75 ], [ 576380.3125, 2335339.6875 ], [ 576379.6875, 2335350.3125 ], [ 576376.875, 2335358.75 ], [ 576373.4375, 2335362.8125 ], [ 576366.5625, 2335367.1875 ], [ 576361.875, 2335373.75 ], [ 576360.3125, 2335379.6875 ], [ 576359.84375, 2335390.46875 ], [ 576358.4375, 2335400.3125 ], [ 576355.625, 2335408.75 ], [ 576344.375, 2335431.25 ], [ 576342.34375, 2335436.71875 ], [ 576340.46875, 2335446.09375 ], [ 576339.6875, 2335460.3125 ], [ 576338.125, 2335466.25 ], [ 576333.4375, 2335472.8125 ], [ 576324.6875, 2335479.0625 ], [ 576320.9375, 2335486.5625 ], [ 576320.0, 2335493.125 ], [ 576320.0, 2335526.875 ], [ 576318.59375, 2335532.96875 ], [ 576315.3125, 2335537.1875 ], [ 576312.96875, 2335538.59375 ], [ 576306.875, 2335540.0 ], [ 576183.125, 2335540.0 ], [ 576176.5625, 2335540.9375 ], [ 576171.25, 2335543.125 ], [ 576165.625, 2335548.75 ], [ 576162.34375, 2335556.71875 ], [ 576160.46875, 2335566.09375 ], [ 576160.0, 2335666.875 ], [ 576160.46875, 2335670.15625 ], [ 576162.8125, 2335675.3125 ], [ 576167.03125, 2335678.59375 ], [ 576173.125, 2335680.0 ], [ 576210.46875, 2335680.15625 ], [ 576217.1875, 2335680.9375 ], [ 576226.09375, 2335683.28125 ], [ 576233.4375, 2335687.1875 ], [ 576236.875, 2335691.25 ], [ 576239.0625, 2335696.5625 ], [ 576240.0, 2335706.875 ], [ 576241.40625, 2335712.96875 ], [ 576242.8125, 2335715.3125 ], [ 576247.03125, 2335718.59375 ], [ 576253.125, 2335720.0 ], [ 576286.875, 2335720.0 ], [ 576290.15625, 2335720.46875 ], [ 576295.3125, 2335722.8125 ], [ 576298.59375, 2335727.03125 ], [ 576300.0, 2335733.125 ], [ 576300.0, 2335766.875 ], [ 576298.59375, 2335772.96875 ], [ 576295.3125, 2335777.1875 ], [ 576292.96875, 2335778.59375 ], [ 576286.875, 2335780.0 ], [ 576159.6875, 2335780.3125 ], [ 576151.25, 2335783.125 ], [ 576147.1875, 2335786.5625 ], [ 576140.9375, 2335795.3125 ], [ 576133.4375, 2335799.0625 ], [ 576126.875, 2335800.0 ], [ 576093.125, 2335800.0 ], [ 576086.5625, 2335799.0625 ], [ 576079.0625, 2335795.3125 ], [ 576072.8125, 2335786.5625 ], [ 576066.25, 2335781.875 ], [ 576060.3125, 2335780.3125 ], [ 576042.8125, 2335779.0625 ], [ 576036.71875, 2335777.65625 ], [ 576028.75, 2335774.375 ], [ 576023.125, 2335768.75 ], [ 576020.9375, 2335763.4375 ], [ 576020.0, 2335756.875 ], [ 576020.3125, 2335359.6875 ], [ 576023.125, 2335351.25 ], [ 576026.5625, 2335347.1875 ], [ 576035.3125, 2335340.9375 ], [ 576039.0625, 2335333.4375 ], [ 576040.0, 2335326.875 ], [ 576040.0, 2335293.125 ], [ 576041.40625, 2335287.03125 ], [ 576042.8125, 2335284.6875 ], [ 576047.03125, 2335281.40625 ], [ 576049.84375, 2335280.46875 ], [ 576063.4375, 2335279.0625 ], [ 576068.75, 2335276.875 ], [ 576074.375, 2335271.25 ], [ 576077.65625, 2335263.28125 ], [ 576079.0625, 2335257.1875 ], [ 576080.0, 2335246.875 ], [ 576080.15625, 2335149.53125 ], [ 576081.5625, 2335139.6875 ], [ 576084.375, 2335131.25 ], [ 576095.625, 2335108.75 ], [ 576099.0625, 2335104.6875 ], [ 576106.5625, 2335100.9375 ], [ 576120.3125, 2335099.6875 ], [ 576126.25, 2335098.125 ], [ 576132.8125, 2335093.4375 ], [ 576139.0625, 2335084.6875 ], [ 576146.5625, 2335080.9375 ], [ 576153.125, 2335080.0 ], [ 576246.875, 2335080.0 ], [ 576250.15625, 2335079.53125 ], [ 576255.3125, 2335077.1875 ], [ 576258.59375, 2335072.96875 ], [ 576260.0, 2335066.875 ], [ 576260.0, 2334943.125 ], [ 576260.9375, 2334936.5625 ], [ 576264.6875, 2334929.0625 ], [ 576268.75, 2334925.625 ], [ 576275.78125, 2334921.40625 ], [ 576281.40625, 2334915.78125 ], [ 576284.375, 2334911.25 ], [ 576295.625, 2334888.75 ], [ 576300.3125, 2334882.1875 ], [ 576308.75, 2334875.625 ], [ 576331.25, 2334864.375 ], [ 576335.78125, 2334861.40625 ], [ 576341.40625, 2334855.78125 ], [ 576345.625, 2334848.75 ], [ 576349.0625, 2334844.6875 ], [ 576356.5625, 2334840.9375 ], [ 576370.3125, 2334839.6875 ], [ 576376.25, 2334838.125 ], [ 576380.9375, 2334835.3125 ], [ 576387.1875, 2334826.5625 ], [ 576391.25, 2334823.125 ], [ 576399.6875, 2334820.3125 ], [ 576410.15625, 2334819.53125 ], [ 576415.3125, 2334817.1875 ], [ 576417.1875, 2334815.3125 ], [ 576419.53125, 2334810.15625 ], [ 576420.3125, 2334799.6875 ], [ 576423.125, 2334791.25 ], [ 576426.5625, 2334787.1875 ], [ 576433.4375, 2334782.8125 ], [ 576438.125, 2334776.25 ], [ 576439.6875, 2334770.3125 ], [ 576440.9375, 2334756.5625 ], [ 576444.6875, 2334749.0625 ], [ 576448.75, 2334745.625 ], [ 576456.71875, 2334742.34375 ], [ 576466.09375, 2334740.46875 ], [ 576480.3125, 2334739.6875 ], [ 576488.75, 2334736.875 ], [ 576492.8125, 2334733.4375 ], [ 576498.59375, 2334724.21875 ], [ 576504.21875, 2334718.59375 ], [ 576535.78125, 2334701.40625 ], [ 576539.6875, 2334697.8125 ], [ 576544.375, 2334691.25 ], [ 576555.625, 2334668.75 ], [ 576558.4375, 2334660.3125 ], [ 576560.0, 2334646.875 ], [ 576559.53125, 2334549.84375 ], [ 576558.59375, 2334547.03125 ], [ 576555.3125, 2334542.8125 ], [ 576550.15625, 2334540.46875 ], [ 576539.6875, 2334539.6875 ], [ 576533.75, 2334538.125 ], [ 576529.0625, 2334535.3125 ], [ 576524.375, 2334528.75 ], [ 576521.5625, 2334520.3125 ], [ 576520.15625, 2334510.46875 ], [ 576519.53125, 2334466.09375 ], [ 576517.65625, 2334456.71875 ], [ 576514.375, 2334448.75 ], [ 576508.75, 2334443.125 ], [ 576503.4375, 2334440.9375 ], [ 576496.875, 2334440.0 ], [ 576433.125, 2334440.0 ], [ 576426.5625, 2334440.9375 ], [ 576421.25, 2334443.125 ], [ 576415.625, 2334448.75 ], [ 576404.375, 2334471.25 ], [ 576401.40625, 2334475.78125 ], [ 576395.78125, 2334481.40625 ], [ 576386.5625, 2334487.1875 ], [ 576383.125, 2334491.25 ], [ 576380.3125, 2334499.6875 ], [ 576379.53125, 2334513.90625 ], [ 576376.71875, 2334526.09375 ], [ 576362.96875, 2334553.59375 ], [ 576359.6875, 2334557.8125 ], [ 576353.59375, 2334562.96875 ], [ 576328.75, 2334575.625 ], [ 576320.3125, 2334578.4375 ], [ 576306.875, 2334580.0 ], [ 576269.53125, 2334580.15625 ], [ 576259.6875, 2334581.5625 ], [ 576251.25, 2334584.375 ], [ 576148.75, 2334635.625 ], [ 576140.3125, 2334642.1875 ], [ 576132.8125, 2334653.4375 ], [ 576128.75, 2334656.875 ], [ 576123.4375, 2334659.0625 ], [ 576109.6875, 2334660.3125 ], [ 576103.75, 2334661.875 ], [ 576099.0625, 2334664.6875 ], [ 576092.8125, 2334673.4375 ], [ 576088.75, 2334676.875 ], [ 576083.4375, 2334679.0625 ], [ 576069.6875, 2334680.3125 ], [ 576063.75, 2334681.875 ], [ 576059.0625, 2334684.6875 ], [ 576052.8125, 2334693.4375 ], [ 576048.75, 2334696.875 ], [ 576040.3125, 2334699.6875 ], [ 576026.5625, 2334700.9375 ], [ 576019.0625, 2334704.6875 ], [ 576015.625, 2334708.75 ], [ 576003.28125, 2334733.90625 ], [ 576000.9375, 2334742.8125 ], [ 575999.6875, 2334760.3125 ], [ 575998.125, 2334766.25 ], [ 575995.3125, 2334770.9375 ], [ 575986.5625, 2334777.1875 ], [ 575981.875, 2334783.75 ], [ 575980.3125, 2334789.6875 ], [ 575979.6875, 2334800.3125 ], [ 575976.875, 2334808.75 ], [ 575971.25, 2334814.375 ], [ 575948.75, 2334825.625 ], [ 575944.6875, 2334829.0625 ], [ 575940.9375, 2334836.5625 ], [ 575939.0625, 2334853.4375 ], [ 575935.3125, 2334860.9375 ], [ 575931.25, 2334864.375 ], [ 575908.75, 2334875.625 ], [ 575904.21875, 2334878.59375 ], [ 575898.59375, 2334884.21875 ], [ 575892.8125, 2334893.4375 ], [ 575888.75, 2334896.875 ], [ 575880.3125, 2334899.6875 ], [ 575866.5625, 2334900.9375 ], [ 575859.0625, 2334904.6875 ], [ 575855.625, 2334908.75 ], [ 575842.96875, 2334933.59375 ], [ 575837.8125, 2334939.6875 ], [ 575831.25, 2334944.375 ], [ 575808.75, 2334955.625 ], [ 575800.3125, 2334962.1875 ], [ 575795.625, 2334968.75 ], [ 575784.375, 2334991.25 ], [ 575777.8125, 2334999.6875 ], [ 575771.25, 2335004.375 ], [ 575746.40625, 2335017.03125 ], [ 575738.59375, 2335024.21875 ], [ 575721.40625, 2335055.78125 ], [ 575715.78125, 2335061.40625 ], [ 575706.5625, 2335067.1875 ], [ 575703.125, 2335071.25 ], [ 575700.3125, 2335079.6875 ], [ 575699.0625, 2335093.4375 ], [ 575695.3125, 2335100.9375 ], [ 575691.25, 2335104.375 ], [ 575668.75, 2335115.625 ], [ 575664.6875, 2335119.0625 ], [ 575660.9375, 2335126.5625 ], [ 575659.6875, 2335140.3125 ], [ 575656.875, 2335148.75 ], [ 575653.4375, 2335152.8125 ], [ 575646.40625, 2335157.03125 ], [ 575640.3125, 2335162.1875 ], [ 575635.625, 2335168.75 ], [ 575624.375, 2335191.25 ], [ 575621.40625, 2335195.78125 ], [ 575615.78125, 2335201.40625 ], [ 575606.5625, 2335207.1875 ], [ 575603.125, 2335211.25 ], [ 575600.3125, 2335219.6875 ], [ 575599.53125, 2335233.90625 ], [ 575597.65625, 2335243.28125 ], [ 575595.625, 2335248.75 ], [ 575582.96875, 2335273.59375 ], [ 575579.6875, 2335277.8125 ], [ 575573.59375, 2335282.96875 ], [ 575548.75, 2335295.625 ], [ 575544.6875, 2335299.0625 ], [ 575540.9375, 2335306.5625 ], [ 575539.6875, 2335320.3125 ], [ 575536.875, 2335328.75 ], [ 575533.4375, 2335332.8125 ], [ 575526.40625, 2335337.03125 ], [ 575520.3125, 2335342.1875 ], [ 575515.625, 2335348.75 ], [ 575504.375, 2335371.25 ], [ 575501.40625, 2335375.78125 ], [ 575495.78125, 2335381.40625 ], [ 575486.5625, 2335387.1875 ], [ 575483.125, 2335391.25 ], [ 575480.9375, 2335396.5625 ], [ 575479.6875, 2335410.3125 ], [ 575476.875, 2335418.75 ], [ 575471.25, 2335424.375 ], [ 575446.40625, 2335437.03125 ], [ 575438.59375, 2335444.21875 ], [ 575435.625, 2335448.75 ], [ 575402.96875, 2335513.59375 ], [ 575397.8125, 2335519.6875 ], [ 575386.5625, 2335527.1875 ], [ 575383.125, 2335531.25 ], [ 575380.9375, 2335536.5625 ], [ 575379.6875, 2335550.3125 ], [ 575376.875, 2335558.75 ], [ 575371.25, 2335564.375 ], [ 575348.75, 2335575.625 ], [ 575343.125, 2335581.25 ], [ 575340.9375, 2335586.5625 ], [ 575339.6875, 2335600.3125 ], [ 575338.125, 2335606.25 ], [ 575335.3125, 2335610.9375 ], [ 575326.5625, 2335617.1875 ], [ 575323.125, 2335621.25 ], [ 575320.9375, 2335626.5625 ], [ 575319.6875, 2335640.3125 ], [ 575316.875, 2335648.75 ], [ 575313.4375, 2335652.8125 ], [ 575302.1875, 2335660.3125 ], [ 575297.03125, 2335666.40625 ], [ 575264.375, 2335731.25 ], [ 575261.40625, 2335735.78125 ], [ 575253.59375, 2335742.96875 ], [ 575228.75, 2335755.625 ], [ 575224.6875, 2335759.0625 ], [ 575220.9375, 2335766.5625 ], [ 575219.6875, 2335780.3125 ], [ 575216.875, 2335788.75 ], [ 575213.4375, 2335792.8125 ], [ 575204.21875, 2335798.59375 ], [ 575198.59375, 2335804.21875 ], [ 575195.625, 2335808.75 ], [ 575184.375, 2335831.25 ], [ 575179.6875, 2335837.8125 ], [ 575171.25, 2335844.375 ], [ 575146.40625, 2335857.03125 ], [ 575138.59375, 2335864.21875 ], [ 575135.625, 2335868.75 ], [ 575102.96875, 2335933.59375 ], [ 575097.8125, 2335939.6875 ], [ 575086.5625, 2335947.1875 ], [ 575083.125, 2335951.25 ], [ 575080.3125, 2335959.6875 ], [ 575079.0625, 2335973.4375 ], [ 575075.3125, 2335980.9375 ], [ 575071.25, 2335984.375 ], [ 575046.40625, 2335997.03125 ], [ 575040.3125, 2336002.1875 ], [ 575035.625, 2336008.75 ], [ 575004.375, 2336071.25 ], [ 575001.40625, 2336075.78125 ], [ 574993.59375, 2336082.96875 ], [ 574968.75, 2336095.625 ], [ 574962.1875, 2336100.3125 ], [ 574955.625, 2336108.75 ], [ 574944.375, 2336131.25 ], [ 574941.40625, 2336135.78125 ], [ 574935.78125, 2336141.40625 ], [ 574926.5625, 2336147.1875 ], [ 574923.125, 2336151.25 ], [ 574920.3125, 2336159.6875 ], [ 574919.53125, 2336173.90625 ], [ 574917.65625, 2336183.28125 ], [ 574902.34375, 2336216.71875 ], [ 574900.46875, 2336226.09375 ], [ 574899.6875, 2336240.3125 ], [ 574898.125, 2336246.25 ], [ 574893.4375, 2336252.8125 ], [ 574884.6875, 2336259.0625 ], [ 574880.9375, 2336266.5625 ], [ 574880.0, 2336273.125 ], [ 574880.0, 2336306.875 ], [ 574878.125, 2336316.25 ], [ 574873.4375, 2336322.8125 ], [ 574864.6875, 2336329.0625 ], [ 574860.9375, 2336336.5625 ], [ 574860.0, 2336343.125 ], [ 574860.0, 2336376.875 ], [ 574858.125, 2336386.25 ], [ 574853.4375, 2336392.8125 ], [ 574844.21875, 2336398.59375 ], [ 574837.03125, 2336406.40625 ], [ 574812.8125, 2336453.4375 ], [ 574808.75, 2336456.875 ], [ 574803.4375, 2336459.0625 ], [ 574793.125, 2336460.0 ], [ 574787.03125, 2336461.40625 ], [ 574784.6875, 2336462.8125 ], [ 574781.40625, 2336467.03125 ], [ 574780.0, 2336473.125 ], [ 574780.0, 2336626.875 ], [ 574779.0625, 2336637.1875 ], [ 574775.625, 2336648.75 ], [ 574762.96875, 2336673.59375 ], [ 574757.8125, 2336679.6875 ], [ 574744.6875, 2336689.0625 ], [ 574741.875, 2336693.75 ], [ 574740.3125, 2336699.6875 ], [ 574740.0, 2336856.875 ], [ 574740.9375, 2336863.4375 ], [ 574743.125, 2336868.75 ], [ 574746.5625, 2336872.8125 ], [ 574751.25, 2336875.625 ], [ 574759.6875, 2336878.4375 ], [ 574769.53125, 2336879.84375 ], [ 574810.46875, 2336879.84375 ], [ 574820.3125, 2336878.4375 ], [ 574828.75, 2336875.625 ], [ 574833.4375, 2336872.8125 ], [ 574838.125, 2336866.25 ], [ 574839.6875, 2336860.3125 ], [ 574840.9375, 2336846.5625 ], [ 574844.6875, 2336839.0625 ], [ 574848.75, 2336835.625 ], [ 574871.25, 2336824.375 ], [ 574875.78125, 2336821.40625 ], [ 574881.40625, 2336815.78125 ], [ 574887.1875, 2336806.5625 ], [ 574891.25, 2336803.125 ], [ 574896.5625, 2336800.9375 ], [ 574903.125, 2336800.0 ], [ 574966.875, 2336800.0 ], [ 574973.4375, 2336800.9375 ], [ 574978.75, 2336803.125 ], [ 574984.375, 2336808.75 ], [ 574995.625, 2336831.25 ], [ 574998.59375, 2336835.78125 ], [ 575004.21875, 2336841.40625 ], [ 575013.4375, 2336847.1875 ], [ 575016.875, 2336851.25 ], [ 575019.0625, 2336856.5625 ], [ 575020.0, 2336863.125 ], [ 575020.0, 2336926.875 ], [ 575018.59375, 2336932.96875 ], [ 575017.1875, 2336935.3125 ], [ 575012.96875, 2336938.59375 ], [ 575006.875, 2336940.0 ], [ 574879.6875, 2336940.3125 ], [ 574873.75, 2336941.875 ], [ 574869.0625, 2336944.6875 ], [ 574862.8125, 2336953.4375 ], [ 574856.25, 2336958.125 ], [ 574850.3125, 2336959.6875 ], [ 574836.5625, 2336960.9375 ], [ 574829.0625, 2336964.6875 ], [ 574819.6875, 2336977.8125 ], [ 574815.78125, 2336981.40625 ], [ 574808.75, 2336985.625 ], [ 574804.6875, 2336989.0625 ], [ 574800.9375, 2336996.5625 ], [ 574800.0, 2337003.125 ], [ 574800.0, 2337066.875 ], [ 574800.46875, 2337070.15625 ], [ 574802.8125, 2337075.3125 ], [ 574807.03125, 2337078.59375 ], [ 574813.125, 2337080.0 ], [ 574936.875, 2337080.0 ], [ 574943.4375, 2337079.0625 ], [ 574950.9375, 2337075.3125 ], [ 574957.1875, 2337066.5625 ], [ 574963.75, 2337061.875 ], [ 574969.6875, 2337060.3125 ], [ 574980.3125, 2337059.6875 ], [ 574988.75, 2337056.875 ], [ 574992.8125, 2337053.4375 ], [ 574997.1875, 2337046.5625 ], [ 575003.75, 2337041.875 ], [ 575009.6875, 2337040.3125 ], [ 575020.3125, 2337039.6875 ], [ 575028.75, 2337036.875 ], [ 575034.375, 2337031.25 ], [ 575047.1875, 2337006.5625 ], [ 575051.25, 2337003.125 ], [ 575059.6875, 2337000.3125 ], [ 575246.875, 2337000.0 ], [ 575257.1875, 2337000.9375 ], [ 575266.09375, 2337003.28125 ], [ 575271.25, 2337005.625 ], [ 575275.3125, 2337009.0625 ], [ 575278.125, 2337013.75 ], [ 575279.6875, 2337019.6875 ], [ 575280.0, 2337086.875 ], [ 575279.0625, 2337093.4375 ], [ 575276.875, 2337098.75 ], [ 575273.4375, 2337102.8125 ], [ 575264.6875, 2337109.0625 ], [ 575261.875, 2337113.75 ], [ 575260.3125, 2337119.6875 ], [ 575260.0, 2337216.875 ], [ 575260.9375, 2337223.4375 ], [ 575263.125, 2337228.75 ], [ 575266.5625, 2337232.8125 ], [ 575271.25, 2337235.625 ], [ 575279.6875, 2337238.4375 ], [ 575289.53125, 2337239.84375 ], [ 575416.875, 2337240.0 ], [ 575426.25, 2337241.875 ], [ 575430.9375, 2337244.6875 ], [ 575434.375, 2337248.75 ], [ 575438.4375, 2337259.6875 ], [ 575439.53125, 2337266.09375 ], [ 575440.0, 2337276.875 ], [ 575439.0625, 2337283.4375 ], [ 575436.875, 2337288.75 ], [ 575431.25, 2337294.375 ], [ 575426.09375, 2337296.71875 ], [ 575417.1875, 2337299.0625 ], [ 575406.875, 2337300.0 ], [ 575373.125, 2337300.0 ], [ 575366.5625, 2337300.9375 ], [ 575359.0625, 2337304.6875 ], [ 575350.9375, 2337315.3125 ], [ 575346.25, 2337318.125 ], [ 575340.3125, 2337319.6875 ], [ 575239.6875, 2337320.3125 ], [ 575231.25, 2337323.125 ], [ 575227.1875, 2337326.5625 ], [ 575220.9375, 2337335.3125 ], [ 575213.4375, 2337339.0625 ], [ 575206.875, 2337340.0 ], [ 575173.125, 2337340.0 ], [ 575167.03125, 2337338.59375 ], [ 575162.8125, 2337335.3125 ], [ 575161.40625, 2337332.96875 ], [ 575160.0, 2337326.875 ], [ 575160.0, 2337293.125 ], [ 575160.46875, 2337289.84375 ], [ 575162.8125, 2337284.6875 ], [ 575167.03125, 2337281.40625 ], [ 575173.125, 2337280.0 ], [ 575206.875, 2337280.0 ], [ 575213.4375, 2337279.0625 ], [ 575218.75, 2337276.875 ], [ 575224.375, 2337271.25 ], [ 575235.625, 2337248.75 ], [ 575238.4375, 2337240.3125 ], [ 575239.84375, 2337230.46875 ], [ 575239.84375, 2337189.53125 ], [ 575238.4375, 2337179.6875 ], [ 575234.375, 2337168.75 ], [ 575230.9375, 2337164.6875 ], [ 575226.25, 2337161.875 ], [ 575220.3125, 2337160.3125 ], [ 575209.6875, 2337159.6875 ], [ 575201.25, 2337156.875 ], [ 575197.1875, 2337153.4375 ], [ 575190.9375, 2337144.6875 ], [ 575186.25, 2337141.875 ], [ 575180.3125, 2337140.3125 ], [ 575109.6875, 2337140.3125 ], [ 575101.25, 2337143.125 ], [ 575097.1875, 2337146.5625 ], [ 575090.9375, 2337155.3125 ], [ 575083.4375, 2337159.0625 ], [ 575076.875, 2337160.0 ], [ 575009.6875, 2337160.3125 ], [ 575001.25, 2337163.125 ], [ 574997.1875, 2337166.5625 ], [ 574990.9375, 2337175.3125 ], [ 574986.25, 2337178.125 ], [ 574980.3125, 2337179.6875 ], [ 574883.125, 2337180.0 ], [ 574876.5625, 2337180.9375 ], [ 574869.0625, 2337184.6875 ], [ 574865.625, 2337188.75 ], [ 574863.28125, 2337193.90625 ], [ 574860.46875, 2337206.09375 ], [ 574860.46875, 2337253.90625 ], [ 574863.28125, 2337266.09375 ], [ 574875.625, 2337291.25 ], [ 574879.0625, 2337302.8125 ], [ 574880.0, 2337313.125 ], [ 574880.0, 2337376.875 ], [ 574880.9375, 2337383.4375 ], [ 574884.6875, 2337390.9375 ], [ 574895.3125, 2337399.0625 ], [ 574898.125, 2337403.75 ], [ 574899.6875, 2337409.6875 ], [ 574900.46875, 2337513.90625 ], [ 574903.28125, 2337526.09375 ], [ 574917.65625, 2337556.71875 ], [ 574919.53125, 2337566.09375 ], [ 574920.0, 2337576.875 ], [ 574919.0625, 2337583.4375 ], [ 574916.875, 2337588.75 ], [ 574913.4375, 2337592.8125 ], [ 574904.6875, 2337599.0625 ], [ 574900.9375, 2337606.5625 ], [ 574900.0, 2337613.125 ], [ 574900.0, 2337676.875 ], [ 574898.125, 2337686.25 ], [ 574895.3125, 2337690.9375 ], [ 574891.25, 2337694.375 ], [ 574868.75, 2337705.625 ], [ 574864.6875, 2337709.0625 ], [ 574860.9375, 2337716.5625 ], [ 574859.6875, 2337730.3125 ], [ 574858.125, 2337736.25 ], [ 574853.4375, 2337742.8125 ], [ 574844.6875, 2337749.0625 ], [ 574840.9375, 2337756.5625 ], [ 574840.0, 2337763.125 ], [ 574840.0, 2337826.875 ], [ 574838.59375, 2337832.96875 ], [ 574837.1875, 2337835.3125 ], [ 574832.96875, 2337838.59375 ], [ 574830.15625, 2337839.53125 ], [ 574816.5625, 2337840.9375 ], [ 574811.25, 2337843.125 ], [ 574807.1875, 2337846.5625 ], [ 574772.8125, 2337913.4375 ], [ 574766.25, 2337918.125 ], [ 574760.3125, 2337919.6875 ], [ 574749.84375, 2337920.46875 ], [ 574744.6875, 2337922.8125 ], [ 574742.8125, 2337924.6875 ], [ 574740.46875, 2337929.84375 ], [ 574739.6875, 2337940.3125 ], [ 574736.875, 2337948.75 ], [ 574733.4375, 2337952.8125 ], [ 574726.40625, 2337957.03125 ], [ 574720.3125, 2337962.1875 ], [ 574710.9375, 2337975.3125 ], [ 574703.4375, 2337979.0625 ], [ 574686.5625, 2337980.9375 ], [ 574681.25, 2337983.125 ], [ 574677.1875, 2337986.5625 ], [ 574664.375, 2338011.25 ], [ 574662.34375, 2338016.71875 ], [ 574660.46875, 2338026.09375 ], [ 574659.6875, 2338040.3125 ], [ 574656.875, 2338048.75 ], [ 574653.4375, 2338052.8125 ], [ 574646.40625, 2338057.03125 ], [ 574640.3125, 2338062.1875 ], [ 574635.625, 2338068.75 ], [ 574624.375, 2338091.25 ], [ 574621.40625, 2338095.78125 ], [ 574615.78125, 2338101.40625 ], [ 574606.5625, 2338107.1875 ], [ 574601.875, 2338113.75 ], [ 574600.0, 2338123.125 ], [ 574599.6875, 2338160.3125 ], [ 574598.125, 2338166.25 ], [ 574593.4375, 2338172.8125 ], [ 574586.09375, 2338176.71875 ], [ 574573.90625, 2338179.53125 ], [ 574533.125, 2338180.0 ], [ 574526.5625, 2338180.9375 ], [ 574519.0625, 2338184.6875 ], [ 574512.8125, 2338193.4375 ], [ 574506.25, 2338198.125 ], [ 574500.3125, 2338199.6875 ], [ 574486.09375, 2338200.46875 ], [ 574476.71875, 2338202.34375 ], [ 574471.25, 2338204.375 ], [ 574448.75, 2338215.625 ], [ 574442.1875, 2338220.3125 ], [ 574437.03125, 2338226.40625 ], [ 574424.375, 2338251.25 ], [ 574420.9375, 2338255.3125 ], [ 574413.4375, 2338259.0625 ], [ 574399.6875, 2338260.3125 ], [ 574391.25, 2338263.125 ], [ 574387.1875, 2338266.5625 ], [ 574381.40625, 2338275.78125 ], [ 574375.78125, 2338281.40625 ], [ 574371.25, 2338284.375 ], [ 574348.75, 2338295.625 ], [ 574342.1875, 2338300.3125 ], [ 574338.59375, 2338304.21875 ], [ 574334.375, 2338311.25 ], [ 574330.9375, 2338315.3125 ], [ 574323.4375, 2338319.0625 ], [ 574309.6875, 2338320.3125 ], [ 574301.25, 2338323.125 ], [ 574297.1875, 2338326.5625 ], [ 574292.8125, 2338333.4375 ], [ 574286.25, 2338338.125 ], [ 574276.875, 2338340.0 ], [ 574243.125, 2338340.0 ], [ 574236.5625, 2338340.9375 ], [ 574229.0625, 2338344.6875 ], [ 574220.9375, 2338355.3125 ], [ 574213.4375, 2338359.0625 ], [ 574206.875, 2338360.0 ], [ 574173.125, 2338360.0 ], [ 574166.5625, 2338360.9375 ], [ 574159.0625, 2338364.6875 ], [ 574152.8125, 2338373.4375 ], [ 574146.25, 2338378.125 ], [ 574136.875, 2338380.0 ], [ 574103.125, 2338380.0 ], [ 574096.5625, 2338380.9375 ], [ 574089.0625, 2338384.6875 ], [ 574082.8125, 2338393.4375 ], [ 574076.25, 2338398.125 ], [ 574066.875, 2338400.0 ], [ 574033.125, 2338400.0 ], [ 574026.5625, 2338400.9375 ], [ 574019.0625, 2338404.6875 ], [ 574012.8125, 2338413.4375 ], [ 574008.75, 2338416.875 ], [ 574003.4375, 2338419.0625 ], [ 573996.875, 2338420.0 ], [ 573986.09375, 2338419.53125 ], [ 573976.71875, 2338417.65625 ], [ 573971.25, 2338415.625 ], [ 573948.75, 2338404.375 ], [ 573937.1875, 2338400.9375 ], [ 573926.875, 2338400.0 ], [ 573893.125, 2338400.0 ], [ 573886.5625, 2338399.0625 ], [ 573879.0625, 2338395.3125 ], [ 573872.8125, 2338386.5625 ], [ 573868.75, 2338383.125 ], [ 573863.4375, 2338380.9375 ], [ 573856.875, 2338380.0 ], [ 573729.84375, 2338380.46875 ], [ 573724.6875, 2338382.8125 ], [ 573721.40625, 2338387.03125 ], [ 573720.46875, 2338389.84375 ], [ 573719.0625, 2338403.4375 ], [ 573716.875, 2338408.75 ], [ 573713.4375, 2338412.8125 ], [ 573708.75, 2338415.625 ], [ 573700.3125, 2338418.4375 ], [ 573690.46875, 2338419.84375 ], [ 573679.6875, 2338419.6875 ], [ 573671.25, 2338416.875 ], [ 573667.1875, 2338413.4375 ], [ 573664.375, 2338408.75 ], [ 573660.9375, 2338397.1875 ], [ 573659.0625, 2338376.5625 ], [ 573655.3125, 2338369.0625 ], [ 573651.25, 2338365.625 ], [ 573643.28125, 2338362.34375 ], [ 573637.1875, 2338360.9375 ], [ 573626.875, 2338360.0 ], [ 573593.125, 2338360.0 ], [ 573579.6875, 2338361.5625 ], [ 573571.25, 2338364.375 ], [ 573546.09375, 2338376.71875 ], [ 573533.90625, 2338379.53125 ], [ 573429.6875, 2338380.3125 ], [ 573423.75, 2338381.875 ], [ 573419.0625, 2338384.6875 ], [ 573412.8125, 2338393.4375 ], [ 573408.75, 2338396.875 ], [ 573403.4375, 2338399.0625 ], [ 573396.875, 2338400.0 ], [ 572883.125, 2338400.0 ], [ 572876.5625, 2338399.0625 ], [ 572871.25, 2338396.875 ], [ 572867.1875, 2338393.4375 ], [ 572862.8125, 2338386.5625 ], [ 572858.75, 2338383.125 ], [ 572853.4375, 2338380.9375 ], [ 572846.875, 2338380.0 ], [ 572783.125, 2338380.0 ], [ 572776.5625, 2338380.9375 ], [ 572769.0625, 2338384.6875 ], [ 572760.9375, 2338395.3125 ], [ 572756.25, 2338398.125 ], [ 572750.3125, 2338399.6875 ], [ 572653.125, 2338400.0 ], [ 572646.09375, 2338399.53125 ], [ 572636.71875, 2338397.65625 ], [ 572606.09375, 2338383.28125 ], [ 572593.90625, 2338380.46875 ], [ 572493.125, 2338380.0 ], [ 572479.6875, 2338378.4375 ], [ 572471.25, 2338375.625 ], [ 572448.75, 2338364.375 ], [ 572443.28125, 2338362.34375 ], [ 572433.90625, 2338360.46875 ], [ 572419.6875, 2338359.6875 ], [ 572413.75, 2338358.125 ], [ 572407.1875, 2338353.4375 ], [ 572400.9375, 2338344.6875 ], [ 572396.25, 2338341.875 ], [ 572390.3125, 2338340.3125 ], [ 572263.125, 2338340.0 ], [ 572256.5625, 2338339.0625 ], [ 572251.25, 2338336.875 ], [ 572247.1875, 2338333.4375 ], [ 572240.9375, 2338324.6875 ], [ 572236.25, 2338321.875 ], [ 572230.3125, 2338320.3125 ], [ 572133.125, 2338320.0 ], [ 572126.5625, 2338319.0625 ], [ 572119.0625, 2338315.3125 ], [ 572112.8125, 2338306.5625 ], [ 572108.75, 2338303.125 ], [ 572103.4375, 2338300.9375 ], [ 572089.6875, 2338299.6875 ], [ 572083.75, 2338298.125 ], [ 572077.1875, 2338293.4375 ], [ 572070.9375, 2338284.6875 ], [ 572066.25, 2338281.875 ], [ 572060.3125, 2338280.3125 ], [ 571866.09375, 2338279.53125 ], [ 571853.90625, 2338276.71875 ], [ 571826.09375, 2338263.28125 ], [ 571813.90625, 2338260.46875 ], [ 571679.6875, 2338259.6875 ], [ 571671.25, 2338256.875 ], [ 571667.1875, 2338253.4375 ], [ 571660.9375, 2338244.6875 ], [ 571656.25, 2338241.875 ], [ 571650.3125, 2338240.3125 ], [ 571553.125, 2338240.0 ], [ 571542.8125, 2338240.9375 ], [ 571533.90625, 2338243.28125 ], [ 571508.75, 2338255.625 ], [ 571500.3125, 2338258.4375 ], [ 571490.46875, 2338259.84375 ], [ 571453.125, 2338260.0 ], [ 571446.5625, 2338260.9375 ], [ 571439.0625, 2338264.6875 ], [ 571432.8125, 2338273.4375 ], [ 571426.25, 2338278.125 ], [ 571416.875, 2338280.0 ], [ 571402.8125, 2338279.0625 ], [ 571391.25, 2338275.625 ], [ 571368.75, 2338264.375 ], [ 571364.6875, 2338260.9375 ], [ 571361.875, 2338256.25 ], [ 571360.0, 2338246.875 ], [ 571360.0, 2338153.125 ], [ 571358.59375, 2338147.03125 ], [ 571357.1875, 2338144.6875 ], [ 571352.96875, 2338141.40625 ], [ 571350.15625, 2338140.46875 ], [ 571336.5625, 2338139.0625 ], [ 571331.25, 2338136.875 ], [ 571327.1875, 2338133.4375 ], [ 571319.6875, 2338122.1875 ], [ 571311.25, 2338115.625 ], [ 571288.75, 2338104.375 ], [ 571283.28125, 2338102.34375 ], [ 571273.90625, 2338100.46875 ], [ 571259.6875, 2338099.6875 ], [ 571253.75, 2338098.125 ], [ 571247.1875, 2338093.4375 ], [ 571240.9375, 2338084.6875 ], [ 571236.25, 2338081.875 ], [ 571230.3125, 2338080.3125 ], [ 571133.125, 2338080.0 ], [ 571126.09375, 2338079.53125 ], [ 571116.71875, 2338077.65625 ], [ 571083.28125, 2338062.34375 ], [ 571073.90625, 2338060.46875 ], [ 571059.6875, 2338059.6875 ], [ 571053.75, 2338058.125 ], [ 571047.1875, 2338053.4375 ], [ 571041.40625, 2338044.21875 ], [ 571033.59375, 2338037.03125 ], [ 571008.75, 2338024.375 ], [ 571000.3125, 2338021.5625 ], [ 570986.875, 2338020.0 ], [ 570919.6875, 2338019.6875 ], [ 570911.25, 2338016.875 ], [ 570907.1875, 2338013.4375 ], [ 570900.9375, 2338004.6875 ], [ 570893.4375, 2338000.9375 ], [ 570886.875, 2338000.0 ], [ 570849.53125, 2337999.84375 ], [ 570842.8125, 2337999.0625 ], [ 570833.90625, 2337996.71875 ], [ 570568.75, 2337864.375 ], [ 570563.28125, 2337862.34375 ], [ 570557.1875, 2337860.9375 ], [ 570546.875, 2337860.0 ], [ 570449.53125, 2337859.84375 ], [ 570439.6875, 2337858.4375 ], [ 570431.25, 2337855.625 ], [ 570424.6875, 2337850.9375 ], [ 570421.875, 2337846.25 ], [ 570420.3125, 2337840.3125 ], [ 570420.0, 2337773.125 ], [ 570419.53125, 2337766.09375 ], [ 570417.65625, 2337756.71875 ], [ 570415.625, 2337751.25 ], [ 570402.8125, 2337726.5625 ], [ 570396.25, 2337721.875 ], [ 570386.875, 2337720.0 ], [ 570289.6875, 2337720.3125 ], [ 570283.75, 2337721.875 ], [ 570279.0625, 2337724.6875 ], [ 570272.8125, 2337733.4375 ], [ 570268.75, 2337736.875 ], [ 570263.4375, 2337739.0625 ], [ 570256.875, 2337740.0 ], [ 570223.125, 2337740.0 ], [ 570216.5625, 2337739.0625 ], [ 570209.0625, 2337735.3125 ], [ 570202.8125, 2337726.5625 ], [ 570198.75, 2337723.125 ], [ 570193.4375, 2337720.9375 ], [ 570186.875, 2337720.0 ], [ 570033.125, 2337720.0 ], [ 570023.75, 2337721.875 ], [ 570019.0625, 2337724.6875 ], [ 570012.8125, 2337733.4375 ], [ 570006.25, 2337738.125 ], [ 570000.3125, 2337739.6875 ], [ 569989.53125, 2337740.15625 ], [ 569979.6875, 2337741.5625 ], [ 569971.25, 2337744.375 ], [ 569966.5625, 2337747.1875 ], [ 569963.125, 2337751.25 ], [ 569960.9375, 2337756.5625 ], [ 569960.0, 2337766.875 ], [ 569958.59375, 2337772.96875 ], [ 569957.1875, 2337775.3125 ], [ 569952.96875, 2337778.59375 ], [ 569946.875, 2337780.0 ], [ 569913.125, 2337780.0 ], [ 569907.03125, 2337781.40625 ], [ 569902.8125, 2337784.6875 ], [ 569901.40625, 2337787.03125 ], [ 569900.0, 2337793.125 ], [ 569900.0, 2337826.875 ], [ 569899.0625, 2337833.4375 ], [ 569895.3125, 2337840.9375 ], [ 569886.5625, 2337847.1875 ], [ 569881.875, 2337853.75 ], [ 569880.3125, 2337859.6875 ], [ 569879.53125, 2337873.90625 ], [ 569877.65625, 2337883.28125 ], [ 569874.375, 2337891.25 ], [ 569868.75, 2337896.875 ], [ 569863.4375, 2337899.0625 ], [ 569842.8125, 2337900.9375 ], [ 569831.25, 2337904.375 ], [ 569808.75, 2337915.625 ], [ 569804.21875, 2337918.59375 ], [ 569798.59375, 2337924.21875 ], [ 569794.375, 2337931.25 ], [ 569790.9375, 2337935.3125 ], [ 569783.4375, 2337939.0625 ], [ 569776.875, 2337940.0 ], [ 569743.125, 2337940.0 ], [ 569736.5625, 2337940.9375 ], [ 569729.0625, 2337944.6875 ], [ 569720.9375, 2337955.3125 ], [ 569713.4375, 2337959.0625 ], [ 569706.875, 2337960.0 ], [ 569673.125, 2337960.0 ], [ 569662.8125, 2337960.9375 ], [ 569651.25, 2337964.375 ], [ 569628.75, 2337975.625 ], [ 569623.28125, 2337977.65625 ], [ 569613.90625, 2337979.53125 ], [ 569599.6875, 2337980.3125 ], [ 569593.75, 2337981.875 ], [ 569589.0625, 2337984.6875 ], [ 569582.8125, 2337993.4375 ], [ 569578.75, 2337996.875 ], [ 569573.4375, 2337999.0625 ], [ 569559.6875, 2338000.3125 ], [ 569553.75, 2338001.875 ], [ 569549.0625, 2338004.6875 ], [ 569542.8125, 2338013.4375 ], [ 569538.75, 2338016.875 ], [ 569533.4375, 2338019.0625 ], [ 569519.6875, 2338020.3125 ], [ 569513.75, 2338021.875 ], [ 569509.0625, 2338024.6875 ], [ 569502.8125, 2338033.4375 ], [ 569496.25, 2338038.125 ], [ 569486.875, 2338040.0 ], [ 569453.125, 2338040.0 ], [ 569442.8125, 2338039.0625 ], [ 569436.71875, 2338037.65625 ], [ 569428.75, 2338034.375 ], [ 569423.125, 2338028.75 ], [ 569420.9375, 2338023.4375 ], [ 569420.0, 2338016.875 ], [ 569420.9375, 2338002.8125 ], [ 569424.375, 2337991.25 ], [ 569437.03125, 2337966.40625 ], [ 569444.21875, 2337958.59375 ], [ 569453.4375, 2337952.8125 ], [ 569458.125, 2337946.25 ], [ 569459.6875, 2337940.3125 ], [ 569460.15625, 2337929.53125 ], [ 569461.5625, 2337919.6875 ], [ 569464.375, 2337911.25 ], [ 569469.0625, 2337904.6875 ], [ 569473.75, 2337901.875 ], [ 569483.125, 2337900.0 ], [ 569606.875, 2337900.0 ], [ 569617.1875, 2337899.0625 ], [ 569628.75, 2337895.625 ], [ 569651.25, 2337884.375 ], [ 569655.3125, 2337880.9375 ], [ 569659.0625, 2337873.4375 ], [ 569660.3125, 2337859.6875 ], [ 569661.875, 2337853.75 ], [ 569664.6875, 2337849.0625 ], [ 569668.75, 2337845.625 ], [ 569676.71875, 2337842.34375 ], [ 569686.09375, 2337840.46875 ], [ 569730.15625, 2337839.53125 ], [ 569732.96875, 2337838.59375 ], [ 569737.1875, 2337835.3125 ], [ 569738.59375, 2337832.96875 ], [ 569740.0, 2337826.875 ], [ 569740.0, 2337763.125 ], [ 569740.9375, 2337756.5625 ], [ 569743.125, 2337751.25 ], [ 569748.75, 2337745.625 ], [ 569793.59375, 2337722.96875 ], [ 569799.6875, 2337717.8125 ], [ 569807.1875, 2337706.5625 ], [ 569811.25, 2337703.125 ], [ 569816.5625, 2337700.9375 ], [ 569823.125, 2337700.0 ], [ 569916.875, 2337700.0 ], [ 569923.4375, 2337699.0625 ], [ 569930.9375, 2337695.3125 ], [ 569937.1875, 2337686.5625 ], [ 569943.75, 2337681.875 ], [ 569953.125, 2337680.0 ], [ 569986.875, 2337680.0 ], [ 569993.4375, 2337679.0625 ], [ 570000.9375, 2337675.3125 ], [ 570007.1875, 2337666.5625 ], [ 570011.25, 2337663.125 ], [ 570019.6875, 2337660.3125 ], [ 570030.15625, 2337659.53125 ], [ 570035.3125, 2337657.1875 ], [ 570038.59375, 2337652.96875 ], [ 570040.0, 2337646.875 ], [ 570040.0, 2337553.125 ], [ 570038.59375, 2337547.03125 ], [ 570037.1875, 2337544.6875 ], [ 570032.96875, 2337541.40625 ], [ 570030.15625, 2337540.46875 ], [ 570016.5625, 2337539.0625 ], [ 570011.25, 2337536.875 ], [ 570007.1875, 2337533.4375 ], [ 569999.6875, 2337522.1875 ], [ 569993.59375, 2337517.03125 ], [ 569968.75, 2337504.375 ], [ 569960.3125, 2337501.5625 ], [ 569946.875, 2337500.0 ], [ 569879.6875, 2337499.6875 ], [ 569873.75, 2337498.125 ], [ 569869.0625, 2337495.3125 ], [ 569862.8125, 2337486.5625 ], [ 569858.75, 2337483.125 ], [ 569853.4375, 2337480.9375 ], [ 569846.875, 2337480.0 ], [ 569693.125, 2337480.0 ], [ 569682.8125, 2337479.0625 ], [ 569671.25, 2337475.625 ], [ 569648.75, 2337464.375 ], [ 569640.3125, 2337457.8125 ], [ 569630.9375, 2337444.6875 ], [ 569626.25, 2337441.875 ], [ 569616.875, 2337440.0 ], [ 569433.125, 2337440.0 ], [ 569426.5625, 2337440.9375 ], [ 569419.0625, 2337444.6875 ], [ 569410.9375, 2337455.3125 ], [ 569403.4375, 2337459.0625 ], [ 569396.875, 2337460.0 ], [ 569363.125, 2337460.0 ], [ 569353.75, 2337461.875 ], [ 569349.0625, 2337464.6875 ], [ 569339.6875, 2337477.8125 ], [ 569331.25, 2337484.375 ], [ 569226.09375, 2337536.71875 ], [ 569220.3125, 2337538.4375 ], [ 569210.46875, 2337539.84375 ], [ 569173.125, 2337540.0 ], [ 569163.75, 2337541.875 ], [ 569159.0625, 2337544.6875 ], [ 569155.625, 2337548.75 ], [ 569134.375, 2337591.25 ], [ 569130.9375, 2337595.3125 ], [ 569123.4375, 2337599.0625 ], [ 569109.6875, 2337600.3125 ], [ 569103.75, 2337601.875 ], [ 569099.0625, 2337604.6875 ], [ 569092.8125, 2337613.4375 ], [ 569088.75, 2337616.875 ], [ 569080.3125, 2337619.6875 ], [ 569066.5625, 2337620.9375 ], [ 569061.25, 2337623.125 ], [ 569057.1875, 2337626.5625 ], [ 569022.96875, 2337693.59375 ], [ 569017.8125, 2337699.6875 ], [ 569006.5625, 2337707.1875 ], [ 569003.125, 2337711.25 ], [ 569000.3125, 2337719.6875 ], [ 568999.53125, 2337733.90625 ], [ 568996.71875, 2337746.09375 ], [ 568984.375, 2337771.25 ], [ 568981.40625, 2337775.78125 ], [ 568973.59375, 2337782.96875 ], [ 568948.75, 2337795.625 ], [ 568944.6875, 2337799.0625 ], [ 568940.9375, 2337806.5625 ], [ 568939.6875, 2337820.3125 ], [ 568936.875, 2337828.75 ], [ 568933.4375, 2337832.8125 ], [ 568926.40625, 2337837.03125 ], [ 568920.3125, 2337842.1875 ], [ 568910.9375, 2337855.3125 ], [ 568903.4375, 2337859.0625 ], [ 568889.84375, 2337860.46875 ], [ 568887.03125, 2337861.40625 ], [ 568882.8125, 2337864.6875 ], [ 568880.46875, 2337869.84375 ], [ 568879.6875, 2337880.3125 ], [ 568876.875, 2337888.75 ], [ 568873.4375, 2337892.8125 ], [ 568866.5625, 2337897.1875 ], [ 568861.875, 2337903.75 ], [ 568860.3125, 2337909.6875 ], [ 568859.0625, 2337923.4375 ], [ 568855.3125, 2337930.9375 ], [ 568851.25, 2337934.375 ], [ 568844.21875, 2337938.59375 ], [ 568838.59375, 2337944.21875 ], [ 568835.625, 2337948.75 ], [ 568824.375, 2337971.25 ], [ 568817.8125, 2337979.6875 ], [ 568811.25, 2337984.375 ], [ 568788.75, 2337995.625 ], [ 568783.125, 2338001.25 ], [ 568780.9375, 2338006.5625 ], [ 568780.0, 2338013.125 ], [ 568779.53125, 2338053.90625 ], [ 568776.71875, 2338066.09375 ], [ 568772.8125, 2338073.4375 ], [ 568766.25, 2338078.125 ], [ 568760.3125, 2338079.6875 ], [ 568749.84375, 2338080.46875 ], [ 568744.6875, 2338082.8125 ], [ 568741.40625, 2338087.03125 ], [ 568740.46875, 2338089.84375 ], [ 568739.0625, 2338103.4375 ], [ 568735.3125, 2338110.9375 ], [ 568731.25, 2338114.375 ], [ 568688.75, 2338135.625 ], [ 568682.1875, 2338140.3125 ], [ 568675.625, 2338148.75 ], [ 568664.375, 2338171.25 ], [ 568661.40625, 2338175.78125 ], [ 568655.78125, 2338181.40625 ], [ 568646.5625, 2338187.1875 ], [ 568641.875, 2338193.75 ], [ 568640.0, 2338203.125 ], [ 568640.0, 2338416.875 ], [ 568641.875, 2338426.25 ], [ 568644.6875, 2338430.9375 ], [ 568648.75, 2338434.375 ], [ 568659.6875, 2338438.4375 ], [ 568673.125, 2338440.0 ], [ 568713.90625, 2338440.46875 ], [ 568723.28125, 2338442.34375 ], [ 568731.25, 2338445.625 ], [ 568735.3125, 2338449.0625 ], [ 568739.0625, 2338456.5625 ], [ 568740.0, 2338463.125 ], [ 568739.0625, 2338477.1875 ], [ 568735.625, 2338488.75 ], [ 568724.375, 2338511.25 ], [ 568721.40625, 2338515.78125 ], [ 568715.78125, 2338521.40625 ], [ 568684.21875, 2338538.59375 ], [ 568678.59375, 2338544.21875 ], [ 568672.8125, 2338553.4375 ], [ 568668.75, 2338556.875 ], [ 568660.3125, 2338559.6875 ], [ 568646.09375, 2338560.46875 ], [ 568633.90625, 2338563.28125 ], [ 568628.75, 2338565.625 ], [ 568624.6875, 2338569.0625 ], [ 568620.9375, 2338576.5625 ], [ 568620.0, 2338583.125 ], [ 568620.0, 2338646.875 ], [ 568621.40625, 2338652.96875 ], [ 568624.6875, 2338657.1875 ], [ 568629.84375, 2338659.53125 ], [ 568666.875, 2338660.0 ], [ 568672.96875, 2338661.40625 ], [ 568677.1875, 2338664.6875 ], [ 568678.59375, 2338667.03125 ], [ 568680.0, 2338673.125 ], [ 568680.0, 2338706.875 ], [ 568678.59375, 2338712.96875 ], [ 568677.1875, 2338715.3125 ], [ 568672.96875, 2338718.59375 ], [ 568670.15625, 2338719.53125 ], [ 568656.5625, 2338720.9375 ], [ 568651.25, 2338723.125 ], [ 568647.1875, 2338726.5625 ], [ 568639.6875, 2338737.8125 ], [ 568633.59375, 2338742.96875 ], [ 568568.75, 2338775.625 ], [ 568564.6875, 2338779.0625 ], [ 568560.9375, 2338786.5625 ], [ 568559.6875, 2338800.3125 ], [ 568558.125, 2338806.25 ], [ 568553.4375, 2338812.8125 ], [ 568544.6875, 2338819.0625 ], [ 568540.9375, 2338826.5625 ], [ 568540.0, 2338833.125 ], [ 568540.0, 2338866.875 ], [ 568538.125, 2338876.25 ], [ 568535.3125, 2338880.9375 ], [ 568531.25, 2338884.375 ], [ 568506.5625, 2338897.1875 ], [ 568503.125, 2338901.25 ], [ 568500.3125, 2338909.6875 ], [ 568500.0, 2339306.875 ], [ 568500.9375, 2339313.4375 ], [ 568503.125, 2339318.75 ], [ 568506.5625, 2339322.8125 ], [ 568513.4375, 2339327.1875 ], [ 568518.125, 2339333.75 ], [ 568519.6875, 2339339.6875 ], [ 568520.46875, 2339350.15625 ], [ 568522.8125, 2339355.3125 ], [ 568527.03125, 2339358.59375 ], [ 568529.84375, 2339359.53125 ], [ 568543.4375, 2339360.9375 ], [ 568550.9375, 2339364.6875 ], [ 568554.375, 2339368.75 ], [ 568565.625, 2339391.25 ], [ 568571.25, 2339396.875 ], [ 568579.6875, 2339399.6875 ], [ 568593.90625, 2339400.46875 ], [ 568606.09375, 2339403.28125 ], [ 568673.59375, 2339437.03125 ], [ 568677.8125, 2339440.3125 ], [ 568682.96875, 2339446.40625 ], [ 568697.1875, 2339473.4375 ], [ 568703.75, 2339478.125 ], [ 568713.125, 2339480.0 ], [ 568866.875, 2339480.0 ], [ 568872.96875, 2339481.40625 ], [ 568875.3125, 2339482.8125 ], [ 568878.59375, 2339487.03125 ], [ 568880.0, 2339493.125 ], [ 568880.0, 2339526.875 ], [ 568879.0625, 2339533.4375 ], [ 568875.3125, 2339540.9375 ], [ 568866.5625, 2339547.1875 ], [ 568863.125, 2339551.25 ], [ 568860.3125, 2339559.6875 ], [ 568859.0625, 2339573.4375 ], [ 568855.3125, 2339580.9375 ], [ 568851.25, 2339584.375 ], [ 568826.09375, 2339596.71875 ], [ 568817.1875, 2339599.0625 ], [ 568796.5625, 2339600.9375 ], [ 568791.25, 2339603.125 ], [ 568785.625, 2339608.75 ], [ 568782.34375, 2339616.71875 ], [ 568780.46875, 2339626.09375 ], [ 568779.6875, 2339670.3125 ], [ 568778.125, 2339676.25 ], [ 568773.4375, 2339682.8125 ], [ 568748.75, 2339695.625 ], [ 568743.28125, 2339697.65625 ], [ 568733.90625, 2339699.53125 ], [ 568633.125, 2339700.0 ], [ 568622.8125, 2339700.9375 ], [ 568611.25, 2339704.375 ], [ 568586.09375, 2339716.71875 ], [ 568573.90625, 2339719.53125 ], [ 568413.125, 2339720.0 ], [ 568406.5625, 2339720.9375 ], [ 568401.25, 2339723.125 ], [ 568397.1875, 2339726.5625 ], [ 568390.9375, 2339735.3125 ], [ 568386.25, 2339738.125 ], [ 568380.3125, 2339739.6875 ], [ 568283.125, 2339740.0 ], [ 568273.75, 2339738.125 ], [ 568267.1875, 2339733.4375 ], [ 568264.375, 2339728.75 ], [ 568261.5625, 2339720.3125 ], [ 568260.46875, 2339713.90625 ], [ 568259.6875, 2339699.6875 ], [ 568256.875, 2339691.25 ], [ 568253.4375, 2339687.1875 ], [ 568246.40625, 2339682.96875 ], [ 568240.3125, 2339677.8125 ], [ 568230.9375, 2339664.6875 ], [ 568223.4375, 2339660.9375 ], [ 568216.875, 2339660.0 ], [ 568153.125, 2339660.0 ], [ 568142.8125, 2339660.9375 ], [ 568131.25, 2339664.375 ], [ 568126.5625, 2339667.1875 ], [ 568121.875, 2339673.75 ], [ 568120.3125, 2339679.6875 ], [ 568119.0625, 2339697.1875 ], [ 568117.65625, 2339703.28125 ], [ 568114.375, 2339711.25 ], [ 568110.9375, 2339715.3125 ], [ 568103.4375, 2339719.0625 ], [ 568096.875, 2339720.0 ], [ 568003.125, 2339720.0 ], [ 567993.75, 2339718.125 ], [ 567989.0625, 2339715.3125 ], [ 567985.625, 2339711.25 ], [ 567983.28125, 2339706.09375 ], [ 567980.9375, 2339697.1875 ], [ 567979.0625, 2339676.5625 ], [ 567975.3125, 2339669.0625 ], [ 567971.25, 2339665.625 ], [ 567928.75, 2339644.375 ], [ 567920.3125, 2339641.5625 ], [ 567910.46875, 2339640.15625 ], [ 567839.6875, 2339640.3125 ], [ 567833.75, 2339641.875 ], [ 567829.0625, 2339644.6875 ], [ 567819.6875, 2339657.8125 ], [ 567815.78125, 2339661.40625 ], [ 567808.75, 2339665.625 ], [ 567804.6875, 2339669.0625 ], [ 567800.9375, 2339676.5625 ], [ 567800.0, 2339683.125 ], [ 567800.0, 2339746.875 ], [ 567800.9375, 2339757.1875 ], [ 567804.375, 2339768.75 ], [ 567809.0625, 2339775.3125 ], [ 567813.75, 2339778.125 ], [ 567819.6875, 2339779.6875 ], [ 567916.875, 2339780.0 ], [ 567926.25, 2339781.875 ], [ 567930.9375, 2339784.6875 ], [ 567934.375, 2339788.75 ], [ 567937.65625, 2339796.71875 ], [ 567939.53125, 2339806.09375 ], [ 567940.0, 2339816.875 ], [ 567939.0625, 2339823.4375 ], [ 567936.875, 2339828.75 ], [ 567933.4375, 2339832.8125 ], [ 567926.09375, 2339836.71875 ], [ 567913.90625, 2339839.53125 ], [ 567873.125, 2339840.0 ], [ 567866.5625, 2339840.9375 ], [ 567859.0625, 2339844.6875 ], [ 567850.9375, 2339855.3125 ], [ 567846.25, 2339858.125 ], [ 567840.3125, 2339859.6875 ], [ 567649.53125, 2339860.15625 ], [ 567642.8125, 2339860.9375 ], [ 567633.90625, 2339863.28125 ], [ 567603.28125, 2339877.65625 ], [ 567597.1875, 2339879.0625 ], [ 567586.875, 2339880.0 ], [ 567576.5625, 2339879.0625 ], [ 567571.25, 2339876.875 ], [ 567567.1875, 2339873.4375 ], [ 567542.96875, 2339826.40625 ], [ 567537.8125, 2339820.3125 ], [ 567526.5625, 2339812.8125 ], [ 567523.125, 2339808.75 ], [ 567520.3125, 2339800.3125 ], [ 567519.84375, 2339789.53125 ], [ 567518.4375, 2339779.6875 ], [ 567515.625, 2339771.25 ], [ 567512.8125, 2339766.5625 ], [ 567506.25, 2339761.875 ], [ 567500.3125, 2339760.3125 ], [ 567489.84375, 2339759.53125 ], [ 567487.03125, 2339758.59375 ], [ 567482.8125, 2339755.3125 ], [ 567481.40625, 2339752.96875 ], [ 567480.0, 2339746.875 ], [ 567480.0, 2339713.125 ], [ 567478.59375, 2339707.03125 ], [ 567475.3125, 2339702.8125 ], [ 567472.96875, 2339701.40625 ], [ 567466.875, 2339700.0 ], [ 567313.125, 2339700.0 ], [ 567307.03125, 2339701.40625 ], [ 567302.8125, 2339704.6875 ], [ 567301.40625, 2339707.03125 ], [ 567300.0, 2339713.125 ], [ 567299.84375, 2339810.46875 ], [ 567297.65625, 2339823.28125 ], [ 567295.625, 2339828.75 ], [ 567292.8125, 2339833.4375 ], [ 567288.75, 2339836.875 ], [ 567280.3125, 2339839.6875 ], [ 567243.125, 2339840.0 ], [ 567236.5625, 2339840.9375 ], [ 567231.25, 2339843.125 ], [ 567227.1875, 2339846.5625 ], [ 567223.28125, 2339853.90625 ], [ 567220.9375, 2339862.8125 ], [ 567219.0625, 2339883.4375 ], [ 567215.3125, 2339890.9375 ], [ 567211.25, 2339894.375 ], [ 567168.75, 2339915.625 ], [ 567160.3125, 2339918.4375 ], [ 567150.46875, 2339919.84375 ], [ 567113.125, 2339920.0 ], [ 567099.6875, 2339921.5625 ], [ 567091.25, 2339924.375 ], [ 567046.5625, 2339947.1875 ], [ 567043.125, 2339951.25 ], [ 567040.3125, 2339959.6875 ], [ 567040.0, 2340026.875 ], [ 567039.53125, 2340033.90625 ], [ 567037.65625, 2340043.28125 ], [ 567035.625, 2340048.75 ], [ 567004.375, 2340111.25 ], [ 567000.9375, 2340115.3125 ], [ 566993.4375, 2340119.0625 ], [ 566976.5625, 2340120.9375 ], [ 566969.0625, 2340124.6875 ], [ 566965.625, 2340128.75 ], [ 566954.375, 2340151.25 ], [ 566948.75, 2340156.875 ], [ 566943.4375, 2340159.0625 ], [ 566922.8125, 2340160.9375 ], [ 566911.25, 2340164.375 ], [ 566888.75, 2340175.625 ], [ 566884.21875, 2340178.59375 ], [ 566878.59375, 2340184.21875 ], [ 566872.8125, 2340193.4375 ], [ 566868.75, 2340196.875 ], [ 566860.3125, 2340199.6875 ], [ 566846.09375, 2340200.46875 ], [ 566833.90625, 2340203.28125 ], [ 566808.75, 2340215.625 ], [ 566802.1875, 2340220.3125 ], [ 566797.03125, 2340226.40625 ], [ 566784.375, 2340251.25 ], [ 566779.6875, 2340257.8125 ], [ 566773.59375, 2340262.96875 ], [ 566748.75, 2340275.625 ], [ 566744.6875, 2340279.0625 ], [ 566740.9375, 2340286.5625 ], [ 566739.0625, 2340303.4375 ], [ 566736.875, 2340308.75 ], [ 566733.4375, 2340312.8125 ], [ 566688.75, 2340335.625 ], [ 566682.1875, 2340340.3125 ], [ 566677.03125, 2340346.40625 ], [ 566664.375, 2340371.25 ], [ 566659.6875, 2340377.8125 ], [ 566653.59375, 2340382.96875 ], [ 566628.75, 2340395.625 ], [ 566622.1875, 2340400.3125 ], [ 566615.625, 2340408.75 ], [ 566602.96875, 2340433.59375 ], [ 566595.78125, 2340441.40625 ], [ 566564.21875, 2340458.59375 ], [ 566558.59375, 2340464.21875 ], [ 566552.8125, 2340473.4375 ], [ 566548.75, 2340476.875 ], [ 566540.3125, 2340479.6875 ], [ 566529.84375, 2340480.46875 ], [ 566524.6875, 2340482.8125 ], [ 566521.40625, 2340487.03125 ], [ 566520.46875, 2340489.84375 ], [ 566519.0625, 2340503.4375 ], [ 566515.3125, 2340510.9375 ], [ 566502.1875, 2340520.3125 ], [ 566498.59375, 2340524.21875 ], [ 566492.8125, 2340533.4375 ], [ 566488.75, 2340536.875 ], [ 566480.3125, 2340539.6875 ], [ 566466.5625, 2340540.9375 ], [ 566459.0625, 2340544.6875 ], [ 566455.625, 2340548.75 ], [ 566432.8125, 2340593.4375 ], [ 566426.25, 2340598.125 ], [ 566420.3125, 2340599.6875 ], [ 566409.84375, 2340600.46875 ], [ 566407.03125, 2340601.40625 ], [ 566402.8125, 2340604.6875 ], [ 566400.46875, 2340609.84375 ], [ 566399.0625, 2340623.4375 ], [ 566396.875, 2340628.75 ], [ 566393.4375, 2340632.8125 ], [ 566348.75, 2340655.625 ], [ 566342.1875, 2340660.3125 ], [ 566337.03125, 2340666.40625 ], [ 566324.375, 2340691.25 ], [ 566319.6875, 2340697.8125 ], [ 566313.59375, 2340702.96875 ], [ 566288.75, 2340715.625 ], [ 566282.1875, 2340720.3125 ], [ 566277.03125, 2340726.40625 ], [ 566264.375, 2340751.25 ], [ 566259.6875, 2340757.8125 ], [ 566253.59375, 2340762.96875 ], [ 566228.75, 2340775.625 ], [ 566220.3125, 2340782.1875 ], [ 566215.625, 2340788.75 ], [ 566204.375, 2340811.25 ], [ 566201.40625, 2340815.78125 ], [ 566195.78125, 2340821.40625 ], [ 566186.5625, 2340827.1875 ], [ 566183.125, 2340831.25 ], [ 566180.3125, 2340839.6875 ], [ 566179.53125, 2340850.15625 ], [ 566178.59375, 2340852.96875 ], [ 566175.3125, 2340857.1875 ], [ 566172.96875, 2340858.59375 ], [ 566166.875, 2340860.0 ], [ 566103.125, 2340860.0 ], [ 566096.5625, 2340860.9375 ], [ 566089.0625, 2340864.6875 ], [ 566085.625, 2340868.75 ], [ 566082.34375, 2340876.71875 ], [ 566080.46875, 2340886.09375 ], [ 566079.6875, 2340900.3125 ], [ 566076.875, 2340908.75 ], [ 566073.4375, 2340912.8125 ], [ 566064.21875, 2340918.59375 ], [ 566058.59375, 2340924.21875 ], [ 566055.625, 2340928.75 ], [ 566044.375, 2340951.25 ], [ 566039.6875, 2340957.8125 ], [ 566033.59375, 2340962.96875 ], [ 566008.75, 2340975.625 ], [ 566002.1875, 2340980.3125 ], [ 565995.625, 2340988.75 ], [ 565982.96875, 2341013.59375 ], [ 565975.78125, 2341021.40625 ], [ 565971.25, 2341024.375 ], [ 565926.5625, 2341047.1875 ], [ 565921.875, 2341053.75 ], [ 565920.3125, 2341059.6875 ], [ 565919.0625, 2341073.4375 ], [ 565915.3125, 2341080.9375 ], [ 565911.25, 2341084.375 ], [ 565886.40625, 2341097.03125 ], [ 565878.59375, 2341104.21875 ], [ 565875.625, 2341108.75 ], [ 565863.28125, 2341133.90625 ], [ 565860.46875, 2341146.09375 ], [ 565859.6875, 2341160.3125 ], [ 565856.875, 2341168.75 ], [ 565853.4375, 2341172.8125 ], [ 565846.40625, 2341177.03125 ], [ 565840.3125, 2341182.1875 ], [ 565835.625, 2341188.75 ], [ 565824.375, 2341211.25 ], [ 565821.40625, 2341215.78125 ], [ 565815.78125, 2341221.40625 ], [ 565806.5625, 2341227.1875 ], [ 565803.125, 2341231.25 ], [ 565800.9375, 2341236.5625 ], [ 565799.6875, 2341250.3125 ], [ 565796.875, 2341258.75 ], [ 565791.25, 2341264.375 ], [ 565768.75, 2341275.625 ], [ 565760.3125, 2341282.1875 ], [ 565755.625, 2341288.75 ], [ 565744.375, 2341311.25 ], [ 565737.8125, 2341319.6875 ], [ 565731.25, 2341324.375 ], [ 565708.75, 2341335.625 ], [ 565704.6875, 2341339.0625 ], [ 565700.9375, 2341346.5625 ], [ 565699.0625, 2341363.4375 ], [ 565695.3125, 2341370.9375 ], [ 565688.75, 2341375.625 ], [ 565677.1875, 2341379.0625 ], [ 565666.875, 2341380.0 ], [ 565626.09375, 2341380.46875 ], [ 565616.71875, 2341382.34375 ], [ 565608.75, 2341385.625 ], [ 565604.6875, 2341389.0625 ], [ 565601.875, 2341393.75 ], [ 565600.3125, 2341399.6875 ], [ 565599.84375, 2341410.46875 ], [ 565598.4375, 2341420.3125 ], [ 565595.625, 2341428.75 ], [ 565592.8125, 2341433.4375 ], [ 565586.25, 2341438.125 ], [ 565580.3125, 2341439.6875 ], [ 565566.5625, 2341440.9375 ], [ 565561.25, 2341443.125 ], [ 565557.1875, 2341446.5625 ], [ 565544.375, 2341471.25 ], [ 565542.34375, 2341476.71875 ], [ 565540.46875, 2341486.09375 ], [ 565539.6875, 2341500.3125 ], [ 565538.125, 2341506.25 ], [ 565535.3125, 2341510.9375 ], [ 565526.5625, 2341517.1875 ], [ 565521.875, 2341523.75 ], [ 565520.0, 2341533.125 ], [ 565520.0, 2341566.875 ], [ 565518.4375, 2341580.3125 ], [ 565515.625, 2341588.75 ], [ 565504.375, 2341611.25 ], [ 565499.6875, 2341617.8125 ], [ 565491.25, 2341624.375 ], [ 565466.09375, 2341636.71875 ], [ 565453.90625, 2341639.53125 ], [ 565439.6875, 2341640.3125 ], [ 565431.25, 2341643.125 ], [ 565427.1875, 2341646.5625 ], [ 565422.96875, 2341653.59375 ], [ 565417.8125, 2341659.6875 ], [ 565411.25, 2341664.375 ], [ 565388.75, 2341675.625 ], [ 565384.21875, 2341678.59375 ], [ 565378.59375, 2341684.21875 ], [ 565372.8125, 2341693.4375 ], [ 565368.75, 2341696.875 ], [ 565363.4375, 2341699.0625 ], [ 565349.6875, 2341700.3125 ], [ 565343.75, 2341701.875 ], [ 565339.0625, 2341704.6875 ], [ 565332.8125, 2341713.4375 ], [ 565326.25, 2341718.125 ], [ 565320.3125, 2341719.6875 ], [ 565309.53125, 2341720.15625 ], [ 565299.6875, 2341721.5625 ], [ 565291.25, 2341724.375 ], [ 565286.5625, 2341727.1875 ], [ 565283.125, 2341731.25 ], [ 565280.9375, 2341736.5625 ], [ 565279.0625, 2341757.1875 ], [ 565275.625, 2341768.75 ], [ 565262.96875, 2341793.59375 ], [ 565255.78125, 2341801.40625 ], [ 565251.25, 2341804.375 ], [ 565228.75, 2341815.625 ], [ 565217.1875, 2341819.0625 ], [ 565206.875, 2341820.0 ], [ 565143.125, 2341820.0 ], [ 565136.5625, 2341820.9375 ], [ 565131.25, 2341823.125 ], [ 565125.625, 2341828.75 ], [ 565123.28125, 2341833.90625 ], [ 565120.9375, 2341842.8125 ], [ 565120.0, 2341853.125 ], [ 565120.0, 2341886.875 ], [ 565119.53125, 2341890.15625 ], [ 565117.1875, 2341895.3125 ], [ 565112.96875, 2341898.59375 ], [ 565106.875, 2341900.0 ], [ 565073.125, 2341900.0 ], [ 565067.03125, 2341898.59375 ], [ 565062.8125, 2341895.3125 ], [ 565061.40625, 2341892.96875 ], [ 565060.0, 2341886.875 ], [ 565060.0, 2341733.125 ], [ 565058.4375, 2341719.6875 ], [ 565054.375, 2341708.75 ], [ 565048.75, 2341703.125 ], [ 565043.4375, 2341700.9375 ], [ 565036.875, 2341700.0 ], [ 564973.125, 2341700.0 ], [ 564966.5625, 2341700.9375 ], [ 564961.25, 2341703.125 ], [ 564957.1875, 2341706.5625 ], [ 564944.375, 2341731.25 ], [ 564938.75, 2341736.875 ], [ 564933.4375, 2341739.0625 ], [ 564919.6875, 2341740.3125 ], [ 564911.25, 2341743.125 ], [ 564907.1875, 2341746.5625 ], [ 564899.6875, 2341757.8125 ], [ 564893.59375, 2341762.96875 ], [ 564828.75, 2341795.625 ], [ 564820.3125, 2341798.4375 ], [ 564810.46875, 2341799.84375 ], [ 564743.125, 2341800.0 ], [ 564736.5625, 2341800.9375 ], [ 564729.0625, 2341804.6875 ], [ 564724.375, 2341811.25 ], [ 564720.9375, 2341822.8125 ], [ 564720.0, 2341833.125 ], [ 564719.53125, 2341873.90625 ], [ 564717.65625, 2341883.28125 ], [ 564714.375, 2341891.25 ], [ 564710.9375, 2341895.3125 ], [ 564706.25, 2341898.125 ], [ 564700.3125, 2341899.6875 ], [ 564686.5625, 2341900.9375 ], [ 564679.0625, 2341904.6875 ], [ 564675.625, 2341908.75 ], [ 564664.375, 2341931.25 ], [ 564660.9375, 2341935.3125 ], [ 564656.25, 2341938.125 ], [ 564646.875, 2341940.0 ], [ 564613.125, 2341940.0 ], [ 564606.5625, 2341939.0625 ], [ 564599.0625, 2341935.3125 ], [ 564590.9375, 2341924.6875 ], [ 564586.25, 2341921.875 ], [ 564580.3125, 2341920.3125 ], [ 564513.125, 2341920.0 ], [ 564506.5625, 2341919.0625 ], [ 564499.0625, 2341915.3125 ], [ 564492.8125, 2341906.5625 ], [ 564488.75, 2341903.125 ], [ 564483.4375, 2341900.9375 ], [ 564476.875, 2341900.0 ], [ 564383.125, 2341900.0 ], [ 564376.5625, 2341900.9375 ], [ 564371.25, 2341903.125 ], [ 564367.1875, 2341906.5625 ], [ 564360.9375, 2341915.3125 ], [ 564356.25, 2341918.125 ], [ 564350.3125, 2341919.6875 ], [ 564253.125, 2341920.0 ], [ 564246.5625, 2341920.9375 ], [ 564241.25, 2341923.125 ], [ 564237.1875, 2341926.5625 ], [ 564224.375, 2341951.25 ], [ 564217.8125, 2341959.6875 ], [ 564211.25, 2341964.375 ], [ 564188.75, 2341975.625 ], [ 564184.6875, 2341979.0625 ], [ 564181.875, 2341983.75 ], [ 564180.0, 2341993.125 ], [ 564179.6875, 2342060.3125 ], [ 564176.875, 2342068.75 ], [ 564171.25, 2342074.375 ], [ 564160.3125, 2342078.4375 ], [ 564146.875, 2342080.0 ], [ 564004.375, 2342080.0 ], [ 564000.625, 2342078.125 ], [ 563995.625, 2342071.25 ] ] } },
{ "type": "Feature", "properties": { }, "geometry": { "type": "LineString", "coordinates": [ [ 574093.125, 2335920.0 ], [ 574186.875, 2335920.0 ], [ 574190.15625, 2335919.53125 ], [ 574195.3125, 2335917.1875 ], [ 574198.59375, 2335912.96875 ], [ 574199.53125, 2335910.15625 ], [ 574200.9375, 2335896.5625 ], [ 574204.6875, 2335889.0625 ], [ 574208.75, 2335885.625 ], [ 574231.25, 2335874.375 ], [ 574236.875, 2335868.75 ], [ 574239.6875, 2335860.3125 ], [ 574240.46875, 2335849.84375 ], [ 574242.8125, 2335844.6875 ], [ 574244.6875, 2335842.8125 ], [ 574249.84375, 2335840.46875 ], [ 574260.3125, 2335839.6875 ], [ 574266.25, 2335838.125 ], [ 574272.8125, 2335833.4375 ], [ 574317.1875, 2335746.5625 ], [ 574323.75, 2335741.875 ], [ 574329.6875, 2335740.3125 ], [ 574343.4375, 2335739.0625 ], [ 574350.9375, 2335735.3125 ], [ 574354.375, 2335731.25 ], [ 574375.625, 2335688.75 ], [ 574380.3125, 2335682.1875 ], [ 574388.75, 2335675.625 ], [ 574413.59375, 2335662.96875 ], [ 574421.40625, 2335655.78125 ], [ 574424.375, 2335651.25 ], [ 574455.625, 2335588.75 ], [ 574458.59375, 2335584.21875 ], [ 574466.40625, 2335577.03125 ], [ 574491.25, 2335564.375 ], [ 574496.875, 2335558.75 ], [ 574499.0625, 2335553.4375 ], [ 574500.0, 2335546.875 ], [ 574500.46875, 2335506.09375 ], [ 574503.28125, 2335493.90625 ], [ 574507.1875, 2335486.5625 ], [ 574511.25, 2335483.125 ], [ 574516.5625, 2335480.9375 ], [ 574533.90625, 2335479.53125 ], [ 574546.09375, 2335476.71875 ], [ 574553.4375, 2335472.8125 ], [ 574558.125, 2335466.25 ], [ 574560.0, 2335456.875 ], [ 574559.84375, 2335389.53125 ], [ 574559.0625, 2335382.8125 ], [ 574556.71875, 2335373.90625 ], [ 574554.375, 2335368.75 ], [ 574550.9375, 2335364.6875 ], [ 574546.25, 2335361.875 ], [ 574536.875, 2335360.0 ], [ 574473.125, 2335360.0 ], [ 574469.84375, 2335360.46875 ], [ 574464.6875, 2335362.8125 ], [ 574461.40625, 2335367.03125 ], [ 574460.0, 2335373.125 ], [ 574460.0, 2335436.875 ], [ 574459.0625, 2335443.4375 ], [ 574455.3125, 2335450.9375 ], [ 574451.25, 2335454.375 ], [ 574443.28125, 2335457.65625 ], [ 574433.90625, 2335459.53125 ], [ 574419.6875, 2335460.3125 ], [ 574413.75, 2335461.875 ], [ 574407.1875, 2335466.5625 ], [ 574400.9375, 2335475.3125 ], [ 574393.4375, 2335479.0625 ], [ 574386.875, 2335480.0 ], [ 574349.53125, 2335480.15625 ], [ 574339.6875, 2335481.5625 ], [ 574331.25, 2335484.375 ], [ 574326.5625, 2335487.1875 ], [ 574323.125, 2335491.25 ], [ 574320.9375, 2335496.5625 ], [ 574320.0, 2335506.875 ], [ 574318.59375, 2335512.96875 ], [ 574317.1875, 2335515.3125 ], [ 574312.96875, 2335518.59375 ], [ 574306.875, 2335520.0 ], [ 574206.09375, 2335520.46875 ], [ 574193.90625, 2335523.28125 ], [ 574163.28125, 2335537.65625 ], [ 574153.90625, 2335539.53125 ], [ 574136.5625, 2335540.9375 ], [ 574129.0625, 2335544.6875 ], [ 574125.625, 2335548.75 ], [ 574123.28125, 2335553.90625 ], [ 574120.46875, 2335566.09375 ], [ 574120.0, 2335666.875 ], [ 574118.59375, 2335672.96875 ], [ 574117.1875, 2335675.3125 ], [ 574112.96875, 2335678.59375 ], [ 574106.875, 2335680.0 ], [ 573983.125, 2335680.0 ], [ 573973.75, 2335681.875 ], [ 573967.1875, 2335686.5625 ], [ 573964.375, 2335691.25 ], [ 573962.34375, 2335696.71875 ], [ 573960.15625, 2335709.53125 ], [ 573960.3125, 2335780.3125 ], [ 573961.875, 2335786.25 ], [ 573964.6875, 2335790.9375 ], [ 573973.4375, 2335797.1875 ], [ 573978.125, 2335803.75 ], [ 573979.6875, 2335809.6875 ], [ 573980.3125, 2335820.3125 ], [ 573983.125, 2335828.75 ], [ 573988.75, 2335834.375 ], [ 574031.25, 2335855.625 ], [ 574035.78125, 2335858.59375 ], [ 574042.96875, 2335866.40625 ], [ 574055.625, 2335891.25 ], [ 574060.3125, 2335897.8125 ], [ 574066.40625, 2335902.96875 ], [ 574076.875, 2335909.375 ], [ 574079.0625, 2335911.875 ], [ 574080.0, 2335915.625 ], [ 574081.40625, 2335917.65625 ], [ 574084.6875, 2335919.0625 ], [ 574093.125, 2335920.0 ] ] } },
{ "type": "Feature", "properties": { }, "geometry": { "type": "LineString", "coordinates": [ [ 577433.125, 2334380.0 ], [ 577556.875, 2334380.0 ], [ 577566.25, 2334378.125 ], [ 577570.9375, 2334375.3125 ], [ 577574.375, 2334371.25 ], [ 577577.65625, 2334363.28125 ], [ 577579.84375, 2334350.46875 ], [ 577579.6875, 2334279.6875 ], [ 577576.875, 2334271.25 ], [ 577573.4375, 2334267.1875 ], [ 577564.6875, 2334260.9375 ], [ 577560.9375, 2334253.4375 ], [ 577560.0, 2334246.875 ], [ 577560.0, 2334213.125 ], [ 577558.125, 2334203.75 ], [ 577555.3125, 2334199.0625 ], [ 577546.5625, 2334192.8125 ], [ 577543.125, 2334188.75 ], [ 577540.3125, 2334180.3125 ], [ 577539.53125, 2334169.84375 ], [ 577538.59375, 2334167.03125 ], [ 577535.3125, 2334162.8125 ], [ 577530.15625, 2334160.46875 ], [ 577519.6875, 2334159.6875 ], [ 577511.25, 2334156.875 ], [ 577507.1875, 2334153.4375 ], [ 577499.6875, 2334142.1875 ], [ 577493.59375, 2334137.03125 ], [ 577426.09375, 2334103.28125 ], [ 577417.1875, 2334100.9375 ], [ 577406.875, 2334100.0 ], [ 577313.125, 2334100.0 ], [ 577307.03125, 2334101.40625 ], [ 577302.8125, 2334104.6875 ], [ 577301.40625, 2334107.03125 ], [ 577300.0, 2334113.125 ], [ 577300.0, 2334176.875 ], [ 577301.875, 2334186.25 ], [ 577306.5625, 2334192.8125 ], [ 577313.59375, 2334197.03125 ], [ 577319.6875, 2334202.1875 ], [ 577327.1875, 2334213.4375 ], [ 577331.25, 2334216.875 ], [ 577339.6875, 2334219.6875 ], [ 577353.90625, 2334220.46875 ], [ 577366.09375, 2334223.28125 ], [ 577391.25, 2334235.625 ], [ 577396.875, 2334241.25 ], [ 577399.0625, 2334246.5625 ], [ 577400.3125, 2334260.3125 ], [ 577401.875, 2334266.25 ], [ 577406.5625, 2334272.8125 ], [ 577415.3125, 2334279.0625 ], [ 577418.125, 2334283.75 ], [ 577419.6875, 2334289.6875 ], [ 577420.0, 2334375.625 ], [ 577422.8125, 2334378.4375 ], [ 577433.125, 2334380.0 ] ] } },
{ "type": "Feature", "properties": { }, "geometry": { "type": "LineString", "coordinates": [ [ 583913.125, 2333440.0 ], [ 584006.875, 2333440.0 ], [ 584017.1875, 2333439.0625 ], [ 584026.09375, 2333436.71875 ], [ 584051.25, 2333424.375 ], [ 584059.6875, 2333421.5625 ], [ 584069.53125, 2333420.15625 ], [ 584106.875, 2333420.0 ], [ 584113.4375, 2333419.0625 ], [ 584120.9375, 2333415.3125 ], [ 584127.1875, 2333406.5625 ], [ 584131.25, 2333403.125 ], [ 584136.5625, 2333400.9375 ], [ 584143.125, 2333400.0 ], [ 584153.90625, 2333400.46875 ], [ 584163.28125, 2333402.34375 ], [ 584168.75, 2333404.375 ], [ 584191.25, 2333415.625 ], [ 584202.8125, 2333419.0625 ], [ 584213.125, 2333420.0 ], [ 584246.875, 2333420.0 ], [ 584257.1875, 2333419.0625 ], [ 584268.75, 2333415.625 ], [ 584291.25, 2333404.375 ], [ 584296.71875, 2333402.34375 ], [ 584306.09375, 2333400.46875 ], [ 584320.3125, 2333399.6875 ], [ 584326.25, 2333398.125 ], [ 584330.9375, 2333395.3125 ], [ 584337.1875, 2333386.5625 ], [ 584341.25, 2333383.125 ], [ 584346.5625, 2333380.9375 ], [ 584360.3125, 2333379.6875 ], [ 584366.25, 2333378.125 ], [ 584370.9375, 2333375.3125 ], [ 584377.1875, 2333366.5625 ], [ 584383.75, 2333361.875 ], [ 584393.125, 2333360.0 ], [ 584426.875, 2333360.0 ], [ 584436.25, 2333358.125 ], [ 584440.9375, 2333355.3125 ], [ 584447.1875, 2333346.5625 ], [ 584451.25, 2333343.125 ], [ 584456.5625, 2333340.9375 ], [ 584466.875, 2333340.0 ], [ 584472.96875, 2333338.59375 ], [ 584475.3125, 2333337.1875 ], [ 584478.59375, 2333332.96875 ], [ 584480.0, 2333326.875 ], [ 584480.0, 2333263.125 ], [ 584479.0625, 2333256.5625 ], [ 584475.3125, 2333249.0625 ], [ 584462.1875, 2333239.6875 ], [ 584458.59375, 2333235.78125 ], [ 584454.375, 2333228.75 ], [ 584450.9375, 2333224.6875 ], [ 584443.4375, 2333220.9375 ], [ 584436.875, 2333220.0 ], [ 584373.125, 2333220.0 ], [ 584362.8125, 2333220.9375 ], [ 584353.90625, 2333223.28125 ], [ 584346.5625, 2333227.1875 ], [ 584343.125, 2333231.25 ], [ 584340.3125, 2333239.6875 ], [ 584339.53125, 2333250.15625 ], [ 584337.1875, 2333255.3125 ], [ 584332.96875, 2333258.59375 ], [ 584326.875, 2333260.0 ], [ 584229.53125, 2333259.84375 ], [ 584219.6875, 2333258.4375 ], [ 584208.75, 2333254.375 ], [ 584204.6875, 2333250.9375 ], [ 584200.9375, 2333243.4375 ], [ 584200.0, 2333236.875 ], [ 584199.6875, 2333199.6875 ], [ 584198.125, 2333193.75 ], [ 584193.4375, 2333187.1875 ], [ 584148.75, 2333164.375 ], [ 584143.28125, 2333162.34375 ], [ 584130.46875, 2333160.15625 ], [ 584093.125, 2333160.0 ], [ 584087.03125, 2333158.59375 ], [ 584082.8125, 2333155.3125 ], [ 584081.40625, 2333152.96875 ], [ 584080.0, 2333146.875 ], [ 584080.0, 2333113.125 ], [ 584080.9375, 2333102.8125 ], [ 584082.34375, 2333096.71875 ], [ 584085.625, 2333088.75 ], [ 584089.0625, 2333084.6875 ], [ 584093.75, 2333081.875 ], [ 584103.125, 2333080.0 ], [ 584350.46875, 2333079.84375 ], [ 584357.1875, 2333079.0625 ], [ 584366.09375, 2333076.71875 ], [ 584396.71875, 2333062.34375 ], [ 584402.8125, 2333060.9375 ], [ 584413.125, 2333060.0 ], [ 584480.3125, 2333060.3125 ], [ 584486.25, 2333061.875 ], [ 584490.9375, 2333064.6875 ], [ 584497.1875, 2333073.4375 ], [ 584501.25, 2333076.875 ], [ 584506.5625, 2333079.0625 ], [ 584513.125, 2333080.0 ], [ 584696.875, 2333080.0 ], [ 584703.4375, 2333079.0625 ], [ 584708.75, 2333076.875 ], [ 584714.375, 2333071.25 ], [ 584717.65625, 2333063.28125 ], [ 584719.53125, 2333053.90625 ], [ 584720.0, 2332953.125 ], [ 584720.9375, 2332942.8125 ], [ 584724.375, 2332931.25 ], [ 584735.625, 2332908.75 ], [ 584742.1875, 2332900.3125 ], [ 584748.75, 2332895.625 ], [ 584773.59375, 2332882.96875 ], [ 584779.6875, 2332877.8125 ], [ 584789.0625, 2332864.6875 ], [ 584793.75, 2332861.875 ], [ 584799.6875, 2332860.3125 ], [ 584813.90625, 2332860.46875 ], [ 584826.09375, 2332863.28125 ], [ 584871.25, 2332885.625 ], [ 584875.3125, 2332889.0625 ], [ 584879.0625, 2332896.5625 ], [ 584880.46875, 2332913.90625 ], [ 584882.34375, 2332923.28125 ], [ 584896.71875, 2332953.90625 ], [ 584899.0625, 2332962.8125 ], [ 584900.9375, 2332983.4375 ], [ 584903.125, 2332988.75 ], [ 584906.5625, 2332992.8125 ], [ 584911.25, 2332995.625 ], [ 584916.71875, 2332997.65625 ], [ 584929.53125, 2332999.84375 ], [ 584966.875, 2333000.0 ], [ 584973.90625, 2332999.53125 ], [ 584983.28125, 2332997.65625 ], [ 584991.25, 2332994.375 ], [ 584996.875, 2332988.75 ], [ 584999.0625, 2332983.4375 ], [ 585000.0, 2332973.125 ], [ 585001.40625, 2332967.03125 ], [ 585002.8125, 2332964.6875 ], [ 585007.03125, 2332961.40625 ], [ 585013.125, 2332960.0 ], [ 585046.875, 2332960.0 ], [ 585052.96875, 2332958.59375 ], [ 585057.1875, 2332955.3125 ], [ 585058.59375, 2332952.96875 ], [ 585060.0, 2332946.875 ], [ 585060.46875, 2332909.84375 ], [ 585062.8125, 2332904.6875 ], [ 585067.03125, 2332901.40625 ], [ 585073.125, 2332900.0 ], [ 585106.875, 2332900.0 ], [ 585113.4375, 2332899.0625 ], [ 585120.9375, 2332895.3125 ], [ 585129.0625, 2332884.6875 ], [ 585133.75, 2332881.875 ], [ 585139.6875, 2332880.3125 ], [ 585266.875, 2332880.0 ], [ 585272.96875, 2332878.59375 ], [ 585277.1875, 2332875.3125 ], [ 585279.53125, 2332870.15625 ], [ 585280.0, 2332833.125 ], [ 585280.9375, 2332826.5625 ], [ 585283.125, 2332821.25 ], [ 585288.75, 2332815.625 ], [ 585313.90625, 2332803.28125 ], [ 585319.6875, 2332801.5625 ], [ 585329.53125, 2332800.15625 ], [ 585370.3125, 2332800.3125 ], [ 585376.25, 2332801.875 ], [ 585380.9375, 2332804.6875 ], [ 585387.1875, 2332813.4375 ], [ 585391.25, 2332816.875 ], [ 585396.5625, 2332819.0625 ], [ 585403.125, 2332820.0 ], [ 585496.875, 2332820.0 ], [ 585503.4375, 2332819.0625 ], [ 585510.9375, 2332815.3125 ], [ 585519.0625, 2332804.6875 ], [ 585526.5625, 2332800.9375 ], [ 585533.125, 2332800.0 ], [ 585566.875, 2332800.0 ], [ 585577.1875, 2332799.0625 ], [ 585588.75, 2332795.625 ], [ 585611.25, 2332784.375 ], [ 585616.71875, 2332782.34375 ], [ 585626.09375, 2332780.46875 ], [ 585640.3125, 2332779.6875 ], [ 585646.25, 2332778.125 ], [ 585650.9375, 2332775.3125 ], [ 585657.1875, 2332766.5625 ], [ 585661.25, 2332763.125 ], [ 585666.5625, 2332760.9375 ], [ 585680.3125, 2332759.6875 ], [ 585686.25, 2332758.125 ], [ 585690.9375, 2332755.3125 ], [ 585697.1875, 2332746.5625 ], [ 585701.25, 2332743.125 ], [ 585706.5625, 2332740.9375 ], [ 585720.3125, 2332739.6875 ], [ 585726.25, 2332738.125 ], [ 585730.9375, 2332735.3125 ], [ 585737.1875, 2332726.5625 ], [ 585741.25, 2332723.125 ], [ 585746.5625, 2332720.9375 ], [ 585760.3125, 2332719.6875 ], [ 585768.75, 2332716.875 ], [ 585772.8125, 2332713.4375 ], [ 585780.3125, 2332702.1875 ], [ 585788.75, 2332695.625 ], [ 585811.25, 2332684.375 ], [ 585816.71875, 2332682.34375 ], [ 585826.09375, 2332680.46875 ], [ 585840.3125, 2332679.6875 ], [ 585848.75, 2332676.875 ], [ 585852.8125, 2332673.4375 ], [ 585857.03125, 2332666.40625 ], [ 585862.1875, 2332660.3125 ], [ 585868.75, 2332655.625 ], [ 585891.25, 2332644.375 ], [ 585895.78125, 2332641.40625 ], [ 585901.40625, 2332635.78125 ], [ 585907.1875, 2332626.5625 ], [ 585911.25, 2332623.125 ], [ 585919.6875, 2332620.3125 ], [ 585933.4375, 2332619.0625 ], [ 585940.9375, 2332615.3125 ], [ 585944.375, 2332611.25 ], [ 585955.625, 2332588.75 ], [ 585960.3125, 2332582.1875 ], [ 585968.75, 2332575.625 ], [ 585991.25, 2332564.375 ], [ 585995.78125, 2332561.40625 ], [ 586001.40625, 2332555.78125 ], [ 586005.625, 2332548.75 ], [ 586009.0625, 2332544.6875 ], [ 586016.5625, 2332540.9375 ], [ 586033.4375, 2332539.0625 ], [ 586040.9375, 2332535.3125 ], [ 586044.375, 2332531.25 ], [ 586055.625, 2332508.75 ], [ 586061.25, 2332503.125 ], [ 586069.6875, 2332500.3125 ], [ 586106.875, 2332500.0 ], [ 586110.15625, 2332499.53125 ], [ 586115.3125, 2332497.1875 ], [ 586118.59375, 2332492.96875 ], [ 586120.0, 2332486.875 ], [ 586120.0, 2332423.125 ], [ 586118.125, 2332413.75 ], [ 586115.3125, 2332409.0625 ], [ 586111.25, 2332405.625 ], [ 586103.28125, 2332402.34375 ], [ 586093.90625, 2332400.46875 ], [ 585993.125, 2332400.0 ], [ 585986.5625, 2332400.9375 ], [ 585979.0625, 2332404.6875 ], [ 585972.8125, 2332413.4375 ], [ 585966.25, 2332418.125 ], [ 585960.3125, 2332419.6875 ], [ 585949.53125, 2332420.15625 ], [ 585939.6875, 2332421.5625 ], [ 585931.25, 2332424.375 ], [ 585908.75, 2332435.625 ], [ 585903.28125, 2332437.65625 ], [ 585893.90625, 2332439.53125 ], [ 585879.6875, 2332440.3125 ], [ 585873.75, 2332441.875 ], [ 585867.1875, 2332446.5625 ], [ 585860.9375, 2332455.3125 ], [ 585853.4375, 2332459.0625 ], [ 585846.875, 2332460.0 ], [ 585779.6875, 2332460.3125 ], [ 585771.25, 2332463.125 ], [ 585767.1875, 2332466.5625 ], [ 585760.9375, 2332475.3125 ], [ 585753.4375, 2332479.0625 ], [ 585746.875, 2332480.0 ], [ 585683.125, 2332480.0 ], [ 585676.5625, 2332480.9375 ], [ 585669.0625, 2332484.6875 ], [ 585660.9375, 2332495.3125 ], [ 585653.4375, 2332499.0625 ], [ 585646.875, 2332500.0 ], [ 585613.125, 2332500.0 ], [ 585603.75, 2332501.875 ], [ 585599.0625, 2332504.6875 ], [ 585592.8125, 2332513.4375 ], [ 585588.75, 2332516.875 ], [ 585583.4375, 2332519.0625 ], [ 585569.6875, 2332520.3125 ], [ 585563.75, 2332521.875 ], [ 585557.1875, 2332526.5625 ], [ 585550.9375, 2332535.3125 ], [ 585543.4375, 2332539.0625 ], [ 585536.875, 2332540.0 ], [ 585469.6875, 2332540.3125 ], [ 585463.75, 2332541.875 ], [ 585459.0625, 2332544.6875 ], [ 585452.8125, 2332553.4375 ], [ 585446.25, 2332558.125 ], [ 585440.3125, 2332559.6875 ], [ 585426.09375, 2332560.46875 ], [ 585416.71875, 2332562.34375 ], [ 585383.28125, 2332577.65625 ], [ 585370.46875, 2332579.84375 ], [ 585329.53125, 2332580.15625 ], [ 585316.71875, 2332582.34375 ], [ 585308.75, 2332585.625 ], [ 585303.125, 2332591.25 ], [ 585300.3125, 2332599.6875 ], [ 585299.0625, 2332613.4375 ], [ 585295.3125, 2332620.9375 ], [ 585291.25, 2332624.375 ], [ 585268.75, 2332635.625 ], [ 585263.28125, 2332637.65625 ], [ 585257.1875, 2332639.0625 ], [ 585246.875, 2332640.0 ], [ 585089.53125, 2332640.15625 ], [ 585082.8125, 2332640.9375 ], [ 585073.90625, 2332643.28125 ], [ 585048.75, 2332655.625 ], [ 585037.1875, 2332659.0625 ], [ 585026.875, 2332660.0 ], [ 584963.125, 2332660.0 ], [ 584956.5625, 2332660.9375 ], [ 584951.25, 2332663.125 ], [ 584947.1875, 2332666.5625 ], [ 584934.375, 2332691.25 ], [ 584928.75, 2332696.875 ], [ 584920.3125, 2332699.6875 ], [ 584906.09375, 2332700.46875 ], [ 584896.71875, 2332702.34375 ], [ 584891.25, 2332704.375 ], [ 584868.75, 2332715.625 ], [ 584857.1875, 2332719.0625 ], [ 584846.875, 2332720.0 ], [ 584693.125, 2332720.0 ], [ 584686.5625, 2332720.9375 ], [ 584681.25, 2332723.125 ], [ 584677.1875, 2332726.5625 ], [ 584672.8125, 2332733.4375 ], [ 584668.75, 2332736.875 ], [ 584663.4375, 2332739.0625 ], [ 584656.875, 2332740.0 ], [ 584383.125, 2332740.0 ], [ 584376.5625, 2332740.9375 ], [ 584371.25, 2332743.125 ], [ 584367.1875, 2332746.5625 ], [ 584360.9375, 2332755.3125 ], [ 584356.25, 2332758.125 ], [ 584350.3125, 2332759.6875 ], [ 584193.125, 2332760.0 ], [ 584179.6875, 2332761.5625 ], [ 584171.25, 2332764.375 ], [ 584148.75, 2332775.625 ], [ 584143.125, 2332781.25 ], [ 584140.9375, 2332786.5625 ], [ 584140.0, 2332793.125 ], [ 584140.0, 2332826.875 ], [ 584139.0625, 2332837.1875 ], [ 584137.65625, 2332843.28125 ], [ 584134.375, 2332851.25 ], [ 584128.75, 2332856.875 ], [ 584123.4375, 2332859.0625 ], [ 584109.6875, 2332860.3125 ], [ 584103.75, 2332861.875 ], [ 584097.1875, 2332866.5625 ], [ 584090.9375, 2332875.3125 ], [ 584086.25, 2332878.125 ], [ 584080.3125, 2332879.6875 ], [ 583953.125, 2332880.0 ], [ 583943.75, 2332881.875 ], [ 583939.0625, 2332884.6875 ], [ 583935.625, 2332888.75 ], [ 583924.375, 2332911.25 ], [ 583919.6875, 2332917.8125 ], [ 583913.59375, 2332922.96875 ], [ 583888.75, 2332935.625 ], [ 583882.1875, 2332940.3125 ], [ 583875.625, 2332948.75 ], [ 583862.8125, 2332973.4375 ], [ 583858.75, 2332976.875 ], [ 583850.3125, 2332979.6875 ], [ 583813.125, 2332980.0 ], [ 583803.75, 2332978.125 ], [ 583799.0625, 2332975.3125 ], [ 583795.625, 2332971.25 ], [ 583782.8125, 2332946.5625 ], [ 583776.25, 2332941.875 ], [ 583766.875, 2332940.0 ], [ 583613.125, 2332940.0 ], [ 583606.5625, 2332940.9375 ], [ 583601.25, 2332943.125 ], [ 583597.1875, 2332946.5625 ], [ 583590.9375, 2332955.3125 ], [ 583586.25, 2332958.125 ], [ 583580.3125, 2332959.6875 ], [ 583509.6875, 2332959.6875 ], [ 583503.75, 2332958.125 ], [ 583497.1875, 2332953.4375 ], [ 583484.375, 2332928.75 ], [ 583480.9375, 2332924.6875 ], [ 583476.25, 2332921.875 ], [ 583466.875, 2332920.0 ], [ 583373.125, 2332920.0 ], [ 583366.5625, 2332920.9375 ], [ 583361.25, 2332923.125 ], [ 583357.1875, 2332926.5625 ], [ 583342.8125, 2332953.4375 ], [ 583338.75, 2332956.875 ], [ 583330.3125, 2332959.6875 ], [ 583229.84375, 2332959.53125 ], [ 583227.03125, 2332958.59375 ], [ 583222.8125, 2332955.3125 ], [ 583221.40625, 2332952.96875 ], [ 583220.0, 2332946.875 ], [ 583219.53125, 2332849.84375 ], [ 583218.59375, 2332847.03125 ], [ 583215.3125, 2332842.8125 ], [ 583212.96875, 2332841.40625 ], [ 583206.875, 2332840.0 ], [ 583113.125, 2332840.0 ], [ 583103.75, 2332841.875 ], [ 583099.0625, 2332844.6875 ], [ 583095.625, 2332848.75 ], [ 583084.375, 2332871.25 ], [ 583081.40625, 2332875.78125 ], [ 583075.78125, 2332881.40625 ], [ 583066.5625, 2332887.1875 ], [ 583063.125, 2332891.25 ], [ 583060.9375, 2332896.5625 ], [ 583060.0, 2332903.125 ], [ 583059.6875, 2333000.3125 ], [ 583058.125, 2333006.25 ], [ 583055.3125, 2333010.9375 ], [ 583046.5625, 2333017.1875 ], [ 583043.125, 2333021.25 ], [ 583040.9375, 2333026.5625 ], [ 583040.0, 2333033.125 ], [ 583040.3125, 2333100.3125 ], [ 583043.125, 2333108.75 ], [ 583048.75, 2333114.375 ], [ 583091.25, 2333135.625 ], [ 583099.6875, 2333138.4375 ], [ 583113.125, 2333140.0 ], [ 583176.875, 2333140.0 ], [ 583186.25, 2333141.875 ], [ 583192.8125, 2333146.5625 ], [ 583198.59375, 2333155.78125 ], [ 583204.21875, 2333161.40625 ], [ 583233.59375, 2333177.03125 ], [ 583239.6875, 2333182.1875 ], [ 583249.0625, 2333195.3125 ], [ 583253.75, 2333198.125 ], [ 583259.6875, 2333199.6875 ], [ 583360.3125, 2333199.6875 ], [ 583366.25, 2333198.125 ], [ 583370.9375, 2333195.3125 ], [ 583377.1875, 2333186.5625 ], [ 583381.25, 2333183.125 ], [ 583386.5625, 2333180.9375 ], [ 583393.125, 2333180.0 ], [ 583486.875, 2333180.0 ], [ 583497.1875, 2333180.9375 ], [ 583508.75, 2333184.375 ], [ 583515.3125, 2333189.0625 ], [ 583518.125, 2333193.75 ], [ 583519.6875, 2333199.6875 ], [ 583520.0, 2333296.875 ], [ 583520.9375, 2333303.4375 ], [ 583523.125, 2333308.75 ], [ 583526.5625, 2333312.8125 ], [ 583535.78125, 2333318.59375 ], [ 583541.40625, 2333324.21875 ], [ 583544.375, 2333328.75 ], [ 583555.625, 2333351.25 ], [ 583559.0625, 2333355.3125 ], [ 583563.75, 2333358.125 ], [ 583569.6875, 2333359.6875 ], [ 583606.875, 2333360.0 ], [ 583616.25, 2333361.875 ], [ 583620.9375, 2333364.6875 ], [ 583624.375, 2333368.75 ], [ 583637.1875, 2333393.4375 ], [ 583641.25, 2333396.875 ], [ 583646.5625, 2333399.0625 ], [ 583653.125, 2333400.0 ], [ 583716.875, 2333400.0 ], [ 583726.25, 2333398.125 ], [ 583732.8125, 2333393.4375 ], [ 583736.71875, 2333386.09375 ], [ 583739.53125, 2333373.90625 ], [ 583740.3125, 2333359.6875 ], [ 583743.125, 2333351.25 ], [ 583746.5625, 2333347.1875 ], [ 583755.78125, 2333341.40625 ], [ 583761.40625, 2333335.78125 ], [ 583764.375, 2333331.25 ], [ 583775.625, 2333308.75 ], [ 583779.0625, 2333304.6875 ], [ 583783.75, 2333301.875 ], [ 583789.6875, 2333300.3125 ], [ 583826.875, 2333300.0 ], [ 583833.4375, 2333299.0625 ], [ 583840.9375, 2333295.3125 ], [ 583849.0625, 2333284.6875 ], [ 583856.5625, 2333280.9375 ], [ 583863.125, 2333280.0 ], [ 583870.46875, 2333280.15625 ], [ 583877.1875, 2333280.9375 ], [ 583886.09375, 2333283.28125 ], [ 583891.25, 2333285.625 ], [ 583895.3125, 2333289.0625 ], [ 583898.125, 2333293.75 ], [ 583899.6875, 2333299.6875 ], [ 583900.46875, 2333430.15625 ], [ 583901.40625, 2333432.96875 ], [ 583904.6875, 2333437.1875 ], [ 583907.03125, 2333438.59375 ], [ 583913.125, 2333440.0 ] ] } },
{ "type": "Feature", "properties": { }, "geometry": { "type": "LineString", "coordinates": [ [ 578853.125, 2333060.0 ], [ 579130.46875, 2333059.84375 ], [ 579137.1875, 2333059.0625 ], [ 579146.09375, 2333056.71875 ], [ 579171.25, 2333044.375 ], [ 579177.8125, 2333039.6875 ], [ 579184.375, 2333031.25 ], [ 579195.625, 2333008.75 ], [ 579199.0625, 2332997.1875 ], [ 579200.0, 2332986.875 ], [ 579200.0, 2332893.125 ], [ 579198.59375, 2332887.03125 ], [ 579195.3125, 2332882.8125 ], [ 579192.96875, 2332881.40625 ], [ 579186.875, 2332880.0 ], [ 578969.6875, 2332879.6875 ], [ 578963.75, 2332878.125 ], [ 578957.1875, 2332873.4375 ], [ 578944.375, 2332848.75 ], [ 578940.9375, 2332844.6875 ], [ 578936.25, 2332841.875 ], [ 578926.875, 2332840.0 ], [ 578863.125, 2332840.0 ], [ 578856.5625, 2332840.9375 ], [ 578851.25, 2332843.125 ], [ 578847.1875, 2332846.5625 ], [ 578842.8125, 2332853.4375 ], [ 578836.25, 2332858.125 ], [ 578830.3125, 2332859.6875 ], [ 578819.6875, 2332860.3125 ], [ 578811.25, 2332863.125 ], [ 578807.1875, 2332866.5625 ], [ 578802.8125, 2332873.4375 ], [ 578796.25, 2332878.125 ], [ 578786.875, 2332880.0 ], [ 578746.09375, 2332880.46875 ], [ 578733.90625, 2332883.28125 ], [ 578726.5625, 2332887.1875 ], [ 578723.125, 2332891.25 ], [ 578720.9375, 2332896.5625 ], [ 578719.6875, 2332910.3125 ], [ 578718.125, 2332916.25 ], [ 578713.4375, 2332922.8125 ], [ 578704.6875, 2332929.0625 ], [ 578701.875, 2332933.75 ], [ 578700.3125, 2332939.6875 ], [ 578700.0, 2333006.875 ], [ 578700.9375, 2333013.4375 ], [ 578704.6875, 2333020.9375 ], [ 578708.75, 2333024.375 ], [ 578731.25, 2333035.625 ], [ 578742.8125, 2333039.0625 ], [ 578753.125, 2333040.0 ], [ 578816.875, 2333040.0 ], [ 578823.4375, 2333040.9375 ], [ 578830.9375, 2333044.6875 ], [ 578837.1875, 2333053.4375 ], [ 578841.25, 2333056.875 ], [ 578846.5625, 2333059.0625 ], [ 578853.125, 2333060.0 ] ] } }
]
}
