{
"type": "FeatureCollection",
"name": "reach3_s1_shoreline_2026_wet",
"crs": { "type": "name", "properties": { "name": "urn:ogc:def:crs:EPSG::32648" } },
"features": [
{ "type": "Feature", "properties": { }, "geometry": { "type": "LineString", "coordinates": [ [ 603028.75, 2289315.625 ], [ 603035.3125, 2289310.9375 ], [ 603038.125, 2289306.25 ], [ 603039.6875, 2289300.3125 ], [ 603039.6875, 2289259.6875 ], [ 603036.875, 2289251.25 ], [ 603033.4375, 2289247.1875 ], [ 603024.6875, 2289240.9375 ], [ 603020.9375, 2289233.4375 ], [ 603020.0, 2289226.875 ], [ 603020.0, 2289193.125 ], [ 603018.59375, 2289187.03125 ], [ 603015.3125, 2289182.8125 ], [ 603012.96875, 2289181.40625 ], [ 603006.875, 2289180.0 ], [ 602973.125, 2289180.0 ], [ 602966.5625, 2289180.9375 ], [ 602959.0625, 2289184.6875 ], [ 602952.8125, 2289193.4375 ], [ 602948.75, 2289196.875 ], [ 602943.4375, 2289199.0625 ], [ 602936.875, 2289200.0 ], [ 602869.53125, 2289199.84375 ], [ 602859.6875, 2289198.4375 ], [ 602851.25, 2289195.625 ], [ 602844.6875, 2289190.9375 ], [ 602841.875, 2289186.25 ], [ 602840.3125, 2289180.3125 ], [ 602840.0, 2289113.125 ], [ 602838.59375, 2289107.03125 ], [ 602835.3125, 2289102.8125 ], [ 602832.96875, 2289101.40625 ], [ 602826.875, 2289100.0 ], [ 602793.125, 2289100.0 ], [ 602786.5625, 2289099.0625 ], [ 602781.25, 2289096.875 ], [ 602775.625, 2289091.25 ], [ 602754.375, 2289048.75 ], [ 602748.75, 2289043.125 ], [ 602740.3125, 2289040.3125 ], [ 602726.09375, 2289039.53125 ], [ 602716.71875, 2289037.65625 ], [ 602683.28125, 2289022.34375 ], [ 602673.90625, 2289020.46875 ], [ 602659.6875, 2289019.6875 ], [ 602653.75, 2289018.125 ], [ 602649.0625, 2289015.3125 ], [ 602642.8125, 2289006.5625 ], [ 602638.75, 2289003.125 ], [ 602633.4375, 2289000.9375 ], [ 602619.6875, 2288999.6875 ], [ 602611.25, 2288996.875 ], [ 602607.1875, 2288993.4375 ], [ 602602.96875, 2288986.40625 ], [ 602597.8125, 2288980.3125 ], [ 602591.25, 2288975.625 ], [ 602568.75, 2288964.375 ], [ 602564.21875, 2288961.40625 ], [ 602558.59375, 2288955.78125 ], [ 602552.8125, 2288946.5625 ], [ 602546.25, 2288941.875 ], [ 602536.875, 2288940.0 ], [ 602529.53125, 2288940.15625 ], [ 602519.6875, 2288941.5625 ], [ 602508.75, 2288945.625 ], [ 602503.125, 2288951.25 ], [ 602500.9375, 2288956.5625 ], [ 602500.0, 2288963.125 ], [ 602500.0, 2289086.875 ], [ 602500.9375, 2289097.1875 ], [ 602504.375, 2289108.75 ], [ 602517.03125, 2289133.59375 ], [ 602522.1875, 2289139.6875 ], [ 602533.4375, 2289147.1875 ], [ 602536.875, 2289151.25 ], [ 602539.6875, 2289159.6875 ], [ 602540.46875, 2289170.15625 ], [ 602541.40625, 2289172.96875 ], [ 602544.6875, 2289177.1875 ], [ 602549.84375, 2289179.53125 ], [ 602560.3125, 2289180.3125 ], [ 602568.75, 2289183.125 ], [ 602572.8125, 2289186.5625 ], [ 602577.1875, 2289193.4375 ], [ 602583.75, 2289198.125 ], [ 602589.6875, 2289199.6875 ], [ 602600.3125, 2289200.3125 ], [ 602608.75, 2289203.125 ], [ 602612.8125, 2289206.5625 ], [ 602617.1875, 2289213.4375 ], [ 602623.75, 2289218.125 ], [ 602629.6875, 2289219.6875 ], [ 602640.3125, 2289220.3125 ], [ 602648.75, 2289223.125 ], [ 602652.8125, 2289226.5625 ], [ 602657.1875, 2289233.4375 ], [ 602663.75, 2289238.125 ], [ 602669.6875, 2289239.6875 ], [ 602680.3125, 2289240.3125 ], [ 602688.75, 2289243.125 ], [ 602692.8125, 2289246.5625 ], [ 602697.1875, 2289253.4375 ], [ 602703.75, 2289258.125 ], [ 602709.6875, 2289259.6875 ], [ 602720.3125, 2289260.3125 ], [ 602728.75, 2289263.125 ], [ 602734.375, 2289268.75 ], [ 602745.625, 2289291.25 ], [ 602751.25, 2289296.875 ], [ 602756.5625, 2289299.0625 ], [ 602777.1875, 2289300.9375 ], [ 602788.75, 2289304.375 ], [ 602811.25, 2289315.625 ], [ 602815.78125, 2289318.59375 ], [ 602821.40625, 2289324.21875 ], [ 602825.625, 2289331.25 ], [ 602829.0625, 2289335.3125 ], [ 602836.5625, 2289339.0625 ], [ 602843.125, 2289340.0 ], [ 602910.3125, 2289340.3125 ], [ 602918.75, 2289343.125 ], [ 602922.8125, 2289346.5625 ], [ 602929.0625, 2289355.3125 ], [ 602933.75, 2289358.125 ], [ 602939.6875, 2289359.6875 ], [ 603006.875, 2289360.0 ], [ 603012.96875, 2289358.59375 ], [ 603015.3125, 2289357.1875 ], [ 603018.59375, 2289352.96875 ], [ 603020.0, 2289346.875 ], [ 603020.3125, 2289323.125 ], [ 603023.125, 2289319.375 ], [ 603028.75, 2289315.625 ] ] } },
{ "type": "Feature", "properties": { }, "geometry": { "type": "LineString", "coordinates": [ [ 604511.25, 2289695.625 ], [ 604506.5625, 2289692.8125 ], [ 604501.875, 2289686.25 ], [ 604500.3125, 2289680.3125 ], [ 604499.6875, 2289669.6875 ], [ 604496.875, 2289661.25 ], [ 604493.4375, 2289657.1875 ], [ 604486.5625, 2289652.8125 ], [ 604481.875, 2289646.25 ], [ 604480.3125, 2289640.3125 ], [ 604479.6875, 2289629.6875 ], [ 604476.875, 2289621.25 ], [ 604473.4375, 2289617.1875 ], [ 604466.5625, 2289612.8125 ], [ 604461.875, 2289606.25 ], [ 604460.3125, 2289600.3125 ], [ 604459.6875, 2289589.6875 ], [ 604456.875, 2289581.25 ], [ 604451.25, 2289575.625 ], [ 604428.75, 2289564.375 ], [ 604423.125, 2289558.75 ], [ 604420.9375, 2289553.4375 ], [ 604419.6875, 2289539.6875 ], [ 604418.125, 2289533.75 ], [ 604415.3125, 2289529.0625 ], [ 604406.5625, 2289522.8125 ], [ 604403.125, 2289518.75 ], [ 604400.3125, 2289510.3125 ], [ 604399.0625, 2289496.5625 ], [ 604395.3125, 2289489.0625 ], [ 604391.25, 2289485.625 ], [ 604348.75, 2289464.375 ], [ 604343.28125, 2289462.34375 ], [ 604333.90625, 2289460.46875 ], [ 604323.125, 2289460.0 ], [ 604313.75, 2289461.875 ], [ 604309.0625, 2289464.6875 ], [ 604302.8125, 2289473.4375 ], [ 604298.75, 2289476.875 ], [ 604293.4375, 2289479.0625 ], [ 604286.875, 2289480.0 ], [ 604039.6875, 2289480.3125 ], [ 604033.75, 2289481.875 ], [ 604029.0625, 2289484.6875 ], [ 604022.8125, 2289493.4375 ], [ 604016.25, 2289498.125 ], [ 604006.875, 2289500.0 ], [ 603973.125, 2289500.0 ], [ 603966.5625, 2289500.9375 ], [ 603959.0625, 2289504.6875 ], [ 603950.9375, 2289515.3125 ], [ 603946.25, 2289518.125 ], [ 603940.3125, 2289519.6875 ], [ 603779.6875, 2289520.3125 ], [ 603771.25, 2289523.125 ], [ 603767.1875, 2289526.5625 ], [ 603760.9375, 2289535.3125 ], [ 603753.4375, 2289539.0625 ], [ 603746.875, 2289540.0 ], [ 603713.125, 2289540.0 ], [ 603707.03125, 2289541.40625 ], [ 603704.6875, 2289542.8125 ], [ 603701.40625, 2289547.03125 ], [ 603700.46875, 2289549.84375 ], [ 603699.0625, 2289563.4375 ], [ 603696.875, 2289568.75 ], [ 603693.4375, 2289572.8125 ], [ 603688.75, 2289575.625 ], [ 603683.28125, 2289577.65625 ], [ 603677.1875, 2289579.0625 ], [ 603666.875, 2289580.0 ], [ 603483.125, 2289580.0 ], [ 603476.5625, 2289579.0625 ], [ 603471.25, 2289576.875 ], [ 603467.1875, 2289573.4375 ], [ 603460.9375, 2289564.6875 ], [ 603456.25, 2289561.875 ], [ 603450.3125, 2289560.3125 ], [ 603286.09375, 2289559.53125 ], [ 603273.90625, 2289556.71875 ], [ 603246.09375, 2289543.28125 ], [ 603233.90625, 2289540.46875 ], [ 603133.125, 2289540.0 ], [ 603126.5625, 2289539.0625 ], [ 603119.0625, 2289535.3125 ], [ 603110.9375, 2289524.6875 ], [ 603106.25, 2289521.875 ], [ 603100.3125, 2289520.3125 ], [ 602969.6875, 2289519.6875 ], [ 602963.75, 2289518.125 ], [ 602959.0625, 2289515.3125 ], [ 602952.8125, 2289506.5625 ], [ 602948.75, 2289503.125 ], [ 602943.4375, 2289500.9375 ], [ 602936.875, 2289500.0 ], [ 602779.6875, 2289500.3125 ], [ 602773.75, 2289501.875 ], [ 602767.1875, 2289506.5625 ], [ 602763.28125, 2289513.90625 ], [ 602760.46875, 2289526.09375 ], [ 602760.0, 2289566.875 ], [ 602760.46875, 2289570.15625 ], [ 602762.8125, 2289575.3125 ], [ 602764.6875, 2289577.1875 ], [ 602769.84375, 2289579.53125 ], [ 602780.3125, 2289580.3125 ], [ 602788.75, 2289583.125 ], [ 602792.8125, 2289586.5625 ], [ 602798.59375, 2289595.78125 ], [ 602804.21875, 2289601.40625 ], [ 602808.75, 2289604.375 ], [ 602873.59375, 2289637.03125 ], [ 602879.6875, 2289642.1875 ], [ 602887.1875, 2289653.4375 ], [ 602891.25, 2289656.875 ], [ 602899.6875, 2289659.6875 ], [ 602913.90625, 2289660.46875 ], [ 602923.28125, 2289662.34375 ], [ 602928.75, 2289664.375 ], [ 602951.25, 2289675.625 ], [ 602962.8125, 2289679.0625 ], [ 602973.125, 2289680.0 ], [ 603006.875, 2289680.0 ], [ 603013.4375, 2289680.9375 ], [ 603020.9375, 2289684.6875 ], [ 603029.0625, 2289695.3125 ], [ 603033.75, 2289698.125 ], [ 603039.6875, 2289699.6875 ], [ 603226.875, 2289700.0 ], [ 603233.4375, 2289700.9375 ], [ 603238.75, 2289703.125 ], [ 603242.8125, 2289706.5625 ], [ 603249.0625, 2289715.3125 ], [ 603253.75, 2289718.125 ], [ 603259.6875, 2289719.6875 ], [ 603450.46875, 2289720.15625 ], [ 603457.1875, 2289720.9375 ], [ 603466.09375, 2289723.28125 ], [ 603496.71875, 2289737.65625 ], [ 603502.8125, 2289739.0625 ], [ 603513.125, 2289740.0 ], [ 604416.875, 2289740.0 ], [ 604423.4375, 2289740.9375 ], [ 604428.75, 2289743.125 ], [ 604432.8125, 2289746.5625 ], [ 604439.0625, 2289755.3125 ], [ 604446.5625, 2289759.0625 ], [ 604453.125, 2289760.0 ], [ 604486.875, 2289760.0 ], [ 604497.1875, 2289759.0625 ], [ 604508.75, 2289755.625 ], [ 604513.4375, 2289752.8125 ], [ 604518.125, 2289746.25 ], [ 604520.0, 2289736.875 ], [ 604519.6875, 2289706.40625 ], [ 604516.875, 2289700.3125 ], [ 604511.25, 2289695.625 ] ] } },
{ "type": "Feature", "properties": { }, "geometry": { "type": "LineString", "coordinates": [ [ 594113.125, 2310100.0 ], [ 594146.875, 2310100.0 ], [ 594156.25, 2310098.125 ], [ 594160.9375, 2310095.3125 ], [ 594167.1875, 2310086.5625 ], [ 594171.25, 2310083.125 ], [ 594176.5625, 2310080.9375 ], [ 594190.3125, 2310079.6875 ], [ 594196.25, 2310078.125 ], [ 594200.9375, 2310075.3125 ], [ 594207.1875, 2310066.5625 ], [ 594211.25, 2310063.125 ], [ 594216.5625, 2310060.9375 ], [ 594230.3125, 2310059.6875 ], [ 594236.25, 2310058.125 ], [ 594240.9375, 2310055.3125 ], [ 594247.1875, 2310046.5625 ], [ 594251.25, 2310043.125 ], [ 594256.5625, 2310040.9375 ], [ 594270.3125, 2310039.6875 ], [ 594276.25, 2310038.125 ], [ 594280.9375, 2310035.3125 ], [ 594287.1875, 2310026.5625 ], [ 594291.25, 2310023.125 ], [ 594296.5625, 2310020.9375 ], [ 594310.3125, 2310019.6875 ], [ 594316.25, 2310018.125 ], [ 594320.9375, 2310015.3125 ], [ 594327.1875, 2310006.5625 ], [ 594331.25, 2310003.125 ], [ 594336.5625, 2310000.9375 ], [ 594350.3125, 2309999.6875 ], [ 594356.25, 2309998.125 ], [ 594360.9375, 2309995.3125 ], [ 594367.1875, 2309986.5625 ], [ 594373.75, 2309981.875 ], [ 594379.6875, 2309980.3125 ], [ 594397.1875, 2309979.0625 ], [ 594408.75, 2309975.625 ], [ 594711.25, 2309824.375 ], [ 594719.6875, 2309817.8125 ], [ 594727.1875, 2309806.5625 ], [ 594731.25, 2309803.125 ], [ 594736.5625, 2309800.9375 ], [ 594750.3125, 2309799.6875 ], [ 594756.25, 2309798.125 ], [ 594760.9375, 2309795.3125 ], [ 594767.1875, 2309786.5625 ], [ 594771.25, 2309783.125 ], [ 594779.6875, 2309780.3125 ], [ 594793.4375, 2309779.0625 ], [ 594800.9375, 2309775.3125 ], [ 594804.375, 2309771.25 ], [ 594815.625, 2309748.75 ], [ 594821.25, 2309743.125 ], [ 594826.5625, 2309740.9375 ], [ 594840.3125, 2309739.6875 ], [ 594846.25, 2309738.125 ], [ 594850.9375, 2309735.3125 ], [ 594857.1875, 2309726.5625 ], [ 594861.25, 2309723.125 ], [ 594866.5625, 2309720.9375 ], [ 594880.3125, 2309719.6875 ], [ 594886.25, 2309718.125 ], [ 594890.9375, 2309715.3125 ], [ 594897.1875, 2309706.5625 ], [ 594901.25, 2309703.125 ], [ 594906.5625, 2309700.9375 ], [ 594920.3125, 2309699.6875 ], [ 594926.25, 2309698.125 ], [ 594930.9375, 2309695.3125 ], [ 594937.1875, 2309686.5625 ], [ 594941.25, 2309683.125 ], [ 594946.5625, 2309680.9375 ], [ 594960.3125, 2309679.6875 ], [ 594966.25, 2309678.125 ], [ 594970.9375, 2309675.3125 ], [ 594977.1875, 2309666.5625 ], [ 594981.25, 2309663.125 ], [ 594986.5625, 2309660.9375 ], [ 595000.3125, 2309659.6875 ], [ 595006.25, 2309658.125 ], [ 595010.9375, 2309655.3125 ], [ 595017.1875, 2309646.5625 ], [ 595021.25, 2309643.125 ], [ 595026.5625, 2309640.9375 ], [ 595040.3125, 2309639.6875 ], [ 595046.25, 2309638.125 ], [ 595050.9375, 2309635.3125 ], [ 595057.1875, 2309626.5625 ], [ 595061.25, 2309623.125 ], [ 595066.5625, 2309620.9375 ], [ 595080.3125, 2309619.6875 ], [ 595086.25, 2309618.125 ], [ 595090.9375, 2309615.3125 ], [ 595097.1875, 2309606.5625 ], [ 595101.25, 2309603.125 ], [ 595106.5625, 2309600.9375 ], [ 595120.3125, 2309599.6875 ], [ 595128.75, 2309596.875 ], [ 595132.8125, 2309593.4375 ], [ 595138.59375, 2309584.21875 ], [ 595144.21875, 2309578.59375 ], [ 595148.75, 2309575.625 ], [ 595213.59375, 2309542.96875 ], [ 595219.6875, 2309537.8125 ], [ 595227.1875, 2309526.5625 ], [ 595231.25, 2309523.125 ], [ 595236.5625, 2309520.9375 ], [ 595250.3125, 2309519.6875 ], [ 595258.75, 2309516.875 ], [ 595264.375, 2309511.25 ], [ 595275.625, 2309488.75 ], [ 595281.25, 2309483.125 ], [ 595286.5625, 2309480.9375 ], [ 595300.3125, 2309479.6875 ], [ 595308.75, 2309476.875 ], [ 595312.8125, 2309473.4375 ], [ 595318.59375, 2309464.21875 ], [ 595324.21875, 2309458.59375 ], [ 595328.75, 2309455.625 ], [ 595393.59375, 2309422.96875 ], [ 595399.6875, 2309417.8125 ], [ 595407.1875, 2309406.5625 ], [ 595411.25, 2309403.125 ], [ 595416.5625, 2309400.9375 ], [ 595430.3125, 2309399.6875 ], [ 595438.75, 2309396.875 ], [ 595444.375, 2309391.25 ], [ 595455.625, 2309368.75 ], [ 595461.25, 2309363.125 ], [ 595466.5625, 2309360.9375 ], [ 595480.3125, 2309359.6875 ], [ 595488.75, 2309356.875 ], [ 595492.8125, 2309353.4375 ], [ 595498.59375, 2309344.21875 ], [ 595504.21875, 2309338.59375 ], [ 595508.75, 2309335.625 ], [ 595573.59375, 2309302.96875 ], [ 595579.6875, 2309297.8125 ], [ 595587.1875, 2309286.5625 ], [ 595591.25, 2309283.125 ], [ 595596.5625, 2309280.9375 ], [ 595610.3125, 2309279.6875 ], [ 595618.75, 2309276.875 ], [ 595624.375, 2309271.25 ], [ 595637.03125, 2309246.40625 ], [ 595644.21875, 2309238.59375 ], [ 595648.75, 2309235.625 ], [ 595711.25, 2309204.375 ], [ 595717.8125, 2309199.6875 ], [ 595722.96875, 2309193.59375 ], [ 595735.625, 2309168.75 ], [ 595740.3125, 2309162.1875 ], [ 595746.40625, 2309157.03125 ], [ 595771.25, 2309144.375 ], [ 595777.8125, 2309139.6875 ], [ 595782.96875, 2309133.59375 ], [ 595795.625, 2309108.75 ], [ 595800.3125, 2309102.1875 ], [ 595806.40625, 2309097.03125 ], [ 595831.25, 2309084.375 ], [ 595837.8125, 2309079.6875 ], [ 595842.96875, 2309073.59375 ], [ 595855.625, 2309048.75 ], [ 595860.3125, 2309042.1875 ], [ 595866.40625, 2309037.03125 ], [ 595891.25, 2309024.375 ], [ 595897.8125, 2309019.6875 ], [ 595902.96875, 2309013.59375 ], [ 595915.625, 2308988.75 ], [ 595920.3125, 2308982.1875 ], [ 595926.40625, 2308977.03125 ], [ 595951.25, 2308964.375 ], [ 595957.8125, 2308959.6875 ], [ 595962.96875, 2308953.59375 ], [ 595975.625, 2308928.75 ], [ 595980.3125, 2308922.1875 ], [ 595986.40625, 2308917.03125 ], [ 596011.25, 2308904.375 ], [ 596017.8125, 2308899.6875 ], [ 596022.96875, 2308893.59375 ], [ 596035.625, 2308868.75 ], [ 596040.3125, 2308862.1875 ], [ 596046.40625, 2308857.03125 ], [ 596071.25, 2308844.375 ], [ 596077.8125, 2308839.6875 ], [ 596084.375, 2308831.25 ], [ 596095.625, 2308808.75 ], [ 596101.25, 2308803.125 ], [ 596106.5625, 2308800.9375 ], [ 596120.3125, 2308799.6875 ], [ 596126.25, 2308798.125 ], [ 596130.9375, 2308795.3125 ], [ 596140.3125, 2308782.1875 ], [ 596148.75, 2308775.625 ], [ 596213.90625, 2308743.28125 ], [ 596222.8125, 2308740.9375 ], [ 596240.3125, 2308739.6875 ], [ 596246.25, 2308738.125 ], [ 596252.8125, 2308733.4375 ], [ 596259.0625, 2308724.6875 ], [ 596266.5625, 2308720.9375 ], [ 596273.125, 2308720.0 ], [ 596306.875, 2308720.0 ], [ 596317.1875, 2308719.0625 ], [ 596326.09375, 2308716.71875 ], [ 596351.25, 2308704.375 ], [ 596359.6875, 2308701.5625 ], [ 596369.53125, 2308700.15625 ], [ 596406.875, 2308700.0 ], [ 596413.4375, 2308699.0625 ], [ 596420.9375, 2308695.3125 ], [ 596429.0625, 2308684.6875 ], [ 596436.5625, 2308680.9375 ], [ 596443.125, 2308680.0 ], [ 596480.3125, 2308679.6875 ], [ 596488.75, 2308676.875 ], [ 596492.8125, 2308673.4375 ], [ 596499.0625, 2308664.6875 ], [ 596506.5625, 2308660.9375 ], [ 596513.125, 2308660.0 ], [ 596546.875, 2308660.0 ], [ 596556.25, 2308658.125 ], [ 596560.9375, 2308655.3125 ], [ 596567.1875, 2308646.5625 ], [ 596571.25, 2308643.125 ], [ 596576.5625, 2308640.9375 ], [ 596590.3125, 2308639.6875 ], [ 596596.25, 2308638.125 ], [ 596600.9375, 2308635.3125 ], [ 596607.1875, 2308626.5625 ], [ 596611.25, 2308623.125 ], [ 596616.5625, 2308620.9375 ], [ 596630.3125, 2308619.6875 ], [ 596636.25, 2308618.125 ], [ 596640.9375, 2308615.3125 ], [ 596647.1875, 2308606.5625 ], [ 596651.25, 2308603.125 ], [ 596656.5625, 2308600.9375 ], [ 596670.3125, 2308599.6875 ], [ 596676.25, 2308598.125 ], [ 596680.9375, 2308595.3125 ], [ 596687.1875, 2308586.5625 ], [ 596691.25, 2308583.125 ], [ 596696.5625, 2308580.9375 ], [ 596710.3125, 2308579.6875 ], [ 596718.75, 2308576.875 ], [ 596724.375, 2308571.25 ], [ 596735.625, 2308548.75 ], [ 596741.25, 2308543.125 ], [ 596746.5625, 2308540.9375 ], [ 596760.3125, 2308539.6875 ], [ 596768.75, 2308536.875 ], [ 596772.8125, 2308533.4375 ], [ 596780.3125, 2308522.1875 ], [ 596786.40625, 2308517.03125 ], [ 596851.25, 2308484.375 ], [ 596855.78125, 2308481.40625 ], [ 596862.96875, 2308473.59375 ], [ 596875.625, 2308448.75 ], [ 596880.3125, 2308442.1875 ], [ 596888.75, 2308435.625 ], [ 596913.59375, 2308422.96875 ], [ 596921.40625, 2308415.78125 ], [ 596938.59375, 2308384.21875 ], [ 596944.21875, 2308378.59375 ], [ 596953.4375, 2308372.8125 ], [ 596956.875, 2308368.75 ], [ 596959.6875, 2308360.3125 ], [ 596960.9375, 2308346.5625 ], [ 596964.6875, 2308339.0625 ], [ 596968.75, 2308335.625 ], [ 596991.25, 2308324.375 ], [ 596996.875, 2308318.75 ], [ 596999.0625, 2308313.4375 ], [ 597000.3125, 2308299.6875 ], [ 597001.875, 2308293.75 ], [ 597004.6875, 2308289.0625 ], [ 597013.4375, 2308282.8125 ], [ 597016.875, 2308278.75 ], [ 597019.0625, 2308273.4375 ], [ 597020.3125, 2308259.6875 ], [ 597021.875, 2308253.75 ], [ 597024.6875, 2308249.0625 ], [ 597033.4375, 2308242.8125 ], [ 597036.875, 2308238.75 ], [ 597039.0625, 2308233.4375 ], [ 597040.3125, 2308219.6875 ], [ 597041.875, 2308213.75 ], [ 597044.6875, 2308209.0625 ], [ 597053.4375, 2308202.8125 ], [ 597056.875, 2308198.75 ], [ 597059.0625, 2308193.4375 ], [ 597060.3125, 2308179.6875 ], [ 597061.875, 2308173.75 ], [ 597064.6875, 2308169.0625 ], [ 597073.4375, 2308162.8125 ], [ 597076.875, 2308158.75 ], [ 597079.0625, 2308153.4375 ], [ 597080.3125, 2308139.6875 ], [ 597081.875, 2308133.75 ], [ 597084.6875, 2308129.0625 ], [ 597093.4375, 2308122.8125 ], [ 597096.875, 2308118.75 ], [ 597099.0625, 2308113.4375 ], [ 597100.3125, 2308099.6875 ], [ 597101.875, 2308093.75 ], [ 597104.6875, 2308089.0625 ], [ 597113.4375, 2308082.8125 ], [ 597116.875, 2308078.75 ], [ 597119.0625, 2308073.4375 ], [ 597120.3125, 2308059.6875 ], [ 597121.875, 2308053.75 ], [ 597124.6875, 2308049.0625 ], [ 597133.4375, 2308042.8125 ], [ 597136.875, 2308038.75 ], [ 597139.0625, 2308033.4375 ], [ 597140.3125, 2308019.6875 ], [ 597143.125, 2308011.25 ], [ 597146.5625, 2308007.1875 ], [ 597157.8125, 2307999.6875 ], [ 597164.375, 2307991.25 ], [ 597316.71875, 2307686.09375 ], [ 597318.4375, 2307680.3125 ], [ 597319.84375, 2307670.46875 ], [ 597320.0, 2307633.125 ], [ 597320.9375, 2307626.5625 ], [ 597324.6875, 2307619.0625 ], [ 597333.4375, 2307612.8125 ], [ 597338.125, 2307606.25 ], [ 597339.6875, 2307600.3125 ], [ 597340.46875, 2307586.09375 ], [ 597342.34375, 2307576.71875 ], [ 597357.65625, 2307543.28125 ], [ 597359.84375, 2307530.46875 ], [ 597360.0, 2307493.125 ], [ 597361.5625, 2307479.6875 ], [ 597364.375, 2307471.25 ], [ 597375.625, 2307448.75 ], [ 597379.0625, 2307437.1875 ], [ 597380.0, 2307426.875 ], [ 597380.15625, 2307269.53125 ], [ 597380.9375, 2307262.8125 ], [ 597383.28125, 2307253.90625 ], [ 597397.65625, 2307223.28125 ], [ 597399.0625, 2307217.1875 ], [ 597400.0, 2307206.875 ], [ 597400.0, 2307173.125 ], [ 597399.0625, 2307166.5625 ], [ 597395.3125, 2307159.0625 ], [ 597384.6875, 2307150.9375 ], [ 597381.875, 2307146.25 ], [ 597380.3125, 2307140.3125 ], [ 597380.0, 2306923.125 ], [ 597379.0625, 2306916.5625 ], [ 597376.875, 2306911.25 ], [ 597373.4375, 2306907.1875 ], [ 597364.6875, 2306900.9375 ], [ 597361.875, 2306896.25 ], [ 597360.3125, 2306890.3125 ], [ 597360.0, 2306733.125 ], [ 597359.0625, 2306726.5625 ], [ 597356.875, 2306721.25 ], [ 597353.4375, 2306717.1875 ], [ 597344.6875, 2306710.9375 ], [ 597341.875, 2306706.25 ], [ 597340.3125, 2306700.3125 ], [ 597339.6875, 2306569.6875 ], [ 597338.125, 2306563.75 ], [ 597335.3125, 2306559.0625 ], [ 597326.5625, 2306552.8125 ], [ 597321.875, 2306546.25 ], [ 597320.3125, 2306540.3125 ], [ 597319.53125, 2306526.09375 ], [ 597317.65625, 2306516.71875 ], [ 597302.34375, 2306483.28125 ], [ 597300.15625, 2306470.46875 ], [ 597300.0, 2306433.125 ], [ 597298.125, 2306423.75 ], [ 597295.3125, 2306419.0625 ], [ 597286.5625, 2306412.8125 ], [ 597281.875, 2306406.25 ], [ 597280.3125, 2306400.3125 ], [ 597279.0625, 2306382.8125 ], [ 597276.71875, 2306373.90625 ], [ 597224.375, 2306268.75 ], [ 597220.9375, 2306257.1875 ], [ 597219.6875, 2306239.6875 ], [ 597218.125, 2306233.75 ], [ 597215.3125, 2306229.0625 ], [ 597206.5625, 2306222.8125 ], [ 597203.125, 2306218.75 ], [ 597200.9375, 2306213.4375 ], [ 597199.6875, 2306199.6875 ], [ 597198.125, 2306193.75 ], [ 597195.3125, 2306189.0625 ], [ 597186.5625, 2306182.8125 ], [ 597183.125, 2306178.75 ], [ 597180.9375, 2306173.4375 ], [ 597179.6875, 2306159.6875 ], [ 597178.125, 2306153.75 ], [ 597175.3125, 2306149.0625 ], [ 597166.5625, 2306142.8125 ], [ 597163.125, 2306138.75 ], [ 597160.9375, 2306133.4375 ], [ 597159.6875, 2306119.6875 ], [ 597158.125, 2306113.75 ], [ 597155.3125, 2306109.0625 ], [ 597146.5625, 2306102.8125 ], [ 597143.125, 2306098.75 ], [ 597140.9375, 2306093.4375 ], [ 597139.6875, 2306079.6875 ], [ 597138.125, 2306073.75 ], [ 597135.3125, 2306069.0625 ], [ 597126.5625, 2306062.8125 ], [ 597123.125, 2306058.75 ], [ 597120.9375, 2306053.4375 ], [ 597119.6875, 2306039.6875 ], [ 597116.875, 2306031.25 ], [ 597113.4375, 2306027.1875 ], [ 597102.1875, 2306019.6875 ], [ 597097.03125, 2306013.59375 ], [ 597062.96875, 2305946.40625 ], [ 597059.6875, 2305942.1875 ], [ 597053.59375, 2305937.03125 ], [ 597026.40625, 2305922.96875 ], [ 597018.59375, 2305915.78125 ], [ 597015.625, 2305911.25 ], [ 596984.375, 2305848.75 ], [ 596978.75, 2305843.125 ], [ 596973.4375, 2305840.9375 ], [ 596959.6875, 2305839.6875 ], [ 596953.75, 2305838.125 ], [ 596949.0625, 2305835.3125 ], [ 596939.6875, 2305822.1875 ], [ 596931.25, 2305815.625 ], [ 596828.75, 2305764.375 ], [ 596817.1875, 2305760.9375 ], [ 596799.6875, 2305759.6875 ], [ 596793.75, 2305758.125 ], [ 596789.0625, 2305755.3125 ], [ 596782.8125, 2305746.5625 ], [ 596778.75, 2305743.125 ], [ 596773.4375, 2305740.9375 ], [ 596759.6875, 2305739.6875 ], [ 596753.75, 2305738.125 ], [ 596749.0625, 2305735.3125 ], [ 596742.8125, 2305726.5625 ], [ 596738.75, 2305723.125 ], [ 596733.4375, 2305720.9375 ], [ 596719.6875, 2305719.6875 ], [ 596713.75, 2305718.125 ], [ 596709.0625, 2305715.3125 ], [ 596702.8125, 2305706.5625 ], [ 596698.75, 2305703.125 ], [ 596693.4375, 2305700.9375 ], [ 596679.6875, 2305699.6875 ], [ 596673.75, 2305698.125 ], [ 596669.0625, 2305695.3125 ], [ 596662.8125, 2305686.5625 ], [ 596658.75, 2305683.125 ], [ 596653.4375, 2305680.9375 ], [ 596639.6875, 2305679.6875 ], [ 596633.75, 2305678.125 ], [ 596629.0625, 2305675.3125 ], [ 596622.8125, 2305666.5625 ], [ 596618.75, 2305663.125 ], [ 596613.4375, 2305660.9375 ], [ 596599.6875, 2305659.6875 ], [ 596593.75, 2305658.125 ], [ 596589.0625, 2305655.3125 ], [ 596582.8125, 2305646.5625 ], [ 596578.75, 2305643.125 ], [ 596573.4375, 2305640.9375 ], [ 596559.6875, 2305639.6875 ], [ 596553.75, 2305638.125 ], [ 596549.0625, 2305635.3125 ], [ 596542.8125, 2305626.5625 ], [ 596538.75, 2305623.125 ], [ 596533.4375, 2305620.9375 ], [ 596519.6875, 2305619.6875 ], [ 596513.75, 2305618.125 ], [ 596509.0625, 2305615.3125 ], [ 596502.8125, 2305606.5625 ], [ 596498.75, 2305603.125 ], [ 596493.4375, 2305600.9375 ], [ 596479.6875, 2305599.6875 ], [ 596473.75, 2305598.125 ], [ 596469.0625, 2305595.3125 ], [ 596462.8125, 2305586.5625 ], [ 596458.75, 2305583.125 ], [ 596453.4375, 2305580.9375 ], [ 596439.6875, 2305579.6875 ], [ 596433.75, 2305578.125 ], [ 596429.0625, 2305575.3125 ], [ 596422.8125, 2305566.5625 ], [ 596418.75, 2305563.125 ], [ 596413.4375, 2305560.9375 ], [ 596399.6875, 2305559.6875 ], [ 596393.75, 2305558.125 ], [ 596389.0625, 2305555.3125 ], [ 596382.8125, 2305546.5625 ], [ 596378.75, 2305543.125 ], [ 596373.4375, 2305540.9375 ], [ 596359.6875, 2305539.6875 ], [ 596353.75, 2305538.125 ], [ 596349.0625, 2305535.3125 ], [ 596342.8125, 2305526.5625 ], [ 596338.75, 2305523.125 ], [ 596333.4375, 2305520.9375 ], [ 596319.6875, 2305519.6875 ], [ 596313.75, 2305518.125 ], [ 596309.0625, 2305515.3125 ], [ 596302.8125, 2305506.5625 ], [ 596296.25, 2305501.875 ], [ 596286.875, 2305500.0 ], [ 596253.125, 2305500.0 ], [ 596243.75, 2305498.125 ], [ 596239.0625, 2305495.3125 ], [ 596232.8125, 2305486.5625 ], [ 596228.75, 2305483.125 ], [ 596223.4375, 2305480.9375 ], [ 596209.6875, 2305479.6875 ], [ 596203.75, 2305478.125 ], [ 596199.0625, 2305475.3125 ], [ 596192.8125, 2305466.5625 ], [ 596188.75, 2305463.125 ], [ 596183.4375, 2305460.9375 ], [ 596169.6875, 2305459.6875 ], [ 596163.75, 2305458.125 ], [ 596159.0625, 2305455.3125 ], [ 596152.8125, 2305446.5625 ], [ 596148.75, 2305443.125 ], [ 596143.4375, 2305440.9375 ], [ 596129.6875, 2305439.6875 ], [ 596123.75, 2305438.125 ], [ 596119.0625, 2305435.3125 ], [ 596112.8125, 2305426.5625 ], [ 596108.75, 2305423.125 ], [ 596103.4375, 2305420.9375 ], [ 596089.6875, 2305419.6875 ], [ 596083.75, 2305418.125 ], [ 596079.0625, 2305415.3125 ], [ 596072.8125, 2305406.5625 ], [ 596068.75, 2305403.125 ], [ 596063.4375, 2305400.9375 ], [ 596049.6875, 2305399.6875 ], [ 596043.75, 2305398.125 ], [ 596039.0625, 2305395.3125 ], [ 596032.8125, 2305386.5625 ], [ 596028.75, 2305383.125 ], [ 596023.4375, 2305380.9375 ], [ 596009.6875, 2305379.6875 ], [ 596003.75, 2305378.125 ], [ 595999.0625, 2305375.3125 ], [ 595992.8125, 2305366.5625 ], [ 595988.75, 2305363.125 ], [ 595983.4375, 2305360.9375 ], [ 595969.6875, 2305359.6875 ], [ 595961.25, 2305356.875 ], [ 595955.625, 2305351.25 ], [ 595944.375, 2305328.75 ], [ 595938.75, 2305323.125 ], [ 595933.4375, 2305320.9375 ], [ 595919.6875, 2305319.6875 ], [ 595911.25, 2305316.875 ], [ 595907.1875, 2305313.4375 ], [ 595901.40625, 2305304.21875 ], [ 595895.78125, 2305298.59375 ], [ 595891.25, 2305295.625 ], [ 595826.40625, 2305262.96875 ], [ 595820.3125, 2305257.8125 ], [ 595812.8125, 2305246.5625 ], [ 595808.75, 2305243.125 ], [ 595803.4375, 2305240.9375 ], [ 595789.6875, 2305239.6875 ], [ 595781.25, 2305236.875 ], [ 595775.625, 2305231.25 ], [ 595764.375, 2305208.75 ], [ 595760.9375, 2305204.6875 ], [ 595753.4375, 2305200.9375 ], [ 595739.6875, 2305199.6875 ], [ 595731.25, 2305196.875 ], [ 595727.1875, 2305193.4375 ], [ 595722.96875, 2305186.40625 ], [ 595717.8125, 2305180.3125 ], [ 595711.25, 2305175.625 ], [ 595688.75, 2305164.375 ], [ 595684.21875, 2305161.40625 ], [ 595678.59375, 2305155.78125 ], [ 595672.8125, 2305146.5625 ], [ 595668.75, 2305143.125 ], [ 595660.3125, 2305140.3125 ], [ 595646.5625, 2305139.0625 ], [ 595639.0625, 2305135.3125 ], [ 595635.625, 2305131.25 ], [ 595624.375, 2305108.75 ], [ 595618.75, 2305103.125 ], [ 595613.4375, 2305100.9375 ], [ 595599.6875, 2305099.6875 ], [ 595591.25, 2305096.875 ], [ 595587.1875, 2305093.4375 ], [ 595582.96875, 2305086.40625 ], [ 595577.8125, 2305080.3125 ], [ 595571.25, 2305075.625 ], [ 595548.75, 2305064.375 ], [ 595544.21875, 2305061.40625 ], [ 595538.59375, 2305055.78125 ], [ 595532.8125, 2305046.5625 ], [ 595528.75, 2305043.125 ], [ 595520.3125, 2305040.3125 ], [ 595506.5625, 2305039.0625 ], [ 595499.0625, 2305035.3125 ], [ 595495.625, 2305031.25 ], [ 595482.96875, 2305006.40625 ], [ 595477.8125, 2305000.3125 ], [ 595471.25, 2304995.625 ], [ 595408.75, 2304964.375 ], [ 595404.21875, 2304961.40625 ], [ 595397.03125, 2304953.59375 ], [ 595384.375, 2304928.75 ], [ 595377.8125, 2304920.3125 ], [ 595371.25, 2304915.625 ], [ 595348.75, 2304904.375 ], [ 595340.3125, 2304897.8125 ], [ 595335.625, 2304891.25 ], [ 595324.375, 2304868.75 ], [ 595321.40625, 2304864.21875 ], [ 595315.78125, 2304858.59375 ], [ 595306.5625, 2304852.8125 ], [ 595303.125, 2304848.75 ], [ 595300.3125, 2304840.3125 ], [ 595299.0625, 2304826.5625 ], [ 595295.3125, 2304819.0625 ], [ 595291.25, 2304815.625 ], [ 595268.75, 2304804.375 ], [ 595263.125, 2304798.75 ], [ 595260.9375, 2304793.4375 ], [ 595259.6875, 2304779.6875 ], [ 595258.125, 2304773.75 ], [ 595255.3125, 2304769.0625 ], [ 595246.5625, 2304762.8125 ], [ 595243.125, 2304758.75 ], [ 595240.9375, 2304753.4375 ], [ 595239.6875, 2304739.6875 ], [ 595236.875, 2304731.25 ], [ 595233.4375, 2304727.1875 ], [ 595222.1875, 2304719.6875 ], [ 595215.625, 2304711.25 ], [ 595084.375, 2304448.75 ], [ 595080.9375, 2304437.1875 ], [ 595079.6875, 2304419.6875 ], [ 595078.125, 2304413.75 ], [ 595075.3125, 2304409.0625 ], [ 595066.5625, 2304402.8125 ], [ 595063.125, 2304398.75 ], [ 595060.9375, 2304393.4375 ], [ 595059.6875, 2304379.6875 ], [ 595058.125, 2304373.75 ], [ 595055.3125, 2304369.0625 ], [ 595046.5625, 2304362.8125 ], [ 595043.125, 2304358.75 ], [ 595040.9375, 2304353.4375 ], [ 595039.6875, 2304339.6875 ], [ 595038.125, 2304333.75 ], [ 595035.3125, 2304329.0625 ], [ 595026.5625, 2304322.8125 ], [ 595021.875, 2304316.25 ], [ 595020.0, 2304306.875 ], [ 595020.0, 2304273.125 ], [ 595018.125, 2304263.75 ], [ 595015.3125, 2304259.0625 ], [ 595006.5625, 2304252.8125 ], [ 595003.125, 2304248.75 ], [ 595000.9375, 2304243.4375 ], [ 594999.6875, 2304229.6875 ], [ 594998.125, 2304223.75 ], [ 594995.3125, 2304219.0625 ], [ 594986.5625, 2304212.8125 ], [ 594981.875, 2304206.25 ], [ 594980.3125, 2304200.3125 ], [ 594979.84375, 2304189.53125 ], [ 594978.4375, 2304179.6875 ], [ 594975.625, 2304171.25 ], [ 594964.375, 2304148.75 ], [ 594962.34375, 2304143.28125 ], [ 594960.46875, 2304133.90625 ], [ 594959.6875, 2304119.6875 ], [ 594958.125, 2304113.75 ], [ 594953.4375, 2304107.1875 ], [ 594944.6875, 2304100.9375 ], [ 594940.9375, 2304093.4375 ], [ 594940.0, 2304086.875 ], [ 594940.0, 2304053.125 ], [ 594938.125, 2304043.75 ], [ 594935.3125, 2304039.0625 ], [ 594926.5625, 2304032.8125 ], [ 594921.875, 2304026.25 ], [ 594920.3125, 2304020.3125 ], [ 594919.84375, 2304009.53125 ], [ 594918.4375, 2303999.6875 ], [ 594915.625, 2303991.25 ], [ 594904.375, 2303968.75 ], [ 594902.34375, 2303963.28125 ], [ 594900.46875, 2303953.90625 ], [ 594899.6875, 2303939.6875 ], [ 594898.125, 2303933.75 ], [ 594893.4375, 2303927.1875 ], [ 594884.6875, 2303920.9375 ], [ 594880.9375, 2303913.4375 ], [ 594880.0, 2303906.875 ], [ 594880.0, 2303873.125 ], [ 594879.0625, 2303866.5625 ], [ 594875.3125, 2303859.0625 ], [ 594864.6875, 2303850.9375 ], [ 594860.9375, 2303843.4375 ], [ 594860.0, 2303836.875 ], [ 594860.0, 2303803.125 ], [ 594859.0625, 2303796.5625 ], [ 594855.3125, 2303789.0625 ], [ 594844.6875, 2303780.9375 ], [ 594840.9375, 2303773.4375 ], [ 594840.0, 2303766.875 ], [ 594840.0, 2303733.125 ], [ 594839.0625, 2303726.5625 ], [ 594835.3125, 2303719.0625 ], [ 594826.5625, 2303712.8125 ], [ 594821.875, 2303706.25 ], [ 594820.3125, 2303700.3125 ], [ 594819.53125, 2303686.09375 ], [ 594817.65625, 2303676.71875 ], [ 594802.34375, 2303643.28125 ], [ 594800.15625, 2303630.46875 ], [ 594800.0, 2303593.125 ], [ 594799.0625, 2303582.8125 ], [ 594795.625, 2303571.25 ], [ 594783.28125, 2303546.09375 ], [ 594780.46875, 2303533.90625 ], [ 594779.6875, 2303369.6875 ], [ 594778.125, 2303363.75 ], [ 594775.3125, 2303359.0625 ], [ 594766.5625, 2303352.8125 ], [ 594763.125, 2303348.75 ], [ 594760.9375, 2303343.4375 ], [ 594760.0, 2303336.875 ], [ 594760.0, 2302943.125 ], [ 594760.9375, 2302936.5625 ], [ 594763.125, 2302931.25 ], [ 594766.5625, 2302927.1875 ], [ 594773.4375, 2302922.8125 ], [ 594776.875, 2302918.75 ], [ 594779.0625, 2302913.4375 ], [ 594780.0, 2302906.875 ], [ 594780.15625, 2302569.53125 ], [ 594780.9375, 2302562.8125 ], [ 594783.28125, 2302553.90625 ], [ 594795.625, 2302528.75 ], [ 594799.0625, 2302517.1875 ], [ 594800.0, 2302506.875 ], [ 594800.0, 2302473.125 ], [ 594801.5625, 2302459.6875 ], [ 594804.375, 2302451.25 ], [ 594815.625, 2302428.75 ], [ 594817.65625, 2302423.28125 ], [ 594819.53125, 2302413.90625 ], [ 594820.3125, 2302399.6875 ], [ 594821.875, 2302393.75 ], [ 594826.5625, 2302387.1875 ], [ 594835.3125, 2302380.9375 ], [ 594839.0625, 2302373.4375 ], [ 594840.0, 2302366.875 ], [ 594840.0, 2302333.125 ], [ 594840.9375, 2302326.5625 ], [ 594844.6875, 2302319.0625 ], [ 594855.3125, 2302310.9375 ], [ 594859.0625, 2302303.4375 ], [ 594860.0, 2302296.875 ], [ 594860.0, 2302263.125 ], [ 594860.9375, 2302256.5625 ], [ 594864.6875, 2302249.0625 ], [ 594875.3125, 2302240.9375 ], [ 594879.0625, 2302233.4375 ], [ 594880.0, 2302226.875 ], [ 594880.0, 2302193.125 ], [ 594880.9375, 2302186.5625 ], [ 594884.6875, 2302179.0625 ], [ 594895.3125, 2302170.9375 ], [ 594899.0625, 2302163.4375 ], [ 594900.0, 2302156.875 ], [ 594900.0, 2302123.125 ], [ 594900.9375, 2302116.5625 ], [ 594904.6875, 2302109.0625 ], [ 594915.3125, 2302100.9375 ], [ 594919.0625, 2302093.4375 ], [ 594920.0, 2302086.875 ], [ 594920.15625, 2302049.53125 ], [ 594921.5625, 2302039.6875 ], [ 594924.375, 2302031.25 ], [ 594935.625, 2302008.75 ], [ 594937.65625, 2302003.28125 ], [ 594939.53125, 2301993.90625 ], [ 594940.3125, 2301979.6875 ], [ 594941.875, 2301973.75 ], [ 594946.5625, 2301967.1875 ], [ 594955.3125, 2301960.9375 ], [ 594959.0625, 2301953.4375 ], [ 594960.0, 2301946.875 ], [ 594960.15625, 2301909.53125 ], [ 594961.5625, 2301899.6875 ], [ 594964.375, 2301891.25 ], [ 594975.625, 2301868.75 ], [ 594977.65625, 2301863.28125 ], [ 594979.53125, 2301853.90625 ], [ 594980.3125, 2301839.6875 ], [ 594981.875, 2301833.75 ], [ 594986.5625, 2301827.1875 ], [ 594995.3125, 2301820.9375 ], [ 594999.0625, 2301813.4375 ], [ 595000.0, 2301806.875 ], [ 595000.0, 2301773.125 ], [ 595000.9375, 2301766.5625 ], [ 595004.6875, 2301759.0625 ], [ 595013.4375, 2301752.8125 ], [ 595018.125, 2301746.25 ], [ 595019.6875, 2301740.3125 ], [ 595020.15625, 2301729.53125 ], [ 595021.5625, 2301719.6875 ], [ 595024.375, 2301711.25 ], [ 595035.625, 2301688.75 ], [ 595037.65625, 2301683.28125 ], [ 595039.53125, 2301673.90625 ], [ 595040.3125, 2301659.6875 ], [ 595041.875, 2301653.75 ], [ 595044.6875, 2301649.0625 ], [ 595053.4375, 2301642.8125 ], [ 595058.125, 2301636.25 ], [ 595060.0, 2301626.875 ], [ 595060.0, 2301593.125 ], [ 595060.9375, 2301586.5625 ], [ 595064.6875, 2301579.0625 ], [ 595073.4375, 2301572.8125 ], [ 595078.125, 2301566.25 ], [ 595079.6875, 2301560.3125 ], [ 595080.15625, 2301549.53125 ], [ 595081.5625, 2301539.6875 ], [ 595084.375, 2301531.25 ], [ 595095.625, 2301508.75 ], [ 595097.65625, 2301503.28125 ], [ 595099.53125, 2301493.90625 ], [ 595100.3125, 2301479.6875 ], [ 595101.875, 2301473.75 ], [ 595104.6875, 2301469.0625 ], [ 595113.4375, 2301462.8125 ], [ 595118.125, 2301456.25 ], [ 595120.0, 2301446.875 ], [ 595120.0, 2301413.125 ], [ 595120.9375, 2301406.5625 ], [ 595124.6875, 2301399.0625 ], [ 595133.4375, 2301392.8125 ], [ 595138.125, 2301386.25 ], [ 595139.6875, 2301380.3125 ], [ 595140.15625, 2301369.53125 ], [ 595141.5625, 2301359.6875 ], [ 595144.375, 2301351.25 ], [ 595155.625, 2301328.75 ], [ 595157.65625, 2301323.28125 ], [ 595159.53125, 2301313.90625 ], [ 595160.3125, 2301299.6875 ], [ 595161.875, 2301293.75 ], [ 595164.6875, 2301289.0625 ], [ 595173.4375, 2301282.8125 ], [ 595178.125, 2301276.25 ], [ 595180.0, 2301266.875 ], [ 595180.0, 2301233.125 ], [ 595181.875, 2301223.75 ], [ 595184.6875, 2301219.0625 ], [ 595193.4375, 2301212.8125 ], [ 595198.125, 2301206.25 ], [ 595199.6875, 2301200.3125 ], [ 595200.15625, 2301189.53125 ], [ 595201.5625, 2301179.6875 ], [ 595204.375, 2301171.25 ], [ 595215.625, 2301148.75 ], [ 595217.65625, 2301143.28125 ], [ 595219.53125, 2301133.90625 ], [ 595220.3125, 2301119.6875 ], [ 595221.875, 2301113.75 ], [ 595224.6875, 2301109.0625 ], [ 595233.4375, 2301102.8125 ], [ 595236.875, 2301098.75 ], [ 595239.0625, 2301093.4375 ], [ 595240.3125, 2301079.6875 ], [ 595241.875, 2301073.75 ], [ 595244.6875, 2301069.0625 ], [ 595253.4375, 2301062.8125 ], [ 595258.125, 2301056.25 ], [ 595260.0, 2301046.875 ], [ 595260.0, 2301013.125 ], [ 595260.9375, 2301006.5625 ], [ 595264.6875, 2300999.0625 ], [ 595273.4375, 2300992.8125 ], [ 595278.125, 2300986.25 ], [ 595279.6875, 2300980.3125 ], [ 595280.46875, 2300966.09375 ], [ 595282.34375, 2300956.71875 ], [ 595284.375, 2300951.25 ], [ 595316.71875, 2300886.09375 ], [ 595319.0625, 2300877.1875 ], [ 595320.3125, 2300859.6875 ], [ 595321.875, 2300853.75 ], [ 595324.6875, 2300849.0625 ], [ 595333.4375, 2300842.8125 ], [ 595338.125, 2300836.25 ], [ 595340.0, 2300826.875 ], [ 595340.0, 2300793.125 ], [ 595340.9375, 2300786.5625 ], [ 595344.6875, 2300779.0625 ], [ 595353.4375, 2300772.8125 ], [ 595358.125, 2300766.25 ], [ 595359.6875, 2300760.3125 ], [ 595360.3125, 2300749.6875 ], [ 595363.125, 2300741.25 ], [ 595366.5625, 2300737.1875 ], [ 595373.4375, 2300732.8125 ], [ 595378.125, 2300726.25 ], [ 595379.6875, 2300720.3125 ], [ 595380.15625, 2300709.53125 ], [ 595381.5625, 2300699.6875 ], [ 595384.375, 2300691.25 ], [ 595395.625, 2300668.75 ], [ 595397.65625, 2300663.28125 ], [ 595399.53125, 2300653.90625 ], [ 595400.3125, 2300639.6875 ], [ 595401.875, 2300633.75 ], [ 595404.6875, 2300629.0625 ], [ 595413.4375, 2300622.8125 ], [ 595418.125, 2300616.25 ], [ 595420.0, 2300606.875 ], [ 595420.0, 2300573.125 ], [ 595421.875, 2300563.75 ], [ 595424.6875, 2300559.0625 ], [ 595433.4375, 2300552.8125 ], [ 595436.875, 2300548.75 ], [ 595439.0625, 2300543.4375 ], [ 595440.3125, 2300529.6875 ], [ 595441.875, 2300523.75 ], [ 595444.6875, 2300519.0625 ], [ 595453.4375, 2300512.8125 ], [ 595458.125, 2300506.25 ], [ 595459.6875, 2300500.3125 ], [ 595460.46875, 2300486.09375 ], [ 595462.34375, 2300476.71875 ], [ 595464.375, 2300471.25 ], [ 595496.71875, 2300406.09375 ], [ 595499.0625, 2300397.1875 ], [ 595500.3125, 2300379.6875 ], [ 595501.875, 2300373.75 ], [ 595504.6875, 2300369.0625 ], [ 595513.4375, 2300362.8125 ], [ 595516.875, 2300358.75 ], [ 595519.0625, 2300353.4375 ], [ 595520.3125, 2300339.6875 ], [ 595521.875, 2300333.75 ], [ 595524.6875, 2300329.0625 ], [ 595533.4375, 2300322.8125 ], [ 595536.875, 2300318.75 ], [ 595539.0625, 2300313.4375 ], [ 595540.3125, 2300299.6875 ], [ 595541.875, 2300293.75 ], [ 595544.6875, 2300289.0625 ], [ 595553.4375, 2300282.8125 ], [ 595558.125, 2300276.25 ], [ 595560.0, 2300266.875 ], [ 595560.0, 2300233.125 ], [ 595561.875, 2300223.75 ], [ 595564.6875, 2300219.0625 ], [ 595573.4375, 2300212.8125 ], [ 595576.875, 2300208.75 ], [ 595579.0625, 2300203.4375 ], [ 595580.3125, 2300189.6875 ], [ 595581.875, 2300183.75 ], [ 595584.6875, 2300179.0625 ], [ 595593.4375, 2300172.8125 ], [ 595596.875, 2300168.75 ], [ 595599.0625, 2300163.4375 ], [ 595600.3125, 2300149.6875 ], [ 595601.875, 2300143.75 ], [ 595604.6875, 2300139.0625 ], [ 595613.4375, 2300132.8125 ], [ 595618.125, 2300126.25 ], [ 595619.6875, 2300120.3125 ], [ 595620.9375, 2300102.8125 ], [ 595624.375, 2300091.25 ], [ 595657.03125, 2300026.40625 ], [ 595662.1875, 2300020.3125 ], [ 595673.4375, 2300012.8125 ], [ 595676.875, 2300008.75 ], [ 595679.0625, 2300003.4375 ], [ 595680.3125, 2299989.6875 ], [ 595681.875, 2299983.75 ], [ 595684.6875, 2299979.0625 ], [ 595693.4375, 2299972.8125 ], [ 595696.875, 2299968.75 ], [ 595699.0625, 2299963.4375 ], [ 595700.3125, 2299949.6875 ], [ 595701.875, 2299943.75 ], [ 595704.6875, 2299939.0625 ], [ 595713.4375, 2299932.8125 ], [ 595716.875, 2299928.75 ], [ 595719.0625, 2299923.4375 ], [ 595720.3125, 2299909.6875 ], [ 595723.125, 2299901.25 ], [ 595728.75, 2299895.625 ], [ 595751.25, 2299884.375 ], [ 595756.875, 2299878.75 ], [ 595759.0625, 2299873.4375 ], [ 595760.3125, 2299859.6875 ], [ 595761.875, 2299853.75 ], [ 595764.6875, 2299849.0625 ], [ 595773.4375, 2299842.8125 ], [ 595776.875, 2299838.75 ], [ 595779.0625, 2299833.4375 ], [ 595780.3125, 2299819.6875 ], [ 595783.125, 2299811.25 ], [ 595786.5625, 2299807.1875 ], [ 595795.78125, 2299801.40625 ], [ 595801.40625, 2299795.78125 ], [ 595804.375, 2299791.25 ], [ 595837.03125, 2299726.40625 ], [ 595842.1875, 2299720.3125 ], [ 595853.4375, 2299712.8125 ], [ 595856.875, 2299708.75 ], [ 595859.0625, 2299703.4375 ], [ 595860.3125, 2299689.6875 ], [ 595861.875, 2299683.75 ], [ 595864.6875, 2299679.0625 ], [ 595873.4375, 2299672.8125 ], [ 595876.875, 2299668.75 ], [ 595879.0625, 2299663.4375 ], [ 595880.3125, 2299649.6875 ], [ 595883.125, 2299641.25 ], [ 595888.75, 2299635.625 ], [ 595911.25, 2299624.375 ], [ 595915.3125, 2299620.9375 ], [ 595919.0625, 2299613.4375 ], [ 595920.3125, 2299599.6875 ], [ 595923.125, 2299591.25 ], [ 595926.5625, 2299587.1875 ], [ 595937.8125, 2299579.6875 ], [ 595942.96875, 2299573.59375 ], [ 595977.03125, 2299506.40625 ], [ 595980.3125, 2299502.1875 ], [ 595986.40625, 2299497.03125 ], [ 596011.25, 2299484.375 ], [ 596015.3125, 2299480.9375 ], [ 596019.0625, 2299473.4375 ], [ 596020.3125, 2299459.6875 ], [ 596023.125, 2299451.25 ], [ 596026.5625, 2299447.1875 ], [ 596033.59375, 2299442.96875 ], [ 596039.6875, 2299437.8125 ], [ 596044.375, 2299431.25 ], [ 596055.625, 2299408.75 ], [ 596058.59375, 2299404.21875 ], [ 596064.21875, 2299398.59375 ], [ 596073.4375, 2299392.8125 ], [ 596076.875, 2299388.75 ], [ 596079.6875, 2299380.3125 ], [ 596080.9375, 2299366.5625 ], [ 596084.6875, 2299359.0625 ], [ 596088.75, 2299355.625 ], [ 596111.25, 2299344.375 ], [ 596117.8125, 2299339.6875 ], [ 596122.96875, 2299333.59375 ], [ 596135.625, 2299308.75 ], [ 596140.3125, 2299302.1875 ], [ 596146.40625, 2299297.03125 ], [ 596171.25, 2299284.375 ], [ 596177.8125, 2299279.6875 ], [ 596182.96875, 2299273.59375 ], [ 596195.625, 2299248.75 ], [ 596200.3125, 2299242.1875 ], [ 596206.40625, 2299237.03125 ], [ 596231.25, 2299224.375 ], [ 596237.8125, 2299219.6875 ], [ 596242.96875, 2299213.59375 ], [ 596255.625, 2299188.75 ], [ 596260.3125, 2299182.1875 ], [ 596266.40625, 2299177.03125 ], [ 596291.25, 2299164.375 ], [ 596297.8125, 2299159.6875 ], [ 596302.96875, 2299153.59375 ], [ 596315.625, 2299128.75 ], [ 596320.3125, 2299122.1875 ], [ 596326.40625, 2299117.03125 ], [ 596351.25, 2299104.375 ], [ 596357.8125, 2299099.6875 ], [ 596362.96875, 2299093.59375 ], [ 596375.625, 2299068.75 ], [ 596380.3125, 2299062.1875 ], [ 596386.40625, 2299057.03125 ], [ 596411.25, 2299044.375 ], [ 596417.8125, 2299039.6875 ], [ 596422.96875, 2299033.59375 ], [ 596435.625, 2299008.75 ], [ 596440.3125, 2299002.1875 ], [ 596446.40625, 2298997.03125 ], [ 596471.25, 2298984.375 ], [ 596477.8125, 2298979.6875 ], [ 596482.96875, 2298973.59375 ], [ 596495.625, 2298948.75 ], [ 596499.0625, 2298944.6875 ], [ 596506.5625, 2298940.9375 ], [ 596520.3125, 2298939.6875 ], [ 596528.75, 2298936.875 ], [ 596532.8125, 2298933.4375 ], [ 596538.59375, 2298924.21875 ], [ 596544.21875, 2298918.59375 ], [ 596575.78125, 2298901.40625 ], [ 596582.96875, 2298893.59375 ], [ 596595.625, 2298868.75 ], [ 596601.25, 2298863.125 ], [ 596606.5625, 2298860.9375 ], [ 596620.3125, 2298859.6875 ], [ 596626.25, 2298858.125 ], [ 596630.9375, 2298855.3125 ], [ 596637.1875, 2298846.5625 ], [ 596641.25, 2298843.125 ], [ 596646.5625, 2298840.9375 ], [ 596660.3125, 2298839.6875 ], [ 596668.75, 2298836.875 ], [ 596672.8125, 2298833.4375 ], [ 596680.3125, 2298822.1875 ], [ 596688.75, 2298815.625 ], [ 596711.25, 2298804.375 ], [ 596716.71875, 2298802.34375 ], [ 596726.09375, 2298800.46875 ], [ 596740.3125, 2298799.6875 ], [ 596746.25, 2298798.125 ], [ 596750.9375, 2298795.3125 ], [ 596757.1875, 2298786.5625 ], [ 596761.25, 2298783.125 ], [ 596766.5625, 2298780.9375 ], [ 596780.3125, 2298779.6875 ], [ 596786.25, 2298778.125 ], [ 596790.9375, 2298775.3125 ], [ 596797.1875, 2298766.5625 ], [ 596803.75, 2298761.875 ], [ 596813.125, 2298760.0 ], [ 596846.875, 2298760.0 ], [ 596856.25, 2298758.125 ], [ 596860.9375, 2298755.3125 ], [ 596867.1875, 2298746.5625 ], [ 596871.25, 2298743.125 ], [ 596876.5625, 2298740.9375 ], [ 596890.3125, 2298739.6875 ], [ 596896.25, 2298738.125 ], [ 596900.9375, 2298735.3125 ], [ 596907.1875, 2298726.5625 ], [ 596913.75, 2298721.875 ], [ 596919.6875, 2298720.3125 ], [ 596937.1875, 2298719.0625 ], [ 596946.09375, 2298716.71875 ], [ 597051.25, 2298664.375 ], [ 597062.8125, 2298660.9375 ], [ 597080.3125, 2298659.6875 ], [ 597086.25, 2298658.125 ], [ 597090.9375, 2298655.3125 ], [ 597097.1875, 2298646.5625 ], [ 597103.75, 2298641.875 ], [ 597113.125, 2298640.0 ], [ 597146.875, 2298640.0 ], [ 597153.4375, 2298639.0625 ], [ 597160.9375, 2298635.3125 ], [ 597167.1875, 2298626.5625 ], [ 597173.75, 2298621.875 ], [ 597179.6875, 2298620.3125 ], [ 597190.46875, 2298619.84375 ], [ 597200.3125, 2298618.4375 ], [ 597208.75, 2298615.625 ], [ 597231.25, 2298604.375 ], [ 597236.71875, 2298602.34375 ], [ 597246.09375, 2298600.46875 ], [ 597260.3125, 2298599.6875 ], [ 597266.25, 2298598.125 ], [ 597270.9375, 2298595.3125 ], [ 597277.1875, 2298586.5625 ], [ 597283.75, 2298581.875 ], [ 597293.125, 2298580.0 ], [ 597326.875, 2298580.0 ], [ 597333.4375, 2298579.0625 ], [ 597340.9375, 2298575.3125 ], [ 597347.1875, 2298566.5625 ], [ 597353.75, 2298561.875 ], [ 597359.6875, 2298560.3125 ], [ 597370.46875, 2298559.84375 ], [ 597380.3125, 2298558.4375 ], [ 597388.75, 2298555.625 ], [ 597411.25, 2298544.375 ], [ 597416.71875, 2298542.34375 ], [ 597426.09375, 2298540.46875 ], [ 597440.3125, 2298539.6875 ], [ 597446.25, 2298538.125 ], [ 597450.9375, 2298535.3125 ], [ 597457.1875, 2298526.5625 ], [ 597463.75, 2298521.875 ], [ 597473.125, 2298520.0 ], [ 597506.875, 2298520.0 ], [ 597513.4375, 2298519.0625 ], [ 597520.9375, 2298515.3125 ], [ 597529.0625, 2298504.6875 ], [ 597533.75, 2298501.875 ], [ 597539.6875, 2298500.3125 ], [ 597576.875, 2298500.0 ], [ 597583.4375, 2298499.0625 ], [ 597590.9375, 2298495.3125 ], [ 597599.0625, 2298484.6875 ], [ 597606.5625, 2298480.9375 ], [ 597613.125, 2298480.0 ], [ 597680.3125, 2298479.6875 ], [ 597688.75, 2298476.875 ], [ 597692.8125, 2298473.4375 ], [ 597699.0625, 2298464.6875 ], [ 597706.5625, 2298460.9375 ], [ 597713.125, 2298460.0 ], [ 597750.46875, 2298459.84375 ], [ 597760.3125, 2298458.4375 ], [ 597768.75, 2298455.625 ], [ 597791.25, 2298444.375 ], [ 597799.6875, 2298441.5625 ], [ 597813.125, 2298440.0 ], [ 597880.3125, 2298439.6875 ], [ 597888.75, 2298436.875 ], [ 597892.8125, 2298433.4375 ], [ 597899.0625, 2298424.6875 ], [ 597903.75, 2298421.875 ], [ 597909.6875, 2298420.3125 ], [ 598010.3125, 2298419.6875 ], [ 598018.75, 2298416.875 ], [ 598022.8125, 2298413.4375 ], [ 598029.0625, 2298404.6875 ], [ 598036.5625, 2298400.9375 ], [ 598043.125, 2298400.0 ], [ 598106.875, 2298400.0 ], [ 598117.1875, 2298399.0625 ], [ 598128.75, 2298395.625 ], [ 598153.90625, 2298383.28125 ], [ 598166.09375, 2298380.46875 ], [ 598273.90625, 2298379.53125 ], [ 598286.09375, 2298376.71875 ], [ 598313.90625, 2298363.28125 ], [ 598326.09375, 2298360.46875 ], [ 598460.3125, 2298359.6875 ], [ 598468.75, 2298356.875 ], [ 598472.8125, 2298353.4375 ], [ 598479.0625, 2298344.6875 ], [ 598483.75, 2298341.875 ], [ 598489.6875, 2298340.3125 ], [ 598616.875, 2298340.0 ], [ 598623.4375, 2298339.0625 ], [ 598628.75, 2298336.875 ], [ 598632.8125, 2298333.4375 ], [ 598639.0625, 2298324.6875 ], [ 598643.75, 2298321.875 ], [ 598649.6875, 2298320.3125 ], [ 598750.3125, 2298319.6875 ], [ 598758.75, 2298316.875 ], [ 598762.8125, 2298313.4375 ], [ 598769.0625, 2298304.6875 ], [ 598776.5625, 2298300.9375 ], [ 598783.125, 2298300.0 ], [ 598850.3125, 2298299.6875 ], [ 598858.75, 2298296.875 ], [ 598862.8125, 2298293.4375 ], [ 598869.0625, 2298284.6875 ], [ 598876.5625, 2298280.9375 ], [ 598883.125, 2298280.0 ], [ 598950.3125, 2298279.6875 ], [ 598958.75, 2298276.875 ], [ 598962.8125, 2298273.4375 ], [ 598969.0625, 2298264.6875 ], [ 598976.5625, 2298260.9375 ], [ 598983.125, 2298260.0 ], [ 599050.3125, 2298259.6875 ], [ 599058.75, 2298256.875 ], [ 599062.8125, 2298253.4375 ], [ 599069.0625, 2298244.6875 ], [ 599076.5625, 2298240.9375 ], [ 599083.125, 2298240.0 ], [ 599150.3125, 2298239.6875 ], [ 599158.75, 2298236.875 ], [ 599162.8125, 2298233.4375 ], [ 599169.0625, 2298224.6875 ], [ 599173.75, 2298221.875 ], [ 599179.6875, 2298220.3125 ], [ 599280.3125, 2298219.6875 ], [ 599288.75, 2298216.875 ], [ 599292.8125, 2298213.4375 ], [ 599299.0625, 2298204.6875 ], [ 599306.5625, 2298200.9375 ], [ 599313.125, 2298200.0 ], [ 599346.875, 2298200.0 ], [ 599356.25, 2298198.125 ], [ 599362.8125, 2298193.4375 ], [ 599369.0625, 2298184.6875 ], [ 599376.5625, 2298180.9375 ], [ 599383.125, 2298180.0 ], [ 599416.875, 2298180.0 ], [ 599426.25, 2298178.125 ], [ 599432.8125, 2298173.4375 ], [ 599439.0625, 2298164.6875 ], [ 599446.5625, 2298160.9375 ], [ 599453.125, 2298160.0 ], [ 599486.875, 2298160.0 ], [ 599493.4375, 2298159.0625 ], [ 599500.9375, 2298155.3125 ], [ 599509.0625, 2298144.6875 ], [ 599516.5625, 2298140.9375 ], [ 599523.125, 2298140.0 ], [ 599556.875, 2298140.0 ], [ 599563.4375, 2298139.0625 ], [ 599570.9375, 2298135.3125 ], [ 599579.0625, 2298124.6875 ], [ 599586.5625, 2298120.9375 ], [ 599593.125, 2298120.0 ], [ 599626.875, 2298120.0 ], [ 599637.1875, 2298119.0625 ], [ 599648.75, 2298115.625 ], [ 599671.25, 2298104.375 ], [ 599676.71875, 2298102.34375 ], [ 599686.09375, 2298100.46875 ], [ 599703.4375, 2298099.0625 ], [ 599710.9375, 2298095.3125 ], [ 599717.1875, 2298086.5625 ], [ 599723.75, 2298081.875 ], [ 599729.6875, 2298080.3125 ], [ 599740.3125, 2298079.6875 ], [ 599748.75, 2298076.875 ], [ 599752.8125, 2298073.4375 ], [ 599757.1875, 2298066.5625 ], [ 599763.75, 2298061.875 ], [ 599773.125, 2298060.0 ], [ 599806.875, 2298060.0 ], [ 599813.4375, 2298059.0625 ], [ 599820.9375, 2298055.3125 ], [ 599827.1875, 2298046.5625 ], [ 599833.75, 2298041.875 ], [ 599839.6875, 2298040.3125 ], [ 599850.46875, 2298039.84375 ], [ 599860.3125, 2298038.4375 ], [ 599868.75, 2298035.625 ], [ 599891.25, 2298024.375 ], [ 599896.71875, 2298022.34375 ], [ 599906.09375, 2298020.46875 ], [ 599920.3125, 2298019.6875 ], [ 599926.25, 2298018.125 ], [ 599930.9375, 2298015.3125 ], [ 599937.1875, 2298006.5625 ], [ 599941.25, 2298003.125 ], [ 599946.5625, 2298000.9375 ], [ 599960.3125, 2297999.6875 ], [ 599966.25, 2297998.125 ], [ 599970.9375, 2297995.3125 ], [ 599977.1875, 2297986.5625 ], [ 599981.25, 2297983.125 ], [ 599986.5625, 2297980.9375 ], [ 600000.3125, 2297979.6875 ], [ 600006.25, 2297978.125 ], [ 600010.9375, 2297975.3125 ], [ 600017.1875, 2297966.5625 ], [ 600021.25, 2297963.125 ], [ 600026.5625, 2297960.9375 ], [ 600040.3125, 2297959.6875 ], [ 600046.25, 2297958.125 ], [ 600050.9375, 2297955.3125 ], [ 600057.1875, 2297946.5625 ], [ 600061.25, 2297943.125 ], [ 600066.5625, 2297940.9375 ], [ 600080.3125, 2297939.6875 ], [ 600088.75, 2297936.875 ], [ 600092.8125, 2297933.4375 ], [ 600098.59375, 2297924.21875 ], [ 600104.21875, 2297918.59375 ], [ 600108.75, 2297915.625 ], [ 600173.59375, 2297882.96875 ], [ 600179.6875, 2297877.8125 ], [ 600187.1875, 2297866.5625 ], [ 600191.25, 2297863.125 ], [ 600199.6875, 2297860.3125 ], [ 600213.4375, 2297859.0625 ], [ 600220.9375, 2297855.3125 ], [ 600224.375, 2297851.25 ], [ 600235.625, 2297828.75 ], [ 600240.3125, 2297822.1875 ], [ 600246.40625, 2297817.03125 ], [ 600271.25, 2297804.375 ], [ 600277.8125, 2297799.6875 ], [ 600282.96875, 2297793.59375 ], [ 600295.625, 2297768.75 ], [ 600299.0625, 2297764.6875 ], [ 600306.5625, 2297760.9375 ], [ 600320.3125, 2297759.6875 ], [ 600328.75, 2297756.875 ], [ 600332.8125, 2297753.4375 ], [ 600337.03125, 2297746.40625 ], [ 600342.1875, 2297740.3125 ], [ 600355.3125, 2297730.9375 ], [ 600359.0625, 2297723.4375 ], [ 600360.9375, 2297706.5625 ], [ 600364.6875, 2297699.0625 ], [ 600368.75, 2297695.625 ], [ 600393.59375, 2297682.96875 ], [ 600399.6875, 2297677.8125 ], [ 600404.375, 2297671.25 ], [ 600415.625, 2297648.75 ], [ 600422.1875, 2297640.3125 ], [ 600428.75, 2297635.625 ], [ 600451.25, 2297624.375 ], [ 600459.6875, 2297617.8125 ], [ 600464.375, 2297611.25 ], [ 600495.625, 2297548.75 ], [ 600498.59375, 2297544.21875 ], [ 600506.40625, 2297537.03125 ], [ 600531.25, 2297524.375 ], [ 600535.3125, 2297520.9375 ], [ 600539.0625, 2297513.4375 ], [ 600540.3125, 2297499.6875 ], [ 600543.125, 2297491.25 ], [ 600546.5625, 2297487.1875 ], [ 600553.59375, 2297482.96875 ], [ 600559.6875, 2297477.8125 ], [ 600564.375, 2297471.25 ], [ 600575.625, 2297448.75 ], [ 600578.59375, 2297444.21875 ], [ 600584.21875, 2297438.59375 ], [ 600593.4375, 2297432.8125 ], [ 600596.875, 2297428.75 ], [ 600599.6875, 2297420.3125 ], [ 600600.9375, 2297406.5625 ], [ 600604.6875, 2297399.0625 ], [ 600608.75, 2297395.625 ], [ 600631.25, 2297384.375 ], [ 600636.875, 2297378.75 ], [ 600639.0625, 2297373.4375 ], [ 600640.3125, 2297359.6875 ], [ 600641.875, 2297353.75 ], [ 600644.6875, 2297349.0625 ], [ 600653.4375, 2297342.8125 ], [ 600656.875, 2297338.75 ], [ 600659.0625, 2297333.4375 ], [ 600660.3125, 2297319.6875 ], [ 600661.875, 2297313.75 ], [ 600664.6875, 2297309.0625 ], [ 600673.4375, 2297302.8125 ], [ 600676.875, 2297298.75 ], [ 600679.0625, 2297293.4375 ], [ 600680.3125, 2297279.6875 ], [ 600681.875, 2297273.75 ], [ 600684.6875, 2297269.0625 ], [ 600693.4375, 2297262.8125 ], [ 600696.875, 2297258.75 ], [ 600699.0625, 2297253.4375 ], [ 600700.3125, 2297239.6875 ], [ 600701.875, 2297233.75 ], [ 600704.6875, 2297229.0625 ], [ 600713.4375, 2297222.8125 ], [ 600716.875, 2297218.75 ], [ 600719.0625, 2297213.4375 ], [ 600720.3125, 2297199.6875 ], [ 600721.875, 2297193.75 ], [ 600724.6875, 2297189.0625 ], [ 600733.4375, 2297182.8125 ], [ 600738.125, 2297176.25 ], [ 600740.0, 2297166.875 ], [ 600740.0, 2297133.125 ], [ 600741.875, 2297123.75 ], [ 600744.6875, 2297119.0625 ], [ 600753.4375, 2297112.8125 ], [ 600756.875, 2297108.75 ], [ 600759.0625, 2297103.4375 ], [ 600760.3125, 2297089.6875 ], [ 600761.875, 2297083.75 ], [ 600766.5625, 2297077.1875 ], [ 600775.3125, 2297070.9375 ], [ 600779.0625, 2297063.4375 ], [ 600780.46875, 2297046.09375 ], [ 600782.34375, 2297036.71875 ], [ 600796.71875, 2297006.09375 ], [ 600799.53125, 2296993.90625 ], [ 600800.0, 2296893.125 ], [ 600800.9375, 2296882.8125 ], [ 600804.375, 2296871.25 ], [ 600816.71875, 2296846.09375 ], [ 600819.0625, 2296837.1875 ], [ 600820.0, 2296826.875 ], [ 600819.6875, 2296699.6875 ], [ 600818.125, 2296693.75 ], [ 600815.3125, 2296689.0625 ], [ 600806.5625, 2296682.8125 ], [ 600803.125, 2296678.75 ], [ 600800.9375, 2296673.4375 ], [ 600800.0, 2296666.875 ], [ 600799.6875, 2296389.6875 ], [ 600796.875, 2296381.25 ], [ 600793.4375, 2296377.1875 ], [ 600784.6875, 2296370.9375 ], [ 600781.875, 2296366.25 ], [ 600780.3125, 2296360.3125 ], [ 600779.6875, 2296259.6875 ], [ 600778.125, 2296253.75 ], [ 600775.3125, 2296249.0625 ], [ 600766.5625, 2296242.8125 ], [ 600763.125, 2296238.75 ], [ 600760.9375, 2296233.4375 ], [ 600760.0, 2296226.875 ], [ 600759.6875, 2296099.6875 ], [ 600758.125, 2296093.75 ], [ 600755.3125, 2296089.0625 ], [ 600746.5625, 2296082.8125 ], [ 600743.125, 2296078.75 ], [ 600740.9375, 2296073.4375 ], [ 600740.0, 2296066.875 ], [ 600740.0, 2295613.125 ], [ 600739.53125, 2295606.09375 ], [ 600737.65625, 2295596.71875 ], [ 600723.28125, 2295566.09375 ], [ 600720.9375, 2295557.1875 ], [ 600720.0, 2295546.875 ], [ 600720.0, 2295033.125 ], [ 600719.53125, 2295026.09375 ], [ 600717.65625, 2295016.71875 ], [ 600703.28125, 2294986.09375 ], [ 600701.5625, 2294980.3125 ], [ 600700.15625, 2294970.46875 ], [ 600700.0, 2294573.125 ], [ 600699.0625, 2294566.5625 ], [ 600696.875, 2294561.25 ], [ 600693.4375, 2294557.1875 ], [ 600686.5625, 2294552.8125 ], [ 600683.125, 2294548.75 ], [ 600680.9375, 2294543.4375 ], [ 600680.0, 2294536.875 ], [ 600680.0, 2294143.125 ], [ 600679.0625, 2294136.5625 ], [ 600676.875, 2294131.25 ], [ 600673.4375, 2294127.1875 ], [ 600666.5625, 2294122.8125 ], [ 600663.125, 2294118.75 ], [ 600660.9375, 2294113.4375 ], [ 600660.0, 2294106.875 ], [ 600660.3125, 2293889.6875 ], [ 600663.125, 2293881.25 ], [ 600666.5625, 2293877.1875 ], [ 600675.3125, 2293870.9375 ], [ 600678.125, 2293866.25 ], [ 600679.6875, 2293860.3125 ], [ 600680.3125, 2293759.6875 ], [ 600683.125, 2293751.25 ], [ 600686.5625, 2293747.1875 ], [ 600695.3125, 2293740.9375 ], [ 600699.0625, 2293733.4375 ], [ 600700.0, 2293726.875 ], [ 600700.46875, 2293626.09375 ], [ 600703.28125, 2293613.90625 ], [ 600716.71875, 2293586.09375 ], [ 600719.53125, 2293573.90625 ], [ 600720.3125, 2293469.6875 ], [ 600723.125, 2293461.25 ], [ 600726.5625, 2293457.1875 ], [ 600735.3125, 2293450.9375 ], [ 600739.0625, 2293443.4375 ], [ 600740.0, 2293436.875 ], [ 600740.3125, 2293339.6875 ], [ 600743.125, 2293331.25 ], [ 600746.5625, 2293327.1875 ], [ 600755.3125, 2293320.9375 ], [ 600758.125, 2293316.25 ], [ 600759.6875, 2293310.3125 ], [ 600760.46875, 2293206.09375 ], [ 600763.28125, 2293193.90625 ], [ 600776.71875, 2293166.09375 ], [ 600778.4375, 2293160.3125 ], [ 600779.84375, 2293150.46875 ], [ 600780.0, 2292993.125 ], [ 600779.0625, 2292986.5625 ], [ 600776.875, 2292981.25 ], [ 600773.4375, 2292977.1875 ], [ 600766.5625, 2292972.8125 ], [ 600761.875, 2292966.25 ], [ 600760.3125, 2292960.3125 ], [ 600759.6875, 2292949.6875 ], [ 600756.875, 2292941.25 ], [ 600753.4375, 2292937.1875 ], [ 600746.5625, 2292932.8125 ], [ 600741.875, 2292926.25 ], [ 600740.3125, 2292920.3125 ], [ 600739.6875, 2292909.6875 ], [ 600736.875, 2292901.25 ], [ 600733.4375, 2292897.1875 ], [ 600726.5625, 2292892.8125 ], [ 600721.875, 2292886.25 ], [ 600720.3125, 2292880.3125 ], [ 600719.6875, 2292869.6875 ], [ 600716.875, 2292861.25 ], [ 600713.4375, 2292857.1875 ], [ 600706.5625, 2292852.8125 ], [ 600701.875, 2292846.25 ], [ 600700.3125, 2292840.3125 ], [ 600699.6875, 2292829.6875 ], [ 600696.875, 2292821.25 ], [ 600693.4375, 2292817.1875 ], [ 600686.5625, 2292812.8125 ], [ 600681.875, 2292806.25 ], [ 600680.3125, 2292800.3125 ], [ 600679.6875, 2292789.6875 ], [ 600676.875, 2292781.25 ], [ 600673.4375, 2292777.1875 ], [ 600666.5625, 2292772.8125 ], [ 600661.875, 2292766.25 ], [ 600660.3125, 2292760.3125 ], [ 600659.6875, 2292749.6875 ], [ 600656.875, 2292741.25 ], [ 600653.4375, 2292737.1875 ], [ 600646.5625, 2292732.8125 ], [ 600641.875, 2292726.25 ], [ 600640.3125, 2292720.3125 ], [ 600639.6875, 2292709.6875 ], [ 600636.875, 2292701.25 ], [ 600633.4375, 2292697.1875 ], [ 600626.5625, 2292692.8125 ], [ 600621.875, 2292686.25 ], [ 600620.3125, 2292680.3125 ], [ 600619.6875, 2292669.6875 ], [ 600616.875, 2292661.25 ], [ 600613.4375, 2292657.1875 ], [ 600606.5625, 2292652.8125 ], [ 600601.875, 2292646.25 ], [ 600600.3125, 2292640.3125 ], [ 600599.53125, 2292629.84375 ], [ 600597.1875, 2292624.6875 ], [ 600595.3125, 2292622.8125 ], [ 600590.15625, 2292620.46875 ], [ 600579.6875, 2292619.6875 ], [ 600571.25, 2292616.875 ], [ 600567.1875, 2292613.4375 ], [ 600559.6875, 2292602.1875 ], [ 600551.25, 2292595.625 ], [ 600446.09375, 2292543.28125 ], [ 600433.90625, 2292540.46875 ], [ 600419.6875, 2292540.3125 ], [ 600411.25, 2292543.125 ], [ 600405.625, 2292548.75 ], [ 600384.375, 2292591.25 ], [ 600381.5625, 2292599.6875 ], [ 600380.0, 2292613.125 ], [ 600380.0, 2292646.875 ], [ 600381.40625, 2292652.96875 ], [ 600384.6875, 2292657.1875 ], [ 600389.84375, 2292659.53125 ], [ 600400.3125, 2292660.3125 ], [ 600408.75, 2292663.125 ], [ 600412.8125, 2292666.5625 ], [ 600418.59375, 2292675.78125 ], [ 600424.21875, 2292681.40625 ], [ 600428.75, 2292684.375 ], [ 600451.25, 2292695.625 ], [ 600456.875, 2292701.25 ], [ 600459.0625, 2292706.5625 ], [ 600460.0, 2292713.125 ], [ 600459.6875, 2292780.3125 ], [ 600458.125, 2292786.25 ], [ 600455.3125, 2292790.9375 ], [ 600451.25, 2292794.375 ], [ 600444.21875, 2292798.59375 ], [ 600437.03125, 2292806.40625 ], [ 600421.40625, 2292835.78125 ], [ 600415.78125, 2292841.40625 ], [ 600406.5625, 2292847.1875 ], [ 600403.125, 2292851.25 ], [ 600400.9375, 2292856.5625 ], [ 600399.6875, 2292870.3125 ], [ 600398.125, 2292876.25 ], [ 600395.3125, 2292880.9375 ], [ 600386.5625, 2292887.1875 ], [ 600381.875, 2292893.75 ], [ 600380.3125, 2292899.6875 ], [ 600379.53125, 2292913.90625 ], [ 600377.65625, 2292923.28125 ], [ 600375.625, 2292928.75 ], [ 600364.375, 2292951.25 ], [ 600360.9375, 2292962.8125 ], [ 600360.0, 2292973.125 ], [ 600360.0, 2293006.875 ], [ 600359.0625, 2293013.4375 ], [ 600355.3125, 2293020.9375 ], [ 600344.6875, 2293029.0625 ], [ 600340.9375, 2293036.5625 ], [ 600340.0, 2293043.125 ], [ 600340.0, 2293076.875 ], [ 600340.9375, 2293083.4375 ], [ 600343.125, 2293088.75 ], [ 600346.5625, 2293092.8125 ], [ 600355.78125, 2293098.59375 ], [ 600361.40625, 2293104.21875 ], [ 600364.375, 2293108.75 ], [ 600375.625, 2293131.25 ], [ 600380.3125, 2293137.8125 ], [ 600386.40625, 2293142.96875 ], [ 600411.25, 2293155.625 ], [ 600415.3125, 2293159.0625 ], [ 600419.0625, 2293166.5625 ], [ 600420.3125, 2293180.3125 ], [ 600423.125, 2293188.75 ], [ 600426.5625, 2293192.8125 ], [ 600435.78125, 2293198.59375 ], [ 600441.40625, 2293204.21875 ], [ 600458.59375, 2293235.78125 ], [ 600464.21875, 2293241.40625 ], [ 600473.4375, 2293247.1875 ], [ 600476.875, 2293251.25 ], [ 600479.0625, 2293256.5625 ], [ 600480.0, 2293263.125 ], [ 600480.0, 2293326.875 ], [ 600479.0625, 2293333.4375 ], [ 600475.3125, 2293340.9375 ], [ 600466.5625, 2293347.1875 ], [ 600461.875, 2293353.75 ], [ 600460.3125, 2293359.6875 ], [ 600459.53125, 2293373.90625 ], [ 600457.65625, 2293383.28125 ], [ 600443.28125, 2293413.90625 ], [ 600440.46875, 2293426.09375 ], [ 600439.6875, 2293590.3125 ], [ 600438.125, 2293596.25 ], [ 600435.3125, 2293600.9375 ], [ 600426.5625, 2293607.1875 ], [ 600421.875, 2293613.75 ], [ 600420.3125, 2293619.6875 ], [ 600419.53125, 2293633.90625 ], [ 600417.65625, 2293643.28125 ], [ 600403.28125, 2293673.90625 ], [ 600400.46875, 2293686.09375 ], [ 600400.0, 2293936.875 ], [ 600399.0625, 2293943.4375 ], [ 600396.875, 2293948.75 ], [ 600393.4375, 2293952.8125 ], [ 600386.5625, 2293957.1875 ], [ 600383.125, 2293961.25 ], [ 600380.9375, 2293966.5625 ], [ 600380.0, 2293973.125 ], [ 600380.3125, 2294070.3125 ], [ 600381.875, 2294076.25 ], [ 600384.6875, 2294080.9375 ], [ 600393.4375, 2294087.1875 ], [ 600396.875, 2294091.25 ], [ 600399.0625, 2294096.5625 ], [ 600400.0, 2294103.125 ], [ 600400.46875, 2294233.90625 ], [ 600403.28125, 2294246.09375 ], [ 600416.71875, 2294273.90625 ], [ 600418.4375, 2294279.6875 ], [ 600419.84375, 2294289.53125 ], [ 600420.46875, 2294513.90625 ], [ 600423.28125, 2294526.09375 ], [ 600436.71875, 2294553.90625 ], [ 600439.53125, 2294566.09375 ], [ 600440.3125, 2294700.3125 ], [ 600441.875, 2294706.25 ], [ 600444.6875, 2294710.9375 ], [ 600453.4375, 2294717.1875 ], [ 600456.875, 2294721.25 ], [ 600459.0625, 2294726.5625 ], [ 600460.0, 2294733.125 ], [ 600460.0, 2295276.875 ], [ 600460.9375, 2295283.4375 ], [ 600463.125, 2295288.75 ], [ 600466.5625, 2295292.8125 ], [ 600473.4375, 2295297.1875 ], [ 600476.875, 2295301.25 ], [ 600479.0625, 2295306.5625 ], [ 600480.0, 2295313.125 ], [ 600479.6875, 2295410.3125 ], [ 600478.125, 2295416.25 ], [ 600475.3125, 2295420.9375 ], [ 600466.5625, 2295427.1875 ], [ 600463.125, 2295431.25 ], [ 600460.9375, 2295436.5625 ], [ 600460.0, 2295443.125 ], [ 600460.0, 2295596.875 ], [ 600460.9375, 2295603.4375 ], [ 600463.125, 2295608.75 ], [ 600466.5625, 2295612.8125 ], [ 600475.78125, 2295618.59375 ], [ 600481.40625, 2295624.21875 ], [ 600484.375, 2295628.75 ], [ 600495.625, 2295651.25 ], [ 600500.3125, 2295657.8125 ], [ 600508.75, 2295664.375 ], [ 600551.25, 2295685.625 ], [ 600555.3125, 2295689.0625 ], [ 600559.0625, 2295696.5625 ], [ 600560.0, 2295703.125 ], [ 600560.0, 2296066.875 ], [ 600560.9375, 2296077.1875 ], [ 600564.375, 2296088.75 ], [ 600575.625, 2296111.25 ], [ 600580.3125, 2296117.8125 ], [ 600588.75, 2296124.375 ], [ 600613.59375, 2296137.03125 ], [ 600617.8125, 2296140.3125 ], [ 600622.96875, 2296146.40625 ], [ 600636.71875, 2296173.90625 ], [ 600639.0625, 2296182.8125 ], [ 600640.0, 2296193.125 ], [ 600639.6875, 2296260.3125 ], [ 600638.125, 2296266.25 ], [ 600635.3125, 2296270.9375 ], [ 600626.5625, 2296277.1875 ], [ 600623.125, 2296281.25 ], [ 600620.9375, 2296286.5625 ], [ 600620.0, 2296293.125 ], [ 600619.6875, 2296690.3125 ], [ 600616.875, 2296698.75 ], [ 600613.4375, 2296702.8125 ], [ 600604.6875, 2296709.0625 ], [ 600600.9375, 2296716.5625 ], [ 600600.0, 2296723.125 ], [ 600600.0, 2296756.875 ], [ 600598.125, 2296766.25 ], [ 600593.4375, 2296772.8125 ], [ 600584.6875, 2296779.0625 ], [ 600580.9375, 2296786.5625 ], [ 600580.0, 2296793.125 ], [ 600579.53125, 2296893.90625 ], [ 600576.71875, 2296906.09375 ], [ 600562.34375, 2296936.71875 ], [ 600560.46875, 2296946.09375 ], [ 600559.0625, 2296963.4375 ], [ 600555.3125, 2296970.9375 ], [ 600551.25, 2296974.375 ], [ 600544.21875, 2296978.59375 ], [ 600537.03125, 2296986.40625 ], [ 600504.375, 2297051.25 ], [ 600500.9375, 2297062.8125 ], [ 600499.6875, 2297080.3125 ], [ 600498.125, 2297086.25 ], [ 600495.3125, 2297090.9375 ], [ 600486.5625, 2297097.1875 ], [ 600483.125, 2297101.25 ], [ 600480.9375, 2297106.5625 ], [ 600479.6875, 2297120.3125 ], [ 600476.875, 2297128.75 ], [ 600471.25, 2297134.375 ], [ 600426.5625, 2297157.1875 ], [ 600423.125, 2297161.25 ], [ 600420.9375, 2297166.5625 ], [ 600419.6875, 2297180.3125 ], [ 600416.875, 2297188.75 ], [ 600413.4375, 2297192.8125 ], [ 600404.21875, 2297198.59375 ], [ 600398.59375, 2297204.21875 ], [ 600381.40625, 2297235.78125 ], [ 600373.59375, 2297242.96875 ], [ 600348.75, 2297255.625 ], [ 600344.6875, 2297259.0625 ], [ 600340.9375, 2297266.5625 ], [ 600339.6875, 2297280.3125 ], [ 600336.875, 2297288.75 ], [ 600333.4375, 2297292.8125 ], [ 600326.5625, 2297297.1875 ], [ 600321.875, 2297303.75 ], [ 600320.3125, 2297309.6875 ], [ 600319.6875, 2297320.3125 ], [ 600316.875, 2297328.75 ], [ 600313.4375, 2297332.8125 ], [ 600304.21875, 2297338.59375 ], [ 600298.59375, 2297344.21875 ], [ 600295.625, 2297348.75 ], [ 600284.375, 2297371.25 ], [ 600279.6875, 2297377.8125 ], [ 600273.59375, 2297382.96875 ], [ 600248.75, 2297395.625 ], [ 600242.1875, 2297400.3125 ], [ 600235.625, 2297408.75 ], [ 600222.96875, 2297433.59375 ], [ 600215.78125, 2297441.40625 ], [ 600184.21875, 2297458.59375 ], [ 600178.59375, 2297464.21875 ], [ 600172.8125, 2297473.4375 ], [ 600168.75, 2297476.875 ], [ 600160.3125, 2297479.6875 ], [ 600146.5625, 2297480.9375 ], [ 600139.0625, 2297484.6875 ], [ 600135.625, 2297488.75 ], [ 600124.375, 2297511.25 ], [ 600119.6875, 2297517.8125 ], [ 600113.59375, 2297522.96875 ], [ 600088.75, 2297535.625 ], [ 600082.1875, 2297540.3125 ], [ 600077.03125, 2297546.40625 ], [ 600064.375, 2297571.25 ], [ 600060.9375, 2297575.3125 ], [ 600053.4375, 2297579.0625 ], [ 600039.6875, 2297580.3125 ], [ 600031.25, 2297583.125 ], [ 600027.1875, 2297586.5625 ], [ 600019.6875, 2297597.8125 ], [ 600011.25, 2297604.375 ], [ 599828.75, 2297695.625 ], [ 599820.3125, 2297702.1875 ], [ 599812.8125, 2297713.4375 ], [ 599808.75, 2297716.875 ], [ 599803.4375, 2297719.0625 ], [ 599789.6875, 2297720.3125 ], [ 599783.75, 2297721.875 ], [ 599779.0625, 2297724.6875 ], [ 599772.8125, 2297733.4375 ], [ 599766.25, 2297738.125 ], [ 599760.3125, 2297739.6875 ], [ 599742.8125, 2297740.9375 ], [ 599736.71875, 2297742.34375 ], [ 599728.75, 2297745.625 ], [ 599724.6875, 2297749.0625 ], [ 599721.875, 2297753.75 ], [ 599720.3125, 2297759.6875 ], [ 599719.53125, 2297770.15625 ], [ 599718.59375, 2297772.96875 ], [ 599715.3125, 2297777.1875 ], [ 599710.15625, 2297779.53125 ], [ 599699.6875, 2297780.3125 ], [ 599691.25, 2297783.125 ], [ 599687.1875, 2297786.5625 ], [ 599682.8125, 2297793.4375 ], [ 599676.25, 2297798.125 ], [ 599670.3125, 2297799.6875 ], [ 599659.6875, 2297800.3125 ], [ 599651.25, 2297803.125 ], [ 599647.1875, 2297806.5625 ], [ 599642.8125, 2297813.4375 ], [ 599636.25, 2297818.125 ], [ 599630.3125, 2297819.6875 ], [ 599619.6875, 2297820.3125 ], [ 599611.25, 2297823.125 ], [ 599607.1875, 2297826.5625 ], [ 599602.8125, 2297833.4375 ], [ 599596.25, 2297838.125 ], [ 599586.875, 2297840.0 ], [ 599553.125, 2297840.0 ], [ 599546.5625, 2297840.9375 ], [ 599539.0625, 2297844.6875 ], [ 599530.9375, 2297855.3125 ], [ 599526.25, 2297858.125 ], [ 599520.3125, 2297859.6875 ], [ 599453.125, 2297860.0 ], [ 599439.6875, 2297861.5625 ], [ 599431.25, 2297864.375 ], [ 599368.75, 2297895.625 ], [ 599363.28125, 2297897.65625 ], [ 599350.46875, 2297899.84375 ], [ 599313.125, 2297900.0 ], [ 599306.5625, 2297900.9375 ], [ 599299.0625, 2297904.6875 ], [ 599292.8125, 2297913.4375 ], [ 599286.25, 2297918.125 ], [ 599280.3125, 2297919.6875 ], [ 599269.6875, 2297920.3125 ], [ 599261.25, 2297923.125 ], [ 599257.1875, 2297926.5625 ], [ 599252.8125, 2297933.4375 ], [ 599246.25, 2297938.125 ], [ 599240.3125, 2297939.6875 ], [ 599229.53125, 2297940.15625 ], [ 599219.6875, 2297941.5625 ], [ 599211.25, 2297944.375 ], [ 599188.75, 2297955.625 ], [ 599183.28125, 2297957.65625 ], [ 599173.90625, 2297959.53125 ], [ 599159.6875, 2297960.3125 ], [ 599153.75, 2297961.875 ], [ 599147.1875, 2297966.5625 ], [ 599140.9375, 2297975.3125 ], [ 599133.4375, 2297979.0625 ], [ 599126.875, 2297980.0 ], [ 599063.125, 2297980.0 ], [ 599053.75, 2297981.875 ], [ 599049.0625, 2297984.6875 ], [ 599039.6875, 2297997.8125 ], [ 599031.25, 2298004.375 ], [ 598966.09375, 2298036.71875 ], [ 598957.1875, 2298039.0625 ], [ 598939.6875, 2298040.3125 ], [ 598933.75, 2298041.875 ], [ 598929.0625, 2298044.6875 ], [ 598922.8125, 2298053.4375 ], [ 598916.25, 2298058.125 ], [ 598906.875, 2298060.0 ], [ 598873.125, 2298060.0 ], [ 598859.6875, 2298061.5625 ], [ 598851.25, 2298064.375 ], [ 598828.75, 2298075.625 ], [ 598817.1875, 2298079.0625 ], [ 598806.875, 2298080.0 ], [ 598773.125, 2298080.0 ], [ 598766.5625, 2298080.9375 ], [ 598759.0625, 2298084.6875 ], [ 598752.8125, 2298093.4375 ], [ 598746.25, 2298098.125 ], [ 598736.875, 2298100.0 ], [ 598703.125, 2298100.0 ], [ 598696.5625, 2298100.9375 ], [ 598689.0625, 2298104.6875 ], [ 598680.9375, 2298115.3125 ], [ 598673.4375, 2298119.0625 ], [ 598666.875, 2298120.0 ], [ 598509.6875, 2298120.3125 ], [ 598501.25, 2298123.125 ], [ 598497.1875, 2298126.5625 ], [ 598490.9375, 2298135.3125 ], [ 598483.4375, 2298139.0625 ], [ 598476.875, 2298140.0 ], [ 598413.125, 2298140.0 ], [ 598406.5625, 2298140.9375 ], [ 598399.0625, 2298144.6875 ], [ 598390.9375, 2298155.3125 ], [ 598383.4375, 2298159.0625 ], [ 598376.875, 2298160.0 ], [ 598343.125, 2298160.0 ], [ 598336.5625, 2298160.9375 ], [ 598329.0625, 2298164.6875 ], [ 598320.9375, 2298175.3125 ], [ 598316.25, 2298178.125 ], [ 598310.3125, 2298179.6875 ], [ 598243.125, 2298180.0 ], [ 598236.5625, 2298180.9375 ], [ 598229.0625, 2298184.6875 ], [ 598220.9375, 2298195.3125 ], [ 598216.25, 2298198.125 ], [ 598210.3125, 2298199.6875 ], [ 598046.09375, 2298200.46875 ], [ 598033.90625, 2298203.28125 ], [ 598006.09375, 2298216.71875 ], [ 597993.90625, 2298219.53125 ], [ 597859.6875, 2298220.3125 ], [ 597851.25, 2298223.125 ], [ 597847.1875, 2298226.5625 ], [ 597840.9375, 2298235.3125 ], [ 597833.4375, 2298239.0625 ], [ 597826.875, 2298240.0 ], [ 597789.53125, 2298240.15625 ], [ 597779.6875, 2298241.5625 ], [ 597771.25, 2298244.375 ], [ 597748.75, 2298255.625 ], [ 597737.1875, 2298259.0625 ], [ 597726.875, 2298260.0 ], [ 597629.6875, 2298260.3125 ], [ 597623.75, 2298261.875 ], [ 597619.0625, 2298264.6875 ], [ 597612.8125, 2298273.4375 ], [ 597606.25, 2298278.125 ], [ 597600.3125, 2298279.6875 ], [ 597586.09375, 2298280.46875 ], [ 597576.71875, 2298282.34375 ], [ 597571.25, 2298284.375 ], [ 597548.75, 2298295.625 ], [ 597540.3125, 2298298.4375 ], [ 597526.875, 2298300.0 ], [ 597429.6875, 2298300.3125 ], [ 597421.25, 2298303.125 ], [ 597417.1875, 2298306.5625 ], [ 597410.9375, 2298315.3125 ], [ 597403.4375, 2298319.0625 ], [ 597396.875, 2298320.0 ], [ 597363.125, 2298320.0 ], [ 597353.75, 2298321.875 ], [ 597347.1875, 2298326.5625 ], [ 597341.40625, 2298335.78125 ], [ 597335.78125, 2298341.40625 ], [ 597331.25, 2298344.375 ], [ 597308.75, 2298355.625 ], [ 597302.1875, 2298360.3125 ], [ 597295.625, 2298368.75 ], [ 597282.8125, 2298393.4375 ], [ 597278.75, 2298396.875 ], [ 597273.4375, 2298399.0625 ], [ 597266.875, 2298400.0 ], [ 597109.6875, 2298400.3125 ], [ 597101.25, 2298403.125 ], [ 597097.1875, 2298406.5625 ], [ 597090.9375, 2298415.3125 ], [ 597083.4375, 2298419.0625 ], [ 597076.875, 2298420.0 ], [ 597013.125, 2298420.0 ], [ 597002.8125, 2298420.9375 ], [ 596991.25, 2298424.375 ], [ 596966.09375, 2298436.71875 ], [ 596960.3125, 2298438.4375 ], [ 596950.46875, 2298439.84375 ], [ 596733.125, 2298440.0 ], [ 596722.8125, 2298440.9375 ], [ 596711.25, 2298444.375 ], [ 596686.40625, 2298457.03125 ], [ 596678.59375, 2298464.21875 ], [ 596672.8125, 2298473.4375 ], [ 596666.25, 2298478.125 ], [ 596660.3125, 2298479.6875 ], [ 596646.09375, 2298480.46875 ], [ 596636.71875, 2298482.34375 ], [ 596631.25, 2298484.375 ], [ 596608.75, 2298495.625 ], [ 596597.1875, 2298499.0625 ], [ 596586.875, 2298500.0 ], [ 596549.53125, 2298500.15625 ], [ 596536.71875, 2298502.34375 ], [ 596531.25, 2298504.375 ], [ 596466.09375, 2298536.71875 ], [ 596453.90625, 2298539.53125 ], [ 596439.6875, 2298540.3125 ], [ 596431.25, 2298543.125 ], [ 596427.1875, 2298546.5625 ], [ 596421.40625, 2298555.78125 ], [ 596415.78125, 2298561.40625 ], [ 596411.25, 2298564.375 ], [ 596388.75, 2298575.625 ], [ 596380.3125, 2298582.1875 ], [ 596375.625, 2298588.75 ], [ 596362.96875, 2298613.59375 ], [ 596359.6875, 2298617.8125 ], [ 596353.59375, 2298622.96875 ], [ 596286.09375, 2298656.71875 ], [ 596277.1875, 2298659.0625 ], [ 596259.6875, 2298660.3125 ], [ 596253.75, 2298661.875 ], [ 596249.0625, 2298664.6875 ], [ 596242.8125, 2298673.4375 ], [ 596236.25, 2298678.125 ], [ 596230.3125, 2298679.6875 ], [ 596219.6875, 2298680.3125 ], [ 596211.25, 2298683.125 ], [ 596207.1875, 2298686.5625 ], [ 596201.40625, 2298695.78125 ], [ 596195.78125, 2298701.40625 ], [ 596166.5625, 2298717.1875 ], [ 596161.875, 2298723.75 ], [ 596160.3125, 2298729.6875 ], [ 596159.0625, 2298743.4375 ], [ 596155.3125, 2298750.9375 ], [ 596142.1875, 2298760.3125 ], [ 596138.59375, 2298764.21875 ], [ 596132.8125, 2298773.4375 ], [ 596128.75, 2298776.875 ], [ 596120.3125, 2298779.6875 ], [ 596109.84375, 2298780.46875 ], [ 596107.03125, 2298781.40625 ], [ 596102.8125, 2298784.6875 ], [ 596100.46875, 2298789.84375 ], [ 596099.6875, 2298800.3125 ], [ 596096.875, 2298808.75 ], [ 596093.4375, 2298812.8125 ], [ 596086.5625, 2298817.1875 ], [ 596081.875, 2298823.75 ], [ 596080.3125, 2298829.6875 ], [ 596079.6875, 2298840.3125 ], [ 596076.875, 2298848.75 ], [ 596073.4375, 2298852.8125 ], [ 596064.21875, 2298858.59375 ], [ 596058.59375, 2298864.21875 ], [ 596055.625, 2298868.75 ], [ 596044.375, 2298891.25 ], [ 596039.6875, 2298897.8125 ], [ 596033.59375, 2298902.96875 ], [ 596008.75, 2298915.625 ], [ 596002.1875, 2298920.3125 ], [ 595997.03125, 2298926.40625 ], [ 595984.375, 2298951.25 ], [ 595980.9375, 2298955.3125 ], [ 595973.4375, 2298959.0625 ], [ 595956.5625, 2298960.9375 ], [ 595951.25, 2298963.125 ], [ 595947.1875, 2298966.5625 ], [ 595904.375, 2299051.25 ], [ 595901.40625, 2299055.78125 ], [ 595893.59375, 2299062.96875 ], [ 595868.75, 2299075.625 ], [ 595862.1875, 2299080.3125 ], [ 595855.625, 2299088.75 ], [ 595844.375, 2299111.25 ], [ 595841.40625, 2299115.78125 ], [ 595835.78125, 2299121.40625 ], [ 595826.5625, 2299127.1875 ], [ 595823.125, 2299131.25 ], [ 595820.9375, 2299136.5625 ], [ 595819.6875, 2299150.3125 ], [ 595818.125, 2299156.25 ], [ 595815.3125, 2299160.9375 ], [ 595806.5625, 2299167.1875 ], [ 595803.125, 2299171.25 ], [ 595800.9375, 2299176.5625 ], [ 595799.6875, 2299190.3125 ], [ 595798.125, 2299196.25 ], [ 595795.3125, 2299200.9375 ], [ 595786.5625, 2299207.1875 ], [ 595783.125, 2299211.25 ], [ 595780.9375, 2299216.5625 ], [ 595779.6875, 2299230.3125 ], [ 595778.125, 2299236.25 ], [ 595775.3125, 2299240.9375 ], [ 595766.5625, 2299247.1875 ], [ 595763.125, 2299251.25 ], [ 595760.3125, 2299259.6875 ], [ 595759.53125, 2299270.15625 ], [ 595757.1875, 2299275.3125 ], [ 595755.3125, 2299277.1875 ], [ 595750.15625, 2299279.53125 ], [ 595739.6875, 2299280.3125 ], [ 595731.25, 2299283.125 ], [ 595727.1875, 2299286.5625 ], [ 595721.40625, 2299295.78125 ], [ 595715.78125, 2299301.40625 ], [ 595711.25, 2299304.375 ], [ 595688.75, 2299315.625 ], [ 595683.125, 2299321.25 ], [ 595680.9375, 2299326.5625 ], [ 595680.0, 2299333.125 ], [ 595680.0, 2299396.875 ], [ 595679.0625, 2299403.4375 ], [ 595675.3125, 2299410.9375 ], [ 595666.5625, 2299417.1875 ], [ 595661.875, 2299423.75 ], [ 595660.3125, 2299429.6875 ], [ 595659.6875, 2299440.3125 ], [ 595656.875, 2299448.75 ], [ 595653.4375, 2299452.8125 ], [ 595646.5625, 2299457.1875 ], [ 595641.875, 2299463.75 ], [ 595640.3125, 2299469.6875 ], [ 595639.6875, 2299480.3125 ], [ 595636.875, 2299488.75 ], [ 595633.4375, 2299492.8125 ], [ 595626.5625, 2299497.1875 ], [ 595621.875, 2299503.75 ], [ 595620.0, 2299513.125 ], [ 595620.0, 2299546.875 ], [ 595619.0625, 2299553.4375 ], [ 595615.3125, 2299560.9375 ], [ 595606.5625, 2299567.1875 ], [ 595601.875, 2299573.75 ], [ 595600.3125, 2299579.6875 ], [ 595599.6875, 2299590.3125 ], [ 595596.875, 2299598.75 ], [ 595591.25, 2299604.375 ], [ 595568.75, 2299615.625 ], [ 595564.21875, 2299618.59375 ], [ 595558.59375, 2299624.21875 ], [ 595552.8125, 2299633.4375 ], [ 595548.75, 2299636.875 ], [ 595540.3125, 2299639.6875 ], [ 595529.84375, 2299640.46875 ], [ 595527.03125, 2299641.40625 ], [ 595522.8125, 2299644.6875 ], [ 595521.40625, 2299647.03125 ], [ 595520.0, 2299653.125 ], [ 595520.0, 2299686.875 ], [ 595518.4375, 2299700.3125 ], [ 595515.625, 2299708.75 ], [ 595504.375, 2299731.25 ], [ 595497.8125, 2299739.6875 ], [ 595486.5625, 2299747.1875 ], [ 595483.125, 2299751.25 ], [ 595480.3125, 2299759.6875 ], [ 595479.53125, 2299770.15625 ], [ 595477.1875, 2299775.3125 ], [ 595475.3125, 2299777.1875 ], [ 595470.15625, 2299779.53125 ], [ 595459.6875, 2299780.3125 ], [ 595451.25, 2299783.125 ], [ 595447.1875, 2299786.5625 ], [ 595439.6875, 2299797.8125 ], [ 595435.78125, 2299801.40625 ], [ 595426.5625, 2299807.1875 ], [ 595421.875, 2299813.75 ], [ 595420.0, 2299823.125 ], [ 595420.0, 2299856.875 ], [ 595419.0625, 2299863.4375 ], [ 595415.3125, 2299870.9375 ], [ 595404.6875, 2299879.0625 ], [ 595401.875, 2299883.75 ], [ 595400.3125, 2299889.6875 ], [ 595400.0, 2299926.875 ], [ 595399.0625, 2299933.4375 ], [ 595395.3125, 2299940.9375 ], [ 595386.5625, 2299947.1875 ], [ 595381.875, 2299953.75 ], [ 595380.3125, 2299959.6875 ], [ 595379.0625, 2299977.1875 ], [ 595376.71875, 2299986.09375 ], [ 595344.375, 2300051.25 ], [ 595341.5625, 2300059.6875 ], [ 595340.0, 2300073.125 ], [ 595340.0, 2300196.875 ], [ 595338.125, 2300206.25 ], [ 595335.3125, 2300210.9375 ], [ 595326.5625, 2300217.1875 ], [ 595323.125, 2300221.25 ], [ 595320.9375, 2300226.5625 ], [ 595319.6875, 2300240.3125 ], [ 595316.875, 2300248.75 ], [ 595313.4375, 2300252.8125 ], [ 595302.1875, 2300260.3125 ], [ 595295.625, 2300268.75 ], [ 595284.375, 2300291.25 ], [ 595282.34375, 2300296.71875 ], [ 595280.46875, 2300306.09375 ], [ 595279.6875, 2300320.3125 ], [ 595276.875, 2300328.75 ], [ 595273.4375, 2300332.8125 ], [ 595266.40625, 2300337.03125 ], [ 595260.3125, 2300342.1875 ], [ 595255.625, 2300348.75 ], [ 595244.375, 2300371.25 ], [ 595241.40625, 2300375.78125 ], [ 595235.78125, 2300381.40625 ], [ 595226.5625, 2300387.1875 ], [ 595223.125, 2300391.25 ], [ 595220.3125, 2300399.6875 ], [ 595219.53125, 2300413.90625 ], [ 595217.65625, 2300423.28125 ], [ 595202.34375, 2300456.71875 ], [ 595200.15625, 2300469.53125 ], [ 595200.0, 2300506.875 ], [ 595199.0625, 2300513.4375 ], [ 595195.3125, 2300520.9375 ], [ 595186.5625, 2300527.1875 ], [ 595181.875, 2300533.75 ], [ 595180.3125, 2300539.6875 ], [ 595179.53125, 2300553.90625 ], [ 595177.65625, 2300563.28125 ], [ 595175.625, 2300568.75 ], [ 595164.375, 2300591.25 ], [ 595160.9375, 2300602.8125 ], [ 595160.0, 2300613.125 ], [ 595160.0, 2300706.875 ], [ 595159.0625, 2300713.4375 ], [ 595155.3125, 2300720.9375 ], [ 595146.5625, 2300727.1875 ], [ 595141.875, 2300733.75 ], [ 595140.3125, 2300739.6875 ], [ 595139.6875, 2300750.3125 ], [ 595136.875, 2300758.75 ], [ 595133.4375, 2300762.8125 ], [ 595126.5625, 2300767.1875 ], [ 595121.875, 2300773.75 ], [ 595120.0, 2300783.125 ], [ 595120.0, 2300846.875 ], [ 595119.0625, 2300853.4375 ], [ 595115.3125, 2300860.9375 ], [ 595106.5625, 2300867.1875 ], [ 595101.875, 2300873.75 ], [ 595100.3125, 2300879.6875 ], [ 595099.0625, 2300897.1875 ], [ 595096.71875, 2300906.09375 ], [ 595064.375, 2300971.25 ], [ 595062.34375, 2300976.71875 ], [ 595060.9375, 2300982.8125 ], [ 595060.0, 2300993.125 ], [ 595060.0, 2301056.875 ], [ 595059.0625, 2301063.4375 ], [ 595055.3125, 2301070.9375 ], [ 595051.25, 2301074.375 ], [ 595044.21875, 2301078.59375 ], [ 595037.03125, 2301086.40625 ], [ 595024.375, 2301111.25 ], [ 595022.34375, 2301116.71875 ], [ 595020.15625, 2301129.53125 ], [ 595020.0, 2301166.875 ], [ 595019.0625, 2301177.1875 ], [ 595016.71875, 2301186.09375 ], [ 595004.375, 2301211.25 ], [ 595001.5625, 2301219.6875 ], [ 595000.15625, 2301229.53125 ], [ 595000.0, 2301266.875 ], [ 594999.0625, 2301277.1875 ], [ 594995.625, 2301288.75 ], [ 594984.375, 2301311.25 ], [ 594982.34375, 2301316.71875 ], [ 594980.46875, 2301326.09375 ], [ 594979.0625, 2301343.4375 ], [ 594975.3125, 2301350.9375 ], [ 594966.5625, 2301357.1875 ], [ 594961.875, 2301363.75 ], [ 594960.3125, 2301369.6875 ], [ 594959.6875, 2301380.3125 ], [ 594956.875, 2301388.75 ], [ 594953.4375, 2301392.8125 ], [ 594946.5625, 2301397.1875 ], [ 594941.875, 2301403.75 ], [ 594940.0, 2301413.125 ], [ 594940.0, 2301446.875 ], [ 594939.0625, 2301457.1875 ], [ 594935.625, 2301468.75 ], [ 594924.375, 2301491.25 ], [ 594922.34375, 2301496.71875 ], [ 594920.46875, 2301506.09375 ], [ 594919.6875, 2301520.3125 ], [ 594918.125, 2301526.25 ], [ 594913.4375, 2301532.8125 ], [ 594904.21875, 2301538.59375 ], [ 594897.03125, 2301546.40625 ], [ 594864.375, 2301611.25 ], [ 594860.9375, 2301622.8125 ], [ 594859.6875, 2301640.3125 ], [ 594858.125, 2301646.25 ], [ 594853.4375, 2301652.8125 ], [ 594844.6875, 2301659.0625 ], [ 594840.9375, 2301666.5625 ], [ 594840.0, 2301673.125 ], [ 594840.0, 2301706.875 ], [ 594838.125, 2301716.25 ], [ 594835.3125, 2301720.9375 ], [ 594826.5625, 2301727.1875 ], [ 594823.125, 2301731.25 ], [ 594820.9375, 2301736.5625 ], [ 594819.6875, 2301750.3125 ], [ 594818.125, 2301756.25 ], [ 594813.4375, 2301762.8125 ], [ 594804.6875, 2301769.0625 ], [ 594800.9375, 2301776.5625 ], [ 594800.0, 2301783.125 ], [ 594800.0, 2301816.875 ], [ 594799.0625, 2301823.4375 ], [ 594795.3125, 2301830.9375 ], [ 594784.6875, 2301839.0625 ], [ 594781.875, 2301843.75 ], [ 594780.3125, 2301849.6875 ], [ 594780.0, 2301976.875 ], [ 594779.0625, 2301983.4375 ], [ 594775.3125, 2301990.9375 ], [ 594766.5625, 2301997.1875 ], [ 594761.875, 2302003.75 ], [ 594760.0, 2302013.125 ], [ 594760.0, 2302046.875 ], [ 594759.0625, 2302053.4375 ], [ 594755.3125, 2302060.9375 ], [ 594746.5625, 2302067.1875 ], [ 594741.875, 2302073.75 ], [ 594740.3125, 2302079.6875 ], [ 594739.84375, 2302090.46875 ], [ 594738.4375, 2302100.3125 ], [ 594735.625, 2302108.75 ], [ 594724.375, 2302131.25 ], [ 594722.34375, 2302136.71875 ], [ 594720.46875, 2302146.09375 ], [ 594719.6875, 2302160.3125 ], [ 594718.125, 2302166.25 ], [ 594713.4375, 2302172.8125 ], [ 594704.6875, 2302179.0625 ], [ 594700.9375, 2302186.5625 ], [ 594700.0, 2302193.125 ], [ 594700.0, 2302286.875 ], [ 594699.0625, 2302293.4375 ], [ 594695.3125, 2302300.9375 ], [ 594686.5625, 2302307.1875 ], [ 594683.125, 2302311.25 ], [ 594680.9375, 2302316.5625 ], [ 594679.6875, 2302330.3125 ], [ 594678.125, 2302336.25 ], [ 594673.4375, 2302342.8125 ], [ 594664.6875, 2302349.0625 ], [ 594661.875, 2302353.75 ], [ 594660.3125, 2302359.6875 ], [ 594659.6875, 2302490.3125 ], [ 594656.875, 2302498.75 ], [ 594653.4375, 2302502.8125 ], [ 594644.6875, 2302509.0625 ], [ 594640.9375, 2302516.5625 ], [ 594640.0, 2302523.125 ], [ 594639.6875, 2302620.3125 ], [ 594638.125, 2302626.25 ], [ 594635.3125, 2302630.9375 ], [ 594626.5625, 2302637.1875 ], [ 594623.125, 2302641.25 ], [ 594620.9375, 2302646.5625 ], [ 594620.0, 2302653.125 ], [ 594620.0, 2302686.875 ], [ 594620.9375, 2302693.4375 ], [ 594624.6875, 2302700.9375 ], [ 594635.3125, 2302709.0625 ], [ 594638.125, 2302713.75 ], [ 594639.6875, 2302719.6875 ], [ 594640.0, 2302846.875 ], [ 594640.9375, 2302857.1875 ], [ 594644.375, 2302868.75 ], [ 594656.71875, 2302893.90625 ], [ 594659.0625, 2302902.8125 ], [ 594660.0, 2302913.125 ], [ 594660.0, 2303216.875 ], [ 594659.0625, 2303223.4375 ], [ 594656.875, 2303228.75 ], [ 594653.4375, 2303232.8125 ], [ 594646.5625, 2303237.1875 ], [ 594643.125, 2303241.25 ], [ 594640.9375, 2303246.5625 ], [ 594640.0, 2303253.125 ], [ 594640.0, 2303556.875 ], [ 594640.9375, 2303563.4375 ], [ 594643.125, 2303568.75 ], [ 594646.5625, 2303572.8125 ], [ 594653.4375, 2303577.1875 ], [ 594656.875, 2303581.25 ], [ 594659.0625, 2303586.5625 ], [ 594660.0, 2303593.125 ], [ 594660.0, 2303806.875 ], [ 594659.0625, 2303813.4375 ], [ 594656.875, 2303818.75 ], [ 594653.4375, 2303822.8125 ], [ 594644.6875, 2303829.0625 ], [ 594640.9375, 2303836.5625 ], [ 594640.0, 2303843.125 ], [ 594640.0, 2303876.875 ], [ 594640.9375, 2303883.4375 ], [ 594643.125, 2303888.75 ], [ 594646.5625, 2303892.8125 ], [ 594655.3125, 2303899.0625 ], [ 594658.125, 2303903.75 ], [ 594659.6875, 2303909.6875 ], [ 594660.0, 2304006.875 ], [ 594660.9375, 2304013.4375 ], [ 594663.125, 2304018.75 ], [ 594666.5625, 2304022.8125 ], [ 594691.25, 2304035.625 ], [ 594695.3125, 2304039.0625 ], [ 594698.125, 2304043.75 ], [ 594700.0, 2304053.125 ], [ 594700.0, 2304116.875 ], [ 594700.9375, 2304123.4375 ], [ 594704.6875, 2304130.9375 ], [ 594715.3125, 2304139.0625 ], [ 594718.125, 2304143.75 ], [ 594719.6875, 2304149.6875 ], [ 594720.0, 2304216.875 ], [ 594720.9375, 2304223.4375 ], [ 594724.6875, 2304230.9375 ], [ 594735.3125, 2304239.0625 ], [ 594738.125, 2304243.75 ], [ 594739.6875, 2304249.6875 ], [ 594740.0, 2304436.875 ], [ 594740.9375, 2304443.4375 ], [ 594744.6875, 2304450.9375 ], [ 594757.8125, 2304460.3125 ], [ 594764.375, 2304468.75 ], [ 594855.625, 2304651.25 ], [ 594862.1875, 2304659.6875 ], [ 594873.4375, 2304667.1875 ], [ 594876.875, 2304671.25 ], [ 594879.6875, 2304679.6875 ], [ 594880.46875, 2304693.90625 ], [ 594882.34375, 2304703.28125 ], [ 594884.375, 2304708.75 ], [ 594897.03125, 2304733.59375 ], [ 594900.3125, 2304737.8125 ], [ 594906.40625, 2304742.96875 ], [ 594933.59375, 2304757.03125 ], [ 594941.40625, 2304764.21875 ], [ 594944.375, 2304768.75 ], [ 594977.03125, 2304833.59375 ], [ 594982.1875, 2304839.6875 ], [ 594993.4375, 2304847.1875 ], [ 594996.875, 2304851.25 ], [ 594999.6875, 2304859.6875 ], [ 595000.9375, 2304873.4375 ], [ 595004.6875, 2304880.9375 ], [ 595008.75, 2304884.375 ], [ 595031.25, 2304895.625 ], [ 595037.8125, 2304900.3125 ], [ 595042.96875, 2304906.40625 ], [ 595055.625, 2304931.25 ], [ 595060.3125, 2304937.8125 ], [ 595066.40625, 2304942.96875 ], [ 595091.25, 2304955.625 ], [ 595097.8125, 2304960.3125 ], [ 595102.96875, 2304966.40625 ], [ 595115.625, 2304991.25 ], [ 595120.3125, 2304997.8125 ], [ 595126.40625, 2305002.96875 ], [ 595151.25, 2305015.625 ], [ 595155.3125, 2305019.0625 ], [ 595159.0625, 2305026.5625 ], [ 595160.3125, 2305040.3125 ], [ 595163.125, 2305048.75 ], [ 595166.5625, 2305052.8125 ], [ 595177.8125, 2305060.3125 ], [ 595182.96875, 2305066.40625 ], [ 595215.625, 2305131.25 ], [ 595219.0625, 2305135.3125 ], [ 595226.5625, 2305139.0625 ], [ 595240.3125, 2305140.3125 ], [ 595248.75, 2305143.125 ], [ 595252.8125, 2305146.5625 ], [ 595260.3125, 2305157.8125 ], [ 595266.40625, 2305162.96875 ], [ 595311.25, 2305185.625 ], [ 595316.875, 2305191.25 ], [ 595319.0625, 2305196.5625 ], [ 595320.0, 2305203.125 ], [ 595319.6875, 2305270.3125 ], [ 595318.125, 2305276.25 ], [ 595315.3125, 2305280.9375 ], [ 595306.5625, 2305287.1875 ], [ 595303.125, 2305291.25 ], [ 595300.9375, 2305296.5625 ], [ 595300.0, 2305303.125 ], [ 595300.46875, 2305313.90625 ], [ 595302.34375, 2305323.28125 ], [ 595305.625, 2305331.25 ], [ 595309.0625, 2305335.3125 ], [ 595313.75, 2305338.125 ], [ 595319.6875, 2305339.6875 ], [ 595333.90625, 2305339.53125 ], [ 595346.09375, 2305336.71875 ], [ 595351.25, 2305334.375 ], [ 595355.3125, 2305330.9375 ], [ 595358.125, 2305326.25 ], [ 595359.6875, 2305320.3125 ], [ 595360.0, 2305283.125 ], [ 595360.9375, 2305276.5625 ], [ 595363.125, 2305271.25 ], [ 595368.75, 2305265.625 ], [ 595379.6875, 2305261.5625 ], [ 595393.125, 2305260.0 ], [ 595430.46875, 2305260.15625 ], [ 595440.3125, 2305261.5625 ], [ 595448.75, 2305264.375 ], [ 595471.25, 2305275.625 ], [ 595477.8125, 2305280.3125 ], [ 595482.96875, 2305286.40625 ], [ 595495.625, 2305311.25 ], [ 595500.3125, 2305317.8125 ], [ 595506.40625, 2305322.96875 ], [ 595531.25, 2305335.625 ], [ 595537.8125, 2305340.3125 ], [ 595544.375, 2305348.75 ], [ 595555.625, 2305371.25 ], [ 595561.25, 2305376.875 ], [ 595569.6875, 2305379.6875 ], [ 595606.875, 2305380.0 ], [ 595616.25, 2305381.875 ], [ 595620.9375, 2305384.6875 ], [ 595627.1875, 2305393.4375 ], [ 595631.25, 2305396.875 ], [ 595636.5625, 2305399.0625 ], [ 595650.3125, 2305400.3125 ], [ 595656.25, 2305401.875 ], [ 595660.9375, 2305404.6875 ], [ 595667.1875, 2305413.4375 ], [ 595671.25, 2305416.875 ], [ 595676.5625, 2305419.0625 ], [ 595690.3125, 2305420.3125 ], [ 595698.75, 2305423.125 ], [ 595704.375, 2305428.75 ], [ 595715.625, 2305451.25 ], [ 595719.0625, 2305455.3125 ], [ 595726.5625, 2305459.0625 ], [ 595740.3125, 2305460.3125 ], [ 595748.75, 2305463.125 ], [ 595752.8125, 2305466.5625 ], [ 595757.1875, 2305473.4375 ], [ 595763.75, 2305478.125 ], [ 595769.6875, 2305479.6875 ], [ 595780.3125, 2305480.3125 ], [ 595788.75, 2305483.125 ], [ 595792.8125, 2305486.5625 ], [ 595797.03125, 2305493.59375 ], [ 595802.1875, 2305499.6875 ], [ 595808.75, 2305504.375 ], [ 595831.25, 2305515.625 ], [ 595835.78125, 2305518.59375 ], [ 595841.40625, 2305524.21875 ], [ 595847.1875, 2305533.4375 ], [ 595851.25, 2305536.875 ], [ 595856.5625, 2305539.0625 ], [ 595863.125, 2305540.0 ], [ 595926.875, 2305540.0 ], [ 595937.1875, 2305540.9375 ], [ 595946.09375, 2305543.28125 ], [ 595971.25, 2305555.625 ], [ 595975.78125, 2305558.59375 ], [ 595981.40625, 2305564.21875 ], [ 595987.1875, 2305573.4375 ], [ 595991.25, 2305576.875 ], [ 595999.6875, 2305579.6875 ], [ 596013.4375, 2305580.9375 ], [ 596020.9375, 2305584.6875 ], [ 596024.375, 2305588.75 ], [ 596035.625, 2305611.25 ], [ 596039.0625, 2305615.3125 ], [ 596043.75, 2305618.125 ], [ 596053.125, 2305620.0 ], [ 596086.875, 2305620.0 ], [ 596100.3125, 2305621.5625 ], [ 596108.75, 2305624.375 ], [ 596131.25, 2305635.625 ], [ 596142.8125, 2305639.0625 ], [ 596153.125, 2305640.0 ], [ 596186.875, 2305640.0 ], [ 596193.4375, 2305640.9375 ], [ 596198.75, 2305643.125 ], [ 596202.8125, 2305646.5625 ], [ 596215.625, 2305671.25 ], [ 596219.0625, 2305675.3125 ], [ 596223.75, 2305678.125 ], [ 596233.125, 2305680.0 ], [ 596296.875, 2305680.0 ], [ 596303.4375, 2305680.9375 ], [ 596310.9375, 2305684.6875 ], [ 596317.1875, 2305693.4375 ], [ 596323.75, 2305698.125 ], [ 596329.6875, 2305699.6875 ], [ 596340.3125, 2305700.3125 ], [ 596348.75, 2305703.125 ], [ 596352.8125, 2305706.5625 ], [ 596358.59375, 2305715.78125 ], [ 596364.21875, 2305721.40625 ], [ 596368.75, 2305724.375 ], [ 596393.90625, 2305736.71875 ], [ 596399.6875, 2305738.4375 ], [ 596409.53125, 2305739.84375 ], [ 596453.90625, 2305740.46875 ], [ 596460.3125, 2305741.5625 ], [ 596468.75, 2305744.375 ], [ 596573.59375, 2305797.03125 ], [ 596577.8125, 2305800.3125 ], [ 596582.96875, 2305806.40625 ], [ 596597.03125, 2305833.59375 ], [ 596604.21875, 2305841.40625 ], [ 596608.75, 2305844.375 ], [ 596673.59375, 2305877.03125 ], [ 596677.8125, 2305880.3125 ], [ 596682.96875, 2305886.40625 ], [ 596697.03125, 2305913.59375 ], [ 596704.21875, 2305921.40625 ], [ 596708.75, 2305924.375 ], [ 596771.25, 2305955.625 ], [ 596779.6875, 2305962.1875 ], [ 596784.375, 2305968.75 ], [ 596795.625, 2305991.25 ], [ 596798.59375, 2305995.78125 ], [ 596804.21875, 2306001.40625 ], [ 596813.4375, 2306007.1875 ], [ 596816.875, 2306011.25 ], [ 596819.6875, 2306019.6875 ], [ 596820.9375, 2306033.4375 ], [ 596824.6875, 2306040.9375 ], [ 596828.75, 2306044.375 ], [ 596851.25, 2306055.625 ], [ 596857.8125, 2306060.3125 ], [ 596862.96875, 2306066.40625 ], [ 596875.625, 2306091.25 ], [ 596880.3125, 2306097.8125 ], [ 596886.40625, 2306102.96875 ], [ 596911.25, 2306115.625 ], [ 596917.8125, 2306120.3125 ], [ 596922.96875, 2306126.40625 ], [ 596935.625, 2306151.25 ], [ 596940.3125, 2306157.8125 ], [ 596948.75, 2306164.375 ], [ 596971.25, 2306175.625 ], [ 596976.875, 2306181.25 ], [ 596979.0625, 2306186.5625 ], [ 596980.3125, 2306200.3125 ], [ 596983.125, 2306208.75 ], [ 596986.5625, 2306212.8125 ], [ 596997.8125, 2306220.3125 ], [ 597004.375, 2306228.75 ], [ 597096.71875, 2306413.90625 ], [ 597098.4375, 2306419.6875 ], [ 597099.84375, 2306429.53125 ], [ 597100.0, 2306466.875 ], [ 597100.9375, 2306473.4375 ], [ 597104.6875, 2306480.9375 ], [ 597115.3125, 2306489.0625 ], [ 597119.0625, 2306496.5625 ], [ 597120.0, 2306503.125 ], [ 597120.3125, 2306540.3125 ], [ 597123.125, 2306548.75 ], [ 597126.5625, 2306552.8125 ], [ 597135.3125, 2306559.0625 ], [ 597139.0625, 2306566.5625 ], [ 597140.0, 2306573.125 ], [ 597140.0, 2306606.875 ], [ 597140.9375, 2306613.4375 ], [ 597144.6875, 2306620.9375 ], [ 597153.4375, 2306627.1875 ], [ 597156.875, 2306631.25 ], [ 597159.0625, 2306636.5625 ], [ 597160.3125, 2306650.3125 ], [ 597161.875, 2306656.25 ], [ 597166.5625, 2306662.8125 ], [ 597175.3125, 2306669.0625 ], [ 597179.0625, 2306676.5625 ], [ 597180.0, 2306683.125 ], [ 597180.3125, 2306780.3125 ], [ 597183.125, 2306788.75 ], [ 597186.5625, 2306792.8125 ], [ 597195.3125, 2306799.0625 ], [ 597198.125, 2306803.75 ], [ 597199.6875, 2306809.6875 ], [ 597199.6875, 2307090.3125 ], [ 597198.125, 2307096.25 ], [ 597195.3125, 2307100.9375 ], [ 597186.5625, 2307107.1875 ], [ 597181.875, 2307113.75 ], [ 597180.3125, 2307119.6875 ], [ 597179.0625, 2307137.1875 ], [ 597176.71875, 2307146.09375 ], [ 597154.375, 2307191.25 ], [ 597150.9375, 2307195.3125 ], [ 597146.25, 2307198.125 ], [ 597140.3125, 2307199.6875 ], [ 597129.84375, 2307200.46875 ], [ 597127.03125, 2307201.40625 ], [ 597122.8125, 2307204.6875 ], [ 597120.46875, 2307209.84375 ], [ 597119.6875, 2307220.3125 ], [ 597116.875, 2307228.75 ], [ 597113.4375, 2307232.8125 ], [ 597106.5625, 2307237.1875 ], [ 597101.875, 2307243.75 ], [ 597100.3125, 2307249.6875 ], [ 597099.6875, 2307260.3125 ], [ 597096.875, 2307268.75 ], [ 597093.4375, 2307272.8125 ], [ 597086.5625, 2307277.1875 ], [ 597081.875, 2307283.75 ], [ 597080.0, 2307293.125 ], [ 597079.84375, 2307330.46875 ], [ 597077.65625, 2307343.28125 ], [ 597062.34375, 2307376.71875 ], [ 597060.46875, 2307386.09375 ], [ 597059.6875, 2307400.3125 ], [ 597058.125, 2307406.25 ], [ 597053.4375, 2307412.8125 ], [ 597044.6875, 2307419.0625 ], [ 597040.9375, 2307426.5625 ], [ 597040.0, 2307433.125 ], [ 597040.0, 2307466.875 ], [ 597038.125, 2307476.25 ], [ 597033.4375, 2307482.8125 ], [ 597024.6875, 2307489.0625 ], [ 597021.875, 2307493.75 ], [ 597020.3125, 2307499.6875 ], [ 597020.0, 2307626.875 ], [ 597018.4375, 2307640.3125 ], [ 597015.625, 2307648.75 ], [ 596962.96875, 2307753.59375 ], [ 596959.6875, 2307757.8125 ], [ 596953.59375, 2307762.96875 ], [ 596928.75, 2307775.625 ], [ 596924.6875, 2307779.0625 ], [ 596920.9375, 2307786.5625 ], [ 596919.6875, 2307800.3125 ], [ 596916.875, 2307808.75 ], [ 596913.4375, 2307812.8125 ], [ 596904.21875, 2307818.59375 ], [ 596898.59375, 2307824.21875 ], [ 596881.40625, 2307855.78125 ], [ 596873.59375, 2307862.96875 ], [ 596848.75, 2307875.625 ], [ 596840.3125, 2307882.1875 ], [ 596835.625, 2307888.75 ], [ 596824.375, 2307911.25 ], [ 596817.8125, 2307919.6875 ], [ 596811.25, 2307924.375 ], [ 596748.75, 2307955.625 ], [ 596740.3125, 2307962.1875 ], [ 596735.625, 2307968.75 ], [ 596724.375, 2307991.25 ], [ 596721.40625, 2307995.78125 ], [ 596715.78125, 2308001.40625 ], [ 596706.5625, 2308007.1875 ], [ 596703.125, 2308011.25 ], [ 596700.3125, 2308019.6875 ], [ 596699.0625, 2308033.4375 ], [ 596696.875, 2308038.75 ], [ 596693.4375, 2308042.8125 ], [ 596664.21875, 2308058.59375 ], [ 596658.59375, 2308064.21875 ], [ 596652.8125, 2308073.4375 ], [ 596648.75, 2308076.875 ], [ 596643.4375, 2308079.0625 ], [ 596629.6875, 2308080.3125 ], [ 596623.75, 2308081.875 ], [ 596619.0625, 2308084.6875 ], [ 596612.8125, 2308093.4375 ], [ 596606.25, 2308098.125 ], [ 596600.3125, 2308099.6875 ], [ 596589.53125, 2308100.15625 ], [ 596579.6875, 2308101.5625 ], [ 596571.25, 2308104.375 ], [ 596564.6875, 2308109.0625 ], [ 596560.9375, 2308116.5625 ], [ 596559.0625, 2308133.4375 ], [ 596555.3125, 2308140.9375 ], [ 596551.25, 2308144.375 ], [ 596528.75, 2308155.625 ], [ 596524.6875, 2308159.0625 ], [ 596521.875, 2308163.75 ], [ 596520.0, 2308173.125 ], [ 596520.0, 2308206.875 ], [ 596518.59375, 2308212.96875 ], [ 596515.3125, 2308217.1875 ], [ 596510.15625, 2308219.53125 ], [ 596499.6875, 2308220.3125 ], [ 596491.25, 2308223.125 ], [ 596487.1875, 2308226.5625 ], [ 596482.8125, 2308233.4375 ], [ 596476.25, 2308238.125 ], [ 596470.3125, 2308239.6875 ], [ 596459.6875, 2308240.3125 ], [ 596451.25, 2308243.125 ], [ 596447.1875, 2308246.5625 ], [ 596441.40625, 2308255.78125 ], [ 596435.78125, 2308261.40625 ], [ 596431.25, 2308264.375 ], [ 596408.75, 2308275.625 ], [ 596400.3125, 2308278.4375 ], [ 596393.90625, 2308279.53125 ], [ 596379.6875, 2308280.3125 ], [ 596371.25, 2308283.125 ], [ 596367.1875, 2308286.5625 ], [ 596362.8125, 2308293.4375 ], [ 596356.25, 2308298.125 ], [ 596346.875, 2308300.0 ], [ 596313.125, 2308300.0 ], [ 596302.8125, 2308300.9375 ], [ 596291.25, 2308304.375 ], [ 596268.75, 2308315.625 ], [ 596263.28125, 2308317.65625 ], [ 596253.90625, 2308319.53125 ], [ 596239.6875, 2308320.3125 ], [ 596233.75, 2308321.875 ], [ 596227.1875, 2308326.5625 ], [ 596221.40625, 2308335.78125 ], [ 596213.59375, 2308342.96875 ], [ 596166.5625, 2308367.1875 ], [ 596163.125, 2308371.25 ], [ 596160.9375, 2308376.5625 ], [ 596159.6875, 2308390.3125 ], [ 596156.875, 2308398.75 ], [ 596153.4375, 2308402.8125 ], [ 596146.5625, 2308407.1875 ], [ 596141.875, 2308413.75 ], [ 596140.3125, 2308419.6875 ], [ 596139.6875, 2308430.3125 ], [ 596136.875, 2308438.75 ], [ 596133.4375, 2308442.8125 ], [ 596126.5625, 2308447.1875 ], [ 596121.875, 2308453.75 ], [ 596120.3125, 2308459.6875 ], [ 596119.6875, 2308470.3125 ], [ 596116.875, 2308478.75 ], [ 596113.4375, 2308482.8125 ], [ 596106.5625, 2308487.1875 ], [ 596101.875, 2308493.75 ], [ 596100.3125, 2308499.6875 ], [ 596099.6875, 2308510.3125 ], [ 596096.875, 2308518.75 ], [ 596091.25, 2308524.375 ], [ 596068.75, 2308535.625 ], [ 596060.3125, 2308542.1875 ], [ 596055.625, 2308548.75 ], [ 596044.375, 2308571.25 ], [ 596040.9375, 2308575.3125 ], [ 596033.4375, 2308579.0625 ], [ 596016.5625, 2308580.9375 ], [ 596011.25, 2308583.125 ], [ 596007.1875, 2308586.5625 ], [ 596004.375, 2308591.25 ], [ 596001.5625, 2308599.6875 ], [ 596000.46875, 2308606.09375 ], [ 595999.6875, 2308620.3125 ], [ 595998.125, 2308626.25 ], [ 595995.3125, 2308630.9375 ], [ 595986.5625, 2308637.1875 ], [ 595983.125, 2308641.25 ], [ 595980.3125, 2308649.6875 ], [ 595979.0625, 2308663.4375 ], [ 595976.875, 2308668.75 ], [ 595973.4375, 2308672.8125 ], [ 595848.75, 2308735.625 ], [ 595844.21875, 2308738.59375 ], [ 595837.03125, 2308746.40625 ], [ 595824.375, 2308771.25 ], [ 595819.6875, 2308777.8125 ], [ 595813.59375, 2308782.96875 ], [ 595788.75, 2308795.625 ], [ 595782.1875, 2308800.3125 ], [ 595777.03125, 2308806.40625 ], [ 595764.375, 2308831.25 ], [ 595759.6875, 2308837.8125 ], [ 595753.59375, 2308842.96875 ], [ 595728.75, 2308855.625 ], [ 595722.1875, 2308860.3125 ], [ 595715.625, 2308868.75 ], [ 595704.375, 2308891.25 ], [ 595698.75, 2308896.875 ], [ 595693.4375, 2308899.0625 ], [ 595679.6875, 2308900.3125 ], [ 595671.25, 2308903.125 ], [ 595667.1875, 2308906.5625 ], [ 595659.6875, 2308917.8125 ], [ 595653.59375, 2308922.96875 ], [ 595586.09375, 2308956.71875 ], [ 595580.3125, 2308958.4375 ], [ 595570.46875, 2308959.84375 ], [ 595533.125, 2308960.0 ], [ 595523.75, 2308961.875 ], [ 595517.1875, 2308966.5625 ], [ 595504.375, 2308991.25 ], [ 595498.75, 2308996.875 ], [ 595493.4375, 2308999.0625 ], [ 595479.6875, 2309000.3125 ], [ 595473.75, 2309001.875 ], [ 595469.0625, 2309004.6875 ], [ 595462.8125, 2309013.4375 ], [ 595458.75, 2309016.875 ], [ 595450.3125, 2309019.6875 ], [ 595436.5625, 2309020.9375 ], [ 595431.25, 2309023.125 ], [ 595427.1875, 2309026.5625 ], [ 595402.96875, 2309073.59375 ], [ 595395.78125, 2309081.40625 ], [ 595386.5625, 2309087.1875 ], [ 595381.875, 2309093.75 ], [ 595380.0, 2309103.125 ], [ 595380.0, 2309166.875 ], [ 595379.0625, 2309173.4375 ], [ 595375.3125, 2309180.9375 ], [ 595366.5625, 2309187.1875 ], [ 595363.125, 2309191.25 ], [ 595360.3125, 2309199.6875 ], [ 595359.53125, 2309210.15625 ], [ 595358.59375, 2309212.96875 ], [ 595355.3125, 2309217.1875 ], [ 595352.96875, 2309218.59375 ], [ 595346.875, 2309220.0 ], [ 595253.125, 2309220.0 ], [ 595239.6875, 2309221.5625 ], [ 595231.25, 2309224.375 ], [ 595128.75, 2309275.625 ], [ 595123.125, 2309281.25 ], [ 595120.3125, 2309289.6875 ], [ 595120.0, 2309326.875 ], [ 595118.4375, 2309340.3125 ], [ 595114.375, 2309351.25 ], [ 595108.75, 2309356.875 ], [ 595103.4375, 2309359.0625 ], [ 595096.875, 2309360.0 ], [ 595063.125, 2309360.0 ], [ 595056.5625, 2309360.9375 ], [ 595049.0625, 2309364.6875 ], [ 595040.9375, 2309375.3125 ], [ 595033.4375, 2309379.0625 ], [ 595026.875, 2309380.0 ], [ 594989.53125, 2309380.15625 ], [ 594979.6875, 2309381.5625 ], [ 594971.25, 2309384.375 ], [ 594948.75, 2309395.625 ], [ 594943.28125, 2309397.65625 ], [ 594933.90625, 2309399.53125 ], [ 594916.5625, 2309400.9375 ], [ 594909.0625, 2309404.6875 ], [ 594899.6875, 2309417.8125 ], [ 594895.78125, 2309421.40625 ], [ 594886.5625, 2309427.1875 ], [ 594883.125, 2309431.25 ], [ 594880.9375, 2309436.5625 ], [ 594879.6875, 2309450.3125 ], [ 594878.125, 2309456.25 ], [ 594875.3125, 2309460.9375 ], [ 594866.5625, 2309467.1875 ], [ 594861.875, 2309473.75 ], [ 594860.0, 2309483.125 ], [ 594859.6875, 2309520.3125 ], [ 594856.875, 2309528.75 ], [ 594851.25, 2309534.375 ], [ 594843.28125, 2309537.65625 ], [ 594830.46875, 2309539.84375 ], [ 594703.125, 2309540.0 ], [ 594693.75, 2309541.875 ], [ 594689.0625, 2309544.6875 ], [ 594679.6875, 2309557.8125 ], [ 594671.25, 2309564.375 ], [ 594648.75, 2309575.625 ], [ 594643.28125, 2309577.65625 ], [ 594633.90625, 2309579.53125 ], [ 594619.6875, 2309580.3125 ], [ 594611.25, 2309583.125 ], [ 594607.1875, 2309586.5625 ], [ 594602.96875, 2309593.59375 ], [ 594597.8125, 2309599.6875 ], [ 594591.25, 2309604.375 ], [ 594568.75, 2309615.625 ], [ 594564.21875, 2309618.59375 ], [ 594558.59375, 2309624.21875 ], [ 594552.8125, 2309633.4375 ], [ 594548.75, 2309636.875 ], [ 594543.4375, 2309639.0625 ], [ 594529.6875, 2309640.3125 ], [ 594521.25, 2309643.125 ], [ 594515.625, 2309648.75 ], [ 594504.375, 2309671.25 ], [ 594500.9375, 2309675.3125 ], [ 594493.4375, 2309679.0625 ], [ 594479.6875, 2309680.3125 ], [ 594471.25, 2309683.125 ], [ 594467.1875, 2309686.5625 ], [ 594459.6875, 2309697.8125 ], [ 594451.25, 2309704.375 ], [ 594428.75, 2309715.625 ], [ 594423.28125, 2309717.65625 ], [ 594413.90625, 2309719.53125 ], [ 594399.6875, 2309720.3125 ], [ 594393.75, 2309721.875 ], [ 594387.1875, 2309726.5625 ], [ 594381.40625, 2309735.78125 ], [ 594373.59375, 2309742.96875 ], [ 594308.75, 2309775.625 ], [ 594300.3125, 2309778.4375 ], [ 594293.90625, 2309779.53125 ], [ 594279.6875, 2309780.3125 ], [ 594271.25, 2309783.125 ], [ 594265.625, 2309788.75 ], [ 594254.375, 2309811.25 ], [ 594248.75, 2309816.875 ], [ 594243.4375, 2309819.0625 ], [ 594229.6875, 2309820.3125 ], [ 594223.75, 2309821.875 ], [ 594219.0625, 2309824.6875 ], [ 594212.8125, 2309833.4375 ], [ 594206.25, 2309838.125 ], [ 594200.3125, 2309839.6875 ], [ 594182.8125, 2309840.9375 ], [ 594171.25, 2309844.375 ], [ 594148.75, 2309855.625 ], [ 594144.21875, 2309858.59375 ], [ 594138.59375, 2309864.21875 ], [ 594132.8125, 2309873.4375 ], [ 594128.75, 2309876.875 ], [ 594123.4375, 2309879.0625 ], [ 594109.6875, 2309880.3125 ], [ 594103.75, 2309881.875 ], [ 594099.0625, 2309884.6875 ], [ 594092.8125, 2309893.4375 ], [ 594086.25, 2309898.125 ], [ 594080.3125, 2309899.6875 ], [ 594062.8125, 2309900.9375 ], [ 594051.25, 2309904.375 ], [ 593948.75, 2309955.625 ], [ 593944.6875, 2309959.0625 ], [ 593941.875, 2309963.75 ], [ 593940.0, 2309973.125 ], [ 593940.0, 2310006.875 ], [ 593940.9375, 2310017.1875 ], [ 593944.375, 2310028.75 ], [ 593956.71875, 2310053.90625 ], [ 593959.0625, 2310062.8125 ], [ 593960.9375, 2310083.4375 ], [ 593963.125, 2310088.75 ], [ 593966.5625, 2310092.8125 ], [ 593971.25, 2310095.625 ], [ 593979.6875, 2310098.4375 ], [ 593986.09375, 2310099.53125 ], [ 594000.3125, 2310100.3125 ], [ 594006.25, 2310101.875 ], [ 594010.9375, 2310104.6875 ], [ 594017.1875, 2310113.4375 ], [ 594021.25, 2310116.875 ], [ 594026.5625, 2310119.0625 ], [ 594033.125, 2310120.0 ], [ 594066.875, 2310120.0 ], [ 594080.3125, 2310118.4375 ], [ 594088.75, 2310115.625 ], [ 594095.3125, 2310111.875 ], [ 594099.0625, 2310108.125 ], [ 594100.0, 2310104.375 ], [ 594101.40625, 2310102.34375 ], [ 594104.6875, 2310100.9375 ], [ 594113.125, 2310100.0 ] ] } },
{ "type": "Feature", "properties": { }, "geometry": { "type": "LineString", "coordinates": [ [ 594068.75, 2321635.625 ], [ 594073.4375, 2321632.8125 ], [ 594076.875, 2321628.75 ], [ 594079.0625, 2321623.4375 ], [ 594080.0, 2321613.125 ], [ 594081.40625, 2321607.03125 ], [ 594082.8125, 2321604.6875 ], [ 594087.03125, 2321601.40625 ], [ 594093.125, 2321600.0 ], [ 594126.875, 2321600.0 ], [ 594136.25, 2321598.125 ], [ 594140.9375, 2321595.3125 ], [ 594147.1875, 2321586.5625 ], [ 594151.25, 2321583.125 ], [ 594159.6875, 2321580.3125 ], [ 594173.4375, 2321579.0625 ], [ 594180.9375, 2321575.3125 ], [ 594184.375, 2321571.25 ], [ 594195.625, 2321548.75 ], [ 594201.25, 2321543.125 ], [ 594209.6875, 2321540.3125 ], [ 594250.46875, 2321539.84375 ], [ 594257.1875, 2321539.0625 ], [ 594266.09375, 2321536.71875 ], [ 594291.25, 2321524.375 ], [ 594295.78125, 2321521.40625 ], [ 594301.40625, 2321515.78125 ], [ 594307.1875, 2321506.5625 ], [ 594311.25, 2321503.125 ], [ 594319.6875, 2321500.3125 ], [ 594333.4375, 2321499.0625 ], [ 594340.9375, 2321495.3125 ], [ 594344.375, 2321491.25 ], [ 594355.625, 2321468.75 ], [ 594358.59375, 2321464.21875 ], [ 594364.21875, 2321458.59375 ], [ 594373.4375, 2321452.8125 ], [ 594376.875, 2321448.75 ], [ 594379.0625, 2321443.4375 ], [ 594380.3125, 2321429.6875 ], [ 594381.875, 2321423.75 ], [ 594386.5625, 2321417.1875 ], [ 594395.3125, 2321410.9375 ], [ 594399.0625, 2321403.4375 ], [ 594400.0, 2321396.875 ], [ 594400.0, 2321303.125 ], [ 594401.875, 2321293.75 ], [ 594406.5625, 2321287.1875 ], [ 594415.78125, 2321281.40625 ], [ 594421.40625, 2321275.78125 ], [ 594438.59375, 2321244.21875 ], [ 594444.21875, 2321238.59375 ], [ 594453.4375, 2321232.8125 ], [ 594456.875, 2321228.75 ], [ 594459.6875, 2321220.3125 ], [ 594460.46875, 2321209.84375 ], [ 594462.8125, 2321204.6875 ], [ 594464.6875, 2321202.8125 ], [ 594469.84375, 2321200.46875 ], [ 594480.3125, 2321199.6875 ], [ 594488.75, 2321196.875 ], [ 594492.8125, 2321193.4375 ], [ 594498.59375, 2321184.21875 ], [ 594504.21875, 2321178.59375 ], [ 594508.75, 2321175.625 ], [ 594531.25, 2321164.375 ], [ 594542.8125, 2321160.9375 ], [ 594563.4375, 2321159.0625 ], [ 594570.9375, 2321155.3125 ], [ 594574.375, 2321151.25 ], [ 594595.625, 2321108.75 ], [ 594600.3125, 2321102.1875 ], [ 594608.75, 2321095.625 ], [ 594631.25, 2321084.375 ], [ 594636.875, 2321078.75 ], [ 594639.0625, 2321073.4375 ], [ 594640.3125, 2321059.6875 ], [ 594641.875, 2321053.75 ], [ 594644.6875, 2321049.0625 ], [ 594653.4375, 2321042.8125 ], [ 594656.875, 2321038.75 ], [ 594659.0625, 2321033.4375 ], [ 594660.3125, 2321019.6875 ], [ 594661.875, 2321013.75 ], [ 594664.6875, 2321009.0625 ], [ 594673.4375, 2321002.8125 ], [ 594676.875, 2320998.75 ], [ 594679.0625, 2320993.4375 ], [ 594680.3125, 2320979.6875 ], [ 594681.875, 2320973.75 ], [ 594684.6875, 2320969.0625 ], [ 594693.4375, 2320962.8125 ], [ 594696.875, 2320958.75 ], [ 594699.0625, 2320953.4375 ], [ 594700.3125, 2320939.6875 ], [ 594701.875, 2320933.75 ], [ 594704.6875, 2320929.0625 ], [ 594713.4375, 2320922.8125 ], [ 594716.875, 2320918.75 ], [ 594719.0625, 2320913.4375 ], [ 594720.3125, 2320899.6875 ], [ 594721.875, 2320893.75 ], [ 594724.6875, 2320889.0625 ], [ 594733.4375, 2320882.8125 ], [ 594736.875, 2320878.75 ], [ 594739.0625, 2320873.4375 ], [ 594740.3125, 2320859.6875 ], [ 594741.875, 2320853.75 ], [ 594744.6875, 2320849.0625 ], [ 594753.4375, 2320842.8125 ], [ 594758.125, 2320836.25 ], [ 594760.0, 2320826.875 ], [ 594760.0, 2320793.125 ], [ 594761.875, 2320783.75 ], [ 594766.5625, 2320777.1875 ], [ 594791.25, 2320764.375 ], [ 594795.3125, 2320760.9375 ], [ 594798.125, 2320756.25 ], [ 594800.0, 2320746.875 ], [ 594800.0, 2320713.125 ], [ 594801.5625, 2320699.6875 ], [ 594804.375, 2320691.25 ], [ 594815.625, 2320668.75 ], [ 594817.65625, 2320663.28125 ], [ 594819.53125, 2320653.90625 ], [ 594820.3125, 2320639.6875 ], [ 594821.875, 2320633.75 ], [ 594826.5625, 2320627.1875 ], [ 594835.3125, 2320620.9375 ], [ 594839.0625, 2320613.4375 ], [ 594840.0, 2320606.875 ], [ 594840.0, 2320573.125 ], [ 594840.9375, 2320566.5625 ], [ 594844.6875, 2320559.0625 ], [ 594853.4375, 2320552.8125 ], [ 594858.125, 2320546.25 ], [ 594859.6875, 2320540.3125 ], [ 594860.15625, 2320529.53125 ], [ 594861.5625, 2320519.6875 ], [ 594864.375, 2320511.25 ], [ 594875.625, 2320488.75 ], [ 594877.65625, 2320483.28125 ], [ 594879.53125, 2320473.90625 ], [ 594880.3125, 2320459.6875 ], [ 594881.875, 2320453.75 ], [ 594886.5625, 2320447.1875 ], [ 594895.3125, 2320440.9375 ], [ 594899.0625, 2320433.4375 ], [ 594900.0, 2320426.875 ], [ 594899.53125, 2320386.09375 ], [ 594896.71875, 2320373.90625 ], [ 594884.375, 2320348.75 ], [ 594881.5625, 2320340.3125 ], [ 594880.15625, 2320330.46875 ], [ 594880.0, 2320293.125 ], [ 594879.0625, 2320286.5625 ], [ 594875.3125, 2320279.0625 ], [ 594864.6875, 2320270.9375 ], [ 594861.875, 2320266.25 ], [ 594860.3125, 2320260.3125 ], [ 594860.0, 2320193.125 ], [ 594859.0625, 2320182.8125 ], [ 594856.71875, 2320173.90625 ], [ 594844.375, 2320148.75 ], [ 594841.40625, 2320144.21875 ], [ 594835.78125, 2320138.59375 ], [ 594826.5625, 2320132.8125 ], [ 594823.125, 2320128.75 ], [ 594820.3125, 2320120.3125 ], [ 594819.0625, 2320106.5625 ], [ 594816.875, 2320101.25 ], [ 594813.4375, 2320097.1875 ], [ 594784.21875, 2320081.40625 ], [ 594778.59375, 2320075.78125 ], [ 594772.8125, 2320066.5625 ], [ 594768.75, 2320063.125 ], [ 594763.4375, 2320060.9375 ], [ 594749.6875, 2320059.6875 ], [ 594743.75, 2320058.125 ], [ 594739.0625, 2320055.3125 ], [ 594732.8125, 2320046.5625 ], [ 594726.25, 2320041.875 ], [ 594720.3125, 2320040.3125 ], [ 594709.53125, 2320039.84375 ], [ 594699.6875, 2320038.4375 ], [ 594691.25, 2320035.625 ], [ 594686.5625, 2320032.8125 ], [ 594683.125, 2320028.75 ], [ 594680.9375, 2320023.4375 ], [ 594679.53125, 2320006.09375 ], [ 594676.71875, 2319993.90625 ], [ 594664.375, 2319968.75 ], [ 594659.6875, 2319962.1875 ], [ 594653.59375, 2319957.03125 ], [ 594628.75, 2319944.375 ], [ 594622.1875, 2319939.6875 ], [ 594617.03125, 2319933.59375 ], [ 594604.375, 2319908.75 ], [ 594600.9375, 2319904.6875 ], [ 594593.4375, 2319900.9375 ], [ 594579.6875, 2319899.6875 ], [ 594571.25, 2319896.875 ], [ 594567.1875, 2319893.4375 ], [ 594561.40625, 2319884.21875 ], [ 594555.78125, 2319878.59375 ], [ 594551.25, 2319875.625 ], [ 594528.75, 2319864.375 ], [ 594523.125, 2319858.75 ], [ 594520.9375, 2319853.4375 ], [ 594520.0, 2319846.875 ], [ 594520.0, 2319693.125 ], [ 594519.0625, 2319682.8125 ], [ 594516.71875, 2319673.90625 ], [ 594512.8125, 2319666.5625 ], [ 594508.75, 2319663.125 ], [ 594500.3125, 2319660.3125 ], [ 594486.09375, 2319659.53125 ], [ 594473.90625, 2319656.71875 ], [ 594448.75, 2319644.375 ], [ 594444.6875, 2319640.9375 ], [ 594441.875, 2319636.25 ], [ 594440.0, 2319626.875 ], [ 594440.0, 2319593.125 ], [ 594439.0625, 2319586.5625 ], [ 594435.3125, 2319579.0625 ], [ 594426.5625, 2319572.8125 ], [ 594421.875, 2319566.25 ], [ 594420.3125, 2319560.3125 ], [ 594419.6875, 2319549.6875 ], [ 594416.875, 2319541.25 ], [ 594413.4375, 2319537.1875 ], [ 594406.5625, 2319532.8125 ], [ 594401.875, 2319526.25 ], [ 594400.0, 2319516.875 ], [ 594400.0, 2319483.125 ], [ 594399.0625, 2319476.5625 ], [ 594395.3125, 2319469.0625 ], [ 594384.6875, 2319460.9375 ], [ 594380.9375, 2319453.4375 ], [ 594380.0, 2319446.875 ], [ 594379.84375, 2319409.53125 ], [ 594378.4375, 2319399.6875 ], [ 594375.625, 2319391.25 ], [ 594372.8125, 2319386.5625 ], [ 594366.25, 2319381.875 ], [ 594360.3125, 2319380.3125 ], [ 594342.8125, 2319379.0625 ], [ 594333.90625, 2319376.71875 ], [ 594326.5625, 2319372.8125 ], [ 594321.875, 2319366.25 ], [ 594320.0, 2319356.875 ], [ 594320.0, 2319293.125 ], [ 594318.4375, 2319279.6875 ], [ 594315.625, 2319271.25 ], [ 594304.375, 2319248.75 ], [ 594302.34375, 2319243.28125 ], [ 594300.46875, 2319233.90625 ], [ 594299.6875, 2319219.6875 ], [ 594298.125, 2319213.75 ], [ 594295.3125, 2319209.0625 ], [ 594286.5625, 2319202.8125 ], [ 594283.125, 2319198.75 ], [ 594280.9375, 2319193.4375 ], [ 594279.6875, 2319179.6875 ], [ 594278.125, 2319173.75 ], [ 594275.3125, 2319169.0625 ], [ 594266.5625, 2319162.8125 ], [ 594261.875, 2319156.25 ], [ 594260.0, 2319146.875 ], [ 594260.0, 2319113.125 ], [ 594259.0625, 2319106.5625 ], [ 594256.875, 2319101.25 ], [ 594251.25, 2319095.625 ], [ 594226.40625, 2319082.96875 ], [ 594222.1875, 2319079.6875 ], [ 594217.03125, 2319073.59375 ], [ 594204.375, 2319048.75 ], [ 594202.34375, 2319043.28125 ], [ 594200.46875, 2319033.90625 ], [ 594199.6875, 2319019.6875 ], [ 594198.125, 2319013.75 ], [ 594195.3125, 2319009.0625 ], [ 594186.5625, 2319002.8125 ], [ 594181.875, 2318996.25 ], [ 594180.3125, 2318990.3125 ], [ 594179.6875, 2318979.6875 ], [ 594176.875, 2318971.25 ], [ 594173.4375, 2318967.1875 ], [ 594166.40625, 2318962.96875 ], [ 594160.3125, 2318957.8125 ], [ 594155.625, 2318951.25 ], [ 594144.375, 2318928.75 ], [ 594141.40625, 2318924.21875 ], [ 594135.78125, 2318918.59375 ], [ 594126.5625, 2318912.8125 ], [ 594123.125, 2318908.75 ], [ 594120.9375, 2318903.4375 ], [ 594119.6875, 2318889.6875 ], [ 594118.125, 2318883.75 ], [ 594115.3125, 2318879.0625 ], [ 594106.5625, 2318872.8125 ], [ 594103.125, 2318868.75 ], [ 594100.3125, 2318860.3125 ], [ 594099.0625, 2318846.5625 ], [ 594095.3125, 2318839.0625 ], [ 594091.25, 2318835.625 ], [ 594068.75, 2318824.375 ], [ 594063.125, 2318818.75 ], [ 594060.3125, 2318810.3125 ], [ 594060.0, 2318773.125 ], [ 594059.0625, 2318766.5625 ], [ 594056.875, 2318761.25 ], [ 594051.25, 2318755.625 ], [ 594028.75, 2318744.375 ], [ 594024.6875, 2318740.9375 ], [ 594020.9375, 2318733.4375 ], [ 594019.6875, 2318719.6875 ], [ 594016.875, 2318711.25 ], [ 594013.4375, 2318707.1875 ], [ 594006.40625, 2318702.96875 ], [ 594000.3125, 2318697.8125 ], [ 593995.625, 2318691.25 ], [ 593984.375, 2318668.75 ], [ 593981.40625, 2318664.21875 ], [ 593975.78125, 2318658.59375 ], [ 593966.5625, 2318652.8125 ], [ 593963.125, 2318648.75 ], [ 593960.3125, 2318640.3125 ], [ 593959.53125, 2318629.84375 ], [ 593957.1875, 2318624.6875 ], [ 593955.3125, 2318622.8125 ], [ 593950.15625, 2318620.46875 ], [ 593939.6875, 2318619.6875 ], [ 593931.25, 2318616.875 ], [ 593927.1875, 2318613.4375 ], [ 593922.96875, 2318606.40625 ], [ 593917.8125, 2318600.3125 ], [ 593904.6875, 2318590.9375 ], [ 593900.9375, 2318583.4375 ], [ 593899.0625, 2318566.5625 ], [ 593896.875, 2318561.25 ], [ 593893.4375, 2318557.1875 ], [ 593864.21875, 2318541.40625 ], [ 593858.59375, 2318535.78125 ], [ 593852.8125, 2318526.5625 ], [ 593848.75, 2318523.125 ], [ 593840.3125, 2318520.3125 ], [ 593829.84375, 2318519.53125 ], [ 593827.03125, 2318518.59375 ], [ 593822.8125, 2318515.3125 ], [ 593820.46875, 2318510.15625 ], [ 593819.6875, 2318499.6875 ], [ 593816.875, 2318491.25 ], [ 593813.4375, 2318487.1875 ], [ 593804.21875, 2318481.40625 ], [ 593798.59375, 2318475.78125 ], [ 593795.625, 2318471.25 ], [ 593784.375, 2318448.75 ], [ 593781.5625, 2318440.3125 ], [ 593780.46875, 2318433.90625 ], [ 593779.6875, 2318419.6875 ], [ 593776.875, 2318411.25 ], [ 593773.4375, 2318407.1875 ], [ 593766.5625, 2318402.8125 ], [ 593761.875, 2318396.25 ], [ 593760.0, 2318386.875 ], [ 593760.0, 2318353.125 ], [ 593759.0625, 2318346.5625 ], [ 593755.3125, 2318339.0625 ], [ 593746.5625, 2318332.8125 ], [ 593741.875, 2318326.25 ], [ 593740.3125, 2318320.3125 ], [ 593739.0625, 2318302.8125 ], [ 593735.625, 2318291.25 ], [ 593732.8125, 2318286.5625 ], [ 593726.25, 2318281.875 ], [ 593720.3125, 2318280.3125 ], [ 593709.84375, 2318279.53125 ], [ 593704.6875, 2318277.1875 ], [ 593702.8125, 2318275.3125 ], [ 593700.46875, 2318270.15625 ], [ 593699.6875, 2318259.6875 ], [ 593696.875, 2318251.25 ], [ 593693.4375, 2318247.1875 ], [ 593682.1875, 2318239.6875 ], [ 593675.625, 2318231.25 ], [ 593604.375, 2318088.75 ], [ 593600.9375, 2318077.1875 ], [ 593599.6875, 2318059.6875 ], [ 593598.125, 2318053.75 ], [ 593595.3125, 2318049.0625 ], [ 593586.5625, 2318042.8125 ], [ 593583.125, 2318038.75 ], [ 593580.9375, 2318033.4375 ], [ 593579.6875, 2318019.6875 ], [ 593576.875, 2318011.25 ], [ 593573.4375, 2318007.1875 ], [ 593562.1875, 2317999.6875 ], [ 593558.59375, 2317995.78125 ], [ 593552.8125, 2317986.5625 ], [ 593548.75, 2317983.125 ], [ 593540.3125, 2317980.3125 ], [ 593529.84375, 2317979.53125 ], [ 593527.03125, 2317978.59375 ], [ 593522.8125, 2317975.3125 ], [ 593521.40625, 2317972.96875 ], [ 593520.0, 2317966.875 ], [ 593520.0, 2317933.125 ], [ 593518.59375, 2317927.03125 ], [ 593515.3125, 2317922.8125 ], [ 593510.15625, 2317920.46875 ], [ 593496.5625, 2317919.0625 ], [ 593489.0625, 2317915.3125 ], [ 593485.625, 2317911.25 ], [ 593474.375, 2317888.75 ], [ 593468.75, 2317883.125 ], [ 593460.3125, 2317880.3125 ], [ 593446.5625, 2317879.0625 ], [ 593441.25, 2317876.875 ], [ 593437.1875, 2317873.4375 ], [ 593384.375, 2317768.75 ], [ 593380.9375, 2317757.1875 ], [ 593379.0625, 2317736.5625 ], [ 593375.3125, 2317729.0625 ], [ 593362.1875, 2317719.6875 ], [ 593358.59375, 2317715.78125 ], [ 593352.8125, 2317706.5625 ], [ 593348.75, 2317703.125 ], [ 593343.4375, 2317700.9375 ], [ 593329.6875, 2317699.6875 ], [ 593323.75, 2317698.125 ], [ 593319.0625, 2317695.3125 ], [ 593315.625, 2317691.25 ], [ 593304.375, 2317668.75 ], [ 593300.9375, 2317657.1875 ], [ 593300.0, 2317646.875 ], [ 593300.0, 2317583.125 ], [ 593299.0625, 2317576.5625 ], [ 593296.875, 2317571.25 ], [ 593293.4375, 2317567.1875 ], [ 593286.40625, 2317562.96875 ], [ 593280.3125, 2317557.8125 ], [ 593275.625, 2317551.25 ], [ 593264.375, 2317528.75 ], [ 593261.40625, 2317524.21875 ], [ 593255.78125, 2317518.59375 ], [ 593246.5625, 2317512.8125 ], [ 593243.125, 2317508.75 ], [ 593240.3125, 2317500.3125 ], [ 593239.0625, 2317486.5625 ], [ 593235.3125, 2317479.0625 ], [ 593231.25, 2317475.625 ], [ 593206.40625, 2317462.96875 ], [ 593198.59375, 2317455.78125 ], [ 593195.625, 2317451.25 ], [ 593164.375, 2317388.75 ], [ 593157.8125, 2317380.3125 ], [ 593151.25, 2317375.625 ], [ 593128.75, 2317364.375 ], [ 593124.21875, 2317361.40625 ], [ 593118.59375, 2317355.78125 ], [ 593112.8125, 2317346.5625 ], [ 593108.75, 2317343.125 ], [ 593100.3125, 2317340.3125 ], [ 593086.5625, 2317339.0625 ], [ 593079.0625, 2317335.3125 ], [ 593075.625, 2317331.25 ], [ 593064.375, 2317308.75 ], [ 593059.6875, 2317302.1875 ], [ 593051.25, 2317295.625 ], [ 593028.75, 2317284.375 ], [ 593024.21875, 2317281.40625 ], [ 593018.59375, 2317275.78125 ], [ 593012.8125, 2317266.5625 ], [ 593008.75, 2317263.125 ], [ 593000.3125, 2317260.3125 ], [ 592989.53125, 2317259.84375 ], [ 592979.6875, 2317258.4375 ], [ 592971.25, 2317255.625 ], [ 592966.5625, 2317252.8125 ], [ 592963.125, 2317248.75 ], [ 592960.9375, 2317243.4375 ], [ 592959.53125, 2317226.09375 ], [ 592956.71875, 2317213.90625 ], [ 592942.8125, 2317186.5625 ], [ 592938.75, 2317183.125 ], [ 592930.3125, 2317180.3125 ], [ 592893.125, 2317180.0 ], [ 592886.5625, 2317179.0625 ], [ 592881.25, 2317176.875 ], [ 592875.625, 2317171.25 ], [ 592842.8125, 2317106.5625 ], [ 592836.25, 2317101.875 ], [ 592830.3125, 2317100.3125 ], [ 592816.5625, 2317099.0625 ], [ 592811.25, 2317096.875 ], [ 592807.1875, 2317093.4375 ], [ 592803.28125, 2317086.09375 ], [ 592800.9375, 2317077.1875 ], [ 592800.0, 2317066.875 ], [ 592800.0, 2317033.125 ], [ 592799.0625, 2317026.5625 ], [ 592796.875, 2317021.25 ], [ 592791.25, 2317015.625 ], [ 592766.40625, 2317002.96875 ], [ 592758.59375, 2316995.78125 ], [ 592755.625, 2316991.25 ], [ 592702.96875, 2316886.40625 ], [ 592699.6875, 2316882.1875 ], [ 592693.59375, 2316877.03125 ], [ 592668.75, 2316864.375 ], [ 592660.3125, 2316857.8125 ], [ 592655.625, 2316851.25 ], [ 592643.28125, 2316826.09375 ], [ 592640.46875, 2316813.90625 ], [ 592639.6875, 2316799.6875 ], [ 592636.875, 2316791.25 ], [ 592631.25, 2316785.625 ], [ 592608.75, 2316774.375 ], [ 592603.125, 2316768.75 ], [ 592600.3125, 2316760.3125 ], [ 592599.53125, 2316746.09375 ], [ 592597.65625, 2316736.71875 ], [ 592595.625, 2316731.25 ], [ 592582.96875, 2316706.40625 ], [ 592579.6875, 2316702.1875 ], [ 592573.59375, 2316697.03125 ], [ 592548.75, 2316684.375 ], [ 592543.125, 2316678.75 ], [ 592540.9375, 2316673.4375 ], [ 592539.6875, 2316659.6875 ], [ 592538.125, 2316653.75 ], [ 592535.3125, 2316649.0625 ], [ 592526.5625, 2316642.8125 ], [ 592523.125, 2316638.75 ], [ 592520.9375, 2316633.4375 ], [ 592519.6875, 2316619.6875 ], [ 592518.125, 2316613.75 ], [ 592515.3125, 2316609.0625 ], [ 592506.5625, 2316602.8125 ], [ 592501.875, 2316596.25 ], [ 592500.0, 2316586.875 ], [ 592500.0, 2316553.125 ], [ 592498.125, 2316543.75 ], [ 592495.3125, 2316539.0625 ], [ 592486.5625, 2316532.8125 ], [ 592481.875, 2316526.25 ], [ 592480.3125, 2316520.3125 ], [ 592479.0625, 2316502.8125 ], [ 592475.625, 2316491.25 ], [ 592404.375, 2316348.75 ], [ 592397.8125, 2316340.3125 ], [ 592386.5625, 2316332.8125 ], [ 592383.125, 2316328.75 ], [ 592380.3125, 2316320.3125 ], [ 592379.0625, 2316306.5625 ], [ 592375.3125, 2316299.0625 ], [ 592371.25, 2316295.625 ], [ 592348.75, 2316284.375 ], [ 592343.125, 2316278.75 ], [ 592340.9375, 2316273.4375 ], [ 592339.6875, 2316259.6875 ], [ 592336.875, 2316251.25 ], [ 592333.4375, 2316247.1875 ], [ 592324.21875, 2316241.40625 ], [ 592318.59375, 2316235.78125 ], [ 592315.625, 2316231.25 ], [ 592303.28125, 2316206.09375 ], [ 592301.5625, 2316200.3125 ], [ 592300.15625, 2316190.46875 ], [ 592299.84375, 2316149.53125 ], [ 592297.65625, 2316136.71875 ], [ 592295.625, 2316131.25 ], [ 592263.28125, 2316066.09375 ], [ 592260.9375, 2316057.1875 ], [ 592259.6875, 2316039.6875 ], [ 592258.125, 2316033.75 ], [ 592255.3125, 2316029.0625 ], [ 592246.5625, 2316022.8125 ], [ 592241.875, 2316016.25 ], [ 592240.0, 2316006.875 ], [ 592239.84375, 2315969.53125 ], [ 592239.0625, 2315962.8125 ], [ 592236.71875, 2315953.90625 ], [ 592224.375, 2315928.75 ], [ 592221.40625, 2315924.21875 ], [ 592215.78125, 2315918.59375 ], [ 592206.5625, 2315912.8125 ], [ 592201.875, 2315906.25 ], [ 592200.3125, 2315900.3125 ], [ 592199.84375, 2315889.53125 ], [ 592198.4375, 2315879.6875 ], [ 592195.625, 2315871.25 ], [ 592184.375, 2315848.75 ], [ 592182.34375, 2315843.28125 ], [ 592180.46875, 2315833.90625 ], [ 592179.6875, 2315819.6875 ], [ 592178.125, 2315813.75 ], [ 592173.4375, 2315807.1875 ], [ 592164.6875, 2315800.9375 ], [ 592160.9375, 2315793.4375 ], [ 592160.0, 2315786.875 ], [ 592160.0, 2315753.125 ], [ 592159.0625, 2315742.8125 ], [ 592156.71875, 2315733.90625 ], [ 592144.375, 2315708.75 ], [ 592141.5625, 2315700.3125 ], [ 592140.15625, 2315690.46875 ], [ 592140.0, 2315653.125 ], [ 592139.0625, 2315642.8125 ], [ 592136.71875, 2315633.90625 ], [ 592124.375, 2315608.75 ], [ 592121.5625, 2315600.3125 ], [ 592120.0, 2315586.875 ], [ 592119.53125, 2315549.84375 ], [ 592117.1875, 2315544.6875 ], [ 592112.96875, 2315541.40625 ], [ 592110.15625, 2315540.46875 ], [ 592096.5625, 2315539.0625 ], [ 592089.0625, 2315535.3125 ], [ 592085.625, 2315531.25 ], [ 592081.5625, 2315520.3125 ], [ 592080.0, 2315506.875 ], [ 592080.0, 2315443.125 ], [ 592079.0625, 2315436.5625 ], [ 592076.875, 2315431.25 ], [ 592071.25, 2315425.625 ], [ 592066.09375, 2315423.28125 ], [ 592057.1875, 2315420.9375 ], [ 592046.875, 2315420.0 ], [ 592013.125, 2315420.0 ], [ 591999.6875, 2315418.4375 ], [ 591991.25, 2315415.625 ], [ 591966.09375, 2315403.28125 ], [ 591953.90625, 2315400.46875 ], [ 591853.125, 2315400.0 ], [ 591839.6875, 2315398.4375 ], [ 591831.25, 2315395.625 ], [ 591806.5625, 2315382.8125 ], [ 591801.875, 2315376.25 ], [ 591800.0, 2315366.875 ], [ 591800.0, 2315243.125 ], [ 591800.9375, 2315236.5625 ], [ 591803.125, 2315231.25 ], [ 591806.5625, 2315227.1875 ], [ 591811.25, 2315224.375 ], [ 591819.6875, 2315221.5625 ], [ 591833.125, 2315220.0 ], [ 591870.46875, 2315220.15625 ], [ 591880.3125, 2315221.5625 ], [ 591888.75, 2315224.375 ], [ 591911.25, 2315235.625 ], [ 591915.78125, 2315238.59375 ], [ 591921.40625, 2315244.21875 ], [ 591927.1875, 2315253.4375 ], [ 591931.25, 2315256.875 ], [ 591939.6875, 2315259.6875 ], [ 591950.15625, 2315260.46875 ], [ 591955.3125, 2315262.8125 ], [ 591958.59375, 2315267.03125 ], [ 591959.53125, 2315269.84375 ], [ 591960.9375, 2315283.4375 ], [ 591964.6875, 2315290.9375 ], [ 591968.75, 2315294.375 ], [ 591973.90625, 2315296.71875 ], [ 591986.09375, 2315299.53125 ], [ 592026.875, 2315300.0 ], [ 592033.4375, 2315299.0625 ], [ 592038.75, 2315296.875 ], [ 592044.375, 2315291.25 ], [ 592055.625, 2315268.75 ], [ 592058.59375, 2315264.21875 ], [ 592064.21875, 2315258.59375 ], [ 592073.4375, 2315252.8125 ], [ 592076.875, 2315248.75 ], [ 592079.0625, 2315243.4375 ], [ 592080.0, 2315236.875 ], [ 592080.3125, 2315019.6875 ], [ 592083.125, 2315011.25 ], [ 592086.5625, 2315007.1875 ], [ 592095.3125, 2315000.9375 ], [ 592099.0625, 2314993.4375 ], [ 592100.0, 2314986.875 ], [ 592100.0, 2314953.125 ], [ 592101.875, 2314943.75 ], [ 592106.5625, 2314937.1875 ], [ 592115.3125, 2314930.9375 ], [ 592119.0625, 2314923.4375 ], [ 592120.0, 2314916.875 ], [ 592120.0, 2314853.125 ], [ 592121.875, 2314843.75 ], [ 592124.6875, 2314839.0625 ], [ 592128.75, 2314835.625 ], [ 592151.25, 2314824.375 ], [ 592155.3125, 2314820.9375 ], [ 592159.0625, 2314813.4375 ], [ 592160.9375, 2314796.5625 ], [ 592164.6875, 2314789.0625 ], [ 592168.75, 2314785.625 ], [ 592191.25, 2314774.375 ], [ 592196.875, 2314768.75 ], [ 592199.0625, 2314763.4375 ], [ 592200.0, 2314756.875 ], [ 592200.3125, 2314719.6875 ], [ 592201.875, 2314713.75 ], [ 592204.6875, 2314709.0625 ], [ 592208.75, 2314705.625 ], [ 592216.71875, 2314702.34375 ], [ 592226.09375, 2314700.46875 ], [ 592240.3125, 2314699.6875 ], [ 592246.25, 2314698.125 ], [ 592252.8125, 2314693.4375 ], [ 592259.0625, 2314684.6875 ], [ 592266.5625, 2314680.9375 ], [ 592273.125, 2314680.0 ], [ 592366.875, 2314680.0 ], [ 592377.1875, 2314680.9375 ], [ 592386.09375, 2314683.28125 ], [ 592411.25, 2314695.625 ], [ 592419.6875, 2314698.4375 ], [ 592429.53125, 2314699.84375 ], [ 592466.875, 2314700.0 ], [ 592477.1875, 2314700.9375 ], [ 592488.75, 2314704.375 ], [ 592513.90625, 2314716.71875 ], [ 592519.6875, 2314718.4375 ], [ 592529.53125, 2314719.84375 ], [ 592566.875, 2314720.0 ], [ 592573.4375, 2314719.0625 ], [ 592580.9375, 2314715.3125 ], [ 592589.0625, 2314704.6875 ], [ 592593.75, 2314701.875 ], [ 592599.6875, 2314700.3125 ], [ 592670.3125, 2314700.3125 ], [ 592676.25, 2314701.875 ], [ 592682.8125, 2314706.5625 ], [ 592697.1875, 2314733.4375 ], [ 592701.25, 2314736.875 ], [ 592706.5625, 2314739.0625 ], [ 592713.125, 2314740.0 ], [ 592780.3125, 2314740.3125 ], [ 592788.75, 2314743.125 ], [ 592792.8125, 2314746.5625 ], [ 592799.0625, 2314755.3125 ], [ 592803.75, 2314758.125 ], [ 592809.6875, 2314759.6875 ], [ 592970.46875, 2314760.15625 ], [ 592977.1875, 2314760.9375 ], [ 592986.09375, 2314763.28125 ], [ 593013.90625, 2314776.71875 ], [ 593026.09375, 2314779.53125 ], [ 593130.3125, 2314780.3125 ], [ 593138.75, 2314783.125 ], [ 593142.8125, 2314786.5625 ], [ 593149.0625, 2314795.3125 ], [ 593153.75, 2314798.125 ], [ 593159.6875, 2314799.6875 ], [ 593350.46875, 2314800.15625 ], [ 593357.1875, 2314800.9375 ], [ 593366.09375, 2314803.28125 ], [ 593396.71875, 2314817.65625 ], [ 593402.8125, 2314819.0625 ], [ 593413.125, 2314820.0 ], [ 593656.875, 2314820.0 ], [ 593663.4375, 2314819.0625 ], [ 593668.75, 2314816.875 ], [ 593672.8125, 2314813.4375 ], [ 593679.0625, 2314804.6875 ], [ 593683.75, 2314801.875 ], [ 593689.6875, 2314800.3125 ], [ 593880.3125, 2314799.6875 ], [ 593888.75, 2314796.875 ], [ 593892.8125, 2314793.4375 ], [ 593899.0625, 2314784.6875 ], [ 593906.5625, 2314780.9375 ], [ 593913.125, 2314780.0 ], [ 593980.3125, 2314779.6875 ], [ 593988.75, 2314776.875 ], [ 593992.8125, 2314773.4375 ], [ 593999.0625, 2314764.6875 ], [ 594003.75, 2314761.875 ], [ 594009.6875, 2314760.3125 ], [ 594106.875, 2314760.0 ], [ 594113.4375, 2314759.0625 ], [ 594120.9375, 2314755.3125 ], [ 594127.1875, 2314746.5625 ], [ 594133.75, 2314741.875 ], [ 594139.6875, 2314740.3125 ], [ 594150.3125, 2314739.6875 ], [ 594158.75, 2314736.875 ], [ 594162.8125, 2314733.4375 ], [ 594167.1875, 2314726.5625 ], [ 594173.75, 2314721.875 ], [ 594183.125, 2314720.0 ], [ 594216.875, 2314720.0 ], [ 594223.4375, 2314719.0625 ], [ 594230.9375, 2314715.3125 ], [ 594239.0625, 2314704.6875 ], [ 594246.5625, 2314700.9375 ], [ 594253.125, 2314700.0 ], [ 594346.875, 2314700.0 ], [ 594353.4375, 2314699.0625 ], [ 594360.9375, 2314695.3125 ], [ 594367.1875, 2314686.5625 ], [ 594373.75, 2314681.875 ], [ 594379.6875, 2314680.3125 ], [ 594390.3125, 2314679.6875 ], [ 594398.75, 2314676.875 ], [ 594402.8125, 2314673.4375 ], [ 594407.1875, 2314666.5625 ], [ 594413.75, 2314661.875 ], [ 594419.6875, 2314660.3125 ], [ 594430.3125, 2314659.6875 ], [ 594438.75, 2314656.875 ], [ 594442.8125, 2314653.4375 ], [ 594447.1875, 2314646.5625 ], [ 594453.75, 2314641.875 ], [ 594459.6875, 2314640.3125 ], [ 594473.90625, 2314639.53125 ], [ 594483.28125, 2314637.65625 ], [ 594488.75, 2314635.625 ], [ 594511.25, 2314624.375 ], [ 594519.6875, 2314621.5625 ], [ 594543.4375, 2314619.0625 ], [ 594550.9375, 2314615.3125 ], [ 594557.1875, 2314606.5625 ], [ 594563.75, 2314601.875 ], [ 594569.6875, 2314600.3125 ], [ 594580.3125, 2314599.6875 ], [ 594588.75, 2314596.875 ], [ 594592.8125, 2314593.4375 ], [ 594598.59375, 2314584.21875 ], [ 594604.21875, 2314578.59375 ], [ 594608.75, 2314575.625 ], [ 594651.25, 2314554.375 ], [ 594655.3125, 2314550.9375 ], [ 594658.125, 2314546.25 ], [ 594660.0, 2314536.875 ], [ 594660.0, 2314503.125 ], [ 594658.125, 2314493.75 ], [ 594653.4375, 2314487.1875 ], [ 594644.21875, 2314481.40625 ], [ 594638.59375, 2314475.78125 ], [ 594621.40625, 2314444.21875 ], [ 594615.78125, 2314438.59375 ], [ 594606.5625, 2314432.8125 ], [ 594603.125, 2314428.75 ], [ 594600.9375, 2314423.4375 ], [ 594599.6875, 2314409.6875 ], [ 594596.875, 2314401.25 ], [ 594591.25, 2314395.625 ], [ 594568.75, 2314384.375 ], [ 594562.1875, 2314379.6875 ], [ 594557.03125, 2314373.59375 ], [ 594544.375, 2314348.75 ], [ 594539.6875, 2314342.1875 ], [ 594531.25, 2314335.625 ], [ 594508.75, 2314324.375 ], [ 594503.125, 2314318.75 ], [ 594500.9375, 2314313.4375 ], [ 594500.0, 2314306.875 ], [ 594500.0, 2314243.125 ], [ 594500.9375, 2314236.5625 ], [ 594503.125, 2314231.25 ], [ 594508.75, 2314225.625 ], [ 594551.25, 2314204.375 ], [ 594557.8125, 2314199.6875 ], [ 594562.96875, 2314193.59375 ], [ 594575.625, 2314168.75 ], [ 594579.0625, 2314164.6875 ], [ 594586.5625, 2314160.9375 ], [ 594600.3125, 2314159.6875 ], [ 594608.75, 2314156.875 ], [ 594612.8125, 2314153.4375 ], [ 594618.59375, 2314144.21875 ], [ 594624.21875, 2314138.59375 ], [ 594628.75, 2314135.625 ], [ 594651.25, 2314124.375 ], [ 594657.8125, 2314119.6875 ], [ 594662.96875, 2314113.59375 ], [ 594675.625, 2314088.75 ], [ 594680.3125, 2314082.1875 ], [ 594686.40625, 2314077.03125 ], [ 594711.25, 2314064.375 ], [ 594717.8125, 2314059.6875 ], [ 594722.96875, 2314053.59375 ], [ 594735.625, 2314028.75 ], [ 594740.3125, 2314022.1875 ], [ 594746.40625, 2314017.03125 ], [ 594771.25, 2314004.375 ], [ 594779.6875, 2313997.8125 ], [ 594784.375, 2313991.25 ], [ 594817.03125, 2313926.40625 ], [ 594822.1875, 2313920.3125 ], [ 594833.4375, 2313912.8125 ], [ 594836.875, 2313908.75 ], [ 594839.0625, 2313903.4375 ], [ 594840.3125, 2313889.6875 ], [ 594843.125, 2313881.25 ], [ 594848.75, 2313875.625 ], [ 594871.25, 2313864.375 ], [ 594876.875, 2313858.75 ], [ 594879.0625, 2313853.4375 ], [ 594880.3125, 2313839.6875 ], [ 594881.875, 2313833.75 ], [ 594884.6875, 2313829.0625 ], [ 594893.4375, 2313822.8125 ], [ 594896.875, 2313818.75 ], [ 594899.0625, 2313813.4375 ], [ 594900.3125, 2313799.6875 ], [ 594901.875, 2313793.75 ], [ 594904.6875, 2313789.0625 ], [ 594913.4375, 2313782.8125 ], [ 594918.125, 2313776.25 ], [ 594920.0, 2313766.875 ], [ 594920.3125, 2313699.6875 ], [ 594923.125, 2313691.25 ], [ 594926.5625, 2313687.1875 ], [ 594935.3125, 2313680.9375 ], [ 594939.0625, 2313673.4375 ], [ 594940.0, 2313666.875 ], [ 594940.3125, 2313599.6875 ], [ 594941.875, 2313593.75 ], [ 594944.6875, 2313589.0625 ], [ 594953.4375, 2313582.8125 ], [ 594956.875, 2313578.75 ], [ 594959.0625, 2313573.4375 ], [ 594960.0, 2313566.875 ], [ 594960.0, 2313473.125 ], [ 594959.0625, 2313466.5625 ], [ 594955.3125, 2313459.0625 ], [ 594946.5625, 2313452.8125 ], [ 594943.125, 2313448.75 ], [ 594940.9375, 2313443.4375 ], [ 594939.6875, 2313429.6875 ], [ 594938.125, 2313423.75 ], [ 594933.4375, 2313417.1875 ], [ 594924.6875, 2313410.9375 ], [ 594921.875, 2313406.25 ], [ 594920.3125, 2313400.3125 ], [ 594920.0, 2313273.125 ], [ 594918.125, 2313263.75 ], [ 594915.3125, 2313259.0625 ], [ 594906.5625, 2313252.8125 ], [ 594903.125, 2313248.75 ], [ 594900.9375, 2313243.4375 ], [ 594899.6875, 2313229.6875 ], [ 594898.125, 2313223.75 ], [ 594895.3125, 2313219.0625 ], [ 594886.5625, 2313212.8125 ], [ 594883.125, 2313208.75 ], [ 594880.9375, 2313203.4375 ], [ 594879.6875, 2313189.6875 ], [ 594878.125, 2313183.75 ], [ 594875.3125, 2313179.0625 ], [ 594866.5625, 2313172.8125 ], [ 594863.125, 2313168.75 ], [ 594860.9375, 2313163.4375 ], [ 594859.6875, 2313149.6875 ], [ 594858.125, 2313143.75 ], [ 594855.3125, 2313139.0625 ], [ 594846.5625, 2313132.8125 ], [ 594843.125, 2313128.75 ], [ 594840.3125, 2313120.3125 ], [ 594839.0625, 2313106.5625 ], [ 594835.3125, 2313099.0625 ], [ 594831.25, 2313095.625 ], [ 594806.40625, 2313082.96875 ], [ 594798.59375, 2313075.78125 ], [ 594795.625, 2313071.25 ], [ 594764.375, 2313008.75 ], [ 594759.6875, 2313002.1875 ], [ 594753.59375, 2312997.03125 ], [ 594728.75, 2312984.375 ], [ 594722.1875, 2312979.6875 ], [ 594717.03125, 2312973.59375 ], [ 594704.375, 2312948.75 ], [ 594699.6875, 2312942.1875 ], [ 594693.59375, 2312937.03125 ], [ 594668.75, 2312924.375 ], [ 594664.6875, 2312920.9375 ], [ 594660.9375, 2312913.4375 ], [ 594659.6875, 2312899.6875 ], [ 594656.875, 2312891.25 ], [ 594653.4375, 2312887.1875 ], [ 594644.21875, 2312881.40625 ], [ 594638.59375, 2312875.78125 ], [ 594635.625, 2312871.25 ], [ 594624.375, 2312848.75 ], [ 594617.8125, 2312840.3125 ], [ 594611.25, 2312835.625 ], [ 594586.40625, 2312822.96875 ], [ 594578.59375, 2312815.78125 ], [ 594575.625, 2312811.25 ], [ 594544.375, 2312748.75 ], [ 594541.40625, 2312744.21875 ], [ 594533.59375, 2312737.03125 ], [ 594508.75, 2312724.375 ], [ 594502.1875, 2312719.6875 ], [ 594497.03125, 2312713.59375 ], [ 594484.375, 2312688.75 ], [ 594479.6875, 2312682.1875 ], [ 594473.59375, 2312677.03125 ], [ 594448.75, 2312664.375 ], [ 594444.6875, 2312660.9375 ], [ 594440.9375, 2312653.4375 ], [ 594439.6875, 2312639.6875 ], [ 594436.875, 2312631.25 ], [ 594433.4375, 2312627.1875 ], [ 594426.40625, 2312622.96875 ], [ 594420.3125, 2312617.8125 ], [ 594410.9375, 2312604.6875 ], [ 594403.4375, 2312600.9375 ], [ 594386.5625, 2312599.0625 ], [ 594379.0625, 2312595.3125 ], [ 594375.625, 2312591.25 ], [ 594362.96875, 2312566.40625 ], [ 594357.8125, 2312560.3125 ], [ 594351.25, 2312555.625 ], [ 594328.75, 2312544.375 ], [ 594320.3125, 2312537.8125 ], [ 594315.625, 2312531.25 ], [ 594304.375, 2312508.75 ], [ 594297.8125, 2312500.3125 ], [ 594291.25, 2312495.625 ], [ 594268.75, 2312484.375 ], [ 594264.21875, 2312481.40625 ], [ 594258.59375, 2312475.78125 ], [ 594252.8125, 2312466.5625 ], [ 594248.75, 2312463.125 ], [ 594240.3125, 2312460.3125 ], [ 594226.5625, 2312459.0625 ], [ 594219.0625, 2312455.3125 ], [ 594215.625, 2312451.25 ], [ 594202.96875, 2312426.40625 ], [ 594197.8125, 2312420.3125 ], [ 594191.25, 2312415.625 ], [ 594168.75, 2312404.375 ], [ 594160.3125, 2312397.8125 ], [ 594155.625, 2312391.25 ], [ 594144.375, 2312368.75 ], [ 594137.8125, 2312360.3125 ], [ 594131.25, 2312355.625 ], [ 594068.75, 2312324.375 ], [ 594064.21875, 2312321.40625 ], [ 594057.03125, 2312313.59375 ], [ 594044.375, 2312288.75 ], [ 594040.9375, 2312284.6875 ], [ 594033.4375, 2312280.9375 ], [ 594019.6875, 2312279.6875 ], [ 594011.25, 2312276.875 ], [ 594007.1875, 2312273.4375 ], [ 594002.8125, 2312266.5625 ], [ 593996.25, 2312261.875 ], [ 593990.3125, 2312260.3125 ], [ 593979.6875, 2312259.6875 ], [ 593971.25, 2312256.875 ], [ 593967.1875, 2312253.4375 ], [ 593962.8125, 2312246.5625 ], [ 593956.25, 2312241.875 ], [ 593950.3125, 2312240.3125 ], [ 593939.6875, 2312239.6875 ], [ 593931.25, 2312236.875 ], [ 593927.1875, 2312233.4375 ], [ 593921.40625, 2312224.21875 ], [ 593915.78125, 2312218.59375 ], [ 593911.25, 2312215.625 ], [ 593846.40625, 2312182.96875 ], [ 593840.3125, 2312177.8125 ], [ 593832.8125, 2312166.5625 ], [ 593828.75, 2312163.125 ], [ 593823.4375, 2312160.9375 ], [ 593809.6875, 2312159.6875 ], [ 593801.25, 2312156.875 ], [ 593795.625, 2312151.25 ], [ 593782.96875, 2312126.40625 ], [ 593775.78125, 2312118.59375 ], [ 593771.25, 2312115.625 ], [ 593706.40625, 2312082.96875 ], [ 593702.1875, 2312079.6875 ], [ 593697.03125, 2312073.59375 ], [ 593684.375, 2312048.75 ], [ 593680.9375, 2312044.6875 ], [ 593673.4375, 2312040.9375 ], [ 593659.6875, 2312039.6875 ], [ 593651.25, 2312036.875 ], [ 593647.1875, 2312033.4375 ], [ 593641.40625, 2312024.21875 ], [ 593635.78125, 2312018.59375 ], [ 593631.25, 2312015.625 ], [ 593608.75, 2312004.375 ], [ 593602.1875, 2311999.6875 ], [ 593595.625, 2311991.25 ], [ 593582.96875, 2311966.40625 ], [ 593575.78125, 2311958.59375 ], [ 593571.25, 2311955.625 ], [ 593508.75, 2311924.375 ], [ 593504.6875, 2311920.9375 ], [ 593500.9375, 2311913.4375 ], [ 593499.6875, 2311899.6875 ], [ 593496.875, 2311891.25 ], [ 593493.4375, 2311887.1875 ], [ 593486.40625, 2311882.96875 ], [ 593480.3125, 2311877.8125 ], [ 593475.625, 2311871.25 ], [ 593464.375, 2311848.75 ], [ 593461.40625, 2311844.21875 ], [ 593455.78125, 2311838.59375 ], [ 593446.5625, 2311832.8125 ], [ 593443.125, 2311828.75 ], [ 593440.3125, 2311820.3125 ], [ 593439.0625, 2311806.5625 ], [ 593435.3125, 2311799.0625 ], [ 593431.25, 2311795.625 ], [ 593406.40625, 2311782.96875 ], [ 593398.59375, 2311775.78125 ], [ 593395.625, 2311771.25 ], [ 593364.375, 2311708.75 ], [ 593361.40625, 2311704.21875 ], [ 593353.59375, 2311697.03125 ], [ 593328.75, 2311684.375 ], [ 593324.6875, 2311680.9375 ], [ 593320.9375, 2311673.4375 ], [ 593319.6875, 2311659.6875 ], [ 593316.875, 2311651.25 ], [ 593313.4375, 2311647.1875 ], [ 593306.40625, 2311642.96875 ], [ 593300.3125, 2311637.8125 ], [ 593295.625, 2311631.25 ], [ 593284.375, 2311608.75 ], [ 593281.40625, 2311604.21875 ], [ 593275.78125, 2311598.59375 ], [ 593266.5625, 2311592.8125 ], [ 593263.125, 2311588.75 ], [ 593260.9375, 2311583.4375 ], [ 593259.6875, 2311569.6875 ], [ 593258.125, 2311563.75 ], [ 593255.3125, 2311559.0625 ], [ 593246.5625, 2311552.8125 ], [ 593243.125, 2311548.75 ], [ 593240.9375, 2311543.4375 ], [ 593239.6875, 2311529.6875 ], [ 593238.125, 2311523.75 ], [ 593235.3125, 2311519.0625 ], [ 593226.5625, 2311512.8125 ], [ 593223.125, 2311508.75 ], [ 593220.9375, 2311503.4375 ], [ 593219.6875, 2311489.6875 ], [ 593218.125, 2311483.75 ], [ 593215.3125, 2311479.0625 ], [ 593206.5625, 2311472.8125 ], [ 593201.875, 2311466.25 ], [ 593200.3125, 2311460.3125 ], [ 593199.84375, 2311449.53125 ], [ 593198.4375, 2311439.6875 ], [ 593195.625, 2311431.25 ], [ 593184.375, 2311408.75 ], [ 593182.34375, 2311403.28125 ], [ 593180.46875, 2311393.90625 ], [ 593179.6875, 2311379.6875 ], [ 593178.125, 2311373.75 ], [ 593173.4375, 2311367.1875 ], [ 593164.6875, 2311360.9375 ], [ 593160.9375, 2311353.4375 ], [ 593160.0, 2311346.875 ], [ 593160.0, 2311313.125 ], [ 593159.0625, 2311306.5625 ], [ 593155.3125, 2311299.0625 ], [ 593146.5625, 2311292.8125 ], [ 593141.875, 2311286.25 ], [ 593140.3125, 2311280.3125 ], [ 593139.53125, 2311266.09375 ], [ 593137.65625, 2311256.71875 ], [ 593135.625, 2311251.25 ], [ 593124.375, 2311228.75 ], [ 593121.5625, 2311220.3125 ], [ 593120.0, 2311206.875 ], [ 593120.3125, 2310929.6875 ], [ 593123.125, 2310921.25 ], [ 593126.5625, 2310917.1875 ], [ 593135.3125, 2310910.9375 ], [ 593139.0625, 2310903.4375 ], [ 593140.0, 2310896.875 ], [ 593140.0, 2310863.125 ], [ 593141.875, 2310853.75 ], [ 593146.5625, 2310847.1875 ], [ 593155.3125, 2310840.9375 ], [ 593159.0625, 2310833.4375 ], [ 593160.0, 2310826.875 ], [ 593160.0, 2310793.125 ], [ 593161.875, 2310783.75 ], [ 593164.6875, 2310779.0625 ], [ 593173.4375, 2310772.8125 ], [ 593178.125, 2310766.25 ], [ 593179.6875, 2310760.3125 ], [ 593180.9375, 2310742.8125 ], [ 593184.375, 2310731.25 ], [ 593235.625, 2310628.75 ], [ 593238.59375, 2310624.21875 ], [ 593246.40625, 2310617.03125 ], [ 593271.25, 2310604.375 ], [ 593275.3125, 2310600.9375 ], [ 593279.0625, 2310593.4375 ], [ 593280.3125, 2310579.6875 ], [ 593283.125, 2310571.25 ], [ 593286.5625, 2310567.1875 ], [ 593295.78125, 2310561.40625 ], [ 593301.40625, 2310555.78125 ], [ 593304.375, 2310551.25 ], [ 593315.625, 2310528.75 ], [ 593319.0625, 2310524.6875 ], [ 593326.5625, 2310520.9375 ], [ 593340.3125, 2310519.6875 ], [ 593348.75, 2310516.875 ], [ 593352.8125, 2310513.4375 ], [ 593357.03125, 2310506.40625 ], [ 593362.1875, 2310500.3125 ], [ 593368.75, 2310495.625 ], [ 593391.25, 2310484.375 ], [ 593395.78125, 2310481.40625 ], [ 593401.40625, 2310475.78125 ], [ 593407.1875, 2310466.5625 ], [ 593411.25, 2310463.125 ], [ 593416.5625, 2310460.9375 ], [ 593430.3125, 2310459.6875 ], [ 593438.75, 2310456.875 ], [ 593444.375, 2310451.25 ], [ 593455.625, 2310428.75 ], [ 593461.25, 2310423.125 ], [ 593466.5625, 2310420.9375 ], [ 593480.3125, 2310419.6875 ], [ 593486.25, 2310418.125 ], [ 593490.9375, 2310415.3125 ], [ 593497.1875, 2310406.5625 ], [ 593501.25, 2310403.125 ], [ 593506.5625, 2310400.9375 ], [ 593520.3125, 2310399.6875 ], [ 593526.25, 2310398.125 ], [ 593530.9375, 2310395.3125 ], [ 593537.1875, 2310386.5625 ], [ 593541.25, 2310383.125 ], [ 593546.5625, 2310380.9375 ], [ 593560.3125, 2310379.6875 ], [ 593566.25, 2310378.125 ], [ 593570.9375, 2310375.3125 ], [ 593577.1875, 2310366.5625 ], [ 593581.25, 2310363.125 ], [ 593586.5625, 2310360.9375 ], [ 593600.3125, 2310359.6875 ], [ 593606.25, 2310358.125 ], [ 593610.9375, 2310355.3125 ], [ 593617.1875, 2310346.5625 ], [ 593621.25, 2310343.125 ], [ 593626.5625, 2310340.9375 ], [ 593640.3125, 2310339.6875 ], [ 593646.25, 2310338.125 ], [ 593650.9375, 2310335.3125 ], [ 593657.1875, 2310326.5625 ], [ 593661.25, 2310323.125 ], [ 593666.5625, 2310320.9375 ], [ 593680.3125, 2310319.6875 ], [ 593686.25, 2310318.125 ], [ 593690.9375, 2310315.3125 ], [ 593697.1875, 2310306.5625 ], [ 593701.25, 2310303.125 ], [ 593706.5625, 2310300.9375 ], [ 593720.3125, 2310299.6875 ], [ 593726.25, 2310298.125 ], [ 593730.9375, 2310295.3125 ], [ 593737.1875, 2310286.5625 ], [ 593741.25, 2310283.125 ], [ 593746.5625, 2310280.9375 ], [ 593760.3125, 2310279.6875 ], [ 593766.25, 2310278.125 ], [ 593770.9375, 2310275.3125 ], [ 593777.1875, 2310266.5625 ], [ 593781.25, 2310263.125 ], [ 593786.5625, 2310260.9375 ], [ 593800.3125, 2310259.6875 ], [ 593806.25, 2310258.125 ], [ 593810.9375, 2310255.3125 ], [ 593817.1875, 2310246.5625 ], [ 593821.25, 2310243.125 ], [ 593826.5625, 2310240.9375 ], [ 593840.3125, 2310239.6875 ], [ 593846.25, 2310238.125 ], [ 593850.9375, 2310235.3125 ], [ 593857.1875, 2310226.5625 ], [ 593861.25, 2310223.125 ], [ 593866.5625, 2310220.9375 ], [ 593880.3125, 2310219.6875 ], [ 593886.25, 2310218.125 ], [ 593890.9375, 2310215.3125 ], [ 593894.375, 2310211.25 ], [ 593897.65625, 2310203.28125 ], [ 593899.84375, 2310190.46875 ], [ 593900.0, 2310153.125 ], [ 593898.59375, 2310147.03125 ], [ 593897.1875, 2310144.6875 ], [ 593892.96875, 2310141.40625 ], [ 593890.15625, 2310140.46875 ], [ 593876.5625, 2310139.0625 ], [ 593871.25, 2310136.875 ], [ 593867.1875, 2310133.4375 ], [ 593824.375, 2310048.75 ], [ 593820.9375, 2310044.6875 ], [ 593816.25, 2310041.875 ], [ 593806.875, 2310040.0 ], [ 593713.125, 2310040.0 ], [ 593702.8125, 2310040.9375 ], [ 593693.90625, 2310043.28125 ], [ 593668.75, 2310055.625 ], [ 593662.1875, 2310060.3125 ], [ 593658.59375, 2310064.21875 ], [ 593652.8125, 2310073.4375 ], [ 593646.25, 2310078.125 ], [ 593640.3125, 2310079.6875 ], [ 593629.6875, 2310080.3125 ], [ 593621.25, 2310083.125 ], [ 593615.625, 2310088.75 ], [ 593604.375, 2310111.25 ], [ 593601.40625, 2310115.78125 ], [ 593597.8125, 2310119.6875 ], [ 593591.25, 2310124.375 ], [ 593568.75, 2310135.625 ], [ 593563.28125, 2310137.65625 ], [ 593553.90625, 2310139.53125 ], [ 593539.6875, 2310140.3125 ], [ 593533.75, 2310141.875 ], [ 593527.1875, 2310146.5625 ], [ 593521.40625, 2310155.78125 ], [ 593513.59375, 2310162.96875 ], [ 593448.75, 2310195.625 ], [ 593440.3125, 2310198.4375 ], [ 593433.90625, 2310199.53125 ], [ 593419.6875, 2310200.3125 ], [ 593411.25, 2310203.125 ], [ 593407.1875, 2310206.5625 ], [ 593402.96875, 2310213.59375 ], [ 593397.8125, 2310219.6875 ], [ 593391.25, 2310224.375 ], [ 593368.75, 2310235.625 ], [ 593364.21875, 2310238.59375 ], [ 593358.59375, 2310244.21875 ], [ 593352.8125, 2310253.4375 ], [ 593348.75, 2310256.875 ], [ 593340.3125, 2310259.6875 ], [ 593326.5625, 2310260.9375 ], [ 593319.0625, 2310264.6875 ], [ 593315.625, 2310268.75 ], [ 593304.375, 2310291.25 ], [ 593300.9375, 2310295.3125 ], [ 593293.4375, 2310299.0625 ], [ 593279.6875, 2310300.3125 ], [ 593271.25, 2310303.125 ], [ 593267.1875, 2310306.5625 ], [ 593262.96875, 2310313.59375 ], [ 593257.8125, 2310319.6875 ], [ 593251.25, 2310324.375 ], [ 593228.75, 2310335.625 ], [ 593224.21875, 2310338.59375 ], [ 593218.59375, 2310344.21875 ], [ 593212.8125, 2310353.4375 ], [ 593208.75, 2310356.875 ], [ 593200.3125, 2310359.6875 ], [ 593186.09375, 2310360.46875 ], [ 593173.90625, 2310363.28125 ], [ 593148.75, 2310375.625 ], [ 593144.21875, 2310378.59375 ], [ 593137.03125, 2310386.40625 ], [ 593121.40625, 2310415.78125 ], [ 593115.78125, 2310421.40625 ], [ 593106.5625, 2310427.1875 ], [ 593103.125, 2310431.25 ], [ 593100.3125, 2310439.6875 ], [ 593099.0625, 2310453.4375 ], [ 593095.3125, 2310460.9375 ], [ 593091.25, 2310464.375 ], [ 593066.40625, 2310477.03125 ], [ 593060.3125, 2310482.1875 ], [ 593055.625, 2310488.75 ], [ 593032.8125, 2310533.4375 ], [ 593026.25, 2310538.125 ], [ 593020.3125, 2310539.6875 ], [ 593006.5625, 2310540.9375 ], [ 592999.0625, 2310544.6875 ], [ 592995.625, 2310548.75 ], [ 592984.375, 2310571.25 ], [ 592979.6875, 2310577.8125 ], [ 592973.59375, 2310582.96875 ], [ 592948.75, 2310595.625 ], [ 592944.6875, 2310599.0625 ], [ 592940.9375, 2310606.5625 ], [ 592939.6875, 2310620.3125 ], [ 592936.875, 2310628.75 ], [ 592933.4375, 2310632.8125 ], [ 592926.5625, 2310637.1875 ], [ 592921.875, 2310643.75 ], [ 592920.3125, 2310649.6875 ], [ 592919.6875, 2310660.3125 ], [ 592916.875, 2310668.75 ], [ 592913.4375, 2310672.8125 ], [ 592902.1875, 2310680.3125 ], [ 592897.03125, 2310686.40625 ], [ 592863.28125, 2310753.90625 ], [ 592861.5625, 2310759.6875 ], [ 592860.15625, 2310769.53125 ], [ 592860.0, 2310806.875 ], [ 592859.0625, 2310813.4375 ], [ 592855.3125, 2310820.9375 ], [ 592846.5625, 2310827.1875 ], [ 592841.875, 2310833.75 ], [ 592840.0, 2310843.125 ], [ 592840.0, 2310876.875 ], [ 592839.0625, 2310883.4375 ], [ 592835.3125, 2310890.9375 ], [ 592824.6875, 2310899.0625 ], [ 592820.9375, 2310906.5625 ], [ 592820.0, 2310913.125 ], [ 592819.84375, 2310950.46875 ], [ 592817.65625, 2310963.28125 ], [ 592815.625, 2310968.75 ], [ 592764.375, 2311071.25 ], [ 592762.34375, 2311076.71875 ], [ 592760.9375, 2311082.8125 ], [ 592760.0, 2311093.125 ], [ 592760.0, 2311246.875 ], [ 592761.5625, 2311260.3125 ], [ 592764.375, 2311268.75 ], [ 592775.625, 2311291.25 ], [ 592777.65625, 2311296.71875 ], [ 592779.53125, 2311306.09375 ], [ 592780.3125, 2311320.3125 ], [ 592781.875, 2311326.25 ], [ 592784.6875, 2311330.9375 ], [ 592793.4375, 2311337.1875 ], [ 592798.125, 2311343.75 ], [ 592800.0, 2311353.125 ], [ 592800.0, 2311386.875 ], [ 592800.9375, 2311393.4375 ], [ 592804.6875, 2311400.9375 ], [ 592813.4375, 2311407.1875 ], [ 592818.125, 2311413.75 ], [ 592819.6875, 2311419.6875 ], [ 592820.3125, 2311430.3125 ], [ 592823.125, 2311438.75 ], [ 592828.75, 2311444.375 ], [ 592853.59375, 2311457.03125 ], [ 592861.40625, 2311464.21875 ], [ 592864.375, 2311468.75 ], [ 592907.1875, 2311553.4375 ], [ 592911.25, 2311556.875 ], [ 592916.5625, 2311559.0625 ], [ 592930.3125, 2311560.3125 ], [ 592936.25, 2311561.875 ], [ 592940.9375, 2311564.6875 ], [ 592944.375, 2311568.75 ], [ 592977.03125, 2311633.59375 ], [ 592982.1875, 2311639.6875 ], [ 592993.4375, 2311647.1875 ], [ 592996.875, 2311651.25 ], [ 592999.6875, 2311659.6875 ], [ 593000.46875, 2311673.90625 ], [ 593003.28125, 2311686.09375 ], [ 593015.625, 2311711.25 ], [ 593018.59375, 2311715.78125 ], [ 593026.40625, 2311722.96875 ], [ 593051.25, 2311735.625 ], [ 593057.8125, 2311740.3125 ], [ 593062.96875, 2311746.40625 ], [ 593075.625, 2311771.25 ], [ 593080.3125, 2311777.8125 ], [ 593086.40625, 2311782.96875 ], [ 593111.25, 2311795.625 ], [ 593117.8125, 2311800.3125 ], [ 593124.375, 2311808.75 ], [ 593137.03125, 2311833.59375 ], [ 593144.21875, 2311841.40625 ], [ 593148.75, 2311844.375 ], [ 593211.25, 2311875.625 ], [ 593215.3125, 2311879.0625 ], [ 593219.0625, 2311886.5625 ], [ 593220.3125, 2311900.3125 ], [ 593223.125, 2311908.75 ], [ 593226.5625, 2311912.8125 ], [ 593235.78125, 2311918.59375 ], [ 593241.40625, 2311924.21875 ], [ 593258.59375, 2311955.78125 ], [ 593266.40625, 2311962.96875 ], [ 593291.25, 2311975.625 ], [ 593299.6875, 2311982.1875 ], [ 593304.375, 2311988.75 ], [ 593315.625, 2312011.25 ], [ 593322.1875, 2312019.6875 ], [ 593328.75, 2312024.375 ], [ 593351.25, 2312035.625 ], [ 593355.78125, 2312038.59375 ], [ 593361.40625, 2312044.21875 ], [ 593367.1875, 2312053.4375 ], [ 593371.25, 2312056.875 ], [ 593379.6875, 2312059.6875 ], [ 593390.15625, 2312060.46875 ], [ 593392.96875, 2312061.40625 ], [ 593397.1875, 2312064.6875 ], [ 593399.53125, 2312069.84375 ], [ 593400.3125, 2312080.3125 ], [ 593403.125, 2312088.75 ], [ 593406.5625, 2312092.8125 ], [ 593413.4375, 2312097.1875 ], [ 593418.125, 2312103.75 ], [ 593419.6875, 2312109.6875 ], [ 593420.3125, 2312120.3125 ], [ 593423.125, 2312128.75 ], [ 593426.5625, 2312132.8125 ], [ 593433.59375, 2312137.03125 ], [ 593439.6875, 2312142.1875 ], [ 593449.0625, 2312155.3125 ], [ 593456.5625, 2312159.0625 ], [ 593470.3125, 2312160.3125 ], [ 593476.25, 2312161.875 ], [ 593480.9375, 2312164.6875 ], [ 593487.1875, 2312173.4375 ], [ 593491.25, 2312176.875 ], [ 593499.6875, 2312179.6875 ], [ 593513.4375, 2312180.9375 ], [ 593520.9375, 2312184.6875 ], [ 593524.375, 2312188.75 ], [ 593537.03125, 2312213.59375 ], [ 593542.1875, 2312219.6875 ], [ 593548.75, 2312224.375 ], [ 593571.25, 2312235.625 ], [ 593579.6875, 2312242.1875 ], [ 593584.375, 2312248.75 ], [ 593597.03125, 2312273.59375 ], [ 593604.21875, 2312281.40625 ], [ 593635.78125, 2312298.59375 ], [ 593641.40625, 2312304.21875 ], [ 593647.1875, 2312313.4375 ], [ 593651.25, 2312316.875 ], [ 593656.5625, 2312319.0625 ], [ 593670.3125, 2312320.3125 ], [ 593676.25, 2312321.875 ], [ 593680.9375, 2312324.6875 ], [ 593687.1875, 2312333.4375 ], [ 593691.25, 2312336.875 ], [ 593699.6875, 2312339.6875 ], [ 593713.4375, 2312340.9375 ], [ 593720.9375, 2312344.6875 ], [ 593724.375, 2312348.75 ], [ 593735.625, 2312371.25 ], [ 593739.0625, 2312375.3125 ], [ 593746.5625, 2312379.0625 ], [ 593760.3125, 2312380.3125 ], [ 593768.75, 2312383.125 ], [ 593772.8125, 2312386.5625 ], [ 593777.03125, 2312393.59375 ], [ 593782.1875, 2312399.6875 ], [ 593795.3125, 2312409.0625 ], [ 593799.0625, 2312416.5625 ], [ 593800.46875, 2312430.15625 ], [ 593801.40625, 2312432.96875 ], [ 593804.6875, 2312437.1875 ], [ 593807.03125, 2312438.59375 ], [ 593813.125, 2312440.0 ], [ 593846.875, 2312440.0 ], [ 593853.4375, 2312440.9375 ], [ 593858.75, 2312443.125 ], [ 593864.375, 2312448.75 ], [ 593875.625, 2312471.25 ], [ 593881.25, 2312476.875 ], [ 593886.5625, 2312479.0625 ], [ 593900.3125, 2312480.3125 ], [ 593906.25, 2312481.875 ], [ 593910.9375, 2312484.6875 ], [ 593917.1875, 2312493.4375 ], [ 593921.25, 2312496.875 ], [ 593926.5625, 2312499.0625 ], [ 593940.3125, 2312500.3125 ], [ 593948.75, 2312503.125 ], [ 593952.8125, 2312506.5625 ], [ 593960.3125, 2312517.8125 ], [ 593966.40625, 2312522.96875 ], [ 594011.25, 2312545.625 ], [ 594015.3125, 2312549.0625 ], [ 594018.125, 2312553.75 ], [ 594019.6875, 2312559.6875 ], [ 594020.46875, 2312570.15625 ], [ 594021.40625, 2312572.96875 ], [ 594024.6875, 2312577.1875 ], [ 594027.03125, 2312578.59375 ], [ 594033.125, 2312580.0 ], [ 594066.875, 2312580.0 ], [ 594073.4375, 2312580.9375 ], [ 594080.9375, 2312584.6875 ], [ 594087.1875, 2312593.4375 ], [ 594093.75, 2312598.125 ], [ 594099.6875, 2312599.6875 ], [ 594110.3125, 2312600.3125 ], [ 594118.75, 2312603.125 ], [ 594122.8125, 2312606.5625 ], [ 594127.1875, 2312613.4375 ], [ 594133.75, 2312618.125 ], [ 594139.6875, 2312619.6875 ], [ 594157.1875, 2312620.9375 ], [ 594168.75, 2312624.375 ], [ 594231.25, 2312655.625 ], [ 594235.78125, 2312658.59375 ], [ 594242.96875, 2312666.40625 ], [ 594255.625, 2312691.25 ], [ 594261.25, 2312696.875 ], [ 594266.5625, 2312699.0625 ], [ 594280.3125, 2312700.3125 ], [ 594286.25, 2312701.875 ], [ 594292.8125, 2312706.5625 ], [ 594299.0625, 2312715.3125 ], [ 594306.5625, 2312719.0625 ], [ 594313.125, 2312720.0 ], [ 594346.875, 2312720.0 ], [ 594356.25, 2312721.875 ], [ 594362.8125, 2312726.5625 ], [ 594377.03125, 2312753.59375 ], [ 594380.3125, 2312757.8125 ], [ 594386.40625, 2312762.96875 ], [ 594411.25, 2312775.625 ], [ 594416.71875, 2312777.65625 ], [ 594426.09375, 2312779.53125 ], [ 594440.3125, 2312780.3125 ], [ 594448.75, 2312783.125 ], [ 594452.8125, 2312786.5625 ], [ 594458.59375, 2312795.78125 ], [ 594464.21875, 2312801.40625 ], [ 594468.75, 2312804.375 ], [ 594491.25, 2312815.625 ], [ 594499.6875, 2312822.1875 ], [ 594504.375, 2312828.75 ], [ 594515.625, 2312851.25 ], [ 594522.1875, 2312859.6875 ], [ 594528.75, 2312864.375 ], [ 594551.25, 2312875.625 ], [ 594555.3125, 2312879.0625 ], [ 594559.0625, 2312886.5625 ], [ 594560.3125, 2312900.3125 ], [ 594563.125, 2312908.75 ], [ 594566.5625, 2312912.8125 ], [ 594575.78125, 2312918.59375 ], [ 594581.40625, 2312924.21875 ], [ 594598.59375, 2312955.78125 ], [ 594606.40625, 2312962.96875 ], [ 594631.25, 2312975.625 ], [ 594635.3125, 2312979.0625 ], [ 594639.0625, 2312986.5625 ], [ 594640.3125, 2313000.3125 ], [ 594641.875, 2313006.25 ], [ 594644.6875, 2313010.9375 ], [ 594653.4375, 2313017.1875 ], [ 594656.875, 2313021.25 ], [ 594659.0625, 2313026.5625 ], [ 594660.0, 2313033.125 ], [ 594659.6875, 2313370.3125 ], [ 594658.125, 2313376.25 ], [ 594653.4375, 2313382.8125 ], [ 594628.75, 2313395.625 ], [ 594624.6875, 2313399.0625 ], [ 594621.875, 2313403.75 ], [ 594620.0, 2313413.125 ], [ 594620.0, 2313446.875 ], [ 594619.0625, 2313453.4375 ], [ 594615.3125, 2313460.9375 ], [ 594606.5625, 2313467.1875 ], [ 594601.875, 2313473.75 ], [ 594600.3125, 2313479.6875 ], [ 594599.6875, 2313490.3125 ], [ 594596.875, 2313498.75 ], [ 594593.4375, 2313502.8125 ], [ 594586.5625, 2313507.1875 ], [ 594581.875, 2313513.75 ], [ 594580.3125, 2313519.6875 ], [ 594579.0625, 2313537.1875 ], [ 594575.625, 2313548.75 ], [ 594564.375, 2313571.25 ], [ 594561.40625, 2313575.78125 ], [ 594555.78125, 2313581.40625 ], [ 594546.5625, 2313587.1875 ], [ 594543.125, 2313591.25 ], [ 594540.9375, 2313596.5625 ], [ 594539.6875, 2313610.3125 ], [ 594538.125, 2313616.25 ], [ 594535.3125, 2313620.9375 ], [ 594526.5625, 2313627.1875 ], [ 594521.875, 2313633.75 ], [ 594520.3125, 2313639.6875 ], [ 594519.0625, 2313657.1875 ], [ 594515.625, 2313668.75 ], [ 594462.8125, 2313773.4375 ], [ 594458.75, 2313776.875 ], [ 594453.4375, 2313779.0625 ], [ 594439.6875, 2313780.3125 ], [ 594431.25, 2313783.125 ], [ 594427.1875, 2313786.5625 ], [ 594422.96875, 2313793.59375 ], [ 594417.8125, 2313799.6875 ], [ 594411.25, 2313804.375 ], [ 594388.75, 2313815.625 ], [ 594384.21875, 2313818.59375 ], [ 594378.59375, 2313824.21875 ], [ 594372.8125, 2313833.4375 ], [ 594368.75, 2313836.875 ], [ 594360.3125, 2313839.6875 ], [ 594346.5625, 2313840.9375 ], [ 594339.0625, 2313844.6875 ], [ 594335.625, 2313848.75 ], [ 594304.375, 2313911.25 ], [ 594299.6875, 2313917.8125 ], [ 594291.25, 2313924.375 ], [ 594228.75, 2313955.625 ], [ 594222.1875, 2313960.3125 ], [ 594217.03125, 2313966.40625 ], [ 594204.375, 2313991.25 ], [ 594199.6875, 2313997.8125 ], [ 594193.59375, 2314002.96875 ], [ 594168.75, 2314015.625 ], [ 594162.1875, 2314020.3125 ], [ 594157.03125, 2314026.40625 ], [ 594144.375, 2314051.25 ], [ 594140.9375, 2314055.3125 ], [ 594133.4375, 2314059.0625 ], [ 594119.6875, 2314060.3125 ], [ 594111.25, 2314063.125 ], [ 594107.1875, 2314066.5625 ], [ 594102.8125, 2314073.4375 ], [ 594096.25, 2314078.125 ], [ 594090.3125, 2314079.6875 ], [ 594079.6875, 2314080.3125 ], [ 594071.25, 2314083.125 ], [ 594067.1875, 2314086.5625 ], [ 594061.40625, 2314095.78125 ], [ 594055.78125, 2314101.40625 ], [ 594051.25, 2314104.375 ], [ 594028.75, 2314115.625 ], [ 594020.3125, 2314118.4375 ], [ 594013.90625, 2314119.53125 ], [ 593999.6875, 2314120.3125 ], [ 593991.25, 2314123.125 ], [ 593987.1875, 2314126.5625 ], [ 593979.6875, 2314137.8125 ], [ 593973.59375, 2314142.96875 ], [ 593908.75, 2314175.625 ], [ 593897.1875, 2314179.0625 ], [ 593879.6875, 2314180.3125 ], [ 593873.75, 2314181.875 ], [ 593869.0625, 2314184.6875 ], [ 593862.8125, 2314193.4375 ], [ 593858.75, 2314196.875 ], [ 593853.4375, 2314199.0625 ], [ 593839.6875, 2314200.3125 ], [ 593833.75, 2314201.875 ], [ 593829.0625, 2314204.6875 ], [ 593822.8125, 2314213.4375 ], [ 593818.75, 2314216.875 ], [ 593813.4375, 2314219.0625 ], [ 593799.6875, 2314220.3125 ], [ 593791.25, 2314223.125 ], [ 593787.1875, 2314226.5625 ], [ 593782.8125, 2314233.4375 ], [ 593776.25, 2314238.125 ], [ 593766.875, 2314240.0 ], [ 593733.125, 2314240.0 ], [ 593722.8125, 2314240.9375 ], [ 593713.90625, 2314243.28125 ], [ 593688.75, 2314255.625 ], [ 593680.3125, 2314258.4375 ], [ 593666.875, 2314260.0 ], [ 593633.125, 2314260.0 ], [ 593623.75, 2314261.875 ], [ 593619.0625, 2314264.6875 ], [ 593612.8125, 2314273.4375 ], [ 593606.25, 2314278.125 ], [ 593600.3125, 2314279.6875 ], [ 593582.8125, 2314280.9375 ], [ 593573.90625, 2314283.28125 ], [ 593508.75, 2314315.625 ], [ 593500.3125, 2314322.1875 ], [ 593490.9375, 2314335.3125 ], [ 593483.4375, 2314339.0625 ], [ 593476.875, 2314340.0 ], [ 593413.125, 2314340.0 ], [ 593406.5625, 2314340.9375 ], [ 593399.0625, 2314344.6875 ], [ 593392.8125, 2314353.4375 ], [ 593386.25, 2314358.125 ], [ 593376.875, 2314360.0 ], [ 593343.125, 2314360.0 ], [ 593336.5625, 2314360.9375 ], [ 593329.0625, 2314364.6875 ], [ 593322.8125, 2314373.4375 ], [ 593318.75, 2314376.875 ], [ 593313.4375, 2314379.0625 ], [ 593306.875, 2314380.0 ], [ 593179.6875, 2314379.6875 ], [ 593173.75, 2314378.125 ], [ 593169.0625, 2314375.3125 ], [ 593162.8125, 2314366.5625 ], [ 593158.75, 2314363.125 ], [ 593153.4375, 2314360.9375 ], [ 593146.875, 2314360.0 ], [ 592753.125, 2314360.0 ], [ 592746.5625, 2314360.9375 ], [ 592741.25, 2314363.125 ], [ 592737.1875, 2314366.5625 ], [ 592732.8125, 2314373.4375 ], [ 592726.25, 2314378.125 ], [ 592720.3125, 2314379.6875 ], [ 592706.09375, 2314380.46875 ], [ 592696.71875, 2314382.34375 ], [ 592691.25, 2314384.375 ], [ 592668.75, 2314395.625 ], [ 592657.1875, 2314399.0625 ], [ 592646.875, 2314400.0 ], [ 592489.53125, 2314400.15625 ], [ 592482.8125, 2314400.9375 ], [ 592473.90625, 2314403.28125 ], [ 592443.28125, 2314417.65625 ], [ 592437.1875, 2314419.0625 ], [ 592426.875, 2314420.0 ], [ 592389.53125, 2314419.84375 ], [ 592376.71875, 2314417.65625 ], [ 592371.25, 2314415.625 ], [ 592308.75, 2314384.375 ], [ 592303.28125, 2314382.34375 ], [ 592293.90625, 2314380.46875 ], [ 592103.125, 2314380.0 ], [ 592096.5625, 2314380.9375 ], [ 592091.25, 2314383.125 ], [ 592087.1875, 2314386.5625 ], [ 592082.8125, 2314393.4375 ], [ 592076.25, 2314398.125 ], [ 592066.875, 2314400.0 ], [ 592033.125, 2314400.0 ], [ 592026.5625, 2314400.9375 ], [ 592019.0625, 2314404.6875 ], [ 592012.8125, 2314413.4375 ], [ 592006.25, 2314418.125 ], [ 591996.875, 2314420.0 ], [ 591963.125, 2314420.0 ], [ 591956.5625, 2314420.9375 ], [ 591949.0625, 2314424.6875 ], [ 591942.8125, 2314433.4375 ], [ 591938.75, 2314436.875 ], [ 591933.4375, 2314439.0625 ], [ 591926.875, 2314440.0 ], [ 591769.6875, 2314439.6875 ], [ 591761.25, 2314436.875 ], [ 591757.1875, 2314433.4375 ], [ 591750.9375, 2314424.6875 ], [ 591743.4375, 2314420.9375 ], [ 591736.875, 2314420.0 ], [ 591669.6875, 2314419.6875 ], [ 591661.25, 2314416.875 ], [ 591657.1875, 2314413.4375 ], [ 591650.9375, 2314404.6875 ], [ 591643.4375, 2314400.9375 ], [ 591636.875, 2314400.0 ], [ 591626.09375, 2314400.46875 ], [ 591619.6875, 2314401.5625 ], [ 591611.25, 2314404.375 ], [ 591588.75, 2314415.625 ], [ 591584.21875, 2314418.59375 ], [ 591578.59375, 2314424.21875 ], [ 591572.8125, 2314433.4375 ], [ 591568.75, 2314436.875 ], [ 591563.4375, 2314439.0625 ], [ 591549.6875, 2314440.3125 ], [ 591543.75, 2314441.875 ], [ 591539.0625, 2314444.6875 ], [ 591532.8125, 2314453.4375 ], [ 591528.75, 2314456.875 ], [ 591520.3125, 2314459.6875 ], [ 591509.84375, 2314460.46875 ], [ 591504.6875, 2314462.8125 ], [ 591502.8125, 2314464.6875 ], [ 591500.46875, 2314469.84375 ], [ 591499.6875, 2314480.3125 ], [ 591496.875, 2314488.75 ], [ 591493.4375, 2314492.8125 ], [ 591484.21875, 2314498.59375 ], [ 591478.59375, 2314504.21875 ], [ 591475.625, 2314508.75 ], [ 591464.375, 2314531.25 ], [ 591459.6875, 2314537.8125 ], [ 591453.59375, 2314542.96875 ], [ 591428.75, 2314555.625 ], [ 591422.1875, 2314560.3125 ], [ 591417.03125, 2314566.40625 ], [ 591404.375, 2314591.25 ], [ 591400.9375, 2314595.3125 ], [ 591393.4375, 2314599.0625 ], [ 591376.5625, 2314600.9375 ], [ 591371.25, 2314603.125 ], [ 591367.1875, 2314606.5625 ], [ 591284.375, 2314771.25 ], [ 591281.5625, 2314779.6875 ], [ 591280.15625, 2314789.53125 ], [ 591279.6875, 2314860.3125 ], [ 591278.125, 2314866.25 ], [ 591275.3125, 2314870.9375 ], [ 591266.5625, 2314877.1875 ], [ 591263.125, 2314881.25 ], [ 591260.9375, 2314886.5625 ], [ 591260.0, 2314893.125 ], [ 591260.0, 2315136.875 ], [ 591260.9375, 2315143.4375 ], [ 591263.125, 2315148.75 ], [ 591266.5625, 2315152.8125 ], [ 591273.4375, 2315157.1875 ], [ 591278.125, 2315163.75 ], [ 591279.6875, 2315169.6875 ], [ 591280.3125, 2315180.3125 ], [ 591283.125, 2315188.75 ], [ 591286.5625, 2315192.8125 ], [ 591295.78125, 2315198.59375 ], [ 591301.40625, 2315204.21875 ], [ 591304.375, 2315208.75 ], [ 591315.625, 2315231.25 ], [ 591317.65625, 2315236.71875 ], [ 591319.84375, 2315249.53125 ], [ 591320.0, 2315286.875 ], [ 591320.9375, 2315297.1875 ], [ 591323.28125, 2315306.09375 ], [ 591335.625, 2315331.25 ], [ 591338.4375, 2315339.6875 ], [ 591340.0, 2315353.125 ], [ 591340.15625, 2315390.46875 ], [ 591341.5625, 2315400.3125 ], [ 591344.375, 2315408.75 ], [ 591347.1875, 2315413.4375 ], [ 591353.75, 2315418.125 ], [ 591359.6875, 2315419.6875 ], [ 591370.15625, 2315420.46875 ], [ 591375.3125, 2315422.8125 ], [ 591378.59375, 2315427.03125 ], [ 591379.53125, 2315429.84375 ], [ 591380.9375, 2315443.4375 ], [ 591384.6875, 2315450.9375 ], [ 591388.75, 2315454.375 ], [ 591413.4375, 2315467.1875 ], [ 591416.875, 2315471.25 ], [ 591419.0625, 2315476.5625 ], [ 591420.0, 2315483.125 ], [ 591420.46875, 2315673.90625 ], [ 591421.5625, 2315680.3125 ], [ 591424.375, 2315688.75 ], [ 591456.71875, 2315753.90625 ], [ 591459.0625, 2315762.8125 ], [ 591460.3125, 2315780.3125 ], [ 591461.875, 2315786.25 ], [ 591466.5625, 2315792.8125 ], [ 591475.78125, 2315798.59375 ], [ 591482.96875, 2315806.40625 ], [ 591515.625, 2315871.25 ], [ 591518.59375, 2315875.78125 ], [ 591526.40625, 2315882.96875 ], [ 591551.25, 2315895.625 ], [ 591556.875, 2315901.25 ], [ 591559.6875, 2315909.6875 ], [ 591560.0, 2315946.875 ], [ 591560.46875, 2315950.15625 ], [ 591562.8125, 2315955.3125 ], [ 591564.6875, 2315957.1875 ], [ 591569.84375, 2315959.53125 ], [ 591580.3125, 2315960.3125 ], [ 591588.75, 2315963.125 ], [ 591592.8125, 2315966.5625 ], [ 591598.59375, 2315975.78125 ], [ 591604.21875, 2315981.40625 ], [ 591608.75, 2315984.375 ], [ 591631.25, 2315995.625 ], [ 591636.875, 2316001.25 ], [ 591639.0625, 2316006.5625 ], [ 591640.3125, 2316020.3125 ], [ 591641.875, 2316026.25 ], [ 591644.6875, 2316030.9375 ], [ 591653.4375, 2316037.1875 ], [ 591656.875, 2316041.25 ], [ 591659.0625, 2316046.5625 ], [ 591660.3125, 2316060.3125 ], [ 591661.875, 2316066.25 ], [ 591664.6875, 2316070.9375 ], [ 591673.4375, 2316077.1875 ], [ 591676.875, 2316081.25 ], [ 591679.0625, 2316086.5625 ], [ 591680.3125, 2316100.3125 ], [ 591683.125, 2316108.75 ], [ 591686.5625, 2316112.8125 ], [ 591695.78125, 2316118.59375 ], [ 591701.40625, 2316124.21875 ], [ 591704.375, 2316128.75 ], [ 591737.03125, 2316193.59375 ], [ 591742.1875, 2316199.6875 ], [ 591753.4375, 2316207.1875 ], [ 591756.875, 2316211.25 ], [ 591759.0625, 2316216.5625 ], [ 591760.3125, 2316230.3125 ], [ 591761.875, 2316236.25 ], [ 591764.6875, 2316240.9375 ], [ 591773.4375, 2316247.1875 ], [ 591776.875, 2316251.25 ], [ 591779.0625, 2316256.5625 ], [ 591780.3125, 2316270.3125 ], [ 591781.875, 2316276.25 ], [ 591784.6875, 2316280.9375 ], [ 591793.4375, 2316287.1875 ], [ 591796.875, 2316291.25 ], [ 591799.0625, 2316296.5625 ], [ 591800.3125, 2316310.3125 ], [ 591803.125, 2316318.75 ], [ 591808.75, 2316324.375 ], [ 591831.25, 2316335.625 ], [ 591835.3125, 2316339.0625 ], [ 591839.0625, 2316346.5625 ], [ 591840.3125, 2316360.3125 ], [ 591843.125, 2316368.75 ], [ 591846.5625, 2316372.8125 ], [ 591857.8125, 2316380.3125 ], [ 591864.375, 2316388.75 ], [ 591875.625, 2316411.25 ], [ 591877.65625, 2316416.71875 ], [ 591879.53125, 2316426.09375 ], [ 591880.3125, 2316440.3125 ], [ 591881.875, 2316446.25 ], [ 591886.5625, 2316452.8125 ], [ 591895.3125, 2316459.0625 ], [ 591899.0625, 2316466.5625 ], [ 591900.0, 2316473.125 ], [ 591900.15625, 2316570.46875 ], [ 591901.5625, 2316580.3125 ], [ 591905.625, 2316591.25 ], [ 591909.0625, 2316595.3125 ], [ 591913.75, 2316598.125 ], [ 591919.6875, 2316599.6875 ], [ 591933.90625, 2316600.46875 ], [ 591943.28125, 2316602.34375 ], [ 591948.75, 2316604.375 ], [ 591973.4375, 2316617.1875 ], [ 591976.875, 2316621.25 ], [ 591979.0625, 2316626.5625 ], [ 591980.3125, 2316640.3125 ], [ 591983.125, 2316648.75 ], [ 591986.5625, 2316652.8125 ], [ 591993.59375, 2316657.03125 ], [ 591999.6875, 2316662.1875 ], [ 592004.375, 2316668.75 ], [ 592015.625, 2316691.25 ], [ 592018.59375, 2316695.78125 ], [ 592024.21875, 2316701.40625 ], [ 592033.4375, 2316707.1875 ], [ 592036.875, 2316711.25 ], [ 592039.6875, 2316719.6875 ], [ 592040.46875, 2316733.90625 ], [ 592043.28125, 2316746.09375 ], [ 592055.625, 2316771.25 ], [ 592060.3125, 2316777.8125 ], [ 592066.40625, 2316782.96875 ], [ 592091.25, 2316795.625 ], [ 592097.8125, 2316800.3125 ], [ 592102.96875, 2316806.40625 ], [ 592115.625, 2316831.25 ], [ 592119.0625, 2316835.3125 ], [ 592126.5625, 2316839.0625 ], [ 592140.3125, 2316840.3125 ], [ 592148.75, 2316843.125 ], [ 592152.8125, 2316846.5625 ], [ 592158.59375, 2316855.78125 ], [ 592164.21875, 2316861.40625 ], [ 592168.75, 2316864.375 ], [ 592191.25, 2316875.625 ], [ 592195.3125, 2316879.0625 ], [ 592199.0625, 2316886.5625 ], [ 592200.3125, 2316900.3125 ], [ 592203.125, 2316908.75 ], [ 592206.5625, 2316912.8125 ], [ 592217.8125, 2316920.3125 ], [ 592222.96875, 2316926.40625 ], [ 592255.625, 2316991.25 ], [ 592259.0625, 2317002.8125 ], [ 592260.3125, 2317020.3125 ], [ 592261.875, 2317026.25 ], [ 592264.6875, 2317030.9375 ], [ 592273.4375, 2317037.1875 ], [ 592276.875, 2317041.25 ], [ 592279.0625, 2317046.5625 ], [ 592280.3125, 2317060.3125 ], [ 592281.875, 2317066.25 ], [ 592284.6875, 2317070.9375 ], [ 592293.4375, 2317077.1875 ], [ 592296.875, 2317081.25 ], [ 592299.6875, 2317089.6875 ], [ 592300.9375, 2317103.4375 ], [ 592304.6875, 2317110.9375 ], [ 592317.8125, 2317120.3125 ], [ 592321.40625, 2317124.21875 ], [ 592327.1875, 2317133.4375 ], [ 592331.25, 2317136.875 ], [ 592339.6875, 2317139.6875 ], [ 592353.4375, 2317140.9375 ], [ 592358.75, 2317143.125 ], [ 592362.8125, 2317146.5625 ], [ 592395.625, 2317211.25 ], [ 592398.59375, 2317215.78125 ], [ 592406.40625, 2317222.96875 ], [ 592431.25, 2317235.625 ], [ 592439.6875, 2317242.1875 ], [ 592444.375, 2317248.75 ], [ 592467.1875, 2317293.4375 ], [ 592473.75, 2317298.125 ], [ 592479.6875, 2317299.6875 ], [ 592490.15625, 2317300.46875 ], [ 592492.96875, 2317301.40625 ], [ 592497.1875, 2317304.6875 ], [ 592499.53125, 2317309.84375 ], [ 592500.9375, 2317323.4375 ], [ 592503.125, 2317328.75 ], [ 592506.5625, 2317332.8125 ], [ 592551.25, 2317355.625 ], [ 592555.3125, 2317359.0625 ], [ 592559.0625, 2317366.5625 ], [ 592560.3125, 2317380.3125 ], [ 592563.125, 2317388.75 ], [ 592566.5625, 2317392.8125 ], [ 592573.4375, 2317397.1875 ], [ 592578.125, 2317403.75 ], [ 592579.6875, 2317409.6875 ], [ 592580.3125, 2317420.3125 ], [ 592583.125, 2317428.75 ], [ 592586.5625, 2317432.8125 ], [ 592595.78125, 2317438.59375 ], [ 592601.40625, 2317444.21875 ], [ 592618.59375, 2317475.78125 ], [ 592626.40625, 2317482.96875 ], [ 592651.25, 2317495.625 ], [ 592657.8125, 2317500.3125 ], [ 592662.96875, 2317506.40625 ], [ 592675.625, 2317531.25 ], [ 592680.3125, 2317537.8125 ], [ 592686.40625, 2317542.96875 ], [ 592711.25, 2317555.625 ], [ 592717.8125, 2317560.3125 ], [ 592722.96875, 2317566.40625 ], [ 592735.625, 2317591.25 ], [ 592740.3125, 2317597.8125 ], [ 592746.40625, 2317602.96875 ], [ 592771.25, 2317615.625 ], [ 592775.3125, 2317619.0625 ], [ 592779.0625, 2317626.5625 ], [ 592780.9375, 2317643.4375 ], [ 592783.125, 2317648.75 ], [ 592786.5625, 2317652.8125 ], [ 592831.25, 2317675.625 ], [ 592835.3125, 2317679.0625 ], [ 592839.0625, 2317686.5625 ], [ 592840.3125, 2317700.3125 ], [ 592843.125, 2317708.75 ], [ 592846.5625, 2317712.8125 ], [ 592857.8125, 2317720.3125 ], [ 592862.96875, 2317726.40625 ], [ 592895.625, 2317791.25 ], [ 592898.59375, 2317795.78125 ], [ 592906.40625, 2317802.96875 ], [ 592931.25, 2317815.625 ], [ 592937.8125, 2317820.3125 ], [ 592942.96875, 2317826.40625 ], [ 592955.625, 2317851.25 ], [ 592960.3125, 2317857.8125 ], [ 592966.40625, 2317862.96875 ], [ 592991.25, 2317875.625 ], [ 592995.3125, 2317879.0625 ], [ 592999.0625, 2317886.5625 ], [ 593000.3125, 2317900.3125 ], [ 593003.125, 2317908.75 ], [ 593006.5625, 2317912.8125 ], [ 593015.78125, 2317918.59375 ], [ 593021.40625, 2317924.21875 ], [ 593038.59375, 2317955.78125 ], [ 593046.40625, 2317962.96875 ], [ 593071.25, 2317975.625 ], [ 593079.6875, 2317982.1875 ], [ 593084.375, 2317988.75 ], [ 593095.625, 2318011.25 ], [ 593098.59375, 2318015.78125 ], [ 593104.21875, 2318021.40625 ], [ 593113.4375, 2318027.1875 ], [ 593116.875, 2318031.25 ], [ 593119.6875, 2318039.6875 ], [ 593120.9375, 2318053.4375 ], [ 593124.6875, 2318060.9375 ], [ 593128.75, 2318064.375 ], [ 593151.25, 2318075.625 ], [ 593155.3125, 2318079.0625 ], [ 593159.0625, 2318086.5625 ], [ 593160.3125, 2318100.3125 ], [ 593163.125, 2318108.75 ], [ 593166.5625, 2318112.8125 ], [ 593177.8125, 2318120.3125 ], [ 593182.96875, 2318126.40625 ], [ 593217.03125, 2318193.59375 ], [ 593220.3125, 2318197.8125 ], [ 593226.40625, 2318202.96875 ], [ 593251.25, 2318215.625 ], [ 593255.3125, 2318219.0625 ], [ 593259.0625, 2318226.5625 ], [ 593260.3125, 2318240.3125 ], [ 593263.125, 2318248.75 ], [ 593266.5625, 2318252.8125 ], [ 593277.8125, 2318260.3125 ], [ 593282.96875, 2318266.40625 ], [ 593317.03125, 2318333.59375 ], [ 593320.3125, 2318337.8125 ], [ 593326.40625, 2318342.96875 ], [ 593351.25, 2318355.625 ], [ 593356.875, 2318361.25 ], [ 593359.0625, 2318366.5625 ], [ 593360.3125, 2318380.3125 ], [ 593361.875, 2318386.25 ], [ 593364.6875, 2318390.9375 ], [ 593373.4375, 2318397.1875 ], [ 593376.875, 2318401.25 ], [ 593379.0625, 2318406.5625 ], [ 593380.3125, 2318420.3125 ], [ 593383.125, 2318428.75 ], [ 593386.5625, 2318432.8125 ], [ 593397.8125, 2318440.3125 ], [ 593404.375, 2318448.75 ], [ 593455.625, 2318551.25 ], [ 593458.4375, 2318559.6875 ], [ 593459.53125, 2318566.09375 ], [ 593460.3125, 2318580.3125 ], [ 593463.125, 2318588.75 ], [ 593468.75, 2318594.375 ], [ 593491.25, 2318605.625 ], [ 593496.875, 2318611.25 ], [ 593499.0625, 2318616.5625 ], [ 593500.3125, 2318630.3125 ], [ 593501.875, 2318636.25 ], [ 593504.6875, 2318640.9375 ], [ 593513.4375, 2318647.1875 ], [ 593516.875, 2318651.25 ], [ 593519.0625, 2318656.5625 ], [ 593520.3125, 2318670.3125 ], [ 593521.875, 2318676.25 ], [ 593524.6875, 2318680.9375 ], [ 593533.4375, 2318687.1875 ], [ 593536.875, 2318691.25 ], [ 593539.0625, 2318696.5625 ], [ 593540.3125, 2318710.3125 ], [ 593541.875, 2318716.25 ], [ 593544.6875, 2318720.9375 ], [ 593553.4375, 2318727.1875 ], [ 593556.875, 2318731.25 ], [ 593559.0625, 2318736.5625 ], [ 593560.3125, 2318750.3125 ], [ 593561.875, 2318756.25 ], [ 593564.6875, 2318760.9375 ], [ 593573.4375, 2318767.1875 ], [ 593576.875, 2318771.25 ], [ 593579.0625, 2318776.5625 ], [ 593580.3125, 2318790.3125 ], [ 593581.875, 2318796.25 ], [ 593584.6875, 2318800.9375 ], [ 593593.4375, 2318807.1875 ], [ 593596.875, 2318811.25 ], [ 593599.0625, 2318816.5625 ], [ 593600.3125, 2318830.3125 ], [ 593603.125, 2318838.75 ], [ 593608.75, 2318844.375 ], [ 593631.25, 2318855.625 ], [ 593635.3125, 2318859.0625 ], [ 593639.0625, 2318866.5625 ], [ 593640.3125, 2318880.3125 ], [ 593643.125, 2318888.75 ], [ 593646.5625, 2318892.8125 ], [ 593655.78125, 2318898.59375 ], [ 593661.40625, 2318904.21875 ], [ 593678.59375, 2318935.78125 ], [ 593686.40625, 2318942.96875 ], [ 593711.25, 2318955.625 ], [ 593717.8125, 2318960.3125 ], [ 593724.375, 2318968.75 ], [ 593735.625, 2318991.25 ], [ 593738.59375, 2318995.78125 ], [ 593744.21875, 2319001.40625 ], [ 593753.4375, 2319007.1875 ], [ 593758.125, 2319013.75 ], [ 593760.0, 2319023.125 ], [ 593760.0, 2319086.875 ], [ 593761.5625, 2319100.3125 ], [ 593764.375, 2319108.75 ], [ 593795.625, 2319171.25 ], [ 593799.0625, 2319182.8125 ], [ 593800.0, 2319193.125 ], [ 593800.0, 2319286.875 ], [ 593800.46875, 2319293.90625 ], [ 593802.34375, 2319303.28125 ], [ 593804.375, 2319308.75 ], [ 593855.625, 2319411.25 ], [ 593862.1875, 2319419.6875 ], [ 593875.3125, 2319429.0625 ], [ 593878.125, 2319433.75 ], [ 593879.6875, 2319439.6875 ], [ 593879.53125, 2319513.90625 ], [ 593876.71875, 2319526.09375 ], [ 593864.375, 2319551.25 ], [ 593860.9375, 2319562.8125 ], [ 593860.0, 2319573.125 ], [ 593860.3125, 2319640.3125 ], [ 593861.875, 2319646.25 ], [ 593864.6875, 2319650.9375 ], [ 593873.4375, 2319657.1875 ], [ 593878.125, 2319663.75 ], [ 593880.0, 2319673.125 ], [ 593880.0, 2319706.875 ], [ 593880.9375, 2319713.4375 ], [ 593884.6875, 2319720.9375 ], [ 593893.4375, 2319727.1875 ], [ 593898.125, 2319733.75 ], [ 593899.6875, 2319739.6875 ], [ 593900.46875, 2319753.90625 ], [ 593902.34375, 2319763.28125 ], [ 593904.375, 2319768.75 ], [ 593915.625, 2319791.25 ], [ 593919.0625, 2319802.8125 ], [ 593920.0, 2319813.125 ], [ 593920.46875, 2319913.90625 ], [ 593923.28125, 2319926.09375 ], [ 593935.625, 2319951.25 ], [ 593939.0625, 2319962.8125 ], [ 593940.0, 2319973.125 ], [ 593940.3125, 2320070.3125 ], [ 593943.125, 2320078.75 ], [ 593946.5625, 2320082.8125 ], [ 593955.3125, 2320089.0625 ], [ 593959.0625, 2320096.5625 ], [ 593960.0, 2320103.125 ], [ 593960.0, 2320166.875 ], [ 593960.9375, 2320173.4375 ], [ 593964.6875, 2320180.9375 ], [ 593973.4375, 2320187.1875 ], [ 593976.875, 2320191.25 ], [ 593979.0625, 2320196.5625 ], [ 593980.3125, 2320210.3125 ], [ 593981.875, 2320216.25 ], [ 593984.6875, 2320220.9375 ], [ 593993.4375, 2320227.1875 ], [ 593996.875, 2320231.25 ], [ 593999.0625, 2320236.5625 ], [ 594000.3125, 2320250.3125 ], [ 594001.875, 2320256.25 ], [ 594006.5625, 2320262.8125 ], [ 594015.3125, 2320269.0625 ], [ 594018.125, 2320273.75 ], [ 594019.6875, 2320279.6875 ], [ 594020.3125, 2320440.3125 ], [ 594021.875, 2320446.25 ], [ 594024.6875, 2320450.9375 ], [ 594033.4375, 2320457.1875 ], [ 594038.125, 2320463.75 ], [ 594040.0, 2320473.125 ], [ 594040.0, 2320506.875 ], [ 594040.9375, 2320513.4375 ], [ 594044.6875, 2320520.9375 ], [ 594053.4375, 2320527.1875 ], [ 594056.875, 2320531.25 ], [ 594059.0625, 2320536.5625 ], [ 594060.0, 2320543.125 ], [ 594059.53125, 2320673.90625 ], [ 594056.71875, 2320686.09375 ], [ 594042.34375, 2320716.71875 ], [ 594040.9375, 2320722.8125 ], [ 594040.0, 2320733.125 ], [ 594040.3125, 2320740.3125 ], [ 594043.125, 2320748.75 ], [ 594046.5625, 2320752.8125 ], [ 594055.3125, 2320759.0625 ], [ 594058.125, 2320763.75 ], [ 594059.6875, 2320769.6875 ], [ 594059.84375, 2320870.46875 ], [ 594057.65625, 2320883.28125 ], [ 594055.625, 2320888.75 ], [ 594052.8125, 2320893.4375 ], [ 594046.25, 2320898.125 ], [ 594040.3125, 2320899.6875 ], [ 594026.5625, 2320900.9375 ], [ 594019.0625, 2320904.6875 ], [ 594015.625, 2320908.75 ], [ 594004.375, 2320931.25 ], [ 594000.9375, 2320942.8125 ], [ 593999.6875, 2320960.3125 ], [ 593998.125, 2320966.25 ], [ 593993.4375, 2320972.8125 ], [ 593984.6875, 2320979.0625 ], [ 593981.875, 2320983.75 ], [ 593980.3125, 2320989.6875 ], [ 593980.0, 2321056.875 ], [ 593979.0625, 2321063.4375 ], [ 593975.3125, 2321070.9375 ], [ 593971.25, 2321074.375 ], [ 593964.21875, 2321078.59375 ], [ 593958.59375, 2321084.21875 ], [ 593955.625, 2321088.75 ], [ 593944.375, 2321111.25 ], [ 593941.5625, 2321119.6875 ], [ 593940.46875, 2321126.09375 ], [ 593939.6875, 2321140.3125 ], [ 593936.875, 2321148.75 ], [ 593933.4375, 2321152.8125 ], [ 593926.40625, 2321157.03125 ], [ 593920.3125, 2321162.1875 ], [ 593915.625, 2321168.75 ], [ 593904.375, 2321191.25 ], [ 593901.40625, 2321195.78125 ], [ 593895.78125, 2321201.40625 ], [ 593886.5625, 2321207.1875 ], [ 593883.125, 2321211.25 ], [ 593880.3125, 2321219.6875 ], [ 593879.53125, 2321230.15625 ], [ 593877.1875, 2321235.3125 ], [ 593875.3125, 2321237.1875 ], [ 593870.15625, 2321239.53125 ], [ 593859.6875, 2321240.3125 ], [ 593853.75, 2321241.875 ], [ 593847.1875, 2321246.5625 ], [ 593824.375, 2321291.25 ], [ 593817.8125, 2321299.6875 ], [ 593811.25, 2321304.375 ], [ 593748.75, 2321335.625 ], [ 593744.21875, 2321338.59375 ], [ 593737.03125, 2321346.40625 ], [ 593724.375, 2321371.25 ], [ 593719.6875, 2321377.8125 ], [ 593713.59375, 2321382.96875 ], [ 593688.75, 2321395.625 ], [ 593684.6875, 2321399.0625 ], [ 593681.875, 2321403.75 ], [ 593680.3125, 2321409.6875 ], [ 593680.0, 2321446.875 ], [ 593679.0625, 2321453.4375 ], [ 593676.875, 2321458.75 ], [ 593671.25, 2321464.375 ], [ 593648.75, 2321475.625 ], [ 593644.6875, 2321479.0625 ], [ 593641.875, 2321483.75 ], [ 593640.0, 2321493.125 ], [ 593640.3125, 2321530.3125 ], [ 593641.875, 2321536.25 ], [ 593646.5625, 2321542.8125 ], [ 593671.25, 2321555.625 ], [ 593675.3125, 2321559.0625 ], [ 593679.0625, 2321566.5625 ], [ 593680.9375, 2321583.4375 ], [ 593683.125, 2321588.75 ], [ 593686.5625, 2321592.8125 ], [ 593691.25, 2321595.625 ], [ 593699.6875, 2321598.4375 ], [ 593706.09375, 2321599.53125 ], [ 593720.3125, 2321600.3125 ], [ 593726.25, 2321601.875 ], [ 593732.8125, 2321606.5625 ], [ 593739.0625, 2321615.3125 ], [ 593746.5625, 2321619.0625 ], [ 593753.125, 2321620.0 ], [ 593790.46875, 2321620.15625 ], [ 593800.3125, 2321621.5625 ], [ 593808.75, 2321624.375 ], [ 593831.25, 2321635.625 ], [ 593842.8125, 2321639.0625 ], [ 593853.125, 2321640.0 ], [ 593886.875, 2321640.0 ], [ 593900.3125, 2321641.5625 ], [ 593908.75, 2321644.375 ], [ 593933.90625, 2321656.71875 ], [ 593939.6875, 2321658.4375 ], [ 593949.53125, 2321659.84375 ], [ 594050.15625, 2321659.6875 ], [ 594055.3125, 2321658.125 ], [ 594058.59375, 2321655.3125 ], [ 594061.875, 2321642.1875 ], [ 594064.6875, 2321638.59375 ], [ 594068.75, 2321635.625 ] ] } },
{ "type": "Feature", "properties": { }, "geometry": { "type": "LineString", "coordinates": [ [ 591460.0, 2315326.875 ], [ 591460.3125, 2315229.6875 ], [ 591461.875, 2315223.75 ], [ 591464.6875, 2315219.0625 ], [ 591473.4375, 2315212.8125 ], [ 591476.875, 2315208.75 ], [ 591479.6875, 2315200.3125 ], [ 591480.46875, 2315189.84375 ], [ 591482.8125, 2315184.6875 ], [ 591487.03125, 2315181.40625 ], [ 591493.125, 2315180.0 ], [ 591556.875, 2315180.0 ], [ 591563.4375, 2315180.9375 ], [ 591570.9375, 2315184.6875 ], [ 591574.375, 2315188.75 ], [ 591577.65625, 2315196.71875 ], [ 591579.0625, 2315202.8125 ], [ 591580.0, 2315213.125 ], [ 591580.0, 2315336.875 ], [ 591579.0625, 2315343.4375 ], [ 591575.3125, 2315350.9375 ], [ 591571.25, 2315354.375 ], [ 591566.09375, 2315356.71875 ], [ 591553.90625, 2315359.53125 ], [ 591513.125, 2315360.0 ], [ 591499.6875, 2315358.4375 ], [ 591491.25, 2315355.625 ], [ 591466.5625, 2315342.8125 ], [ 591461.875, 2315336.25 ], [ 591460.0, 2315326.875 ] ] } }
]
}
