{
"type": "FeatureCollection",
"name": "shoreline_2026_wet_final",
"crs": { "type": "name", "properties": { "name": "urn:ogc:def:crs:EPSG::32648" } },
"features": [
{ "type": "Feature", "properties": { "id": "shoreline_2026_wet_0", "bank_type": "right", "length_m": 66541.075491943164, "is_island": false, "year": 2026, "season": "wet", "source": "S1", "processing_version": "1.0" }, "geometry": { "type": "LineString", "coordinates": [ [ 564144.375, 2342051.25 ], [ 564146.875, 2342046.875 ], [ 564148.125, 2342045.625 ], [ 564150.625, 2342045.0 ], [ 564153.125, 2342046.875 ], [ 564160.3125, 2342057.8125 ], [ 564168.75, 2342064.375 ], [ 564193.90625, 2342076.71875 ], [ 564202.8125, 2342079.0625 ], [ 564213.125, 2342080.0 ], [ 564246.875, 2342080.0 ], [ 564253.4375, 2342079.0625 ], [ 564260.9375, 2342075.3125 ], [ 564267.1875, 2342066.5625 ], [ 564273.75, 2342061.875 ], [ 564279.6875, 2342060.3125 ], [ 564290.46875, 2342059.84375 ], [ 564300.3125, 2342058.4375 ], [ 564308.75, 2342055.625 ], [ 564313.4375, 2342052.8125 ], [ 564318.125, 2342046.25 ], [ 564320.0, 2342036.875 ], [ 564320.0, 2341943.125 ], [ 564320.9375, 2341936.5625 ], [ 564323.125, 2341931.25 ], [ 564326.5625, 2341927.1875 ], [ 564335.78125, 2341921.40625 ], [ 564341.40625, 2341915.78125 ], [ 564344.375, 2341911.25 ], [ 564355.625, 2341888.75 ], [ 564359.0625, 2341884.6875 ], [ 564363.75, 2341881.875 ], [ 564373.125, 2341880.0 ], [ 564380.3125, 2341880.3125 ], [ 564386.25, 2341881.875 ], [ 564392.8125, 2341886.5625 ], [ 564398.59375, 2341894.84375 ], [ 564404.21875, 2341896.71875 ], [ 564408.75, 2341895.625 ], [ 564431.25, 2341884.375 ], [ 564437.8125, 2341879.6875 ], [ 564444.375, 2341871.25 ], [ 564455.625, 2341848.75 ], [ 564458.4375, 2341840.3125 ], [ 564460.0, 2341826.875 ], [ 564460.0, 2341793.125 ], [ 564460.9375, 2341786.5625 ], [ 564463.125, 2341781.25 ], [ 564468.75, 2341775.625 ], [ 564491.25, 2341764.375 ], [ 564495.78125, 2341761.40625 ], [ 564501.40625, 2341755.78125 ], [ 564507.1875, 2341746.5625 ], [ 564513.75, 2341741.875 ], [ 564523.125, 2341740.0 ], [ 564650.46875, 2341740.15625 ], [ 564657.1875, 2341740.9375 ], [ 564666.09375, 2341743.28125 ], [ 564691.25, 2341755.625 ], [ 564702.8125, 2341759.0625 ], [ 564713.125, 2341760.0 ], [ 564746.875, 2341760.0 ], [ 564760.3125, 2341761.5625 ], [ 564768.75, 2341764.375 ], [ 564791.25, 2341775.625 ], [ 564797.8125, 2341780.3125 ], [ 564804.375, 2341788.75 ], [ 564815.625, 2341811.25 ], [ 564818.59375, 2341814.84375 ], [ 564822.1875, 2341816.5625 ], [ 564828.75, 2341815.625 ], [ 564891.25, 2341784.375 ], [ 564897.8125, 2341779.6875 ], [ 564902.96875, 2341773.59375 ], [ 564915.625, 2341748.75 ], [ 564919.0625, 2341744.6875 ], [ 564926.5625, 2341740.9375 ], [ 564940.3125, 2341739.6875 ], [ 564948.75, 2341736.875 ], [ 564952.8125, 2341733.4375 ], [ 564960.3125, 2341722.1875 ], [ 564964.21875, 2341718.59375 ], [ 564973.4375, 2341712.8125 ], [ 564976.875, 2341708.75 ], [ 564979.6875, 2341700.3125 ], [ 564980.46875, 2341686.09375 ], [ 564982.34375, 2341676.71875 ], [ 564984.375, 2341671.25 ], [ 564995.625, 2341648.75 ], [ 564998.4375, 2341640.3125 ], [ 564999.84375, 2341630.46875 ], [ 565000.0, 2341593.125 ], [ 565000.9375, 2341582.8125 ], [ 565004.375, 2341571.25 ], [ 565006.875, 2341566.875 ], [ 565009.375, 2341565.0 ], [ 565011.875, 2341565.625 ], [ 565014.375, 2341568.75 ], [ 565035.625, 2341611.25 ], [ 565037.65625, 2341616.71875 ], [ 565039.84375, 2341629.53125 ], [ 565040.46875, 2341673.90625 ], [ 565043.28125, 2341686.09375 ], [ 565045.625, 2341691.25 ], [ 565048.125, 2341694.375 ], [ 565049.375, 2341695.0 ], [ 565051.875, 2341694.375 ], [ 565058.59375, 2341684.21875 ], [ 565066.40625, 2341677.03125 ], [ 565091.25, 2341664.375 ], [ 565102.8125, 2341660.9375 ], [ 565120.3125, 2341659.6875 ], [ 565126.25, 2341658.125 ], [ 565130.9375, 2341655.3125 ], [ 565137.03125, 2341646.71875 ], [ 565140.3125, 2341644.0625 ], [ 565144.21875, 2341643.28125 ], [ 565148.75, 2341644.375 ], [ 565171.25, 2341655.625 ], [ 565179.6875, 2341662.1875 ], [ 565184.375, 2341668.75 ], [ 565196.40625, 2341693.59375 ], [ 565196.5625, 2341697.8125 ], [ 565194.84375, 2341701.40625 ], [ 565186.5625, 2341707.1875 ], [ 565181.875, 2341713.75 ], [ 565180.3125, 2341719.6875 ], [ 565179.6875, 2341730.3125 ], [ 565176.875, 2341738.75 ], [ 565173.4375, 2341742.8125 ], [ 565165.625, 2341748.125 ], [ 565165.0, 2341749.375 ], [ 565165.625, 2341751.875 ], [ 565177.8125, 2341760.3125 ], [ 565181.40625, 2341764.21875 ], [ 565185.625, 2341771.25 ], [ 565189.0625, 2341775.3125 ], [ 565196.5625, 2341779.0625 ], [ 565203.125, 2341780.0 ], [ 565236.875, 2341780.0 ], [ 565243.4375, 2341779.0625 ], [ 565248.75, 2341776.875 ], [ 565252.8125, 2341773.4375 ], [ 565258.59375, 2341764.21875 ], [ 565264.21875, 2341758.59375 ], [ 565268.75, 2341755.625 ], [ 565291.25, 2341744.375 ], [ 565295.3125, 2341740.9375 ], [ 565299.0625, 2341733.4375 ], [ 565300.3125, 2341719.6875 ], [ 565303.125, 2341711.25 ], [ 565306.5625, 2341707.1875 ], [ 565315.78125, 2341701.40625 ], [ 565321.40625, 2341695.78125 ], [ 565324.375, 2341691.25 ], [ 565335.625, 2341668.75 ], [ 565339.0625, 2341664.6875 ], [ 565343.75, 2341661.875 ], [ 565349.6875, 2341660.3125 ], [ 565390.3125, 2341659.6875 ], [ 565396.25, 2341658.125 ], [ 565400.9375, 2341655.3125 ], [ 565404.375, 2341651.25 ], [ 565415.625, 2341628.75 ], [ 565420.3125, 2341622.1875 ], [ 565426.40625, 2341617.03125 ], [ 565451.25, 2341604.375 ], [ 565457.8125, 2341599.6875 ], [ 565462.96875, 2341593.59375 ], [ 565475.625, 2341568.75 ], [ 565480.3125, 2341562.1875 ], [ 565486.40625, 2341557.03125 ], [ 565511.25, 2341544.375 ], [ 565515.3125, 2341540.9375 ], [ 565519.0625, 2341533.4375 ], [ 565520.3125, 2341519.6875 ], [ 565523.125, 2341511.25 ], [ 565526.5625, 2341507.1875 ], [ 565535.78125, 2341501.40625 ], [ 565541.40625, 2341495.78125 ], [ 565544.375, 2341491.25 ], [ 565555.625, 2341468.75 ], [ 565562.1875, 2341460.3125 ], [ 565568.75, 2341455.625 ], [ 565591.25, 2341444.375 ], [ 565595.78125, 2341441.40625 ], [ 565601.40625, 2341435.78125 ], [ 565607.1875, 2341426.5625 ], [ 565611.25, 2341423.125 ], [ 565619.6875, 2341420.3125 ], [ 565633.4375, 2341419.0625 ], [ 565640.9375, 2341415.3125 ], [ 565644.375, 2341411.25 ], [ 565657.03125, 2341386.40625 ], [ 565662.1875, 2341380.3125 ], [ 565668.75, 2341375.625 ], [ 565691.25, 2341364.375 ], [ 565699.6875, 2341357.8125 ], [ 565704.375, 2341351.25 ], [ 565715.625, 2341328.75 ], [ 565722.1875, 2341320.3125 ], [ 565728.75, 2341315.625 ], [ 565751.25, 2341304.375 ], [ 565759.6875, 2341297.8125 ], [ 565764.375, 2341291.25 ], [ 565775.625, 2341268.75 ], [ 565782.1875, 2341260.3125 ], [ 565788.75, 2341255.625 ], [ 565811.25, 2341244.375 ], [ 565819.6875, 2341237.8125 ], [ 565824.375, 2341231.25 ], [ 565855.625, 2341168.75 ], [ 565859.0625, 2341157.1875 ], [ 565860.3125, 2341139.6875 ], [ 565861.875, 2341133.75 ], [ 565864.6875, 2341129.0625 ], [ 565873.4375, 2341122.8125 ], [ 565876.875, 2341118.75 ], [ 565879.0625, 2341113.4375 ], [ 565880.3125, 2341099.6875 ], [ 565883.125, 2341091.25 ], [ 565886.5625, 2341087.1875 ], [ 565895.78125, 2341081.40625 ], [ 565901.40625, 2341075.78125 ], [ 565904.375, 2341071.25 ], [ 565915.625, 2341048.75 ], [ 565919.0625, 2341044.6875 ], [ 565926.5625, 2341040.9375 ], [ 565940.3125, 2341039.6875 ], [ 565948.75, 2341036.875 ], [ 565952.8125, 2341033.4375 ], [ 565957.1875, 2341026.5625 ], [ 565963.75, 2341021.875 ], [ 565969.6875, 2341020.3125 ], [ 565980.3125, 2341019.6875 ], [ 565988.75, 2341016.875 ], [ 565992.8125, 2341013.4375 ], [ 565997.03125, 2341006.40625 ], [ 566002.1875, 2341000.3125 ], [ 566015.3125, 2340990.9375 ], [ 566019.0625, 2340983.4375 ], [ 566020.9375, 2340966.5625 ], [ 566024.6875, 2340959.0625 ], [ 566028.75, 2340955.625 ], [ 566051.25, 2340944.375 ], [ 566055.3125, 2340940.9375 ], [ 566058.125, 2340936.25 ], [ 566060.0, 2340926.875 ], [ 566060.3125, 2340889.6875 ], [ 566061.875, 2340883.75 ], [ 566064.6875, 2340879.0625 ], [ 566068.75, 2340875.625 ], [ 566091.25, 2340864.375 ], [ 566095.78125, 2340861.40625 ], [ 566101.40625, 2340855.78125 ], [ 566107.1875, 2340846.5625 ], [ 566111.25, 2340843.125 ], [ 566119.6875, 2340840.3125 ], [ 566133.90625, 2340839.53125 ], [ 566146.09375, 2340836.71875 ], [ 566171.25, 2340824.375 ], [ 566175.78125, 2340821.40625 ], [ 566179.6875, 2340817.8125 ], [ 566184.375, 2340811.25 ], [ 566215.625, 2340748.75 ], [ 566220.3125, 2340742.1875 ], [ 566226.40625, 2340737.03125 ], [ 566251.25, 2340724.375 ], [ 566257.8125, 2340719.6875 ], [ 566262.96875, 2340713.59375 ], [ 566275.625, 2340688.75 ], [ 566280.3125, 2340682.1875 ], [ 566286.40625, 2340677.03125 ], [ 566311.25, 2340664.375 ], [ 566317.8125, 2340659.6875 ], [ 566322.96875, 2340653.59375 ], [ 566335.625, 2340628.75 ], [ 566340.3125, 2340622.1875 ], [ 566346.40625, 2340617.03125 ], [ 566371.25, 2340604.375 ], [ 566377.8125, 2340599.6875 ], [ 566382.96875, 2340593.59375 ], [ 566395.625, 2340568.75 ], [ 566399.0625, 2340564.6875 ], [ 566403.75, 2340561.875 ], [ 566409.6875, 2340560.3125 ], [ 566446.875, 2340560.0 ], [ 566453.4375, 2340559.0625 ], [ 566458.75, 2340556.875 ], [ 566464.375, 2340551.25 ], [ 566475.625, 2340528.75 ], [ 566482.1875, 2340520.3125 ], [ 566488.75, 2340515.625 ], [ 566511.25, 2340504.375 ], [ 566519.6875, 2340497.8125 ], [ 566524.375, 2340491.25 ], [ 566535.625, 2340468.75 ], [ 566536.71875, 2340464.21875 ], [ 566535.9375, 2340460.3125 ], [ 566531.25, 2340455.625 ], [ 566508.75, 2340444.375 ], [ 566500.3125, 2340437.8125 ], [ 566495.625, 2340431.25 ], [ 566484.375, 2340408.75 ], [ 566482.8125, 2340403.75 ], [ 566482.5, 2340398.75 ], [ 566484.375, 2340391.25 ], [ 566495.625, 2340368.75 ], [ 566502.1875, 2340360.3125 ], [ 566508.75, 2340355.625 ], [ 566571.25, 2340324.375 ], [ 566575.78125, 2340321.40625 ], [ 566582.96875, 2340313.59375 ], [ 566597.03125, 2340286.40625 ], [ 566600.3125, 2340282.1875 ], [ 566606.40625, 2340277.03125 ], [ 566671.25, 2340244.375 ], [ 566675.78125, 2340241.40625 ], [ 566682.96875, 2340233.59375 ], [ 566695.625, 2340208.75 ], [ 566700.3125, 2340202.1875 ], [ 566706.40625, 2340197.03125 ], [ 566731.25, 2340184.375 ], [ 566737.8125, 2340179.6875 ], [ 566744.375, 2340171.25 ], [ 566757.03125, 2340146.40625 ], [ 566764.21875, 2340138.59375 ], [ 566768.75, 2340135.625 ], [ 566873.59375, 2340082.96875 ], [ 566877.8125, 2340079.6875 ], [ 566882.96875, 2340073.59375 ], [ 566897.03125, 2340046.40625 ], [ 566904.21875, 2340038.59375 ], [ 566908.75, 2340035.625 ], [ 566971.25, 2340004.375 ], [ 566977.8125, 2339999.6875 ], [ 566982.96875, 2339993.59375 ], [ 566995.625, 2339968.75 ], [ 567000.3125, 2339962.1875 ], [ 567006.40625, 2339957.03125 ], [ 567031.25, 2339944.375 ], [ 567037.8125, 2339939.6875 ], [ 567042.96875, 2339933.59375 ], [ 567055.625, 2339908.75 ], [ 567059.0625, 2339904.6875 ], [ 567066.5625, 2339900.9375 ], [ 567080.3125, 2339899.6875 ], [ 567088.75, 2339896.875 ], [ 567092.8125, 2339893.4375 ], [ 567097.03125, 2339886.40625 ], [ 567102.1875, 2339880.3125 ], [ 567115.3125, 2339870.9375 ], [ 567119.0625, 2339863.4375 ], [ 567120.9375, 2339842.8125 ], [ 567124.375, 2339831.25 ], [ 567137.03125, 2339806.40625 ], [ 567140.3125, 2339802.1875 ], [ 567146.40625, 2339797.03125 ], [ 567173.75, 2339783.4375 ], [ 567178.75, 2339782.5 ], [ 567186.25, 2339783.4375 ], [ 567211.25, 2339795.625 ], [ 567215.78125, 2339798.59375 ], [ 567221.40625, 2339804.21875 ], [ 567227.1875, 2339813.4375 ], [ 567231.25, 2339816.875 ], [ 567239.6875, 2339819.6875 ], [ 567253.4375, 2339820.9375 ], [ 567260.9375, 2339824.6875 ], [ 567264.375, 2339828.75 ], [ 567275.625, 2339851.25 ], [ 567280.3125, 2339855.9375 ], [ 567284.21875, 2339856.71875 ], [ 567288.75, 2339855.625 ], [ 567311.25, 2339844.375 ], [ 567314.84375, 2339841.40625 ], [ 567316.5625, 2339837.8125 ], [ 567316.40625, 2339833.59375 ], [ 567304.375, 2339808.75 ], [ 567299.6875, 2339802.1875 ], [ 567295.78125, 2339798.59375 ], [ 567286.5625, 2339792.8125 ], [ 567281.875, 2339786.25 ], [ 567280.3125, 2339780.3125 ], [ 567279.6875, 2339769.6875 ], [ 567276.875, 2339761.25 ], [ 567271.25, 2339755.625 ], [ 567248.75, 2339744.375 ], [ 567243.125, 2339738.75 ], [ 567240.9375, 2339733.4375 ], [ 567239.6875, 2339719.6875 ], [ 567238.125, 2339713.75 ], [ 567235.3125, 2339709.0625 ], [ 567226.5625, 2339702.8125 ], [ 567223.125, 2339698.75 ], [ 567220.9375, 2339693.4375 ], [ 567219.6875, 2339679.6875 ], [ 567216.875, 2339671.25 ], [ 567213.4375, 2339667.1875 ], [ 567204.21875, 2339661.40625 ], [ 567198.59375, 2339655.78125 ], [ 567195.625, 2339651.25 ], [ 567184.375, 2339628.75 ], [ 567182.34375, 2339623.28125 ], [ 567180.9375, 2339617.1875 ], [ 567180.0, 2339606.875 ], [ 567180.3125, 2339599.6875 ], [ 567181.875, 2339593.75 ], [ 567186.5625, 2339587.1875 ], [ 567195.78125, 2339581.40625 ], [ 567201.40625, 2339575.78125 ], [ 567204.375, 2339571.25 ], [ 567215.625, 2339548.75 ], [ 567218.59375, 2339545.15625 ], [ 567222.1875, 2339543.4375 ], [ 567226.40625, 2339543.59375 ], [ 567251.25, 2339555.625 ], [ 567256.25, 2339557.1875 ], [ 567261.25, 2339557.5 ], [ 567268.75, 2339555.625 ], [ 567291.25, 2339544.375 ], [ 567297.8125, 2339539.6875 ], [ 567302.96875, 2339533.59375 ], [ 567315.625, 2339508.75 ], [ 567322.1875, 2339500.3125 ], [ 567328.75, 2339495.625 ], [ 567351.25, 2339484.375 ], [ 567355.78125, 2339481.40625 ], [ 567361.40625, 2339475.78125 ], [ 567367.1875, 2339466.5625 ], [ 567371.25, 2339463.125 ], [ 567379.6875, 2339460.3125 ], [ 567393.4375, 2339459.0625 ], [ 567400.9375, 2339455.3125 ], [ 567404.375, 2339451.25 ], [ 567417.1875, 2339426.5625 ], [ 567423.75, 2339421.875 ], [ 567433.125, 2339420.0 ], [ 567526.875, 2339420.0 ], [ 567536.25, 2339421.875 ], [ 567540.9375, 2339424.6875 ], [ 567547.1875, 2339433.4375 ], [ 567551.25, 2339436.875 ], [ 567559.6875, 2339439.6875 ], [ 567573.4375, 2339440.9375 ], [ 567580.9375, 2339444.6875 ], [ 567584.375, 2339448.75 ], [ 567595.625, 2339471.25 ], [ 567601.25, 2339476.875 ], [ 567606.5625, 2339479.0625 ], [ 567620.3125, 2339480.3125 ], [ 567628.75, 2339483.125 ], [ 567632.8125, 2339486.5625 ], [ 567640.3125, 2339497.8125 ], [ 567646.40625, 2339502.96875 ], [ 567711.25, 2339535.625 ], [ 567717.8125, 2339536.5625 ], [ 567721.40625, 2339534.84375 ], [ 567724.375, 2339531.25 ], [ 567737.1875, 2339506.5625 ], [ 567743.75, 2339501.875 ], [ 567753.125, 2339500.0 ], [ 567790.46875, 2339499.84375 ], [ 567797.1875, 2339499.0625 ], [ 567806.09375, 2339496.71875 ], [ 567913.59375, 2339442.96875 ], [ 567917.8125, 2339439.6875 ], [ 567922.96875, 2339433.59375 ], [ 567935.625, 2339408.75 ], [ 567939.0625, 2339404.6875 ], [ 567946.5625, 2339400.9375 ], [ 567960.3125, 2339399.6875 ], [ 567968.75, 2339396.875 ], [ 567972.8125, 2339393.4375 ], [ 567978.59375, 2339384.21875 ], [ 567984.21875, 2339378.59375 ], [ 567988.75, 2339375.625 ], [ 568011.25, 2339364.375 ], [ 568017.8125, 2339359.6875 ], [ 568022.96875, 2339353.59375 ], [ 568035.625, 2339328.75 ], [ 568040.3125, 2339322.1875 ], [ 568046.40625, 2339317.03125 ], [ 568071.25, 2339304.375 ], [ 568077.8125, 2339299.6875 ], [ 568084.375, 2339291.25 ], [ 568095.625, 2339268.75 ], [ 568101.25, 2339263.125 ], [ 568106.5625, 2339260.9375 ], [ 568120.3125, 2339259.6875 ], [ 568126.25, 2339258.125 ], [ 568132.8125, 2339253.4375 ], [ 568139.0625, 2339244.6875 ], [ 568143.75, 2339241.875 ], [ 568149.6875, 2339240.3125 ], [ 568246.875, 2339240.0 ], [ 568253.4375, 2339239.0625 ], [ 568260.9375, 2339235.3125 ], [ 568267.1875, 2339226.5625 ], [ 568271.25, 2339223.125 ], [ 568279.6875, 2339220.3125 ], [ 568293.4375, 2339219.0625 ], [ 568300.9375, 2339215.3125 ], [ 568304.375, 2339211.25 ], [ 568315.625, 2339188.75 ], [ 568320.3125, 2339182.1875 ], [ 568326.40625, 2339177.03125 ], [ 568351.25, 2339164.375 ], [ 568357.8125, 2339159.6875 ], [ 568364.375, 2339151.25 ], [ 568375.625, 2339128.75 ], [ 568378.59375, 2339124.21875 ], [ 568384.21875, 2339118.59375 ], [ 568393.4375, 2339112.8125 ], [ 568396.875, 2339108.75 ], [ 568399.6875, 2339100.3125 ], [ 568400.46875, 2339086.09375 ], [ 568402.34375, 2339076.71875 ], [ 568417.65625, 2339043.28125 ], [ 568419.53125, 2339033.90625 ], [ 568420.3125, 2339019.6875 ], [ 568421.875, 2339013.75 ], [ 568424.6875, 2339009.0625 ], [ 568433.4375, 2339002.8125 ], [ 568436.875, 2338998.75 ], [ 568439.0625, 2338993.4375 ], [ 568440.0, 2338986.875 ], [ 568440.0, 2338953.125 ], [ 568439.0625, 2338946.5625 ], [ 568435.3125, 2338939.0625 ], [ 568426.5625, 2338932.8125 ], [ 568421.875, 2338926.25 ], [ 568420.3125, 2338920.3125 ], [ 568419.6875, 2338909.6875 ], [ 568416.875, 2338901.25 ], [ 568411.25, 2338895.625 ], [ 568388.75, 2338884.375 ], [ 568382.1875, 2338879.6875 ], [ 568377.03125, 2338873.59375 ], [ 568364.375, 2338848.75 ], [ 568359.6875, 2338842.1875 ], [ 568351.25, 2338835.625 ], [ 568326.40625, 2338822.96875 ], [ 568320.3125, 2338817.8125 ], [ 568315.625, 2338811.25 ], [ 568304.375, 2338788.75 ], [ 568302.5, 2338781.25 ], [ 568302.8125, 2338776.25 ], [ 568304.375, 2338771.25 ], [ 568315.625, 2338748.75 ], [ 568320.3125, 2338742.1875 ], [ 568326.40625, 2338737.03125 ], [ 568355.78125, 2338721.40625 ], [ 568361.40625, 2338715.78125 ], [ 568367.1875, 2338706.5625 ], [ 568371.25, 2338703.125 ], [ 568379.6875, 2338700.3125 ], [ 568393.90625, 2338699.53125 ], [ 568403.28125, 2338697.65625 ], [ 568408.75, 2338695.625 ], [ 568433.59375, 2338682.96875 ], [ 568437.8125, 2338679.6875 ], [ 568442.96875, 2338673.59375 ], [ 568455.625, 2338648.75 ], [ 568459.061487038386986, 2338644.686511599924415 ], [ 568466.557435191702098, 2338640.932557999622077 ], [ 568480.091789101017639, 2338639.520627205260098 ], [ 568484.994615998934023, 2338637.190974433906376 ], [ 568487.824026384856552, 2338633.001816618256271 ], [ 568488.580020258901641, 2338626.953153759241104 ], [ 568485.202020760276355, 2338593.966735117603093 ], [ 568486.103981044376269, 2338579.901083217002451 ], [ 568487.938854877371341, 2338573.089672765228897 ], [ 568492.334644711809233, 2338563.201980292797089 ], [ 568496.044067886075936, 2338557.022864835336804 ], [ 568502.690159545978531, 2338548.425864770077169 ], [ 568513.268183376640081, 2338538.114312850404531 ], [ 568527.589734663488343, 2338526.512611127458513 ], [ 568542.878382302238606, 2338516.112161329947412 ], [ 568562.018025509081781, 2338504.517187584191561 ], [ 568576.90790210920386, 2338493.32828050525859 ], [ 568598.838862704345956, 2338472.971596451476216 ], [ 568648.754553902195767, 2338422.389080708380789 ], [ 568660.45418926293496, 2338407.864353653974831 ], [ 568668.629336626385339, 2338395.379476318135858 ], [ 568683.479638918535784, 2338365.250416952185333 ], [ 568704.463176048710011, 2338325.655776382423937 ], [ 568712.803668720531277, 2338314.230687794741243 ], [ 568720.83405176771339, 2338307.678399550262839 ], [ 568729.997725498164073, 2338302.315374828875065 ], [ 568749.396048028720543, 2338291.921980645041913 ], [ 568786.272313574445434, 2338273.841231669764966 ], [ 568808.410360194160603, 2338260.000895838718861 ], [ 568822.67718838644214, 2338248.038526573218405 ], [ 568846.569662918336689, 2338224.318351948168129 ], [ 568854.042992847505957, 2338215.99850386288017 ], [ 568863.030411289306358, 2338204.109663370996714 ], [ 568870.824916386045516, 2338191.390177957713604 ], [ 568877.299312493181787, 2338177.971276963595301 ], [ 568882.539962123264559, 2338163.995517885312438 ], [ 568889.533453340060078, 2338138.904614279512316 ], [ 568894.445371330482885, 2338124.860281514469534 ], [ 568903.817701767664403, 2338104.49409416783601 ], [ 568922.583339365548454, 2338068.70531848538667 ], [ 568924.176986744510941, 2338063.570972050540149 ], [ 568924.765559317544103, 2338058.223453977610916 ], [ 568923.763902915990911, 2338049.802480045706034 ], [ 568920.944451458053663, 2338041.371931503992528 ], [ 568917.194451458053663, 2338033.871931503992528 ], [ 568906.893537221243605, 2338017.922845740336925 ], [ 568898.54784574045334, 2337996.268537221476436 ], [ 568886.376565809012391, 2337978.439817152451724 ], [ 568878.252724385354668, 2337964.063658576458693 ], [ 568873.248090079985559, 2337957.81829288136214 ], [ 568865.476860034395941, 2337950.589522927068174 ], [ 568861.564817152684554, 2337943.251565809361637 ], [ 568860.0, 2337933.56638296181336 ], [ 568860.0, 2337899.81638296181336 ], [ 568861.875, 2337890.44138296181336 ], [ 568866.5625, 2337883.87888296181336 ], [ 568878.122682847315446, 2337876.689065809361637 ], [ 568885.822519954177551, 2337869.388902915641665 ], [ 568893.623434190987609, 2337858.439817152451724 ], [ 568901.747275614645332, 2337844.063658576458693 ], [ 568908.62922707258258, 2337835.945610034279525 ], [ 568919.266971412231214, 2337827.833354373928159 ], [ 568935.936341423657723, 2337818.252724385354668 ], [ 568945.822519954177551, 2337809.388902915641665 ], [ 568953.106462778756395, 2337797.922845740336925 ], [ 568959.055548541946337, 2337781.371931503992528 ], [ 568962.805548541946337, 2337773.871931503992528 ], [ 568972.166645626071841, 2337760.733028587885201 ], [ 568983.310934190987609, 2337741.877317152451724 ], [ 568994.574837106862105, 2337730.641220068559051 ], [ 568997.70215425954666, 2337726.268537221476436 ], [ 569000.824837106862105, 2337718.141220068559051 ], [ 569003.315568496240303, 2337705.631951457820833 ], [ 569007.065568496240303, 2337698.131951457820833 ], [ 569014.835639965604059, 2337690.902022927068174 ], [ 569035.936341423657723, 2337678.252724385354668 ], [ 569044.054389965604059, 2337671.370772927068174 ], [ 569052.166645626071841, 2337660.733028587885201 ], [ 569061.747275614645332, 2337644.063658576458693 ], [ 569068.62922707258258, 2337635.945610034279525 ], [ 569079.266971412231214, 2337627.833354373928159 ], [ 569095.936341423657723, 2337618.252724385354668 ], [ 569105.822519954177551, 2337609.388902915641665 ], [ 569113.106462778756395, 2337597.922845740336925 ], [ 569121.45215425954666, 2337576.268537221476436 ], [ 569133.623434190987609, 2337558.439817152451724 ], [ 569141.747275614645332, 2337544.063658576458693 ], [ 569148.62922707258258, 2337535.945610034279525 ], [ 569157.180548541946337, 2337529.496931503992528 ], [ 569167.387337106862105, 2337524.703720068559051 ], [ 569179.251909920014441, 2337521.56829288136214 ], [ 569189.247275614645332, 2337520.313658576458693 ], [ 569221.59797707258258, 2337518.914360034279525 ], [ 569231.449837106862105, 2337517.516220068559051 ], [ 569237.07715425954666, 2337515.643537221476436 ], [ 569241.868048541946337, 2337512.934431503992528 ], [ 569249.358779931440949, 2337505.42516289325431 ], [ 569253.731462778756395, 2337502.297845740336925 ], [ 569261.858779931440949, 2337499.17516289325431 ], [ 569274.368048541946337, 2337496.684431503992528 ], [ 569281.868048541946337, 2337492.934431503992528 ], [ 569285.822519954177551, 2337489.388902915641665 ], [ 569290.658159920014441, 2337482.97454288136214 ], [ 569300.496117038303055, 2337466.5625 ], [ 569304.558617038303055, 2337463.125 ], [ 569309.871117038303055, 2337460.9375 ], [ 569323.621117038303055, 2337459.6875 ], [ 569329.558617038303055, 2337458.125 ], [ 569336.121117038303055, 2337453.4375 ], [ 569342.371117038303055, 2337444.6875 ], [ 569349.871117038303055, 2337440.9375 ], [ 569356.433617038303055, 2337440.0 ], [ 569381.59797707258258, 2337438.914360034279525 ], [ 569394.368048541946337, 2337436.684431503992528 ], [ 569401.868048541946337, 2337432.934431503992528 ], [ 569411.595659920014441, 2337423.91204288136214 ], [ 569416.748434190987609, 2337421.564817152451724 ], [ 569422.944419897161424, 2337420.260802858509123 ], [ 569673.725669897161424, 2337420.207947141490877 ], [ 569680.185934190987609, 2337421.247682847548276 ], [ 569685.814409920014441, 2337423.11920711863786 ], [ 569702.07715425954666, 2337433.106462778523564 ], [ 569716.12922707258258, 2337437.804389965720475 ], [ 569729.247275614645332, 2337439.686341423541307 ], [ 569754.666645626071841, 2337440.516971412114799 ], [ 569771.449837106862105, 2337442.483779931440949 ], [ 569777.07715425954666, 2337444.356462778523564 ], [ 569783.949837106862105, 2337448.733779931440949 ], [ 569792.166645626071841, 2337459.266971412114799 ], [ 569800.496117038303055, 2337473.4375 ], [ 569804.558617038303055, 2337476.875 ], [ 569809.871117038303055, 2337479.0625 ], [ 569816.433617038303055, 2337480.0 ], [ 569841.59797707258258, 2337481.085639965720475 ], [ 569854.368048541946337, 2337483.315568496007472 ], [ 569861.868048541946337, 2337487.065568496007472 ], [ 569871.595659920014441, 2337496.08795711863786 ], [ 569879.716025614645332, 2337499.217591423541307 ], [ 569886.433617038303055, 2337500.0 ], [ 569931.123434190987609, 2337500.310182847548276 ], [ 569951.449837106862105, 2337502.483779931440949 ], [ 569957.07715425954666, 2337504.356462778523564 ], [ 569961.868048541946337, 2337507.065568496007472 ], [ 569969.358779931440949, 2337514.57483710674569 ], [ 569976.231462778756395, 2337518.952154259663075 ], [ 569981.858779931440949, 2337520.82483710674569 ], [ 569994.368048541946337, 2337523.315568496007472 ], [ 569999.57715425954666, 2337525.606462778523564 ], [ 570003.949837106862105, 2337528.733779931440949 ], [ 570009.41047707258258, 2337534.523139965720475 ], [ 570016.748434190987609, 2337538.435182847548276 ], [ 570026.433617038303055, 2337540.0 ], [ 570067.528525614645332, 2337540.155091423541307 ], [ 570088.322519954177551, 2337541.861097084358335 ], [ 570094.368048541946337, 2337543.315568496007472 ], [ 570099.57715425954666, 2337545.606462778523564 ], [ 570103.949837106862105, 2337548.733779931440949 ], [ 570109.41047707258258, 2337554.523139965720475 ], [ 570116.748434190987609, 2337558.435182847548276 ], [ 570122.944419897161424, 2337559.739197141490877 ], [ 570137.059775614645332, 2337560.623841423541307 ], [ 570145.814409920014441, 2337563.11920711863786 ], [ 570162.07715425954666, 2337573.106462778523564 ], [ 570183.731462778756395, 2337581.452154259663075 ], [ 570199.266971412231214, 2337592.166645626071841 ], [ 570218.122682847315446, 2337603.310934190638363 ], [ 570227.486097084009089, 2337612.697519954293966 ], [ 570233.623434190987609, 2337621.560182847548276 ], [ 570238.933617038303055, 2337631.25 ], [ 570244.558617038303055, 2337636.875 ], [ 570249.871117038303055, 2337639.0625 ], [ 570263.621117038303055, 2337640.3125 ], [ 570269.558617038303055, 2337641.875 ], [ 570274.246117038303055, 2337644.6875 ], [ 570280.496117038303055, 2337653.4375 ], [ 570284.558617038303055, 2337656.875 ], [ 570289.871117038303055, 2337659.0625 ], [ 570303.621117038303055, 2337660.3125 ], [ 570309.558617038303055, 2337661.875 ], [ 570314.246117038303055, 2337664.6875 ], [ 570320.496117038303055, 2337673.4375 ], [ 570327.058617038303055, 2337678.125 ], [ 570336.433617038303055, 2337680.0 ], [ 570354.666645626071841, 2337680.516971412114799 ], [ 570368.322519954177551, 2337681.861097084358335 ], [ 570374.368048541946337, 2337683.315568496007472 ], [ 570379.57715425954666, 2337685.606462778523564 ], [ 570385.822519954177551, 2337690.611097084358335 ], [ 570392.166645626071841, 2337699.266971412114799 ], [ 570398.933617038303055, 2337711.25 ], [ 570404.558617038303055, 2337716.875 ], [ 570409.871117038303055, 2337719.0625 ], [ 570423.621117038303055, 2337720.3125 ], [ 570429.558617038303055, 2337721.875 ], [ 570434.246117038303055, 2337724.6875 ], [ 570440.496117038303055, 2337733.4375 ], [ 570444.558617038303055, 2337736.875 ], [ 570449.871117038303055, 2337739.0625 ], [ 570463.621117038303055, 2337740.3125 ], [ 570472.058617038303055, 2337743.125 ], [ 570476.121117038303055, 2337746.5625 ], [ 570481.747275614645332, 2337755.936341423541307 ], [ 570486.751909920014441, 2337762.18170711863786 ], [ 570492.697519954177551, 2337767.486097084358335 ], [ 570502.07715425954666, 2337773.106462778523564 ], [ 570510.197519954177551, 2337776.236097084358335 ], [ 570519.251909920014441, 2337778.43170711863786 ], [ 570543.621117038303055, 2337780.3125 ], [ 570549.558617038303055, 2337781.875 ], [ 570554.246117038303055, 2337784.6875 ], [ 570560.496117038303055, 2337793.4375 ], [ 570564.558617038303055, 2337796.875 ], [ 570569.871117038303055, 2337799.0625 ], [ 570583.621117038303055, 2337800.3125 ], [ 570592.058617038303055, 2337803.125 ], [ 570596.121117038303055, 2337806.5625 ], [ 570601.747275614645332, 2337815.936341423541307 ], [ 570608.62922707258258, 2337824.054389965720475 ], [ 570614.887337106862105, 2337829.046279931440949 ], [ 570624.680548541946337, 2337834.253068496007472 ], [ 570636.12922707258258, 2337837.804389965720475 ], [ 570649.247275614645332, 2337839.686341423541307 ], [ 570693.725669897161424, 2337839.792052858509123 ], [ 570700.185934190987609, 2337838.752317152451724 ], [ 570705.814409920014441, 2337836.88079288136214 ], [ 570717.025457118288614, 2337829.652022927533835 ], [ 570726.301697141258046, 2337825.789360034279525 ], [ 570733.645447141258046, 2337824.679389965720475 ], [ 570740.204471412231214, 2337826.233779930975288 ], [ 570744.054389965604059, 2337828.838332789950073 ], [ 570749.09797707258258, 2337834.835639965720475 ], [ 570761.747275614645332, 2337855.936341423541307 ], [ 570766.751909920014441, 2337862.18170711863786 ], [ 570777.025457118288614, 2337870.658159920014441 ], [ 570793.229552858741954, 2337880.288169896695763 ], [ 570795.627317152684554, 2337883.310934190638363 ], [ 570796.045528587768786, 2337884.979145626071841 ], [ 570795.320610034395941, 2337888.629227072931826 ], [ 570786.376565809012391, 2337901.560182847548276 ], [ 570778.252724385354668, 2337915.936341423541307 ], [ 570773.248090079985559, 2337922.18170711863786 ], [ 570765.789360034395941, 2337929.097977072931826 ], [ 570764.483028587768786, 2337932.166645626071841 ], [ 570765.469908576342277, 2337935.028525614645332 ], [ 570780.204471412231214, 2337944.979145626071841 ], [ 570789.358779931440949, 2337954.57483710674569 ], [ 570793.731462778756395, 2337957.702154259663075 ], [ 570801.858779931440949, 2337960.82483710674569 ], [ 570814.368048541946337, 2337963.315568496007472 ], [ 570821.868048541946337, 2337967.065568496007472 ], [ 570825.822519954177551, 2337970.611097084358335 ], [ 570830.658159920014441, 2337977.02545711863786 ], [ 570840.496117038303055, 2337993.4375 ], [ 570844.558617038303055, 2337996.875 ], [ 570849.871117038303055, 2337999.0625 ], [ 570856.433617038303055, 2338000.0 ], [ 570890.183617038303055, 2338000.0 ], [ 570900.185934190987609, 2338001.247682847548276 ], [ 570908.31672707258258, 2338004.366889965720475 ], [ 570919.57715425954666, 2338011.856462778523564 ], [ 570930.197519954177551, 2338016.236097084358335 ], [ 570942.479145626071841, 2338018.954471412114799 ], [ 570963.621117038303055, 2338020.3125 ], [ 570969.558617038303055, 2338021.875 ], [ 570976.121117038303055, 2338026.5625 ], [ 570982.371117038303055, 2338035.3125 ], [ 570989.871117038303055, 2338039.0625 ], [ 570996.433617038303055, 2338040.0 ], [ 571063.621117038303055, 2338040.3125 ], [ 571072.058617038303055, 2338043.125 ], [ 571076.121117038303055, 2338046.5625 ], [ 571082.371117038303055, 2338055.3125 ], [ 571089.871117038303055, 2338059.0625 ], [ 571096.433617038303055, 2338060.0 ], [ 571130.183617038303055, 2338060.0 ], [ 571137.059775614645332, 2338060.623841423541307 ], [ 571145.814409920014441, 2338063.11920711863786 ], [ 571159.57715425954666, 2338071.856462778523564 ], [ 571170.197519954177551, 2338076.236097084358335 ], [ 571182.479145626071841, 2338078.954471412114799 ], [ 571203.621117038303055, 2338080.3125 ], [ 571209.558617038303055, 2338081.875 ], [ 571214.246117038303055, 2338084.6875 ], [ 571220.496117038303055, 2338093.4375 ], [ 571224.558617038303055, 2338096.875 ], [ 571229.871117038303055, 2338099.0625 ], [ 571243.621117038303055, 2338100.3125 ], [ 571249.558617038303055, 2338101.875 ], [ 571254.246117038303055, 2338104.6875 ], [ 571260.496117038303055, 2338113.4375 ], [ 571267.058617038303055, 2338118.125 ], [ 571276.433617038303055, 2338120.0 ], [ 571294.666645626071841, 2338120.516971412114799 ], [ 571308.322519954177551, 2338121.861097084358335 ], [ 571314.368048541946337, 2338123.315568496007472 ], [ 571321.868048541946337, 2338127.065568496007472 ], [ 571325.822519954177551, 2338130.611097084358335 ], [ 571330.658159920014441, 2338137.02545711863786 ], [ 571341.747275614645332, 2338155.936341423541307 ], [ 571346.751909920014441, 2338162.18170711863786 ], [ 571357.025457118288614, 2338170.658159920014441 ], [ 571375.936341423657723, 2338181.747275614645332 ], [ 571382.181707118288614, 2338186.751909920014441 ], [ 571390.658159920014441, 2338197.02545711863786 ], [ 571400.496117038303055, 2338213.4375 ], [ 571407.058617038303055, 2338218.125 ], [ 571416.433617038303055, 2338220.0 ], [ 571540.183617038303055, 2338220.0 ], [ 571546.746117038303055, 2338220.9375 ], [ 571552.058617038303055, 2338223.125 ], [ 571556.121117038303055, 2338226.5625 ], [ 571563.310934190987609, 2338238.122682847548276 ], [ 571570.611097084009089, 2338245.822519954293966 ], [ 571577.180548541946337, 2338250.503068496007472 ], [ 571584.680548541946337, 2338254.253068496007472 ], [ 571596.12922707258258, 2338257.804389965720475 ], [ 571605.810934190987609, 2338259.372682847548276 ], [ 571634.666645626071841, 2338260.516971412114799 ], [ 571651.449837106862105, 2338262.483779931440949 ], [ 571657.07715425954666, 2338264.356462778523564 ], [ 571661.868048541946337, 2338267.065568496007472 ], [ 571671.595659920014441, 2338276.08795711863786 ], [ 571676.748434190987609, 2338278.435182847548276 ], [ 571682.944419897161424, 2338279.739197141490877 ], [ 571930.183617038303055, 2338280.0 ], [ 571943.104145626071841, 2338282.079471412114799 ], [ 571948.31672707258258, 2338284.366889965720475 ], [ 571961.560182847315446, 2338292.589491366408765 ], [ 571968.75, 2338294.788577129598707 ], [ 571973.645447141258046, 2338295.320610034279525 ], [ 571978.122682847315446, 2338294.598008633591235 ], [ 571982.181707118288614, 2338292.620772927533835 ], [ 571989.41047707258258, 2338285.476860034279525 ], [ 571994.041645626071841, 2338282.608028587885201 ], [ 572002.944419897161424, 2338280.260802858509123 ], [ 572103.621117038303055, 2338280.3125 ], [ 572109.558617038303055, 2338281.875 ], [ 572114.246117038303055, 2338284.6875 ], [ 572117.683617038303055, 2338288.75 ], [ 572124.979145626071841, 2338300.204471412114799 ], [ 572132.697519954177551, 2338307.486097084358335 ], [ 572144.680548541946337, 2338314.253068496007472 ], [ 572156.12922707258258, 2338317.804389965720475 ], [ 572165.810934190987609, 2338319.372682847548276 ], [ 572176.433617038303055, 2338320.0 ], [ 572243.621117038303055, 2338320.3125 ], [ 572252.058617038303055, 2338323.125 ], [ 572256.121117038303055, 2338326.5625 ], [ 572262.371117038303055, 2338335.3125 ], [ 572269.871117038303055, 2338339.0625 ], [ 572276.433617038303055, 2338340.0 ], [ 572373.725669897161424, 2338340.207947141490877 ], [ 572380.185934190987609, 2338341.247682847548276 ], [ 572385.814409920014441, 2338343.11920711863786 ], [ 572399.57715425954666, 2338351.856462778523564 ], [ 572410.197519954177551, 2338356.236097084358335 ], [ 572425.810934190987609, 2338359.372682847548276 ], [ 572440.183617038303055, 2338360.0 ], [ 572449.558617038303055, 2338358.125 ], [ 572456.121117038303055, 2338353.4375 ], [ 572463.310934190987609, 2338341.877317152451724 ], [ 572476.087957118288614, 2338328.404340079985559 ], [ 572478.435182847315446, 2338323.251565809361637 ], [ 572479.739197141258046, 2338317.055580103304237 ], [ 572480.0, 2338309.81638296181336 ], [ 572478.752317152684554, 2338299.814065809361637 ], [ 572475.633110034395941, 2338291.683272927068174 ], [ 572468.143537221243605, 2338280.422845740336925 ], [ 572463.763902915990911, 2338269.802480045706034 ], [ 572461.045528587768786, 2338257.520854373928159 ], [ 572460.0, 2338243.56638296181336 ], [ 572460.207947141258046, 2338146.274330103304237 ], [ 572461.247682847315446, 2338139.814065809361637 ], [ 572463.119207118288614, 2338134.185590079985559 ], [ 572470.34797707258258, 2338122.97454288136214 ], [ 572473.477611377951689, 2338116.094908576458693 ], [ 572475.320610034279525, 2338106.354552858509123 ], [ 572474.598008633474819, 2338101.877317152451724 ], [ 572472.62077292741742, 2338097.81829288136214 ], [ 572465.425162893137895, 2338090.641220068559051 ], [ 572461.04784574045334, 2338083.768537221476436 ], [ 572459.175162893137895, 2338078.141220068559051 ], [ 572456.684431503759697, 2338065.631951457820833 ], [ 572454.393537221243605, 2338060.422845740336925 ], [ 572451.266220068559051, 2338056.05016289325431 ], [ 572445.476860034395941, 2338050.589522927068174 ], [ 572441.564817152684554, 2338043.251565809361637 ], [ 572440.0, 2338033.56638296181336 ], [ 572439.689817152684554, 2337988.876565809361637 ], [ 572437.516220068559051, 2337968.55016289325431 ], [ 572435.643537221243605, 2337962.922845740336925 ], [ 572432.934431503759697, 2337958.131951457820833 ], [ 572423.912042881711386, 2337948.404340079985559 ], [ 572421.564817152684554, 2337943.251565809361637 ], [ 572420.260802858741954, 2337937.055580103304237 ], [ 572419.792052858741954, 2337806.274330103304237 ], [ 572418.752317152684554, 2337799.814065809361637 ], [ 572416.880792881711386, 2337794.185590079985559 ], [ 572408.143537221243605, 2337780.422845740336925 ], [ 572403.763902915990911, 2337769.802480045706034 ], [ 572401.045528587768786, 2337757.520854373928159 ], [ 572400.104552858741954, 2337747.211830103304237 ], [ 572399.792052858741954, 2337586.274330103304237 ], [ 572398.752317152684554, 2337579.814065809361637 ], [ 572396.880792881711386, 2337574.185590079985559 ], [ 572386.893537221243605, 2337557.922845740336925 ], [ 572383.763902915990911, 2337549.802480045706034 ], [ 572381.568292881711386, 2337540.748090079985559 ], [ 572380.0, 2337523.56638296181336 ], [ 572379.792052858741954, 2337426.274330103304237 ], [ 572378.752317152684554, 2337419.814065809361637 ], [ 572376.880792881711386, 2337414.185590079985559 ], [ 572366.893537221243605, 2337397.922845740336925 ], [ 572362.195610034395941, 2337383.870772927068174 ], [ 572360.313658576342277, 2337370.752724385354668 ], [ 572358.552480045822449, 2337335.013902915641665 ], [ 572356.684431503759697, 2337325.631951457820833 ], [ 572354.393537221243605, 2337320.422845740336925 ], [ 572349.388902915990911, 2337314.177480045706034 ], [ 572337.92284574045334, 2337306.893537221476436 ], [ 572326.888902915990911, 2337302.927480045706034 ], [ 572314.189065809012391, 2337300.627317152451724 ], [ 572303.566382961696945, 2337300.0 ], [ 572179.816382961696945, 2337300.0 ], [ 572170.441382961696945, 2337301.875 ], [ 572165.753882961696945, 2337304.6875 ], [ 572159.503882961696945, 2337313.4375 ], [ 572155.441382961696945, 2337316.875 ], [ 572147.003882961696945, 2337319.6875 ], [ 572133.253882961696945, 2337320.9375 ], [ 572125.753882961696945, 2337324.6875 ], [ 572122.316382961696945, 2337328.75 ], [ 572115.020854373928159, 2337340.204471412114799 ], [ 572109.388902915990911, 2337345.822519954293966 ], [ 572102.819451458053663, 2337350.503068496007472 ], [ 572095.319451458053663, 2337354.253068496007472 ], [ 572076.268537221243605, 2337361.452154259663075 ], [ 572057.92284574045334, 2337373.106462778523564 ], [ 572049.802480045822449, 2337376.236097084358335 ], [ 572040.748090079985559, 2337378.43170711863786 ], [ 572016.378882961696945, 2337380.3125 ], [ 572010.441382961696945, 2337381.875 ], [ 572003.878882961696945, 2337386.5625 ], [ 571997.628882961696945, 2337395.3125 ], [ 571990.128882961696945, 2337399.0625 ], [ 571983.566382961696945, 2337400.0 ], [ 571946.274330102838576, 2337400.207947141490877 ], [ 571939.814065809012391, 2337401.247682847548276 ], [ 571934.185590079985559, 2337403.11920711863786 ], [ 571917.92284574045334, 2337413.106462778523564 ], [ 571901.371931503759697, 2337419.055548542179167 ], [ 571893.871931503759697, 2337422.805548542179167 ], [ 571880.733028587768786, 2337432.166645626071841 ], [ 571861.877317152684554, 2337443.310934190638363 ], [ 571850.58952292741742, 2337454.523139965720475 ], [ 571845.958354373928159, 2337457.391971412114799 ], [ 571837.055580102838576, 2337459.739197141490877 ], [ 571826.274330102838576, 2337460.207947141490877 ], [ 571816.895854373928159, 2337462.079471412114799 ], [ 571811.68327292741742, 2337464.366889965720475 ], [ 571797.92284574045334, 2337473.106462778523564 ], [ 571781.371931503759697, 2337479.055548542179167 ], [ 571773.871931503759697, 2337482.805548542179167 ], [ 571760.733028587768786, 2337492.166645626071841 ], [ 571744.063658576342277, 2337501.747275614645332 ], [ 571737.818292881711386, 2337506.751909920014441 ], [ 571729.341840079985559, 2337517.02545711863786 ], [ 571718.252724385354668, 2337535.936341423541307 ], [ 571713.248090079985559, 2337542.18170711863786 ], [ 571702.974542881711386, 2337550.658159920014441 ], [ 571684.063658576342277, 2337561.747275614645332 ], [ 571677.818292881711386, 2337566.751909920014441 ], [ 571669.341840079985559, 2337577.02545711863786 ], [ 571659.503882961696945, 2337593.4375 ], [ 571652.941382961696945, 2337598.125 ], [ 571647.003882961696945, 2337599.6875 ], [ 571625.333354373928159, 2337600.516971412114799 ], [ 571608.550162893137895, 2337602.483779931440949 ], [ 571602.92284574045334, 2337604.356462778523564 ], [ 571598.131951458053663, 2337607.065568496007472 ], [ 571590.58952292741742, 2337614.523139965720475 ], [ 571585.958354373928159, 2337617.391971412114799 ], [ 571580.283974385354668, 2337619.217591423541307 ], [ 571573.566382961696945, 2337620.0 ], [ 571562.940224385354668, 2337619.376158576458693 ], [ 571556.895854373928159, 2337617.920528587885201 ], [ 571551.68327292741742, 2337615.633110034279525 ], [ 571538.439817152684554, 2337607.410508633591235 ], [ 571531.25, 2337605.211422870401293 ], [ 571524.063658576342277, 2337604.883861377835274 ], [ 571519.795528587768786, 2337606.233779930975288 ], [ 571514.177480045822449, 2337610.611097084358335 ], [ 571507.833354373928159, 2337619.266971412114799 ], [ 571501.066382961696945, 2337631.25 ], [ 571495.441382961696945, 2337636.875 ], [ 571487.003882961696945, 2337639.6875 ], [ 571479.816382961696945, 2337640.0 ], [ 571473.253882961696945, 2337639.0625 ], [ 571465.753882961696945, 2337635.3125 ], [ 571462.316382961696945, 2337631.25 ], [ 571455.020854373928159, 2337619.795528587885201 ], [ 571449.388902915990911, 2337614.177480045706034 ], [ 571442.819451458053663, 2337609.496931503992528 ], [ 571432.612662893137895, 2337604.703720068559051 ], [ 571423.87077292741742, 2337602.195610034279525 ], [ 571410.752724385354668, 2337600.313658576458693 ], [ 571396.378882961696945, 2337599.6875 ], [ 571390.441382961696945, 2337598.125 ], [ 571385.753882961696945, 2337595.3125 ], [ 571379.503882961696945, 2337586.5625 ], [ 571372.941382961696945, 2337581.875 ], [ 571363.566382961696945, 2337580.0 ], [ 571353.253882961696945, 2337580.9375 ], [ 571345.753882961696945, 2337584.6875 ], [ 571339.503882961696945, 2337593.4375 ], [ 571332.941382961696945, 2337598.125 ], [ 571323.566382961696945, 2337600.0 ], [ 571313.253882961696945, 2337599.0625 ], [ 571307.941382961696945, 2337596.875 ], [ 571303.878882961696945, 2337593.4375 ], [ 571296.689065809012391, 2337581.877317152451724 ], [ 571289.388902915990911, 2337574.177480045706034 ], [ 571280.733028587768786, 2337567.833354373928159 ], [ 571261.877317152684554, 2337556.689065809361637 ], [ 571250.58952292741742, 2337545.476860034279525 ], [ 571245.958354373928159, 2337542.608028587885201 ], [ 571237.055580102838576, 2337540.260802858509123 ], [ 571226.274330102838576, 2337539.792052858509123 ], [ 571216.895854373928159, 2337537.920528587885201 ], [ 571211.68327292741742, 2337535.633110034279525 ], [ 571197.92284574045334, 2337526.893537221476436 ], [ 571183.87077292741742, 2337522.195610034279525 ], [ 571170.752724385354668, 2337520.313658576458693 ], [ 571138.40202292741742, 2337518.914360034279525 ], [ 571125.631951458053663, 2337516.684431503992528 ], [ 571118.131951458053663, 2337512.934431503992528 ], [ 571110.641220068559051, 2337505.42516289325431 ], [ 571103.768537221243605, 2337501.047845740336925 ], [ 571098.141220068559051, 2337499.17516289325431 ], [ 571085.631951458053663, 2337496.684431503992528 ], [ 571080.42284574045334, 2337494.393537221476436 ], [ 571076.050162893137895, 2337491.266220068559051 ], [ 571070.90202292741742, 2337485.164360034279525 ], [ 571058.252724385354668, 2337464.063658576458693 ], [ 571053.248090079985559, 2337457.81829288136214 ], [ 571042.974542881711386, 2337449.341840079985559 ], [ 571024.063658576342277, 2337438.252724385354668 ], [ 571017.818292881711386, 2337433.248090079985559 ], [ 571009.341840079985559, 2337422.97454288136214 ], [ 571001.066382961696945, 2337408.75 ], [ 570997.628882961696945, 2337404.6875 ], [ 570990.128882961696945, 2337400.9375 ], [ 570976.378882961696945, 2337399.6875 ], [ 570967.941382961696945, 2337396.875 ], [ 570963.878882961696945, 2337393.4375 ], [ 570955.020854373928159, 2337379.795528587885201 ], [ 570945.112662893137895, 2337370.953720068559051 ], [ 570935.319451458053663, 2337365.746931503992528 ], [ 570916.268537221243605, 2337358.547845740336925 ], [ 570897.92284574045334, 2337346.893537221476436 ], [ 570876.268537221243605, 2337338.547845740336925 ], [ 570858.439817152684554, 2337326.376565809361637 ], [ 570844.063658576342277, 2337318.252724385354668 ], [ 570837.818292881711386, 2337313.248090079985559 ], [ 570829.341840079985559, 2337302.97454288136214 ], [ 570816.689065809012391, 2337281.877317152451724 ], [ 570803.912042881711386, 2337268.404340079985559 ], [ 570800.782408576342277, 2337260.283974385354668 ], [ 570799.376158576342277, 2337242.940224385354668 ], [ 570796.880792881711386, 2337234.185590079985559 ], [ 570786.376565809012391, 2337218.439817152451724 ], [ 570778.252724385354668, 2337204.063658576458693 ], [ 570773.248090079985559, 2337197.81829288136214 ], [ 570767.302480045822449, 2337192.513902915641665 ], [ 570760.42284574045334, 2337188.143537221476436 ], [ 570752.612662893137895, 2337184.703720068559051 ], [ 570737.520854373928159, 2337181.045528587885201 ], [ 570723.566382961696945, 2337180.0 ], [ 570689.816382961696945, 2337180.0 ], [ 570676.895854373928159, 2337177.920528587885201 ], [ 570671.68327292741742, 2337175.633110034279525 ], [ 570660.733028587768786, 2337167.833354373928159 ], [ 570646.354552858741954, 2337159.711830103304237 ], [ 570639.795528587768786, 2337155.020854373928159 ], [ 570630.90202292741742, 2337145.164360034279525 ], [ 570618.252724385354668, 2337124.063658576458693 ], [ 570613.248090079985559, 2337117.81829288136214 ], [ 570602.974542881711386, 2337109.341840079985559 ], [ 570586.5625, 2337099.50388296181336 ], [ 570583.125, 2337095.44138296181336 ], [ 570580.9375, 2337090.12888296181336 ], [ 570579.6875, 2337076.37888296181336 ], [ 570578.125, 2337070.44138296181336 ], [ 570575.3125, 2337065.75388296181336 ], [ 570566.5625, 2337059.50388296181336 ], [ 570563.125, 2337055.44138296181336 ], [ 570560.9375, 2337050.12888296181336 ], [ 570559.6875, 2337036.37888296181336 ], [ 570558.125, 2337030.44138296181336 ], [ 570555.3125, 2337025.75388296181336 ], [ 570546.5625, 2337019.50388296181336 ], [ 570543.125, 2337015.44138296181336 ], [ 570540.9375, 2337010.12888296181336 ], [ 570539.6875, 2336996.37888296181336 ], [ 570538.125, 2336990.44138296181336 ], [ 570535.3125, 2336985.75388296181336 ], [ 570526.5625, 2336979.50388296181336 ], [ 570523.125, 2336975.44138296181336 ], [ 570520.9375, 2336970.12888296181336 ], [ 570519.6875, 2336956.37888296181336 ], [ 570518.125, 2336950.44138296181336 ], [ 570515.3125, 2336945.75388296181336 ], [ 570506.5625, 2336939.50388296181336 ], [ 570503.125, 2336935.44138296181336 ], [ 570500.3125, 2336927.00388296181336 ], [ 570499.0625, 2336913.25388296181336 ], [ 570495.3125, 2336905.75388296181336 ], [ 570491.25, 2336902.31638296181336 ], [ 570479.795528587768786, 2336895.020854373928159 ], [ 570470.641220068559051, 2336885.528557175770402 ], [ 570466.268537221243605, 2336882.918211435433477 ], [ 570461.059431503759697, 2336881.55786569416523 ], [ 570451.677480045822449, 2336881.861097084358335 ], [ 570442.92284574045334, 2336884.356462778523564 ], [ 570436.050162893137895, 2336888.733779931440949 ], [ 570430.641220068559051, 2336894.471442824229598 ], [ 570423.768537221243605, 2336897.918211435433477 ], [ 570415.013902915990911, 2336898.552480045706034 ], [ 570408.550162893137895, 2336897.516220068559051 ], [ 570402.92284574045334, 2336895.643537221476436 ], [ 570398.131951458053663, 2336892.934431503992528 ], [ 570394.177480045822449, 2336889.388902915641665 ], [ 570387.833354373928159, 2336880.733028587885201 ], [ 570376.689065809012391, 2336861.877317152451724 ], [ 570365.789360034395941, 2336850.902022927068174 ], [ 570364.483028587768786, 2336847.833354373928159 ], [ 570365.469908576342277, 2336844.971474385354668 ], [ 570375.936341423657723, 2336838.252724385354668 ], [ 570382.181707118288614, 2336833.248090079985559 ], [ 570387.486097084009089, 2336827.302480045706034 ], [ 570391.856462778756395, 2336820.422845740336925 ], [ 570395.296279931440949, 2336812.61266289325431 ], [ 570397.804389965604059, 2336803.870772927068174 ], [ 570399.372682847315446, 2336794.189065809361637 ], [ 570400.0, 2336783.56638296181336 ], [ 570399.0625, 2336773.25388296181336 ], [ 570395.3125, 2336765.75388296181336 ], [ 570391.25, 2336762.31638296181336 ], [ 570381.877317152684554, 2336756.689065809361637 ], [ 570370.641220068559051, 2336745.528557175770402 ], [ 570366.268537221243605, 2336742.918211435433477 ], [ 570361.059431503759697, 2336741.55786569416523 ], [ 570355.013902915990911, 2336741.447519954293966 ], [ 570345.631951458053663, 2336743.315568496007472 ], [ 570340.42284574045334, 2336745.606462778523564 ], [ 570336.050162893137895, 2336748.733779931440949 ], [ 570332.513902915990911, 2336752.697519954293966 ], [ 570326.376565809012391, 2336761.560182847548276 ], [ 570321.066382961696945, 2336771.25 ], [ 570317.628882961696945, 2336775.3125 ], [ 570310.128882961696945, 2336779.0625 ], [ 570296.378882961696945, 2336780.3125 ], [ 570290.441382961696945, 2336781.875 ], [ 570283.878882961696945, 2336786.5625 ], [ 570277.628882961696945, 2336795.3125 ], [ 570272.941382961696945, 2336798.125 ], [ 570267.003882961696945, 2336799.6875 ], [ 570256.378882961696945, 2336799.6875 ], [ 570250.441382961696945, 2336798.125 ], [ 570243.878882961696945, 2336793.4375 ], [ 570237.628882961696945, 2336784.6875 ], [ 570232.941382961696945, 2336781.875 ], [ 570227.003882961696945, 2336780.3125 ], [ 570152.471474385354668, 2336779.844908576458693 ], [ 570135.013902915990911, 2336778.552480045706034 ], [ 570125.631951458053663, 2336776.684431503992528 ], [ 570118.131951458053663, 2336772.934431503992528 ], [ 570110.641220068559051, 2336765.42516289325431 ], [ 570106.268537221243605, 2336762.297845740336925 ], [ 570098.141220068559051, 2336759.17516289325431 ], [ 570085.631951458053663, 2336756.684431503992528 ], [ 570078.131951458053663, 2336752.934431503992528 ], [ 570070.90202292741742, 2336745.164360034279525 ], [ 570058.252724385354668, 2336724.063658576458693 ], [ 570051.37077292741742, 2336715.945610034279525 ], [ 570040.733028587768786, 2336707.833354373928159 ], [ 570021.877317152684554, 2336696.689065809361637 ], [ 570010.641220068559051, 2336685.42516289325431 ], [ 570006.268537221243605, 2336682.297845740336925 ], [ 569998.141220068559051, 2336679.17516289325431 ], [ 569985.631951458053663, 2336676.684431503992528 ], [ 569978.131951458053663, 2336672.934431503992528 ], [ 569974.177480045822449, 2336669.388902915641665 ], [ 569969.341840079985559, 2336662.97454288136214 ], [ 569959.503882961696945, 2336646.5625 ], [ 569955.441382961696945, 2336643.125 ], [ 569947.003882961696945, 2336640.3125 ], [ 569918.40202292741742, 2336638.914360034279525 ], [ 569908.550162893137895, 2336637.516220068559051 ], [ 569902.92284574045334, 2336635.643537221476436 ], [ 569898.131951458053663, 2336632.934431503992528 ], [ 569890.641220068559051, 2336625.42516289325431 ], [ 569886.268537221243605, 2336622.297845740336925 ], [ 569881.059431503759697, 2336620.006951457820833 ], [ 569868.550162893137895, 2336617.516220068559051 ], [ 569862.92284574045334, 2336615.643537221476436 ], [ 569858.131951458053663, 2336612.934431503992528 ], [ 569850.58952292741742, 2336605.476860034279525 ], [ 569845.958354373928159, 2336602.608028587885201 ], [ 569837.055580102838576, 2336600.260802858509123 ], [ 569826.274330102838576, 2336599.792052858509123 ], [ 569816.895854373928159, 2336597.920528587885201 ], [ 569811.68327292741742, 2336595.633110034279525 ], [ 569797.92284574045334, 2336586.893537221476436 ], [ 569776.268537221243605, 2336578.547845740336925 ], [ 569760.733028587768786, 2336567.833354373928159 ], [ 569741.877317152684554, 2336556.689065809361637 ], [ 569728.404340079985559, 2336543.91204288136214 ], [ 569723.251565809012391, 2336541.564817152451724 ], [ 569717.055580102838576, 2336540.260802858509123 ], [ 569706.274330102838576, 2336540.207947141490877 ], [ 569696.895854373928159, 2336542.079471412114799 ], [ 569691.68327292741742, 2336544.366889965720475 ], [ 569682.819451458053663, 2336550.503068496007472 ], [ 569675.319451458053663, 2336554.253068496007472 ], [ 569666.888902915990911, 2336557.072519954293966 ], [ 569657.520854373928159, 2336558.954471412114799 ], [ 569643.566382961696945, 2336560.0 ], [ 569579.816382961696945, 2336560.0 ], [ 569573.253882961696945, 2336559.0625 ], [ 569567.941382961696945, 2336556.875 ], [ 569563.878882961696945, 2336553.4375 ], [ 569559.503882961696945, 2336546.5625 ], [ 569555.441382961696945, 2336543.125 ], [ 569550.128882961696945, 2336540.9375 ], [ 569543.566382961696945, 2336540.0 ], [ 569299.816382961696945, 2336540.0 ], [ 569293.253882961696945, 2336540.9375 ], [ 569285.753882961696945, 2336544.6875 ], [ 569282.316382961696945, 2336548.75 ], [ 569275.020854373928159, 2336560.204471412114799 ], [ 569265.112662893137895, 2336569.046279931440949 ], [ 569255.319451458053663, 2336574.253068496007472 ], [ 569243.87077292741742, 2336577.804389965720475 ], [ 569227.211830102838576, 2336579.895447141490877 ], [ 569219.816382961696945, 2336580.0 ], [ 569213.253882961696945, 2336579.0625 ], [ 569205.753882961696945, 2336575.3125 ], [ 569199.503882961696945, 2336566.5625 ], [ 569195.441382961696945, 2336563.125 ], [ 569190.128882961696945, 2336560.9375 ], [ 569179.816382961696945, 2336560.0 ], [ 569173.253882961696945, 2336560.9375 ], [ 569167.941382961696945, 2336563.125 ], [ 569163.878882961696945, 2336566.5625 ], [ 569157.628882961696945, 2336575.3125 ], [ 569150.128882961696945, 2336579.0625 ], [ 569115.013902915990911, 2336581.447519954293966 ], [ 569108.550162893137895, 2336582.483779931440949 ], [ 569102.92284574045334, 2336584.356462778523564 ], [ 569098.131951458053663, 2336587.065568496007472 ], [ 569090.641220068559051, 2336594.57483710674569 ], [ 569086.268537221243605, 2336597.702154259663075 ], [ 569081.059431503759697, 2336599.993048542179167 ], [ 569068.550162893137895, 2336602.483779931440949 ], [ 569062.92284574045334, 2336604.356462778523564 ], [ 569058.131951458053663, 2336607.065568496007472 ], [ 569050.641220068559051, 2336614.57483710674569 ], [ 569046.268537221243605, 2336617.702154259663075 ], [ 569041.059431503759697, 2336619.993048542179167 ], [ 569028.550162893137895, 2336622.483779931440949 ], [ 569022.92284574045334, 2336624.356462778523564 ], [ 569018.131951458053663, 2336627.065568496007472 ], [ 569010.641220068559051, 2336634.57483710674569 ], [ 569006.268537221243605, 2336637.702154259663075 ], [ 568998.141220068559051, 2336640.82483710674569 ], [ 568985.631951458053663, 2336643.315568496007472 ], [ 568978.131951458053663, 2336647.065568496007472 ], [ 568970.90202292741742, 2336654.835639965720475 ], [ 568961.066382961696945, 2336671.25 ], [ 568957.628882961696945, 2336675.3125 ], [ 568950.128882961696945, 2336679.0625 ], [ 568936.378882961696945, 2336680.3125 ], [ 568927.941382961696945, 2336683.125 ], [ 568923.878882961696945, 2336686.5625 ], [ 568916.689065809012391, 2336698.122682847548276 ], [ 568909.388902915990911, 2336705.822519954293966 ], [ 568898.439817152684554, 2336713.623434190638363 ], [ 568884.063658576342277, 2336721.747275614645332 ], [ 568877.818292881711386, 2336726.751909920014441 ], [ 568869.341840079985559, 2336737.02545711863786 ], [ 568856.689065809012391, 2336758.122682847548276 ], [ 568847.302480045822449, 2336767.486097084358335 ], [ 568837.92284574045334, 2336773.106462778523564 ], [ 568816.268537221243605, 2336781.452154259663075 ], [ 568797.92284574045334, 2336793.106462778523564 ], [ 568781.371931503759697, 2336799.055548542179167 ], [ 568773.871931503759697, 2336802.805548542179167 ], [ 568760.733028587768786, 2336812.166645626071841 ], [ 568744.063658576342277, 2336821.747275614645332 ], [ 568737.818292881711386, 2336826.751909920014441 ], [ 568729.341840079985559, 2336837.02545711863786 ], [ 568719.503882961696945, 2336853.4375 ], [ 568715.441382961696945, 2336856.875 ], [ 568710.128882961696945, 2336859.0625 ], [ 568696.378882961696945, 2336860.3125 ], [ 568687.941382961696945, 2336863.125 ], [ 568683.878882961696945, 2336866.5625 ], [ 568675.020854373928159, 2336880.204471412114799 ], [ 568665.112662893137895, 2336889.046279931440949 ], [ 568655.319451458053663, 2336894.253068496007472 ], [ 568636.268537221243605, 2336901.452154259663075 ], [ 568620.733028587768786, 2336912.166645626071841 ], [ 568601.877317152684554, 2336923.310934190638363 ], [ 568595.945610034395941, 2336928.629227072931826 ], [ 568590.90202292741742, 2336934.835639965720475 ], [ 568578.252724385354668, 2336955.936341423541307 ], [ 568573.248090079985559, 2336962.18170711863786 ], [ 568562.974542881711386, 2336970.658159920014441 ], [ 568546.5625, 2336980.49611703818664 ], [ 568543.125, 2336984.55861703818664 ], [ 568540.3125, 2336992.99611703818664 ], [ 568539.483028587768786, 2337014.666645626071841 ], [ 568538.138902915990911, 2337028.322519954293966 ], [ 568536.684431503759697, 2337034.368048542179167 ], [ 568532.934431503759697, 2337041.868048542179167 ], [ 568529.388902915990911, 2337045.822519954293966 ], [ 568522.974542881711386, 2337050.658159920014441 ], [ 568501.877317152684554, 2337063.310934190638363 ], [ 568488.404340079985559, 2337076.08795711863786 ], [ 568483.251565809012391, 2337078.435182847548276 ], [ 568477.055580102838576, 2337079.739197141490877 ], [ 568462.940224385354668, 2337079.376158576458693 ], [ 568454.185590079985559, 2337076.88079288136214 ], [ 568440.42284574045334, 2337068.143537221476436 ], [ 568429.802480045822449, 2337063.763902915641665 ], [ 568421.371931503759697, 2337062.19213430583477 ], [ 568413.871931503759697, 2337063.43286569416523 ], [ 568398.439817152684554, 2337073.623434190638363 ], [ 568381.877317152684554, 2337083.310934190638363 ], [ 568370.641220068559051, 2337094.57483710674569 ], [ 568366.268537221243605, 2337097.702154259663075 ], [ 568361.059431503759697, 2337099.993048542179167 ], [ 568348.550162893137895, 2337102.483779931440949 ], [ 568342.92284574045334, 2337104.356462778523564 ], [ 568338.131951458053663, 2337107.065568496007472 ], [ 568330.641220068559051, 2337114.57483710674569 ], [ 568326.268537221243605, 2337117.702154259663075 ], [ 568321.059431503759697, 2337119.993048542179167 ], [ 568308.550162893137895, 2337122.483779931440949 ], [ 568302.92284574045334, 2337124.356462778523564 ], [ 568298.131951458053663, 2337127.065568496007472 ], [ 568290.641220068559051, 2337134.57483710674569 ], [ 568286.268537221243605, 2337137.702154259663075 ], [ 568278.141220068559051, 2337140.82483710674569 ], [ 568265.631951458053663, 2337143.315568496007472 ], [ 568258.131951458053663, 2337147.065568496007472 ], [ 568254.177480045822449, 2337150.611097084358335 ], [ 568249.341840079985559, 2337157.02545711863786 ], [ 568239.711830102838576, 2337173.645447141490877 ], [ 568235.020854373928159, 2337180.204471412114799 ], [ 568227.302480045822449, 2337187.486097084358335 ], [ 568217.92284574045334, 2337193.106462778523564 ], [ 568206.888902915990911, 2337197.072519954293966 ], [ 568198.768537221243605, 2337197.706788564566523 ], [ 568191.578720068559051, 2337195.528557175770402 ], [ 568182.974542881711386, 2337189.652022927533835 ], [ 568176.094908576342277, 2337186.522388622164726 ], [ 568168.75, 2337184.788577129598707 ], [ 568164.063658576342277, 2337184.883861377835274 ], [ 568157.818292881711386, 2337187.379227072466165 ], [ 568150.641220068559051, 2337194.57483710674569 ], [ 568143.768537221243605, 2337198.952154259663075 ], [ 568138.141220068559051, 2337200.82483710674569 ], [ 568125.631951458053663, 2337203.315568496007472 ], [ 568120.42284574045334, 2337205.606462778523564 ], [ 568116.050162893137895, 2337208.733779931440949 ], [ 568110.90202292741742, 2337214.835639965720475 ], [ 568098.252724385354668, 2337235.936341423541307 ], [ 568093.248090079985559, 2337242.18170711863786 ], [ 568082.974542881711386, 2337250.658159920014441 ], [ 568064.063658576342277, 2337261.747275614645332 ], [ 568057.818292881711386, 2337266.751909920014441 ], [ 568049.341840079985559, 2337277.02545711863786 ], [ 568038.252724385354668, 2337295.936341423541307 ], [ 568033.248090079985559, 2337302.18170711863786 ], [ 568022.974542881711386, 2337310.658159920014441 ], [ 568004.063658576342277, 2337321.747275614645332 ], [ 567997.818292881711386, 2337326.751909920014441 ], [ 567989.341840079985559, 2337337.02545711863786 ], [ 567981.066382961696945, 2337351.25 ], [ 567977.628882961696945, 2337355.3125 ], [ 567970.128882961696945, 2337359.0625 ], [ 567956.378882961696945, 2337360.3125 ], [ 567947.941382961696945, 2337363.125 ], [ 567943.878882961696945, 2337366.5625 ], [ 567938.252724385354668, 2337375.936341423541307 ], [ 567931.37077292741742, 2337384.054389965720475 ], [ 567920.733028587768786, 2337392.166645626071841 ], [ 567901.877317152684554, 2337403.310934190638363 ], [ 567888.559431503759697, 2337416.243048542179167 ], [ 567881.059431503759697, 2337419.993048542179167 ], [ 567865.631951458053663, 2337423.315568496007472 ], [ 567858.131951458053663, 2337427.065568496007472 ], [ 567850.90202292741742, 2337434.835639965720475 ], [ 567838.252724385354668, 2337455.936341423541307 ], [ 567831.37077292741742, 2337464.054389965720475 ], [ 567820.733028587768786, 2337472.166645626071841 ], [ 567804.063658576342277, 2337481.747275614645332 ], [ 567795.945610034395941, 2337488.629227072931826 ], [ 567787.833354373928159, 2337499.266971412114799 ], [ 567776.689065809012391, 2337518.122682847548276 ], [ 567765.425162893137895, 2337529.358779931440949 ], [ 567762.29784574045334, 2337533.731462778523564 ], [ 567759.175162893137895, 2337541.858779931440949 ], [ 567756.684431503759697, 2337554.368048542179167 ], [ 567752.934431503759697, 2337561.868048542179167 ], [ 567749.388902915990911, 2337565.822519954293966 ], [ 567742.974542881711386, 2337570.658159920014441 ], [ 567726.5625, 2337580.49611703818664 ], [ 567723.125, 2337584.55861703818664 ], [ 567720.3125, 2337592.99611703818664 ], [ 567719.0625, 2337606.74611703818664 ], [ 567715.3125, 2337614.24611703818664 ], [ 567711.25, 2337617.68361703818664 ], [ 567701.877317152684554, 2337623.310934190638363 ], [ 567694.177480045822449, 2337630.611097084358335 ], [ 567686.376565809012391, 2337641.560182847548276 ], [ 567678.252724385354668, 2337655.936341423541307 ], [ 567671.37077292741742, 2337664.054389965720475 ], [ 567660.733028587768786, 2337672.166645626071841 ], [ 567646.5625, 2337680.49611703818664 ], [ 567643.125, 2337684.55861703818664 ], [ 567640.9375, 2337689.87111703818664 ], [ 567639.6875, 2337703.62111703818664 ], [ 567636.875, 2337712.05861703818664 ], [ 567633.4375, 2337716.12111703818664 ], [ 567619.795528587768786, 2337724.979145626071841 ], [ 567610.953720068559051, 2337734.88733710674569 ], [ 567605.746931503759697, 2337744.680548542179167 ], [ 567598.54784574045334, 2337763.731462778523564 ], [ 567586.893537221243605, 2337782.077154259663075 ], [ 567578.54784574045334, 2337803.731462778523564 ], [ 567567.833354373928159, 2337819.266971412114799 ], [ 567556.689065809012391, 2337838.122682847548276 ], [ 567551.37077292741742, 2337844.054389965720475 ], [ 567545.164360034395941, 2337849.097977072931826 ], [ 567524.063658576342277, 2337861.747275614645332 ], [ 567517.818292881711386, 2337866.751909920014441 ], [ 567509.341840079985559, 2337877.02545711863786 ], [ 567498.252724385354668, 2337895.936341423541307 ], [ 567493.248090079985559, 2337902.18170711863786 ], [ 567482.974542881711386, 2337910.658159920014441 ], [ 567461.877317152684554, 2337923.310934190638363 ], [ 567455.945610034395941, 2337928.629227072931826 ], [ 567450.953720068559051, 2337934.88733710674569 ], [ 567444.703720068559051, 2337947.38733710674569 ], [ 567441.568292881711386, 2337959.251909920014441 ], [ 567440.313658576342277, 2337969.247275614645332 ], [ 567438.552480045822449, 2338004.986097084358335 ], [ 567436.684431503759697, 2338014.368048542179167 ], [ 567434.393537221243605, 2338019.577154259663075 ], [ 567429.388902915990911, 2338025.822519954293966 ], [ 567420.733028587768786, 2338032.166645626071841 ], [ 567408.75, 2338038.93361703818664 ], [ 567403.125, 2338044.55861703818664 ], [ 567400.9375, 2338049.87111703818664 ], [ 567399.6875, 2338063.62111703818664 ], [ 567396.875, 2338072.05861703818664 ], [ 567393.4375, 2338076.12111703818664 ], [ 567384.063658576342277, 2338081.747275614645332 ], [ 567375.945610034395941, 2338088.629227072931826 ], [ 567367.833354373928159, 2338099.266971412114799 ], [ 567356.689065809012391, 2338118.122682847548276 ], [ 567343.756951458053663, 2338131.440568496007472 ], [ 567340.006951458053663, 2338138.940568496007472 ], [ 567336.684431503759697, 2338154.368048542179167 ], [ 567332.934431503759697, 2338161.868048542179167 ], [ 567329.388902915990911, 2338165.822519954293966 ], [ 567322.974542881711386, 2338170.658159920014441 ], [ 567306.5625, 2338180.49611703818664 ], [ 567303.125, 2338184.55861703818664 ], [ 567300.9375, 2338189.87111703818664 ], [ 567299.6875, 2338203.62111703818664 ], [ 567296.875, 2338212.05861703818664 ], [ 567293.4375, 2338216.12111703818664 ], [ 567284.063658576342277, 2338221.747275614645332 ], [ 567275.945610034395941, 2338228.629227072931826 ], [ 567267.833354373928159, 2338239.266971412114799 ], [ 567256.689065809012391, 2338258.122682847548276 ], [ 567243.756951458053663, 2338271.440568496007472 ], [ 567240.006951458053663, 2338278.940568496007472 ], [ 567236.684431503759697, 2338294.368048542179167 ], [ 567232.934431503759697, 2338301.868048542179167 ], [ 567229.388902915990911, 2338305.822519954293966 ], [ 567222.974542881711386, 2338310.658159920014441 ], [ 567201.877317152684554, 2338323.310934190638363 ], [ 567195.945610034395941, 2338328.629227072931826 ], [ 567190.953720068559051, 2338334.88733710674569 ], [ 567185.746931503759697, 2338344.680548542179167 ], [ 567178.54784574045334, 2338363.731462778523564 ], [ 567166.893537221243605, 2338382.077154259663075 ], [ 567158.54784574045334, 2338403.731462778523564 ], [ 567147.833354373928159, 2338419.266971412114799 ], [ 567139.711830102838576, 2338433.645447141490877 ], [ 567135.020854373928159, 2338440.204471412114799 ], [ 567125.164360034395941, 2338449.097977072931826 ], [ 567104.063658576342277, 2338461.747275614645332 ], [ 567097.818292881711386, 2338466.751909920014441 ], [ 567089.341840079985559, 2338477.02545711863786 ], [ 567076.689065809012391, 2338498.122682847548276 ], [ 567067.302480045822449, 2338507.486097084358335 ], [ 567058.439817152684554, 2338513.623434190638363 ], [ 567041.877317152684554, 2338523.310934190638363 ], [ 567030.641220068559051, 2338534.57483710674569 ], [ 567026.268537221243605, 2338537.702154259663075 ], [ 567018.141220068559051, 2338540.82483710674569 ], [ 567005.631951458053663, 2338543.315568496007472 ], [ 567000.42284574045334, 2338545.606462778523564 ], [ 566996.050162893137895, 2338548.733779931440949 ], [ 566987.833354373928159, 2338559.266971412114799 ], [ 566976.689065809012391, 2338578.122682847548276 ], [ 566971.37077292741742, 2338584.054389965720475 ], [ 566965.112662893137895, 2338589.046279931440949 ], [ 566955.319451458053663, 2338594.253068496007472 ], [ 566943.87077292741742, 2338597.804389965720475 ], [ 566930.752724385354668, 2338599.686341423541307 ], [ 566916.378882961696945, 2338600.3125 ], [ 566910.441382961696945, 2338601.875 ], [ 566903.878882961696945, 2338606.5625 ], [ 566897.628882961696945, 2338615.3125 ], [ 566890.128882961696945, 2338619.0625 ], [ 566851.677480045822449, 2338621.861097084358335 ], [ 566845.631951458053663, 2338623.315568496007472 ], [ 566840.42284574045334, 2338625.606462778523564 ], [ 566836.050162893137895, 2338628.733779931440949 ], [ 566832.513902915990911, 2338632.697519954293966 ], [ 566826.376565809012391, 2338641.560182847548276 ], [ 566821.066382961696945, 2338651.25 ], [ 566817.628882961696945, 2338655.3125 ], [ 566810.128882961696945, 2338659.0625 ], [ 566796.378882961696945, 2338660.3125 ], [ 566787.941382961696945, 2338663.125 ], [ 566783.878882961696945, 2338666.5625 ], [ 566776.689065809012391, 2338678.122682847548276 ], [ 566769.388902915990911, 2338685.822519954293966 ], [ 566758.439817152684554, 2338693.623434190638363 ], [ 566744.063658576342277, 2338701.747275614645332 ], [ 566735.945610034395941, 2338708.629227072931826 ], [ 566728.143537221243605, 2338719.577154259663075 ], [ 566720.944451458053663, 2338738.628068496007472 ], [ 566717.194451458053663, 2338746.128068496007472 ], [ 566707.833354373928159, 2338759.266971412114799 ], [ 566699.711830102838576, 2338773.645447141490877 ], [ 566695.020854373928159, 2338780.204471412114799 ], [ 566685.164360034395941, 2338789.097977072931826 ], [ 566664.063658576342277, 2338801.747275614645332 ], [ 566657.818292881711386, 2338806.751909920014441 ], [ 566649.341840079985559, 2338817.02545711863786 ], [ 566638.252724385354668, 2338835.936341423541307 ], [ 566633.248090079985559, 2338842.18170711863786 ], [ 566622.974542881711386, 2338850.658159920014441 ], [ 566606.5625, 2338860.49611703818664 ], [ 566603.125, 2338864.55861703818664 ], [ 566600.9375, 2338869.87111703818664 ], [ 566600.0, 2338876.43361703818664 ], [ 566600.0, 2338910.18361703818664 ], [ 566597.920528587768786, 2338923.104145626071841 ], [ 566595.633110034395941, 2338928.316727072931826 ], [ 566586.893537221243605, 2338942.077154259663075 ], [ 566580.944451458053663, 2338958.628068496007472 ], [ 566577.194451458053663, 2338966.128068496007472 ], [ 566567.833354373928159, 2338979.266971412114799 ], [ 566556.689065809012391, 2338998.122682847548276 ], [ 566545.476860034395941, 2339009.410477072931826 ], [ 566542.608028587768786, 2339014.041645626071841 ], [ 566540.260802858741954, 2339022.944419896695763 ], [ 566538.752317152684554, 2339040.185934190638363 ], [ 566535.633110034395941, 2339048.316727072931826 ], [ 566527.833354373928159, 2339059.266971412114799 ], [ 566519.711830102838576, 2339073.645447141490877 ], [ 566515.020854373928159, 2339080.204471412114799 ], [ 566505.164360034395941, 2339089.097977072931826 ], [ 566484.063658576342277, 2339101.747275614645332 ], [ 566477.818292881711386, 2339106.751909920014441 ], [ 566469.341840079985559, 2339117.02545711863786 ], [ 566456.689065809012391, 2339138.122682847548276 ], [ 566449.388902915990911, 2339145.822519954293966 ], [ 566442.819451458053663, 2339150.503068496007472 ], [ 566435.319451458053663, 2339154.253068496007472 ], [ 566426.888902915990911, 2339157.072519954293966 ], [ 566418.768537221243605, 2339157.706788564566523 ], [ 566411.578720068559051, 2339155.528557175770402 ], [ 566402.819451458053663, 2339149.496931503992528 ], [ 566392.612662893137895, 2339144.703720068559051 ], [ 566384.078720068559051, 2339142.403557175770402 ], [ 566376.268537221243605, 2339142.706788564566523 ], [ 566371.578720068559051, 2339144.471442824229598 ], [ 566360.42284574045334, 2339151.856462778523564 ], [ 566349.802480045822449, 2339156.236097084358335 ], [ 566334.189065809012391, 2339159.372682847548276 ], [ 566316.378882961696945, 2339160.3125 ], [ 566307.941382961696945, 2339163.125 ], [ 566303.878882961696945, 2339166.5625 ], [ 566295.020854373928159, 2339180.204471412114799 ], [ 566283.756951458053663, 2339191.440568496007472 ], [ 566280.006951458053663, 2339198.940568496007472 ], [ 566277.516220068559051, 2339211.44983710674569 ], [ 566275.643537221243605, 2339217.077154259663075 ], [ 566271.266220068559051, 2339223.94983710674569 ], [ 566263.912042881711386, 2339231.595659920014441 ], [ 566261.564817152684554, 2339236.748434190638363 ], [ 566260.0, 2339246.43361703818664 ], [ 566261.247682847315446, 2339260.185934190638363 ], [ 566264.366889965604059, 2339268.316727072931826 ], [ 566273.106462778756395, 2339282.077154259663075 ], [ 566279.055548541946337, 2339298.628068496007472 ], [ 566282.805548541946337, 2339306.128068496007472 ], [ 566292.166645626071841, 2339319.266971412114799 ], [ 566303.310934190987609, 2339338.122682847548276 ], [ 566316.087957118288614, 2339351.595659920014441 ], [ 566318.435182847315446, 2339356.748434190638363 ], [ 566320.0, 2339366.43361703818664 ], [ 566320.0, 2339400.18361703818664 ], [ 566319.0625, 2339406.74611703818664 ], [ 566315.3125, 2339414.24611703818664 ], [ 566304.6875, 2339422.37111703818664 ], [ 566300.9375, 2339429.87111703818664 ], [ 566300.0, 2339436.43361703818664 ], [ 566298.914360034395941, 2339461.597977072931826 ], [ 566296.684431503759697, 2339474.368048542179167 ], [ 566292.934431503759697, 2339481.868048542179167 ], [ 566289.388902915990911, 2339485.822519954293966 ], [ 566280.733028587768786, 2339492.166645626071841 ], [ 566268.75, 2339498.93361703818664 ], [ 566263.125, 2339504.55861703818664 ], [ 566260.9375, 2339509.87111703818664 ], [ 566259.6875, 2339523.62111703818664 ], [ 566258.125, 2339529.55861703818664 ], [ 566255.3125, 2339534.24611703818664 ], [ 566246.5625, 2339540.49611703818664 ], [ 566243.125, 2339544.55861703818664 ], [ 566240.9375, 2339549.87111703818664 ], [ 566239.6875, 2339563.62111703818664 ], [ 566236.875, 2339572.05861703818664 ], [ 566233.4375, 2339576.12111703818664 ], [ 566224.063658576342277, 2339581.747275614645332 ], [ 566215.945610034395941, 2339588.629227072931826 ], [ 566209.341840079985559, 2339597.02545711863786 ], [ 566201.066382961696945, 2339611.25 ], [ 566197.628882961696945, 2339615.3125 ], [ 566190.128882961696945, 2339619.0625 ], [ 566176.378882961696945, 2339620.3125 ], [ 566167.941382961696945, 2339623.125 ], [ 566163.878882961696945, 2339626.5625 ], [ 566159.503882961696945, 2339633.4375 ], [ 566152.941382961696945, 2339638.125 ], [ 566147.003882961696945, 2339639.6875 ], [ 566136.378882961696945, 2339640.3125 ], [ 566127.941382961696945, 2339643.125 ], [ 566123.878882961696945, 2339646.5625 ], [ 566118.252724385354668, 2339655.936341423541307 ], [ 566111.37077292741742, 2339664.054389965720475 ], [ 566100.733028587768786, 2339672.166645626071841 ], [ 566081.877317152684554, 2339683.310934190638363 ], [ 566075.945610034395941, 2339688.629227072931826 ], [ 566070.953720068559051, 2339694.88733710674569 ], [ 566064.703720068559051, 2339707.38733710674569 ], [ 566061.045528587768786, 2339722.479145626071841 ], [ 566060.0, 2339736.43361703818664 ], [ 566060.0, 2339800.18361703818664 ], [ 566059.224542881711386, 2339818.158159920014441 ], [ 566058.138902915990911, 2339828.322519954293966 ], [ 566056.684431503759697, 2339834.368048542179167 ], [ 566054.393537221243605, 2339839.577154259663075 ], [ 566051.266220068559051, 2339843.94983710674569 ], [ 566042.974542881711386, 2339850.658159920014441 ], [ 566024.063658576342277, 2339861.747275614645332 ], [ 566017.818292881711386, 2339866.751909920014441 ], [ 566009.341840079985559, 2339877.02545711863786 ], [ 565998.252724385354668, 2339895.936341423541307 ], [ 565993.248090079985559, 2339902.18170711863786 ], [ 565982.974542881711386, 2339910.658159920014441 ], [ 565964.063658576342277, 2339921.747275614645332 ], [ 565957.818292881711386, 2339926.751909920014441 ], [ 565949.341840079985559, 2339937.02545711863786 ], [ 565938.252724385354668, 2339955.936341423541307 ], [ 565933.248090079985559, 2339962.18170711863786 ], [ 565922.974542881711386, 2339970.658159920014441 ], [ 565904.063658576342277, 2339981.747275614645332 ], [ 565897.818292881711386, 2339986.751909920014441 ], [ 565889.341840079985559, 2339997.02545711863786 ], [ 565876.689065809012391, 2340018.122682847548276 ], [ 565871.37077292741742, 2340024.054389965720475 ], [ 565865.112662893137895, 2340029.046279931440949 ], [ 565852.612662893137895, 2340035.296279931440949 ], [ 565837.520854373928159, 2340038.954471412114799 ], [ 565823.566382961696945, 2340040.0 ], [ 565789.816382961696945, 2340040.0 ], [ 565776.895854373928159, 2340042.079471412114799 ], [ 565771.68327292741742, 2340044.366889965720475 ], [ 565758.439817152684554, 2340053.623434190638363 ], [ 565746.354552858741954, 2340060.288169896695763 ], [ 565737.818292881711386, 2340066.751909920014441 ], [ 565729.341840079985559, 2340077.02545711863786 ], [ 565718.252724385354668, 2340095.936341423541307 ], [ 565713.248090079985559, 2340102.18170711863786 ], [ 565702.974542881711386, 2340110.658159920014441 ], [ 565684.063658576342277, 2340121.747275614645332 ], [ 565677.818292881711386, 2340126.751909920014441 ], [ 565669.341840079985559, 2340137.02545711863786 ], [ 565656.689065809012391, 2340158.122682847548276 ], [ 565643.756951458053663, 2340171.440568496007472 ], [ 565640.006951458053663, 2340178.940568496007472 ], [ 565637.516220068559051, 2340191.44983710674569 ], [ 565634.393537221243605, 2340199.577154259663075 ], [ 565631.266220068559051, 2340203.94983710674569 ], [ 565623.756951458053663, 2340211.440568496007472 ], [ 565621.04784574045334, 2340216.231462778523564 ], [ 565619.175162893137895, 2340221.858779931440949 ], [ 565616.684431503759697, 2340234.368048542179167 ], [ 565614.393537221243605, 2340239.577154259663075 ], [ 565611.266220068559051, 2340243.94983710674569 ], [ 565603.756951458053663, 2340251.440568496007472 ], [ 565601.04784574045334, 2340256.231462778523564 ], [ 565599.175162893137895, 2340261.858779931440949 ], [ 565596.684431503759697, 2340274.368048542179167 ], [ 565594.393537221243605, 2340279.577154259663075 ], [ 565591.266220068559051, 2340283.94983710674569 ], [ 565583.756951458053663, 2340291.440568496007472 ], [ 565581.04784574045334, 2340296.231462778523564 ], [ 565579.175162893137895, 2340301.858779931440949 ], [ 565576.684431503759697, 2340314.368048542179167 ], [ 565574.393537221243605, 2340319.577154259663075 ], [ 565571.266220068559051, 2340323.94983710674569 ], [ 565567.302480045822449, 2340327.486097084358335 ], [ 565558.439817152684554, 2340333.623434190638363 ], [ 565544.063658576342277, 2340341.747275614645332 ], [ 565535.945610034395941, 2340348.629227072931826 ], [ 565527.833354373928159, 2340359.266971412114799 ], [ 565516.689065809012391, 2340378.122682847548276 ], [ 565507.302480045822449, 2340387.486097084358335 ], [ 565498.439817152684554, 2340393.623434190638363 ], [ 565481.877317152684554, 2340403.310934190638363 ], [ 565470.641220068559051, 2340414.57483710674569 ], [ 565466.268537221243605, 2340417.702154259663075 ], [ 565458.141220068559051, 2340420.82483710674569 ], [ 565445.631951458053663, 2340423.315568496007472 ], [ 565438.131951458053663, 2340427.065568496007472 ], [ 565434.177480045822449, 2340430.611097084358335 ], [ 565429.341840079985559, 2340437.02545711863786 ], [ 565419.503882961696945, 2340453.4375 ], [ 565412.941382961696945, 2340458.125 ], [ 565407.003882961696945, 2340459.6875 ], [ 565385.333354373928159, 2340460.516971412114799 ], [ 565368.550162893137895, 2340462.483779931440949 ], [ 565362.92284574045334, 2340464.356462778523564 ], [ 565358.131951458053663, 2340467.065568496007472 ], [ 565348.404340079985559, 2340476.08795711863786 ], [ 565343.251565809012391, 2340478.435182847548276 ], [ 565337.055580102838576, 2340479.739197141490877 ], [ 565239.816382961696945, 2340480.0 ], [ 565233.253882961696945, 2340480.9375 ], [ 565225.753882961696945, 2340484.6875 ], [ 565217.628882961696945, 2340495.3125 ], [ 565212.941382961696945, 2340498.125 ], [ 565207.003882961696945, 2340499.6875 ], [ 565185.333354373928159, 2340499.483028587885201 ], [ 565171.677480045822449, 2340498.138902915641665 ], [ 565165.631951458053663, 2340496.684431503992528 ], [ 565158.131951458053663, 2340492.934431503992528 ], [ 565150.641220068559051, 2340485.42516289325431 ], [ 565143.768537221243605, 2340481.047845740336925 ], [ 565138.141220068559051, 2340479.17516289325431 ], [ 565125.631951458053663, 2340476.684431503992528 ], [ 565120.42284574045334, 2340474.393537221476436 ], [ 565116.050162893137895, 2340471.266220068559051 ], [ 565110.58952292741742, 2340465.476860034279525 ], [ 565105.958354373928159, 2340462.608028587885201 ], [ 565097.055580102838576, 2340460.260802858509123 ], [ 565086.274330102838576, 2340459.792052858509123 ], [ 565076.895854373928159, 2340457.920528587885201 ], [ 565071.68327292741742, 2340455.633110034279525 ], [ 565057.92284574045334, 2340446.893537221476436 ], [ 565046.888902915990911, 2340442.927480045706034 ], [ 565030.752724385354668, 2340440.313658576458693 ], [ 564995.013902915990911, 2340438.552480045706034 ], [ 564988.550162893137895, 2340437.516220068559051 ], [ 564982.92284574045334, 2340435.643537221476436 ], [ 564978.131951458053663, 2340432.934431503992528 ], [ 564972.513902915990911, 2340427.302480045706034 ], [ 564966.376565809012391, 2340418.439817152451724 ], [ 564958.252724385354668, 2340404.063658576458693 ], [ 564951.37077292741742, 2340395.945610034279525 ], [ 564940.733028587768786, 2340387.833354373928159 ], [ 564921.877317152684554, 2340376.689065809361637 ], [ 564908.404340079985559, 2340363.91204288136214 ], [ 564900.283974385354668, 2340360.782408576458693 ], [ 564893.566382961696945, 2340360.0 ], [ 564859.816382961696945, 2340360.0 ], [ 564853.253882961696945, 2340360.9375 ], [ 564845.753882961696945, 2340364.6875 ], [ 564837.628882961696945, 2340375.3125 ], [ 564832.941382961696945, 2340378.125 ], [ 564827.003882961696945, 2340379.6875 ], [ 564745.333354373928159, 2340379.483028587885201 ], [ 564731.677480045822449, 2340378.138902915641665 ], [ 564725.631951458053663, 2340376.684431503992528 ], [ 564718.131951458053663, 2340372.934431503992528 ], [ 564710.58952292741742, 2340365.476860034279525 ], [ 564705.958354373928159, 2340362.608028587885201 ], [ 564697.055580102838576, 2340360.260802858509123 ], [ 564686.274330102838576, 2340359.792052858509123 ], [ 564676.895854373928159, 2340357.920528587885201 ], [ 564671.68327292741742, 2340355.633110034279525 ], [ 564657.92284574045334, 2340346.893537221476436 ], [ 564643.87077292741742, 2340342.195610034279525 ], [ 564627.211830102838576, 2340340.104552858509123 ], [ 564559.816382961696945, 2340340.0 ], [ 564553.253882961696945, 2340339.0625 ], [ 564545.753882961696945, 2340335.3125 ], [ 564539.503882961696945, 2340326.5625 ], [ 564532.941382961696945, 2340321.875 ], [ 564527.003882961696945, 2340320.3125 ], [ 564516.378882961696945, 2340319.6875 ], [ 564507.941382961696945, 2340316.875 ], [ 564503.878882961696945, 2340313.4375 ], [ 564499.503882961696945, 2340306.5625 ], [ 564492.941382961696945, 2340301.875 ], [ 564487.003882961696945, 2340300.3125 ], [ 564461.841840079985559, 2340299.22454288136214 ], [ 564451.677480045822449, 2340298.138902915641665 ], [ 564445.631951458053663, 2340296.684431503992528 ], [ 564438.131951458053663, 2340292.934431503992528 ], [ 564430.641220068559051, 2340285.42516289325431 ], [ 564423.768537221243605, 2340281.047845740336925 ], [ 564418.141220068559051, 2340279.17516289325431 ], [ 564405.631951458053663, 2340276.684431503992528 ], [ 564400.42284574045334, 2340274.393537221476436 ], [ 564396.050162893137895, 2340271.266220068559051 ], [ 564392.513902915990911, 2340267.302480045706034 ], [ 564386.376565809012391, 2340258.439817152451724 ], [ 564381.066382961696945, 2340248.75 ], [ 564377.628882961696945, 2340244.6875 ], [ 564370.128882961696945, 2340240.9375 ], [ 564356.378882961696945, 2340239.6875 ], [ 564347.941382961696945, 2340236.875 ], [ 564343.878882961696945, 2340233.4375 ], [ 564339.503882961696945, 2340226.5625 ], [ 564332.941382961696945, 2340221.875 ], [ 564323.566382961696945, 2340220.0 ], [ 564248.876565809012391, 2340219.689817152451724 ], [ 564231.677480045822449, 2340218.138902915641665 ], [ 564222.92284574045334, 2340215.643537221476436 ], [ 564218.131951458053663, 2340212.934431503992528 ], [ 564210.641220068559051, 2340205.42516289325431 ], [ 564206.268537221243605, 2340202.297845740336925 ], [ 564198.141220068559051, 2340199.17516289325431 ], [ 564185.631951458053663, 2340196.684431503992528 ], [ 564178.131951458053663, 2340192.934431503992528 ], [ 564174.177480045822449, 2340189.388902915641665 ], [ 564169.341840079985559, 2340182.97454288136214 ], [ 564159.503882961696945, 2340166.5625 ], [ 564155.441382961696945, 2340163.125 ], [ 564147.003882961696945, 2340160.3125 ], [ 564049.816382961696945, 2340160.0 ], [ 564036.895854373928159, 2340162.079471412114799 ], [ 564031.68327292741742, 2340164.366889965720475 ], [ 564017.92284574045334, 2340173.106462778523564 ], [ 564001.371931503759697, 2340179.055548542179167 ], [ 563993.871931503759697, 2340182.805548542179167 ], [ 563980.733028587768786, 2340192.166645626071841 ], [ 563961.877317152684554, 2340203.310934190638363 ], [ 563950.58952292741742, 2340214.523139965720475 ], [ 563945.958354373928159, 2340217.391971412114799 ], [ 563940.283974385354668, 2340219.217591423541307 ], [ 563933.566382961696945, 2340220.0 ], [ 563899.816382961696945, 2340220.0 ], [ 563893.253882961696945, 2340220.9375 ], [ 563885.753882961696945, 2340224.6875 ], [ 563879.503882961696945, 2340233.4375 ], [ 563872.941382961696945, 2340238.125 ], [ 563867.003882961696945, 2340239.6875 ], [ 563856.378882961696945, 2340240.3125 ], [ 563847.941382961696945, 2340243.125 ], [ 563843.878882961696945, 2340246.5625 ], [ 563839.503882961696945, 2340253.4375 ], [ 563832.941382961696945, 2340258.125 ], [ 563827.003882961696945, 2340259.6875 ], [ 563805.333354373928159, 2340260.516971412114799 ], [ 563788.550162893137895, 2340262.483779931440949 ], [ 563782.92284574045334, 2340264.356462778523564 ], [ 563778.131951458053663, 2340267.065568496007472 ], [ 563768.559431503759697, 2340275.93286569416523 ], [ 563763.768537221243605, 2340277.918211435433477 ], [ 563758.141220068559051, 2340278.653557175770402 ], [ 563745.631951458053663, 2340276.684431503992528 ], [ 563740.42284574045334, 2340274.393537221476436 ], [ 563736.050162893137895, 2340271.266220068559051 ], [ 563727.833354373928159, 2340260.733028587885201 ], [ 563719.503882961696945, 2340246.5625 ], [ 563712.941382961696945, 2340241.875 ], [ 563707.003882961696945, 2340240.3125 ], [ 563681.841840079985559, 2340239.22454288136214 ], [ 563671.677480045822449, 2340238.138902915641665 ], [ 563665.631951458053663, 2340236.684431503992528 ], [ 563658.131951458053663, 2340232.934431503992528 ], [ 563650.641220068559051, 2340225.42516289325431 ], [ 563643.768537221243605, 2340221.047845740336925 ], [ 563638.141220068559051, 2340219.17516289325431 ], [ 563625.631951458053663, 2340216.684431503992528 ], [ 563620.42284574045334, 2340214.393537221476436 ], [ 563616.050162893137895, 2340211.266220068559051 ], [ 563610.58952292741742, 2340205.476860034279525 ], [ 563605.958354373928159, 2340202.608028587885201 ], [ 563597.055580102838576, 2340200.260802858509123 ], [ 563586.274330102838576, 2340199.792052858509123 ], [ 563576.895854373928159, 2340197.920528587885201 ], [ 563571.68327292741742, 2340195.633110034279525 ], [ 563560.733028587768786, 2340188.453720069024712 ], [ 563551.25, 2340185.211422870401293 ], [ 563546.354552858741954, 2340184.679389965720475 ], [ 563539.795528587768786, 2340186.233779930975288 ], [ 563535.945610034395941, 2340188.838332789950073 ], [ 563530.58952292741742, 2340194.523139965720475 ], [ 563523.251565809012391, 2340198.435182847548276 ], [ 563517.055580102838576, 2340199.739197141490877 ], [ 563509.816382961696945, 2340200.0 ], [ 563496.895854373928159, 2340197.920528587885201 ], [ 563491.68327292741742, 2340195.633110034279525 ], [ 563482.819451458053663, 2340189.496931503992528 ], [ 563475.319451458053663, 2340185.746931503992528 ], [ 563463.87077292741742, 2340182.195610034279525 ], [ 563454.189065809012391, 2340180.627317152451724 ], [ 563443.566382961696945, 2340180.0 ], [ 563316.118080102838576, 2340179.948302858509123 ], [ 563301.841840079985559, 2340179.22454288136214 ], [ 563288.550162893137895, 2340177.516220068559051 ], [ 563280.42284574045334, 2340174.393537221476436 ], [ 563274.177480045822449, 2340169.388902915641665 ], [ 563267.833354373928159, 2340160.733028587885201 ], [ 563256.689065809012391, 2340141.877317152451724 ], [ 563244.849542881711386, 2340129.341840079985559 ], [ 563244.483028587768786, 2340127.833354373928159 ], [ 563245.469908576342277, 2340124.971474385354668 ], [ 563254.688658576342277, 2340118.252724385354668 ], [ 563255.627317152684554, 2340116.689065809361637 ], [ 563255.943292881711386, 2340113.248090079985559 ], [ 563241.066382961696945, 2340088.75 ], [ 563236.689065809012391, 2340084.372682847548276 ], [ 563235.020854373928159, 2340083.954471412114799 ], [ 563231.37077292741742, 2340084.679389965720475 ], [ 563217.92284574045334, 2340093.106462778523564 ], [ 563203.87077292741742, 2340097.804389965720475 ], [ 563194.189065809012391, 2340099.372682847548276 ], [ 563183.566382961696945, 2340100.0 ], [ 563176.378882961696945, 2340099.6875 ], [ 563170.441382961696945, 2340098.125 ], [ 563163.878882961696945, 2340093.4375 ], [ 563156.689065809012391, 2340081.877317152451724 ], [ 563149.388902915990911, 2340074.177480045706034 ], [ 563140.733028587768786, 2340067.833354373928159 ], [ 563121.877317152684554, 2340056.689065809361637 ], [ 563108.559431503759697, 2340043.756951457820833 ], [ 563101.059431503759697, 2340040.006951457820833 ], [ 563085.631951458053663, 2340036.684431503992528 ], [ 563080.42284574045334, 2340034.393537221476436 ], [ 563076.050162893137895, 2340031.266220068559051 ], [ 563067.833354373928159, 2340020.733028587885201 ], [ 563059.503882961696945, 2340006.5625 ], [ 563055.441382961696945, 2340003.125 ], [ 563047.003882961696945, 2340000.3125 ], [ 563021.841840079985559, 2339999.22454288136214 ], [ 563011.677480045822449, 2339998.138902915641665 ], [ 563005.631951458053663, 2339996.684431503992528 ], [ 562998.131951458053663, 2339992.934431503992528 ], [ 562988.404340079985559, 2339983.91204288136214 ], [ 562980.283974385354668, 2339980.782408576458693 ], [ 562973.566382961696945, 2339980.0 ], [ 562939.816382961696945, 2339980.0 ], [ 562930.441382961696945, 2339978.125 ], [ 562923.878882961696945, 2339973.4375 ], [ 562916.689065809012391, 2339961.877317152451724 ], [ 562909.388902915990911, 2339954.177480045706034 ], [ 562900.733028587768786, 2339947.833354373928159 ], [ 562881.877317152684554, 2339936.689065809361637 ], [ 562870.58952292741742, 2339925.476860034279525 ], [ 562865.958354373928159, 2339922.608028587885201 ], [ 562860.283974385354668, 2339920.782408576458693 ], [ 562853.566382961696945, 2339920.0 ], [ 562819.816382961696945, 2339920.0 ], [ 562813.253882961696945, 2339919.0625 ], [ 562805.753882961696945, 2339915.3125 ], [ 562799.503882961696945, 2339906.5625 ], [ 562795.441382961696945, 2339903.125 ], [ 562787.003882961696945, 2339900.3125 ], [ 562773.253882961696945, 2339899.0625 ], [ 562765.753882961696945, 2339895.3125 ], [ 562762.316382961696945, 2339891.25 ], [ 562756.689065809012391, 2339881.877317152451724 ], [ 562751.37077292741742, 2339875.945610034279525 ], [ 562740.733028587768786, 2339867.833354373928159 ], [ 562726.354552858741954, 2339859.711830103304237 ], [ 562719.795528587768786, 2339855.020854373928159 ], [ 562712.513902915990911, 2339847.302480045706034 ], [ 562707.410508633474819, 2339838.439817152451724 ], [ 562704.788577129715122, 2339828.75 ], [ 562704.883861377951689, 2339824.063658576458693 ], [ 562706.233779931440949, 2339819.795528587885201 ], [ 562708.838332790182903, 2339815.945610034279525 ], [ 562712.697519954177551, 2339812.513902915641665 ], [ 562721.560182847315446, 2339806.376565809361637 ], [ 562731.25, 2339801.06638296181336 ], [ 562735.3125, 2339797.62888296181336 ], [ 562739.0625, 2339790.12888296181336 ], [ 562740.0, 2339783.56638296181336 ], [ 562739.6875, 2339776.37888296181336 ], [ 562738.125, 2339770.44138296181336 ], [ 562735.3125, 2339765.75388296181336 ], [ 562731.25, 2339762.31638296181336 ], [ 562721.877317152684554, 2339756.689065809361637 ], [ 562715.945610034395941, 2339751.370772927068174 ], [ 562707.833354373928159, 2339740.733028587885201 ], [ 562699.503882961696945, 2339726.5625 ], [ 562692.941382961696945, 2339721.875 ], [ 562683.566382961696945, 2339720.0 ], [ 562676.378882961696945, 2339720.3125 ], [ 562670.441382961696945, 2339721.875 ], [ 562665.753882961696945, 2339724.6875 ], [ 562659.503882961696945, 2339733.4375 ], [ 562655.441382961696945, 2339736.875 ], [ 562650.128882961696945, 2339739.0625 ], [ 562636.378882961696945, 2339740.3125 ], [ 562630.441382961696945, 2339741.875 ], [ 562625.753882961696945, 2339744.6875 ], [ 562619.503882961696945, 2339753.4375 ], [ 562615.441382961696945, 2339756.875 ], [ 562610.128882961696945, 2339759.0625 ], [ 562603.566382961696945, 2339760.0 ], [ 562509.816382961696945, 2339760.0 ], [ 562499.814065809012391, 2339758.752317152451724 ], [ 562491.68327292741742, 2339755.633110034279525 ], [ 562480.42284574045334, 2339748.143537221476436 ], [ 562469.802480045822449, 2339743.763902915641665 ], [ 562457.520854373928159, 2339741.045528587885201 ], [ 562436.378882961696945, 2339739.6875 ], [ 562430.441382961696945, 2339738.125 ], [ 562425.753882961696945, 2339735.3125 ], [ 562419.503882961696945, 2339726.5625 ], [ 562415.441382961696945, 2339723.125 ], [ 562410.128882961696945, 2339720.9375 ], [ 562403.566382961696945, 2339720.0 ], [ 562396.378882961696945, 2339720.3125 ], [ 562387.941382961696945, 2339723.125 ], [ 562383.878882961696945, 2339726.5625 ], [ 562379.503882961696945, 2339733.4375 ], [ 562372.941382961696945, 2339738.125 ], [ 562367.003882961696945, 2339739.6875 ], [ 562356.378882961696945, 2339739.6875 ], [ 562350.441382961696945, 2339738.125 ], [ 562345.753882961696945, 2339735.3125 ], [ 562339.503882961696945, 2339726.5625 ], [ 562332.941382961696945, 2339721.875 ], [ 562327.003882961696945, 2339720.3125 ], [ 562305.333354373928159, 2339719.483028587885201 ], [ 562288.550162893137895, 2339717.516220068559051 ], [ 562280.42284574045334, 2339714.393537221476436 ], [ 562276.050162893137895, 2339711.266220068559051 ], [ 562270.58952292741742, 2339705.476860034279525 ], [ 562263.251565809012391, 2339701.564817152451724 ], [ 562257.055580102838576, 2339700.260802858509123 ], [ 562242.940224385354668, 2339699.376158576458693 ], [ 562236.895854373928159, 2339697.920528587885201 ], [ 562231.68327292741742, 2339695.633110034279525 ], [ 562217.92284574045334, 2339686.893537221476436 ], [ 562206.888902915990911, 2339682.927480045706034 ], [ 562194.189065809012391, 2339680.627317152451724 ], [ 562176.378882961696945, 2339679.6875 ], [ 562167.941382961696945, 2339676.875 ], [ 562163.878882961696945, 2339673.4375 ], [ 562156.689065809012391, 2339661.877317152451724 ], [ 562149.388902915990911, 2339654.177480045706034 ], [ 562138.439817152684554, 2339646.376565809361637 ], [ 562124.063658576342277, 2339638.252724385354668 ], [ 562117.818292881711386, 2339633.248090079985559 ], [ 562109.341840079985559, 2339622.97454288136214 ], [ 562099.503882961696945, 2339606.5625 ], [ 562095.441382961696945, 2339603.125 ], [ 562090.128882961696945, 2339600.9375 ], [ 562083.566382961696945, 2339600.0 ], [ 562049.816382961696945, 2339600.0 ], [ 562042.940224385354668, 2339600.623841423541307 ], [ 562034.185590079985559, 2339603.11920711863786 ], [ 562022.819451458053663, 2339610.503068496007472 ], [ 562015.319451458053663, 2339614.253068496007472 ], [ 562000.748090079985559, 2339618.43170711863786 ], [ 561983.566382961696945, 2339620.0 ], [ 561946.274330102838576, 2339619.792052858509123 ], [ 561939.814065809012391, 2339618.752317152451724 ], [ 561934.185590079985559, 2339616.88079288136214 ], [ 561920.42284574045334, 2339608.143537221476436 ], [ 561912.612662893137895, 2339604.703720068559051 ], [ 561903.87077292741742, 2339602.195610034279525 ], [ 561894.189065809012391, 2339600.627317152451724 ], [ 561883.566382961696945, 2339600.0 ], [ 561729.816382961696945, 2339600.0 ], [ 561719.814065809012391, 2339598.752317152451724 ], [ 561711.68327292741742, 2339595.633110034279525 ], [ 561698.439817152684554, 2339586.376565809361637 ], [ 561684.063658576342277, 2339578.252724385354668 ], [ 561677.818292881711386, 2339573.248090079985559 ], [ 561670.58952292741742, 2339565.476860034279525 ], [ 561665.958354373928159, 2339562.608028587885201 ], [ 561657.055580102838576, 2339560.260802858509123 ], [ 561646.274330102838576, 2339559.792052858509123 ], [ 561636.895854373928159, 2339557.920528587885201 ], [ 561631.68327292741742, 2339555.633110034279525 ], [ 561622.819451458053663, 2339549.496931503992528 ], [ 561615.319451458053663, 2339545.746931503992528 ], [ 561606.888902915990911, 2339542.927480045706034 ], [ 561597.520854373928159, 2339541.045528587885201 ], [ 561583.566382961696945, 2339540.0 ], [ 561456.378882961696945, 2339539.6875 ], [ 561450.441382961696945, 2339538.125 ], [ 561445.753882961696945, 2339535.3125 ], [ 561439.503882961696945, 2339526.5625 ], [ 561435.441382961696945, 2339523.125 ], [ 561430.128882961696945, 2339520.9375 ], [ 561423.566382961696945, 2339520.0 ], [ 561416.378882961696945, 2339520.3125 ], [ 561407.941382961696945, 2339523.125 ], [ 561403.878882961696945, 2339526.5625 ], [ 561399.503882961696945, 2339533.4375 ], [ 561392.941382961696945, 2339538.125 ], [ 561387.003882961696945, 2339539.6875 ], [ 561376.378882961696945, 2339539.6875 ], [ 561370.441382961696945, 2339538.125 ], [ 561365.753882961696945, 2339535.3125 ], [ 561359.503882961696945, 2339526.5625 ], [ 561352.941382961696945, 2339521.875 ], [ 561343.566382961696945, 2339520.0 ], [ 561309.816382961696945, 2339520.0 ], [ 561299.814065809012391, 2339518.752317152451724 ], [ 561291.68327292741742, 2339515.633110034279525 ], [ 561277.92284574045334, 2339506.893537221476436 ], [ 561256.268537221243605, 2339498.547845740336925 ], [ 561240.733028587768786, 2339487.833354373928159 ], [ 561226.354552858741954, 2339479.711830103304237 ], [ 561219.795528587768786, 2339475.020854373928159 ], [ 561210.90202292741742, 2339465.164360034279525 ], [ 561198.252724385354668, 2339444.063658576458693 ], [ 561193.248090079985559, 2339437.81829288136214 ], [ 561182.974542881711386, 2339429.652022927533835 ], [ 561171.25, 2339425.211422870401293 ], [ 561166.354552858741954, 2339424.679389965720475 ], [ 561159.795528587768786, 2339426.233779930975288 ], [ 561155.945610034395941, 2339428.838332789950073 ], [ 561148.404340079985559, 2339436.08795711863786 ], [ 561143.251565809012391, 2339438.435182847548276 ], [ 561137.055580102838576, 2339439.739197141490877 ], [ 561069.816382961696945, 2339440.0 ], [ 561056.895854373928159, 2339437.920528587885201 ], [ 561051.68327292741742, 2339435.633110034279525 ], [ 561042.819451458053663, 2339429.496931503992528 ], [ 561035.319451458053663, 2339425.746931503992528 ], [ 561026.888902915990911, 2339422.927480045706034 ], [ 561017.520854373928159, 2339421.045528587885201 ], [ 561003.566382961696945, 2339420.0 ], [ 560939.816382961696945, 2339420.0 ], [ 560933.253882961696945, 2339419.0625 ], [ 560925.753882961696945, 2339415.3125 ], [ 560919.503882961696945, 2339406.5625 ], [ 560915.441382961696945, 2339403.125 ], [ 560910.128882961696945, 2339400.9375 ], [ 560903.566382961696945, 2339400.0 ], [ 560596.378882961696945, 2339399.6875 ], [ 560590.441382961696945, 2339398.125 ], [ 560585.753882961696945, 2339395.3125 ], [ 560579.503882961696945, 2339386.5625 ], [ 560575.441382961696945, 2339383.125 ], [ 560570.128882961696945, 2339380.9375 ], [ 560556.378882961696945, 2339379.6875 ], [ 560550.441382961696945, 2339378.125 ], [ 560545.753882961696945, 2339375.3125 ], [ 560539.503882961696945, 2339366.5625 ], [ 560535.441382961696945, 2339363.125 ], [ 560530.128882961696945, 2339360.9375 ], [ 560523.566382961696945, 2339360.0 ], [ 560489.816382961696945, 2339360.0 ], [ 560479.814065809012391, 2339361.247682847548276 ], [ 560471.68327292741742, 2339364.366889965720475 ], [ 560462.819451458053663, 2339370.503068496007472 ], [ 560455.319451458053663, 2339374.253068496007472 ], [ 560446.888902915990911, 2339377.072519954293966 ], [ 560441.371931503759697, 2339377.80786569416523 ], [ 560436.268537221243605, 2339377.293211435433477 ], [ 560431.578720068559051, 2339375.528557175770402 ], [ 560422.819451458053663, 2339369.496931503992528 ], [ 560412.612662893137895, 2339364.703720068559051 ], [ 560400.748090079985559, 2339361.56829288136214 ], [ 560390.752724385354668, 2339360.313658576458693 ], [ 560196.378882961696945, 2339359.6875 ], [ 560187.941382961696945, 2339356.875 ], [ 560183.878882961696945, 2339353.4375 ], [ 560177.628882961696945, 2339344.6875 ], [ 560170.128882961696945, 2339340.9375 ], [ 560163.566382961696945, 2339340.0 ], [ 560092.471474385354668, 2339339.844908576458693 ], [ 560068.550162893137895, 2339337.516220068559051 ], [ 560062.92284574045334, 2339335.643537221476436 ], [ 560058.131951458053663, 2339332.934431503992528 ], [ 560050.58952292741742, 2339325.476860034279525 ], [ 560045.958354373928159, 2339322.608028587885201 ], [ 560037.055580102838576, 2339320.260802858509123 ], [ 560026.274330102838576, 2339319.792052858509123 ], [ 560016.895854373928159, 2339317.920528587885201 ], [ 560011.68327292741742, 2339315.633110034279525 ], [ 560000.733028587768786, 2339308.453720069024712 ], [ 559988.75, 2339304.788577129598707 ], [ 559984.063658576342277, 2339304.883861377835274 ], [ 559979.795528587768786, 2339306.233779930975288 ], [ 559975.945610034395941, 2339308.838332789950073 ], [ 559968.404340079985559, 2339316.08795711863786 ], [ 559960.283974385354668, 2339319.217591423541307 ], [ 559953.566382961696945, 2339320.0 ], [ 559919.816382961696945, 2339320.0 ], [ 559913.253882961696945, 2339319.0625 ], [ 559907.941382961696945, 2339316.875 ], [ 559903.878882961696945, 2339313.4375 ], [ 559897.628882961696945, 2339304.6875 ], [ 559892.941382961696945, 2339301.875 ], [ 559887.003882961696945, 2339300.3125 ], [ 559812.471474385354668, 2339299.844908576458693 ], [ 559788.550162893137895, 2339297.516220068559051 ], [ 559780.42284574045334, 2339294.393537221476436 ], [ 559774.177480045822449, 2339289.388902915641665 ], [ 559766.376565809012391, 2339278.439817152451724 ], [ 559758.252724385354668, 2339264.063658576458693 ], [ 559749.388902915990911, 2339254.177480045706034 ], [ 559740.733028587768786, 2339247.833354373928159 ], [ 559721.877317152684554, 2339236.689065809361637 ], [ 559708.559431503759697, 2339224.06713430583477 ], [ 559703.768537221243605, 2339222.081788564566523 ], [ 559698.141220068559051, 2339221.346442824229598 ], [ 559691.677480045822449, 2339221.861097084358335 ], [ 559682.92284574045334, 2339224.356462778523564 ], [ 559678.131951458053663, 2339227.065568496007472 ], [ 559670.641220068559051, 2339234.57483710674569 ], [ 559666.268537221243605, 2339237.702154259663075 ], [ 559661.059431503759697, 2339239.993048542179167 ], [ 559648.550162893137895, 2339242.483779931440949 ], [ 559642.92284574045334, 2339244.356462778523564 ], [ 559638.131951458053663, 2339247.065568496007472 ], [ 559630.58952292741742, 2339254.523139965720475 ], [ 559625.958354373928159, 2339257.391971412114799 ], [ 559617.055580102838576, 2339259.739197141490877 ], [ 559602.940224385354668, 2339260.623841423541307 ], [ 559594.185590079985559, 2339263.11920711863786 ], [ 559578.439817152684554, 2339273.623434190638363 ], [ 559566.5625, 2339280.49611703818664 ], [ 559563.125, 2339284.55861703818664 ], [ 559560.9375, 2339289.87111703818664 ], [ 559559.6875, 2339303.62111703818664 ], [ 559556.875, 2339312.05861703818664 ], [ 559553.4375, 2339316.12111703818664 ], [ 559544.6875, 2339322.37111703818664 ], [ 559540.9375, 2339329.87111703818664 ], [ 559538.138902915990911, 2339368.322519954293966 ], [ 559536.684431503759697, 2339374.368048542179167 ], [ 559534.393537221243605, 2339379.577154259663075 ], [ 559531.266220068559051, 2339383.94983710674569 ], [ 559525.164360034395941, 2339389.097977072931826 ], [ 559501.877317152684554, 2339403.310934190638363 ], [ 559490.90202292741742, 2339414.210639965720475 ], [ 559489.341840079985559, 2339415.15045711863786 ], [ 559486.376565809012391, 2339415.310182847548276 ], [ 559483.618080102838576, 2339413.176697141490877 ], [ 559478.252724385354668, 2339404.063658576458693 ], [ 559471.37077292741742, 2339395.945610034279525 ], [ 559460.733028587768786, 2339387.833354373928159 ], [ 559446.5625, 2339379.50388296181336 ], [ 559443.125, 2339375.44138296181336 ], [ 559440.9375, 2339370.12888296181336 ], [ 559440.0, 2339363.56638296181336 ], [ 559439.844908576342277, 2339292.471474385354668 ], [ 559438.138902915990911, 2339271.677480045706034 ], [ 559436.684431503759697, 2339265.631951457820833 ], [ 559434.393537221243605, 2339260.422845740336925 ], [ 559431.266220068559051, 2339256.05016289325431 ], [ 559425.528557175653987, 2339250.641220068559051 ], [ 559422.918211435084231, 2339246.268537221476436 ], [ 559421.346442824346013, 2339238.141220068559051 ], [ 559421.861097084009089, 2339231.677480045706034 ], [ 559424.356462778756395, 2339222.922845740336925 ], [ 559428.733779931440949, 2339216.05016289325431 ], [ 559434.471442824346013, 2339210.641220068559051 ], [ 559437.918211435084231, 2339203.768537221476436 ], [ 559438.552480045822449, 2339195.013902915641665 ], [ 559437.516220068559051, 2339188.55016289325431 ], [ 559435.643537221243605, 2339182.922845740336925 ], [ 559432.934431503759697, 2339178.131951457820833 ], [ 559429.388902915990911, 2339174.177480045706034 ], [ 559420.733028587768786, 2339167.833354373928159 ], [ 559401.877317152684554, 2339156.689065809361637 ], [ 559388.559431503759697, 2339143.756951457820833 ], [ 559381.059431503759697, 2339140.006951457820833 ], [ 559365.631951458053663, 2339136.684431503992528 ], [ 559358.131951458053663, 2339132.934431503992528 ], [ 559354.177480045822449, 2339129.388902915641665 ], [ 559349.341840079985559, 2339122.97454288136214 ], [ 559339.503882961696945, 2339106.5625 ], [ 559335.441382961696945, 2339103.125 ], [ 559327.003882961696945, 2339100.3125 ], [ 559319.816382961696945, 2339100.0 ], [ 559313.253882961696945, 2339100.9375 ], [ 559305.753882961696945, 2339104.6875 ], [ 559299.503882961696945, 2339113.4375 ], [ 559292.941382961696945, 2339118.125 ], [ 559287.003882961696945, 2339119.6875 ], [ 559279.816382961696945, 2339120.0 ], [ 559273.253882961696945, 2339119.0625 ], [ 559267.941382961696945, 2339116.875 ], [ 559263.878882961696945, 2339113.4375 ], [ 559258.252724385354668, 2339104.063658576458693 ], [ 559251.37077292741742, 2339095.945610034279525 ], [ 559240.733028587768786, 2339087.833354373928159 ], [ 559221.877317152684554, 2339076.689065809361637 ], [ 559208.559431503759697, 2339063.756951457820833 ], [ 559201.059431503759697, 2339060.006951457820833 ], [ 559188.550162893137895, 2339057.516220068559051 ], [ 559182.92284574045334, 2339055.643537221476436 ], [ 559178.131951458053663, 2339052.934431503992528 ], [ 559170.641220068559051, 2339045.42516289325431 ], [ 559166.268537221243605, 2339042.297845740336925 ], [ 559158.141220068559051, 2339039.17516289325431 ], [ 559145.631951458053663, 2339036.684431503992528 ], [ 559138.131951458053663, 2339032.934431503992528 ], [ 559134.177480045822449, 2339029.388902915641665 ], [ 559129.341840079985559, 2339022.97454288136214 ], [ 559116.689065809012391, 2339001.877317152451724 ], [ 559111.37077292741742, 2338995.945610034279525 ], [ 559105.112662893137895, 2338990.953720068559051 ], [ 559097.92284574045334, 2338986.893537221476436 ], [ 559086.888902915990911, 2338982.927480045706034 ], [ 559074.189065809012391, 2338980.627317152451724 ], [ 559056.378882961696945, 2338979.6875 ], [ 559050.441382961696945, 2338978.125 ], [ 559045.753882961696945, 2338975.3125 ], [ 559042.316382961696945, 2338971.25 ], [ 559036.689065809012391, 2338961.877317152451724 ], [ 559029.388902915990911, 2338954.177480045706034 ], [ 559018.439817152684554, 2338946.376565809361637 ], [ 559004.063658576342277, 2338938.252724385354668 ], [ 558995.945610034395941, 2338931.370772927068174 ], [ 558987.833354373928159, 2338920.733028587885201 ], [ 558978.252724385354668, 2338904.063658576458693 ], [ 558971.37077292741742, 2338895.945610034279525 ], [ 558960.733028587768786, 2338887.833354373928159 ], [ 558941.877317152684554, 2338876.689065809361637 ], [ 558930.58952292741742, 2338865.476860034279525 ], [ 558925.958354373928159, 2338862.608028587885201 ], [ 558917.055580102838576, 2338860.260802858509123 ], [ 558879.816382961696945, 2338860.0 ], [ 558870.441382961696945, 2338858.125 ], [ 558865.753882961696945, 2338855.3125 ], [ 558859.503882961696945, 2338846.5625 ], [ 558855.441382961696945, 2338843.125 ], [ 558850.128882961696945, 2338840.9375 ], [ 558836.378882961696945, 2338839.6875 ], [ 558830.441382961696945, 2338838.125 ], [ 558825.753882961696945, 2338835.3125 ], [ 558819.503882961696945, 2338826.5625 ], [ 558815.441382961696945, 2338823.125 ], [ 558810.128882961696945, 2338820.9375 ], [ 558796.378882961696945, 2338819.6875 ], [ 558790.441382961696945, 2338818.125 ], [ 558783.878882961696945, 2338813.4375 ], [ 558777.628882961696945, 2338804.6875 ], [ 558770.128882961696945, 2338800.9375 ], [ 558763.566382961696945, 2338800.0 ], [ 558696.118080102838576, 2338799.948302858509123 ], [ 558675.013902915990911, 2338798.552480045706034 ], [ 558665.631951458053663, 2338796.684431503992528 ], [ 558660.42284574045334, 2338794.393537221476436 ], [ 558656.050162893137895, 2338791.266220068559051 ], [ 558648.404340079985559, 2338783.91204288136214 ], [ 558640.283974385354668, 2338780.782408576458693 ], [ 558633.566382961696945, 2338780.0 ], [ 558569.816382961696945, 2338780.0 ], [ 558556.895854373928159, 2338777.920528587885201 ], [ 558551.68327292741742, 2338775.633110034279525 ], [ 558538.439817152684554, 2338766.376565809361637 ], [ 558524.063658576342277, 2338758.252724385354668 ], [ 558517.818292881711386, 2338753.248090079985559 ], [ 558508.404340079985559, 2338743.91204288136214 ], [ 558503.251565809012391, 2338741.564817152451724 ], [ 558497.055580102838576, 2338740.260802858509123 ], [ 558429.816382961696945, 2338740.0 ], [ 558422.940224385354668, 2338740.623841423541307 ], [ 558414.185590079985559, 2338743.11920711863786 ], [ 558398.439817152684554, 2338752.589491366408765 ], [ 558391.25, 2338754.788577129598707 ], [ 558386.354552858741954, 2338755.320610034279525 ], [ 558379.795528587768786, 2338753.766220069024712 ], [ 558375.945610034395941, 2338751.161667210049927 ], [ 558368.404340079985559, 2338743.91204288136214 ], [ 558360.283974385354668, 2338740.782408576458693 ], [ 558353.566382961696945, 2338740.0 ], [ 558316.378882961696945, 2338740.3125 ], [ 558307.941382961696945, 2338743.125 ], [ 558303.878882961696945, 2338746.5625 ], [ 558297.628882961696945, 2338755.3125 ], [ 558290.128882961696945, 2338759.0625 ], [ 558283.566382961696945, 2338760.0 ], [ 558249.816382961696945, 2338760.0 ], [ 558242.940224385354668, 2338760.623841423541307 ], [ 558234.185590079985559, 2338763.11920711863786 ], [ 558220.42284574045334, 2338771.856462778523564 ], [ 558209.802480045822449, 2338776.236097084358335 ], [ 558197.520854373928159, 2338778.954471412114799 ], [ 558183.566382961696945, 2338780.0 ], [ 558149.816382961696945, 2338780.0 ], [ 558139.814065809012391, 2338778.752317152451724 ], [ 558131.68327292741742, 2338775.633110034279525 ], [ 558122.819451458053663, 2338769.496931503992528 ], [ 558112.612662893137895, 2338764.703720068559051 ], [ 558100.748090079985559, 2338761.56829288136214 ], [ 558087.211830102838576, 2338760.104552858509123 ], [ 557959.816382961696945, 2338760.0 ], [ 557953.253882961696945, 2338760.9375 ], [ 557947.941382961696945, 2338763.125 ], [ 557943.878882961696945, 2338766.5625 ], [ 557937.628882961696945, 2338775.3125 ], [ 557930.128882961696945, 2338779.0625 ], [ 557923.566382961696945, 2338780.0 ], [ 557859.816382961696945, 2338780.0 ], [ 557853.253882961696945, 2338779.0625 ], [ 557847.941382961696945, 2338776.875 ], [ 557843.878882961696945, 2338773.4375 ], [ 557837.628882961696945, 2338764.6875 ], [ 557832.941382961696945, 2338761.875 ], [ 557827.003882961696945, 2338760.3125 ], [ 557808.876565809012391, 2338760.310182847548276 ], [ 557788.550162893137895, 2338762.483779931440949 ], [ 557782.92284574045334, 2338764.356462778523564 ], [ 557778.131951458053663, 2338767.065568496007472 ], [ 557768.559431503759697, 2338775.93286569416523 ], [ 557763.768537221243605, 2338777.918211435433477 ], [ 557758.141220068559051, 2338778.653557175770402 ], [ 557751.677480045822449, 2338778.138902915641665 ], [ 557742.92284574045334, 2338775.643537221476436 ], [ 557736.050162893137895, 2338771.266220068559051 ], [ 557728.404340079985559, 2338763.91204288136214 ], [ 557720.283974385354668, 2338760.782408576458693 ], [ 557713.566382961696945, 2338760.0 ], [ 557679.816382961696945, 2338760.0 ], [ 557673.253882961696945, 2338760.9375 ], [ 557667.941382961696945, 2338763.125 ], [ 557663.878882961696945, 2338766.5625 ], [ 557657.628882961696945, 2338775.3125 ], [ 557650.128882961696945, 2338779.0625 ], [ 557643.566382961696945, 2338780.0 ], [ 557572.471474385354668, 2338780.155091423541307 ], [ 557551.677480045822449, 2338781.861097084358335 ], [ 557545.631951458053663, 2338783.315568496007472 ], [ 557540.42284574045334, 2338785.606462778523564 ], [ 557536.050162893137895, 2338788.733779931440949 ], [ 557530.58952292741742, 2338794.523139965720475 ], [ 557523.251565809012391, 2338798.435182847548276 ], [ 557513.566382961696945, 2338800.0 ], [ 557472.471474385354668, 2338800.155091423541307 ], [ 557451.677480045822449, 2338801.861097084358335 ], [ 557445.631951458053663, 2338803.315568496007472 ], [ 557440.42284574045334, 2338805.606462778523564 ], [ 557436.050162893137895, 2338808.733779931440949 ], [ 557428.559431503759697, 2338815.93286569416523 ], [ 557421.059431503759697, 2338818.44213430583477 ], [ 557411.677480045822449, 2338818.138902915641665 ], [ 557402.92284574045334, 2338815.643537221476436 ], [ 557396.050162893137895, 2338811.266220068559051 ], [ 557388.559431503759697, 2338804.06713430583477 ], [ 557383.768537221243605, 2338802.081788564566523 ], [ 557378.141220068559051, 2338801.346442824229598 ], [ 557371.677480045822449, 2338801.861097084358335 ], [ 557362.92284574045334, 2338804.356462778523564 ], [ 557358.131951458053663, 2338807.065568496007472 ], [ 557350.58952292741742, 2338814.523139965720475 ], [ 557345.958354373928159, 2338817.391971412114799 ], [ 557340.283974385354668, 2338819.217591423541307 ], [ 557333.566382961696945, 2338820.0 ], [ 557116.378882961696945, 2338820.3125 ], [ 557107.941382961696945, 2338823.125 ], [ 557103.878882961696945, 2338826.5625 ], [ 557097.628882961696945, 2338835.3125 ], [ 557092.941382961696945, 2338838.125 ], [ 557087.003882961696945, 2338839.6875 ], [ 556929.816382961696945, 2338840.0 ], [ 556922.940224385354668, 2338840.623841423541307 ], [ 556914.185590079985559, 2338843.11920711863786 ], [ 556902.819451458053663, 2338850.503068496007472 ], [ 556895.319451458053663, 2338854.253068496007472 ], [ 556883.87077292741742, 2338857.804389965720475 ], [ 556870.752724385354668, 2338859.686341423541307 ], [ 556838.40202292741742, 2338861.085639965720475 ], [ 556825.631951458053663, 2338863.315568496007472 ], [ 556818.131951458053663, 2338867.065568496007472 ], [ 556808.404340079985559, 2338876.08795711863786 ], [ 556800.283974385354668, 2338879.217591423541307 ], [ 556793.566382961696945, 2338880.0 ], [ 556666.274330102838576, 2338880.207947141490877 ], [ 556659.814065809012391, 2338881.247682847548276 ], [ 556654.185590079985559, 2338883.11920711863786 ], [ 556640.42284574045334, 2338891.856462778523564 ], [ 556629.802480045822449, 2338896.236097084358335 ], [ 556620.748090079985559, 2338898.43170711863786 ], [ 556607.211830102838576, 2338899.895447141490877 ], [ 556419.816382961696945, 2338900.0 ], [ 556413.253882961696945, 2338899.0625 ], [ 556407.941382961696945, 2338896.875 ], [ 556403.878882961696945, 2338893.4375 ], [ 556399.503882961696945, 2338886.5625 ], [ 556395.441382961696945, 2338883.125 ], [ 556390.128882961696945, 2338880.9375 ], [ 556383.566382961696945, 2338880.0 ], [ 556365.333354373928159, 2338880.516971412114799 ], [ 556348.550162893137895, 2338882.483779931440949 ], [ 556342.92284574045334, 2338884.356462778523564 ], [ 556338.131951458053663, 2338887.065568496007472 ], [ 556330.58952292741742, 2338894.523139965720475 ], [ 556325.958354373928159, 2338897.391971412114799 ], [ 556317.055580102838576, 2338899.739197141490877 ], [ 556306.274330102838576, 2338899.792052858509123 ], [ 556299.814065809012391, 2338898.752317152451724 ], [ 556294.185590079985559, 2338896.88079288136214 ], [ 556280.42284574045334, 2338888.143537221476436 ], [ 556272.612662893137895, 2338884.703720068559051 ], [ 556263.87077292741742, 2338882.195610034279525 ], [ 556254.189065809012391, 2338880.627317152451724 ], [ 556243.566382961696945, 2338880.0 ], [ 556116.378882961696945, 2338879.6875 ], [ 556110.441382961696945, 2338878.125 ], [ 556105.753882961696945, 2338875.3125 ], [ 556099.503882961696945, 2338866.5625 ], [ 556095.441382961696945, 2338863.125 ], [ 556090.128882961696945, 2338860.9375 ], [ 556083.566382961696945, 2338860.0 ], [ 556055.013902915990911, 2338861.447519954293966 ], [ 556048.550162893137895, 2338862.483779931440949 ], [ 556042.92284574045334, 2338864.356462778523564 ], [ 556038.131951458053663, 2338867.065568496007472 ], [ 556034.177480045822449, 2338870.611097084358335 ], [ 556027.833354373928159, 2338879.266971412114799 ], [ 556021.066382961696945, 2338891.25 ], [ 556017.628882961696945, 2338895.3125 ], [ 556010.128882961696945, 2338899.0625 ], [ 556003.566382961696945, 2338900.0 ], [ 555996.378882961696945, 2338899.6875 ], [ 555990.441382961696945, 2338898.125 ], [ 555985.753882961696945, 2338895.3125 ], [ 555982.316382961696945, 2338891.25 ], [ 555975.020854373928159, 2338879.795528587885201 ], [ 555967.302480045822449, 2338872.513902915641665 ], [ 555958.439817152684554, 2338866.376565809361637 ], [ 555944.063658576342277, 2338858.252724385354668 ], [ 555937.818292881711386, 2338853.248090079985559 ], [ 555929.341840079985559, 2338842.97454288136214 ], [ 555919.711830102838576, 2338826.770447141490877 ], [ 555918.252724385354668, 2338825.311341423541307 ], [ 555915.020854373928159, 2338823.954471412114799 ], [ 555911.37077292741742, 2338824.679389965720475 ], [ 555897.92284574045334, 2338833.106462778523564 ], [ 555876.268537221243605, 2338841.452154259663075 ], [ 555857.92284574045334, 2338853.106462778523564 ], [ 555846.888902915990911, 2338857.072519954293966 ], [ 555841.371931503759697, 2338857.80786569416523 ], [ 555833.871931503759697, 2338856.56713430583477 ], [ 555822.974542881711386, 2338849.652022927533835 ], [ 555816.094908576342277, 2338846.522388622164726 ], [ 555806.354552858741954, 2338844.679389965720475 ], [ 555801.877317152684554, 2338845.401991366408765 ], [ 555797.818292881711386, 2338847.379227072466165 ], [ 555790.641220068559051, 2338854.471442824229598 ], [ 555786.268537221243605, 2338857.081788564566523 ], [ 555781.059431503759697, 2338858.44213430583477 ], [ 555771.677480045822449, 2338858.138902915641665 ], [ 555765.631951458053663, 2338856.684431503992528 ], [ 555760.42284574045334, 2338854.393537221476436 ], [ 555756.050162893137895, 2338851.266220068559051 ], [ 555750.58952292741742, 2338845.476860034279525 ], [ 555745.958354373928159, 2338842.608028587885201 ], [ 555740.283974385354668, 2338840.782408576458693 ], [ 555733.566382961696945, 2338840.0 ], [ 555579.816382961696945, 2338840.0 ], [ 555561.841840079985559, 2338840.77545711863786 ], [ 555551.677480045822449, 2338841.861097084358335 ], [ 555542.92284574045334, 2338844.356462778523564 ], [ 555536.050162893137895, 2338848.733779931440949 ], [ 555528.404340079985559, 2338856.08795711863786 ], [ 555520.283974385354668, 2338859.217591423541307 ], [ 555513.566382961696945, 2338860.0 ], [ 555472.471474385354668, 2338860.155091423541307 ], [ 555451.677480045822449, 2338861.861097084358335 ], [ 555445.631951458053663, 2338863.315568496007472 ], [ 555440.42284574045334, 2338865.606462778523564 ], [ 555436.050162893137895, 2338868.733779931440949 ], [ 555428.404340079985559, 2338876.08795711863786 ], [ 555420.283974385354668, 2338879.217591423541307 ], [ 555413.566382961696945, 2338880.0 ], [ 555379.816382961696945, 2338880.0 ], [ 555373.253882961696945, 2338880.9375 ], [ 555365.753882961696945, 2338884.6875 ], [ 555359.503882961696945, 2338893.4375 ], [ 555352.941382961696945, 2338898.125 ], [ 555347.003882961696945, 2338899.6875 ], [ 555321.841840079985559, 2338900.77545711863786 ], [ 555311.677480045822449, 2338901.861097084358335 ], [ 555305.631951458053663, 2338903.315568496007472 ], [ 555298.131951458053663, 2338907.065568496007472 ], [ 555288.404340079985559, 2338916.08795711863786 ], [ 555280.283974385354668, 2338919.217591423541307 ], [ 555273.566382961696945, 2338920.0 ], [ 555232.471474385354668, 2338920.155091423541307 ], [ 555211.677480045822449, 2338921.861097084358335 ], [ 555205.631951458053663, 2338923.315568496007472 ], [ 555200.42284574045334, 2338925.606462778523564 ], [ 555196.050162893137895, 2338928.733779931440949 ], [ 555188.404340079985559, 2338936.08795711863786 ], [ 555180.283974385354668, 2338939.217591423541307 ], [ 555173.566382961696945, 2338940.0 ], [ 555128.876565809012391, 2338940.310182847548276 ], [ 555108.550162893137895, 2338942.483779931440949 ], [ 555102.92284574045334, 2338944.356462778523564 ], [ 555096.050162893137895, 2338948.733779931440949 ], [ 555087.833354373928159, 2338959.266971412114799 ], [ 555079.503882961696945, 2338973.4375 ], [ 555075.441382961696945, 2338976.875 ], [ 555070.128882961696945, 2338979.0625 ], [ 555063.566382961696945, 2338980.0 ], [ 554969.816382961696945, 2338980.0 ], [ 554959.814065809012391, 2338981.247682847548276 ], [ 554951.68327292741742, 2338984.366889965720475 ], [ 554938.439817152684554, 2338993.623434190638363 ], [ 554924.063658576342277, 2339001.747275614645332 ], [ 554917.818292881711386, 2339006.751909920014441 ], [ 554910.641220068559051, 2339014.57483710674569 ], [ 554906.268537221243605, 2339017.702154259663075 ], [ 554901.059431503759697, 2339019.993048542179167 ], [ 554888.550162893137895, 2339022.483779931440949 ], [ 554882.92284574045334, 2339024.356462778523564 ], [ 554878.131951458053663, 2339027.065568496007472 ], [ 554870.58952292741742, 2339034.523139965720475 ], [ 554865.958354373928159, 2339037.391971412114799 ], [ 554860.283974385354668, 2339039.217591423541307 ], [ 554853.566382961696945, 2339040.0 ], [ 554819.816382961696945, 2339040.0 ], [ 554813.253882961696945, 2339040.9375 ], [ 554805.753882961696945, 2339044.6875 ], [ 554797.628882961696945, 2339055.3125 ], [ 554792.941382961696945, 2339058.125 ], [ 554787.003882961696945, 2339059.6875 ], [ 554689.816382961696945, 2339060.0 ], [ 554682.940224385354668, 2339060.623841423541307 ], [ 554674.185590079985559, 2339063.11920711863786 ], [ 554660.42284574045334, 2339071.856462778523564 ], [ 554652.612662893137895, 2339075.296279931440949 ], [ 554640.748090079985559, 2339078.43170711863786 ], [ 554627.211830102838576, 2339079.895447141490877 ], [ 554379.816382961696945, 2339080.0 ], [ 554361.841840079985559, 2339080.77545711863786 ], [ 554351.677480045822449, 2339081.861097084358335 ], [ 554342.92284574045334, 2339084.356462778523564 ], [ 554338.131951458053663, 2339087.065568496007472 ], [ 554330.58952292741742, 2339094.523139965720475 ], [ 554325.958354373928159, 2339097.391971412114799 ], [ 554320.283974385354668, 2339099.217591423541307 ], [ 554313.566382961696945, 2339100.0 ], [ 554302.940224385354668, 2339099.376158576458693 ], [ 554296.895854373928159, 2339097.920528587885201 ], [ 554291.68327292741742, 2339095.633110034279525 ], [ 554282.819451458053663, 2339089.496931503992528 ], [ 554275.319451458053663, 2339085.746931503992528 ], [ 554263.87077292741742, 2339082.195610034279525 ], [ 554254.189065809012391, 2339080.627317152451724 ], [ 554239.816382961696945, 2339080.0 ], [ 554233.408974385354668, 2339081.092591423541307 ], [ 554228.458354373928159, 2339083.641971412114799 ], [ 554224.96452292741742, 2339087.648139965720475 ], [ 554223.763902915990911, 2339090.197519954293966 ], [ 554221.045528587768786, 2339102.479145626071841 ], [ 554220.0, 2339116.43361703818664 ], [ 554220.3125, 2339363.62111703818664 ], [ 554223.125, 2339372.05861703818664 ], [ 554226.5625, 2339376.12111703818664 ], [ 554235.3125, 2339382.37111703818664 ], [ 554239.0625, 2339389.87111703818664 ], [ 554240.0, 2339396.43361703818664 ], [ 554240.0, 2339460.18361703818664 ], [ 554242.185182847315446, 2339469.248434190638363 ], [ 554245.462957118288614, 2339473.470659920014441 ], [ 554250.197519954177551, 2339476.236097084358335 ], [ 554259.251909920014441, 2339478.43170711863786 ], [ 554269.247275614645332, 2339479.686341423541307 ], [ 554587.528525614645332, 2339479.844908576458693 ], [ 554604.986097084009089, 2339478.552480045706034 ], [ 554614.368048541946337, 2339476.684431503992528 ], [ 554621.868048541946337, 2339472.934431503992528 ], [ 554631.595659920014441, 2339463.91204288136214 ], [ 554636.748434190987609, 2339461.564817152451724 ], [ 554642.944419897161424, 2339460.260802858509123 ], [ 554830.183617038303055, 2339460.0 ], [ 554837.059775614645332, 2339460.623841423541307 ], [ 554845.814409920014441, 2339463.11920711863786 ], [ 554859.57715425954666, 2339471.856462778523564 ], [ 554870.197519954177551, 2339476.236097084358335 ], [ 554879.251909920014441, 2339478.43170711863786 ], [ 554889.247275614645332, 2339479.686341423541307 ], [ 555170.183617038303055, 2339480.0 ], [ 555177.059775614645332, 2339480.623841423541307 ], [ 555185.814409920014441, 2339483.11920711863786 ], [ 555199.57715425954666, 2339491.856462778523564 ], [ 555210.197519954177551, 2339496.236097084358335 ], [ 555219.251909920014441, 2339498.43170711863786 ], [ 555229.247275614645332, 2339499.686341423541307 ], [ 555480.183617038303055, 2339500.0 ], [ 555486.746117038303055, 2339500.9375 ], [ 555492.058617038303055, 2339503.125 ], [ 555496.121117038303055, 2339506.5625 ], [ 555500.496117038303055, 2339513.4375 ], [ 555507.058617038303055, 2339518.125 ], [ 555512.996117038303055, 2339519.6875 ], [ 555523.881919897161424, 2339519.948302858509123 ], [ 555544.986097084009089, 2339518.552480045706034 ], [ 555554.368048541946337, 2339516.684431503992528 ], [ 555561.868048541946337, 2339512.934431503992528 ], [ 555569.41047707258258, 2339505.476860034279525 ], [ 555574.041645626071841, 2339502.608028587885201 ], [ 555582.944419897161424, 2339500.260802858509123 ], [ 555593.725669897161424, 2339499.792052858509123 ], [ 555603.104145626071841, 2339497.920528587885201 ], [ 555608.31672707258258, 2339495.633110034279525 ], [ 555622.07715425954666, 2339486.893537221476436 ], [ 555630.197519954177551, 2339483.763902915641665 ], [ 555639.251909920014441, 2339481.56829288136214 ], [ 555656.433617038303055, 2339480.0 ], [ 555813.725669897161424, 2339479.792052858509123 ], [ 555820.185934190987609, 2339478.752317152451724 ], [ 555825.814409920014441, 2339476.88079288136214 ], [ 555839.57715425954666, 2339468.143537221476436 ], [ 555861.231462778756395, 2339459.797845740336925 ], [ 555879.57715425954666, 2339448.143537221476436 ], [ 555893.111097084009089, 2339442.927480045706034 ], [ 555901.231462778756395, 2339442.293211435433477 ], [ 555906.128068496240303, 2339443.43286569416523 ], [ 555922.07715425954666, 2339453.106462778523564 ], [ 555933.111097084009089, 2339457.072519954293966 ], [ 555938.628068496240303, 2339457.80786569416523 ], [ 555943.731462778756395, 2339457.293211435433477 ], [ 555948.421279931440949, 2339455.528557175770402 ], [ 555957.180548541946337, 2339449.496931503992528 ], [ 555964.680548541946337, 2339445.746931503992528 ], [ 555973.111097084009089, 2339442.927480045706034 ], [ 555978.628068496240303, 2339442.19213430583477 ], [ 555986.128068496240303, 2339443.43286569416523 ], [ 555990.611097084009089, 2339445.822519954293966 ], [ 556001.560182847315446, 2339453.623434190638363 ], [ 556015.936341423657723, 2339461.747275614645332 ], [ 556022.181707118288614, 2339466.751909920014441 ], [ 556029.41047707258258, 2339474.523139965720475 ], [ 556036.748434190987609, 2339478.435182847548276 ], [ 556046.433617038303055, 2339480.0 ], [ 556140.183617038303055, 2339480.0 ], [ 556146.746117038303055, 2339480.9375 ], [ 556154.246117038303055, 2339484.6875 ], [ 556160.496117038303055, 2339493.4375 ], [ 556167.058617038303055, 2339498.125 ], [ 556172.996117038303055, 2339499.6875 ], [ 556198.158159920014441, 2339500.77545711863786 ], [ 556208.322519954177551, 2339501.861097084358335 ], [ 556214.368048541946337, 2339503.315568496007472 ], [ 556221.868048541946337, 2339507.065568496007472 ], [ 556231.595659920014441, 2339516.08795711863786 ], [ 556239.716025614645332, 2339519.217591423541307 ], [ 556246.433617038303055, 2339520.0 ], [ 556280.183617038303055, 2339520.0 ], [ 556286.746117038303055, 2339520.9375 ], [ 556294.246117038303055, 2339524.6875 ], [ 556302.371117038303055, 2339535.3125 ], [ 556307.058617038303055, 2339538.125 ], [ 556312.996117038303055, 2339539.6875 ], [ 556500.183617038303055, 2339540.0 ], [ 556518.158159920014441, 2339540.77545711863786 ], [ 556528.322519954177551, 2339541.861097084358335 ], [ 556534.368048541946337, 2339543.315568496007472 ], [ 556541.868048541946337, 2339547.065568496007472 ], [ 556549.41047707258258, 2339554.523139965720475 ], [ 556554.041645626071841, 2339557.391971412114799 ], [ 556562.944419897161424, 2339559.739197141490877 ], [ 556570.183617038303055, 2339560.0 ], [ 556577.059775614645332, 2339559.376158576458693 ], [ 556585.814409920014441, 2339556.88079288136214 ], [ 556599.57715425954666, 2339548.143537221476436 ], [ 556610.197519954177551, 2339543.763902915641665 ], [ 556619.251909920014441, 2339541.56829288136214 ], [ 556632.788169897161424, 2339540.104552858509123 ], [ 556654.666645626071841, 2339540.516971412114799 ], [ 556671.449837106862105, 2339542.483779931440949 ], [ 556679.57715425954666, 2339545.606462778523564 ], [ 556683.949837106862105, 2339548.733779931440949 ], [ 556689.09797707258258, 2339554.210639965720475 ], [ 556690.658159920014441, 2339555.15045711863786 ], [ 556693.623434190987609, 2339555.310182847548276 ], [ 556696.381919897161424, 2339553.176697141490877 ], [ 556702.371117038303055, 2339544.6875 ], [ 556707.058617038303055, 2339541.875 ], [ 556712.996117038303055, 2339540.3125 ], [ 556780.183617038303055, 2339540.0 ], [ 556786.746117038303055, 2339539.0625 ], [ 556794.246117038303055, 2339535.3125 ], [ 556800.496117038303055, 2339526.5625 ], [ 556804.558617038303055, 2339523.125 ], [ 556809.871117038303055, 2339520.9375 ], [ 556816.433617038303055, 2339520.0 ], [ 557060.183617038303055, 2339520.0 ], [ 557084.986097084009089, 2339518.552480045706034 ], [ 557094.368048541946337, 2339516.684431503992528 ], [ 557099.57715425954666, 2339514.393537221476436 ], [ 557103.949837106862105, 2339511.266220068559051 ], [ 557109.41047707258258, 2339505.476860034279525 ], [ 557114.041645626071841, 2339502.608028587885201 ], [ 557119.716025614645332, 2339500.782408576458693 ], [ 557126.433617038303055, 2339500.0 ], [ 557340.183617038303055, 2339500.0 ], [ 557346.746117038303055, 2339500.9375 ], [ 557352.058617038303055, 2339503.125 ], [ 557356.121117038303055, 2339506.5625 ], [ 557360.496117038303055, 2339513.4375 ], [ 557364.558617038303055, 2339516.875 ], [ 557369.871117038303055, 2339519.0625 ], [ 557380.183617038303055, 2339520.0 ], [ 557386.746117038303055, 2339519.0625 ], [ 557392.058617038303055, 2339516.875 ], [ 557396.121117038303055, 2339513.4375 ], [ 557400.496117038303055, 2339506.5625 ], [ 557404.558617038303055, 2339503.125 ], [ 557409.871117038303055, 2339500.9375 ], [ 557416.433617038303055, 2339500.0 ], [ 557663.621117038303055, 2339499.6875 ], [ 557672.058617038303055, 2339496.875 ], [ 557676.121117038303055, 2339493.4375 ], [ 557682.371117038303055, 2339484.6875 ], [ 557689.871117038303055, 2339480.9375 ], [ 557696.433617038303055, 2339480.0 ], [ 557760.183617038303055, 2339480.0 ], [ 557769.558617038303055, 2339478.125 ], [ 557774.246117038303055, 2339475.3125 ], [ 557780.496117038303055, 2339466.5625 ], [ 557784.558617038303055, 2339463.125 ], [ 557789.871117038303055, 2339460.9375 ], [ 557803.621117038303055, 2339459.6875 ], [ 557809.558617038303055, 2339458.125 ], [ 557816.121117038303055, 2339453.4375 ], [ 557821.747275614645332, 2339445.311341423541307 ], [ 557824.979145626071841, 2339443.954471412114799 ], [ 557828.62922707258258, 2339444.679389965720475 ], [ 557837.180548541946337, 2339450.503068496007472 ], [ 557844.680548541946337, 2339454.253068496007472 ], [ 557859.251909920014441, 2339458.43170711863786 ], [ 557872.788169897161424, 2339459.895447141490877 ], [ 557910.183617038303055, 2339460.0 ], [ 557920.185934190987609, 2339461.247682847548276 ], [ 557928.31672707258258, 2339464.366889965720475 ], [ 557937.180548541946337, 2339470.503068496007472 ], [ 557944.680548541946337, 2339474.253068496007472 ], [ 557953.111097084009089, 2339477.072519954293966 ], [ 557962.479145626071841, 2339478.954471412114799 ], [ 557976.433617038303055, 2339480.0 ], [ 558070.183617038303055, 2339480.0 ], [ 558080.185934190987609, 2339481.247682847548276 ], [ 558088.31672707258258, 2339484.366889965720475 ], [ 558102.07715425954666, 2339493.106462778523564 ], [ 558118.628068496240303, 2339499.055548542179167 ], [ 558126.128068496240303, 2339502.805548542179167 ], [ 558139.266971412231214, 2339512.166645626071841 ], [ 558158.122682847315446, 2339523.310934190638363 ], [ 558169.41047707258258, 2339534.523139965720475 ], [ 558174.041645626071841, 2339537.391971412114799 ], [ 558182.944419897161424, 2339539.739197141490877 ], [ 558200.185934190987609, 2339541.247682847548276 ], [ 558208.31672707258258, 2339544.366889965720475 ], [ 558221.560182847315446, 2339553.623434190638363 ], [ 558235.936341423657723, 2339561.747275614645332 ], [ 558242.181707118288614, 2339566.751909920014441 ], [ 558249.41047707258258, 2339574.523139965720475 ], [ 558256.748434190987609, 2339578.435182847548276 ], [ 558266.433617038303055, 2339580.0 ], [ 558330.183617038303055, 2339580.0 ], [ 558340.185934190987609, 2339581.247682847548276 ], [ 558348.31672707258258, 2339584.366889965720475 ], [ 558362.07715425954666, 2339593.106462778523564 ], [ 558376.12922707258258, 2339597.804389965720475 ], [ 558389.247275614645332, 2339599.686341423541307 ], [ 558421.59797707258258, 2339601.085639965720475 ], [ 558434.368048541946337, 2339603.315568496007472 ], [ 558441.868048541946337, 2339607.065568496007472 ], [ 558451.595659920014441, 2339616.08795711863786 ], [ 558459.716025614645332, 2339619.217591423541307 ], [ 558466.433617038303055, 2339620.0 ], [ 558500.183617038303055, 2339620.0 ], [ 558506.746117038303055, 2339620.9375 ], [ 558514.246117038303055, 2339624.6875 ], [ 558522.371117038303055, 2339635.3125 ], [ 558527.058617038303055, 2339638.125 ], [ 558532.996117038303055, 2339639.6875 ], [ 558603.881919897161424, 2339640.051697141490877 ], [ 558628.322519954177551, 2339641.861097084358335 ], [ 558634.368048541946337, 2339643.315568496007472 ], [ 558639.57715425954666, 2339645.606462778523564 ], [ 558643.949837106862105, 2339648.733779931440949 ], [ 558649.41047707258258, 2339654.523139965720475 ], [ 558654.041645626071841, 2339657.391971412114799 ], [ 558659.716025614645332, 2339659.217591423541307 ], [ 558666.433617038303055, 2339660.0 ], [ 558940.183617038303055, 2339660.0 ], [ 558964.986097084009089, 2339661.447519954293966 ], [ 558974.368048541946337, 2339663.315568496007472 ], [ 558979.57715425954666, 2339665.606462778523564 ], [ 558983.949837106862105, 2339668.733779931440949 ], [ 558989.41047707258258, 2339674.523139965720475 ], [ 558996.748434190987609, 2339678.435182847548276 ], [ 559002.944419897161424, 2339679.739197141490877 ], [ 559017.059775614645332, 2339680.623841423541307 ], [ 559023.104145626071841, 2339682.079471412114799 ], [ 559028.31672707258258, 2339684.366889965720475 ], [ 559039.266971412231214, 2339692.166645626071841 ], [ 559058.122682847315446, 2339703.310934190638363 ], [ 559071.595659920014441, 2339716.08795711863786 ], [ 559079.716025614645332, 2339719.217591423541307 ], [ 559086.433617038303055, 2339720.0 ], [ 559240.183617038303055, 2339720.0 ], [ 559246.746117038303055, 2339719.0625 ], [ 559254.246117038303055, 2339715.3125 ], [ 559257.683617038303055, 2339711.25 ], [ 559263.310934190987609, 2339701.877317152451724 ], [ 559268.62922707258258, 2339695.945610034279525 ], [ 559279.266971412231214, 2339687.833354373928159 ], [ 559293.4375, 2339679.50388296181336 ], [ 559296.875, 2339675.44138296181336 ], [ 559299.0625, 2339670.12888296181336 ], [ 559300.3125, 2339656.37888296181336 ], [ 559301.875, 2339650.44138296181336 ], [ 559306.5625, 2339643.87888296181336 ], [ 559315.3125, 2339637.62888296181336 ], [ 559319.0625, 2339630.12888296181336 ], [ 559320.0, 2339623.56638296181336 ], [ 559320.0, 2339589.81638296181336 ], [ 559321.247682847315446, 2339579.814065809361637 ], [ 559324.366889965604059, 2339571.683272927068174 ], [ 559333.106462778756395, 2339557.922845740336925 ], [ 559341.45215425954666, 2339536.268537221476436 ], [ 559353.623434190987609, 2339518.439817152451724 ], [ 559361.747275614645332, 2339504.063658576458693 ], [ 559368.62922707258258, 2339495.945610034279525 ], [ 559379.266971412231214, 2339487.833354373928159 ], [ 559398.122682847315446, 2339476.689065809361637 ], [ 559409.09797707258258, 2339465.789360034279525 ], [ 559410.658159920014441, 2339464.84954288136214 ], [ 559413.623434190987609, 2339464.689817152451724 ], [ 559416.381919897161424, 2339466.823302858509123 ], [ 559421.747275614645332, 2339475.936341423541307 ], [ 559428.62922707258258, 2339484.054389965720475 ], [ 559437.025457118288614, 2339490.658159920014441 ], [ 559451.25, 2339498.93361703818664 ], [ 559455.3125, 2339502.37111703818664 ], [ 559459.0625, 2339509.87111703818664 ], [ 559460.0, 2339520.18361703818664 ], [ 559459.0625, 2339526.74611703818664 ], [ 559456.875, 2339532.05861703818664 ], [ 559453.4375, 2339536.12111703818664 ], [ 559444.6875, 2339542.37111703818664 ], [ 559441.875, 2339547.05861703818664 ], [ 559440.3125, 2339552.99611703818664 ], [ 559440.0, 2339650.18361703818664 ], [ 559438.752317152684554, 2339660.185934190638363 ], [ 559435.633110034395941, 2339668.316727072931826 ], [ 559426.893537221243605, 2339682.077154259663075 ], [ 559418.54784574045334, 2339703.731462778523564 ], [ 559406.893537221243605, 2339722.077154259663075 ], [ 559402.927480045822449, 2339733.111097084358335 ], [ 559402.293211435084231, 2339741.231462778523564 ], [ 559404.471442824346013, 2339748.421279931440949 ], [ 559413.623434190987609, 2339761.560182847548276 ], [ 559421.747275614645332, 2339775.936341423541307 ], [ 559426.751909920014441, 2339782.18170711863786 ], [ 559437.025457118288614, 2339790.658159920014441 ], [ 559458.122682847315446, 2339803.310934190638363 ], [ 559471.595659920014441, 2339816.08795711863786 ], [ 559479.716025614645332, 2339819.217591423541307 ], [ 559493.725669897161424, 2339820.207947141490877 ], [ 559503.104145626071841, 2339822.079471412114799 ], [ 559508.31672707258258, 2339824.366889965720475 ], [ 559522.07715425954666, 2339833.106462778523564 ], [ 559536.12922707258258, 2339837.804389965720475 ], [ 559549.247275614645332, 2339839.686341423541307 ], [ 559581.59797707258258, 2339841.085639965720475 ], [ 559594.368048541946337, 2339843.315568496007472 ], [ 559601.868048541946337, 2339847.065568496007472 ], [ 559605.822519954177551, 2339850.611097084358335 ], [ 559612.166645626071841, 2339859.266971412114799 ], [ 559620.496117038303055, 2339873.4375 ], [ 559627.058617038303055, 2339878.125 ], [ 559636.433617038303055, 2339880.0 ], [ 559670.183617038303055, 2339880.0 ], [ 559683.104145626071841, 2339882.079471412114799 ], [ 559688.31672707258258, 2339884.366889965720475 ], [ 559701.560182847315446, 2339893.623434190638363 ], [ 559715.936341423657723, 2339901.747275614645332 ], [ 559722.181707118288614, 2339906.751909920014441 ], [ 559729.41047707258258, 2339914.523139965720475 ], [ 559734.041645626071841, 2339917.391971412114799 ], [ 559739.716025614645332, 2339919.217591423541307 ], [ 559746.433617038303055, 2339920.0 ], [ 559780.183617038303055, 2339920.0 ], [ 559786.746117038303055, 2339920.9375 ], [ 559794.246117038303055, 2339924.6875 ], [ 559800.496117038303055, 2339933.4375 ], [ 559807.058617038303055, 2339938.125 ], [ 559812.996117038303055, 2339939.6875 ], [ 559838.158159920014441, 2339940.77545711863786 ], [ 559848.322519954177551, 2339941.861097084358335 ], [ 559854.368048541946337, 2339943.315568496007472 ], [ 559861.868048541946337, 2339947.065568496007472 ], [ 559869.358779931440949, 2339954.471442824229598 ], [ 559876.231462778756395, 2339957.918211435433477 ], [ 559884.986097084009089, 2339958.552480045706034 ], [ 559891.449837106862105, 2339957.516220068559051 ], [ 559897.07715425954666, 2339955.643537221476436 ], [ 559903.949837106862105, 2339951.266220068559051 ], [ 559911.595659920014441, 2339943.91204288136214 ], [ 559919.716025614645332, 2339940.782408576458693 ], [ 559930.183617038303055, 2339940.0 ], [ 559943.104145626071841, 2339942.079471412114799 ], [ 559948.31672707258258, 2339944.366889965720475 ], [ 559961.560182847315446, 2339953.623434190638363 ], [ 559975.936341423657723, 2339961.747275614645332 ], [ 559982.181707118288614, 2339966.751909920014441 ], [ 559989.41047707258258, 2339974.523139965720475 ], [ 559996.748434190987609, 2339978.435182847548276 ], [ 560006.433617038303055, 2339980.0 ], [ 560040.183617038303055, 2339980.0 ], [ 560046.746117038303055, 2339980.9375 ], [ 560052.058617038303055, 2339983.125 ], [ 560056.121117038303055, 2339986.5625 ], [ 560063.310934190987609, 2339998.122682847548276 ], [ 560070.611097084009089, 2340005.822519954293966 ], [ 560079.266971412231214, 2340012.166645626071841 ], [ 560098.122682847315446, 2340023.310934190638363 ], [ 560110.658159920014441, 2340035.15045711863786 ], [ 560113.623434190987609, 2340035.310182847548276 ], [ 560115.028525614645332, 2340034.530091423541307 ], [ 560120.496117038303055, 2340026.5625 ], [ 560124.558617038303055, 2340023.125 ], [ 560129.871117038303055, 2340020.9375 ], [ 560136.433617038303055, 2340020.0 ], [ 560260.183617038303055, 2340020.0 ], [ 560269.558617038303055, 2340021.875 ], [ 560276.121117038303055, 2340026.5625 ], [ 560281.747275614645332, 2340035.936341423541307 ], [ 560288.62922707258258, 2340044.054389965720475 ], [ 560299.266971412231214, 2340052.166645626071841 ], [ 560313.229552858741954, 2340060.288169896695763 ], [ 560315.627317152684554, 2340063.310934190638363 ], [ 560315.943292881711386, 2340066.751909920014441 ], [ 560315.320610034395941, 2340068.629227072931826 ], [ 560308.453720068559051, 2340079.266971412114799 ], [ 560304.788577129715122, 2340091.25 ], [ 560305.401991366525181, 2340098.122682847548276 ], [ 560307.37922707258258, 2340102.18170711863786 ], [ 560310.611097084009089, 2340105.822519954293966 ], [ 560322.07715425954666, 2340113.106462778523564 ], [ 560336.12922707258258, 2340117.804389965720475 ], [ 560349.247275614645332, 2340119.686341423541307 ], [ 560384.986097084009089, 2340121.447519954293966 ], [ 560391.449837106862105, 2340122.483779931440949 ], [ 560397.07715425954666, 2340124.356462778523564 ], [ 560401.868048541946337, 2340127.065568496007472 ], [ 560405.822519954177551, 2340130.611097084358335 ], [ 560412.166645626071841, 2340139.266971412114799 ], [ 560420.496117038303055, 2340153.4375 ], [ 560424.558617038303055, 2340156.875 ], [ 560429.871117038303055, 2340159.0625 ], [ 560436.433617038303055, 2340160.0 ], [ 560443.881919897161424, 2340159.948302858509123 ], [ 560468.322519954177551, 2340158.138902915641665 ], [ 560477.07715425954666, 2340155.643537221476436 ], [ 560481.868048541946337, 2340152.934431503992528 ], [ 560485.822519954177551, 2340149.388902915641665 ], [ 560490.503068496240303, 2340142.819451457820833 ], [ 560494.253068496240303, 2340135.319451457820833 ], [ 560497.072519954177551, 2340126.888902915641665 ], [ 560497.807865694630891, 2340121.371931503992528 ], [ 560496.567134305369109, 2340113.871931503992528 ], [ 560488.453720068559051, 2340100.733028587885201 ], [ 560485.789360034279525, 2340093.698302858509123 ], [ 560484.679389965720475, 2340086.354552858509123 ], [ 560486.233779931440949, 2340079.795528587885201 ], [ 560488.838332790182903, 2340075.945610034279525 ], [ 560492.697519954177551, 2340072.513902915641665 ], [ 560501.560182847315446, 2340066.376565809361637 ], [ 560518.122682847315446, 2340056.689065809361637 ], [ 560529.41047707258258, 2340045.476860034279525 ], [ 560534.041645626071841, 2340042.608028587885201 ], [ 560539.716025614645332, 2340040.782408576458693 ], [ 560546.433617038303055, 2340040.0 ], [ 560673.725669897161424, 2340040.207947141490877 ], [ 560683.104145626071841, 2340042.079471412114799 ], [ 560688.31672707258258, 2340044.366889965720475 ], [ 560699.266971412231214, 2340052.166645626071841 ], [ 560718.122682847315446, 2340063.310934190638363 ], [ 560727.486097084009089, 2340072.697519954293966 ], [ 560733.477611377951689, 2340083.905091423541307 ], [ 560735.211422870284878, 2340091.25 ], [ 560734.598008633474819, 2340098.122682847548276 ], [ 560732.62077292741742, 2340102.18170711863786 ], [ 560725.476860034395941, 2340109.410477072931826 ], [ 560722.608028587768786, 2340114.041645626071841 ], [ 560720.260802858741954, 2340122.944419896695763 ], [ 560719.792052858741954, 2340133.725669896695763 ], [ 560717.920528587768786, 2340143.104145626071841 ], [ 560715.633110034395941, 2340148.316727072931826 ], [ 560708.453720068559051, 2340159.266971412114799 ], [ 560704.788577129715122, 2340171.25 ], [ 560705.401991366525181, 2340178.122682847548276 ], [ 560708.838332790182903, 2340184.054389965720475 ], [ 560717.180548541946337, 2340190.503068496007472 ], [ 560727.387337106862105, 2340195.296279931440949 ], [ 560742.479145626071841, 2340198.954471412114799 ], [ 560756.433617038303055, 2340200.0 ], [ 560940.183617038303055, 2340200.0 ], [ 560964.986097084009089, 2340201.447519954293966 ], [ 560974.368048541946337, 2340203.315568496007472 ], [ 560979.57715425954666, 2340205.606462778523564 ], [ 560983.949837106862105, 2340208.733779931440949 ], [ 560991.440568496240303, 2340216.243048542179167 ], [ 560996.231462778756395, 2340218.952154259663075 ], [ 561001.858779931440949, 2340220.82483710674569 ], [ 561014.368048541946337, 2340223.315568496007472 ], [ 561019.57715425954666, 2340225.606462778523564 ], [ 561023.949837106862105, 2340228.733779931440949 ], [ 561031.595659920014441, 2340236.08795711863786 ], [ 561039.716025614645332, 2340239.217591423541307 ], [ 561046.433617038303055, 2340240.0 ], [ 561143.621117038303055, 2340240.3125 ], [ 561152.058617038303055, 2340243.125 ], [ 561156.121117038303055, 2340246.5625 ], [ 561162.371117038303055, 2340255.3125 ], [ 561167.058617038303055, 2340258.125 ], [ 561172.996117038303055, 2340259.6875 ], [ 561270.183617038303055, 2340260.0 ], [ 561277.059775614645332, 2340260.623841423541307 ], [ 561285.814409920014441, 2340263.11920711863786 ], [ 561301.560182847315446, 2340273.623434190638363 ], [ 561315.936341423657723, 2340281.747275614645332 ], [ 561322.181707118288614, 2340286.751909920014441 ], [ 561330.658159920014441, 2340297.02545711863786 ], [ 561343.310934190987609, 2340318.122682847548276 ], [ 561348.62922707258258, 2340324.054389965720475 ], [ 561354.887337106862105, 2340329.046279931440949 ], [ 561364.680548541946337, 2340334.253068496007472 ], [ 561383.731462778756395, 2340341.452154259663075 ], [ 561402.07715425954666, 2340353.106462778523564 ], [ 561423.731462778756395, 2340361.452154259663075 ], [ 561437.180548541946337, 2340370.503068496007472 ], [ 561444.680548541946337, 2340374.253068496007472 ], [ 561459.251909920014441, 2340378.43170711863786 ], [ 561483.621117038303055, 2340380.3125 ], [ 561492.058617038303055, 2340383.125 ], [ 561496.121117038303055, 2340386.5625 ], [ 561503.310934190987609, 2340398.122682847548276 ], [ 561510.611097084009089, 2340405.822519954293966 ], [ 561521.560182847315446, 2340413.623434190638363 ], [ 561535.936341423657723, 2340421.747275614645332 ], [ 561545.822519954177551, 2340430.611097084358335 ], [ 561552.166645626071841, 2340439.266971412114799 ], [ 561563.310934190987609, 2340458.122682847548276 ], [ 561574.574837106862105, 2340469.358779931440949 ], [ 561577.70215425954666, 2340473.731462778523564 ], [ 561579.993048541946337, 2340478.940568496007472 ], [ 561582.483779931440949, 2340491.44983710674569 ], [ 561584.356462778756395, 2340497.077154259663075 ], [ 561588.733779931440949, 2340503.94983710674569 ], [ 561596.087957118288614, 2340511.595659920014441 ], [ 561599.217591423657723, 2340519.716025614645332 ], [ 561600.0, 2340526.43361703818664 ], [ 561600.155091423657723, 2340627.528525614645332 ], [ 561601.861097084009089, 2340648.322519954293966 ], [ 561604.356462778756395, 2340657.077154259663075 ], [ 561607.065568496240303, 2340661.868048542179167 ], [ 561610.611097084009089, 2340665.822519954293966 ], [ 561619.266971412231214, 2340672.166645626071841 ], [ 561638.122682847315446, 2340683.310934190638363 ], [ 561647.486097084009089, 2340692.697519954293966 ], [ 561653.106462778756395, 2340702.077154259663075 ], [ 561661.45215425954666, 2340723.731462778523564 ], [ 561672.166645626071841, 2340739.266971412114799 ], [ 561678.933617038303055, 2340751.25 ], [ 561682.371117038303055, 2340755.3125 ], [ 561687.058617038303055, 2340758.125 ], [ 561692.996117038303055, 2340759.6875 ], [ 561721.59797707258258, 2340761.085639965720475 ], [ 561731.449837106862105, 2340762.483779931440949 ], [ 561737.07715425954666, 2340764.356462778523564 ], [ 561741.868048541946337, 2340767.065568496007472 ], [ 561749.358779931440949, 2340774.57483710674569 ], [ 561753.731462778756395, 2340777.702154259663075 ], [ 561758.940568496240303, 2340779.993048542179167 ], [ 561771.449837106862105, 2340782.483779931440949 ], [ 561777.07715425954666, 2340784.356462778523564 ], [ 561781.868048541946337, 2340787.065568496007472 ], [ 561789.358779931440949, 2340794.57483710674569 ], [ 561793.731462778756395, 2340797.702154259663075 ], [ 561798.940568496240303, 2340799.993048542179167 ], [ 561811.449837106862105, 2340802.483779931440949 ], [ 561817.07715425954666, 2340804.356462778523564 ], [ 561821.868048541946337, 2340807.065568496007472 ], [ 561829.358779931440949, 2340814.57483710674569 ], [ 561833.731462778756395, 2340817.702154259663075 ], [ 561838.940568496240303, 2340819.993048542179167 ], [ 561851.449837106862105, 2340822.483779931440949 ], [ 561857.07715425954666, 2340824.356462778523564 ], [ 561861.868048541946337, 2340827.065568496007472 ], [ 561869.358779931440949, 2340834.57483710674569 ], [ 561873.731462778756395, 2340837.702154259663075 ], [ 561878.940568496240303, 2340839.993048542179167 ], [ 561891.449837106862105, 2340842.483779931440949 ], [ 561897.07715425954666, 2340844.356462778523564 ], [ 561901.868048541946337, 2340847.065568496007472 ], [ 561909.358779931440949, 2340854.57483710674569 ], [ 561913.731462778756395, 2340857.702154259663075 ], [ 561921.858779931440949, 2340860.82483710674569 ], [ 561934.368048541946337, 2340863.315568496007472 ], [ 561941.868048541946337, 2340867.065568496007472 ], [ 561945.822519954177551, 2340870.611097084358335 ], [ 561950.658159920014441, 2340877.02545711863786 ], [ 561961.747275614645332, 2340895.936341423541307 ], [ 561966.751909920014441, 2340902.18170711863786 ], [ 561977.025457118288614, 2340910.658159920014441 ], [ 561998.122682847315446, 2340923.310934190638363 ], [ 562007.486097084009089, 2340932.697519954293966 ], [ 562013.106462778756395, 2340942.077154259663075 ], [ 562019.055548541946337, 2340958.628068496007472 ], [ 562022.805548541946337, 2340966.128068496007472 ], [ 562032.166645626071841, 2340979.266971412114799 ], [ 562038.933617038303055, 2340991.25 ], [ 562044.558617038303055, 2340996.875 ], [ 562049.871117038303055, 2340999.0625 ], [ 562056.433617038303055, 2341000.0 ], [ 562090.183617038303055, 2341000.0 ], [ 562097.059775614645332, 2341000.623841423541307 ], [ 562105.814409920014441, 2341003.11920711863786 ], [ 562117.180548541946337, 2341010.503068496007472 ], [ 562124.680548541946337, 2341014.253068496007472 ], [ 562136.12922707258258, 2341017.804389965720475 ], [ 562149.247275614645332, 2341019.686341423541307 ], [ 562174.666645626071841, 2341020.516971412114799 ], [ 562191.449837106862105, 2341022.483779931440949 ], [ 562199.57715425954666, 2341025.606462778523564 ], [ 562203.949837106862105, 2341028.733779931440949 ], [ 562211.595659920014441, 2341036.08795711863786 ], [ 562219.716025614645332, 2341039.217591423541307 ], [ 562226.433617038303055, 2341040.0 ], [ 562260.183617038303055, 2341040.0 ], [ 562269.558617038303055, 2341041.875 ], [ 562276.121117038303055, 2341046.5625 ], [ 562283.310934190987609, 2341058.122682847548276 ], [ 562290.611097084009089, 2341065.822519954293966 ], [ 562301.560182847315446, 2341073.623434190638363 ], [ 562315.936341423657723, 2341081.747275614645332 ], [ 562322.181707118288614, 2341086.751909920014441 ], [ 562330.658159920014441, 2341097.02545711863786 ], [ 562341.839864633278921, 2341115.64148591645062 ], [ 562347.214855013065971, 2341120.707429581321776 ], [ 562351.475261257728562, 2341123.0705352188088 ], [ 562356.082340929657221, 2341124.30931390915066 ], [ 562358.296519513707608, 2341124.154983959160745 ], [ 562362.546154178213328, 2341122.298885468859226 ], [ 562366.557492171064951, 2341118.379535524640232 ], [ 562375.388722106814384, 2341102.421479798387736 ], [ 562383.197227724711411, 2341081.463062559720129 ], [ 562386.64529654441867, 2341066.967869730200619 ], [ 562388.543659867020324, 2341052.320728639140725 ], [ 562387.413120803656057, 2341039.582904400769621 ], [ 562383.388857451849617, 2341029.118945537135005 ], [ 562382.374610611470416, 2341024.117748619988561 ], [ 562383.047428869525902, 2341016.621741842478514 ], [ 562386.336201920872554, 2341006.565977666992694 ], [ 562386.336201920872554, 2340998.798603536561131 ], [ 562382.580113920383155, 2340988.319585208781064 ], [ 562377.701461120159365, 2340981.884780331980437 ], [ 562371.25, 2340977.060858381446451 ], [ 562349.557670339592732, 2340965.003188041970134 ], [ 562345.719523211708292, 2340961.341335169970989 ], [ 562341.969523211708292, 2340953.841335169970989 ], [ 562340.181076318607666, 2340940.629782062955201 ], [ 562338.483964595361613, 2340934.826893785968423 ], [ 562333.931076318607666, 2340928.129782062955201 ], [ 562325.719523211708292, 2340921.341335169970989 ], [ 562321.969523211708292, 2340913.841335169970989 ], [ 562320.807670339592732, 2340907.503188041970134 ], [ 562319.425656903767958, 2340863.433243300765753 ], [ 562315.366470114793628, 2340838.16556370165199 ], [ 562314.367968625854701, 2340824.082499390468001 ], [ 562315.459863845724612, 2340806.980456550605595 ], [ 562320.346153328660876, 2340777.822999217547476 ], [ 562320.057200355455279, 2340760.393291587941349 ], [ 562317.143872985849157, 2340752.056618957780302 ], [ 562313.807200355455279, 2340747.893291587941349 ], [ 562305.460509834112599, 2340741.239982108585536 ], [ 562301.710509834112599, 2340733.739982108585536 ], [ 562300.604964218102396, 2340727.345527725294232 ], [ 562300.0, 2340694.200491943396628 ], [ 562299.0625, 2340687.637991943396628 ], [ 562295.3125, 2340680.137991943396628 ], [ 562286.5625, 2340673.887991943396628 ], [ 562281.875, 2340667.325491943396628 ], [ 562280.0, 2340657.950491943396628 ], [ 562280.9375, 2340647.637991943396628 ], [ 562283.125, 2340642.325491943396628 ], [ 562286.5625, 2340638.262991943396628 ], [ 562310.645035781897604, 2340624.845527725294232 ], [ 562318.712835426442325, 2340617.913327369838953 ], [ 562323.299508056836203, 2340611.25 ], [ 562335.154472274938598, 2340589.354964218102396 ], [ 562342.086672630393878, 2340581.287164574023336 ], [ 562348.75, 2340576.700491943396628 ], [ 562370.645035781897604, 2340564.845527725294232 ], [ 562377.94338104268536, 2340562.567218246404082 ], [ 562382.976990165887401, 2340562.610845260787755 ], [ 562388.145035781897604, 2340563.904472274705768 ], [ 562400.981127014150843, 2340569.818381042219698 ], [ 562412.871153850690462, 2340576.678354206494987 ], [ 562418.712835426442325, 2340582.086672630161047 ], [ 562426.112008056836203, 2340593.4375 ], [ 562430.174508056836203, 2340596.875 ], [ 562438.612008056836203, 2340599.6875 ], [ 562445.799508056836203, 2340600.0 ], [ 562452.362008056836203, 2340599.0625 ], [ 562457.674508056836203, 2340596.875 ], [ 562461.737008056836203, 2340593.4375 ], [ 562475.154472274938598, 2340569.354964218102396 ], [ 562480.144454383756965, 2340563.094946327153593 ], [ 562486.38944543839898, 2340558.089937381912023 ], [ 562512.871153850690462, 2340543.321645793505013 ], [ 562520.381171741639264, 2340535.831663684919477 ], [ 562525.816312618437223, 2340526.858195438515395 ], [ 562528.400335426442325, 2340524.899172630161047 ], [ 562529.717553673079237, 2340524.831954384222627 ], [ 562532.402403850690462, 2340526.522104206494987 ], [ 562538.760017890948802, 2340534.539490165188909 ], [ 562546.260017890948802, 2340538.289490165188909 ], [ 562552.654472274938598, 2340539.395035781897604 ], [ 562596.212835426442325, 2340540.836672630161047 ], [ 562605.371153850690462, 2340542.928354206494987 ], [ 562615.947517890948802, 2340547.351990165188909 ], [ 562637.94338104268536, 2340559.106127014383674 ], [ 562658.481127014150843, 2340568.568381042219698 ], [ 562670.645035781897604, 2340575.154472274705768 ], [ 562678.712835426442325, 2340582.086672630161047 ], [ 562686.112008056836203, 2340593.4375 ], [ 562690.174508056836203, 2340596.875 ], [ 562695.487008056836203, 2340599.0625 ], [ 562709.237008056836203, 2340600.3125 ], [ 562717.674508056836203, 2340603.125 ], [ 562723.299508056836203, 2340608.75 ], [ 562735.154472274938598, 2340630.645035781897604 ], [ 562740.981127014150843, 2340636.068381042219698 ], [ 562746.260017890948802, 2340638.289490165188909 ], [ 562752.654472274938598, 2340639.395035781897604 ], [ 562785.799508056836203, 2340640.0 ], [ 562795.174508056836203, 2340641.875 ], [ 562799.862008056836203, 2340644.6875 ], [ 562806.112008056836203, 2340653.4375 ], [ 562810.174508056836203, 2340656.875 ], [ 562818.612008056836203, 2340659.6875 ], [ 562832.362008056836203, 2340660.9375 ], [ 562839.862008056836203, 2340664.6875 ], [ 562843.299508056836203, 2340668.75 ], [ 562855.154472274938598, 2340690.645035781897604 ], [ 562858.760017890948802, 2340694.539490165188909 ], [ 562863.481127014150843, 2340697.318381042219698 ], [ 562872.654472274938598, 2340699.395035781897604 ], [ 562912.881171741639264, 2340700.418336315080523 ], [ 562922.457826481084339, 2340702.09168157633394 ], [ 562930.779472274938598, 2340705.020035781897604 ], [ 562960.44338104268536, 2340720.356127014383674 ], [ 562980.981127014150843, 2340729.818381042219698 ], [ 563000.44338104268536, 2340740.356127014383674 ], [ 563020.981127014150843, 2340749.818381042219698 ], [ 563040.44338104268536, 2340760.356127014383674 ], [ 563060.981127014150843, 2340769.818381042219698 ], [ 563080.44338104268536, 2340780.356127014383674 ], [ 563105.880299644544721, 2340792.419208412058651 ], [ 563112.871153850690462, 2340796.678354206494987 ], [ 563116.905053673079237, 2340800.144454384222627 ], [ 563120.381171741639264, 2340804.168336315080523 ], [ 563126.112008056836203, 2340813.4375 ], [ 563132.674508056836203, 2340818.125 ], [ 563138.612008056836203, 2340819.6875 ], [ 563156.212835426442325, 2340820.836672630161047 ], [ 563168.145035781897604, 2340823.904472274705768 ], [ 563180.981127014150843, 2340829.818381042219698 ], [ 563200.44338104268536, 2340840.356127014383674 ], [ 563220.981127014150843, 2340849.818381042219698 ], [ 563240.44338104268536, 2340860.356127014383674 ], [ 563263.447517890948802, 2340871.101990165188909 ], [ 563270.645035781897604, 2340875.154472274705768 ], [ 563276.905053673079237, 2340880.144454384222627 ], [ 563280.381171741639264, 2340884.168336315080523 ], [ 563286.112008056836203, 2340893.4375 ], [ 563290.174508056836203, 2340896.875 ], [ 563298.612008056836203, 2340899.6875 ], [ 563312.362008056836203, 2340900.9375 ], [ 563319.862008056836203, 2340904.6875 ], [ 563323.299508056836203, 2340908.75 ], [ 563335.154472274938598, 2340930.645035781897604 ], [ 563340.144454383756965, 2340936.905053672846407 ], [ 563346.38944543839898, 2340941.910062618087977 ], [ 563370.645035781897604, 2340955.154472274705768 ], [ 563378.712835426442325, 2340962.086672630161047 ], [ 563383.299508056836203, 2340968.75 ], [ 563395.154472274938598, 2340990.645035781897604 ], [ 563398.760017890948802, 2340994.539490165188909 ], [ 563406.260017890948802, 2340998.289490165188909 ], [ 563419.606708412291482, 2340999.942799644544721 ], [ 563427.94338104268536, 2341002.856127014383674 ], [ 563432.106708412291482, 2341006.192799644544721 ], [ 563436.817799644544721, 2341012.731708412058651 ], [ 563443.481127014150843, 2341017.318381042219698 ], [ 563449.317799644544721, 2341018.981708412058651 ], [ 563459.606708412291482, 2341019.942799644544721 ], [ 563467.94338104268536, 2341022.856127014383674 ], [ 563472.106708412291482, 2341026.192799644544721 ], [ 563476.817799644544721, 2341032.731708412058651 ], [ 563483.481127014150843, 2341037.318381042219698 ], [ 563492.654472274938598, 2341039.395035781897604 ], [ 563525.799508056836203, 2341040.0 ], [ 563532.362008056836203, 2341040.9375 ], [ 563539.862008056836203, 2341044.6875 ], [ 563547.987008056836203, 2341055.3125 ], [ 563552.674508056836203, 2341058.125 ], [ 563558.612008056836203, 2341059.6875 ], [ 563625.799508056836203, 2341060.0 ], [ 563635.174508056836203, 2341061.875 ], [ 563639.862008056836203, 2341064.6875 ], [ 563646.112008056836203, 2341073.4375 ], [ 563650.174508056836203, 2341076.875 ], [ 563655.487008056836203, 2341079.0625 ], [ 563669.237008056836203, 2341080.3125 ], [ 563675.174508056836203, 2341081.875 ], [ 563679.862008056836203, 2341084.6875 ], [ 563686.112008056836203, 2341093.4375 ], [ 563692.674508056836203, 2341098.125 ], [ 563698.612008056836203, 2341099.6875 ], [ 563716.212835426442325, 2341100.836672630161047 ], [ 563725.371153850690462, 2341102.928354206494987 ], [ 563738.481127014150843, 2341108.568381042219698 ], [ 563750.645035781897604, 2341115.154472274705768 ], [ 563756.905053673079237, 2341120.144454384222627 ], [ 563760.381171741639264, 2341124.168336315080523 ], [ 563775.154472274938598, 2341150.645035781897604 ], [ 563778.760017890948802, 2341154.539490165188909 ], [ 563783.481127014150843, 2341157.318381042219698 ], [ 563792.654472274938598, 2341159.395035781897604 ], [ 563829.410062618437223, 2341160.139445438515395 ], [ 563842.457826481084339, 2341162.09168157633394 ], [ 563853.380299644544721, 2341166.169208412058651 ], [ 563875.895326481084339, 2341177.40418157633394 ], [ 563885.068671741639264, 2341179.480836315080523 ], [ 563899.253812618437223, 2341180.295695438515395 ], [ 563905.275335426442325, 2341181.774172630161047 ], [ 563912.089903850690462, 2341186.209604206494987 ], [ 563918.760017890948802, 2341194.539490165188909 ], [ 563926.260017890948802, 2341198.289490165188909 ], [ 563932.654472274938598, 2341199.395035781897604 ], [ 563969.237008056836203, 2341200.3125 ], [ 563977.674508056836203, 2341203.125 ], [ 563983.299508056836203, 2341208.75 ], [ 563995.154472274938598, 2341230.645035781897604 ], [ 564000.144454383756965, 2341236.905053672846407 ], [ 564006.38944543839898, 2341241.910062618087977 ], [ 564030.645035781897604, 2341255.154472274705768 ], [ 564035.231708412291482, 2341260.144454384222627 ], [ 564036.197808590135537, 2341264.168336315080523 ], [ 564035.490563507075422, 2341268.75 ], [ 564030.080791587708518, 2341281.081954384222627 ], [ 564024.845527725061402, 2341290.645035781897604 ], [ 564019.855545616243035, 2341296.905053672846407 ], [ 564011.25, 2341303.299508056603372 ], [ 563989.354964218102396, 2341315.154472274705768 ], [ 563984.523009834112599, 2341316.985845260787755 ], [ 563979.55661895731464, 2341317.567218246404082 ], [ 563971.854964218102396, 2341316.095527725294232 ], [ 563946.816346149309538, 2341303.634145793505013 ], [ 563938.162164573557675, 2341301.038327369838953 ], [ 563927.950491943163797, 2341300.0 ], [ 563894.200491943163797, 2341300.0 ], [ 563887.637991943163797, 2341299.0625 ], [ 563880.137991943163797, 2341295.3125 ], [ 563872.012991943163797, 2341284.6875 ], [ 563867.325491943163797, 2341281.875 ], [ 563861.387991943163797, 2341280.3125 ], [ 563794.200491943163797, 2341280.0 ], [ 563787.637991943163797, 2341279.0625 ], [ 563780.137991943163797, 2341275.3125 ], [ 563772.012991943163797, 2341264.6875 ], [ 563767.325491943163797, 2341261.875 ], [ 563761.387991943163797, 2341260.3125 ], [ 563750.762991943163797, 2341260.3125 ], [ 563744.825491943163797, 2341261.875 ], [ 563740.137991943163797, 2341264.6875 ], [ 563733.887991943163797, 2341273.4375 ], [ 563729.825491943163797, 2341276.875 ], [ 563721.387991943163797, 2341279.6875 ], [ 563710.762991943163797, 2341279.6875 ], [ 563704.825491943163797, 2341278.125 ], [ 563700.137991943163797, 2341275.3125 ], [ 563693.887991943163797, 2341266.5625 ], [ 563687.325491943163797, 2341261.875 ], [ 563681.387991943163797, 2341260.3125 ], [ 563663.787164573557675, 2341259.163327369838953 ], [ 563651.854964218102396, 2341256.095527725294232 ], [ 563589.354964218102396, 2341224.845527725294232 ], [ 563581.219946326920763, 2341221.730545615777373 ], [ 563567.950491943163797, 2341220.0 ], [ 563500.746187381562777, 2341219.704304561484605 ], [ 563494.724664573557675, 2341218.225827369838953 ], [ 563489.885923518915661, 2341215.56456842366606 ], [ 563481.239982109051198, 2341205.460509834811091 ], [ 563473.739982109051198, 2341201.710509834811091 ], [ 563467.345527725061402, 2341200.604964218102396 ], [ 563430.589937381562777, 2341199.860554561484605 ], [ 563414.628846149309538, 2341197.071645793505013 ], [ 563401.518872985849157, 2341191.431618957780302 ], [ 563382.05661895731464, 2341180.893872985616326 ], [ 563361.518872985849157, 2341171.431618957780302 ], [ 563342.05661895731464, 2341160.893872985616326 ], [ 563321.518872985849157, 2341151.431618957780302 ], [ 563306.816346149309538, 2341143.634145793505013 ], [ 563294.931328258360736, 2341140.519163684919477 ], [ 563277.587578258360736, 2341139.112913684919477 ], [ 563272.157446326920763, 2341137.043045615777373 ], [ 563267.910096149309538, 2341133.790395793505013 ], [ 563261.239982109051198, 2341125.460509834811091 ], [ 563256.518872985849157, 2341122.681618957780302 ], [ 563247.345527725061402, 2341120.604964218102396 ], [ 563207.118828258360736, 2341119.581663684919477 ], [ 563197.542173518915661, 2341117.90831842366606 ], [ 563189.220527725061402, 2341114.979964218102396 ], [ 563176.552482109051198, 2341108.898009834811091 ], [ 563167.128846149309538, 2341103.321645793505013 ], [ 563161.287164573557675, 2341097.913327369838953 ], [ 563152.012991943163797, 2341084.6875 ], [ 563144.512991943163797, 2341080.9375 ], [ 563137.950491943163797, 2341080.0 ], [ 563104.200491943163797, 2341080.0 ], [ 563097.587578258360736, 2341079.112913684919477 ], [ 563089.885923518915661, 2341075.56456842366606 ], [ 563083.182200355455279, 2341067.268291587941349 ], [ 563079.018872985849157, 2341063.931618957780302 ], [ 563070.682200355455279, 2341061.018291587941349 ], [ 563049.099664573557675, 2341060.100827369838953 ], [ 563004.200491943163797, 2341060.0 ], [ 562997.587578258360736, 2341059.112913684919477 ], [ 562989.885923518915661, 2341055.56456842366606 ], [ 562981.658318424248137, 2341045.878846149891615 ], [ 562975.831663684803061, 2341043.802191410213709 ], [ 562971.25, 2341044.509436493273824 ], [ 562966.26680456160102, 2341046.522104205563664 ], [ 562946.816346149309538, 2341056.365854206494987 ], [ 562941.219946326920763, 2341058.269454384222627 ], [ 562931.527437381562777, 2341059.826945438515395 ], [ 562920.746187381562777, 2341059.704304561484605 ], [ 562914.724664573557675, 2341058.225827369838953 ], [ 562909.885923518915661, 2341055.56456842366606 ], [ 562903.182200355455279, 2341047.268291587941349 ], [ 562896.518872985849157, 2341042.681618957780302 ], [ 562890.682200355455279, 2341041.018291587941349 ], [ 562880.393291587708518, 2341040.648591232020408 ], [ 562874.55661895731464, 2341041.942218246404082 ], [ 562869.835509834112599, 2341044.485845260787755 ], [ 562859.855545616243035, 2341056.905053672846407 ], [ 562853.61055456160102, 2341061.910062618087977 ], [ 562846.85819543839898, 2341065.816312618087977 ], [ 562844.899172630393878, 2341068.400335425976664 ], [ 562844.831954383756965, 2341069.717553672846407 ], [ 562846.522104206145741, 2341072.402403850108385 ], [ 562854.539490165887401, 2341078.760017891414464 ], [ 562857.31838104268536, 2341083.481127014383674 ], [ 562858.981708412291482, 2341089.317799644544721 ], [ 562859.942799644544721, 2341099.606708412058651 ], [ 562862.856127014150843, 2341107.943381042219698 ], [ 562866.192799644544721, 2341112.106708412058651 ], [ 562874.957826481084339, 2341118.34168157633394 ], [ 562880.381171741639264, 2341124.168336315080523 ], [ 562895.154472274938598, 2341150.645035781897604 ], [ 562902.086672630393878, 2341158.712835425976664 ], [ 562908.75, 2341163.299508056603372 ], [ 562930.645035781897604, 2341175.154472274705768 ], [ 562935.895326481084339, 2341177.40418157633394 ], [ 562945.068671741639264, 2341179.480836315080523 ], [ 563045.799508056836203, 2341180.0 ], [ 563056.212835426442325, 2341180.836672630161047 ], [ 563068.145035781897604, 2341183.904472274705768 ], [ 563090.645035781897604, 2341195.154472274705768 ], [ 563098.712835426442325, 2341202.086672630161047 ], [ 563103.299508056836203, 2341208.75 ], [ 563115.154472274938598, 2341230.645035781897604 ], [ 563116.466681575751863, 2341234.957826480735093 ], [ 563115.836672630393878, 2341238.712835425976664 ], [ 563114.793336315196939, 2341240.381171741522849 ], [ 563111.25, 2341243.299508056603372 ], [ 563087.128846149309538, 2341256.678354206494987 ], [ 563079.618828258360736, 2341264.168336315080523 ], [ 563073.887991943163797, 2341273.4375 ], [ 563067.325491943163797, 2341278.125 ], [ 563057.950491943163797, 2341280.0 ], [ 563024.200491943163797, 2341280.0 ], [ 563017.587578258360736, 2341280.887086315080523 ], [ 563009.885923518915661, 2341284.43543157633394 ], [ 563003.182200355455279, 2341292.731708412058651 ], [ 562996.518872985849157, 2341297.318381042219698 ], [ 562990.682200355455279, 2341298.981708412058651 ], [ 562980.393291587708518, 2341299.942799644544721 ], [ 562972.05661895731464, 2341302.856127014383674 ], [ 562967.893291587708518, 2341306.192799644544721 ], [ 562961.239982109051198, 2341314.539490165188909 ], [ 562953.739982109051198, 2341318.289490165188909 ], [ 562943.729964218102396, 2341319.529472274705768 ], [ 562884.200491943163797, 2341320.0 ], [ 562877.587578258360736, 2341320.887086315080523 ], [ 562869.885923518915661, 2341324.43543157633394 ], [ 562863.182200355455279, 2341332.731708412058651 ], [ 562859.018872985849157, 2341336.068381042219698 ], [ 562853.739982109051198, 2341338.289490165188909 ], [ 562847.345527725061402, 2341339.395035781897604 ], [ 562814.200491943163797, 2341340.0 ], [ 562797.542173518915661, 2341337.90831842366606 ], [ 562784.052482109051198, 2341332.648009834811091 ], [ 562767.128846149309538, 2341323.321645793505013 ], [ 562759.618828258360736, 2341315.831663684919477 ], [ 562753.887991943163797, 2341306.5625 ], [ 562747.325491943163797, 2341301.875 ], [ 562737.950491943163797, 2341300.0 ], [ 562674.200491943163797, 2341300.0 ], [ 562667.637991943163797, 2341299.0625 ], [ 562660.137991943163797, 2341295.3125 ], [ 562652.012991943163797, 2341284.6875 ], [ 562647.325491943163797, 2341281.875 ], [ 562641.387991943163797, 2341280.3125 ], [ 562540.746187381562777, 2341280.295695438515395 ], [ 562534.724664573557675, 2341281.774172630161047 ], [ 562527.910096149309538, 2341286.209604206494987 ], [ 562523.773591232253239, 2341293.044208412058651 ], [ 562522.432781753479503, 2341300.443381042219698 ], [ 562523.904472274938598, 2341308.145035781897604 ], [ 562528.56838104268536, 2341318.481127014383674 ], [ 562535.154472274938598, 2341330.645035781897604 ], [ 562540.144454383756965, 2341336.905053672846407 ], [ 562546.38944543839898, 2341341.910062618087977 ], [ 562570.645035781897604, 2341355.154472274705768 ], [ 562576.905053673079237, 2341360.144454384222627 ], [ 562581.910062618437223, 2341366.389445438515395 ], [ 562595.154472274938598, 2341390.645035781897604 ], [ 562600.144454383756965, 2341396.905053672846407 ], [ 562606.38944543839898, 2341401.910062618087977 ], [ 562630.645035781897604, 2341415.154472274705768 ], [ 562636.905053673079237, 2341420.144454384222627 ], [ 562641.910062618437223, 2341426.389445438515395 ], [ 562655.154472274938598, 2341450.645035781897604 ], [ 562660.144454383756965, 2341456.905053672846407 ], [ 562666.38944543839898, 2341461.910062618087977 ], [ 562688.279472274938598, 2341473.770035781897604 ], [ 562694.957826481084339, 2341478.34168157633394 ], [ 562701.910062618437223, 2341486.389445438515395 ], [ 562716.817799644544721, 2341512.731708412058651 ], [ 562720.981127014150843, 2341516.068381042219698 ], [ 562729.317799644544721, 2341518.981708412058651 ], [ 562750.900335426442325, 2341519.899172630161047 ], [ 562795.799508056836203, 2341520.0 ], [ 562805.275335426442325, 2341518.225827369838953 ], [ 562810.114076481084339, 2341515.56456842366606 ], [ 562816.817799644544721, 2341507.268291587941349 ], [ 562823.481127014150843, 2341502.681618957780302 ], [ 562829.317799644544721, 2341501.018291587941349 ], [ 562839.606708412291482, 2341500.057200355455279 ], [ 562847.94338104268536, 2341497.143872985616326 ], [ 562852.106708412291482, 2341493.807200355455279 ], [ 562856.817799644544721, 2341487.268291587941349 ], [ 562863.481127014150843, 2341482.681618957780302 ], [ 562869.317799644544721, 2341481.018291587941349 ], [ 562879.606708412291482, 2341480.057200355455279 ], [ 562887.94338104268536, 2341477.143872985616326 ], [ 562892.106708412291482, 2341473.807200355455279 ], [ 562896.817799644544721, 2341467.268291587941349 ], [ 562903.481127014150843, 2341462.681618957780302 ], [ 562912.654472274938598, 2341460.604964218102396 ], [ 562945.799508056836203, 2341460.0 ], [ 562952.362008056836203, 2341459.0625 ], [ 562959.862008056836203, 2341455.3125 ], [ 562966.112008056836203, 2341446.5625 ], [ 562972.674508056836203, 2341441.875 ], [ 562978.612008056836203, 2341440.3125 ], [ 562996.212835426442325, 2341439.163327369838953 ], [ 563005.371153850690462, 2341437.071645793505013 ], [ 563018.481127014150843, 2341431.431618957780302 ], [ 563033.183653850690462, 2341423.634145793505013 ], [ 563045.068671741639264, 2341420.519163684919477 ], [ 563052.049508056836203, 2341420.0 ], [ 563212.881171741639264, 2341420.418336315080523 ], [ 563219.405053673079237, 2341421.394454384222627 ], [ 563228.145035781897604, 2341423.904472274705768 ], [ 563255.895326481084339, 2341437.40418157633394 ], [ 563265.068671741639264, 2341439.480836315080523 ], [ 563272.049508056836203, 2341440.0 ], [ 563339.253812618437223, 2341439.704304561484605 ], [ 563345.275335426442325, 2341438.225827369838953 ], [ 563350.114076481084339, 2341435.56456842366606 ], [ 563356.817799644544721, 2341427.268291587941349 ], [ 563363.481127014150843, 2341422.681618957780302 ], [ 563369.317799644544721, 2341421.018291587941349 ], [ 563379.606708412291482, 2341420.648591232020408 ], [ 563385.44338104268536, 2341421.942218246404082 ], [ 563390.164490165887401, 2341424.485845260787755 ], [ 563396.817799644544721, 2341432.731708412058651 ], [ 563403.481127014150843, 2341437.318381042219698 ], [ 563409.317799644544721, 2341438.981708412058651 ], [ 563419.606708412291482, 2341439.942799644544721 ], [ 563427.94338104268536, 2341442.856127014383674 ], [ 563432.106708412291482, 2341446.192799644544721 ], [ 563438.341681575751863, 2341454.957826480735093 ], [ 563442.086672630393878, 2341458.712835425976664 ], [ 563448.75, 2341463.299508056603372 ], [ 563472.871153850690462, 2341476.678354206494987 ], [ 563478.712835426442325, 2341482.086672630161047 ], [ 563487.987008056836203, 2341495.3125 ], [ 563495.487008056836203, 2341499.0625 ], [ 563502.049508056836203, 2341500.0 ], [ 563565.799508056836203, 2341500.0 ], [ 563572.362008056836203, 2341500.9375 ], [ 563579.862008056836203, 2341504.6875 ], [ 563586.112008056836203, 2341513.4375 ], [ 563592.674508056836203, 2341518.125 ], [ 563598.612008056836203, 2341519.6875 ], [ 563612.881171741639264, 2341520.418336315080523 ], [ 563622.457826481084339, 2341522.09168157633394 ], [ 563633.380299644544721, 2341526.169208412058651 ], [ 563655.895326481084339, 2341537.40418157633394 ], [ 563665.068671741639264, 2341539.480836315080523 ], [ 563679.253812618437223, 2341540.295695438515395 ], [ 563685.275335426442325, 2341541.774172630161047 ], [ 563692.089903850690462, 2341546.209604206494987 ], [ 563698.760017890948802, 2341554.539490165188909 ], [ 563706.260017890948802, 2341558.289490165188909 ], [ 563712.654472274938598, 2341559.395035781897604 ], [ 563749.410062618437223, 2341560.139445438515395 ], [ 563759.405053673079237, 2341561.394454384222627 ], [ 563773.380299644544721, 2341566.169208412058651 ], [ 563793.183653850690462, 2341576.365854206494987 ], [ 563805.068671741639264, 2341579.480836315080523 ], [ 563845.799508056836203, 2341580.0 ], [ 563859.405053673079237, 2341581.394454384222627 ], [ 563870.779472274938598, 2341585.020035781897604 ], [ 563895.895326481084339, 2341597.40418157633394 ], [ 563905.068671741639264, 2341599.480836315080523 ], [ 563919.253812618437223, 2341600.295695438515395 ], [ 563927.842553673079237, 2341602.956954384222627 ], [ 563932.089903850690462, 2341606.209604206494987 ], [ 563938.341681575751863, 2341614.957826480735093 ], [ 563944.168336315196939, 2341620.381171741522849 ], [ 563970.645035781897604, 2341635.154472274705768 ], [ 563978.712835426442325, 2341642.086672630161047 ], [ 563983.299508056836203, 2341648.75 ], [ 563995.154472274938598, 2341670.645035781897604 ], [ 563996.394454383756965, 2341676.905053672846407 ], [ 563994.793336315196939, 2341680.381171741522849 ], [ 563986.5625, 2341686.112008056603372 ], [ 563981.875, 2341692.674508056603372 ], [ 563980.3125, 2341698.612008056603372 ], [ 563979.0625, 2341712.362008056603372 ], [ 563975.3125, 2341719.862008056603372 ], [ 563971.25, 2341723.299508056603372 ], [ 563949.354964218102396, 2341735.154472274705768 ], [ 563943.93161895731464, 2341740.981127014383674 ], [ 563941.710509834112599, 2341746.260017891414464 ], [ 563940.057200355455279, 2341759.606708412058651 ], [ 563937.143872985849157, 2341767.943381042219698 ], [ 563933.807200355455279, 2341772.106708412058651 ], [ 563925.042173518915661, 2341778.34168157633394 ], [ 563919.618828258360736, 2341784.168336315080523 ], [ 563902.595818424248137, 2341815.895326480735093 ], [ 563901.038327369606122, 2341821.837835425976664 ], [ 563900.0, 2341832.049508056603372 ], [ 563900.0, 2341865.799508056603372 ], [ 563901.875, 2341875.174508056603372 ], [ 563906.5625, 2341881.737008056603372 ], [ 563930.645035781897604, 2341895.154472274705768 ], [ 563938.712835426442325, 2341902.086672630161047 ], [ 563943.299508056836203, 2341908.75 ], [ 563955.154472274938598, 2341930.645035781897604 ], [ 563956.985845260554925, 2341935.476990165188909 ], [ 563957.389154739445075, 2341942.976990165188909 ], [ 563956.095527725061402, 2341948.145035781897604 ], [ 563950.18161895731464, 2341960.981127014383674 ], [ 563944.845527725061402, 2341970.645035781897604 ], [ 563939.855545616243035, 2341976.905053672846407 ], [ 563933.61055456160102, 2341981.910062618087977 ], [ 563909.354964218102396, 2341995.154472274705768 ], [ 563903.094946326920763, 2342000.144454384222627 ], [ 563899.618828258360736, 2342004.168336315080523 ], [ 563884.845527725061402, 2342030.645035781897604 ], [ 563883.533318424248137, 2342034.957826480735093 ], [ 563884.163327369606122, 2342038.712835425976664 ], [ 563888.75, 2342043.299508056603372 ], [ 563915.895326481084339, 2342057.40418157633394 ], [ 563925.068671741639264, 2342059.480836315080523 ], [ 563939.253812618437223, 2342060.295695438515395 ], [ 563947.842553673079237, 2342062.956954384222627 ], [ 563952.089903850690462, 2342066.209604206494987 ], [ 563958.760017890948802, 2342074.539490165188909 ], [ 563963.481127014150843, 2342077.318381042219698 ], [ 563972.654472274938598, 2342079.395035781897604 ], [ 564005.799508056836203, 2342080.0 ], [ 564012.362008056836203, 2342080.9375 ], [ 564019.862008056836203, 2342084.6875 ], [ 564026.112008056836203, 2342093.4375 ], [ 564030.174508056836203, 2342096.875 ], [ 564035.487008056836203, 2342099.0625 ], [ 564042.049508056836203, 2342100.0 ], [ 564059.405053673079237, 2342098.605545615777373 ], [ 564068.145035781897604, 2342096.095527725294232 ], [ 564075.947517890948802, 2342092.648009834811091 ], [ 564088.279472274938598, 2342086.229964218102396 ], [ 564094.957826481084339, 2342081.65831842366606 ], [ 564100.381171741639264, 2342075.831663684919477 ], [ 564106.112008056836203, 2342066.5625 ], [ 564110.174508056836203, 2342063.125 ], [ 564118.612008056836203, 2342060.3125 ], [ 564139.529472274938598, 2342060.0 ], [ 564144.375, 2342051.25 ] ] } },
{ "type": "Feature", "properties": { "id": "shoreline_2026_wet_1", "bank_type": "left", "length_m": 39400.0, "is_island": false, "year": 2026, "season": "wet", "source": "S1", "processing_version": "1.0" }, "geometry": { "type": "LineString", "coordinates": [ [ 574124.375, 2338371.25 ], [ 574127.1875, 2338366.5625 ], [ 574133.75, 2338361.875 ], [ 574139.6875, 2338360.3125 ], [ 574150.3125, 2338359.6875 ], [ 574158.75, 2338356.875 ], [ 574162.8125, 2338353.4375 ], [ 574169.0625, 2338344.6875 ], [ 574176.5625, 2338340.9375 ], [ 574183.125, 2338340.0 ], [ 574216.875, 2338340.0 ], [ 574226.25, 2338338.125 ], [ 574230.9375, 2338335.3125 ], [ 574237.1875, 2338326.5625 ], [ 574241.25, 2338323.125 ], [ 574246.5625, 2338320.9375 ], [ 574260.3125, 2338319.6875 ], [ 574266.25, 2338318.125 ], [ 574270.9375, 2338315.3125 ], [ 574277.1875, 2338306.5625 ], [ 574283.75, 2338301.875 ], [ 574293.125, 2338300.0 ], [ 574326.875, 2338300.0 ], [ 574336.25, 2338298.125 ], [ 574342.8125, 2338293.4375 ], [ 574357.03125, 2338266.40625 ], [ 574360.3125, 2338262.1875 ], [ 574366.40625, 2338257.03125 ], [ 574391.25, 2338244.375 ], [ 574396.71875, 2338242.34375 ], [ 574406.09375, 2338240.46875 ], [ 574420.3125, 2338239.6875 ], [ 574428.75, 2338236.875 ], [ 574432.8125, 2338233.4375 ], [ 574438.59375, 2338224.21875 ], [ 574444.21875, 2338218.59375 ], [ 574475.78125, 2338201.40625 ], [ 574482.96875, 2338193.59375 ], [ 574495.625, 2338168.75 ], [ 574499.0625, 2338164.6875 ], [ 574506.5625, 2338160.9375 ], [ 574520.3125, 2338159.6875 ], [ 574528.75, 2338156.875 ], [ 574532.8125, 2338153.4375 ], [ 574537.03125, 2338146.40625 ], [ 574542.1875, 2338140.3125 ], [ 574555.3125, 2338130.9375 ], [ 574559.0625, 2338123.4375 ], [ 574560.9375, 2338106.5625 ], [ 574564.6875, 2338099.0625 ], [ 574568.75, 2338095.625 ], [ 574593.59375, 2338082.96875 ], [ 574599.6875, 2338077.8125 ], [ 574604.375, 2338071.25 ], [ 574615.625, 2338048.75 ], [ 574620.3125, 2338042.1875 ], [ 574626.40625, 2338037.03125 ], [ 574651.25, 2338024.375 ], [ 574655.3125, 2338020.9375 ], [ 574659.0625, 2338013.4375 ], [ 574660.9375, 2337996.5625 ], [ 574664.6875, 2337989.0625 ], [ 574668.75, 2337985.625 ], [ 574675.78125, 2337981.40625 ], [ 574681.40625, 2337975.78125 ], [ 574684.375, 2337971.25 ], [ 574695.625, 2337948.75 ], [ 574702.1875, 2337940.3125 ], [ 574708.75, 2337935.625 ], [ 574733.59375, 2337922.96875 ], [ 574741.40625, 2337915.78125 ], [ 574744.375, 2337911.25 ], [ 574777.03125, 2337846.40625 ], [ 574782.1875, 2337840.3125 ], [ 574793.4375, 2337832.8125 ], [ 574796.875, 2337828.75 ], [ 574799.0625, 2337823.4375 ], [ 574800.3125, 2337809.6875 ], [ 574801.875, 2337803.75 ], [ 574806.5625, 2337797.1875 ], [ 574815.3125, 2337790.9375 ], [ 574819.0625, 2337783.4375 ], [ 574820.0, 2337776.875 ], [ 574820.0, 2337743.125 ], [ 574821.875, 2337733.75 ], [ 574826.5625, 2337727.1875 ], [ 574835.3125, 2337720.9375 ], [ 574839.0625, 2337713.4375 ], [ 574840.0, 2337706.875 ], [ 574840.0, 2337673.125 ], [ 574841.875, 2337663.75 ], [ 574846.5625, 2337657.1875 ], [ 574855.3125, 2337650.9375 ], [ 574859.0625, 2337643.4375 ], [ 574860.0, 2337636.875 ], [ 574860.0, 2337603.125 ], [ 574861.875, 2337593.75 ], [ 574864.6875, 2337589.0625 ], [ 574877.8125, 2337579.6875 ], [ 574884.375, 2337571.25 ], [ 574895.625, 2337548.75 ], [ 574897.65625, 2337543.28125 ], [ 574899.53125, 2337533.90625 ], [ 574900.0, 2337523.125 ], [ 574899.0625, 2337516.5625 ], [ 574896.875, 2337511.25 ], [ 574893.4375, 2337507.1875 ], [ 574884.6875, 2337500.9375 ], [ 574881.875, 2337496.25 ], [ 574880.3125, 2337490.3125 ], [ 574879.6875, 2337329.6875 ], [ 574876.875, 2337321.25 ], [ 574873.4375, 2337317.1875 ], [ 574864.6875, 2337310.9375 ], [ 574860.9375, 2337303.4375 ], [ 574860.0, 2337296.875 ], [ 574859.53125, 2337226.09375 ], [ 574856.71875, 2337213.90625 ], [ 574844.375, 2337188.75 ], [ 574841.5625, 2337180.3125 ], [ 574840.15625, 2337170.46875 ], [ 574840.0, 2337133.125 ], [ 574839.0625, 2337126.5625 ], [ 574835.3125, 2337119.0625 ], [ 574826.5625, 2337112.8125 ], [ 574821.875, 2337106.25 ], [ 574820.3125, 2337100.3125 ], [ 574819.6875, 2337089.6875 ], [ 574816.875, 2337081.25 ], [ 574813.4375, 2337077.1875 ], [ 574806.5625, 2337072.8125 ], [ 574801.875, 2337066.25 ], [ 574800.3125, 2337060.3125 ], [ 574799.53125, 2337046.09375 ], [ 574797.65625, 2337036.71875 ], [ 574782.34375, 2337003.28125 ], [ 574780.15625, 2336990.46875 ], [ 574780.0, 2336923.125 ], [ 574778.125, 2336913.75 ], [ 574773.4375, 2336907.1875 ], [ 574764.21875, 2336901.40625 ], [ 574757.03125, 2336893.59375 ], [ 574744.375, 2336868.75 ], [ 574742.34375, 2336863.28125 ], [ 574740.46875, 2336853.90625 ], [ 574740.3125, 2336599.6875 ], [ 574743.125, 2336591.25 ], [ 574746.5625, 2336587.1875 ], [ 574755.3125, 2336580.9375 ], [ 574759.0625, 2336573.4375 ], [ 574760.0, 2336566.875 ], [ 574760.0, 2336533.125 ], [ 574760.9375, 2336522.8125 ], [ 574764.375, 2336511.25 ], [ 574775.625, 2336488.75 ], [ 574777.65625, 2336483.28125 ], [ 574779.53125, 2336473.90625 ], [ 574780.3125, 2336459.6875 ], [ 574781.875, 2336453.75 ], [ 574784.6875, 2336449.0625 ], [ 574797.8125, 2336439.6875 ], [ 574804.375, 2336431.25 ], [ 574815.625, 2336408.75 ], [ 574817.65625, 2336403.28125 ], [ 574819.53125, 2336393.90625 ], [ 574820.3125, 2336379.6875 ], [ 574821.875, 2336373.75 ], [ 574824.6875, 2336369.0625 ], [ 574837.8125, 2336359.6875 ], [ 574844.375, 2336351.25 ], [ 574895.625, 2336248.75 ], [ 574898.4375, 2336240.3125 ], [ 574899.84375, 2336230.46875 ], [ 574900.0, 2336193.125 ], [ 574900.9375, 2336186.5625 ], [ 574904.6875, 2336179.0625 ], [ 574913.4375, 2336172.8125 ], [ 574916.875, 2336168.75 ], [ 574919.6875, 2336160.3125 ], [ 574920.9375, 2336146.5625 ], [ 574924.6875, 2336139.0625 ], [ 574928.75, 2336135.625 ], [ 574953.59375, 2336122.96875 ], [ 574959.6875, 2336117.8125 ], [ 574964.375, 2336111.25 ], [ 574975.625, 2336088.75 ], [ 574982.1875, 2336080.3125 ], [ 574988.75, 2336075.625 ], [ 575011.25, 2336064.375 ], [ 575019.6875, 2336057.8125 ], [ 575024.375, 2336051.25 ], [ 575035.625, 2336028.75 ], [ 575042.1875, 2336020.3125 ], [ 575048.75, 2336015.625 ], [ 575071.25, 2336004.375 ], [ 575079.6875, 2335997.8125 ], [ 575084.375, 2335991.25 ], [ 575095.625, 2335968.75 ], [ 575102.1875, 2335960.3125 ], [ 575108.75, 2335955.625 ], [ 575131.25, 2335944.375 ], [ 575139.6875, 2335937.8125 ], [ 575144.375, 2335931.25 ], [ 575175.625, 2335868.75 ], [ 575182.1875, 2335860.3125 ], [ 575188.75, 2335855.625 ], [ 575291.25, 2335804.375 ], [ 575297.8125, 2335799.6875 ], [ 575302.96875, 2335793.59375 ], [ 575315.625, 2335768.75 ], [ 575318.4375, 2335760.3125 ], [ 575320.0, 2335746.875 ], [ 575320.0, 2335713.125 ], [ 575321.875, 2335703.75 ], [ 575324.6875, 2335699.0625 ], [ 575328.75, 2335695.625 ], [ 575351.25, 2335684.375 ], [ 575357.8125, 2335679.6875 ], [ 575364.375, 2335671.25 ], [ 575375.625, 2335648.75 ], [ 575378.59375, 2335644.21875 ], [ 575384.21875, 2335638.59375 ], [ 575393.4375, 2335632.8125 ], [ 575396.875, 2335628.75 ], [ 575399.0625, 2335623.4375 ], [ 575400.3125, 2335609.6875 ], [ 575401.875, 2335603.75 ], [ 575406.5625, 2335597.1875 ], [ 575415.3125, 2335590.9375 ], [ 575419.0625, 2335583.4375 ], [ 575420.0, 2335576.875 ], [ 575420.0, 2335543.125 ], [ 575421.875, 2335533.75 ], [ 575426.5625, 2335527.1875 ], [ 575435.78125, 2335521.40625 ], [ 575441.40625, 2335515.78125 ], [ 575458.59375, 2335484.21875 ], [ 575464.21875, 2335478.59375 ], [ 575473.4375, 2335472.8125 ], [ 575476.875, 2335468.75 ], [ 575479.0625, 2335463.4375 ], [ 575480.3125, 2335449.6875 ], [ 575481.875, 2335443.75 ], [ 575484.6875, 2335439.0625 ], [ 575493.4375, 2335432.8125 ], [ 575498.125, 2335426.25 ], [ 575500.0, 2335416.875 ], [ 575500.0, 2335383.125 ], [ 575500.9375, 2335376.5625 ], [ 575503.125, 2335371.25 ], [ 575506.5625, 2335367.1875 ], [ 575517.8125, 2335359.6875 ], [ 575522.96875, 2335353.59375 ], [ 575555.625, 2335288.75 ], [ 575558.59375, 2335284.21875 ], [ 575566.40625, 2335277.03125 ], [ 575591.25, 2335264.375 ], [ 575595.3125, 2335260.9375 ], [ 575598.125, 2335256.25 ], [ 575600.0, 2335246.875 ], [ 575599.6875, 2335209.6875 ], [ 575596.875, 2335201.25 ], [ 575593.4375, 2335197.1875 ], [ 575584.6875, 2335190.9375 ], [ 575580.9375, 2335183.4375 ], [ 575580.0, 2335176.875 ], [ 575580.3125, 2335169.6875 ], [ 575581.875, 2335163.75 ], [ 575584.6875, 2335159.0625 ], [ 575588.75, 2335155.625 ], [ 575611.25, 2335144.375 ], [ 575615.78125, 2335141.40625 ], [ 575621.40625, 2335135.78125 ], [ 575627.1875, 2335126.5625 ], [ 575631.25, 2335123.125 ], [ 575639.6875, 2335120.3125 ], [ 575653.4375, 2335119.0625 ], [ 575660.9375, 2335115.3125 ], [ 575664.375, 2335111.25 ], [ 575675.625, 2335088.75 ], [ 575681.25, 2335083.125 ], [ 575686.5625, 2335080.9375 ], [ 575700.3125, 2335079.6875 ], [ 575708.75, 2335076.875 ], [ 575712.8125, 2335073.4375 ], [ 575718.59375, 2335064.21875 ], [ 575724.21875, 2335058.59375 ], [ 575755.78125, 2335041.40625 ], [ 575762.96875, 2335033.59375 ], [ 575775.625, 2335008.75 ], [ 575780.3125, 2335002.1875 ], [ 575786.40625, 2334997.03125 ], [ 575811.25, 2334984.375 ], [ 575817.8125, 2334979.6875 ], [ 575822.96875, 2334973.59375 ], [ 575835.625, 2334948.75 ], [ 575840.3125, 2334942.1875 ], [ 575848.75, 2334935.625 ], [ 575871.25, 2334924.375 ], [ 575875.78125, 2334921.40625 ], [ 575881.40625, 2334915.78125 ], [ 575885.625, 2334908.75 ], [ 575889.0625, 2334904.6875 ], [ 575896.5625, 2334900.9375 ], [ 575913.90625, 2334899.53125 ], [ 575926.09375, 2334896.71875 ], [ 575951.25, 2334884.375 ], [ 575954.84375, 2334881.40625 ], [ 575956.5625, 2334877.8125 ], [ 575956.40625, 2334873.59375 ], [ 575944.375, 2334848.75 ], [ 575942.8125, 2334843.75 ], [ 575942.5, 2334838.75 ], [ 575944.375, 2334831.25 ], [ 575955.625, 2334808.75 ], [ 575958.59375, 2334804.21875 ], [ 575964.21875, 2334798.59375 ], [ 575973.4375, 2334792.8125 ], [ 575976.875, 2334788.75 ], [ 575979.6875, 2334780.3125 ], [ 575980.9375, 2334766.5625 ], [ 575984.6875, 2334759.0625 ], [ 575988.75, 2334755.625 ], [ 576013.59375, 2334742.96875 ], [ 576019.6875, 2334737.8125 ], [ 576024.375, 2334731.25 ], [ 576037.03125, 2334706.40625 ], [ 576044.21875, 2334698.59375 ], [ 576048.75, 2334695.625 ], [ 576151.25, 2334644.375 ], [ 576162.8125, 2334640.9375 ], [ 576180.3125, 2334639.6875 ], [ 576186.25, 2334638.125 ], [ 576190.9375, 2334635.3125 ], [ 576197.1875, 2334626.5625 ], [ 576203.75, 2334621.875 ], [ 576213.125, 2334620.0 ], [ 576246.875, 2334620.0 ], [ 576253.4375, 2334619.0625 ], [ 576260.9375, 2334615.3125 ], [ 576267.1875, 2334606.5625 ], [ 576273.75, 2334601.875 ], [ 576279.6875, 2334600.3125 ], [ 576290.3125, 2334599.6875 ], [ 576298.75, 2334596.875 ], [ 576302.8125, 2334593.4375 ], [ 576307.1875, 2334586.5625 ], [ 576313.75, 2334581.875 ], [ 576319.6875, 2334580.3125 ], [ 576330.3125, 2334579.6875 ], [ 576338.75, 2334576.875 ], [ 576344.375, 2334571.25 ], [ 576355.625, 2334548.75 ], [ 576358.59375, 2334544.21875 ], [ 576364.21875, 2334538.59375 ], [ 576373.4375, 2334532.8125 ], [ 576376.875, 2334528.75 ], [ 576379.6875, 2334520.3125 ], [ 576380.9375, 2334506.5625 ], [ 576383.125, 2334501.25 ], [ 576386.5625, 2334497.1875 ], [ 576415.78125, 2334481.40625 ], [ 576421.40625, 2334475.78125 ], [ 576427.1875, 2334466.5625 ], [ 576431.25, 2334463.125 ], [ 576436.5625, 2334460.9375 ], [ 576443.125, 2334460.0 ], [ 576450.3125, 2334460.3125 ], [ 576456.25, 2334461.875 ], [ 576460.9375, 2334464.6875 ], [ 576464.375, 2334468.75 ], [ 576475.625, 2334491.25 ], [ 576482.1875, 2334499.6875 ], [ 576488.75, 2334504.375 ], [ 576511.25, 2334515.625 ], [ 576519.6875, 2334522.1875 ], [ 576524.375, 2334528.75 ], [ 576535.625, 2334551.25 ], [ 576542.1875, 2334559.6875 ], [ 576548.75, 2334564.375 ], [ 576571.25, 2334575.625 ], [ 576576.875, 2334581.25 ], [ 576579.0625, 2334586.5625 ], [ 576580.0, 2334593.125 ], [ 576580.0, 2334686.875 ], [ 576579.0625, 2334693.4375 ], [ 576576.875, 2334698.75 ], [ 576573.4375, 2334702.8125 ], [ 576548.75, 2334715.625 ], [ 576540.3125, 2334722.1875 ], [ 576535.625, 2334728.75 ], [ 576504.375, 2334791.25 ], [ 576501.40625, 2334795.78125 ], [ 576493.59375, 2334802.96875 ], [ 576468.75, 2334815.625 ], [ 576462.1875, 2334820.3125 ], [ 576457.03125, 2334826.40625 ], [ 576444.375, 2334851.25 ], [ 576440.9375, 2334855.3125 ], [ 576436.25, 2334858.125 ], [ 576430.3125, 2334859.6875 ], [ 576393.125, 2334860.0 ], [ 576383.75, 2334861.875 ], [ 576379.0625, 2334864.6875 ], [ 576372.8125, 2334873.4375 ], [ 576366.25, 2334878.125 ], [ 576360.3125, 2334879.6875 ], [ 576342.8125, 2334880.9375 ], [ 576333.90625, 2334883.28125 ], [ 576308.75, 2334895.625 ], [ 576304.21875, 2334898.59375 ], [ 576298.59375, 2334904.21875 ], [ 576281.40625, 2334935.78125 ], [ 576275.78125, 2334941.40625 ], [ 576266.5625, 2334947.1875 ], [ 576263.125, 2334951.25 ], [ 576260.9375, 2334956.5625 ], [ 576260.0, 2334963.125 ], [ 576260.46875, 2334973.90625 ], [ 576263.28125, 2334986.09375 ], [ 576297.1875, 2335053.4375 ], [ 576301.25, 2335056.875 ], [ 576309.6875, 2335059.6875 ], [ 576353.90625, 2335059.53125 ], [ 576366.09375, 2335056.71875 ], [ 576391.25, 2335044.375 ], [ 576395.78125, 2335043.28125 ], [ 576399.6875, 2335044.0625 ], [ 576404.375, 2335048.75 ], [ 576415.625, 2335071.25 ], [ 576422.1875, 2335079.6875 ], [ 576428.75, 2335084.375 ], [ 576451.25, 2335095.625 ], [ 576455.78125, 2335098.59375 ], [ 576461.40625, 2335104.21875 ], [ 576467.1875, 2335113.4375 ], [ 576471.25, 2335116.875 ], [ 576476.5625, 2335119.0625 ], [ 576486.875, 2335120.0 ], [ 576496.25, 2335118.125 ], [ 576502.8125, 2335113.4375 ], [ 576535.625, 2335048.75 ], [ 576540.3125, 2335042.1875 ], [ 576548.75, 2335035.625 ], [ 576571.25, 2335024.375 ], [ 576576.25, 2335022.8125 ], [ 576581.25, 2335022.5 ], [ 576588.75, 2335024.375 ], [ 576611.25, 2335035.625 ], [ 576616.25, 2335037.1875 ], [ 576621.25, 2335037.5 ], [ 576628.75, 2335035.625 ], [ 576653.59375, 2335022.96875 ], [ 576657.8125, 2335019.6875 ], [ 576662.96875, 2335013.59375 ], [ 576676.71875, 2334986.09375 ], [ 576678.4375, 2334980.3125 ], [ 576679.84375, 2334970.46875 ], [ 576680.0, 2334963.125 ], [ 576679.0625, 2334956.5625 ], [ 576675.3125, 2334949.0625 ], [ 576671.25, 2334945.625 ], [ 576664.21875, 2334941.40625 ], [ 576658.59375, 2334935.78125 ], [ 576641.40625, 2334904.21875 ], [ 576635.78125, 2334898.59375 ], [ 576626.5625, 2334892.8125 ], [ 576623.125, 2334888.75 ], [ 576620.3125, 2334880.3125 ], [ 576620.3125, 2334869.6875 ], [ 576621.875, 2334863.75 ], [ 576626.5625, 2334857.1875 ], [ 576653.59375, 2334842.96875 ], [ 576659.6875, 2334837.8125 ], [ 576669.0625, 2334824.6875 ], [ 576673.75, 2334821.875 ], [ 576679.6875, 2334820.3125 ], [ 576686.875, 2334820.0 ], [ 576693.4375, 2334820.9375 ], [ 576700.9375, 2334824.6875 ], [ 576704.375, 2334828.75 ], [ 576715.625, 2334851.25 ], [ 576718.59375, 2334855.78125 ], [ 576724.21875, 2334861.40625 ], [ 576733.4375, 2334867.1875 ], [ 576736.875, 2334871.25 ], [ 576739.6875, 2334879.6875 ], [ 576740.46875, 2334893.90625 ], [ 576743.28125, 2334906.09375 ], [ 576755.625, 2334931.25 ], [ 576760.3125, 2334937.8125 ], [ 576768.75, 2334944.375 ], [ 576791.25, 2334955.625 ], [ 576795.78125, 2334958.59375 ], [ 576801.40625, 2334964.21875 ], [ 576807.1875, 2334973.4375 ], [ 576811.25, 2334976.875 ], [ 576816.5625, 2334979.0625 ], [ 576823.125, 2334980.0 ], [ 576830.3125, 2334979.6875 ], [ 576836.25, 2334978.125 ], [ 576840.9375, 2334975.3125 ], [ 576844.375, 2334971.25 ], [ 576857.03125, 2334946.40625 ], [ 576864.21875, 2334938.59375 ], [ 576895.78125, 2334921.40625 ], [ 576901.40625, 2334915.78125 ], [ 576907.1875, 2334906.5625 ], [ 576911.25, 2334903.125 ], [ 576919.6875, 2334900.3125 ], [ 576933.4375, 2334899.0625 ], [ 576938.75, 2334896.875 ], [ 576942.8125, 2334893.4375 ], [ 576977.03125, 2334826.40625 ], [ 576980.3125, 2334822.1875 ], [ 576986.40625, 2334817.03125 ], [ 577013.59375, 2334802.96875 ], [ 577021.40625, 2334795.78125 ], [ 577024.375, 2334791.25 ], [ 577055.625, 2334728.75 ], [ 577058.59375, 2334724.21875 ], [ 577064.21875, 2334718.59375 ], [ 577068.75, 2334715.625 ], [ 577091.25, 2334704.375 ], [ 577102.8125, 2334700.9375 ], [ 577113.125, 2334700.0 ], [ 577176.875, 2334700.0 ], [ 577183.4375, 2334699.0625 ], [ 577190.9375, 2334695.3125 ], [ 577200.3125, 2334682.1875 ], [ 577206.40625, 2334677.03125 ], [ 577213.125, 2334673.125 ], [ 577215.0, 2334670.625 ], [ 577215.0, 2334669.375 ], [ 577213.125, 2334666.875 ], [ 577206.40625, 2334662.96875 ], [ 577200.3125, 2334657.8125 ], [ 577192.8125, 2334646.5625 ], [ 577188.75, 2334643.125 ], [ 577180.3125, 2334640.3125 ], [ 577166.09375, 2334639.53125 ], [ 577153.90625, 2334636.71875 ], [ 577128.75, 2334624.375 ], [ 577124.21875, 2334621.40625 ], [ 577118.59375, 2334615.78125 ], [ 577115.625, 2334611.25 ], [ 577104.375, 2334588.75 ], [ 577102.34375, 2334583.28125 ], [ 577100.15625, 2334570.46875 ], [ 577099.6875, 2334529.6875 ], [ 577096.875, 2334521.25 ], [ 577091.25, 2334515.625 ], [ 577066.25, 2334503.4375 ], [ 577061.25, 2334502.5 ], [ 577056.25, 2334502.8125 ], [ 577051.25, 2334504.375 ], [ 577026.40625, 2334517.03125 ], [ 577018.59375, 2334524.21875 ], [ 577013.125, 2334533.125 ], [ 577011.875, 2334534.375 ], [ 577009.375, 2334535.0 ], [ 577006.875, 2334533.125 ], [ 577001.40625, 2334524.21875 ], [ 576995.78125, 2334518.59375 ], [ 576966.5625, 2334502.8125 ], [ 576963.125, 2334498.75 ], [ 576960.3125, 2334490.3125 ], [ 576960.0, 2334453.125 ], [ 576959.0625, 2334446.5625 ], [ 576956.875, 2334441.25 ], [ 576951.25, 2334435.625 ], [ 576928.75, 2334424.375 ], [ 576922.1875, 2334419.6875 ], [ 576915.625, 2334411.25 ], [ 576904.375, 2334388.75 ], [ 576901.5625, 2334380.3125 ], [ 576900.0, 2334366.875 ], [ 576900.0, 2334333.125 ], [ 576901.875, 2334323.75 ], [ 576904.6875, 2334319.0625 ], [ 576913.4375, 2334312.8125 ], [ 576918.125, 2334306.25 ], [ 576919.6875, 2334300.3125 ], [ 576920.9375, 2334282.8125 ], [ 576924.375, 2334271.25 ], [ 576975.625, 2334168.75 ], [ 576982.1875, 2334160.3125 ], [ 576988.75, 2334155.625 ], [ 577011.25, 2334144.375 ], [ 577015.78125, 2334141.40625 ], [ 577021.40625, 2334135.78125 ], [ 577027.1875, 2334126.5625 ], [ 577031.25, 2334123.125 ], [ 577036.5625, 2334120.9375 ], [ 577050.3125, 2334119.6875 ], [ 577056.25, 2334118.125 ], [ 577060.9375, 2334115.3125 ], [ 577067.1875, 2334106.5625 ], [ 577071.25, 2334103.125 ], [ 577076.5625, 2334100.9375 ], [ 577090.3125, 2334099.6875 ], [ 577096.25, 2334098.125 ], [ 577100.9375, 2334095.3125 ], [ 577107.1875, 2334086.5625 ], [ 577111.25, 2334083.125 ], [ 577116.5625, 2334080.9375 ], [ 577130.3125, 2334079.6875 ], [ 577136.25, 2334078.125 ], [ 577140.9375, 2334075.3125 ], [ 577147.1875, 2334066.5625 ], [ 577153.75, 2334061.875 ], [ 577163.125, 2334060.0 ], [ 577196.875, 2334060.0 ], [ 577206.25, 2334058.125 ], [ 577210.9375, 2334055.3125 ], [ 577217.1875, 2334046.5625 ], [ 577221.25, 2334043.125 ], [ 577226.5625, 2334040.9375 ], [ 577240.3125, 2334039.6875 ], [ 577246.25, 2334038.125 ], [ 577250.9375, 2334035.3125 ], [ 577257.1875, 2334026.5625 ], [ 577261.25, 2334023.125 ], [ 577266.5625, 2334020.9375 ], [ 577280.3125, 2334019.6875 ], [ 577286.25, 2334018.125 ], [ 577290.9375, 2334015.3125 ], [ 577297.1875, 2334006.5625 ], [ 577301.25, 2334003.125 ], [ 577306.5625, 2334000.9375 ], [ 577320.3125, 2333999.6875 ], [ 577326.25, 2333998.125 ], [ 577330.9375, 2333995.3125 ], [ 577337.1875, 2333986.5625 ], [ 577341.25, 2333983.125 ], [ 577346.5625, 2333980.9375 ], [ 577360.3125, 2333979.6875 ], [ 577366.25, 2333978.125 ], [ 577370.9375, 2333975.3125 ], [ 577377.1875, 2333966.5625 ], [ 577381.25, 2333963.125 ], [ 577386.5625, 2333960.9375 ], [ 577400.3125, 2333959.6875 ], [ 577408.75, 2333956.875 ], [ 577412.8125, 2333953.4375 ], [ 577418.59375, 2333944.21875 ], [ 577424.21875, 2333938.59375 ], [ 577428.75, 2333935.625 ], [ 577451.25, 2333924.375 ], [ 577457.8125, 2333919.6875 ], [ 577464.375, 2333911.25 ], [ 577475.625, 2333888.75 ], [ 577478.59375, 2333885.15625 ], [ 577482.1875, 2333883.4375 ], [ 577488.75, 2333884.375 ], [ 577511.25, 2333895.625 ], [ 577517.8125, 2333900.3125 ], [ 577524.375, 2333908.75 ], [ 577535.625, 2333931.25 ], [ 577541.25, 2333936.875 ], [ 577546.5625, 2333939.0625 ], [ 577553.125, 2333940.0 ], [ 577586.875, 2333940.0 ], [ 577593.90625, 2333939.53125 ], [ 577603.28125, 2333937.65625 ], [ 577633.90625, 2333923.28125 ], [ 577646.09375, 2333920.46875 ], [ 577810.3125, 2333919.6875 ], [ 577816.25, 2333918.125 ], [ 577820.9375, 2333915.3125 ], [ 577827.1875, 2333906.5625 ], [ 577833.75, 2333901.875 ], [ 577839.6875, 2333900.3125 ], [ 577850.46875, 2333899.84375 ], [ 577860.3125, 2333898.4375 ], [ 577868.75, 2333895.625 ], [ 577891.25, 2333884.375 ], [ 577896.71875, 2333882.34375 ], [ 577906.09375, 2333880.46875 ], [ 577920.3125, 2333879.6875 ], [ 577926.25, 2333878.125 ], [ 577930.9375, 2333875.3125 ], [ 577937.1875, 2333866.5625 ], [ 577941.25, 2333863.125 ], [ 577946.5625, 2333860.9375 ], [ 577960.3125, 2333859.6875 ], [ 577968.75, 2333856.875 ], [ 577972.8125, 2333853.4375 ], [ 577977.03125, 2333846.40625 ], [ 577982.1875, 2333840.3125 ], [ 577995.3125, 2333830.9375 ], [ 577999.0625, 2333823.4375 ], [ 578000.46875, 2333806.09375 ], [ 578003.28125, 2333793.90625 ], [ 578017.03125, 2333766.40625 ], [ 578020.3125, 2333762.1875 ], [ 578026.40625, 2333757.03125 ], [ 578051.25, 2333744.375 ], [ 578057.8125, 2333739.6875 ], [ 578062.96875, 2333733.59375 ], [ 578075.625, 2333708.75 ], [ 578079.0625, 2333704.6875 ], [ 578086.5625, 2333700.9375 ], [ 578100.3125, 2333699.6875 ], [ 578108.75, 2333696.875 ], [ 578112.8125, 2333693.4375 ], [ 578117.1875, 2333686.5625 ], [ 578123.75, 2333681.875 ], [ 578129.6875, 2333680.3125 ], [ 578140.3125, 2333679.6875 ], [ 578148.75, 2333676.875 ], [ 578152.8125, 2333673.4375 ], [ 578157.1875, 2333666.5625 ], [ 578163.75, 2333661.875 ], [ 578169.6875, 2333660.3125 ], [ 578180.3125, 2333659.6875 ], [ 578188.75, 2333656.875 ], [ 578192.8125, 2333653.4375 ], [ 578197.1875, 2333646.5625 ], [ 578203.75, 2333641.875 ], [ 578213.125, 2333640.0 ], [ 578253.90625, 2333639.53125 ], [ 578260.3125, 2333638.4375 ], [ 578268.75, 2333635.625 ], [ 578331.25, 2333604.375 ], [ 578335.78125, 2333601.40625 ], [ 578342.96875, 2333593.59375 ], [ 578357.1875, 2333566.5625 ], [ 578361.25, 2333563.125 ], [ 578366.5625, 2333560.9375 ], [ 578376.875, 2333560.0 ], [ 578386.25, 2333561.875 ], [ 578390.9375, 2333564.6875 ], [ 578397.1875, 2333573.4375 ], [ 578401.25, 2333576.875 ], [ 578406.5625, 2333579.0625 ], [ 578413.125, 2333580.0 ], [ 578420.3125, 2333579.6875 ], [ 578428.75, 2333576.875 ], [ 578432.8125, 2333573.4375 ], [ 578439.0625, 2333564.6875 ], [ 578446.5625, 2333560.9375 ], [ 578453.125, 2333560.0 ], [ 578486.875, 2333560.0 ], [ 578500.3125, 2333561.5625 ], [ 578508.75, 2333564.375 ], [ 578611.25, 2333615.625 ], [ 578618.75, 2333617.5 ], [ 578623.75, 2333617.1875 ], [ 578628.75, 2333615.625 ], [ 578653.59375, 2333602.96875 ], [ 578661.40625, 2333595.78125 ], [ 578667.1875, 2333586.5625 ], [ 578673.75, 2333581.875 ], [ 578679.6875, 2333580.3125 ], [ 578686.875, 2333580.0 ], [ 578693.90625, 2333580.46875 ], [ 578703.28125, 2333582.34375 ], [ 578708.75, 2333584.375 ], [ 578731.25, 2333595.625 ], [ 578737.8125, 2333600.3125 ], [ 578744.375, 2333608.75 ], [ 578755.625, 2333631.25 ], [ 578759.0625, 2333635.3125 ], [ 578763.75, 2333638.125 ], [ 578773.125, 2333640.0 ], [ 578836.875, 2333640.0 ], [ 578843.4375, 2333640.9375 ], [ 578848.75, 2333643.125 ], [ 578852.8125, 2333646.5625 ], [ 578858.59375, 2333655.78125 ], [ 578864.21875, 2333661.40625 ], [ 578868.75, 2333664.375 ], [ 578891.25, 2333675.625 ], [ 578899.6875, 2333682.1875 ], [ 578904.375, 2333688.75 ], [ 578917.03125, 2333713.59375 ], [ 578922.1875, 2333719.6875 ], [ 578928.75, 2333724.375 ], [ 578951.25, 2333735.625 ], [ 578959.6875, 2333738.4375 ], [ 578973.125, 2333740.0 ], [ 579006.875, 2333740.0 ], [ 579016.25, 2333738.125 ], [ 579022.8125, 2333733.4375 ], [ 579035.625, 2333708.75 ], [ 579042.1875, 2333700.3125 ], [ 579048.75, 2333695.625 ], [ 579071.25, 2333684.375 ], [ 579075.78125, 2333681.40625 ], [ 579081.40625, 2333675.78125 ], [ 579085.625, 2333668.75 ], [ 579089.0625, 2333664.6875 ], [ 579096.5625, 2333660.9375 ], [ 579103.125, 2333660.0 ], [ 579110.46875, 2333660.15625 ], [ 579123.28125, 2333662.34375 ], [ 579128.75, 2333664.375 ], [ 579151.25, 2333675.625 ], [ 579162.8125, 2333679.0625 ], [ 579173.125, 2333680.0 ], [ 579206.875, 2333680.0 ], [ 579217.1875, 2333679.0625 ], [ 579226.09375, 2333676.71875 ], [ 579251.25, 2333664.375 ], [ 579262.8125, 2333660.9375 ], [ 579273.125, 2333660.0 ], [ 579340.3125, 2333659.6875 ], [ 579348.75, 2333656.875 ], [ 579352.8125, 2333653.4375 ], [ 579359.0625, 2333644.6875 ], [ 579366.5625, 2333640.9375 ], [ 579373.125, 2333640.0 ], [ 579406.875, 2333640.0 ], [ 579416.25, 2333638.125 ], [ 579422.8125, 2333633.4375 ], [ 579429.0625, 2333624.6875 ], [ 579436.5625, 2333620.9375 ], [ 579443.125, 2333620.0 ], [ 579506.875, 2333620.0 ], [ 579517.1875, 2333619.0625 ], [ 579528.75, 2333615.625 ], [ 579591.25, 2333584.375 ], [ 579596.71875, 2333582.34375 ], [ 579609.53125, 2333580.15625 ], [ 579650.46875, 2333579.84375 ], [ 579663.28125, 2333577.65625 ], [ 579696.71875, 2333562.34375 ], [ 579706.09375, 2333560.46875 ], [ 579720.3125, 2333559.6875 ], [ 579726.25, 2333558.125 ], [ 579732.8125, 2333553.4375 ], [ 579739.0625, 2333544.6875 ], [ 579743.75, 2333541.875 ], [ 579749.6875, 2333540.3125 ], [ 579970.3125, 2333539.6875 ], [ 579976.25, 2333538.125 ], [ 579980.9375, 2333535.3125 ], [ 579987.1875, 2333526.5625 ], [ 579993.75, 2333521.875 ], [ 580003.125, 2333520.0 ], [ 580036.875, 2333520.0 ], [ 580043.4375, 2333519.0625 ], [ 580050.9375, 2333515.3125 ], [ 580059.0625, 2333504.6875 ], [ 580063.75, 2333501.875 ], [ 580069.6875, 2333500.3125 ], [ 580230.3125, 2333499.6875 ], [ 580238.75, 2333496.875 ], [ 580242.8125, 2333493.4375 ], [ 580249.0625, 2333484.6875 ], [ 580253.75, 2333481.875 ], [ 580259.6875, 2333480.3125 ], [ 580356.875, 2333480.0 ], [ 580363.4375, 2333479.0625 ], [ 580368.75, 2333476.875 ], [ 580372.8125, 2333473.4375 ], [ 580379.0625, 2333464.6875 ], [ 580383.75, 2333461.875 ], [ 580389.6875, 2333460.3125 ], [ 580490.3125, 2333459.6875 ], [ 580498.75, 2333456.875 ], [ 580502.8125, 2333453.4375 ], [ 580509.0625, 2333444.6875 ], [ 580516.5625, 2333440.9375 ], [ 580523.125, 2333440.0 ], [ 580556.875, 2333440.0 ], [ 580563.4375, 2333439.0625 ], [ 580570.9375, 2333435.3125 ], [ 580579.0625, 2333424.6875 ], [ 580586.5625, 2333420.9375 ], [ 580593.125, 2333420.0 ], [ 580630.46875, 2333419.84375 ], [ 580640.3125, 2333418.4375 ], [ 580648.75, 2333415.625 ], [ 580673.90625, 2333403.28125 ], [ 580679.6875, 2333401.5625 ], [ 580689.53125, 2333400.15625 ], [ 580726.875, 2333400.0 ], [ 580737.1875, 2333400.9375 ], [ 580746.09375, 2333403.28125 ], [ 580771.25, 2333415.625 ], [ 580775.78125, 2333416.71875 ], [ 580781.40625, 2333414.84375 ], [ 580787.1875, 2333406.5625 ], [ 580791.25, 2333403.125 ], [ 580796.5625, 2333400.9375 ], [ 580803.125, 2333400.0 ], [ 581136.875, 2333400.0 ], [ 581143.4375, 2333400.9375 ], [ 581150.9375, 2333404.6875 ], [ 581160.3125, 2333417.8125 ], [ 581168.75, 2333424.375 ], [ 581193.90625, 2333436.71875 ], [ 581206.09375, 2333439.53125 ], [ 581216.875, 2333440.0 ], [ 581226.25, 2333438.125 ], [ 581232.8125, 2333433.4375 ], [ 581239.0625, 2333424.6875 ], [ 581243.75, 2333421.875 ], [ 581249.6875, 2333420.3125 ], [ 581316.875, 2333420.0 ], [ 581323.4375, 2333420.9375 ], [ 581330.9375, 2333424.6875 ], [ 581334.375, 2333428.75 ], [ 581338.59375, 2333435.78125 ], [ 581344.21875, 2333441.40625 ], [ 581348.75, 2333444.375 ], [ 581371.25, 2333455.625 ], [ 581375.9375, 2333460.3125 ], [ 581376.71875, 2333464.21875 ], [ 581375.625, 2333468.75 ], [ 581364.375, 2333491.25 ], [ 581359.6875, 2333497.8125 ], [ 581351.25, 2333504.375 ], [ 581326.09375, 2333516.71875 ], [ 581320.3125, 2333518.4375 ], [ 581310.46875, 2333519.84375 ], [ 581273.125, 2333520.0 ], [ 581259.6875, 2333521.5625 ], [ 581251.25, 2333524.375 ], [ 581228.75, 2333535.625 ], [ 581217.1875, 2333539.0625 ], [ 581206.875, 2333540.0 ], [ 581173.125, 2333540.0 ], [ 581159.6875, 2333541.5625 ], [ 581151.25, 2333544.375 ], [ 581088.75, 2333575.625 ], [ 581084.0625, 2333580.3125 ], [ 581083.59375, 2333586.40625 ], [ 581095.625, 2333611.25 ], [ 581098.59375, 2333614.84375 ], [ 581102.1875, 2333616.5625 ], [ 581108.75, 2333615.625 ], [ 581131.25, 2333604.375 ], [ 581142.8125, 2333600.9375 ], [ 581153.125, 2333600.0 ], [ 581186.875, 2333600.0 ], [ 581200.3125, 2333598.4375 ], [ 581208.75, 2333595.625 ], [ 581231.25, 2333584.375 ], [ 581242.8125, 2333580.9375 ], [ 581253.125, 2333580.0 ], [ 581286.875, 2333580.0 ], [ 581300.3125, 2333578.4375 ], [ 581308.75, 2333575.625 ], [ 581331.25, 2333564.375 ], [ 581342.8125, 2333560.9375 ], [ 581353.125, 2333560.0 ], [ 581386.875, 2333560.0 ], [ 581396.25, 2333558.125 ], [ 581402.8125, 2333553.4375 ], [ 581415.625, 2333528.75 ], [ 581421.25, 2333523.125 ], [ 581429.6875, 2333520.3125 ], [ 581466.875, 2333520.0 ], [ 581476.25, 2333518.125 ], [ 581480.9375, 2333515.3125 ], [ 581487.1875, 2333506.5625 ], [ 581491.25, 2333503.125 ], [ 581496.5625, 2333500.9375 ], [ 581510.3125, 2333499.6875 ], [ 581516.25, 2333498.125 ], [ 581522.8125, 2333493.4375 ], [ 581529.0625, 2333484.6875 ], [ 581536.5625, 2333480.9375 ], [ 581543.125, 2333480.0 ], [ 581576.875, 2333480.0 ], [ 581586.25, 2333478.125 ], [ 581592.8125, 2333473.4375 ], [ 581597.03125, 2333466.40625 ], [ 581602.1875, 2333460.3125 ], [ 581615.3125, 2333450.9375 ], [ 581619.0625, 2333443.4375 ], [ 581620.0, 2333436.875 ], [ 581619.6875, 2333339.6875 ], [ 581616.875, 2333331.25 ], [ 581613.4375, 2333327.1875 ], [ 581604.6875, 2333320.9375 ], [ 581600.9375, 2333313.4375 ], [ 581600.0, 2333306.875 ], [ 581599.84375, 2333269.53125 ], [ 581598.4375, 2333259.6875 ], [ 581595.625, 2333251.25 ], [ 581583.28125, 2333226.09375 ], [ 581581.5625, 2333220.3125 ], [ 581580.15625, 2333210.46875 ], [ 581580.0, 2333173.125 ], [ 581580.9375, 2333162.8125 ], [ 581584.375, 2333151.25 ], [ 581596.71875, 2333126.09375 ], [ 581599.0625, 2333117.1875 ], [ 581600.0, 2333106.875 ], [ 581599.6875, 2333099.6875 ], [ 581596.875, 2333091.25 ], [ 581593.4375, 2333087.1875 ], [ 581586.5625, 2333082.8125 ], [ 581581.875, 2333076.25 ], [ 581580.3125, 2333070.3125 ], [ 581580.3125, 2333059.6875 ], [ 581583.125, 2333051.25 ], [ 581586.5625, 2333047.1875 ], [ 581595.3125, 2333040.9375 ], [ 581599.0625, 2333033.4375 ], [ 581600.0, 2333026.875 ], [ 581600.0, 2332993.125 ], [ 581599.0625, 2332986.5625 ], [ 581596.875, 2332981.25 ], [ 581593.4375, 2332977.1875 ], [ 581584.6875, 2332970.9375 ], [ 581581.875, 2332966.25 ], [ 581580.3125, 2332960.3125 ], [ 581580.0, 2332833.125 ], [ 581579.0625, 2332826.5625 ], [ 581575.3125, 2332819.0625 ], [ 581571.25, 2332815.625 ], [ 581548.75, 2332804.375 ], [ 581543.28125, 2332802.34375 ], [ 581533.90625, 2332800.46875 ], [ 581433.125, 2332800.0 ], [ 581422.8125, 2332800.9375 ], [ 581413.90625, 2332803.28125 ], [ 581388.75, 2332815.625 ], [ 581377.1875, 2332819.0625 ], [ 581366.875, 2332820.0 ], [ 581299.6875, 2332820.3125 ], [ 581293.75, 2332821.875 ], [ 581289.0625, 2332824.6875 ], [ 581282.8125, 2332833.4375 ], [ 581276.25, 2332838.125 ], [ 581270.3125, 2332839.6875 ], [ 581259.6875, 2332840.3125 ], [ 581251.25, 2332843.125 ], [ 581247.1875, 2332846.5625 ], [ 581242.8125, 2332853.4375 ], [ 581236.25, 2332858.125 ], [ 581226.875, 2332860.0 ], [ 581193.125, 2332860.0 ], [ 581186.5625, 2332860.9375 ], [ 581181.25, 2332863.125 ], [ 581175.625, 2332868.75 ], [ 581162.8125, 2332893.4375 ], [ 581156.25, 2332898.125 ], [ 581146.875, 2332900.0 ], [ 581113.125, 2332900.0 ], [ 581106.5625, 2332899.0625 ], [ 581101.25, 2332896.875 ], [ 581095.625, 2332891.25 ], [ 581082.8125, 2332866.5625 ], [ 581078.75, 2332863.125 ], [ 581073.4375, 2332860.9375 ], [ 581063.125, 2332860.0 ], [ 581053.75, 2332861.875 ], [ 581047.1875, 2332866.5625 ], [ 581041.40625, 2332874.84375 ], [ 581037.8125, 2332876.5625 ], [ 581033.59375, 2332876.40625 ], [ 580966.09375, 2332843.28125 ], [ 580953.90625, 2332840.46875 ], [ 580939.6875, 2332840.3125 ], [ 580931.25, 2332843.125 ], [ 580927.1875, 2332846.5625 ], [ 580920.9375, 2332855.3125 ], [ 580913.4375, 2332859.0625 ], [ 580906.875, 2332860.0 ], [ 580873.125, 2332860.0 ], [ 580862.8125, 2332860.9375 ], [ 580853.90625, 2332863.28125 ], [ 580828.75, 2332875.625 ], [ 580820.3125, 2332878.4375 ], [ 580806.875, 2332880.0 ], [ 580769.53125, 2332880.15625 ], [ 580762.8125, 2332880.9375 ], [ 580753.90625, 2332883.28125 ], [ 580686.40625, 2332917.03125 ], [ 580680.3125, 2332922.1875 ], [ 580672.8125, 2332933.4375 ], [ 580668.75, 2332936.875 ], [ 580660.3125, 2332939.6875 ], [ 580646.09375, 2332939.53125 ], [ 580639.6875, 2332938.4375 ], [ 580631.25, 2332935.625 ], [ 580608.75, 2332924.375 ], [ 580604.21875, 2332921.40625 ], [ 580597.03125, 2332913.59375 ], [ 580584.375, 2332888.75 ], [ 580579.6875, 2332882.1875 ], [ 580571.25, 2332875.625 ], [ 580548.75, 2332864.375 ], [ 580540.3125, 2332861.5625 ], [ 580530.46875, 2332860.15625 ], [ 580459.6875, 2332859.6875 ], [ 580453.75, 2332858.125 ], [ 580449.0625, 2332855.3125 ], [ 580442.8125, 2332846.5625 ], [ 580436.25, 2332841.875 ], [ 580430.3125, 2332840.3125 ], [ 580419.6875, 2332839.6875 ], [ 580411.25, 2332836.875 ], [ 580407.1875, 2332833.4375 ], [ 580401.40625, 2332824.21875 ], [ 580395.78125, 2332818.59375 ], [ 580391.25, 2332815.625 ], [ 580368.75, 2332804.375 ], [ 580360.3125, 2332797.8125 ], [ 580355.625, 2332791.25 ], [ 580344.375, 2332768.75 ], [ 580337.8125, 2332760.3125 ], [ 580331.25, 2332755.625 ], [ 580308.75, 2332744.375 ], [ 580300.3125, 2332737.8125 ], [ 580295.625, 2332731.25 ], [ 580284.375, 2332708.75 ], [ 580280.9375, 2332704.6875 ], [ 580276.25, 2332701.875 ], [ 580270.3125, 2332700.3125 ], [ 580233.125, 2332700.0 ], [ 580226.5625, 2332699.0625 ], [ 580221.25, 2332696.875 ], [ 580215.625, 2332691.25 ], [ 580204.375, 2332668.75 ], [ 580199.6875, 2332662.1875 ], [ 580191.25, 2332655.625 ], [ 580168.75, 2332644.375 ], [ 580164.21875, 2332641.40625 ], [ 580158.59375, 2332635.78125 ], [ 580152.8125, 2332626.5625 ], [ 580148.75, 2332623.125 ], [ 580143.4375, 2332620.9375 ], [ 580136.875, 2332620.0 ], [ 580073.125, 2332620.0 ], [ 580059.6875, 2332618.4375 ], [ 580051.25, 2332615.625 ], [ 580028.75, 2332604.375 ], [ 580023.28125, 2332602.34375 ], [ 580013.90625, 2332600.46875 ], [ 579999.6875, 2332599.6875 ], [ 579993.75, 2332598.125 ], [ 579987.1875, 2332593.4375 ], [ 579980.9375, 2332584.6875 ], [ 579973.4375, 2332580.9375 ], [ 579966.875, 2332580.0 ], [ 579899.6875, 2332579.6875 ], [ 579891.25, 2332576.875 ], [ 579887.1875, 2332573.4375 ], [ 579880.9375, 2332564.6875 ], [ 579876.25, 2332561.875 ], [ 579870.3125, 2332560.3125 ], [ 579739.6875, 2332559.6875 ], [ 579733.75, 2332558.125 ], [ 579729.0625, 2332555.3125 ], [ 579722.8125, 2332546.5625 ], [ 579716.25, 2332541.875 ], [ 579710.3125, 2332540.3125 ], [ 579699.6875, 2332539.6875 ], [ 579691.25, 2332536.875 ], [ 579687.1875, 2332533.4375 ], [ 579682.96875, 2332526.71875 ], [ 579677.8125, 2332523.4375 ], [ 579671.25, 2332524.375 ], [ 579648.75, 2332535.625 ], [ 579643.28125, 2332537.65625 ], [ 579630.46875, 2332539.84375 ], [ 579619.6875, 2332539.6875 ], [ 579611.25, 2332536.875 ], [ 579607.1875, 2332533.4375 ], [ 579600.9375, 2332524.6875 ], [ 579593.4375, 2332520.9375 ], [ 579586.875, 2332520.0 ], [ 579523.125, 2332520.0 ], [ 579513.75, 2332518.125 ], [ 579509.0625, 2332515.3125 ], [ 579502.8125, 2332506.5625 ], [ 579498.75, 2332503.125 ], [ 579493.4375, 2332500.9375 ], [ 579479.6875, 2332499.6875 ], [ 579473.75, 2332498.125 ], [ 579469.0625, 2332495.3125 ], [ 579462.8125, 2332486.5625 ], [ 579458.75, 2332483.125 ], [ 579453.4375, 2332480.9375 ], [ 579446.875, 2332480.0 ], [ 579349.6875, 2332480.3125 ], [ 579341.25, 2332483.125 ], [ 579337.1875, 2332486.5625 ], [ 579330.9375, 2332495.3125 ], [ 579326.25, 2332498.125 ], [ 579320.3125, 2332499.6875 ], [ 579253.125, 2332500.0 ], [ 579239.6875, 2332501.5625 ], [ 579231.25, 2332504.375 ], [ 579206.40625, 2332517.03125 ], [ 579200.3125, 2332522.1875 ], [ 579190.9375, 2332535.3125 ], [ 579186.25, 2332538.125 ], [ 579180.3125, 2332539.6875 ], [ 579169.6875, 2332539.6875 ], [ 579163.75, 2332538.125 ], [ 579157.1875, 2332533.4375 ], [ 579150.9375, 2332524.6875 ], [ 579146.25, 2332521.875 ], [ 579140.3125, 2332520.3125 ], [ 579043.125, 2332520.0 ], [ 579036.5625, 2332520.9375 ], [ 579031.25, 2332523.125 ], [ 579027.1875, 2332526.5625 ], [ 579020.9375, 2332535.3125 ], [ 579016.25, 2332538.125 ], [ 579010.3125, 2332539.6875 ], [ 578823.125, 2332540.0 ], [ 578816.5625, 2332540.9375 ], [ 578811.25, 2332543.125 ], [ 578807.1875, 2332546.5625 ], [ 578802.8125, 2332553.4375 ], [ 578796.25, 2332558.125 ], [ 578790.3125, 2332559.6875 ], [ 578779.6875, 2332559.6875 ], [ 578771.25, 2332556.875 ], [ 578767.1875, 2332553.4375 ], [ 578760.9375, 2332544.6875 ], [ 578753.4375, 2332540.9375 ], [ 578746.875, 2332540.0 ], [ 578679.6875, 2332539.6875 ], [ 578671.25, 2332536.875 ], [ 578667.1875, 2332533.4375 ], [ 578660.9375, 2332524.6875 ], [ 578653.4375, 2332520.9375 ], [ 578646.875, 2332520.0 ], [ 578613.125, 2332520.0 ], [ 578603.75, 2332518.125 ], [ 578597.1875, 2332513.4375 ], [ 578582.96875, 2332486.40625 ], [ 578579.6875, 2332482.1875 ], [ 578573.59375, 2332477.03125 ], [ 578468.75, 2332424.375 ], [ 578460.3125, 2332421.5625 ], [ 578446.875, 2332420.0 ], [ 578439.6875, 2332420.3125 ], [ 578431.25, 2332423.125 ], [ 578427.1875, 2332426.5625 ], [ 578421.40625, 2332435.78125 ], [ 578415.78125, 2332441.40625 ], [ 578411.25, 2332444.375 ], [ 578388.75, 2332455.625 ], [ 578384.6875, 2332459.0625 ], [ 578380.9375, 2332466.5625 ], [ 578379.6875, 2332480.3125 ], [ 578376.875, 2332488.75 ], [ 578373.4375, 2332492.8125 ], [ 578366.40625, 2332497.03125 ], [ 578360.3125, 2332502.1875 ], [ 578355.625, 2332508.75 ], [ 578342.96875, 2332533.28125 ], [ 578339.6875, 2332535.9375 ], [ 578335.78125, 2332536.71875 ], [ 578331.25, 2332535.625 ], [ 578306.40625, 2332522.96875 ], [ 578300.3125, 2332517.8125 ], [ 578290.9375, 2332504.6875 ], [ 578283.4375, 2332500.9375 ], [ 578273.125, 2332500.0 ], [ 578263.75, 2332501.875 ], [ 578259.0625, 2332504.6875 ], [ 578252.8125, 2332513.4375 ], [ 578248.75, 2332516.875 ], [ 578243.4375, 2332519.0625 ], [ 578233.125, 2332520.0 ], [ 578222.8125, 2332519.0625 ], [ 578213.90625, 2332516.71875 ], [ 578188.75, 2332504.375 ], [ 578182.1875, 2332499.6875 ], [ 578175.625, 2332491.25 ], [ 578164.375, 2332468.75 ], [ 578163.4375, 2332462.1875 ], [ 578165.15625, 2332458.59375 ], [ 578168.75, 2332455.625 ], [ 578191.25, 2332444.375 ], [ 578195.3125, 2332440.9375 ], [ 578198.125, 2332436.25 ], [ 578199.6875, 2332430.3125 ], [ 578200.0, 2332423.125 ], [ 578199.0625, 2332416.5625 ], [ 578195.3125, 2332409.0625 ], [ 578182.1875, 2332399.6875 ], [ 578178.59375, 2332395.78125 ], [ 578174.375, 2332388.75 ], [ 578170.9375, 2332384.6875 ], [ 578166.25, 2332381.875 ], [ 578156.875, 2332380.0 ], [ 578149.6875, 2332380.3125 ], [ 578141.25, 2332383.125 ], [ 578137.1875, 2332386.5625 ], [ 578132.8125, 2332393.4375 ], [ 578126.25, 2332398.125 ], [ 578120.3125, 2332399.6875 ], [ 578109.6875, 2332400.3125 ], [ 578101.25, 2332403.125 ], [ 578097.1875, 2332406.5625 ], [ 578090.9375, 2332415.3125 ], [ 578086.25, 2332418.125 ], [ 578080.3125, 2332419.6875 ], [ 577979.6875, 2332419.6875 ], [ 577973.75, 2332418.125 ], [ 577969.0625, 2332415.3125 ], [ 577962.8125, 2332406.5625 ], [ 577956.25, 2332401.875 ], [ 577946.875, 2332400.0 ], [ 577936.5625, 2332400.9375 ], [ 577929.0625, 2332404.6875 ], [ 577925.625, 2332408.75 ], [ 577921.40625, 2332415.78125 ], [ 577915.78125, 2332421.40625 ], [ 577911.25, 2332424.375 ], [ 577888.75, 2332435.625 ], [ 577882.1875, 2332440.3125 ], [ 577877.03125, 2332446.40625 ], [ 577864.375, 2332471.25 ], [ 577857.8125, 2332479.6875 ], [ 577851.25, 2332484.375 ], [ 577828.75, 2332495.625 ], [ 577821.25, 2332497.5 ], [ 577813.75, 2332496.5625 ], [ 577788.75, 2332484.375 ], [ 577784.21875, 2332483.28125 ], [ 577778.59375, 2332485.15625 ], [ 577772.8125, 2332493.4375 ], [ 577768.75, 2332496.875 ], [ 577760.3125, 2332499.6875 ], [ 577693.125, 2332500.0 ], [ 577679.6875, 2332501.5625 ], [ 577671.25, 2332504.375 ], [ 577566.40625, 2332557.03125 ], [ 577562.1875, 2332560.3125 ], [ 577557.03125, 2332566.40625 ], [ 577544.375, 2332591.25 ], [ 577542.34375, 2332596.71875 ], [ 577540.15625, 2332609.53125 ], [ 577540.0, 2332646.875 ], [ 577539.0625, 2332657.1875 ], [ 577535.625, 2332668.75 ], [ 577523.28125, 2332693.90625 ], [ 577520.46875, 2332706.09375 ], [ 577520.0, 2332746.875 ], [ 577520.9375, 2332753.4375 ], [ 577524.6875, 2332760.9375 ], [ 577533.4375, 2332767.1875 ], [ 577538.125, 2332773.75 ], [ 577540.0, 2332783.125 ], [ 577539.0625, 2332793.4375 ], [ 577536.875, 2332798.75 ], [ 577533.4375, 2332802.8125 ], [ 577504.21875, 2332818.59375 ], [ 577498.59375, 2332824.21875 ], [ 577492.8125, 2332833.4375 ], [ 577486.25, 2332838.125 ], [ 577480.3125, 2332839.6875 ], [ 577473.125, 2332840.0 ], [ 577466.09375, 2332839.53125 ], [ 577456.71875, 2332837.65625 ], [ 577451.25, 2332835.625 ], [ 577428.75, 2332824.375 ], [ 577420.3125, 2332817.8125 ], [ 577415.625, 2332811.25 ], [ 577404.375, 2332788.75 ], [ 577401.40625, 2332784.21875 ], [ 577395.78125, 2332778.59375 ], [ 577386.5625, 2332772.8125 ], [ 577383.125, 2332768.75 ], [ 577380.3125, 2332760.3125 ], [ 577379.53125, 2332746.09375 ], [ 577376.71875, 2332733.90625 ], [ 577364.375, 2332708.75 ], [ 577360.9375, 2332704.6875 ], [ 577356.25, 2332701.875 ], [ 577350.3125, 2332700.3125 ], [ 577313.125, 2332700.0 ], [ 577306.5625, 2332699.0625 ], [ 577299.0625, 2332695.3125 ], [ 577291.875, 2332685.625 ], [ 577290.625, 2332685.0 ], [ 577288.125, 2332685.625 ], [ 577281.40625, 2332695.78125 ], [ 577275.78125, 2332701.40625 ], [ 577271.25, 2332704.375 ], [ 577248.75, 2332715.625 ], [ 577243.125, 2332721.25 ], [ 577240.9375, 2332726.5625 ], [ 577240.0, 2332733.125 ], [ 577240.0, 2332766.875 ], [ 577241.875, 2332776.25 ], [ 577246.5625, 2332782.8125 ], [ 577273.59375, 2332797.03125 ], [ 577277.8125, 2332800.3125 ], [ 577282.96875, 2332806.40625 ], [ 577296.5625, 2332833.75 ], [ 577297.5, 2332841.25 ], [ 577295.625, 2332848.75 ], [ 577284.375, 2332871.25 ], [ 577277.8125, 2332879.6875 ], [ 577271.25, 2332884.375 ], [ 577248.75, 2332895.625 ], [ 577244.21875, 2332898.59375 ], [ 577238.59375, 2332904.21875 ], [ 577232.8125, 2332913.4375 ], [ 577228.75, 2332916.875 ], [ 577220.3125, 2332919.6875 ], [ 577206.5625, 2332920.9375 ], [ 577199.0625, 2332924.6875 ], [ 577195.625, 2332928.75 ], [ 577182.96875, 2332953.59375 ], [ 577177.8125, 2332959.6875 ], [ 577171.25, 2332964.375 ], [ 577148.75, 2332975.625 ], [ 577140.3125, 2332982.1875 ], [ 577135.625, 2332988.75 ], [ 577124.375, 2333011.25 ], [ 577122.34375, 2333016.71875 ], [ 577120.46875, 2333026.09375 ], [ 577120.0, 2333096.875 ], [ 577120.9375, 2333103.4375 ], [ 577123.125, 2333108.75 ], [ 577126.5625, 2333112.8125 ], [ 577135.78125, 2333118.59375 ], [ 577141.40625, 2333124.21875 ], [ 577144.375, 2333128.75 ], [ 577155.625, 2333151.25 ], [ 577162.1875, 2333159.6875 ], [ 577168.75, 2333164.375 ], [ 577191.25, 2333175.625 ], [ 577199.6875, 2333182.1875 ], [ 577204.375, 2333188.75 ], [ 577215.625, 2333211.25 ], [ 577217.65625, 2333216.71875 ], [ 577219.0625, 2333222.8125 ], [ 577220.0, 2333233.125 ], [ 577220.0, 2333266.875 ], [ 577219.0625, 2333277.1875 ], [ 577215.625, 2333288.75 ], [ 577204.375, 2333311.25 ], [ 577197.8125, 2333319.6875 ], [ 577191.25, 2333324.375 ], [ 577168.75, 2333335.625 ], [ 577161.25, 2333337.5 ], [ 577156.25, 2333337.1875 ], [ 577151.25, 2333335.625 ], [ 577128.75, 2333324.375 ], [ 577122.1875, 2333319.6875 ], [ 577115.625, 2333311.25 ], [ 577044.375, 2333168.75 ], [ 577037.8125, 2333160.3125 ], [ 577026.5625, 2333152.8125 ], [ 577023.125, 2333148.75 ], [ 577020.9375, 2333143.4375 ], [ 577019.6875, 2333129.6875 ], [ 577018.125, 2333123.75 ], [ 577015.3125, 2333119.0625 ], [ 577006.5625, 2333112.8125 ], [ 577001.875, 2333106.25 ], [ 577000.3125, 2333100.3125 ], [ 576999.53125, 2333086.09375 ], [ 576997.65625, 2333076.71875 ], [ 576995.625, 2333071.25 ], [ 576984.375, 2333048.75 ], [ 576981.40625, 2333044.21875 ], [ 576977.8125, 2333040.3125 ], [ 576971.25, 2333035.625 ], [ 576948.75, 2333024.375 ], [ 576941.25, 2333022.5 ], [ 576936.25, 2333022.8125 ], [ 576931.25, 2333024.375 ], [ 576908.75, 2333035.625 ], [ 576904.21875, 2333038.59375 ], [ 576897.03125, 2333046.40625 ], [ 576881.40625, 2333075.78125 ], [ 576875.78125, 2333081.40625 ], [ 576866.5625, 2333087.1875 ], [ 576863.125, 2333091.25 ], [ 576860.9375, 2333096.5625 ], [ 576860.0, 2333103.125 ], [ 576860.46875, 2333113.90625 ], [ 576862.34375, 2333123.28125 ], [ 576864.375, 2333128.75 ], [ 576875.625, 2333151.25 ], [ 576880.3125, 2333157.8125 ], [ 576884.21875, 2333161.40625 ], [ 576893.4375, 2333167.1875 ], [ 576898.125, 2333173.75 ], [ 576899.6875, 2333179.6875 ], [ 576899.6875, 2333190.3125 ], [ 576898.125, 2333196.25 ], [ 576895.3125, 2333200.9375 ], [ 576891.25, 2333204.375 ], [ 576868.75, 2333215.625 ], [ 576862.1875, 2333220.3125 ], [ 576857.03125, 2333226.40625 ], [ 576844.375, 2333251.25 ], [ 576839.6875, 2333257.8125 ], [ 576833.59375, 2333262.96875 ], [ 576808.75, 2333275.625 ], [ 576802.1875, 2333280.3125 ], [ 576797.03125, 2333286.40625 ], [ 576784.375, 2333311.25 ], [ 576779.6875, 2333317.8125 ], [ 576773.59375, 2333322.96875 ], [ 576748.75, 2333335.625 ], [ 576742.1875, 2333340.3125 ], [ 576737.03125, 2333346.40625 ], [ 576724.375, 2333371.25 ], [ 576720.9375, 2333375.3125 ], [ 576713.4375, 2333379.0625 ], [ 576699.6875, 2333380.3125 ], [ 576691.25, 2333383.125 ], [ 576687.1875, 2333386.5625 ], [ 576681.40625, 2333395.78125 ], [ 576675.78125, 2333401.40625 ], [ 576671.25, 2333404.375 ], [ 576648.75, 2333415.625 ], [ 576644.6875, 2333419.0625 ], [ 576641.875, 2333423.75 ], [ 576640.3125, 2333429.6875 ], [ 576639.6875, 2333470.3125 ], [ 576638.125, 2333476.25 ], [ 576635.3125, 2333480.9375 ], [ 576631.25, 2333484.375 ], [ 576608.75, 2333495.625 ], [ 576602.1875, 2333500.3125 ], [ 576597.03125, 2333506.40625 ], [ 576584.375, 2333531.25 ], [ 576579.6875, 2333537.8125 ], [ 576573.59375, 2333542.96875 ], [ 576548.75, 2333555.625 ], [ 576542.1875, 2333560.3125 ], [ 576537.03125, 2333566.40625 ], [ 576524.375, 2333591.25 ], [ 576519.6875, 2333597.8125 ], [ 576513.59375, 2333602.96875 ], [ 576488.75, 2333615.625 ], [ 576482.1875, 2333620.3125 ], [ 576477.03125, 2333626.40625 ], [ 576464.375, 2333651.25 ], [ 576459.6875, 2333657.8125 ], [ 576453.59375, 2333662.96875 ], [ 576428.75, 2333675.625 ], [ 576422.1875, 2333680.3125 ], [ 576417.03125, 2333686.40625 ], [ 576404.375, 2333711.25 ], [ 576400.9375, 2333715.3125 ], [ 576396.25, 2333718.125 ], [ 576390.3125, 2333719.6875 ], [ 576353.125, 2333720.0 ], [ 576346.5625, 2333720.9375 ], [ 576341.25, 2333723.125 ], [ 576335.625, 2333728.75 ], [ 576324.375, 2333751.25 ], [ 576317.8125, 2333759.6875 ], [ 576311.25, 2333764.375 ], [ 576288.75, 2333775.625 ], [ 576280.3125, 2333782.1875 ], [ 576275.625, 2333788.75 ], [ 576264.375, 2333811.25 ], [ 576260.9375, 2333815.3125 ], [ 576253.4375, 2333819.0625 ], [ 576239.6875, 2333820.3125 ], [ 576231.25, 2333823.125 ], [ 576227.1875, 2333826.5625 ], [ 576221.40625, 2333835.78125 ], [ 576215.78125, 2333841.40625 ], [ 576211.25, 2333844.375 ], [ 576188.75, 2333855.625 ], [ 576182.1875, 2333860.3125 ], [ 576175.625, 2333868.75 ], [ 576162.96875, 2333893.59375 ], [ 576155.78125, 2333901.40625 ], [ 576151.25, 2333904.375 ], [ 576088.75, 2333935.625 ], [ 576084.21875, 2333938.59375 ], [ 576077.03125, 2333946.40625 ], [ 576064.375, 2333971.25 ], [ 576058.75, 2333976.875 ], [ 576053.4375, 2333979.0625 ], [ 576039.6875, 2333980.3125 ], [ 576031.25, 2333983.125 ], [ 576027.1875, 2333986.5625 ], [ 576019.6875, 2333997.8125 ], [ 576013.59375, 2334002.96875 ], [ 575948.75, 2334035.625 ], [ 575942.1875, 2334040.3125 ], [ 575937.03125, 2334046.40625 ], [ 575924.375, 2334071.25 ], [ 575919.6875, 2334077.8125 ], [ 575913.59375, 2334082.96875 ], [ 575888.75, 2334095.625 ], [ 575882.1875, 2334100.3125 ], [ 575877.03125, 2334106.40625 ], [ 575864.375, 2334131.25 ], [ 575859.6875, 2334137.8125 ], [ 575853.59375, 2334142.96875 ], [ 575828.75, 2334155.625 ], [ 575822.1875, 2334160.3125 ], [ 575817.03125, 2334166.40625 ], [ 575804.375, 2334191.25 ], [ 575799.6875, 2334197.8125 ], [ 575793.59375, 2334202.96875 ], [ 575768.75, 2334215.625 ], [ 575762.1875, 2334220.3125 ], [ 575757.03125, 2334226.40625 ], [ 575744.375, 2334251.25 ], [ 575739.6875, 2334257.8125 ], [ 575733.59375, 2334262.96875 ], [ 575708.75, 2334275.625 ], [ 575702.1875, 2334280.3125 ], [ 575697.03125, 2334286.40625 ], [ 575684.375, 2334311.25 ], [ 575679.6875, 2334317.8125 ], [ 575673.59375, 2334322.96875 ], [ 575648.75, 2334335.625 ], [ 575642.1875, 2334340.3125 ], [ 575637.03125, 2334346.40625 ], [ 575624.375, 2334371.25 ], [ 575619.6875, 2334377.8125 ], [ 575613.59375, 2334382.96875 ], [ 575588.75, 2334395.625 ], [ 575582.1875, 2334400.3125 ], [ 575577.03125, 2334406.40625 ], [ 575564.375, 2334431.25 ], [ 575559.6875, 2334437.8125 ], [ 575553.59375, 2334442.96875 ], [ 575528.75, 2334455.625 ], [ 575522.1875, 2334460.3125 ], [ 575517.03125, 2334466.40625 ], [ 575504.375, 2334491.25 ], [ 575499.6875, 2334497.8125 ], [ 575493.59375, 2334502.96875 ], [ 575468.75, 2334515.625 ], [ 575460.3125, 2334522.1875 ], [ 575455.625, 2334528.75 ], [ 575422.96875, 2334593.59375 ], [ 575417.8125, 2334599.6875 ], [ 575406.5625, 2334607.1875 ], [ 575403.125, 2334611.25 ], [ 575400.9375, 2334616.5625 ], [ 575399.6875, 2334630.3125 ], [ 575396.875, 2334638.75 ], [ 575391.25, 2334644.375 ], [ 575368.75, 2334655.625 ], [ 575360.3125, 2334662.1875 ], [ 575355.625, 2334668.75 ], [ 575344.375, 2334691.25 ], [ 575340.9375, 2334695.3125 ], [ 575333.4375, 2334699.0625 ], [ 575319.6875, 2334700.3125 ], [ 575311.25, 2334703.125 ], [ 575307.1875, 2334706.5625 ], [ 575302.8125, 2334713.4375 ], [ 575296.25, 2334718.125 ], [ 575290.3125, 2334719.6875 ], [ 575279.6875, 2334720.3125 ], [ 575271.25, 2334723.125 ], [ 575267.1875, 2334726.5625 ], [ 575262.96875, 2334733.59375 ], [ 575257.8125, 2334739.6875 ], [ 575251.25, 2334744.375 ], [ 575228.75, 2334755.625 ], [ 575224.21875, 2334758.59375 ], [ 575218.59375, 2334764.21875 ], [ 575212.8125, 2334773.4375 ], [ 575208.75, 2334776.875 ], [ 575203.4375, 2334779.0625 ], [ 575189.6875, 2334780.3125 ], [ 575183.75, 2334781.875 ], [ 575179.0625, 2334784.6875 ], [ 575172.8125, 2334793.4375 ], [ 575168.75, 2334796.875 ], [ 575163.4375, 2334799.0625 ], [ 575149.6875, 2334800.3125 ], [ 575143.75, 2334801.875 ], [ 575139.0625, 2334804.6875 ], [ 575132.8125, 2334813.4375 ], [ 575126.25, 2334818.125 ], [ 575120.3125, 2334819.6875 ], [ 575102.8125, 2334820.9375 ], [ 575093.90625, 2334823.28125 ], [ 575028.75, 2334855.625 ], [ 575023.28125, 2334857.65625 ], [ 575010.46875, 2334859.84375 ], [ 574973.125, 2334860.0 ], [ 574966.5625, 2334860.9375 ], [ 574959.0625, 2334864.6875 ], [ 574952.8125, 2334873.4375 ], [ 574946.25, 2334878.125 ], [ 574940.3125, 2334879.6875 ], [ 574926.09375, 2334880.46875 ], [ 574916.71875, 2334882.34375 ], [ 574911.25, 2334884.375 ], [ 574886.71875, 2334897.03125 ], [ 574884.0625, 2334900.3125 ], [ 574883.59375, 2334906.40625 ], [ 574897.03125, 2334933.59375 ], [ 574900.3125, 2334937.8125 ], [ 574906.40625, 2334942.96875 ], [ 574931.25, 2334955.625 ], [ 574939.6875, 2334962.1875 ], [ 574944.375, 2334968.75 ], [ 574955.625, 2334991.25 ], [ 574956.5625, 2334997.8125 ], [ 574954.84375, 2335001.40625 ], [ 574946.5625, 2335007.1875 ], [ 574941.875, 2335013.75 ], [ 574940.3125, 2335019.6875 ], [ 574939.53125, 2335033.90625 ], [ 574937.65625, 2335043.28125 ], [ 574935.625, 2335048.75 ], [ 574924.375, 2335071.25 ], [ 574921.40625, 2335075.78125 ], [ 574913.59375, 2335082.96875 ], [ 574888.75, 2335095.625 ], [ 574884.6875, 2335099.0625 ], [ 574880.9375, 2335106.5625 ], [ 574879.6875, 2335120.3125 ], [ 574876.875, 2335128.75 ], [ 574873.4375, 2335132.8125 ], [ 574864.21875, 2335138.59375 ], [ 574858.59375, 2335144.21875 ], [ 574841.40625, 2335175.78125 ], [ 574833.59375, 2335182.96875 ], [ 574808.75, 2335195.625 ], [ 574800.3125, 2335202.1875 ], [ 574795.625, 2335208.75 ], [ 574784.375, 2335231.25 ], [ 574777.8125, 2335239.6875 ], [ 574771.25, 2335244.375 ], [ 574708.75, 2335275.625 ], [ 574704.21875, 2335278.59375 ], [ 574697.03125, 2335286.40625 ], [ 574684.375, 2335311.25 ], [ 574677.8125, 2335319.6875 ], [ 574671.25, 2335324.375 ], [ 574608.75, 2335355.625 ], [ 574604.21875, 2335358.59375 ], [ 574597.03125, 2335366.40625 ], [ 574584.375, 2335391.25 ], [ 574578.75, 2335396.875 ], [ 574573.4375, 2335399.0625 ], [ 574566.875, 2335400.0 ], [ 574499.6875, 2335399.6875 ], [ 574493.75, 2335398.125 ], [ 574489.0625, 2335395.3125 ], [ 574482.8125, 2335386.5625 ], [ 574476.25, 2335381.875 ], [ 574466.875, 2335380.0 ], [ 574459.6875, 2335380.3125 ], [ 574453.75, 2335381.875 ], [ 574447.1875, 2335386.5625 ], [ 574441.40625, 2335395.78125 ], [ 574435.78125, 2335401.40625 ], [ 574431.25, 2335404.375 ], [ 574408.75, 2335415.625 ], [ 574400.3125, 2335422.1875 ], [ 574395.625, 2335428.75 ], [ 574382.96875, 2335453.59375 ], [ 574375.78125, 2335461.40625 ], [ 574344.21875, 2335478.59375 ], [ 574338.59375, 2335484.21875 ], [ 574332.8125, 2335493.4375 ], [ 574328.75, 2335496.875 ], [ 574320.3125, 2335499.6875 ], [ 574306.5625, 2335500.9375 ], [ 574301.25, 2335503.125 ], [ 574297.1875, 2335506.5625 ], [ 574281.40625, 2335535.78125 ], [ 574275.78125, 2335541.40625 ], [ 574266.5625, 2335547.1875 ], [ 574263.125, 2335551.25 ], [ 574260.9375, 2335556.5625 ], [ 574259.6875, 2335570.3125 ], [ 574258.125, 2335576.25 ], [ 574255.3125, 2335580.9375 ], [ 574246.5625, 2335587.1875 ], [ 574243.125, 2335591.25 ], [ 574240.9375, 2335596.5625 ], [ 574239.6875, 2335610.3125 ], [ 574238.125, 2335616.25 ], [ 574235.3125, 2335620.9375 ], [ 574226.5625, 2335627.1875 ], [ 574223.125, 2335631.25 ], [ 574220.9375, 2335636.5625 ], [ 574219.6875, 2335650.3125 ], [ 574218.125, 2335656.25 ], [ 574215.3125, 2335660.9375 ], [ 574206.5625, 2335667.1875 ], [ 574201.875, 2335673.75 ], [ 574200.0, 2335683.125 ], [ 574200.0, 2335716.875 ], [ 574199.0625, 2335723.4375 ], [ 574196.875, 2335728.75 ], [ 574193.4375, 2335732.8125 ], [ 574184.21875, 2335738.59375 ], [ 574178.59375, 2335744.21875 ], [ 574175.625, 2335748.75 ], [ 574164.375, 2335771.25 ], [ 574159.6875, 2335777.8125 ], [ 574153.59375, 2335782.96875 ], [ 574128.75, 2335795.625 ], [ 574122.1875, 2335800.3125 ], [ 574115.625, 2335808.75 ], [ 574102.96875, 2335833.59375 ], [ 574099.6875, 2335837.8125 ], [ 574093.59375, 2335842.96875 ], [ 574026.09375, 2335876.71875 ], [ 574013.90625, 2335879.53125 ], [ 573999.6875, 2335880.3125 ], [ 573991.25, 2335883.125 ], [ 573987.1875, 2335886.5625 ], [ 573981.40625, 2335895.78125 ], [ 573975.78125, 2335901.40625 ], [ 573971.25, 2335904.375 ], [ 573948.75, 2335915.625 ], [ 573942.1875, 2335920.3125 ], [ 573937.03125, 2335926.40625 ], [ 573924.375, 2335951.25 ], [ 573919.6875, 2335957.8125 ], [ 573913.59375, 2335962.96875 ], [ 573888.75, 2335975.625 ], [ 573882.1875, 2335980.3125 ], [ 573875.625, 2335988.75 ], [ 573864.375, 2336011.25 ], [ 573861.40625, 2336015.78125 ], [ 573855.78125, 2336021.40625 ], [ 573846.5625, 2336027.1875 ], [ 573843.125, 2336031.25 ], [ 573840.9375, 2336036.5625 ], [ 573839.6875, 2336050.3125 ], [ 573838.125, 2336056.25 ], [ 573835.3125, 2336060.9375 ], [ 573826.5625, 2336067.1875 ], [ 573823.125, 2336071.25 ], [ 573820.9375, 2336076.5625 ], [ 573819.6875, 2336090.3125 ], [ 573818.125, 2336096.25 ], [ 573815.3125, 2336100.9375 ], [ 573806.5625, 2336107.1875 ], [ 573801.875, 2336113.75 ], [ 573800.3125, 2336119.6875 ], [ 573799.0625, 2336137.1875 ], [ 573796.71875, 2336146.09375 ], [ 573784.375, 2336171.25 ], [ 573779.6875, 2336177.8125 ], [ 573771.25, 2336184.375 ], [ 573668.75, 2336235.625 ], [ 573662.1875, 2336240.3125 ], [ 573657.03125, 2336246.40625 ], [ 573643.28125, 2336273.90625 ], [ 573640.9375, 2336282.8125 ], [ 573640.0, 2336293.125 ], [ 573640.3125, 2336360.3125 ], [ 573641.875, 2336366.25 ], [ 573644.6875, 2336370.9375 ], [ 573653.4375, 2336377.1875 ], [ 573656.875, 2336381.25 ], [ 573659.0625, 2336386.5625 ], [ 573660.0, 2336393.125 ], [ 573660.0, 2336486.875 ], [ 573658.125, 2336496.25 ], [ 573653.4375, 2336502.8125 ], [ 573624.21875, 2336518.59375 ], [ 573618.59375, 2336524.21875 ], [ 573612.8125, 2336533.4375 ], [ 573608.75, 2336536.875 ], [ 573603.4375, 2336539.0625 ], [ 573596.875, 2336540.0 ], [ 573563.125, 2336540.0 ], [ 573556.5625, 2336539.0625 ], [ 573549.0625, 2336535.3125 ], [ 573540.9375, 2336524.6875 ], [ 573536.25, 2336521.875 ], [ 573530.3125, 2336520.3125 ], [ 573433.125, 2336520.0 ], [ 573423.75, 2336521.875 ], [ 573419.0625, 2336524.6875 ], [ 573415.625, 2336528.75 ], [ 573404.375, 2336551.25 ], [ 573397.8125, 2336559.6875 ], [ 573391.25, 2336564.375 ], [ 573368.75, 2336575.625 ], [ 573360.3125, 2336582.1875 ], [ 573355.625, 2336588.75 ], [ 573344.375, 2336611.25 ], [ 573340.9375, 2336615.3125 ], [ 573336.25, 2336618.125 ], [ 573330.3125, 2336619.6875 ], [ 573293.125, 2336620.0 ], [ 573286.5625, 2336620.9375 ], [ 573281.25, 2336623.125 ], [ 573275.625, 2336628.75 ], [ 573264.375, 2336651.25 ], [ 573257.8125, 2336659.6875 ], [ 573251.25, 2336664.375 ], [ 573226.40625, 2336677.03125 ], [ 573220.3125, 2336682.1875 ], [ 573210.9375, 2336695.3125 ], [ 573206.25, 2336698.125 ], [ 573200.3125, 2336699.6875 ], [ 573193.125, 2336700.0 ], [ 573186.5625, 2336699.0625 ], [ 573179.0625, 2336695.3125 ], [ 573175.625, 2336691.25 ], [ 573162.96875, 2336666.40625 ], [ 573157.8125, 2336660.3125 ], [ 573151.25, 2336655.625 ], [ 573088.75, 2336624.375 ], [ 573083.28125, 2336622.34375 ], [ 573070.46875, 2336620.15625 ], [ 573033.125, 2336620.0 ], [ 573023.75, 2336618.125 ], [ 573017.1875, 2336613.4375 ], [ 573010.9375, 2336604.6875 ], [ 573003.4375, 2336600.9375 ], [ 572996.875, 2336600.0 ], [ 572963.125, 2336600.0 ], [ 572956.5625, 2336600.9375 ], [ 572949.0625, 2336604.6875 ], [ 572942.8125, 2336613.4375 ], [ 572936.25, 2336618.125 ], [ 572930.3125, 2336619.6875 ], [ 572919.6875, 2336620.3125 ], [ 572911.25, 2336623.125 ], [ 572907.1875, 2336626.5625 ], [ 572899.6875, 2336637.8125 ], [ 572895.78125, 2336641.40625 ], [ 572886.5625, 2336647.1875 ], [ 572883.125, 2336651.25 ], [ 572880.3125, 2336659.6875 ], [ 572879.0625, 2336673.4375 ], [ 572875.3125, 2336680.9375 ], [ 572871.25, 2336684.375 ], [ 572846.40625, 2336697.03125 ], [ 572840.3125, 2336702.1875 ], [ 572835.625, 2336708.75 ], [ 572822.96875, 2336733.59375 ], [ 572817.8125, 2336739.6875 ], [ 572804.6875, 2336749.0625 ], [ 572801.875, 2336753.75 ], [ 572800.3125, 2336759.6875 ], [ 572800.0, 2336826.875 ], [ 572800.9375, 2336833.4375 ], [ 572804.6875, 2336840.9375 ], [ 572813.4375, 2336847.1875 ], [ 572818.125, 2336853.75 ], [ 572819.6875, 2336859.6875 ], [ 572820.3125, 2336870.3125 ], [ 572823.125, 2336878.75 ], [ 572826.5625, 2336882.8125 ], [ 572833.4375, 2336887.1875 ], [ 572838.125, 2336893.75 ], [ 572840.0, 2336903.125 ], [ 572840.0, 2336936.875 ], [ 572840.9375, 2336943.4375 ], [ 572844.6875, 2336950.9375 ], [ 572855.3125, 2336959.0625 ], [ 572858.125, 2336963.75 ], [ 572859.6875, 2336969.6875 ], [ 572859.6875, 2336980.3125 ], [ 572858.125, 2336986.25 ], [ 572855.3125, 2336990.9375 ], [ 572846.5625, 2336997.1875 ], [ 572843.125, 2337001.25 ], [ 572840.9375, 2337006.5625 ], [ 572840.0, 2337013.125 ], [ 572840.3125, 2337020.3125 ], [ 572843.125, 2337028.75 ], [ 572846.5625, 2337032.8125 ], [ 572855.3125, 2337039.0625 ], [ 572858.125, 2337043.75 ], [ 572859.6875, 2337049.6875 ], [ 572860.0, 2337086.875 ], [ 572859.0625, 2337093.4375 ], [ 572856.875, 2337098.75 ], [ 572851.25, 2337104.375 ], [ 572828.75, 2337115.625 ], [ 572824.21875, 2337118.59375 ], [ 572818.59375, 2337124.21875 ], [ 572811.875, 2337134.375 ], [ 572810.625, 2337135.0 ], [ 572808.125, 2337134.375 ], [ 572801.40625, 2337124.21875 ], [ 572795.78125, 2337118.59375 ], [ 572791.25, 2337115.625 ], [ 572768.75, 2337104.375 ], [ 572763.125, 2337098.75 ], [ 572760.9375, 2337093.4375 ], [ 572760.0, 2337086.875 ], [ 572759.6875, 2337049.6875 ], [ 572758.125, 2337043.75 ], [ 572755.3125, 2337039.0625 ], [ 572751.25, 2337035.625 ], [ 572728.75, 2337024.375 ], [ 572724.21875, 2337021.40625 ], [ 572718.59375, 2337015.78125 ], [ 572712.8125, 2337006.5625 ], [ 572708.75, 2337003.125 ], [ 572700.3125, 2337000.3125 ], [ 572689.53125, 2337000.15625 ], [ 572679.6875, 2337001.5625 ], [ 572671.25, 2337004.375 ], [ 572648.75, 2337015.625 ], [ 572642.1875, 2337020.3125 ], [ 572635.625, 2337028.75 ], [ 572624.375, 2337051.25 ], [ 572621.40625, 2337055.78125 ], [ 572615.78125, 2337061.40625 ], [ 572606.5625, 2337067.1875 ], [ 572603.125, 2337071.25 ], [ 572600.3125, 2337079.6875 ], [ 572599.0625, 2337093.4375 ], [ 572595.3125, 2337100.9375 ], [ 572591.25, 2337104.375 ], [ 572568.75, 2337115.625 ], [ 572563.125, 2337121.25 ], [ 572560.3125, 2337129.6875 ], [ 572560.0, 2337166.875 ], [ 572558.125, 2337176.25 ], [ 572553.4375, 2337182.8125 ], [ 572528.75, 2337195.625 ], [ 572523.125, 2337201.25 ], [ 572520.9375, 2337206.5625 ], [ 572520.0, 2337213.125 ], [ 572520.0, 2337246.875 ], [ 572519.0625, 2337253.4375 ], [ 572515.3125, 2337260.9375 ], [ 572504.6875, 2337269.0625 ], [ 572500.9375, 2337276.5625 ], [ 572500.0, 2337283.125 ], [ 572500.0, 2337406.875 ], [ 572500.46875, 2337413.90625 ], [ 572502.34375, 2337423.28125 ], [ 572516.71875, 2337453.90625 ], [ 572518.4375, 2337459.6875 ], [ 572519.84375, 2337469.53125 ], [ 572520.46875, 2337753.90625 ], [ 572523.28125, 2337766.09375 ], [ 572535.625, 2337791.25 ], [ 572538.4375, 2337799.6875 ], [ 572539.84375, 2337809.53125 ], [ 572540.0, 2337846.875 ], [ 572540.9375, 2337853.4375 ], [ 572544.6875, 2337860.9375 ], [ 572553.125, 2337866.875 ], [ 572555.0, 2337869.375 ], [ 572555.0, 2337870.625 ], [ 572553.125, 2337873.125 ], [ 572545.15625, 2337878.59375 ], [ 572543.28125, 2337884.21875 ], [ 572544.375, 2337888.75 ], [ 572556.71875, 2337913.90625 ], [ 572559.53125, 2337926.09375 ], [ 572560.3125, 2338060.3125 ], [ 572563.125, 2338068.75 ], [ 572566.5625, 2338072.8125 ], [ 572575.3125, 2338079.0625 ], [ 572578.125, 2338083.75 ], [ 572579.6875, 2338089.6875 ], [ 572580.0, 2338306.875 ], [ 572581.875, 2338316.25 ], [ 572586.5625, 2338322.8125 ], [ 572653.59375, 2338357.03125 ], [ 572659.6875, 2338362.1875 ], [ 572669.0625, 2338375.3125 ], [ 572676.5625, 2338379.0625 ], [ 572683.125, 2338380.0 ], [ 572870.3125, 2338380.3125 ], [ 572876.25, 2338381.875 ], [ 572880.9375, 2338384.6875 ], [ 572887.1875, 2338393.4375 ], [ 572891.25, 2338396.875 ], [ 572896.5625, 2338399.0625 ], [ 572903.125, 2338400.0 ], [ 572910.3125, 2338399.6875 ], [ 572916.25, 2338398.125 ], [ 572920.9375, 2338395.3125 ], [ 572927.1875, 2338386.5625 ], [ 572931.25, 2338383.125 ], [ 572936.5625, 2338380.9375 ], [ 572943.125, 2338380.0 ], [ 573073.90625, 2338380.46875 ], [ 573086.09375, 2338383.28125 ], [ 573116.71875, 2338397.65625 ], [ 573122.8125, 2338399.0625 ], [ 573133.125, 2338400.0 ], [ 573466.875, 2338400.0 ], [ 573473.4375, 2338399.0625 ], [ 573478.75, 2338396.875 ], [ 573482.8125, 2338393.4375 ], [ 573487.1875, 2338386.5625 ], [ 573493.75, 2338381.875 ], [ 573499.6875, 2338380.3125 ], [ 573510.3125, 2338379.6875 ], [ 573518.75, 2338376.875 ], [ 573522.8125, 2338373.4375 ], [ 573529.0625, 2338364.6875 ], [ 573536.5625, 2338360.9375 ], [ 573543.125, 2338360.0 ], [ 573670.3125, 2338359.6875 ], [ 573676.25, 2338358.125 ], [ 573680.9375, 2338355.3125 ], [ 573687.1875, 2338346.5625 ], [ 573691.25, 2338343.125 ], [ 573696.5625, 2338340.9375 ], [ 573706.875, 2338340.0 ], [ 573717.1875, 2338340.9375 ], [ 573728.75, 2338344.375 ], [ 573791.25, 2338375.625 ], [ 573799.6875, 2338378.4375 ], [ 573813.125, 2338380.0 ], [ 573876.875, 2338380.0 ], [ 573883.4375, 2338380.9375 ], [ 573890.9375, 2338384.6875 ], [ 573897.1875, 2338393.4375 ], [ 573901.25, 2338396.875 ], [ 573906.5625, 2338399.0625 ], [ 573920.3125, 2338400.3125 ], [ 573926.25, 2338401.875 ], [ 573932.8125, 2338406.5625 ], [ 573938.59375, 2338414.84375 ], [ 573944.21875, 2338416.71875 ], [ 573948.75, 2338415.625 ], [ 573973.90625, 2338403.28125 ], [ 573982.8125, 2338400.9375 ], [ 573993.125, 2338400.0 ], [ 574056.875, 2338400.0 ], [ 574063.4375, 2338399.0625 ], [ 574070.9375, 2338395.3125 ], [ 574077.1875, 2338386.5625 ], [ 574083.75, 2338381.875 ], [ 574093.125, 2338380.0 ], [ 574116.875, 2338379.6875 ], [ 574120.625, 2338376.875 ], [ 574124.375, 2338371.25 ] ] } },
{ "type": "Feature", "properties": { "id": "shoreline_2026_wet_2", "bank_type": "island", "length_m": 1800.0, "is_island": true, "year": 2026, "season": "wet", "source": "S1", "processing_version": "1.0" }, "geometry": { "type": "LineString", "coordinates": [ [ 578751.25, 2332995.625 ], [ 578728.75, 2332984.375 ], [ 578724.6875, 2332980.9375 ], [ 578720.9375, 2332973.4375 ], [ 578720.0, 2332963.125 ], [ 578720.9375, 2332956.5625 ], [ 578723.125, 2332951.25 ], [ 578726.5625, 2332947.1875 ], [ 578735.78125, 2332941.40625 ], [ 578741.40625, 2332935.78125 ], [ 578757.1875, 2332906.5625 ], [ 578761.25, 2332903.125 ], [ 578766.5625, 2332900.9375 ], [ 578780.3125, 2332899.6875 ], [ 578788.75, 2332896.875 ], [ 578792.8125, 2332893.4375 ], [ 578800.3125, 2332882.1875 ], [ 578806.40625, 2332877.03125 ], [ 578871.25, 2332844.375 ], [ 578878.75, 2332842.5 ], [ 578883.75, 2332842.8125 ], [ 578888.75, 2332844.375 ], [ 578951.25, 2332875.625 ], [ 578955.78125, 2332876.71875 ], [ 578961.40625, 2332874.84375 ], [ 578967.1875, 2332866.5625 ], [ 578971.25, 2332863.125 ], [ 578976.5625, 2332860.9375 ], [ 578983.125, 2332860.0 ], [ 579166.875, 2332860.0 ], [ 579173.4375, 2332860.9375 ], [ 579178.75, 2332863.125 ], [ 579182.8125, 2332866.5625 ], [ 579189.0625, 2332875.3125 ], [ 579193.75, 2332878.125 ], [ 579199.6875, 2332879.6875 ], [ 579330.3125, 2332880.3125 ], [ 579336.25, 2332881.875 ], [ 579342.8125, 2332886.5625 ], [ 579358.59375, 2332915.78125 ], [ 579364.21875, 2332921.40625 ], [ 579373.125, 2332926.875 ], [ 579375.0, 2332929.375 ], [ 579375.0, 2332930.625 ], [ 579373.125, 2332933.125 ], [ 579364.21875, 2332938.59375 ], [ 579358.59375, 2332944.21875 ], [ 579355.625, 2332948.75 ], [ 579344.375, 2332971.25 ], [ 579340.9375, 2332975.3125 ], [ 579336.25, 2332978.125 ], [ 579326.875, 2332980.0 ], [ 579233.125, 2332980.0 ], [ 579223.75, 2332981.875 ], [ 579219.0625, 2332984.6875 ], [ 579212.8125, 2332993.4375 ], [ 579208.75, 2332996.875 ], [ 579200.3125, 2332999.6875 ], [ 579186.5625, 2333000.9375 ], [ 579179.0625, 2333004.6875 ], [ 579175.625, 2333008.75 ], [ 579164.375, 2333031.25 ], [ 579158.75, 2333036.875 ], [ 579153.4375, 2333039.0625 ], [ 579139.6875, 2333040.3125 ], [ 579133.75, 2333041.875 ], [ 579127.1875, 2333046.5625 ], [ 579120.9375, 2333055.3125 ], [ 579116.25, 2333058.125 ], [ 579110.3125, 2333059.6875 ], [ 578949.6875, 2333059.6875 ], [ 578943.75, 2333058.125 ], [ 578939.0625, 2333055.3125 ], [ 578932.8125, 2333046.5625 ], [ 578926.25, 2333041.875 ], [ 578920.3125, 2333040.3125 ], [ 578909.6875, 2333039.6875 ], [ 578901.25, 2333036.875 ], [ 578897.1875, 2333033.4375 ], [ 578890.9375, 2333024.6875 ], [ 578883.4375, 2333020.9375 ], [ 578876.875, 2333020.0 ], [ 578779.6875, 2333019.6875 ], [ 578773.75, 2333018.125 ], [ 578769.0625, 2333015.3125 ], [ 578759.6875, 2333002.1875 ], [ 578751.25, 2332995.625 ] ] } },
{ "type": "Feature", "properties": { "id": "shoreline_2026_wet_3", "bank_type": "island", "length_m": 1680.0, "is_island": true, "year": 2026, "season": "wet", "source": "S1", "processing_version": "1.0" }, "geometry": { "type": "LineString", "coordinates": [ [ 579586.875, 2333060.0 ], [ 579579.6875, 2333059.6875 ], [ 579571.25, 2333056.875 ], [ 579567.1875, 2333053.4375 ], [ 579560.9375, 2333044.6875 ], [ 579553.4375, 2333040.9375 ], [ 579546.875, 2333040.0 ], [ 579509.53125, 2333039.84375 ], [ 579502.8125, 2333039.0625 ], [ 579493.90625, 2333036.71875 ], [ 579428.75, 2333004.375 ], [ 579422.1875, 2332999.6875 ], [ 579415.625, 2332991.25 ], [ 579404.375, 2332968.75 ], [ 579403.28125, 2332964.21875 ], [ 579404.0625, 2332960.3125 ], [ 579408.75, 2332955.625 ], [ 579431.25, 2332944.375 ], [ 579435.78125, 2332941.40625 ], [ 579441.40625, 2332935.78125 ], [ 579445.625, 2332928.75 ], [ 579449.0625, 2332924.6875 ], [ 579456.5625, 2332920.9375 ], [ 579463.125, 2332920.0 ], [ 579526.875, 2332920.0 ], [ 579537.1875, 2332920.9375 ], [ 579546.09375, 2332923.28125 ], [ 579571.25, 2332935.625 ], [ 579579.6875, 2332938.4375 ], [ 579593.125, 2332940.0 ], [ 579626.875, 2332940.0 ], [ 579636.25, 2332941.875 ], [ 579640.9375, 2332944.6875 ], [ 579647.1875, 2332953.4375 ], [ 579651.25, 2332956.875 ], [ 579656.5625, 2332959.0625 ], [ 579670.3125, 2332960.3125 ], [ 579676.25, 2332961.875 ], [ 579682.8125, 2332966.5625 ], [ 579689.0625, 2332975.3125 ], [ 579696.5625, 2332979.0625 ], [ 579703.125, 2332980.0 ], [ 579766.875, 2332980.0 ], [ 579776.25, 2332981.875 ], [ 579780.9375, 2332984.6875 ], [ 579787.1875, 2332993.4375 ], [ 579793.75, 2332998.125 ], [ 579799.6875, 2332999.6875 ], [ 579813.90625, 2333000.46875 ], [ 579823.28125, 2333002.34375 ], [ 579828.75, 2333004.375 ], [ 579851.25, 2333015.625 ], [ 579859.6875, 2333022.1875 ], [ 579869.0625, 2333035.3125 ], [ 579876.5625, 2333039.0625 ], [ 579886.875, 2333040.0 ], [ 579896.25, 2333038.125 ], [ 579902.8125, 2333033.4375 ], [ 579909.0625, 2333024.6875 ], [ 579916.5625, 2333020.9375 ], [ 579926.875, 2333020.0 ], [ 579936.25, 2333021.875 ], [ 579940.9375, 2333024.6875 ], [ 579944.375, 2333028.75 ], [ 579955.625, 2333051.25 ], [ 579958.59375, 2333055.78125 ], [ 579964.21875, 2333061.40625 ], [ 579973.125, 2333066.875 ], [ 579974.375, 2333068.125 ], [ 579975.0, 2333070.625 ], [ 579973.125, 2333073.125 ], [ 579964.21875, 2333078.59375 ], [ 579958.59375, 2333084.21875 ], [ 579942.8125, 2333113.4375 ], [ 579938.75, 2333116.875 ], [ 579930.3125, 2333119.6875 ], [ 579919.6875, 2333119.6875 ], [ 579911.25, 2333116.875 ], [ 579907.1875, 2333113.4375 ], [ 579899.6875, 2333102.1875 ], [ 579893.59375, 2333097.03125 ], [ 579868.75, 2333084.375 ], [ 579863.75, 2333082.8125 ], [ 579858.75, 2333082.5 ], [ 579851.25, 2333084.375 ], [ 579828.75, 2333095.625 ], [ 579820.3125, 2333098.4375 ], [ 579810.46875, 2333099.84375 ], [ 579773.125, 2333100.0 ], [ 579766.5625, 2333100.9375 ], [ 579759.0625, 2333104.6875 ], [ 579750.9375, 2333115.3125 ], [ 579743.4375, 2333119.0625 ], [ 579736.875, 2333120.0 ], [ 579703.125, 2333120.0 ], [ 579696.5625, 2333119.0625 ], [ 579691.25, 2333116.875 ], [ 579687.1875, 2333113.4375 ], [ 579682.8125, 2333106.5625 ], [ 579678.75, 2333103.125 ], [ 579673.4375, 2333100.9375 ], [ 579659.6875, 2333099.6875 ], [ 579653.75, 2333098.125 ], [ 579649.0625, 2333095.3125 ], [ 579642.8125, 2333086.5625 ], [ 579638.75, 2333083.125 ], [ 579633.4375, 2333080.9375 ], [ 579619.6875, 2333079.6875 ], [ 579613.75, 2333078.125 ], [ 579609.0625, 2333075.3125 ], [ 579602.8125, 2333066.5625 ], [ 579598.75, 2333063.125 ], [ 579593.4375, 2333060.9375 ], [ 579586.875, 2333060.0 ] ] } },
{ "type": "Feature", "properties": { "id": "shoreline_2026_wet_4", "bank_type": "right", "length_m": 10883.524545707303, "is_island": false, "year": 2026, "season": "wet", "source": "S1", "processing_version": "1.0" }, "geometry": { "type": "LineString", "coordinates": [ [ 583833.125, 2333860.0 ], [ 583900.3125, 2333859.6875 ], [ 583908.75, 2333856.875 ], [ 583912.8125, 2333853.4375 ], [ 583919.0625, 2333844.6875 ], [ 583926.5625, 2333840.9375 ], [ 583933.125, 2333840.0 ], [ 583996.875, 2333840.0 ], [ 584006.25, 2333838.125 ], [ 584010.9375, 2333835.3125 ], [ 584017.1875, 2333826.5625 ], [ 584021.25, 2333823.125 ], [ 584026.5625, 2333820.9375 ], [ 584040.3125, 2333819.6875 ], [ 584048.75, 2333816.875 ], [ 584052.8125, 2333813.4375 ], [ 584058.59375, 2333804.21875 ], [ 584064.21875, 2333798.59375 ], [ 584093.59375, 2333782.96875 ], [ 584099.6875, 2333777.8125 ], [ 584109.0625, 2333764.6875 ], [ 584113.75, 2333761.875 ], [ 584119.6875, 2333760.3125 ], [ 584126.875, 2333760.0 ], [ 584133.4375, 2333760.9375 ], [ 584140.9375, 2333764.6875 ], [ 584144.375, 2333768.75 ], [ 584155.625, 2333791.25 ], [ 584159.0625, 2333795.3125 ], [ 584163.75, 2333798.125 ], [ 584173.125, 2333800.0 ], [ 584206.875, 2333800.0 ], [ 584216.25, 2333798.125 ], [ 584220.9375, 2333795.3125 ], [ 584224.375, 2333791.25 ], [ 584255.625, 2333728.75 ], [ 584258.59375, 2333724.21875 ], [ 584266.40625, 2333717.03125 ], [ 584295.78125, 2333701.40625 ], [ 584301.40625, 2333695.78125 ], [ 584307.1875, 2333686.5625 ], [ 584313.75, 2333681.875 ], [ 584323.125, 2333680.0 ], [ 584360.3125, 2333679.6875 ], [ 584368.75, 2333676.875 ], [ 584372.8125, 2333673.4375 ], [ 584379.0625, 2333664.6875 ], [ 584386.5625, 2333660.9375 ], [ 584393.125, 2333660.0 ], [ 584426.875, 2333660.0 ], [ 584436.25, 2333658.125 ], [ 584440.9375, 2333655.3125 ], [ 584447.1875, 2333646.5625 ], [ 584453.75, 2333641.875 ], [ 584459.6875, 2333640.3125 ], [ 584470.46875, 2333639.84375 ], [ 584480.3125, 2333638.4375 ], [ 584488.75, 2333635.625 ], [ 584511.25, 2333624.375 ], [ 584516.71875, 2333622.34375 ], [ 584526.09375, 2333620.46875 ], [ 584540.3125, 2333619.6875 ], [ 584546.25, 2333618.125 ], [ 584552.8125, 2333613.4375 ], [ 584558.59375, 2333604.21875 ], [ 584566.40625, 2333597.03125 ], [ 584591.25, 2333584.375 ], [ 584596.71875, 2333582.34375 ], [ 584609.53125, 2333580.15625 ], [ 584646.875, 2333580.0 ], [ 584653.4375, 2333579.0625 ], [ 584660.9375, 2333575.3125 ], [ 584669.0625, 2333564.6875 ], [ 584673.75, 2333561.875 ], [ 584679.6875, 2333560.3125 ], [ 584746.875, 2333560.0 ], [ 584756.25, 2333558.125 ], [ 584760.9375, 2333555.3125 ], [ 584767.1875, 2333546.5625 ], [ 584771.25, 2333543.125 ], [ 584776.5625, 2333540.9375 ], [ 584790.3125, 2333539.6875 ], [ 584796.25, 2333538.125 ], [ 584800.9375, 2333535.3125 ], [ 584807.1875, 2333526.5625 ], [ 584811.25, 2333523.125 ], [ 584816.5625, 2333520.9375 ], [ 584830.3125, 2333519.6875 ], [ 584836.25, 2333518.125 ], [ 584840.9375, 2333515.3125 ], [ 584847.1875, 2333506.5625 ], [ 584853.75, 2333501.875 ], [ 584863.125, 2333500.0 ], [ 584896.875, 2333500.0 ], [ 584906.25, 2333498.125 ], [ 584910.9375, 2333495.3125 ], [ 584917.1875, 2333486.5625 ], [ 584921.25, 2333483.125 ], [ 584926.5625, 2333480.9375 ], [ 584940.3125, 2333479.6875 ], [ 584946.25, 2333478.125 ], [ 584950.9375, 2333475.3125 ], [ 584957.1875, 2333466.5625 ], [ 584961.25, 2333463.125 ], [ 584966.5625, 2333460.9375 ], [ 584980.3125, 2333459.6875 ], [ 584986.25, 2333458.125 ], [ 584990.9375, 2333455.3125 ], [ 584997.1875, 2333446.5625 ], [ 585003.75, 2333441.875 ], [ 585013.125, 2333440.0 ], [ 585046.875, 2333440.0 ], [ 585056.25, 2333438.125 ], [ 585060.9375, 2333435.3125 ], [ 585067.1875, 2333426.5625 ], [ 585073.75, 2333421.875 ], [ 585079.6875, 2333420.3125 ], [ 585093.90625, 2333419.53125 ], [ 585103.28125, 2333417.65625 ], [ 585108.75, 2333415.625 ], [ 585173.90625, 2333383.28125 ], [ 585182.8125, 2333380.9375 ], [ 585200.3125, 2333379.6875 ], [ 585206.25, 2333378.125 ], [ 585210.9375, 2333375.3125 ], [ 585217.1875, 2333366.5625 ], [ 585221.25, 2333363.125 ], [ 585226.5625, 2333360.9375 ], [ 585240.3125, 2333359.6875 ], [ 585246.25, 2333358.125 ], [ 585250.9375, 2333355.3125 ], [ 585257.1875, 2333346.5625 ], [ 585261.25, 2333343.125 ], [ 585266.5625, 2333340.9375 ], [ 585280.3125, 2333339.6875 ], [ 585286.25, 2333338.125 ], [ 585290.9375, 2333335.3125 ], [ 585297.1875, 2333326.5625 ], [ 585301.25, 2333323.125 ], [ 585306.5625, 2333320.9375 ], [ 585320.3125, 2333319.6875 ], [ 585326.25, 2333318.125 ], [ 585330.9375, 2333315.3125 ], [ 585337.1875, 2333306.5625 ], [ 585341.25, 2333303.125 ], [ 585346.5625, 2333300.9375 ], [ 585360.3125, 2333299.6875 ], [ 585368.75, 2333296.875 ], [ 585372.8125, 2333293.4375 ], [ 585378.59375, 2333284.21875 ], [ 585384.21875, 2333278.59375 ], [ 585413.28125, 2333262.96875 ], [ 585415.9375, 2333259.6875 ], [ 585416.40625, 2333253.59375 ], [ 585344.375, 2333108.75 ], [ 585340.9375, 2333097.1875 ], [ 585339.6875, 2333079.6875 ], [ 585338.125, 2333073.75 ], [ 585335.3125, 2333069.0625 ], [ 585326.5625, 2333062.8125 ], [ 585321.875, 2333056.25 ], [ 585320.0, 2333046.875 ], [ 585320.0, 2333013.125 ], [ 585318.125, 2333003.75 ], [ 585313.4375, 2332997.1875 ], [ 585288.75, 2332984.375 ], [ 585284.6875, 2332980.9375 ], [ 585281.875, 2332976.25 ], [ 585280.0, 2332966.875 ], [ 585280.0, 2332933.125 ], [ 585279.0625, 2332926.5625 ], [ 585276.875, 2332921.25 ], [ 585271.25, 2332915.625 ], [ 585246.09375, 2332903.28125 ], [ 585237.1875, 2332900.9375 ], [ 585223.125, 2332900.0 ], [ 585216.5625, 2332900.9375 ], [ 585211.25, 2332903.125 ], [ 585207.1875, 2332906.5625 ], [ 585200.9375, 2332915.3125 ], [ 585193.4375, 2332919.0625 ], [ 585186.875, 2332920.0 ], [ 585153.125, 2332920.0 ], [ 585142.8125, 2332920.9375 ], [ 585131.25, 2332924.375 ], [ 585108.75, 2332935.625 ], [ 585102.1875, 2332940.3125 ], [ 585097.03125, 2332946.40625 ], [ 585084.375, 2332971.25 ], [ 585077.8125, 2332979.6875 ], [ 585071.25, 2332984.375 ], [ 585048.75, 2332995.625 ], [ 585040.3125, 2333002.1875 ], [ 585035.625, 2333008.75 ], [ 585024.375, 2333031.25 ], [ 585020.9375, 2333035.3125 ], [ 585013.4375, 2333039.0625 ], [ 584999.6875, 2333040.3125 ], [ 584991.25, 2333043.125 ], [ 584987.1875, 2333046.5625 ], [ 584982.8125, 2333053.4375 ], [ 584976.25, 2333058.125 ], [ 584970.3125, 2333059.6875 ], [ 584959.6875, 2333060.3125 ], [ 584951.25, 2333063.125 ], [ 584947.1875, 2333066.5625 ], [ 584941.40625, 2333075.78125 ], [ 584935.78125, 2333081.40625 ], [ 584931.25, 2333084.375 ], [ 584866.40625, 2333117.03125 ], [ 584860.3125, 2333122.1875 ], [ 584852.8125, 2333133.4375 ], [ 584848.75, 2333136.875 ], [ 584843.4375, 2333139.0625 ], [ 584829.6875, 2333140.3125 ], [ 584821.25, 2333143.125 ], [ 584815.625, 2333148.75 ], [ 584804.375, 2333171.25 ], [ 584799.6875, 2333177.8125 ], [ 584791.25, 2333184.375 ], [ 584768.75, 2333195.625 ], [ 584764.21875, 2333198.59375 ], [ 584758.59375, 2333204.21875 ], [ 584752.8125, 2333213.4375 ], [ 584748.75, 2333216.875 ], [ 584743.4375, 2333219.0625 ], [ 584729.6875, 2333220.3125 ], [ 584723.75, 2333221.875 ], [ 584717.1875, 2333226.5625 ], [ 584710.9375, 2333235.3125 ], [ 584703.4375, 2333239.0625 ], [ 584696.875, 2333240.0 ], [ 584663.125, 2333240.0 ], [ 584653.75, 2333241.875 ], [ 584647.1875, 2333246.5625 ], [ 584640.9375, 2333255.3125 ], [ 584633.4375, 2333259.0625 ], [ 584626.875, 2333260.0 ], [ 584589.53125, 2333260.15625 ], [ 584579.6875, 2333261.5625 ], [ 584571.25, 2333264.375 ], [ 584548.75, 2333275.625 ], [ 584542.1875, 2333280.3125 ], [ 584537.03125, 2333286.40625 ], [ 584524.375, 2333311.25 ], [ 584519.6875, 2333317.8125 ], [ 584511.25, 2333324.375 ], [ 584488.75, 2333335.625 ], [ 584484.21875, 2333338.59375 ], [ 584478.59375, 2333344.21875 ], [ 584472.8125, 2333353.4375 ], [ 584466.25, 2333358.125 ], [ 584456.875, 2333360.0 ], [ 584423.125, 2333360.0 ], [ 584413.75, 2333361.875 ], [ 584409.0625, 2333364.6875 ], [ 584402.8125, 2333373.4375 ], [ 584398.75, 2333376.875 ], [ 584393.4375, 2333379.0625 ], [ 584379.6875, 2333380.3125 ], [ 584373.75, 2333381.875 ], [ 584367.1875, 2333386.5625 ], [ 584360.9375, 2333395.3125 ], [ 584356.25, 2333398.125 ], [ 584350.3125, 2333399.6875 ], [ 584189.53125, 2333400.15625 ], [ 584182.8125, 2333400.9375 ], [ 584173.90625, 2333403.28125 ], [ 584143.28125, 2333417.65625 ], [ 584137.1875, 2333419.0625 ], [ 584126.875, 2333420.0 ], [ 584119.6875, 2333419.6875 ], [ 584111.25, 2333416.875 ], [ 584107.1875, 2333413.4375 ], [ 584100.9375, 2333404.6875 ], [ 584096.25, 2333401.875 ], [ 584090.3125, 2333400.3125 ], [ 584079.6875, 2333400.3125 ], [ 584071.25, 2333403.125 ], [ 584067.1875, 2333406.5625 ], [ 584060.9375, 2333415.3125 ], [ 584053.4375, 2333419.0625 ], [ 584046.875, 2333420.0 ], [ 584013.125, 2333420.0 ], [ 584006.5625, 2333419.0625 ], [ 584001.25, 2333416.875 ], [ 583997.1875, 2333413.4375 ], [ 583992.8125, 2333406.5625 ], [ 583988.75, 2333403.125 ], [ 583983.4375, 2333400.9375 ], [ 583973.125, 2333400.0 ], [ 583966.5625, 2333400.9375 ], [ 583961.25, 2333403.125 ], [ 583957.1875, 2333406.5625 ], [ 583952.8125, 2333413.4375 ], [ 583948.75, 2333416.875 ], [ 583943.4375, 2333419.0625 ], [ 583933.125, 2333420.0 ], [ 583922.8125, 2333419.0625 ], [ 583913.90625, 2333416.71875 ], [ 583888.75, 2333404.375 ], [ 583877.1875, 2333400.9375 ], [ 583866.875, 2333400.0 ], [ 583803.125, 2333400.0 ], [ 583796.5625, 2333399.0625 ], [ 583789.0625, 2333395.3125 ], [ 583780.9375, 2333384.6875 ], [ 583776.25, 2333381.875 ], [ 583770.3125, 2333380.3125 ], [ 583673.125, 2333380.0 ], [ 583659.6875, 2333378.4375 ], [ 583651.25, 2333375.625 ], [ 583586.09375, 2333343.28125 ], [ 583577.1875, 2333340.9375 ], [ 583559.6875, 2333339.6875 ], [ 583553.75, 2333338.125 ], [ 583547.1875, 2333333.4375 ], [ 583540.9375, 2333324.6875 ], [ 583533.4375, 2333320.9375 ], [ 583526.875, 2333320.0 ], [ 583489.53125, 2333319.84375 ], [ 583479.6875, 2333318.4375 ], [ 583471.25, 2333315.625 ], [ 583446.09375, 2333303.28125 ], [ 583433.90625, 2333300.46875 ], [ 583363.125, 2333300.0 ], [ 583356.5625, 2333299.0625 ], [ 583349.0625, 2333295.3125 ], [ 583345.625, 2333291.25 ], [ 583341.40625, 2333284.21875 ], [ 583333.59375, 2333277.03125 ], [ 583308.75, 2333264.375 ], [ 583300.3125, 2333261.5625 ], [ 583286.875, 2333260.0 ], [ 583276.5625, 2333260.9375 ], [ 583269.0625, 2333264.6875 ], [ 583262.8125, 2333273.4375 ], [ 583256.25, 2333278.125 ], [ 583246.875, 2333280.0 ], [ 583236.5625, 2333279.0625 ], [ 583229.0625, 2333275.3125 ], [ 583225.625, 2333271.25 ], [ 583221.40625, 2333264.21875 ], [ 583217.8125, 2333260.3125 ], [ 583213.59375, 2333257.03125 ], [ 583206.09375, 2333253.28125 ], [ 583200.3125, 2333251.5625 ], [ 583190.46875, 2333250.15625 ], [ 583149.52609077852685, 2333249.65714614931494 ], [ 583139.635907785501331, 2333246.571461490821093 ], [ 583133.797906349645928, 2333242.800069130957127 ], [ 583120.572400232311338, 2333229.839225615374744 ], [ 583112.028462715446949, 2333222.636874872259796 ], [ 583099.821049831109121, 2333214.028631494380534 ], [ 583090.162065339041874, 2333208.411513951607049 ], [ 583069.679309580475092, 2333199.404948240146041 ], [ 583037.658017655834556, 2333190.478430694900453 ], [ 583021.190118500264362, 2333184.504458277020603 ], [ 583009.115749470540322, 2333177.276492850854993 ], [ 582986.262337542604655, 2333158.373803013004363 ], [ 582970.404431233182549, 2333148.541142819914967 ], [ 582960.367792269797064, 2333143.63056709850207 ], [ 582946.427465158863924, 2333138.264174130745232 ], [ 582932.056508225621656, 2333134.324694313108921 ], [ 582917.440265096025541, 2333131.553996525239199 ], [ 582907.326381923514418, 2333128.134570982772857 ], [ 582898.195934422081336, 2333123.029901544097811 ], [ 582866.647115513333119, 2333098.903258472681046 ], [ 582858.118921980611049, 2333093.970774147193879 ], [ 582849.731140450574458, 2333090.641598985996097 ], [ 582844.398373279953375, 2333089.719294474460185 ], [ 582839.369452129583806, 2333090.051462857984006 ], [ 582834.644376999698579, 2333091.63810413563624 ], [ 582825.632355637382716, 2333096.69645070284605 ], [ 582820.714197186869569, 2333097.663683099206537 ], [ 582815.468672538525425, 2333097.380915494635701 ], [ 582807.150257044006139, 2333094.84367253864184 ], [ 582799.404732395661995, 2333091.339197186753154 ], [ 582783.457768707186915, 2333081.034207747317851 ], [ 582771.357210814021528, 2333074.375 ], [ 582762.913851429708302, 2333071.5625 ], [ 582753.067171737668104, 2333070.15625 ], [ 582565.755194779485464, 2333070.0 ], [ 582555.073113190243021, 2333068.771119919605553 ], [ 582545.242909216787666, 2333065.698919718619436 ], [ 582530.302941545262001, 2333057.108144055586308 ], [ 582507.106413600849919, 2333039.031626209151 ], [ 582488.025503514101729, 2333027.368964798748493 ], [ 582474.450469618663192, 2333021.245412078686059 ], [ 582460.296427553985268, 2333016.494897478725761 ], [ 582449.435990095953457, 2333013.857487150933594 ], [ 582431.105392563389614, 2333010.877166968770325 ], [ 582424.374357281951234, 2333008.645194386132061 ], [ 582415.33438275475055, 2333003.254242696799338 ], [ 582401.928398890653625, 2332990.741620849817991 ], [ 582390.422947435989045, 2332981.333138904999942 ], [ 582371.663124684011564, 2332969.145982258021832 ], [ 582361.632920771371573, 2332964.142174083739519 ], [ 582347.757691414328292, 2332958.675330634228885 ], [ 582315.78776711539831, 2332949.847449297085404 ], [ 582302.458058311371133, 2332945.427120820619166 ], [ 582293.195290015544742, 2332940.491723149083555 ], [ 582284.63673137431033, 2332933.848485572263598 ], [ 582277.321499772835523, 2332925.696661757770926 ], [ 582272.327829982270487, 2332916.434759041760117 ], [ 582262.817517339251935, 2332877.341901456471533 ], [ 582259.214503034367226, 2332866.756570951081812 ], [ 582253.195678277756087, 2332853.125855492427945 ], [ 582241.693066228879616, 2332833.963077410124242 ], [ 582217.155126680154353, 2332802.245273004751652 ], [ 582213.506534709362313, 2332796.296373026911169 ], [ 582209.485687768319622, 2332786.534081085585058 ], [ 582204.038942566141486, 2332761.192380987573415 ], [ 582198.061238752445206, 2332743.789430514443666 ], [ 582191.89798844489269, 2332734.083930986002088 ], [ 582188.386030332185328, 2332731.097000659909099 ], [ 582184.634422053815797, 2332729.382677366957068 ], [ 582180.784879030077718, 2332729.02714333217591 ], [ 582176.837401261087507, 2332730.030398556496948 ], [ 582168.461804146994837, 2332735.562258440069854 ], [ 582163.286335440468974, 2332737.886789733543992 ], [ 582150.399545707274228, 2332740.0 ], [ 581993.212045707274228, 2332740.3125 ], [ 581984.774545707274228, 2332743.125 ], [ 581980.712045707274228, 2332746.5625 ], [ 581974.462045707274228, 2332755.3125 ], [ 581966.962045707274228, 2332759.0625 ], [ 581960.399545707274228, 2332760.0 ], [ 581893.000724680605344, 2332760.101178973447531 ], [ 581879.417230307124555, 2332761.517684600315988 ], [ 581864.74127848027274, 2332765.591732772532851 ], [ 581857.24127848027274, 2332769.341732772532851 ], [ 581845.979730307124555, 2332776.830184600315988 ], [ 581837.265582627267577, 2332779.366036919876933 ], [ 581789.453082627267577, 2332780.303536919876933 ], [ 581779.417230307124555, 2332781.517684600315988 ], [ 581770.291988746961579, 2332783.64244303945452 ], [ 581762.131136426818557, 2332786.731590719427913 ], [ 581754.961562586948276, 2332790.812016879674047 ], [ 581748.875483120325953, 2332795.975937413051724 ], [ 581745.768409280455671, 2332800.368863573297858 ], [ 581743.470767227001488, 2332805.571221520192921 ], [ 581741.98255696031265, 2332811.583011253271252 ], [ 581739.0625, 2332849.912954292725772 ], [ 581735.3125, 2332857.412954292725772 ], [ 581726.5625, 2332863.662954292725772 ], [ 581723.125, 2332867.725454292725772 ], [ 581720.9375, 2332873.037954292725772 ], [ 581720.0, 2332883.350454292725772 ], [ 581720.9375, 2332889.912954292725772 ], [ 581723.125, 2332895.225454292725772 ], [ 581726.5625, 2332899.287954292725772 ], [ 581733.4375, 2332903.662954292725772 ], [ 581736.875, 2332907.725454292725772 ], [ 581739.0625, 2332913.037954292725772 ], [ 581740.0, 2332919.600454292725772 ], [ 581740.0, 2333163.350454292725772 ], [ 581740.9375, 2333169.912954292725772 ], [ 581743.125, 2333175.225454292725772 ], [ 581746.5625, 2333179.287954292725772 ], [ 581753.4375, 2333183.662954292725772 ], [ 581756.875, 2333187.725454292725772 ], [ 581759.0625, 2333193.037954292725772 ], [ 581760.0, 2333199.600454292725772 ], [ 581760.257428973331116, 2333416.84302531927824 ], [ 581761.544573839986697, 2333423.055880452506244 ], [ 581763.861434599850327, 2333428.239019692875445 ], [ 581771.124516879674047, 2333435.975937413051724 ], [ 581775.481590719544329, 2333442.868863573297858 ], [ 581777.374516879674047, 2333448.475937413051724 ], [ 581779.100937413051724, 2333457.999516879674047 ], [ 581782.243863573181443, 2333466.106590719427913 ], [ 581785.350937413051724, 2333470.499516879674047 ], [ 581794.838664559531026, 2333479.761789733543992 ], [ 581803.662954292725772, 2333493.4375 ], [ 581807.725454292725772, 2333496.875 ], [ 581813.037954292725772, 2333499.0625 ], [ 581819.600454292725772, 2333500.0 ], [ 581833.993380452739075, 2333499.392926160246134 ], [ 581843.725695853005163, 2333497.875241559930146 ], [ 581857.868863573181443, 2333493.268409280572087 ], [ 581871.437016879674047, 2333484.538920533377677 ], [ 581878.606590719544329, 2333482.279715893324465 ], [ 581886.76744303968735, 2333482.833011253271252 ], [ 581900.368863573181443, 2333487.981590719427913 ], [ 581907.208011253038421, 2333492.39244303945452 ], [ 581914.838664559531026, 2333499.761789733543992 ], [ 581929.176519692875445, 2333522.923934600315988 ], [ 581937.767684599850327, 2333533.082769692875445 ], [ 581944.053536919993348, 2333538.046917372848839 ], [ 581962.923934599850327, 2333549.176519692875445 ], [ 581973.082769692875445, 2333557.767684600315988 ], [ 581978.046917372732423, 2333564.053536919876933 ], [ 581989.176519692875445, 2333582.923934600315988 ], [ 581995.975937413051724, 2333591.124516879674047 ], [ 582000.368863573181443, 2333594.231590719427913 ], [ 582005.57122151972726, 2333596.529232772532851 ], [ 582023.606590719544329, 2333600.993863573297858 ], [ 582030.499516879674047, 2333605.350937413051724 ], [ 582038.07122151972726, 2333612.779232772532851 ], [ 582042.868863573181443, 2333615.481590719427913 ], [ 582048.475937413051724, 2333617.374516879674047 ], [ 582061.676519692875445, 2333619.173934600315988 ], [ 582075.905525319394656, 2333619.944928973447531 ], [ 582176.843025319394656, 2333619.742571026552469 ], [ 582183.055880452739075, 2333618.455426160246134 ], [ 582188.239019692875445, 2333616.138565399684012 ], [ 582198.07122151972726, 2333607.220767227467149 ], [ 582202.868863573181443, 2333604.518409280572087 ], [ 582208.475937413051724, 2333602.625483120325953 ], [ 582228.680880452739075, 2333600.330426160246134 ], [ 582246.787954292725772, 2333600.3125 ], [ 582252.725454292725772, 2333601.875 ], [ 582257.412954292725772, 2333604.6875 ], [ 582263.662954292725772, 2333613.4375 ], [ 582270.225454292725772, 2333618.125 ], [ 582276.162954292725772, 2333619.6875 ], [ 582300.582769692875445, 2333621.517684600315988 ], [ 582315.25872151972726, 2333625.591732772532851 ], [ 582322.75872151972726, 2333629.341732772532851 ], [ 582336.106590719544329, 2333638.493863573297858 ], [ 582357.868863573181443, 2333646.731590719427913 ], [ 582376.106590719544329, 2333658.493863573297858 ], [ 582397.868863573181443, 2333666.731590719427913 ], [ 582414.020269692875445, 2333676.830184600315988 ], [ 582419.618380452739075, 2333678.732073839753866 ], [ 582426.061775319394656, 2333679.788678973447531 ], [ 582463.350454292725772, 2333680.0 ], [ 582469.912954292725772, 2333680.9375 ], [ 582477.412954292725772, 2333684.6875 ], [ 582485.537954292725772, 2333695.3125 ], [ 582493.037954292725772, 2333699.0625 ], [ 582499.600454292725772, 2333700.0 ], [ 582566.787954292725772, 2333699.6875 ], [ 582575.225454292725772, 2333696.875 ], [ 582579.287954292725772, 2333693.4375 ], [ 582585.537954292725772, 2333684.6875 ], [ 582593.037954292725772, 2333680.9375 ], [ 582599.600454292725772, 2333680.0 ], [ 582633.350454292725772, 2333680.0 ], [ 582640.078167372732423, 2333680.772286919876933 ], [ 582648.239019692875445, 2333683.861434600315988 ], [ 582661.857073839986697, 2333696.493380452506244 ], [ 582678.419573839986697, 2333706.180880452506244 ], [ 582689.26744303968735, 2333714.083011253271252 ], [ 582696.493380452739075, 2333721.857073839753866 ], [ 582703.662954292725772, 2333733.4375 ], [ 582707.725454292725772, 2333736.875 ], [ 582713.037954292725772, 2333739.0625 ], [ 582726.787954292725772, 2333740.3125 ], [ 582732.725454292725772, 2333741.875 ], [ 582739.287954292725772, 2333746.5625 ], [ 582745.537954292725772, 2333755.3125 ], [ 582753.037954292725772, 2333759.0625 ], [ 582759.600454292725772, 2333760.0 ], [ 582793.350454292725772, 2333760.0 ], [ 582800.078167372732423, 2333760.772286919876933 ], [ 582808.239019692875445, 2333763.861434600315988 ], [ 582818.07122151972726, 2333772.779232772532851 ], [ 582825.57122151972726, 2333776.529232772532851 ], [ 582838.256945853005163, 2333778.843508440069854 ], [ 582870.546917372732423, 2333780.303536919876933 ], [ 582886.76744303968735, 2333782.833011253271252 ], [ 582900.368863573181443, 2333787.981590719427913 ], [ 582914.020269692875445, 2333796.830184600315988 ], [ 582922.734417372732423, 2333799.366036919876933 ], [ 582929.600454292725772, 2333800.0 ], [ 582966.999275319394656, 2333800.101178973447531 ], [ 582977.338664559531026, 2333801.011789733543992 ], [ 582986.76744303968735, 2333802.833011253271252 ], [ 583000.368863573181443, 2333807.981590719427913 ], [ 583011.538195853005163, 2333815.562258440069854 ], [ 583016.713664559531026, 2333817.886789733543992 ], [ 583026.061775319394656, 2333819.788678973447531 ], [ 583040.078167372732423, 2333820.772286919876933 ], [ 583045.776164559531026, 2333822.574289733543992 ], [ 583050.444445853005163, 2333825.406008440069854 ], [ 583055.975937413051724, 2333831.124516879674047 ], [ 583060.368863573181443, 2333834.231590719427913 ], [ 583065.57122151972726, 2333836.529232772532851 ], [ 583071.583011253038421, 2333838.01744303945452 ], [ 583095.905525319394656, 2333839.944928973447531 ], [ 583163.350454292725772, 2333840.0 ], [ 583169.912954292725772, 2333840.9375 ], [ 583177.412954292725772, 2333844.6875 ], [ 583183.662954292725772, 2333853.4375 ], [ 583190.225454292725772, 2333858.125 ], [ 583199.600454292725772, 2333860.0 ], [ 583233.350454292725772, 2333860.0 ], [ 583240.078167372732423, 2333860.772286919876933 ], [ 583248.239019692875445, 2333863.861434600315988 ], [ 583260.368863573181443, 2333874.231590719427913 ], [ 583265.57122151972726, 2333876.529232772532851 ], [ 583271.583011253038421, 2333878.01744303945452 ], [ 583299.600454292725772, 2333880.0 ], [ 583483.350454292725772, 2333880.0 ], [ 583489.912954292725772, 2333880.9375 ], [ 583495.225454292725772, 2333883.125 ], [ 583499.287954292725772, 2333886.5625 ], [ 583505.537954292725772, 2333895.3125 ], [ 583510.225454292725772, 2333898.125 ], [ 583516.162954292725772, 2333899.6875 ], [ 583586.999275319394656, 2333899.898821026552469 ], [ 583600.582769692875445, 2333898.482315399684012 ], [ 583612.538437413051724, 2333895.437983120325953 ], [ 583622.75872151972726, 2333890.658267227467149 ], [ 583634.020269692875445, 2333883.169815399684012 ], [ 583639.618380452739075, 2333881.267926160246134 ], [ 583646.061775319394656, 2333880.211321026552469 ], [ 583806.686775319394656, 2333879.6875 ], [ 583812.118380452739075, 2333878.125 ], [ 583815.895269692875445, 2333875.3125 ], [ 583819.312258439720608, 2333866.5625 ], [ 583822.261789733194746, 2333863.125 ], [ 583826.866036919993348, 2333860.9375 ], [ 583833.125, 2333860.0 ] ] } },
{ "type": "Feature", "properties": { "id": "shoreline_2026_wet_5", "bank_type": "left", "length_m": 4136.5983218562978, "is_island": false, "year": 2026, "season": "wet", "source": "S1", "processing_version": "1.0" }, "geometry": { "type": "LineString", "coordinates": [ [ 584064.375, 2332871.25 ], [ 584075.625, 2332848.75 ], [ 584077.5, 2332841.25 ], [ 584077.1875, 2332836.25 ], [ 584075.625, 2332831.25 ], [ 584063.4375, 2332806.25 ], [ 584062.5, 2332798.75 ], [ 584064.375, 2332791.25 ], [ 584075.625, 2332768.75 ], [ 584082.1875, 2332760.3125 ], [ 584088.75, 2332755.625 ], [ 584111.25, 2332744.375 ], [ 584119.6875, 2332741.5625 ], [ 584126.09375, 2332740.46875 ], [ 584136.875, 2332740.0 ], [ 584146.25, 2332741.875 ], [ 584152.8125, 2332746.5625 ], [ 584159.0625, 2332755.3125 ], [ 584163.75, 2332758.125 ], [ 584169.6875, 2332759.6875 ], [ 584236.875, 2332760.0 ], [ 584243.4375, 2332759.0625 ], [ 584248.75, 2332756.875 ], [ 584252.8125, 2332753.4375 ], [ 584259.0625, 2332744.6875 ], [ 584266.5625, 2332740.9375 ], [ 584273.125, 2332740.0 ], [ 584373.90625, 2332739.53125 ], [ 584386.09375, 2332736.71875 ], [ 584413.90625, 2332723.28125 ], [ 584419.6875, 2332721.5625 ], [ 584429.53125, 2332720.15625 ], [ 584440.3125, 2332720.3125 ], [ 584446.25, 2332721.875 ], [ 584452.8125, 2332726.5625 ], [ 584459.0625, 2332735.3125 ], [ 584463.75, 2332738.125 ], [ 584469.6875, 2332739.6875 ], [ 584596.875, 2332740.0 ], [ 584603.4375, 2332739.0625 ], [ 584608.75, 2332736.875 ], [ 584612.8125, 2332733.4375 ], [ 584619.0625, 2332724.6875 ], [ 584623.75, 2332721.875 ], [ 584629.6875, 2332720.3125 ], [ 584790.3125, 2332719.6875 ], [ 584798.75, 2332716.875 ], [ 584802.8125, 2332713.4375 ], [ 584809.0625, 2332704.6875 ], [ 584816.5625, 2332700.9375 ], [ 584823.125, 2332700.0 ], [ 584856.875, 2332700.0 ], [ 584866.25, 2332698.125 ], [ 584870.9375, 2332695.3125 ], [ 584877.1875, 2332686.5625 ], [ 584881.25, 2332683.125 ], [ 584886.5625, 2332680.9375 ], [ 584900.3125, 2332679.6875 ], [ 584906.25, 2332678.125 ], [ 584912.8125, 2332673.4375 ], [ 584919.0625, 2332664.6875 ], [ 584926.5625, 2332660.9375 ], [ 584933.125, 2332660.0 ], [ 584966.875, 2332660.0 ], [ 584977.1875, 2332659.0625 ], [ 584986.09375, 2332656.71875 ], [ 585011.25, 2332644.375 ], [ 585019.6875, 2332641.5625 ], [ 585033.125, 2332640.0 ], [ 585066.875, 2332640.0 ], [ 585073.4375, 2332639.0625 ], [ 585078.75, 2332636.875 ], [ 585084.375, 2332631.25 ], [ 585095.625, 2332608.75 ], [ 585098.4375, 2332600.3125 ], [ 585100.0, 2332586.875 ], [ 585100.0, 2332553.125 ], [ 585098.4375, 2332539.6875 ], [ 585095.625, 2332531.25 ], [ 585084.375, 2332508.75 ], [ 585082.34375, 2332503.28125 ], [ 585080.46875, 2332493.90625 ], [ 585079.6875, 2332479.6875 ], [ 585078.125, 2332473.75 ], [ 585073.4375, 2332467.1875 ], [ 585064.6875, 2332460.9375 ], [ 585060.9375, 2332453.4375 ], [ 585060.0, 2332446.875 ], [ 585060.0, 2332413.125 ], [ 585058.125, 2332403.75 ], [ 585055.3125, 2332399.0625 ], [ 585046.5625, 2332392.8125 ], [ 585041.875, 2332386.25 ], [ 585040.3125, 2332380.3125 ], [ 585039.0625, 2332362.8125 ], [ 585036.71875, 2332353.90625 ], [ 585004.375, 2332288.75 ], [ 585000.9375, 2332284.6875 ], [ 584993.4375, 2332280.9375 ], [ 584986.875, 2332280.0 ], [ 584976.5625, 2332280.9375 ], [ 584969.0625, 2332284.6875 ], [ 584960.9375, 2332295.3125 ], [ 584953.4375, 2332299.0625 ], [ 584946.875, 2332300.0 ], [ 584913.125, 2332300.0 ], [ 584906.5625, 2332300.9375 ], [ 584899.0625, 2332304.6875 ], [ 584890.9375, 2332315.3125 ], [ 584883.4375, 2332319.0625 ], [ 584876.875, 2332320.0 ], [ 584843.125, 2332320.0 ], [ 584836.5625, 2332320.9375 ], [ 584829.0625, 2332324.6875 ], [ 584820.9375, 2332335.3125 ], [ 584813.4375, 2332339.0625 ], [ 584806.875, 2332340.0 ], [ 584769.6875, 2332340.3125 ], [ 584761.25, 2332343.125 ], [ 584757.1875, 2332346.5625 ], [ 584750.9375, 2332355.3125 ], [ 584743.4375, 2332359.0625 ], [ 584736.875, 2332360.0 ], [ 584703.125, 2332360.0 ], [ 584696.5625, 2332360.9375 ], [ 584689.0625, 2332364.6875 ], [ 584682.8125, 2332373.4375 ], [ 584678.75, 2332376.875 ], [ 584673.4375, 2332379.0625 ], [ 584659.6875, 2332380.3125 ], [ 584653.75, 2332381.875 ], [ 584647.1875, 2332386.5625 ], [ 584640.9375, 2332395.3125 ], [ 584633.4375, 2332399.0625 ], [ 584626.875, 2332400.0 ], [ 584593.125, 2332400.0 ], [ 584582.8125, 2332400.9375 ], [ 584573.90625, 2332403.28125 ], [ 584548.75, 2332415.625 ], [ 584544.21875, 2332416.71875 ], [ 584538.59375, 2332414.84375 ], [ 584530.9375, 2332404.6875 ], [ 584523.4375, 2332400.9375 ], [ 584516.875, 2332400.0 ], [ 584483.125, 2332400.0 ], [ 584476.5625, 2332400.9375 ], [ 584469.0625, 2332404.6875 ], [ 584459.6875, 2332417.8125 ], [ 584451.25, 2332424.375 ], [ 584388.75, 2332455.625 ], [ 584381.25, 2332457.5 ], [ 584373.75, 2332456.5625 ], [ 584346.09375, 2332443.28125 ], [ 584333.90625, 2332440.46875 ], [ 584203.125, 2332440.0 ], [ 584196.5625, 2332439.0625 ], [ 584189.0625, 2332435.3125 ], [ 584180.9375, 2332424.6875 ], [ 584173.4375, 2332420.9375 ], [ 584166.875, 2332420.0 ], [ 584133.125, 2332420.0 ], [ 584126.5625, 2332419.0625 ], [ 584119.0625, 2332415.3125 ], [ 584110.9375, 2332404.6875 ], [ 584106.25, 2332401.875 ], [ 584100.3125, 2332400.3125 ], [ 584033.125, 2332400.0 ], [ 584026.5625, 2332399.0625 ], [ 584019.0625, 2332395.3125 ], [ 584012.8125, 2332386.5625 ], [ 584006.25, 2332381.875 ], [ 583996.875, 2332380.0 ], [ 583963.125, 2332380.0 ], [ 583956.5625, 2332379.0625 ], [ 583949.0625, 2332375.3125 ], [ 583940.9375, 2332364.6875 ], [ 583936.25, 2332361.875 ], [ 583930.3125, 2332360.3125 ], [ 583859.536649337387644, 2332360.178352559451014 ], [ 583849.741493373643607, 2332361.783525594510138 ], [ 583838.944376144791022, 2332366.420692139770836 ], [ 583833.384168192977086, 2332372.442663673777133 ], [ 583831.185869518201798, 2332377.908569786231965 ], [ 583830.194376144791022, 2332384.535482637118548 ], [ 583830.0, 2332538.280235421378165 ], [ 583828.50360616389662, 2332548.851509185042232 ], [ 583826.259015409741551, 2332555.333419830538332 ], [ 583823.01682876481209, 2332561.362846318632364 ], [ 583798.892104843514971, 2332593.153395424596965 ], [ 583787.264363678870723, 2332612.23908880725503 ], [ 583781.156464524334297, 2332625.828994204290211 ], [ 583777.484222609549761, 2332636.389563933480531 ], [ 583773.810222267173231, 2332650.853558482136577 ], [ 583771.98220927733928, 2332661.881361245177686 ], [ 583770.0, 2332695.489428804721683 ], [ 583770.802754642325453, 2332766.691641454119235 ], [ 583772.490941817755811, 2332781.525143868755549 ], [ 583775.409134222660214, 2332796.170042022597045 ], [ 583778.527379141189158, 2332806.892942492850125 ], [ 583783.933266287436709, 2332820.807552875950933 ], [ 583794.554033114458434, 2332840.455878662876785 ], [ 583803.226665192400105, 2332852.59383415710181 ], [ 583810.491556885652244, 2332861.078467498533428 ], [ 583818.450775175937451, 2332868.827056852169335 ], [ 583824.303364567225799, 2332872.807100244332105 ], [ 583830.615797078353353, 2332875.728935781866312 ], [ 583837.388072709320113, 2332877.59256346616894 ], [ 583851.765954411937855, 2332879.331267629284412 ], [ 583866.526678143651225, 2332880.0 ], [ 584048.363234187825583, 2332880.0 ], [ 584056.781512209912762, 2332878.125 ], [ 584061.096953662927262, 2332875.3125 ], [ 584064.375, 2332871.25 ] ] } },
{ "type": "Feature", "properties": { "id": "shoreline_2026_wet_6", "bank_type": "left", "length_m": 34760.0, "is_island": false, "year": 2026, "season": "wet", "source": "S1", "processing_version": "1.0" }, "geometry": { "type": "LineString", "coordinates": [ [ 585713.125, 2333180.0 ], [ 585720.3125, 2333179.6875 ], [ 585728.75, 2333176.875 ], [ 585732.8125, 2333173.4375 ], [ 585739.0625, 2333164.6875 ], [ 585746.5625, 2333160.9375 ], [ 585753.125, 2333160.0 ], [ 585786.875, 2333160.0 ], [ 585796.25, 2333158.125 ], [ 585800.9375, 2333155.3125 ], [ 585807.1875, 2333146.5625 ], [ 585813.75, 2333141.875 ], [ 585819.6875, 2333140.3125 ], [ 585833.90625, 2333139.53125 ], [ 585843.28125, 2333137.65625 ], [ 585848.75, 2333135.625 ], [ 585871.25, 2333124.375 ], [ 585875.78125, 2333121.40625 ], [ 585881.40625, 2333115.78125 ], [ 585884.375, 2333111.25 ], [ 585895.625, 2333088.75 ], [ 585901.25, 2333083.125 ], [ 585906.5625, 2333080.9375 ], [ 585920.3125, 2333079.6875 ], [ 585928.75, 2333076.875 ], [ 585932.8125, 2333073.4375 ], [ 585940.3125, 2333062.1875 ], [ 585948.75, 2333055.625 ], [ 586051.25, 2333004.375 ], [ 586055.78125, 2333001.40625 ], [ 586062.96875, 2332993.59375 ], [ 586075.625, 2332968.75 ], [ 586080.3125, 2332962.1875 ], [ 586086.40625, 2332957.03125 ], [ 586111.25, 2332944.375 ], [ 586117.8125, 2332939.6875 ], [ 586122.96875, 2332933.59375 ], [ 586135.625, 2332908.75 ], [ 586140.3125, 2332902.1875 ], [ 586146.40625, 2332897.03125 ], [ 586171.25, 2332884.375 ], [ 586177.8125, 2332879.6875 ], [ 586182.96875, 2332873.59375 ], [ 586195.625, 2332848.75 ], [ 586199.0625, 2332844.6875 ], [ 586206.5625, 2332840.9375 ], [ 586220.3125, 2332839.6875 ], [ 586228.75, 2332836.875 ], [ 586232.8125, 2332833.4375 ], [ 586238.59375, 2332824.21875 ], [ 586244.21875, 2332818.59375 ], [ 586275.78125, 2332801.40625 ], [ 586282.96875, 2332793.59375 ], [ 586297.03125, 2332766.40625 ], [ 586300.3125, 2332762.1875 ], [ 586306.40625, 2332757.03125 ], [ 586333.90625, 2332743.28125 ], [ 586342.8125, 2332740.9375 ], [ 586363.4375, 2332739.0625 ], [ 586370.9375, 2332735.3125 ], [ 586380.3125, 2332722.1875 ], [ 586384.21875, 2332718.59375 ], [ 586393.4375, 2332712.8125 ], [ 586396.875, 2332708.75 ], [ 586399.6875, 2332700.3125 ], [ 586400.9375, 2332686.5625 ], [ 586404.6875, 2332679.0625 ], [ 586408.75, 2332675.625 ], [ 586433.59375, 2332662.96875 ], [ 586441.40625, 2332655.78125 ], [ 586444.375, 2332651.25 ], [ 586475.625, 2332588.75 ], [ 586482.1875, 2332580.3125 ], [ 586488.75, 2332575.625 ], [ 586591.25, 2332524.375 ], [ 586595.78125, 2332521.40625 ], [ 586602.96875, 2332513.59375 ], [ 586615.625, 2332488.75 ], [ 586620.3125, 2332482.1875 ], [ 586626.40625, 2332477.03125 ], [ 586651.25, 2332464.375 ], [ 586657.8125, 2332459.6875 ], [ 586664.375, 2332451.25 ], [ 586677.03125, 2332426.40625 ], [ 586680.3125, 2332422.1875 ], [ 586686.40625, 2332417.03125 ], [ 586711.25, 2332404.375 ], [ 586719.6875, 2332401.5625 ], [ 586729.53125, 2332400.15625 ], [ 586766.875, 2332400.0 ], [ 586777.1875, 2332399.0625 ], [ 586788.75, 2332395.625 ], [ 586811.25, 2332384.375 ], [ 586819.6875, 2332377.8125 ], [ 586827.1875, 2332366.5625 ], [ 586831.25, 2332363.125 ], [ 586839.6875, 2332360.3125 ], [ 586853.4375, 2332359.0625 ], [ 586860.9375, 2332355.3125 ], [ 586864.375, 2332351.25 ], [ 586875.625, 2332328.75 ], [ 586881.25, 2332323.125 ], [ 586886.5625, 2332320.9375 ], [ 586900.3125, 2332319.6875 ], [ 586908.75, 2332316.875 ], [ 586912.8125, 2332313.4375 ], [ 586920.3125, 2332302.1875 ], [ 586928.75, 2332295.625 ], [ 587031.25, 2332244.375 ], [ 587035.78125, 2332241.40625 ], [ 587042.96875, 2332233.59375 ], [ 587055.625, 2332208.75 ], [ 587061.25, 2332203.125 ], [ 587066.5625, 2332200.9375 ], [ 587080.3125, 2332199.6875 ], [ 587086.25, 2332198.125 ], [ 587090.9375, 2332195.3125 ], [ 587097.1875, 2332186.5625 ], [ 587101.25, 2332183.125 ], [ 587106.5625, 2332180.9375 ], [ 587120.3125, 2332179.6875 ], [ 587126.25, 2332178.125 ], [ 587130.9375, 2332175.3125 ], [ 587137.1875, 2332166.5625 ], [ 587141.25, 2332163.125 ], [ 587146.5625, 2332160.9375 ], [ 587160.3125, 2332159.6875 ], [ 587168.75, 2332156.875 ], [ 587172.8125, 2332153.4375 ], [ 587178.59375, 2332144.21875 ], [ 587184.21875, 2332138.59375 ], [ 587215.78125, 2332121.40625 ], [ 587222.96875, 2332113.59375 ], [ 587235.625, 2332088.75 ], [ 587240.3125, 2332082.1875 ], [ 587248.75, 2332075.625 ], [ 587271.25, 2332064.375 ], [ 587276.875, 2332058.75 ], [ 587279.0625, 2332053.4375 ], [ 587280.0, 2332046.875 ], [ 587280.0, 2332013.125 ], [ 587280.9375, 2332006.5625 ], [ 587284.6875, 2331999.0625 ], [ 587293.4375, 2331992.8125 ], [ 587296.875, 2331988.75 ], [ 587299.6875, 2331980.3125 ], [ 587300.9375, 2331966.5625 ], [ 587304.6875, 2331959.0625 ], [ 587308.75, 2331955.625 ], [ 587331.25, 2331944.375 ], [ 587335.78125, 2331941.40625 ], [ 587341.40625, 2331935.78125 ], [ 587347.1875, 2331926.5625 ], [ 587351.25, 2331923.125 ], [ 587359.6875, 2331920.3125 ], [ 587373.90625, 2331919.53125 ], [ 587386.09375, 2331916.71875 ], [ 587411.25, 2331904.375 ], [ 587415.78125, 2331901.40625 ], [ 587421.40625, 2331895.78125 ], [ 587424.375, 2331891.25 ], [ 587457.03125, 2331826.40625 ], [ 587462.1875, 2331820.3125 ], [ 587473.4375, 2331812.8125 ], [ 587476.875, 2331808.75 ], [ 587479.0625, 2331803.4375 ], [ 587480.3125, 2331789.6875 ], [ 587481.875, 2331783.75 ], [ 587484.6875, 2331779.0625 ], [ 587493.4375, 2331772.8125 ], [ 587496.875, 2331768.75 ], [ 587499.0625, 2331763.4375 ], [ 587500.3125, 2331749.6875 ], [ 587503.125, 2331741.25 ], [ 587508.75, 2331735.625 ], [ 587531.25, 2331724.375 ], [ 587535.3125, 2331720.9375 ], [ 587539.0625, 2331713.4375 ], [ 587540.3125, 2331699.6875 ], [ 587543.125, 2331691.25 ], [ 587546.5625, 2331687.1875 ], [ 587553.59375, 2331682.96875 ], [ 587559.6875, 2331677.8125 ], [ 587564.375, 2331671.25 ], [ 587575.625, 2331648.75 ], [ 587578.59375, 2331644.21875 ], [ 587584.21875, 2331638.59375 ], [ 587593.4375, 2331632.8125 ], [ 587596.875, 2331628.75 ], [ 587599.6875, 2331620.3125 ], [ 587600.9375, 2331606.5625 ], [ 587604.6875, 2331599.0625 ], [ 587608.75, 2331595.625 ], [ 587633.59375, 2331582.96875 ], [ 587639.6875, 2331577.8125 ], [ 587644.375, 2331571.25 ], [ 587655.625, 2331548.75 ], [ 587658.59375, 2331544.21875 ], [ 587664.21875, 2331538.59375 ], [ 587673.4375, 2331532.8125 ], [ 587676.875, 2331528.75 ], [ 587679.6875, 2331520.3125 ], [ 587680.9375, 2331506.5625 ], [ 587684.6875, 2331499.0625 ], [ 587688.75, 2331495.625 ], [ 587713.59375, 2331482.96875 ], [ 587719.6875, 2331477.8125 ], [ 587724.375, 2331471.25 ], [ 587735.625, 2331448.75 ], [ 587740.3125, 2331442.1875 ], [ 587748.75, 2331435.625 ], [ 587813.59375, 2331402.96875 ], [ 587819.6875, 2331397.8125 ], [ 587826.875, 2331386.875 ], [ 587829.375, 2331385.0 ], [ 587830.625, 2331385.0 ], [ 587833.125, 2331386.875 ], [ 587839.0625, 2331395.3125 ], [ 587843.75, 2331398.125 ], [ 587849.6875, 2331399.6875 ], [ 587886.875, 2331400.0 ], [ 587893.4375, 2331399.0625 ], [ 587898.75, 2331396.875 ], [ 587904.375, 2331391.25 ], [ 587915.625, 2331368.75 ], [ 587922.1875, 2331360.3125 ], [ 587928.75, 2331355.625 ], [ 587951.25, 2331344.375 ], [ 587959.6875, 2331337.8125 ], [ 587964.375, 2331331.25 ], [ 587975.625, 2331308.75 ], [ 587977.5, 2331301.25 ], [ 587976.5625, 2331293.75 ], [ 587963.59375, 2331266.40625 ], [ 587963.4375, 2331262.1875 ], [ 587966.71875, 2331257.03125 ], [ 587995.78125, 2331241.40625 ], [ 588001.40625, 2331235.78125 ], [ 588006.875, 2331226.875 ], [ 588009.375, 2331225.0 ], [ 588010.625, 2331225.0 ], [ 588013.125, 2331226.875 ], [ 588018.59375, 2331235.78125 ], [ 588026.40625, 2331242.96875 ], [ 588051.25, 2331255.625 ], [ 588055.78125, 2331256.71875 ], [ 588059.6875, 2331255.9375 ], [ 588064.375, 2331251.25 ], [ 588075.625, 2331228.75 ], [ 588082.1875, 2331220.3125 ], [ 588088.75, 2331215.625 ], [ 588111.25, 2331204.375 ], [ 588119.6875, 2331197.8125 ], [ 588124.375, 2331191.25 ], [ 588135.625, 2331168.75 ], [ 588142.1875, 2331160.3125 ], [ 588148.75, 2331155.625 ], [ 588171.25, 2331144.375 ], [ 588179.6875, 2331137.8125 ], [ 588184.375, 2331131.25 ], [ 588195.625, 2331108.75 ], [ 588196.5625, 2331102.1875 ], [ 588194.84375, 2331098.59375 ], [ 588191.25, 2331095.625 ], [ 588168.75, 2331084.375 ], [ 588164.6875, 2331080.9375 ], [ 588160.9375, 2331073.4375 ], [ 588160.0, 2331066.875 ], [ 588160.3125, 2331059.6875 ], [ 588161.875, 2331053.75 ], [ 588164.6875, 2331049.0625 ], [ 588168.75, 2331045.625 ], [ 588175.78125, 2331041.40625 ], [ 588182.96875, 2331033.59375 ], [ 588195.625, 2331008.75 ], [ 588202.1875, 2331000.3125 ], [ 588208.75, 2330995.625 ], [ 588231.25, 2330984.375 ], [ 588242.8125, 2330980.9375 ], [ 588253.125, 2330980.0 ], [ 588346.875, 2330980.0 ], [ 588353.4375, 2330979.0625 ], [ 588358.75, 2330976.875 ], [ 588364.375, 2330971.25 ], [ 588375.625, 2330948.75 ], [ 588378.4375, 2330940.3125 ], [ 588380.0, 2330926.875 ], [ 588380.0, 2330893.125 ], [ 588380.9375, 2330886.5625 ], [ 588383.125, 2330881.25 ], [ 588388.75, 2330875.625 ], [ 588411.25, 2330864.375 ], [ 588415.78125, 2330861.40625 ], [ 588421.40625, 2330855.78125 ], [ 588426.875, 2330846.875 ], [ 588429.375, 2330845.0 ], [ 588430.625, 2330845.0 ], [ 588433.125, 2330846.875 ], [ 588438.59375, 2330855.78125 ], [ 588446.40625, 2330862.96875 ], [ 588471.25, 2330875.625 ], [ 588475.78125, 2330876.71875 ], [ 588481.40625, 2330874.84375 ], [ 588487.1875, 2330866.5625 ], [ 588493.75, 2330861.875 ], [ 588499.6875, 2330860.3125 ], [ 588513.4375, 2330859.0625 ], [ 588520.9375, 2330855.3125 ], [ 588524.375, 2330851.25 ], [ 588535.625, 2330828.75 ], [ 588540.3125, 2330822.1875 ], [ 588546.40625, 2330817.03125 ], [ 588571.25, 2330804.375 ], [ 588577.8125, 2330799.6875 ], [ 588584.375, 2330791.25 ], [ 588595.625, 2330768.75 ], [ 588598.59375, 2330764.21875 ], [ 588604.21875, 2330758.59375 ], [ 588611.25, 2330754.375 ], [ 588615.3125, 2330750.9375 ], [ 588618.125, 2330746.25 ], [ 588619.6875, 2330740.3125 ], [ 588620.0, 2330703.125 ], [ 588620.9375, 2330696.5625 ], [ 588623.125, 2330691.25 ], [ 588626.5625, 2330687.1875 ], [ 588635.78125, 2330681.40625 ], [ 588641.40625, 2330675.78125 ], [ 588644.375, 2330671.25 ], [ 588655.625, 2330648.75 ], [ 588662.1875, 2330640.3125 ], [ 588668.75, 2330635.625 ], [ 588691.25, 2330624.375 ], [ 588699.6875, 2330617.8125 ], [ 588704.375, 2330611.25 ], [ 588715.625, 2330588.75 ], [ 588719.0625, 2330584.6875 ], [ 588726.5625, 2330580.9375 ], [ 588740.3125, 2330579.6875 ], [ 588748.75, 2330576.875 ], [ 588752.8125, 2330573.4375 ], [ 588758.59375, 2330564.21875 ], [ 588764.21875, 2330558.59375 ], [ 588795.78125, 2330541.40625 ], [ 588802.96875, 2330533.59375 ], [ 588815.625, 2330508.75 ], [ 588821.25, 2330503.125 ], [ 588826.5625, 2330500.9375 ], [ 588833.125, 2330500.0 ], [ 588896.875, 2330500.0 ], [ 588903.4375, 2330499.0625 ], [ 588910.9375, 2330495.3125 ], [ 588914.375, 2330491.25 ], [ 588918.59375, 2330484.21875 ], [ 588924.21875, 2330478.59375 ], [ 588955.78125, 2330461.40625 ], [ 588962.96875, 2330453.59375 ], [ 588975.625, 2330428.75 ], [ 588980.3125, 2330422.1875 ], [ 588986.40625, 2330417.03125 ], [ 589011.25, 2330404.375 ], [ 589017.8125, 2330399.6875 ], [ 589022.96875, 2330393.59375 ], [ 589035.625, 2330368.75 ], [ 589040.3125, 2330362.1875 ], [ 589046.40625, 2330357.03125 ], [ 589071.25, 2330344.375 ], [ 589077.8125, 2330339.6875 ], [ 589082.96875, 2330333.59375 ], [ 589095.625, 2330308.75 ], [ 589100.3125, 2330302.1875 ], [ 589106.40625, 2330297.03125 ], [ 589131.25, 2330284.375 ], [ 589137.8125, 2330279.6875 ], [ 589142.96875, 2330273.59375 ], [ 589155.625, 2330248.75 ], [ 589160.3125, 2330242.1875 ], [ 589166.40625, 2330237.03125 ], [ 589191.25, 2330224.375 ], [ 589197.8125, 2330219.6875 ], [ 589202.96875, 2330213.59375 ], [ 589215.625, 2330188.75 ], [ 589219.0625, 2330184.6875 ], [ 589223.75, 2330181.875 ], [ 589229.6875, 2330180.3125 ], [ 589266.875, 2330180.0 ], [ 589273.4375, 2330179.0625 ], [ 589278.75, 2330176.875 ], [ 589284.375, 2330171.25 ], [ 589295.625, 2330148.75 ], [ 589299.0625, 2330144.6875 ], [ 589306.5625, 2330140.9375 ], [ 589320.3125, 2330139.6875 ], [ 589328.75, 2330136.875 ], [ 589332.8125, 2330133.4375 ], [ 589337.1875, 2330126.5625 ], [ 589343.75, 2330121.875 ], [ 589353.125, 2330120.0 ], [ 589386.875, 2330120.0 ], [ 589393.4375, 2330119.0625 ], [ 589398.75, 2330116.875 ], [ 589404.375, 2330111.25 ], [ 589415.625, 2330088.75 ], [ 589422.1875, 2330080.3125 ], [ 589428.75, 2330075.625 ], [ 589451.25, 2330064.375 ], [ 589455.3125, 2330060.9375 ], [ 589459.0625, 2330053.4375 ], [ 589460.3125, 2330039.6875 ], [ 589463.125, 2330031.25 ], [ 589466.5625, 2330027.1875 ], [ 589475.78125, 2330021.40625 ], [ 589481.40625, 2330015.78125 ], [ 589484.375, 2330011.25 ], [ 589495.625, 2329988.75 ], [ 589501.25, 2329983.125 ], [ 589506.5625, 2329980.9375 ], [ 589520.3125, 2329979.6875 ], [ 589526.25, 2329978.125 ], [ 589532.8125, 2329973.4375 ], [ 589539.0625, 2329964.6875 ], [ 589546.5625, 2329960.9375 ], [ 589553.125, 2329960.0 ], [ 589586.875, 2329960.0 ], [ 589596.25, 2329958.125 ], [ 589600.9375, 2329955.3125 ], [ 589607.1875, 2329946.5625 ], [ 589613.75, 2329941.875 ], [ 589619.6875, 2329940.3125 ], [ 589637.1875, 2329939.0625 ], [ 589646.09375, 2329936.71875 ], [ 589711.25, 2329904.375 ], [ 589722.8125, 2329900.9375 ], [ 589733.125, 2329900.0 ], [ 589830.3125, 2329899.6875 ], [ 589836.25, 2329898.125 ], [ 589840.9375, 2329895.3125 ], [ 589847.1875, 2329886.5625 ], [ 589851.25, 2329883.125 ], [ 589856.5625, 2329880.9375 ], [ 589863.125, 2329880.0 ], [ 590046.875, 2329880.0 ], [ 590053.4375, 2329880.9375 ], [ 590058.75, 2329883.125 ], [ 590062.8125, 2329886.5625 ], [ 590069.0625, 2329895.3125 ], [ 590076.5625, 2329899.0625 ], [ 590083.125, 2329900.0 ], [ 590116.875, 2329900.0 ], [ 590126.25, 2329901.875 ], [ 590132.8125, 2329906.5625 ], [ 590139.0625, 2329915.3125 ], [ 590146.5625, 2329919.0625 ], [ 590153.125, 2329920.0 ], [ 590186.875, 2329920.0 ], [ 590196.25, 2329921.875 ], [ 590202.8125, 2329926.5625 ], [ 590209.0625, 2329935.3125 ], [ 590216.5625, 2329939.0625 ], [ 590223.125, 2329940.0 ], [ 590286.875, 2329940.0 ], [ 590293.4375, 2329940.9375 ], [ 590300.9375, 2329944.6875 ], [ 590307.1875, 2329953.4375 ], [ 590313.75, 2329958.125 ], [ 590319.6875, 2329959.6875 ], [ 590330.3125, 2329960.3125 ], [ 590338.75, 2329963.125 ], [ 590342.8125, 2329966.5625 ], [ 590347.1875, 2329973.4375 ], [ 590353.75, 2329978.125 ], [ 590359.6875, 2329979.6875 ], [ 590370.46875, 2329980.15625 ], [ 590380.3125, 2329981.5625 ], [ 590388.75, 2329984.375 ], [ 590411.25, 2329995.625 ], [ 590416.71875, 2329997.65625 ], [ 590426.09375, 2329999.53125 ], [ 590440.3125, 2330000.3125 ], [ 590446.25, 2330001.875 ], [ 590450.9375, 2330004.6875 ], [ 590457.1875, 2330013.4375 ], [ 590463.75, 2330018.125 ], [ 590473.125, 2330020.0 ], [ 590506.875, 2330020.0 ], [ 590516.25, 2330021.875 ], [ 590520.9375, 2330024.6875 ], [ 590527.1875, 2330033.4375 ], [ 590531.25, 2330036.875 ], [ 590536.5625, 2330039.0625 ], [ 590550.3125, 2330040.3125 ], [ 590556.25, 2330041.875 ], [ 590560.9375, 2330044.6875 ], [ 590567.1875, 2330053.4375 ], [ 590571.25, 2330056.875 ], [ 590576.5625, 2330059.0625 ], [ 590590.3125, 2330060.3125 ], [ 590596.25, 2330061.875 ], [ 590600.9375, 2330064.6875 ], [ 590607.1875, 2330073.4375 ], [ 590611.25, 2330076.875 ], [ 590616.5625, 2330079.0625 ], [ 590630.3125, 2330080.3125 ], [ 590636.25, 2330081.875 ], [ 590640.9375, 2330084.6875 ], [ 590647.1875, 2330093.4375 ], [ 590651.25, 2330096.875 ], [ 590656.5625, 2330099.0625 ], [ 590670.3125, 2330100.3125 ], [ 590676.25, 2330101.875 ], [ 590682.8125, 2330106.5625 ], [ 590689.0625, 2330115.3125 ], [ 590696.5625, 2330119.0625 ], [ 590703.125, 2330120.0 ], [ 590717.1875, 2330119.0625 ], [ 590726.09375, 2330116.71875 ], [ 590733.4375, 2330112.8125 ], [ 590738.125, 2330106.25 ], [ 590739.6875, 2330100.3125 ], [ 590740.9375, 2330086.5625 ], [ 590744.6875, 2330079.0625 ], [ 590748.75, 2330075.625 ], [ 590771.25, 2330064.375 ], [ 590776.875, 2330058.75 ], [ 590779.0625, 2330053.4375 ], [ 590780.3125, 2330039.6875 ], [ 590783.125, 2330031.25 ], [ 590786.5625, 2330027.1875 ], [ 590797.8125, 2330019.6875 ], [ 590802.96875, 2330013.59375 ], [ 590815.625, 2329988.75 ], [ 590816.25, 2329986.5625 ], [ 590815.625, 2329983.125 ], [ 590812.5, 2329980.9375 ], [ 590806.875, 2329980.0 ], [ 590773.125, 2329980.0 ], [ 590759.6875, 2329978.4375 ], [ 590751.25, 2329975.625 ], [ 590726.40625, 2329962.96875 ], [ 590722.1875, 2329959.6875 ], [ 590717.03125, 2329953.59375 ], [ 590704.375, 2329928.75 ], [ 590701.5625, 2329920.3125 ], [ 590700.46875, 2329913.90625 ], [ 590699.6875, 2329899.6875 ], [ 590696.875, 2329891.25 ], [ 590693.4375, 2329887.1875 ], [ 590686.40625, 2329882.96875 ], [ 590680.3125, 2329877.8125 ], [ 590670.9375, 2329864.6875 ], [ 590663.4375, 2329860.9375 ], [ 590642.8125, 2329859.0625 ], [ 590631.25, 2329855.625 ], [ 590608.75, 2329844.375 ], [ 590604.21875, 2329841.40625 ], [ 590598.59375, 2329835.78125 ], [ 590592.8125, 2329826.5625 ], [ 590588.75, 2329823.125 ], [ 590583.4375, 2329820.9375 ], [ 590569.6875, 2329819.6875 ], [ 590561.25, 2329816.875 ], [ 590555.625, 2329811.25 ], [ 590544.375, 2329788.75 ], [ 590540.9375, 2329784.6875 ], [ 590533.4375, 2329780.9375 ], [ 590519.6875, 2329779.6875 ], [ 590511.25, 2329776.875 ], [ 590507.1875, 2329773.4375 ], [ 590502.8125, 2329766.5625 ], [ 590496.25, 2329761.875 ], [ 590486.875, 2329760.0 ], [ 590423.125, 2329760.0 ], [ 590413.75, 2329758.125 ], [ 590409.0625, 2329755.3125 ], [ 590402.8125, 2329746.5625 ], [ 590398.75, 2329743.125 ], [ 590393.4375, 2329740.9375 ], [ 590379.6875, 2329739.6875 ], [ 590373.75, 2329738.125 ], [ 590369.0625, 2329735.3125 ], [ 590362.8125, 2329726.5625 ], [ 590356.25, 2329721.875 ], [ 590346.875, 2329720.0 ], [ 590313.125, 2329720.0 ], [ 590303.75, 2329718.125 ], [ 590299.0625, 2329715.3125 ], [ 590292.8125, 2329706.5625 ], [ 590288.75, 2329703.125 ], [ 590283.4375, 2329700.9375 ], [ 590269.6875, 2329699.6875 ], [ 590263.75, 2329698.125 ], [ 590259.0625, 2329695.3125 ], [ 590252.8125, 2329686.5625 ], [ 590248.75, 2329683.125 ], [ 590243.4375, 2329680.9375 ], [ 590229.6875, 2329679.6875 ], [ 590223.75, 2329678.125 ], [ 590217.1875, 2329673.4375 ], [ 590210.9375, 2329664.6875 ], [ 590206.25, 2329661.875 ], [ 590200.3125, 2329660.3125 ], [ 590066.09375, 2329659.53125 ], [ 590053.90625, 2329656.71875 ], [ 590023.28125, 2329642.34375 ], [ 590017.1875, 2329640.9375 ], [ 590006.875, 2329640.0 ], [ 589906.09375, 2329640.46875 ], [ 589893.90625, 2329643.28125 ], [ 589866.25, 2329656.5625 ], [ 589858.75, 2329657.5 ], [ 589851.25, 2329655.625 ], [ 589826.25, 2329643.4375 ], [ 589821.25, 2329642.5 ], [ 589813.75, 2329643.4375 ], [ 589788.75, 2329655.625 ], [ 589784.21875, 2329658.59375 ], [ 589778.59375, 2329664.21875 ], [ 589772.8125, 2329673.4375 ], [ 589768.75, 2329676.875 ], [ 589763.4375, 2329679.0625 ], [ 589749.6875, 2329680.3125 ], [ 589743.75, 2329681.875 ], [ 589739.0625, 2329684.6875 ], [ 589732.8125, 2329693.4375 ], [ 589728.75, 2329696.875 ], [ 589723.4375, 2329699.0625 ], [ 589709.6875, 2329700.3125 ], [ 589703.75, 2329701.875 ], [ 589699.0625, 2329704.6875 ], [ 589692.8125, 2329713.4375 ], [ 589686.25, 2329718.125 ], [ 589676.875, 2329720.0 ], [ 589643.125, 2329720.0 ], [ 589633.75, 2329721.875 ], [ 589627.1875, 2329726.5625 ], [ 589621.40625, 2329735.78125 ], [ 589613.59375, 2329742.96875 ], [ 589546.40625, 2329777.03125 ], [ 589542.1875, 2329780.3125 ], [ 589537.03125, 2329786.40625 ], [ 589524.375, 2329811.25 ], [ 589517.8125, 2329819.6875 ], [ 589511.25, 2329824.375 ], [ 589488.75, 2329835.625 ], [ 589480.3125, 2329842.1875 ], [ 589475.625, 2329848.75 ], [ 589464.375, 2329871.25 ], [ 589460.9375, 2329875.3125 ], [ 589453.4375, 2329879.0625 ], [ 589439.6875, 2329880.3125 ], [ 589431.25, 2329883.125 ], [ 589427.1875, 2329886.5625 ], [ 589419.6875, 2329897.8125 ], [ 589413.59375, 2329902.96875 ], [ 589346.40625, 2329937.03125 ], [ 589342.1875, 2329940.3125 ], [ 589337.03125, 2329946.40625 ], [ 589324.375, 2329971.25 ], [ 589320.9375, 2329975.3125 ], [ 589313.4375, 2329979.0625 ], [ 589299.6875, 2329980.3125 ], [ 589291.25, 2329983.125 ], [ 589287.1875, 2329986.5625 ], [ 589281.40625, 2329995.78125 ], [ 589275.78125, 2330001.40625 ], [ 589244.21875, 2330018.59375 ], [ 589237.03125, 2330026.40625 ], [ 589224.375, 2330051.25 ], [ 589219.6875, 2330057.8125 ], [ 589213.59375, 2330062.96875 ], [ 589188.75, 2330075.625 ], [ 589182.1875, 2330080.3125 ], [ 589177.03125, 2330086.40625 ], [ 589164.375, 2330111.25 ], [ 589159.6875, 2330117.8125 ], [ 589151.25, 2330124.375 ], [ 589126.40625, 2330137.03125 ], [ 589118.59375, 2330144.21875 ], [ 589115.625, 2330148.75 ], [ 589082.96875, 2330213.59375 ], [ 589077.8125, 2330219.6875 ], [ 589066.5625, 2330227.1875 ], [ 589063.125, 2330231.25 ], [ 589060.9375, 2330236.5625 ], [ 589059.6875, 2330250.3125 ], [ 589056.875, 2330258.75 ], [ 589051.25, 2330264.375 ], [ 589028.75, 2330275.625 ], [ 589020.3125, 2330282.1875 ], [ 589015.625, 2330288.75 ], [ 589004.375, 2330311.25 ], [ 589000.9375, 2330315.3125 ], [ 588993.4375, 2330319.0625 ], [ 588979.6875, 2330320.3125 ], [ 588971.25, 2330323.125 ], [ 588967.1875, 2330326.5625 ], [ 588962.8125, 2330333.4375 ], [ 588956.25, 2330338.125 ], [ 588950.3125, 2330339.6875 ], [ 588939.6875, 2330340.3125 ], [ 588931.25, 2330343.125 ], [ 588927.1875, 2330346.5625 ], [ 588919.6875, 2330357.8125 ], [ 588913.59375, 2330362.96875 ], [ 588846.40625, 2330397.03125 ], [ 588842.1875, 2330400.3125 ], [ 588837.03125, 2330406.40625 ], [ 588824.375, 2330431.25 ], [ 588818.75, 2330436.875 ], [ 588810.3125, 2330439.6875 ], [ 588773.125, 2330440.0 ], [ 588766.5625, 2330440.9375 ], [ 588761.25, 2330443.125 ], [ 588755.625, 2330448.75 ], [ 588744.375, 2330471.25 ], [ 588737.8125, 2330479.6875 ], [ 588731.25, 2330484.375 ], [ 588708.75, 2330495.625 ], [ 588704.21875, 2330498.59375 ], [ 588698.59375, 2330504.21875 ], [ 588692.8125, 2330513.4375 ], [ 588688.75, 2330516.875 ], [ 588680.3125, 2330519.6875 ], [ 588666.5625, 2330520.9375 ], [ 588659.0625, 2330524.6875 ], [ 588655.625, 2330528.75 ], [ 588644.375, 2330551.25 ], [ 588638.75, 2330556.875 ], [ 588633.4375, 2330559.0625 ], [ 588619.6875, 2330560.3125 ], [ 588611.25, 2330563.125 ], [ 588607.1875, 2330566.5625 ], [ 588601.40625, 2330575.78125 ], [ 588595.78125, 2330581.40625 ], [ 588564.21875, 2330598.59375 ], [ 588557.03125, 2330606.40625 ], [ 588544.375, 2330631.25 ], [ 588539.6875, 2330637.8125 ], [ 588531.25, 2330644.375 ], [ 588508.75, 2330655.625 ], [ 588504.21875, 2330658.59375 ], [ 588498.59375, 2330664.21875 ], [ 588494.375, 2330671.25 ], [ 588490.9375, 2330675.3125 ], [ 588483.4375, 2330679.0625 ], [ 588466.09375, 2330680.46875 ], [ 588453.90625, 2330683.28125 ], [ 588388.75, 2330715.625 ], [ 588384.21875, 2330718.59375 ], [ 588377.03125, 2330726.40625 ], [ 588364.375, 2330751.25 ], [ 588357.8125, 2330759.6875 ], [ 588351.25, 2330764.375 ], [ 588328.75, 2330775.625 ], [ 588320.3125, 2330782.1875 ], [ 588315.625, 2330788.75 ], [ 588304.375, 2330811.25 ], [ 588297.8125, 2330819.6875 ], [ 588291.25, 2330824.375 ], [ 588268.75, 2330835.625 ], [ 588260.3125, 2330842.1875 ], [ 588255.625, 2330848.75 ], [ 588244.375, 2330871.25 ], [ 588241.40625, 2330875.78125 ], [ 588235.78125, 2330881.40625 ], [ 588226.5625, 2330887.1875 ], [ 588223.125, 2330891.25 ], [ 588220.3125, 2330899.6875 ], [ 588219.0625, 2330913.4375 ], [ 588215.3125, 2330920.9375 ], [ 588211.25, 2330924.375 ], [ 588188.75, 2330935.625 ], [ 588182.1875, 2330940.3125 ], [ 588175.625, 2330948.75 ], [ 588164.375, 2330971.25 ], [ 588158.75, 2330976.875 ], [ 588153.4375, 2330979.0625 ], [ 588139.6875, 2330980.3125 ], [ 588133.75, 2330981.875 ], [ 588127.1875, 2330986.5625 ], [ 588120.9375, 2330995.3125 ], [ 588113.4375, 2330999.0625 ], [ 588106.875, 2331000.0 ], [ 588073.125, 2331000.0 ], [ 588066.5625, 2331000.9375 ], [ 588061.25, 2331003.125 ], [ 588055.625, 2331008.75 ], [ 588044.375, 2331031.25 ], [ 588037.8125, 2331039.6875 ], [ 588031.25, 2331044.375 ], [ 588008.75, 2331055.625 ], [ 588004.21875, 2331058.59375 ], [ 587998.59375, 2331064.21875 ], [ 587992.8125, 2331073.4375 ], [ 587988.75, 2331076.875 ], [ 587980.3125, 2331079.6875 ], [ 587966.5625, 2331080.9375 ], [ 587959.0625, 2331084.6875 ], [ 587955.625, 2331088.75 ], [ 587944.375, 2331111.25 ], [ 587940.9375, 2331115.3125 ], [ 587933.4375, 2331119.0625 ], [ 587919.6875, 2331120.3125 ], [ 587911.25, 2331123.125 ], [ 587907.1875, 2331126.5625 ], [ 587899.6875, 2331137.8125 ], [ 587893.59375, 2331142.96875 ], [ 587826.25, 2331176.5625 ], [ 587821.25, 2331177.5 ], [ 587813.75, 2331176.5625 ], [ 587788.75, 2331164.375 ], [ 587784.21875, 2331161.40625 ], [ 587777.03125, 2331153.59375 ], [ 587761.40625, 2331124.21875 ], [ 587755.78125, 2331118.59375 ], [ 587746.5625, 2331112.8125 ], [ 587741.875, 2331106.25 ], [ 587740.3125, 2331100.3125 ], [ 587740.15625, 2331089.53125 ], [ 587741.5625, 2331079.6875 ], [ 587744.375, 2331071.25 ], [ 587755.625, 2331048.75 ], [ 587758.59375, 2331044.21875 ], [ 587764.21875, 2331038.59375 ], [ 587771.25, 2331034.375 ], [ 587775.3125, 2331030.9375 ], [ 587779.0625, 2331023.4375 ], [ 587780.0, 2331016.875 ], [ 587780.0, 2330983.125 ], [ 587781.875, 2330973.75 ], [ 587784.6875, 2330969.0625 ], [ 587797.8125, 2330959.6875 ], [ 587804.375, 2330951.25 ], [ 587815.625, 2330928.75 ], [ 587817.65625, 2330923.28125 ], [ 587819.53125, 2330913.90625 ], [ 587820.3125, 2330899.6875 ], [ 587823.125, 2330891.25 ], [ 587826.5625, 2330887.1875 ], [ 587833.59375, 2330882.96875 ], [ 587839.6875, 2330877.8125 ], [ 587844.375, 2330871.25 ], [ 587855.625, 2330848.75 ], [ 587858.59375, 2330844.21875 ], [ 587864.21875, 2330838.59375 ], [ 587873.4375, 2330832.8125 ], [ 587876.875, 2330828.75 ], [ 587879.6875, 2330820.3125 ], [ 587880.9375, 2330806.5625 ], [ 587884.6875, 2330799.0625 ], [ 587888.75, 2330795.625 ], [ 587913.59375, 2330782.96875 ], [ 587919.6875, 2330777.8125 ], [ 587924.375, 2330771.25 ], [ 587935.625, 2330748.75 ], [ 587942.1875, 2330740.3125 ], [ 587948.75, 2330735.625 ], [ 587971.25, 2330724.375 ], [ 587979.6875, 2330717.8125 ], [ 587984.375, 2330711.25 ], [ 587995.625, 2330688.75 ], [ 587998.59375, 2330684.21875 ], [ 588004.21875, 2330678.59375 ], [ 588013.4375, 2330672.8125 ], [ 588016.875, 2330668.75 ], [ 588019.6875, 2330660.3125 ], [ 588020.9375, 2330646.5625 ], [ 588024.6875, 2330639.0625 ], [ 588028.75, 2330635.625 ], [ 588053.59375, 2330622.96875 ], [ 588059.6875, 2330617.8125 ], [ 588064.375, 2330611.25 ], [ 588075.625, 2330588.75 ], [ 588080.3125, 2330582.1875 ], [ 588086.40625, 2330577.03125 ], [ 588111.25, 2330564.375 ], [ 588117.8125, 2330559.6875 ], [ 588122.96875, 2330553.59375 ], [ 588135.625, 2330528.75 ], [ 588140.3125, 2330522.1875 ], [ 588146.40625, 2330517.03125 ], [ 588171.25, 2330504.375 ], [ 588177.8125, 2330499.6875 ], [ 588182.96875, 2330493.59375 ], [ 588195.625, 2330468.75 ], [ 588200.3125, 2330462.1875 ], [ 588206.40625, 2330457.03125 ], [ 588231.25, 2330444.375 ], [ 588237.8125, 2330439.6875 ], [ 588242.96875, 2330433.59375 ], [ 588255.625, 2330408.75 ], [ 588260.3125, 2330402.1875 ], [ 588266.40625, 2330397.03125 ], [ 588291.25, 2330384.375 ], [ 588297.8125, 2330379.6875 ], [ 588302.96875, 2330373.59375 ], [ 588315.625, 2330348.75 ], [ 588320.3125, 2330342.1875 ], [ 588326.40625, 2330337.03125 ], [ 588351.25, 2330324.375 ], [ 588355.3125, 2330320.9375 ], [ 588358.125, 2330316.25 ], [ 588359.6875, 2330310.3125 ], [ 588360.0, 2330273.125 ], [ 588361.5625, 2330259.6875 ], [ 588364.375, 2330251.25 ], [ 588375.625, 2330228.75 ], [ 588380.3125, 2330222.1875 ], [ 588386.40625, 2330217.03125 ], [ 588411.25, 2330204.375 ], [ 588417.8125, 2330199.6875 ], [ 588424.375, 2330191.25 ], [ 588435.625, 2330168.75 ], [ 588441.25, 2330163.125 ], [ 588446.5625, 2330160.9375 ], [ 588460.3125, 2330159.6875 ], [ 588466.25, 2330158.125 ], [ 588470.9375, 2330155.3125 ], [ 588477.1875, 2330146.5625 ], [ 588481.25, 2330143.125 ], [ 588486.5625, 2330140.9375 ], [ 588500.3125, 2330139.6875 ], [ 588508.75, 2330136.875 ], [ 588512.8125, 2330133.4375 ], [ 588518.59375, 2330124.21875 ], [ 588524.21875, 2330118.59375 ], [ 588555.78125, 2330101.40625 ], [ 588562.96875, 2330093.59375 ], [ 588577.03125, 2330066.40625 ], [ 588584.21875, 2330058.59375 ], [ 588588.75, 2330055.625 ], [ 588653.4375, 2330022.8125 ], [ 588656.875, 2330018.75 ], [ 588659.0625, 2330013.4375 ], [ 588660.3125, 2329999.6875 ], [ 588663.125, 2329991.25 ], [ 588666.5625, 2329987.1875 ], [ 588675.78125, 2329981.40625 ], [ 588681.40625, 2329975.78125 ], [ 588684.375, 2329971.25 ], [ 588695.625, 2329948.75 ], [ 588702.1875, 2329940.3125 ], [ 588708.75, 2329935.625 ], [ 588731.25, 2329924.375 ], [ 588735.3125, 2329920.9375 ], [ 588739.0625, 2329913.4375 ], [ 588740.3125, 2329899.6875 ], [ 588743.125, 2329891.25 ], [ 588746.5625, 2329887.1875 ], [ 588755.78125, 2329881.40625 ], [ 588761.40625, 2329875.78125 ], [ 588778.59375, 2329844.21875 ], [ 588786.40625, 2329837.03125 ], [ 588811.25, 2329824.375 ], [ 588819.6875, 2329817.8125 ], [ 588824.375, 2329811.25 ], [ 588835.625, 2329788.75 ], [ 588838.59375, 2329784.21875 ], [ 588844.21875, 2329778.59375 ], [ 588853.4375, 2329772.8125 ], [ 588856.875, 2329768.75 ], [ 588859.6875, 2329760.3125 ], [ 588860.9375, 2329746.5625 ], [ 588864.6875, 2329739.0625 ], [ 588868.75, 2329735.625 ], [ 588891.25, 2329724.375 ], [ 588895.3125, 2329720.9375 ], [ 588899.0625, 2329713.4375 ], [ 588900.3125, 2329699.6875 ], [ 588903.125, 2329691.25 ], [ 588906.5625, 2329687.1875 ], [ 588913.59375, 2329682.96875 ], [ 588919.6875, 2329677.8125 ], [ 588924.375, 2329671.25 ], [ 588935.625, 2329648.75 ], [ 588938.59375, 2329644.21875 ], [ 588944.21875, 2329638.59375 ], [ 588953.4375, 2329632.8125 ], [ 588956.875, 2329628.75 ], [ 588959.6875, 2329620.3125 ], [ 588960.46875, 2329606.09375 ], [ 588962.34375, 2329596.71875 ], [ 588964.375, 2329591.25 ], [ 588977.03125, 2329566.40625 ], [ 588980.3125, 2329562.1875 ], [ 588986.40625, 2329557.03125 ], [ 589011.25, 2329544.375 ], [ 589015.3125, 2329540.9375 ], [ 589019.0625, 2329533.4375 ], [ 589020.3125, 2329519.6875 ], [ 589023.125, 2329511.25 ], [ 589026.5625, 2329507.1875 ], [ 589035.78125, 2329501.40625 ], [ 589041.40625, 2329495.78125 ], [ 589044.375, 2329491.25 ], [ 589055.625, 2329468.75 ], [ 589060.3125, 2329462.1875 ], [ 589068.75, 2329455.625 ], [ 589091.25, 2329444.375 ], [ 589096.875, 2329438.75 ], [ 589099.0625, 2329433.4375 ], [ 589100.3125, 2329419.6875 ], [ 589101.875, 2329413.75 ], [ 589104.6875, 2329409.0625 ], [ 589113.4375, 2329402.8125 ], [ 589116.875, 2329398.75 ], [ 589119.0625, 2329393.4375 ], [ 589120.3125, 2329379.6875 ], [ 589121.875, 2329373.75 ], [ 589124.6875, 2329369.0625 ], [ 589133.4375, 2329362.8125 ], [ 589136.875, 2329358.75 ], [ 589139.0625, 2329353.4375 ], [ 589140.3125, 2329339.6875 ], [ 589141.875, 2329333.75 ], [ 589144.6875, 2329329.0625 ], [ 589153.4375, 2329322.8125 ], [ 589158.125, 2329316.25 ], [ 589160.0, 2329306.875 ], [ 589160.46875, 2329266.09375 ], [ 589161.5625, 2329259.6875 ], [ 589164.375, 2329251.25 ], [ 589197.03125, 2329186.40625 ], [ 589202.1875, 2329180.3125 ], [ 589213.4375, 2329172.8125 ], [ 589216.875, 2329168.75 ], [ 589219.0625, 2329163.4375 ], [ 589220.3125, 2329149.6875 ], [ 589221.875, 2329143.75 ], [ 589224.6875, 2329139.0625 ], [ 589233.4375, 2329132.8125 ], [ 589236.875, 2329128.75 ], [ 589239.0625, 2329123.4375 ], [ 589240.3125, 2329109.6875 ], [ 589241.875, 2329103.75 ], [ 589244.6875, 2329099.0625 ], [ 589253.4375, 2329092.8125 ], [ 589256.875, 2329088.75 ], [ 589259.0625, 2329083.4375 ], [ 589260.3125, 2329069.6875 ], [ 589263.125, 2329061.25 ], [ 589268.75, 2329055.625 ], [ 589291.25, 2329044.375 ], [ 589296.875, 2329038.75 ], [ 589299.0625, 2329033.4375 ], [ 589300.3125, 2329019.6875 ], [ 589303.125, 2329011.25 ], [ 589306.5625, 2329007.1875 ], [ 589317.8125, 2328999.6875 ], [ 589322.96875, 2328993.59375 ], [ 589355.625, 2328928.75 ], [ 589358.59375, 2328924.21875 ], [ 589366.40625, 2328917.03125 ], [ 589391.25, 2328904.375 ], [ 589396.875, 2328898.75 ], [ 589399.6875, 2328890.3125 ], [ 589400.0, 2328853.125 ], [ 589401.875, 2328843.75 ], [ 589404.6875, 2328839.0625 ], [ 589413.4375, 2328832.8125 ], [ 589418.125, 2328826.25 ], [ 589419.6875, 2328820.3125 ], [ 589420.15625, 2328809.53125 ], [ 589421.5625, 2328799.6875 ], [ 589424.375, 2328791.25 ], [ 589435.625, 2328768.75 ], [ 589437.65625, 2328763.28125 ], [ 589439.53125, 2328753.90625 ], [ 589440.3125, 2328739.6875 ], [ 589441.875, 2328733.75 ], [ 589446.5625, 2328727.1875 ], [ 589455.3125, 2328720.9375 ], [ 589459.0625, 2328713.4375 ], [ 589460.0, 2328706.875 ], [ 589460.15625, 2328669.53125 ], [ 589460.9375, 2328662.8125 ], [ 589463.28125, 2328653.90625 ], [ 589475.625, 2328628.75 ], [ 589478.59375, 2328624.21875 ], [ 589484.21875, 2328618.59375 ], [ 589493.4375, 2328612.8125 ], [ 589496.875, 2328608.75 ], [ 589499.0625, 2328603.4375 ], [ 589500.3125, 2328589.6875 ], [ 589501.875, 2328583.75 ], [ 589504.6875, 2328579.0625 ], [ 589513.4375, 2328572.8125 ], [ 589516.875, 2328568.75 ], [ 589519.0625, 2328563.4375 ], [ 589520.3125, 2328549.6875 ], [ 589521.875, 2328543.75 ], [ 589524.6875, 2328539.0625 ], [ 589533.4375, 2328532.8125 ], [ 589536.875, 2328528.75 ], [ 589539.0625, 2328523.4375 ], [ 589540.3125, 2328509.6875 ], [ 589541.875, 2328503.75 ], [ 589544.6875, 2328499.0625 ], [ 589553.4375, 2328492.8125 ], [ 589558.125, 2328486.25 ], [ 589559.6875, 2328480.3125 ], [ 589560.9375, 2328462.8125 ], [ 589563.28125, 2328453.90625 ], [ 589595.625, 2328388.75 ], [ 589597.1875, 2328383.75 ], [ 589597.5, 2328378.75 ], [ 589595.625, 2328371.25 ], [ 589564.375, 2328308.75 ], [ 589559.6875, 2328302.1875 ], [ 589555.78125, 2328298.59375 ], [ 589546.5625, 2328292.8125 ], [ 589541.875, 2328286.25 ], [ 589540.0, 2328276.875 ], [ 589540.46875, 2328266.09375 ], [ 589541.5625, 2328259.6875 ], [ 589544.375, 2328251.25 ], [ 589555.625, 2328228.75 ], [ 589558.59375, 2328224.21875 ], [ 589566.40625, 2328217.03125 ], [ 589593.4375, 2328202.8125 ], [ 589596.875, 2328198.75 ], [ 589599.0625, 2328193.4375 ], [ 589600.0, 2328186.875 ], [ 589600.0, 2328093.125 ], [ 589601.5625, 2328079.6875 ], [ 589604.375, 2328071.25 ], [ 589617.03125, 2328046.40625 ], [ 589622.1875, 2328040.3125 ], [ 589635.3125, 2328030.9375 ], [ 589638.125, 2328026.25 ], [ 589639.6875, 2328020.3125 ], [ 589640.0, 2327863.125 ], [ 589641.875, 2327853.75 ], [ 589646.5625, 2327847.1875 ], [ 589655.78125, 2327841.40625 ], [ 589661.40625, 2327835.78125 ], [ 589678.59375, 2327804.21875 ], [ 589684.21875, 2327798.59375 ], [ 589693.4375, 2327792.8125 ], [ 589696.875, 2327788.75 ], [ 589699.0625, 2327783.4375 ], [ 589700.3125, 2327769.6875 ], [ 589701.875, 2327763.75 ], [ 589704.6875, 2327759.0625 ], [ 589713.4375, 2327752.8125 ], [ 589718.125, 2327746.25 ], [ 589719.6875, 2327740.3125 ], [ 589720.46875, 2327726.09375 ], [ 589722.34375, 2327716.71875 ], [ 589724.375, 2327711.25 ], [ 589735.625, 2327688.75 ], [ 589739.0625, 2327677.1875 ], [ 589740.0, 2327666.875 ], [ 589740.0, 2327633.125 ], [ 589739.0625, 2327626.5625 ], [ 589735.3125, 2327619.0625 ], [ 589726.5625, 2327612.8125 ], [ 589721.875, 2327606.25 ], [ 589720.0, 2327596.875 ], [ 589720.46875, 2327586.09375 ], [ 589721.5625, 2327579.6875 ], [ 589724.375, 2327571.25 ], [ 589737.03125, 2327546.40625 ], [ 589742.1875, 2327540.3125 ], [ 589753.4375, 2327532.8125 ], [ 589756.875, 2327528.75 ], [ 589759.6875, 2327520.3125 ], [ 589759.6875, 2327509.6875 ], [ 589758.125, 2327503.75 ], [ 589753.4375, 2327497.1875 ], [ 589728.75, 2327484.375 ], [ 589720.3125, 2327477.8125 ], [ 589715.625, 2327471.25 ], [ 589704.375, 2327448.75 ], [ 589698.75, 2327443.125 ], [ 589690.3125, 2327440.3125 ], [ 589653.125, 2327440.0 ], [ 589643.75, 2327438.125 ], [ 589639.0625, 2327435.3125 ], [ 589632.8125, 2327426.5625 ], [ 589626.25, 2327421.875 ], [ 589620.3125, 2327420.3125 ], [ 589602.8125, 2327419.0625 ], [ 589591.25, 2327415.625 ], [ 589488.75, 2327364.375 ], [ 589482.1875, 2327359.6875 ], [ 589478.59375, 2327355.78125 ], [ 589472.8125, 2327346.5625 ], [ 589466.25, 2327341.875 ], [ 589456.875, 2327340.0 ], [ 589423.125, 2327340.0 ], [ 589416.5625, 2327339.0625 ], [ 589409.0625, 2327335.3125 ], [ 589402.8125, 2327326.5625 ], [ 589396.25, 2327321.875 ], [ 589390.3125, 2327320.3125 ], [ 589379.6875, 2327319.6875 ], [ 589371.25, 2327316.875 ], [ 589367.1875, 2327313.4375 ], [ 589362.8125, 2327306.5625 ], [ 589356.25, 2327301.875 ], [ 589346.875, 2327300.0 ], [ 589313.125, 2327300.0 ], [ 589306.5625, 2327299.0625 ], [ 589299.0625, 2327295.3125 ], [ 589292.8125, 2327286.5625 ], [ 589286.25, 2327281.875 ], [ 589280.3125, 2327280.3125 ], [ 589266.09375, 2327279.53125 ], [ 589256.71875, 2327277.65625 ], [ 589251.25, 2327275.625 ], [ 589228.75, 2327264.375 ], [ 589220.3125, 2327261.5625 ], [ 589213.90625, 2327260.46875 ], [ 589203.125, 2327260.0 ], [ 589196.5625, 2327260.9375 ], [ 589191.25, 2327263.125 ], [ 589187.1875, 2327266.5625 ], [ 589181.40625, 2327275.78125 ], [ 589175.78125, 2327281.40625 ], [ 589146.40625, 2327297.03125 ], [ 589142.1875, 2327300.3125 ], [ 589137.03125, 2327306.40625 ], [ 589124.375, 2327331.25 ], [ 589120.9375, 2327342.8125 ], [ 589120.0, 2327353.125 ], [ 589120.0, 2327416.875 ], [ 589119.0625, 2327423.4375 ], [ 589115.3125, 2327430.9375 ], [ 589104.6875, 2327439.0625 ], [ 589100.9375, 2327446.5625 ], [ 589100.0, 2327453.125 ], [ 589099.84375, 2327490.46875 ], [ 589098.4375, 2327500.3125 ], [ 589095.625, 2327508.75 ], [ 589084.375, 2327531.25 ], [ 589082.34375, 2327536.71875 ], [ 589080.46875, 2327546.09375 ], [ 589079.6875, 2327560.3125 ], [ 589078.125, 2327566.25 ], [ 589073.4375, 2327572.8125 ], [ 589064.6875, 2327579.0625 ], [ 589060.9375, 2327586.5625 ], [ 589060.0, 2327593.125 ], [ 589060.0, 2327626.875 ], [ 589058.125, 2327636.25 ], [ 589055.3125, 2327640.9375 ], [ 589051.25, 2327644.375 ], [ 589028.75, 2327655.625 ], [ 589024.6875, 2327659.0625 ], [ 589020.9375, 2327666.5625 ], [ 589019.6875, 2327680.3125 ], [ 589016.875, 2327688.75 ], [ 589013.4375, 2327692.8125 ], [ 589004.21875, 2327698.59375 ], [ 588998.59375, 2327704.21875 ], [ 588995.625, 2327708.75 ], [ 588984.375, 2327731.25 ], [ 588979.6875, 2327737.8125 ], [ 588971.25, 2327744.375 ], [ 588948.75, 2327755.625 ], [ 588943.125, 2327761.25 ], [ 588940.9375, 2327766.5625 ], [ 588940.0, 2327773.125 ], [ 588940.0, 2327806.875 ], [ 588939.0625, 2327813.4375 ], [ 588935.3125, 2327820.9375 ], [ 588926.5625, 2327827.1875 ], [ 588921.875, 2327833.75 ], [ 588920.3125, 2327839.6875 ], [ 588919.6875, 2327850.3125 ], [ 588916.875, 2327858.75 ], [ 588913.4375, 2327862.8125 ], [ 588906.5625, 2327867.1875 ], [ 588901.875, 2327873.75 ], [ 588900.3125, 2327879.6875 ], [ 588899.0625, 2327897.1875 ], [ 588895.625, 2327908.75 ], [ 588862.96875, 2327973.59375 ], [ 588859.6875, 2327977.8125 ], [ 588853.59375, 2327982.96875 ], [ 588828.75, 2327995.625 ], [ 588824.6875, 2327999.0625 ], [ 588820.9375, 2328006.5625 ], [ 588819.6875, 2328020.3125 ], [ 588816.875, 2328028.75 ], [ 588813.4375, 2328032.8125 ], [ 588806.5625, 2328037.1875 ], [ 588801.875, 2328043.75 ], [ 588800.0, 2328053.125 ], [ 588800.3125, 2328120.3125 ], [ 588801.875, 2328126.25 ], [ 588804.6875, 2328130.9375 ], [ 588813.28125, 2328137.03125 ], [ 588815.9375, 2328140.3125 ], [ 588816.40625, 2328146.40625 ], [ 588782.96875, 2328213.59375 ], [ 588777.8125, 2328219.6875 ], [ 588766.5625, 2328227.1875 ], [ 588763.125, 2328231.25 ], [ 588760.9375, 2328236.5625 ], [ 588759.6875, 2328250.3125 ], [ 588758.125, 2328256.25 ], [ 588755.3125, 2328260.9375 ], [ 588746.5625, 2328267.1875 ], [ 588743.125, 2328271.25 ], [ 588740.9375, 2328276.5625 ], [ 588739.6875, 2328290.3125 ], [ 588736.875, 2328298.75 ], [ 588733.4375, 2328302.8125 ], [ 588726.5625, 2328307.1875 ], [ 588721.875, 2328313.75 ], [ 588720.3125, 2328319.6875 ], [ 588719.53125, 2328333.90625 ], [ 588717.65625, 2328343.28125 ], [ 588715.625, 2328348.75 ], [ 588704.375, 2328371.25 ], [ 588700.9375, 2328382.8125 ], [ 588700.0, 2328393.125 ], [ 588700.0, 2328456.875 ], [ 588699.0625, 2328463.4375 ], [ 588695.3125, 2328470.9375 ], [ 588691.25, 2328474.375 ], [ 588684.21875, 2328478.59375 ], [ 588677.03125, 2328486.40625 ], [ 588664.375, 2328511.25 ], [ 588661.5625, 2328519.6875 ], [ 588660.0, 2328533.125 ], [ 588660.9375, 2328543.4375 ], [ 588664.6875, 2328550.9375 ], [ 588673.4375, 2328557.1875 ], [ 588676.875, 2328561.25 ], [ 588679.0625, 2328566.5625 ], [ 588680.0, 2328576.875 ], [ 588679.0625, 2328583.4375 ], [ 588676.875, 2328588.75 ], [ 588673.4375, 2328592.8125 ], [ 588666.5625, 2328597.1875 ], [ 588661.875, 2328603.75 ], [ 588660.3125, 2328609.6875 ], [ 588659.6875, 2328620.3125 ], [ 588656.875, 2328628.75 ], [ 588653.4375, 2328632.8125 ], [ 588646.71875, 2328637.03125 ], [ 588643.4375, 2328642.1875 ], [ 588644.375, 2328648.75 ], [ 588656.71875, 2328673.90625 ], [ 588659.53125, 2328686.09375 ], [ 588659.53125, 2328793.90625 ], [ 588658.4375, 2328800.3125 ], [ 588655.625, 2328808.75 ], [ 588624.375, 2328871.25 ], [ 588622.34375, 2328876.71875 ], [ 588620.15625, 2328889.53125 ], [ 588620.0, 2328926.875 ], [ 588619.0625, 2328933.4375 ], [ 588615.3125, 2328940.9375 ], [ 588606.5625, 2328947.1875 ], [ 588601.875, 2328953.75 ], [ 588600.3125, 2328959.6875 ], [ 588599.0625, 2328977.1875 ], [ 588596.71875, 2328986.09375 ], [ 588564.375, 2329051.25 ], [ 588557.8125, 2329059.6875 ], [ 588546.5625, 2329067.1875 ], [ 588543.125, 2329071.25 ], [ 588540.9375, 2329076.5625 ], [ 588539.6875, 2329090.3125 ], [ 588538.125, 2329096.25 ], [ 588535.3125, 2329100.9375 ], [ 588526.5625, 2329107.1875 ], [ 588521.875, 2329113.75 ], [ 588520.3125, 2329119.6875 ], [ 588519.53125, 2329133.90625 ], [ 588517.65625, 2329143.28125 ], [ 588515.625, 2329148.75 ], [ 588504.375, 2329171.25 ], [ 588500.9375, 2329182.8125 ], [ 588500.0, 2329193.125 ], [ 588500.0, 2329226.875 ], [ 588499.0625, 2329233.4375 ], [ 588495.3125, 2329240.9375 ], [ 588486.5625, 2329247.1875 ], [ 588481.875, 2329253.75 ], [ 588480.3125, 2329259.6875 ], [ 588479.0625, 2329277.1875 ], [ 588475.625, 2329288.75 ], [ 588442.96875, 2329353.59375 ], [ 588437.8125, 2329359.6875 ], [ 588426.5625, 2329367.1875 ], [ 588423.125, 2329371.25 ], [ 588420.9375, 2329376.5625 ], [ 588419.6875, 2329390.3125 ], [ 588416.875, 2329398.75 ], [ 588413.4375, 2329402.8125 ], [ 588406.5625, 2329407.1875 ], [ 588401.875, 2329413.75 ], [ 588400.0, 2329423.125 ], [ 588399.6875, 2329460.3125 ], [ 588396.875, 2329468.75 ], [ 588393.4375, 2329472.8125 ], [ 588384.6875, 2329479.0625 ], [ 588380.9375, 2329486.5625 ], [ 588380.0, 2329493.125 ], [ 588380.0, 2329526.875 ], [ 588378.125, 2329536.25 ], [ 588375.3125, 2329540.9375 ], [ 588366.5625, 2329547.1875 ], [ 588363.125, 2329551.25 ], [ 588360.9375, 2329556.5625 ], [ 588359.6875, 2329570.3125 ], [ 588358.125, 2329576.25 ], [ 588355.3125, 2329580.9375 ], [ 588346.5625, 2329587.1875 ], [ 588343.125, 2329591.25 ], [ 588340.9375, 2329596.5625 ], [ 588339.6875, 2329610.3125 ], [ 588336.875, 2329618.75 ], [ 588331.25, 2329624.375 ], [ 588308.75, 2329635.625 ], [ 588303.125, 2329641.25 ], [ 588300.3125, 2329649.6875 ], [ 588300.0, 2329686.875 ], [ 588299.0625, 2329693.4375 ], [ 588296.875, 2329698.75 ], [ 588291.25, 2329704.375 ], [ 588268.75, 2329715.625 ], [ 588262.1875, 2329720.3125 ], [ 588255.625, 2329728.75 ], [ 588244.375, 2329751.25 ], [ 588242.8125, 2329756.25 ], [ 588242.8125, 2329763.75 ], [ 588244.375, 2329768.75 ], [ 588256.5625, 2329793.75 ], [ 588257.5, 2329801.25 ], [ 588255.625, 2329808.75 ], [ 588224.375, 2329871.25 ], [ 588221.40625, 2329875.78125 ], [ 588213.59375, 2329882.96875 ], [ 588188.75, 2329895.625 ], [ 588180.3125, 2329902.1875 ], [ 588175.625, 2329908.75 ], [ 588164.375, 2329931.25 ], [ 588157.8125, 2329939.6875 ], [ 588151.25, 2329944.375 ], [ 588128.75, 2329955.625 ], [ 588120.3125, 2329962.1875 ], [ 588115.625, 2329968.75 ], [ 588104.375, 2329991.25 ], [ 588097.8125, 2329999.6875 ], [ 588091.25, 2330004.375 ], [ 588066.09375, 2330016.71875 ], [ 588057.1875, 2330019.0625 ], [ 588036.5625, 2330020.9375 ], [ 588029.0625, 2330024.6875 ], [ 588019.6875, 2330037.8125 ], [ 588015.78125, 2330041.40625 ], [ 588006.5625, 2330047.1875 ], [ 588003.125, 2330051.25 ], [ 588000.3125, 2330059.6875 ], [ 587999.0625, 2330073.4375 ], [ 587995.3125, 2330080.9375 ], [ 587991.25, 2330084.375 ], [ 587968.75, 2330095.625 ], [ 587962.1875, 2330100.3125 ], [ 587957.03125, 2330106.40625 ], [ 587944.375, 2330131.25 ], [ 587939.6875, 2330137.8125 ], [ 587933.59375, 2330142.96875 ], [ 587908.75, 2330155.625 ], [ 587904.6875, 2330159.0625 ], [ 587900.9375, 2330166.5625 ], [ 587899.6875, 2330180.3125 ], [ 587896.875, 2330188.75 ], [ 587893.4375, 2330192.8125 ], [ 587884.21875, 2330198.59375 ], [ 587878.59375, 2330204.21875 ], [ 587861.40625, 2330235.78125 ], [ 587853.59375, 2330242.96875 ], [ 587828.75, 2330255.625 ], [ 587822.1875, 2330260.3125 ], [ 587817.03125, 2330266.40625 ], [ 587804.375, 2330291.25 ], [ 587799.6875, 2330297.8125 ], [ 587793.59375, 2330302.96875 ], [ 587768.75, 2330315.625 ], [ 587764.6875, 2330319.0625 ], [ 587760.9375, 2330326.5625 ], [ 587759.6875, 2330340.3125 ], [ 587756.875, 2330348.75 ], [ 587753.4375, 2330352.8125 ], [ 587744.21875, 2330358.59375 ], [ 587738.59375, 2330364.21875 ], [ 587735.625, 2330368.75 ], [ 587724.375, 2330391.25 ], [ 587719.6875, 2330397.8125 ], [ 587713.59375, 2330402.96875 ], [ 587688.75, 2330415.625 ], [ 587682.1875, 2330420.3125 ], [ 587677.03125, 2330426.40625 ], [ 587664.375, 2330451.25 ], [ 587659.6875, 2330457.8125 ], [ 587651.25, 2330464.375 ], [ 587626.40625, 2330477.03125 ], [ 587618.59375, 2330484.21875 ], [ 587615.625, 2330488.75 ], [ 587582.96875, 2330553.59375 ], [ 587577.8125, 2330559.6875 ], [ 587566.5625, 2330567.1875 ], [ 587563.125, 2330571.25 ], [ 587560.3125, 2330579.6875 ], [ 587559.0625, 2330593.4375 ], [ 587555.3125, 2330600.9375 ], [ 587551.25, 2330604.375 ], [ 587528.75, 2330615.625 ], [ 587524.21875, 2330618.59375 ], [ 587518.59375, 2330624.21875 ], [ 587512.8125, 2330633.4375 ], [ 587508.75, 2330636.875 ], [ 587500.3125, 2330639.6875 ], [ 587486.5625, 2330640.9375 ], [ 587479.0625, 2330644.6875 ], [ 587475.625, 2330648.75 ], [ 587464.375, 2330671.25 ], [ 587459.6875, 2330677.8125 ], [ 587453.59375, 2330682.96875 ], [ 587428.75, 2330695.625 ], [ 587422.1875, 2330700.3125 ], [ 587415.625, 2330708.75 ], [ 587404.375, 2330731.25 ], [ 587398.75, 2330736.875 ], [ 587393.4375, 2330739.0625 ], [ 587379.6875, 2330740.3125 ], [ 587373.75, 2330741.875 ], [ 587367.1875, 2330746.5625 ], [ 587360.9375, 2330755.3125 ], [ 587353.4375, 2330759.0625 ], [ 587346.875, 2330760.0 ], [ 587309.6875, 2330760.3125 ], [ 587303.75, 2330761.875 ], [ 587299.0625, 2330764.6875 ], [ 587295.625, 2330768.75 ], [ 587284.375, 2330791.25 ], [ 587280.9375, 2330795.3125 ], [ 587273.4375, 2330799.0625 ], [ 587259.6875, 2330800.3125 ], [ 587251.25, 2330803.125 ], [ 587247.1875, 2330806.5625 ], [ 587241.40625, 2330815.78125 ], [ 587235.78125, 2330821.40625 ], [ 587231.25, 2330824.375 ], [ 587208.75, 2330835.625 ], [ 587202.1875, 2330840.3125 ], [ 587197.03125, 2330846.40625 ], [ 587184.375, 2330871.25 ], [ 587180.9375, 2330875.3125 ], [ 587173.4375, 2330879.0625 ], [ 587159.6875, 2330880.3125 ], [ 587151.25, 2330883.125 ], [ 587147.1875, 2330886.5625 ], [ 587141.40625, 2330895.78125 ], [ 587135.78125, 2330901.40625 ], [ 587131.25, 2330904.375 ], [ 587108.75, 2330915.625 ], [ 587102.1875, 2330920.3125 ], [ 587095.625, 2330928.75 ], [ 587084.375, 2330951.25 ], [ 587078.75, 2330956.875 ], [ 587073.4375, 2330959.0625 ], [ 587066.875, 2330960.0 ], [ 587029.6875, 2330960.3125 ], [ 587023.75, 2330961.875 ], [ 587017.1875, 2330966.5625 ], [ 587004.375, 2330991.25 ], [ 587002.34375, 2330996.71875 ], [ 587000.46875, 2331006.09375 ], [ 586999.6875, 2331020.3125 ], [ 586996.875, 2331028.75 ], [ 586993.4375, 2331032.8125 ], [ 586984.21875, 2331038.59375 ], [ 586978.59375, 2331044.21875 ], [ 586975.625, 2331048.75 ], [ 586964.375, 2331071.25 ], [ 586959.6875, 2331077.8125 ], [ 586951.25, 2331084.375 ], [ 586926.5625, 2331097.1875 ], [ 586923.125, 2331101.25 ], [ 586920.9375, 2331106.5625 ], [ 586920.0, 2331113.125 ], [ 586920.3125, 2331120.3125 ], [ 586923.125, 2331128.75 ], [ 586926.5625, 2331132.8125 ], [ 586935.78125, 2331138.59375 ], [ 586941.40625, 2331144.21875 ], [ 586944.375, 2331148.75 ], [ 586955.625, 2331171.25 ], [ 586957.1875, 2331176.25 ], [ 586957.5, 2331181.25 ], [ 586955.625, 2331188.75 ], [ 586944.375, 2331211.25 ], [ 586941.40625, 2331215.78125 ], [ 586937.8125, 2331219.6875 ], [ 586931.25, 2331224.375 ], [ 586908.75, 2331235.625 ], [ 586903.28125, 2331237.65625 ], [ 586890.46875, 2331239.84375 ], [ 586853.125, 2331240.0 ], [ 586846.5625, 2331240.9375 ], [ 586841.25, 2331243.125 ], [ 586835.625, 2331248.75 ], [ 586824.375, 2331271.25 ], [ 586819.6875, 2331277.8125 ], [ 586811.25, 2331284.375 ], [ 586788.75, 2331295.625 ], [ 586784.21875, 2331298.59375 ], [ 586778.59375, 2331304.21875 ], [ 586774.375, 2331311.25 ], [ 586770.9375, 2331315.3125 ], [ 586763.4375, 2331319.0625 ], [ 586749.6875, 2331320.3125 ], [ 586741.25, 2331323.125 ], [ 586737.1875, 2331326.5625 ], [ 586732.8125, 2331333.4375 ], [ 586726.25, 2331338.125 ], [ 586720.3125, 2331339.6875 ], [ 586709.6875, 2331340.3125 ], [ 586701.25, 2331343.125 ], [ 586695.625, 2331348.75 ], [ 586684.375, 2331371.25 ], [ 586680.9375, 2331375.3125 ], [ 586673.4375, 2331379.0625 ], [ 586659.6875, 2331380.3125 ], [ 586651.25, 2331383.125 ], [ 586647.1875, 2331386.5625 ], [ 586641.40625, 2331395.78125 ], [ 586635.78125, 2331401.40625 ], [ 586631.25, 2331404.375 ], [ 586608.75, 2331415.625 ], [ 586600.3125, 2331422.1875 ], [ 586595.625, 2331428.75 ], [ 586584.375, 2331451.25 ], [ 586581.5625, 2331459.6875 ], [ 586580.0, 2331473.125 ], [ 586580.0, 2331506.875 ], [ 586578.125, 2331516.25 ], [ 586575.3125, 2331520.9375 ], [ 586566.5625, 2331527.1875 ], [ 586563.125, 2331531.25 ], [ 586560.9375, 2331536.5625 ], [ 586559.6875, 2331550.3125 ], [ 586558.125, 2331556.25 ], [ 586553.4375, 2331562.8125 ], [ 586544.6875, 2331569.0625 ], [ 586540.9375, 2331576.5625 ], [ 586540.0, 2331583.125 ], [ 586540.0, 2331616.875 ], [ 586538.125, 2331626.25 ], [ 586533.4375, 2331632.8125 ], [ 586524.21875, 2331638.59375 ], [ 586518.59375, 2331644.21875 ], [ 586515.625, 2331648.75 ], [ 586504.375, 2331671.25 ], [ 586498.75, 2331676.875 ], [ 586493.4375, 2331679.0625 ], [ 586479.6875, 2331680.3125 ], [ 586473.75, 2331681.875 ], [ 586467.1875, 2331686.5625 ], [ 586460.9375, 2331695.3125 ], [ 586453.4375, 2331699.0625 ], [ 586446.875, 2331700.0 ], [ 586413.125, 2331700.0 ], [ 586406.5625, 2331700.9375 ], [ 586401.25, 2331703.125 ], [ 586395.625, 2331708.75 ], [ 586384.375, 2331731.25 ], [ 586378.75, 2331736.875 ], [ 586373.4375, 2331739.0625 ], [ 586359.6875, 2331740.3125 ], [ 586351.25, 2331743.125 ], [ 586347.1875, 2331746.5625 ], [ 586339.6875, 2331757.8125 ], [ 586333.59375, 2331762.96875 ], [ 586268.75, 2331795.625 ], [ 586260.3125, 2331798.4375 ], [ 586246.875, 2331800.0 ], [ 586213.125, 2331800.0 ], [ 586206.5625, 2331799.0625 ], [ 586199.0625, 2331795.3125 ], [ 586190.9375, 2331784.6875 ], [ 586186.25, 2331781.875 ], [ 586180.3125, 2331780.3125 ], [ 586113.125, 2331780.0 ], [ 586106.5625, 2331779.0625 ], [ 586101.25, 2331776.875 ], [ 586097.1875, 2331773.4375 ], [ 586084.375, 2331748.75 ], [ 586079.6875, 2331742.1875 ], [ 586073.59375, 2331737.03125 ], [ 586066.875, 2331733.125 ], [ 586065.0, 2331730.625 ], [ 586065.0, 2331729.375 ], [ 586066.875, 2331726.875 ], [ 586075.78125, 2331721.40625 ], [ 586081.40625, 2331715.78125 ], [ 586084.375, 2331711.25 ], [ 586095.625, 2331688.75 ], [ 586099.0625, 2331684.6875 ], [ 586103.75, 2331681.875 ], [ 586109.6875, 2331680.3125 ], [ 586146.875, 2331680.0 ], [ 586153.4375, 2331679.0625 ], [ 586160.9375, 2331675.3125 ], [ 586167.1875, 2331666.5625 ], [ 586173.75, 2331661.875 ], [ 586179.6875, 2331660.3125 ], [ 586190.3125, 2331659.6875 ], [ 586198.75, 2331656.875 ], [ 586204.375, 2331651.25 ], [ 586215.625, 2331628.75 ], [ 586219.0625, 2331624.6875 ], [ 586226.5625, 2331620.9375 ], [ 586240.3125, 2331619.6875 ], [ 586248.75, 2331616.875 ], [ 586252.8125, 2331613.4375 ], [ 586257.1875, 2331606.5625 ], [ 586263.75, 2331601.875 ], [ 586273.125, 2331600.0 ], [ 586306.875, 2331600.0 ], [ 586313.4375, 2331599.0625 ], [ 586318.75, 2331596.875 ], [ 586324.375, 2331591.25 ], [ 586335.625, 2331568.75 ], [ 586336.5625, 2331562.1875 ], [ 586334.84375, 2331558.59375 ], [ 586331.25, 2331555.625 ], [ 586308.75, 2331544.375 ], [ 586304.21875, 2331541.40625 ], [ 586298.59375, 2331535.78125 ], [ 586292.8125, 2331526.5625 ], [ 586288.75, 2331523.125 ], [ 586280.3125, 2331520.3125 ], [ 586269.53125, 2331520.15625 ], [ 586259.6875, 2331521.5625 ], [ 586251.25, 2331524.375 ], [ 586186.40625, 2331557.03125 ], [ 586182.1875, 2331560.3125 ], [ 586177.03125, 2331566.40625 ], [ 586162.8125, 2331593.4375 ], [ 586158.75, 2331596.875 ], [ 586153.4375, 2331599.0625 ], [ 586146.875, 2331600.0 ], [ 586109.6875, 2331599.6875 ], [ 586103.75, 2331598.125 ], [ 586099.0625, 2331595.3125 ], [ 586092.8125, 2331586.5625 ], [ 586086.25, 2331581.875 ], [ 586076.875, 2331580.0 ], [ 586069.6875, 2331580.3125 ], [ 586063.75, 2331581.875 ], [ 586059.0625, 2331584.6875 ], [ 586055.625, 2331588.75 ], [ 586044.375, 2331611.25 ], [ 586039.6875, 2331617.8125 ], [ 586031.25, 2331624.375 ], [ 586008.75, 2331635.625 ], [ 586004.21875, 2331638.59375 ], [ 585998.59375, 2331644.21875 ], [ 585992.8125, 2331653.4375 ], [ 585988.75, 2331656.875 ], [ 585983.4375, 2331659.0625 ], [ 585969.6875, 2331660.3125 ], [ 585963.75, 2331661.875 ], [ 585959.0625, 2331664.6875 ], [ 585952.8125, 2331673.4375 ], [ 585946.25, 2331678.125 ], [ 585940.3125, 2331679.6875 ], [ 585926.09375, 2331680.46875 ], [ 585916.71875, 2331682.34375 ], [ 585911.25, 2331684.375 ], [ 585886.5625, 2331697.1875 ], [ 585883.125, 2331701.25 ], [ 585880.9375, 2331706.5625 ], [ 585879.6875, 2331720.3125 ], [ 585876.875, 2331728.75 ], [ 585873.4375, 2331732.8125 ], [ 585864.21875, 2331738.59375 ], [ 585858.59375, 2331744.21875 ], [ 585842.96875, 2331773.59375 ], [ 585839.6875, 2331777.8125 ], [ 585833.59375, 2331782.96875 ], [ 585766.09375, 2331816.71875 ], [ 585760.3125, 2331818.4375 ], [ 585750.46875, 2331819.84375 ], [ 585713.125, 2331820.0 ], [ 585706.5625, 2331820.9375 ], [ 585699.0625, 2331824.6875 ], [ 585692.8125, 2331833.4375 ], [ 585686.25, 2331838.125 ], [ 585680.3125, 2331839.6875 ], [ 585666.09375, 2331840.46875 ], [ 585656.71875, 2331842.34375 ], [ 585651.25, 2331844.375 ], [ 585626.5625, 2331857.1875 ], [ 585623.125, 2331861.25 ], [ 585620.3125, 2331869.6875 ], [ 585620.0, 2331906.875 ], [ 585619.0625, 2331913.4375 ], [ 585616.875, 2331918.75 ], [ 585611.25, 2331924.375 ], [ 585588.75, 2331935.625 ], [ 585582.1875, 2331940.3125 ], [ 585577.03125, 2331946.40625 ], [ 585564.375, 2331971.25 ], [ 585559.6875, 2331977.8125 ], [ 585553.59375, 2331982.96875 ], [ 585528.75, 2331995.625 ], [ 585522.1875, 2332000.3125 ], [ 585515.625, 2332008.75 ], [ 585504.375, 2332031.25 ], [ 585498.75, 2332036.875 ], [ 585490.3125, 2332039.6875 ], [ 585453.125, 2332040.0 ], [ 585443.75, 2332041.875 ], [ 585437.1875, 2332046.5625 ], [ 585424.375, 2332071.25 ], [ 585418.75, 2332076.875 ], [ 585413.4375, 2332079.0625 ], [ 585399.6875, 2332080.3125 ], [ 585393.75, 2332081.875 ], [ 585387.1875, 2332086.5625 ], [ 585380.9375, 2332095.3125 ], [ 585373.4375, 2332099.0625 ], [ 585366.875, 2332100.0 ], [ 585333.125, 2332100.0 ], [ 585323.75, 2332101.875 ], [ 585319.0625, 2332104.6875 ], [ 585312.8125, 2332113.4375 ], [ 585308.75, 2332116.875 ], [ 585303.4375, 2332119.0625 ], [ 585289.6875, 2332120.3125 ], [ 585283.75, 2332121.875 ], [ 585279.0625, 2332124.6875 ], [ 585272.8125, 2332133.4375 ], [ 585268.75, 2332136.875 ], [ 585263.4375, 2332139.0625 ], [ 585249.6875, 2332140.3125 ], [ 585243.75, 2332141.875 ], [ 585239.0625, 2332144.6875 ], [ 585232.8125, 2332153.4375 ], [ 585226.25, 2332158.125 ], [ 585220.3125, 2332159.6875 ], [ 585202.8125, 2332160.9375 ], [ 585191.25, 2332164.375 ], [ 585166.40625, 2332177.03125 ], [ 585162.1875, 2332180.3125 ], [ 585157.03125, 2332186.40625 ], [ 585144.375, 2332211.25 ], [ 585142.34375, 2332216.71875 ], [ 585140.46875, 2332226.09375 ], [ 585140.0, 2332296.875 ], [ 585141.875, 2332306.25 ], [ 585144.6875, 2332310.9375 ], [ 585153.4375, 2332317.1875 ], [ 585156.875, 2332321.25 ], [ 585159.0625, 2332326.5625 ], [ 585160.3125, 2332340.3125 ], [ 585161.875, 2332346.25 ], [ 585164.6875, 2332350.9375 ], [ 585173.4375, 2332357.1875 ], [ 585176.875, 2332361.25 ], [ 585179.0625, 2332366.5625 ], [ 585180.3125, 2332380.3125 ], [ 585181.875, 2332386.25 ], [ 585184.6875, 2332390.9375 ], [ 585193.4375, 2332397.1875 ], [ 585196.875, 2332401.25 ], [ 585199.0625, 2332406.5625 ], [ 585200.3125, 2332420.3125 ], [ 585201.875, 2332426.25 ], [ 585204.6875, 2332430.9375 ], [ 585213.4375, 2332437.1875 ], [ 585216.875, 2332441.25 ], [ 585219.0625, 2332446.5625 ], [ 585220.3125, 2332460.3125 ], [ 585221.875, 2332466.25 ], [ 585224.6875, 2332470.9375 ], [ 585233.4375, 2332477.1875 ], [ 585236.875, 2332481.25 ], [ 585239.0625, 2332486.5625 ], [ 585240.3125, 2332500.3125 ], [ 585241.875, 2332506.25 ], [ 585244.6875, 2332510.9375 ], [ 585253.4375, 2332517.1875 ], [ 585256.875, 2332521.25 ], [ 585259.0625, 2332526.5625 ], [ 585260.3125, 2332540.3125 ], [ 585263.125, 2332548.75 ], [ 585266.5625, 2332552.8125 ], [ 585273.59375, 2332557.03125 ], [ 585279.6875, 2332562.1875 ], [ 585289.0625, 2332575.3125 ], [ 585296.5625, 2332579.0625 ], [ 585303.125, 2332580.0 ], [ 585370.3125, 2332579.6875 ], [ 585378.75, 2332576.875 ], [ 585382.8125, 2332573.4375 ], [ 585389.0625, 2332564.6875 ], [ 585396.5625, 2332560.9375 ], [ 585403.125, 2332560.0 ], [ 585466.875, 2332560.0 ], [ 585473.4375, 2332559.0625 ], [ 585480.9375, 2332555.3125 ], [ 585487.1875, 2332546.5625 ], [ 585493.75, 2332541.875 ], [ 585499.6875, 2332540.3125 ], [ 585510.46875, 2332539.84375 ], [ 585520.3125, 2332538.4375 ], [ 585528.75, 2332535.625 ], [ 585551.25, 2332524.375 ], [ 585556.71875, 2332522.34375 ], [ 585566.09375, 2332520.46875 ], [ 585580.3125, 2332519.6875 ], [ 585586.25, 2332518.125 ], [ 585592.8125, 2332513.4375 ], [ 585599.0625, 2332504.6875 ], [ 585606.5625, 2332500.9375 ], [ 585613.125, 2332500.0 ], [ 585646.875, 2332500.0 ], [ 585653.4375, 2332499.0625 ], [ 585660.9375, 2332495.3125 ], [ 585669.0625, 2332484.6875 ], [ 585673.75, 2332481.875 ], [ 585679.6875, 2332480.3125 ], [ 585753.90625, 2332479.53125 ], [ 585766.09375, 2332476.71875 ], [ 585791.25, 2332464.375 ], [ 585799.6875, 2332461.5625 ], [ 585809.53125, 2332460.15625 ], [ 585846.875, 2332460.0 ], [ 585853.4375, 2332459.0625 ], [ 585860.9375, 2332455.3125 ], [ 585867.1875, 2332446.5625 ], [ 585873.75, 2332441.875 ], [ 585879.6875, 2332440.3125 ], [ 585890.46875, 2332439.84375 ], [ 585900.3125, 2332438.4375 ], [ 585908.75, 2332435.625 ], [ 585931.25, 2332424.375 ], [ 585936.71875, 2332422.34375 ], [ 585946.09375, 2332420.46875 ], [ 585960.3125, 2332419.6875 ], [ 585966.25, 2332418.125 ], [ 585970.9375, 2332415.3125 ], [ 585977.1875, 2332406.5625 ], [ 585983.75, 2332401.875 ], [ 585993.125, 2332400.0 ], [ 586056.875, 2332400.0 ], [ 586063.4375, 2332399.0625 ], [ 586070.9375, 2332395.3125 ], [ 586079.0625, 2332384.6875 ], [ 586083.75, 2332381.875 ], [ 586089.6875, 2332380.3125 ], [ 586126.875, 2332380.0 ], [ 586133.4375, 2332380.9375 ], [ 586138.75, 2332383.125 ], [ 586144.375, 2332388.75 ], [ 586155.625, 2332411.25 ], [ 586158.59375, 2332415.78125 ], [ 586164.21875, 2332421.40625 ], [ 586174.375, 2332428.125 ], [ 586175.0, 2332429.375 ], [ 586174.375, 2332431.875 ], [ 586164.21875, 2332438.59375 ], [ 586157.03125, 2332446.40625 ], [ 586144.375, 2332471.25 ], [ 586140.9375, 2332475.3125 ], [ 586133.4375, 2332479.0625 ], [ 586119.6875, 2332480.3125 ], [ 586111.25, 2332483.125 ], [ 586107.1875, 2332486.5625 ], [ 586102.8125, 2332493.4375 ], [ 586096.25, 2332498.125 ], [ 586090.3125, 2332499.6875 ], [ 586079.6875, 2332500.3125 ], [ 586071.25, 2332503.125 ], [ 586067.1875, 2332506.5625 ], [ 586061.40625, 2332515.78125 ], [ 586055.78125, 2332521.40625 ], [ 586051.25, 2332524.375 ], [ 585986.40625, 2332557.03125 ], [ 585980.3125, 2332562.1875 ], [ 585972.8125, 2332573.4375 ], [ 585968.75, 2332576.875 ], [ 585963.4375, 2332579.0625 ], [ 585949.6875, 2332580.3125 ], [ 585941.25, 2332583.125 ], [ 585935.625, 2332588.75 ], [ 585924.375, 2332611.25 ], [ 585917.8125, 2332619.6875 ], [ 585911.25, 2332624.375 ], [ 585848.75, 2332655.625 ], [ 585844.21875, 2332658.59375 ], [ 585837.03125, 2332666.40625 ], [ 585824.375, 2332691.25 ], [ 585818.75, 2332696.875 ], [ 585813.4375, 2332699.0625 ], [ 585806.875, 2332700.0 ], [ 585773.125, 2332700.0 ], [ 585766.5625, 2332700.9375 ], [ 585759.0625, 2332704.6875 ], [ 585752.8125, 2332713.4375 ], [ 585746.25, 2332718.125 ], [ 585740.3125, 2332719.6875 ], [ 585722.8125, 2332720.9375 ], [ 585711.25, 2332724.375 ], [ 585688.75, 2332735.625 ], [ 585682.1875, 2332740.3125 ], [ 585675.625, 2332748.75 ], [ 585664.375, 2332771.25 ], [ 585658.75, 2332776.875 ], [ 585650.3125, 2332779.6875 ], [ 585613.125, 2332780.0 ], [ 585603.75, 2332781.875 ], [ 585599.0625, 2332784.6875 ], [ 585592.8125, 2332793.4375 ], [ 585588.75, 2332796.875 ], [ 585583.4375, 2332799.0625 ], [ 585569.6875, 2332800.3125 ], [ 585563.75, 2332801.875 ], [ 585559.0625, 2332804.6875 ], [ 585552.8125, 2332813.4375 ], [ 585546.25, 2332818.125 ], [ 585536.875, 2332820.0 ], [ 585473.125, 2332820.0 ], [ 585463.75, 2332821.875 ], [ 585459.0625, 2332824.6875 ], [ 585455.625, 2332828.75 ], [ 585444.375, 2332851.25 ], [ 585437.8125, 2332859.6875 ], [ 585431.25, 2332864.375 ], [ 585408.75, 2332875.625 ], [ 585404.0625, 2332880.3125 ], [ 585403.28125, 2332884.21875 ], [ 585404.375, 2332888.75 ], [ 585415.625, 2332911.25 ], [ 585417.65625, 2332916.71875 ], [ 585419.53125, 2332926.09375 ], [ 585420.3125, 2332940.3125 ], [ 585421.875, 2332946.25 ], [ 585426.5625, 2332952.8125 ], [ 585435.78125, 2332958.59375 ], [ 585441.40625, 2332964.21875 ], [ 585458.59375, 2332995.78125 ], [ 585464.21875, 2333001.40625 ], [ 585473.4375, 2333007.1875 ], [ 585476.875, 2333011.25 ], [ 585479.0625, 2333016.5625 ], [ 585480.3125, 2333030.3125 ], [ 585481.875, 2333036.25 ], [ 585484.6875, 2333040.9375 ], [ 585493.4375, 2333047.1875 ], [ 585498.125, 2333053.75 ], [ 585499.6875, 2333059.6875 ], [ 585500.15625, 2333070.46875 ], [ 585501.5625, 2333080.3125 ], [ 585504.375, 2333088.75 ], [ 585515.625, 2333111.25 ], [ 585517.65625, 2333116.71875 ], [ 585519.53125, 2333126.09375 ], [ 585520.3125, 2333140.3125 ], [ 585521.875, 2333146.25 ], [ 585524.6875, 2333150.9375 ], [ 585533.4375, 2333157.1875 ], [ 585536.875, 2333161.25 ], [ 585539.0625, 2333166.5625 ], [ 585540.3125, 2333180.3125 ], [ 585543.125, 2333188.75 ], [ 585546.5625, 2333192.8125 ], [ 585553.59375, 2333197.03125 ], [ 585559.6875, 2333202.1875 ], [ 585569.0625, 2333215.3125 ], [ 585573.75, 2333218.125 ], [ 585579.6875, 2333219.6875 ], [ 585593.90625, 2333219.53125 ], [ 585606.09375, 2333216.71875 ], [ 585631.25, 2333204.375 ], [ 585639.6875, 2333201.5625 ], [ 585649.53125, 2333200.15625 ], [ 585686.875, 2333200.0 ], [ 585692.96875, 2333199.0625 ], [ 585695.3125, 2333198.125 ], [ 585698.59375, 2333195.3125 ], [ 585699.53125, 2333193.4375 ], [ 585700.46875, 2333186.5625 ], [ 585702.8125, 2333183.125 ], [ 585707.03125, 2333180.9375 ], [ 585713.125, 2333180.0 ] ] } },
{ "type": "Feature", "properties": { "id": "shoreline_2026_wet_7", "bank_type": "right", "length_m": 2760.0, "is_island": false, "year": 2026, "season": "wet", "source": "S1", "processing_version": "1.0" }, "geometry": { "type": "LineString", "coordinates": [ [ 589768.75, 2327335.625 ], [ 589775.3125, 2327330.9375 ], [ 589778.125, 2327326.25 ], [ 589779.6875, 2327320.3125 ], [ 589779.6875, 2327249.6875 ], [ 589778.125, 2327243.75 ], [ 589775.3125, 2327239.0625 ], [ 589766.5625, 2327232.8125 ], [ 589761.875, 2327226.25 ], [ 589760.0, 2327216.875 ], [ 589760.0, 2327183.125 ], [ 589759.0625, 2327176.5625 ], [ 589755.3125, 2327169.0625 ], [ 589745.15625, 2327161.40625 ], [ 589743.28125, 2327155.78125 ], [ 589744.375, 2327151.25 ], [ 589757.03125, 2327126.40625 ], [ 589762.1875, 2327120.3125 ], [ 589775.3125, 2327110.9375 ], [ 589779.0625, 2327103.4375 ], [ 589780.0, 2327096.875 ], [ 589780.0, 2327033.125 ], [ 589780.9375, 2327026.5625 ], [ 589784.6875, 2327019.0625 ], [ 589793.4375, 2327012.8125 ], [ 589798.125, 2327006.25 ], [ 589799.6875, 2327000.3125 ], [ 589800.46875, 2326986.09375 ], [ 589802.34375, 2326976.71875 ], [ 589804.375, 2326971.25 ], [ 589815.625, 2326948.75 ], [ 589819.0625, 2326937.1875 ], [ 589820.0, 2326926.875 ], [ 589820.0, 2326893.125 ], [ 589820.9375, 2326886.5625 ], [ 589824.6875, 2326879.0625 ], [ 589835.3125, 2326870.9375 ], [ 589839.0625, 2326863.4375 ], [ 589840.0, 2326856.875 ], [ 589839.84375, 2326849.53125 ], [ 589837.65625, 2326836.71875 ], [ 589835.625, 2326831.25 ], [ 589824.375, 2326808.75 ], [ 589819.6875, 2326802.1875 ], [ 589811.25, 2326795.625 ], [ 589708.75, 2326744.375 ], [ 589700.3125, 2326741.5625 ], [ 589693.90625, 2326740.46875 ], [ 589679.6875, 2326739.6875 ], [ 589671.25, 2326736.875 ], [ 589667.1875, 2326733.4375 ], [ 589659.6875, 2326722.1875 ], [ 589653.59375, 2326717.03125 ], [ 589586.09375, 2326683.28125 ], [ 589580.3125, 2326681.5625 ], [ 589570.46875, 2326680.15625 ], [ 589529.53125, 2326679.84375 ], [ 589516.71875, 2326677.65625 ], [ 589511.25, 2326675.625 ], [ 589448.75, 2326644.375 ], [ 589437.1875, 2326640.9375 ], [ 589426.875, 2326640.0 ], [ 589393.125, 2326640.0 ], [ 589386.5625, 2326640.9375 ], [ 589381.25, 2326643.125 ], [ 589375.625, 2326648.75 ], [ 589364.375, 2326671.25 ], [ 589361.40625, 2326675.78125 ], [ 589355.78125, 2326681.40625 ], [ 589346.5625, 2326687.1875 ], [ 589341.875, 2326693.75 ], [ 589340.0, 2326703.125 ], [ 589340.0, 2326736.875 ], [ 589339.0625, 2326743.4375 ], [ 589335.3125, 2326750.9375 ], [ 589324.6875, 2326759.0625 ], [ 589320.9375, 2326766.5625 ], [ 589320.0, 2326773.125 ], [ 589320.0, 2326836.875 ], [ 589319.0625, 2326843.4375 ], [ 589315.3125, 2326850.9375 ], [ 589306.5625, 2326857.1875 ], [ 589301.875, 2326863.75 ], [ 589300.0, 2326873.125 ], [ 589300.0, 2326906.875 ], [ 589299.0625, 2326913.4375 ], [ 589295.3125, 2326920.9375 ], [ 589284.6875, 2326929.0625 ], [ 589281.875, 2326933.75 ], [ 589280.3125, 2326939.6875 ], [ 589280.0, 2326976.875 ], [ 589279.0625, 2326983.4375 ], [ 589275.3125, 2326990.9375 ], [ 589264.6875, 2326999.0625 ], [ 589260.9375, 2327006.5625 ], [ 589260.0, 2327013.125 ], [ 589260.0, 2327046.875 ], [ 589259.0625, 2327053.4375 ], [ 589255.3125, 2327060.9375 ], [ 589244.6875, 2327069.0625 ], [ 589240.9375, 2327076.5625 ], [ 589240.0, 2327083.125 ], [ 589240.0, 2327116.875 ], [ 589240.9375, 2327123.4375 ], [ 589243.125, 2327128.75 ], [ 589246.5625, 2327132.8125 ], [ 589255.78125, 2327138.59375 ], [ 589261.40625, 2327144.21875 ], [ 589264.375, 2327148.75 ], [ 589275.625, 2327171.25 ], [ 589281.25, 2327176.875 ], [ 589289.6875, 2327179.6875 ], [ 589326.875, 2327180.0 ], [ 589336.25, 2327181.875 ], [ 589342.8125, 2327186.5625 ], [ 589355.625, 2327211.25 ], [ 589361.25, 2327216.875 ], [ 589366.5625, 2327219.0625 ], [ 589380.3125, 2327220.3125 ], [ 589386.25, 2327221.875 ], [ 589392.8125, 2327226.5625 ], [ 589399.0625, 2327235.3125 ], [ 589406.5625, 2327239.0625 ], [ 589413.125, 2327240.0 ], [ 589446.875, 2327240.0 ], [ 589456.25, 2327241.875 ], [ 589462.8125, 2327246.5625 ], [ 589475.625, 2327271.25 ], [ 589479.0625, 2327275.3125 ], [ 589483.75, 2327278.125 ], [ 589493.125, 2327280.0 ], [ 589556.875, 2327280.0 ], [ 589566.25, 2327281.875 ], [ 589570.9375, 2327284.6875 ], [ 589577.1875, 2327293.4375 ], [ 589581.25, 2327296.875 ], [ 589586.5625, 2327299.0625 ], [ 589600.3125, 2327300.3125 ], [ 589608.75, 2327303.125 ], [ 589612.8125, 2327306.5625 ], [ 589620.3125, 2327317.8125 ], [ 589626.40625, 2327322.96875 ], [ 589693.59375, 2327357.03125 ], [ 589701.40625, 2327364.21875 ], [ 589707.1875, 2327373.4375 ], [ 589713.75, 2327378.125 ], [ 589719.6875, 2327379.6875 ], [ 589730.3125, 2327379.6875 ], [ 589736.25, 2327378.125 ], [ 589740.9375, 2327375.3125 ], [ 589744.375, 2327371.25 ], [ 589757.03125, 2327346.40625 ], [ 589762.1875, 2327340.3125 ], [ 589768.75, 2327335.625 ] ] } },
{ "type": "Feature", "properties": { "id": "shoreline_2026_wet_8", "bank_type": "right", "length_m": 6040.0, "is_island": false, "year": 2026, "season": "wet", "source": "S1", "processing_version": "1.0" }, "geometry": { "type": "LineString", "coordinates": [ [ 589888.75, 2326615.625 ], [ 589895.3125, 2326610.9375 ], [ 589899.0625, 2326603.4375 ], [ 589901.5625, 2326579.6875 ], [ 589904.375, 2326571.25 ], [ 589915.625, 2326548.75 ], [ 589917.65625, 2326543.28125 ], [ 589919.53125, 2326533.90625 ], [ 589920.3125, 2326519.6875 ], [ 589921.875, 2326513.75 ], [ 589926.5625, 2326507.1875 ], [ 589935.3125, 2326500.9375 ], [ 589939.0625, 2326493.4375 ], [ 589940.0, 2326486.875 ], [ 589940.0, 2326393.125 ], [ 589941.875, 2326383.75 ], [ 589944.6875, 2326379.0625 ], [ 589948.75, 2326375.625 ], [ 589971.25, 2326364.375 ], [ 589979.6875, 2326357.8125 ], [ 589984.375, 2326351.25 ], [ 589995.625, 2326328.75 ], [ 589998.59375, 2326324.21875 ], [ 590004.21875, 2326318.59375 ], [ 590013.4375, 2326312.8125 ], [ 590018.125, 2326306.25 ], [ 590020.0, 2326296.875 ], [ 590020.15625, 2326229.53125 ], [ 590021.5625, 2326219.6875 ], [ 590024.375, 2326211.25 ], [ 590035.625, 2326188.75 ], [ 590038.59375, 2326184.21875 ], [ 590044.21875, 2326178.59375 ], [ 590053.4375, 2326172.8125 ], [ 590056.875, 2326168.75 ], [ 590059.0625, 2326163.4375 ], [ 590060.3125, 2326149.6875 ], [ 590061.875, 2326143.75 ], [ 590064.6875, 2326139.0625 ], [ 590073.4375, 2326132.8125 ], [ 590076.875, 2326128.75 ], [ 590079.0625, 2326123.4375 ], [ 590080.3125, 2326109.6875 ], [ 590081.875, 2326103.75 ], [ 590084.6875, 2326099.0625 ], [ 590093.4375, 2326092.8125 ], [ 590096.875, 2326088.75 ], [ 590099.0625, 2326083.4375 ], [ 590100.3125, 2326069.6875 ], [ 590101.875, 2326063.75 ], [ 590104.6875, 2326059.0625 ], [ 590113.4375, 2326052.8125 ], [ 590116.875, 2326048.75 ], [ 590119.0625, 2326043.4375 ], [ 590120.3125, 2326029.6875 ], [ 590121.875, 2326023.75 ], [ 590124.6875, 2326019.0625 ], [ 590133.4375, 2326012.8125 ], [ 590138.125, 2326006.25 ], [ 590139.6875, 2326000.3125 ], [ 590140.46875, 2325986.09375 ], [ 590142.34375, 2325976.71875 ], [ 590144.375, 2325971.25 ], [ 590155.625, 2325948.75 ], [ 590162.1875, 2325940.3125 ], [ 590175.3125, 2325930.9375 ], [ 590179.0625, 2325923.4375 ], [ 590180.0, 2325916.875 ], [ 590180.46875, 2325846.09375 ], [ 590183.28125, 2325833.90625 ], [ 590195.625, 2325808.75 ], [ 590198.4375, 2325800.3125 ], [ 590200.0, 2325786.875 ], [ 590200.15625, 2325749.53125 ], [ 590200.9375, 2325742.8125 ], [ 590203.28125, 2325733.90625 ], [ 590295.625, 2325548.75 ], [ 590300.3125, 2325542.1875 ], [ 590304.21875, 2325538.59375 ], [ 590313.4375, 2325532.8125 ], [ 590318.125, 2325526.25 ], [ 590319.6875, 2325520.3125 ], [ 590320.46875, 2325506.09375 ], [ 590322.34375, 2325496.71875 ], [ 590336.71875, 2325466.09375 ], [ 590339.0625, 2325457.1875 ], [ 590340.0, 2325446.875 ], [ 590339.6875, 2325379.6875 ], [ 590338.125, 2325373.75 ], [ 590335.3125, 2325369.0625 ], [ 590326.5625, 2325362.8125 ], [ 590321.875, 2325356.25 ], [ 590320.0, 2325346.875 ], [ 590320.9375, 2325336.5625 ], [ 590324.6875, 2325329.0625 ], [ 590328.75, 2325325.625 ], [ 590335.78125, 2325321.40625 ], [ 590341.40625, 2325315.78125 ], [ 590358.59375, 2325284.21875 ], [ 590364.21875, 2325278.59375 ], [ 590373.4375, 2325272.8125 ], [ 590378.125, 2325266.25 ], [ 590380.0, 2325256.875 ], [ 590380.0, 2325193.125 ], [ 590380.9375, 2325186.5625 ], [ 590384.6875, 2325179.0625 ], [ 590393.4375, 2325172.8125 ], [ 590398.125, 2325166.25 ], [ 590399.6875, 2325160.3125 ], [ 590400.46875, 2325146.09375 ], [ 590402.34375, 2325136.71875 ], [ 590404.375, 2325131.25 ], [ 590415.625, 2325108.75 ], [ 590417.1875, 2325103.75 ], [ 590417.5, 2325098.75 ], [ 590415.625, 2325091.25 ], [ 590404.375, 2325068.75 ], [ 590401.40625, 2325064.21875 ], [ 590393.59375, 2325057.03125 ], [ 590368.75, 2325044.375 ], [ 590362.1875, 2325039.6875 ], [ 590357.03125, 2325033.59375 ], [ 590344.375, 2325008.75 ], [ 590340.9375, 2325004.6875 ], [ 590333.4375, 2325000.9375 ], [ 590319.6875, 2324999.6875 ], [ 590311.25, 2324996.875 ], [ 590307.1875, 2324993.4375 ], [ 590301.40625, 2324984.21875 ], [ 590295.78125, 2324978.59375 ], [ 590264.21875, 2324961.40625 ], [ 590257.03125, 2324953.59375 ], [ 590244.375, 2324928.75 ], [ 590239.6875, 2324922.1875 ], [ 590231.25, 2324915.625 ], [ 590208.75, 2324904.375 ], [ 590204.21875, 2324901.40625 ], [ 590198.59375, 2324895.78125 ], [ 590192.8125, 2324886.5625 ], [ 590188.75, 2324883.125 ], [ 590183.4375, 2324880.9375 ], [ 590162.8125, 2324879.0625 ], [ 590151.25, 2324875.625 ], [ 590086.40625, 2324842.96875 ], [ 590080.3125, 2324837.8125 ], [ 590072.8125, 2324826.5625 ], [ 590068.75, 2324823.125 ], [ 590060.3125, 2324820.3125 ], [ 590046.09375, 2324819.53125 ], [ 590036.71875, 2324817.65625 ], [ 590031.25, 2324815.625 ], [ 590008.75, 2324804.375 ], [ 590004.21875, 2324801.40625 ], [ 589998.59375, 2324795.78125 ], [ 589995.625, 2324791.25 ], [ 589984.375, 2324768.75 ], [ 589980.9375, 2324764.6875 ], [ 589976.25, 2324761.875 ], [ 589966.875, 2324760.0 ], [ 589933.125, 2324760.0 ], [ 589926.5625, 2324759.0625 ], [ 589919.0625, 2324755.3125 ], [ 589912.8125, 2324746.5625 ], [ 589906.25, 2324741.875 ], [ 589900.3125, 2324740.3125 ], [ 589889.6875, 2324739.6875 ], [ 589881.25, 2324736.875 ], [ 589875.625, 2324731.25 ], [ 589862.96875, 2324706.71875 ], [ 589859.6875, 2324704.0625 ], [ 589855.78125, 2324703.28125 ], [ 589851.25, 2324704.375 ], [ 589828.75, 2324715.625 ], [ 589824.21875, 2324718.59375 ], [ 589818.59375, 2324724.21875 ], [ 589815.625, 2324728.75 ], [ 589804.375, 2324751.25 ], [ 589802.34375, 2324756.71875 ], [ 589800.46875, 2324766.09375 ], [ 589799.6875, 2324780.3125 ], [ 589798.125, 2324786.25 ], [ 589795.3125, 2324790.9375 ], [ 589786.5625, 2324797.1875 ], [ 589781.875, 2324803.75 ], [ 589780.0, 2324813.125 ], [ 589780.0, 2324846.875 ], [ 589778.4375, 2324860.3125 ], [ 589775.625, 2324868.75 ], [ 589764.375, 2324891.25 ], [ 589760.9375, 2324902.8125 ], [ 589760.0, 2324913.125 ], [ 589760.0, 2324946.875 ], [ 589759.0625, 2324953.4375 ], [ 589755.3125, 2324960.9375 ], [ 589744.6875, 2324969.0625 ], [ 589741.875, 2324973.75 ], [ 589740.3125, 2324979.6875 ], [ 589740.0, 2325046.875 ], [ 589739.0625, 2325053.4375 ], [ 589735.3125, 2325060.9375 ], [ 589726.5625, 2325067.1875 ], [ 589721.875, 2325073.75 ], [ 589720.3125, 2325079.6875 ], [ 589719.53125, 2325093.90625 ], [ 589717.65625, 2325103.28125 ], [ 589715.625, 2325108.75 ], [ 589704.375, 2325131.25 ], [ 589700.9375, 2325142.8125 ], [ 589700.0, 2325153.125 ], [ 589700.0, 2325186.875 ], [ 589699.0625, 2325193.4375 ], [ 589695.3125, 2325200.9375 ], [ 589684.6875, 2325209.0625 ], [ 589680.9375, 2325216.5625 ], [ 589680.0, 2325223.125 ], [ 589679.6875, 2325290.3125 ], [ 589676.875, 2325298.75 ], [ 589673.4375, 2325302.8125 ], [ 589664.6875, 2325309.0625 ], [ 589660.9375, 2325316.5625 ], [ 589660.0, 2325323.125 ], [ 589660.0, 2325386.875 ], [ 589659.0625, 2325397.1875 ], [ 589655.625, 2325408.75 ], [ 589643.28125, 2325433.90625 ], [ 589640.46875, 2325446.09375 ], [ 589640.0, 2325636.875 ], [ 589639.0625, 2325643.4375 ], [ 589636.875, 2325648.75 ], [ 589633.4375, 2325652.8125 ], [ 589626.5625, 2325657.1875 ], [ 589623.125, 2325661.25 ], [ 589620.9375, 2325666.5625 ], [ 589620.0, 2325673.125 ], [ 589620.3125, 2325680.3125 ], [ 589621.875, 2325686.25 ], [ 589624.6875, 2325690.9375 ], [ 589633.4375, 2325697.1875 ], [ 589636.875, 2325701.25 ], [ 589639.0625, 2325706.5625 ], [ 589640.0, 2325716.875 ], [ 589639.0625, 2325723.4375 ], [ 589636.875, 2325728.75 ], [ 589633.4375, 2325732.8125 ], [ 589624.6875, 2325739.0625 ], [ 589621.875, 2325743.75 ], [ 589620.3125, 2325749.6875 ], [ 589619.6875, 2325880.3125 ], [ 589618.125, 2325886.25 ], [ 589615.3125, 2325890.9375 ], [ 589606.5625, 2325897.1875 ], [ 589601.875, 2325903.75 ], [ 589600.3125, 2325909.6875 ], [ 589599.6875, 2325920.3125 ], [ 589596.875, 2325928.75 ], [ 589593.4375, 2325932.8125 ], [ 589586.5625, 2325937.1875 ], [ 589581.875, 2325943.75 ], [ 589580.3125, 2325949.6875 ], [ 589579.6875, 2325960.3125 ], [ 589576.875, 2325968.75 ], [ 589573.4375, 2325972.8125 ], [ 589564.6875, 2325979.0625 ], [ 589560.9375, 2325986.5625 ], [ 589560.0, 2325993.125 ], [ 589559.84375, 2326030.46875 ], [ 589557.65625, 2326043.28125 ], [ 589555.625, 2326048.75 ], [ 589524.375, 2326111.25 ], [ 589521.5625, 2326119.6875 ], [ 589520.15625, 2326129.53125 ], [ 589520.0, 2326166.875 ], [ 589519.0625, 2326177.1875 ], [ 589516.71875, 2326186.09375 ], [ 589504.375, 2326211.25 ], [ 589501.5625, 2326219.6875 ], [ 589500.15625, 2326229.53125 ], [ 589500.0, 2326266.875 ], [ 589499.0625, 2326277.1875 ], [ 589496.71875, 2326286.09375 ], [ 589484.375, 2326311.25 ], [ 589481.5625, 2326319.6875 ], [ 589480.15625, 2326329.53125 ], [ 589480.0, 2326366.875 ], [ 589478.4375, 2326380.3125 ], [ 589475.625, 2326388.75 ], [ 589443.28125, 2326453.90625 ], [ 589440.9375, 2326462.8125 ], [ 589440.0, 2326476.875 ], [ 589440.9375, 2326483.4375 ], [ 589443.125, 2326488.75 ], [ 589446.5625, 2326492.8125 ], [ 589455.78125, 2326498.59375 ], [ 589461.40625, 2326504.21875 ], [ 589477.03125, 2326533.59375 ], [ 589480.3125, 2326537.8125 ], [ 589486.40625, 2326542.96875 ], [ 589633.59375, 2326616.40625 ], [ 589637.8125, 2326616.5625 ], [ 589641.40625, 2326614.84375 ], [ 589647.1875, 2326606.5625 ], [ 589653.75, 2326601.875 ], [ 589663.125, 2326600.0 ], [ 589670.3125, 2326600.3125 ], [ 589676.25, 2326601.875 ], [ 589680.9375, 2326604.6875 ], [ 589684.375, 2326608.75 ], [ 589697.1875, 2326633.4375 ], [ 589701.25, 2326636.875 ], [ 589706.5625, 2326639.0625 ], [ 589713.125, 2326640.0 ], [ 589746.875, 2326640.0 ], [ 589753.4375, 2326640.9375 ], [ 589760.9375, 2326644.6875 ], [ 589767.1875, 2326653.4375 ], [ 589773.75, 2326658.125 ], [ 589783.125, 2326660.0 ], [ 589816.875, 2326660.0 ], [ 589823.4375, 2326660.9375 ], [ 589830.9375, 2326664.6875 ], [ 589838.59375, 2326674.84375 ], [ 589844.21875, 2326676.71875 ], [ 589848.75, 2326675.625 ], [ 589871.25, 2326664.375 ], [ 589875.3125, 2326660.9375 ], [ 589878.125, 2326656.25 ], [ 589879.6875, 2326650.3125 ], [ 589880.3125, 2326623.125 ], [ 589883.125, 2326619.375 ], [ 589888.75, 2326615.625 ] ] } },
{ "type": "Feature", "properties": { "id": "shoreline_2026_wet_9", "bank_type": "right", "length_m": 59560.0, "is_island": false, "year": 2026, "season": "wet", "source": "S1", "processing_version": "1.0" }, "geometry": { "type": "LineString", "coordinates": [ [ 590508.75, 2324875.625 ], [ 590513.4375, 2324872.8125 ], [ 590518.125, 2324866.25 ], [ 590519.6875, 2324860.3125 ], [ 590520.46875, 2324846.09375 ], [ 590522.34375, 2324836.71875 ], [ 590524.375, 2324831.25 ], [ 590535.625, 2324808.75 ], [ 590539.0625, 2324797.1875 ], [ 590540.0, 2324786.875 ], [ 590540.15625, 2324689.53125 ], [ 590540.9375, 2324682.8125 ], [ 590543.28125, 2324673.90625 ], [ 590555.625, 2324648.75 ], [ 590559.0625, 2324637.1875 ], [ 590560.0, 2324626.875 ], [ 590560.0, 2324563.125 ], [ 590560.9375, 2324556.5625 ], [ 590564.6875, 2324549.0625 ], [ 590573.4375, 2324542.8125 ], [ 590578.125, 2324536.25 ], [ 590579.6875, 2324530.3125 ], [ 590580.3125, 2324519.6875 ], [ 590583.125, 2324511.25 ], [ 590586.5625, 2324507.1875 ], [ 590595.78125, 2324501.40625 ], [ 590601.40625, 2324495.78125 ], [ 590604.375, 2324491.25 ], [ 590615.625, 2324468.75 ], [ 590618.4375, 2324460.3125 ], [ 590619.53125, 2324453.90625 ], [ 590620.3125, 2324439.6875 ], [ 590623.125, 2324431.25 ], [ 590626.5625, 2324427.1875 ], [ 590635.78125, 2324421.40625 ], [ 590641.40625, 2324415.78125 ], [ 590644.375, 2324411.25 ], [ 590655.625, 2324388.75 ], [ 590658.4375, 2324380.3125 ], [ 590659.84375, 2324370.46875 ], [ 590660.0, 2324333.125 ], [ 590660.9375, 2324322.8125 ], [ 590664.375, 2324311.25 ], [ 590675.625, 2324288.75 ], [ 590680.3125, 2324282.1875 ], [ 590686.40625, 2324277.03125 ], [ 590711.25, 2324264.375 ], [ 590717.8125, 2324259.6875 ], [ 590724.375, 2324251.25 ], [ 590735.625, 2324228.75 ], [ 590738.59375, 2324224.21875 ], [ 590744.21875, 2324218.59375 ], [ 590753.4375, 2324212.8125 ], [ 590756.875, 2324208.75 ], [ 590759.6875, 2324200.3125 ], [ 590760.0, 2324163.125 ], [ 590760.9375, 2324156.5625 ], [ 590763.125, 2324151.25 ], [ 590766.5625, 2324147.1875 ], [ 590773.59375, 2324142.96875 ], [ 590779.6875, 2324137.8125 ], [ 590784.375, 2324131.25 ], [ 590795.625, 2324108.75 ], [ 590798.59375, 2324104.21875 ], [ 590804.21875, 2324098.59375 ], [ 590813.4375, 2324092.8125 ], [ 590816.875, 2324088.75 ], [ 590819.0625, 2324083.4375 ], [ 590820.3125, 2324069.6875 ], [ 590821.875, 2324063.75 ], [ 590824.6875, 2324059.0625 ], [ 590833.4375, 2324052.8125 ], [ 590836.875, 2324048.75 ], [ 590839.6875, 2324040.3125 ], [ 590840.9375, 2324026.5625 ], [ 590844.6875, 2324019.0625 ], [ 590848.75, 2324015.625 ], [ 590871.25, 2324004.375 ], [ 590877.8125, 2323999.6875 ], [ 590884.375, 2323991.25 ], [ 590895.625, 2323968.75 ], [ 590898.59375, 2323964.21875 ], [ 590904.21875, 2323958.59375 ], [ 590913.4375, 2323952.8125 ], [ 590916.875, 2323948.75 ], [ 590919.6875, 2323940.3125 ], [ 590920.9375, 2323926.5625 ], [ 590924.6875, 2323919.0625 ], [ 590928.75, 2323915.625 ], [ 590951.25, 2323904.375 ], [ 590957.8125, 2323899.6875 ], [ 590962.96875, 2323893.59375 ], [ 590975.625, 2323868.75 ], [ 590980.3125, 2323862.1875 ], [ 590986.40625, 2323857.03125 ], [ 591011.25, 2323844.375 ], [ 591017.8125, 2323839.6875 ], [ 591022.96875, 2323833.59375 ], [ 591035.625, 2323808.75 ], [ 591039.0625, 2323804.6875 ], [ 591046.5625, 2323800.9375 ], [ 591060.3125, 2323799.6875 ], [ 591068.75, 2323796.875 ], [ 591072.8125, 2323793.4375 ], [ 591077.03125, 2323786.40625 ], [ 591082.1875, 2323780.3125 ], [ 591088.75, 2323775.625 ], [ 591111.25, 2323764.375 ], [ 591115.78125, 2323761.40625 ], [ 591121.40625, 2323755.78125 ], [ 591127.1875, 2323746.5625 ], [ 591131.25, 2323743.125 ], [ 591139.6875, 2323740.3125 ], [ 591153.4375, 2323739.0625 ], [ 591160.9375, 2323735.3125 ], [ 591164.375, 2323731.25 ], [ 591175.625, 2323708.75 ], [ 591178.59375, 2323704.21875 ], [ 591184.21875, 2323698.59375 ], [ 591193.4375, 2323692.8125 ], [ 591196.875, 2323688.75 ], [ 591199.6875, 2323680.3125 ], [ 591200.9375, 2323666.5625 ], [ 591204.6875, 2323659.0625 ], [ 591208.75, 2323655.625 ], [ 591231.25, 2323644.375 ], [ 591235.3125, 2323640.9375 ], [ 591239.0625, 2323633.4375 ], [ 591240.3125, 2323619.6875 ], [ 591243.125, 2323611.25 ], [ 591246.5625, 2323607.1875 ], [ 591253.4375, 2323602.8125 ], [ 591258.125, 2323596.25 ], [ 591259.6875, 2323590.3125 ], [ 591260.3125, 2323579.6875 ], [ 591263.125, 2323571.25 ], [ 591266.5625, 2323567.1875 ], [ 591273.4375, 2323562.8125 ], [ 591278.125, 2323556.25 ], [ 591280.0, 2323546.875 ], [ 591280.0, 2323513.125 ], [ 591280.9375, 2323506.5625 ], [ 591284.6875, 2323499.0625 ], [ 591293.4375, 2323492.8125 ], [ 591298.125, 2323486.25 ], [ 591299.6875, 2323480.3125 ], [ 591300.3125, 2323469.6875 ], [ 591303.125, 2323461.25 ], [ 591306.5625, 2323457.1875 ], [ 591313.4375, 2323452.8125 ], [ 591318.125, 2323446.25 ], [ 591319.6875, 2323440.3125 ], [ 591320.3125, 2323429.6875 ], [ 591323.125, 2323421.25 ], [ 591328.75, 2323415.625 ], [ 591351.25, 2323404.375 ], [ 591359.6875, 2323397.8125 ], [ 591364.375, 2323391.25 ], [ 591377.03125, 2323366.40625 ], [ 591384.21875, 2323358.59375 ], [ 591388.75, 2323355.625 ], [ 591451.25, 2323324.375 ], [ 591455.9375, 2323319.6875 ], [ 591456.40625, 2323313.59375 ], [ 591444.375, 2323288.75 ], [ 591442.8125, 2323283.75 ], [ 591442.5, 2323278.75 ], [ 591444.375, 2323271.25 ], [ 591455.625, 2323248.75 ], [ 591460.3125, 2323242.1875 ], [ 591468.75, 2323235.625 ], [ 591493.90625, 2323223.28125 ], [ 591502.8125, 2323220.9375 ], [ 591520.3125, 2323219.6875 ], [ 591526.25, 2323218.125 ], [ 591530.9375, 2323215.3125 ], [ 591537.1875, 2323206.5625 ], [ 591541.25, 2323203.125 ], [ 591546.5625, 2323200.9375 ], [ 591560.3125, 2323199.6875 ], [ 591566.25, 2323198.125 ], [ 591570.9375, 2323195.3125 ], [ 591577.1875, 2323186.5625 ], [ 591583.75, 2323181.875 ], [ 591589.6875, 2323180.3125 ], [ 591600.3125, 2323179.6875 ], [ 591608.75, 2323176.875 ], [ 591612.8125, 2323173.4375 ], [ 591618.59375, 2323164.21875 ], [ 591624.21875, 2323158.59375 ], [ 591628.75, 2323155.625 ], [ 591651.25, 2323144.375 ], [ 591657.8125, 2323139.6875 ], [ 591664.375, 2323131.25 ], [ 591677.1875, 2323106.5625 ], [ 591681.25, 2323103.125 ], [ 591686.5625, 2323100.9375 ], [ 591693.125, 2323100.0 ], [ 591726.875, 2323100.0 ], [ 591736.25, 2323101.875 ], [ 591740.9375, 2323104.6875 ], [ 591747.1875, 2323113.4375 ], [ 591751.25, 2323116.875 ], [ 591756.5625, 2323119.0625 ], [ 591770.3125, 2323120.3125 ], [ 591776.25, 2323121.875 ], [ 591782.8125, 2323126.5625 ], [ 591789.0625, 2323135.3125 ], [ 591793.75, 2323138.125 ], [ 591799.6875, 2323139.6875 ], [ 591810.46875, 2323139.84375 ], [ 591823.28125, 2323137.65625 ], [ 591828.75, 2323135.625 ], [ 591851.25, 2323124.375 ], [ 591857.8125, 2323119.6875 ], [ 591862.96875, 2323113.59375 ], [ 591875.625, 2323088.75 ], [ 591882.1875, 2323080.3125 ], [ 591888.75, 2323075.625 ], [ 591913.59375, 2323062.96875 ], [ 591921.40625, 2323055.78125 ], [ 591924.375, 2323051.25 ], [ 591955.625, 2322988.75 ], [ 591958.59375, 2322984.21875 ], [ 591964.21875, 2322978.59375 ], [ 591995.78125, 2322961.40625 ], [ 592001.40625, 2322955.78125 ], [ 592007.1875, 2322946.5625 ], [ 592011.25, 2322943.125 ], [ 592019.6875, 2322940.3125 ], [ 592033.90625, 2322939.53125 ], [ 592046.09375, 2322936.71875 ], [ 592113.59375, 2322902.96875 ], [ 592117.8125, 2322899.6875 ], [ 592122.96875, 2322893.59375 ], [ 592135.625, 2322868.75 ], [ 592141.25, 2322863.125 ], [ 592146.5625, 2322860.9375 ], [ 592160.3125, 2322859.6875 ], [ 592168.75, 2322856.875 ], [ 592172.8125, 2322853.4375 ], [ 592180.3125, 2322842.1875 ], [ 592186.40625, 2322837.03125 ], [ 592291.25, 2322784.375 ], [ 592299.6875, 2322777.8125 ], [ 592307.1875, 2322766.5625 ], [ 592311.25, 2322763.125 ], [ 592316.5625, 2322760.9375 ], [ 592330.3125, 2322759.6875 ], [ 592336.25, 2322758.125 ], [ 592340.9375, 2322755.3125 ], [ 592347.1875, 2322746.5625 ], [ 592351.25, 2322743.125 ], [ 592356.5625, 2322740.9375 ], [ 592370.3125, 2322739.6875 ], [ 592376.25, 2322738.125 ], [ 592380.9375, 2322735.3125 ], [ 592387.1875, 2322726.5625 ], [ 592391.25, 2322723.125 ], [ 592396.5625, 2322720.9375 ], [ 592410.3125, 2322719.6875 ], [ 592418.75, 2322716.875 ], [ 592424.375, 2322711.25 ], [ 592435.625, 2322688.75 ], [ 592440.3125, 2322682.1875 ], [ 592446.40625, 2322677.03125 ], [ 592471.25, 2322664.375 ], [ 592477.8125, 2322659.6875 ], [ 592484.375, 2322651.25 ], [ 592495.625, 2322628.75 ], [ 592501.25, 2322623.125 ], [ 592506.5625, 2322620.9375 ], [ 592513.125, 2322620.0 ], [ 592546.875, 2322620.0 ], [ 592553.4375, 2322619.0625 ], [ 592560.9375, 2322615.3125 ], [ 592567.1875, 2322606.5625 ], [ 592573.75, 2322601.875 ], [ 592579.6875, 2322600.3125 ], [ 592590.46875, 2322599.84375 ], [ 592600.3125, 2322598.4375 ], [ 592608.75, 2322595.625 ], [ 592631.25, 2322584.375 ], [ 592636.71875, 2322582.34375 ], [ 592646.09375, 2322580.46875 ], [ 592660.3125, 2322579.6875 ], [ 592666.25, 2322578.125 ], [ 592670.9375, 2322575.3125 ], [ 592677.1875, 2322566.5625 ], [ 592681.25, 2322563.125 ], [ 592686.5625, 2322560.9375 ], [ 592700.3125, 2322559.6875 ], [ 592706.25, 2322558.125 ], [ 592712.8125, 2322553.4375 ], [ 592719.0625, 2322544.6875 ], [ 592726.5625, 2322540.9375 ], [ 592733.125, 2322540.0 ], [ 592766.875, 2322540.0 ], [ 592777.1875, 2322539.0625 ], [ 592788.75, 2322535.625 ], [ 592811.25, 2322524.375 ], [ 592816.71875, 2322522.34375 ], [ 592826.09375, 2322520.46875 ], [ 592840.3125, 2322519.6875 ], [ 592846.25, 2322518.125 ], [ 592850.9375, 2322515.3125 ], [ 592857.1875, 2322506.5625 ], [ 592861.25, 2322503.125 ], [ 592866.5625, 2322500.9375 ], [ 592880.3125, 2322499.6875 ], [ 592886.25, 2322498.125 ], [ 592890.9375, 2322495.3125 ], [ 592897.1875, 2322486.5625 ], [ 592901.25, 2322483.125 ], [ 592906.5625, 2322480.9375 ], [ 592920.3125, 2322479.6875 ], [ 592926.25, 2322478.125 ], [ 592930.9375, 2322475.3125 ], [ 592937.1875, 2322466.5625 ], [ 592941.25, 2322463.125 ], [ 592946.5625, 2322460.9375 ], [ 592960.3125, 2322459.6875 ], [ 592966.25, 2322458.125 ], [ 592970.9375, 2322455.3125 ], [ 592977.1875, 2322446.5625 ], [ 592983.75, 2322441.875 ], [ 592993.125, 2322440.0 ], [ 593026.875, 2322440.0 ], [ 593033.4375, 2322439.0625 ], [ 593038.75, 2322436.875 ], [ 593044.375, 2322431.25 ], [ 593055.625, 2322408.75 ], [ 593060.3125, 2322402.1875 ], [ 593068.75, 2322395.625 ], [ 593091.25, 2322384.375 ], [ 593096.71875, 2322382.34375 ], [ 593106.09375, 2322380.46875 ], [ 593146.875, 2322380.0 ], [ 593153.4375, 2322379.0625 ], [ 593158.75, 2322376.875 ], [ 593164.375, 2322371.25 ], [ 593175.625, 2322348.75 ], [ 593178.59375, 2322344.21875 ], [ 593182.1875, 2322340.3125 ], [ 593188.75, 2322335.625 ], [ 593211.25, 2322324.375 ], [ 593216.71875, 2322322.34375 ], [ 593226.09375, 2322320.46875 ], [ 593240.3125, 2322319.6875 ], [ 593246.25, 2322318.125 ], [ 593250.9375, 2322315.3125 ], [ 593257.1875, 2322306.5625 ], [ 593261.25, 2322303.125 ], [ 593266.5625, 2322300.9375 ], [ 593280.3125, 2322299.6875 ], [ 593286.25, 2322298.125 ], [ 593290.9375, 2322295.3125 ], [ 593297.1875, 2322286.5625 ], [ 593301.25, 2322283.125 ], [ 593306.5625, 2322280.9375 ], [ 593320.3125, 2322279.6875 ], [ 593326.25, 2322278.125 ], [ 593330.9375, 2322275.3125 ], [ 593337.1875, 2322266.5625 ], [ 593341.25, 2322263.125 ], [ 593346.5625, 2322260.9375 ], [ 593360.3125, 2322259.6875 ], [ 593366.25, 2322258.125 ], [ 593370.9375, 2322255.3125 ], [ 593377.1875, 2322246.5625 ], [ 593381.25, 2322243.125 ], [ 593386.5625, 2322240.9375 ], [ 593400.3125, 2322239.6875 ], [ 593408.75, 2322236.875 ], [ 593412.8125, 2322233.4375 ], [ 593418.59375, 2322224.21875 ], [ 593424.21875, 2322218.59375 ], [ 593428.75, 2322215.625 ], [ 593451.25, 2322204.375 ], [ 593459.6875, 2322197.8125 ], [ 593464.375, 2322191.25 ], [ 593477.03125, 2322166.40625 ], [ 593484.21875, 2322158.59375 ], [ 593488.75, 2322155.625 ], [ 593551.25, 2322124.375 ], [ 593557.8125, 2322119.6875 ], [ 593562.96875, 2322113.59375 ], [ 593575.625, 2322088.75 ], [ 593579.0625, 2322084.6875 ], [ 593586.5625, 2322080.9375 ], [ 593600.3125, 2322079.6875 ], [ 593608.75, 2322076.875 ], [ 593612.8125, 2322073.4375 ], [ 593618.59375, 2322064.21875 ], [ 593624.21875, 2322058.59375 ], [ 593628.75, 2322055.625 ], [ 593693.59375, 2322022.96875 ], [ 593699.6875, 2322017.8125 ], [ 593707.1875, 2322006.5625 ], [ 593711.25, 2322003.125 ], [ 593719.6875, 2322000.3125 ], [ 593733.4375, 2321999.0625 ], [ 593740.9375, 2321995.3125 ], [ 593744.375, 2321991.25 ], [ 593757.03125, 2321966.40625 ], [ 593762.1875, 2321960.3125 ], [ 593768.75, 2321955.625 ], [ 593793.59375, 2321942.96875 ], [ 593797.8125, 2321939.6875 ], [ 593802.96875, 2321933.59375 ], [ 593815.625, 2321908.75 ], [ 593817.65625, 2321903.28125 ], [ 593819.53125, 2321893.90625 ], [ 593820.3125, 2321879.6875 ], [ 593823.125, 2321871.25 ], [ 593826.5625, 2321867.1875 ], [ 593835.78125, 2321861.40625 ], [ 593841.40625, 2321855.78125 ], [ 593844.375, 2321851.25 ], [ 593855.625, 2321828.75 ], [ 593858.59375, 2321825.15625 ], [ 593862.1875, 2321823.4375 ], [ 593866.40625, 2321823.59375 ], [ 593893.75, 2321836.5625 ], [ 593898.75, 2321837.5 ], [ 593903.75, 2321837.1875 ], [ 593908.75, 2321835.625 ], [ 593973.59375, 2321802.96875 ], [ 593977.8125, 2321799.6875 ], [ 593982.96875, 2321793.59375 ], [ 593995.625, 2321768.75 ], [ 594002.1875, 2321760.3125 ], [ 594008.75, 2321755.625 ], [ 594033.59375, 2321742.96875 ], [ 594041.40625, 2321735.78125 ], [ 594044.375, 2321731.25 ], [ 594075.625, 2321668.75 ], [ 594080.3125, 2321662.1875 ], [ 594086.40625, 2321657.03125 ], [ 594111.25, 2321644.375 ], [ 594117.8125, 2321639.6875 ], [ 594122.96875, 2321633.59375 ], [ 594135.625, 2321608.75 ], [ 594140.3125, 2321602.1875 ], [ 594146.40625, 2321597.03125 ], [ 594171.25, 2321584.375 ], [ 594177.8125, 2321579.6875 ], [ 594182.96875, 2321573.59375 ], [ 594195.625, 2321548.75 ], [ 594199.0625, 2321544.6875 ], [ 594203.75, 2321541.875 ], [ 594209.6875, 2321540.3125 ], [ 594216.875, 2321540.0 ], [ 594223.4375, 2321540.9375 ], [ 594230.9375, 2321544.6875 ], [ 594237.03125, 2321553.28125 ], [ 594240.3125, 2321555.9375 ], [ 594244.21875, 2321556.71875 ], [ 594248.75, 2321555.625 ], [ 594271.25, 2321544.375 ], [ 594279.6875, 2321537.8125 ], [ 594284.375, 2321531.25 ], [ 594295.625, 2321508.75 ], [ 594299.0625, 2321504.6875 ], [ 594306.5625, 2321500.9375 ], [ 594320.3125, 2321499.6875 ], [ 594328.75, 2321496.875 ], [ 594332.8125, 2321493.4375 ], [ 594338.59375, 2321484.21875 ], [ 594344.21875, 2321478.59375 ], [ 594373.59375, 2321462.96875 ], [ 594381.40625, 2321455.78125 ], [ 594384.375, 2321451.25 ], [ 594395.625, 2321428.75 ], [ 594399.0625, 2321417.1875 ], [ 594400.0, 2321406.875 ], [ 594400.46875, 2321306.09375 ], [ 594403.28125, 2321293.90625 ], [ 594415.625, 2321268.75 ], [ 594420.3125, 2321262.1875 ], [ 594426.40625, 2321257.03125 ], [ 594451.25, 2321244.375 ], [ 594459.6875, 2321237.8125 ], [ 594464.375, 2321231.25 ], [ 594477.03125, 2321206.40625 ], [ 594480.3125, 2321202.1875 ], [ 594486.40625, 2321197.03125 ], [ 594511.25, 2321184.375 ], [ 594516.71875, 2321182.34375 ], [ 594526.09375, 2321180.46875 ], [ 594540.3125, 2321179.6875 ], [ 594548.75, 2321176.875 ], [ 594552.8125, 2321173.4375 ], [ 594558.59375, 2321164.21875 ], [ 594564.21875, 2321158.59375 ], [ 594568.75, 2321155.625 ], [ 594591.25, 2321144.375 ], [ 594595.3125, 2321140.9375 ], [ 594599.0625, 2321133.4375 ], [ 594600.3125, 2321119.6875 ], [ 594603.125, 2321111.25 ], [ 594606.5625, 2321107.1875 ], [ 594617.8125, 2321099.6875 ], [ 594624.375, 2321091.25 ], [ 594755.625, 2320828.75 ], [ 594758.4375, 2320820.3125 ], [ 594759.53125, 2320813.90625 ], [ 594760.3125, 2320799.6875 ], [ 594763.125, 2320791.25 ], [ 594766.5625, 2320787.1875 ], [ 594775.78125, 2320781.40625 ], [ 594781.40625, 2320775.78125 ], [ 594784.375, 2320771.25 ], [ 594795.625, 2320748.75 ], [ 594798.4375, 2320740.3125 ], [ 594799.84375, 2320730.46875 ], [ 594800.0, 2320693.125 ], [ 594800.9375, 2320686.5625 ], [ 594804.6875, 2320679.0625 ], [ 594813.4375, 2320672.8125 ], [ 594818.125, 2320666.25 ], [ 594819.6875, 2320660.3125 ], [ 594820.3125, 2320649.6875 ], [ 594823.125, 2320641.25 ], [ 594826.5625, 2320637.1875 ], [ 594833.4375, 2320632.8125 ], [ 594838.125, 2320626.25 ], [ 594840.0, 2320616.875 ], [ 594840.0, 2320583.125 ], [ 594840.9375, 2320576.5625 ], [ 594844.6875, 2320569.0625 ], [ 594855.3125, 2320560.9375 ], [ 594858.125, 2320556.25 ], [ 594859.6875, 2320550.3125 ], [ 594860.0, 2320513.125 ], [ 594860.9375, 2320506.5625 ], [ 594864.6875, 2320499.0625 ], [ 594873.4375, 2320492.8125 ], [ 594878.125, 2320486.25 ], [ 594879.6875, 2320480.3125 ], [ 594880.46875, 2320466.09375 ], [ 594882.34375, 2320456.71875 ], [ 594884.375, 2320451.25 ], [ 594895.625, 2320428.75 ], [ 594898.4375, 2320420.3125 ], [ 594900.0, 2320406.875 ], [ 594899.6875, 2320339.6875 ], [ 594896.875, 2320331.25 ], [ 594893.4375, 2320327.1875 ], [ 594884.6875, 2320320.9375 ], [ 594880.9375, 2320313.4375 ], [ 594880.0, 2320306.875 ], [ 594880.0, 2320243.125 ], [ 594879.0625, 2320236.5625 ], [ 594875.3125, 2320229.0625 ], [ 594866.5625, 2320222.8125 ], [ 594861.875, 2320216.25 ], [ 594860.0, 2320206.875 ], [ 594860.0, 2320173.125 ], [ 594859.0625, 2320166.5625 ], [ 594855.3125, 2320159.0625 ], [ 594846.5625, 2320152.8125 ], [ 594841.875, 2320146.25 ], [ 594840.3125, 2320140.3125 ], [ 594839.6875, 2320129.6875 ], [ 594836.875, 2320121.25 ], [ 594831.25, 2320115.625 ], [ 594808.75, 2320104.375 ], [ 594800.3125, 2320097.8125 ], [ 594795.625, 2320091.25 ], [ 594782.96875, 2320066.40625 ], [ 594775.78125, 2320058.59375 ], [ 594771.25, 2320055.625 ], [ 594708.75, 2320024.375 ], [ 594702.1875, 2320019.6875 ], [ 594697.03125, 2320013.59375 ], [ 594684.375, 2319988.75 ], [ 594679.6875, 2319982.1875 ], [ 594673.59375, 2319977.03125 ], [ 594648.75, 2319964.375 ], [ 594642.1875, 2319959.6875 ], [ 594637.03125, 2319953.59375 ], [ 594624.375, 2319928.75 ], [ 594619.6875, 2319922.1875 ], [ 594613.59375, 2319917.03125 ], [ 594588.75, 2319904.375 ], [ 594582.1875, 2319899.6875 ], [ 594575.625, 2319891.25 ], [ 594564.375, 2319868.75 ], [ 594561.40625, 2319864.21875 ], [ 594555.78125, 2319858.59375 ], [ 594546.5625, 2319852.8125 ], [ 594543.125, 2319848.75 ], [ 594540.3125, 2319840.3125 ], [ 594539.53125, 2319826.09375 ], [ 594537.65625, 2319816.71875 ], [ 594523.28125, 2319786.09375 ], [ 594520.9375, 2319777.1875 ], [ 594520.0, 2319766.875 ], [ 594520.3125, 2319759.6875 ], [ 594523.125, 2319751.25 ], [ 594526.5625, 2319747.1875 ], [ 594535.3125, 2319740.9375 ], [ 594538.125, 2319736.25 ], [ 594539.6875, 2319730.3125 ], [ 594540.0, 2319663.125 ], [ 594538.125, 2319653.75 ], [ 594533.4375, 2319647.1875 ], [ 594526.40625, 2319642.96875 ], [ 594520.3125, 2319637.8125 ], [ 594513.125, 2319626.875 ], [ 594510.625, 2319625.0 ], [ 594509.375, 2319625.0 ], [ 594506.875, 2319626.875 ], [ 594501.40625, 2319634.84375 ], [ 594495.78125, 2319636.71875 ], [ 594491.25, 2319635.625 ], [ 594466.40625, 2319622.96875 ], [ 594462.1875, 2319619.6875 ], [ 594457.03125, 2319613.59375 ], [ 594444.375, 2319588.75 ], [ 594439.6875, 2319582.1875 ], [ 594431.25, 2319575.625 ], [ 594408.75, 2319564.375 ], [ 594403.125, 2319558.75 ], [ 594400.9375, 2319553.4375 ], [ 594400.0, 2319546.875 ], [ 594399.6875, 2319479.6875 ], [ 594396.875, 2319471.25 ], [ 594393.4375, 2319467.1875 ], [ 594384.6875, 2319460.9375 ], [ 594380.9375, 2319453.4375 ], [ 594380.0, 2319446.875 ], [ 594380.0, 2319413.125 ], [ 594379.0625, 2319406.5625 ], [ 594376.875, 2319401.25 ], [ 594373.4375, 2319397.1875 ], [ 594348.75, 2319384.375 ], [ 594340.3125, 2319377.8125 ], [ 594335.625, 2319371.25 ], [ 594323.28125, 2319346.09375 ], [ 594321.5625, 2319340.3125 ], [ 594320.15625, 2319330.46875 ], [ 594319.84375, 2319289.53125 ], [ 594317.65625, 2319276.71875 ], [ 594302.34375, 2319243.28125 ], [ 594300.46875, 2319233.90625 ], [ 594299.6875, 2319219.6875 ], [ 594298.125, 2319213.75 ], [ 594295.3125, 2319209.0625 ], [ 594286.5625, 2319202.8125 ], [ 594281.875, 2319196.25 ], [ 594280.0, 2319186.875 ], [ 594280.0, 2319153.125 ], [ 594279.0625, 2319146.5625 ], [ 594275.3125, 2319139.0625 ], [ 594266.5625, 2319132.8125 ], [ 594261.875, 2319126.25 ], [ 594260.3125, 2319120.3125 ], [ 594259.6875, 2319109.6875 ], [ 594256.875, 2319101.25 ], [ 594251.25, 2319095.625 ], [ 594226.40625, 2319082.96875 ], [ 594222.1875, 2319079.6875 ], [ 594217.03125, 2319073.59375 ], [ 594204.375, 2319048.75 ], [ 594202.34375, 2319043.28125 ], [ 594200.46875, 2319033.90625 ], [ 594199.6875, 2319019.6875 ], [ 594198.125, 2319013.75 ], [ 594195.3125, 2319009.0625 ], [ 594186.5625, 2319002.8125 ], [ 594181.875, 2318996.25 ], [ 594180.3125, 2318990.3125 ], [ 594179.6875, 2318979.6875 ], [ 594176.875, 2318971.25 ], [ 594173.4375, 2318967.1875 ], [ 594166.40625, 2318962.96875 ], [ 594160.3125, 2318957.8125 ], [ 594155.625, 2318951.25 ], [ 594144.375, 2318928.75 ], [ 594141.40625, 2318924.21875 ], [ 594135.78125, 2318918.59375 ], [ 594126.5625, 2318912.8125 ], [ 594123.125, 2318908.75 ], [ 594120.9375, 2318903.4375 ], [ 594119.6875, 2318889.6875 ], [ 594118.125, 2318883.75 ], [ 594115.3125, 2318879.0625 ], [ 594106.5625, 2318872.8125 ], [ 594103.125, 2318868.75 ], [ 594100.3125, 2318860.3125 ], [ 594099.0625, 2318846.5625 ], [ 594095.3125, 2318839.0625 ], [ 594091.25, 2318835.625 ], [ 594068.75, 2318824.375 ], [ 594063.125, 2318818.75 ], [ 594060.9375, 2318813.4375 ], [ 594060.0, 2318806.875 ], [ 594060.0, 2318773.125 ], [ 594059.0625, 2318766.5625 ], [ 594055.3125, 2318759.0625 ], [ 594046.5625, 2318752.8125 ], [ 594043.125, 2318748.75 ], [ 594040.3125, 2318740.3125 ], [ 594039.0625, 2318726.5625 ], [ 594035.3125, 2318719.0625 ], [ 594031.25, 2318715.625 ], [ 594006.40625, 2318702.96875 ], [ 594000.3125, 2318697.8125 ], [ 593995.625, 2318691.25 ], [ 593984.375, 2318668.75 ], [ 593977.8125, 2318660.3125 ], [ 593971.25, 2318655.625 ], [ 593948.75, 2318644.375 ], [ 593940.3125, 2318637.8125 ], [ 593935.625, 2318631.25 ], [ 593924.375, 2318608.75 ], [ 593921.40625, 2318604.21875 ], [ 593915.78125, 2318598.59375 ], [ 593906.5625, 2318592.8125 ], [ 593903.125, 2318588.75 ], [ 593900.3125, 2318580.3125 ], [ 593899.0625, 2318566.5625 ], [ 593895.3125, 2318559.0625 ], [ 593891.25, 2318555.625 ], [ 593868.75, 2318544.375 ], [ 593862.1875, 2318539.6875 ], [ 593857.03125, 2318533.59375 ], [ 593844.375, 2318508.75 ], [ 593839.6875, 2318502.1875 ], [ 593831.25, 2318495.625 ], [ 593808.75, 2318484.375 ], [ 593803.125, 2318478.75 ], [ 593800.3125, 2318470.3125 ], [ 593800.0, 2318433.125 ], [ 593798.125, 2318423.75 ], [ 593793.4375, 2318417.1875 ], [ 593768.75, 2318404.375 ], [ 593764.6875, 2318400.9375 ], [ 593761.875, 2318396.25 ], [ 593760.0, 2318386.875 ], [ 593760.0, 2318353.125 ], [ 593759.0625, 2318346.5625 ], [ 593755.3125, 2318339.0625 ], [ 593746.5625, 2318332.8125 ], [ 593741.875, 2318326.25 ], [ 593740.3125, 2318320.3125 ], [ 593739.53125, 2318306.09375 ], [ 593737.65625, 2318296.71875 ], [ 593735.625, 2318291.25 ], [ 593724.375, 2318268.75 ], [ 593721.40625, 2318264.21875 ], [ 593715.78125, 2318258.59375 ], [ 593686.40625, 2318242.96875 ], [ 593682.1875, 2318239.6875 ], [ 593677.03125, 2318233.59375 ], [ 593664.375, 2318208.75 ], [ 593662.34375, 2318203.28125 ], [ 593660.46875, 2318193.90625 ], [ 593659.6875, 2318179.6875 ], [ 593656.875, 2318171.25 ], [ 593653.4375, 2318167.1875 ], [ 593642.1875, 2318159.6875 ], [ 593637.03125, 2318153.59375 ], [ 593604.375, 2318088.75 ], [ 593600.9375, 2318077.1875 ], [ 593599.6875, 2318059.6875 ], [ 593598.125, 2318053.75 ], [ 593593.4375, 2318047.1875 ], [ 593584.6875, 2318040.9375 ], [ 593580.9375, 2318033.4375 ], [ 593580.0, 2318026.875 ], [ 593580.0, 2317993.125 ], [ 593579.0625, 2317986.5625 ], [ 593576.875, 2317981.25 ], [ 593571.25, 2317975.625 ], [ 593548.75, 2317964.375 ], [ 593540.3125, 2317957.8125 ], [ 593535.625, 2317951.25 ], [ 593524.375, 2317928.75 ], [ 593517.8125, 2317920.3125 ], [ 593511.25, 2317915.625 ], [ 593488.75, 2317904.375 ], [ 593480.3125, 2317897.8125 ], [ 593475.625, 2317891.25 ], [ 593464.375, 2317868.75 ], [ 593457.8125, 2317860.3125 ], [ 593451.25, 2317855.625 ], [ 593426.40625, 2317842.96875 ], [ 593422.1875, 2317839.6875 ], [ 593417.03125, 2317833.59375 ], [ 593404.375, 2317808.75 ], [ 593401.5625, 2317800.3125 ], [ 593400.0, 2317786.875 ], [ 593400.0, 2317753.125 ], [ 593399.0625, 2317746.5625 ], [ 593396.875, 2317741.25 ], [ 593391.25, 2317735.625 ], [ 593368.75, 2317724.375 ], [ 593362.1875, 2317719.6875 ], [ 593357.03125, 2317713.59375 ], [ 593344.375, 2317688.75 ], [ 593339.6875, 2317682.1875 ], [ 593331.25, 2317675.625 ], [ 593308.75, 2317664.375 ], [ 593303.125, 2317658.75 ], [ 593300.9375, 2317653.4375 ], [ 593300.0, 2317646.875 ], [ 593300.0, 2317583.125 ], [ 593299.0625, 2317576.5625 ], [ 593296.875, 2317571.25 ], [ 593293.4375, 2317567.1875 ], [ 593282.1875, 2317559.6875 ], [ 593277.03125, 2317553.59375 ], [ 593244.375, 2317488.75 ], [ 593239.6875, 2317482.1875 ], [ 593231.25, 2317475.625 ], [ 593206.40625, 2317462.96875 ], [ 593198.59375, 2317455.78125 ], [ 593195.625, 2317451.25 ], [ 593164.375, 2317388.75 ], [ 593159.6875, 2317382.1875 ], [ 593151.25, 2317375.625 ], [ 593128.75, 2317364.375 ], [ 593124.21875, 2317361.40625 ], [ 593118.59375, 2317355.78125 ], [ 593112.8125, 2317346.5625 ], [ 593108.75, 2317343.125 ], [ 593100.3125, 2317340.3125 ], [ 593086.5625, 2317339.0625 ], [ 593079.0625, 2317335.3125 ], [ 593075.625, 2317331.25 ], [ 593064.375, 2317308.75 ], [ 593059.6875, 2317302.1875 ], [ 593053.59375, 2317297.03125 ], [ 593028.75, 2317284.375 ], [ 593024.6875, 2317280.9375 ], [ 593021.875, 2317276.25 ], [ 593020.3125, 2317270.3125 ], [ 593019.6875, 2317229.6875 ], [ 593018.125, 2317223.75 ], [ 593013.4375, 2317217.1875 ], [ 592988.75, 2317204.375 ], [ 592983.28125, 2317202.34375 ], [ 592973.90625, 2317200.46875 ], [ 592959.6875, 2317199.6875 ], [ 592953.75, 2317198.125 ], [ 592949.0625, 2317195.3125 ], [ 592942.8125, 2317186.5625 ], [ 592936.25, 2317181.875 ], [ 592930.3125, 2317180.3125 ], [ 592919.6875, 2317179.6875 ], [ 592911.25, 2317176.875 ], [ 592907.1875, 2317173.4375 ], [ 592899.6875, 2317162.1875 ], [ 592893.59375, 2317157.03125 ], [ 592828.75, 2317124.375 ], [ 592824.21875, 2317121.40625 ], [ 592818.59375, 2317115.78125 ], [ 592815.625, 2317111.25 ], [ 592804.375, 2317088.75 ], [ 592801.5625, 2317080.3125 ], [ 592800.0, 2317066.875 ], [ 592800.0, 2317033.125 ], [ 592799.0625, 2317026.5625 ], [ 592796.875, 2317021.25 ], [ 592791.25, 2317015.625 ], [ 592766.40625, 2317002.96875 ], [ 592758.59375, 2316995.78125 ], [ 592755.625, 2316991.25 ], [ 592702.96875, 2316886.40625 ], [ 592695.78125, 2316878.59375 ], [ 592666.40625, 2316862.96875 ], [ 592662.1875, 2316859.6875 ], [ 592657.03125, 2316853.59375 ], [ 592582.96875, 2316706.40625 ], [ 592579.6875, 2316702.1875 ], [ 592573.59375, 2316697.03125 ], [ 592548.75, 2316684.375 ], [ 592543.125, 2316678.75 ], [ 592540.9375, 2316673.4375 ], [ 592539.6875, 2316659.6875 ], [ 592538.125, 2316653.75 ], [ 592535.3125, 2316649.0625 ], [ 592526.5625, 2316642.8125 ], [ 592523.125, 2316638.75 ], [ 592520.9375, 2316633.4375 ], [ 592519.6875, 2316619.6875 ], [ 592518.125, 2316613.75 ], [ 592515.3125, 2316609.0625 ], [ 592506.5625, 2316602.8125 ], [ 592501.875, 2316596.25 ], [ 592500.0, 2316586.875 ], [ 592500.0, 2316553.125 ], [ 592499.0625, 2316546.5625 ], [ 592495.3125, 2316539.0625 ], [ 592486.5625, 2316532.8125 ], [ 592481.875, 2316526.25 ], [ 592480.3125, 2316520.3125 ], [ 592479.0625, 2316502.8125 ], [ 592475.625, 2316491.25 ], [ 592404.375, 2316348.75 ], [ 592397.8125, 2316340.3125 ], [ 592386.5625, 2316332.8125 ], [ 592383.125, 2316328.75 ], [ 592380.9375, 2316323.4375 ], [ 592379.6875, 2316309.6875 ], [ 592378.125, 2316303.75 ], [ 592375.3125, 2316299.0625 ], [ 592366.5625, 2316292.8125 ], [ 592363.125, 2316288.75 ], [ 592360.9375, 2316283.4375 ], [ 592359.6875, 2316269.6875 ], [ 592356.875, 2316261.25 ], [ 592351.25, 2316255.625 ], [ 592328.75, 2316244.375 ], [ 592324.6875, 2316240.9375 ], [ 592320.9375, 2316233.4375 ], [ 592319.6875, 2316219.6875 ], [ 592316.875, 2316211.25 ], [ 592313.4375, 2316207.1875 ], [ 592306.5625, 2316202.8125 ], [ 592301.875, 2316196.25 ], [ 592300.0, 2316186.875 ], [ 592299.84375, 2316149.53125 ], [ 592297.65625, 2316136.71875 ], [ 592295.625, 2316131.25 ], [ 592263.28125, 2316066.09375 ], [ 592260.9375, 2316057.1875 ], [ 592259.6875, 2316039.6875 ], [ 592258.125, 2316033.75 ], [ 592255.3125, 2316029.0625 ], [ 592246.5625, 2316022.8125 ], [ 592241.875, 2316016.25 ], [ 592240.0, 2316006.875 ], [ 592239.84375, 2315969.53125 ], [ 592237.65625, 2315956.71875 ], [ 592235.625, 2315951.25 ], [ 592183.28125, 2315846.09375 ], [ 592181.5625, 2315840.3125 ], [ 592180.15625, 2315830.46875 ], [ 592179.84375, 2315789.53125 ], [ 592177.65625, 2315776.71875 ], [ 592175.625, 2315771.25 ], [ 592144.375, 2315708.75 ], [ 592142.34375, 2315703.28125 ], [ 592140.9375, 2315697.1875 ], [ 592140.0, 2315686.875 ], [ 592140.0, 2315623.125 ], [ 592139.0625, 2315616.5625 ], [ 592135.3125, 2315609.0625 ], [ 592126.5625, 2315602.8125 ], [ 592121.875, 2315596.25 ], [ 592120.3125, 2315590.3125 ], [ 592119.6875, 2315579.6875 ], [ 592116.875, 2315571.25 ], [ 592113.4375, 2315567.1875 ], [ 592104.21875, 2315561.40625 ], [ 592098.59375, 2315555.78125 ], [ 592095.625, 2315551.25 ], [ 592083.4375, 2315526.25 ], [ 592082.5, 2315521.25 ], [ 592083.4375, 2315513.75 ], [ 592095.625, 2315488.75 ], [ 592097.1875, 2315483.75 ], [ 592097.5, 2315478.75 ], [ 592095.625, 2315471.25 ], [ 592082.96875, 2315446.40625 ], [ 592079.6875, 2315442.1875 ], [ 592073.59375, 2315437.03125 ], [ 592044.21875, 2315421.40625 ], [ 592038.59375, 2315415.78125 ], [ 592032.8125, 2315406.5625 ], [ 592028.75, 2315403.125 ], [ 592023.4375, 2315400.9375 ], [ 592009.6875, 2315399.6875 ], [ 592003.75, 2315398.125 ], [ 591999.0625, 2315395.3125 ], [ 591993.125, 2315386.875 ], [ 591990.625, 2315385.0 ], [ 591989.375, 2315385.0 ], [ 591986.875, 2315386.875 ], [ 591981.40625, 2315394.84375 ], [ 591975.78125, 2315396.71875 ], [ 591971.25, 2315395.625 ], [ 591946.25, 2315383.4375 ], [ 591941.25, 2315382.5 ], [ 591936.25, 2315382.8125 ], [ 591931.25, 2315384.375 ], [ 591868.75, 2315415.625 ], [ 591861.25, 2315417.5 ], [ 591853.75, 2315416.5625 ], [ 591828.75, 2315404.375 ], [ 591820.3125, 2315397.8125 ], [ 591815.625, 2315391.25 ], [ 591802.96875, 2315366.40625 ], [ 591797.8125, 2315360.3125 ], [ 591784.6875, 2315350.9375 ], [ 591781.875, 2315346.25 ], [ 591780.3125, 2315340.3125 ], [ 591780.0, 2315273.125 ], [ 591780.9375, 2315266.5625 ], [ 591783.125, 2315261.25 ], [ 591788.75, 2315255.625 ], [ 591811.25, 2315244.375 ], [ 591815.78125, 2315241.40625 ], [ 591821.40625, 2315235.78125 ], [ 591827.1875, 2315226.5625 ], [ 591831.25, 2315223.125 ], [ 591836.5625, 2315220.9375 ], [ 591850.3125, 2315219.6875 ], [ 591856.25, 2315218.125 ], [ 591860.9375, 2315215.3125 ], [ 591866.875, 2315206.875 ], [ 591869.375, 2315205.0 ], [ 591870.625, 2315205.0 ], [ 591873.125, 2315206.875 ], [ 591878.59375, 2315215.78125 ], [ 591884.21875, 2315221.40625 ], [ 591888.75, 2315224.375 ], [ 591911.25, 2315235.625 ], [ 591917.8125, 2315240.3125 ], [ 591922.96875, 2315246.40625 ], [ 591935.625, 2315271.25 ], [ 591940.3125, 2315277.8125 ], [ 591948.75, 2315284.375 ], [ 591971.25, 2315295.625 ], [ 591975.78125, 2315298.59375 ], [ 591981.40625, 2315304.21875 ], [ 591986.875, 2315313.125 ], [ 591989.375, 2315315.0 ], [ 591991.875, 2315314.375 ], [ 591997.1875, 2315306.5625 ], [ 592003.75, 2315301.875 ], [ 592009.6875, 2315300.3125 ], [ 592020.3125, 2315299.6875 ], [ 592028.75, 2315296.875 ], [ 592032.8125, 2315293.4375 ], [ 592038.59375, 2315284.21875 ], [ 592044.21875, 2315278.59375 ], [ 592048.75, 2315275.625 ], [ 592071.25, 2315264.375 ], [ 592075.3125, 2315260.9375 ], [ 592078.125, 2315256.25 ], [ 592080.0, 2315246.875 ], [ 592080.0, 2315123.125 ], [ 592079.0625, 2315116.5625 ], [ 592076.875, 2315111.25 ], [ 592073.4375, 2315107.1875 ], [ 592064.6875, 2315100.9375 ], [ 592060.9375, 2315093.4375 ], [ 592060.0, 2315086.875 ], [ 592060.3125, 2315049.6875 ], [ 592061.875, 2315043.75 ], [ 592064.6875, 2315039.0625 ], [ 592073.4375, 2315032.8125 ], [ 592078.125, 2315026.25 ], [ 592079.6875, 2315020.3125 ], [ 592080.3125, 2315009.6875 ], [ 592083.125, 2315001.25 ], [ 592086.5625, 2314997.1875 ], [ 592095.3125, 2314990.9375 ], [ 592099.0625, 2314983.4375 ], [ 592100.46875, 2314966.09375 ], [ 592102.34375, 2314956.71875 ], [ 592104.375, 2314951.25 ], [ 592115.625, 2314928.75 ], [ 592119.0625, 2314917.1875 ], [ 592120.0, 2314906.875 ], [ 592120.0, 2314873.125 ], [ 592121.875, 2314863.75 ], [ 592124.6875, 2314859.0625 ], [ 592133.4375, 2314852.8125 ], [ 592136.875, 2314848.75 ], [ 592139.6875, 2314840.3125 ], [ 592140.9375, 2314826.5625 ], [ 592144.6875, 2314819.0625 ], [ 592148.75, 2314815.625 ], [ 592173.59375, 2314802.96875 ], [ 592177.8125, 2314799.6875 ], [ 592182.96875, 2314793.59375 ], [ 592215.625, 2314728.75 ], [ 592218.59375, 2314724.21875 ], [ 592226.40625, 2314717.03125 ], [ 592255.78125, 2314701.40625 ], [ 592261.40625, 2314695.78125 ], [ 592265.625, 2314688.75 ], [ 592269.0625, 2314684.6875 ], [ 592276.5625, 2314680.9375 ], [ 592283.125, 2314680.0 ], [ 592380.3125, 2314680.3125 ], [ 592388.75, 2314683.125 ], [ 592392.8125, 2314686.5625 ], [ 592399.0625, 2314695.3125 ], [ 592406.5625, 2314699.0625 ], [ 592413.125, 2314700.0 ], [ 592450.46875, 2314700.15625 ], [ 592460.3125, 2314701.5625 ], [ 592468.75, 2314704.375 ], [ 592493.90625, 2314716.71875 ], [ 592499.6875, 2314718.4375 ], [ 592509.53125, 2314719.84375 ], [ 592580.3125, 2314719.6875 ], [ 592588.75, 2314716.875 ], [ 592592.8125, 2314713.4375 ], [ 592599.0625, 2314704.6875 ], [ 592606.5625, 2314700.9375 ], [ 592613.125, 2314700.0 ], [ 592650.3125, 2314700.3125 ], [ 592656.25, 2314701.875 ], [ 592660.9375, 2314704.6875 ], [ 592667.1875, 2314713.4375 ], [ 592673.75, 2314718.125 ], [ 592679.6875, 2314719.6875 ], [ 592690.3125, 2314720.3125 ], [ 592698.75, 2314723.125 ], [ 592702.8125, 2314726.5625 ], [ 592707.1875, 2314733.4375 ], [ 592713.75, 2314738.125 ], [ 592719.6875, 2314739.6875 ], [ 592733.90625, 2314740.46875 ], [ 592743.28125, 2314742.34375 ], [ 592748.75, 2314744.375 ], [ 592771.25, 2314755.625 ], [ 592782.8125, 2314759.0625 ], [ 592793.125, 2314760.0 ], [ 592826.875, 2314760.0 ], [ 592837.1875, 2314759.0625 ], [ 592848.75, 2314755.625 ], [ 592871.25, 2314744.375 ], [ 592876.25, 2314742.8125 ], [ 592881.25, 2314742.5 ], [ 592888.75, 2314744.375 ], [ 592911.25, 2314755.625 ], [ 592919.6875, 2314758.4375 ], [ 592929.53125, 2314759.84375 ], [ 592966.875, 2314760.0 ], [ 592973.4375, 2314760.9375 ], [ 592980.9375, 2314764.6875 ], [ 592989.0625, 2314775.3125 ], [ 592993.75, 2314778.125 ], [ 592999.6875, 2314779.6875 ], [ 593130.3125, 2314780.3125 ], [ 593138.75, 2314783.125 ], [ 593142.8125, 2314786.5625 ], [ 593149.0625, 2314795.3125 ], [ 593153.75, 2314798.125 ], [ 593159.6875, 2314799.6875 ], [ 593293.90625, 2314800.46875 ], [ 593306.09375, 2314803.28125 ], [ 593333.90625, 2314816.71875 ], [ 593346.09375, 2314819.53125 ], [ 593750.46875, 2314819.84375 ], [ 593757.1875, 2314819.0625 ], [ 593766.09375, 2314816.71875 ], [ 593793.90625, 2314803.28125 ], [ 593806.09375, 2314800.46875 ], [ 593906.875, 2314800.0 ], [ 593913.4375, 2314799.0625 ], [ 593920.9375, 2314795.3125 ], [ 593929.0625, 2314784.6875 ], [ 593933.75, 2314781.875 ], [ 593939.6875, 2314780.3125 ], [ 594036.875, 2314780.0 ], [ 594043.4375, 2314779.0625 ], [ 594050.9375, 2314775.3125 ], [ 594057.1875, 2314766.5625 ], [ 594063.75, 2314761.875 ], [ 594073.125, 2314760.0 ], [ 594106.875, 2314760.0 ], [ 594113.4375, 2314759.0625 ], [ 594120.9375, 2314755.3125 ], [ 594127.1875, 2314746.5625 ], [ 594133.75, 2314741.875 ], [ 594139.6875, 2314740.3125 ], [ 594150.46875, 2314739.84375 ], [ 594160.3125, 2314738.4375 ], [ 594168.75, 2314735.625 ], [ 594191.25, 2314724.375 ], [ 594196.71875, 2314722.34375 ], [ 594206.09375, 2314720.46875 ], [ 594220.3125, 2314719.6875 ], [ 594226.25, 2314718.125 ], [ 594232.8125, 2314713.4375 ], [ 594239.0625, 2314704.6875 ], [ 594246.5625, 2314700.9375 ], [ 594253.125, 2314700.0 ], [ 594346.875, 2314700.0 ], [ 594353.4375, 2314699.0625 ], [ 594360.9375, 2314695.3125 ], [ 594367.1875, 2314686.5625 ], [ 594373.75, 2314681.875 ], [ 594379.6875, 2314680.3125 ], [ 594390.3125, 2314679.6875 ], [ 594398.75, 2314676.875 ], [ 594402.8125, 2314673.4375 ], [ 594407.1875, 2314666.5625 ], [ 594413.75, 2314661.875 ], [ 594419.6875, 2314660.3125 ], [ 594430.3125, 2314659.6875 ], [ 594438.75, 2314656.875 ], [ 594442.8125, 2314653.4375 ], [ 594447.1875, 2314646.5625 ], [ 594453.75, 2314641.875 ], [ 594459.6875, 2314640.3125 ], [ 594473.90625, 2314639.53125 ], [ 594483.28125, 2314637.65625 ], [ 594488.75, 2314635.625 ], [ 594511.25, 2314624.375 ], [ 594519.6875, 2314621.5625 ], [ 594543.4375, 2314619.0625 ], [ 594550.9375, 2314615.3125 ], [ 594557.1875, 2314606.5625 ], [ 594563.75, 2314601.875 ], [ 594569.6875, 2314600.3125 ], [ 594580.3125, 2314599.6875 ], [ 594588.75, 2314596.875 ], [ 594592.8125, 2314593.4375 ], [ 594600.3125, 2314582.1875 ], [ 594606.40625, 2314577.03125 ], [ 594671.25, 2314544.375 ], [ 594675.78125, 2314541.40625 ], [ 594682.96875, 2314533.59375 ], [ 594695.625, 2314508.75 ], [ 594696.5625, 2314502.1875 ], [ 594693.28125, 2314497.03125 ], [ 594666.40625, 2314482.96875 ], [ 594658.59375, 2314475.78125 ], [ 594655.625, 2314471.25 ], [ 594644.375, 2314448.75 ], [ 594637.8125, 2314440.3125 ], [ 594631.25, 2314435.625 ], [ 594608.75, 2314424.375 ], [ 594604.6875, 2314420.9375 ], [ 594600.9375, 2314413.4375 ], [ 594599.6875, 2314399.6875 ], [ 594596.875, 2314391.25 ], [ 594593.4375, 2314387.1875 ], [ 594584.21875, 2314381.40625 ], [ 594578.59375, 2314375.78125 ], [ 594561.40625, 2314344.21875 ], [ 594553.59375, 2314337.03125 ], [ 594528.75, 2314324.375 ], [ 594522.1875, 2314319.6875 ], [ 594515.625, 2314311.25 ], [ 594504.375, 2314288.75 ], [ 594501.40625, 2314284.21875 ], [ 594495.78125, 2314278.59375 ], [ 594486.875, 2314273.125 ], [ 594485.625, 2314271.875 ], [ 594485.0, 2314269.375 ], [ 594486.875, 2314266.875 ], [ 594495.78125, 2314261.40625 ], [ 594501.40625, 2314255.78125 ], [ 594504.375, 2314251.25 ], [ 594515.625, 2314228.75 ], [ 594519.0625, 2314224.6875 ], [ 594526.5625, 2314220.9375 ], [ 594540.3125, 2314219.6875 ], [ 594548.75, 2314216.875 ], [ 594552.8125, 2314213.4375 ], [ 594557.03125, 2314206.40625 ], [ 594562.1875, 2314200.3125 ], [ 594568.75, 2314195.625 ], [ 594591.25, 2314184.375 ], [ 594595.78125, 2314181.40625 ], [ 594601.40625, 2314175.78125 ], [ 594607.1875, 2314166.5625 ], [ 594611.25, 2314163.125 ], [ 594619.6875, 2314160.3125 ], [ 594633.4375, 2314159.0625 ], [ 594640.9375, 2314155.3125 ], [ 594644.375, 2314151.25 ], [ 594657.03125, 2314126.40625 ], [ 594662.1875, 2314120.3125 ], [ 594668.75, 2314115.625 ], [ 594691.25, 2314104.375 ], [ 594699.6875, 2314097.8125 ], [ 594704.375, 2314091.25 ], [ 594715.625, 2314068.75 ], [ 594722.1875, 2314060.3125 ], [ 594728.75, 2314055.625 ], [ 594751.25, 2314044.375 ], [ 594759.6875, 2314037.8125 ], [ 594764.375, 2314031.25 ], [ 594775.625, 2314008.75 ], [ 594778.59375, 2314004.21875 ], [ 594784.21875, 2313998.59375 ], [ 594793.4375, 2313992.8125 ], [ 594796.875, 2313988.75 ], [ 594799.6875, 2313980.3125 ], [ 594800.9375, 2313966.5625 ], [ 594804.6875, 2313959.0625 ], [ 594808.75, 2313955.625 ], [ 594831.25, 2313944.375 ], [ 594836.875, 2313938.75 ], [ 594839.0625, 2313933.4375 ], [ 594840.3125, 2313919.6875 ], [ 594843.125, 2313911.25 ], [ 594846.5625, 2313907.1875 ], [ 594855.78125, 2313901.40625 ], [ 594861.40625, 2313895.78125 ], [ 594864.375, 2313891.25 ], [ 594897.03125, 2313826.40625 ], [ 594904.21875, 2313818.59375 ], [ 594913.4375, 2313812.8125 ], [ 594918.125, 2313806.25 ], [ 594920.0, 2313796.875 ], [ 594920.0, 2313763.125 ], [ 594920.9375, 2313756.5625 ], [ 594924.6875, 2313749.0625 ], [ 594935.3125, 2313740.9375 ], [ 594938.125, 2313736.25 ], [ 594939.6875, 2313730.3125 ], [ 594940.0, 2313663.125 ], [ 594940.9375, 2313656.5625 ], [ 594944.6875, 2313649.0625 ], [ 594953.4375, 2313642.8125 ], [ 594956.875, 2313638.75 ], [ 594959.0625, 2313633.4375 ], [ 594960.0, 2313626.875 ], [ 594959.6875, 2313349.6875 ], [ 594958.125, 2313343.75 ], [ 594955.3125, 2313339.0625 ], [ 594946.5625, 2313332.8125 ], [ 594941.875, 2313326.25 ], [ 594940.3125, 2313320.3125 ], [ 594939.84375, 2313309.53125 ], [ 594938.4375, 2313299.6875 ], [ 594935.625, 2313291.25 ], [ 594924.375, 2313268.75 ], [ 594922.34375, 2313263.28125 ], [ 594920.46875, 2313253.90625 ], [ 594919.6875, 2313239.6875 ], [ 594918.125, 2313233.75 ], [ 594915.3125, 2313229.0625 ], [ 594902.1875, 2313219.6875 ], [ 594895.625, 2313211.25 ], [ 594824.375, 2313068.75 ], [ 594821.40625, 2313064.21875 ], [ 594813.59375, 2313057.03125 ], [ 594788.75, 2313044.375 ], [ 594784.6875, 2313040.9375 ], [ 594780.9375, 2313033.4375 ], [ 594779.6875, 2313019.6875 ], [ 594776.875, 2313011.25 ], [ 594773.4375, 2313007.1875 ], [ 594764.21875, 2313001.40625 ], [ 594758.59375, 2312995.78125 ], [ 594755.625, 2312991.25 ], [ 594744.375, 2312968.75 ], [ 594739.6875, 2312962.1875 ], [ 594731.25, 2312955.625 ], [ 594706.40625, 2312942.96875 ], [ 594698.59375, 2312935.78125 ], [ 594681.40625, 2312904.21875 ], [ 594675.78125, 2312898.59375 ], [ 594666.5625, 2312892.8125 ], [ 594663.125, 2312888.75 ], [ 594660.3125, 2312880.3125 ], [ 594659.0625, 2312866.5625 ], [ 594655.3125, 2312859.0625 ], [ 594651.25, 2312855.625 ], [ 594628.75, 2312844.375 ], [ 594622.1875, 2312839.6875 ], [ 594617.03125, 2312833.59375 ], [ 594604.375, 2312808.75 ], [ 594599.6875, 2312802.1875 ], [ 594593.59375, 2312797.03125 ], [ 594568.75, 2312784.375 ], [ 594564.6875, 2312780.9375 ], [ 594560.9375, 2312773.4375 ], [ 594559.0625, 2312756.5625 ], [ 594555.3125, 2312749.0625 ], [ 594551.25, 2312745.625 ], [ 594544.21875, 2312741.40625 ], [ 594538.59375, 2312735.78125 ], [ 594535.625, 2312731.25 ], [ 594524.375, 2312708.75 ], [ 594517.8125, 2312700.3125 ], [ 594511.25, 2312695.625 ], [ 594486.40625, 2312682.96875 ], [ 594478.59375, 2312675.78125 ], [ 594461.40625, 2312644.21875 ], [ 594455.78125, 2312638.59375 ], [ 594446.5625, 2312632.8125 ], [ 594443.125, 2312628.75 ], [ 594440.3125, 2312620.3125 ], [ 594439.53125, 2312609.84375 ], [ 594438.59375, 2312607.03125 ], [ 594435.3125, 2312602.8125 ], [ 594430.15625, 2312600.46875 ], [ 594419.6875, 2312599.6875 ], [ 594411.25, 2312596.875 ], [ 594407.1875, 2312593.4375 ], [ 594401.40625, 2312584.21875 ], [ 594395.78125, 2312578.59375 ], [ 594364.21875, 2312561.40625 ], [ 594357.03125, 2312553.59375 ], [ 594344.375, 2312528.75 ], [ 594339.6875, 2312522.1875 ], [ 594331.25, 2312515.625 ], [ 594308.75, 2312504.375 ], [ 594304.21875, 2312501.40625 ], [ 594298.59375, 2312495.78125 ], [ 594294.375, 2312488.75 ], [ 594290.9375, 2312484.6875 ], [ 594283.4375, 2312480.9375 ], [ 594266.5625, 2312479.0625 ], [ 594259.0625, 2312475.3125 ], [ 594255.625, 2312471.25 ], [ 594242.96875, 2312446.40625 ], [ 594237.8125, 2312440.3125 ], [ 594231.25, 2312435.625 ], [ 594208.75, 2312424.375 ], [ 594200.3125, 2312417.8125 ], [ 594195.625, 2312411.25 ], [ 594184.375, 2312388.75 ], [ 594177.8125, 2312380.3125 ], [ 594171.25, 2312375.625 ], [ 594148.75, 2312364.375 ], [ 594144.21875, 2312361.40625 ], [ 594138.59375, 2312355.78125 ], [ 594132.8125, 2312346.5625 ], [ 594128.75, 2312343.125 ], [ 594120.3125, 2312340.3125 ], [ 594106.5625, 2312339.0625 ], [ 594099.0625, 2312335.3125 ], [ 594095.625, 2312331.25 ], [ 594082.96875, 2312306.40625 ], [ 594075.78125, 2312298.59375 ], [ 594071.25, 2312295.625 ], [ 594006.40625, 2312262.96875 ], [ 594000.3125, 2312257.8125 ], [ 593992.8125, 2312246.5625 ], [ 593988.75, 2312243.125 ], [ 593983.4375, 2312240.9375 ], [ 593969.6875, 2312239.6875 ], [ 593963.75, 2312238.125 ], [ 593959.0625, 2312235.3125 ], [ 593952.8125, 2312226.5625 ], [ 593948.75, 2312223.125 ], [ 593943.4375, 2312220.9375 ], [ 593929.6875, 2312219.6875 ], [ 593923.75, 2312218.125 ], [ 593919.0625, 2312215.3125 ], [ 593912.8125, 2312206.5625 ], [ 593908.75, 2312203.125 ], [ 593903.4375, 2312200.9375 ], [ 593889.6875, 2312199.6875 ], [ 593881.25, 2312196.875 ], [ 593875.625, 2312191.25 ], [ 593864.375, 2312168.75 ], [ 593860.9375, 2312164.6875 ], [ 593853.4375, 2312160.9375 ], [ 593839.6875, 2312159.6875 ], [ 593831.25, 2312156.875 ], [ 593827.1875, 2312153.4375 ], [ 593822.96875, 2312146.40625 ], [ 593817.8125, 2312140.3125 ], [ 593811.25, 2312135.625 ], [ 593788.75, 2312124.375 ], [ 593784.21875, 2312121.40625 ], [ 593778.59375, 2312115.78125 ], [ 593772.8125, 2312106.5625 ], [ 593768.75, 2312103.125 ], [ 593763.4375, 2312100.9375 ], [ 593749.6875, 2312099.6875 ], [ 593741.25, 2312096.875 ], [ 593735.625, 2312091.25 ], [ 593722.96875, 2312066.40625 ], [ 593715.78125, 2312058.59375 ], [ 593711.25, 2312055.625 ], [ 593646.40625, 2312022.96875 ], [ 593642.1875, 2312019.6875 ], [ 593637.03125, 2312013.59375 ], [ 593622.96875, 2311986.40625 ], [ 593615.78125, 2311978.59375 ], [ 593584.21875, 2311961.40625 ], [ 593578.59375, 2311955.78125 ], [ 593572.8125, 2311946.5625 ], [ 593568.75, 2311943.125 ], [ 593560.3125, 2311940.3125 ], [ 593546.5625, 2311939.0625 ], [ 593541.25, 2311936.875 ], [ 593537.1875, 2311933.4375 ], [ 593521.40625, 2311904.21875 ], [ 593515.78125, 2311898.59375 ], [ 593506.5625, 2311892.8125 ], [ 593503.125, 2311888.75 ], [ 593500.3125, 2311880.3125 ], [ 593499.0625, 2311866.5625 ], [ 593495.3125, 2311859.0625 ], [ 593491.25, 2311855.625 ], [ 593466.40625, 2311842.96875 ], [ 593462.1875, 2311839.6875 ], [ 593457.03125, 2311833.59375 ], [ 593424.375, 2311768.75 ], [ 593421.40625, 2311764.21875 ], [ 593413.59375, 2311757.03125 ], [ 593388.75, 2311744.375 ], [ 593383.125, 2311738.75 ], [ 593380.9375, 2311733.4375 ], [ 593379.6875, 2311719.6875 ], [ 593376.875, 2311711.25 ], [ 593373.4375, 2311707.1875 ], [ 593366.40625, 2311702.96875 ], [ 593360.3125, 2311697.8125 ], [ 593355.625, 2311691.25 ], [ 593344.375, 2311668.75 ], [ 593341.40625, 2311664.21875 ], [ 593335.78125, 2311658.59375 ], [ 593326.5625, 2311652.8125 ], [ 593323.125, 2311648.75 ], [ 593320.3125, 2311640.3125 ], [ 593319.0625, 2311626.5625 ], [ 593315.3125, 2311619.0625 ], [ 593311.25, 2311615.625 ], [ 593288.75, 2311604.375 ], [ 593283.125, 2311598.75 ], [ 593280.9375, 2311593.4375 ], [ 593279.6875, 2311579.6875 ], [ 593278.125, 2311573.75 ], [ 593275.3125, 2311569.0625 ], [ 593262.1875, 2311559.6875 ], [ 593255.625, 2311551.25 ], [ 593244.375, 2311528.75 ], [ 593242.34375, 2311523.28125 ], [ 593240.46875, 2311513.90625 ], [ 593239.6875, 2311499.6875 ], [ 593238.125, 2311493.75 ], [ 593235.3125, 2311489.0625 ], [ 593226.5625, 2311482.8125 ], [ 593223.125, 2311478.75 ], [ 593220.9375, 2311473.4375 ], [ 593219.6875, 2311459.6875 ], [ 593218.125, 2311453.75 ], [ 593215.3125, 2311449.0625 ], [ 593206.5625, 2311442.8125 ], [ 593201.875, 2311436.25 ], [ 593200.0, 2311426.875 ], [ 593200.0, 2311393.125 ], [ 593199.0625, 2311386.5625 ], [ 593195.3125, 2311379.0625 ], [ 593186.5625, 2311372.8125 ], [ 593181.875, 2311366.25 ], [ 593180.3125, 2311360.3125 ], [ 593179.84375, 2311349.53125 ], [ 593178.4375, 2311339.6875 ], [ 593175.625, 2311331.25 ], [ 593164.375, 2311308.75 ], [ 593162.34375, 2311303.28125 ], [ 593160.46875, 2311293.90625 ], [ 593159.6875, 2311279.6875 ], [ 593158.125, 2311273.75 ], [ 593153.4375, 2311267.1875 ], [ 593144.6875, 2311260.9375 ], [ 593141.875, 2311256.25 ], [ 593140.3125, 2311250.3125 ], [ 593139.6875, 2311149.6875 ], [ 593138.125, 2311143.75 ], [ 593135.3125, 2311139.0625 ], [ 593126.5625, 2311132.8125 ], [ 593123.125, 2311128.75 ], [ 593120.9375, 2311123.4375 ], [ 593120.0, 2311116.875 ], [ 593120.3125, 2310989.6875 ], [ 593123.125, 2310981.25 ], [ 593126.5625, 2310977.1875 ], [ 593135.3125, 2310970.9375 ], [ 593139.0625, 2310963.4375 ], [ 593140.0, 2310956.875 ], [ 593140.0, 2310893.125 ], [ 593140.9375, 2310886.5625 ], [ 593144.6875, 2310879.0625 ], [ 593153.4375, 2310872.8125 ], [ 593158.125, 2310866.25 ], [ 593159.6875, 2310860.3125 ], [ 593160.15625, 2310849.53125 ], [ 593161.5625, 2310839.6875 ], [ 593164.375, 2310831.25 ], [ 593175.625, 2310808.75 ], [ 593177.65625, 2310803.28125 ], [ 593179.53125, 2310793.90625 ], [ 593180.3125, 2310779.6875 ], [ 593181.875, 2310773.75 ], [ 593186.5625, 2310767.1875 ], [ 593195.3125, 2310760.9375 ], [ 593199.0625, 2310753.4375 ], [ 593200.0, 2310746.875 ], [ 593200.0, 2310713.125 ], [ 593200.9375, 2310706.5625 ], [ 593204.6875, 2310699.0625 ], [ 593213.4375, 2310692.8125 ], [ 593218.125, 2310686.25 ], [ 593219.6875, 2310680.3125 ], [ 593220.3125, 2310669.6875 ], [ 593223.125, 2310661.25 ], [ 593228.75, 2310655.625 ], [ 593253.59375, 2310642.96875 ], [ 593261.40625, 2310635.78125 ], [ 593278.59375, 2310604.21875 ], [ 593284.21875, 2310598.59375 ], [ 593293.4375, 2310592.8125 ], [ 593296.875, 2310588.75 ], [ 593299.6875, 2310580.3125 ], [ 593300.9375, 2310566.5625 ], [ 593304.6875, 2310559.0625 ], [ 593308.75, 2310555.625 ], [ 593331.25, 2310544.375 ], [ 593335.78125, 2310541.40625 ], [ 593341.40625, 2310535.78125 ], [ 593347.1875, 2310526.5625 ], [ 593351.25, 2310523.125 ], [ 593359.6875, 2310520.3125 ], [ 593373.4375, 2310519.0625 ], [ 593380.9375, 2310515.3125 ], [ 593384.375, 2310511.25 ], [ 593397.03125, 2310486.40625 ], [ 593400.3125, 2310482.1875 ], [ 593406.40625, 2310477.03125 ], [ 593473.59375, 2310442.96875 ], [ 593479.6875, 2310437.8125 ], [ 593487.1875, 2310426.5625 ], [ 593491.25, 2310423.125 ], [ 593496.5625, 2310420.9375 ], [ 593510.3125, 2310419.6875 ], [ 593516.25, 2310418.125 ], [ 593520.9375, 2310415.3125 ], [ 593527.1875, 2310406.5625 ], [ 593531.25, 2310403.125 ], [ 593536.5625, 2310400.9375 ], [ 593550.3125, 2310399.6875 ], [ 593556.25, 2310398.125 ], [ 593560.9375, 2310395.3125 ], [ 593567.1875, 2310386.5625 ], [ 593571.25, 2310383.125 ], [ 593576.5625, 2310380.9375 ], [ 593590.3125, 2310379.6875 ], [ 593596.25, 2310378.125 ], [ 593600.9375, 2310375.3125 ], [ 593607.1875, 2310366.5625 ], [ 593611.25, 2310363.125 ], [ 593616.5625, 2310360.9375 ], [ 593630.3125, 2310359.6875 ], [ 593636.25, 2310358.125 ], [ 593640.9375, 2310355.3125 ], [ 593647.1875, 2310346.5625 ], [ 593651.25, 2310343.125 ], [ 593656.5625, 2310340.9375 ], [ 593670.3125, 2310339.6875 ], [ 593676.25, 2310338.125 ], [ 593680.9375, 2310335.3125 ], [ 593687.1875, 2310326.5625 ], [ 593691.25, 2310323.125 ], [ 593696.5625, 2310320.9375 ], [ 593710.3125, 2310319.6875 ], [ 593716.25, 2310318.125 ], [ 593720.9375, 2310315.3125 ], [ 593727.1875, 2310306.5625 ], [ 593731.25, 2310303.125 ], [ 593736.5625, 2310300.9375 ], [ 593750.3125, 2310299.6875 ], [ 593756.25, 2310298.125 ], [ 593760.9375, 2310295.3125 ], [ 593767.1875, 2310286.5625 ], [ 593771.25, 2310283.125 ], [ 593776.5625, 2310280.9375 ], [ 593790.3125, 2310279.6875 ], [ 593796.25, 2310278.125 ], [ 593800.9375, 2310275.3125 ], [ 593807.1875, 2310266.5625 ], [ 593811.25, 2310263.125 ], [ 593816.5625, 2310260.9375 ], [ 593830.3125, 2310259.6875 ], [ 593836.25, 2310258.125 ], [ 593840.9375, 2310255.3125 ], [ 593847.1875, 2310246.5625 ], [ 593851.25, 2310243.125 ], [ 593856.5625, 2310240.9375 ], [ 593870.3125, 2310239.6875 ], [ 593876.25, 2310238.125 ], [ 593880.9375, 2310235.3125 ], [ 593887.1875, 2310226.5625 ], [ 593891.25, 2310223.125 ], [ 593899.6875, 2310220.3125 ], [ 593913.4375, 2310219.0625 ], [ 593918.75, 2310216.875 ], [ 593922.8125, 2310213.4375 ], [ 593935.625, 2310188.75 ], [ 593936.71875, 2310184.21875 ], [ 593934.84375, 2310178.59375 ], [ 593931.25, 2310175.625 ], [ 593908.75, 2310164.375 ], [ 593902.1875, 2310159.6875 ], [ 593897.03125, 2310153.59375 ], [ 593884.375, 2310128.75 ], [ 593879.6875, 2310122.1875 ], [ 593873.59375, 2310117.03125 ], [ 593848.75, 2310104.375 ], [ 593844.6875, 2310100.9375 ], [ 593840.9375, 2310093.4375 ], [ 593839.6875, 2310079.6875 ], [ 593836.875, 2310071.25 ], [ 593833.4375, 2310067.1875 ], [ 593826.40625, 2310062.96875 ], [ 593820.3125, 2310057.8125 ], [ 593810.9375, 2310044.6875 ], [ 593803.4375, 2310040.9375 ], [ 593796.875, 2310040.0 ], [ 593729.6875, 2310039.6875 ], [ 593723.75, 2310038.125 ], [ 593719.0625, 2310035.3125 ], [ 593713.125, 2310026.875 ], [ 593711.875, 2310025.625 ], [ 593709.375, 2310025.0 ], [ 593706.875, 2310026.875 ], [ 593701.40625, 2310035.78125 ], [ 593695.78125, 2310041.40625 ], [ 593691.25, 2310044.375 ], [ 593668.75, 2310055.625 ], [ 593662.1875, 2310060.3125 ], [ 593658.59375, 2310064.21875 ], [ 593652.8125, 2310073.4375 ], [ 593648.75, 2310076.875 ], [ 593643.4375, 2310079.0625 ], [ 593629.6875, 2310080.3125 ], [ 593623.75, 2310081.875 ], [ 593619.0625, 2310084.6875 ], [ 593612.8125, 2310093.4375 ], [ 593608.75, 2310096.875 ], [ 593600.3125, 2310099.6875 ], [ 593586.5625, 2310100.9375 ], [ 593579.0625, 2310104.6875 ], [ 593575.625, 2310108.75 ], [ 593564.375, 2310131.25 ], [ 593558.75, 2310136.875 ], [ 593553.4375, 2310139.0625 ], [ 593539.6875, 2310140.3125 ], [ 593533.75, 2310141.875 ], [ 593529.0625, 2310144.6875 ], [ 593522.8125, 2310153.4375 ], [ 593518.75, 2310156.875 ], [ 593513.4375, 2310159.0625 ], [ 593499.6875, 2310160.3125 ], [ 593493.75, 2310161.875 ], [ 593489.0625, 2310164.6875 ], [ 593482.8125, 2310173.4375 ], [ 593478.75, 2310176.875 ], [ 593473.4375, 2310179.0625 ], [ 593459.6875, 2310180.3125 ], [ 593453.75, 2310181.875 ], [ 593449.0625, 2310184.6875 ], [ 593442.8125, 2310193.4375 ], [ 593438.75, 2310196.875 ], [ 593433.4375, 2310199.0625 ], [ 593419.6875, 2310200.3125 ], [ 593411.25, 2310203.125 ], [ 593407.1875, 2310206.5625 ], [ 593401.40625, 2310215.78125 ], [ 593395.78125, 2310221.40625 ], [ 593391.25, 2310224.375 ], [ 593326.40625, 2310257.03125 ], [ 593320.3125, 2310262.1875 ], [ 593312.8125, 2310273.4375 ], [ 593308.75, 2310276.875 ], [ 593303.4375, 2310279.0625 ], [ 593289.6875, 2310280.3125 ], [ 593281.25, 2310283.125 ], [ 593275.625, 2310288.75 ], [ 593262.96875, 2310313.59375 ], [ 593259.6875, 2310317.8125 ], [ 593253.59375, 2310322.96875 ], [ 593186.09375, 2310356.71875 ], [ 593173.90625, 2310359.53125 ], [ 593159.6875, 2310360.3125 ], [ 593151.25, 2310363.125 ], [ 593147.1875, 2310366.5625 ], [ 593139.6875, 2310377.8125 ], [ 593135.78125, 2310381.40625 ], [ 593126.5625, 2310387.1875 ], [ 593123.125, 2310391.25 ], [ 593120.9375, 2310396.5625 ], [ 593119.6875, 2310410.3125 ], [ 593118.125, 2310416.25 ], [ 593115.3125, 2310420.9375 ], [ 593106.5625, 2310427.1875 ], [ 593103.125, 2310431.25 ], [ 593100.3125, 2310439.6875 ], [ 593099.0625, 2310453.4375 ], [ 593095.3125, 2310460.9375 ], [ 593091.25, 2310464.375 ], [ 593066.40625, 2310477.03125 ], [ 593060.3125, 2310482.1875 ], [ 593055.625, 2310488.75 ], [ 593044.375, 2310511.25 ], [ 593037.8125, 2310519.6875 ], [ 593031.25, 2310524.375 ], [ 593008.75, 2310535.625 ], [ 593000.3125, 2310542.1875 ], [ 592995.625, 2310548.75 ], [ 592984.375, 2310571.25 ], [ 592977.8125, 2310579.6875 ], [ 592971.25, 2310584.375 ], [ 592948.75, 2310595.625 ], [ 592940.3125, 2310602.1875 ], [ 592935.625, 2310608.75 ], [ 592864.375, 2310751.25 ], [ 592860.9375, 2310762.8125 ], [ 592859.6875, 2310780.3125 ], [ 592858.125, 2310786.25 ], [ 592855.3125, 2310790.9375 ], [ 592846.5625, 2310797.1875 ], [ 592841.875, 2310803.75 ], [ 592840.0, 2310813.125 ], [ 592839.6875, 2310880.3125 ], [ 592836.875, 2310888.75 ], [ 592833.4375, 2310892.8125 ], [ 592824.6875, 2310899.0625 ], [ 592820.9375, 2310906.5625 ], [ 592820.0, 2310913.125 ], [ 592819.84375, 2310950.46875 ], [ 592817.65625, 2310963.28125 ], [ 592815.625, 2310968.75 ], [ 592764.375, 2311071.25 ], [ 592762.34375, 2311076.71875 ], [ 592760.9375, 2311082.8125 ], [ 592760.0, 2311093.125 ], [ 592760.0, 2311246.875 ], [ 592760.9375, 2311257.1875 ], [ 592763.28125, 2311266.09375 ], [ 592775.625, 2311291.25 ], [ 592778.4375, 2311299.6875 ], [ 592780.0, 2311313.125 ], [ 592780.0, 2311346.875 ], [ 592781.875, 2311356.25 ], [ 592784.6875, 2311360.9375 ], [ 592793.4375, 2311367.1875 ], [ 592796.875, 2311371.25 ], [ 592799.0625, 2311376.5625 ], [ 592800.3125, 2311390.3125 ], [ 592801.875, 2311396.25 ], [ 592804.6875, 2311400.9375 ], [ 592813.4375, 2311407.1875 ], [ 592816.875, 2311411.25 ], [ 592819.0625, 2311416.5625 ], [ 592820.3125, 2311430.3125 ], [ 592823.125, 2311438.75 ], [ 592828.75, 2311444.375 ], [ 592853.59375, 2311457.03125 ], [ 592861.40625, 2311464.21875 ], [ 592864.375, 2311468.75 ], [ 592895.625, 2311531.25 ], [ 592900.3125, 2311537.8125 ], [ 592908.75, 2311544.375 ], [ 592933.59375, 2311557.03125 ], [ 592937.8125, 2311560.3125 ], [ 592942.96875, 2311566.40625 ], [ 593015.625, 2311711.25 ], [ 593018.59375, 2311715.78125 ], [ 593026.40625, 2311722.96875 ], [ 593051.25, 2311735.625 ], [ 593059.6875, 2311742.1875 ], [ 593064.375, 2311748.75 ], [ 593075.625, 2311771.25 ], [ 593082.1875, 2311779.6875 ], [ 593088.75, 2311784.375 ], [ 593111.25, 2311795.625 ], [ 593119.6875, 2311802.1875 ], [ 593124.375, 2311808.75 ], [ 593135.625, 2311831.25 ], [ 593142.1875, 2311839.6875 ], [ 593148.75, 2311844.375 ], [ 593171.25, 2311855.625 ], [ 593179.6875, 2311862.1875 ], [ 593184.375, 2311868.75 ], [ 593195.625, 2311891.25 ], [ 593202.1875, 2311899.6875 ], [ 593208.75, 2311904.375 ], [ 593231.25, 2311915.625 ], [ 593239.6875, 2311922.1875 ], [ 593244.375, 2311928.75 ], [ 593255.625, 2311951.25 ], [ 593262.1875, 2311959.6875 ], [ 593268.75, 2311964.375 ], [ 593291.25, 2311975.625 ], [ 593299.6875, 2311982.1875 ], [ 593304.375, 2311988.75 ], [ 593315.625, 2312011.25 ], [ 593322.1875, 2312019.6875 ], [ 593328.75, 2312024.375 ], [ 593351.25, 2312035.625 ], [ 593359.6875, 2312042.1875 ], [ 593364.375, 2312048.75 ], [ 593375.625, 2312071.25 ], [ 593382.1875, 2312079.6875 ], [ 593388.75, 2312084.375 ], [ 593411.25, 2312095.625 ], [ 593419.6875, 2312102.1875 ], [ 593424.375, 2312108.75 ], [ 593455.625, 2312171.25 ], [ 593462.1875, 2312179.6875 ], [ 593468.75, 2312184.375 ], [ 593491.25, 2312195.625 ], [ 593495.78125, 2312198.59375 ], [ 593501.40625, 2312204.21875 ], [ 593507.1875, 2312213.4375 ], [ 593511.25, 2312216.875 ], [ 593519.6875, 2312219.6875 ], [ 593533.90625, 2312220.46875 ], [ 593543.28125, 2312222.34375 ], [ 593548.75, 2312224.375 ], [ 593573.59375, 2312237.03125 ], [ 593577.8125, 2312240.3125 ], [ 593582.96875, 2312246.40625 ], [ 593595.625, 2312271.25 ], [ 593602.1875, 2312279.6875 ], [ 593608.75, 2312284.375 ], [ 593631.25, 2312295.625 ], [ 593639.6875, 2312302.1875 ], [ 593644.375, 2312308.75 ], [ 593655.625, 2312331.25 ], [ 593659.0625, 2312335.3125 ], [ 593663.75, 2312338.125 ], [ 593669.6875, 2312339.6875 ], [ 593706.875, 2312340.0 ], [ 593713.4375, 2312340.9375 ], [ 593718.75, 2312343.125 ], [ 593724.375, 2312348.75 ], [ 593737.03125, 2312373.59375 ], [ 593744.21875, 2312381.40625 ], [ 593775.78125, 2312398.59375 ], [ 593781.40625, 2312404.21875 ], [ 593787.1875, 2312413.4375 ], [ 593791.25, 2312416.875 ], [ 593799.6875, 2312419.6875 ], [ 593813.4375, 2312420.9375 ], [ 593820.9375, 2312424.6875 ], [ 593824.375, 2312428.75 ], [ 593837.03125, 2312453.59375 ], [ 593844.21875, 2312461.40625 ], [ 593848.75, 2312464.375 ], [ 593993.59375, 2312537.03125 ], [ 593997.8125, 2312540.3125 ], [ 594002.96875, 2312546.40625 ], [ 594015.625, 2312571.25 ], [ 594021.25, 2312576.875 ], [ 594029.6875, 2312579.6875 ], [ 594066.875, 2312580.0 ], [ 594076.25, 2312581.875 ], [ 594082.8125, 2312586.5625 ], [ 594095.625, 2312611.25 ], [ 594101.25, 2312616.875 ], [ 594109.6875, 2312619.6875 ], [ 594146.875, 2312620.0 ], [ 594156.25, 2312621.875 ], [ 594160.9375, 2312624.6875 ], [ 594167.1875, 2312633.4375 ], [ 594171.25, 2312636.875 ], [ 594176.5625, 2312639.0625 ], [ 594190.3125, 2312640.3125 ], [ 594196.25, 2312641.875 ], [ 594200.9375, 2312644.6875 ], [ 594207.1875, 2312653.4375 ], [ 594211.25, 2312656.875 ], [ 594216.5625, 2312659.0625 ], [ 594230.3125, 2312660.3125 ], [ 594238.75, 2312663.125 ], [ 594244.375, 2312668.75 ], [ 594255.625, 2312691.25 ], [ 594261.25, 2312696.875 ], [ 594266.5625, 2312699.0625 ], [ 594280.3125, 2312700.3125 ], [ 594286.25, 2312701.875 ], [ 594290.9375, 2312704.6875 ], [ 594297.1875, 2312713.4375 ], [ 594301.25, 2312716.875 ], [ 594306.5625, 2312719.0625 ], [ 594320.3125, 2312720.3125 ], [ 594326.25, 2312721.875 ], [ 594330.9375, 2312724.6875 ], [ 594337.1875, 2312733.4375 ], [ 594341.25, 2312736.875 ], [ 594346.5625, 2312739.0625 ], [ 594360.3125, 2312740.3125 ], [ 594368.75, 2312743.125 ], [ 594372.8125, 2312746.5625 ], [ 594377.03125, 2312753.59375 ], [ 594382.1875, 2312759.6875 ], [ 594388.75, 2312764.375 ], [ 594411.25, 2312775.625 ], [ 594415.78125, 2312778.59375 ], [ 594421.40625, 2312784.21875 ], [ 594427.1875, 2312793.4375 ], [ 594431.25, 2312796.875 ], [ 594436.5625, 2312799.0625 ], [ 594450.3125, 2312800.3125 ], [ 594456.25, 2312801.875 ], [ 594460.9375, 2312804.6875 ], [ 594467.1875, 2312813.4375 ], [ 594471.25, 2312816.875 ], [ 594476.5625, 2312819.0625 ], [ 594490.3125, 2312820.3125 ], [ 594498.75, 2312823.125 ], [ 594504.375, 2312828.75 ], [ 594515.625, 2312851.25 ], [ 594520.3125, 2312857.8125 ], [ 594528.75, 2312864.375 ], [ 594551.25, 2312875.625 ], [ 594556.875, 2312881.25 ], [ 594559.0625, 2312886.5625 ], [ 594560.3125, 2312900.3125 ], [ 594563.125, 2312908.75 ], [ 594566.5625, 2312912.8125 ], [ 594573.59375, 2312917.03125 ], [ 594579.6875, 2312922.1875 ], [ 594584.375, 2312928.75 ], [ 594595.625, 2312951.25 ], [ 594598.59375, 2312955.78125 ], [ 594604.21875, 2312961.40625 ], [ 594613.4375, 2312967.1875 ], [ 594616.875, 2312971.25 ], [ 594619.6875, 2312979.6875 ], [ 594620.9375, 2312993.4375 ], [ 594624.6875, 2313000.9375 ], [ 594628.75, 2313004.375 ], [ 594651.25, 2313015.625 ], [ 594656.875, 2313021.25 ], [ 594659.0625, 2313026.5625 ], [ 594660.0, 2313033.125 ], [ 594660.0, 2313216.875 ], [ 594659.0625, 2313223.4375 ], [ 594656.875, 2313228.75 ], [ 594653.4375, 2313232.8125 ], [ 594644.6875, 2313239.0625 ], [ 594640.9375, 2313246.5625 ], [ 594640.0, 2313253.125 ], [ 594640.0, 2313286.875 ], [ 594640.9375, 2313293.4375 ], [ 594643.125, 2313298.75 ], [ 594646.5625, 2313302.8125 ], [ 594653.4375, 2313307.1875 ], [ 594658.125, 2313313.75 ], [ 594660.0, 2313323.125 ], [ 594659.0625, 2313333.4375 ], [ 594655.3125, 2313340.9375 ], [ 594646.5625, 2313347.1875 ], [ 594641.875, 2313353.75 ], [ 594640.3125, 2313359.6875 ], [ 594639.84375, 2313370.46875 ], [ 594638.4375, 2313380.3125 ], [ 594635.625, 2313388.75 ], [ 594624.375, 2313411.25 ], [ 594622.34375, 2313416.71875 ], [ 594620.46875, 2313426.09375 ], [ 594619.6875, 2313440.3125 ], [ 594618.125, 2313446.25 ], [ 594615.3125, 2313450.9375 ], [ 594606.5625, 2313457.1875 ], [ 594603.125, 2313461.25 ], [ 594600.9375, 2313466.5625 ], [ 594599.6875, 2313480.3125 ], [ 594598.125, 2313486.25 ], [ 594595.3125, 2313490.9375 ], [ 594586.5625, 2313497.1875 ], [ 594583.125, 2313501.25 ], [ 594580.9375, 2313506.5625 ], [ 594579.6875, 2313520.3125 ], [ 594578.125, 2313526.25 ], [ 594575.3125, 2313530.9375 ], [ 594566.5625, 2313537.1875 ], [ 594563.125, 2313541.25 ], [ 594560.9375, 2313546.5625 ], [ 594559.6875, 2313560.3125 ], [ 594558.125, 2313566.25 ], [ 594555.3125, 2313570.9375 ], [ 594546.5625, 2313577.1875 ], [ 594543.125, 2313581.25 ], [ 594540.9375, 2313586.5625 ], [ 594539.6875, 2313600.3125 ], [ 594538.125, 2313606.25 ], [ 594535.3125, 2313610.9375 ], [ 594526.5625, 2313617.1875 ], [ 594523.125, 2313621.25 ], [ 594520.9375, 2313626.5625 ], [ 594519.6875, 2313640.3125 ], [ 594518.125, 2313646.25 ], [ 594515.3125, 2313650.9375 ], [ 594506.5625, 2313657.1875 ], [ 594501.875, 2313663.75 ], [ 594500.0, 2313673.125 ], [ 594500.0, 2313706.875 ], [ 594499.0625, 2313713.4375 ], [ 594496.875, 2313718.75 ], [ 594491.25, 2313724.375 ], [ 594468.75, 2313735.625 ], [ 594460.3125, 2313742.1875 ], [ 594455.625, 2313748.75 ], [ 594442.96875, 2313773.59375 ], [ 594435.78125, 2313781.40625 ], [ 594404.21875, 2313798.59375 ], [ 594398.59375, 2313804.21875 ], [ 594392.8125, 2313813.4375 ], [ 594388.75, 2313816.875 ], [ 594380.3125, 2313819.6875 ], [ 594366.5625, 2313820.9375 ], [ 594359.0625, 2313824.6875 ], [ 594355.625, 2313828.75 ], [ 594342.96875, 2313853.59375 ], [ 594337.8125, 2313859.6875 ], [ 594331.25, 2313864.375 ], [ 594308.75, 2313875.625 ], [ 594300.3125, 2313882.1875 ], [ 594295.625, 2313888.75 ], [ 594284.375, 2313911.25 ], [ 594277.8125, 2313919.6875 ], [ 594271.25, 2313924.375 ], [ 594248.75, 2313935.625 ], [ 594240.3125, 2313942.1875 ], [ 594235.625, 2313948.75 ], [ 594224.375, 2313971.25 ], [ 594217.8125, 2313979.6875 ], [ 594211.25, 2313984.375 ], [ 594188.75, 2313995.625 ], [ 594180.3125, 2314002.1875 ], [ 594175.625, 2314008.75 ], [ 594164.375, 2314031.25 ], [ 594157.8125, 2314039.6875 ], [ 594151.25, 2314044.375 ], [ 594048.75, 2314095.625 ], [ 594040.3125, 2314102.1875 ], [ 594032.8125, 2314113.4375 ], [ 594028.75, 2314116.875 ], [ 594023.4375, 2314119.0625 ], [ 594002.8125, 2314120.9375 ], [ 593991.25, 2314124.375 ], [ 593968.75, 2314135.625 ], [ 593964.21875, 2314138.59375 ], [ 593958.59375, 2314144.21875 ], [ 593952.8125, 2314153.4375 ], [ 593946.25, 2314158.125 ], [ 593940.3125, 2314159.6875 ], [ 593926.09375, 2314160.46875 ], [ 593916.71875, 2314162.34375 ], [ 593911.25, 2314164.375 ], [ 593846.09375, 2314196.71875 ], [ 593837.1875, 2314199.0625 ], [ 593819.6875, 2314200.3125 ], [ 593813.75, 2314201.875 ], [ 593809.0625, 2314204.6875 ], [ 593802.8125, 2314213.4375 ], [ 593798.75, 2314216.875 ], [ 593793.4375, 2314219.0625 ], [ 593779.6875, 2314220.3125 ], [ 593773.75, 2314221.875 ], [ 593769.0625, 2314224.6875 ], [ 593762.8125, 2314233.4375 ], [ 593756.25, 2314238.125 ], [ 593746.875, 2314240.0 ], [ 593679.6875, 2314240.3125 ], [ 593671.25, 2314243.125 ], [ 593667.1875, 2314246.5625 ], [ 593660.9375, 2314255.3125 ], [ 593653.4375, 2314259.0625 ], [ 593646.875, 2314260.0 ], [ 593613.125, 2314260.0 ], [ 593606.5625, 2314260.9375 ], [ 593599.0625, 2314264.6875 ], [ 593592.8125, 2314273.4375 ], [ 593586.25, 2314278.125 ], [ 593580.3125, 2314279.6875 ], [ 593569.6875, 2314280.3125 ], [ 593561.25, 2314283.125 ], [ 593557.1875, 2314286.5625 ], [ 593552.8125, 2314293.4375 ], [ 593546.25, 2314298.125 ], [ 593540.3125, 2314299.6875 ], [ 593529.6875, 2314300.3125 ], [ 593521.25, 2314303.125 ], [ 593517.1875, 2314306.5625 ], [ 593512.8125, 2314313.4375 ], [ 593506.25, 2314318.125 ], [ 593500.3125, 2314319.6875 ], [ 593489.6875, 2314320.3125 ], [ 593481.25, 2314323.125 ], [ 593477.1875, 2314326.5625 ], [ 593472.8125, 2314333.4375 ], [ 593466.25, 2314338.125 ], [ 593456.875, 2314340.0 ], [ 593393.125, 2314340.0 ], [ 593379.6875, 2314341.5625 ], [ 593371.25, 2314344.375 ], [ 593308.75, 2314375.625 ], [ 593300.3125, 2314378.4375 ], [ 593286.875, 2314380.0 ], [ 593186.09375, 2314379.53125 ], [ 593173.90625, 2314376.71875 ], [ 593143.28125, 2314362.34375 ], [ 593137.1875, 2314360.9375 ], [ 593126.875, 2314360.0 ], [ 592763.125, 2314360.0 ], [ 592756.5625, 2314360.9375 ], [ 592751.25, 2314363.125 ], [ 592747.1875, 2314366.5625 ], [ 592742.8125, 2314373.4375 ], [ 592736.25, 2314378.125 ], [ 592726.875, 2314380.0 ], [ 592689.53125, 2314380.15625 ], [ 592676.71875, 2314382.34375 ], [ 592671.25, 2314384.375 ], [ 592608.75, 2314415.625 ], [ 592600.3125, 2314418.4375 ], [ 592586.875, 2314420.0 ], [ 592579.6875, 2314419.6875 ], [ 592573.75, 2314418.125 ], [ 592569.0625, 2314415.3125 ], [ 592562.8125, 2314406.5625 ], [ 592558.75, 2314403.125 ], [ 592553.4375, 2314400.9375 ], [ 592546.875, 2314400.0 ], [ 592333.125, 2314400.0 ], [ 592326.5625, 2314399.0625 ], [ 592321.25, 2314396.875 ], [ 592317.1875, 2314393.4375 ], [ 592312.8125, 2314386.5625 ], [ 592308.75, 2314383.125 ], [ 592303.4375, 2314380.9375 ], [ 592296.875, 2314380.0 ], [ 592109.53125, 2314380.15625 ], [ 592102.8125, 2314380.9375 ], [ 592093.90625, 2314383.28125 ], [ 592063.28125, 2314397.65625 ], [ 592053.90625, 2314399.53125 ], [ 592039.6875, 2314400.3125 ], [ 592033.75, 2314401.875 ], [ 592027.1875, 2314406.5625 ], [ 592020.9375, 2314415.3125 ], [ 592013.4375, 2314419.0625 ], [ 592006.875, 2314420.0 ], [ 591939.6875, 2314420.3125 ], [ 591933.75, 2314421.875 ], [ 591929.0625, 2314424.6875 ], [ 591922.8125, 2314433.4375 ], [ 591918.75, 2314436.875 ], [ 591913.4375, 2314439.0625 ], [ 591906.875, 2314440.0 ], [ 591779.6875, 2314439.6875 ], [ 591773.75, 2314438.125 ], [ 591769.0625, 2314435.3125 ], [ 591765.625, 2314431.25 ], [ 591761.40625, 2314424.21875 ], [ 591753.59375, 2314417.03125 ], [ 591728.75, 2314404.375 ], [ 591720.3125, 2314401.5625 ], [ 591706.875, 2314400.0 ], [ 591613.125, 2314400.0 ], [ 591603.75, 2314401.875 ], [ 591599.0625, 2314404.6875 ], [ 591592.8125, 2314413.4375 ], [ 591588.75, 2314416.875 ], [ 591580.3125, 2314419.6875 ], [ 591566.5625, 2314420.9375 ], [ 591559.0625, 2314424.6875 ], [ 591555.625, 2314428.75 ], [ 591544.375, 2314451.25 ], [ 591538.75, 2314456.875 ], [ 591533.4375, 2314459.0625 ], [ 591519.6875, 2314460.3125 ], [ 591511.25, 2314463.125 ], [ 591507.1875, 2314466.5625 ], [ 591501.40625, 2314475.78125 ], [ 591495.78125, 2314481.40625 ], [ 591491.25, 2314484.375 ], [ 591468.75, 2314495.625 ], [ 591460.3125, 2314502.1875 ], [ 591455.625, 2314508.75 ], [ 591444.375, 2314531.25 ], [ 591441.40625, 2314535.78125 ], [ 591435.78125, 2314541.40625 ], [ 591426.5625, 2314547.1875 ], [ 591423.125, 2314551.25 ], [ 591420.3125, 2314559.6875 ], [ 591419.0625, 2314573.4375 ], [ 591415.3125, 2314580.9375 ], [ 591411.25, 2314584.375 ], [ 591388.75, 2314595.625 ], [ 591382.1875, 2314600.3125 ], [ 591375.625, 2314608.75 ], [ 591364.375, 2314631.25 ], [ 591361.40625, 2314635.78125 ], [ 591355.78125, 2314641.40625 ], [ 591346.5625, 2314647.1875 ], [ 591343.125, 2314651.25 ], [ 591340.9375, 2314656.5625 ], [ 591339.6875, 2314670.3125 ], [ 591338.125, 2314676.25 ], [ 591335.3125, 2314680.9375 ], [ 591326.5625, 2314687.1875 ], [ 591323.125, 2314691.25 ], [ 591320.3125, 2314699.6875 ], [ 591319.0625, 2314713.4375 ], [ 591315.3125, 2314720.9375 ], [ 591311.25, 2314724.375 ], [ 591288.75, 2314735.625 ], [ 591284.6875, 2314739.0625 ], [ 591281.875, 2314743.75 ], [ 591280.0, 2314753.125 ], [ 591279.53125, 2314853.90625 ], [ 591276.71875, 2314866.09375 ], [ 591263.28125, 2314893.90625 ], [ 591261.5625, 2314899.6875 ], [ 591260.15625, 2314909.53125 ], [ 591260.0, 2315126.875 ], [ 591260.9375, 2315137.1875 ], [ 591264.375, 2315148.75 ], [ 591295.625, 2315211.25 ], [ 591302.1875, 2315219.6875 ], [ 591315.3125, 2315229.0625 ], [ 591319.0625, 2315236.5625 ], [ 591320.0, 2315243.125 ], [ 591320.0, 2315306.875 ], [ 591320.9375, 2315317.1875 ], [ 591324.375, 2315328.75 ], [ 591335.625, 2315351.25 ], [ 591337.65625, 2315356.71875 ], [ 591339.53125, 2315366.09375 ], [ 591340.3125, 2315380.3125 ], [ 591341.875, 2315386.25 ], [ 591344.6875, 2315390.9375 ], [ 591353.4375, 2315397.1875 ], [ 591356.875, 2315401.25 ], [ 591359.0625, 2315406.5625 ], [ 591360.3125, 2315420.3125 ], [ 591363.125, 2315428.75 ], [ 591366.5625, 2315432.8125 ], [ 591375.78125, 2315438.59375 ], [ 591381.40625, 2315444.21875 ], [ 591398.59375, 2315475.78125 ], [ 591404.21875, 2315481.40625 ], [ 591411.25, 2315485.625 ], [ 591415.3125, 2315489.0625 ], [ 591419.0625, 2315496.5625 ], [ 591420.0, 2315503.125 ], [ 591420.0, 2315686.875 ], [ 591420.9375, 2315697.1875 ], [ 591424.375, 2315708.75 ], [ 591495.625, 2315851.25 ], [ 591498.59375, 2315855.78125 ], [ 591506.40625, 2315862.96875 ], [ 591531.25, 2315875.625 ], [ 591535.3125, 2315879.0625 ], [ 591539.0625, 2315886.5625 ], [ 591540.3125, 2315900.3125 ], [ 591543.125, 2315908.75 ], [ 591546.5625, 2315912.8125 ], [ 591555.78125, 2315918.59375 ], [ 591561.40625, 2315924.21875 ], [ 591564.375, 2315928.75 ], [ 591575.625, 2315951.25 ], [ 591580.3125, 2315957.8125 ], [ 591588.75, 2315964.375 ], [ 591613.59375, 2315977.03125 ], [ 591617.8125, 2315980.3125 ], [ 591622.96875, 2315986.40625 ], [ 591675.625, 2316091.25 ], [ 591678.4375, 2316099.6875 ], [ 591679.53125, 2316106.09375 ], [ 591680.3125, 2316120.3125 ], [ 591683.125, 2316128.75 ], [ 591686.5625, 2316132.8125 ], [ 591693.59375, 2316137.03125 ], [ 591699.6875, 2316142.1875 ], [ 591704.375, 2316148.75 ], [ 591715.625, 2316171.25 ], [ 591718.59375, 2316175.78125 ], [ 591724.21875, 2316181.40625 ], [ 591733.4375, 2316187.1875 ], [ 591736.875, 2316191.25 ], [ 591739.0625, 2316196.5625 ], [ 591740.3125, 2316210.3125 ], [ 591741.875, 2316216.25 ], [ 591744.6875, 2316220.9375 ], [ 591753.4375, 2316227.1875 ], [ 591756.875, 2316231.25 ], [ 591759.0625, 2316236.5625 ], [ 591760.3125, 2316250.3125 ], [ 591761.875, 2316256.25 ], [ 591764.6875, 2316260.9375 ], [ 591773.4375, 2316267.1875 ], [ 591776.875, 2316271.25 ], [ 591779.0625, 2316276.5625 ], [ 591780.3125, 2316290.3125 ], [ 591783.125, 2316298.75 ], [ 591788.75, 2316304.375 ], [ 591811.25, 2316315.625 ], [ 591815.3125, 2316319.0625 ], [ 591819.0625, 2316326.5625 ], [ 591820.3125, 2316340.3125 ], [ 591823.125, 2316348.75 ], [ 591826.5625, 2316352.8125 ], [ 591837.8125, 2316360.3125 ], [ 591844.375, 2316368.75 ], [ 591895.625, 2316471.25 ], [ 591899.0625, 2316482.8125 ], [ 591900.0, 2316496.875 ], [ 591898.125, 2316506.25 ], [ 591893.4375, 2316512.8125 ], [ 591884.6875, 2316519.0625 ], [ 591881.875, 2316523.75 ], [ 591880.3125, 2316529.6875 ], [ 591880.0, 2316566.875 ], [ 591880.9375, 2316573.4375 ], [ 591883.125, 2316578.75 ], [ 591888.75, 2316584.375 ], [ 591951.25, 2316615.625 ], [ 591955.78125, 2316618.59375 ], [ 591962.96875, 2316626.40625 ], [ 591975.625, 2316651.25 ], [ 591980.3125, 2316657.8125 ], [ 591986.40625, 2316662.96875 ], [ 592011.25, 2316675.625 ], [ 592015.3125, 2316679.0625 ], [ 592019.0625, 2316686.5625 ], [ 592020.3125, 2316700.3125 ], [ 592021.875, 2316706.25 ], [ 592024.6875, 2316710.9375 ], [ 592033.4375, 2316717.1875 ], [ 592036.875, 2316721.25 ], [ 592039.0625, 2316726.5625 ], [ 592040.3125, 2316740.3125 ], [ 592041.875, 2316746.25 ], [ 592044.6875, 2316750.9375 ], [ 592053.4375, 2316757.1875 ], [ 592056.875, 2316761.25 ], [ 592059.6875, 2316769.6875 ], [ 592060.9375, 2316783.4375 ], [ 592064.6875, 2316790.9375 ], [ 592077.8125, 2316800.3125 ], [ 592081.40625, 2316804.21875 ], [ 592087.1875, 2316813.4375 ], [ 592091.25, 2316816.875 ], [ 592099.6875, 2316819.6875 ], [ 592113.4375, 2316820.9375 ], [ 592120.9375, 2316824.6875 ], [ 592124.375, 2316828.75 ], [ 592135.625, 2316851.25 ], [ 592140.3125, 2316857.8125 ], [ 592146.40625, 2316862.96875 ], [ 592171.25, 2316875.625 ], [ 592177.8125, 2316880.3125 ], [ 592182.96875, 2316886.40625 ], [ 592195.625, 2316911.25 ], [ 592200.3125, 2316917.8125 ], [ 592208.75, 2316924.375 ], [ 592231.25, 2316935.625 ], [ 592236.875, 2316941.25 ], [ 592239.6875, 2316949.6875 ], [ 592240.15625, 2316990.46875 ], [ 592240.9375, 2316997.1875 ], [ 592243.28125, 2317006.09375 ], [ 592255.625, 2317031.25 ], [ 592258.59375, 2317035.78125 ], [ 592264.21875, 2317041.40625 ], [ 592273.4375, 2317047.1875 ], [ 592276.875, 2317051.25 ], [ 592279.0625, 2317056.5625 ], [ 592280.3125, 2317070.3125 ], [ 592281.875, 2317076.25 ], [ 592284.6875, 2317080.9375 ], [ 592293.4375, 2317087.1875 ], [ 592296.875, 2317091.25 ], [ 592299.6875, 2317099.6875 ], [ 592300.9375, 2317113.4375 ], [ 592304.6875, 2317120.9375 ], [ 592308.75, 2317124.375 ], [ 592333.59375, 2317137.03125 ], [ 592339.6875, 2317142.1875 ], [ 592344.375, 2317148.75 ], [ 592355.625, 2317171.25 ], [ 592362.1875, 2317179.6875 ], [ 592368.75, 2317184.375 ], [ 592391.25, 2317195.625 ], [ 592399.6875, 2317202.1875 ], [ 592404.375, 2317208.75 ], [ 592415.625, 2317231.25 ], [ 592422.1875, 2317239.6875 ], [ 592428.75, 2317244.375 ], [ 592451.25, 2317255.625 ], [ 592459.6875, 2317262.1875 ], [ 592464.375, 2317268.75 ], [ 592475.625, 2317291.25 ], [ 592482.1875, 2317299.6875 ], [ 592488.75, 2317304.375 ], [ 592511.25, 2317315.625 ], [ 592519.6875, 2317322.1875 ], [ 592524.375, 2317328.75 ], [ 592535.625, 2317351.25 ], [ 592538.59375, 2317355.78125 ], [ 592544.21875, 2317361.40625 ], [ 592553.4375, 2317367.1875 ], [ 592556.875, 2317371.25 ], [ 592559.0625, 2317376.5625 ], [ 592560.3125, 2317390.3125 ], [ 592561.875, 2317396.25 ], [ 592564.6875, 2317400.9375 ], [ 592573.4375, 2317407.1875 ], [ 592576.875, 2317411.25 ], [ 592579.6875, 2317419.6875 ], [ 592580.9375, 2317433.4375 ], [ 592584.6875, 2317440.9375 ], [ 592588.75, 2317444.375 ], [ 592611.25, 2317455.625 ], [ 592617.8125, 2317460.3125 ], [ 592622.96875, 2317466.40625 ], [ 592635.625, 2317491.25 ], [ 592640.3125, 2317497.8125 ], [ 592646.40625, 2317502.96875 ], [ 592671.25, 2317515.625 ], [ 592677.8125, 2317520.3125 ], [ 592682.96875, 2317526.40625 ], [ 592695.625, 2317551.25 ], [ 592700.3125, 2317557.8125 ], [ 592706.40625, 2317562.96875 ], [ 592731.25, 2317575.625 ], [ 592737.8125, 2317580.3125 ], [ 592742.96875, 2317586.40625 ], [ 592755.625, 2317611.25 ], [ 592760.3125, 2317617.8125 ], [ 592766.40625, 2317622.96875 ], [ 592791.25, 2317635.625 ], [ 592795.3125, 2317639.0625 ], [ 592799.0625, 2317646.5625 ], [ 592800.3125, 2317660.3125 ], [ 592803.125, 2317668.75 ], [ 592806.5625, 2317672.8125 ], [ 592815.78125, 2317678.59375 ], [ 592821.40625, 2317684.21875 ], [ 592824.375, 2317688.75 ], [ 592835.625, 2317711.25 ], [ 592842.1875, 2317719.6875 ], [ 592848.75, 2317724.375 ], [ 592871.25, 2317735.625 ], [ 592875.3125, 2317739.0625 ], [ 592879.0625, 2317746.5625 ], [ 592880.3125, 2317760.3125 ], [ 592883.125, 2317768.75 ], [ 592886.5625, 2317772.8125 ], [ 592895.78125, 2317778.59375 ], [ 592901.40625, 2317784.21875 ], [ 592918.59375, 2317815.78125 ], [ 592926.40625, 2317822.96875 ], [ 592953.59375, 2317837.03125 ], [ 592961.40625, 2317844.21875 ], [ 592964.375, 2317848.75 ], [ 592995.625, 2317911.25 ], [ 592998.59375, 2317915.78125 ], [ 593006.40625, 2317922.96875 ], [ 593031.25, 2317935.625 ], [ 593037.8125, 2317940.3125 ], [ 593042.96875, 2317946.40625 ], [ 593055.625, 2317971.25 ], [ 593060.3125, 2317977.8125 ], [ 593068.75, 2317984.375 ], [ 593093.59375, 2317997.03125 ], [ 593101.40625, 2318004.21875 ], [ 593104.375, 2318008.75 ], [ 593137.03125, 2318073.59375 ], [ 593142.1875, 2318079.6875 ], [ 593153.4375, 2318087.1875 ], [ 593156.875, 2318091.25 ], [ 593159.0625, 2318096.5625 ], [ 593160.3125, 2318110.3125 ], [ 593163.125, 2318118.75 ], [ 593168.75, 2318124.375 ], [ 593191.25, 2318135.625 ], [ 593195.3125, 2318139.0625 ], [ 593199.0625, 2318146.5625 ], [ 593200.3125, 2318160.3125 ], [ 593203.125, 2318168.75 ], [ 593206.5625, 2318172.8125 ], [ 593213.59375, 2318177.03125 ], [ 593219.6875, 2318182.1875 ], [ 593224.375, 2318188.75 ], [ 593235.625, 2318211.25 ], [ 593238.59375, 2318215.78125 ], [ 593244.21875, 2318221.40625 ], [ 593253.4375, 2318227.1875 ], [ 593256.875, 2318231.25 ], [ 593259.0625, 2318236.5625 ], [ 593260.3125, 2318250.3125 ], [ 593263.125, 2318258.75 ], [ 593268.75, 2318264.375 ], [ 593291.25, 2318275.625 ], [ 593296.875, 2318281.25 ], [ 593299.0625, 2318286.5625 ], [ 593300.3125, 2318300.3125 ], [ 593303.125, 2318308.75 ], [ 593306.5625, 2318312.8125 ], [ 593315.78125, 2318318.59375 ], [ 593321.40625, 2318324.21875 ], [ 593324.375, 2318328.75 ], [ 593357.03125, 2318393.59375 ], [ 593362.1875, 2318399.6875 ], [ 593373.4375, 2318407.1875 ], [ 593376.875, 2318411.25 ], [ 593379.0625, 2318416.5625 ], [ 593380.3125, 2318430.3125 ], [ 593381.875, 2318436.25 ], [ 593384.6875, 2318440.9375 ], [ 593393.4375, 2318447.1875 ], [ 593396.875, 2318451.25 ], [ 593399.0625, 2318456.5625 ], [ 593400.3125, 2318470.3125 ], [ 593403.125, 2318478.75 ], [ 593408.75, 2318484.375 ], [ 593431.25, 2318495.625 ], [ 593436.875, 2318501.25 ], [ 593439.0625, 2318506.5625 ], [ 593440.3125, 2318520.3125 ], [ 593441.875, 2318526.25 ], [ 593444.6875, 2318530.9375 ], [ 593453.4375, 2318537.1875 ], [ 593456.875, 2318541.25 ], [ 593459.0625, 2318546.5625 ], [ 593460.3125, 2318560.3125 ], [ 593461.875, 2318566.25 ], [ 593464.6875, 2318570.9375 ], [ 593473.4375, 2318577.1875 ], [ 593476.875, 2318581.25 ], [ 593479.0625, 2318586.5625 ], [ 593480.3125, 2318600.3125 ], [ 593483.125, 2318608.75 ], [ 593486.5625, 2318612.8125 ], [ 593497.8125, 2318620.3125 ], [ 593502.96875, 2318626.40625 ], [ 593535.625, 2318691.25 ], [ 593538.4375, 2318699.6875 ], [ 593539.53125, 2318706.09375 ], [ 593540.3125, 2318720.3125 ], [ 593543.125, 2318728.75 ], [ 593546.5625, 2318732.8125 ], [ 593557.8125, 2318740.3125 ], [ 593562.96875, 2318746.40625 ], [ 593615.625, 2318851.25 ], [ 593622.1875, 2318859.6875 ], [ 593633.4375, 2318867.1875 ], [ 593636.875, 2318871.25 ], [ 593639.0625, 2318876.5625 ], [ 593640.3125, 2318890.3125 ], [ 593643.125, 2318898.75 ], [ 593648.75, 2318904.375 ], [ 593671.25, 2318915.625 ], [ 593679.6875, 2318922.1875 ], [ 593684.375, 2318928.75 ], [ 593695.625, 2318951.25 ], [ 593702.1875, 2318959.6875 ], [ 593708.75, 2318964.375 ], [ 593731.25, 2318975.625 ], [ 593735.3125, 2318979.0625 ], [ 593739.0625, 2318986.5625 ], [ 593740.3125, 2319000.3125 ], [ 593743.125, 2319008.75 ], [ 593746.5625, 2319012.8125 ], [ 593753.4375, 2319017.1875 ], [ 593758.125, 2319023.75 ], [ 593760.0, 2319033.125 ], [ 593760.0, 2319096.875 ], [ 593760.9375, 2319103.4375 ], [ 593764.6875, 2319110.9375 ], [ 593773.4375, 2319117.1875 ], [ 593776.875, 2319121.25 ], [ 593779.0625, 2319126.5625 ], [ 593780.3125, 2319140.3125 ], [ 593781.875, 2319146.25 ], [ 593786.5625, 2319152.8125 ], [ 593795.3125, 2319159.0625 ], [ 593798.125, 2319163.75 ], [ 593799.6875, 2319169.6875 ], [ 593800.0, 2319296.875 ], [ 593800.9375, 2319303.4375 ], [ 593804.6875, 2319310.9375 ], [ 593813.4375, 2319317.1875 ], [ 593816.875, 2319321.25 ], [ 593819.0625, 2319326.5625 ], [ 593820.3125, 2319340.3125 ], [ 593821.875, 2319346.25 ], [ 593824.6875, 2319350.9375 ], [ 593833.4375, 2319357.1875 ], [ 593836.875, 2319361.25 ], [ 593839.0625, 2319366.5625 ], [ 593840.3125, 2319380.3125 ], [ 593841.875, 2319386.25 ], [ 593846.5625, 2319392.8125 ], [ 593855.3125, 2319399.0625 ], [ 593858.125, 2319403.75 ], [ 593859.6875, 2319409.6875 ], [ 593860.3125, 2319660.3125 ], [ 593863.125, 2319668.75 ], [ 593866.5625, 2319672.8125 ], [ 593875.3125, 2319679.0625 ], [ 593879.0625, 2319686.5625 ], [ 593880.0, 2319693.125 ], [ 593880.0, 2319726.875 ], [ 593881.875, 2319736.25 ], [ 593886.5625, 2319742.8125 ], [ 593895.3125, 2319749.0625 ], [ 593899.0625, 2319756.5625 ], [ 593900.0, 2319763.125 ], [ 593900.0, 2319826.875 ], [ 593900.46875, 2319833.90625 ], [ 593902.34375, 2319843.28125 ], [ 593917.65625, 2319876.71875 ], [ 593919.53125, 2319886.09375 ], [ 593920.3125, 2319900.3125 ], [ 593921.875, 2319906.25 ], [ 593926.5625, 2319912.8125 ], [ 593935.3125, 2319919.0625 ], [ 593939.0625, 2319926.5625 ], [ 593940.0, 2319933.125 ], [ 593940.3125, 2320060.3125 ], [ 593943.125, 2320068.75 ], [ 593946.5625, 2320072.8125 ], [ 593955.3125, 2320079.0625 ], [ 593958.125, 2320083.75 ], [ 593959.6875, 2320089.6875 ], [ 593960.0, 2320126.875 ], [ 593959.0625, 2320133.4375 ], [ 593955.3125, 2320140.9375 ], [ 593946.5625, 2320147.1875 ], [ 593941.875, 2320153.75 ], [ 593940.0, 2320163.125 ], [ 593940.9375, 2320173.4375 ], [ 593943.125, 2320178.75 ], [ 593946.5625, 2320182.8125 ], [ 593971.25, 2320195.625 ], [ 593975.3125, 2320199.0625 ], [ 593979.0625, 2320206.5625 ], [ 593980.3125, 2320220.3125 ], [ 593983.125, 2320228.75 ], [ 593986.5625, 2320232.8125 ], [ 593997.8125, 2320240.3125 ], [ 594002.96875, 2320246.40625 ], [ 594015.625, 2320271.25 ], [ 594019.0625, 2320282.8125 ], [ 594020.0, 2320293.125 ], [ 594020.0, 2320446.875 ], [ 594020.9375, 2320457.1875 ], [ 594024.375, 2320468.75 ], [ 594035.625, 2320491.25 ], [ 594037.65625, 2320496.71875 ], [ 594039.53125, 2320506.09375 ], [ 594040.3125, 2320520.3125 ], [ 594041.875, 2320526.25 ], [ 594044.6875, 2320530.9375 ], [ 594053.4375, 2320537.1875 ], [ 594056.875, 2320541.25 ], [ 594059.0625, 2320546.5625 ], [ 594060.0, 2320553.125 ], [ 594060.0, 2320646.875 ], [ 594059.0625, 2320657.1875 ], [ 594055.625, 2320668.75 ], [ 594024.375, 2320731.25 ], [ 594023.4375, 2320737.8125 ], [ 594025.15625, 2320741.40625 ], [ 594033.4375, 2320747.1875 ], [ 594036.875, 2320751.25 ], [ 594039.0625, 2320756.5625 ], [ 594040.3125, 2320770.3125 ], [ 594041.875, 2320776.25 ], [ 594044.6875, 2320780.9375 ], [ 594053.4375, 2320787.1875 ], [ 594056.875, 2320791.25 ], [ 594059.0625, 2320796.5625 ], [ 594060.3125, 2320810.3125 ], [ 594061.875, 2320816.25 ], [ 594066.5625, 2320822.8125 ], [ 594074.375, 2320828.125 ], [ 594075.0, 2320830.625 ], [ 594073.125, 2320833.125 ], [ 594066.5625, 2320837.1875 ], [ 594061.875, 2320843.75 ], [ 594060.3125, 2320849.6875 ], [ 594059.6875, 2320860.3125 ], [ 594056.875, 2320868.75 ], [ 594053.4375, 2320872.8125 ], [ 594044.21875, 2320878.59375 ], [ 594038.59375, 2320884.21875 ], [ 594035.625, 2320888.75 ], [ 594024.375, 2320911.25 ], [ 594019.6875, 2320917.8125 ], [ 594015.78125, 2320921.40625 ], [ 594008.75, 2320925.625 ], [ 594004.6875, 2320929.0625 ], [ 594000.9375, 2320936.5625 ], [ 593999.6875, 2320950.3125 ], [ 593996.875, 2320958.75 ], [ 593993.4375, 2320962.8125 ], [ 593986.5625, 2320967.1875 ], [ 593981.875, 2320973.75 ], [ 593980.0, 2320983.125 ], [ 593980.0, 2321046.875 ], [ 593978.125, 2321056.25 ], [ 593975.3125, 2321060.9375 ], [ 593966.5625, 2321067.1875 ], [ 593963.125, 2321071.25 ], [ 593960.9375, 2321076.5625 ], [ 593959.6875, 2321090.3125 ], [ 593958.125, 2321096.25 ], [ 593955.3125, 2321100.9375 ], [ 593946.5625, 2321107.1875 ], [ 593941.875, 2321113.75 ], [ 593940.3125, 2321119.6875 ], [ 593939.0625, 2321137.1875 ], [ 593935.625, 2321148.75 ], [ 593924.375, 2321171.25 ], [ 593921.40625, 2321175.78125 ], [ 593915.78125, 2321181.40625 ], [ 593906.5625, 2321187.1875 ], [ 593903.125, 2321191.25 ], [ 593900.9375, 2321196.5625 ], [ 593899.6875, 2321210.3125 ], [ 593896.875, 2321218.75 ], [ 593891.25, 2321224.375 ], [ 593868.75, 2321235.625 ], [ 593860.3125, 2321242.1875 ], [ 593855.625, 2321248.75 ], [ 593842.96875, 2321273.59375 ], [ 593835.78125, 2321281.40625 ], [ 593804.21875, 2321298.59375 ], [ 593798.59375, 2321304.21875 ], [ 593792.8125, 2321313.4375 ], [ 593788.75, 2321316.875 ], [ 593780.3125, 2321319.6875 ], [ 593766.5625, 2321320.9375 ], [ 593759.0625, 2321324.6875 ], [ 593755.625, 2321328.75 ], [ 593742.96875, 2321353.59375 ], [ 593737.8125, 2321359.6875 ], [ 593731.25, 2321364.375 ], [ 593708.75, 2321375.625 ], [ 593700.3125, 2321382.1875 ], [ 593695.625, 2321388.75 ], [ 593624.375, 2321531.25 ], [ 593619.6875, 2321537.8125 ], [ 593611.25, 2321544.375 ], [ 593586.09375, 2321556.71875 ], [ 593573.90625, 2321559.53125 ], [ 593559.6875, 2321560.3125 ], [ 593551.25, 2321563.125 ], [ 593547.1875, 2321566.5625 ], [ 593541.40625, 2321575.78125 ], [ 593535.78125, 2321581.40625 ], [ 593531.25, 2321584.375 ], [ 593508.75, 2321595.625 ], [ 593502.1875, 2321600.3125 ], [ 593497.03125, 2321606.40625 ], [ 593484.375, 2321631.25 ], [ 593479.6875, 2321637.8125 ], [ 593473.59375, 2321642.96875 ], [ 593448.75, 2321655.625 ], [ 593442.1875, 2321660.3125 ], [ 593437.03125, 2321666.40625 ], [ 593424.375, 2321691.25 ], [ 593417.8125, 2321699.6875 ], [ 593411.25, 2321704.375 ], [ 593348.75, 2321735.625 ], [ 593344.6875, 2321739.0625 ], [ 593340.9375, 2321746.5625 ], [ 593339.6875, 2321760.3125 ], [ 593336.875, 2321768.75 ], [ 593333.4375, 2321772.8125 ], [ 593324.21875, 2321778.59375 ], [ 593318.59375, 2321784.21875 ], [ 593315.625, 2321788.75 ], [ 593304.375, 2321811.25 ], [ 593297.8125, 2321819.6875 ], [ 593291.25, 2321824.375 ], [ 593268.75, 2321835.625 ], [ 593264.21875, 2321838.59375 ], [ 593258.59375, 2321844.21875 ], [ 593252.8125, 2321853.4375 ], [ 593248.75, 2321856.875 ], [ 593240.3125, 2321859.6875 ], [ 593226.5625, 2321860.9375 ], [ 593219.0625, 2321864.6875 ], [ 593215.625, 2321868.75 ], [ 593202.96875, 2321893.59375 ], [ 593197.8125, 2321899.6875 ], [ 593191.25, 2321904.375 ], [ 593168.75, 2321915.625 ], [ 593160.3125, 2321922.1875 ], [ 593155.625, 2321928.75 ], [ 593142.96875, 2321953.59375 ], [ 593135.78125, 2321961.40625 ], [ 593104.21875, 2321978.59375 ], [ 593098.59375, 2321984.21875 ], [ 593092.8125, 2321993.4375 ], [ 593088.75, 2321996.875 ], [ 593083.4375, 2321999.0625 ], [ 593062.8125, 2322000.9375 ], [ 593051.25, 2322004.375 ], [ 592948.75, 2322055.625 ], [ 592940.3125, 2322062.1875 ], [ 592932.8125, 2322073.4375 ], [ 592928.75, 2322076.875 ], [ 592923.4375, 2322079.0625 ], [ 592909.6875, 2322080.3125 ], [ 592901.25, 2322083.125 ], [ 592895.625, 2322088.75 ], [ 592884.375, 2322111.25 ], [ 592880.9375, 2322115.3125 ], [ 592873.4375, 2322119.0625 ], [ 592859.6875, 2322120.3125 ], [ 592851.25, 2322123.125 ], [ 592847.1875, 2322126.5625 ], [ 592841.40625, 2322135.78125 ], [ 592835.78125, 2322141.40625 ], [ 592804.21875, 2322158.59375 ], [ 592800.3125, 2322162.1875 ], [ 592795.625, 2322168.75 ], [ 592783.28125, 2322193.90625 ], [ 592780.46875, 2322206.09375 ], [ 592779.6875, 2322220.3125 ], [ 592776.875, 2322228.75 ], [ 592773.4375, 2322232.8125 ], [ 592764.21875, 2322238.59375 ], [ 592758.59375, 2322244.21875 ], [ 592742.96875, 2322273.59375 ], [ 592739.6875, 2322277.8125 ], [ 592733.59375, 2322282.96875 ], [ 592708.75, 2322295.625 ], [ 592703.75, 2322297.1875 ], [ 592698.75, 2322297.5 ], [ 592691.25, 2322295.625 ], [ 592666.09375, 2322283.28125 ], [ 592657.1875, 2322280.9375 ], [ 592646.875, 2322280.0 ], [ 592613.125, 2322280.0 ], [ 592603.75, 2322281.875 ], [ 592599.0625, 2322284.6875 ], [ 592592.8125, 2322293.4375 ], [ 592588.75, 2322296.875 ], [ 592583.4375, 2322299.0625 ], [ 592569.6875, 2322300.3125 ], [ 592563.75, 2322301.875 ], [ 592559.0625, 2322304.6875 ], [ 592552.8125, 2322313.4375 ], [ 592548.75, 2322316.875 ], [ 592543.4375, 2322319.0625 ], [ 592529.6875, 2322320.3125 ], [ 592523.75, 2322321.875 ], [ 592519.0625, 2322324.6875 ], [ 592512.8125, 2322333.4375 ], [ 592508.75, 2322336.875 ], [ 592503.4375, 2322339.0625 ], [ 592489.6875, 2322340.3125 ], [ 592483.75, 2322341.875 ], [ 592479.0625, 2322344.6875 ], [ 592472.8125, 2322353.4375 ], [ 592468.75, 2322356.875 ], [ 592463.4375, 2322359.0625 ], [ 592449.6875, 2322360.3125 ], [ 592443.75, 2322361.875 ], [ 592439.0625, 2322364.6875 ], [ 592432.8125, 2322373.4375 ], [ 592428.75, 2322376.875 ], [ 592423.4375, 2322379.0625 ], [ 592409.6875, 2322380.3125 ], [ 592403.75, 2322381.875 ], [ 592399.0625, 2322384.6875 ], [ 592392.8125, 2322393.4375 ], [ 592388.75, 2322396.875 ], [ 592383.4375, 2322399.0625 ], [ 592369.6875, 2322400.3125 ], [ 592361.25, 2322403.125 ], [ 592355.625, 2322408.75 ], [ 592344.375, 2322431.25 ], [ 592338.75, 2322436.875 ], [ 592330.3125, 2322439.6875 ], [ 592293.125, 2322440.0 ], [ 592283.75, 2322441.875 ], [ 592279.0625, 2322444.6875 ], [ 592272.8125, 2322453.4375 ], [ 592268.75, 2322456.875 ], [ 592263.4375, 2322459.0625 ], [ 592249.6875, 2322460.3125 ], [ 592243.75, 2322461.875 ], [ 592239.0625, 2322464.6875 ], [ 592232.8125, 2322473.4375 ], [ 592228.75, 2322476.875 ], [ 592223.4375, 2322479.0625 ], [ 592209.6875, 2322480.3125 ], [ 592201.25, 2322483.125 ], [ 592195.625, 2322488.75 ], [ 592184.375, 2322511.25 ], [ 592178.75, 2322516.875 ], [ 592170.3125, 2322519.6875 ], [ 592133.125, 2322520.0 ], [ 592123.75, 2322521.875 ], [ 592117.1875, 2322526.5625 ], [ 592104.375, 2322551.25 ], [ 592098.75, 2322556.875 ], [ 592090.3125, 2322559.6875 ], [ 592053.125, 2322560.0 ], [ 592043.75, 2322561.875 ], [ 592039.0625, 2322564.6875 ], [ 592032.8125, 2322573.4375 ], [ 592028.75, 2322576.875 ], [ 592023.4375, 2322579.0625 ], [ 592009.6875, 2322580.3125 ], [ 592003.75, 2322581.875 ], [ 591997.1875, 2322586.5625 ], [ 591990.9375, 2322595.3125 ], [ 591983.4375, 2322599.0625 ], [ 591976.875, 2322600.0 ], [ 591849.6875, 2322600.3125 ], [ 591843.75, 2322601.875 ], [ 591839.0625, 2322604.6875 ], [ 591832.8125, 2322613.4375 ], [ 591828.75, 2322616.875 ], [ 591823.4375, 2322619.0625 ], [ 591816.875, 2322620.0 ], [ 591809.6875, 2322619.6875 ], [ 591801.25, 2322616.875 ], [ 591797.1875, 2322613.4375 ], [ 591792.8125, 2322606.5625 ], [ 591786.25, 2322601.875 ], [ 591780.3125, 2322600.3125 ], [ 591769.6875, 2322600.3125 ], [ 591761.25, 2322603.125 ], [ 591757.1875, 2322606.5625 ], [ 591750.9375, 2322615.3125 ], [ 591743.4375, 2322619.0625 ], [ 591736.875, 2322620.0 ], [ 591703.125, 2322620.0 ], [ 591693.75, 2322621.875 ], [ 591687.1875, 2322626.5625 ], [ 591680.9375, 2322635.3125 ], [ 591673.4375, 2322639.0625 ], [ 591666.875, 2322640.0 ], [ 591633.125, 2322640.0 ], [ 591623.75, 2322641.875 ], [ 591617.1875, 2322646.5625 ], [ 591610.9375, 2322655.3125 ], [ 591603.4375, 2322659.0625 ], [ 591596.875, 2322660.0 ], [ 591563.125, 2322660.0 ], [ 591553.75, 2322661.875 ], [ 591549.0625, 2322664.6875 ], [ 591542.8125, 2322673.4375 ], [ 591538.75, 2322676.875 ], [ 591533.4375, 2322679.0625 ], [ 591519.6875, 2322680.3125 ], [ 591513.75, 2322681.875 ], [ 591507.1875, 2322686.5625 ], [ 591501.40625, 2322694.84375 ], [ 591497.8125, 2322696.5625 ], [ 591491.25, 2322695.625 ], [ 591468.75, 2322684.375 ], [ 591457.1875, 2322680.9375 ], [ 591446.875, 2322680.0 ], [ 591406.09375, 2322680.46875 ], [ 591399.6875, 2322681.5625 ], [ 591391.25, 2322684.375 ], [ 591328.75, 2322715.625 ], [ 591323.28125, 2322717.65625 ], [ 591310.46875, 2322719.84375 ], [ 591269.53125, 2322720.15625 ], [ 591262.8125, 2322720.9375 ], [ 591253.90625, 2322723.28125 ], [ 591228.75, 2322735.625 ], [ 591224.21875, 2322738.59375 ], [ 591218.59375, 2322744.21875 ], [ 591212.8125, 2322753.4375 ], [ 591208.75, 2322756.875 ], [ 591200.3125, 2322759.6875 ], [ 591186.5625, 2322760.9375 ], [ 591179.0625, 2322764.6875 ], [ 591175.625, 2322768.75 ], [ 591164.375, 2322791.25 ], [ 591159.6875, 2322797.8125 ], [ 591153.59375, 2322802.96875 ], [ 591128.75, 2322815.625 ], [ 591124.6875, 2322819.0625 ], [ 591121.875, 2322823.75 ], [ 591120.3125, 2322829.6875 ], [ 591120.0, 2322836.875 ], [ 591120.9375, 2322843.4375 ], [ 591124.6875, 2322850.9375 ], [ 591134.84375, 2322858.59375 ], [ 591136.5625, 2322862.1875 ], [ 591136.40625, 2322866.40625 ], [ 591122.96875, 2322893.59375 ], [ 591117.8125, 2322899.6875 ], [ 591111.25, 2322904.375 ], [ 591088.75, 2322915.625 ], [ 591084.21875, 2322916.71875 ], [ 591080.3125, 2322915.9375 ], [ 591075.625, 2322911.25 ], [ 591064.375, 2322888.75 ], [ 591058.75, 2322883.125 ], [ 591053.4375, 2322880.9375 ], [ 591039.6875, 2322879.6875 ], [ 591033.75, 2322878.125 ], [ 591029.0625, 2322875.3125 ], [ 591019.6875, 2322862.1875 ], [ 591011.25, 2322855.625 ], [ 590986.25, 2322843.4375 ], [ 590981.25, 2322842.5 ], [ 590973.75, 2322843.4375 ], [ 590948.75, 2322855.625 ], [ 590942.1875, 2322860.3125 ], [ 590935.625, 2322868.75 ], [ 590924.375, 2322891.25 ], [ 590918.75, 2322896.875 ], [ 590910.3125, 2322899.6875 ], [ 590873.125, 2322900.0 ], [ 590863.75, 2322901.875 ], [ 590859.0625, 2322904.6875 ], [ 590852.8125, 2322913.4375 ], [ 590848.75, 2322916.875 ], [ 590843.4375, 2322919.0625 ], [ 590829.6875, 2322920.3125 ], [ 590823.75, 2322921.875 ], [ 590819.0625, 2322924.6875 ], [ 590812.8125, 2322933.4375 ], [ 590808.75, 2322936.875 ], [ 590803.4375, 2322939.0625 ], [ 590789.6875, 2322940.3125 ], [ 590781.25, 2322943.125 ], [ 590775.625, 2322948.75 ], [ 590762.96875, 2322973.59375 ], [ 590755.78125, 2322981.40625 ], [ 590751.25, 2322984.375 ], [ 590686.40625, 2323017.03125 ], [ 590682.1875, 2323020.3125 ], [ 590677.03125, 2323026.40625 ], [ 590664.375, 2323051.25 ], [ 590660.9375, 2323055.3125 ], [ 590653.4375, 2323059.0625 ], [ 590639.6875, 2323060.3125 ], [ 590631.25, 2323063.125 ], [ 590627.1875, 2323066.5625 ], [ 590621.40625, 2323075.78125 ], [ 590615.78125, 2323081.40625 ], [ 590611.25, 2323084.375 ], [ 590588.75, 2323095.625 ], [ 590584.6875, 2323099.0625 ], [ 590580.9375, 2323106.5625 ], [ 590579.6875, 2323120.3125 ], [ 590576.875, 2323128.75 ], [ 590573.4375, 2323132.8125 ], [ 590566.40625, 2323137.03125 ], [ 590560.3125, 2323142.1875 ], [ 590555.625, 2323148.75 ], [ 590544.375, 2323171.25 ], [ 590541.40625, 2323175.78125 ], [ 590535.78125, 2323181.40625 ], [ 590526.5625, 2323187.1875 ], [ 590523.125, 2323191.25 ], [ 590520.3125, 2323199.6875 ], [ 590519.0625, 2323213.4375 ], [ 590515.3125, 2323220.9375 ], [ 590511.25, 2323224.375 ], [ 590486.40625, 2323237.03125 ], [ 590478.59375, 2323244.21875 ], [ 590461.40625, 2323275.78125 ], [ 590455.78125, 2323281.40625 ], [ 590446.5625, 2323287.1875 ], [ 590443.125, 2323291.25 ], [ 590440.3125, 2323299.6875 ], [ 590439.0625, 2323313.4375 ], [ 590435.3125, 2323320.9375 ], [ 590431.25, 2323324.375 ], [ 590406.40625, 2323337.03125 ], [ 590398.59375, 2323344.21875 ], [ 590395.625, 2323348.75 ], [ 590362.96875, 2323413.59375 ], [ 590357.8125, 2323419.6875 ], [ 590346.5625, 2323427.1875 ], [ 590343.125, 2323431.25 ], [ 590340.9375, 2323436.5625 ], [ 590339.6875, 2323450.3125 ], [ 590338.125, 2323456.25 ], [ 590335.3125, 2323460.9375 ], [ 590326.5625, 2323467.1875 ], [ 590323.125, 2323471.25 ], [ 590320.9375, 2323476.5625 ], [ 590319.6875, 2323490.3125 ], [ 590318.125, 2323496.25 ], [ 590315.3125, 2323500.9375 ], [ 590306.5625, 2323507.1875 ], [ 590303.125, 2323511.25 ], [ 590300.9375, 2323516.5625 ], [ 590299.6875, 2323530.3125 ], [ 590298.125, 2323536.25 ], [ 590295.3125, 2323540.9375 ], [ 590286.5625, 2323547.1875 ], [ 590283.125, 2323551.25 ], [ 590280.9375, 2323556.5625 ], [ 590279.6875, 2323570.3125 ], [ 590278.125, 2323576.25 ], [ 590275.3125, 2323580.9375 ], [ 590266.5625, 2323587.1875 ], [ 590263.125, 2323591.25 ], [ 590260.9375, 2323596.5625 ], [ 590259.6875, 2323610.3125 ], [ 590256.875, 2323618.75 ], [ 590251.25, 2323624.375 ], [ 590228.75, 2323635.625 ], [ 590224.6875, 2323639.0625 ], [ 590221.875, 2323643.75 ], [ 590220.0, 2323653.125 ], [ 590219.84375, 2323690.46875 ], [ 590217.65625, 2323703.28125 ], [ 590215.625, 2323708.75 ], [ 590184.375, 2323771.25 ], [ 590179.6875, 2323777.8125 ], [ 590173.59375, 2323782.96875 ], [ 590148.75, 2323795.625 ], [ 590144.6875, 2323799.0625 ], [ 590140.9375, 2323806.5625 ], [ 590139.6875, 2323820.3125 ], [ 590136.875, 2323828.75 ], [ 590133.4375, 2323832.8125 ], [ 590126.40625, 2323837.03125 ], [ 590120.3125, 2323842.1875 ], [ 590115.625, 2323848.75 ], [ 590104.375, 2323871.25 ], [ 590101.40625, 2323875.78125 ], [ 590095.78125, 2323881.40625 ], [ 590086.5625, 2323887.1875 ], [ 590081.875, 2323893.75 ], [ 590080.0, 2323903.125 ], [ 590080.0, 2323936.875 ], [ 590078.125, 2323946.25 ], [ 590075.3125, 2323950.9375 ], [ 590066.5625, 2323957.1875 ], [ 590063.125, 2323961.25 ], [ 590060.9375, 2323966.5625 ], [ 590059.6875, 2323980.3125 ], [ 590058.125, 2323986.25 ], [ 590053.4375, 2323992.8125 ], [ 590044.6875, 2323999.0625 ], [ 590040.9375, 2324006.5625 ], [ 590040.0, 2324013.125 ], [ 590040.0, 2324046.875 ], [ 590039.0625, 2324057.1875 ], [ 590036.71875, 2324066.09375 ], [ 590024.375, 2324091.25 ], [ 590021.5625, 2324099.6875 ], [ 590020.15625, 2324109.53125 ], [ 590020.0, 2324146.875 ], [ 590019.0625, 2324153.4375 ], [ 590015.3125, 2324160.9375 ], [ 590006.5625, 2324167.1875 ], [ 590001.875, 2324173.75 ], [ 590000.3125, 2324179.6875 ], [ 589999.0625, 2324197.1875 ], [ 589996.71875, 2324206.09375 ], [ 589963.28125, 2324273.90625 ], [ 589961.5625, 2324279.6875 ], [ 589960.15625, 2324289.53125 ], [ 589960.0, 2324326.875 ], [ 589958.125, 2324336.25 ], [ 589955.3125, 2324340.9375 ], [ 589946.5625, 2324347.1875 ], [ 589941.875, 2324353.75 ], [ 589940.3125, 2324359.6875 ], [ 589939.0625, 2324377.1875 ], [ 589936.71875, 2324386.09375 ], [ 589884.375, 2324491.25 ], [ 589881.5625, 2324499.6875 ], [ 589880.0, 2324513.125 ], [ 589880.0, 2324546.875 ], [ 589881.5625, 2324560.3125 ], [ 589884.375, 2324568.75 ], [ 589895.625, 2324591.25 ], [ 589899.0625, 2324595.3125 ], [ 589906.5625, 2324599.0625 ], [ 589920.3125, 2324600.3125 ], [ 589928.75, 2324603.125 ], [ 589932.8125, 2324606.5625 ], [ 589937.03125, 2324613.59375 ], [ 589942.1875, 2324619.6875 ], [ 589948.75, 2324624.375 ], [ 589971.25, 2324635.625 ], [ 589975.78125, 2324638.59375 ], [ 589981.40625, 2324644.21875 ], [ 589987.1875, 2324653.4375 ], [ 589993.75, 2324658.125 ], [ 590003.125, 2324660.0 ], [ 590066.875, 2324660.0 ], [ 590073.4375, 2324660.9375 ], [ 590078.75, 2324663.125 ], [ 590084.375, 2324668.75 ], [ 590095.625, 2324691.25 ], [ 590098.59375, 2324695.78125 ], [ 590104.21875, 2324701.40625 ], [ 590113.4375, 2324707.1875 ], [ 590116.875, 2324711.25 ], [ 590119.6875, 2324719.6875 ], [ 590120.9375, 2324733.4375 ], [ 590124.6875, 2324740.9375 ], [ 590128.75, 2324744.375 ], [ 590191.25, 2324775.625 ], [ 590195.78125, 2324778.59375 ], [ 590202.96875, 2324786.40625 ], [ 590218.59375, 2324815.78125 ], [ 590222.1875, 2324819.6875 ], [ 590228.75, 2324824.375 ], [ 590251.25, 2324835.625 ], [ 590258.75, 2324837.5 ], [ 590263.75, 2324837.1875 ], [ 590268.75, 2324835.625 ], [ 590293.75, 2324823.4375 ], [ 590301.25, 2324822.5 ], [ 590308.75, 2324824.375 ], [ 590331.25, 2324835.625 ], [ 590337.8125, 2324840.3125 ], [ 590344.375, 2324848.75 ], [ 590357.03125, 2324873.59375 ], [ 590362.1875, 2324879.6875 ], [ 590368.75, 2324884.375 ], [ 590391.25, 2324895.625 ], [ 590402.8125, 2324899.0625 ], [ 590413.125, 2324900.0 ], [ 590446.875, 2324900.0 ], [ 590453.4375, 2324900.9375 ], [ 590460.9375, 2324904.6875 ], [ 590466.875, 2324913.125 ], [ 590469.375, 2324915.0 ], [ 590470.625, 2324915.0 ], [ 590473.125, 2324913.125 ], [ 590477.03125, 2324906.40625 ], [ 590482.1875, 2324900.3125 ], [ 590496.875, 2324890.625 ], [ 590499.0625, 2324888.125 ], [ 590500.3125, 2324883.125 ], [ 590501.875, 2324880.625 ], [ 590508.75, 2324875.625 ] ] } },
{ "type": "Feature", "properties": { "id": "shoreline_2026_wet_10", "bank_type": "right", "length_m": 62087.461098819884, "is_island": false, "year": 2026, "season": "wet", "source": "S1", "processing_version": "1.0" }, "geometry": { "type": "LineString", "coordinates": [ [ 594153.125, 2310100.0 ], [ 594160.3125, 2310099.6875 ], [ 594168.75, 2310096.875 ], [ 594172.8125, 2310093.4375 ], [ 594177.1875, 2310086.5625 ], [ 594183.75, 2310081.875 ], [ 594189.6875, 2310080.3125 ], [ 594200.3125, 2310079.6875 ], [ 594208.75, 2310076.875 ], [ 594212.8125, 2310073.4375 ], [ 594217.1875, 2310066.5625 ], [ 594223.75, 2310061.875 ], [ 594229.6875, 2310060.3125 ], [ 594240.3125, 2310059.6875 ], [ 594248.75, 2310056.875 ], [ 594252.8125, 2310053.4375 ], [ 594257.1875, 2310046.5625 ], [ 594263.75, 2310041.875 ], [ 594269.6875, 2310040.3125 ], [ 594280.3125, 2310039.6875 ], [ 594288.75, 2310036.875 ], [ 594292.8125, 2310033.4375 ], [ 594297.1875, 2310026.5625 ], [ 594303.75, 2310021.875 ], [ 594313.125, 2310020.0 ], [ 594346.875, 2310020.0 ], [ 594356.25, 2310018.125 ], [ 594360.9375, 2310015.3125 ], [ 594367.1875, 2310006.5625 ], [ 594371.25, 2310003.125 ], [ 594376.5625, 2310000.9375 ], [ 594390.3125, 2309999.6875 ], [ 594396.25, 2309998.125 ], [ 594400.9375, 2309995.3125 ], [ 594407.1875, 2309986.5625 ], [ 594411.25, 2309983.125 ], [ 594416.5625, 2309980.9375 ], [ 594430.3125, 2309979.6875 ], [ 594436.25, 2309978.125 ], [ 594440.9375, 2309975.3125 ], [ 594447.1875, 2309966.5625 ], [ 594451.25, 2309963.125 ], [ 594456.5625, 2309960.9375 ], [ 594470.3125, 2309959.6875 ], [ 594476.25, 2309958.125 ], [ 594480.9375, 2309955.3125 ], [ 594487.1875, 2309946.5625 ], [ 594491.25, 2309943.125 ], [ 594496.5625, 2309940.9375 ], [ 594510.3125, 2309939.6875 ], [ 594516.25, 2309938.125 ], [ 594520.9375, 2309935.3125 ], [ 594527.1875, 2309926.5625 ], [ 594533.75, 2309921.875 ], [ 594539.6875, 2309920.3125 ], [ 594557.1875, 2309919.0625 ], [ 594566.09375, 2309916.71875 ], [ 594631.25, 2309884.375 ], [ 594639.6875, 2309877.8125 ], [ 594647.1875, 2309866.5625 ], [ 594651.25, 2309863.125 ], [ 594656.5625, 2309860.9375 ], [ 594670.3125, 2309859.6875 ], [ 594676.25, 2309858.125 ], [ 594680.9375, 2309855.3125 ], [ 594687.1875, 2309846.5625 ], [ 594691.25, 2309843.125 ], [ 594699.6875, 2309840.3125 ], [ 594713.4375, 2309839.0625 ], [ 594720.9375, 2309835.3125 ], [ 594724.375, 2309831.25 ], [ 594735.625, 2309808.75 ], [ 594741.25, 2309803.125 ], [ 594746.5625, 2309800.9375 ], [ 594760.3125, 2309799.6875 ], [ 594766.25, 2309798.125 ], [ 594770.9375, 2309795.3125 ], [ 594777.1875, 2309786.5625 ], [ 594781.25, 2309783.125 ], [ 594786.5625, 2309780.9375 ], [ 594800.3125, 2309779.6875 ], [ 594808.75, 2309776.875 ], [ 594812.8125, 2309773.4375 ], [ 594820.3125, 2309762.1875 ], [ 594828.75, 2309755.625 ], [ 595211.25, 2309564.375 ], [ 595219.6875, 2309557.8125 ], [ 595227.1875, 2309546.5625 ], [ 595231.25, 2309543.125 ], [ 595236.5625, 2309540.9375 ], [ 595250.3125, 2309539.6875 ], [ 595258.75, 2309536.875 ], [ 595264.375, 2309531.25 ], [ 595275.625, 2309508.75 ], [ 595281.25, 2309503.125 ], [ 595286.5625, 2309500.9375 ], [ 595300.3125, 2309499.6875 ], [ 595308.75, 2309496.875 ], [ 595312.8125, 2309493.4375 ], [ 595318.59375, 2309484.21875 ], [ 595324.21875, 2309478.59375 ], [ 595328.75, 2309475.625 ], [ 595393.59375, 2309442.96875 ], [ 595399.6875, 2309437.8125 ], [ 595407.1875, 2309426.5625 ], [ 595411.25, 2309423.125 ], [ 595416.5625, 2309420.9375 ], [ 595430.3125, 2309419.6875 ], [ 595438.75, 2309416.875 ], [ 595444.375, 2309411.25 ], [ 595455.625, 2309388.75 ], [ 595459.0625, 2309384.6875 ], [ 595466.5625, 2309380.9375 ], [ 595480.3125, 2309379.6875 ], [ 595488.75, 2309376.875 ], [ 595492.8125, 2309373.4375 ], [ 595497.03125, 2309366.40625 ], [ 595502.1875, 2309360.3125 ], [ 595508.75, 2309355.625 ], [ 595531.25, 2309344.375 ], [ 595535.78125, 2309341.40625 ], [ 595541.40625, 2309335.78125 ], [ 595547.1875, 2309326.5625 ], [ 595551.25, 2309323.125 ], [ 595559.6875, 2309320.3125 ], [ 595573.4375, 2309319.0625 ], [ 595580.9375, 2309315.3125 ], [ 595584.375, 2309311.25 ], [ 595595.625, 2309288.75 ], [ 595601.25, 2309283.125 ], [ 595606.5625, 2309280.9375 ], [ 595620.3125, 2309279.6875 ], [ 595628.75, 2309276.875 ], [ 595632.8125, 2309273.4375 ], [ 595637.03125, 2309266.40625 ], [ 595642.1875, 2309260.3125 ], [ 595648.75, 2309255.625 ], [ 595671.25, 2309244.375 ], [ 595675.78125, 2309241.40625 ], [ 595681.40625, 2309235.78125 ], [ 595687.1875, 2309226.5625 ], [ 595691.25, 2309223.125 ], [ 595699.6875, 2309220.3125 ], [ 595713.4375, 2309219.0625 ], [ 595720.9375, 2309215.3125 ], [ 595724.375, 2309211.25 ], [ 595735.625, 2309188.75 ], [ 595740.3125, 2309182.1875 ], [ 595746.40625, 2309177.03125 ], [ 595771.25, 2309164.375 ], [ 595777.8125, 2309159.6875 ], [ 595782.96875, 2309153.59375 ], [ 595795.625, 2309128.75 ], [ 595800.3125, 2309122.1875 ], [ 595806.40625, 2309117.03125 ], [ 595831.25, 2309104.375 ], [ 595837.8125, 2309099.6875 ], [ 595842.96875, 2309093.59375 ], [ 595855.625, 2309068.75 ], [ 595860.3125, 2309062.1875 ], [ 595866.40625, 2309057.03125 ], [ 595891.25, 2309044.375 ], [ 595897.8125, 2309039.6875 ], [ 595902.96875, 2309033.59375 ], [ 595915.625, 2309008.75 ], [ 595920.3125, 2309002.1875 ], [ 595926.40625, 2308997.03125 ], [ 595951.25, 2308984.375 ], [ 595957.8125, 2308979.6875 ], [ 595962.96875, 2308973.59375 ], [ 595975.625, 2308948.75 ], [ 595980.3125, 2308942.1875 ], [ 595986.40625, 2308937.03125 ], [ 596011.25, 2308924.375 ], [ 596017.8125, 2308919.6875 ], [ 596022.96875, 2308913.59375 ], [ 596035.625, 2308888.75 ], [ 596040.3125, 2308882.1875 ], [ 596046.40625, 2308877.03125 ], [ 596071.25, 2308864.375 ], [ 596077.8125, 2308859.6875 ], [ 596082.96875, 2308853.59375 ], [ 596095.625, 2308828.75 ], [ 596100.3125, 2308822.1875 ], [ 596108.75, 2308815.625 ], [ 596131.25, 2308804.375 ], [ 596135.78125, 2308801.40625 ], [ 596141.40625, 2308795.78125 ], [ 596147.1875, 2308786.5625 ], [ 596151.25, 2308783.125 ], [ 596156.5625, 2308780.9375 ], [ 596170.3125, 2308779.6875 ], [ 596176.25, 2308778.125 ], [ 596180.9375, 2308775.3125 ], [ 596187.1875, 2308766.5625 ], [ 596191.25, 2308763.125 ], [ 596196.5625, 2308760.9375 ], [ 596210.3125, 2308759.6875 ], [ 596216.25, 2308758.125 ], [ 596220.9375, 2308755.3125 ], [ 596227.1875, 2308746.5625 ], [ 596233.75, 2308741.875 ], [ 596243.125, 2308740.0 ], [ 596276.875, 2308740.0 ], [ 596286.25, 2308738.125 ], [ 596292.8125, 2308733.4375 ], [ 596299.0625, 2308724.6875 ], [ 596306.5625, 2308720.9375 ], [ 596313.125, 2308720.0 ], [ 596376.875, 2308720.0 ], [ 596383.4375, 2308719.0625 ], [ 596390.9375, 2308715.3125 ], [ 596399.0625, 2308704.6875 ], [ 596406.5625, 2308700.9375 ], [ 596413.125, 2308700.0 ], [ 596450.46875, 2308699.84375 ], [ 596460.3125, 2308698.4375 ], [ 596468.75, 2308695.625 ], [ 596491.25, 2308684.375 ], [ 596496.71875, 2308682.34375 ], [ 596506.09375, 2308680.46875 ], [ 596520.3125, 2308679.6875 ], [ 596526.25, 2308678.125 ], [ 596532.8125, 2308673.4375 ], [ 596539.0625, 2308664.6875 ], [ 596546.5625, 2308660.9375 ], [ 596553.125, 2308660.0 ], [ 596586.875, 2308660.0 ], [ 596596.25, 2308658.125 ], [ 596600.9375, 2308655.3125 ], [ 596607.1875, 2308646.5625 ], [ 596611.25, 2308643.125 ], [ 596619.6875, 2308640.3125 ], [ 596633.4375, 2308639.0625 ], [ 596640.9375, 2308635.3125 ], [ 596644.375, 2308631.25 ], [ 596655.625, 2308608.75 ], [ 596661.25, 2308603.125 ], [ 596666.5625, 2308600.9375 ], [ 596680.3125, 2308599.6875 ], [ 596686.25, 2308598.125 ], [ 596690.9375, 2308595.3125 ], [ 596697.1875, 2308586.5625 ], [ 596701.25, 2308583.125 ], [ 596706.5625, 2308580.9375 ], [ 596720.3125, 2308579.6875 ], [ 596726.25, 2308578.125 ], [ 596730.9375, 2308575.3125 ], [ 596737.1875, 2308566.5625 ], [ 596741.25, 2308563.125 ], [ 596746.5625, 2308560.9375 ], [ 596760.3125, 2308559.6875 ], [ 596768.75, 2308556.875 ], [ 596772.8125, 2308553.4375 ], [ 596777.03125, 2308546.40625 ], [ 596782.1875, 2308540.3125 ], [ 596788.75, 2308535.625 ], [ 596811.25, 2308524.375 ], [ 596815.78125, 2308521.40625 ], [ 596821.40625, 2308515.78125 ], [ 596827.1875, 2308506.5625 ], [ 596831.25, 2308503.125 ], [ 596839.6875, 2308500.3125 ], [ 596853.4375, 2308499.0625 ], [ 596860.9375, 2308495.3125 ], [ 596864.375, 2308491.25 ], [ 596877.03125, 2308466.40625 ], [ 596882.1875, 2308460.3125 ], [ 596888.75, 2308455.625 ], [ 596913.59375, 2308442.96875 ], [ 596921.40625, 2308435.78125 ], [ 596938.59375, 2308404.21875 ], [ 596944.21875, 2308398.59375 ], [ 596953.4375, 2308392.8125 ], [ 596956.875, 2308388.75 ], [ 596959.6875, 2308380.3125 ], [ 596960.9375, 2308366.5625 ], [ 596964.6875, 2308359.0625 ], [ 596968.75, 2308355.625 ], [ 596993.59375, 2308342.96875 ], [ 596999.6875, 2308337.8125 ], [ 597004.375, 2308331.25 ], [ 597336.71875, 2307666.09375 ], [ 597338.4375, 2307660.3125 ], [ 597339.84375, 2307650.46875 ], [ 597340.0, 2307613.125 ], [ 597340.9375, 2307606.5625 ], [ 597344.6875, 2307599.0625 ], [ 597353.4375, 2307592.8125 ], [ 597358.125, 2307586.25 ], [ 597360.0, 2307576.875 ], [ 597360.0, 2307543.125 ], [ 597360.9375, 2307536.5625 ], [ 597364.6875, 2307529.0625 ], [ 597375.3125, 2307520.9375 ], [ 597378.125, 2307516.25 ], [ 597379.6875, 2307510.3125 ], [ 597380.0, 2307413.125 ], [ 597380.9375, 2307406.5625 ], [ 597384.6875, 2307399.0625 ], [ 597393.4375, 2307392.8125 ], [ 597396.875, 2307388.75 ], [ 597399.0625, 2307383.4375 ], [ 597400.0, 2307376.875 ], [ 597400.0, 2307043.125 ], [ 597399.0625, 2307036.5625 ], [ 597396.875, 2307031.25 ], [ 597393.4375, 2307027.1875 ], [ 597384.6875, 2307020.9375 ], [ 597381.875, 2307016.25 ], [ 597380.3125, 2307010.3125 ], [ 597380.0, 2306823.125 ], [ 597379.0625, 2306816.5625 ], [ 597376.875, 2306811.25 ], [ 597373.4375, 2306807.1875 ], [ 597364.6875, 2306800.9375 ], [ 597361.875, 2306796.25 ], [ 597360.3125, 2306790.3125 ], [ 597359.6875, 2306629.6875 ], [ 597356.875, 2306621.25 ], [ 597353.4375, 2306617.1875 ], [ 597344.6875, 2306610.9375 ], [ 597340.9375, 2306603.4375 ], [ 597340.0, 2306596.875 ], [ 597339.6875, 2306529.6875 ], [ 597338.125, 2306523.75 ], [ 597335.3125, 2306519.0625 ], [ 597326.5625, 2306512.8125 ], [ 597321.875, 2306506.25 ], [ 597320.3125, 2306500.3125 ], [ 597319.53125, 2306486.09375 ], [ 597317.65625, 2306476.71875 ], [ 597302.34375, 2306443.28125 ], [ 597300.15625, 2306430.46875 ], [ 597300.0, 2306393.125 ], [ 597298.125, 2306383.75 ], [ 597295.3125, 2306379.0625 ], [ 597286.5625, 2306372.8125 ], [ 597283.125, 2306368.75 ], [ 597280.9375, 2306363.4375 ], [ 597279.6875, 2306349.6875 ], [ 597278.125, 2306343.75 ], [ 597275.3125, 2306339.0625 ], [ 597266.5625, 2306332.8125 ], [ 597261.875, 2306326.25 ], [ 597260.3125, 2306320.3125 ], [ 597259.0625, 2306302.8125 ], [ 597256.71875, 2306293.90625 ], [ 597204.375, 2306188.75 ], [ 597200.9375, 2306177.1875 ], [ 597199.6875, 2306159.6875 ], [ 597198.125, 2306153.75 ], [ 597195.3125, 2306149.0625 ], [ 597182.1875, 2306139.6875 ], [ 597175.625, 2306131.25 ], [ 597104.375, 2305988.75 ], [ 597097.8125, 2305980.3125 ], [ 597086.5625, 2305972.8125 ], [ 597083.125, 2305968.75 ], [ 597080.9375, 2305963.4375 ], [ 597079.6875, 2305949.6875 ], [ 597076.875, 2305941.25 ], [ 597071.25, 2305935.625 ], [ 597046.40625, 2305922.96875 ], [ 597038.59375, 2305915.78125 ], [ 597021.40625, 2305884.21875 ], [ 597015.78125, 2305878.59375 ], [ 597006.5625, 2305872.8125 ], [ 597003.125, 2305868.75 ], [ 597000.3125, 2305860.3125 ], [ 596999.53125, 2305849.84375 ], [ 596997.1875, 2305844.6875 ], [ 596995.3125, 2305842.8125 ], [ 596990.15625, 2305840.46875 ], [ 596979.6875, 2305839.6875 ], [ 596971.25, 2305836.875 ], [ 596967.1875, 2305833.4375 ], [ 596959.6875, 2305822.1875 ], [ 596951.25, 2305815.625 ], [ 596768.75, 2305724.375 ], [ 596757.1875, 2305720.9375 ], [ 596739.6875, 2305719.6875 ], [ 596733.75, 2305718.125 ], [ 596729.0625, 2305715.3125 ], [ 596722.8125, 2305706.5625 ], [ 596718.75, 2305703.125 ], [ 596713.4375, 2305700.9375 ], [ 596699.6875, 2305699.6875 ], [ 596693.75, 2305698.125 ], [ 596689.0625, 2305695.3125 ], [ 596682.8125, 2305686.5625 ], [ 596678.75, 2305683.125 ], [ 596673.4375, 2305680.9375 ], [ 596659.6875, 2305679.6875 ], [ 596653.75, 2305678.125 ], [ 596649.0625, 2305675.3125 ], [ 596642.8125, 2305666.5625 ], [ 596638.75, 2305663.125 ], [ 596633.4375, 2305660.9375 ], [ 596619.6875, 2305659.6875 ], [ 596613.75, 2305658.125 ], [ 596609.0625, 2305655.3125 ], [ 596602.8125, 2305646.5625 ], [ 596598.75, 2305643.125 ], [ 596593.4375, 2305640.9375 ], [ 596579.6875, 2305639.6875 ], [ 596573.75, 2305638.125 ], [ 596569.0625, 2305635.3125 ], [ 596562.8125, 2305626.5625 ], [ 596558.75, 2305623.125 ], [ 596553.4375, 2305620.9375 ], [ 596539.6875, 2305619.6875 ], [ 596533.75, 2305618.125 ], [ 596529.0625, 2305615.3125 ], [ 596522.8125, 2305606.5625 ], [ 596518.75, 2305603.125 ], [ 596513.4375, 2305600.9375 ], [ 596499.6875, 2305599.6875 ], [ 596493.75, 2305598.125 ], [ 596489.0625, 2305595.3125 ], [ 596482.8125, 2305586.5625 ], [ 596478.75, 2305583.125 ], [ 596473.4375, 2305580.9375 ], [ 596459.6875, 2305579.6875 ], [ 596453.75, 2305578.125 ], [ 596449.0625, 2305575.3125 ], [ 596442.8125, 2305566.5625 ], [ 596438.75, 2305563.125 ], [ 596433.4375, 2305560.9375 ], [ 596419.6875, 2305559.6875 ], [ 596413.75, 2305558.125 ], [ 596409.0625, 2305555.3125 ], [ 596402.8125, 2305546.5625 ], [ 596398.75, 2305543.125 ], [ 596393.4375, 2305540.9375 ], [ 596379.6875, 2305539.6875 ], [ 596373.75, 2305538.125 ], [ 596369.0625, 2305535.3125 ], [ 596362.8125, 2305526.5625 ], [ 596358.75, 2305523.125 ], [ 596353.4375, 2305520.9375 ], [ 596339.6875, 2305519.6875 ], [ 596333.75, 2305518.125 ], [ 596329.0625, 2305515.3125 ], [ 596322.8125, 2305506.5625 ], [ 596318.75, 2305503.125 ], [ 596313.4375, 2305500.9375 ], [ 596299.6875, 2305499.6875 ], [ 596293.75, 2305498.125 ], [ 596289.0625, 2305495.3125 ], [ 596282.8125, 2305486.5625 ], [ 596278.75, 2305483.125 ], [ 596273.4375, 2305480.9375 ], [ 596259.6875, 2305479.6875 ], [ 596253.75, 2305478.125 ], [ 596249.0625, 2305475.3125 ], [ 596242.8125, 2305466.5625 ], [ 596238.75, 2305463.125 ], [ 596233.4375, 2305460.9375 ], [ 596219.6875, 2305459.6875 ], [ 596213.75, 2305458.125 ], [ 596209.0625, 2305455.3125 ], [ 596202.8125, 2305446.5625 ], [ 596198.75, 2305443.125 ], [ 596193.4375, 2305440.9375 ], [ 596179.6875, 2305439.6875 ], [ 596173.75, 2305438.125 ], [ 596169.0625, 2305435.3125 ], [ 596162.8125, 2305426.5625 ], [ 596156.25, 2305421.875 ], [ 596146.875, 2305420.0 ], [ 596113.125, 2305420.0 ], [ 596106.5625, 2305419.0625 ], [ 596099.0625, 2305415.3125 ], [ 596092.8125, 2305406.5625 ], [ 596086.25, 2305401.875 ], [ 596080.3125, 2305400.3125 ], [ 596069.6875, 2305399.6875 ], [ 596061.25, 2305396.875 ], [ 596057.1875, 2305393.4375 ], [ 596052.8125, 2305386.5625 ], [ 596046.25, 2305381.875 ], [ 596040.3125, 2305380.3125 ], [ 596029.6875, 2305379.6875 ], [ 596021.25, 2305376.875 ], [ 596015.625, 2305371.25 ], [ 596004.375, 2305348.75 ], [ 595998.75, 2305343.125 ], [ 595993.4375, 2305340.9375 ], [ 595979.6875, 2305339.6875 ], [ 595973.75, 2305338.125 ], [ 595969.0625, 2305335.3125 ], [ 595962.8125, 2305326.5625 ], [ 595958.75, 2305323.125 ], [ 595953.4375, 2305320.9375 ], [ 595939.6875, 2305319.6875 ], [ 595931.25, 2305316.875 ], [ 595927.1875, 2305313.4375 ], [ 595921.40625, 2305304.21875 ], [ 595915.78125, 2305298.59375 ], [ 595911.25, 2305295.625 ], [ 595846.40625, 2305262.96875 ], [ 595840.3125, 2305257.8125 ], [ 595832.8125, 2305246.5625 ], [ 595828.75, 2305243.125 ], [ 595823.4375, 2305240.9375 ], [ 595809.6875, 2305239.6875 ], [ 595801.25, 2305236.875 ], [ 595795.625, 2305231.25 ], [ 595784.375, 2305208.75 ], [ 595780.9375, 2305204.6875 ], [ 595773.4375, 2305200.9375 ], [ 595759.6875, 2305199.6875 ], [ 595751.25, 2305196.875 ], [ 595747.1875, 2305193.4375 ], [ 595742.96875, 2305186.40625 ], [ 595737.8125, 2305180.3125 ], [ 595731.25, 2305175.625 ], [ 595708.75, 2305164.375 ], [ 595704.21875, 2305161.40625 ], [ 595698.59375, 2305155.78125 ], [ 595692.8125, 2305146.5625 ], [ 595688.75, 2305143.125 ], [ 595680.3125, 2305140.3125 ], [ 595666.5625, 2305139.0625 ], [ 595659.0625, 2305135.3125 ], [ 595655.625, 2305131.25 ], [ 595644.375, 2305108.75 ], [ 595638.75, 2305103.125 ], [ 595633.4375, 2305100.9375 ], [ 595619.6875, 2305099.6875 ], [ 595611.25, 2305096.875 ], [ 595607.1875, 2305093.4375 ], [ 595602.96875, 2305086.40625 ], [ 595597.8125, 2305080.3125 ], [ 595591.25, 2305075.625 ], [ 595568.75, 2305064.375 ], [ 595564.21875, 2305061.40625 ], [ 595558.59375, 2305055.78125 ], [ 595552.8125, 2305046.5625 ], [ 595548.75, 2305043.125 ], [ 595540.3125, 2305040.3125 ], [ 595526.5625, 2305039.0625 ], [ 595519.0625, 2305035.3125 ], [ 595515.625, 2305031.25 ], [ 595502.96875, 2305006.40625 ], [ 595497.8125, 2305000.3125 ], [ 595491.25, 2304995.625 ], [ 595428.75, 2304964.375 ], [ 595424.21875, 2304961.40625 ], [ 595417.03125, 2304953.59375 ], [ 595404.375, 2304928.75 ], [ 595399.6875, 2304922.1875 ], [ 595393.59375, 2304917.03125 ], [ 595368.75, 2304904.375 ], [ 595362.1875, 2304899.6875 ], [ 595357.03125, 2304893.59375 ], [ 595344.375, 2304868.75 ], [ 595339.6875, 2304862.1875 ], [ 595333.59375, 2304857.03125 ], [ 595308.75, 2304844.375 ], [ 595304.6875, 2304840.9375 ], [ 595300.9375, 2304833.4375 ], [ 595299.6875, 2304819.6875 ], [ 595296.875, 2304811.25 ], [ 595293.4375, 2304807.1875 ], [ 595286.5625, 2304802.8125 ], [ 595281.875, 2304796.25 ], [ 595280.3125, 2304790.3125 ], [ 595279.6875, 2304779.6875 ], [ 595276.875, 2304771.25 ], [ 595273.4375, 2304767.1875 ], [ 595262.1875, 2304759.6875 ], [ 595257.03125, 2304753.59375 ], [ 595204.375, 2304648.75 ], [ 595197.8125, 2304640.3125 ], [ 595186.5625, 2304632.8125 ], [ 595183.125, 2304628.75 ], [ 595180.9375, 2304623.4375 ], [ 595179.6875, 2304609.6875 ], [ 595178.125, 2304603.75 ], [ 595175.3125, 2304599.0625 ], [ 595166.5625, 2304592.8125 ], [ 595163.125, 2304588.75 ], [ 595160.9375, 2304583.4375 ], [ 595159.6875, 2304569.6875 ], [ 595158.125, 2304563.75 ], [ 595155.3125, 2304559.0625 ], [ 595146.5625, 2304552.8125 ], [ 595143.125, 2304548.75 ], [ 595140.9375, 2304543.4375 ], [ 595139.6875, 2304529.6875 ], [ 595138.125, 2304523.75 ], [ 595135.3125, 2304519.0625 ], [ 595126.5625, 2304512.8125 ], [ 595121.875, 2304506.25 ], [ 595120.3125, 2304500.3125 ], [ 595119.0625, 2304482.8125 ], [ 595116.71875, 2304473.90625 ], [ 595064.375, 2304368.75 ], [ 595060.9375, 2304357.1875 ], [ 595059.6875, 2304339.6875 ], [ 595058.125, 2304333.75 ], [ 595055.3125, 2304329.0625 ], [ 595046.5625, 2304322.8125 ], [ 595043.125, 2304318.75 ], [ 595040.9375, 2304313.4375 ], [ 595039.6875, 2304299.6875 ], [ 595038.125, 2304293.75 ], [ 595035.3125, 2304289.0625 ], [ 595026.5625, 2304282.8125 ], [ 595023.125, 2304278.75 ], [ 595020.9375, 2304273.4375 ], [ 595019.6875, 2304259.6875 ], [ 595018.125, 2304253.75 ], [ 595015.3125, 2304249.0625 ], [ 595006.5625, 2304242.8125 ], [ 595001.875, 2304236.25 ], [ 595000.0, 2304226.875 ], [ 595000.0, 2304193.125 ], [ 594999.0625, 2304186.5625 ], [ 594995.3125, 2304179.0625 ], [ 594986.5625, 2304172.8125 ], [ 594981.875, 2304166.25 ], [ 594980.3125, 2304160.3125 ], [ 594979.84375, 2304149.53125 ], [ 594978.4375, 2304139.6875 ], [ 594975.625, 2304131.25 ], [ 594964.375, 2304108.75 ], [ 594962.34375, 2304103.28125 ], [ 594960.46875, 2304093.90625 ], [ 594959.6875, 2304079.6875 ], [ 594958.125, 2304073.75 ], [ 594953.4375, 2304067.1875 ], [ 594944.6875, 2304060.9375 ], [ 594940.9375, 2304053.4375 ], [ 594940.0, 2304046.875 ], [ 594940.0, 2304013.125 ], [ 594938.125, 2304003.75 ], [ 594935.3125, 2303999.0625 ], [ 594926.5625, 2303992.8125 ], [ 594921.875, 2303986.25 ], [ 594920.3125, 2303980.3125 ], [ 594919.84375, 2303969.53125 ], [ 594918.4375, 2303959.6875 ], [ 594915.625, 2303951.25 ], [ 594904.375, 2303928.75 ], [ 594902.34375, 2303923.28125 ], [ 594900.46875, 2303913.90625 ], [ 594899.6875, 2303899.6875 ], [ 594898.125, 2303893.75 ], [ 594893.4375, 2303887.1875 ], [ 594884.6875, 2303880.9375 ], [ 594880.9375, 2303873.4375 ], [ 594880.0, 2303866.875 ], [ 594880.0, 2303833.125 ], [ 594879.0625, 2303826.5625 ], [ 594875.3125, 2303819.0625 ], [ 594864.6875, 2303810.9375 ], [ 594860.9375, 2303803.4375 ], [ 594860.0, 2303796.875 ], [ 594860.0, 2303763.125 ], [ 594859.0625, 2303756.5625 ], [ 594855.3125, 2303749.0625 ], [ 594844.6875, 2303740.9375 ], [ 594840.9375, 2303733.4375 ], [ 594840.0, 2303726.875 ], [ 594840.0, 2303693.125 ], [ 594839.0625, 2303686.5625 ], [ 594835.3125, 2303679.0625 ], [ 594826.5625, 2303672.8125 ], [ 594821.875, 2303666.25 ], [ 594820.3125, 2303660.3125 ], [ 594819.53125, 2303646.09375 ], [ 594817.65625, 2303636.71875 ], [ 594802.34375, 2303603.28125 ], [ 594800.15625, 2303590.46875 ], [ 594800.0, 2303553.125 ], [ 594798.4375, 2303539.6875 ], [ 594795.625, 2303531.25 ], [ 594784.375, 2303508.75 ], [ 594780.9375, 2303497.1875 ], [ 594780.0, 2303486.875 ], [ 594780.0, 2302733.125 ], [ 594780.9375, 2302726.5625 ], [ 594783.125, 2302721.25 ], [ 594786.5625, 2302717.1875 ], [ 594795.3125, 2302710.9375 ], [ 594798.125, 2302706.25 ], [ 594799.6875, 2302700.3125 ], [ 594800.0, 2302513.125 ], [ 594800.9375, 2302506.5625 ], [ 594804.6875, 2302499.0625 ], [ 594815.3125, 2302490.9375 ], [ 594819.0625, 2302483.4375 ], [ 594820.0, 2302476.875 ], [ 594820.0, 2302443.125 ], [ 594820.9375, 2302436.5625 ], [ 594824.6875, 2302429.0625 ], [ 594835.3125, 2302420.9375 ], [ 594839.0625, 2302413.4375 ], [ 594840.0, 2302406.875 ], [ 594840.0, 2302373.125 ], [ 594840.9375, 2302366.5625 ], [ 594844.6875, 2302359.0625 ], [ 594855.3125, 2302350.9375 ], [ 594859.0625, 2302343.4375 ], [ 594860.0, 2302336.875 ], [ 594860.0, 2302303.125 ], [ 594860.9375, 2302296.5625 ], [ 594864.6875, 2302289.0625 ], [ 594875.3125, 2302280.9375 ], [ 594879.0625, 2302273.4375 ], [ 594880.0, 2302266.875 ], [ 594880.0, 2302233.125 ], [ 594880.9375, 2302226.5625 ], [ 594884.6875, 2302219.0625 ], [ 594895.3125, 2302210.9375 ], [ 594899.0625, 2302203.4375 ], [ 594900.0, 2302196.875 ], [ 594900.0, 2302163.125 ], [ 594900.9375, 2302156.5625 ], [ 594904.6875, 2302149.0625 ], [ 594915.3125, 2302140.9375 ], [ 594919.0625, 2302133.4375 ], [ 594920.0, 2302126.875 ], [ 594920.15625, 2302089.53125 ], [ 594921.5625, 2302079.6875 ], [ 594924.375, 2302071.25 ], [ 594935.625, 2302048.75 ], [ 594937.65625, 2302043.28125 ], [ 594939.53125, 2302033.90625 ], [ 594940.3125, 2302019.6875 ], [ 594941.875, 2302013.75 ], [ 594946.5625, 2302007.1875 ], [ 594955.3125, 2302000.9375 ], [ 594959.0625, 2301993.4375 ], [ 594960.0, 2301986.875 ], [ 594960.0, 2301953.125 ], [ 594960.9375, 2301946.5625 ], [ 594964.6875, 2301939.0625 ], [ 594975.3125, 2301930.9375 ], [ 594979.0625, 2301923.4375 ], [ 594980.0, 2301916.875 ], [ 594980.3125, 2301879.6875 ], [ 594983.125, 2301871.25 ], [ 594986.5625, 2301867.1875 ], [ 594995.3125, 2301860.9375 ], [ 594999.0625, 2301853.4375 ], [ 595000.0, 2301846.875 ], [ 595000.0, 2301813.125 ], [ 595000.9375, 2301806.5625 ], [ 595004.6875, 2301799.0625 ], [ 595013.4375, 2301792.8125 ], [ 595018.125, 2301786.25 ], [ 595019.6875, 2301780.3125 ], [ 595020.15625, 2301769.53125 ], [ 595021.5625, 2301759.6875 ], [ 595024.375, 2301751.25 ], [ 595035.625, 2301728.75 ], [ 595037.65625, 2301723.28125 ], [ 595039.53125, 2301713.90625 ], [ 595040.3125, 2301699.6875 ], [ 595041.875, 2301693.75 ], [ 595044.6875, 2301689.0625 ], [ 595053.4375, 2301682.8125 ], [ 595058.125, 2301676.25 ], [ 595060.0, 2301666.875 ], [ 595060.0, 2301633.125 ], [ 595060.9375, 2301626.5625 ], [ 595064.6875, 2301619.0625 ], [ 595073.4375, 2301612.8125 ], [ 595078.125, 2301606.25 ], [ 595079.6875, 2301600.3125 ], [ 595080.15625, 2301589.53125 ], [ 595081.5625, 2301579.6875 ], [ 595084.375, 2301571.25 ], [ 595095.625, 2301548.75 ], [ 595097.65625, 2301543.28125 ], [ 595099.53125, 2301533.90625 ], [ 595100.3125, 2301519.6875 ], [ 595101.875, 2301513.75 ], [ 595104.6875, 2301509.0625 ], [ 595113.4375, 2301502.8125 ], [ 595118.125, 2301496.25 ], [ 595120.0, 2301486.875 ], [ 595120.0, 2301453.125 ], [ 595120.9375, 2301446.5625 ], [ 595124.6875, 2301439.0625 ], [ 595133.4375, 2301432.8125 ], [ 595138.125, 2301426.25 ], [ 595139.6875, 2301420.3125 ], [ 595140.15625, 2301409.53125 ], [ 595141.5625, 2301399.6875 ], [ 595144.375, 2301391.25 ], [ 595155.625, 2301368.75 ], [ 595157.65625, 2301363.28125 ], [ 595159.53125, 2301353.90625 ], [ 595160.3125, 2301339.6875 ], [ 595161.875, 2301333.75 ], [ 595164.6875, 2301329.0625 ], [ 595173.4375, 2301322.8125 ], [ 595178.125, 2301316.25 ], [ 595180.0, 2301306.875 ], [ 595180.0, 2301273.125 ], [ 595180.9375, 2301266.5625 ], [ 595184.6875, 2301259.0625 ], [ 595193.4375, 2301252.8125 ], [ 595198.125, 2301246.25 ], [ 595199.6875, 2301240.3125 ], [ 595200.15625, 2301229.53125 ], [ 595201.5625, 2301219.6875 ], [ 595204.375, 2301211.25 ], [ 595215.625, 2301188.75 ], [ 595217.65625, 2301183.28125 ], [ 595219.53125, 2301173.90625 ], [ 595220.3125, 2301159.6875 ], [ 595221.875, 2301153.75 ], [ 595224.6875, 2301149.0625 ], [ 595233.4375, 2301142.8125 ], [ 595238.125, 2301136.25 ], [ 595240.0, 2301126.875 ], [ 595240.0, 2301093.125 ], [ 595241.875, 2301083.75 ], [ 595244.6875, 2301079.0625 ], [ 595253.4375, 2301072.8125 ], [ 595256.875, 2301068.75 ], [ 595259.0625, 2301063.4375 ], [ 595260.3125, 2301049.6875 ], [ 595261.875, 2301043.75 ], [ 595264.6875, 2301039.0625 ], [ 595273.4375, 2301032.8125 ], [ 595278.125, 2301026.25 ], [ 595279.6875, 2301020.3125 ], [ 595280.15625, 2301009.53125 ], [ 595281.5625, 2300999.6875 ], [ 595284.375, 2300991.25 ], [ 595295.625, 2300968.75 ], [ 595297.65625, 2300963.28125 ], [ 595299.53125, 2300953.90625 ], [ 595300.3125, 2300939.6875 ], [ 595301.875, 2300933.75 ], [ 595304.6875, 2300929.0625 ], [ 595313.4375, 2300922.8125 ], [ 595316.875, 2300918.75 ], [ 595319.0625, 2300913.4375 ], [ 595320.3125, 2300899.6875 ], [ 595321.875, 2300893.75 ], [ 595324.6875, 2300889.0625 ], [ 595333.4375, 2300882.8125 ], [ 595338.125, 2300876.25 ], [ 595340.0, 2300866.875 ], [ 595340.0, 2300833.125 ], [ 595340.9375, 2300826.5625 ], [ 595344.6875, 2300819.0625 ], [ 595353.4375, 2300812.8125 ], [ 595358.125, 2300806.25 ], [ 595359.6875, 2300800.3125 ], [ 595360.46875, 2300786.09375 ], [ 595362.34375, 2300776.71875 ], [ 595364.375, 2300771.25 ], [ 595396.71875, 2300706.09375 ], [ 595399.0625, 2300697.1875 ], [ 595400.3125, 2300679.6875 ], [ 595401.875, 2300673.75 ], [ 595404.6875, 2300669.0625 ], [ 595413.4375, 2300662.8125 ], [ 595418.125, 2300656.25 ], [ 595420.0, 2300646.875 ], [ 595420.0, 2300613.125 ], [ 595421.875, 2300603.75 ], [ 595424.6875, 2300599.0625 ], [ 595433.4375, 2300592.8125 ], [ 595438.125, 2300586.25 ], [ 595439.6875, 2300580.3125 ], [ 595440.46875, 2300566.09375 ], [ 595442.34375, 2300556.71875 ], [ 595444.375, 2300551.25 ], [ 595476.71875, 2300486.09375 ], [ 595479.0625, 2300477.1875 ], [ 595480.3125, 2300459.6875 ], [ 595481.875, 2300453.75 ], [ 595484.6875, 2300449.0625 ], [ 595493.4375, 2300442.8125 ], [ 595496.875, 2300438.75 ], [ 595499.0625, 2300433.4375 ], [ 595500.3125, 2300419.6875 ], [ 595501.875, 2300413.75 ], [ 595504.6875, 2300409.0625 ], [ 595513.4375, 2300402.8125 ], [ 595516.875, 2300398.75 ], [ 595519.0625, 2300393.4375 ], [ 595520.3125, 2300379.6875 ], [ 595521.875, 2300373.75 ], [ 595524.6875, 2300369.0625 ], [ 595533.4375, 2300362.8125 ], [ 595538.125, 2300356.25 ], [ 595540.0, 2300346.875 ], [ 595540.0, 2300313.125 ], [ 595541.875, 2300303.75 ], [ 595544.6875, 2300299.0625 ], [ 595553.4375, 2300292.8125 ], [ 595556.875, 2300288.75 ], [ 595559.0625, 2300283.4375 ], [ 595560.3125, 2300269.6875 ], [ 595561.875, 2300263.75 ], [ 595564.6875, 2300259.0625 ], [ 595573.4375, 2300252.8125 ], [ 595576.875, 2300248.75 ], [ 595579.0625, 2300243.4375 ], [ 595580.3125, 2300229.6875 ], [ 595581.875, 2300223.75 ], [ 595584.6875, 2300219.0625 ], [ 595593.4375, 2300212.8125 ], [ 595598.125, 2300206.25 ], [ 595599.6875, 2300200.3125 ], [ 595600.9375, 2300182.8125 ], [ 595604.375, 2300171.25 ], [ 595715.625, 2299948.75 ], [ 595722.1875, 2299940.3125 ], [ 595733.4375, 2299932.8125 ], [ 595736.875, 2299928.75 ], [ 595739.0625, 2299923.4375 ], [ 595740.3125, 2299909.6875 ], [ 595741.875, 2299903.75 ], [ 595744.6875, 2299899.0625 ], [ 595753.4375, 2299892.8125 ], [ 595756.875, 2299888.75 ], [ 595759.0625, 2299883.4375 ], [ 595760.3125, 2299869.6875 ], [ 595763.125, 2299861.25 ], [ 595768.75, 2299855.625 ], [ 595791.25, 2299844.375 ], [ 595796.875, 2299838.75 ], [ 595799.0625, 2299833.4375 ], [ 595800.3125, 2299819.6875 ], [ 595801.875, 2299813.75 ], [ 595804.6875, 2299809.0625 ], [ 595813.4375, 2299802.8125 ], [ 595816.875, 2299798.75 ], [ 595819.0625, 2299793.4375 ], [ 595820.3125, 2299779.6875 ], [ 595823.125, 2299771.25 ], [ 595826.5625, 2299767.1875 ], [ 595835.78125, 2299761.40625 ], [ 595841.40625, 2299755.78125 ], [ 595844.375, 2299751.25 ], [ 595877.03125, 2299686.40625 ], [ 595882.1875, 2299680.3125 ], [ 595893.4375, 2299672.8125 ], [ 595896.875, 2299668.75 ], [ 595899.0625, 2299663.4375 ], [ 595900.3125, 2299649.6875 ], [ 595901.875, 2299643.75 ], [ 595904.6875, 2299639.0625 ], [ 595913.4375, 2299632.8125 ], [ 595916.875, 2299628.75 ], [ 595919.0625, 2299623.4375 ], [ 595920.3125, 2299609.6875 ], [ 595923.125, 2299601.25 ], [ 595928.75, 2299595.625 ], [ 595951.25, 2299584.375 ], [ 595955.3125, 2299580.9375 ], [ 595959.0625, 2299573.4375 ], [ 595960.3125, 2299559.6875 ], [ 595963.125, 2299551.25 ], [ 595966.5625, 2299547.1875 ], [ 595973.59375, 2299542.96875 ], [ 595979.6875, 2299537.8125 ], [ 595984.375, 2299531.25 ], [ 595995.625, 2299508.75 ], [ 595998.59375, 2299504.21875 ], [ 596004.21875, 2299498.59375 ], [ 596013.4375, 2299492.8125 ], [ 596016.875, 2299488.75 ], [ 596019.6875, 2299480.3125 ], [ 596020.9375, 2299466.5625 ], [ 596024.6875, 2299459.0625 ], [ 596028.75, 2299455.625 ], [ 596053.59375, 2299442.96875 ], [ 596061.40625, 2299435.78125 ], [ 596064.375, 2299431.25 ], [ 596095.625, 2299368.75 ], [ 596100.3125, 2299362.1875 ], [ 596106.40625, 2299357.03125 ], [ 596131.25, 2299344.375 ], [ 596137.8125, 2299339.6875 ], [ 596142.96875, 2299333.59375 ], [ 596155.625, 2299308.75 ], [ 596160.3125, 2299302.1875 ], [ 596166.40625, 2299297.03125 ], [ 596191.25, 2299284.375 ], [ 596197.8125, 2299279.6875 ], [ 596202.96875, 2299273.59375 ], [ 596215.625, 2299248.75 ], [ 596220.3125, 2299242.1875 ], [ 596226.40625, 2299237.03125 ], [ 596251.25, 2299224.375 ], [ 596257.8125, 2299219.6875 ], [ 596262.96875, 2299213.59375 ], [ 596275.625, 2299188.75 ], [ 596280.3125, 2299182.1875 ], [ 596286.40625, 2299177.03125 ], [ 596311.25, 2299164.375 ], [ 596317.8125, 2299159.6875 ], [ 596322.96875, 2299153.59375 ], [ 596335.625, 2299128.75 ], [ 596340.3125, 2299122.1875 ], [ 596346.40625, 2299117.03125 ], [ 596371.25, 2299104.375 ], [ 596377.8125, 2299099.6875 ], [ 596382.96875, 2299093.59375 ], [ 596395.625, 2299068.75 ], [ 596400.3125, 2299062.1875 ], [ 596406.40625, 2299057.03125 ], [ 596431.25, 2299044.375 ], [ 596437.8125, 2299039.6875 ], [ 596442.96875, 2299033.59375 ], [ 596455.625, 2299008.75 ], [ 596460.3125, 2299002.1875 ], [ 596466.40625, 2298997.03125 ], [ 596491.25, 2298984.375 ], [ 596497.8125, 2298979.6875 ], [ 596502.96875, 2298973.59375 ], [ 596515.625, 2298948.75 ], [ 596519.0625, 2298944.6875 ], [ 596526.5625, 2298940.9375 ], [ 596540.3125, 2298939.6875 ], [ 596548.75, 2298936.875 ], [ 596552.8125, 2298933.4375 ], [ 596558.59375, 2298924.21875 ], [ 596564.21875, 2298918.59375 ], [ 596595.78125, 2298901.40625 ], [ 596602.96875, 2298893.59375 ], [ 596615.625, 2298868.75 ], [ 596621.25, 2298863.125 ], [ 596626.5625, 2298860.9375 ], [ 596640.3125, 2298859.6875 ], [ 596646.25, 2298858.125 ], [ 596650.9375, 2298855.3125 ], [ 596657.1875, 2298846.5625 ], [ 596661.25, 2298843.125 ], [ 596666.5625, 2298840.9375 ], [ 596680.3125, 2298839.6875 ], [ 596688.75, 2298836.875 ], [ 596692.8125, 2298833.4375 ], [ 596698.59375, 2298824.21875 ], [ 596704.21875, 2298818.59375 ], [ 596708.75, 2298815.625 ], [ 596733.90625, 2298803.28125 ], [ 596739.6875, 2298801.5625 ], [ 596749.53125, 2298800.15625 ], [ 596786.875, 2298800.0 ], [ 596796.25, 2298798.125 ], [ 596800.9375, 2298795.3125 ], [ 596807.1875, 2298786.5625 ], [ 596811.25, 2298783.125 ], [ 596816.5625, 2298780.9375 ], [ 596830.3125, 2298779.6875 ], [ 596836.25, 2298778.125 ], [ 596840.9375, 2298775.3125 ], [ 596847.1875, 2298766.5625 ], [ 596851.25, 2298763.125 ], [ 596856.5625, 2298760.9375 ], [ 596870.3125, 2298759.6875 ], [ 596876.25, 2298758.125 ], [ 596880.9375, 2298755.3125 ], [ 596887.1875, 2298746.5625 ], [ 596893.75, 2298741.875 ], [ 596899.6875, 2298740.3125 ], [ 596913.90625, 2298739.53125 ], [ 596923.28125, 2298737.65625 ], [ 596928.75, 2298735.625 ], [ 596993.90625, 2298703.28125 ], [ 597002.8125, 2298700.9375 ], [ 597020.3125, 2298699.6875 ], [ 597026.25, 2298698.125 ], [ 597030.9375, 2298695.3125 ], [ 597037.1875, 2298686.5625 ], [ 597041.25, 2298683.125 ], [ 597046.5625, 2298680.9375 ], [ 597060.3125, 2298679.6875 ], [ 597066.25, 2298678.125 ], [ 597070.9375, 2298675.3125 ], [ 597077.1875, 2298666.5625 ], [ 597083.75, 2298661.875 ], [ 597093.125, 2298660.0 ], [ 597126.875, 2298660.0 ], [ 597133.4375, 2298659.0625 ], [ 597140.9375, 2298655.3125 ], [ 597147.1875, 2298646.5625 ], [ 597153.75, 2298641.875 ], [ 597159.6875, 2298640.3125 ], [ 597170.46875, 2298639.84375 ], [ 597180.3125, 2298638.4375 ], [ 597188.75, 2298635.625 ], [ 597211.25, 2298624.375 ], [ 597216.71875, 2298622.34375 ], [ 597226.09375, 2298620.46875 ], [ 597240.3125, 2298619.6875 ], [ 597246.25, 2298618.125 ], [ 597250.9375, 2298615.3125 ], [ 597257.1875, 2298606.5625 ], [ 597263.75, 2298601.875 ], [ 597273.125, 2298600.0 ], [ 597306.875, 2298600.0 ], [ 597313.4375, 2298599.0625 ], [ 597320.9375, 2298595.3125 ], [ 597327.1875, 2298586.5625 ], [ 597333.75, 2298581.875 ], [ 597339.6875, 2298580.3125 ], [ 597350.46875, 2298579.84375 ], [ 597360.3125, 2298578.4375 ], [ 597368.75, 2298575.625 ], [ 597391.25, 2298564.375 ], [ 597396.71875, 2298562.34375 ], [ 597406.09375, 2298560.46875 ], [ 597420.3125, 2298559.6875 ], [ 597426.25, 2298558.125 ], [ 597430.9375, 2298555.3125 ], [ 597437.1875, 2298546.5625 ], [ 597443.75, 2298541.875 ], [ 597453.125, 2298540.0 ], [ 597486.875, 2298540.0 ], [ 597493.4375, 2298539.0625 ], [ 597500.9375, 2298535.3125 ], [ 597507.1875, 2298526.5625 ], [ 597513.75, 2298521.875 ], [ 597519.6875, 2298520.3125 ], [ 597533.90625, 2298519.53125 ], [ 597543.28125, 2298517.65625 ], [ 597548.75, 2298515.625 ], [ 597571.25, 2298504.375 ], [ 597579.6875, 2298501.5625 ], [ 597589.53125, 2298500.15625 ], [ 597626.875, 2298500.0 ], [ 597633.4375, 2298499.0625 ], [ 597640.9375, 2298495.3125 ], [ 597649.0625, 2298484.6875 ], [ 597656.5625, 2298480.9375 ], [ 597663.125, 2298480.0 ], [ 597730.3125, 2298479.6875 ], [ 597738.75, 2298476.875 ], [ 597742.8125, 2298473.4375 ], [ 597749.0625, 2298464.6875 ], [ 597756.5625, 2298460.9375 ], [ 597763.125, 2298460.0 ], [ 597830.3125, 2298459.6875 ], [ 597838.75, 2298456.875 ], [ 597842.8125, 2298453.4375 ], [ 597849.0625, 2298444.6875 ], [ 597856.5625, 2298440.9375 ], [ 597863.125, 2298440.0 ], [ 597926.875, 2298440.0 ], [ 597937.1875, 2298439.0625 ], [ 597946.09375, 2298436.71875 ], [ 597971.25, 2298424.375 ], [ 597982.8125, 2298420.9375 ], [ 597993.125, 2298420.0 ], [ 598060.3125, 2298419.6875 ], [ 598068.75, 2298416.875 ], [ 598072.8125, 2298413.4375 ], [ 598079.0625, 2298404.6875 ], [ 598083.75, 2298401.875 ], [ 598089.6875, 2298400.3125 ], [ 598193.90625, 2298399.53125 ], [ 598206.09375, 2298396.71875 ], [ 598233.90625, 2298383.28125 ], [ 598239.6875, 2298381.5625 ], [ 598249.53125, 2298380.15625 ], [ 598380.3125, 2298379.6875 ], [ 598388.75, 2298376.875 ], [ 598392.8125, 2298373.4375 ], [ 598399.0625, 2298364.6875 ], [ 598403.75, 2298361.875 ], [ 598409.6875, 2298360.3125 ], [ 598540.3125, 2298359.6875 ], [ 598548.75, 2298356.875 ], [ 598552.8125, 2298353.4375 ], [ 598559.0625, 2298344.6875 ], [ 598563.75, 2298341.875 ], [ 598569.6875, 2298340.3125 ], [ 598670.46875, 2298339.84375 ], [ 598677.1875, 2298339.0625 ], [ 598686.09375, 2298336.71875 ], [ 598711.25, 2298324.375 ], [ 598722.8125, 2298320.9375 ], [ 598733.125, 2298320.0 ], [ 598800.3125, 2298319.6875 ], [ 598808.75, 2298316.875 ], [ 598812.8125, 2298313.4375 ], [ 598819.0625, 2298304.6875 ], [ 598826.5625, 2298300.9375 ], [ 598833.125, 2298300.0 ], [ 598900.3125, 2298299.6875 ], [ 598908.75, 2298296.875 ], [ 598912.8125, 2298293.4375 ], [ 598919.0625, 2298284.6875 ], [ 598926.5625, 2298280.9375 ], [ 598933.125, 2298280.0 ], [ 599000.3125, 2298279.6875 ], [ 599008.75, 2298276.875 ], [ 599012.8125, 2298273.4375 ], [ 599019.0625, 2298264.6875 ], [ 599026.5625, 2298260.9375 ], [ 599033.125, 2298260.0 ], [ 599100.3125, 2298259.6875 ], [ 599108.75, 2298256.875 ], [ 599112.8125, 2298253.4375 ], [ 599119.0625, 2298244.6875 ], [ 599123.75, 2298241.875 ], [ 599129.6875, 2298240.3125 ], [ 599230.3125, 2298239.6875 ], [ 599238.75, 2298236.875 ], [ 599242.8125, 2298233.4375 ], [ 599249.0625, 2298224.6875 ], [ 599256.5625, 2298220.9375 ], [ 599263.125, 2298220.0 ], [ 599326.875, 2298220.0 ], [ 599333.4375, 2298219.0625 ], [ 599340.9375, 2298215.3125 ], [ 599347.1875, 2298206.5625 ], [ 599353.75, 2298201.875 ], [ 599359.6875, 2298200.3125 ], [ 599373.90625, 2298199.53125 ], [ 599383.28125, 2298197.65625 ], [ 599416.71875, 2298182.34375 ], [ 599429.53125, 2298180.15625 ], [ 599466.875, 2298180.0 ], [ 599473.4375, 2298179.0625 ], [ 599480.9375, 2298175.3125 ], [ 599487.1875, 2298166.5625 ], [ 599493.75, 2298161.875 ], [ 599499.6875, 2298160.3125 ], [ 599513.90625, 2298159.53125 ], [ 599523.28125, 2298157.65625 ], [ 599528.75, 2298155.625 ], [ 599551.25, 2298144.375 ], [ 599559.6875, 2298141.5625 ], [ 599569.53125, 2298140.15625 ], [ 599606.875, 2298140.0 ], [ 599613.4375, 2298139.0625 ], [ 599620.9375, 2298135.3125 ], [ 599627.1875, 2298126.5625 ], [ 599633.75, 2298121.875 ], [ 599639.6875, 2298120.3125 ], [ 599650.46875, 2298119.84375 ], [ 599660.3125, 2298118.4375 ], [ 599668.75, 2298115.625 ], [ 599691.25, 2298104.375 ], [ 599696.71875, 2298102.34375 ], [ 599706.09375, 2298100.46875 ], [ 599720.3125, 2298099.6875 ], [ 599726.25, 2298098.125 ], [ 599730.9375, 2298095.3125 ], [ 599737.1875, 2298086.5625 ], [ 599743.75, 2298081.875 ], [ 599753.125, 2298080.0 ], [ 599786.875, 2298080.0 ], [ 599793.4375, 2298079.0625 ], [ 599800.9375, 2298075.3125 ], [ 599807.1875, 2298066.5625 ], [ 599813.75, 2298061.875 ], [ 599819.6875, 2298060.3125 ], [ 599830.46875, 2298059.84375 ], [ 599840.3125, 2298058.4375 ], [ 599848.75, 2298055.625 ], [ 599871.25, 2298044.375 ], [ 599876.71875, 2298042.34375 ], [ 599886.09375, 2298040.46875 ], [ 599900.3125, 2298039.6875 ], [ 599906.25, 2298038.125 ], [ 599910.9375, 2298035.3125 ], [ 599917.1875, 2298026.5625 ], [ 599921.25, 2298023.125 ], [ 599926.5625, 2298020.9375 ], [ 599940.3125, 2298019.6875 ], [ 599946.25, 2298018.125 ], [ 599950.9375, 2298015.3125 ], [ 599957.1875, 2298006.5625 ], [ 599961.25, 2298003.125 ], [ 599966.5625, 2298000.9375 ], [ 599980.3125, 2297999.6875 ], [ 599986.25, 2297998.125 ], [ 599990.9375, 2297995.3125 ], [ 599997.1875, 2297986.5625 ], [ 600001.25, 2297983.125 ], [ 600006.5625, 2297980.9375 ], [ 600020.3125, 2297979.6875 ], [ 600026.25, 2297978.125 ], [ 600030.9375, 2297975.3125 ], [ 600037.1875, 2297966.5625 ], [ 600041.25, 2297963.125 ], [ 600046.5625, 2297960.9375 ], [ 600060.3125, 2297959.6875 ], [ 600066.25, 2297958.125 ], [ 600070.9375, 2297955.3125 ], [ 600077.1875, 2297946.5625 ], [ 600081.25, 2297943.125 ], [ 600086.5625, 2297940.9375 ], [ 600100.3125, 2297939.6875 ], [ 600106.25, 2297938.125 ], [ 600110.9375, 2297935.3125 ], [ 600117.1875, 2297926.5625 ], [ 600121.25, 2297923.125 ], [ 600126.5625, 2297920.9375 ], [ 600140.3125, 2297919.6875 ], [ 600148.75, 2297916.875 ], [ 600152.8125, 2297913.4375 ], [ 600157.03125, 2297906.40625 ], [ 600162.1875, 2297900.3125 ], [ 600168.75, 2297895.625 ], [ 600191.25, 2297884.375 ], [ 600195.78125, 2297881.40625 ], [ 600201.40625, 2297875.78125 ], [ 600207.1875, 2297866.5625 ], [ 600211.25, 2297863.125 ], [ 600219.6875, 2297860.3125 ], [ 600233.4375, 2297859.0625 ], [ 600240.9375, 2297855.3125 ], [ 600244.375, 2297851.25 ], [ 600255.625, 2297828.75 ], [ 600260.3125, 2297822.1875 ], [ 600266.40625, 2297817.03125 ], [ 600291.25, 2297804.375 ], [ 600297.8125, 2297799.6875 ], [ 600302.96875, 2297793.59375 ], [ 600315.625, 2297768.75 ], [ 600320.3125, 2297762.1875 ], [ 600326.40625, 2297757.03125 ], [ 600351.25, 2297744.375 ], [ 600357.8125, 2297739.6875 ], [ 600362.96875, 2297733.59375 ], [ 600375.625, 2297708.75 ], [ 600380.3125, 2297702.1875 ], [ 600386.40625, 2297697.03125 ], [ 600411.25, 2297684.375 ], [ 600417.8125, 2297679.6875 ], [ 600422.96875, 2297673.59375 ], [ 600435.625, 2297648.75 ], [ 600440.3125, 2297642.1875 ], [ 600446.40625, 2297637.03125 ], [ 600471.25, 2297624.375 ], [ 600475.3125, 2297620.9375 ], [ 600479.0625, 2297613.4375 ], [ 600480.3125, 2297599.6875 ], [ 600483.125, 2297591.25 ], [ 600486.5625, 2297587.1875 ], [ 600495.78125, 2297581.40625 ], [ 600501.40625, 2297575.78125 ], [ 600504.375, 2297571.25 ], [ 600515.625, 2297548.75 ], [ 600522.1875, 2297540.3125 ], [ 600528.75, 2297535.625 ], [ 600551.25, 2297524.375 ], [ 600555.3125, 2297520.9375 ], [ 600559.0625, 2297513.4375 ], [ 600560.3125, 2297499.6875 ], [ 600563.125, 2297491.25 ], [ 600566.5625, 2297487.1875 ], [ 600575.78125, 2297481.40625 ], [ 600581.40625, 2297475.78125 ], [ 600584.375, 2297471.25 ], [ 600617.03125, 2297406.40625 ], [ 600622.1875, 2297400.3125 ], [ 600633.4375, 2297392.8125 ], [ 600636.875, 2297388.75 ], [ 600639.0625, 2297383.4375 ], [ 600640.3125, 2297369.6875 ], [ 600641.875, 2297363.75 ], [ 600644.6875, 2297359.0625 ], [ 600653.4375, 2297352.8125 ], [ 600656.875, 2297348.75 ], [ 600659.0625, 2297343.4375 ], [ 600660.3125, 2297329.6875 ], [ 600661.875, 2297323.75 ], [ 600664.6875, 2297319.0625 ], [ 600673.4375, 2297312.8125 ], [ 600676.875, 2297308.75 ], [ 600679.0625, 2297303.4375 ], [ 600680.3125, 2297289.6875 ], [ 600681.875, 2297283.75 ], [ 600684.6875, 2297279.0625 ], [ 600693.4375, 2297272.8125 ], [ 600696.875, 2297268.75 ], [ 600699.0625, 2297263.4375 ], [ 600700.3125, 2297249.6875 ], [ 600701.875, 2297243.75 ], [ 600704.6875, 2297239.0625 ], [ 600713.4375, 2297232.8125 ], [ 600716.875, 2297228.75 ], [ 600719.0625, 2297223.4375 ], [ 600720.3125, 2297209.6875 ], [ 600721.875, 2297203.75 ], [ 600724.6875, 2297199.0625 ], [ 600733.4375, 2297192.8125 ], [ 600736.875, 2297188.75 ], [ 600739.0625, 2297183.4375 ], [ 600740.3125, 2297169.6875 ], [ 600741.875, 2297163.75 ], [ 600744.6875, 2297159.0625 ], [ 600753.4375, 2297152.8125 ], [ 600758.125, 2297146.25 ], [ 600759.6875, 2297140.3125 ], [ 600760.46875, 2297126.09375 ], [ 600762.34375, 2297116.71875 ], [ 600764.375, 2297111.25 ], [ 600796.71875, 2297046.09375 ], [ 600799.0625, 2297037.1875 ], [ 600800.3125, 2297019.6875 ], [ 600801.875, 2297013.75 ], [ 600804.6875, 2297009.0625 ], [ 600813.4375, 2297002.8125 ], [ 600816.875, 2296998.75 ], [ 600819.0625, 2296993.4375 ], [ 600820.0, 2296986.875 ], [ 600819.84375, 2296529.53125 ], [ 600819.0625, 2296522.8125 ], [ 600816.71875, 2296513.90625 ], [ 600803.28125, 2296486.09375 ], [ 600800.46875, 2296473.90625 ], [ 600799.6875, 2296309.6875 ], [ 600796.875, 2296301.25 ], [ 600793.4375, 2296297.1875 ], [ 600784.6875, 2296290.9375 ], [ 600781.875, 2296286.25 ], [ 600780.3125, 2296280.3125 ], [ 600779.6875, 2296179.6875 ], [ 600776.875, 2296171.25 ], [ 600773.4375, 2296167.1875 ], [ 600764.6875, 2296160.9375 ], [ 600760.9375, 2296153.4375 ], [ 600760.0, 2296146.875 ], [ 600759.53125, 2296046.09375 ], [ 600756.71875, 2296033.90625 ], [ 600743.28125, 2296006.09375 ], [ 600741.5625, 2296000.3125 ], [ 600740.15625, 2295990.46875 ], [ 600740.0, 2295323.125 ], [ 600739.0625, 2295316.5625 ], [ 600736.875, 2295311.25 ], [ 600733.4375, 2295307.1875 ], [ 600726.5625, 2295302.8125 ], [ 600723.125, 2295298.75 ], [ 600720.9375, 2295293.4375 ], [ 600720.0, 2295286.875 ], [ 600720.0, 2294803.125 ], [ 600719.0625, 2294796.5625 ], [ 600716.875, 2294791.25 ], [ 600713.4375, 2294787.1875 ], [ 600706.5625, 2294782.8125 ], [ 600703.125, 2294778.75 ], [ 600700.9375, 2294773.4375 ], [ 600700.0, 2294766.875 ], [ 600700.0, 2294373.125 ], [ 600699.53125, 2294366.09375 ], [ 600697.65625, 2294356.71875 ], [ 600683.28125, 2294326.09375 ], [ 600680.9375, 2294317.1875 ], [ 600680.0, 2294306.875 ], [ 600680.46875, 2293846.09375 ], [ 600683.28125, 2293833.90625 ], [ 600696.71875, 2293806.09375 ], [ 600699.53125, 2293793.90625 ], [ 600700.0, 2293693.125 ], [ 600700.9375, 2293686.5625 ], [ 600704.6875, 2293679.0625 ], [ 600715.3125, 2293670.9375 ], [ 600718.125, 2293666.25 ], [ 600719.6875, 2293660.3125 ], [ 600720.3125, 2293559.6875 ], [ 600723.125, 2293551.25 ], [ 600726.5625, 2293547.1875 ], [ 600735.3125, 2293540.9375 ], [ 600738.125, 2293536.25 ], [ 600739.6875, 2293530.3125 ], [ 600740.46875, 2293426.09375 ], [ 600743.28125, 2293413.90625 ], [ 600756.71875, 2293386.09375 ], [ 600759.53125, 2293373.90625 ], [ 600760.0, 2293273.125 ], [ 600760.9375, 2293266.5625 ], [ 600764.6875, 2293259.0625 ], [ 600775.3125, 2293250.9375 ], [ 600778.125, 2293246.25 ], [ 600779.6875, 2293240.3125 ], [ 600780.3125, 2293139.6875 ], [ 600783.125, 2293131.25 ], [ 600786.5625, 2293127.1875 ], [ 600795.3125, 2293120.9375 ], [ 600798.125, 2293116.25 ], [ 600799.6875, 2293110.3125 ], [ 600800.0, 2293013.125 ], [ 600799.0625, 2293006.5625 ], [ 600796.875, 2293001.25 ], [ 600793.4375, 2292997.1875 ], [ 600786.5625, 2292992.8125 ], [ 600781.875, 2292986.25 ], [ 600780.3125, 2292980.3125 ], [ 600779.6875, 2292969.6875 ], [ 600776.875, 2292961.25 ], [ 600773.4375, 2292957.1875 ], [ 600766.5625, 2292952.8125 ], [ 600761.875, 2292946.25 ], [ 600760.3125, 2292940.3125 ], [ 600759.6875, 2292929.6875 ], [ 600756.875, 2292921.25 ], [ 600753.4375, 2292917.1875 ], [ 600746.5625, 2292912.8125 ], [ 600741.875, 2292906.25 ], [ 600740.3125, 2292900.3125 ], [ 600739.6875, 2292889.6875 ], [ 600736.875, 2292881.25 ], [ 600733.4375, 2292877.1875 ], [ 600726.5625, 2292872.8125 ], [ 600721.875, 2292866.25 ], [ 600720.3125, 2292860.3125 ], [ 600719.6875, 2292849.6875 ], [ 600716.875, 2292841.25 ], [ 600713.4375, 2292837.1875 ], [ 600706.5625, 2292832.8125 ], [ 600701.875, 2292826.25 ], [ 600700.3125, 2292820.3125 ], [ 600699.6875, 2292809.6875 ], [ 600696.875, 2292801.25 ], [ 600693.4375, 2292797.1875 ], [ 600686.5625, 2292792.8125 ], [ 600681.875, 2292786.25 ], [ 600680.3125, 2292780.3125 ], [ 600679.6875, 2292769.6875 ], [ 600676.875, 2292761.25 ], [ 600673.4375, 2292757.1875 ], [ 600666.5625, 2292752.8125 ], [ 600661.875, 2292746.25 ], [ 600660.3125, 2292740.3125 ], [ 600659.6875, 2292729.6875 ], [ 600656.875, 2292721.25 ], [ 600653.4375, 2292717.1875 ], [ 600646.5625, 2292712.8125 ], [ 600641.875, 2292706.25 ], [ 600640.3125, 2292700.3125 ], [ 600639.6875, 2292689.6875 ], [ 600636.875, 2292681.25 ], [ 600633.4375, 2292677.1875 ], [ 600626.5625, 2292672.8125 ], [ 600621.875, 2292666.25 ], [ 600620.3125, 2292660.3125 ], [ 600619.84375, 2292649.53125 ], [ 600618.4375, 2292639.6875 ], [ 600615.625, 2292631.25 ], [ 600612.8125, 2292626.5625 ], [ 600608.75, 2292623.125 ], [ 600603.4375, 2292620.9375 ], [ 600586.09375, 2292619.53125 ], [ 600573.90625, 2292616.71875 ], [ 600548.75, 2292604.375 ], [ 600540.3125, 2292597.8125 ], [ 600532.8125, 2292586.5625 ], [ 600528.75, 2292583.125 ], [ 600523.4375, 2292580.9375 ], [ 600509.6875, 2292579.6875 ], [ 600503.75, 2292578.125 ], [ 600499.0625, 2292575.3125 ], [ 600492.8125, 2292566.5625 ], [ 600488.75, 2292563.125 ], [ 600483.4375, 2292560.9375 ], [ 600469.6875, 2292559.6875 ], [ 600463.75, 2292558.125 ], [ 600459.0625, 2292555.3125 ], [ 600452.8125, 2292546.5625 ], [ 600446.25, 2292541.875 ], [ 600436.875, 2292540.0 ], [ 600429.53125, 2292540.15625 ], [ 600419.6875, 2292541.5625 ], [ 600411.25, 2292544.375 ], [ 600386.5625, 2292557.1875 ], [ 600383.125, 2292561.25 ], [ 600380.9375, 2292566.5625 ], [ 600379.6875, 2292580.3125 ], [ 600378.125, 2292586.25 ], [ 600373.4375, 2292592.8125 ], [ 600364.6875, 2292599.0625 ], [ 600361.875, 2292603.75 ], [ 600360.3125, 2292609.6875 ], [ 600360.0, 2292616.875 ], [ 600360.9375, 2292623.4375 ], [ 600364.6875, 2292630.9375 ], [ 600377.8125, 2292640.3125 ], [ 600381.40625, 2292644.21875 ], [ 600387.1875, 2292653.4375 ], [ 600391.25, 2292656.875 ], [ 600399.6875, 2292659.6875 ], [ 600413.4375, 2292660.9375 ], [ 600420.9375, 2292664.6875 ], [ 600424.375, 2292668.75 ], [ 600435.625, 2292691.25 ], [ 600438.59375, 2292695.78125 ], [ 600444.21875, 2292701.40625 ], [ 600453.4375, 2292707.1875 ], [ 600456.875, 2292711.25 ], [ 600459.0625, 2292716.5625 ], [ 600460.0, 2292723.125 ], [ 600460.0, 2292756.875 ], [ 600459.0625, 2292763.4375 ], [ 600455.3125, 2292770.9375 ], [ 600442.1875, 2292780.3125 ], [ 600435.625, 2292788.75 ], [ 600402.96875, 2292853.59375 ], [ 600397.8125, 2292859.6875 ], [ 600386.5625, 2292867.1875 ], [ 600383.125, 2292871.25 ], [ 600380.9375, 2292876.5625 ], [ 600379.6875, 2292890.3125 ], [ 600376.875, 2292898.75 ], [ 600373.4375, 2292902.8125 ], [ 600366.5625, 2292907.1875 ], [ 600361.875, 2292913.75 ], [ 600360.0, 2292923.125 ], [ 600359.53125, 2292993.90625 ], [ 600356.71875, 2293006.09375 ], [ 600344.375, 2293031.25 ], [ 600341.5625, 2293039.6875 ], [ 600340.0, 2293053.125 ], [ 600340.0, 2293086.875 ], [ 600341.875, 2293096.25 ], [ 600346.5625, 2293102.8125 ], [ 600373.59375, 2293117.03125 ], [ 600381.40625, 2293124.21875 ], [ 600384.375, 2293128.75 ], [ 600415.625, 2293191.25 ], [ 600420.3125, 2293197.8125 ], [ 600428.75, 2293204.375 ], [ 600453.59375, 2293217.03125 ], [ 600461.40625, 2293224.21875 ], [ 600464.375, 2293228.75 ], [ 600476.71875, 2293253.90625 ], [ 600478.4375, 2293259.6875 ], [ 600479.84375, 2293269.53125 ], [ 600479.6875, 2293280.3125 ], [ 600476.875, 2293288.75 ], [ 600473.4375, 2293292.8125 ], [ 600464.6875, 2293299.0625 ], [ 600460.9375, 2293306.5625 ], [ 600460.0, 2293313.125 ], [ 600459.84375, 2293350.46875 ], [ 600459.0625, 2293357.1875 ], [ 600456.71875, 2293366.09375 ], [ 600424.375, 2293431.25 ], [ 600422.34375, 2293436.71875 ], [ 600420.46875, 2293446.09375 ], [ 600420.0, 2293456.875 ], [ 600421.875, 2293466.25 ], [ 600426.5625, 2293472.8125 ], [ 600435.3125, 2293479.0625 ], [ 600438.125, 2293483.75 ], [ 600439.6875, 2293489.6875 ], [ 600440.0, 2293586.875 ], [ 600439.0625, 2293593.4375 ], [ 600435.3125, 2293600.9375 ], [ 600426.5625, 2293607.1875 ], [ 600423.125, 2293611.25 ], [ 600420.9375, 2293616.5625 ], [ 600419.6875, 2293630.3125 ], [ 600418.125, 2293636.25 ], [ 600415.3125, 2293640.9375 ], [ 600406.5625, 2293647.1875 ], [ 600403.125, 2293651.25 ], [ 600400.9375, 2293656.5625 ], [ 600399.6875, 2293670.3125 ], [ 600398.125, 2293676.25 ], [ 600395.3125, 2293680.9375 ], [ 600386.5625, 2293687.1875 ], [ 600383.125, 2293691.25 ], [ 600380.9375, 2293696.5625 ], [ 600380.0, 2293703.125 ], [ 600380.3125, 2293710.3125 ], [ 600381.875, 2293716.25 ], [ 600384.6875, 2293720.9375 ], [ 600393.4375, 2293727.1875 ], [ 600396.875, 2293731.25 ], [ 600399.0625, 2293736.5625 ], [ 600400.0, 2293743.125 ], [ 600400.0, 2293776.875 ], [ 600399.0625, 2293783.4375 ], [ 600395.3125, 2293790.9375 ], [ 600386.5625, 2293797.1875 ], [ 600383.125, 2293801.25 ], [ 600380.9375, 2293806.5625 ], [ 600380.0, 2293813.125 ], [ 600380.0, 2293846.875 ], [ 600380.9375, 2293853.4375 ], [ 600384.6875, 2293860.9375 ], [ 600393.4375, 2293867.1875 ], [ 600396.875, 2293871.25 ], [ 600399.0625, 2293876.5625 ], [ 600400.0, 2293883.125 ], [ 600400.0, 2293916.875 ], [ 600399.0625, 2293923.4375 ], [ 600395.3125, 2293930.9375 ], [ 600384.6875, 2293939.0625 ], [ 600381.875, 2293943.75 ], [ 600380.3125, 2293949.6875 ], [ 600380.15625, 2294050.46875 ], [ 600380.9375, 2294057.1875 ], [ 600383.28125, 2294066.09375 ], [ 600397.65625, 2294096.71875 ], [ 600399.53125, 2294106.09375 ], [ 600400.3125, 2294120.3125 ], [ 600401.875, 2294126.25 ], [ 600406.5625, 2294132.8125 ], [ 600415.3125, 2294139.0625 ], [ 600418.125, 2294143.75 ], [ 600419.6875, 2294149.6875 ], [ 600419.6875, 2294160.3125 ], [ 600418.125, 2294166.25 ], [ 600413.4375, 2294172.8125 ], [ 600404.6875, 2294179.0625 ], [ 600401.875, 2294183.75 ], [ 600400.3125, 2294189.6875 ], [ 600400.0, 2294316.875 ], [ 600400.9375, 2294323.4375 ], [ 600403.125, 2294328.75 ], [ 600406.5625, 2294332.8125 ], [ 600415.3125, 2294339.0625 ], [ 600418.125, 2294343.75 ], [ 600419.6875, 2294349.6875 ], [ 600420.0, 2294536.875 ], [ 600420.9375, 2294543.4375 ], [ 600423.125, 2294548.75 ], [ 600426.5625, 2294552.8125 ], [ 600433.4375, 2294557.1875 ], [ 600436.875, 2294561.25 ], [ 600439.0625, 2294566.5625 ], [ 600440.0, 2294573.125 ], [ 600439.6875, 2294580.3125 ], [ 600436.875, 2294588.75 ], [ 600433.4375, 2294592.8125 ], [ 600424.6875, 2294599.0625 ], [ 600420.9375, 2294606.5625 ], [ 600420.0, 2294613.125 ], [ 600420.0, 2294646.875 ], [ 600420.9375, 2294653.4375 ], [ 600423.125, 2294658.75 ], [ 600426.5625, 2294662.8125 ], [ 600435.3125, 2294669.0625 ], [ 600439.0625, 2294676.5625 ], [ 600440.0, 2294683.125 ], [ 600440.3125, 2294780.3125 ], [ 600441.875, 2294786.25 ], [ 600444.6875, 2294790.9375 ], [ 600453.4375, 2294797.1875 ], [ 600456.875, 2294801.25 ], [ 600459.0625, 2294806.5625 ], [ 600460.0, 2294813.125 ], [ 600459.84375, 2295030.46875 ], [ 600459.0625, 2295037.1875 ], [ 600456.71875, 2295046.09375 ], [ 600442.34375, 2295076.71875 ], [ 600440.9375, 2295082.8125 ], [ 600440.0, 2295093.125 ], [ 600440.3125, 2295100.3125 ], [ 600443.125, 2295108.75 ], [ 600446.5625, 2295112.8125 ], [ 600455.3125, 2295119.0625 ], [ 600458.125, 2295123.75 ], [ 600459.6875, 2295129.6875 ], [ 600460.3125, 2295290.3125 ], [ 600461.875, 2295296.25 ], [ 600464.6875, 2295300.9375 ], [ 600473.4375, 2295307.1875 ], [ 600476.875, 2295311.25 ], [ 600479.0625, 2295316.5625 ], [ 600480.0, 2295323.125 ], [ 600480.0, 2295386.875 ], [ 600479.0625, 2295397.1875 ], [ 600475.625, 2295408.75 ], [ 600463.28125, 2295433.90625 ], [ 600461.5625, 2295439.6875 ], [ 600460.15625, 2295449.53125 ], [ 600460.0, 2295606.875 ], [ 600461.875, 2295616.25 ], [ 600466.5625, 2295622.8125 ], [ 600491.25, 2295635.625 ], [ 600499.6875, 2295642.1875 ], [ 600504.375, 2295648.75 ], [ 600515.625, 2295671.25 ], [ 600522.1875, 2295679.6875 ], [ 600528.75, 2295684.375 ], [ 600551.25, 2295695.625 ], [ 600559.6875, 2295702.1875 ], [ 600564.375, 2295708.75 ], [ 600576.5625, 2295733.75 ], [ 600577.5, 2295738.75 ], [ 600576.5625, 2295746.25 ], [ 600564.375, 2295771.25 ], [ 600561.5625, 2295779.6875 ], [ 600560.46875, 2295786.09375 ], [ 600559.6875, 2295800.3125 ], [ 600558.125, 2295806.25 ], [ 600555.3125, 2295810.9375 ], [ 600546.5625, 2295817.1875 ], [ 600543.125, 2295821.25 ], [ 600540.9375, 2295826.5625 ], [ 600540.0, 2295833.125 ], [ 600540.0, 2295866.875 ], [ 600540.9375, 2295873.4375 ], [ 600544.6875, 2295880.9375 ], [ 600553.4375, 2295887.1875 ], [ 600556.875, 2295891.25 ], [ 600559.0625, 2295896.5625 ], [ 600560.0, 2295903.125 ], [ 600560.3125, 2296090.3125 ], [ 600561.875, 2296096.25 ], [ 600566.5625, 2296102.8125 ], [ 600591.25, 2296115.625 ], [ 600599.6875, 2296122.1875 ], [ 600604.375, 2296128.75 ], [ 600615.625, 2296151.25 ], [ 600618.59375, 2296155.78125 ], [ 600624.21875, 2296161.40625 ], [ 600633.4375, 2296167.1875 ], [ 600636.875, 2296171.25 ], [ 600639.0625, 2296176.5625 ], [ 600640.0, 2296183.125 ], [ 600640.0, 2296216.875 ], [ 600639.0625, 2296223.4375 ], [ 600635.3125, 2296230.9375 ], [ 600626.5625, 2296237.1875 ], [ 600623.125, 2296241.25 ], [ 600620.9375, 2296246.5625 ], [ 600620.0, 2296253.125 ], [ 600620.0, 2296466.875 ], [ 600620.9375, 2296473.4375 ], [ 600623.125, 2296478.75 ], [ 600626.5625, 2296482.8125 ], [ 600635.3125, 2296489.0625 ], [ 600639.0625, 2296496.5625 ], [ 600640.0, 2296503.125 ], [ 600640.0, 2296536.875 ], [ 600639.0625, 2296543.4375 ], [ 600636.875, 2296548.75 ], [ 600633.4375, 2296552.8125 ], [ 600624.6875, 2296559.0625 ], [ 600621.875, 2296563.75 ], [ 600620.3125, 2296569.6875 ], [ 600620.0, 2296666.875 ], [ 600619.0625, 2296677.1875 ], [ 600616.71875, 2296686.09375 ], [ 600604.375, 2296711.25 ], [ 600601.5625, 2296719.6875 ], [ 600600.15625, 2296729.53125 ], [ 600600.0, 2296766.875 ], [ 600599.0625, 2296773.4375 ], [ 600595.3125, 2296780.9375 ], [ 600584.6875, 2296789.0625 ], [ 600580.9375, 2296796.5625 ], [ 600580.0, 2296803.125 ], [ 600579.6875, 2296870.3125 ], [ 600576.875, 2296878.75 ], [ 600573.4375, 2296882.8125 ], [ 600564.6875, 2296889.0625 ], [ 600560.9375, 2296896.5625 ], [ 600560.0, 2296903.125 ], [ 600560.0, 2296936.875 ], [ 600559.0625, 2296943.4375 ], [ 600555.3125, 2296950.9375 ], [ 600546.5625, 2296957.1875 ], [ 600541.875, 2296963.75 ], [ 600540.3125, 2296969.6875 ], [ 600539.6875, 2296980.3125 ], [ 600536.875, 2296988.75 ], [ 600533.4375, 2296992.8125 ], [ 600524.21875, 2296998.59375 ], [ 600518.59375, 2297004.21875 ], [ 600515.625, 2297008.75 ], [ 600503.28125, 2297033.90625 ], [ 600501.5625, 2297039.6875 ], [ 600500.15625, 2297049.53125 ], [ 600499.6875, 2297090.3125 ], [ 600496.875, 2297098.75 ], [ 600491.25, 2297104.375 ], [ 600468.75, 2297115.625 ], [ 600460.3125, 2297122.1875 ], [ 600455.625, 2297128.75 ], [ 600444.375, 2297151.25 ], [ 600441.40625, 2297155.78125 ], [ 600435.78125, 2297161.40625 ], [ 600426.5625, 2297167.1875 ], [ 600423.125, 2297171.25 ], [ 600420.3125, 2297179.6875 ], [ 600419.0625, 2297193.4375 ], [ 600415.3125, 2297200.9375 ], [ 600411.25, 2297204.375 ], [ 600388.75, 2297215.625 ], [ 600382.1875, 2297220.3125 ], [ 600375.625, 2297228.75 ], [ 600364.375, 2297251.25 ], [ 600361.40625, 2297255.78125 ], [ 600355.78125, 2297261.40625 ], [ 600348.75, 2297265.625 ], [ 600344.6875, 2297269.0625 ], [ 600340.9375, 2297276.5625 ], [ 600339.6875, 2297290.3125 ], [ 600338.125, 2297296.25 ], [ 600335.3125, 2297300.9375 ], [ 600326.5625, 2297307.1875 ], [ 600323.125, 2297311.25 ], [ 600320.3125, 2297319.6875 ], [ 600319.0625, 2297333.4375 ], [ 600315.3125, 2297340.9375 ], [ 600311.25, 2297344.375 ], [ 600286.40625, 2297357.03125 ], [ 600280.3125, 2297362.1875 ], [ 600275.625, 2297368.75 ], [ 600264.375, 2297391.25 ], [ 600257.8125, 2297399.6875 ], [ 600251.25, 2297404.375 ], [ 600228.75, 2297415.625 ], [ 600220.3125, 2297422.1875 ], [ 600215.625, 2297428.75 ], [ 600202.96875, 2297453.59375 ], [ 600195.78125, 2297461.40625 ], [ 600191.25, 2297464.375 ], [ 600126.40625, 2297497.03125 ], [ 600122.1875, 2297500.3125 ], [ 600117.03125, 2297506.40625 ], [ 600102.96875, 2297533.59375 ], [ 600095.78125, 2297541.40625 ], [ 600091.25, 2297544.375 ], [ 600028.75, 2297575.625 ], [ 600022.1875, 2297580.3125 ], [ 600017.03125, 2297586.40625 ], [ 600004.375, 2297611.25 ], [ 600000.9375, 2297615.3125 ], [ 599996.25, 2297618.125 ], [ 599990.3125, 2297619.6875 ], [ 599953.125, 2297620.0 ], [ 599946.5625, 2297620.9375 ], [ 599941.25, 2297623.125 ], [ 599935.625, 2297628.75 ], [ 599924.375, 2297651.25 ], [ 599918.75, 2297656.875 ], [ 599913.4375, 2297659.0625 ], [ 599899.6875, 2297660.3125 ], [ 599893.75, 2297661.875 ], [ 599889.0625, 2297664.6875 ], [ 599882.8125, 2297673.4375 ], [ 599878.75, 2297676.875 ], [ 599873.4375, 2297679.0625 ], [ 599859.6875, 2297680.3125 ], [ 599853.75, 2297681.875 ], [ 599849.0625, 2297684.6875 ], [ 599842.8125, 2297693.4375 ], [ 599838.75, 2297696.875 ], [ 599833.4375, 2297699.0625 ], [ 599819.6875, 2297700.3125 ], [ 599811.25, 2297703.125 ], [ 599807.1875, 2297706.5625 ], [ 599801.40625, 2297715.78125 ], [ 599795.78125, 2297721.40625 ], [ 599791.25, 2297724.375 ], [ 599768.75, 2297735.625 ], [ 599760.3125, 2297738.4375 ], [ 599753.90625, 2297739.53125 ], [ 599739.6875, 2297740.3125 ], [ 599731.25, 2297743.125 ], [ 599727.1875, 2297746.5625 ], [ 599721.40625, 2297755.78125 ], [ 599715.78125, 2297761.40625 ], [ 599711.25, 2297764.375 ], [ 599646.40625, 2297797.03125 ], [ 599640.3125, 2297802.1875 ], [ 599632.8125, 2297813.4375 ], [ 599628.75, 2297816.875 ], [ 599620.3125, 2297819.6875 ], [ 599606.09375, 2297820.46875 ], [ 599596.71875, 2297822.34375 ], [ 599563.28125, 2297837.65625 ], [ 599553.90625, 2297839.53125 ], [ 599539.6875, 2297840.3125 ], [ 599533.75, 2297841.875 ], [ 599529.0625, 2297844.6875 ], [ 599522.8125, 2297853.4375 ], [ 599516.25, 2297858.125 ], [ 599506.875, 2297860.0 ], [ 599413.125, 2297860.0 ], [ 599406.5625, 2297860.9375 ], [ 599399.0625, 2297864.6875 ], [ 599392.8125, 2297873.4375 ], [ 599386.25, 2297878.125 ], [ 599380.3125, 2297879.6875 ], [ 599362.8125, 2297880.9375 ], [ 599351.25, 2297884.375 ], [ 599246.09375, 2297936.71875 ], [ 599240.3125, 2297938.4375 ], [ 599230.46875, 2297939.84375 ], [ 599193.125, 2297940.0 ], [ 599186.5625, 2297940.9375 ], [ 599179.0625, 2297944.6875 ], [ 599172.8125, 2297953.4375 ], [ 599166.25, 2297958.125 ], [ 599160.3125, 2297959.6875 ], [ 599146.09375, 2297960.46875 ], [ 599136.71875, 2297962.34375 ], [ 599131.25, 2297964.375 ], [ 599108.75, 2297975.625 ], [ 599100.3125, 2297978.4375 ], [ 599090.46875, 2297979.84375 ], [ 599053.125, 2297980.0 ], [ 599046.5625, 2297980.9375 ], [ 599039.0625, 2297984.6875 ], [ 599032.8125, 2297993.4375 ], [ 599026.25, 2297998.125 ], [ 599020.3125, 2297999.6875 ], [ 599009.6875, 2298000.3125 ], [ 599001.25, 2298003.125 ], [ 598997.1875, 2298006.5625 ], [ 598992.8125, 2298013.4375 ], [ 598986.25, 2298018.125 ], [ 598980.3125, 2298019.6875 ], [ 598969.6875, 2298020.3125 ], [ 598961.25, 2298023.125 ], [ 598957.1875, 2298026.5625 ], [ 598952.8125, 2298033.4375 ], [ 598946.25, 2298038.125 ], [ 598940.3125, 2298039.6875 ], [ 598926.09375, 2298040.46875 ], [ 598916.71875, 2298042.34375 ], [ 598911.25, 2298044.375 ], [ 598888.75, 2298055.625 ], [ 598877.1875, 2298059.0625 ], [ 598866.875, 2298060.0 ], [ 598833.125, 2298060.0 ], [ 598826.5625, 2298060.9375 ], [ 598819.0625, 2298064.6875 ], [ 598812.8125, 2298073.4375 ], [ 598806.25, 2298078.125 ], [ 598800.3125, 2298079.6875 ], [ 598786.09375, 2298080.46875 ], [ 598776.71875, 2298082.34375 ], [ 598771.25, 2298084.375 ], [ 598748.75, 2298095.625 ], [ 598740.3125, 2298098.4375 ], [ 598730.46875, 2298099.84375 ], [ 598693.125, 2298100.0 ], [ 598686.5625, 2298100.9375 ], [ 598679.0625, 2298104.6875 ], [ 598670.9375, 2298115.3125 ], [ 598663.4375, 2298119.0625 ], [ 598656.875, 2298120.0 ], [ 598589.6875, 2298119.6875 ], [ 598583.75, 2298118.125 ], [ 598579.0625, 2298115.3125 ], [ 598572.8125, 2298106.5625 ], [ 598566.25, 2298101.875 ], [ 598560.3125, 2298100.3125 ], [ 598549.6875, 2298100.3125 ], [ 598541.25, 2298103.125 ], [ 598537.1875, 2298106.5625 ], [ 598530.9375, 2298115.3125 ], [ 598523.4375, 2298119.0625 ], [ 598506.09375, 2298120.46875 ], [ 598496.71875, 2298122.34375 ], [ 598491.25, 2298124.375 ], [ 598468.75, 2298135.625 ], [ 598457.1875, 2298139.0625 ], [ 598446.875, 2298140.0 ], [ 598409.53125, 2298140.15625 ], [ 598396.71875, 2298142.34375 ], [ 598363.28125, 2298157.65625 ], [ 598353.90625, 2298159.53125 ], [ 598339.6875, 2298160.3125 ], [ 598333.75, 2298161.875 ], [ 598327.1875, 2298166.5625 ], [ 598320.9375, 2298175.3125 ], [ 598316.25, 2298178.125 ], [ 598310.3125, 2298179.6875 ], [ 598209.6875, 2298180.3125 ], [ 598203.75, 2298181.875 ], [ 598199.0625, 2298184.6875 ], [ 598192.8125, 2298193.4375 ], [ 598188.75, 2298196.875 ], [ 598183.4375, 2298199.0625 ], [ 598176.875, 2298200.0 ], [ 598019.6875, 2298200.3125 ], [ 598011.25, 2298203.125 ], [ 598007.1875, 2298206.5625 ], [ 598000.9375, 2298215.3125 ], [ 597996.25, 2298218.125 ], [ 597990.3125, 2298219.6875 ], [ 597859.6875, 2298220.3125 ], [ 597851.25, 2298223.125 ], [ 597847.1875, 2298226.5625 ], [ 597840.9375, 2298235.3125 ], [ 597836.25, 2298238.125 ], [ 597830.3125, 2298239.6875 ], [ 597733.125, 2298240.0 ], [ 597726.5625, 2298240.9375 ], [ 597721.25, 2298243.125 ], [ 597717.1875, 2298246.5625 ], [ 597710.9375, 2298255.3125 ], [ 597706.25, 2298258.125 ], [ 597700.3125, 2298259.6875 ], [ 597599.6875, 2298260.3125 ], [ 597593.75, 2298261.875 ], [ 597589.0625, 2298264.6875 ], [ 597585.625, 2298268.75 ], [ 597581.40625, 2298275.78125 ], [ 597573.59375, 2298282.96875 ], [ 597548.75, 2298295.625 ], [ 597540.3125, 2298298.4375 ], [ 597526.875, 2298300.0 ], [ 597429.6875, 2298300.3125 ], [ 597421.25, 2298303.125 ], [ 597417.1875, 2298306.5625 ], [ 597410.9375, 2298315.3125 ], [ 597403.4375, 2298319.0625 ], [ 597396.875, 2298320.0 ], [ 597363.125, 2298320.0 ], [ 597353.75, 2298321.875 ], [ 597347.1875, 2298326.5625 ], [ 597341.40625, 2298335.78125 ], [ 597335.78125, 2298341.40625 ], [ 597331.25, 2298344.375 ], [ 597308.75, 2298355.625 ], [ 597300.3125, 2298362.1875 ], [ 597295.625, 2298368.75 ], [ 597284.375, 2298391.25 ], [ 597277.8125, 2298399.6875 ], [ 597271.25, 2298404.375 ], [ 597246.40625, 2298416.40625 ], [ 597242.1875, 2298416.5625 ], [ 597237.03125, 2298413.28125 ], [ 597224.375, 2298388.75 ], [ 597220.9375, 2298384.6875 ], [ 597216.25, 2298381.875 ], [ 597206.875, 2298380.0 ], [ 597143.125, 2298380.0 ], [ 597136.5625, 2298380.9375 ], [ 597131.25, 2298383.125 ], [ 597127.1875, 2298386.5625 ], [ 597120.9375, 2298395.3125 ], [ 597113.4375, 2298399.0625 ], [ 597106.875, 2298400.0 ], [ 597069.53125, 2298400.15625 ], [ 597059.6875, 2298401.5625 ], [ 597051.25, 2298404.375 ], [ 597028.75, 2298415.625 ], [ 597017.1875, 2298419.0625 ], [ 597006.875, 2298420.0 ], [ 596973.125, 2298420.0 ], [ 596959.6875, 2298421.5625 ], [ 596951.25, 2298424.375 ], [ 596926.09375, 2298436.71875 ], [ 596913.90625, 2298439.53125 ], [ 596719.6875, 2298440.3125 ], [ 596713.75, 2298441.875 ], [ 596709.0625, 2298444.6875 ], [ 596705.625, 2298448.75 ], [ 596701.40625, 2298455.78125 ], [ 596693.59375, 2298462.96875 ], [ 596666.09375, 2298476.71875 ], [ 596660.3125, 2298478.4375 ], [ 596650.46875, 2298479.84375 ], [ 596613.125, 2298480.0 ], [ 596606.5625, 2298480.9375 ], [ 596599.0625, 2298484.6875 ], [ 596590.9375, 2298495.3125 ], [ 596586.25, 2298498.125 ], [ 596580.3125, 2298499.6875 ], [ 596513.125, 2298500.0 ], [ 596506.5625, 2298500.9375 ], [ 596499.0625, 2298504.6875 ], [ 596492.8125, 2298513.4375 ], [ 596486.25, 2298518.125 ], [ 596480.3125, 2298519.6875 ], [ 596469.6875, 2298520.3125 ], [ 596461.25, 2298523.125 ], [ 596457.1875, 2298526.5625 ], [ 596452.8125, 2298533.4375 ], [ 596446.25, 2298538.125 ], [ 596440.3125, 2298539.6875 ], [ 596429.6875, 2298540.3125 ], [ 596421.25, 2298543.125 ], [ 596415.625, 2298548.75 ], [ 596404.375, 2298571.25 ], [ 596399.6875, 2298577.8125 ], [ 596393.59375, 2298582.96875 ], [ 596368.75, 2298595.625 ], [ 596362.1875, 2298600.3125 ], [ 596355.625, 2298608.75 ], [ 596344.375, 2298631.25 ], [ 596338.75, 2298636.875 ], [ 596333.4375, 2298639.0625 ], [ 596326.875, 2298640.0 ], [ 596293.125, 2298640.0 ], [ 596286.5625, 2298640.9375 ], [ 596279.0625, 2298644.6875 ], [ 596272.8125, 2298653.4375 ], [ 596266.25, 2298658.125 ], [ 596260.3125, 2298659.6875 ], [ 596242.8125, 2298660.9375 ], [ 596233.90625, 2298663.28125 ], [ 596208.75, 2298675.625 ], [ 596202.1875, 2298680.3125 ], [ 596195.625, 2298688.75 ], [ 596184.375, 2298711.25 ], [ 596181.40625, 2298715.78125 ], [ 596175.78125, 2298721.40625 ], [ 596166.5625, 2298727.1875 ], [ 596163.125, 2298731.25 ], [ 596160.3125, 2298739.6875 ], [ 596159.0625, 2298753.4375 ], [ 596155.3125, 2298760.9375 ], [ 596151.25, 2298764.375 ], [ 596128.75, 2298775.625 ], [ 596122.1875, 2298780.3125 ], [ 596115.625, 2298788.75 ], [ 596104.375, 2298811.25 ], [ 596101.40625, 2298815.78125 ], [ 596095.78125, 2298821.40625 ], [ 596086.5625, 2298827.1875 ], [ 596083.125, 2298831.25 ], [ 596080.3125, 2298839.6875 ], [ 596079.0625, 2298853.4375 ], [ 596075.3125, 2298860.9375 ], [ 596071.25, 2298864.375 ], [ 596048.75, 2298875.625 ], [ 596042.1875, 2298880.3125 ], [ 596037.03125, 2298886.40625 ], [ 596024.375, 2298911.25 ], [ 596020.9375, 2298915.3125 ], [ 596013.4375, 2298919.0625 ], [ 595999.6875, 2298920.3125 ], [ 595991.25, 2298923.125 ], [ 595987.1875, 2298926.5625 ], [ 595982.96875, 2298933.59375 ], [ 595977.8125, 2298939.6875 ], [ 595964.6875, 2298949.0625 ], [ 595960.9375, 2298956.5625 ], [ 595959.6875, 2298970.3125 ], [ 595956.875, 2298978.75 ], [ 595951.25, 2298984.375 ], [ 595928.75, 2298995.625 ], [ 595924.6875, 2298999.0625 ], [ 595920.9375, 2299006.5625 ], [ 595919.6875, 2299020.3125 ], [ 595916.875, 2299028.75 ], [ 595913.4375, 2299032.8125 ], [ 595904.21875, 2299038.59375 ], [ 595898.59375, 2299044.21875 ], [ 595881.40625, 2299075.78125 ], [ 595873.59375, 2299082.96875 ], [ 595846.40625, 2299097.03125 ], [ 595838.59375, 2299104.21875 ], [ 595821.40625, 2299135.78125 ], [ 595815.78125, 2299141.40625 ], [ 595806.5625, 2299147.1875 ], [ 595803.125, 2299151.25 ], [ 595800.3125, 2299159.6875 ], [ 595799.53125, 2299173.90625 ], [ 595796.71875, 2299186.09375 ], [ 595762.96875, 2299253.59375 ], [ 595759.6875, 2299257.8125 ], [ 595753.59375, 2299262.96875 ], [ 595728.75, 2299275.625 ], [ 595722.1875, 2299280.3125 ], [ 595715.625, 2299288.75 ], [ 595704.375, 2299311.25 ], [ 595701.40625, 2299315.78125 ], [ 595695.78125, 2299321.40625 ], [ 595686.5625, 2299327.1875 ], [ 595683.125, 2299331.25 ], [ 595680.9375, 2299336.5625 ], [ 595680.0, 2299343.125 ], [ 595680.0, 2299406.875 ], [ 595678.125, 2299416.25 ], [ 595675.3125, 2299420.9375 ], [ 595666.5625, 2299427.1875 ], [ 595663.125, 2299431.25 ], [ 595660.9375, 2299436.5625 ], [ 595659.6875, 2299450.3125 ], [ 595658.125, 2299456.25 ], [ 595655.3125, 2299460.9375 ], [ 595646.5625, 2299467.1875 ], [ 595643.125, 2299471.25 ], [ 595640.9375, 2299476.5625 ], [ 595639.6875, 2299490.3125 ], [ 595638.125, 2299496.25 ], [ 595635.3125, 2299500.9375 ], [ 595626.5625, 2299507.1875 ], [ 595621.875, 2299513.75 ], [ 595620.3125, 2299519.6875 ], [ 595619.0625, 2299537.1875 ], [ 595616.71875, 2299546.09375 ], [ 595584.375, 2299611.25 ], [ 595581.40625, 2299615.78125 ], [ 595575.78125, 2299621.40625 ], [ 595546.40625, 2299637.03125 ], [ 595538.59375, 2299644.21875 ], [ 595535.625, 2299648.75 ], [ 595482.96875, 2299753.59375 ], [ 595475.78125, 2299761.40625 ], [ 595446.40625, 2299777.03125 ], [ 595442.1875, 2299780.3125 ], [ 595437.03125, 2299786.40625 ], [ 595424.375, 2299811.25 ], [ 595422.34375, 2299816.71875 ], [ 595420.46875, 2299826.09375 ], [ 595419.6875, 2299840.3125 ], [ 595418.125, 2299846.25 ], [ 595415.3125, 2299850.9375 ], [ 595406.5625, 2299857.1875 ], [ 595401.875, 2299863.75 ], [ 595400.0, 2299873.125 ], [ 595400.0, 2299906.875 ], [ 595399.0625, 2299913.4375 ], [ 595395.3125, 2299920.9375 ], [ 595386.5625, 2299927.1875 ], [ 595381.875, 2299933.75 ], [ 595380.3125, 2299939.6875 ], [ 595379.53125, 2299953.90625 ], [ 595377.65625, 2299963.28125 ], [ 595375.625, 2299968.75 ], [ 595364.375, 2299991.25 ], [ 595361.5625, 2299999.6875 ], [ 595360.15625, 2300009.53125 ], [ 595360.0, 2300046.875 ], [ 595359.0625, 2300053.4375 ], [ 595355.3125, 2300060.9375 ], [ 595346.5625, 2300067.1875 ], [ 595341.875, 2300073.75 ], [ 595340.3125, 2300079.6875 ], [ 595339.6875, 2300090.3125 ], [ 595336.875, 2300098.75 ], [ 595333.4375, 2300102.8125 ], [ 595326.875, 2300106.875 ], [ 595325.0, 2300109.375 ], [ 595325.0, 2300110.625 ], [ 595326.875, 2300113.125 ], [ 595335.3125, 2300119.0625 ], [ 595339.0625, 2300126.5625 ], [ 595340.0, 2300133.125 ], [ 595339.84375, 2300170.46875 ], [ 595339.0625, 2300177.1875 ], [ 595336.71875, 2300186.09375 ], [ 595322.34375, 2300216.71875 ], [ 595320.46875, 2300226.09375 ], [ 595319.0625, 2300243.4375 ], [ 595315.3125, 2300250.9375 ], [ 595311.25, 2300254.375 ], [ 595304.21875, 2300258.59375 ], [ 595297.03125, 2300266.40625 ], [ 595262.96875, 2300333.59375 ], [ 595257.8125, 2300339.6875 ], [ 595246.5625, 2300347.1875 ], [ 595243.125, 2300351.25 ], [ 595240.9375, 2300356.5625 ], [ 595239.6875, 2300370.3125 ], [ 595236.875, 2300378.75 ], [ 595233.4375, 2300382.8125 ], [ 595226.5625, 2300387.1875 ], [ 595221.875, 2300393.75 ], [ 595220.3125, 2300399.6875 ], [ 595219.53125, 2300413.90625 ], [ 595217.65625, 2300423.28125 ], [ 595215.625, 2300428.75 ], [ 595204.375, 2300451.25 ], [ 595200.9375, 2300462.8125 ], [ 595200.0, 2300473.125 ], [ 595200.0, 2300506.875 ], [ 595199.0625, 2300513.4375 ], [ 595195.3125, 2300520.9375 ], [ 595186.5625, 2300527.1875 ], [ 595181.875, 2300533.75 ], [ 595180.3125, 2300539.6875 ], [ 595179.84375, 2300550.46875 ], [ 595178.4375, 2300560.3125 ], [ 595175.625, 2300568.75 ], [ 595164.375, 2300591.25 ], [ 595162.34375, 2300596.71875 ], [ 595160.46875, 2300606.09375 ], [ 595159.6875, 2300620.3125 ], [ 595158.125, 2300626.25 ], [ 595153.4375, 2300632.8125 ], [ 595144.6875, 2300639.0625 ], [ 595140.9375, 2300646.5625 ], [ 595140.0, 2300653.125 ], [ 595139.6875, 2300720.3125 ], [ 595136.875, 2300728.75 ], [ 595133.4375, 2300732.8125 ], [ 595124.6875, 2300739.0625 ], [ 595121.875, 2300743.75 ], [ 595120.3125, 2300749.6875 ], [ 595120.0, 2300846.875 ], [ 595118.4375, 2300860.3125 ], [ 595115.625, 2300868.75 ], [ 595084.375, 2300931.25 ], [ 595077.8125, 2300939.6875 ], [ 595064.6875, 2300949.0625 ], [ 595060.9375, 2300956.5625 ], [ 595060.0, 2300963.125 ], [ 595060.0, 2301026.875 ], [ 595059.0625, 2301037.1875 ], [ 595055.625, 2301048.75 ], [ 595024.375, 2301111.25 ], [ 595021.5625, 2301119.6875 ], [ 595020.15625, 2301129.53125 ], [ 595020.0, 2301166.875 ], [ 595019.0625, 2301177.1875 ], [ 595016.71875, 2301186.09375 ], [ 595004.375, 2301211.25 ], [ 595001.5625, 2301219.6875 ], [ 595000.0, 2301233.125 ], [ 594999.84375, 2301270.46875 ], [ 594997.65625, 2301283.28125 ], [ 594995.625, 2301288.75 ], [ 594963.28125, 2301353.90625 ], [ 594960.9375, 2301362.8125 ], [ 594959.6875, 2301380.3125 ], [ 594958.125, 2301386.25 ], [ 594955.3125, 2301390.9375 ], [ 594946.5625, 2301397.1875 ], [ 594941.875, 2301403.75 ], [ 594940.0, 2301413.125 ], [ 594939.53125, 2301453.90625 ], [ 594938.4375, 2301460.3125 ], [ 594935.625, 2301468.75 ], [ 594843.28125, 2301653.90625 ], [ 594841.5625, 2301659.6875 ], [ 594840.15625, 2301669.53125 ], [ 594840.0, 2301706.875 ], [ 594838.125, 2301716.25 ], [ 594835.3125, 2301720.9375 ], [ 594826.5625, 2301727.1875 ], [ 594823.125, 2301731.25 ], [ 594820.9375, 2301736.5625 ], [ 594819.6875, 2301750.3125 ], [ 594818.125, 2301756.25 ], [ 594815.3125, 2301760.9375 ], [ 594806.5625, 2301767.1875 ], [ 594803.125, 2301771.25 ], [ 594800.9375, 2301776.5625 ], [ 594799.6875, 2301790.3125 ], [ 594798.125, 2301796.25 ], [ 594795.3125, 2301800.9375 ], [ 594786.5625, 2301807.1875 ], [ 594781.875, 2301813.75 ], [ 594780.3125, 2301819.6875 ], [ 594779.53125, 2301833.90625 ], [ 594777.65625, 2301843.28125 ], [ 594762.34375, 2301876.71875 ], [ 594760.9375, 2301882.8125 ], [ 594760.0, 2301893.125 ], [ 594760.3125, 2301930.3125 ], [ 594761.875, 2301936.25 ], [ 594764.6875, 2301940.9375 ], [ 594773.4375, 2301947.1875 ], [ 594778.125, 2301953.75 ], [ 594780.0, 2301963.125 ], [ 594779.0625, 2301973.4375 ], [ 594775.3125, 2301980.9375 ], [ 594764.6875, 2301989.0625 ], [ 594760.9375, 2301996.5625 ], [ 594760.0, 2302003.125 ], [ 594760.0, 2302036.875 ], [ 594758.125, 2302046.25 ], [ 594755.3125, 2302050.9375 ], [ 594746.5625, 2302057.1875 ], [ 594743.125, 2302061.25 ], [ 594740.9375, 2302066.5625 ], [ 594739.6875, 2302080.3125 ], [ 594738.125, 2302086.25 ], [ 594735.3125, 2302090.9375 ], [ 594726.5625, 2302097.1875 ], [ 594723.125, 2302101.25 ], [ 594720.9375, 2302106.5625 ], [ 594719.6875, 2302120.3125 ], [ 594718.125, 2302126.25 ], [ 594713.4375, 2302132.8125 ], [ 594704.6875, 2302139.0625 ], [ 594700.9375, 2302146.5625 ], [ 594700.0, 2302153.125 ], [ 594700.0, 2302246.875 ], [ 594698.4375, 2302260.3125 ], [ 594695.625, 2302268.75 ], [ 594684.375, 2302291.25 ], [ 594682.34375, 2302296.71875 ], [ 594680.46875, 2302306.09375 ], [ 594679.6875, 2302320.3125 ], [ 594678.125, 2302326.25 ], [ 594673.4375, 2302332.8125 ], [ 594664.6875, 2302339.0625 ], [ 594660.9375, 2302346.5625 ], [ 594660.0, 2302353.125 ], [ 594660.0, 2302386.875 ], [ 594658.125, 2302396.25 ], [ 594653.4375, 2302402.8125 ], [ 594644.6875, 2302409.0625 ], [ 594641.875, 2302413.75 ], [ 594640.3125, 2302419.6875 ], [ 594640.3125, 2302430.3125 ], [ 594641.875, 2302436.25 ], [ 594646.5625, 2302442.8125 ], [ 594655.3125, 2302449.0625 ], [ 594658.125, 2302453.75 ], [ 594659.6875, 2302459.6875 ], [ 594659.6875, 2302470.3125 ], [ 594656.875, 2302478.75 ], [ 594653.4375, 2302482.8125 ], [ 594644.6875, 2302489.0625 ], [ 594640.9375, 2302496.5625 ], [ 594640.0, 2302503.125 ], [ 594640.0, 2302536.875 ], [ 594640.9375, 2302543.4375 ], [ 594643.125, 2302548.75 ], [ 594646.5625, 2302552.8125 ], [ 594655.3125, 2302559.0625 ], [ 594659.0625, 2302566.5625 ], [ 594660.0, 2302573.125 ], [ 594660.0, 2302606.875 ], [ 594658.125, 2302616.25 ], [ 594653.4375, 2302622.8125 ], [ 594628.75, 2302635.625 ], [ 594623.125, 2302641.25 ], [ 594620.9375, 2302646.5625 ], [ 594620.0, 2302653.125 ], [ 594620.0, 2302686.875 ], [ 594620.9375, 2302693.4375 ], [ 594623.125, 2302698.75 ], [ 594626.5625, 2302702.8125 ], [ 594635.3125, 2302709.0625 ], [ 594638.125, 2302713.75 ], [ 594639.6875, 2302719.6875 ], [ 594640.46875, 2302853.90625 ], [ 594643.28125, 2302866.09375 ], [ 594656.5625, 2302893.75 ], [ 594657.5, 2302901.25 ], [ 594655.625, 2302908.75 ], [ 594644.375, 2302931.25 ], [ 594642.34375, 2302936.71875 ], [ 594640.46875, 2302946.09375 ], [ 594639.6875, 2302960.3125 ], [ 594638.125, 2302966.25 ], [ 594635.3125, 2302970.9375 ], [ 594626.5625, 2302977.1875 ], [ 594623.125, 2302981.25 ], [ 594620.9375, 2302986.5625 ], [ 594620.0, 2302996.875 ], [ 594620.9375, 2303003.4375 ], [ 594623.125, 2303008.75 ], [ 594626.5625, 2303012.8125 ], [ 594635.3125, 2303019.0625 ], [ 594638.125, 2303023.75 ], [ 594639.6875, 2303029.6875 ], [ 594640.3125, 2303190.3125 ], [ 594641.875, 2303196.25 ], [ 594644.6875, 2303200.9375 ], [ 594653.4375, 2303207.1875 ], [ 594656.875, 2303211.25 ], [ 594659.0625, 2303216.5625 ], [ 594660.0, 2303226.875 ], [ 594659.0625, 2303233.4375 ], [ 594656.875, 2303238.75 ], [ 594653.4375, 2303242.8125 ], [ 594646.5625, 2303247.1875 ], [ 594643.125, 2303251.25 ], [ 594640.9375, 2303256.5625 ], [ 594639.6875, 2303270.3125 ], [ 594638.125, 2303276.25 ], [ 594635.3125, 2303280.9375 ], [ 594626.5625, 2303287.1875 ], [ 594623.125, 2303291.25 ], [ 594620.9375, 2303296.5625 ], [ 594620.0, 2303303.125 ], [ 594620.3125, 2303310.3125 ], [ 594621.875, 2303316.25 ], [ 594624.6875, 2303320.9375 ], [ 594633.4375, 2303327.1875 ], [ 594636.875, 2303331.25 ], [ 594639.0625, 2303336.5625 ], [ 594640.0, 2303343.125 ], [ 594640.0, 2303586.875 ], [ 594639.0625, 2303593.4375 ], [ 594636.875, 2303598.75 ], [ 594633.4375, 2303602.8125 ], [ 594624.6875, 2303609.0625 ], [ 594620.9375, 2303616.5625 ], [ 594620.0, 2303623.125 ], [ 594620.0, 2303686.875 ], [ 594620.9375, 2303693.4375 ], [ 594623.125, 2303698.75 ], [ 594626.5625, 2303702.8125 ], [ 594633.4375, 2303707.1875 ], [ 594638.125, 2303713.75 ], [ 594639.6875, 2303719.6875 ], [ 594640.3125, 2303730.3125 ], [ 594643.125, 2303738.75 ], [ 594646.5625, 2303742.8125 ], [ 594655.3125, 2303749.0625 ], [ 594658.125, 2303753.75 ], [ 594659.6875, 2303759.6875 ], [ 594659.6875, 2303830.3125 ], [ 594658.125, 2303836.25 ], [ 594655.3125, 2303840.9375 ], [ 594646.5625, 2303847.1875 ], [ 594641.875, 2303853.75 ], [ 594640.0, 2303863.125 ], [ 594640.46875, 2303873.90625 ], [ 594643.28125, 2303886.09375 ], [ 594655.625, 2303911.25 ], [ 594658.4375, 2303919.6875 ], [ 594660.0, 2303933.125 ], [ 594660.3125, 2304000.3125 ], [ 594663.125, 2304008.75 ], [ 594666.5625, 2304012.8125 ], [ 594675.3125, 2304019.0625 ], [ 594679.0625, 2304026.5625 ], [ 594680.0, 2304033.125 ], [ 594680.0, 2304066.875 ], [ 594680.9375, 2304077.1875 ], [ 594683.28125, 2304086.09375 ], [ 594695.625, 2304111.25 ], [ 594698.4375, 2304119.6875 ], [ 594699.84375, 2304129.53125 ], [ 594700.0, 2304166.875 ], [ 594700.9375, 2304173.4375 ], [ 594704.6875, 2304180.9375 ], [ 594715.3125, 2304189.0625 ], [ 594719.0625, 2304196.5625 ], [ 594720.0, 2304203.125 ], [ 594720.0, 2304266.875 ], [ 594720.9375, 2304273.4375 ], [ 594724.6875, 2304280.9375 ], [ 594735.3125, 2304289.0625 ], [ 594738.125, 2304293.75 ], [ 594739.6875, 2304299.6875 ], [ 594740.0, 2304426.875 ], [ 594741.5625, 2304440.3125 ], [ 594744.375, 2304448.75 ], [ 594757.03125, 2304473.59375 ], [ 594762.1875, 2304479.6875 ], [ 594773.4375, 2304487.1875 ], [ 594776.875, 2304491.25 ], [ 594779.0625, 2304496.5625 ], [ 594780.3125, 2304510.3125 ], [ 594781.875, 2304516.25 ], [ 594784.6875, 2304520.9375 ], [ 594793.4375, 2304527.1875 ], [ 594798.125, 2304533.75 ], [ 594799.6875, 2304539.6875 ], [ 594800.9375, 2304557.1875 ], [ 594804.375, 2304568.75 ], [ 594815.625, 2304591.25 ], [ 594818.59375, 2304595.78125 ], [ 594824.21875, 2304601.40625 ], [ 594833.4375, 2304607.1875 ], [ 594836.875, 2304611.25 ], [ 594839.0625, 2304616.5625 ], [ 594840.3125, 2304630.3125 ], [ 594841.875, 2304636.25 ], [ 594844.6875, 2304640.9375 ], [ 594853.4375, 2304647.1875 ], [ 594856.875, 2304651.25 ], [ 594859.0625, 2304656.5625 ], [ 594860.3125, 2304670.3125 ], [ 594861.875, 2304676.25 ], [ 594864.6875, 2304680.9375 ], [ 594873.4375, 2304687.1875 ], [ 594876.875, 2304691.25 ], [ 594879.6875, 2304699.6875 ], [ 594880.9375, 2304713.4375 ], [ 594884.6875, 2304720.9375 ], [ 594888.75, 2304724.375 ], [ 594911.25, 2304735.625 ], [ 594915.3125, 2304739.0625 ], [ 594919.0625, 2304746.5625 ], [ 594920.3125, 2304760.3125 ], [ 594923.125, 2304768.75 ], [ 594926.5625, 2304772.8125 ], [ 594935.78125, 2304778.59375 ], [ 594941.40625, 2304784.21875 ], [ 594944.375, 2304788.75 ], [ 594955.625, 2304811.25 ], [ 594960.3125, 2304817.8125 ], [ 594966.40625, 2304822.96875 ], [ 594991.25, 2304835.625 ], [ 594995.3125, 2304839.0625 ], [ 594999.0625, 2304846.5625 ], [ 595000.3125, 2304860.3125 ], [ 595003.125, 2304868.75 ], [ 595006.5625, 2304872.8125 ], [ 595015.78125, 2304878.59375 ], [ 595021.40625, 2304884.21875 ], [ 595024.375, 2304888.75 ], [ 595035.625, 2304911.25 ], [ 595040.3125, 2304917.8125 ], [ 595046.40625, 2304922.96875 ], [ 595071.25, 2304935.625 ], [ 595077.8125, 2304940.3125 ], [ 595082.96875, 2304946.40625 ], [ 595095.625, 2304971.25 ], [ 595100.3125, 2304977.8125 ], [ 595106.40625, 2304982.96875 ], [ 595131.25, 2304995.625 ], [ 595135.3125, 2304999.0625 ], [ 595139.0625, 2305006.5625 ], [ 595140.3125, 2305020.3125 ], [ 595143.125, 2305028.75 ], [ 595146.5625, 2305032.8125 ], [ 595153.59375, 2305037.03125 ], [ 595159.6875, 2305042.1875 ], [ 595164.375, 2305048.75 ], [ 595175.625, 2305071.25 ], [ 595178.59375, 2305075.78125 ], [ 595184.21875, 2305081.40625 ], [ 595193.4375, 2305087.1875 ], [ 595196.875, 2305091.25 ], [ 595199.6875, 2305099.6875 ], [ 595200.9375, 2305113.4375 ], [ 595204.6875, 2305120.9375 ], [ 595208.75, 2305124.375 ], [ 595273.59375, 2305157.03125 ], [ 595279.6875, 2305162.1875 ], [ 595287.1875, 2305173.4375 ], [ 595291.25, 2305176.875 ], [ 595299.6875, 2305179.6875 ], [ 595313.4375, 2305180.9375 ], [ 595320.9375, 2305184.6875 ], [ 595324.375, 2305188.75 ], [ 595335.625, 2305211.25 ], [ 595338.59375, 2305215.78125 ], [ 595344.21875, 2305221.40625 ], [ 595354.375, 2305228.125 ], [ 595355.0, 2305229.375 ], [ 595354.375, 2305231.875 ], [ 595344.21875, 2305238.59375 ], [ 595337.03125, 2305246.40625 ], [ 595324.375, 2305271.25 ], [ 595319.6875, 2305277.8125 ], [ 595311.25, 2305284.375 ], [ 595286.40625, 2305297.03125 ], [ 595280.3125, 2305302.1875 ], [ 595275.625, 2305308.75 ], [ 595264.375, 2305331.25 ], [ 595262.914755217032507, 2305339.026284036692232 ], [ 595264.889143259613775, 2305347.21699412772432 ], [ 595268.113531302311458, 2305352.907704219222069 ], [ 595272.269452219130471, 2305358.250909912399948 ], [ 595279.878101106034592, 2305365.281839107628912 ], [ 595319.450095518957824, 2305390.674372083041817 ], [ 595326.841446632170118, 2305392.54239891609177 ], [ 595331.148135625524446, 2305391.80325197102502 ], [ 595335.374223177321255, 2305388.801579299382865 ], [ 595335.399689270881936, 2305386.622291011735797 ], [ 595333.191614878480323, 2305384.300464185420424 ], [ 595325.275260992813855, 2305378.98635981278494 ], [ 595323.834203309379518, 2305375.670302129350603 ], [ 595324.426826949696988, 2305371.887925769668072 ], [ 595332.529175885138102, 2305358.115274704992771 ], [ 595338.839065956883132, 2305341.925164776854217 ], [ 595342.589065956883132, 2305334.425164776854217 ], [ 595351.517197870765813, 2305320.853296690620482 ], [ 595361.013640187331475, 2305304.099739007186145 ], [ 595368.112074230448343, 2305296.198173050303012 ], [ 595374.62274728063494, 2305291.458846100606024 ], [ 595384.464065956883132, 2305286.300164776854217 ], [ 595392.67813191388268, 2305283.26423073373735 ], [ 595401.829697870765813, 2305281.165796690620482 ], [ 595415.663901180145331, 2305280.0 ], [ 595449.413901180145331, 2305280.0 ], [ 595462.454697870765813, 2305281.959203309379518 ], [ 595470.17813191388268, 2305285.48576926626265 ], [ 595481.488021985627711, 2305292.925879194401205 ], [ 595493.633420330937952, 2305299.530480849090964 ], [ 595500.084203309379518, 2305304.329697870649397 ], [ 595507.05313191388268, 2305312.36076926626265 ], [ 595519.530480849207379, 2305333.633420330937952 ], [ 595526.162596216076054, 2305342.001304964069277 ], [ 595536.845054964069277, 2305350.068846215959638 ], [ 595558.050521985627711, 2305362.613379194401205 ], [ 595570.887335223262198, 2305376.026565956883132 ], [ 595578.387335223262198, 2305379.776565956883132 ], [ 595591.18524728063494, 2305381.978653899393976 ], [ 595599.384725295007229, 2305385.029175885021687 ], [ 595603.68524728063494, 2305388.228653899393976 ], [ 595610.887335223262198, 2305396.026565956883132 ], [ 595615.654175885138102, 2305398.759725295007229 ], [ 595621.353653899510391, 2305400.56024728063494 ], [ 595634.151565956883132, 2305402.762335223145783 ], [ 595639.384725295007229, 2305405.029175885021687 ], [ 595643.68524728063494, 2305408.228653899393976 ], [ 595650.887335223262198, 2305416.026565956883132 ], [ 595655.654175885138102, 2305418.759725295007229 ], [ 595661.353653899510391, 2305420.56024728063494 ], [ 595674.151565956883132, 2305422.762335223145783 ], [ 595679.384725295007229, 2305425.029175885021687 ], [ 595683.68524728063494, 2305428.228653899393976 ], [ 595690.887335223262198, 2305436.026565956883132 ], [ 595695.654175885138102, 2305438.759725295007229 ], [ 595701.353653899510391, 2305440.56024728063494 ], [ 595714.151565956883132, 2305442.762335223145783 ], [ 595719.384725295007229, 2305445.029175885021687 ], [ 595723.68524728063494, 2305448.228653899393976 ], [ 595730.887335223262198, 2305456.026565956883132 ], [ 595735.654175885138102, 2305458.759725295007229 ], [ 595741.353653899510391, 2305460.56024728063494 ], [ 595754.151565956883132, 2305462.762335223145783 ], [ 595759.384725295007229, 2305465.029175885021687 ], [ 595765.48576926626265, 2305470.178131913766265 ], [ 595771.517197870765813, 2305479.146703309379518 ], [ 595778.163901180145331, 2305491.25 ], [ 595781.601401180145331, 2305495.3125 ], [ 595789.101401180145331, 2305499.0625 ], [ 595802.851401180145331, 2305500.3125 ], [ 595811.288901180145331, 2305503.125 ], [ 595815.351401180145331, 2305506.5625 ], [ 595821.013640187331475, 2305515.900260992813855 ], [ 595826.162596216076054, 2305522.001304964069277 ], [ 595832.36076926626265, 2305527.053131913766265 ], [ 595841.884725295007229, 2305532.529175885021687 ], [ 595852.67813191388268, 2305536.73576926626265 ], [ 595865.11337919451762, 2305539.300521985627711 ], [ 595875.663901180145331, 2305540.0 ], [ 595912.967980849207379, 2305540.195920330937952 ], [ 595925.225096216076054, 2305542.938804964069277 ], [ 595941.884725295007229, 2305552.529175885021687 ], [ 595963.154175885138102, 2305561.259725295007229 ], [ 595981.488021985627711, 2305572.925879194401205 ], [ 595993.633420330937952, 2305579.530480849090964 ], [ 596000.084203309379518, 2305584.329697870649397 ], [ 596008.853653899510391, 2305594.31024728063494 ], [ 596013.154175885138102, 2305597.509725295007229 ], [ 596018.387335223262198, 2305599.776565956883132 ], [ 596031.18524728063494, 2305601.978653899393976 ], [ 596039.384725295007229, 2305605.029175885021687 ], [ 596043.68524728063494, 2305608.228653899393976 ], [ 596048.893324230448343, 2305614.270576949696988 ], [ 596053.392197870765813, 2305617.271703309379518 ], [ 596062.186730849207379, 2305619.727170330937952 ], [ 596072.967980849207379, 2305620.195920330937952 ], [ 596082.454697870765813, 2305621.959203309379518 ], [ 596087.799574230448343, 2305624.114326949696988 ], [ 596104.464065956883132, 2305633.699835223145783 ], [ 596118.662596216076054, 2305638.251304964069277 ], [ 596132.030480849207379, 2305639.883420330937952 ], [ 596164.55313191388268, 2305641.11076926626265 ], [ 596174.151565956883132, 2305642.762335223145783 ], [ 596181.651565956883132, 2305646.512335223145783 ], [ 596188.853653899510391, 2305654.31024728063494 ], [ 596193.154175885138102, 2305657.509725295007229 ], [ 596198.387335223262198, 2305659.776565956883132 ], [ 596211.18524728063494, 2305661.978653899393976 ], [ 596216.884725295007229, 2305663.779175885021687 ], [ 596223.68524728063494, 2305668.228653899393976 ], [ 596231.006346216076054, 2305675.907554964069277 ], [ 596238.982390187331475, 2305679.181510992813855 ], [ 596245.663901180145331, 2305680.0 ], [ 596279.413901180145331, 2305680.0 ], [ 596288.788901180145331, 2305681.875 ], [ 596293.476401180145331, 2305684.6875 ], [ 596299.726401180145331, 2305693.4375 ], [ 596303.788901180145331, 2305696.875 ], [ 596309.101401180145331, 2305699.0625 ], [ 596322.851401180145331, 2305700.3125 ], [ 596328.788901180145331, 2305701.875 ], [ 596333.476401180145331, 2305704.6875 ], [ 596339.726401180145331, 2305713.4375 ], [ 596343.788901180145331, 2305716.875 ], [ 596349.101401180145331, 2305719.0625 ], [ 596362.851401180145331, 2305720.3125 ], [ 596368.788901180145331, 2305721.875 ], [ 596373.476401180145331, 2305724.6875 ], [ 596379.726401180145331, 2305733.4375 ], [ 596386.288901180145331, 2305738.125 ], [ 596395.663901180145331, 2305740.0 ], [ 596459.413901180145331, 2305740.0 ], [ 596468.788901180145331, 2305741.875 ], [ 596475.351401180145331, 2305746.5625 ], [ 596481.013640187331475, 2305755.900260992813855 ], [ 596486.162596216076054, 2305762.001304964069277 ], [ 596494.62274728063494, 2305768.541153899393976 ], [ 596504.464065956883132, 2305773.699835223145783 ], [ 596523.154175885138102, 2305781.259725295007229 ], [ 596541.884725295007229, 2305792.529175885021687 ], [ 596563.154175885138102, 2305801.259725295007229 ], [ 596598.050521985627711, 2305822.613379194401205 ], [ 596607.05313191388268, 2305832.36076926626265 ], [ 596622.61337919451762, 2305858.050521985627711 ], [ 596632.36076926626265, 2305867.053131913766265 ], [ 596641.884725295007229, 2305872.529175885021687 ], [ 596658.074835223262198, 2305878.839065956883132 ], [ 596665.574835223262198, 2305882.589065956883132 ], [ 596679.146703309379518, 2305891.517197870649397 ], [ 596693.633420330937952, 2305899.530480849090964 ], [ 596700.084203309379518, 2305904.329697870649397 ], [ 596707.05313191388268, 2305912.36076926626265 ], [ 596719.530480849207379, 2305933.633420330937952 ], [ 596726.162596216076054, 2305942.001304964069277 ], [ 596736.845054964069277, 2305950.068846215959638 ], [ 596755.900260992813855, 2305961.01364018721506 ], [ 596763.801826949696988, 2305968.112074230331928 ], [ 596771.517197870765813, 2305979.146703309379518 ], [ 596781.013640187331475, 2305995.900260992813855 ], [ 596786.162596216076054, 2306002.001304964069277 ], [ 596796.845054964069277, 2306010.068846215959638 ], [ 596815.900260992813855, 2306021.01364018721506 ], [ 596822.001304964069277, 2306026.162596215959638 ], [ 596830.068846216076054, 2306036.845054964069277 ], [ 596841.013640187331475, 2306055.900260992813855 ], [ 596846.162596216076054, 2306062.001304964069277 ], [ 596856.845054964069277, 2306070.068846215959638 ], [ 596875.900260992813855, 2306081.01364018721506 ], [ 596882.001304964069277, 2306086.162596215959638 ], [ 596890.068846216076054, 2306096.845054964069277 ], [ 596901.013640187331475, 2306115.900260992813855 ], [ 596906.162596216076054, 2306122.001304964069277 ], [ 596916.845054964069277, 2306130.068846215959638 ], [ 596935.900260992813855, 2306141.01364018721506 ], [ 596942.001304964069277, 2306146.162596215959638 ], [ 596950.068846216076054, 2306156.845054964069277 ], [ 596962.61337919451762, 2306178.050521985627711 ], [ 596974.31024728063494, 2306188.853653899393976 ], [ 596977.509725295007229, 2306193.154175885021687 ], [ 596980.56024728063494, 2306201.353653899393976 ], [ 596982.762335223262198, 2306214.151565956883132 ], [ 596986.512335223262198, 2306221.651565956883132 ], [ 596990.17813191388268, 2306225.48576926626265 ], [ 596994.583076949696988, 2306228.580824230331928 ], [ 597013.4375, 2306239.726401180028915 ], [ 597016.875, 2306243.788901180028915 ], [ 597019.0625, 2306249.101401180028915 ], [ 597020.3125, 2306262.851401180028915 ], [ 597021.875, 2306268.788901180028915 ], [ 597024.6875, 2306273.476401180028915 ], [ 597033.4375, 2306279.726401180028915 ], [ 597036.875, 2306283.788901180028915 ], [ 597039.0625, 2306289.101401180028915 ], [ 597040.3125, 2306302.851401180028915 ], [ 597041.875, 2306308.788901180028915 ], [ 597044.6875, 2306313.476401180028915 ], [ 597053.4375, 2306319.726401180028915 ], [ 597056.875, 2306323.788901180028915 ], [ 597059.0625, 2306329.101401180028915 ], [ 597060.3125, 2306342.851401180028915 ], [ 597061.875, 2306348.788901180028915 ], [ 597064.6875, 2306353.476401180028915 ], [ 597073.4375, 2306359.726401180028915 ], [ 597076.875, 2306363.788901180028915 ], [ 597079.0625, 2306369.101401180028915 ], [ 597080.3125, 2306382.851401180028915 ], [ 597081.875, 2306388.788901180028915 ], [ 597084.6875, 2306393.476401180028915 ], [ 597093.4375, 2306399.726401180028915 ], [ 597098.125, 2306406.288901180028915 ], [ 597100.0, 2306415.663901180028915 ], [ 597100.587760992813855, 2306456.32614018721506 ], [ 597104.114326949696988, 2306467.799574230331928 ], [ 597113.699835223262198, 2306484.464065956883132 ], [ 597118.251304964069277, 2306498.662596215959638 ], [ 597119.883420330937952, 2306512.030480849090964 ], [ 597121.11076926626265, 2306544.553131913766265 ], [ 597122.762335223262198, 2306554.151565956883132 ], [ 597126.512335223262198, 2306561.651565956883132 ], [ 597134.270576949696988, 2306568.893324230331928 ], [ 597138.363021985627711, 2306576.050879194401205 ], [ 597139.727170330937952, 2306582.186730849090964 ], [ 597140.587760992813855, 2306596.32614018721506 ], [ 597141.959203309379518, 2306602.454697870649397 ], [ 597144.114326949696988, 2306607.799574230331928 ], [ 597152.529175885138102, 2306621.884725295007229 ], [ 597157.551826949696988, 2306635.612074230331928 ], [ 597159.650260992813855, 2306648.51364018721506 ], [ 597160.3125, 2306662.851401180028915 ], [ 597161.875, 2306668.788901180028915 ], [ 597166.5625, 2306675.351401180028915 ], [ 597175.3125, 2306681.601401180028915 ], [ 597179.0625, 2306689.101401180028915 ], [ 597180.0, 2306695.663901180028915 ], [ 597180.119010992813855, 2306766.79489018721506 ], [ 597181.42813191388268, 2306787.98576926626265 ], [ 597182.762335223262198, 2306794.151565956883132 ], [ 597185.029175885138102, 2306799.384725295007229 ], [ 597188.228653899510391, 2306803.68524728063494 ], [ 597194.270576949696988, 2306808.893324230331928 ], [ 597197.271703309379518, 2306813.392197870649397 ], [ 597199.181510992813855, 2306818.98239018721506 ], [ 597200.0, 2306825.663901180028915 ], [ 597199.6875, 2306982.851401180028915 ], [ 597198.125, 2306988.788901180028915 ], [ 597195.3125, 2306993.476401180028915 ], [ 597186.5625, 2306999.726401180028915 ], [ 597181.875, 2307006.288901180028915 ], [ 597180.0, 2307015.663901180028915 ], [ 597180.396703309379518, 2307034.017197870649397 ], [ 597181.42813191388268, 2307047.98576926626265 ], [ 597182.762335223262198, 2307054.151565956883132 ], [ 597186.512335223262198, 2307061.651565956883132 ], [ 597194.230906618759036, 2307068.853653899393976 ], [ 597197.033681323751807, 2307073.154175885021687 ], [ 597198.894093381240964, 2307081.353653899393976 ], [ 597198.57186808611732, 2307087.98576926626265 ], [ 597197.237664776737802, 2307094.151565956883132 ], [ 597194.970824114861898, 2307099.384725295007229 ], [ 597191.771346100489609, 2307103.68524728063494 ], [ 597185.729423050303012, 2307108.893324230331928 ], [ 597182.728296690620482, 2307113.392197870649397 ], [ 597180.818489007186145, 2307118.98239018721506 ], [ 597179.412239007186145, 2307136.32614018721506 ], [ 597177.061195035930723, 2307145.225096215959638 ], [ 597160.469519150792621, 2307173.633420330937952 ], [ 597155.670302129234187, 2307180.084203309379518 ], [ 597149.82186808611732, 2307185.48576926626265 ], [ 597140.853296690620482, 2307191.517197870649397 ], [ 597128.75, 2307198.163901180028915 ], [ 597123.125, 2307203.788901180028915 ], [ 597120.9375, 2307209.101401180028915 ], [ 597119.6875, 2307222.851401180028915 ], [ 597118.125, 2307228.788901180028915 ], [ 597115.3125, 2307233.476401180028915 ], [ 597106.5625, 2307239.726401180028915 ], [ 597103.125, 2307243.788901180028915 ], [ 597100.9375, 2307249.101401180028915 ], [ 597099.6875, 2307262.851401180028915 ], [ 597096.875, 2307271.288901180028915 ], [ 597093.4375, 2307275.351401180028915 ], [ 597084.099739007186145, 2307281.01364018721506 ], [ 597076.198173050303012, 2307288.112074230331928 ], [ 597070.050164776737802, 2307296.964065956883132 ], [ 597064.19686808611732, 2307309.86076926626265 ], [ 597061.165796690620482, 2307321.829697870649397 ], [ 597060.116579669062048, 2307332.030480849090964 ], [ 597059.960329669062048, 2307403.124230849090964 ], [ 597058.021346100489609, 2307431.18524728063494 ], [ 597056.220824114861898, 2307436.884725295007229 ], [ 597053.487664776737802, 2307441.651565956883132 ], [ 597045.68975271936506, 2307448.853653899393976 ], [ 597042.490274704992771, 2307453.154175885021687 ], [ 597040.223434043116868, 2307458.387335223145783 ], [ 597038.021346100489609, 2307471.18524728063494 ], [ 597036.220824114861898, 2307476.884725295007229 ], [ 597031.771346100489609, 2307483.68524728063494 ], [ 597024.092445035930723, 2307491.006346215959638 ], [ 597020.818489007186145, 2307498.98239018721506 ], [ 597020.0, 2307505.663901180028915 ], [ 597020.0, 2307629.413901180028915 ], [ 597019.412239007186145, 2307636.32614018721506 ], [ 597017.061195035930723, 2307645.225096215959638 ], [ 597007.470824114861898, 2307661.884725295007229 ], [ 596998.740274704992771, 2307683.154175885021687 ], [ 596988.482802129234187, 2307699.146703309379518 ], [ 596978.986359812668525, 2307715.900260992813855 ], [ 596973.837403783923946, 2307722.001304964069277 ], [ 596965.68975271936506, 2307728.853653899393976 ], [ 596962.490274704992771, 2307733.154175885021687 ], [ 596959.43975271936506, 2307741.353653899393976 ], [ 596957.237664776737802, 2307754.151565956883132 ], [ 596953.487664776737802, 2307761.651565956883132 ], [ 596947.63923073373735, 2307767.053131913766265 ], [ 596926.366579669062048, 2307779.530480849090964 ], [ 596917.998695035930723, 2307786.162596215959638 ], [ 596909.931153783923946, 2307796.845054964069277 ], [ 596897.38662080548238, 2307818.050521985627711 ], [ 596883.973434043116868, 2307830.887335223145783 ], [ 596880.223434043116868, 2307838.387335223145783 ], [ 596878.021346100489609, 2307851.18524728063494 ], [ 596876.220824114861898, 2307856.884725295007229 ], [ 596871.771346100489609, 2307863.68524728063494 ], [ 596860.853296690620482, 2307871.517197870649397 ], [ 596844.099739007186145, 2307881.01364018721506 ], [ 596837.998695035930723, 2307886.162596215959638 ], [ 596831.419175769551657, 2307894.583076949696988 ], [ 596821.836098819854669, 2307911.25 ], [ 596818.398598819854669, 2307915.3125 ], [ 596810.898598819854669, 2307919.0625 ], [ 596797.148598819854669, 2307920.3125 ], [ 596788.711098819854669, 2307923.125 ], [ 596784.648598819854669, 2307926.5625 ], [ 596778.986359812668525, 2307935.900260992813855 ], [ 596771.887925769551657, 2307943.801826949696988 ], [ 596760.853296690620482, 2307951.517197870649397 ], [ 596744.099739007186145, 2307961.01364018721506 ], [ 596737.998695035930723, 2307966.162596215959638 ], [ 596729.931153783923946, 2307976.845054964069277 ], [ 596717.38662080548238, 2307998.050521985627711 ], [ 596705.68975271936506, 2308008.853653899393976 ], [ 596702.490274704992771, 2308013.154175885021687 ], [ 596699.43975271936506, 2308021.353653899393976 ], [ 596697.237664776737802, 2308034.151565956883132 ], [ 596694.970824114861898, 2308039.384725295007229 ], [ 596691.771346100489609, 2308043.68524728063494 ], [ 596680.853296690620482, 2308051.517197870649397 ], [ 596664.099739007186145, 2308061.01364018721506 ], [ 596657.998695035930723, 2308066.162596215959638 ], [ 596651.106675769551657, 2308074.270576949696988 ], [ 596646.607802129234187, 2308077.271703309379518 ], [ 596641.017609812668525, 2308079.181510992813855 ], [ 596623.673859812668525, 2308080.587760992813855 ], [ 596614.774903783923946, 2308082.938804964069277 ], [ 596581.949478014372289, 2308102.613379194401205 ], [ 596572.94686808611732, 2308112.36076926626265 ], [ 596560.469519150792621, 2308133.633420330937952 ], [ 596555.670302129234187, 2308140.084203309379518 ], [ 596547.63923073373735, 2308147.053131913766265 ], [ 596526.366579669062048, 2308159.530480849090964 ], [ 596517.998695035930723, 2308166.162596215959638 ], [ 596511.419175769551657, 2308174.583076949696988 ], [ 596500.469519150792621, 2308193.633420330937952 ], [ 596495.670302129234187, 2308200.084203309379518 ], [ 596485.416923050303012, 2308208.580824230331928 ], [ 596466.366579669062048, 2308219.530480849090964 ], [ 596459.915796690620482, 2308224.329697870649397 ], [ 596451.419175769551657, 2308234.583076949696988 ], [ 596440.273598819854669, 2308253.4375 ], [ 596436.211098819854669, 2308256.875 ], [ 596430.898598819854669, 2308259.0625 ], [ 596417.148598819854669, 2308260.3125 ], [ 596411.211098819854669, 2308261.875 ], [ 596406.523598819854669, 2308264.6875 ], [ 596400.273598819854669, 2308273.4375 ], [ 596396.211098819854669, 2308276.875 ], [ 596390.898598819854669, 2308279.0625 ], [ 596377.148598819854669, 2308280.3125 ], [ 596371.211098819854669, 2308281.875 ], [ 596364.648598819854669, 2308286.5625 ], [ 596358.398598819854669, 2308295.3125 ], [ 596350.898598819854669, 2308299.0625 ], [ 596344.336098819854669, 2308300.0 ], [ 596277.148598819854669, 2308300.3125 ], [ 596271.211098819854669, 2308301.875 ], [ 596266.523598819854669, 2308304.6875 ], [ 596260.273598819854669, 2308313.4375 ], [ 596253.711098819854669, 2308318.125 ], [ 596244.336098819854669, 2308320.0 ], [ 596225.982802129234187, 2308320.396703309379518 ], [ 596208.81475271936506, 2308321.978653899393976 ], [ 596203.115274704992771, 2308323.779175885021687 ], [ 596196.31475271936506, 2308328.228653899393976 ], [ 596188.482802129234187, 2308339.146703309379518 ], [ 596178.986359812668525, 2308355.900260992813855 ], [ 596173.837403783923946, 2308362.001304964069277 ], [ 596163.154945035930723, 2308370.068846215959638 ], [ 596148.75, 2308378.163901180028915 ], [ 596143.125, 2308383.788901180028915 ], [ 596140.9375, 2308389.101401180028915 ], [ 596139.6875, 2308402.851401180028915 ], [ 596138.125, 2308408.788901180028915 ], [ 596133.4375, 2308415.351401180028915 ], [ 596124.6875, 2308421.601401180028915 ], [ 596120.9375, 2308429.101401180028915 ], [ 596120.0, 2308435.663901180028915 ], [ 596118.57186808611732, 2308467.98576926626265 ], [ 596117.237664776737802, 2308474.151565956883132 ], [ 596113.487664776737802, 2308481.651565956883132 ], [ 596109.82186808611732, 2308485.48576926626265 ], [ 596105.416923050303012, 2308488.580824230331928 ], [ 596086.366579669062048, 2308499.530480849090964 ], [ 596079.915796690620482, 2308504.329697870649397 ], [ 596072.94686808611732, 2308512.36076926626265 ], [ 596060.469519150792621, 2308533.633420330937952 ], [ 596053.837403783923946, 2308542.001304964069277 ], [ 596043.154945035930723, 2308550.068846215959638 ], [ 596024.099739007186145, 2308561.01364018721506 ], [ 596014.51423073373735, 2308570.178131913766265 ], [ 596008.720824114861898, 2308579.384725295007229 ], [ 596003.26423073373735, 2308592.678131913766265 ], [ 596000.699478014372289, 2308605.113379194401205 ], [ 595999.6875, 2308622.851401180028915 ], [ 595996.875, 2308631.288901180028915 ], [ 595993.4375, 2308635.351401180028915 ], [ 595984.099739007186145, 2308641.01364018721506 ], [ 595976.198173050303012, 2308648.112074230331928 ], [ 595968.482802129234187, 2308659.146703309379518 ], [ 595958.986359812668525, 2308675.900260992813855 ], [ 595953.837403783923946, 2308682.001304964069277 ], [ 595947.63923073373735, 2308687.053131913766265 ], [ 595940.615274704992771, 2308691.279175885021687 ], [ 595919.345824114861898, 2308700.009725295007229 ], [ 595900.615274704992771, 2308711.279175885021687 ], [ 595876.845824114861898, 2308721.259725295007229 ], [ 595841.949478014372289, 2308742.613379194401205 ], [ 595832.94686808611732, 2308752.36076926626265 ], [ 595820.469519150792621, 2308773.633420330937952 ], [ 595813.837403783923946, 2308782.001304964069277 ], [ 595803.154945035930723, 2308790.068846215959638 ], [ 595784.099739007186145, 2308801.01364018721506 ], [ 595776.198173050303012, 2308808.112074230331928 ], [ 595768.482802129234187, 2308819.146703309379518 ], [ 595758.986359812668525, 2308835.900260992813855 ], [ 595753.837403783923946, 2308842.001304964069277 ], [ 595743.154945035930723, 2308850.068846215959638 ], [ 595721.949478014372289, 2308862.613379194401205 ], [ 595711.146346100489609, 2308874.31024728063494 ], [ 595706.845824114861898, 2308877.509725295007229 ], [ 595698.646346100489609, 2308880.56024728063494 ], [ 595685.848434043116868, 2308882.762335223145783 ], [ 595678.348434043116868, 2308886.512335223145783 ], [ 595674.51423073373735, 2308890.178131913766265 ], [ 595671.419175769551657, 2308894.583076949696988 ], [ 595657.38662080548238, 2308918.050521985627711 ], [ 595647.63923073373735, 2308927.053131913766265 ], [ 595638.115274704992771, 2308932.529175885021687 ], [ 595616.845824114861898, 2308941.259725295007229 ], [ 595598.115274704992771, 2308952.529175885021687 ], [ 595587.32186808611732, 2308956.73576926626265 ], [ 595571.486359812668525, 2308959.650260992813855 ], [ 595532.01423073373735, 2308961.428131913766265 ], [ 595525.848434043116868, 2308962.762335223145783 ], [ 595520.615274704992771, 2308965.029175885021687 ], [ 595514.51423073373735, 2308970.178131913766265 ], [ 595508.482802129234187, 2308979.146703309379518 ], [ 595501.836098819854669, 2308991.25 ], [ 595498.398598819854669, 2308995.3125 ], [ 595490.898598819854669, 2308999.0625 ], [ 595477.148598819854669, 2309000.3125 ], [ 595468.711098819854669, 2309003.125 ], [ 595464.648598819854669, 2309006.5625 ], [ 595458.986359812668525, 2309015.900260992813855 ], [ 595451.887925769551657, 2309023.801826949696988 ], [ 595443.154945035930723, 2309030.068846215959638 ], [ 595426.366579669062048, 2309039.530480849090964 ], [ 595419.915796690620482, 2309044.329697870649397 ], [ 595411.419175769551657, 2309054.583076949696988 ], [ 595398.986359812668525, 2309075.900260992813855 ], [ 595393.837403783923946, 2309082.001304964069277 ], [ 595385.729423050303012, 2309088.893324230331928 ], [ 595381.636978014372289, 2309096.050879194401205 ], [ 595380.0, 2309105.663901180028915 ], [ 595379.960329669062048, 2309143.124230849090964 ], [ 595378.88923073373735, 2309164.553131913766265 ], [ 595377.237664776737802, 2309174.151565956883132 ], [ 595374.970824114861898, 2309179.384725295007229 ], [ 595371.771346100489609, 2309183.68524728063494 ], [ 595367.63923073373735, 2309187.053131913766265 ], [ 595341.949478014372289, 2309202.613379194401205 ], [ 595328.993653783923946, 2309215.907554964069277 ], [ 595323.94912080548238, 2309218.363021985627711 ], [ 595317.813269150792621, 2309219.727170330937952 ], [ 595310.586098819854669, 2309220.0 ], [ 595300.51162080548238, 2309218.824478014372289 ], [ 595292.200425769551657, 2309215.885673050303012 ], [ 595283.035934043116868, 2309210.050164776854217 ], [ 595272.87725271936506, 2309205.208846100606024 ], [ 595264.583846100489609, 2309202.644093381240964 ], [ 595259.345824114861898, 2309202.341318676248193 ], [ 595252.083846100489609, 2309204.230906618759036 ], [ 595238.115274704992771, 2309212.529175885021687 ], [ 595216.845824114861898, 2309221.259725295007229 ], [ 595200.853296690620482, 2309231.517197870649397 ], [ 595184.099739007186145, 2309241.01364018721506 ], [ 595177.998695035930723, 2309246.162596215959638 ], [ 595171.146346100489609, 2309254.31024728063494 ], [ 595166.845824114861898, 2309257.509725295007229 ], [ 595158.646346100489609, 2309260.56024728063494 ], [ 595145.848434043116868, 2309262.762335223145783 ], [ 595140.615274704992771, 2309265.029175885021687 ], [ 595136.31475271936506, 2309268.228653899393976 ], [ 595129.931153783923946, 2309276.845054964069277 ], [ 595120.469519150792621, 2309293.633420330937952 ], [ 595115.670302129234187, 2309300.084203309379518 ], [ 595105.416923050303012, 2309308.580824230331928 ], [ 595086.366579669062048, 2309319.530480849090964 ], [ 595079.915796690620482, 2309324.329697870649397 ], [ 595071.419175769551657, 2309334.583076949696988 ], [ 595060.273598819854669, 2309353.4375 ], [ 595056.211098819854669, 2309356.875 ], [ 595050.898598819854669, 2309359.0625 ], [ 595037.148598819854669, 2309360.3125 ], [ 595031.211098819854669, 2309361.875 ], [ 595024.648598819854669, 2309366.5625 ], [ 595018.398598819854669, 2309375.3125 ], [ 595010.898598819854669, 2309379.0625 ], [ 595004.336098819854669, 2309380.0 ], [ 594940.586098819854669, 2309380.0 ], [ 594934.023598819854669, 2309380.9375 ], [ 594926.523598819854669, 2309384.6875 ], [ 594915.670302129234187, 2309400.084203309379518 ], [ 594905.68975271936506, 2309408.853653899393976 ], [ 594902.490274704992771, 2309413.154175885021687 ], [ 594900.223434043116868, 2309418.387335223145783 ], [ 594898.021346100489609, 2309431.18524728063494 ], [ 594896.220824114861898, 2309436.884725295007229 ], [ 594893.487664776737802, 2309441.651565956883132 ], [ 594885.68975271936506, 2309448.853653899393976 ], [ 594882.490274704992771, 2309453.154175885021687 ], [ 594879.43975271936506, 2309461.353653899393976 ], [ 594877.237664776737802, 2309474.151565956883132 ], [ 594873.487664776737802, 2309481.651565956883132 ], [ 594867.63923073373735, 2309487.053131913766265 ], [ 594846.366579669062048, 2309499.530480849090964 ], [ 594837.998695035930723, 2309506.162596215959638 ], [ 594829.931153783923946, 2309516.845054964069277 ], [ 594817.38662080548238, 2309538.050521985627711 ], [ 594811.887925769551657, 2309543.801826949696988 ], [ 594803.035934043116868, 2309549.949835223145783 ], [ 594792.87725271936506, 2309554.791153899393976 ], [ 594784.387925769551657, 2309557.551826949696988 ], [ 594774.88662080548238, 2309559.300521985627711 ], [ 594760.586098819854669, 2309560.0 ], [ 594754.023598819854669, 2309559.0625 ], [ 594748.711098819854669, 2309556.875 ], [ 594744.648598819854669, 2309553.4375 ], [ 594738.398598819854669, 2309544.6875 ], [ 594730.898598819854669, 2309540.9375 ], [ 594724.336098819854669, 2309540.0 ], [ 594702.431153783923946, 2309540.595054964069277 ], [ 594692.01423073373735, 2309541.428131913766265 ], [ 594683.115274704992771, 2309543.779175885021687 ], [ 594678.348434043116868, 2309546.512335223145783 ], [ 594671.146346100489609, 2309554.31024728063494 ], [ 594666.845824114861898, 2309557.509725295007229 ], [ 594661.612664776737802, 2309559.776565956883132 ], [ 594648.81475271936506, 2309561.978653899393976 ], [ 594643.115274704992771, 2309563.779175885021687 ], [ 594638.348434043116868, 2309566.512335223145783 ], [ 594631.146346100489609, 2309574.31024728063494 ], [ 594626.845824114861898, 2309577.509725295007229 ], [ 594618.646346100489609, 2309580.56024728063494 ], [ 594605.848434043116868, 2309582.762335223145783 ], [ 594598.348434043116868, 2309586.512335223145783 ], [ 594592.94686808611732, 2309592.36076926626265 ], [ 594581.836098819854669, 2309611.25 ], [ 594578.398598819854669, 2309615.3125 ], [ 594570.898598819854669, 2309619.0625 ], [ 594557.148598819854669, 2309620.3125 ], [ 594548.711098819854669, 2309623.125 ], [ 594544.648598819854669, 2309626.5625 ], [ 594538.986359812668525, 2309635.900260992813855 ], [ 594531.887925769551657, 2309643.801826949696988 ], [ 594520.853296690620482, 2309651.517197870649397 ], [ 594501.949478014372289, 2309662.613379194401205 ], [ 594489.112664776737802, 2309676.026565956883132 ], [ 594481.612664776737802, 2309679.776565956883132 ], [ 594465.848434043116868, 2309682.762335223145783 ], [ 594458.348434043116868, 2309686.512335223145783 ], [ 594454.51423073373735, 2309690.178131913766265 ], [ 594451.419175769551657, 2309694.583076949696988 ], [ 594440.273598819854669, 2309713.4375 ], [ 594436.211098819854669, 2309716.875 ], [ 594430.898598819854669, 2309719.0625 ], [ 594417.148598819854669, 2309720.3125 ], [ 594411.211098819854669, 2309721.875 ], [ 594406.523598819854669, 2309724.6875 ], [ 594400.273598819854669, 2309733.4375 ], [ 594396.211098819854669, 2309736.875 ], [ 594390.898598819854669, 2309739.0625 ], [ 594377.148598819854669, 2309740.3125 ], [ 594371.211098819854669, 2309741.875 ], [ 594366.523598819854669, 2309744.6875 ], [ 594360.273598819854669, 2309753.4375 ], [ 594353.711098819854669, 2309758.125 ], [ 594347.773598819854669, 2309759.6875 ], [ 594318.919175769551657, 2309760.833076949696988 ], [ 594305.848434043116868, 2309762.762335223145783 ], [ 594298.348434043116868, 2309766.512335223145783 ], [ 594291.146346100489609, 2309774.31024728063494 ], [ 594284.345824114861898, 2309778.759725295007229 ], [ 594278.646346100489609, 2309780.56024728063494 ], [ 594265.848434043116868, 2309782.762335223145783 ], [ 594260.615274704992771, 2309785.029175885021687 ], [ 594254.51423073373735, 2309790.178131913766265 ], [ 594248.482802129234187, 2309799.146703309379518 ], [ 594241.836098819854669, 2309811.25 ], [ 594236.211098819854669, 2309816.875 ], [ 594230.898598819854669, 2309819.0625 ], [ 594217.148598819854669, 2309820.3125 ], [ 594211.211098819854669, 2309821.875 ], [ 594206.523598819854669, 2309824.6875 ], [ 594200.273598819854669, 2309833.4375 ], [ 594196.211098819854669, 2309836.875 ], [ 594190.898598819854669, 2309839.0625 ], [ 594177.148598819854669, 2309840.3125 ], [ 594168.711098819854669, 2309843.125 ], [ 594164.648598819854669, 2309846.5625 ], [ 594158.986359812668525, 2309855.900260992813855 ], [ 594153.837403783923946, 2309862.001304964069277 ], [ 594147.63923073373735, 2309867.053131913766265 ], [ 594138.115274704992771, 2309872.529175885021687 ], [ 594130.13923073373735, 2309875.803131913766265 ], [ 594121.337403783923946, 2309878.251304964069277 ], [ 594111.486359812668525, 2309879.650260992813855 ], [ 594097.148598819854669, 2309880.3125 ], [ 594091.211098819854669, 2309881.875 ], [ 594086.523598819854669, 2309884.6875 ], [ 594080.273598819854669, 2309893.4375 ], [ 594076.211098819854669, 2309896.875 ], [ 594070.898598819854669, 2309899.0625 ], [ 594057.148598819854669, 2309900.3125 ], [ 594051.211098819854669, 2309901.875 ], [ 594046.523598819854669, 2309904.6875 ], [ 594040.273598819854669, 2309913.4375 ], [ 594036.211098819854669, 2309916.875 ], [ 594030.898598819854669, 2309919.0625 ], [ 594017.148598819854669, 2309920.3125 ], [ 594011.211098819854669, 2309921.875 ], [ 594006.523598819854669, 2309924.6875 ], [ 594000.273598819854669, 2309933.4375 ], [ 593996.211098819854669, 2309936.875 ], [ 593990.898598819854669, 2309939.0625 ], [ 593977.148598819854669, 2309940.3125 ], [ 593968.711098819854669, 2309943.125 ], [ 593964.648598819854669, 2309946.5625 ], [ 593955.670302129234187, 2309960.084203309379518 ], [ 593944.092445035930723, 2309971.006346215959638 ], [ 593940.818489007186145, 2309978.98239018721506 ], [ 593940.0, 2309985.663901180028915 ], [ 593940.0, 2310019.413901180028915 ], [ 593940.9375, 2310025.976401180028915 ], [ 593944.6875, 2310033.476401180028915 ], [ 593953.4375, 2310039.726401180028915 ], [ 593958.125, 2310046.288901180028915 ], [ 593959.6875, 2310052.226401180028915 ], [ 593960.833076949696988, 2310081.080824230331928 ], [ 593962.762335223262198, 2310094.151565956883132 ], [ 593966.512335223262198, 2310101.651565956883132 ], [ 593970.17813191388268, 2310105.48576926626265 ], [ 593974.62274728063494, 2310108.541153899393976 ], [ 593984.464065956883132, 2310113.699835223145783 ], [ 593995.612074230448343, 2310117.551826949696988 ], [ 594008.513640187331475, 2310119.650260992813855 ], [ 594022.851401180145331, 2310120.3125 ], [ 594028.788901180145331, 2310121.875 ], [ 594035.351401180145331, 2310126.5625 ], [ 594041.601401180145331, 2310135.3125 ], [ 594049.101401180145331, 2310139.0625 ], [ 594055.663901180145331, 2310140.0 ], [ 594074.017197870765813, 2310139.603296690620482 ], [ 594091.18524728063494, 2310138.021346100606024 ], [ 594099.384725295007229, 2310134.970824114978313 ], [ 594103.68524728063494, 2310131.771346100606024 ], [ 594108.853653899510391, 2310125.68975271936506 ], [ 594113.154175885138102, 2310122.490274704992771 ], [ 594118.387335223262198, 2310120.223434043116868 ], [ 594130.989326949696988, 2310118.021346100606024 ], [ 594135.709203309379518, 2310116.220824114978313 ], [ 594138.712760992813855, 2310113.487664776854217 ], [ 594140.46875, 2310105.729423050303012 ], [ 594142.8125, 2310102.728296690620482 ], [ 594147.03125, 2310100.818489007186145 ], [ 594153.125, 2310100.0 ] ] } },
{ "type": "Feature", "properties": { "id": "shoreline_2026_wet_11", "bank_type": "right", "length_m": 4560.0, "is_island": false, "year": 2026, "season": "wet", "source": "S1", "processing_version": "1.0" }, "geometry": { "type": "LineString", "coordinates": [ [ 604531.25, 2289695.625 ], [ 604526.5625, 2289692.8125 ], [ 604521.875, 2289686.25 ], [ 604520.3125, 2289680.3125 ], [ 604519.0625, 2289666.5625 ], [ 604515.3125, 2289659.0625 ], [ 604511.25, 2289655.625 ], [ 604488.75, 2289644.375 ], [ 604483.125, 2289638.75 ], [ 604480.9375, 2289633.4375 ], [ 604479.6875, 2289619.6875 ], [ 604478.125, 2289613.75 ], [ 604475.3125, 2289609.0625 ], [ 604466.5625, 2289602.8125 ], [ 604463.125, 2289598.75 ], [ 604460.9375, 2289593.4375 ], [ 604459.6875, 2289579.6875 ], [ 604458.125, 2289573.75 ], [ 604455.3125, 2289569.0625 ], [ 604446.5625, 2289562.8125 ], [ 604443.125, 2289558.75 ], [ 604440.9375, 2289553.4375 ], [ 604439.6875, 2289539.6875 ], [ 604436.875, 2289531.25 ], [ 604433.4375, 2289527.1875 ], [ 604424.21875, 2289521.40625 ], [ 604418.59375, 2289515.78125 ], [ 604401.40625, 2289484.21875 ], [ 604397.8125, 2289480.3125 ], [ 604391.25, 2289475.625 ], [ 604328.75, 2289444.375 ], [ 604324.21875, 2289443.28125 ], [ 604318.59375, 2289445.15625 ], [ 604312.8125, 2289453.4375 ], [ 604308.75, 2289456.875 ], [ 604303.4375, 2289459.0625 ], [ 604289.6875, 2289460.3125 ], [ 604283.75, 2289461.875 ], [ 604277.1875, 2289466.5625 ], [ 604270.9375, 2289475.3125 ], [ 604266.25, 2289478.125 ], [ 604260.3125, 2289479.6875 ], [ 604043.125, 2289480.0 ], [ 604036.5625, 2289480.9375 ], [ 604031.25, 2289483.125 ], [ 604027.1875, 2289486.5625 ], [ 604020.9375, 2289495.3125 ], [ 604016.25, 2289498.125 ], [ 604010.3125, 2289499.6875 ], [ 603853.125, 2289500.0 ], [ 603846.5625, 2289500.9375 ], [ 603839.0625, 2289504.6875 ], [ 603830.9375, 2289515.3125 ], [ 603823.4375, 2289519.0625 ], [ 603816.875, 2289520.0 ], [ 603783.125, 2289520.0 ], [ 603773.75, 2289521.875 ], [ 603769.0625, 2289524.6875 ], [ 603762.8125, 2289533.4375 ], [ 603758.75, 2289536.875 ], [ 603753.4375, 2289539.0625 ], [ 603739.6875, 2289540.3125 ], [ 603733.75, 2289541.875 ], [ 603729.0625, 2289544.6875 ], [ 603722.8125, 2289553.4375 ], [ 603718.75, 2289556.875 ], [ 603713.4375, 2289559.0625 ], [ 603699.6875, 2289560.3125 ], [ 603693.75, 2289561.875 ], [ 603689.0625, 2289564.6875 ], [ 603682.8125, 2289573.4375 ], [ 603678.75, 2289576.875 ], [ 603673.4375, 2289579.0625 ], [ 603666.875, 2289580.0 ], [ 603513.125, 2289580.0 ], [ 603502.8125, 2289579.0625 ], [ 603491.25, 2289575.625 ], [ 603468.75, 2289564.375 ], [ 603460.3125, 2289557.8125 ], [ 603450.9375, 2289544.6875 ], [ 603446.25, 2289541.875 ], [ 603436.875, 2289540.0 ], [ 603429.6875, 2289540.3125 ], [ 603421.25, 2289543.125 ], [ 603417.1875, 2289546.5625 ], [ 603410.9375, 2289555.3125 ], [ 603406.25, 2289558.125 ], [ 603400.3125, 2289559.6875 ], [ 603269.6875, 2289559.6875 ], [ 603261.25, 2289556.875 ], [ 603257.1875, 2289553.4375 ], [ 603250.9375, 2289544.6875 ], [ 603243.4375, 2289540.9375 ], [ 603236.875, 2289540.0 ], [ 603139.6875, 2289539.6875 ], [ 603131.25, 2289536.875 ], [ 603127.1875, 2289533.4375 ], [ 603120.9375, 2289524.6875 ], [ 603116.25, 2289521.875 ], [ 603110.3125, 2289520.3125 ], [ 603013.125, 2289520.0 ], [ 602999.6875, 2289518.4375 ], [ 602991.25, 2289515.625 ], [ 602968.75, 2289504.375 ], [ 602963.28125, 2289502.34375 ], [ 602953.90625, 2289500.46875 ], [ 602939.6875, 2289499.6875 ], [ 602933.75, 2289498.125 ], [ 602929.0625, 2289495.3125 ], [ 602922.8125, 2289486.5625 ], [ 602918.75, 2289483.125 ], [ 602913.4375, 2289480.9375 ], [ 602906.875, 2289480.0 ], [ 602873.125, 2289480.0 ], [ 602859.6875, 2289481.5625 ], [ 602851.25, 2289484.375 ], [ 602828.75, 2289495.625 ], [ 602821.25, 2289497.5 ], [ 602816.25, 2289497.1875 ], [ 602811.25, 2289495.625 ], [ 602788.75, 2289484.375 ], [ 602783.28125, 2289482.34375 ], [ 602770.46875, 2289480.15625 ], [ 602759.6875, 2289480.3125 ], [ 602753.75, 2289481.875 ], [ 602747.1875, 2289486.5625 ], [ 602744.375, 2289491.25 ], [ 602742.5, 2289498.75 ], [ 602742.8125, 2289503.75 ], [ 602744.375, 2289508.75 ], [ 602755.625, 2289531.25 ], [ 602757.65625, 2289536.71875 ], [ 602759.53125, 2289546.09375 ], [ 602760.3125, 2289560.3125 ], [ 602761.875, 2289566.25 ], [ 602766.5625, 2289572.8125 ], [ 602775.78125, 2289578.59375 ], [ 602781.40625, 2289584.21875 ], [ 602784.375, 2289588.75 ], [ 602795.625, 2289611.25 ], [ 602801.25, 2289616.875 ], [ 602806.5625, 2289619.0625 ], [ 602820.3125, 2289620.3125 ], [ 602826.25, 2289621.875 ], [ 602830.9375, 2289624.6875 ], [ 602840.3125, 2289637.8125 ], [ 602848.75, 2289644.375 ], [ 602913.90625, 2289676.71875 ], [ 602922.8125, 2289679.0625 ], [ 602940.3125, 2289680.3125 ], [ 602946.25, 2289681.875 ], [ 602950.9375, 2289684.6875 ], [ 602957.1875, 2289693.4375 ], [ 602963.75, 2289698.125 ], [ 602973.125, 2289700.0 ], [ 603036.875, 2289700.0 ], [ 603043.4375, 2289700.9375 ], [ 603050.9375, 2289704.6875 ], [ 603059.0625, 2289715.3125 ], [ 603063.75, 2289718.125 ], [ 603069.6875, 2289719.6875 ], [ 603350.46875, 2289720.15625 ], [ 603357.1875, 2289720.9375 ], [ 603366.09375, 2289723.28125 ], [ 603396.71875, 2289737.65625 ], [ 603402.8125, 2289739.0625 ], [ 603413.125, 2289740.0 ], [ 603986.875, 2289740.0 ], [ 603993.90625, 2289740.46875 ], [ 604003.28125, 2289742.34375 ], [ 604033.90625, 2289756.71875 ], [ 604042.8125, 2289759.0625 ], [ 604053.125, 2289760.0 ], [ 604540.3125, 2289759.6875 ], [ 604546.25, 2289758.125 ], [ 604552.8125, 2289753.4375 ], [ 604555.625, 2289748.75 ], [ 604556.5625, 2289742.1875 ], [ 604554.84375, 2289738.59375 ], [ 604546.5625, 2289732.8125 ], [ 604543.125, 2289728.75 ], [ 604540.9375, 2289723.4375 ], [ 604539.6875, 2289709.6875 ], [ 604538.125, 2289703.75 ], [ 604535.3125, 2289699.0625 ], [ 604531.25, 2289695.625 ] ] } }
]
}
