{
"type": "FeatureCollection",
"name": "reach2_s1_shoreline_2020_wet",
"crs": { "type": "name", "properties": { "name": "urn:ogc:def:crs:EPSG::32648" } },
"features": [
{ "type": "Feature", "properties": { }, "geometry": { "type": "LineString", "coordinates": [ [ 563995.625, 2342071.25 ], [ 563990.9375, 2342064.6875 ], [ 563983.4375, 2342060.9375 ], [ 563959.6875, 2342058.4375 ], [ 563951.25, 2342055.625 ], [ 563928.75, 2342044.375 ], [ 563923.28125, 2342042.34375 ], [ 563913.90625, 2342040.46875 ], [ 563899.6875, 2342039.6875 ], [ 563891.25, 2342036.875 ], [ 563887.1875, 2342033.4375 ], [ 563882.96875, 2342026.40625 ], [ 563877.8125, 2342020.3125 ], [ 563864.6875, 2342010.9375 ], [ 563860.9375, 2342003.4375 ], [ 563860.0, 2341996.875 ], [ 563860.0, 2341963.125 ], [ 563861.875, 2341953.75 ], [ 563866.5625, 2341947.1875 ], [ 563875.78125, 2341941.40625 ], [ 563882.96875, 2341933.59375 ], [ 563895.625, 2341908.75 ], [ 563897.65625, 2341903.28125 ], [ 563899.53125, 2341893.90625 ], [ 563899.6875, 2341819.6875 ], [ 563896.875, 2341811.25 ], [ 563893.4375, 2341807.1875 ], [ 563884.6875, 2341800.9375 ], [ 563880.9375, 2341793.4375 ], [ 563880.0, 2341786.875 ], [ 563880.0, 2341753.125 ], [ 563881.40625, 2341747.03125 ], [ 563882.8125, 2341744.6875 ], [ 563887.03125, 2341741.40625 ], [ 563889.84375, 2341740.46875 ], [ 563903.4375, 2341739.0625 ], [ 563910.9375, 2341735.3125 ], [ 563914.375, 2341731.25 ], [ 563918.4375, 2341720.3125 ], [ 563920.0, 2341706.875 ], [ 563919.53125, 2341666.09375 ], [ 563918.4375, 2341659.6875 ], [ 563915.625, 2341651.25 ], [ 563912.8125, 2341646.5625 ], [ 563908.75, 2341643.125 ], [ 563900.3125, 2341640.3125 ], [ 563886.09375, 2341639.53125 ], [ 563876.71875, 2341637.65625 ], [ 563846.09375, 2341623.28125 ], [ 563833.90625, 2341620.46875 ], [ 563729.6875, 2341619.6875 ], [ 563723.75, 2341618.125 ], [ 563719.0625, 2341615.3125 ], [ 563712.8125, 2341606.5625 ], [ 563706.25, 2341601.875 ], [ 563700.3125, 2341600.3125 ], [ 563686.09375, 2341599.53125 ], [ 563676.71875, 2341597.65625 ], [ 563643.28125, 2341582.34375 ], [ 563630.46875, 2341580.15625 ], [ 563593.125, 2341580.0 ], [ 563586.5625, 2341579.0625 ], [ 563579.0625, 2341575.3125 ], [ 563572.8125, 2341566.5625 ], [ 563566.25, 2341561.875 ], [ 563560.3125, 2341560.3125 ], [ 563542.8125, 2341559.0625 ], [ 563533.90625, 2341556.71875 ], [ 563428.75, 2341504.375 ], [ 563417.1875, 2341500.9375 ], [ 563399.6875, 2341499.6875 ], [ 563393.75, 2341498.125 ], [ 563389.0625, 2341495.3125 ], [ 563382.8125, 2341486.5625 ], [ 563378.75, 2341483.125 ], [ 563373.4375, 2341480.9375 ], [ 563359.6875, 2341479.6875 ], [ 563353.75, 2341478.125 ], [ 563347.1875, 2341473.4375 ], [ 563340.9375, 2341464.6875 ], [ 563336.25, 2341461.875 ], [ 563330.3125, 2341460.3125 ], [ 563109.53125, 2341460.15625 ], [ 563102.8125, 2341460.9375 ], [ 563093.90625, 2341463.28125 ], [ 563063.28125, 2341477.65625 ], [ 563053.90625, 2341479.53125 ], [ 563043.125, 2341480.0 ], [ 563036.5625, 2341479.0625 ], [ 563031.25, 2341476.875 ], [ 563027.1875, 2341473.4375 ], [ 563022.8125, 2341466.5625 ], [ 563018.75, 2341463.125 ], [ 563013.4375, 2341460.9375 ], [ 563006.875, 2341460.0 ], [ 562703.125, 2341460.0 ], [ 562696.5625, 2341459.0625 ], [ 562691.25, 2341456.875 ], [ 562687.1875, 2341453.4375 ], [ 562681.40625, 2341444.21875 ], [ 562675.78125, 2341438.59375 ], [ 562671.25, 2341435.625 ], [ 562648.75, 2341424.375 ], [ 562640.3125, 2341417.8125 ], [ 562635.625, 2341411.25 ], [ 562624.375, 2341388.75 ], [ 562617.8125, 2341380.3125 ], [ 562611.25, 2341375.625 ], [ 562588.75, 2341364.375 ], [ 562580.3125, 2341357.8125 ], [ 562575.625, 2341351.25 ], [ 562564.375, 2341328.75 ], [ 562557.8125, 2341320.3125 ], [ 562551.25, 2341315.625 ], [ 562528.75, 2341304.375 ], [ 562520.3125, 2341297.8125 ], [ 562515.625, 2341291.25 ], [ 562504.375, 2341268.75 ], [ 562497.8125, 2341260.3125 ], [ 562491.25, 2341255.625 ], [ 562468.75, 2341244.375 ], [ 562460.3125, 2341237.8125 ], [ 562455.625, 2341231.25 ], [ 562444.375, 2341208.75 ], [ 562437.8125, 2341200.3125 ], [ 562431.25, 2341195.625 ], [ 562408.75, 2341184.375 ], [ 562404.6875, 2341180.9375 ], [ 562400.9375, 2341173.4375 ], [ 562399.6875, 2341159.6875 ], [ 562396.875, 2341151.25 ], [ 562393.4375, 2341147.1875 ], [ 562384.21875, 2341141.40625 ], [ 562378.59375, 2341135.78125 ], [ 562361.40625, 2341104.21875 ], [ 562353.59375, 2341097.03125 ], [ 562328.75, 2341084.375 ], [ 562322.1875, 2341079.6875 ], [ 562315.625, 2341071.25 ], [ 562304.375, 2341048.75 ], [ 562298.75, 2341043.125 ], [ 562293.4375, 2341040.9375 ], [ 562286.875, 2341040.0 ], [ 562253.125, 2341040.0 ], [ 562246.5625, 2341039.0625 ], [ 562239.0625, 2341035.3125 ], [ 562232.8125, 2341026.5625 ], [ 562226.25, 2341021.875 ], [ 562216.875, 2341020.0 ], [ 562183.125, 2341020.0 ], [ 562176.5625, 2341019.0625 ], [ 562169.0625, 2341015.3125 ], [ 562162.8125, 2341006.5625 ], [ 562156.25, 2341001.875 ], [ 562150.3125, 2341000.3125 ], [ 562139.6875, 2340999.6875 ], [ 562131.25, 2340996.875 ], [ 562127.1875, 2340993.4375 ], [ 562123.28125, 2340986.09375 ], [ 562120.9375, 2340977.1875 ], [ 562119.0625, 2340956.5625 ], [ 562116.875, 2340951.25 ], [ 562113.4375, 2340947.1875 ], [ 562068.75, 2340924.375 ], [ 562062.1875, 2340919.6875 ], [ 562057.03125, 2340913.59375 ], [ 562044.375, 2340888.75 ], [ 562040.9375, 2340884.6875 ], [ 562033.4375, 2340880.9375 ], [ 562019.6875, 2340879.6875 ], [ 562013.75, 2340878.125 ], [ 562007.1875, 2340873.4375 ], [ 562000.9375, 2340864.6875 ], [ 561993.4375, 2340860.9375 ], [ 561986.875, 2340860.0 ], [ 561829.6875, 2340860.3125 ], [ 561823.75, 2340861.875 ], [ 561819.0625, 2340864.6875 ], [ 561812.8125, 2340873.4375 ], [ 561808.75, 2340876.875 ], [ 561803.4375, 2340879.0625 ], [ 561796.875, 2340880.0 ], [ 561786.09375, 2340879.53125 ], [ 561773.90625, 2340876.71875 ], [ 561748.75, 2340864.375 ], [ 561744.21875, 2340861.40625 ], [ 561737.03125, 2340853.59375 ], [ 561724.375, 2340828.75 ], [ 561719.6875, 2340822.1875 ], [ 561713.59375, 2340817.03125 ], [ 561688.75, 2340804.375 ], [ 561684.6875, 2340800.9375 ], [ 561680.9375, 2340793.4375 ], [ 561679.0625, 2340776.5625 ], [ 561675.3125, 2340769.0625 ], [ 561671.25, 2340765.625 ], [ 561648.75, 2340754.375 ], [ 561644.6875, 2340750.9375 ], [ 561640.9375, 2340743.4375 ], [ 561639.53125, 2340729.84375 ], [ 561637.1875, 2340724.6875 ], [ 561635.3125, 2340722.8125 ], [ 561630.15625, 2340720.46875 ], [ 561619.6875, 2340719.6875 ], [ 561613.75, 2340718.125 ], [ 561607.1875, 2340713.4375 ], [ 561582.96875, 2340666.40625 ], [ 561575.78125, 2340658.59375 ], [ 561566.5625, 2340652.8125 ], [ 561561.875, 2340646.25 ], [ 561560.0, 2340636.875 ], [ 561560.15625, 2340629.53125 ], [ 561561.5625, 2340619.6875 ], [ 561564.375, 2340611.25 ], [ 561575.625, 2340588.75 ], [ 561579.0625, 2340577.1875 ], [ 561580.0, 2340566.875 ], [ 561579.53125, 2340526.09375 ], [ 561578.4375, 2340519.6875 ], [ 561575.625, 2340511.25 ], [ 561544.375, 2340448.75 ], [ 561541.40625, 2340444.21875 ], [ 561533.59375, 2340437.03125 ], [ 561508.75, 2340424.375 ], [ 561502.1875, 2340419.6875 ], [ 561495.625, 2340411.25 ], [ 561484.375, 2340388.75 ], [ 561478.75, 2340383.125 ], [ 561470.3125, 2340380.3125 ], [ 561433.125, 2340380.0 ], [ 561423.75, 2340378.125 ], [ 561419.0625, 2340375.3125 ], [ 561412.8125, 2340366.5625 ], [ 561408.75, 2340363.125 ], [ 561403.4375, 2340360.9375 ], [ 561389.6875, 2340359.6875 ], [ 561383.75, 2340358.125 ], [ 561379.0625, 2340355.3125 ], [ 561372.8125, 2340346.5625 ], [ 561366.25, 2340341.875 ], [ 561360.3125, 2340340.3125 ], [ 561346.09375, 2340339.53125 ], [ 561336.71875, 2340337.65625 ], [ 561303.28125, 2340322.34375 ], [ 561297.1875, 2340320.9375 ], [ 561286.875, 2340320.0 ], [ 561193.125, 2340320.0 ], [ 561182.8125, 2340319.0625 ], [ 561171.25, 2340315.625 ], [ 561108.75, 2340284.375 ], [ 561103.28125, 2340282.34375 ], [ 561093.90625, 2340280.46875 ], [ 560903.125, 2340280.0 ], [ 560896.5625, 2340279.0625 ], [ 560891.25, 2340276.875 ], [ 560887.1875, 2340273.4375 ], [ 560880.9375, 2340264.6875 ], [ 560876.25, 2340261.875 ], [ 560870.3125, 2340260.3125 ], [ 560743.125, 2340260.0 ], [ 560736.5625, 2340259.0625 ], [ 560729.0625, 2340255.3125 ], [ 560720.9375, 2340244.6875 ], [ 560713.4375, 2340240.9375 ], [ 560706.875, 2340240.0 ], [ 560673.125, 2340240.0 ], [ 560663.75, 2340238.125 ], [ 560659.0625, 2340235.3125 ], [ 560652.8125, 2340226.5625 ], [ 560648.75, 2340223.125 ], [ 560643.4375, 2340220.9375 ], [ 560629.6875, 2340219.6875 ], [ 560623.75, 2340218.125 ], [ 560619.0625, 2340215.3125 ], [ 560612.8125, 2340206.5625 ], [ 560606.25, 2340201.875 ], [ 560596.875, 2340200.0 ], [ 560533.125, 2340200.0 ], [ 560526.5625, 2340199.0625 ], [ 560519.0625, 2340195.3125 ], [ 560512.8125, 2340186.5625 ], [ 560506.25, 2340181.875 ], [ 560500.3125, 2340180.3125 ], [ 560489.6875, 2340179.6875 ], [ 560481.25, 2340176.875 ], [ 560477.1875, 2340173.4375 ], [ 560472.8125, 2340166.5625 ], [ 560466.25, 2340161.875 ], [ 560460.3125, 2340160.3125 ], [ 560442.8125, 2340159.0625 ], [ 560433.90625, 2340156.71875 ], [ 560366.09375, 2340123.28125 ], [ 560360.3125, 2340121.5625 ], [ 560350.46875, 2340120.15625 ], [ 560313.125, 2340120.0 ], [ 560299.6875, 2340118.4375 ], [ 560291.25, 2340115.625 ], [ 560228.75, 2340084.375 ], [ 560223.28125, 2340082.34375 ], [ 560210.46875, 2340080.15625 ], [ 560173.125, 2340080.0 ], [ 560166.5625, 2340079.0625 ], [ 560159.0625, 2340075.3125 ], [ 560152.8125, 2340066.5625 ], [ 560146.25, 2340061.875 ], [ 560140.3125, 2340060.3125 ], [ 560129.53125, 2340059.84375 ], [ 560119.6875, 2340058.4375 ], [ 560111.25, 2340055.625 ], [ 560088.75, 2340044.375 ], [ 560083.28125, 2340042.34375 ], [ 560073.90625, 2340040.46875 ], [ 560059.6875, 2340039.6875 ], [ 560053.75, 2340038.125 ], [ 560047.1875, 2340033.4375 ], [ 560040.9375, 2340024.6875 ], [ 560033.4375, 2340020.9375 ], [ 560026.875, 2340020.0 ], [ 559989.53125, 2340019.84375 ], [ 559976.71875, 2340017.65625 ], [ 559943.28125, 2340002.34375 ], [ 559933.90625, 2340000.46875 ], [ 559919.6875, 2339999.6875 ], [ 559913.75, 2339998.125 ], [ 559907.1875, 2339993.4375 ], [ 559900.9375, 2339984.6875 ], [ 559896.25, 2339981.875 ], [ 559890.3125, 2339980.3125 ], [ 559793.125, 2339980.0 ], [ 559787.03125, 2339978.59375 ], [ 559784.6875, 2339977.1875 ], [ 559781.40625, 2339972.96875 ], [ 559780.46875, 2339970.15625 ], [ 559779.0625, 2339956.5625 ], [ 559776.875, 2339951.25 ], [ 559773.4375, 2339947.1875 ], [ 559728.75, 2339924.375 ], [ 559717.1875, 2339920.9375 ], [ 559699.6875, 2339919.6875 ], [ 559693.75, 2339918.125 ], [ 559687.1875, 2339913.4375 ], [ 559680.9375, 2339904.6875 ], [ 559673.4375, 2339900.9375 ], [ 559666.875, 2339900.0 ], [ 559633.125, 2339900.0 ], [ 559623.75, 2339898.125 ], [ 559619.0625, 2339895.3125 ], [ 559612.8125, 2339886.5625 ], [ 559608.75, 2339883.125 ], [ 559600.3125, 2339880.3125 ], [ 559586.5625, 2339879.0625 ], [ 559579.0625, 2339875.3125 ], [ 559575.625, 2339871.25 ], [ 559564.375, 2339848.75 ], [ 559560.9375, 2339844.6875 ], [ 559556.25, 2339841.875 ], [ 559546.875, 2339840.0 ], [ 559509.53125, 2339839.84375 ], [ 559502.8125, 2339839.0625 ], [ 559493.90625, 2339836.71875 ], [ 559388.75, 2339784.375 ], [ 559377.1875, 2339780.9375 ], [ 559359.6875, 2339779.6875 ], [ 559353.75, 2339778.125 ], [ 559347.1875, 2339773.4375 ], [ 559340.9375, 2339764.6875 ], [ 559333.4375, 2339760.9375 ], [ 559326.875, 2339760.0 ], [ 559259.6875, 2339759.6875 ], [ 559251.25, 2339756.875 ], [ 559247.1875, 2339753.4375 ], [ 559240.9375, 2339744.6875 ], [ 559236.25, 2339741.875 ], [ 559230.3125, 2339740.3125 ], [ 559103.125, 2339740.0 ], [ 559096.5625, 2339739.0625 ], [ 559089.0625, 2339735.3125 ], [ 559082.8125, 2339726.5625 ], [ 559078.75, 2339723.125 ], [ 559073.4375, 2339720.9375 ], [ 559059.6875, 2339719.6875 ], [ 559051.25, 2339716.875 ], [ 559047.1875, 2339713.4375 ], [ 559039.6875, 2339702.1875 ], [ 559033.59375, 2339697.03125 ], [ 559008.75, 2339684.375 ], [ 558997.1875, 2339680.9375 ], [ 558986.875, 2339680.0 ], [ 558859.6875, 2339679.6875 ], [ 558851.25, 2339676.875 ], [ 558847.1875, 2339673.4375 ], [ 558840.9375, 2339664.6875 ], [ 558836.25, 2339661.875 ], [ 558830.3125, 2339660.3125 ], [ 558729.6875, 2339659.6875 ], [ 558721.25, 2339656.875 ], [ 558717.1875, 2339653.4375 ], [ 558710.9375, 2339644.6875 ], [ 558706.25, 2339641.875 ], [ 558700.3125, 2339640.3125 ], [ 558569.53125, 2339639.84375 ], [ 558562.8125, 2339639.0625 ], [ 558553.90625, 2339636.71875 ], [ 558528.75, 2339624.375 ], [ 558520.3125, 2339621.5625 ], [ 558510.46875, 2339620.15625 ], [ 558473.125, 2339620.0 ], [ 558466.5625, 2339619.0625 ], [ 558459.0625, 2339615.3125 ], [ 558450.9375, 2339604.6875 ], [ 558443.4375, 2339600.9375 ], [ 558436.875, 2339600.0 ], [ 558403.125, 2339600.0 ], [ 558396.5625, 2339599.0625 ], [ 558389.0625, 2339595.3125 ], [ 558380.9375, 2339584.6875 ], [ 558373.4375, 2339580.9375 ], [ 558366.875, 2339580.0 ], [ 558333.125, 2339580.0 ], [ 558322.8125, 2339579.0625 ], [ 558311.25, 2339575.625 ], [ 558288.75, 2339564.375 ], [ 558283.28125, 2339562.34375 ], [ 558273.90625, 2339560.46875 ], [ 558259.6875, 2339559.6875 ], [ 558253.75, 2339558.125 ], [ 558247.1875, 2339553.4375 ], [ 558241.40625, 2339544.21875 ], [ 558233.59375, 2339537.03125 ], [ 558208.75, 2339524.375 ], [ 558203.28125, 2339522.34375 ], [ 558190.46875, 2339520.15625 ], [ 558149.53125, 2339519.84375 ], [ 558142.8125, 2339519.0625 ], [ 558133.90625, 2339516.71875 ], [ 558106.40625, 2339502.96875 ], [ 558100.3125, 2339497.8125 ], [ 558090.9375, 2339484.6875 ], [ 558083.4375, 2339480.9375 ], [ 558076.875, 2339480.0 ], [ 557979.6875, 2339479.6875 ], [ 557971.25, 2339476.875 ], [ 557967.1875, 2339473.4375 ], [ 557960.9375, 2339464.6875 ], [ 557956.25, 2339461.875 ], [ 557950.3125, 2339460.3125 ], [ 557733.125, 2339460.0 ], [ 557726.5625, 2339460.9375 ], [ 557721.25, 2339463.125 ], [ 557717.1875, 2339466.5625 ], [ 557712.8125, 2339473.4375 ], [ 557708.75, 2339476.875 ], [ 557703.4375, 2339479.0625 ], [ 557696.875, 2339480.0 ], [ 556879.6875, 2339480.3125 ], [ 556871.25, 2339483.125 ], [ 556867.1875, 2339486.5625 ], [ 556860.9375, 2339495.3125 ], [ 556853.4375, 2339499.0625 ], [ 556846.875, 2339500.0 ], [ 556813.125, 2339500.0 ], [ 556802.8125, 2339500.9375 ], [ 556793.90625, 2339503.28125 ], [ 556768.75, 2339515.625 ], [ 556760.3125, 2339518.4375 ], [ 556746.875, 2339520.0 ], [ 556709.53125, 2339520.15625 ], [ 556702.8125, 2339520.9375 ], [ 556693.90625, 2339523.28125 ], [ 556668.75, 2339535.625 ], [ 556663.125, 2339541.25 ], [ 556660.9375, 2339546.5625 ], [ 556660.0, 2339553.125 ], [ 556660.0, 2339586.875 ], [ 556658.59375, 2339592.96875 ], [ 556655.3125, 2339597.1875 ], [ 556652.96875, 2339598.59375 ], [ 556646.875, 2339600.0 ], [ 556583.125, 2339600.0 ], [ 556576.5625, 2339599.0625 ], [ 556571.25, 2339596.875 ], [ 556567.1875, 2339593.4375 ], [ 556560.9375, 2339584.6875 ], [ 556556.25, 2339581.875 ], [ 556550.3125, 2339580.3125 ], [ 556363.125, 2339580.0 ], [ 556356.5625, 2339579.0625 ], [ 556351.25, 2339576.875 ], [ 556347.1875, 2339573.4375 ], [ 556340.9375, 2339564.6875 ], [ 556336.25, 2339561.875 ], [ 556330.3125, 2339560.3125 ], [ 556173.125, 2339560.0 ], [ 556159.6875, 2339558.4375 ], [ 556148.75, 2339554.375 ], [ 556143.125, 2339548.75 ], [ 556140.3125, 2339540.3125 ], [ 556139.53125, 2339529.84375 ], [ 556138.59375, 2339527.03125 ], [ 556135.3125, 2339522.8125 ], [ 556130.15625, 2339520.46875 ], [ 556119.6875, 2339519.6875 ], [ 556111.25, 2339516.875 ], [ 556107.1875, 2339513.4375 ], [ 556101.40625, 2339504.21875 ], [ 556095.78125, 2339498.59375 ], [ 556091.25, 2339495.625 ], [ 556066.09375, 2339483.28125 ], [ 556057.1875, 2339480.9375 ], [ 556046.875, 2339480.0 ], [ 555949.6875, 2339479.6875 ], [ 555943.75, 2339478.125 ], [ 555939.0625, 2339475.3125 ], [ 555932.8125, 2339466.5625 ], [ 555928.75, 2339463.125 ], [ 555923.4375, 2339460.9375 ], [ 555916.875, 2339460.0 ], [ 555789.6875, 2339460.3125 ], [ 555783.75, 2339461.875 ], [ 555779.0625, 2339464.6875 ], [ 555772.8125, 2339473.4375 ], [ 555768.75, 2339476.875 ], [ 555763.4375, 2339479.0625 ], [ 555756.875, 2339480.0 ], [ 555569.6875, 2339480.3125 ], [ 555563.75, 2339481.875 ], [ 555559.0625, 2339484.6875 ], [ 555552.8125, 2339493.4375 ], [ 555548.75, 2339496.875 ], [ 555543.4375, 2339499.0625 ], [ 555536.875, 2339500.0 ], [ 555383.125, 2339500.0 ], [ 555376.5625, 2339499.0625 ], [ 555371.25, 2339496.875 ], [ 555367.1875, 2339493.4375 ], [ 555360.9375, 2339484.6875 ], [ 555356.25, 2339481.875 ], [ 555350.3125, 2339480.3125 ], [ 555043.125, 2339480.0 ], [ 555036.5625, 2339479.0625 ], [ 555031.25, 2339476.875 ], [ 555027.1875, 2339473.4375 ], [ 555022.8125, 2339466.5625 ], [ 555018.75, 2339463.125 ], [ 555013.4375, 2339460.9375 ], [ 555006.875, 2339460.0 ], [ 554279.6875, 2339459.6875 ], [ 554273.75, 2339458.125 ], [ 554269.0625, 2339455.3125 ], [ 554259.6875, 2339442.1875 ], [ 554255.78125, 2339438.59375 ], [ 554248.75, 2339434.375 ], [ 554244.6875, 2339430.9375 ], [ 554241.875, 2339426.25 ], [ 554240.3125, 2339420.3125 ], [ 554239.6875, 2339319.6875 ], [ 554238.125, 2339313.75 ], [ 554235.3125, 2339309.0625 ], [ 554226.5625, 2339302.8125 ], [ 554223.125, 2339298.75 ], [ 554220.9375, 2339293.4375 ], [ 554220.0, 2339286.875 ], [ 554220.0, 2339103.125 ], [ 554220.9375, 2339096.5625 ], [ 554223.125, 2339091.25 ], [ 554228.75, 2339085.625 ], [ 554239.6875, 2339081.5625 ], [ 554253.125, 2339080.0 ], [ 554710.3125, 2339079.6875 ], [ 554718.75, 2339076.875 ], [ 554722.8125, 2339073.4375 ], [ 554729.0625, 2339064.6875 ], [ 554736.5625, 2339060.9375 ], [ 554743.125, 2339060.0 ], [ 554806.875, 2339060.0 ], [ 554813.4375, 2339059.0625 ], [ 554820.9375, 2339055.3125 ], [ 554827.1875, 2339046.5625 ], [ 554833.75, 2339041.875 ], [ 554839.6875, 2339040.3125 ], [ 554850.46875, 2339039.84375 ], [ 554860.3125, 2339038.4375 ], [ 554868.75, 2339035.625 ], [ 554891.25, 2339024.375 ], [ 554896.71875, 2339022.34375 ], [ 554906.09375, 2339020.46875 ], [ 554920.3125, 2339019.6875 ], [ 554926.25, 2339018.125 ], [ 554932.8125, 2339013.4375 ], [ 554939.0625, 2339004.6875 ], [ 554946.5625, 2339000.9375 ], [ 554953.125, 2339000.0 ], [ 554986.875, 2339000.0 ], [ 554997.1875, 2338999.0625 ], [ 555008.75, 2338995.625 ], [ 555031.25, 2338984.375 ], [ 555036.71875, 2338982.34375 ], [ 555046.09375, 2338980.46875 ], [ 555063.4375, 2338979.0625 ], [ 555070.9375, 2338975.3125 ], [ 555077.1875, 2338966.5625 ], [ 555081.25, 2338963.125 ], [ 555086.5625, 2338960.9375 ], [ 555100.3125, 2338959.6875 ], [ 555106.25, 2338958.125 ], [ 555112.8125, 2338953.4375 ], [ 555119.0625, 2338944.6875 ], [ 555126.5625, 2338940.9375 ], [ 555133.125, 2338940.0 ], [ 555170.46875, 2338939.84375 ], [ 555183.28125, 2338937.65625 ], [ 555216.71875, 2338922.34375 ], [ 555226.09375, 2338920.46875 ], [ 555240.3125, 2338919.6875 ], [ 555246.25, 2338918.125 ], [ 555252.8125, 2338913.4375 ], [ 555259.0625, 2338904.6875 ], [ 555266.5625, 2338900.9375 ], [ 555273.125, 2338900.0 ], [ 555310.3125, 2338899.6875 ], [ 555318.75, 2338896.875 ], [ 555322.8125, 2338893.4375 ], [ 555329.0625, 2338884.6875 ], [ 555336.5625, 2338880.9375 ], [ 555343.125, 2338880.0 ], [ 555376.875, 2338880.0 ], [ 555386.25, 2338878.125 ], [ 555392.8125, 2338873.4375 ], [ 555399.0625, 2338864.6875 ], [ 555406.5625, 2338860.9375 ], [ 555413.125, 2338860.0 ], [ 555506.875, 2338860.0 ], [ 555520.3125, 2338858.4375 ], [ 555528.75, 2338855.625 ], [ 555551.25, 2338844.375 ], [ 555556.71875, 2338842.34375 ], [ 555566.09375, 2338840.46875 ], [ 555580.3125, 2338839.6875 ], [ 555586.25, 2338838.125 ], [ 555592.8125, 2338833.4375 ], [ 555599.0625, 2338824.6875 ], [ 555603.75, 2338821.875 ], [ 555609.6875, 2338820.3125 ], [ 555710.3125, 2338820.3125 ], [ 555716.25, 2338821.875 ], [ 555720.9375, 2338824.6875 ], [ 555727.1875, 2338833.4375 ], [ 555731.25, 2338836.875 ], [ 555736.5625, 2338839.0625 ], [ 555743.125, 2338840.0 ], [ 555900.3125, 2338840.3125 ], [ 555906.25, 2338841.875 ], [ 555910.9375, 2338844.6875 ], [ 555917.1875, 2338853.4375 ], [ 555921.25, 2338856.875 ], [ 555926.5625, 2338859.0625 ], [ 555940.3125, 2338860.3125 ], [ 555946.25, 2338861.875 ], [ 555950.9375, 2338864.6875 ], [ 555957.1875, 2338873.4375 ], [ 555961.25, 2338876.875 ], [ 555966.5625, 2338879.0625 ], [ 555973.125, 2338880.0 ], [ 556040.3125, 2338879.6875 ], [ 556046.25, 2338878.125 ], [ 556050.9375, 2338875.3125 ], [ 556057.1875, 2338866.5625 ], [ 556061.25, 2338863.125 ], [ 556066.5625, 2338860.9375 ], [ 556073.125, 2338860.0 ], [ 556230.3125, 2338860.3125 ], [ 556236.25, 2338861.875 ], [ 556240.9375, 2338864.6875 ], [ 556247.1875, 2338873.4375 ], [ 556251.25, 2338876.875 ], [ 556256.5625, 2338879.0625 ], [ 556263.125, 2338880.0 ], [ 556326.875, 2338880.0 ], [ 556337.1875, 2338879.0625 ], [ 556348.75, 2338875.625 ], [ 556373.90625, 2338863.28125 ], [ 556382.8125, 2338860.9375 ], [ 556393.125, 2338860.0 ], [ 556400.3125, 2338860.3125 ], [ 556406.25, 2338861.875 ], [ 556410.9375, 2338864.6875 ], [ 556417.1875, 2338873.4375 ], [ 556421.25, 2338876.875 ], [ 556426.5625, 2338879.0625 ], [ 556433.125, 2338880.0 ], [ 556616.875, 2338880.0 ], [ 556623.4375, 2338879.0625 ], [ 556628.75, 2338876.875 ], [ 556632.8125, 2338873.4375 ], [ 556639.0625, 2338864.6875 ], [ 556643.75, 2338861.875 ], [ 556649.6875, 2338860.3125 ], [ 556810.3125, 2338859.6875 ], [ 556818.75, 2338856.875 ], [ 556822.8125, 2338853.4375 ], [ 556829.0625, 2338844.6875 ], [ 556836.5625, 2338840.9375 ], [ 556843.125, 2338840.0 ], [ 556940.3125, 2338839.6875 ], [ 556946.25, 2338838.125 ], [ 556950.9375, 2338835.3125 ], [ 556957.1875, 2338826.5625 ], [ 556961.25, 2338823.125 ], [ 556966.5625, 2338820.9375 ], [ 556973.125, 2338820.0 ], [ 557186.875, 2338820.0 ], [ 557193.4375, 2338819.0625 ], [ 557198.75, 2338816.875 ], [ 557202.8125, 2338813.4375 ], [ 557207.1875, 2338806.5625 ], [ 557211.25, 2338803.125 ], [ 557216.5625, 2338800.9375 ], [ 557223.125, 2338800.0 ], [ 557530.3125, 2338799.6875 ], [ 557536.25, 2338798.125 ], [ 557540.9375, 2338795.3125 ], [ 557547.1875, 2338786.5625 ], [ 557553.75, 2338781.875 ], [ 557563.125, 2338780.0 ], [ 557596.875, 2338780.0 ], [ 557603.4375, 2338779.0625 ], [ 557610.9375, 2338775.3125 ], [ 557617.1875, 2338766.5625 ], [ 557621.25, 2338763.125 ], [ 557626.5625, 2338760.9375 ], [ 557633.125, 2338760.0 ], [ 557696.875, 2338760.0 ], [ 557703.4375, 2338760.9375 ], [ 557710.9375, 2338764.6875 ], [ 557719.0625, 2338775.3125 ], [ 557723.75, 2338778.125 ], [ 557729.6875, 2338779.6875 ], [ 557826.875, 2338780.0 ], [ 557837.1875, 2338779.0625 ], [ 557846.09375, 2338776.71875 ], [ 557871.25, 2338764.375 ], [ 557882.8125, 2338760.9375 ], [ 557893.125, 2338760.0 ], [ 557926.875, 2338760.0 ], [ 557940.3125, 2338758.4375 ], [ 557948.75, 2338755.625 ], [ 557973.90625, 2338743.28125 ], [ 557979.6875, 2338741.5625 ], [ 557989.53125, 2338740.15625 ], [ 558000.3125, 2338740.3125 ], [ 558006.25, 2338741.875 ], [ 558010.9375, 2338744.6875 ], [ 558017.1875, 2338753.4375 ], [ 558021.25, 2338756.875 ], [ 558026.5625, 2338759.0625 ], [ 558033.125, 2338760.0 ], [ 558220.3125, 2338759.6875 ], [ 558226.25, 2338758.125 ], [ 558230.9375, 2338755.3125 ], [ 558237.1875, 2338746.5625 ], [ 558243.75, 2338741.875 ], [ 558253.125, 2338740.0 ], [ 558286.875, 2338740.0 ], [ 558293.4375, 2338739.0625 ], [ 558300.9375, 2338735.3125 ], [ 558307.1875, 2338726.5625 ], [ 558313.75, 2338721.875 ], [ 558319.6875, 2338720.3125 ], [ 558330.3125, 2338719.6875 ], [ 558338.75, 2338716.875 ], [ 558344.375, 2338711.25 ], [ 558355.625, 2338688.75 ], [ 558359.0625, 2338684.6875 ], [ 558366.5625, 2338680.9375 ], [ 558380.3125, 2338679.6875 ], [ 558388.75, 2338676.875 ], [ 558392.8125, 2338673.4375 ], [ 558397.1875, 2338666.5625 ], [ 558403.75, 2338661.875 ], [ 558413.125, 2338660.0 ], [ 558480.3125, 2338660.3125 ], [ 558486.25, 2338661.875 ], [ 558490.9375, 2338664.6875 ], [ 558494.375, 2338668.75 ], [ 558497.65625, 2338676.71875 ], [ 558499.84375, 2338689.53125 ], [ 558500.3125, 2338730.3125 ], [ 558501.875, 2338736.25 ], [ 558504.6875, 2338740.9375 ], [ 558508.75, 2338744.375 ], [ 558571.25, 2338775.625 ], [ 558582.8125, 2338779.0625 ], [ 558600.3125, 2338780.3125 ], [ 558606.25, 2338781.875 ], [ 558612.8125, 2338786.5625 ], [ 558619.0625, 2338795.3125 ], [ 558623.75, 2338798.125 ], [ 558629.6875, 2338799.6875 ], [ 558786.875, 2338800.0 ], [ 558793.4375, 2338800.9375 ], [ 558798.75, 2338803.125 ], [ 558802.8125, 2338806.5625 ], [ 558817.1875, 2338833.4375 ], [ 558821.25, 2338836.875 ], [ 558829.6875, 2338839.6875 ], [ 558926.875, 2338840.0 ], [ 558936.25, 2338841.875 ], [ 558940.9375, 2338844.6875 ], [ 558944.375, 2338848.75 ], [ 558957.03125, 2338873.59375 ], [ 558964.21875, 2338881.40625 ], [ 558995.78125, 2338898.59375 ], [ 559001.40625, 2338904.21875 ], [ 559007.1875, 2338913.4375 ], [ 559011.25, 2338916.875 ], [ 559019.6875, 2338919.6875 ], [ 559033.4375, 2338920.9375 ], [ 559038.75, 2338923.125 ], [ 559042.8125, 2338926.5625 ], [ 559065.625, 2338971.25 ], [ 559069.0625, 2338975.3125 ], [ 559076.5625, 2338979.0625 ], [ 559090.3125, 2338980.3125 ], [ 559098.75, 2338983.125 ], [ 559102.8125, 2338986.5625 ], [ 559107.1875, 2338993.4375 ], [ 559113.75, 2338998.125 ], [ 559119.6875, 2338999.6875 ], [ 559130.3125, 2339000.3125 ], [ 559138.75, 2339003.125 ], [ 559144.375, 2339008.75 ], [ 559155.625, 2339031.25 ], [ 559161.25, 2339036.875 ], [ 559169.6875, 2339039.6875 ], [ 559206.875, 2339040.0 ], [ 559216.25, 2339041.875 ], [ 559220.9375, 2339044.6875 ], [ 559224.375, 2339048.75 ], [ 559235.625, 2339071.25 ], [ 559238.59375, 2339075.78125 ], [ 559242.1875, 2339079.6875 ], [ 559248.75, 2339084.375 ], [ 559271.25, 2339095.625 ], [ 559276.71875, 2339097.65625 ], [ 559286.09375, 2339099.53125 ], [ 559300.3125, 2339100.3125 ], [ 559306.25, 2339101.875 ], [ 559310.9375, 2339104.6875 ], [ 559317.1875, 2339113.4375 ], [ 559321.25, 2339116.875 ], [ 559326.5625, 2339119.0625 ], [ 559340.3125, 2339120.3125 ], [ 559346.25, 2339121.875 ], [ 559350.9375, 2339124.6875 ], [ 559357.1875, 2339133.4375 ], [ 559361.25, 2339136.875 ], [ 559366.5625, 2339139.0625 ], [ 559380.3125, 2339140.3125 ], [ 559386.25, 2339141.875 ], [ 559390.9375, 2339144.6875 ], [ 559397.1875, 2339153.4375 ], [ 559401.25, 2339156.875 ], [ 559406.5625, 2339159.0625 ], [ 559420.3125, 2339160.3125 ], [ 559426.25, 2339161.875 ], [ 559430.9375, 2339164.6875 ], [ 559437.1875, 2339173.4375 ], [ 559441.25, 2339176.875 ], [ 559446.5625, 2339179.0625 ], [ 559460.3125, 2339180.3125 ], [ 559466.25, 2339181.875 ], [ 559470.9375, 2339184.6875 ], [ 559477.1875, 2339193.4375 ], [ 559481.25, 2339196.875 ], [ 559486.5625, 2339199.0625 ], [ 559500.3125, 2339200.3125 ], [ 559506.25, 2339201.875 ], [ 559510.9375, 2339204.6875 ], [ 559517.1875, 2339213.4375 ], [ 559521.25, 2339216.875 ], [ 559526.5625, 2339219.0625 ], [ 559540.3125, 2339220.3125 ], [ 559546.25, 2339221.875 ], [ 559550.9375, 2339224.6875 ], [ 559557.1875, 2339233.4375 ], [ 559563.75, 2339238.125 ], [ 559573.125, 2339240.0 ], [ 559696.875, 2339240.0 ], [ 559703.4375, 2339240.9375 ], [ 559710.9375, 2339244.6875 ], [ 559714.375, 2339248.75 ], [ 559718.59375, 2339255.78125 ], [ 559724.21875, 2339261.40625 ], [ 559755.78125, 2339278.59375 ], [ 559761.40625, 2339284.21875 ], [ 559765.625, 2339291.25 ], [ 559769.0625, 2339295.3125 ], [ 559776.5625, 2339299.0625 ], [ 559783.125, 2339300.0 ], [ 559970.3125, 2339300.3125 ], [ 559978.75, 2339303.125 ], [ 559982.8125, 2339306.5625 ], [ 559989.0625, 2339315.3125 ], [ 559996.5625, 2339319.0625 ], [ 560003.125, 2339320.0 ], [ 560066.875, 2339320.0 ], [ 560077.1875, 2339320.9375 ], [ 560088.75, 2339324.375 ], [ 560113.90625, 2339336.71875 ], [ 560126.09375, 2339339.53125 ], [ 560233.90625, 2339340.46875 ], [ 560246.09375, 2339343.28125 ], [ 560271.25, 2339355.625 ], [ 560282.8125, 2339359.0625 ], [ 560293.125, 2339360.0 ], [ 560393.90625, 2339360.46875 ], [ 560406.09375, 2339363.28125 ], [ 560433.90625, 2339376.71875 ], [ 560439.6875, 2339378.4375 ], [ 560449.53125, 2339379.84375 ], [ 560613.90625, 2339380.46875 ], [ 560626.09375, 2339383.28125 ], [ 560653.90625, 2339396.71875 ], [ 560659.6875, 2339398.4375 ], [ 560669.53125, 2339399.84375 ], [ 560950.3125, 2339400.3125 ], [ 560956.25, 2339401.875 ], [ 560962.8125, 2339406.5625 ], [ 560975.625, 2339431.25 ], [ 560979.0625, 2339435.3125 ], [ 560983.75, 2339438.125 ], [ 560993.125, 2339440.0 ], [ 561090.3125, 2339439.6875 ], [ 561096.25, 2339438.125 ], [ 561100.9375, 2339435.3125 ], [ 561107.1875, 2339426.5625 ], [ 561113.75, 2339421.875 ], [ 561123.125, 2339420.0 ], [ 561133.90625, 2339420.46875 ], [ 561140.3125, 2339421.5625 ], [ 561148.75, 2339424.375 ], [ 561213.90625, 2339456.71875 ], [ 561222.8125, 2339459.0625 ], [ 561240.3125, 2339460.3125 ], [ 561246.25, 2339461.875 ], [ 561250.9375, 2339464.6875 ], [ 561257.1875, 2339473.4375 ], [ 561261.25, 2339476.875 ], [ 561266.5625, 2339479.0625 ], [ 561280.3125, 2339480.3125 ], [ 561286.25, 2339481.875 ], [ 561292.8125, 2339486.5625 ], [ 561299.0625, 2339495.3125 ], [ 561306.5625, 2339499.0625 ], [ 561313.125, 2339500.0 ], [ 561380.3125, 2339499.6875 ], [ 561388.75, 2339496.875 ], [ 561392.8125, 2339493.4375 ], [ 561399.0625, 2339484.6875 ], [ 561403.75, 2339481.875 ], [ 561409.6875, 2339480.3125 ], [ 561506.875, 2339480.0 ], [ 561513.4375, 2339480.9375 ], [ 561518.75, 2339483.125 ], [ 561522.8125, 2339486.5625 ], [ 561527.1875, 2339493.4375 ], [ 561531.25, 2339496.875 ], [ 561536.5625, 2339499.0625 ], [ 561550.3125, 2339500.3125 ], [ 561556.25, 2339501.875 ], [ 561560.9375, 2339504.6875 ], [ 561567.1875, 2339513.4375 ], [ 561571.25, 2339516.875 ], [ 561576.5625, 2339519.0625 ], [ 561583.125, 2339520.0 ], [ 561646.875, 2339520.0 ], [ 561657.1875, 2339519.0625 ], [ 561666.09375, 2339516.71875 ], [ 561691.25, 2339504.375 ], [ 561699.6875, 2339497.8125 ], [ 561704.375, 2339491.25 ], [ 561725.625, 2339448.75 ], [ 561731.25, 2339443.125 ], [ 561736.5625, 2339440.9375 ], [ 561743.125, 2339440.0 ], [ 561780.3125, 2339440.3125 ], [ 561786.25, 2339441.875 ], [ 561790.9375, 2339444.6875 ], [ 561794.375, 2339448.75 ], [ 561797.65625, 2339456.71875 ], [ 561799.0625, 2339462.8125 ], [ 561800.0, 2339473.125 ], [ 561800.3125, 2339540.3125 ], [ 561801.875, 2339546.25 ], [ 561804.6875, 2339550.9375 ], [ 561808.75, 2339554.375 ], [ 561816.71875, 2339557.65625 ], [ 561822.8125, 2339559.0625 ], [ 561833.125, 2339560.0 ], [ 561986.875, 2339560.0 ], [ 562000.3125, 2339561.5625 ], [ 562011.25, 2339565.625 ], [ 562016.875, 2339571.25 ], [ 562019.6875, 2339579.6875 ], [ 562020.9375, 2339593.4375 ], [ 562023.125, 2339598.75 ], [ 562026.5625, 2339602.8125 ], [ 562091.25, 2339635.625 ], [ 562099.6875, 2339638.4375 ], [ 562109.53125, 2339639.84375 ], [ 562176.875, 2339640.0 ], [ 562183.4375, 2339639.0625 ], [ 562188.75, 2339636.875 ], [ 562192.8125, 2339633.4375 ], [ 562196.71875, 2339626.09375 ], [ 562198.4375, 2339620.3125 ], [ 562199.84375, 2339610.46875 ], [ 562200.0, 2339573.125 ], [ 562200.9375, 2339562.8125 ], [ 562204.375, 2339551.25 ], [ 562209.0625, 2339544.6875 ], [ 562213.75, 2339541.875 ], [ 562223.125, 2339540.0 ], [ 562290.15625, 2339540.46875 ], [ 562295.3125, 2339542.8125 ], [ 562298.59375, 2339547.03125 ], [ 562299.53125, 2339549.84375 ], [ 562300.9375, 2339563.4375 ], [ 562303.125, 2339568.75 ], [ 562308.75, 2339574.375 ], [ 562316.71875, 2339577.65625 ], [ 562322.8125, 2339579.0625 ], [ 562333.125, 2339580.0 ], [ 562426.875, 2339580.0 ], [ 562433.4375, 2339580.9375 ], [ 562440.9375, 2339584.6875 ], [ 562447.1875, 2339593.4375 ], [ 562453.75, 2339598.125 ], [ 562459.6875, 2339599.6875 ], [ 562470.3125, 2339600.3125 ], [ 562478.75, 2339603.125 ], [ 562482.8125, 2339606.5625 ], [ 562487.1875, 2339613.4375 ], [ 562493.75, 2339618.125 ], [ 562499.6875, 2339619.6875 ], [ 562513.90625, 2339620.46875 ], [ 562523.28125, 2339622.34375 ], [ 562528.75, 2339624.375 ], [ 562551.25, 2339635.625 ], [ 562562.8125, 2339639.0625 ], [ 562573.125, 2339640.0 ], [ 562606.875, 2339640.0 ], [ 562616.25, 2339641.875 ], [ 562622.8125, 2339646.5625 ], [ 562637.03125, 2339673.59375 ], [ 562640.3125, 2339677.8125 ], [ 562646.40625, 2339682.96875 ], [ 562671.25, 2339695.625 ], [ 562676.71875, 2339697.65625 ], [ 562686.09375, 2339699.53125 ], [ 562700.3125, 2339700.3125 ], [ 562706.25, 2339701.875 ], [ 562712.8125, 2339706.5625 ], [ 562719.0625, 2339715.3125 ], [ 562723.75, 2339718.125 ], [ 562729.6875, 2339719.6875 ], [ 562830.3125, 2339719.6875 ], [ 562836.25, 2339718.125 ], [ 562840.9375, 2339715.3125 ], [ 562847.1875, 2339706.5625 ], [ 562853.75, 2339701.875 ], [ 562859.6875, 2339700.3125 ], [ 562877.1875, 2339699.0625 ], [ 562888.75, 2339695.625 ], [ 562895.3125, 2339690.9375 ], [ 562899.0625, 2339683.4375 ], [ 562900.0, 2339676.875 ], [ 562900.3125, 2339639.6875 ], [ 562901.875, 2339633.75 ], [ 562904.6875, 2339629.0625 ], [ 562908.75, 2339625.625 ], [ 562919.6875, 2339621.5625 ], [ 562933.125, 2339620.0 ], [ 562943.4375, 2339620.9375 ], [ 562948.75, 2339623.125 ], [ 562954.375, 2339628.75 ], [ 562975.625, 2339671.25 ], [ 562979.0625, 2339682.8125 ], [ 562980.0, 2339696.875 ], [ 562978.125, 2339706.25 ], [ 562973.4375, 2339712.8125 ], [ 562964.6875, 2339719.0625 ], [ 562961.875, 2339723.75 ], [ 562960.3125, 2339729.6875 ], [ 562960.15625, 2339830.46875 ], [ 562961.5625, 2339840.3125 ], [ 562964.375, 2339848.75 ], [ 562985.625, 2339891.25 ], [ 562989.0625, 2339895.3125 ], [ 562996.5625, 2339899.0625 ], [ 563017.1875, 2339900.9375 ], [ 563028.75, 2339904.375 ], [ 563051.25, 2339915.625 ], [ 563055.78125, 2339918.59375 ], [ 563061.40625, 2339924.21875 ], [ 563067.1875, 2339933.4375 ], [ 563073.75, 2339938.125 ], [ 563079.6875, 2339939.6875 ], [ 563097.1875, 2339940.9375 ], [ 563106.09375, 2339943.28125 ], [ 563171.25, 2339975.625 ], [ 563176.71875, 2339977.65625 ], [ 563182.8125, 2339979.0625 ], [ 563193.125, 2339980.0 ], [ 563290.46875, 2339980.15625 ], [ 563300.3125, 2339981.5625 ], [ 563308.75, 2339984.375 ], [ 563333.59375, 2339997.03125 ], [ 563341.40625, 2340004.21875 ], [ 563358.59375, 2340035.78125 ], [ 563364.21875, 2340041.40625 ], [ 563373.4375, 2340047.1875 ], [ 563376.875, 2340051.25 ], [ 563379.0625, 2340056.5625 ], [ 563380.0, 2340066.875 ], [ 563381.40625, 2340072.96875 ], [ 563382.8125, 2340075.3125 ], [ 563387.03125, 2340078.59375 ], [ 563393.125, 2340080.0 ], [ 563433.90625, 2340080.46875 ], [ 563440.3125, 2340081.5625 ], [ 563448.75, 2340084.375 ], [ 563471.25, 2340095.625 ], [ 563475.78125, 2340098.59375 ], [ 563481.40625, 2340104.21875 ], [ 563487.1875, 2340113.4375 ], [ 563491.25, 2340116.875 ], [ 563496.5625, 2340119.0625 ], [ 563510.3125, 2340120.3125 ], [ 563516.25, 2340121.875 ], [ 563520.9375, 2340124.6875 ], [ 563527.1875, 2340133.4375 ], [ 563531.25, 2340136.875 ], [ 563536.5625, 2340139.0625 ], [ 563550.3125, 2340140.3125 ], [ 563556.25, 2340141.875 ], [ 563560.9375, 2340144.6875 ], [ 563567.1875, 2340153.4375 ], [ 563573.75, 2340158.125 ], [ 563579.6875, 2340159.6875 ], [ 563597.1875, 2340160.9375 ], [ 563608.75, 2340164.375 ], [ 563711.25, 2340215.625 ], [ 563719.6875, 2340222.1875 ], [ 563727.1875, 2340233.4375 ], [ 563731.25, 2340236.875 ], [ 563736.5625, 2340239.0625 ], [ 563750.3125, 2340240.3125 ], [ 563756.25, 2340241.875 ], [ 563760.9375, 2340244.6875 ], [ 563767.1875, 2340253.4375 ], [ 563771.25, 2340256.875 ], [ 563776.5625, 2340259.0625 ], [ 563790.3125, 2340260.3125 ], [ 563798.75, 2340263.125 ], [ 563804.375, 2340268.75 ], [ 563815.625, 2340291.25 ], [ 563819.0625, 2340295.3125 ], [ 563826.5625, 2340299.0625 ], [ 563840.3125, 2340300.3125 ], [ 563848.75, 2340303.125 ], [ 563852.8125, 2340306.5625 ], [ 563860.3125, 2340317.8125 ], [ 563868.75, 2340324.375 ], [ 563891.25, 2340335.625 ], [ 563902.8125, 2340339.0625 ], [ 563913.125, 2340340.0 ], [ 563946.875, 2340340.0 ], [ 563953.4375, 2340340.9375 ], [ 563960.9375, 2340344.6875 ], [ 563967.1875, 2340353.4375 ], [ 563973.75, 2340358.125 ], [ 563979.6875, 2340359.6875 ], [ 563990.3125, 2340360.3125 ], [ 563998.75, 2340363.125 ], [ 564004.375, 2340368.75 ], [ 564015.625, 2340391.25 ], [ 564019.0625, 2340395.3125 ], [ 564023.75, 2340398.125 ], [ 564033.125, 2340400.0 ], [ 564126.875, 2340400.0 ], [ 564133.4375, 2340400.9375 ], [ 564140.9375, 2340404.6875 ], [ 564147.1875, 2340413.4375 ], [ 564153.75, 2340418.125 ], [ 564159.6875, 2340419.6875 ], [ 564173.90625, 2340420.46875 ], [ 564183.28125, 2340422.34375 ], [ 564213.90625, 2340436.71875 ], [ 564226.09375, 2340439.53125 ], [ 564416.875, 2340440.0 ], [ 564423.4375, 2340439.0625 ], [ 564428.75, 2340436.875 ], [ 564432.8125, 2340433.4375 ], [ 564437.1875, 2340426.5625 ], [ 564443.75, 2340421.875 ], [ 564449.6875, 2340420.3125 ], [ 564460.3125, 2340419.6875 ], [ 564468.75, 2340416.875 ], [ 564472.8125, 2340413.4375 ], [ 564477.1875, 2340406.5625 ], [ 564483.75, 2340401.875 ], [ 564489.6875, 2340400.3125 ], [ 564500.3125, 2340399.6875 ], [ 564508.75, 2340396.875 ], [ 564512.8125, 2340393.4375 ], [ 564517.1875, 2340386.5625 ], [ 564523.75, 2340381.875 ], [ 564533.125, 2340380.0 ], [ 564566.875, 2340380.0 ], [ 564573.4375, 2340379.0625 ], [ 564580.9375, 2340375.3125 ], [ 564589.0625, 2340364.6875 ], [ 564596.5625, 2340360.9375 ], [ 564603.125, 2340360.0 ], [ 564793.90625, 2340359.53125 ], [ 564800.3125, 2340358.4375 ], [ 564808.75, 2340355.625 ], [ 564833.59375, 2340342.96875 ], [ 564841.40625, 2340335.78125 ], [ 564847.1875, 2340326.5625 ], [ 564853.75, 2340321.875 ], [ 564863.125, 2340320.0 ], [ 564900.3125, 2340320.3125 ], [ 564906.25, 2340321.875 ], [ 564910.9375, 2340324.6875 ], [ 564917.1875, 2340333.4375 ], [ 564923.75, 2340338.125 ], [ 564929.6875, 2340339.6875 ], [ 564943.4375, 2340340.9375 ], [ 564950.9375, 2340344.6875 ], [ 564954.375, 2340348.75 ], [ 564977.03125, 2340393.59375 ], [ 564982.1875, 2340399.6875 ], [ 564993.4375, 2340407.1875 ], [ 564996.875, 2340411.25 ], [ 564999.0625, 2340416.5625 ], [ 565000.0, 2340423.125 ], [ 565000.0, 2340456.875 ], [ 565000.9375, 2340463.4375 ], [ 565004.6875, 2340470.9375 ], [ 565008.75, 2340474.375 ], [ 565015.78125, 2340478.59375 ], [ 565022.96875, 2340486.40625 ], [ 565036.71875, 2340513.90625 ], [ 565038.4375, 2340519.6875 ], [ 565039.84375, 2340529.53125 ], [ 565040.46875, 2340570.15625 ], [ 565042.8125, 2340575.3125 ], [ 565047.03125, 2340578.59375 ], [ 565053.125, 2340580.0 ], [ 565086.875, 2340580.0 ], [ 565100.3125, 2340581.5625 ], [ 565108.75, 2340584.375 ], [ 565133.90625, 2340596.71875 ], [ 565139.6875, 2340598.4375 ], [ 565149.53125, 2340599.84375 ], [ 565366.875, 2340600.0 ], [ 565373.4375, 2340599.0625 ], [ 565380.9375, 2340595.3125 ], [ 565389.0625, 2340584.6875 ], [ 565396.5625, 2340580.9375 ], [ 565403.125, 2340580.0 ], [ 565436.875, 2340580.0 ], [ 565446.25, 2340578.125 ], [ 565452.8125, 2340573.4375 ], [ 565457.03125, 2340566.40625 ], [ 565462.1875, 2340560.3125 ], [ 565473.4375, 2340552.8125 ], [ 565476.875, 2340548.75 ], [ 565479.0625, 2340543.4375 ], [ 565480.0, 2340536.875 ], [ 565480.3125, 2340469.6875 ], [ 565481.875, 2340463.75 ], [ 565484.6875, 2340459.0625 ], [ 565493.4375, 2340452.8125 ], [ 565498.125, 2340446.25 ], [ 565499.6875, 2340440.3125 ], [ 565500.9375, 2340422.8125 ], [ 565504.375, 2340411.25 ], [ 565515.625, 2340388.75 ], [ 565520.3125, 2340382.1875 ], [ 565528.75, 2340375.625 ], [ 565551.25, 2340364.375 ], [ 565556.875, 2340358.75 ], [ 565559.0625, 2340353.4375 ], [ 565560.3125, 2340339.6875 ], [ 565563.125, 2340331.25 ], [ 565566.5625, 2340327.1875 ], [ 565573.59375, 2340322.96875 ], [ 565579.6875, 2340317.8125 ], [ 565584.375, 2340311.25 ], [ 565595.625, 2340288.75 ], [ 565598.59375, 2340284.21875 ], [ 565604.21875, 2340278.59375 ], [ 565613.4375, 2340272.8125 ], [ 565616.875, 2340268.75 ], [ 565619.6875, 2340260.3125 ], [ 565620.9375, 2340246.5625 ], [ 565624.6875, 2340239.0625 ], [ 565628.75, 2340235.625 ], [ 565653.59375, 2340222.96875 ], [ 565659.6875, 2340217.8125 ], [ 565664.375, 2340211.25 ], [ 565675.625, 2340188.75 ], [ 565682.1875, 2340180.3125 ], [ 565688.75, 2340175.625 ], [ 565711.25, 2340164.375 ], [ 565719.6875, 2340157.8125 ], [ 565724.375, 2340151.25 ], [ 565735.625, 2340128.75 ], [ 565742.1875, 2340120.3125 ], [ 565748.75, 2340115.625 ], [ 565771.25, 2340104.375 ], [ 565779.6875, 2340097.8125 ], [ 565784.375, 2340091.25 ], [ 565797.03125, 2340066.40625 ], [ 565804.21875, 2340058.59375 ], [ 565835.78125, 2340041.40625 ], [ 565841.40625, 2340035.78125 ], [ 565847.1875, 2340026.5625 ], [ 565851.25, 2340023.125 ], [ 565856.5625, 2340020.9375 ], [ 565870.3125, 2340019.6875 ], [ 565876.25, 2340018.125 ], [ 565880.9375, 2340015.3125 ], [ 565887.1875, 2340006.5625 ], [ 565891.25, 2340003.125 ], [ 565899.6875, 2340000.3125 ], [ 565913.4375, 2339999.0625 ], [ 565920.9375, 2339995.3125 ], [ 565924.375, 2339991.25 ], [ 565935.625, 2339968.75 ], [ 565938.59375, 2339964.21875 ], [ 565944.21875, 2339958.59375 ], [ 565953.4375, 2339952.8125 ], [ 565956.875, 2339948.75 ], [ 565959.6875, 2339940.3125 ], [ 565960.9375, 2339926.5625 ], [ 565964.6875, 2339919.0625 ], [ 565968.75, 2339915.625 ], [ 566011.25, 2339894.375 ], [ 566016.875, 2339888.75 ], [ 566019.0625, 2339883.4375 ], [ 566020.0, 2339876.875 ], [ 566020.0, 2339633.125 ], [ 566020.9375, 2339626.5625 ], [ 566024.6875, 2339619.0625 ], [ 566028.75, 2339615.625 ], [ 566091.25, 2339584.375 ], [ 566096.71875, 2339582.34375 ], [ 566102.8125, 2339580.9375 ], [ 566113.125, 2339580.0 ], [ 566210.3125, 2339579.6875 ], [ 566216.25, 2339578.125 ], [ 566220.9375, 2339575.3125 ], [ 566227.1875, 2339566.5625 ], [ 566231.25, 2339563.125 ], [ 566239.6875, 2339560.3125 ], [ 566250.15625, 2339559.53125 ], [ 566252.96875, 2339558.59375 ], [ 566257.1875, 2339555.3125 ], [ 566259.53125, 2339550.15625 ], [ 566260.3125, 2339539.6875 ], [ 566263.125, 2339531.25 ], [ 566266.5625, 2339527.1875 ], [ 566277.8125, 2339519.6875 ], [ 566282.96875, 2339513.59375 ], [ 566315.625, 2339448.75 ], [ 566318.4375, 2339440.3125 ], [ 566319.53125, 2339433.90625 ], [ 566320.3125, 2339419.6875 ], [ 566323.125, 2339411.25 ], [ 566326.5625, 2339407.1875 ], [ 566333.4375, 2339402.8125 ], [ 566338.125, 2339396.25 ], [ 566340.0, 2339386.875 ], [ 566340.0, 2339353.125 ], [ 566340.9375, 2339346.5625 ], [ 566344.6875, 2339339.0625 ], [ 566353.4375, 2339332.8125 ], [ 566358.125, 2339326.25 ], [ 566360.0, 2339316.875 ], [ 566360.0, 2339283.125 ], [ 566360.9375, 2339276.5625 ], [ 566364.6875, 2339269.0625 ], [ 566373.4375, 2339262.8125 ], [ 566378.125, 2339256.25 ], [ 566379.6875, 2339250.3125 ], [ 566380.3125, 2339239.6875 ], [ 566383.125, 2339231.25 ], [ 566386.5625, 2339227.1875 ], [ 566395.78125, 2339221.40625 ], [ 566401.40625, 2339215.78125 ], [ 566404.375, 2339211.25 ], [ 566415.625, 2339188.75 ], [ 566422.1875, 2339180.3125 ], [ 566428.75, 2339175.625 ], [ 566451.25, 2339164.375 ], [ 566455.78125, 2339161.40625 ], [ 566461.40625, 2339155.78125 ], [ 566467.1875, 2339146.5625 ], [ 566471.25, 2339143.125 ], [ 566476.5625, 2339140.9375 ], [ 566486.875, 2339140.0 ], [ 566492.96875, 2339138.59375 ], [ 566495.3125, 2339137.1875 ], [ 566498.59375, 2339132.96875 ], [ 566499.53125, 2339130.15625 ], [ 566500.9375, 2339116.5625 ], [ 566503.125, 2339111.25 ], [ 566506.5625, 2339107.1875 ], [ 566513.4375, 2339102.8125 ], [ 566518.125, 2339096.25 ], [ 566519.6875, 2339090.3125 ], [ 566520.3125, 2339079.6875 ], [ 566523.125, 2339071.25 ], [ 566526.5625, 2339067.1875 ], [ 566533.4375, 2339062.8125 ], [ 566538.125, 2339056.25 ], [ 566539.6875, 2339050.3125 ], [ 566540.3125, 2339039.6875 ], [ 566543.125, 2339031.25 ], [ 566546.5625, 2339027.1875 ], [ 566553.4375, 2339022.8125 ], [ 566558.125, 2339016.25 ], [ 566559.6875, 2339010.3125 ], [ 566560.3125, 2338999.6875 ], [ 566563.125, 2338991.25 ], [ 566566.5625, 2338987.1875 ], [ 566573.4375, 2338982.8125 ], [ 566578.125, 2338976.25 ], [ 566579.6875, 2338970.3125 ], [ 566580.3125, 2338959.6875 ], [ 566583.125, 2338951.25 ], [ 566586.5625, 2338947.1875 ], [ 566593.4375, 2338942.8125 ], [ 566598.125, 2338936.25 ], [ 566599.6875, 2338930.3125 ], [ 566600.3125, 2338919.6875 ], [ 566603.125, 2338911.25 ], [ 566606.5625, 2338907.1875 ], [ 566613.4375, 2338902.8125 ], [ 566618.125, 2338896.25 ], [ 566619.6875, 2338890.3125 ], [ 566620.3125, 2338879.6875 ], [ 566623.125, 2338871.25 ], [ 566626.5625, 2338867.1875 ], [ 566633.4375, 2338862.8125 ], [ 566638.125, 2338856.25 ], [ 566639.6875, 2338850.3125 ], [ 566640.3125, 2338839.6875 ], [ 566643.125, 2338831.25 ], [ 566646.5625, 2338827.1875 ], [ 566653.4375, 2338822.8125 ], [ 566658.125, 2338816.25 ], [ 566660.0, 2338806.875 ], [ 566660.0, 2338773.125 ], [ 566660.9375, 2338766.5625 ], [ 566664.6875, 2338759.0625 ], [ 566673.4375, 2338752.8125 ], [ 566678.125, 2338746.25 ], [ 566679.6875, 2338740.3125 ], [ 566680.46875, 2338726.09375 ], [ 566682.34375, 2338716.71875 ], [ 566684.375, 2338711.25 ], [ 566695.625, 2338688.75 ], [ 566698.59375, 2338684.21875 ], [ 566702.1875, 2338680.3125 ], [ 566708.75, 2338675.625 ], [ 566813.59375, 2338622.96875 ], [ 566817.8125, 2338619.6875 ], [ 566822.96875, 2338613.59375 ], [ 566837.1875, 2338586.5625 ], [ 566843.75, 2338581.875 ], [ 566853.125, 2338580.0 ], [ 566953.90625, 2338579.53125 ], [ 566966.09375, 2338576.71875 ], [ 566991.25, 2338564.375 ], [ 566999.6875, 2338557.8125 ], [ 567007.1875, 2338546.5625 ], [ 567011.25, 2338543.125 ], [ 567019.6875, 2338540.3125 ], [ 567033.4375, 2338539.0625 ], [ 567040.9375, 2338535.3125 ], [ 567044.375, 2338531.25 ], [ 567055.625, 2338508.75 ], [ 567060.3125, 2338502.1875 ], [ 567066.40625, 2338497.03125 ], [ 567091.25, 2338484.375 ], [ 567095.3125, 2338480.9375 ], [ 567099.0625, 2338473.4375 ], [ 567100.3125, 2338459.6875 ], [ 567103.125, 2338451.25 ], [ 567106.5625, 2338447.1875 ], [ 567115.78125, 2338441.40625 ], [ 567121.40625, 2338435.78125 ], [ 567138.59375, 2338404.21875 ], [ 567146.40625, 2338397.03125 ], [ 567173.59375, 2338382.96875 ], [ 567177.8125, 2338379.6875 ], [ 567182.96875, 2338373.59375 ], [ 567235.625, 2338268.75 ], [ 567242.1875, 2338260.3125 ], [ 567253.4375, 2338252.8125 ], [ 567256.875, 2338248.75 ], [ 567259.6875, 2338240.3125 ], [ 567260.9375, 2338226.5625 ], [ 567264.6875, 2338219.0625 ], [ 567268.75, 2338215.625 ], [ 567293.59375, 2338202.96875 ], [ 567299.6875, 2338197.8125 ], [ 567304.375, 2338191.25 ], [ 567335.625, 2338128.75 ], [ 567338.59375, 2338124.21875 ], [ 567346.40625, 2338117.03125 ], [ 567371.25, 2338104.375 ], [ 567376.875, 2338098.75 ], [ 567379.6875, 2338090.3125 ], [ 567380.0, 2338053.125 ], [ 567380.46875, 2338049.84375 ], [ 567382.8125, 2338044.6875 ], [ 567384.6875, 2338042.8125 ], [ 567389.84375, 2338040.46875 ], [ 567400.3125, 2338039.6875 ], [ 567408.75, 2338036.875 ], [ 567412.8125, 2338033.4375 ], [ 567420.3125, 2338022.1875 ], [ 567424.21875, 2338018.59375 ], [ 567433.4375, 2338012.8125 ], [ 567436.875, 2338008.75 ], [ 567439.6875, 2338000.3125 ], [ 567440.46875, 2337986.09375 ], [ 567443.28125, 2337973.90625 ], [ 567477.03125, 2337906.40625 ], [ 567480.3125, 2337902.1875 ], [ 567486.40625, 2337897.03125 ], [ 567513.59375, 2337882.96875 ], [ 567521.40625, 2337875.78125 ], [ 567524.375, 2337871.25 ], [ 567575.625, 2337768.75 ], [ 567578.59375, 2337764.21875 ], [ 567586.40625, 2337757.03125 ], [ 567611.25, 2337744.375 ], [ 567615.3125, 2337740.9375 ], [ 567619.0625, 2337733.4375 ], [ 567620.3125, 2337719.6875 ], [ 567623.125, 2337711.25 ], [ 567626.5625, 2337707.1875 ], [ 567635.78125, 2337701.40625 ], [ 567641.40625, 2337695.78125 ], [ 567644.375, 2337691.25 ], [ 567655.625, 2337668.75 ], [ 567660.3125, 2337662.1875 ], [ 567668.75, 2337655.625 ], [ 567693.59375, 2337642.96875 ], [ 567701.40625, 2337635.78125 ], [ 567704.375, 2337631.25 ], [ 567737.03125, 2337566.40625 ], [ 567742.1875, 2337560.3125 ], [ 567753.4375, 2337552.8125 ], [ 567756.875, 2337548.75 ], [ 567759.0625, 2337543.4375 ], [ 567760.3125, 2337529.6875 ], [ 567763.125, 2337521.25 ], [ 567768.75, 2337515.625 ], [ 567791.25, 2337504.375 ], [ 567799.6875, 2337497.8125 ], [ 567804.375, 2337491.25 ], [ 567815.625, 2337468.75 ], [ 567822.1875, 2337460.3125 ], [ 567828.75, 2337455.625 ], [ 567851.25, 2337444.375 ], [ 567857.8125, 2337439.6875 ], [ 567862.96875, 2337433.59375 ], [ 567875.625, 2337408.75 ], [ 567879.0625, 2337404.6875 ], [ 567886.5625, 2337400.9375 ], [ 567900.3125, 2337399.6875 ], [ 567908.75, 2337396.875 ], [ 567912.8125, 2337393.4375 ], [ 567918.59375, 2337384.21875 ], [ 567924.21875, 2337378.59375 ], [ 567928.75, 2337375.625 ], [ 567951.25, 2337364.375 ], [ 567957.8125, 2337359.6875 ], [ 567962.96875, 2337353.59375 ], [ 567975.625, 2337328.75 ], [ 567979.0625, 2337324.6875 ], [ 567986.5625, 2337320.9375 ], [ 568003.4375, 2337319.0625 ], [ 568010.9375, 2337315.3125 ], [ 568020.3125, 2337302.1875 ], [ 568024.21875, 2337298.59375 ], [ 568033.4375, 2337292.8125 ], [ 568036.875, 2337288.75 ], [ 568039.6875, 2337280.3125 ], [ 568040.46875, 2337269.84375 ], [ 568041.40625, 2337267.03125 ], [ 568044.6875, 2337262.8125 ], [ 568049.84375, 2337260.46875 ], [ 568060.3125, 2337259.6875 ], [ 568068.75, 2337256.875 ], [ 568072.8125, 2337253.4375 ], [ 568077.1875, 2337246.5625 ], [ 568083.75, 2337241.875 ], [ 568089.6875, 2337240.3125 ], [ 568100.3125, 2337239.6875 ], [ 568108.75, 2337236.875 ], [ 568112.8125, 2337233.4375 ], [ 568118.59375, 2337224.21875 ], [ 568124.21875, 2337218.59375 ], [ 568128.75, 2337215.625 ], [ 568153.90625, 2337203.28125 ], [ 568159.6875, 2337201.5625 ], [ 568169.53125, 2337200.15625 ], [ 568210.3125, 2337199.6875 ], [ 568218.75, 2337196.875 ], [ 568224.375, 2337191.25 ], [ 568235.625, 2337168.75 ], [ 568239.0625, 2337164.6875 ], [ 568246.5625, 2337160.9375 ], [ 568260.3125, 2337159.6875 ], [ 568268.75, 2337156.875 ], [ 568272.8125, 2337153.4375 ], [ 568278.59375, 2337144.21875 ], [ 568284.21875, 2337138.59375 ], [ 568288.75, 2337135.625 ], [ 568311.25, 2337124.375 ], [ 568317.8125, 2337119.6875 ], [ 568322.96875, 2337113.59375 ], [ 568335.625, 2337088.75 ], [ 568339.0625, 2337084.6875 ], [ 568343.75, 2337081.875 ], [ 568349.6875, 2337080.3125 ], [ 568386.875, 2337080.0 ], [ 568393.4375, 2337079.0625 ], [ 568398.75, 2337076.875 ], [ 568404.375, 2337071.25 ], [ 568415.625, 2337048.75 ], [ 568418.59375, 2337044.21875 ], [ 568422.1875, 2337040.3125 ], [ 568428.75, 2337035.625 ], [ 568451.25, 2337024.375 ], [ 568459.6875, 2337021.5625 ], [ 568473.125, 2337020.0 ], [ 568506.875, 2337020.0 ], [ 568513.4375, 2337019.0625 ], [ 568518.75, 2337016.875 ], [ 568524.375, 2337011.25 ], [ 568535.625, 2336988.75 ], [ 568542.1875, 2336980.3125 ], [ 568548.75, 2336975.625 ], [ 568571.25, 2336964.375 ], [ 568579.6875, 2336957.8125 ], [ 568584.375, 2336951.25 ], [ 568595.625, 2336928.75 ], [ 568602.1875, 2336920.3125 ], [ 568608.75, 2336915.625 ], [ 568631.25, 2336904.375 ], [ 568639.6875, 2336897.8125 ], [ 568644.375, 2336891.25 ], [ 568657.03125, 2336866.40625 ], [ 568664.21875, 2336858.59375 ], [ 568668.75, 2336855.625 ], [ 568731.25, 2336824.375 ], [ 568735.78125, 2336821.40625 ], [ 568742.96875, 2336813.59375 ], [ 568755.625, 2336788.75 ], [ 568761.25, 2336783.125 ], [ 568769.6875, 2336780.3125 ], [ 568806.875, 2336780.0 ], [ 568810.15625, 2336779.53125 ], [ 568815.3125, 2336777.1875 ], [ 568817.1875, 2336775.3125 ], [ 568819.53125, 2336770.15625 ], [ 568820.3125, 2336759.6875 ], [ 568821.875, 2336753.75 ], [ 568826.5625, 2336747.1875 ], [ 568831.25, 2336744.375 ], [ 568836.71875, 2336742.34375 ], [ 568846.09375, 2336740.46875 ], [ 568863.4375, 2336739.0625 ], [ 568870.9375, 2336735.3125 ], [ 568880.3125, 2336722.1875 ], [ 568884.21875, 2336718.59375 ], [ 568893.4375, 2336712.8125 ], [ 568896.875, 2336708.75 ], [ 568899.6875, 2336700.3125 ], [ 568900.46875, 2336689.84375 ], [ 568902.8125, 2336684.6875 ], [ 568904.6875, 2336682.8125 ], [ 568909.84375, 2336680.46875 ], [ 568920.3125, 2336679.6875 ], [ 568928.75, 2336676.875 ], [ 568932.8125, 2336673.4375 ], [ 568940.3125, 2336662.1875 ], [ 568948.75, 2336655.625 ], [ 569091.25, 2336584.375 ], [ 569102.8125, 2336580.9375 ], [ 569120.3125, 2336579.6875 ], [ 569126.25, 2336578.125 ], [ 569130.9375, 2336575.3125 ], [ 569137.1875, 2336566.5625 ], [ 569143.75, 2336561.875 ], [ 569153.125, 2336560.0 ], [ 569190.46875, 2336559.84375 ], [ 569203.28125, 2336557.65625 ], [ 569236.71875, 2336542.34375 ], [ 569246.09375, 2336540.46875 ], [ 569260.3125, 2336539.6875 ], [ 569266.25, 2336538.125 ], [ 569272.8125, 2336533.4375 ], [ 569279.0625, 2336524.6875 ], [ 569283.75, 2336521.875 ], [ 569289.6875, 2336520.3125 ], [ 569506.875, 2336520.0 ], [ 569513.4375, 2336520.9375 ], [ 569518.75, 2336523.125 ], [ 569522.8125, 2336526.5625 ], [ 569529.0625, 2336535.3125 ], [ 569533.75, 2336538.125 ], [ 569539.6875, 2336539.6875 ], [ 569606.875, 2336540.0 ], [ 569613.4375, 2336539.0625 ], [ 569618.75, 2336536.875 ], [ 569624.375, 2336531.25 ], [ 569635.625, 2336508.75 ], [ 569638.4375, 2336500.3125 ], [ 569640.0, 2336486.875 ], [ 569639.53125, 2336446.09375 ], [ 569636.71875, 2336433.90625 ], [ 569634.375, 2336428.75 ], [ 569630.9375, 2336424.6875 ], [ 569623.4375, 2336420.9375 ], [ 569613.125, 2336420.0 ], [ 569607.03125, 2336418.59375 ], [ 569604.6875, 2336417.1875 ], [ 569601.40625, 2336412.96875 ], [ 569600.0, 2336406.875 ], [ 569600.0, 2336373.125 ], [ 569601.40625, 2336367.03125 ], [ 569604.6875, 2336362.8125 ], [ 569609.84375, 2336360.46875 ], [ 569620.3125, 2336359.6875 ], [ 569628.75, 2336356.875 ], [ 569632.8125, 2336353.4375 ], [ 569637.1875, 2336346.5625 ], [ 569643.75, 2336341.875 ], [ 569653.125, 2336340.0 ], [ 569840.3125, 2336340.3125 ], [ 569846.25, 2336341.875 ], [ 569852.8125, 2336346.5625 ], [ 569865.625, 2336371.25 ], [ 569869.0625, 2336375.3125 ], [ 569873.75, 2336378.125 ], [ 569883.125, 2336380.0 ], [ 569950.3125, 2336379.6875 ], [ 569956.25, 2336378.125 ], [ 569960.9375, 2336375.3125 ], [ 569967.1875, 2336366.5625 ], [ 569973.75, 2336361.875 ], [ 569983.125, 2336360.0 ], [ 569990.46875, 2336360.15625 ], [ 570000.3125, 2336361.5625 ], [ 570008.75, 2336364.375 ], [ 570111.25, 2336415.625 ], [ 570122.8125, 2336419.0625 ], [ 570140.3125, 2336420.3125 ], [ 570146.25, 2336421.875 ], [ 570152.8125, 2336426.5625 ], [ 570158.59375, 2336435.78125 ], [ 570166.40625, 2336442.96875 ], [ 570213.4375, 2336467.1875 ], [ 570218.125, 2336473.75 ], [ 570219.6875, 2336479.6875 ], [ 570220.9375, 2336493.4375 ], [ 570223.125, 2336498.75 ], [ 570226.5625, 2336502.8125 ], [ 570291.25, 2336535.625 ], [ 570295.3125, 2336539.0625 ], [ 570298.125, 2336543.75 ], [ 570300.0, 2336553.125 ], [ 570300.0, 2336586.875 ], [ 570300.9375, 2336593.4375 ], [ 570304.6875, 2336600.9375 ], [ 570315.3125, 2336609.0625 ], [ 570318.125, 2336613.75 ], [ 570319.6875, 2336619.6875 ], [ 570320.0, 2336746.875 ], [ 570321.5625, 2336760.3125 ], [ 570325.625, 2336771.25 ], [ 570329.0625, 2336775.3125 ], [ 570336.5625, 2336779.0625 ], [ 570357.1875, 2336780.9375 ], [ 570368.75, 2336784.375 ], [ 570431.25, 2336815.625 ], [ 570435.78125, 2336818.59375 ], [ 570441.40625, 2336824.21875 ], [ 570458.59375, 2336855.78125 ], [ 570464.21875, 2336861.40625 ], [ 570471.25, 2336865.625 ], [ 570475.3125, 2336869.0625 ], [ 570479.0625, 2336876.5625 ], [ 570480.0, 2336883.125 ], [ 570480.0, 2336946.875 ], [ 570481.40625, 2336952.96875 ], [ 570482.8125, 2336955.3125 ], [ 570487.03125, 2336958.59375 ], [ 570493.125, 2336960.0 ], [ 570500.3125, 2336960.3125 ], [ 570506.25, 2336961.875 ], [ 570510.9375, 2336964.6875 ], [ 570514.375, 2336968.75 ], [ 570537.03125, 2337013.59375 ], [ 570542.1875, 2337019.6875 ], [ 570553.4375, 2337027.1875 ], [ 570556.875, 2337031.25 ], [ 570559.6875, 2337039.6875 ], [ 570560.15625, 2337050.46875 ], [ 570561.5625, 2337060.3125 ], [ 570564.375, 2337068.75 ], [ 570567.1875, 2337073.4375 ], [ 570573.75, 2337078.125 ], [ 570579.6875, 2337079.6875 ], [ 570590.15625, 2337080.46875 ], [ 570592.96875, 2337081.40625 ], [ 570597.1875, 2337084.6875 ], [ 570599.53125, 2337089.84375 ], [ 570600.3125, 2337100.3125 ], [ 570603.125, 2337108.75 ], [ 570606.5625, 2337112.8125 ], [ 570615.78125, 2337118.59375 ], [ 570621.40625, 2337124.21875 ], [ 570624.375, 2337128.75 ], [ 570635.625, 2337151.25 ], [ 570642.1875, 2337159.6875 ], [ 570648.75, 2337164.375 ], [ 570713.4375, 2337197.1875 ], [ 570718.125, 2337203.75 ], [ 570719.6875, 2337209.6875 ], [ 570720.9375, 2337223.4375 ], [ 570723.125, 2337228.75 ], [ 570726.5625, 2337232.8125 ], [ 570813.59375, 2337277.03125 ], [ 570817.8125, 2337280.3125 ], [ 570822.96875, 2337286.40625 ], [ 570835.625, 2337311.25 ], [ 570839.0625, 2337315.3125 ], [ 570846.5625, 2337319.0625 ], [ 570860.3125, 2337320.3125 ], [ 570868.75, 2337323.125 ], [ 570872.8125, 2337326.5625 ], [ 570880.3125, 2337337.8125 ], [ 570886.40625, 2337342.96875 ], [ 570951.25, 2337375.625 ], [ 570955.78125, 2337378.59375 ], [ 570962.96875, 2337386.40625 ], [ 570975.625, 2337411.25 ], [ 570980.3125, 2337417.8125 ], [ 570986.40625, 2337422.96875 ], [ 571011.25, 2337435.625 ], [ 571017.8125, 2337440.3125 ], [ 571022.96875, 2337446.40625 ], [ 571035.625, 2337471.25 ], [ 571039.0625, 2337475.3125 ], [ 571046.5625, 2337479.0625 ], [ 571060.3125, 2337480.3125 ], [ 571068.75, 2337483.125 ], [ 571072.8125, 2337486.5625 ], [ 571077.1875, 2337493.4375 ], [ 571083.75, 2337498.125 ], [ 571093.125, 2337500.0 ], [ 571156.875, 2337500.0 ], [ 571163.4375, 2337500.9375 ], [ 571170.9375, 2337504.6875 ], [ 571177.1875, 2337513.4375 ], [ 571183.75, 2337518.125 ], [ 571193.125, 2337520.0 ], [ 571226.875, 2337520.0 ], [ 571233.4375, 2337520.9375 ], [ 571240.9375, 2337524.6875 ], [ 571249.0625, 2337535.3125 ], [ 571253.75, 2337538.125 ], [ 571259.6875, 2337539.6875 ], [ 571326.875, 2337540.0 ], [ 571333.4375, 2337540.9375 ], [ 571338.75, 2337543.125 ], [ 571342.8125, 2337546.5625 ], [ 571357.1875, 2337573.4375 ], [ 571361.25, 2337576.875 ], [ 571369.6875, 2337579.6875 ], [ 571616.875, 2337580.0 ], [ 571623.4375, 2337580.9375 ], [ 571628.75, 2337583.125 ], [ 571632.8125, 2337586.5625 ], [ 571639.0625, 2337595.3125 ], [ 571643.75, 2337598.125 ], [ 571649.6875, 2337599.6875 ], [ 571810.3125, 2337600.3125 ], [ 571818.75, 2337603.125 ], [ 571822.8125, 2337606.5625 ], [ 571829.0625, 2337615.3125 ], [ 571833.75, 2337618.125 ], [ 571839.6875, 2337619.6875 ], [ 572026.875, 2337620.0 ], [ 572033.4375, 2337619.0625 ], [ 572038.75, 2337616.875 ], [ 572042.8125, 2337613.4375 ], [ 572049.0625, 2337604.6875 ], [ 572053.75, 2337601.875 ], [ 572059.6875, 2337600.3125 ], [ 572126.875, 2337600.0 ], [ 572133.4375, 2337599.0625 ], [ 572140.9375, 2337595.3125 ], [ 572149.0625, 2337584.6875 ], [ 572153.75, 2337581.875 ], [ 572159.6875, 2337580.3125 ], [ 572233.90625, 2337579.53125 ], [ 572246.09375, 2337576.71875 ], [ 572271.25, 2337564.375 ], [ 572279.6875, 2337561.5625 ], [ 572293.125, 2337560.0 ], [ 572330.46875, 2337559.84375 ], [ 572343.28125, 2337557.65625 ], [ 572376.71875, 2337542.34375 ], [ 572386.09375, 2337540.46875 ], [ 572400.3125, 2337539.6875 ], [ 572406.25, 2337538.125 ], [ 572412.8125, 2337533.4375 ], [ 572419.0625, 2337524.6875 ], [ 572426.5625, 2337520.9375 ], [ 572433.125, 2337520.0 ], [ 572466.875, 2337520.0 ], [ 572476.25, 2337518.125 ], [ 572480.9375, 2337515.3125 ], [ 572487.1875, 2337506.5625 ], [ 572491.25, 2337503.125 ], [ 572496.5625, 2337500.9375 ], [ 572510.3125, 2337499.6875 ], [ 572516.25, 2337498.125 ], [ 572522.8125, 2337493.4375 ], [ 572529.0625, 2337484.6875 ], [ 572536.5625, 2337480.9375 ], [ 572543.125, 2337480.0 ], [ 572666.875, 2337480.0 ], [ 572673.4375, 2337479.0625 ], [ 572678.75, 2337476.875 ], [ 572684.375, 2337471.25 ], [ 572695.625, 2337448.75 ], [ 572698.4375, 2337440.3125 ], [ 572700.0, 2337426.875 ], [ 572699.53125, 2337386.09375 ], [ 572696.71875, 2337373.90625 ], [ 572694.375, 2337368.75 ], [ 572690.9375, 2337364.6875 ], [ 572683.4375, 2337360.9375 ], [ 572669.84375, 2337359.53125 ], [ 572667.03125, 2337358.59375 ], [ 572662.8125, 2337355.3125 ], [ 572660.46875, 2337350.15625 ], [ 572659.6875, 2337339.6875 ], [ 572656.875, 2337331.25 ], [ 572653.4375, 2337327.1875 ], [ 572644.6875, 2337320.9375 ], [ 572640.9375, 2337313.4375 ], [ 572640.0, 2337306.875 ], [ 572640.3125, 2337149.6875 ], [ 572643.125, 2337141.25 ], [ 572648.75, 2337135.625 ], [ 572711.25, 2337104.375 ], [ 572717.8125, 2337099.6875 ], [ 572722.96875, 2337093.59375 ], [ 572735.625, 2337068.75 ], [ 572739.0625, 2337064.6875 ], [ 572743.75, 2337061.875 ], [ 572749.6875, 2337060.3125 ], [ 572786.875, 2337060.0 ], [ 572793.90625, 2337060.46875 ], [ 572803.28125, 2337062.34375 ], [ 572808.75, 2337064.375 ], [ 572813.4375, 2337067.1875 ], [ 572818.125, 2337073.75 ], [ 572819.6875, 2337079.6875 ], [ 572820.9375, 2337093.4375 ], [ 572824.6875, 2337100.9375 ], [ 572828.75, 2337104.375 ], [ 572851.25, 2337115.625 ], [ 572856.875, 2337121.25 ], [ 572859.0625, 2337126.5625 ], [ 572860.0, 2337133.125 ], [ 572860.0, 2337166.875 ], [ 572861.40625, 2337172.96875 ], [ 572862.8125, 2337175.3125 ], [ 572867.03125, 2337178.59375 ], [ 572869.84375, 2337179.53125 ], [ 572883.4375, 2337180.9375 ], [ 572888.75, 2337183.125 ], [ 572892.8125, 2337186.5625 ], [ 572895.625, 2337191.25 ], [ 572898.4375, 2337199.6875 ], [ 572900.9375, 2337223.4375 ], [ 572903.125, 2337228.75 ], [ 572908.75, 2337234.375 ], [ 572916.71875, 2337237.65625 ], [ 572929.53125, 2337239.84375 ], [ 572996.875, 2337240.0 ], [ 573003.4375, 2337239.0625 ], [ 573008.75, 2337236.875 ], [ 573012.8125, 2337233.4375 ], [ 573025.625, 2337208.75 ], [ 573029.0625, 2337204.6875 ], [ 573036.5625, 2337200.9375 ], [ 573053.4375, 2337199.0625 ], [ 573058.75, 2337196.875 ], [ 573062.8125, 2337193.4375 ], [ 573085.625, 2337148.75 ], [ 573089.0625, 2337144.6875 ], [ 573096.5625, 2337140.9375 ], [ 573110.3125, 2337139.6875 ], [ 573118.75, 2337136.875 ], [ 573122.8125, 2337133.4375 ], [ 573127.1875, 2337126.5625 ], [ 573133.75, 2337121.875 ], [ 573139.6875, 2337120.3125 ], [ 573150.3125, 2337119.6875 ], [ 573158.75, 2337116.875 ], [ 573164.375, 2337111.25 ], [ 573177.03125, 2337086.40625 ], [ 573180.3125, 2337082.1875 ], [ 573186.40625, 2337077.03125 ], [ 573293.59375, 2337022.96875 ], [ 573297.8125, 2337019.6875 ], [ 573302.96875, 2337013.59375 ], [ 573315.625, 2336988.75 ], [ 573319.0625, 2336984.6875 ], [ 573326.5625, 2336980.9375 ], [ 573340.3125, 2336979.6875 ], [ 573348.75, 2336976.875 ], [ 573352.8125, 2336973.4375 ], [ 573360.3125, 2336962.1875 ], [ 573366.40625, 2336957.03125 ], [ 573433.4375, 2336922.8125 ], [ 573438.125, 2336916.25 ], [ 573439.6875, 2336910.3125 ], [ 573440.9375, 2336896.5625 ], [ 573444.6875, 2336889.0625 ], [ 573448.75, 2336885.625 ], [ 573493.4375, 2336862.8125 ], [ 573498.125, 2336856.25 ], [ 573499.6875, 2336850.3125 ], [ 573500.9375, 2336836.5625 ], [ 573504.6875, 2336829.0625 ], [ 573508.75, 2336825.625 ], [ 573531.25, 2336814.375 ], [ 573535.3125, 2336810.9375 ], [ 573538.125, 2336806.25 ], [ 573540.0, 2336796.875 ], [ 573540.0, 2336733.125 ], [ 573539.53125, 2336729.84375 ], [ 573537.1875, 2336724.6875 ], [ 573535.3125, 2336722.8125 ], [ 573530.15625, 2336720.46875 ], [ 573369.6875, 2336720.3125 ], [ 573363.75, 2336721.875 ], [ 573359.0625, 2336724.6875 ], [ 573352.8125, 2336733.4375 ], [ 573348.75, 2336736.875 ], [ 573343.4375, 2336739.0625 ], [ 573336.875, 2336740.0 ], [ 573269.53125, 2336739.84375 ], [ 573256.71875, 2336737.65625 ], [ 573251.25, 2336735.625 ], [ 573246.5625, 2336732.8125 ], [ 573241.875, 2336726.25 ], [ 573240.0, 2336716.875 ], [ 573240.0, 2336593.125 ], [ 573239.0625, 2336586.5625 ], [ 573236.875, 2336581.25 ], [ 573233.4375, 2336577.1875 ], [ 573208.75, 2336564.375 ], [ 573204.6875, 2336560.9375 ], [ 573200.9375, 2336553.4375 ], [ 573199.0625, 2336536.5625 ], [ 573195.3125, 2336529.0625 ], [ 573191.25, 2336525.625 ], [ 573168.75, 2336514.375 ], [ 573163.125, 2336508.75 ], [ 573160.9375, 2336503.4375 ], [ 573160.0, 2336496.875 ], [ 573160.0, 2336463.125 ], [ 573161.875, 2336453.75 ], [ 573166.5625, 2336447.1875 ], [ 573171.25, 2336444.375 ], [ 573179.6875, 2336441.5625 ], [ 573189.53125, 2336440.15625 ], [ 573200.3125, 2336440.3125 ], [ 573208.75, 2336443.125 ], [ 573212.8125, 2336446.5625 ], [ 573219.0625, 2336455.3125 ], [ 573226.5625, 2336459.0625 ], [ 573233.125, 2336460.0 ], [ 573266.875, 2336460.0 ], [ 573272.96875, 2336461.40625 ], [ 573277.1875, 2336464.6875 ], [ 573278.59375, 2336467.03125 ], [ 573280.0, 2336473.125 ], [ 573280.0, 2336536.875 ], [ 573280.9375, 2336543.4375 ], [ 573284.6875, 2336550.9375 ], [ 573288.75, 2336554.375 ], [ 573293.90625, 2336556.71875 ], [ 573306.09375, 2336559.53125 ], [ 573346.875, 2336560.0 ], [ 573357.1875, 2336559.0625 ], [ 573363.28125, 2336557.65625 ], [ 573371.25, 2336554.375 ], [ 573375.3125, 2336550.9375 ], [ 573379.0625, 2336543.4375 ], [ 573380.0, 2336536.875 ], [ 573379.53125, 2336469.84375 ], [ 573377.1875, 2336464.6875 ], [ 573375.3125, 2336462.8125 ], [ 573370.15625, 2336460.46875 ], [ 573333.125, 2336460.0 ], [ 573327.03125, 2336458.59375 ], [ 573322.8125, 2336455.3125 ], [ 573321.40625, 2336452.96875 ], [ 573320.0, 2336446.875 ], [ 573320.0, 2336383.125 ], [ 573320.9375, 2336376.5625 ], [ 573323.125, 2336371.25 ], [ 573326.5625, 2336367.1875 ], [ 573335.78125, 2336361.40625 ], [ 573341.40625, 2336355.78125 ], [ 573344.375, 2336351.25 ], [ 573355.625, 2336328.75 ], [ 573359.0625, 2336324.6875 ], [ 573363.75, 2336321.875 ], [ 573373.125, 2336320.0 ], [ 573500.3125, 2336319.6875 ], [ 573506.25, 2336318.125 ], [ 573510.9375, 2336315.3125 ], [ 573514.375, 2336311.25 ], [ 573518.59375, 2336304.21875 ], [ 573526.40625, 2336297.03125 ], [ 573553.90625, 2336283.28125 ], [ 573559.6875, 2336281.5625 ], [ 573569.53125, 2336280.15625 ], [ 573606.875, 2336280.0 ], [ 573617.1875, 2336279.0625 ], [ 573628.75, 2336275.625 ], [ 573653.90625, 2336263.28125 ], [ 573662.8125, 2336260.9375 ], [ 573673.125, 2336260.0 ], [ 573736.875, 2336260.0 ], [ 573743.4375, 2336260.9375 ], [ 573748.75, 2336263.125 ], [ 573752.8125, 2336266.5625 ], [ 573757.03125, 2336273.59375 ], [ 573762.1875, 2336279.6875 ], [ 573768.75, 2336284.375 ], [ 573791.25, 2336295.625 ], [ 573795.78125, 2336298.59375 ], [ 573801.40625, 2336304.21875 ], [ 573807.1875, 2336313.4375 ], [ 573811.25, 2336316.875 ], [ 573819.6875, 2336319.6875 ], [ 573830.15625, 2336320.46875 ], [ 573835.3125, 2336322.8125 ], [ 573838.59375, 2336327.03125 ], [ 573839.53125, 2336329.84375 ], [ 573840.9375, 2336343.4375 ], [ 573844.6875, 2336350.9375 ], [ 573851.25, 2336355.625 ], [ 573862.8125, 2336359.0625 ], [ 573873.125, 2336360.0 ], [ 573906.875, 2336360.0 ], [ 573913.90625, 2336359.53125 ], [ 573923.28125, 2336357.65625 ], [ 573928.75, 2336355.625 ], [ 573991.25, 2336324.375 ], [ 573997.8125, 2336319.6875 ], [ 574002.96875, 2336313.59375 ], [ 574015.625, 2336288.75 ], [ 574020.3125, 2336282.1875 ], [ 574026.40625, 2336277.03125 ], [ 574051.25, 2336264.375 ], [ 574057.8125, 2336259.6875 ], [ 574062.96875, 2336253.59375 ], [ 574075.625, 2336228.75 ], [ 574080.3125, 2336222.1875 ], [ 574086.40625, 2336217.03125 ], [ 574111.25, 2336204.375 ], [ 574119.6875, 2336197.8125 ], [ 574124.375, 2336191.25 ], [ 574147.1875, 2336146.5625 ], [ 574153.75, 2336141.875 ], [ 574159.6875, 2336140.3125 ], [ 574173.4375, 2336139.0625 ], [ 574178.75, 2336136.875 ], [ 574182.8125, 2336133.4375 ], [ 574217.03125, 2336066.40625 ], [ 574222.1875, 2336060.3125 ], [ 574233.4375, 2336052.8125 ], [ 574236.875, 2336048.75 ], [ 574239.0625, 2336043.4375 ], [ 574240.3125, 2336029.6875 ], [ 574243.125, 2336021.25 ], [ 574248.75, 2336015.625 ], [ 574271.25, 2336004.375 ], [ 574276.875, 2335998.75 ], [ 574279.0625, 2335993.4375 ], [ 574280.3125, 2335979.6875 ], [ 574283.125, 2335971.25 ], [ 574286.5625, 2335967.1875 ], [ 574295.78125, 2335961.40625 ], [ 574301.40625, 2335955.78125 ], [ 574304.375, 2335951.25 ], [ 574337.03125, 2335886.40625 ], [ 574342.1875, 2335880.3125 ], [ 574353.4375, 2335872.8125 ], [ 574356.875, 2335868.75 ], [ 574359.0625, 2335863.4375 ], [ 574360.3125, 2335849.6875 ], [ 574363.125, 2335841.25 ], [ 574368.75, 2335835.625 ], [ 574391.25, 2335824.375 ], [ 574399.6875, 2335817.8125 ], [ 574404.375, 2335811.25 ], [ 574435.625, 2335748.75 ], [ 574438.59375, 2335744.21875 ], [ 574446.40625, 2335737.03125 ], [ 574471.25, 2335724.375 ], [ 574476.875, 2335718.75 ], [ 574479.0625, 2335713.4375 ], [ 574480.3125, 2335699.6875 ], [ 574481.875, 2335693.75 ], [ 574484.6875, 2335689.0625 ], [ 574493.4375, 2335682.8125 ], [ 574496.875, 2335678.75 ], [ 574499.0625, 2335673.4375 ], [ 574500.3125, 2335659.6875 ], [ 574501.875, 2335653.75 ], [ 574504.6875, 2335649.0625 ], [ 574513.4375, 2335642.8125 ], [ 574516.875, 2335638.75 ], [ 574519.0625, 2335633.4375 ], [ 574520.3125, 2335619.6875 ], [ 574521.875, 2335613.75 ], [ 574524.6875, 2335609.0625 ], [ 574533.4375, 2335602.8125 ], [ 574536.875, 2335598.75 ], [ 574539.0625, 2335593.4375 ], [ 574540.3125, 2335579.6875 ], [ 574543.125, 2335571.25 ], [ 574548.75, 2335565.625 ], [ 574571.25, 2335554.375 ], [ 574576.875, 2335548.75 ], [ 574579.6875, 2335540.3125 ], [ 574580.15625, 2335529.53125 ], [ 574581.5625, 2335519.6875 ], [ 574584.375, 2335511.25 ], [ 574587.1875, 2335506.5625 ], [ 574591.25, 2335503.125 ], [ 574596.5625, 2335500.9375 ], [ 574613.90625, 2335499.53125 ], [ 574626.09375, 2335496.71875 ], [ 574651.25, 2335484.375 ], [ 574657.8125, 2335479.6875 ], [ 574664.375, 2335471.25 ], [ 574675.625, 2335448.75 ], [ 574678.59375, 2335444.21875 ], [ 574684.21875, 2335438.59375 ], [ 574693.4375, 2335432.8125 ], [ 574696.875, 2335428.75 ], [ 574699.6875, 2335420.3125 ], [ 574700.15625, 2335409.53125 ], [ 574701.5625, 2335399.6875 ], [ 574704.375, 2335391.25 ], [ 574707.1875, 2335386.5625 ], [ 574711.25, 2335383.125 ], [ 574716.5625, 2335380.9375 ], [ 574733.90625, 2335379.53125 ], [ 574746.09375, 2335376.71875 ], [ 574771.25, 2335364.375 ], [ 574777.8125, 2335359.6875 ], [ 574784.375, 2335351.25 ], [ 574817.03125, 2335286.40625 ], [ 574822.1875, 2335280.3125 ], [ 574833.4375, 2335272.8125 ], [ 574836.875, 2335268.75 ], [ 574839.0625, 2335263.4375 ], [ 574840.0, 2335256.875 ], [ 574839.84375, 2335189.53125 ], [ 574839.0625, 2335182.8125 ], [ 574836.71875, 2335173.90625 ], [ 574834.375, 2335168.75 ], [ 574830.9375, 2335164.6875 ], [ 574826.25, 2335161.875 ], [ 574816.875, 2335160.0 ], [ 574719.6875, 2335159.6875 ], [ 574713.75, 2335158.125 ], [ 574709.0625, 2335155.3125 ], [ 574705.625, 2335151.25 ], [ 574703.28125, 2335146.09375 ], [ 574700.9375, 2335137.1875 ], [ 574700.0, 2335126.875 ], [ 574700.0, 2335093.125 ], [ 574700.9375, 2335086.5625 ], [ 574704.6875, 2335079.0625 ], [ 574713.4375, 2335072.8125 ], [ 574718.125, 2335066.25 ], [ 574719.6875, 2335060.3125 ], [ 574720.9375, 2335042.8125 ], [ 574723.28125, 2335033.90625 ], [ 574735.625, 2335008.75 ], [ 574740.3125, 2335002.1875 ], [ 574748.75, 2334995.625 ], [ 574771.25, 2334984.375 ], [ 574775.78125, 2334981.40625 ], [ 574781.40625, 2334975.78125 ], [ 574785.625, 2334968.75 ], [ 574789.0625, 2334964.6875 ], [ 574796.5625, 2334960.9375 ], [ 574803.125, 2334960.0 ], [ 574870.46875, 2334959.84375 ], [ 574883.28125, 2334957.65625 ], [ 574888.75, 2334955.625 ], [ 574893.4375, 2334952.8125 ], [ 574896.875, 2334948.75 ], [ 574899.6875, 2334940.3125 ], [ 574900.0, 2334903.125 ], [ 574901.875, 2334893.75 ], [ 574904.6875, 2334889.0625 ], [ 574917.8125, 2334879.6875 ], [ 574921.40625, 2334875.78125 ], [ 574927.1875, 2334866.5625 ], [ 574933.75, 2334861.875 ], [ 574943.125, 2334860.0 ], [ 575066.875, 2334860.0 ], [ 575077.1875, 2334859.0625 ], [ 575088.75, 2334855.625 ], [ 575151.25, 2334824.375 ], [ 575155.78125, 2334821.40625 ], [ 575161.40625, 2334815.78125 ], [ 575177.03125, 2334786.40625 ], [ 575184.21875, 2334778.59375 ], [ 575188.75, 2334775.625 ], [ 575251.25, 2334744.375 ], [ 575257.8125, 2334739.6875 ], [ 575262.96875, 2334733.59375 ], [ 575275.625, 2334708.75 ], [ 575279.0625, 2334704.6875 ], [ 575286.5625, 2334700.9375 ], [ 575300.3125, 2334699.6875 ], [ 575308.75, 2334696.875 ], [ 575312.8125, 2334693.4375 ], [ 575317.1875, 2334686.5625 ], [ 575323.75, 2334681.875 ], [ 575329.6875, 2334680.3125 ], [ 575340.3125, 2334679.6875 ], [ 575348.75, 2334676.875 ], [ 575352.8125, 2334673.4375 ], [ 575358.59375, 2334664.21875 ], [ 575364.21875, 2334658.59375 ], [ 575393.4375, 2334642.8125 ], [ 575396.875, 2334638.75 ], [ 575399.0625, 2334633.4375 ], [ 575400.3125, 2334619.6875 ], [ 575403.125, 2334611.25 ], [ 575406.5625, 2334607.1875 ], [ 575413.59375, 2334602.96875 ], [ 575419.6875, 2334597.8125 ], [ 575424.375, 2334591.25 ], [ 575435.625, 2334568.75 ], [ 575438.59375, 2334564.21875 ], [ 575444.21875, 2334558.59375 ], [ 575453.4375, 2334552.8125 ], [ 575456.875, 2334548.75 ], [ 575459.6875, 2334540.3125 ], [ 575460.9375, 2334526.5625 ], [ 575464.6875, 2334519.0625 ], [ 575468.75, 2334515.625 ], [ 575493.59375, 2334502.96875 ], [ 575501.40625, 2334495.78125 ], [ 575504.375, 2334491.25 ], [ 575535.625, 2334428.75 ], [ 575538.59375, 2334424.21875 ], [ 575546.40625, 2334417.03125 ], [ 575571.25, 2334404.375 ], [ 575577.8125, 2334399.6875 ], [ 575582.96875, 2334393.59375 ], [ 575595.625, 2334368.75 ], [ 575600.3125, 2334362.1875 ], [ 575606.40625, 2334357.03125 ], [ 575631.25, 2334344.375 ], [ 575637.8125, 2334339.6875 ], [ 575642.96875, 2334333.59375 ], [ 575655.625, 2334308.75 ], [ 575659.0625, 2334304.6875 ], [ 575666.5625, 2334300.9375 ], [ 575680.3125, 2334299.6875 ], [ 575688.75, 2334296.875 ], [ 575692.8125, 2334293.4375 ], [ 575698.59375, 2334284.21875 ], [ 575704.21875, 2334278.59375 ], [ 575708.75, 2334275.625 ], [ 575731.25, 2334264.375 ], [ 575737.8125, 2334259.6875 ], [ 575744.375, 2334251.25 ], [ 575767.1875, 2334206.5625 ], [ 575773.75, 2334201.875 ], [ 575779.6875, 2334200.3125 ], [ 575793.4375, 2334199.0625 ], [ 575800.9375, 2334195.3125 ], [ 575804.375, 2334191.25 ], [ 575817.03125, 2334166.40625 ], [ 575822.1875, 2334160.3125 ], [ 575828.75, 2334155.625 ], [ 575851.25, 2334144.375 ], [ 575859.6875, 2334137.8125 ], [ 575864.375, 2334131.25 ], [ 575875.625, 2334108.75 ], [ 575882.1875, 2334100.3125 ], [ 575888.75, 2334095.625 ], [ 575911.25, 2334084.375 ], [ 575919.6875, 2334077.8125 ], [ 575924.375, 2334071.25 ], [ 575937.03125, 2334046.40625 ], [ 575944.21875, 2334038.59375 ], [ 575975.78125, 2334021.40625 ], [ 575981.40625, 2334015.78125 ], [ 575987.1875, 2334006.5625 ], [ 575991.25, 2334003.125 ], [ 575996.5625, 2334000.9375 ], [ 576010.3125, 2333999.6875 ], [ 576016.25, 2333998.125 ], [ 576020.9375, 2333995.3125 ], [ 576027.1875, 2333986.5625 ], [ 576031.25, 2333983.125 ], [ 576036.5625, 2333980.9375 ], [ 576050.3125, 2333979.6875 ], [ 576056.25, 2333978.125 ], [ 576060.9375, 2333975.3125 ], [ 576067.1875, 2333966.5625 ], [ 576071.25, 2333963.125 ], [ 576076.5625, 2333960.9375 ], [ 576090.3125, 2333959.6875 ], [ 576098.75, 2333956.875 ], [ 576104.375, 2333951.25 ], [ 576135.625, 2333888.75 ], [ 576142.1875, 2333880.3125 ], [ 576148.75, 2333875.625 ], [ 576213.59375, 2333842.96875 ], [ 576219.6875, 2333837.8125 ], [ 576227.1875, 2333826.5625 ], [ 576231.25, 2333823.125 ], [ 576239.6875, 2333820.3125 ], [ 576253.4375, 2333819.0625 ], [ 576260.9375, 2333815.3125 ], [ 576264.375, 2333811.25 ], [ 576277.03125, 2333786.40625 ], [ 576282.1875, 2333780.3125 ], [ 576288.75, 2333775.625 ], [ 576313.59375, 2333762.96875 ], [ 576321.40625, 2333755.78125 ], [ 576324.375, 2333751.25 ], [ 576347.1875, 2333706.5625 ], [ 576353.75, 2333701.875 ], [ 576359.6875, 2333700.3125 ], [ 576370.15625, 2333699.53125 ], [ 576372.96875, 2333698.59375 ], [ 576377.1875, 2333695.3125 ], [ 576379.53125, 2333690.15625 ], [ 576380.9375, 2333676.5625 ], [ 576383.125, 2333671.25 ], [ 576386.5625, 2333667.1875 ], [ 576433.59375, 2333642.96875 ], [ 576439.6875, 2333637.8125 ], [ 576447.1875, 2333626.5625 ], [ 576451.25, 2333623.125 ], [ 576459.6875, 2333620.3125 ], [ 576473.4375, 2333619.0625 ], [ 576480.9375, 2333615.3125 ], [ 576484.375, 2333611.25 ], [ 576505.625, 2333568.75 ], [ 576509.0625, 2333564.6875 ], [ 576516.5625, 2333560.9375 ], [ 576537.1875, 2333559.0625 ], [ 576543.28125, 2333557.65625 ], [ 576551.25, 2333554.375 ], [ 576555.3125, 2333550.9375 ], [ 576558.125, 2333546.25 ], [ 576559.6875, 2333540.3125 ], [ 576560.46875, 2333529.84375 ], [ 576561.40625, 2333527.03125 ], [ 576564.6875, 2333522.8125 ], [ 576569.84375, 2333520.46875 ], [ 576583.4375, 2333519.0625 ], [ 576588.75, 2333516.875 ], [ 576592.8125, 2333513.4375 ], [ 576596.71875, 2333506.09375 ], [ 576599.53125, 2333493.90625 ], [ 576600.3125, 2333449.6875 ], [ 576601.875, 2333443.75 ], [ 576606.5625, 2333437.1875 ], [ 576673.59375, 2333402.96875 ], [ 576679.6875, 2333397.8125 ], [ 576687.1875, 2333386.5625 ], [ 576691.25, 2333383.125 ], [ 576696.5625, 2333380.9375 ], [ 576710.3125, 2333379.6875 ], [ 576716.25, 2333378.125 ], [ 576720.9375, 2333375.3125 ], [ 576727.1875, 2333366.5625 ], [ 576731.25, 2333363.125 ], [ 576739.6875, 2333360.3125 ], [ 576750.15625, 2333359.53125 ], [ 576755.3125, 2333357.1875 ], [ 576757.1875, 2333355.3125 ], [ 576759.53125, 2333350.15625 ], [ 576760.3125, 2333339.6875 ], [ 576763.125, 2333331.25 ], [ 576766.5625, 2333327.1875 ], [ 576777.8125, 2333319.6875 ], [ 576782.96875, 2333313.59375 ], [ 576805.625, 2333268.75 ], [ 576811.25, 2333263.125 ], [ 576819.6875, 2333260.3125 ], [ 576833.90625, 2333259.53125 ], [ 576846.09375, 2333256.71875 ], [ 576871.25, 2333244.375 ], [ 576875.78125, 2333241.40625 ], [ 576881.40625, 2333235.78125 ], [ 576887.1875, 2333226.5625 ], [ 576891.25, 2333223.125 ], [ 576899.6875, 2333220.3125 ], [ 576910.46875, 2333219.84375 ], [ 576920.3125, 2333218.4375 ], [ 576928.75, 2333215.625 ], [ 576933.4375, 2333212.8125 ], [ 576936.875, 2333208.75 ], [ 576939.0625, 2333203.4375 ], [ 576940.0, 2333196.875 ], [ 576940.3125, 2333159.6875 ], [ 576941.875, 2333153.75 ], [ 576946.5625, 2333147.1875 ], [ 576991.25, 2333124.375 ], [ 576997.8125, 2333119.6875 ], [ 577002.96875, 2333113.59375 ], [ 577015.625, 2333088.75 ], [ 577020.3125, 2333082.1875 ], [ 577026.40625, 2333077.03125 ], [ 577051.25, 2333064.375 ], [ 577057.8125, 2333059.6875 ], [ 577062.96875, 2333053.59375 ], [ 577075.625, 2333028.75 ], [ 577079.0625, 2333024.6875 ], [ 577086.5625, 2333020.9375 ], [ 577100.3125, 2333019.6875 ], [ 577108.75, 2333016.875 ], [ 577112.8125, 2333013.4375 ], [ 577120.3125, 2333002.1875 ], [ 577126.40625, 2332997.03125 ], [ 577193.59375, 2332962.96875 ], [ 577197.8125, 2332959.6875 ], [ 577202.96875, 2332953.59375 ], [ 577215.625, 2332928.75 ], [ 577220.3125, 2332922.1875 ], [ 577226.40625, 2332917.03125 ], [ 577251.25, 2332904.375 ], [ 577255.3125, 2332900.9375 ], [ 577258.125, 2332896.25 ], [ 577260.0, 2332886.875 ], [ 577260.0, 2332793.125 ], [ 577259.0625, 2332786.5625 ], [ 577256.875, 2332781.25 ], [ 577253.4375, 2332777.1875 ], [ 577244.6875, 2332770.9375 ], [ 577241.875, 2332766.25 ], [ 577240.3125, 2332760.3125 ], [ 577240.3125, 2332719.6875 ], [ 577241.875, 2332713.75 ], [ 577246.5625, 2332707.1875 ], [ 577253.90625, 2332703.28125 ], [ 577262.8125, 2332700.9375 ], [ 577273.125, 2332700.0 ], [ 577313.90625, 2332699.53125 ], [ 577323.28125, 2332697.65625 ], [ 577331.25, 2332694.375 ], [ 577335.3125, 2332690.9375 ], [ 577339.0625, 2332683.4375 ], [ 577340.9375, 2332662.8125 ], [ 577344.375, 2332651.25 ], [ 577347.1875, 2332646.5625 ], [ 577353.75, 2332641.875 ], [ 577363.125, 2332640.0 ], [ 577426.875, 2332640.0 ], [ 577432.96875, 2332641.40625 ], [ 577435.3125, 2332642.8125 ], [ 577438.59375, 2332647.03125 ], [ 577440.0, 2332653.125 ], [ 577440.3125, 2332690.3125 ], [ 577443.125, 2332698.75 ], [ 577448.75, 2332704.375 ], [ 577473.90625, 2332716.71875 ], [ 577479.6875, 2332718.4375 ], [ 577489.53125, 2332719.84375 ], [ 577556.875, 2332720.0 ], [ 577563.4375, 2332719.0625 ], [ 577570.9375, 2332715.3125 ], [ 577574.375, 2332711.25 ], [ 577576.71875, 2332706.09375 ], [ 577578.4375, 2332700.3125 ], [ 577579.84375, 2332690.46875 ], [ 577580.0, 2332623.125 ], [ 577579.0625, 2332616.5625 ], [ 577576.875, 2332611.25 ], [ 577571.25, 2332605.625 ], [ 577566.09375, 2332603.28125 ], [ 577557.1875, 2332600.9375 ], [ 577546.875, 2332600.0 ], [ 577509.84375, 2332599.53125 ], [ 577507.03125, 2332598.59375 ], [ 577502.8125, 2332595.3125 ], [ 577501.40625, 2332592.96875 ], [ 577500.0, 2332586.875 ], [ 577500.0, 2332553.125 ], [ 577501.40625, 2332547.03125 ], [ 577502.8125, 2332544.6875 ], [ 577507.03125, 2332541.40625 ], [ 577509.84375, 2332540.46875 ], [ 577523.4375, 2332539.0625 ], [ 577528.75, 2332536.875 ], [ 577532.8125, 2332533.4375 ], [ 577535.625, 2332528.75 ], [ 577538.4375, 2332520.3125 ], [ 577540.9375, 2332496.5625 ], [ 577543.125, 2332491.25 ], [ 577546.5625, 2332487.1875 ], [ 577551.25, 2332484.375 ], [ 577559.6875, 2332481.5625 ], [ 577566.09375, 2332480.46875 ], [ 577580.3125, 2332479.6875 ], [ 577586.25, 2332478.125 ], [ 577592.8125, 2332473.4375 ], [ 577599.0625, 2332464.6875 ], [ 577606.5625, 2332460.9375 ], [ 577613.125, 2332460.0 ], [ 577646.875, 2332460.0 ], [ 577656.25, 2332458.125 ], [ 577660.9375, 2332455.3125 ], [ 577664.375, 2332451.25 ], [ 577677.1875, 2332426.5625 ], [ 577681.25, 2332423.125 ], [ 577686.5625, 2332420.9375 ], [ 577693.125, 2332420.0 ], [ 577790.15625, 2332420.46875 ], [ 577795.3125, 2332422.8125 ], [ 577797.1875, 2332424.6875 ], [ 577799.53125, 2332429.84375 ], [ 577800.0, 2332466.875 ], [ 577801.875, 2332476.25 ], [ 577806.5625, 2332482.8125 ], [ 577815.3125, 2332489.0625 ], [ 577818.125, 2332493.75 ], [ 577819.6875, 2332499.6875 ], [ 577820.0, 2332596.875 ], [ 577821.875, 2332606.25 ], [ 577826.5625, 2332612.8125 ], [ 577831.25, 2332615.625 ], [ 577836.71875, 2332617.65625 ], [ 577849.53125, 2332619.84375 ], [ 577946.875, 2332620.0 ], [ 577953.4375, 2332619.0625 ], [ 577958.75, 2332616.875 ], [ 577962.8125, 2332613.4375 ], [ 577969.0625, 2332604.6875 ], [ 577976.5625, 2332600.9375 ], [ 577983.125, 2332600.0 ], [ 578020.3125, 2332599.6875 ], [ 578026.25, 2332598.125 ], [ 578030.9375, 2332595.3125 ], [ 578034.375, 2332591.25 ], [ 578037.65625, 2332583.28125 ], [ 578039.0625, 2332577.1875 ], [ 578040.0, 2332566.875 ], [ 578039.53125, 2332526.09375 ], [ 578036.71875, 2332513.90625 ], [ 578032.8125, 2332506.5625 ], [ 578028.75, 2332503.125 ], [ 578020.3125, 2332500.3125 ], [ 577953.125, 2332500.0 ], [ 577943.75, 2332498.125 ], [ 577939.0625, 2332495.3125 ], [ 577935.625, 2332491.25 ], [ 577924.375, 2332468.75 ], [ 577921.40625, 2332464.21875 ], [ 577915.78125, 2332458.59375 ], [ 577908.75, 2332454.375 ], [ 577904.6875, 2332450.9375 ], [ 577901.875, 2332446.25 ], [ 577900.3125, 2332440.3125 ], [ 577900.0, 2332403.125 ], [ 577901.875, 2332393.75 ], [ 577904.6875, 2332389.0625 ], [ 577913.4375, 2332382.8125 ], [ 577916.875, 2332378.75 ], [ 577919.0625, 2332373.4375 ], [ 577920.3125, 2332359.6875 ], [ 577921.875, 2332353.75 ], [ 577924.6875, 2332349.0625 ], [ 577933.4375, 2332342.8125 ], [ 577936.875, 2332338.75 ], [ 577939.0625, 2332333.4375 ], [ 577940.3125, 2332319.6875 ], [ 577941.875, 2332313.75 ], [ 577944.6875, 2332309.0625 ], [ 577953.4375, 2332302.8125 ], [ 577956.875, 2332298.75 ], [ 577959.0625, 2332293.4375 ], [ 577960.3125, 2332279.6875 ], [ 577963.125, 2332271.25 ], [ 577966.5625, 2332267.1875 ], [ 577977.8125, 2332259.6875 ], [ 577981.40625, 2332255.78125 ], [ 577987.1875, 2332246.5625 ], [ 577993.75, 2332241.875 ], [ 578003.125, 2332240.0 ], [ 578036.875, 2332240.0 ], [ 578043.4375, 2332240.9375 ], [ 578050.9375, 2332244.6875 ], [ 578054.375, 2332248.75 ], [ 578057.65625, 2332256.71875 ], [ 578059.53125, 2332266.09375 ], [ 578060.3125, 2332280.3125 ], [ 578063.125, 2332288.75 ], [ 578066.5625, 2332292.8125 ], [ 578073.59375, 2332297.03125 ], [ 578079.6875, 2332302.1875 ], [ 578089.0625, 2332315.3125 ], [ 578096.5625, 2332319.0625 ], [ 578103.125, 2332320.0 ], [ 578200.3125, 2332319.6875 ], [ 578206.25, 2332318.125 ], [ 578210.9375, 2332315.3125 ], [ 578217.1875, 2332306.5625 ], [ 578221.25, 2332303.125 ], [ 578226.5625, 2332300.9375 ], [ 578233.125, 2332300.0 ], [ 578270.46875, 2332300.15625 ], [ 578280.3125, 2332301.5625 ], [ 578288.75, 2332304.375 ], [ 578311.25, 2332315.625 ], [ 578315.3125, 2332319.0625 ], [ 578318.125, 2332323.75 ], [ 578320.0, 2332333.125 ], [ 578320.3125, 2332400.3125 ], [ 578323.125, 2332408.75 ], [ 578328.75, 2332414.375 ], [ 578336.71875, 2332417.65625 ], [ 578349.53125, 2332419.84375 ], [ 578390.46875, 2332419.84375 ], [ 578397.1875, 2332419.0625 ], [ 578406.09375, 2332416.71875 ], [ 578431.25, 2332404.375 ], [ 578439.6875, 2332401.5625 ], [ 578446.09375, 2332400.46875 ], [ 578456.875, 2332400.0 ], [ 578466.25, 2332401.875 ], [ 578470.9375, 2332404.6875 ], [ 578474.375, 2332408.75 ], [ 578495.625, 2332451.25 ], [ 578501.25, 2332456.875 ], [ 578506.5625, 2332459.0625 ], [ 578520.3125, 2332460.3125 ], [ 578528.75, 2332463.125 ], [ 578532.8125, 2332466.5625 ], [ 578538.59375, 2332475.78125 ], [ 578544.21875, 2332481.40625 ], [ 578548.75, 2332484.375 ], [ 578571.25, 2332495.625 ], [ 578576.71875, 2332497.65625 ], [ 578589.53125, 2332499.84375 ], [ 578633.90625, 2332500.46875 ], [ 578640.3125, 2332501.5625 ], [ 578648.75, 2332504.375 ], [ 578673.59375, 2332517.03125 ], [ 578679.6875, 2332522.1875 ], [ 578689.0625, 2332535.3125 ], [ 578693.75, 2332538.125 ], [ 578699.6875, 2332539.6875 ], [ 578976.875, 2332540.0 ], [ 578983.4375, 2332539.0625 ], [ 578988.75, 2332536.875 ], [ 578992.8125, 2332533.4375 ], [ 578997.1875, 2332526.5625 ], [ 579001.25, 2332523.125 ], [ 579006.5625, 2332520.9375 ], [ 579013.125, 2332520.0 ], [ 579286.875, 2332520.0 ], [ 579293.90625, 2332519.53125 ], [ 579303.28125, 2332517.65625 ], [ 579333.90625, 2332503.28125 ], [ 579346.09375, 2332500.46875 ], [ 579476.875, 2332500.0 ], [ 579483.4375, 2332500.9375 ], [ 579490.9375, 2332504.6875 ], [ 579494.375, 2332508.75 ], [ 579507.1875, 2332533.4375 ], [ 579511.25, 2332536.875 ], [ 579519.6875, 2332539.6875 ], [ 579650.46875, 2332540.15625 ], [ 579657.1875, 2332540.9375 ], [ 579666.09375, 2332543.28125 ], [ 579693.90625, 2332556.71875 ], [ 579706.09375, 2332559.53125 ], [ 579840.3125, 2332560.3125 ], [ 579848.75, 2332563.125 ], [ 579852.8125, 2332566.5625 ], [ 579859.0625, 2332575.3125 ], [ 579866.5625, 2332579.0625 ], [ 579873.125, 2332580.0 ], [ 579910.46875, 2332580.15625 ], [ 579920.3125, 2332581.5625 ], [ 579928.75, 2332584.375 ], [ 579953.90625, 2332596.71875 ], [ 579966.09375, 2332599.53125 ], [ 580130.15625, 2332600.46875 ], [ 580135.3125, 2332602.8125 ], [ 580138.59375, 2332607.03125 ], [ 580139.53125, 2332609.84375 ], [ 580140.9375, 2332623.4375 ], [ 580143.125, 2332628.75 ], [ 580146.5625, 2332632.8125 ], [ 580153.59375, 2332637.03125 ], [ 580159.6875, 2332642.1875 ], [ 580169.0625, 2332655.3125 ], [ 580176.5625, 2332659.0625 ], [ 580190.3125, 2332660.3125 ], [ 580196.25, 2332661.875 ], [ 580200.9375, 2332664.6875 ], [ 580207.1875, 2332673.4375 ], [ 580211.25, 2332676.875 ], [ 580219.6875, 2332679.6875 ], [ 580230.15625, 2332680.46875 ], [ 580235.3125, 2332682.8125 ], [ 580237.1875, 2332684.6875 ], [ 580239.53125, 2332689.84375 ], [ 580240.3125, 2332700.3125 ], [ 580241.875, 2332706.25 ], [ 580244.6875, 2332710.9375 ], [ 580248.75, 2332714.375 ], [ 580256.71875, 2332717.65625 ], [ 580266.09375, 2332719.53125 ], [ 580306.875, 2332720.0 ], [ 580310.15625, 2332720.46875 ], [ 580315.3125, 2332722.8125 ], [ 580317.1875, 2332724.6875 ], [ 580319.53125, 2332729.84375 ], [ 580320.3125, 2332740.3125 ], [ 580323.125, 2332748.75 ], [ 580326.5625, 2332752.8125 ], [ 580335.78125, 2332758.59375 ], [ 580341.40625, 2332764.21875 ], [ 580358.59375, 2332795.78125 ], [ 580366.40625, 2332802.96875 ], [ 580395.78125, 2332818.59375 ], [ 580401.40625, 2332824.21875 ], [ 580407.1875, 2332833.4375 ], [ 580411.25, 2332836.875 ], [ 580416.5625, 2332839.0625 ], [ 580430.3125, 2332840.3125 ], [ 580436.25, 2332841.875 ], [ 580442.8125, 2332846.5625 ], [ 580449.0625, 2332855.3125 ], [ 580453.75, 2332858.125 ], [ 580459.6875, 2332859.6875 ], [ 580556.875, 2332860.0 ], [ 580563.4375, 2332860.9375 ], [ 580570.9375, 2332864.6875 ], [ 580574.375, 2332868.75 ], [ 580578.59375, 2332875.78125 ], [ 580586.40625, 2332882.96875 ], [ 580613.90625, 2332896.71875 ], [ 580619.6875, 2332898.4375 ], [ 580629.53125, 2332899.84375 ], [ 580666.875, 2332900.0 ], [ 580673.90625, 2332899.53125 ], [ 580683.28125, 2332897.65625 ], [ 580713.90625, 2332883.28125 ], [ 580726.09375, 2332880.46875 ], [ 580856.875, 2332880.0 ], [ 580863.4375, 2332879.0625 ], [ 580870.9375, 2332875.3125 ], [ 580874.375, 2332871.25 ], [ 580878.59375, 2332864.21875 ], [ 580884.21875, 2332858.59375 ], [ 580913.59375, 2332842.96875 ], [ 580919.6875, 2332837.8125 ], [ 580929.0625, 2332824.6875 ], [ 580933.75, 2332821.875 ], [ 580939.6875, 2332820.3125 ], [ 580950.46875, 2332820.15625 ], [ 580963.28125, 2332822.34375 ], [ 580968.75, 2332824.375 ], [ 580991.25, 2332835.625 ], [ 581002.8125, 2332839.0625 ], [ 581013.125, 2332840.0 ], [ 581046.875, 2332840.0 ], [ 581053.4375, 2332840.9375 ], [ 581060.9375, 2332844.6875 ], [ 581069.0625, 2332855.3125 ], [ 581073.75, 2332858.125 ], [ 581079.6875, 2332859.6875 ], [ 581206.875, 2332860.0 ], [ 581217.1875, 2332859.0625 ], [ 581226.09375, 2332856.71875 ], [ 581256.71875, 2332842.34375 ], [ 581266.09375, 2332840.46875 ], [ 581280.3125, 2332839.6875 ], [ 581286.25, 2332838.125 ], [ 581292.8125, 2332833.4375 ], [ 581299.0625, 2332824.6875 ], [ 581306.5625, 2332820.9375 ], [ 581313.125, 2332820.0 ], [ 581346.875, 2332820.0 ], [ 581356.25, 2332818.125 ], [ 581362.8125, 2332813.4375 ], [ 581369.0625, 2332804.6875 ], [ 581373.75, 2332801.875 ], [ 581379.6875, 2332800.3125 ], [ 581566.875, 2332800.0 ], [ 581577.1875, 2332799.0625 ], [ 581588.75, 2332795.625 ], [ 581595.3125, 2332790.9375 ], [ 581599.0625, 2332783.4375 ], [ 581600.9375, 2332762.8125 ], [ 581604.375, 2332751.25 ], [ 581609.0625, 2332744.6875 ], [ 581613.75, 2332741.875 ], [ 581619.6875, 2332740.3125 ], [ 581686.875, 2332740.0 ], [ 581693.4375, 2332740.9375 ], [ 581698.75, 2332743.125 ], [ 581704.375, 2332748.75 ], [ 581725.625, 2332791.25 ], [ 581731.25, 2332796.875 ], [ 581736.5625, 2332799.0625 ], [ 581743.125, 2332800.0 ], [ 581806.875, 2332800.0 ], [ 581813.4375, 2332799.0625 ], [ 581818.75, 2332796.875 ], [ 581822.8125, 2332793.4375 ], [ 581827.1875, 2332786.5625 ], [ 581833.75, 2332781.875 ], [ 581839.6875, 2332780.3125 ], [ 581850.3125, 2332779.6875 ], [ 581858.75, 2332776.875 ], [ 581862.8125, 2332773.4375 ], [ 581869.0625, 2332764.6875 ], [ 581876.5625, 2332760.9375 ], [ 581883.125, 2332760.0 ], [ 581946.875, 2332760.0 ], [ 581953.4375, 2332759.0625 ], [ 581960.9375, 2332755.3125 ], [ 581967.1875, 2332746.5625 ], [ 581973.75, 2332741.875 ], [ 581983.125, 2332740.0 ], [ 582016.875, 2332740.0 ], [ 582023.4375, 2332739.0625 ], [ 582030.9375, 2332735.3125 ], [ 582039.0625, 2332724.6875 ], [ 582043.75, 2332721.875 ], [ 582049.6875, 2332720.3125 ], [ 582266.875, 2332720.0 ], [ 582280.3125, 2332718.4375 ], [ 582288.75, 2332715.625 ], [ 582311.25, 2332704.375 ], [ 582315.3125, 2332700.9375 ], [ 582318.125, 2332696.25 ], [ 582319.6875, 2332690.3125 ], [ 582320.0, 2332653.125 ], [ 582321.875, 2332643.75 ], [ 582324.6875, 2332639.0625 ], [ 582328.75, 2332635.625 ], [ 582353.90625, 2332623.28125 ], [ 582362.8125, 2332620.9375 ], [ 582373.125, 2332620.0 ], [ 582526.875, 2332620.0 ], [ 582537.1875, 2332619.0625 ], [ 582548.75, 2332615.625 ], [ 582653.90625, 2332563.28125 ], [ 582662.8125, 2332560.9375 ], [ 582680.3125, 2332559.6875 ], [ 582686.25, 2332558.125 ], [ 582692.8125, 2332553.4375 ], [ 582699.0625, 2332544.6875 ], [ 582706.5625, 2332540.9375 ], [ 582713.125, 2332540.0 ], [ 582866.875, 2332540.0 ], [ 582873.4375, 2332539.0625 ], [ 582880.9375, 2332535.3125 ], [ 582887.1875, 2332526.5625 ], [ 582891.25, 2332523.125 ], [ 582899.6875, 2332520.3125 ], [ 582913.4375, 2332519.0625 ], [ 582920.9375, 2332515.3125 ], [ 582924.375, 2332511.25 ], [ 582937.03125, 2332486.40625 ], [ 582940.3125, 2332482.1875 ], [ 582946.40625, 2332477.03125 ], [ 583013.90625, 2332443.28125 ], [ 583026.09375, 2332440.46875 ], [ 583070.46875, 2332439.84375 ], [ 583077.1875, 2332439.0625 ], [ 583086.09375, 2332436.71875 ], [ 583111.25, 2332424.375 ], [ 583115.78125, 2332421.40625 ], [ 583121.40625, 2332415.78125 ], [ 583127.1875, 2332406.5625 ], [ 583131.25, 2332403.125 ], [ 583136.5625, 2332400.9375 ], [ 583150.3125, 2332399.6875 ], [ 583156.25, 2332398.125 ], [ 583162.8125, 2332393.4375 ], [ 583169.0625, 2332384.6875 ], [ 583176.5625, 2332380.9375 ], [ 583183.125, 2332380.0 ], [ 583280.3125, 2332379.6875 ], [ 583288.75, 2332376.875 ], [ 583292.8125, 2332373.4375 ], [ 583299.0625, 2332364.6875 ], [ 583303.75, 2332361.875 ], [ 583309.6875, 2332360.3125 ], [ 583616.875, 2332360.0 ], [ 583623.4375, 2332360.9375 ], [ 583628.75, 2332363.125 ], [ 583632.8125, 2332366.5625 ], [ 583639.0625, 2332375.3125 ], [ 583643.75, 2332378.125 ], [ 583649.6875, 2332379.6875 ], [ 583746.875, 2332380.0 ], [ 583753.4375, 2332379.0625 ], [ 583758.75, 2332376.875 ], [ 583762.8125, 2332373.4375 ], [ 583769.0625, 2332364.6875 ], [ 583773.75, 2332361.875 ], [ 583779.6875, 2332360.3125 ], [ 583876.875, 2332360.0 ], [ 583883.4375, 2332360.9375 ], [ 583888.75, 2332363.125 ], [ 583892.8125, 2332366.5625 ], [ 583899.0625, 2332375.3125 ], [ 583906.5625, 2332379.0625 ], [ 583913.125, 2332380.0 ], [ 584006.875, 2332380.0 ], [ 584017.1875, 2332380.9375 ], [ 584026.09375, 2332383.28125 ], [ 584051.25, 2332395.625 ], [ 584059.6875, 2332398.4375 ], [ 584069.53125, 2332399.84375 ], [ 584106.875, 2332400.0 ], [ 584113.4375, 2332400.9375 ], [ 584120.9375, 2332404.6875 ], [ 584127.1875, 2332413.4375 ], [ 584131.25, 2332416.875 ], [ 584136.5625, 2332419.0625 ], [ 584143.125, 2332420.0 ], [ 584356.875, 2332420.0 ], [ 584363.4375, 2332419.0625 ], [ 584368.75, 2332416.875 ], [ 584372.8125, 2332413.4375 ], [ 584379.0625, 2332404.6875 ], [ 584383.75, 2332401.875 ], [ 584389.6875, 2332400.3125 ], [ 584490.3125, 2332399.6875 ], [ 584498.75, 2332396.875 ], [ 584502.8125, 2332393.4375 ], [ 584509.0625, 2332384.6875 ], [ 584516.5625, 2332380.9375 ], [ 584523.125, 2332380.0 ], [ 584556.875, 2332380.0 ], [ 584566.25, 2332378.125 ], [ 584572.8125, 2332373.4375 ], [ 584579.0625, 2332364.6875 ], [ 584586.5625, 2332360.9375 ], [ 584593.125, 2332360.0 ], [ 584660.3125, 2332359.6875 ], [ 584668.75, 2332356.875 ], [ 584672.8125, 2332353.4375 ], [ 584679.0625, 2332344.6875 ], [ 584686.5625, 2332340.9375 ], [ 584693.125, 2332340.0 ], [ 584756.875, 2332340.0 ], [ 584763.4375, 2332339.0625 ], [ 584770.9375, 2332335.3125 ], [ 584777.1875, 2332326.5625 ], [ 584781.25, 2332323.125 ], [ 584786.5625, 2332320.9375 ], [ 584800.3125, 2332319.6875 ], [ 584806.25, 2332318.125 ], [ 584810.9375, 2332315.3125 ], [ 584817.1875, 2332306.5625 ], [ 584821.25, 2332303.125 ], [ 584826.5625, 2332300.9375 ], [ 584840.3125, 2332299.6875 ], [ 584846.25, 2332298.125 ], [ 584850.9375, 2332295.3125 ], [ 584857.1875, 2332286.5625 ], [ 584861.25, 2332283.125 ], [ 584866.5625, 2332280.9375 ], [ 584880.3125, 2332279.6875 ], [ 584886.25, 2332278.125 ], [ 584892.8125, 2332273.4375 ], [ 584899.0625, 2332264.6875 ], [ 584906.5625, 2332260.9375 ], [ 584913.125, 2332260.0 ], [ 584976.875, 2332260.0 ], [ 584986.25, 2332258.125 ], [ 584990.9375, 2332255.3125 ], [ 584994.375, 2332251.25 ], [ 584998.4375, 2332240.3125 ], [ 585000.0, 2332226.875 ], [ 585000.0, 2332193.125 ], [ 585000.9375, 2332186.5625 ], [ 585003.125, 2332181.25 ], [ 585008.75, 2332175.625 ], [ 585033.90625, 2332163.28125 ], [ 585042.8125, 2332160.9375 ], [ 585053.125, 2332160.0 ], [ 585210.3125, 2332159.6875 ], [ 585216.25, 2332158.125 ], [ 585220.9375, 2332155.3125 ], [ 585227.1875, 2332146.5625 ], [ 585233.75, 2332141.875 ], [ 585239.6875, 2332140.3125 ], [ 585250.3125, 2332139.6875 ], [ 585258.75, 2332136.875 ], [ 585262.8125, 2332133.4375 ], [ 585267.1875, 2332126.5625 ], [ 585273.75, 2332121.875 ], [ 585279.6875, 2332120.3125 ], [ 585290.46875, 2332119.84375 ], [ 585300.3125, 2332118.4375 ], [ 585308.75, 2332115.625 ], [ 585331.25, 2332104.375 ], [ 585336.71875, 2332102.34375 ], [ 585346.09375, 2332100.46875 ], [ 585360.3125, 2332099.6875 ], [ 585368.75, 2332096.875 ], [ 585372.8125, 2332093.4375 ], [ 585380.3125, 2332082.1875 ], [ 585386.40625, 2332077.03125 ], [ 585491.25, 2332024.375 ], [ 585499.6875, 2332017.8125 ], [ 585504.375, 2332011.25 ], [ 585516.71875, 2331986.09375 ], [ 585519.53125, 2331973.90625 ], [ 585520.3125, 2331959.6875 ], [ 585523.125, 2331951.25 ], [ 585528.75, 2331945.625 ], [ 585571.25, 2331924.375 ], [ 585575.3125, 2331920.9375 ], [ 585579.0625, 2331913.4375 ], [ 585580.3125, 2331899.6875 ], [ 585583.125, 2331891.25 ], [ 585586.5625, 2331887.1875 ], [ 585595.78125, 2331881.40625 ], [ 585601.40625, 2331875.78125 ], [ 585604.375, 2331871.25 ], [ 585615.625, 2331848.75 ], [ 585621.25, 2331843.125 ], [ 585626.5625, 2331840.9375 ], [ 585640.3125, 2331839.6875 ], [ 585646.25, 2331838.125 ], [ 585650.9375, 2331835.3125 ], [ 585657.1875, 2331826.5625 ], [ 585661.25, 2331823.125 ], [ 585666.5625, 2331820.9375 ], [ 585680.3125, 2331819.6875 ], [ 585686.25, 2331818.125 ], [ 585690.9375, 2331815.3125 ], [ 585697.1875, 2331806.5625 ], [ 585703.75, 2331801.875 ], [ 585713.125, 2331800.0 ], [ 585746.875, 2331800.0 ], [ 585760.3125, 2331798.4375 ], [ 585768.75, 2331795.625 ], [ 585793.59375, 2331782.96875 ], [ 585797.8125, 2331779.6875 ], [ 585802.96875, 2331773.59375 ], [ 585818.59375, 2331744.21875 ], [ 585824.21875, 2331738.59375 ], [ 585833.4375, 2331732.8125 ], [ 585836.875, 2331728.75 ], [ 585839.6875, 2331720.3125 ], [ 585840.46875, 2331709.84375 ], [ 585842.8125, 2331704.6875 ], [ 585844.6875, 2331702.8125 ], [ 585849.84375, 2331700.46875 ], [ 585860.3125, 2331699.6875 ], [ 585868.75, 2331696.875 ], [ 585872.8125, 2331693.4375 ], [ 585877.03125, 2331686.40625 ], [ 585882.1875, 2331680.3125 ], [ 585888.75, 2331675.625 ], [ 585911.25, 2331664.375 ], [ 585915.78125, 2331661.40625 ], [ 585921.40625, 2331655.78125 ], [ 585927.1875, 2331646.5625 ], [ 585933.75, 2331641.875 ], [ 585943.125, 2331640.0 ], [ 586006.875, 2331640.0 ], [ 586017.1875, 2331639.0625 ], [ 586028.75, 2331635.625 ], [ 586051.25, 2331624.375 ], [ 586056.71875, 2331622.34375 ], [ 586066.09375, 2331620.46875 ], [ 586083.4375, 2331619.0625 ], [ 586090.9375, 2331615.3125 ], [ 586100.3125, 2331602.1875 ], [ 586104.21875, 2331598.59375 ], [ 586113.4375, 2331592.8125 ], [ 586116.875, 2331588.75 ], [ 586119.6875, 2331580.3125 ], [ 586120.46875, 2331566.09375 ], [ 586123.28125, 2331553.90625 ], [ 586157.03125, 2331486.40625 ], [ 586160.3125, 2331482.1875 ], [ 586166.40625, 2331477.03125 ], [ 586195.78125, 2331461.40625 ], [ 586201.40625, 2331455.78125 ], [ 586207.1875, 2331446.5625 ], [ 586211.25, 2331443.125 ], [ 586219.6875, 2331440.3125 ], [ 586233.90625, 2331440.46875 ], [ 586246.09375, 2331443.28125 ], [ 586251.25, 2331445.625 ], [ 586255.3125, 2331449.0625 ], [ 586258.125, 2331453.75 ], [ 586259.6875, 2331459.6875 ], [ 586260.0, 2331496.875 ], [ 586260.9375, 2331503.4375 ], [ 586264.6875, 2331510.9375 ], [ 586271.25, 2331515.625 ], [ 586279.6875, 2331518.4375 ], [ 586293.125, 2331520.0 ], [ 586386.875, 2331520.0 ], [ 586393.4375, 2331519.0625 ], [ 586400.9375, 2331515.3125 ], [ 586407.1875, 2331506.5625 ], [ 586413.75, 2331501.875 ], [ 586423.125, 2331500.0 ], [ 586456.875, 2331500.0 ], [ 586463.4375, 2331499.0625 ], [ 586470.9375, 2331495.3125 ], [ 586477.1875, 2331486.5625 ], [ 586483.75, 2331481.875 ], [ 586489.6875, 2331480.3125 ], [ 586500.3125, 2331479.6875 ], [ 586508.75, 2331476.875 ], [ 586512.8125, 2331473.4375 ], [ 586520.3125, 2331462.1875 ], [ 586526.40625, 2331457.03125 ], [ 586573.4375, 2331432.8125 ], [ 586578.125, 2331426.25 ], [ 586579.6875, 2331420.3125 ], [ 586580.46875, 2331409.84375 ], [ 586581.40625, 2331407.03125 ], [ 586584.6875, 2331402.8125 ], [ 586589.84375, 2331400.46875 ], [ 586600.3125, 2331399.6875 ], [ 586608.75, 2331396.875 ], [ 586612.8125, 2331393.4375 ], [ 586619.0625, 2331384.6875 ], [ 586626.5625, 2331380.9375 ], [ 586633.125, 2331380.0 ], [ 586666.875, 2331380.0 ], [ 586672.96875, 2331378.59375 ], [ 586675.3125, 2331377.1875 ], [ 586678.59375, 2331372.96875 ], [ 586680.0, 2331366.875 ], [ 586680.3125, 2331359.6875 ], [ 586681.875, 2331353.75 ], [ 586684.6875, 2331349.0625 ], [ 586688.75, 2331345.625 ], [ 586699.6875, 2331341.5625 ], [ 586706.09375, 2331340.46875 ], [ 586720.3125, 2331339.6875 ], [ 586726.25, 2331338.125 ], [ 586730.9375, 2331335.3125 ], [ 586737.1875, 2331326.5625 ], [ 586741.25, 2331323.125 ], [ 586749.6875, 2331320.3125 ], [ 586763.4375, 2331319.0625 ], [ 586770.9375, 2331315.3125 ], [ 586780.3125, 2331302.1875 ], [ 586784.21875, 2331298.59375 ], [ 586793.4375, 2331292.8125 ], [ 586796.875, 2331288.75 ], [ 586799.6875, 2331280.3125 ], [ 586800.46875, 2331269.84375 ], [ 586802.8125, 2331264.6875 ], [ 586804.6875, 2331262.8125 ], [ 586809.84375, 2331260.46875 ], [ 586820.3125, 2331259.6875 ], [ 586826.25, 2331258.125 ], [ 586832.8125, 2331253.4375 ], [ 586877.03125, 2331166.40625 ], [ 586880.3125, 2331162.1875 ], [ 586886.40625, 2331157.03125 ], [ 586911.25, 2331144.375 ], [ 586915.3125, 2331140.9375 ], [ 586919.0625, 2331133.4375 ], [ 586920.3125, 2331119.6875 ], [ 586923.125, 2331111.25 ], [ 586926.5625, 2331107.1875 ], [ 586935.78125, 2331101.40625 ], [ 586941.40625, 2331095.78125 ], [ 586944.375, 2331091.25 ], [ 586955.625, 2331068.75 ], [ 586960.3125, 2331062.1875 ], [ 586966.40625, 2331057.03125 ], [ 586991.25, 2331044.375 ], [ 586997.8125, 2331039.6875 ], [ 587002.96875, 2331033.59375 ], [ 587015.625, 2331008.75 ], [ 587020.3125, 2331002.1875 ], [ 587026.40625, 2330997.03125 ], [ 587051.25, 2330984.375 ], [ 587057.8125, 2330979.6875 ], [ 587062.96875, 2330973.59375 ], [ 587075.625, 2330948.75 ], [ 587080.3125, 2330942.1875 ], [ 587086.40625, 2330937.03125 ], [ 587111.25, 2330924.375 ], [ 587117.8125, 2330919.6875 ], [ 587122.96875, 2330913.59375 ], [ 587135.625, 2330888.75 ], [ 587142.1875, 2330880.3125 ], [ 587148.75, 2330875.625 ], [ 587171.25, 2330864.375 ], [ 587175.78125, 2330861.40625 ], [ 587181.40625, 2330855.78125 ], [ 587187.1875, 2330846.5625 ], [ 587191.25, 2330843.125 ], [ 587199.6875, 2330840.3125 ], [ 587213.4375, 2330839.0625 ], [ 587220.9375, 2330835.3125 ], [ 587224.375, 2330831.25 ], [ 587237.03125, 2330806.40625 ], [ 587244.21875, 2330798.59375 ], [ 587248.75, 2330795.625 ], [ 587313.59375, 2330762.96875 ], [ 587319.6875, 2330757.8125 ], [ 587327.1875, 2330746.5625 ], [ 587331.25, 2330743.125 ], [ 587336.5625, 2330740.9375 ], [ 587343.125, 2330740.0 ], [ 587376.875, 2330740.0 ], [ 587383.4375, 2330739.0625 ], [ 587390.9375, 2330735.3125 ], [ 587399.0625, 2330724.6875 ], [ 587406.5625, 2330720.9375 ], [ 587413.125, 2330720.0 ], [ 587446.875, 2330720.0 ], [ 587450.15625, 2330719.53125 ], [ 587455.3125, 2330717.1875 ], [ 587457.1875, 2330715.3125 ], [ 587459.53125, 2330710.15625 ], [ 587460.3125, 2330699.6875 ], [ 587463.125, 2330691.25 ], [ 587468.75, 2330685.625 ], [ 587491.25, 2330674.375 ], [ 587495.3125, 2330670.9375 ], [ 587499.0625, 2330663.4375 ], [ 587500.46875, 2330649.84375 ], [ 587501.40625, 2330647.03125 ], [ 587504.6875, 2330642.8125 ], [ 587509.84375, 2330640.46875 ], [ 587520.3125, 2330639.6875 ], [ 587528.75, 2330636.875 ], [ 587532.8125, 2330633.4375 ], [ 587538.59375, 2330624.21875 ], [ 587544.21875, 2330618.59375 ], [ 587575.78125, 2330601.40625 ], [ 587582.96875, 2330593.59375 ], [ 587595.625, 2330568.75 ], [ 587600.3125, 2330562.1875 ], [ 587606.40625, 2330557.03125 ], [ 587631.25, 2330544.375 ], [ 587635.3125, 2330540.9375 ], [ 587638.125, 2330536.25 ], [ 587639.6875, 2330530.3125 ], [ 587640.3125, 2330489.6875 ], [ 587641.875, 2330483.75 ], [ 587644.6875, 2330479.0625 ], [ 587648.75, 2330475.625 ], [ 587673.59375, 2330462.96875 ], [ 587679.6875, 2330457.8125 ], [ 587684.375, 2330451.25 ], [ 587695.625, 2330428.75 ], [ 587698.59375, 2330424.21875 ], [ 587704.21875, 2330418.59375 ], [ 587713.4375, 2330412.8125 ], [ 587716.875, 2330408.75 ], [ 587719.6875, 2330400.3125 ], [ 587720.9375, 2330386.5625 ], [ 587724.6875, 2330379.0625 ], [ 587728.75, 2330375.625 ], [ 587751.25, 2330364.375 ], [ 587755.3125, 2330360.9375 ], [ 587759.0625, 2330353.4375 ], [ 587760.3125, 2330339.6875 ], [ 587763.125, 2330331.25 ], [ 587766.5625, 2330327.1875 ], [ 587777.8125, 2330319.6875 ], [ 587782.96875, 2330313.59375 ], [ 587815.625, 2330248.75 ], [ 587818.59375, 2330244.21875 ], [ 587826.40625, 2330237.03125 ], [ 587851.25, 2330224.375 ], [ 587859.6875, 2330217.8125 ], [ 587864.375, 2330211.25 ], [ 587875.625, 2330188.75 ], [ 587878.59375, 2330184.21875 ], [ 587884.21875, 2330178.59375 ], [ 587893.4375, 2330172.8125 ], [ 587896.875, 2330168.75 ], [ 587899.6875, 2330160.3125 ], [ 587900.46875, 2330149.84375 ], [ 587902.8125, 2330144.6875 ], [ 587904.6875, 2330142.8125 ], [ 587909.84375, 2330140.46875 ], [ 587920.3125, 2330139.6875 ], [ 587928.75, 2330136.875 ], [ 587932.8125, 2330133.4375 ], [ 587937.03125, 2330126.40625 ], [ 587942.1875, 2330120.3125 ], [ 587955.3125, 2330110.9375 ], [ 587959.0625, 2330103.4375 ], [ 587960.3125, 2330089.6875 ], [ 587963.125, 2330081.25 ], [ 587968.75, 2330075.625 ], [ 587991.25, 2330064.375 ], [ 587995.3125, 2330060.9375 ], [ 587999.0625, 2330053.4375 ], [ 588000.9375, 2330036.5625 ], [ 588003.125, 2330031.25 ], [ 588006.5625, 2330027.1875 ], [ 588031.25, 2330014.375 ], [ 588035.3125, 2330010.9375 ], [ 588039.0625, 2330003.4375 ], [ 588040.9375, 2329986.5625 ], [ 588044.6875, 2329979.0625 ], [ 588048.75, 2329975.625 ], [ 588073.59375, 2329962.96875 ], [ 588081.40625, 2329955.78125 ], [ 588084.375, 2329951.25 ], [ 588096.71875, 2329926.09375 ], [ 588099.53125, 2329913.90625 ], [ 588100.3125, 2329899.6875 ], [ 588103.125, 2329891.25 ], [ 588106.5625, 2329887.1875 ], [ 588113.59375, 2329882.96875 ], [ 588119.6875, 2329877.8125 ], [ 588124.375, 2329871.25 ], [ 588135.625, 2329848.75 ], [ 588138.59375, 2329844.21875 ], [ 588144.21875, 2329838.59375 ], [ 588153.4375, 2329832.8125 ], [ 588156.875, 2329828.75 ], [ 588159.6875, 2329820.3125 ], [ 588160.9375, 2329806.5625 ], [ 588164.6875, 2329799.0625 ], [ 588168.75, 2329795.625 ], [ 588191.25, 2329784.375 ], [ 588197.8125, 2329779.6875 ], [ 588204.375, 2329771.25 ], [ 588215.625, 2329748.75 ], [ 588218.59375, 2329744.21875 ], [ 588224.21875, 2329738.59375 ], [ 588231.25, 2329734.375 ], [ 588235.3125, 2329730.9375 ], [ 588239.0625, 2329723.4375 ], [ 588240.3125, 2329709.6875 ], [ 588243.125, 2329701.25 ], [ 588246.5625, 2329697.1875 ], [ 588253.4375, 2329692.8125 ], [ 588258.125, 2329686.25 ], [ 588259.6875, 2329680.3125 ], [ 588260.3125, 2329669.6875 ], [ 588263.125, 2329661.25 ], [ 588268.75, 2329655.625 ], [ 588291.25, 2329644.375 ], [ 588295.3125, 2329640.9375 ], [ 588299.0625, 2329633.4375 ], [ 588300.3125, 2329619.6875 ], [ 588303.125, 2329611.25 ], [ 588306.5625, 2329607.1875 ], [ 588317.8125, 2329599.6875 ], [ 588324.375, 2329591.25 ], [ 588335.625, 2329568.75 ], [ 588337.65625, 2329563.28125 ], [ 588339.53125, 2329553.90625 ], [ 588340.3125, 2329539.6875 ], [ 588341.875, 2329533.75 ], [ 588344.6875, 2329529.0625 ], [ 588353.4375, 2329522.8125 ], [ 588356.875, 2329518.75 ], [ 588359.0625, 2329513.4375 ], [ 588360.3125, 2329499.6875 ], [ 588361.875, 2329493.75 ], [ 588364.6875, 2329489.0625 ], [ 588373.4375, 2329482.8125 ], [ 588376.875, 2329478.75 ], [ 588379.0625, 2329473.4375 ], [ 588380.3125, 2329459.6875 ], [ 588381.875, 2329453.75 ], [ 588384.6875, 2329449.0625 ], [ 588393.4375, 2329442.8125 ], [ 588398.125, 2329436.25 ], [ 588400.0, 2329426.875 ], [ 588400.15625, 2329389.53125 ], [ 588400.9375, 2329382.8125 ], [ 588403.28125, 2329373.90625 ], [ 588415.625, 2329348.75 ], [ 588418.59375, 2329344.21875 ], [ 588424.21875, 2329338.59375 ], [ 588433.4375, 2329332.8125 ], [ 588438.125, 2329326.25 ], [ 588439.6875, 2329320.3125 ], [ 588440.15625, 2329309.53125 ], [ 588441.5625, 2329299.6875 ], [ 588444.375, 2329291.25 ], [ 588455.625, 2329268.75 ], [ 588457.65625, 2329263.28125 ], [ 588459.53125, 2329253.90625 ], [ 588460.3125, 2329239.6875 ], [ 588461.875, 2329233.75 ], [ 588464.6875, 2329229.0625 ], [ 588473.4375, 2329222.8125 ], [ 588478.125, 2329216.25 ], [ 588480.0, 2329206.875 ], [ 588480.0, 2329173.125 ], [ 588480.9375, 2329166.5625 ], [ 588484.6875, 2329159.0625 ], [ 588495.3125, 2329150.9375 ], [ 588498.125, 2329146.25 ], [ 588499.6875, 2329140.3125 ], [ 588500.0, 2329073.125 ], [ 588501.875, 2329063.75 ], [ 588506.5625, 2329057.1875 ], [ 588531.25, 2329044.375 ], [ 588535.3125, 2329040.9375 ], [ 588538.125, 2329036.25 ], [ 588540.0, 2329026.875 ], [ 588540.0, 2328993.125 ], [ 588540.9375, 2328986.5625 ], [ 588544.6875, 2328979.0625 ], [ 588553.4375, 2328972.8125 ], [ 588558.125, 2328966.25 ], [ 588559.6875, 2328960.3125 ], [ 588560.15625, 2328949.53125 ], [ 588561.5625, 2328939.6875 ], [ 588564.375, 2328931.25 ], [ 588575.625, 2328908.75 ], [ 588577.65625, 2328903.28125 ], [ 588579.53125, 2328893.90625 ], [ 588580.3125, 2328879.6875 ], [ 588581.875, 2328873.75 ], [ 588586.5625, 2328867.1875 ], [ 588595.3125, 2328860.9375 ], [ 588599.0625, 2328853.4375 ], [ 588600.0, 2328846.875 ], [ 588600.0, 2328813.125 ], [ 588600.9375, 2328806.5625 ], [ 588604.6875, 2328799.0625 ], [ 588613.4375, 2328792.8125 ], [ 588618.125, 2328786.25 ], [ 588620.0, 2328776.875 ], [ 588620.0, 2328743.125 ], [ 588620.9375, 2328736.5625 ], [ 588624.6875, 2328729.0625 ], [ 588635.3125, 2328720.9375 ], [ 588639.0625, 2328713.4375 ], [ 588640.0, 2328706.875 ], [ 588640.15625, 2328669.53125 ], [ 588642.34375, 2328656.71875 ], [ 588657.65625, 2328623.28125 ], [ 588659.53125, 2328613.90625 ], [ 588660.3125, 2328599.6875 ], [ 588661.875, 2328593.75 ], [ 588666.5625, 2328587.1875 ], [ 588675.3125, 2328580.9375 ], [ 588679.0625, 2328573.4375 ], [ 588680.0, 2328566.875 ], [ 588680.0, 2328533.125 ], [ 588680.9375, 2328522.8125 ], [ 588683.28125, 2328513.90625 ], [ 588695.625, 2328488.75 ], [ 588698.4375, 2328480.3125 ], [ 588699.84375, 2328470.46875 ], [ 588700.0, 2328433.125 ], [ 588700.9375, 2328426.5625 ], [ 588704.6875, 2328419.0625 ], [ 588713.4375, 2328412.8125 ], [ 588718.125, 2328406.25 ], [ 588720.0, 2328396.875 ], [ 588720.0, 2328363.125 ], [ 588720.9375, 2328356.5625 ], [ 588724.6875, 2328349.0625 ], [ 588735.3125, 2328340.9375 ], [ 588739.0625, 2328333.4375 ], [ 588740.0, 2328326.875 ], [ 588740.3125, 2328229.6875 ], [ 588743.125, 2328221.25 ], [ 588746.5625, 2328217.1875 ], [ 588755.3125, 2328210.9375 ], [ 588759.0625, 2328203.4375 ], [ 588760.0, 2328196.875 ], [ 588760.0, 2328163.125 ], [ 588761.875, 2328153.75 ], [ 588766.5625, 2328147.1875 ], [ 588775.3125, 2328140.9375 ], [ 588779.0625, 2328133.4375 ], [ 588780.0, 2328126.875 ], [ 588780.15625, 2328089.53125 ], [ 588780.9375, 2328082.8125 ], [ 588783.28125, 2328073.90625 ], [ 588795.625, 2328048.75 ], [ 588798.59375, 2328044.21875 ], [ 588804.21875, 2328038.59375 ], [ 588813.4375, 2328032.8125 ], [ 588816.875, 2328028.75 ], [ 588819.0625, 2328023.4375 ], [ 588820.3125, 2328009.6875 ], [ 588821.875, 2328003.75 ], [ 588824.6875, 2327999.0625 ], [ 588833.4375, 2327992.8125 ], [ 588836.875, 2327988.75 ], [ 588839.0625, 2327983.4375 ], [ 588840.3125, 2327969.6875 ], [ 588843.125, 2327961.25 ], [ 588848.75, 2327955.625 ], [ 588871.25, 2327944.375 ], [ 588876.875, 2327938.75 ], [ 588879.0625, 2327933.4375 ], [ 588880.3125, 2327919.6875 ], [ 588881.875, 2327913.75 ], [ 588884.6875, 2327909.0625 ], [ 588893.4375, 2327902.8125 ], [ 588896.875, 2327898.75 ], [ 588899.0625, 2327893.4375 ], [ 588900.3125, 2327879.6875 ], [ 588901.875, 2327873.75 ], [ 588906.5625, 2327867.1875 ], [ 588915.3125, 2327860.9375 ], [ 588919.0625, 2327853.4375 ], [ 588920.0, 2327846.875 ], [ 588920.15625, 2327809.53125 ], [ 588921.5625, 2327799.6875 ], [ 588924.375, 2327791.25 ], [ 588955.625, 2327728.75 ], [ 588958.59375, 2327724.21875 ], [ 588966.40625, 2327717.03125 ], [ 588995.78125, 2327701.40625 ], [ 588999.6875, 2327697.8125 ], [ 589004.375, 2327691.25 ], [ 589075.625, 2327548.75 ], [ 589079.0625, 2327537.1875 ], [ 589080.3125, 2327519.6875 ], [ 589081.875, 2327513.75 ], [ 589084.6875, 2327509.0625 ], [ 589093.4375, 2327502.8125 ], [ 589098.125, 2327496.25 ], [ 589100.0, 2327486.875 ], [ 589100.0, 2327453.125 ], [ 589100.9375, 2327446.5625 ], [ 589104.6875, 2327439.0625 ], [ 589115.3125, 2327430.9375 ], [ 589118.125, 2327426.25 ], [ 589119.6875, 2327420.3125 ], [ 589120.0, 2327353.125 ], [ 589120.9375, 2327346.5625 ], [ 589124.6875, 2327339.0625 ], [ 589135.3125, 2327330.9375 ], [ 589138.125, 2327326.25 ], [ 589139.6875, 2327320.3125 ], [ 589140.0, 2327163.125 ], [ 589141.875, 2327153.75 ], [ 589146.5625, 2327147.1875 ], [ 589153.59375, 2327142.96875 ], [ 589159.6875, 2327137.8125 ], [ 589167.1875, 2327126.5625 ], [ 589171.25, 2327123.125 ], [ 589176.5625, 2327120.9375 ], [ 589197.1875, 2327119.0625 ], [ 589208.75, 2327115.625 ], [ 589233.4375, 2327102.8125 ], [ 589236.875, 2327098.75 ], [ 589239.0625, 2327093.4375 ], [ 589240.0, 2327086.875 ], [ 589240.0, 2327053.125 ], [ 589240.9375, 2327046.5625 ], [ 589244.6875, 2327039.0625 ], [ 589253.4375, 2327032.8125 ], [ 589258.125, 2327026.25 ], [ 589259.6875, 2327020.3125 ], [ 589260.46875, 2327006.09375 ], [ 589262.34375, 2326996.71875 ], [ 589264.375, 2326991.25 ], [ 589275.625, 2326968.75 ], [ 589278.4375, 2326960.3125 ], [ 589280.0, 2326946.875 ], [ 589280.15625, 2326909.53125 ], [ 589282.34375, 2326896.71875 ], [ 589284.375, 2326891.25 ], [ 589316.71875, 2326826.09375 ], [ 589318.4375, 2326820.3125 ], [ 589319.84375, 2326810.46875 ], [ 589320.15625, 2326769.53125 ], [ 589322.34375, 2326756.71875 ], [ 589337.65625, 2326723.28125 ], [ 589339.53125, 2326713.90625 ], [ 589340.3125, 2326699.6875 ], [ 589341.875, 2326693.75 ], [ 589346.5625, 2326687.1875 ], [ 589355.3125, 2326680.9375 ], [ 589358.125, 2326676.25 ], [ 589359.6875, 2326670.3125 ], [ 589359.6875, 2326599.6875 ], [ 589356.875, 2326591.25 ], [ 589353.4375, 2326587.1875 ], [ 589344.6875, 2326580.9375 ], [ 589340.9375, 2326573.4375 ], [ 589340.0, 2326566.875 ], [ 589340.0, 2326533.125 ], [ 589341.875, 2326523.75 ], [ 589344.6875, 2326519.0625 ], [ 589348.75, 2326515.625 ], [ 589373.90625, 2326503.28125 ], [ 589379.6875, 2326501.5625 ], [ 589389.53125, 2326500.15625 ], [ 589426.875, 2326500.0 ], [ 589440.3125, 2326498.4375 ], [ 589448.75, 2326495.625 ], [ 589453.4375, 2326492.8125 ], [ 589456.875, 2326488.75 ], [ 589459.0625, 2326483.4375 ], [ 589460.0, 2326476.875 ], [ 589460.3125, 2326409.6875 ], [ 589463.125, 2326401.25 ], [ 589466.5625, 2326397.1875 ], [ 589475.3125, 2326390.9375 ], [ 589478.125, 2326386.25 ], [ 589479.6875, 2326380.3125 ], [ 589480.0, 2326313.125 ], [ 589481.5625, 2326299.6875 ], [ 589484.375, 2326291.25 ], [ 589495.625, 2326268.75 ], [ 589497.65625, 2326263.28125 ], [ 589499.53125, 2326253.90625 ], [ 589500.3125, 2326239.6875 ], [ 589501.875, 2326233.75 ], [ 589506.5625, 2326227.1875 ], [ 589515.3125, 2326220.9375 ], [ 589519.0625, 2326213.4375 ], [ 589520.0, 2326206.875 ], [ 589520.15625, 2326169.53125 ], [ 589522.34375, 2326156.71875 ], [ 589537.65625, 2326123.28125 ], [ 589539.53125, 2326113.90625 ], [ 589540.3125, 2326099.6875 ], [ 589541.875, 2326093.75 ], [ 589546.5625, 2326087.1875 ], [ 589555.3125, 2326080.9375 ], [ 589559.0625, 2326073.4375 ], [ 589560.0, 2326066.875 ], [ 589560.15625, 2326029.53125 ], [ 589561.5625, 2326019.6875 ], [ 589564.375, 2326011.25 ], [ 589575.625, 2325988.75 ], [ 589579.0625, 2325977.1875 ], [ 589580.0, 2325966.875 ], [ 589580.0, 2325933.125 ], [ 589581.5625, 2325919.6875 ], [ 589584.375, 2325911.25 ], [ 589595.625, 2325888.75 ], [ 589597.65625, 2325883.28125 ], [ 589599.53125, 2325873.90625 ], [ 589600.3125, 2325859.6875 ], [ 589601.875, 2325853.75 ], [ 589606.5625, 2325847.1875 ], [ 589615.3125, 2325840.9375 ], [ 589618.125, 2325836.25 ], [ 589619.6875, 2325830.3125 ], [ 589620.0, 2325643.125 ], [ 589620.9375, 2325636.5625 ], [ 589623.125, 2325631.25 ], [ 589626.5625, 2325627.1875 ], [ 589633.4375, 2325622.8125 ], [ 589636.875, 2325618.75 ], [ 589639.0625, 2325613.4375 ], [ 589640.0, 2325606.875 ], [ 589640.0, 2325393.125 ], [ 589640.9375, 2325382.8125 ], [ 589644.375, 2325371.25 ], [ 589655.625, 2325348.75 ], [ 589657.65625, 2325343.28125 ], [ 589659.53125, 2325333.90625 ], [ 589660.3125, 2325319.6875 ], [ 589661.875, 2325313.75 ], [ 589666.5625, 2325307.1875 ], [ 589675.3125, 2325300.9375 ], [ 589679.0625, 2325293.4375 ], [ 589680.0, 2325286.875 ], [ 589680.3125, 2325219.6875 ], [ 589683.125, 2325211.25 ], [ 589686.5625, 2325207.1875 ], [ 589695.3125, 2325200.9375 ], [ 589699.0625, 2325193.4375 ], [ 589700.0, 2325186.875 ], [ 589700.3125, 2325119.6875 ], [ 589703.125, 2325111.25 ], [ 589706.5625, 2325107.1875 ], [ 589715.3125, 2325100.9375 ], [ 589719.0625, 2325093.4375 ], [ 589720.0, 2325086.875 ], [ 589720.15625, 2325049.53125 ], [ 589722.34375, 2325036.71875 ], [ 589737.65625, 2325003.28125 ], [ 589739.53125, 2324993.90625 ], [ 589740.3125, 2324979.6875 ], [ 589741.875, 2324973.75 ], [ 589746.5625, 2324967.1875 ], [ 589755.3125, 2324960.9375 ], [ 589759.0625, 2324953.4375 ], [ 589760.0, 2324946.875 ], [ 589760.0, 2324853.125 ], [ 589761.5625, 2324839.6875 ], [ 589764.375, 2324831.25 ], [ 589796.71875, 2324766.09375 ], [ 589799.0625, 2324757.1875 ], [ 589800.3125, 2324739.6875 ], [ 589801.875, 2324733.75 ], [ 589804.6875, 2324729.0625 ], [ 589813.4375, 2324722.8125 ], [ 589818.125, 2324716.25 ], [ 589820.0, 2324706.875 ], [ 589820.15625, 2324669.53125 ], [ 589822.34375, 2324656.71875 ], [ 589837.65625, 2324623.28125 ], [ 589839.53125, 2324613.90625 ], [ 589840.3125, 2324599.6875 ], [ 589841.875, 2324593.75 ], [ 589844.6875, 2324589.0625 ], [ 589853.4375, 2324582.8125 ], [ 589856.875, 2324578.75 ], [ 589859.0625, 2324573.4375 ], [ 589860.3125, 2324559.6875 ], [ 589861.875, 2324553.75 ], [ 589864.6875, 2324549.0625 ], [ 589873.4375, 2324542.8125 ], [ 589878.125, 2324536.25 ], [ 589880.0, 2324526.875 ], [ 589880.0, 2324493.125 ], [ 589881.875, 2324483.75 ], [ 589884.6875, 2324479.0625 ], [ 589888.75, 2324475.625 ], [ 589931.25, 2324454.375 ], [ 589935.3125, 2324450.9375 ], [ 589939.0625, 2324443.4375 ], [ 589940.0, 2324436.875 ], [ 589940.46875, 2324366.09375 ], [ 589943.28125, 2324353.90625 ], [ 589955.625, 2324328.75 ], [ 589958.4375, 2324320.3125 ], [ 589959.84375, 2324310.46875 ], [ 589960.0, 2324273.125 ], [ 589960.9375, 2324266.5625 ], [ 589964.6875, 2324259.0625 ], [ 589973.4375, 2324252.8125 ], [ 589978.125, 2324246.25 ], [ 589979.6875, 2324240.3125 ], [ 589980.3125, 2324229.6875 ], [ 589983.125, 2324221.25 ], [ 589986.5625, 2324217.1875 ], [ 589993.4375, 2324212.8125 ], [ 589998.125, 2324206.25 ], [ 589999.6875, 2324200.3125 ], [ 590000.9375, 2324182.8125 ], [ 590003.28125, 2324173.90625 ], [ 590035.625, 2324108.75 ], [ 590038.4375, 2324100.3125 ], [ 590040.0, 2324086.875 ], [ 590040.0, 2323993.125 ], [ 590040.9375, 2323986.5625 ], [ 590044.6875, 2323979.0625 ], [ 590053.4375, 2323972.8125 ], [ 590058.125, 2323966.25 ], [ 590059.6875, 2323960.3125 ], [ 590060.9375, 2323942.8125 ], [ 590063.28125, 2323933.90625 ], [ 590097.03125, 2323866.40625 ], [ 590100.3125, 2323862.1875 ], [ 590106.40625, 2323857.03125 ], [ 590131.25, 2323844.375 ], [ 590136.875, 2323838.75 ], [ 590139.6875, 2323830.3125 ], [ 590140.0, 2323793.125 ], [ 590140.9375, 2323786.5625 ], [ 590143.125, 2323781.25 ], [ 590148.75, 2323775.625 ], [ 590171.25, 2323764.375 ], [ 590175.78125, 2323761.40625 ], [ 590179.6875, 2323757.8125 ], [ 590184.375, 2323751.25 ], [ 590216.71875, 2323686.09375 ], [ 590219.0625, 2323677.1875 ], [ 590220.3125, 2323659.6875 ], [ 590221.875, 2323653.75 ], [ 590224.6875, 2323649.0625 ], [ 590233.4375, 2323642.8125 ], [ 590238.125, 2323636.25 ], [ 590239.6875, 2323630.3125 ], [ 590240.3125, 2323619.6875 ], [ 590243.125, 2323611.25 ], [ 590246.5625, 2323607.1875 ], [ 590257.8125, 2323599.6875 ], [ 590264.375, 2323591.25 ], [ 590355.625, 2323408.75 ], [ 590362.1875, 2323400.3125 ], [ 590373.4375, 2323392.8125 ], [ 590376.875, 2323388.75 ], [ 590379.6875, 2323380.3125 ], [ 590380.9375, 2323366.5625 ], [ 590384.6875, 2323359.0625 ], [ 590388.75, 2323355.625 ], [ 590411.25, 2323344.375 ], [ 590417.8125, 2323339.6875 ], [ 590422.96875, 2323333.59375 ], [ 590435.625, 2323308.75 ], [ 590440.3125, 2323302.1875 ], [ 590446.40625, 2323297.03125 ], [ 590471.25, 2323284.375 ], [ 590475.3125, 2323280.9375 ], [ 590479.0625, 2323273.4375 ], [ 590480.3125, 2323259.6875 ], [ 590483.125, 2323251.25 ], [ 590486.5625, 2323247.1875 ], [ 590497.8125, 2323239.6875 ], [ 590502.96875, 2323233.59375 ], [ 590535.625, 2323168.75 ], [ 590538.59375, 2323164.21875 ], [ 590546.40625, 2323157.03125 ], [ 590571.25, 2323144.375 ], [ 590579.6875, 2323137.8125 ], [ 590584.375, 2323131.25 ], [ 590595.625, 2323108.75 ], [ 590602.1875, 2323100.3125 ], [ 590608.75, 2323095.625 ], [ 590631.25, 2323084.375 ], [ 590639.6875, 2323077.8125 ], [ 590644.375, 2323071.25 ], [ 590655.625, 2323048.75 ], [ 590662.1875, 2323040.3125 ], [ 590668.75, 2323035.625 ], [ 590691.25, 2323024.375 ], [ 590695.78125, 2323021.40625 ], [ 590701.40625, 2323015.78125 ], [ 590707.1875, 2323006.5625 ], [ 590711.25, 2323003.125 ], [ 590719.6875, 2323000.3125 ], [ 590733.4375, 2322999.0625 ], [ 590740.9375, 2322995.3125 ], [ 590744.375, 2322991.25 ], [ 590755.625, 2322968.75 ], [ 590761.25, 2322963.125 ], [ 590766.5625, 2322960.9375 ], [ 590780.3125, 2322959.6875 ], [ 590788.75, 2322956.875 ], [ 590792.8125, 2322953.4375 ], [ 590800.3125, 2322942.1875 ], [ 590806.40625, 2322937.03125 ], [ 590911.25, 2322884.375 ], [ 590915.3125, 2322880.9375 ], [ 590918.125, 2322876.25 ], [ 590920.0, 2322866.875 ], [ 590920.0, 2322803.125 ], [ 590921.875, 2322793.75 ], [ 590926.5625, 2322787.1875 ], [ 590935.78125, 2322781.40625 ], [ 590941.40625, 2322775.78125 ], [ 590944.375, 2322771.25 ], [ 590955.625, 2322748.75 ], [ 590959.0625, 2322744.6875 ], [ 590963.75, 2322741.875 ], [ 590973.125, 2322740.0 ], [ 591006.875, 2322740.0 ], [ 591016.25, 2322741.875 ], [ 591020.9375, 2322744.6875 ], [ 591024.375, 2322748.75 ], [ 591037.1875, 2322773.4375 ], [ 591041.25, 2322776.875 ], [ 591046.5625, 2322779.0625 ], [ 591053.125, 2322780.0 ], [ 591150.3125, 2322779.6875 ], [ 591156.25, 2322778.125 ], [ 591160.9375, 2322775.3125 ], [ 591167.1875, 2322766.5625 ], [ 591173.75, 2322761.875 ], [ 591179.6875, 2322760.3125 ], [ 591190.3125, 2322759.6875 ], [ 591198.75, 2322756.875 ], [ 591202.8125, 2322753.4375 ], [ 591207.1875, 2322746.5625 ], [ 591213.75, 2322741.875 ], [ 591223.125, 2322740.0 ], [ 591290.46875, 2322739.84375 ], [ 591303.28125, 2322737.65625 ], [ 591308.75, 2322735.625 ], [ 591411.25, 2322684.375 ], [ 591419.6875, 2322681.5625 ], [ 591433.125, 2322680.0 ], [ 591526.875, 2322680.0 ], [ 591533.4375, 2322679.0625 ], [ 591540.9375, 2322675.3125 ], [ 591547.1875, 2322666.5625 ], [ 591551.25, 2322663.125 ], [ 591556.5625, 2322660.9375 ], [ 591570.3125, 2322659.6875 ], [ 591576.25, 2322658.125 ], [ 591580.9375, 2322655.3125 ], [ 591587.1875, 2322646.5625 ], [ 591591.25, 2322643.125 ], [ 591596.5625, 2322640.9375 ], [ 591610.3125, 2322639.6875 ], [ 591616.25, 2322638.125 ], [ 591622.8125, 2322633.4375 ], [ 591629.0625, 2322624.6875 ], [ 591636.5625, 2322620.9375 ], [ 591643.125, 2322620.0 ], [ 591800.3125, 2322619.6875 ], [ 591806.25, 2322618.125 ], [ 591810.9375, 2322615.3125 ], [ 591817.1875, 2322606.5625 ], [ 591821.25, 2322603.125 ], [ 591826.5625, 2322600.9375 ], [ 591840.3125, 2322599.6875 ], [ 591846.25, 2322598.125 ], [ 591852.8125, 2322593.4375 ], [ 591859.0625, 2322584.6875 ], [ 591863.75, 2322581.875 ], [ 591869.6875, 2322580.3125 ], [ 592026.875, 2322580.0 ], [ 592033.90625, 2322579.53125 ], [ 592043.28125, 2322577.65625 ], [ 592048.75, 2322575.625 ], [ 592071.25, 2322564.375 ], [ 592077.8125, 2322559.6875 ], [ 592084.375, 2322551.25 ], [ 592095.625, 2322528.75 ], [ 592101.25, 2322523.125 ], [ 592106.5625, 2322520.9375 ], [ 592120.3125, 2322519.6875 ], [ 592126.25, 2322518.125 ], [ 592130.9375, 2322515.3125 ], [ 592137.1875, 2322506.5625 ], [ 592141.25, 2322503.125 ], [ 592146.5625, 2322500.9375 ], [ 592160.3125, 2322499.6875 ], [ 592166.25, 2322498.125 ], [ 592170.9375, 2322495.3125 ], [ 592177.1875, 2322486.5625 ], [ 592183.75, 2322481.875 ], [ 592193.125, 2322480.0 ], [ 592226.875, 2322480.0 ], [ 592236.25, 2322478.125 ], [ 592242.8125, 2322473.4375 ], [ 592255.625, 2322448.75 ], [ 592259.0625, 2322444.6875 ], [ 592263.75, 2322441.875 ], [ 592273.125, 2322440.0 ], [ 592306.875, 2322440.0 ], [ 592313.4375, 2322439.0625 ], [ 592318.75, 2322436.875 ], [ 592324.375, 2322431.25 ], [ 592335.625, 2322408.75 ], [ 592341.25, 2322403.125 ], [ 592346.5625, 2322400.9375 ], [ 592360.3125, 2322399.6875 ], [ 592366.25, 2322398.125 ], [ 592370.9375, 2322395.3125 ], [ 592377.1875, 2322386.5625 ], [ 592381.25, 2322383.125 ], [ 592386.5625, 2322380.9375 ], [ 592400.3125, 2322379.6875 ], [ 592408.75, 2322376.875 ], [ 592412.8125, 2322373.4375 ], [ 592420.3125, 2322362.1875 ], [ 592426.40625, 2322357.03125 ], [ 592491.25, 2322324.375 ], [ 592499.6875, 2322321.5625 ], [ 592513.125, 2322320.0 ], [ 592610.3125, 2322319.6875 ], [ 592616.25, 2322318.125 ], [ 592622.8125, 2322313.4375 ], [ 592635.625, 2322288.75 ], [ 592639.0625, 2322284.6875 ], [ 592643.75, 2322281.875 ], [ 592653.125, 2322280.0 ], [ 592716.875, 2322280.0 ], [ 592723.4375, 2322279.0625 ], [ 592728.75, 2322276.875 ], [ 592732.8125, 2322273.4375 ], [ 592738.59375, 2322264.21875 ], [ 592744.21875, 2322258.59375 ], [ 592748.75, 2322255.625 ], [ 592771.25, 2322244.375 ], [ 592776.875, 2322238.75 ], [ 592779.0625, 2322233.4375 ], [ 592780.0, 2322226.875 ], [ 592780.0, 2322193.125 ], [ 592781.5625, 2322179.6875 ], [ 592784.375, 2322171.25 ], [ 592795.625, 2322148.75 ], [ 592802.1875, 2322140.3125 ], [ 592808.75, 2322135.625 ], [ 592833.90625, 2322123.28125 ], [ 592846.09375, 2322120.46875 ], [ 592860.3125, 2322119.6875 ], [ 592868.75, 2322116.875 ], [ 592872.8125, 2322113.4375 ], [ 592877.03125, 2322106.40625 ], [ 592882.1875, 2322100.3125 ], [ 592888.75, 2322095.625 ], [ 592911.25, 2322084.375 ], [ 592915.78125, 2322081.40625 ], [ 592921.40625, 2322075.78125 ], [ 592927.1875, 2322066.5625 ], [ 592931.25, 2322063.125 ], [ 592939.6875, 2322060.3125 ], [ 592953.4375, 2322059.0625 ], [ 592960.9375, 2322055.3125 ], [ 592964.375, 2322051.25 ], [ 592975.625, 2322028.75 ], [ 592981.25, 2322023.125 ], [ 592986.5625, 2322020.9375 ], [ 593000.3125, 2322019.6875 ], [ 593006.25, 2322018.125 ], [ 593012.8125, 2322013.4375 ], [ 593019.0625, 2322004.6875 ], [ 593026.5625, 2322000.9375 ], [ 593033.125, 2322000.0 ], [ 593070.3125, 2321999.6875 ], [ 593076.25, 2321998.125 ], [ 593080.9375, 2321995.3125 ], [ 593084.375, 2321991.25 ], [ 593095.625, 2321968.75 ], [ 593100.3125, 2321962.1875 ], [ 593106.40625, 2321957.03125 ], [ 593131.25, 2321944.375 ], [ 593137.8125, 2321939.6875 ], [ 593142.96875, 2321933.59375 ], [ 593155.625, 2321908.75 ], [ 593159.0625, 2321904.6875 ], [ 593166.5625, 2321900.9375 ], [ 593183.4375, 2321899.0625 ], [ 593188.75, 2321896.875 ], [ 593192.8125, 2321893.4375 ], [ 593215.625, 2321848.75 ], [ 593218.59375, 2321844.21875 ], [ 593226.40625, 2321837.03125 ], [ 593251.25, 2321824.375 ], [ 593257.8125, 2321819.6875 ], [ 593262.96875, 2321813.59375 ], [ 593275.625, 2321788.75 ], [ 593279.0625, 2321784.6875 ], [ 593286.5625, 2321780.9375 ], [ 593300.3125, 2321779.6875 ], [ 593308.75, 2321776.875 ], [ 593312.8125, 2321773.4375 ], [ 593317.03125, 2321766.40625 ], [ 593322.1875, 2321760.3125 ], [ 593328.75, 2321755.625 ], [ 593351.25, 2321744.375 ], [ 593355.78125, 2321741.40625 ], [ 593361.40625, 2321735.78125 ], [ 593367.1875, 2321726.5625 ], [ 593371.25, 2321723.125 ], [ 593379.6875, 2321720.3125 ], [ 593393.4375, 2321719.0625 ], [ 593400.9375, 2321715.3125 ], [ 593404.375, 2321711.25 ], [ 593415.625, 2321688.75 ], [ 593420.3125, 2321682.1875 ], [ 593426.40625, 2321677.03125 ], [ 593451.25, 2321664.375 ], [ 593457.8125, 2321659.6875 ], [ 593462.96875, 2321653.59375 ], [ 593475.625, 2321628.75 ], [ 593480.3125, 2321622.1875 ], [ 593486.40625, 2321617.03125 ], [ 593511.25, 2321604.375 ], [ 593515.3125, 2321600.9375 ], [ 593518.125, 2321596.25 ], [ 593520.0, 2321586.875 ], [ 593520.0, 2321523.125 ], [ 593520.9375, 2321516.5625 ], [ 593524.6875, 2321509.0625 ], [ 593537.8125, 2321499.6875 ], [ 593541.40625, 2321495.78125 ], [ 593545.625, 2321488.75 ], [ 593549.0625, 2321484.6875 ], [ 593553.75, 2321481.875 ], [ 593563.125, 2321480.0 ], [ 593633.90625, 2321479.53125 ], [ 593646.09375, 2321476.71875 ], [ 593653.4375, 2321472.8125 ], [ 593658.125, 2321466.25 ], [ 593659.6875, 2321460.3125 ], [ 593660.9375, 2321446.5625 ], [ 593664.6875, 2321439.0625 ], [ 593668.75, 2321435.625 ], [ 593691.25, 2321424.375 ], [ 593697.8125, 2321419.6875 ], [ 593702.96875, 2321413.59375 ], [ 593715.625, 2321388.75 ], [ 593720.3125, 2321382.1875 ], [ 593726.40625, 2321377.03125 ], [ 593751.25, 2321364.375 ], [ 593757.8125, 2321359.6875 ], [ 593762.96875, 2321353.59375 ], [ 593775.625, 2321328.75 ], [ 593779.0625, 2321324.6875 ], [ 593786.5625, 2321320.9375 ], [ 593803.4375, 2321319.0625 ], [ 593810.9375, 2321315.3125 ], [ 593814.375, 2321311.25 ], [ 593835.625, 2321268.75 ], [ 593840.3125, 2321262.1875 ], [ 593848.75, 2321255.625 ], [ 593873.59375, 2321242.96875 ], [ 593879.6875, 2321237.8125 ], [ 593884.375, 2321231.25 ], [ 593935.625, 2321128.75 ], [ 593937.65625, 2321123.28125 ], [ 593939.53125, 2321113.90625 ], [ 593939.84375, 2321009.53125 ], [ 593939.0625, 2321002.8125 ], [ 593936.71875, 2320993.90625 ], [ 593924.375, 2320968.75 ], [ 593920.9375, 2320957.1875 ], [ 593920.0, 2320946.875 ], [ 593920.0, 2320913.125 ], [ 593921.875, 2320903.75 ], [ 593924.6875, 2320899.0625 ], [ 593933.4375, 2320892.8125 ], [ 593936.875, 2320888.75 ], [ 593939.6875, 2320880.3125 ], [ 593940.46875, 2320869.84375 ], [ 593941.40625, 2320867.03125 ], [ 593944.6875, 2320862.8125 ], [ 593947.03125, 2320861.40625 ], [ 593953.125, 2320860.0 ], [ 593990.46875, 2320859.84375 ], [ 594003.28125, 2320857.65625 ], [ 594011.25, 2320854.375 ], [ 594015.3125, 2320850.9375 ], [ 594018.125, 2320846.25 ], [ 594019.6875, 2320840.3125 ], [ 594019.6875, 2320769.6875 ], [ 594018.125, 2320763.75 ], [ 594015.3125, 2320759.0625 ], [ 594006.5625, 2320752.8125 ], [ 594003.125, 2320748.75 ], [ 594000.9375, 2320743.4375 ], [ 594000.0, 2320733.125 ], [ 594000.46875, 2320726.09375 ], [ 594002.34375, 2320716.71875 ], [ 594016.71875, 2320686.09375 ], [ 594019.53125, 2320673.90625 ], [ 594020.0, 2320543.125 ], [ 594019.0625, 2320536.5625 ], [ 594015.3125, 2320529.0625 ], [ 594002.1875, 2320519.6875 ], [ 593998.59375, 2320515.78125 ], [ 593992.8125, 2320506.5625 ], [ 593986.25, 2320501.875 ], [ 593976.875, 2320500.0 ], [ 593913.125, 2320500.0 ], [ 593902.8125, 2320499.0625 ], [ 593891.25, 2320495.625 ], [ 593868.75, 2320484.375 ], [ 593862.1875, 2320479.6875 ], [ 593855.625, 2320471.25 ], [ 593844.375, 2320448.75 ], [ 593840.9375, 2320437.1875 ], [ 593840.0, 2320426.875 ], [ 593840.0, 2320393.125 ], [ 593840.9375, 2320382.8125 ], [ 593844.375, 2320371.25 ], [ 593855.625, 2320348.75 ], [ 593859.0625, 2320344.6875 ], [ 593863.75, 2320341.875 ], [ 593873.125, 2320340.0 ], [ 593966.875, 2320340.0 ], [ 593972.96875, 2320338.59375 ], [ 593977.1875, 2320335.3125 ], [ 593978.59375, 2320332.96875 ], [ 593980.0, 2320326.875 ], [ 593980.0, 2320233.125 ], [ 593979.53125, 2320226.09375 ], [ 593977.65625, 2320216.71875 ], [ 593975.625, 2320211.25 ], [ 593972.8125, 2320206.5625 ], [ 593966.25, 2320201.875 ], [ 593960.3125, 2320200.3125 ], [ 593946.5625, 2320199.0625 ], [ 593939.0625, 2320195.3125 ], [ 593935.625, 2320191.25 ], [ 593924.375, 2320168.75 ], [ 593920.9375, 2320157.1875 ], [ 593920.0, 2320143.125 ], [ 593921.875, 2320133.75 ], [ 593924.6875, 2320129.0625 ], [ 593933.4375, 2320122.8125 ], [ 593936.875, 2320118.75 ], [ 593939.0625, 2320113.4375 ], [ 593940.0, 2320106.875 ], [ 593939.53125, 2319946.09375 ], [ 593938.4375, 2319939.6875 ], [ 593935.625, 2319931.25 ], [ 593904.375, 2319868.75 ], [ 593899.6875, 2319862.1875 ], [ 593895.78125, 2319858.59375 ], [ 593886.5625, 2319852.8125 ], [ 593881.875, 2319846.25 ], [ 593880.0, 2319836.875 ], [ 593880.0, 2319743.125 ], [ 593879.0625, 2319736.5625 ], [ 593875.3125, 2319729.0625 ], [ 593866.5625, 2319722.8125 ], [ 593863.125, 2319718.75 ], [ 593860.9375, 2319713.4375 ], [ 593859.6875, 2319699.6875 ], [ 593858.125, 2319693.75 ], [ 593853.4375, 2319687.1875 ], [ 593844.6875, 2319680.9375 ], [ 593841.875, 2319676.25 ], [ 593840.3125, 2319670.3125 ], [ 593839.6875, 2319479.6875 ], [ 593838.125, 2319473.75 ], [ 593835.3125, 2319469.0625 ], [ 593822.1875, 2319459.6875 ], [ 593815.625, 2319451.25 ], [ 593803.28125, 2319426.09375 ], [ 593801.5625, 2319420.3125 ], [ 593800.15625, 2319410.46875 ], [ 593800.0, 2319193.125 ], [ 593799.0625, 2319186.5625 ], [ 593795.3125, 2319179.0625 ], [ 593786.5625, 2319172.8125 ], [ 593781.875, 2319166.25 ], [ 593780.3125, 2319160.3125 ], [ 593779.84375, 2319149.53125 ], [ 593778.4375, 2319139.6875 ], [ 593775.625, 2319131.25 ], [ 593764.375, 2319108.75 ], [ 593762.34375, 2319103.28125 ], [ 593760.46875, 2319093.90625 ], [ 593759.6875, 2319079.6875 ], [ 593758.125, 2319073.75 ], [ 593753.4375, 2319067.1875 ], [ 593744.6875, 2319060.9375 ], [ 593740.9375, 2319053.4375 ], [ 593740.0, 2319046.875 ], [ 593739.84375, 2319009.53125 ], [ 593738.4375, 2318999.6875 ], [ 593735.625, 2318991.25 ], [ 593724.375, 2318968.75 ], [ 593717.8125, 2318960.3125 ], [ 593711.25, 2318955.625 ], [ 593686.40625, 2318942.96875 ], [ 593682.1875, 2318939.6875 ], [ 593677.03125, 2318933.59375 ], [ 593624.375, 2318828.75 ], [ 593617.8125, 2318820.3125 ], [ 593606.5625, 2318812.8125 ], [ 593603.125, 2318808.75 ], [ 593600.3125, 2318800.3125 ], [ 593599.0625, 2318786.5625 ], [ 593595.3125, 2318779.0625 ], [ 593591.25, 2318775.625 ], [ 593568.75, 2318764.375 ], [ 593563.125, 2318758.75 ], [ 593560.9375, 2318753.4375 ], [ 593559.6875, 2318739.6875 ], [ 593558.125, 2318733.75 ], [ 593555.3125, 2318729.0625 ], [ 593546.5625, 2318722.8125 ], [ 593541.875, 2318716.25 ], [ 593540.0, 2318706.875 ], [ 593540.0, 2318673.125 ], [ 593539.0625, 2318666.5625 ], [ 593535.3125, 2318659.0625 ], [ 593526.5625, 2318652.8125 ], [ 593521.875, 2318646.25 ], [ 593520.3125, 2318640.3125 ], [ 593519.6875, 2318629.6875 ], [ 593516.875, 2318621.25 ], [ 593511.25, 2318615.625 ], [ 593466.5625, 2318592.8125 ], [ 593461.875, 2318586.25 ], [ 593460.3125, 2318580.3125 ], [ 593459.0625, 2318566.5625 ], [ 593455.3125, 2318559.0625 ], [ 593451.25, 2318555.625 ], [ 593428.75, 2318544.375 ], [ 593422.1875, 2318539.6875 ], [ 593415.625, 2318531.25 ], [ 593404.375, 2318508.75 ], [ 593401.40625, 2318504.21875 ], [ 593395.78125, 2318498.59375 ], [ 593388.75, 2318494.375 ], [ 593384.6875, 2318490.9375 ], [ 593381.875, 2318486.25 ], [ 593380.3125, 2318480.3125 ], [ 593380.0, 2318443.125 ], [ 593378.125, 2318433.75 ], [ 593373.4375, 2318427.1875 ], [ 593364.21875, 2318421.40625 ], [ 593357.03125, 2318413.59375 ], [ 593322.96875, 2318346.40625 ], [ 593317.8125, 2318340.3125 ], [ 593306.5625, 2318332.8125 ], [ 593303.125, 2318328.75 ], [ 593300.9375, 2318323.4375 ], [ 593299.6875, 2318309.6875 ], [ 593296.875, 2318301.25 ], [ 593291.25, 2318295.625 ], [ 593268.75, 2318284.375 ], [ 593264.6875, 2318280.9375 ], [ 593260.9375, 2318273.4375 ], [ 593259.6875, 2318259.6875 ], [ 593258.125, 2318253.75 ], [ 593255.3125, 2318249.0625 ], [ 593246.5625, 2318242.8125 ], [ 593243.125, 2318238.75 ], [ 593240.3125, 2318230.3125 ], [ 593239.0625, 2318216.5625 ], [ 593235.3125, 2318209.0625 ], [ 593231.25, 2318205.625 ], [ 593224.21875, 2318201.40625 ], [ 593218.59375, 2318195.78125 ], [ 593215.625, 2318191.25 ], [ 593204.375, 2318168.75 ], [ 593197.8125, 2318160.3125 ], [ 593191.25, 2318155.625 ], [ 593168.75, 2318144.375 ], [ 593160.3125, 2318137.8125 ], [ 593155.625, 2318131.25 ], [ 593142.96875, 2318106.40625 ], [ 593137.8125, 2318100.3125 ], [ 593124.6875, 2318090.9375 ], [ 593121.875, 2318086.25 ], [ 593120.3125, 2318080.3125 ], [ 593120.15625, 2318069.53125 ], [ 593121.5625, 2318059.6875 ], [ 593124.375, 2318051.25 ], [ 593129.0625, 2318044.6875 ], [ 593136.5625, 2318040.9375 ], [ 593150.3125, 2318039.6875 ], [ 593158.75, 2318036.875 ], [ 593164.375, 2318031.25 ], [ 593175.625, 2318008.75 ], [ 593179.0625, 2318004.6875 ], [ 593186.5625, 2318000.9375 ], [ 593200.3125, 2317999.6875 ], [ 593208.75, 2317996.875 ], [ 593212.8125, 2317993.4375 ], [ 593220.3125, 2317982.1875 ], [ 593228.75, 2317975.625 ], [ 593413.90625, 2317883.28125 ], [ 593419.6875, 2317881.5625 ], [ 593429.53125, 2317880.15625 ], [ 593466.875, 2317880.0 ], [ 593476.25, 2317881.875 ], [ 593482.8125, 2317886.5625 ], [ 593517.03125, 2317953.59375 ], [ 593522.1875, 2317959.6875 ], [ 593533.4375, 2317967.1875 ], [ 593536.875, 2317971.25 ], [ 593539.0625, 2317976.5625 ], [ 593540.9375, 2317997.1875 ], [ 593544.375, 2318008.75 ], [ 593577.03125, 2318073.59375 ], [ 593582.1875, 2318079.6875 ], [ 593593.4375, 2318087.1875 ], [ 593596.875, 2318091.25 ], [ 593599.0625, 2318096.5625 ], [ 593600.3125, 2318110.3125 ], [ 593601.875, 2318116.25 ], [ 593604.6875, 2318120.9375 ], [ 593613.4375, 2318127.1875 ], [ 593616.875, 2318131.25 ], [ 593619.0625, 2318136.5625 ], [ 593620.3125, 2318150.3125 ], [ 593623.125, 2318158.75 ], [ 593628.75, 2318164.375 ], [ 593651.25, 2318175.625 ], [ 593657.8125, 2318180.3125 ], [ 593664.375, 2318188.75 ], [ 593675.625, 2318211.25 ], [ 593678.59375, 2318215.78125 ], [ 593684.21875, 2318221.40625 ], [ 593693.4375, 2318227.1875 ], [ 593696.875, 2318231.25 ], [ 593699.0625, 2318236.5625 ], [ 593700.9375, 2318257.1875 ], [ 593704.375, 2318268.75 ], [ 593715.625, 2318291.25 ], [ 593718.59375, 2318295.78125 ], [ 593724.21875, 2318301.40625 ], [ 593733.4375, 2318307.1875 ], [ 593736.875, 2318311.25 ], [ 593739.0625, 2318316.5625 ], [ 593740.3125, 2318330.3125 ], [ 593741.875, 2318336.25 ], [ 593744.6875, 2318340.9375 ], [ 593753.4375, 2318347.1875 ], [ 593756.875, 2318351.25 ], [ 593759.0625, 2318356.5625 ], [ 593760.3125, 2318370.3125 ], [ 593761.875, 2318376.25 ], [ 593764.6875, 2318380.9375 ], [ 593773.4375, 2318387.1875 ], [ 593776.875, 2318391.25 ], [ 593779.0625, 2318396.5625 ], [ 593780.3125, 2318410.3125 ], [ 593781.875, 2318416.25 ], [ 593784.6875, 2318420.9375 ], [ 593793.4375, 2318427.1875 ], [ 593798.125, 2318433.75 ], [ 593800.0, 2318443.125 ], [ 593800.0, 2318476.875 ], [ 593800.9375, 2318483.4375 ], [ 593803.125, 2318488.75 ], [ 593808.75, 2318494.375 ], [ 593851.25, 2318515.625 ], [ 593859.6875, 2318522.1875 ], [ 593864.375, 2318528.75 ], [ 593875.625, 2318551.25 ], [ 593878.59375, 2318555.78125 ], [ 593884.21875, 2318561.40625 ], [ 593893.4375, 2318567.1875 ], [ 593896.875, 2318571.25 ], [ 593899.6875, 2318579.6875 ], [ 593900.9375, 2318593.4375 ], [ 593904.6875, 2318600.9375 ], [ 593908.75, 2318604.375 ], [ 593931.25, 2318615.625 ], [ 593936.875, 2318621.25 ], [ 593939.0625, 2318626.5625 ], [ 593940.3125, 2318640.3125 ], [ 593941.875, 2318646.25 ], [ 593944.6875, 2318650.9375 ], [ 593953.4375, 2318657.1875 ], [ 593956.875, 2318661.25 ], [ 593959.6875, 2318669.6875 ], [ 593960.9375, 2318683.4375 ], [ 593964.6875, 2318690.9375 ], [ 593977.8125, 2318700.3125 ], [ 593981.40625, 2318704.21875 ], [ 593987.1875, 2318713.4375 ], [ 593991.25, 2318716.875 ], [ 593999.6875, 2318719.6875 ], [ 594013.4375, 2318720.9375 ], [ 594020.9375, 2318724.6875 ], [ 594024.375, 2318728.75 ], [ 594035.625, 2318751.25 ], [ 594038.59375, 2318755.78125 ], [ 594044.21875, 2318761.40625 ], [ 594051.25, 2318765.625 ], [ 594055.3125, 2318769.0625 ], [ 594059.0625, 2318776.5625 ], [ 594060.9375, 2318797.1875 ], [ 594064.375, 2318808.75 ], [ 594097.03125, 2318873.59375 ], [ 594102.1875, 2318879.6875 ], [ 594113.4375, 2318887.1875 ], [ 594116.875, 2318891.25 ], [ 594119.0625, 2318896.5625 ], [ 594120.3125, 2318910.3125 ], [ 594121.875, 2318916.25 ], [ 594124.6875, 2318920.9375 ], [ 594133.4375, 2318927.1875 ], [ 594136.875, 2318931.25 ], [ 594139.0625, 2318936.5625 ], [ 594140.3125, 2318950.3125 ], [ 594143.125, 2318958.75 ], [ 594148.75, 2318964.375 ], [ 594171.25, 2318975.625 ], [ 594175.3125, 2318979.0625 ], [ 594179.0625, 2318986.5625 ], [ 594180.3125, 2319000.3125 ], [ 594183.125, 2319008.75 ], [ 594186.5625, 2319012.8125 ], [ 594193.4375, 2319017.1875 ], [ 594198.125, 2319023.75 ], [ 594200.0, 2319033.125 ], [ 594200.0, 2319066.875 ], [ 594200.9375, 2319073.4375 ], [ 594203.125, 2319078.75 ], [ 594208.75, 2319084.375 ], [ 594231.25, 2319095.625 ], [ 594237.8125, 2319100.3125 ], [ 594244.375, 2319108.75 ], [ 594255.625, 2319131.25 ], [ 594258.59375, 2319135.78125 ], [ 594264.21875, 2319141.40625 ], [ 594273.4375, 2319147.1875 ], [ 594276.875, 2319151.25 ], [ 594279.0625, 2319156.5625 ], [ 594280.3125, 2319170.3125 ], [ 594281.875, 2319176.25 ], [ 594286.5625, 2319182.8125 ], [ 594295.3125, 2319189.0625 ], [ 594299.0625, 2319196.5625 ], [ 594300.0, 2319203.125 ], [ 594300.0, 2319236.875 ], [ 594301.875, 2319246.25 ], [ 594304.6875, 2319250.9375 ], [ 594313.4375, 2319257.1875 ], [ 594316.875, 2319261.25 ], [ 594319.0625, 2319266.5625 ], [ 594320.3125, 2319280.3125 ], [ 594321.875, 2319286.25 ], [ 594326.5625, 2319292.8125 ], [ 594335.3125, 2319299.0625 ], [ 594339.0625, 2319306.5625 ], [ 594340.0, 2319313.125 ], [ 594340.0, 2319346.875 ], [ 594341.875, 2319356.25 ], [ 594344.6875, 2319360.9375 ], [ 594348.75, 2319364.375 ], [ 594373.4375, 2319377.1875 ], [ 594376.875, 2319381.25 ], [ 594379.0625, 2319386.5625 ], [ 594380.0, 2319393.125 ], [ 594380.0, 2319456.875 ], [ 594380.9375, 2319463.4375 ], [ 594384.6875, 2319470.9375 ], [ 594395.3125, 2319479.0625 ], [ 594399.0625, 2319486.5625 ], [ 594400.0, 2319493.125 ], [ 594400.15625, 2319530.46875 ], [ 594401.5625, 2319540.3125 ], [ 594404.375, 2319548.75 ], [ 594415.625, 2319571.25 ], [ 594417.65625, 2319576.71875 ], [ 594419.53125, 2319586.09375 ], [ 594420.3125, 2319600.3125 ], [ 594421.875, 2319606.25 ], [ 594426.5625, 2319612.8125 ], [ 594435.3125, 2319619.0625 ], [ 594439.0625, 2319626.5625 ], [ 594440.0, 2319633.125 ], [ 594440.0, 2319666.875 ], [ 594441.40625, 2319672.96875 ], [ 594444.6875, 2319677.1875 ], [ 594447.03125, 2319678.59375 ], [ 594453.125, 2319680.0 ], [ 594516.875, 2319680.0 ], [ 594523.4375, 2319680.9375 ], [ 594530.9375, 2319684.6875 ], [ 594534.375, 2319688.75 ], [ 594536.71875, 2319693.90625 ], [ 594539.0625, 2319702.8125 ], [ 594540.0, 2319713.125 ], [ 594540.0, 2319836.875 ], [ 594540.9375, 2319843.4375 ], [ 594543.125, 2319848.75 ], [ 594546.5625, 2319852.8125 ], [ 594555.78125, 2319858.59375 ], [ 594561.40625, 2319864.21875 ], [ 594564.375, 2319868.75 ], [ 594575.625, 2319891.25 ], [ 594582.1875, 2319899.6875 ], [ 594588.75, 2319904.375 ], [ 594611.25, 2319915.625 ], [ 594619.6875, 2319922.1875 ], [ 594624.375, 2319928.75 ], [ 594635.625, 2319951.25 ], [ 594642.1875, 2319959.6875 ], [ 594648.75, 2319964.375 ], [ 594671.25, 2319975.625 ], [ 594679.6875, 2319982.1875 ], [ 594684.375, 2319988.75 ], [ 594695.625, 2320011.25 ], [ 594702.1875, 2320019.6875 ], [ 594708.75, 2320024.375 ], [ 594753.4375, 2320047.1875 ], [ 594758.125, 2320053.75 ], [ 594759.6875, 2320059.6875 ], [ 594760.46875, 2320070.15625 ], [ 594762.8125, 2320075.3125 ], [ 594764.6875, 2320077.1875 ], [ 594769.84375, 2320079.53125 ], [ 594780.3125, 2320080.3125 ], [ 594788.75, 2320083.125 ], [ 594792.8125, 2320086.5625 ], [ 594800.3125, 2320097.8125 ], [ 594804.21875, 2320101.40625 ], [ 594813.4375, 2320107.1875 ], [ 594816.875, 2320111.25 ], [ 594819.0625, 2320116.5625 ], [ 594820.3125, 2320130.3125 ], [ 594821.875, 2320136.25 ], [ 594824.6875, 2320140.9375 ], [ 594833.4375, 2320147.1875 ], [ 594838.125, 2320153.75 ], [ 594839.6875, 2320159.6875 ], [ 594840.9375, 2320177.1875 ], [ 594844.375, 2320188.75 ], [ 594855.625, 2320211.25 ], [ 594858.59375, 2320215.78125 ], [ 594864.21875, 2320221.40625 ], [ 594873.4375, 2320227.1875 ], [ 594878.125, 2320233.75 ], [ 594880.0, 2320243.125 ], [ 594880.0, 2320306.875 ], [ 594880.9375, 2320313.4375 ], [ 594884.6875, 2320320.9375 ], [ 594895.3125, 2320329.0625 ], [ 594898.125, 2320333.75 ], [ 594899.6875, 2320339.6875 ], [ 594900.0, 2320586.875 ], [ 594898.59375, 2320592.96875 ], [ 594897.1875, 2320595.3125 ], [ 594892.96875, 2320598.59375 ], [ 594890.15625, 2320599.53125 ], [ 594876.5625, 2320600.9375 ], [ 594871.25, 2320603.125 ], [ 594867.1875, 2320606.5625 ], [ 594844.375, 2320651.25 ], [ 594842.34375, 2320656.71875 ], [ 594840.46875, 2320666.09375 ], [ 594840.0, 2320706.875 ], [ 594838.125, 2320716.25 ], [ 594835.3125, 2320720.9375 ], [ 594826.5625, 2320727.1875 ], [ 594823.125, 2320731.25 ], [ 594820.9375, 2320736.5625 ], [ 594819.6875, 2320750.3125 ], [ 594818.125, 2320756.25 ], [ 594815.3125, 2320760.9375 ], [ 594806.5625, 2320767.1875 ], [ 594801.875, 2320773.75 ], [ 594800.3125, 2320779.6875 ], [ 594799.53125, 2320793.90625 ], [ 594797.65625, 2320803.28125 ], [ 594795.625, 2320808.75 ], [ 594782.96875, 2320833.59375 ], [ 594779.6875, 2320837.8125 ], [ 594773.59375, 2320842.96875 ], [ 594748.75, 2320855.625 ], [ 594743.125, 2320861.25 ], [ 594740.9375, 2320866.5625 ], [ 594739.6875, 2320880.3125 ], [ 594738.125, 2320886.25 ], [ 594733.4375, 2320892.8125 ], [ 594724.6875, 2320899.0625 ], [ 594720.9375, 2320906.5625 ], [ 594720.0, 2320913.125 ], [ 594719.84375, 2320950.46875 ], [ 594719.0625, 2320957.1875 ], [ 594716.71875, 2320966.09375 ], [ 594704.375, 2320991.25 ], [ 594701.40625, 2320995.78125 ], [ 594695.78125, 2321001.40625 ], [ 594686.5625, 2321007.1875 ], [ 594683.125, 2321011.25 ], [ 594680.9375, 2321016.5625 ], [ 594679.6875, 2321030.3125 ], [ 594676.875, 2321038.75 ], [ 594671.25, 2321044.375 ], [ 594648.75, 2321055.625 ], [ 594643.125, 2321061.25 ], [ 594640.9375, 2321066.5625 ], [ 594639.6875, 2321080.3125 ], [ 594636.875, 2321088.75 ], [ 594633.4375, 2321092.8125 ], [ 594622.1875, 2321100.3125 ], [ 594617.03125, 2321106.40625 ], [ 594582.8125, 2321173.4375 ], [ 594578.75, 2321176.875 ], [ 594573.4375, 2321179.0625 ], [ 594559.6875, 2321180.3125 ], [ 594551.25, 2321183.125 ], [ 594547.1875, 2321186.5625 ], [ 594541.40625, 2321195.78125 ], [ 594535.78125, 2321201.40625 ], [ 594531.25, 2321204.375 ], [ 594508.75, 2321215.625 ], [ 594502.1875, 2321220.3125 ], [ 594495.625, 2321228.75 ], [ 594464.375, 2321291.25 ], [ 594461.40625, 2321295.78125 ], [ 594453.59375, 2321302.96875 ], [ 594428.75, 2321315.625 ], [ 594423.125, 2321321.25 ], [ 594420.9375, 2321326.5625 ], [ 594420.0, 2321333.125 ], [ 594420.0, 2321396.875 ], [ 594419.0625, 2321403.4375 ], [ 594415.3125, 2321410.9375 ], [ 594406.5625, 2321417.1875 ], [ 594403.125, 2321421.25 ], [ 594400.3125, 2321429.6875 ], [ 594399.0625, 2321443.4375 ], [ 594395.3125, 2321450.9375 ], [ 594391.25, 2321454.375 ], [ 594368.75, 2321465.625 ], [ 594364.6875, 2321469.0625 ], [ 594360.9375, 2321476.5625 ], [ 594360.0, 2321486.875 ], [ 594358.59375, 2321492.96875 ], [ 594357.1875, 2321495.3125 ], [ 594352.96875, 2321498.59375 ], [ 594346.875, 2321500.0 ], [ 594309.6875, 2321500.3125 ], [ 594303.75, 2321501.875 ], [ 594299.0625, 2321504.6875 ], [ 594295.625, 2321508.75 ], [ 594284.375, 2321531.25 ], [ 594279.6875, 2321537.8125 ], [ 594273.59375, 2321542.96875 ], [ 594248.75, 2321555.625 ], [ 594244.6875, 2321559.0625 ], [ 594240.9375, 2321566.5625 ], [ 594239.6875, 2321580.3125 ], [ 594238.125, 2321586.25 ], [ 594235.3125, 2321590.9375 ], [ 594231.25, 2321594.375 ], [ 594220.3125, 2321598.4375 ], [ 594213.90625, 2321599.53125 ], [ 594199.6875, 2321600.3125 ], [ 594193.75, 2321601.875 ], [ 594189.0625, 2321604.6875 ], [ 594179.6875, 2321617.8125 ], [ 594171.25, 2321624.375 ], [ 594148.75, 2321635.625 ], [ 594143.28125, 2321637.65625 ], [ 594133.90625, 2321639.53125 ], [ 594116.5625, 2321640.9375 ], [ 594109.0625, 2321644.6875 ], [ 594105.625, 2321648.75 ], [ 594084.375, 2321691.25 ], [ 594081.40625, 2321695.78125 ], [ 594073.59375, 2321702.96875 ], [ 594048.75, 2321715.625 ], [ 594044.6875, 2321719.0625 ], [ 594040.9375, 2321726.5625 ], [ 594039.6875, 2321740.3125 ], [ 594036.875, 2321748.75 ], [ 594033.4375, 2321752.8125 ], [ 594026.40625, 2321757.03125 ], [ 594020.3125, 2321762.1875 ], [ 594010.9375, 2321775.3125 ], [ 594003.4375, 2321779.0625 ], [ 593989.6875, 2321780.3125 ], [ 593983.75, 2321781.875 ], [ 593979.0625, 2321784.6875 ], [ 593972.8125, 2321793.4375 ], [ 593968.75, 2321796.875 ], [ 593960.3125, 2321799.6875 ], [ 593946.5625, 2321800.9375 ], [ 593939.0625, 2321804.6875 ], [ 593935.625, 2321808.75 ], [ 593924.375, 2321831.25 ], [ 593922.34375, 2321836.71875 ], [ 593920.15625, 2321849.53125 ], [ 593920.0, 2321886.875 ], [ 593918.4375, 2321900.3125 ], [ 593915.625, 2321908.75 ], [ 593904.375, 2321931.25 ], [ 593900.9375, 2321935.3125 ], [ 593896.25, 2321938.125 ], [ 593886.875, 2321940.0 ], [ 593793.125, 2321940.0 ], [ 593786.5625, 2321940.9375 ], [ 593781.25, 2321943.125 ], [ 593775.625, 2321948.75 ], [ 593762.8125, 2321973.4375 ], [ 593756.25, 2321978.125 ], [ 593750.3125, 2321979.6875 ], [ 593736.5625, 2321980.9375 ], [ 593729.0625, 2321984.6875 ], [ 593725.625, 2321988.75 ], [ 593714.375, 2322011.25 ], [ 593708.75, 2322016.875 ], [ 593703.4375, 2322019.0625 ], [ 593689.6875, 2322020.3125 ], [ 593683.75, 2322021.875 ], [ 593679.0625, 2322024.6875 ], [ 593672.8125, 2322033.4375 ], [ 593668.75, 2322036.875 ], [ 593663.4375, 2322039.0625 ], [ 593649.6875, 2322040.3125 ], [ 593641.25, 2322043.125 ], [ 593635.625, 2322048.75 ], [ 593622.96875, 2322073.59375 ], [ 593619.6875, 2322077.8125 ], [ 593613.59375, 2322082.96875 ], [ 593508.75, 2322135.625 ], [ 593504.21875, 2322138.59375 ], [ 593500.3125, 2322142.1875 ], [ 593495.625, 2322148.75 ], [ 593462.8125, 2322213.4375 ], [ 593458.75, 2322216.875 ], [ 593453.4375, 2322219.0625 ], [ 593439.6875, 2322220.3125 ], [ 593431.25, 2322223.125 ], [ 593427.1875, 2322226.5625 ], [ 593419.6875, 2322237.8125 ], [ 593411.25, 2322244.375 ], [ 593388.75, 2322255.625 ], [ 593383.28125, 2322257.65625 ], [ 593373.90625, 2322259.53125 ], [ 593359.6875, 2322260.3125 ], [ 593353.75, 2322261.875 ], [ 593347.1875, 2322266.5625 ], [ 593341.40625, 2322275.78125 ], [ 593333.59375, 2322282.96875 ], [ 593308.75, 2322295.625 ], [ 593300.3125, 2322298.4375 ], [ 593286.875, 2322300.0 ], [ 593193.125, 2322300.0 ], [ 593183.75, 2322301.875 ], [ 593179.0625, 2322304.6875 ], [ 593175.625, 2322308.75 ], [ 593144.375, 2322371.25 ], [ 593138.75, 2322376.875 ], [ 593133.4375, 2322379.0625 ], [ 593119.6875, 2322380.3125 ], [ 593113.75, 2322381.875 ], [ 593107.1875, 2322386.5625 ], [ 593100.9375, 2322395.3125 ], [ 593093.4375, 2322399.0625 ], [ 593086.875, 2322400.0 ], [ 593053.125, 2322400.0 ], [ 593043.75, 2322401.875 ], [ 593037.1875, 2322406.5625 ], [ 593024.375, 2322431.25 ], [ 593020.9375, 2322435.3125 ], [ 593016.25, 2322438.125 ], [ 593006.875, 2322440.0 ], [ 592973.125, 2322440.0 ], [ 592966.5625, 2322440.9375 ], [ 592959.0625, 2322444.6875 ], [ 592952.8125, 2322453.4375 ], [ 592946.25, 2322458.125 ], [ 592940.3125, 2322459.6875 ], [ 592922.8125, 2322460.9375 ], [ 592911.25, 2322464.375 ], [ 592888.75, 2322475.625 ], [ 592884.21875, 2322478.59375 ], [ 592878.59375, 2322484.21875 ], [ 592872.8125, 2322493.4375 ], [ 592868.75, 2322496.875 ], [ 592860.3125, 2322499.6875 ], [ 592846.5625, 2322500.9375 ], [ 592839.0625, 2322504.6875 ], [ 592835.625, 2322508.75 ], [ 592824.375, 2322531.25 ], [ 592820.9375, 2322535.3125 ], [ 592816.25, 2322538.125 ], [ 592806.875, 2322540.0 ], [ 592773.125, 2322540.0 ], [ 592762.8125, 2322540.9375 ], [ 592753.90625, 2322543.28125 ], [ 592728.75, 2322555.625 ], [ 592720.3125, 2322558.4375 ], [ 592706.875, 2322560.0 ], [ 592673.125, 2322560.0 ], [ 592663.75, 2322561.875 ], [ 592657.1875, 2322566.5625 ], [ 592644.375, 2322591.25 ], [ 592640.9375, 2322595.3125 ], [ 592636.25, 2322598.125 ], [ 592626.875, 2322600.0 ], [ 592593.125, 2322600.0 ], [ 592583.75, 2322601.875 ], [ 592579.0625, 2322604.6875 ], [ 592572.8125, 2322613.4375 ], [ 592566.25, 2322618.125 ], [ 592560.3125, 2322619.6875 ], [ 592542.8125, 2322620.9375 ], [ 592533.90625, 2322623.28125 ], [ 592428.75, 2322675.625 ], [ 592417.1875, 2322679.0625 ], [ 592399.6875, 2322680.3125 ], [ 592393.75, 2322681.875 ], [ 592389.0625, 2322684.6875 ], [ 592382.8125, 2322693.4375 ], [ 592378.75, 2322696.875 ], [ 592373.4375, 2322699.0625 ], [ 592359.6875, 2322700.3125 ], [ 592353.75, 2322701.875 ], [ 592349.0625, 2322704.6875 ], [ 592342.8125, 2322713.4375 ], [ 592338.75, 2322716.875 ], [ 592333.4375, 2322719.0625 ], [ 592319.6875, 2322720.3125 ], [ 592313.75, 2322721.875 ], [ 592309.0625, 2322724.6875 ], [ 592302.8125, 2322733.4375 ], [ 592298.75, 2322736.875 ], [ 592293.4375, 2322739.0625 ], [ 592279.6875, 2322740.3125 ], [ 592271.25, 2322743.125 ], [ 592267.1875, 2322746.5625 ], [ 592259.6875, 2322757.8125 ], [ 592253.59375, 2322762.96875 ], [ 592166.5625, 2322807.1875 ], [ 592161.875, 2322813.75 ], [ 592160.3125, 2322819.6875 ], [ 592159.0625, 2322833.4375 ], [ 592156.875, 2322838.75 ], [ 592153.4375, 2322842.8125 ], [ 592124.21875, 2322858.59375 ], [ 592118.59375, 2322864.21875 ], [ 592112.8125, 2322873.4375 ], [ 592108.75, 2322876.875 ], [ 592100.3125, 2322879.6875 ], [ 592086.5625, 2322880.9375 ], [ 592079.0625, 2322884.6875 ], [ 592075.625, 2322888.75 ], [ 592062.96875, 2322913.59375 ], [ 592057.8125, 2322919.6875 ], [ 592051.25, 2322924.375 ], [ 592026.40625, 2322937.03125 ], [ 592018.59375, 2322944.21875 ], [ 592015.625, 2322948.75 ], [ 591983.28125, 2323013.90625 ], [ 591980.46875, 2323026.09375 ], [ 591979.6875, 2323040.3125 ], [ 591976.875, 2323048.75 ], [ 591973.4375, 2323052.8125 ], [ 591964.21875, 2323058.59375 ], [ 591958.59375, 2323064.21875 ], [ 591955.625, 2323068.75 ], [ 591944.375, 2323091.25 ], [ 591941.5625, 2323099.6875 ], [ 591940.15625, 2323109.53125 ], [ 591940.3125, 2323180.3125 ], [ 591941.875, 2323186.25 ], [ 591944.6875, 2323190.9375 ], [ 591953.4375, 2323197.1875 ], [ 591958.125, 2323203.75 ], [ 591959.6875, 2323209.6875 ], [ 591960.3125, 2323220.3125 ], [ 591963.125, 2323228.75 ], [ 591966.5625, 2323232.8125 ], [ 591973.4375, 2323237.1875 ], [ 591978.125, 2323243.75 ], [ 591980.0, 2323253.125 ], [ 591979.6875, 2323290.3125 ], [ 591978.125, 2323296.25 ], [ 591975.3125, 2323300.9375 ], [ 591966.5625, 2323307.1875 ], [ 591961.875, 2323313.75 ], [ 591960.3125, 2323319.6875 ], [ 591959.84375, 2323330.46875 ], [ 591958.4375, 2323340.3125 ], [ 591955.625, 2323348.75 ], [ 591950.9375, 2323355.3125 ], [ 591946.25, 2323358.125 ], [ 591940.3125, 2323359.6875 ], [ 591903.125, 2323360.0 ], [ 591896.5625, 2323360.9375 ], [ 591891.25, 2323363.125 ], [ 591885.625, 2323368.75 ], [ 591882.34375, 2323376.71875 ], [ 591880.15625, 2323389.53125 ], [ 591880.0, 2323456.875 ], [ 591879.0625, 2323463.4375 ], [ 591876.875, 2323468.75 ], [ 591873.4375, 2323472.8125 ], [ 591866.40625, 2323477.03125 ], [ 591860.3125, 2323482.1875 ], [ 591850.9375, 2323495.3125 ], [ 591843.4375, 2323499.0625 ], [ 591836.875, 2323500.0 ], [ 591713.125, 2323500.0 ], [ 591707.03125, 2323501.40625 ], [ 591704.6875, 2323502.8125 ], [ 591701.40625, 2323507.03125 ], [ 591700.0, 2323513.125 ], [ 591699.53125, 2323610.15625 ], [ 591697.1875, 2323615.3125 ], [ 591692.96875, 2323618.59375 ], [ 591690.15625, 2323619.53125 ], [ 591676.5625, 2323620.9375 ], [ 591671.25, 2323623.125 ], [ 591667.1875, 2323626.5625 ], [ 591663.28125, 2323633.90625 ], [ 591660.9375, 2323642.8125 ], [ 591660.0, 2323653.125 ], [ 591659.6875, 2323720.3125 ], [ 591656.875, 2323728.75 ], [ 591653.4375, 2323732.8125 ], [ 591644.6875, 2323739.0625 ], [ 591640.9375, 2323746.5625 ], [ 591640.0, 2323753.125 ], [ 591640.0, 2323786.875 ], [ 591639.0625, 2323797.1875 ], [ 591637.65625, 2323803.28125 ], [ 591634.375, 2323811.25 ], [ 591628.75, 2323816.875 ], [ 591623.4375, 2323819.0625 ], [ 591616.875, 2323820.0 ], [ 591609.53125, 2323819.84375 ], [ 591599.6875, 2323818.4375 ], [ 591591.25, 2323815.625 ], [ 591568.75, 2323804.375 ], [ 591562.1875, 2323799.6875 ], [ 591557.03125, 2323793.59375 ], [ 591542.8125, 2323766.5625 ], [ 591538.75, 2323763.125 ], [ 591533.4375, 2323760.9375 ], [ 591526.875, 2323760.0 ], [ 591463.125, 2323760.0 ], [ 591456.5625, 2323760.9375 ], [ 591451.25, 2323763.125 ], [ 591445.625, 2323768.75 ], [ 591442.34375, 2323776.71875 ], [ 591440.46875, 2323786.09375 ], [ 591440.0, 2323886.875 ], [ 591438.4375, 2323900.3125 ], [ 591435.625, 2323908.75 ], [ 591424.375, 2323931.25 ], [ 591420.9375, 2323935.3125 ], [ 591416.25, 2323938.125 ], [ 591406.875, 2323940.0 ], [ 591313.125, 2323940.0 ], [ 591306.5625, 2323939.0625 ], [ 591301.25, 2323936.875 ], [ 591297.1875, 2323933.4375 ], [ 591290.9375, 2323924.6875 ], [ 591286.25, 2323921.875 ], [ 591280.3125, 2323920.3125 ], [ 591213.125, 2323920.0 ], [ 591206.5625, 2323919.0625 ], [ 591201.25, 2323916.875 ], [ 591197.1875, 2323913.4375 ], [ 591182.8125, 2323886.5625 ], [ 591178.75, 2323883.125 ], [ 591170.3125, 2323880.3125 ], [ 591039.6875, 2323880.3125 ], [ 591031.25, 2323883.125 ], [ 591027.1875, 2323886.5625 ], [ 591020.9375, 2323895.3125 ], [ 591013.4375, 2323899.0625 ], [ 591006.875, 2323900.0 ], [ 590973.125, 2323900.0 ], [ 590966.5625, 2323900.9375 ], [ 590961.25, 2323903.125 ], [ 590955.625, 2323908.75 ], [ 590942.96875, 2323933.59375 ], [ 590935.78125, 2323941.40625 ], [ 590931.25, 2323944.375 ], [ 590848.75, 2323985.625 ], [ 590843.125, 2323991.25 ], [ 590840.9375, 2323996.5625 ], [ 590839.0625, 2324017.1875 ], [ 590835.625, 2324028.75 ], [ 590824.375, 2324051.25 ], [ 590821.40625, 2324055.78125 ], [ 590815.78125, 2324061.40625 ], [ 590806.5625, 2324067.1875 ], [ 590803.125, 2324071.25 ], [ 590800.9375, 2324076.5625 ], [ 590799.6875, 2324090.3125 ], [ 590798.125, 2324096.25 ], [ 590795.3125, 2324100.9375 ], [ 590786.5625, 2324107.1875 ], [ 590781.875, 2324113.75 ], [ 590780.0, 2324123.125 ], [ 590779.6875, 2324160.3125 ], [ 590776.875, 2324168.75 ], [ 590773.4375, 2324172.8125 ], [ 590764.6875, 2324179.0625 ], [ 590760.9375, 2324186.5625 ], [ 590760.0, 2324193.125 ], [ 590760.0, 2324226.875 ], [ 590758.125, 2324236.25 ], [ 590755.3125, 2324240.9375 ], [ 590746.5625, 2324247.1875 ], [ 590743.125, 2324251.25 ], [ 590740.3125, 2324259.6875 ], [ 590739.0625, 2324273.4375 ], [ 590735.3125, 2324280.9375 ], [ 590731.25, 2324284.375 ], [ 590708.75, 2324295.625 ], [ 590703.125, 2324301.25 ], [ 590700.9375, 2324306.5625 ], [ 590699.6875, 2324320.3125 ], [ 590698.125, 2324326.25 ], [ 590695.3125, 2324330.9375 ], [ 590686.5625, 2324337.1875 ], [ 590683.125, 2324341.25 ], [ 590680.9375, 2324346.5625 ], [ 590679.6875, 2324360.3125 ], [ 590678.125, 2324366.25 ], [ 590675.3125, 2324370.9375 ], [ 590666.5625, 2324377.1875 ], [ 590663.125, 2324381.25 ], [ 590660.9375, 2324386.5625 ], [ 590659.6875, 2324400.3125 ], [ 590658.125, 2324406.25 ], [ 590655.3125, 2324410.9375 ], [ 590646.5625, 2324417.1875 ], [ 590643.125, 2324421.25 ], [ 590640.9375, 2324426.5625 ], [ 590639.6875, 2324440.3125 ], [ 590636.875, 2324448.75 ], [ 590633.4375, 2324452.8125 ], [ 590622.1875, 2324460.3125 ], [ 590615.625, 2324468.75 ], [ 590564.375, 2324571.25 ], [ 590560.9375, 2324582.8125 ], [ 590559.6875, 2324600.3125 ], [ 590558.125, 2324606.25 ], [ 590555.3125, 2324610.9375 ], [ 590546.5625, 2324617.1875 ], [ 590541.875, 2324623.75 ], [ 590540.0, 2324633.125 ], [ 590539.6875, 2324760.3125 ], [ 590536.875, 2324768.75 ], [ 590533.4375, 2324772.8125 ], [ 590524.6875, 2324779.0625 ], [ 590520.9375, 2324786.5625 ], [ 590520.0, 2324793.125 ], [ 590519.84375, 2324830.46875 ], [ 590517.65625, 2324843.28125 ], [ 590502.34375, 2324876.71875 ], [ 590500.46875, 2324886.09375 ], [ 590499.6875, 2324900.3125 ], [ 590498.125, 2324906.25 ], [ 590495.3125, 2324910.9375 ], [ 590486.5625, 2324917.1875 ], [ 590483.125, 2324921.25 ], [ 590480.9375, 2324926.5625 ], [ 590479.6875, 2324940.3125 ], [ 590478.125, 2324946.25 ], [ 590475.3125, 2324950.9375 ], [ 590466.5625, 2324957.1875 ], [ 590463.125, 2324961.25 ], [ 590460.9375, 2324966.5625 ], [ 590459.6875, 2324980.3125 ], [ 590458.125, 2324986.25 ], [ 590455.3125, 2324990.9375 ], [ 590446.5625, 2324997.1875 ], [ 590441.875, 2325003.75 ], [ 590440.0, 2325013.125 ], [ 590439.6875, 2325050.3125 ], [ 590436.875, 2325058.75 ], [ 590433.4375, 2325062.8125 ], [ 590424.6875, 2325069.0625 ], [ 590420.9375, 2325076.5625 ], [ 590420.0, 2325083.125 ], [ 590420.0, 2325116.875 ], [ 590418.125, 2325126.25 ], [ 590413.4375, 2325132.8125 ], [ 590404.21875, 2325138.59375 ], [ 590397.03125, 2325146.40625 ], [ 590384.375, 2325171.25 ], [ 590382.34375, 2325176.71875 ], [ 590380.9375, 2325182.8125 ], [ 590380.0, 2325193.125 ], [ 590379.6875, 2325260.3125 ], [ 590378.125, 2325266.25 ], [ 590375.3125, 2325270.9375 ], [ 590371.25, 2325274.375 ], [ 590364.21875, 2325278.59375 ], [ 590357.03125, 2325286.40625 ], [ 590344.375, 2325311.25 ], [ 590341.5625, 2325319.6875 ], [ 590340.0, 2325333.125 ], [ 590339.6875, 2325430.3125 ], [ 590336.875, 2325438.75 ], [ 590333.4375, 2325442.8125 ], [ 590324.6875, 2325449.0625 ], [ 590320.9375, 2325456.5625 ], [ 590320.0, 2325463.125 ], [ 590320.0, 2325496.875 ], [ 590318.125, 2325506.25 ], [ 590315.3125, 2325510.9375 ], [ 590306.5625, 2325517.1875 ], [ 590303.125, 2325521.25 ], [ 590300.9375, 2325526.5625 ], [ 590299.6875, 2325540.3125 ], [ 590298.125, 2325546.25 ], [ 590295.3125, 2325550.9375 ], [ 590286.5625, 2325557.1875 ], [ 590281.875, 2325563.75 ], [ 590280.0, 2325573.125 ], [ 590280.0, 2325606.875 ], [ 590279.0625, 2325613.4375 ], [ 590275.3125, 2325620.9375 ], [ 590266.5625, 2325627.1875 ], [ 590261.875, 2325633.75 ], [ 590260.3125, 2325639.6875 ], [ 590259.6875, 2325650.3125 ], [ 590256.875, 2325658.75 ], [ 590253.4375, 2325662.8125 ], [ 590246.5625, 2325667.1875 ], [ 590241.875, 2325673.75 ], [ 590240.0, 2325683.125 ], [ 590240.0, 2325716.875 ], [ 590238.125, 2325726.25 ], [ 590233.4375, 2325732.8125 ], [ 590224.21875, 2325738.59375 ], [ 590218.59375, 2325744.21875 ], [ 590215.625, 2325748.75 ], [ 590203.28125, 2325773.90625 ], [ 590201.5625, 2325779.6875 ], [ 590200.15625, 2325789.53125 ], [ 590200.0, 2325826.875 ], [ 590198.125, 2325836.25 ], [ 590195.3125, 2325840.9375 ], [ 590191.25, 2325844.375 ], [ 590166.5625, 2325857.1875 ], [ 590163.125, 2325861.25 ], [ 590160.9375, 2325866.5625 ], [ 590160.0, 2325873.125 ], [ 590160.0, 2325966.875 ], [ 590158.125, 2325976.25 ], [ 590153.4375, 2325982.8125 ], [ 590128.75, 2325995.625 ], [ 590124.6875, 2325999.0625 ], [ 590121.875, 2326003.75 ], [ 590120.0, 2326013.125 ], [ 590120.0, 2326046.875 ], [ 590118.125, 2326056.25 ], [ 590115.3125, 2326060.9375 ], [ 590106.5625, 2326067.1875 ], [ 590103.125, 2326071.25 ], [ 590100.9375, 2326076.5625 ], [ 590099.6875, 2326090.3125 ], [ 590098.125, 2326096.25 ], [ 590095.3125, 2326100.9375 ], [ 590086.5625, 2326107.1875 ], [ 590081.875, 2326113.75 ], [ 590080.3125, 2326119.6875 ], [ 590079.0625, 2326137.1875 ], [ 590076.71875, 2326146.09375 ], [ 590054.375, 2326191.25 ], [ 590050.9375, 2326195.3125 ], [ 590046.25, 2326198.125 ], [ 590040.3125, 2326199.6875 ], [ 590033.125, 2326200.0 ], [ 590027.03125, 2326201.40625 ], [ 590024.6875, 2326202.8125 ], [ 590021.40625, 2326207.03125 ], [ 590020.0, 2326213.125 ], [ 590020.0, 2326306.875 ], [ 590019.0625, 2326313.4375 ], [ 590016.875, 2326318.75 ], [ 590011.25, 2326324.375 ], [ 589966.5625, 2326347.1875 ], [ 589961.875, 2326353.75 ], [ 589960.3125, 2326359.6875 ], [ 589959.53125, 2326370.15625 ], [ 589957.1875, 2326375.3125 ], [ 589955.3125, 2326377.1875 ], [ 589950.15625, 2326379.53125 ], [ 589939.6875, 2326380.3125 ], [ 589931.25, 2326383.125 ], [ 589925.625, 2326388.75 ], [ 589922.34375, 2326396.71875 ], [ 589920.9375, 2326402.8125 ], [ 589920.0, 2326413.125 ], [ 589919.6875, 2326510.3125 ], [ 589918.125, 2326516.25 ], [ 589915.3125, 2326520.9375 ], [ 589906.5625, 2326527.1875 ], [ 589903.125, 2326531.25 ], [ 589900.9375, 2326536.5625 ], [ 589900.0, 2326543.125 ], [ 589899.53125, 2326790.15625 ], [ 589897.1875, 2326795.3125 ], [ 589895.3125, 2326797.1875 ], [ 589890.15625, 2326799.53125 ], [ 589853.125, 2326800.0 ], [ 589842.8125, 2326800.9375 ], [ 589836.71875, 2326802.34375 ], [ 589828.75, 2326805.625 ], [ 589823.125, 2326811.25 ], [ 589820.9375, 2326816.5625 ], [ 589820.0, 2326823.125 ], [ 589820.0, 2326946.875 ], [ 589819.0625, 2326953.4375 ], [ 589815.3125, 2326960.9375 ], [ 589806.5625, 2326967.1875 ], [ 589801.875, 2326973.75 ], [ 589800.3125, 2326979.6875 ], [ 589799.84375, 2326990.46875 ], [ 589798.4375, 2327000.3125 ], [ 589795.625, 2327008.75 ], [ 589792.8125, 2327013.4375 ], [ 589788.75, 2327016.875 ], [ 589783.4375, 2327019.0625 ], [ 589773.125, 2327020.0 ], [ 589767.03125, 2327021.40625 ], [ 589762.8125, 2327024.6875 ], [ 589761.40625, 2327027.03125 ], [ 589760.0, 2327033.125 ], [ 589760.0, 2327216.875 ], [ 589760.9375, 2327223.4375 ], [ 589763.125, 2327228.75 ], [ 589766.5625, 2327232.8125 ], [ 589775.3125, 2327239.0625 ], [ 589778.125, 2327243.75 ], [ 589779.6875, 2327249.6875 ], [ 589780.0, 2327346.875 ], [ 589780.9375, 2327357.1875 ], [ 589782.34375, 2327363.28125 ], [ 589785.625, 2327371.25 ], [ 589791.25, 2327376.875 ], [ 589799.6875, 2327379.6875 ], [ 589813.90625, 2327380.46875 ], [ 589823.28125, 2327382.34375 ], [ 589831.25, 2327385.625 ], [ 589836.875, 2327391.25 ], [ 589839.0625, 2327396.5625 ], [ 589840.0, 2327403.125 ], [ 589839.53125, 2327470.15625 ], [ 589837.1875, 2327475.3125 ], [ 589835.3125, 2327477.1875 ], [ 589830.15625, 2327479.53125 ], [ 589793.125, 2327480.0 ], [ 589782.8125, 2327480.9375 ], [ 589776.71875, 2327482.34375 ], [ 589768.75, 2327485.625 ], [ 589763.125, 2327491.25 ], [ 589760.3125, 2327499.6875 ], [ 589759.53125, 2327513.90625 ], [ 589757.65625, 2327523.28125 ], [ 589743.28125, 2327553.90625 ], [ 589740.46875, 2327566.09375 ], [ 589740.0, 2327666.875 ], [ 589738.125, 2327676.25 ], [ 589735.3125, 2327680.9375 ], [ 589731.25, 2327684.375 ], [ 589688.75, 2327705.625 ], [ 589684.6875, 2327709.0625 ], [ 589680.9375, 2327716.5625 ], [ 589680.0, 2327723.125 ], [ 589680.0, 2327846.875 ], [ 589678.4375, 2327860.3125 ], [ 589675.625, 2327868.75 ], [ 589643.28125, 2327933.90625 ], [ 589640.9375, 2327942.8125 ], [ 589639.6875, 2327960.3125 ], [ 589638.125, 2327966.25 ], [ 589633.4375, 2327972.8125 ], [ 589624.6875, 2327979.0625 ], [ 589621.875, 2327983.75 ], [ 589620.3125, 2327989.6875 ], [ 589620.0, 2328176.875 ], [ 589619.0625, 2328183.4375 ], [ 589615.3125, 2328190.9375 ], [ 589602.1875, 2328200.3125 ], [ 589598.59375, 2328204.21875 ], [ 589594.375, 2328211.25 ], [ 589590.9375, 2328215.3125 ], [ 589583.4375, 2328219.0625 ], [ 589573.125, 2328220.0 ], [ 589567.03125, 2328221.40625 ], [ 589562.8125, 2328224.6875 ], [ 589561.40625, 2328227.03125 ], [ 589560.0, 2328233.125 ], [ 589560.0, 2328296.875 ], [ 589561.875, 2328306.25 ], [ 589564.6875, 2328310.9375 ], [ 589568.75, 2328314.375 ], [ 589593.4375, 2328327.1875 ], [ 589596.875, 2328331.25 ], [ 589599.0625, 2328336.5625 ], [ 589600.0, 2328343.125 ], [ 589599.6875, 2328410.3125 ], [ 589596.875, 2328418.75 ], [ 589593.4375, 2328422.8125 ], [ 589584.6875, 2328429.0625 ], [ 589580.9375, 2328436.5625 ], [ 589580.0, 2328443.125 ], [ 589580.0, 2328476.875 ], [ 589578.125, 2328486.25 ], [ 589575.3125, 2328490.9375 ], [ 589566.5625, 2328497.1875 ], [ 589563.125, 2328501.25 ], [ 589560.9375, 2328506.5625 ], [ 589559.6875, 2328520.3125 ], [ 589558.125, 2328526.25 ], [ 589553.4375, 2328532.8125 ], [ 589544.6875, 2328539.0625 ], [ 589540.9375, 2328546.5625 ], [ 589540.0, 2328553.125 ], [ 589540.0, 2328586.875 ], [ 589538.125, 2328596.25 ], [ 589533.4375, 2328602.8125 ], [ 589524.6875, 2328609.0625 ], [ 589520.9375, 2328616.5625 ], [ 589520.0, 2328623.125 ], [ 589519.84375, 2328690.46875 ], [ 589518.4375, 2328700.3125 ], [ 589515.625, 2328708.75 ], [ 589512.8125, 2328713.4375 ], [ 589506.25, 2328718.125 ], [ 589500.3125, 2328719.6875 ], [ 589482.8125, 2328720.9375 ], [ 589476.71875, 2328722.34375 ], [ 589468.75, 2328725.625 ], [ 589464.6875, 2328729.0625 ], [ 589460.9375, 2328736.5625 ], [ 589460.0, 2328743.125 ], [ 589460.0, 2328836.875 ], [ 589458.125, 2328846.25 ], [ 589455.3125, 2328850.9375 ], [ 589451.25, 2328854.375 ], [ 589428.75, 2328865.625 ], [ 589424.6875, 2328869.0625 ], [ 589420.9375, 2328876.5625 ], [ 589419.6875, 2328890.3125 ], [ 589416.875, 2328898.75 ], [ 589411.25, 2328904.375 ], [ 589388.75, 2328915.625 ], [ 589384.6875, 2328919.0625 ], [ 589380.9375, 2328926.5625 ], [ 589379.6875, 2328940.3125 ], [ 589376.875, 2328948.75 ], [ 589373.4375, 2328952.8125 ], [ 589364.21875, 2328958.59375 ], [ 589358.59375, 2328964.21875 ], [ 589341.40625, 2328995.78125 ], [ 589333.59375, 2329002.96875 ], [ 589308.75, 2329015.625 ], [ 589302.1875, 2329020.3125 ], [ 589295.625, 2329028.75 ], [ 589284.375, 2329051.25 ], [ 589281.40625, 2329055.78125 ], [ 589275.78125, 2329061.40625 ], [ 589266.5625, 2329067.1875 ], [ 589263.125, 2329071.25 ], [ 589260.9375, 2329076.5625 ], [ 589259.0625, 2329097.1875 ], [ 589255.625, 2329108.75 ], [ 589244.375, 2329131.25 ], [ 589241.40625, 2329135.78125 ], [ 589235.78125, 2329141.40625 ], [ 589226.5625, 2329147.1875 ], [ 589223.125, 2329151.25 ], [ 589220.9375, 2329156.5625 ], [ 589219.6875, 2329170.3125 ], [ 589218.125, 2329176.25 ], [ 589215.3125, 2329180.9375 ], [ 589206.5625, 2329187.1875 ], [ 589201.875, 2329193.75 ], [ 589200.3125, 2329199.6875 ], [ 589199.0625, 2329217.1875 ], [ 589195.625, 2329228.75 ], [ 589104.375, 2329411.25 ], [ 589097.8125, 2329419.6875 ], [ 589086.5625, 2329427.1875 ], [ 589083.125, 2329431.25 ], [ 589080.3125, 2329439.6875 ], [ 589079.53125, 2329453.90625 ], [ 589076.71875, 2329466.09375 ], [ 589034.375, 2329551.25 ], [ 589030.9375, 2329555.3125 ], [ 589023.4375, 2329559.0625 ], [ 589002.8125, 2329560.9375 ], [ 588991.25, 2329564.375 ], [ 588986.5625, 2329567.1875 ], [ 588981.875, 2329573.75 ], [ 588980.0, 2329583.125 ], [ 588979.6875, 2329650.3125 ], [ 588978.125, 2329656.25 ], [ 588975.3125, 2329660.9375 ], [ 588966.5625, 2329667.1875 ], [ 588961.875, 2329673.75 ], [ 588960.3125, 2329679.6875 ], [ 588959.6875, 2329690.3125 ], [ 588956.875, 2329698.75 ], [ 588951.25, 2329704.375 ], [ 588928.75, 2329715.625 ], [ 588924.6875, 2329719.0625 ], [ 588920.9375, 2329726.5625 ], [ 588919.0625, 2329743.4375 ], [ 588916.875, 2329748.75 ], [ 588913.4375, 2329752.8125 ], [ 588868.75, 2329775.625 ], [ 588863.125, 2329781.25 ], [ 588860.9375, 2329786.5625 ], [ 588860.0, 2329793.125 ], [ 588859.53125, 2329833.90625 ], [ 588856.71875, 2329846.09375 ], [ 588852.8125, 2329853.4375 ], [ 588848.75, 2329856.875 ], [ 588843.4375, 2329859.0625 ], [ 588836.875, 2329860.0 ], [ 588799.6875, 2329860.3125 ], [ 588793.75, 2329861.875 ], [ 588787.1875, 2329866.5625 ], [ 588783.28125, 2329873.90625 ], [ 588780.9375, 2329882.8125 ], [ 588780.0, 2329893.125 ], [ 588780.0, 2329926.875 ], [ 588779.0625, 2329933.4375 ], [ 588776.875, 2329938.75 ], [ 588771.25, 2329944.375 ], [ 588748.75, 2329955.625 ], [ 588740.3125, 2329962.1875 ], [ 588735.625, 2329968.75 ], [ 588724.375, 2329991.25 ], [ 588717.8125, 2329999.6875 ], [ 588711.25, 2330004.375 ], [ 588688.75, 2330015.625 ], [ 588684.6875, 2330019.0625 ], [ 588680.9375, 2330026.5625 ], [ 588679.6875, 2330040.3125 ], [ 588676.875, 2330048.75 ], [ 588673.4375, 2330052.8125 ], [ 588664.21875, 2330058.59375 ], [ 588658.59375, 2330064.21875 ], [ 588655.625, 2330068.75 ], [ 588644.375, 2330091.25 ], [ 588637.8125, 2330099.6875 ], [ 588631.25, 2330104.375 ], [ 588608.75, 2330115.625 ], [ 588604.6875, 2330119.0625 ], [ 588600.9375, 2330126.5625 ], [ 588599.0625, 2330143.4375 ], [ 588596.875, 2330148.75 ], [ 588593.4375, 2330152.8125 ], [ 588508.75, 2330195.625 ], [ 588504.21875, 2330198.59375 ], [ 588497.03125, 2330206.40625 ], [ 588484.375, 2330231.25 ], [ 588478.75, 2330236.875 ], [ 588473.4375, 2330239.0625 ], [ 588466.875, 2330240.0 ], [ 588426.09375, 2330240.46875 ], [ 588413.90625, 2330243.28125 ], [ 588406.5625, 2330247.1875 ], [ 588403.125, 2330251.25 ], [ 588400.9375, 2330256.5625 ], [ 588399.6875, 2330270.3125 ], [ 588396.875, 2330278.75 ], [ 588393.4375, 2330282.8125 ], [ 588386.5625, 2330287.1875 ], [ 588381.875, 2330293.75 ], [ 588380.3125, 2330299.6875 ], [ 588379.53125, 2330310.15625 ], [ 588377.1875, 2330315.3125 ], [ 588375.3125, 2330317.1875 ], [ 588370.15625, 2330319.53125 ], [ 588359.6875, 2330320.3125 ], [ 588351.25, 2330323.125 ], [ 588347.1875, 2330326.5625 ], [ 588342.96875, 2330333.59375 ], [ 588337.8125, 2330339.6875 ], [ 588324.6875, 2330349.0625 ], [ 588320.9375, 2330356.5625 ], [ 588319.0625, 2330373.4375 ], [ 588315.3125, 2330380.9375 ], [ 588311.25, 2330384.375 ], [ 588288.75, 2330395.625 ], [ 588282.1875, 2330400.3125 ], [ 588275.625, 2330408.75 ], [ 588264.375, 2330431.25 ], [ 588258.75, 2330436.875 ], [ 588253.4375, 2330439.0625 ], [ 588239.6875, 2330440.3125 ], [ 588233.75, 2330441.875 ], [ 588229.0625, 2330444.6875 ], [ 588222.8125, 2330453.4375 ], [ 588218.75, 2330456.875 ], [ 588213.4375, 2330459.0625 ], [ 588199.6875, 2330460.3125 ], [ 588193.75, 2330461.875 ], [ 588189.0625, 2330464.6875 ], [ 588182.8125, 2330473.4375 ], [ 588176.25, 2330478.125 ], [ 588166.875, 2330480.0 ], [ 588133.125, 2330480.0 ], [ 588122.8125, 2330480.9375 ], [ 588111.25, 2330484.375 ], [ 588104.6875, 2330489.0625 ], [ 588101.875, 2330493.75 ], [ 588100.3125, 2330499.6875 ], [ 588100.0, 2330536.875 ], [ 588098.125, 2330546.25 ], [ 588095.3125, 2330550.9375 ], [ 588086.5625, 2330557.1875 ], [ 588083.125, 2330561.25 ], [ 588080.3125, 2330569.6875 ], [ 588079.0625, 2330583.4375 ], [ 588075.3125, 2330590.9375 ], [ 588071.25, 2330594.375 ], [ 588028.75, 2330615.625 ], [ 588023.125, 2330621.25 ], [ 588020.3125, 2330629.6875 ], [ 588020.0, 2330666.875 ], [ 588019.53125, 2330670.15625 ], [ 588017.1875, 2330675.3125 ], [ 588015.3125, 2330677.1875 ], [ 588010.15625, 2330679.53125 ], [ 587999.6875, 2330680.3125 ], [ 587993.75, 2330681.875 ], [ 587987.1875, 2330686.5625 ], [ 587944.375, 2330771.25 ], [ 587937.8125, 2330779.6875 ], [ 587931.25, 2330784.375 ], [ 587908.75, 2330795.625 ], [ 587904.21875, 2330798.59375 ], [ 587898.59375, 2330804.21875 ], [ 587892.8125, 2330813.4375 ], [ 587888.75, 2330816.875 ], [ 587880.3125, 2330819.6875 ], [ 587866.5625, 2330820.9375 ], [ 587861.25, 2330823.125 ], [ 587857.1875, 2330826.5625 ], [ 587823.28125, 2330893.90625 ], [ 587820.46875, 2330906.09375 ], [ 587819.6875, 2330920.3125 ], [ 587816.875, 2330928.75 ], [ 587811.25, 2330934.375 ], [ 587788.75, 2330945.625 ], [ 587783.125, 2330951.25 ], [ 587780.9375, 2330956.5625 ], [ 587780.0, 2330963.125 ], [ 587780.0, 2331026.875 ], [ 587779.0625, 2331037.1875 ], [ 587776.71875, 2331046.09375 ], [ 587772.8125, 2331053.4375 ], [ 587768.75, 2331056.875 ], [ 587763.4375, 2331059.0625 ], [ 587753.125, 2331060.0 ], [ 587747.03125, 2331061.40625 ], [ 587742.8125, 2331064.6875 ], [ 587740.46875, 2331069.84375 ], [ 587740.0, 2331136.875 ], [ 587741.875, 2331146.25 ], [ 587744.6875, 2331150.9375 ], [ 587748.75, 2331154.375 ], [ 587756.71875, 2331157.65625 ], [ 587766.09375, 2331159.53125 ], [ 587836.875, 2331160.0 ], [ 587846.25, 2331158.125 ], [ 587850.9375, 2331155.3125 ], [ 587857.1875, 2331146.5625 ], [ 587861.25, 2331143.125 ], [ 587866.5625, 2331140.9375 ], [ 587880.3125, 2331139.6875 ], [ 587888.75, 2331136.875 ], [ 587892.8125, 2331133.4375 ], [ 587900.3125, 2331122.1875 ], [ 587908.75, 2331115.625 ], [ 588013.59375, 2331062.96875 ], [ 588021.40625, 2331055.78125 ], [ 588037.03125, 2331026.40625 ], [ 588040.3125, 2331022.1875 ], [ 588046.40625, 2331017.03125 ], [ 588151.25, 2330964.375 ], [ 588155.78125, 2330961.40625 ], [ 588162.96875, 2330953.59375 ], [ 588175.625, 2330928.75 ], [ 588179.0625, 2330924.6875 ], [ 588186.5625, 2330920.9375 ], [ 588203.4375, 2330919.0625 ], [ 588208.75, 2330916.875 ], [ 588212.8125, 2330913.4375 ], [ 588235.625, 2330868.75 ], [ 588240.3125, 2330862.1875 ], [ 588246.40625, 2330857.03125 ], [ 588271.25, 2330844.375 ], [ 588277.8125, 2330839.6875 ], [ 588282.96875, 2330833.59375 ], [ 588295.625, 2330808.75 ], [ 588300.3125, 2330802.1875 ], [ 588306.40625, 2330797.03125 ], [ 588331.25, 2330784.375 ], [ 588337.8125, 2330779.6875 ], [ 588344.375, 2330771.25 ], [ 588357.03125, 2330746.40625 ], [ 588364.21875, 2330738.59375 ], [ 588368.75, 2330735.625 ], [ 588433.59375, 2330702.96875 ], [ 588441.40625, 2330695.78125 ], [ 588447.1875, 2330686.5625 ], [ 588453.75, 2330681.875 ], [ 588463.125, 2330680.0 ], [ 588500.3125, 2330679.6875 ], [ 588506.25, 2330678.125 ], [ 588510.9375, 2330675.3125 ], [ 588514.375, 2330671.25 ], [ 588535.625, 2330628.75 ], [ 588540.3125, 2330622.1875 ], [ 588546.40625, 2330617.03125 ], [ 588571.25, 2330604.375 ], [ 588577.8125, 2330599.6875 ], [ 588582.96875, 2330593.59375 ], [ 588595.625, 2330568.75 ], [ 588600.3125, 2330562.1875 ], [ 588606.40625, 2330557.03125 ], [ 588631.25, 2330544.375 ], [ 588637.8125, 2330539.6875 ], [ 588642.96875, 2330533.59375 ], [ 588655.625, 2330508.75 ], [ 588659.0625, 2330504.6875 ], [ 588666.5625, 2330500.9375 ], [ 588680.3125, 2330499.6875 ], [ 588688.75, 2330496.875 ], [ 588692.8125, 2330493.4375 ], [ 588700.3125, 2330482.1875 ], [ 588708.75, 2330475.625 ], [ 588891.25, 2330384.375 ], [ 588899.6875, 2330377.8125 ], [ 588907.1875, 2330366.5625 ], [ 588911.25, 2330363.125 ], [ 588919.6875, 2330360.3125 ], [ 588933.4375, 2330359.0625 ], [ 588940.9375, 2330355.3125 ], [ 588944.375, 2330351.25 ], [ 588957.03125, 2330326.40625 ], [ 588962.1875, 2330320.3125 ], [ 588968.75, 2330315.625 ], [ 588993.59375, 2330302.96875 ], [ 589001.40625, 2330295.78125 ], [ 589004.375, 2330291.25 ], [ 589037.1875, 2330226.5625 ], [ 589043.75, 2330221.875 ], [ 589049.6875, 2330220.3125 ], [ 589063.4375, 2330219.0625 ], [ 589068.75, 2330216.875 ], [ 589072.8125, 2330213.4375 ], [ 589095.625, 2330168.75 ], [ 589100.3125, 2330162.1875 ], [ 589108.75, 2330155.625 ], [ 589131.25, 2330144.375 ], [ 589136.875, 2330138.75 ], [ 589139.6875, 2330130.3125 ], [ 589140.9375, 2330116.5625 ], [ 589144.6875, 2330109.0625 ], [ 589148.75, 2330105.625 ], [ 589191.25, 2330084.375 ], [ 589197.8125, 2330079.6875 ], [ 589202.96875, 2330073.59375 ], [ 589215.625, 2330048.75 ], [ 589220.3125, 2330042.1875 ], [ 589226.40625, 2330037.03125 ], [ 589251.25, 2330024.375 ], [ 589257.8125, 2330019.6875 ], [ 589262.96875, 2330013.59375 ], [ 589275.625, 2329988.75 ], [ 589282.1875, 2329980.3125 ], [ 589288.75, 2329975.625 ], [ 589311.25, 2329964.375 ], [ 589315.78125, 2329961.40625 ], [ 589321.40625, 2329955.78125 ], [ 589327.1875, 2329946.5625 ], [ 589331.25, 2329943.125 ], [ 589339.6875, 2329940.3125 ], [ 589353.4375, 2329939.0625 ], [ 589360.9375, 2329935.3125 ], [ 589364.375, 2329931.25 ], [ 589375.625, 2329908.75 ], [ 589381.25, 2329903.125 ], [ 589386.5625, 2329900.9375 ], [ 589400.3125, 2329899.6875 ], [ 589408.75, 2329896.875 ], [ 589412.8125, 2329893.4375 ], [ 589420.3125, 2329882.1875 ], [ 589426.40625, 2329877.03125 ], [ 589473.4375, 2329852.8125 ], [ 589478.125, 2329846.25 ], [ 589479.6875, 2329840.3125 ], [ 589480.46875, 2329829.84375 ], [ 589482.8125, 2329824.6875 ], [ 589484.6875, 2329822.8125 ], [ 589489.84375, 2329820.46875 ], [ 589500.3125, 2329819.6875 ], [ 589506.25, 2329818.125 ], [ 589512.8125, 2329813.4375 ], [ 589535.625, 2329768.75 ], [ 589539.0625, 2329764.6875 ], [ 589546.5625, 2329760.9375 ], [ 589560.3125, 2329759.6875 ], [ 589568.75, 2329756.875 ], [ 589572.8125, 2329753.4375 ], [ 589577.1875, 2329746.5625 ], [ 589583.75, 2329741.875 ], [ 589589.6875, 2329740.3125 ], [ 589600.3125, 2329739.6875 ], [ 589608.75, 2329736.875 ], [ 589612.8125, 2329733.4375 ], [ 589617.1875, 2329726.5625 ], [ 589623.75, 2329721.875 ], [ 589629.6875, 2329720.3125 ], [ 589640.3125, 2329719.6875 ], [ 589648.75, 2329716.875 ], [ 589652.8125, 2329713.4375 ], [ 589657.1875, 2329706.5625 ], [ 589663.75, 2329701.875 ], [ 589673.125, 2329700.0 ], [ 589706.875, 2329700.0 ], [ 589713.4375, 2329699.0625 ], [ 589720.9375, 2329695.3125 ], [ 589727.1875, 2329686.5625 ], [ 589733.75, 2329681.875 ], [ 589739.6875, 2329680.3125 ], [ 589753.90625, 2329679.53125 ], [ 589763.28125, 2329677.65625 ], [ 589768.75, 2329675.625 ], [ 589791.25, 2329664.375 ], [ 589802.8125, 2329660.9375 ], [ 589813.125, 2329660.0 ], [ 589846.875, 2329660.0 ], [ 589853.4375, 2329659.0625 ], [ 589860.9375, 2329655.3125 ], [ 589867.1875, 2329646.5625 ], [ 589871.25, 2329643.125 ], [ 589876.5625, 2329640.9375 ], [ 589883.125, 2329640.0 ], [ 590100.3125, 2329640.3125 ], [ 590108.75, 2329643.125 ], [ 590112.8125, 2329646.5625 ], [ 590119.0625, 2329655.3125 ], [ 590126.5625, 2329659.0625 ], [ 590133.125, 2329660.0 ], [ 590166.875, 2329660.0 ], [ 590177.1875, 2329660.9375 ], [ 590188.75, 2329664.375 ], [ 590211.25, 2329675.625 ], [ 590216.71875, 2329677.65625 ], [ 590226.09375, 2329679.53125 ], [ 590243.4375, 2329680.9375 ], [ 590250.9375, 2329684.6875 ], [ 590257.1875, 2329693.4375 ], [ 590263.75, 2329698.125 ], [ 590269.6875, 2329699.6875 ], [ 590280.3125, 2329700.3125 ], [ 590288.75, 2329703.125 ], [ 590292.8125, 2329706.5625 ], [ 590297.1875, 2329713.4375 ], [ 590303.75, 2329718.125 ], [ 590309.6875, 2329719.6875 ], [ 590320.3125, 2329720.3125 ], [ 590328.75, 2329723.125 ], [ 590332.8125, 2329726.5625 ], [ 590337.1875, 2329733.4375 ], [ 590343.75, 2329738.125 ], [ 590353.125, 2329740.0 ], [ 590386.875, 2329740.0 ], [ 590393.4375, 2329740.9375 ], [ 590400.9375, 2329744.6875 ], [ 590407.1875, 2329753.4375 ], [ 590413.75, 2329758.125 ], [ 590419.6875, 2329759.6875 ], [ 590433.90625, 2329760.46875 ], [ 590443.28125, 2329762.34375 ], [ 590448.75, 2329764.375 ], [ 590513.90625, 2329796.71875 ], [ 590522.8125, 2329799.0625 ], [ 590540.3125, 2329800.3125 ], [ 590546.25, 2329801.875 ], [ 590550.9375, 2329804.6875 ], [ 590560.3125, 2329817.8125 ], [ 590568.75, 2329824.375 ], [ 590693.4375, 2329887.1875 ], [ 590696.875, 2329891.25 ], [ 590699.0625, 2329896.5625 ], [ 590700.46875, 2329913.90625 ], [ 590703.28125, 2329926.09375 ], [ 590727.1875, 2329973.4375 ], [ 590731.25, 2329976.875 ], [ 590736.5625, 2329979.0625 ], [ 590753.90625, 2329980.46875 ], [ 590766.09375, 2329983.28125 ], [ 590773.4375, 2329987.1875 ], [ 590778.125, 2329993.75 ], [ 590779.6875, 2329999.6875 ], [ 590780.0, 2330006.875 ], [ 590779.53125, 2330013.90625 ], [ 590777.65625, 2330023.28125 ], [ 590775.625, 2330028.75 ], [ 590764.375, 2330051.25 ], [ 590761.40625, 2330055.78125 ], [ 590755.78125, 2330061.40625 ], [ 590724.21875, 2330078.59375 ], [ 590718.59375, 2330084.21875 ], [ 590712.8125, 2330093.4375 ], [ 590706.25, 2330098.125 ], [ 590696.875, 2330100.0 ], [ 590663.125, 2330100.0 ], [ 590656.5625, 2330099.0625 ], [ 590649.0625, 2330095.3125 ], [ 590640.9375, 2330084.6875 ], [ 590633.4375, 2330080.9375 ], [ 590626.875, 2330080.0 ], [ 590593.125, 2330080.0 ], [ 590586.5625, 2330079.0625 ], [ 590581.25, 2330076.875 ], [ 590575.625, 2330071.25 ], [ 590564.375, 2330048.75 ], [ 590560.9375, 2330044.6875 ], [ 590556.25, 2330041.875 ], [ 590546.875, 2330040.0 ], [ 590513.125, 2330040.0 ], [ 590506.5625, 2330039.0625 ], [ 590499.0625, 2330035.3125 ], [ 590490.9375, 2330024.6875 ], [ 590486.25, 2330021.875 ], [ 590480.3125, 2330020.3125 ], [ 590413.125, 2330020.0 ], [ 590406.5625, 2330019.0625 ], [ 590401.25, 2330016.875 ], [ 590397.1875, 2330013.4375 ], [ 590384.375, 2329988.75 ], [ 590380.9375, 2329984.6875 ], [ 590376.25, 2329981.875 ], [ 590366.875, 2329980.0 ], [ 590333.125, 2329980.0 ], [ 590326.5625, 2329979.0625 ], [ 590319.0625, 2329975.3125 ], [ 590312.8125, 2329966.5625 ], [ 590306.25, 2329961.875 ], [ 590300.3125, 2329960.3125 ], [ 590286.09375, 2329959.53125 ], [ 590276.71875, 2329957.65625 ], [ 590271.25, 2329955.625 ], [ 590248.75, 2329944.375 ], [ 590240.3125, 2329941.5625 ], [ 590230.46875, 2329940.15625 ], [ 590193.125, 2329940.0 ], [ 590186.5625, 2329939.0625 ], [ 590179.0625, 2329935.3125 ], [ 590172.8125, 2329926.5625 ], [ 590166.25, 2329921.875 ], [ 590160.3125, 2329920.3125 ], [ 590149.53125, 2329919.84375 ], [ 590139.6875, 2329918.4375 ], [ 590131.25, 2329915.625 ], [ 590108.75, 2329904.375 ], [ 590103.28125, 2329902.34375 ], [ 590093.90625, 2329900.46875 ], [ 590079.6875, 2329899.6875 ], [ 590073.75, 2329898.125 ], [ 590069.0625, 2329895.3125 ], [ 590062.8125, 2329886.5625 ], [ 590058.75, 2329883.125 ], [ 590053.4375, 2329880.9375 ], [ 590046.875, 2329880.0 ], [ 589829.53125, 2329880.15625 ], [ 589822.8125, 2329880.9375 ], [ 589813.90625, 2329883.28125 ], [ 589788.75, 2329895.625 ], [ 589777.1875, 2329899.0625 ], [ 589766.875, 2329900.0 ], [ 589733.125, 2329900.0 ], [ 589719.6875, 2329901.5625 ], [ 589711.25, 2329904.375 ], [ 589646.09375, 2329936.71875 ], [ 589637.1875, 2329939.0625 ], [ 589619.6875, 2329940.3125 ], [ 589613.75, 2329941.875 ], [ 589609.0625, 2329944.6875 ], [ 589602.8125, 2329953.4375 ], [ 589598.75, 2329956.875 ], [ 589593.4375, 2329959.0625 ], [ 589579.6875, 2329960.3125 ], [ 589573.75, 2329961.875 ], [ 589569.0625, 2329964.6875 ], [ 589562.8125, 2329973.4375 ], [ 589558.75, 2329976.875 ], [ 589553.4375, 2329979.0625 ], [ 589539.6875, 2329980.3125 ], [ 589533.75, 2329981.875 ], [ 589529.0625, 2329984.6875 ], [ 589522.8125, 2329993.4375 ], [ 589518.75, 2329996.875 ], [ 589513.4375, 2329999.0625 ], [ 589499.6875, 2330000.3125 ], [ 589491.25, 2330003.125 ], [ 589487.1875, 2330006.5625 ], [ 589479.6875, 2330017.8125 ], [ 589475.78125, 2330021.40625 ], [ 589466.5625, 2330027.1875 ], [ 589463.125, 2330031.25 ], [ 589460.3125, 2330039.6875 ], [ 589459.0625, 2330053.4375 ], [ 589455.3125, 2330060.9375 ], [ 589451.25, 2330064.375 ], [ 589428.75, 2330075.625 ], [ 589422.1875, 2330080.3125 ], [ 589417.03125, 2330086.40625 ], [ 589404.375, 2330111.25 ], [ 589400.9375, 2330115.3125 ], [ 589396.25, 2330118.125 ], [ 589390.3125, 2330119.6875 ], [ 589353.125, 2330120.0 ], [ 589343.75, 2330121.875 ], [ 589337.1875, 2330126.5625 ], [ 589324.375, 2330151.25 ], [ 589318.75, 2330156.875 ], [ 589313.4375, 2330159.0625 ], [ 589299.6875, 2330160.3125 ], [ 589293.75, 2330161.875 ], [ 589289.0625, 2330164.6875 ], [ 589282.8125, 2330173.4375 ], [ 589278.75, 2330176.875 ], [ 589273.4375, 2330179.0625 ], [ 589259.6875, 2330180.3125 ], [ 589251.25, 2330183.125 ], [ 589247.1875, 2330186.5625 ], [ 589241.40625, 2330195.78125 ], [ 589235.78125, 2330201.40625 ], [ 589231.25, 2330204.375 ], [ 589208.75, 2330215.625 ], [ 589200.3125, 2330222.1875 ], [ 589195.625, 2330228.75 ], [ 589184.375, 2330251.25 ], [ 589177.8125, 2330259.6875 ], [ 589171.25, 2330264.375 ], [ 589148.75, 2330275.625 ], [ 589140.3125, 2330282.1875 ], [ 589135.625, 2330288.75 ], [ 589124.375, 2330311.25 ], [ 589117.8125, 2330319.6875 ], [ 589111.25, 2330324.375 ], [ 589088.75, 2330335.625 ], [ 589084.21875, 2330338.59375 ], [ 589078.59375, 2330344.21875 ], [ 589072.8125, 2330353.4375 ], [ 589068.75, 2330356.875 ], [ 589060.3125, 2330359.6875 ], [ 589046.5625, 2330360.9375 ], [ 589039.0625, 2330364.6875 ], [ 589035.625, 2330368.75 ], [ 589024.375, 2330391.25 ], [ 589019.6875, 2330397.8125 ], [ 589013.59375, 2330402.96875 ], [ 588988.75, 2330415.625 ], [ 588984.6875, 2330419.0625 ], [ 588980.9375, 2330426.5625 ], [ 588979.6875, 2330440.3125 ], [ 588976.875, 2330448.75 ], [ 588973.4375, 2330452.8125 ], [ 588964.21875, 2330458.59375 ], [ 588958.59375, 2330464.21875 ], [ 588955.625, 2330468.75 ], [ 588944.375, 2330491.25 ], [ 588940.9375, 2330495.3125 ], [ 588936.25, 2330498.125 ], [ 588930.3125, 2330499.6875 ], [ 588886.09375, 2330500.46875 ], [ 588876.71875, 2330502.34375 ], [ 588868.75, 2330505.625 ], [ 588864.6875, 2330509.0625 ], [ 588861.875, 2330513.75 ], [ 588860.3125, 2330519.6875 ], [ 588859.53125, 2330530.15625 ], [ 588858.59375, 2330532.96875 ], [ 588855.3125, 2330537.1875 ], [ 588850.15625, 2330539.53125 ], [ 588839.6875, 2330540.3125 ], [ 588831.25, 2330543.125 ], [ 588827.1875, 2330546.5625 ], [ 588819.6875, 2330557.8125 ], [ 588811.25, 2330564.375 ], [ 588706.40625, 2330617.03125 ], [ 588702.1875, 2330620.3125 ], [ 588697.03125, 2330626.40625 ], [ 588684.375, 2330651.25 ], [ 588677.8125, 2330659.6875 ], [ 588671.25, 2330664.375 ], [ 588608.75, 2330695.625 ], [ 588604.21875, 2330698.59375 ], [ 588597.03125, 2330706.40625 ], [ 588584.375, 2330731.25 ], [ 588577.8125, 2330739.6875 ], [ 588571.25, 2330744.375 ], [ 588548.75, 2330755.625 ], [ 588544.21875, 2330758.59375 ], [ 588538.59375, 2330764.21875 ], [ 588532.8125, 2330773.4375 ], [ 588528.75, 2330776.875 ], [ 588520.3125, 2330779.6875 ], [ 588506.5625, 2330780.9375 ], [ 588499.0625, 2330784.6875 ], [ 588495.625, 2330788.75 ], [ 588484.375, 2330811.25 ], [ 588480.9375, 2330815.3125 ], [ 588473.4375, 2330819.0625 ], [ 588459.6875, 2330820.3125 ], [ 588453.75, 2330821.875 ], [ 588449.0625, 2330824.6875 ], [ 588442.8125, 2330833.4375 ], [ 588438.75, 2330836.875 ], [ 588430.3125, 2330839.6875 ], [ 588416.5625, 2330840.9375 ], [ 588409.0625, 2330844.6875 ], [ 588405.625, 2330848.75 ], [ 588384.375, 2330891.25 ], [ 588381.40625, 2330895.78125 ], [ 588375.78125, 2330901.40625 ], [ 588371.25, 2330904.375 ], [ 588306.40625, 2330937.03125 ], [ 588300.3125, 2330942.1875 ], [ 588292.8125, 2330953.4375 ], [ 588288.75, 2330956.875 ], [ 588280.3125, 2330959.6875 ], [ 588269.84375, 2330960.46875 ], [ 588264.6875, 2330962.8125 ], [ 588262.8125, 2330964.6875 ], [ 588260.46875, 2330969.84375 ], [ 588260.0, 2331006.875 ], [ 588258.59375, 2331012.96875 ], [ 588255.3125, 2331017.1875 ], [ 588250.15625, 2331019.53125 ], [ 588239.6875, 2331020.3125 ], [ 588231.25, 2331023.125 ], [ 588227.1875, 2331026.5625 ], [ 588221.40625, 2331035.78125 ], [ 588215.78125, 2331041.40625 ], [ 588184.21875, 2331058.59375 ], [ 588177.03125, 2331066.40625 ], [ 588162.96875, 2331093.59375 ], [ 588159.6875, 2331097.8125 ], [ 588153.59375, 2331102.96875 ], [ 588088.75, 2331135.625 ], [ 588082.1875, 2331140.3125 ], [ 588077.03125, 2331146.40625 ], [ 588064.375, 2331171.25 ], [ 588059.6875, 2331177.8125 ], [ 588053.59375, 2331182.96875 ], [ 588028.75, 2331195.625 ], [ 588022.1875, 2331200.3125 ], [ 588017.03125, 2331206.40625 ], [ 588004.375, 2331231.25 ], [ 588000.9375, 2331235.3125 ], [ 587993.4375, 2331239.0625 ], [ 587976.5625, 2331240.9375 ], [ 587971.25, 2331243.125 ], [ 587967.1875, 2331246.5625 ], [ 587944.375, 2331291.25 ], [ 587940.9375, 2331295.3125 ], [ 587933.4375, 2331299.0625 ], [ 587919.6875, 2331300.3125 ], [ 587911.25, 2331303.125 ], [ 587907.1875, 2331306.5625 ], [ 587901.40625, 2331315.78125 ], [ 587895.78125, 2331321.40625 ], [ 587891.25, 2331324.375 ], [ 587868.75, 2331335.625 ], [ 587862.1875, 2331340.3125 ], [ 587857.03125, 2331346.40625 ], [ 587844.375, 2331371.25 ], [ 587839.6875, 2331377.8125 ], [ 587833.59375, 2331382.96875 ], [ 587808.75, 2331395.625 ], [ 587802.1875, 2331400.3125 ], [ 587797.03125, 2331406.40625 ], [ 587784.375, 2331431.25 ], [ 587780.9375, 2331435.3125 ], [ 587776.25, 2331438.125 ], [ 587770.3125, 2331439.6875 ], [ 587733.125, 2331440.0 ], [ 587719.6875, 2331441.5625 ], [ 587711.25, 2331444.375 ], [ 587686.5625, 2331457.1875 ], [ 587683.125, 2331461.25 ], [ 587680.3125, 2331469.6875 ], [ 587680.0, 2331506.875 ], [ 587679.0625, 2331513.4375 ], [ 587675.3125, 2331520.9375 ], [ 587666.5625, 2331527.1875 ], [ 587663.125, 2331531.25 ], [ 587660.3125, 2331539.6875 ], [ 587659.0625, 2331553.4375 ], [ 587655.3125, 2331560.9375 ], [ 587651.25, 2331564.375 ], [ 587626.40625, 2331577.03125 ], [ 587620.3125, 2331582.1875 ], [ 587615.625, 2331588.75 ], [ 587604.375, 2331611.25 ], [ 587597.8125, 2331619.6875 ], [ 587591.25, 2331624.375 ], [ 587566.40625, 2331637.03125 ], [ 587558.59375, 2331644.21875 ], [ 587555.625, 2331648.75 ], [ 587512.8125, 2331733.4375 ], [ 587508.75, 2331736.875 ], [ 587503.4375, 2331739.0625 ], [ 587489.6875, 2331740.3125 ], [ 587483.75, 2331741.875 ], [ 587479.0625, 2331744.6875 ], [ 587475.625, 2331748.75 ], [ 587464.375, 2331771.25 ], [ 587460.9375, 2331782.8125 ], [ 587460.0, 2331793.125 ], [ 587460.0, 2331826.875 ], [ 587459.0625, 2331833.4375 ], [ 587455.3125, 2331840.9375 ], [ 587446.5625, 2331847.1875 ], [ 587443.125, 2331851.25 ], [ 587440.3125, 2331859.6875 ], [ 587439.0625, 2331873.4375 ], [ 587435.3125, 2331880.9375 ], [ 587431.25, 2331884.375 ], [ 587408.75, 2331895.625 ], [ 587404.6875, 2331899.0625 ], [ 587400.9375, 2331906.5625 ], [ 587399.6875, 2331920.3125 ], [ 587396.875, 2331928.75 ], [ 587393.4375, 2331932.8125 ], [ 587384.21875, 2331938.59375 ], [ 587378.59375, 2331944.21875 ], [ 587375.625, 2331948.75 ], [ 587364.375, 2331971.25 ], [ 587359.6875, 2331977.8125 ], [ 587353.59375, 2331982.96875 ], [ 587328.75, 2331995.625 ], [ 587322.1875, 2332000.3125 ], [ 587317.03125, 2332006.40625 ], [ 587304.375, 2332031.25 ], [ 587299.6875, 2332037.8125 ], [ 587293.59375, 2332042.96875 ], [ 587268.75, 2332055.625 ], [ 587262.1875, 2332060.3125 ], [ 587257.03125, 2332066.40625 ], [ 587244.375, 2332091.25 ], [ 587239.6875, 2332097.8125 ], [ 587233.59375, 2332102.96875 ], [ 587208.75, 2332115.625 ], [ 587202.1875, 2332120.3125 ], [ 587195.625, 2332128.75 ], [ 587182.96875, 2332153.59375 ], [ 587175.78125, 2332161.40625 ], [ 587171.25, 2332164.375 ], [ 587106.40625, 2332197.03125 ], [ 587100.3125, 2332202.1875 ], [ 587092.8125, 2332213.4375 ], [ 587088.75, 2332216.875 ], [ 587083.4375, 2332219.0625 ], [ 587069.6875, 2332220.3125 ], [ 587061.25, 2332223.125 ], [ 587055.625, 2332228.75 ], [ 587044.375, 2332251.25 ], [ 587038.75, 2332256.875 ], [ 587033.4375, 2332259.0625 ], [ 587019.6875, 2332260.3125 ], [ 587013.75, 2332261.875 ], [ 587009.0625, 2332264.6875 ], [ 587002.8125, 2332273.4375 ], [ 586998.75, 2332276.875 ], [ 586993.4375, 2332279.0625 ], [ 586979.6875, 2332280.3125 ], [ 586973.75, 2332281.875 ], [ 586969.0625, 2332284.6875 ], [ 586962.8125, 2332293.4375 ], [ 586956.25, 2332298.125 ], [ 586946.875, 2332300.0 ], [ 586913.125, 2332300.0 ], [ 586906.5625, 2332300.9375 ], [ 586901.25, 2332303.125 ], [ 586895.625, 2332308.75 ], [ 586884.375, 2332331.25 ], [ 586877.8125, 2332339.6875 ], [ 586871.25, 2332344.375 ], [ 586848.75, 2332355.625 ], [ 586840.3125, 2332362.1875 ], [ 586835.625, 2332368.75 ], [ 586824.375, 2332391.25 ], [ 586820.9375, 2332395.3125 ], [ 586813.4375, 2332399.0625 ], [ 586799.6875, 2332400.3125 ], [ 586791.25, 2332403.125 ], [ 586787.1875, 2332406.5625 ], [ 586781.40625, 2332415.78125 ], [ 586775.78125, 2332421.40625 ], [ 586744.21875, 2332438.59375 ], [ 586737.03125, 2332446.40625 ], [ 586724.375, 2332471.25 ], [ 586718.75, 2332476.875 ], [ 586713.4375, 2332479.0625 ], [ 586699.6875, 2332480.3125 ], [ 586693.75, 2332481.875 ], [ 586687.1875, 2332486.5625 ], [ 586680.9375, 2332495.3125 ], [ 586673.4375, 2332499.0625 ], [ 586666.875, 2332500.0 ], [ 586633.125, 2332500.0 ], [ 586623.75, 2332501.875 ], [ 586617.1875, 2332506.5625 ], [ 586604.375, 2332531.25 ], [ 586598.75, 2332536.875 ], [ 586593.4375, 2332539.0625 ], [ 586579.6875, 2332540.3125 ], [ 586573.75, 2332541.875 ], [ 586569.0625, 2332544.6875 ], [ 586562.8125, 2332553.4375 ], [ 586558.75, 2332556.875 ], [ 586553.4375, 2332559.0625 ], [ 586539.6875, 2332560.3125 ], [ 586533.75, 2332561.875 ], [ 586529.0625, 2332564.6875 ], [ 586522.8125, 2332573.4375 ], [ 586518.75, 2332576.875 ], [ 586510.3125, 2332579.6875 ], [ 586496.5625, 2332580.9375 ], [ 586489.0625, 2332584.6875 ], [ 586485.625, 2332588.75 ], [ 586481.40625, 2332595.78125 ], [ 586475.78125, 2332601.40625 ], [ 586471.25, 2332604.375 ], [ 586448.75, 2332615.625 ], [ 586440.3125, 2332622.1875 ], [ 586435.625, 2332628.75 ], [ 586424.375, 2332651.25 ], [ 586417.8125, 2332659.6875 ], [ 586411.25, 2332664.375 ], [ 586388.75, 2332675.625 ], [ 586380.3125, 2332682.1875 ], [ 586375.625, 2332688.75 ], [ 586364.375, 2332711.25 ], [ 586357.8125, 2332719.6875 ], [ 586351.25, 2332724.375 ], [ 586328.75, 2332735.625 ], [ 586320.3125, 2332742.1875 ], [ 586315.625, 2332748.75 ], [ 586304.375, 2332771.25 ], [ 586300.9375, 2332775.3125 ], [ 586293.4375, 2332779.0625 ], [ 586279.6875, 2332780.3125 ], [ 586271.25, 2332783.125 ], [ 586267.1875, 2332786.5625 ], [ 586261.40625, 2332795.78125 ], [ 586255.78125, 2332801.40625 ], [ 586224.21875, 2332818.59375 ], [ 586217.03125, 2332826.40625 ], [ 586204.375, 2332851.25 ], [ 586197.8125, 2332859.6875 ], [ 586191.25, 2332864.375 ], [ 586168.75, 2332875.625 ], [ 586160.3125, 2332882.1875 ], [ 586155.625, 2332888.75 ], [ 586144.375, 2332911.25 ], [ 586137.8125, 2332919.6875 ], [ 586131.25, 2332924.375 ], [ 586086.5625, 2332947.1875 ], [ 586081.875, 2332953.75 ], [ 586080.3125, 2332959.6875 ], [ 586079.53125, 2332970.15625 ], [ 586078.59375, 2332972.96875 ], [ 586075.3125, 2332977.1875 ], [ 586070.15625, 2332979.53125 ], [ 586059.6875, 2332980.3125 ], [ 586051.25, 2332983.125 ], [ 586047.1875, 2332986.5625 ], [ 586041.40625, 2332995.78125 ], [ 586035.78125, 2333001.40625 ], [ 586031.25, 2333004.375 ], [ 586008.75, 2333015.625 ], [ 586000.3125, 2333018.4375 ], [ 585993.90625, 2333019.53125 ], [ 585979.6875, 2333020.3125 ], [ 585971.25, 2333023.125 ], [ 585967.1875, 2333026.5625 ], [ 585961.40625, 2333035.78125 ], [ 585955.78125, 2333041.40625 ], [ 585951.25, 2333044.375 ], [ 585928.75, 2333055.625 ], [ 585920.3125, 2333062.1875 ], [ 585915.625, 2333068.75 ], [ 585904.375, 2333091.25 ], [ 585898.75, 2333096.875 ], [ 585893.4375, 2333099.0625 ], [ 585879.6875, 2333100.3125 ], [ 585873.75, 2333101.875 ], [ 585869.0625, 2333104.6875 ], [ 585862.8125, 2333113.4375 ], [ 585858.75, 2333116.875 ], [ 585853.4375, 2333119.0625 ], [ 585839.6875, 2333120.3125 ], [ 585833.75, 2333121.875 ], [ 585829.0625, 2333124.6875 ], [ 585822.8125, 2333133.4375 ], [ 585818.75, 2333136.875 ], [ 585813.4375, 2333139.0625 ], [ 585799.6875, 2333140.3125 ], [ 585793.75, 2333141.875 ], [ 585789.0625, 2333144.6875 ], [ 585782.8125, 2333153.4375 ], [ 585778.75, 2333156.875 ], [ 585773.4375, 2333159.0625 ], [ 585759.6875, 2333160.3125 ], [ 585753.75, 2333161.875 ], [ 585749.0625, 2333164.6875 ], [ 585742.8125, 2333173.4375 ], [ 585736.25, 2333178.125 ], [ 585726.875, 2333180.0 ], [ 585689.53125, 2333180.15625 ], [ 585676.71875, 2333182.34375 ], [ 585671.25, 2333184.375 ], [ 585608.75, 2333215.625 ], [ 585602.1875, 2333220.3125 ], [ 585597.03125, 2333226.40625 ], [ 585564.375, 2333291.25 ], [ 585560.9375, 2333295.3125 ], [ 585556.25, 2333298.125 ], [ 585546.875, 2333300.0 ], [ 585479.6875, 2333299.6875 ], [ 585473.75, 2333298.125 ], [ 585469.0625, 2333295.3125 ], [ 585462.8125, 2333286.5625 ], [ 585458.75, 2333283.125 ], [ 585453.4375, 2333280.9375 ], [ 585446.875, 2333280.0 ], [ 585353.125, 2333280.0 ], [ 585346.5625, 2333280.9375 ], [ 585341.25, 2333283.125 ], [ 585335.625, 2333288.75 ], [ 585314.375, 2333331.25 ], [ 585308.75, 2333336.875 ], [ 585303.4375, 2333339.0625 ], [ 585289.6875, 2333340.3125 ], [ 585283.75, 2333341.875 ], [ 585279.0625, 2333344.6875 ], [ 585272.8125, 2333353.4375 ], [ 585268.75, 2333356.875 ], [ 585263.4375, 2333359.0625 ], [ 585249.6875, 2333360.3125 ], [ 585243.75, 2333361.875 ], [ 585239.0625, 2333364.6875 ], [ 585232.8125, 2333373.4375 ], [ 585226.25, 2333378.125 ], [ 585216.875, 2333380.0 ], [ 585183.125, 2333380.0 ], [ 585173.75, 2333381.875 ], [ 585167.1875, 2333386.5625 ], [ 585161.40625, 2333395.78125 ], [ 585155.78125, 2333401.40625 ], [ 585124.21875, 2333418.59375 ], [ 585118.59375, 2333424.21875 ], [ 585112.8125, 2333433.4375 ], [ 585108.75, 2333436.875 ], [ 585100.3125, 2333439.6875 ], [ 585063.125, 2333440.0 ], [ 585053.75, 2333441.875 ], [ 585049.0625, 2333444.6875 ], [ 585042.8125, 2333453.4375 ], [ 585038.75, 2333456.875 ], [ 585033.4375, 2333459.0625 ], [ 585019.6875, 2333460.3125 ], [ 585011.25, 2333463.125 ], [ 585007.1875, 2333466.5625 ], [ 585001.40625, 2333475.78125 ], [ 584995.78125, 2333481.40625 ], [ 584991.25, 2333484.375 ], [ 584968.75, 2333495.625 ], [ 584960.3125, 2333498.4375 ], [ 584950.46875, 2333499.84375 ], [ 584883.125, 2333500.0 ], [ 584876.5625, 2333500.9375 ], [ 584869.0625, 2333504.6875 ], [ 584862.8125, 2333513.4375 ], [ 584856.25, 2333518.125 ], [ 584850.3125, 2333519.6875 ], [ 584839.6875, 2333520.3125 ], [ 584831.25, 2333523.125 ], [ 584827.1875, 2333526.5625 ], [ 584821.40625, 2333535.78125 ], [ 584815.78125, 2333541.40625 ], [ 584811.25, 2333544.375 ], [ 584788.75, 2333555.625 ], [ 584783.28125, 2333557.65625 ], [ 584777.1875, 2333559.0625 ], [ 584766.875, 2333560.0 ], [ 584699.6875, 2333560.3125 ], [ 584691.25, 2333563.125 ], [ 584687.1875, 2333566.5625 ], [ 584680.9375, 2333575.3125 ], [ 584673.4375, 2333579.0625 ], [ 584666.875, 2333580.0 ], [ 584633.125, 2333580.0 ], [ 584627.03125, 2333581.40625 ], [ 584622.8125, 2333584.6875 ], [ 584621.40625, 2333587.03125 ], [ 584620.0, 2333593.125 ], [ 584620.0, 2333686.875 ], [ 584619.0625, 2333697.1875 ], [ 584617.65625, 2333703.28125 ], [ 584614.375, 2333711.25 ], [ 584610.9375, 2333715.3125 ], [ 584603.4375, 2333719.0625 ], [ 584593.125, 2333720.0 ], [ 584579.6875, 2333718.4375 ], [ 584568.75, 2333714.375 ], [ 584563.125, 2333708.75 ], [ 584560.9375, 2333703.4375 ], [ 584560.0, 2333696.875 ], [ 584559.6875, 2333659.6875 ], [ 584556.875, 2333651.25 ], [ 584551.25, 2333645.625 ], [ 584543.28125, 2333642.34375 ], [ 584530.46875, 2333640.15625 ], [ 584459.6875, 2333640.3125 ], [ 584453.75, 2333641.875 ], [ 584449.0625, 2333644.6875 ], [ 584445.625, 2333648.75 ], [ 584441.40625, 2333655.78125 ], [ 584433.59375, 2333662.96875 ], [ 584366.09375, 2333696.71875 ], [ 584357.1875, 2333699.0625 ], [ 584346.875, 2333700.0 ], [ 584283.125, 2333700.0 ], [ 584276.5625, 2333700.9375 ], [ 584271.25, 2333703.125 ], [ 584265.625, 2333708.75 ], [ 584243.28125, 2333753.90625 ], [ 584240.46875, 2333766.09375 ], [ 584239.6875, 2333780.3125 ], [ 584236.875, 2333788.75 ], [ 584233.4375, 2333792.8125 ], [ 584226.40625, 2333797.03125 ], [ 584220.3125, 2333802.1875 ], [ 584210.9375, 2333815.3125 ], [ 584203.4375, 2333819.0625 ], [ 584196.875, 2333820.0 ], [ 584133.125, 2333820.0 ], [ 584122.8125, 2333820.9375 ], [ 584111.25, 2333824.375 ], [ 584086.09375, 2333836.71875 ], [ 584073.90625, 2333839.53125 ], [ 583999.6875, 2333840.3125 ], [ 583991.25, 2333843.125 ], [ 583987.1875, 2333846.5625 ], [ 583980.9375, 2333855.3125 ], [ 583976.25, 2333858.125 ], [ 583970.3125, 2333859.6875 ], [ 583869.6875, 2333860.3125 ], [ 583861.25, 2333863.125 ], [ 583857.1875, 2333866.5625 ], [ 583850.9375, 2333875.3125 ], [ 583846.25, 2333878.125 ], [ 583840.3125, 2333879.6875 ], [ 583649.53125, 2333880.15625 ], [ 583642.8125, 2333880.9375 ], [ 583633.90625, 2333883.28125 ], [ 583606.09375, 2333896.71875 ], [ 583593.90625, 2333899.53125 ], [ 583463.125, 2333900.0 ], [ 583456.5625, 2333899.0625 ], [ 583451.25, 2333896.875 ], [ 583447.1875, 2333893.4375 ], [ 583442.8125, 2333886.5625 ], [ 583438.75, 2333883.125 ], [ 583433.4375, 2333880.9375 ], [ 583426.875, 2333880.0 ], [ 583153.125, 2333880.0 ], [ 583146.5625, 2333879.0625 ], [ 583139.0625, 2333875.3125 ], [ 583132.8125, 2333866.5625 ], [ 583126.25, 2333861.875 ], [ 583120.3125, 2333860.3125 ], [ 583109.6875, 2333859.6875 ], [ 583101.25, 2333856.875 ], [ 583097.1875, 2333853.4375 ], [ 583092.8125, 2333846.5625 ], [ 583086.25, 2333841.875 ], [ 583076.875, 2333840.0 ], [ 583043.125, 2333840.0 ], [ 583033.75, 2333838.125 ], [ 583027.1875, 2333833.4375 ], [ 583021.40625, 2333824.21875 ], [ 583015.78125, 2333818.59375 ], [ 583011.25, 2333815.625 ], [ 582986.09375, 2333803.28125 ], [ 582980.3125, 2333801.5625 ], [ 582970.46875, 2333800.15625 ], [ 582933.125, 2333800.0 ], [ 582919.6875, 2333798.4375 ], [ 582911.25, 2333795.625 ], [ 582888.75, 2333784.375 ], [ 582883.28125, 2333782.34375 ], [ 582873.90625, 2333780.46875 ], [ 582859.6875, 2333779.6875 ], [ 582853.75, 2333778.125 ], [ 582847.1875, 2333773.4375 ], [ 582840.9375, 2333764.6875 ], [ 582833.4375, 2333760.9375 ], [ 582826.875, 2333760.0 ], [ 582789.53125, 2333759.84375 ], [ 582776.71875, 2333757.65625 ], [ 582771.25, 2333755.625 ], [ 582708.75, 2333724.375 ], [ 582700.3125, 2333721.5625 ], [ 582686.875, 2333720.0 ], [ 582559.6875, 2333719.6875 ], [ 582553.75, 2333718.125 ], [ 582549.0625, 2333715.3125 ], [ 582545.625, 2333711.25 ], [ 582541.40625, 2333704.21875 ], [ 582533.59375, 2333697.03125 ], [ 582508.75, 2333684.375 ], [ 582500.3125, 2333681.5625 ], [ 582486.875, 2333680.0 ], [ 582389.53125, 2333679.84375 ], [ 582382.8125, 2333679.0625 ], [ 582373.90625, 2333676.71875 ], [ 582348.75, 2333664.375 ], [ 582337.1875, 2333660.9375 ], [ 582326.875, 2333660.0 ], [ 582259.6875, 2333659.6875 ], [ 582251.25, 2333656.875 ], [ 582247.1875, 2333653.4375 ], [ 582240.9375, 2333644.6875 ], [ 582233.4375, 2333640.9375 ], [ 582226.875, 2333640.0 ], [ 582159.6875, 2333639.6875 ], [ 582151.25, 2333636.875 ], [ 582147.1875, 2333633.4375 ], [ 582140.9375, 2333624.6875 ], [ 582133.4375, 2333620.9375 ], [ 582126.875, 2333620.0 ], [ 582059.6875, 2333619.6875 ], [ 582051.25, 2333616.875 ], [ 582047.1875, 2333613.4375 ], [ 582040.9375, 2333604.6875 ], [ 582033.4375, 2333600.9375 ], [ 582026.875, 2333600.0 ], [ 581989.53125, 2333599.84375 ], [ 581976.71875, 2333597.65625 ], [ 581971.25, 2333595.625 ], [ 581908.75, 2333564.375 ], [ 581897.1875, 2333560.9375 ], [ 581886.875, 2333560.0 ], [ 581789.53125, 2333560.15625 ], [ 581782.8125, 2333560.9375 ], [ 581773.90625, 2333563.28125 ], [ 581748.75, 2333575.625 ], [ 581737.1875, 2333579.0625 ], [ 581726.875, 2333580.0 ], [ 581693.125, 2333580.0 ], [ 581679.6875, 2333578.4375 ], [ 581671.25, 2333575.625 ], [ 581646.5625, 2333562.8125 ], [ 581641.875, 2333556.25 ], [ 581640.3125, 2333550.3125 ], [ 581639.0625, 2333536.5625 ], [ 581635.3125, 2333529.0625 ], [ 581631.25, 2333525.625 ], [ 581626.09375, 2333523.28125 ], [ 581613.90625, 2333520.46875 ], [ 581543.125, 2333520.0 ], [ 581536.5625, 2333520.9375 ], [ 581529.0625, 2333524.6875 ], [ 581522.8125, 2333533.4375 ], [ 581516.25, 2333538.125 ], [ 581506.875, 2333540.0 ], [ 581469.53125, 2333540.15625 ], [ 581456.71875, 2333542.34375 ], [ 581423.28125, 2333557.65625 ], [ 581413.90625, 2333559.53125 ], [ 581399.6875, 2333560.3125 ], [ 581393.75, 2333561.875 ], [ 581387.1875, 2333566.5625 ], [ 581380.9375, 2333575.3125 ], [ 581373.4375, 2333579.0625 ], [ 581366.875, 2333580.0 ], [ 581299.6875, 2333580.3125 ], [ 581291.25, 2333583.125 ], [ 581287.1875, 2333586.5625 ], [ 581280.9375, 2333595.3125 ], [ 581273.4375, 2333599.0625 ], [ 581266.875, 2333600.0 ], [ 581199.6875, 2333600.3125 ], [ 581191.25, 2333603.125 ], [ 581187.1875, 2333606.5625 ], [ 581180.9375, 2333615.3125 ], [ 581173.4375, 2333619.0625 ], [ 581166.875, 2333620.0 ], [ 581133.125, 2333620.0 ], [ 581127.03125, 2333618.59375 ], [ 581122.8125, 2333615.3125 ], [ 581121.40625, 2333612.96875 ], [ 581120.0, 2333606.875 ], [ 581120.46875, 2333566.09375 ], [ 581121.5625, 2333559.6875 ], [ 581124.375, 2333551.25 ], [ 581137.1875, 2333526.5625 ], [ 581141.25, 2333523.125 ], [ 581149.6875, 2333520.3125 ], [ 581186.875, 2333520.0 ], [ 581200.3125, 2333518.4375 ], [ 581211.25, 2333514.375 ], [ 581215.3125, 2333510.9375 ], [ 581218.125, 2333506.25 ], [ 581220.0, 2333496.875 ], [ 581220.0, 2333433.125 ], [ 581219.53125, 2333429.84375 ], [ 581217.1875, 2333424.6875 ], [ 581212.96875, 2333421.40625 ], [ 581206.875, 2333420.0 ], [ 581049.6875, 2333419.6875 ], [ 581043.75, 2333418.125 ], [ 581039.0625, 2333415.3125 ], [ 581032.8125, 2333406.5625 ], [ 581028.75, 2333403.125 ], [ 581023.4375, 2333400.9375 ], [ 581016.875, 2333400.0 ], [ 580829.53125, 2333400.15625 ], [ 580822.8125, 2333400.9375 ], [ 580813.90625, 2333403.28125 ], [ 580748.75, 2333435.625 ], [ 580743.28125, 2333437.65625 ], [ 580733.90625, 2333439.53125 ], [ 580453.125, 2333440.0 ], [ 580446.5625, 2333440.9375 ], [ 580441.25, 2333443.125 ], [ 580437.1875, 2333446.5625 ], [ 580430.9375, 2333455.3125 ], [ 580426.25, 2333458.125 ], [ 580420.3125, 2333459.6875 ], [ 580293.125, 2333460.0 ], [ 580286.5625, 2333460.9375 ], [ 580279.0625, 2333464.6875 ], [ 580270.9375, 2333475.3125 ], [ 580266.25, 2333478.125 ], [ 580260.3125, 2333479.6875 ], [ 580126.09375, 2333480.46875 ], [ 580113.90625, 2333483.28125 ], [ 580088.75, 2333495.625 ], [ 580080.3125, 2333498.4375 ], [ 580066.875, 2333500.0 ], [ 580029.53125, 2333500.15625 ], [ 580016.71875, 2333502.34375 ], [ 579983.28125, 2333517.65625 ], [ 579973.90625, 2333519.53125 ], [ 579959.6875, 2333520.3125 ], [ 579953.75, 2333521.875 ], [ 579947.1875, 2333526.5625 ], [ 579940.9375, 2333535.3125 ], [ 579936.25, 2333538.125 ], [ 579930.3125, 2333539.6875 ], [ 579773.125, 2333540.0 ], [ 579759.6875, 2333541.5625 ], [ 579751.25, 2333544.375 ], [ 579728.75, 2333555.625 ], [ 579723.28125, 2333557.65625 ], [ 579713.90625, 2333559.53125 ], [ 579699.6875, 2333560.3125 ], [ 579693.75, 2333561.875 ], [ 579687.1875, 2333566.5625 ], [ 579680.9375, 2333575.3125 ], [ 579673.4375, 2333579.0625 ], [ 579666.875, 2333580.0 ], [ 579603.125, 2333580.0 ], [ 579593.75, 2333581.875 ], [ 579589.0625, 2333584.6875 ], [ 579582.8125, 2333593.4375 ], [ 579578.75, 2333596.875 ], [ 579573.4375, 2333599.0625 ], [ 579559.6875, 2333600.3125 ], [ 579553.75, 2333601.875 ], [ 579547.1875, 2333606.5625 ], [ 579540.9375, 2333615.3125 ], [ 579533.4375, 2333619.0625 ], [ 579526.875, 2333620.0 ], [ 579463.125, 2333620.0 ], [ 579456.5625, 2333620.9375 ], [ 579449.0625, 2333624.6875 ], [ 579440.9375, 2333635.3125 ], [ 579433.4375, 2333639.0625 ], [ 579426.875, 2333640.0 ], [ 579393.125, 2333640.0 ], [ 579382.8125, 2333640.9375 ], [ 579373.90625, 2333643.28125 ], [ 579348.75, 2333655.625 ], [ 579340.3125, 2333658.4375 ], [ 579330.46875, 2333659.84375 ], [ 579293.125, 2333660.0 ], [ 579286.5625, 2333660.9375 ], [ 579279.0625, 2333664.6875 ], [ 579272.8125, 2333673.4375 ], [ 579266.25, 2333678.125 ], [ 579256.875, 2333680.0 ], [ 579223.125, 2333680.0 ], [ 579216.5625, 2333680.9375 ], [ 579209.0625, 2333684.6875 ], [ 579200.9375, 2333695.3125 ], [ 579193.4375, 2333699.0625 ], [ 579186.875, 2333700.0 ], [ 579149.53125, 2333700.15625 ], [ 579139.6875, 2333701.5625 ], [ 579131.25, 2333704.375 ], [ 579106.09375, 2333716.71875 ], [ 579093.90625, 2333719.53125 ], [ 579023.125, 2333720.0 ], [ 579016.5625, 2333720.9375 ], [ 579009.0625, 2333724.6875 ], [ 579000.9375, 2333735.3125 ], [ 578993.4375, 2333739.0625 ], [ 578986.875, 2333740.0 ], [ 578953.125, 2333740.0 ], [ 578946.5625, 2333740.9375 ], [ 578939.0625, 2333744.6875 ], [ 578930.9375, 2333755.3125 ], [ 578926.25, 2333758.125 ], [ 578920.3125, 2333759.6875 ], [ 578853.125, 2333760.0 ], [ 578846.5625, 2333760.9375 ], [ 578839.0625, 2333764.6875 ], [ 578830.9375, 2333775.3125 ], [ 578826.25, 2333778.125 ], [ 578820.3125, 2333779.6875 ], [ 578629.53125, 2333780.15625 ], [ 578622.8125, 2333780.9375 ], [ 578613.90625, 2333783.28125 ], [ 578583.28125, 2333797.65625 ], [ 578577.1875, 2333799.0625 ], [ 578566.875, 2333800.0 ], [ 578559.6875, 2333799.6875 ], [ 578551.25, 2333796.875 ], [ 578547.1875, 2333793.4375 ], [ 578540.9375, 2333784.6875 ], [ 578533.4375, 2333780.9375 ], [ 578526.875, 2333780.0 ], [ 578493.125, 2333780.0 ], [ 578482.8125, 2333779.0625 ], [ 578471.25, 2333775.625 ], [ 578446.09375, 2333763.28125 ], [ 578437.1875, 2333760.9375 ], [ 578426.875, 2333760.0 ], [ 578333.125, 2333760.0 ], [ 578326.5625, 2333760.9375 ], [ 578319.0625, 2333764.6875 ], [ 578312.8125, 2333773.4375 ], [ 578306.25, 2333778.125 ], [ 578300.3125, 2333779.6875 ], [ 578286.09375, 2333780.46875 ], [ 578276.71875, 2333782.34375 ], [ 578246.09375, 2333796.71875 ], [ 578240.3125, 2333798.4375 ], [ 578230.46875, 2333799.84375 ], [ 578219.6875, 2333799.6875 ], [ 578213.75, 2333798.125 ], [ 578209.0625, 2333795.3125 ], [ 578202.8125, 2333786.5625 ], [ 578198.75, 2333783.125 ], [ 578193.4375, 2333780.9375 ], [ 578186.875, 2333780.0 ], [ 577999.6875, 2333780.3125 ], [ 577993.75, 2333781.875 ], [ 577987.1875, 2333786.5625 ], [ 577974.375, 2333811.25 ], [ 577968.75, 2333816.875 ], [ 577960.3125, 2333819.6875 ], [ 577946.09375, 2333820.46875 ], [ 577936.71875, 2333822.34375 ], [ 577931.25, 2333824.375 ], [ 577906.5625, 2333837.1875 ], [ 577903.125, 2333841.25 ], [ 577900.9375, 2333846.5625 ], [ 577899.6875, 2333860.3125 ], [ 577898.125, 2333866.25 ], [ 577895.3125, 2333870.9375 ], [ 577888.75, 2333875.625 ], [ 577877.1875, 2333879.0625 ], [ 577859.6875, 2333880.3125 ], [ 577853.75, 2333881.875 ], [ 577847.1875, 2333886.5625 ], [ 577840.9375, 2333895.3125 ], [ 577833.4375, 2333899.0625 ], [ 577826.875, 2333900.0 ], [ 577793.125, 2333900.0 ], [ 577783.75, 2333901.875 ], [ 577777.1875, 2333906.5625 ], [ 577770.9375, 2333915.3125 ], [ 577763.4375, 2333919.0625 ], [ 577756.875, 2333920.0 ], [ 577689.53125, 2333920.15625 ], [ 577679.6875, 2333921.5625 ], [ 577671.25, 2333924.375 ], [ 577666.5625, 2333927.1875 ], [ 577661.875, 2333933.75 ], [ 577660.3125, 2333939.6875 ], [ 577659.53125, 2333953.90625 ], [ 577657.65625, 2333963.28125 ], [ 577654.375, 2333971.25 ], [ 577648.75, 2333976.875 ], [ 577643.4375, 2333979.0625 ], [ 577636.875, 2333980.0 ], [ 577573.125, 2333980.0 ], [ 577567.03125, 2333981.40625 ], [ 577562.8125, 2333984.6875 ], [ 577561.40625, 2333987.03125 ], [ 577560.0, 2333993.125 ], [ 577560.0, 2334086.875 ], [ 577561.40625, 2334092.96875 ], [ 577564.6875, 2334097.1875 ], [ 577569.84375, 2334099.53125 ], [ 577580.3125, 2334100.3125 ], [ 577588.75, 2334103.125 ], [ 577592.8125, 2334106.5625 ], [ 577597.1875, 2334113.4375 ], [ 577603.75, 2334118.125 ], [ 577613.125, 2334120.0 ], [ 577650.15625, 2334120.46875 ], [ 577655.3125, 2334122.8125 ], [ 577657.1875, 2334124.6875 ], [ 577659.53125, 2334129.84375 ], [ 577660.0, 2334166.875 ], [ 577660.9375, 2334173.4375 ], [ 577664.6875, 2334180.9375 ], [ 577675.3125, 2334189.0625 ], [ 577678.125, 2334193.75 ], [ 577679.6875, 2334199.6875 ], [ 577680.0, 2334266.875 ], [ 577681.5625, 2334280.3125 ], [ 577684.375, 2334288.75 ], [ 577696.71875, 2334313.90625 ], [ 577698.4375, 2334319.6875 ], [ 577699.84375, 2334329.53125 ], [ 577699.6875, 2334340.3125 ], [ 577698.125, 2334346.25 ], [ 577693.4375, 2334352.8125 ], [ 577684.6875, 2334359.0625 ], [ 577681.875, 2334363.75 ], [ 577680.3125, 2334369.6875 ], [ 577680.0, 2334466.875 ], [ 577681.5625, 2334480.3125 ], [ 577684.375, 2334488.75 ], [ 577695.625, 2334511.25 ], [ 577700.3125, 2334517.8125 ], [ 577708.75, 2334524.375 ], [ 577733.59375, 2334537.03125 ], [ 577741.40625, 2334544.21875 ], [ 577744.375, 2334548.75 ], [ 577755.625, 2334571.25 ], [ 577759.0625, 2334582.8125 ], [ 577760.0, 2334593.125 ], [ 577759.6875, 2334600.3125 ], [ 577758.125, 2334606.25 ], [ 577755.3125, 2334610.9375 ], [ 577751.25, 2334614.375 ], [ 577746.09375, 2334616.71875 ], [ 577740.3125, 2334618.4375 ], [ 577730.46875, 2334619.84375 ], [ 577693.125, 2334620.0 ], [ 577686.5625, 2334619.0625 ], [ 577679.0625, 2334615.3125 ], [ 577675.625, 2334611.25 ], [ 577662.96875, 2334586.40625 ], [ 577657.8125, 2334580.3125 ], [ 577651.25, 2334575.625 ], [ 577626.40625, 2334562.96875 ], [ 577618.59375, 2334555.78125 ], [ 577615.625, 2334551.25 ], [ 577592.8125, 2334506.5625 ], [ 577588.75, 2334503.125 ], [ 577583.4375, 2334500.9375 ], [ 577573.125, 2334500.0 ], [ 577567.03125, 2334498.59375 ], [ 577564.6875, 2334497.1875 ], [ 577561.40625, 2334492.96875 ], [ 577560.0, 2334486.875 ], [ 577560.0, 2334453.125 ], [ 577561.875, 2334443.75 ], [ 577564.6875, 2334439.0625 ], [ 577573.4375, 2334432.8125 ], [ 577576.875, 2334428.75 ], [ 577579.0625, 2334423.4375 ], [ 577580.3125, 2334409.6875 ], [ 577581.875, 2334403.75 ], [ 577586.5625, 2334397.1875 ], [ 577595.3125, 2334390.9375 ], [ 577598.125, 2334386.25 ], [ 577599.6875, 2334380.3125 ], [ 577600.0, 2334253.125 ], [ 577599.0625, 2334246.5625 ], [ 577596.875, 2334241.25 ], [ 577593.4375, 2334237.1875 ], [ 577586.5625, 2334232.8125 ], [ 577581.875, 2334226.25 ], [ 577580.3125, 2334220.3125 ], [ 577579.0625, 2334202.8125 ], [ 577575.625, 2334191.25 ], [ 577564.375, 2334168.75 ], [ 577561.40625, 2334164.21875 ], [ 577555.78125, 2334158.59375 ], [ 577546.5625, 2334152.8125 ], [ 577543.125, 2334148.75 ], [ 577540.3125, 2334140.3125 ], [ 577539.53125, 2334129.84375 ], [ 577538.59375, 2334127.03125 ], [ 577535.3125, 2334122.8125 ], [ 577530.15625, 2334120.46875 ], [ 577519.6875, 2334119.6875 ], [ 577511.25, 2334116.875 ], [ 577507.1875, 2334113.4375 ], [ 577499.6875, 2334102.1875 ], [ 577493.59375, 2334097.03125 ], [ 577428.75, 2334064.375 ], [ 577420.3125, 2334061.5625 ], [ 577406.875, 2334060.0 ], [ 577253.125, 2334060.0 ], [ 577246.5625, 2334060.9375 ], [ 577241.25, 2334063.125 ], [ 577237.1875, 2334066.5625 ], [ 577232.8125, 2334073.4375 ], [ 577226.25, 2334078.125 ], [ 577220.3125, 2334079.6875 ], [ 577209.53125, 2334080.15625 ], [ 577199.6875, 2334081.5625 ], [ 577191.25, 2334084.375 ], [ 577168.75, 2334095.625 ], [ 577163.28125, 2334097.65625 ], [ 577153.90625, 2334099.53125 ], [ 577139.6875, 2334100.3125 ], [ 577133.75, 2334101.875 ], [ 577127.1875, 2334106.5625 ], [ 577120.9375, 2334115.3125 ], [ 577113.4375, 2334119.0625 ], [ 577106.875, 2334120.0 ], [ 577073.125, 2334120.0 ], [ 577066.5625, 2334120.9375 ], [ 577061.25, 2334123.125 ], [ 577055.625, 2334128.75 ], [ 577042.96875, 2334153.59375 ], [ 577035.78125, 2334161.40625 ], [ 577031.25, 2334164.375 ], [ 576968.75, 2334195.625 ], [ 576962.1875, 2334200.3125 ], [ 576955.625, 2334208.75 ], [ 576944.375, 2334231.25 ], [ 576941.40625, 2334235.78125 ], [ 576935.78125, 2334241.40625 ], [ 576928.75, 2334245.625 ], [ 576924.6875, 2334249.0625 ], [ 576920.9375, 2334256.5625 ], [ 576920.0, 2334263.125 ], [ 576920.46875, 2334330.15625 ], [ 576922.8125, 2334335.3125 ], [ 576927.03125, 2334338.59375 ], [ 576929.84375, 2334339.53125 ], [ 576943.4375, 2334340.9375 ], [ 576948.75, 2334343.125 ], [ 576952.8125, 2334346.5625 ], [ 576955.625, 2334351.25 ], [ 576958.4375, 2334359.6875 ], [ 576959.53125, 2334366.09375 ], [ 576960.0, 2334376.875 ], [ 576958.125, 2334386.25 ], [ 576953.4375, 2334392.8125 ], [ 576948.75, 2334395.625 ], [ 576940.3125, 2334398.4375 ], [ 576933.90625, 2334399.53125 ], [ 576919.6875, 2334400.3125 ], [ 576911.25, 2334403.125 ], [ 576905.625, 2334408.75 ], [ 576901.5625, 2334419.6875 ], [ 576900.0, 2334433.125 ], [ 576900.0, 2334586.875 ], [ 576900.9375, 2334597.1875 ], [ 576903.28125, 2334606.09375 ], [ 576905.625, 2334611.25 ], [ 576909.0625, 2334615.3125 ], [ 576913.75, 2334618.125 ], [ 576919.6875, 2334619.6875 ], [ 577053.90625, 2334620.46875 ], [ 577066.09375, 2334623.28125 ], [ 577096.71875, 2334637.65625 ], [ 577102.8125, 2334639.0625 ], [ 577113.125, 2334640.0 ], [ 577180.3125, 2334639.6875 ], [ 577188.75, 2334636.875 ], [ 577192.8125, 2334633.4375 ], [ 577199.0625, 2334624.6875 ], [ 577206.5625, 2334620.9375 ], [ 577213.125, 2334620.0 ], [ 577250.15625, 2334620.46875 ], [ 577255.3125, 2334622.8125 ], [ 577257.1875, 2334624.6875 ], [ 577259.53125, 2334629.84375 ], [ 577260.0, 2334666.875 ], [ 577258.125, 2334676.25 ], [ 577255.3125, 2334680.9375 ], [ 577251.25, 2334684.375 ], [ 577228.75, 2334695.625 ], [ 577223.28125, 2334697.65625 ], [ 577217.1875, 2334699.0625 ], [ 577206.875, 2334700.0 ], [ 577143.125, 2334700.0 ], [ 577136.5625, 2334700.9375 ], [ 577129.0625, 2334704.6875 ], [ 577122.8125, 2334713.4375 ], [ 577118.75, 2334716.875 ], [ 577110.3125, 2334719.6875 ], [ 577096.5625, 2334720.9375 ], [ 577089.0625, 2334724.6875 ], [ 577085.625, 2334728.75 ], [ 577082.34375, 2334736.71875 ], [ 577080.46875, 2334746.09375 ], [ 577079.0625, 2334763.4375 ], [ 577075.3125, 2334770.9375 ], [ 577071.25, 2334774.375 ], [ 577063.28125, 2334777.65625 ], [ 577053.90625, 2334779.53125 ], [ 577036.5625, 2334780.9375 ], [ 577029.0625, 2334784.6875 ], [ 577025.625, 2334788.75 ], [ 577004.375, 2334831.25 ], [ 576999.6875, 2334837.8125 ], [ 576991.25, 2334844.375 ], [ 576968.75, 2334855.625 ], [ 576963.125, 2334861.25 ], [ 576960.3125, 2334869.6875 ], [ 576959.0625, 2334883.4375 ], [ 576955.3125, 2334890.9375 ], [ 576942.1875, 2334900.3125 ], [ 576938.59375, 2334904.21875 ], [ 576932.8125, 2334913.4375 ], [ 576928.75, 2334916.875 ], [ 576920.3125, 2334919.6875 ], [ 576906.5625, 2334920.9375 ], [ 576899.0625, 2334924.6875 ], [ 576895.625, 2334928.75 ], [ 576882.8125, 2334953.4375 ], [ 576878.75, 2334956.875 ], [ 576873.4375, 2334959.0625 ], [ 576866.875, 2334960.0 ], [ 576773.125, 2334960.0 ], [ 576763.75, 2334958.125 ], [ 576759.0625, 2334955.3125 ], [ 576755.625, 2334951.25 ], [ 576744.375, 2334928.75 ], [ 576741.40625, 2334924.21875 ], [ 576735.78125, 2334918.59375 ], [ 576726.5625, 2334912.8125 ], [ 576723.125, 2334908.75 ], [ 576720.9375, 2334903.4375 ], [ 576720.0, 2334893.125 ], [ 576718.59375, 2334887.03125 ], [ 576715.3125, 2334882.8125 ], [ 576710.15625, 2334880.46875 ], [ 576613.125, 2334880.0 ], [ 576607.03125, 2334881.40625 ], [ 576602.8125, 2334884.6875 ], [ 576601.40625, 2334887.03125 ], [ 576600.0, 2334893.125 ], [ 576600.0, 2334986.875 ], [ 576598.125, 2334996.25 ], [ 576595.3125, 2335000.9375 ], [ 576591.25, 2335004.375 ], [ 576528.75, 2335035.625 ], [ 576524.6875, 2335039.0625 ], [ 576521.875, 2335043.75 ], [ 576520.3125, 2335049.6875 ], [ 576520.0, 2335086.875 ], [ 576519.53125, 2335090.15625 ], [ 576517.1875, 2335095.3125 ], [ 576512.96875, 2335098.59375 ], [ 576506.875, 2335100.0 ], [ 576473.125, 2335100.0 ], [ 576463.75, 2335101.875 ], [ 576459.0625, 2335104.6875 ], [ 576452.8125, 2335113.4375 ], [ 576448.75, 2335116.875 ], [ 576443.4375, 2335119.0625 ], [ 576429.6875, 2335120.3125 ], [ 576423.75, 2335121.875 ], [ 576419.0625, 2335124.6875 ], [ 576412.8125, 2335133.4375 ], [ 576408.75, 2335136.875 ], [ 576403.4375, 2335139.0625 ], [ 576393.125, 2335140.0 ], [ 576387.03125, 2335141.40625 ], [ 576384.6875, 2335142.8125 ], [ 576381.40625, 2335147.03125 ], [ 576380.0, 2335153.125 ], [ 576379.6875, 2335340.3125 ], [ 576378.125, 2335346.25 ], [ 576375.3125, 2335350.9375 ], [ 576366.5625, 2335357.1875 ], [ 576361.875, 2335363.75 ], [ 576360.3125, 2335369.6875 ], [ 576359.6875, 2335380.3125 ], [ 576356.875, 2335388.75 ], [ 576353.4375, 2335392.8125 ], [ 576346.5625, 2335397.1875 ], [ 576341.875, 2335403.75 ], [ 576340.0, 2335413.125 ], [ 576340.0, 2335446.875 ], [ 576339.0625, 2335457.1875 ], [ 576335.625, 2335468.75 ], [ 576324.375, 2335491.25 ], [ 576322.34375, 2335496.71875 ], [ 576320.46875, 2335506.09375 ], [ 576319.6875, 2335520.3125 ], [ 576316.875, 2335528.75 ], [ 576311.25, 2335534.375 ], [ 576303.28125, 2335537.65625 ], [ 576293.90625, 2335539.53125 ], [ 576279.6875, 2335540.3125 ], [ 576273.75, 2335541.875 ], [ 576267.1875, 2335546.5625 ], [ 576260.9375, 2335555.3125 ], [ 576253.4375, 2335559.0625 ], [ 576246.875, 2335560.0 ], [ 576209.84375, 2335560.46875 ], [ 576204.6875, 2335562.8125 ], [ 576201.40625, 2335567.03125 ], [ 576200.0, 2335573.125 ], [ 576200.0, 2335666.875 ], [ 576201.875, 2335676.25 ], [ 576204.6875, 2335680.9375 ], [ 576208.75, 2335684.375 ], [ 576271.25, 2335715.625 ], [ 576275.3125, 2335719.0625 ], [ 576278.125, 2335723.75 ], [ 576280.0, 2335733.125 ], [ 576280.0, 2335766.875 ], [ 576278.59375, 2335772.96875 ], [ 576275.3125, 2335777.1875 ], [ 576272.96875, 2335778.59375 ], [ 576266.875, 2335780.0 ], [ 576173.125, 2335780.0 ], [ 576166.5625, 2335780.9375 ], [ 576161.25, 2335783.125 ], [ 576155.625, 2335788.75 ], [ 576124.375, 2335851.25 ], [ 576119.6875, 2335857.8125 ], [ 576111.25, 2335864.375 ], [ 576088.75, 2335875.625 ], [ 576083.28125, 2335877.65625 ], [ 576073.90625, 2335879.53125 ], [ 576059.6875, 2335879.6875 ], [ 576053.75, 2335878.125 ], [ 576049.0625, 2335875.3125 ], [ 576039.6875, 2335862.1875 ], [ 576035.78125, 2335858.59375 ], [ 576026.5625, 2335852.8125 ], [ 576023.125, 2335848.75 ], [ 576020.3125, 2335840.3125 ], [ 576019.53125, 2335829.84375 ], [ 576017.1875, 2335824.6875 ], [ 576015.3125, 2335822.8125 ], [ 576010.15625, 2335820.46875 ], [ 575999.6875, 2335819.6875 ], [ 575993.75, 2335818.125 ], [ 575989.0625, 2335815.3125 ], [ 575984.375, 2335808.75 ], [ 575981.5625, 2335800.3125 ], [ 575980.0, 2335786.875 ], [ 575980.0, 2335633.125 ], [ 575980.9375, 2335626.5625 ], [ 575983.125, 2335621.25 ], [ 575986.5625, 2335617.1875 ], [ 575995.3125, 2335610.9375 ], [ 575998.125, 2335606.25 ], [ 575999.6875, 2335600.3125 ], [ 576000.0, 2335473.125 ], [ 575999.0625, 2335462.8125 ], [ 575996.71875, 2335453.90625 ], [ 575984.375, 2335428.75 ], [ 575980.9375, 2335417.1875 ], [ 575980.0, 2335406.875 ], [ 575980.46875, 2335366.09375 ], [ 575981.5625, 2335359.6875 ], [ 575984.375, 2335351.25 ], [ 575995.625, 2335328.75 ], [ 575998.59375, 2335324.21875 ], [ 576006.40625, 2335317.03125 ], [ 576031.25, 2335304.375 ], [ 576039.6875, 2335297.8125 ], [ 576044.375, 2335291.25 ], [ 576055.625, 2335268.75 ], [ 576057.65625, 2335263.28125 ], [ 576059.0625, 2335257.1875 ], [ 576060.0, 2335246.875 ], [ 576059.6875, 2335119.6875 ], [ 576056.875, 2335111.25 ], [ 576053.4375, 2335107.1875 ], [ 576048.75, 2335104.375 ], [ 576037.1875, 2335100.9375 ], [ 576016.5625, 2335099.0625 ], [ 576009.0625, 2335095.3125 ], [ 576005.625, 2335091.25 ], [ 575984.375, 2335048.75 ], [ 575981.5625, 2335040.3125 ], [ 575980.15625, 2335030.46875 ], [ 575980.0, 2334993.125 ], [ 575979.0625, 2334986.5625 ], [ 575975.3125, 2334979.0625 ], [ 575964.6875, 2334970.9375 ], [ 575960.9375, 2334963.4375 ], [ 575960.0, 2334956.875 ], [ 575959.6875, 2334919.6875 ], [ 575958.125, 2334913.75 ], [ 575955.3125, 2334909.0625 ], [ 575951.25, 2334905.625 ], [ 575946.09375, 2334903.28125 ], [ 575933.90625, 2334900.46875 ], [ 575893.125, 2334900.0 ], [ 575882.8125, 2334900.9375 ], [ 575871.25, 2334904.375 ], [ 575848.75, 2334915.625 ], [ 575842.1875, 2334920.3125 ], [ 575837.03125, 2334926.40625 ], [ 575824.375, 2334951.25 ], [ 575819.6875, 2334957.8125 ], [ 575813.59375, 2334962.96875 ], [ 575788.75, 2334975.625 ], [ 575782.1875, 2334980.3125 ], [ 575777.03125, 2334986.40625 ], [ 575764.375, 2335011.25 ], [ 575759.6875, 2335017.8125 ], [ 575751.25, 2335024.375 ], [ 575726.40625, 2335037.03125 ], [ 575718.59375, 2335044.21875 ], [ 575715.625, 2335048.75 ], [ 575684.375, 2335111.25 ], [ 575679.6875, 2335117.8125 ], [ 575671.25, 2335124.375 ], [ 575646.40625, 2335137.03125 ], [ 575638.59375, 2335144.21875 ], [ 575635.625, 2335148.75 ], [ 575564.375, 2335291.25 ], [ 575557.8125, 2335299.6875 ], [ 575546.5625, 2335307.1875 ], [ 575543.125, 2335311.25 ], [ 575540.9375, 2335316.5625 ], [ 575539.6875, 2335330.3125 ], [ 575536.875, 2335338.75 ], [ 575531.25, 2335344.375 ], [ 575508.75, 2335355.625 ], [ 575500.3125, 2335362.1875 ], [ 575495.625, 2335368.75 ], [ 575484.375, 2335391.25 ], [ 575481.40625, 2335395.78125 ], [ 575475.78125, 2335401.40625 ], [ 575466.5625, 2335407.1875 ], [ 575463.125, 2335411.25 ], [ 575460.3125, 2335419.6875 ], [ 575459.0625, 2335433.4375 ], [ 575455.3125, 2335440.9375 ], [ 575451.25, 2335444.375 ], [ 575428.75, 2335455.625 ], [ 575423.125, 2335461.25 ], [ 575420.9375, 2335466.5625 ], [ 575419.6875, 2335480.3125 ], [ 575416.875, 2335488.75 ], [ 575413.4375, 2335492.8125 ], [ 575404.21875, 2335498.59375 ], [ 575398.59375, 2335504.21875 ], [ 575395.625, 2335508.75 ], [ 575362.96875, 2335573.59375 ], [ 575357.8125, 2335579.6875 ], [ 575346.5625, 2335587.1875 ], [ 575343.125, 2335591.25 ], [ 575340.9375, 2335596.5625 ], [ 575339.6875, 2335610.3125 ], [ 575338.125, 2335616.25 ], [ 575335.3125, 2335620.9375 ], [ 575326.5625, 2335627.1875 ], [ 575323.125, 2335631.25 ], [ 575320.9375, 2335636.5625 ], [ 575319.6875, 2335650.3125 ], [ 575316.875, 2335658.75 ], [ 575311.25, 2335664.375 ], [ 575288.75, 2335675.625 ], [ 575283.125, 2335681.25 ], [ 575280.9375, 2335686.5625 ], [ 575279.6875, 2335700.3125 ], [ 575276.875, 2335708.75 ], [ 575273.4375, 2335712.8125 ], [ 575264.21875, 2335718.59375 ], [ 575258.59375, 2335724.21875 ], [ 575255.625, 2335728.75 ], [ 575222.96875, 2335793.59375 ], [ 575217.8125, 2335799.6875 ], [ 575206.5625, 2335807.1875 ], [ 575203.125, 2335811.25 ], [ 575200.9375, 2335816.5625 ], [ 575199.6875, 2335830.3125 ], [ 575196.875, 2335838.75 ], [ 575191.25, 2335844.375 ], [ 575168.75, 2335855.625 ], [ 575160.3125, 2335862.1875 ], [ 575155.625, 2335868.75 ], [ 575144.375, 2335891.25 ], [ 575137.8125, 2335899.6875 ], [ 575131.25, 2335904.375 ], [ 575108.75, 2335915.625 ], [ 575100.3125, 2335922.1875 ], [ 575095.625, 2335928.75 ], [ 575064.375, 2335991.25 ], [ 575061.40625, 2335995.78125 ], [ 575053.59375, 2336002.96875 ], [ 575028.75, 2336015.625 ], [ 575023.125, 2336021.25 ], [ 575020.9375, 2336026.5625 ], [ 575019.6875, 2336040.3125 ], [ 575016.875, 2336048.75 ], [ 575013.4375, 2336052.8125 ], [ 575002.1875, 2336060.3125 ], [ 574997.03125, 2336066.40625 ], [ 574962.96875, 2336133.59375 ], [ 574957.8125, 2336139.6875 ], [ 574946.5625, 2336147.1875 ], [ 574943.125, 2336151.25 ], [ 574940.9375, 2336156.5625 ], [ 574939.6875, 2336170.3125 ], [ 574936.875, 2336178.75 ], [ 574933.4375, 2336182.8125 ], [ 574926.5625, 2336187.1875 ], [ 574921.875, 2336193.75 ], [ 574920.3125, 2336199.6875 ], [ 574919.84375, 2336210.46875 ], [ 574918.4375, 2336220.3125 ], [ 574915.625, 2336228.75 ], [ 574904.375, 2336251.25 ], [ 574902.34375, 2336256.71875 ], [ 574900.46875, 2336266.09375 ], [ 574899.6875, 2336280.3125 ], [ 574896.875, 2336288.75 ], [ 574891.25, 2336294.375 ], [ 574868.75, 2336305.625 ], [ 574864.6875, 2336309.0625 ], [ 574861.875, 2336313.75 ], [ 574860.3125, 2336319.6875 ], [ 574859.84375, 2336330.46875 ], [ 574858.4375, 2336340.3125 ], [ 574855.625, 2336348.75 ], [ 574844.375, 2336371.25 ], [ 574842.34375, 2336376.71875 ], [ 574840.46875, 2336386.09375 ], [ 574839.6875, 2336400.3125 ], [ 574836.875, 2336408.75 ], [ 574833.4375, 2336412.8125 ], [ 574824.21875, 2336418.59375 ], [ 574818.59375, 2336424.21875 ], [ 574815.625, 2336428.75 ], [ 574782.96875, 2336493.59375 ], [ 574775.78125, 2336501.40625 ], [ 574766.5625, 2336507.1875 ], [ 574761.875, 2336513.75 ], [ 574760.0, 2336523.125 ], [ 574760.0, 2336556.875 ], [ 574759.0625, 2336563.4375 ], [ 574755.3125, 2336570.9375 ], [ 574746.5625, 2336577.1875 ], [ 574743.125, 2336581.25 ], [ 574740.9375, 2336586.5625 ], [ 574740.0, 2336593.125 ], [ 574740.3125, 2336870.3125 ], [ 574741.875, 2336876.25 ], [ 574746.5625, 2336882.8125 ], [ 574771.25, 2336895.625 ], [ 574775.3125, 2336899.0625 ], [ 574778.125, 2336903.75 ], [ 574780.0, 2336913.125 ], [ 574780.0, 2337006.875 ], [ 574780.9375, 2337013.4375 ], [ 574784.6875, 2337020.9375 ], [ 574793.4375, 2337027.1875 ], [ 574798.125, 2337033.75 ], [ 574799.6875, 2337039.6875 ], [ 574800.15625, 2337050.46875 ], [ 574801.5625, 2337060.3125 ], [ 574804.375, 2337068.75 ], [ 574815.625, 2337091.25 ], [ 574817.65625, 2337096.71875 ], [ 574819.53125, 2337106.09375 ], [ 574820.3125, 2337120.3125 ], [ 574821.875, 2337126.25 ], [ 574826.5625, 2337132.8125 ], [ 574835.3125, 2337139.0625 ], [ 574839.0625, 2337146.5625 ], [ 574840.0, 2337153.125 ], [ 574840.0, 2337186.875 ], [ 574840.9375, 2337193.4375 ], [ 574844.6875, 2337200.9375 ], [ 574855.3125, 2337209.0625 ], [ 574859.0625, 2337216.5625 ], [ 574860.0, 2337223.125 ], [ 574860.3125, 2337290.3125 ], [ 574863.125, 2337298.75 ], [ 574866.5625, 2337302.8125 ], [ 574875.3125, 2337309.0625 ], [ 574879.0625, 2337316.5625 ], [ 574880.0, 2337323.125 ], [ 574880.3125, 2337390.3125 ], [ 574883.125, 2337398.75 ], [ 574886.5625, 2337402.8125 ], [ 574895.3125, 2337409.0625 ], [ 574898.125, 2337413.75 ], [ 574899.6875, 2337419.6875 ], [ 574900.0, 2337636.875 ], [ 574899.0625, 2337643.4375 ], [ 574895.3125, 2337650.9375 ], [ 574891.25, 2337654.375 ], [ 574884.21875, 2337658.59375 ], [ 574877.03125, 2337666.40625 ], [ 574843.28125, 2337733.90625 ], [ 574841.5625, 2337739.6875 ], [ 574840.15625, 2337749.53125 ], [ 574839.6875, 2337790.3125 ], [ 574836.875, 2337798.75 ], [ 574831.25, 2337804.375 ], [ 574808.75, 2337815.625 ], [ 574804.6875, 2337819.0625 ], [ 574800.9375, 2337826.5625 ], [ 574799.0625, 2337843.4375 ], [ 574796.875, 2337848.75 ], [ 574793.4375, 2337852.8125 ], [ 574768.75, 2337865.625 ], [ 574764.6875, 2337869.0625 ], [ 574760.9375, 2337876.5625 ], [ 574759.0625, 2337897.1875 ], [ 574755.625, 2337908.75 ], [ 574744.375, 2337931.25 ], [ 574741.40625, 2337935.78125 ], [ 574735.78125, 2337941.40625 ], [ 574726.5625, 2337947.1875 ], [ 574723.125, 2337951.25 ], [ 574720.9375, 2337956.5625 ], [ 574719.6875, 2337970.3125 ], [ 574716.875, 2337978.75 ], [ 574711.25, 2337984.375 ], [ 574686.40625, 2337997.03125 ], [ 574678.59375, 2338004.21875 ], [ 574661.40625, 2338035.78125 ], [ 574655.78125, 2338041.40625 ], [ 574646.5625, 2338047.1875 ], [ 574643.125, 2338051.25 ], [ 574640.3125, 2338059.6875 ], [ 574639.0625, 2338073.4375 ], [ 574635.3125, 2338080.9375 ], [ 574631.25, 2338084.375 ], [ 574608.75, 2338095.625 ], [ 574602.1875, 2338100.3125 ], [ 574597.03125, 2338106.40625 ], [ 574584.375, 2338131.25 ], [ 574580.9375, 2338135.3125 ], [ 574573.4375, 2338139.0625 ], [ 574559.6875, 2338140.3125 ], [ 574551.25, 2338143.125 ], [ 574547.1875, 2338146.5625 ], [ 574541.40625, 2338155.78125 ], [ 574535.78125, 2338161.40625 ], [ 574531.25, 2338164.375 ], [ 574508.75, 2338175.625 ], [ 574502.1875, 2338180.3125 ], [ 574497.03125, 2338186.40625 ], [ 574484.375, 2338211.25 ], [ 574480.9375, 2338215.3125 ], [ 574473.4375, 2338219.0625 ], [ 574459.6875, 2338220.3125 ], [ 574451.25, 2338223.125 ], [ 574447.1875, 2338226.5625 ], [ 574442.96875, 2338233.59375 ], [ 574437.8125, 2338239.6875 ], [ 574431.25, 2338244.375 ], [ 574408.75, 2338255.625 ], [ 574404.21875, 2338258.59375 ], [ 574398.59375, 2338264.21875 ], [ 574392.8125, 2338273.4375 ], [ 574388.75, 2338276.875 ], [ 574380.3125, 2338279.6875 ], [ 574366.5625, 2338280.9375 ], [ 574359.0625, 2338284.6875 ], [ 574355.625, 2338288.75 ], [ 574344.375, 2338311.25 ], [ 574340.9375, 2338315.3125 ], [ 574336.25, 2338318.125 ], [ 574326.875, 2338320.0 ], [ 574289.53125, 2338320.15625 ], [ 574276.71875, 2338322.34375 ], [ 574271.25, 2338324.375 ], [ 574206.09375, 2338356.71875 ], [ 574197.1875, 2338359.0625 ], [ 574179.6875, 2338360.3125 ], [ 574173.75, 2338361.875 ], [ 574167.1875, 2338366.5625 ], [ 574160.9375, 2338375.3125 ], [ 574153.4375, 2338379.0625 ], [ 574146.875, 2338380.0 ], [ 574113.125, 2338380.0 ], [ 574106.5625, 2338380.9375 ], [ 574099.0625, 2338384.6875 ], [ 574090.9375, 2338395.3125 ], [ 574086.25, 2338398.125 ], [ 574080.3125, 2338399.6875 ], [ 574013.125, 2338400.0 ], [ 574006.5625, 2338400.9375 ], [ 573999.0625, 2338404.6875 ], [ 573992.8125, 2338413.4375 ], [ 573988.75, 2338416.875 ], [ 573983.4375, 2338419.0625 ], [ 573976.875, 2338420.0 ], [ 573913.125, 2338420.0 ], [ 573903.75, 2338418.125 ], [ 573899.0625, 2338415.3125 ], [ 573895.625, 2338411.25 ], [ 573882.8125, 2338386.5625 ], [ 573876.25, 2338381.875 ], [ 573866.875, 2338380.0 ], [ 573473.125, 2338380.0 ], [ 573466.5625, 2338380.9375 ], [ 573461.25, 2338383.125 ], [ 573457.1875, 2338386.5625 ], [ 573452.8125, 2338393.4375 ], [ 573448.75, 2338396.875 ], [ 573443.4375, 2338399.0625 ], [ 573436.875, 2338400.0 ], [ 573193.125, 2338400.0 ], [ 573186.09375, 2338399.53125 ], [ 573176.71875, 2338397.65625 ], [ 573146.09375, 2338383.28125 ], [ 573133.90625, 2338380.46875 ], [ 572973.125, 2338380.0 ], [ 572966.5625, 2338380.9375 ], [ 572961.25, 2338383.125 ], [ 572957.1875, 2338386.5625 ], [ 572950.9375, 2338395.3125 ], [ 572946.25, 2338398.125 ], [ 572940.3125, 2338399.6875 ], [ 572753.125, 2338400.0 ], [ 572746.09375, 2338399.53125 ], [ 572736.71875, 2338397.65625 ], [ 572706.09375, 2338383.28125 ], [ 572700.3125, 2338381.5625 ], [ 572690.46875, 2338380.15625 ], [ 572473.125, 2338380.0 ], [ 572462.8125, 2338379.0625 ], [ 572451.25, 2338375.625 ], [ 572388.75, 2338344.375 ], [ 572377.1875, 2338340.9375 ], [ 572366.875, 2338340.0 ], [ 572243.125, 2338340.0 ], [ 572236.5625, 2338339.0625 ], [ 572229.0625, 2338335.3125 ], [ 572222.8125, 2338326.5625 ], [ 572216.25, 2338321.875 ], [ 572206.875, 2338320.0 ], [ 572173.125, 2338320.0 ], [ 572166.5625, 2338319.0625 ], [ 572159.0625, 2338315.3125 ], [ 572152.8125, 2338306.5625 ], [ 572146.25, 2338301.875 ], [ 572140.3125, 2338300.3125 ], [ 572126.09375, 2338299.53125 ], [ 572116.71875, 2338297.65625 ], [ 572111.25, 2338295.625 ], [ 572088.75, 2338284.375 ], [ 572077.1875, 2338280.9375 ], [ 572066.875, 2338280.0 ], [ 571823.125, 2338280.0 ], [ 571816.5625, 2338279.0625 ], [ 571811.25, 2338276.875 ], [ 571807.1875, 2338273.4375 ], [ 571800.9375, 2338264.6875 ], [ 571796.25, 2338261.875 ], [ 571790.3125, 2338260.3125 ], [ 571686.09375, 2338259.53125 ], [ 571673.90625, 2338256.71875 ], [ 571648.75, 2338244.375 ], [ 571640.3125, 2338241.5625 ], [ 571630.46875, 2338240.15625 ], [ 571593.125, 2338240.0 ], [ 571586.5625, 2338239.0625 ], [ 571579.0625, 2338235.3125 ], [ 571572.8125, 2338226.5625 ], [ 571566.25, 2338221.875 ], [ 571560.3125, 2338220.3125 ], [ 571549.6875, 2338219.6875 ], [ 571541.25, 2338216.875 ], [ 571537.1875, 2338213.4375 ], [ 571532.8125, 2338206.5625 ], [ 571526.25, 2338201.875 ], [ 571520.3125, 2338200.3125 ], [ 571509.53125, 2338199.84375 ], [ 571499.6875, 2338198.4375 ], [ 571491.25, 2338195.625 ], [ 571468.75, 2338184.375 ], [ 571463.28125, 2338182.34375 ], [ 571453.90625, 2338180.46875 ], [ 571439.6875, 2338179.6875 ], [ 571433.75, 2338178.125 ], [ 571429.0625, 2338175.3125 ], [ 571422.8125, 2338166.5625 ], [ 571418.75, 2338163.125 ], [ 571413.4375, 2338160.9375 ], [ 571399.6875, 2338159.6875 ], [ 571393.75, 2338158.125 ], [ 571389.0625, 2338155.3125 ], [ 571382.8125, 2338146.5625 ], [ 571378.75, 2338143.125 ], [ 571373.4375, 2338140.9375 ], [ 571359.6875, 2338139.6875 ], [ 571353.75, 2338138.125 ], [ 571349.0625, 2338135.3125 ], [ 571342.8125, 2338126.5625 ], [ 571338.75, 2338123.125 ], [ 571333.4375, 2338120.9375 ], [ 571319.6875, 2338119.6875 ], [ 571313.75, 2338118.125 ], [ 571307.1875, 2338113.4375 ], [ 571300.9375, 2338104.6875 ], [ 571293.4375, 2338100.9375 ], [ 571286.875, 2338100.0 ], [ 571219.6875, 2338099.6875 ], [ 571211.25, 2338096.875 ], [ 571207.1875, 2338093.4375 ], [ 571200.9375, 2338084.6875 ], [ 571193.4375, 2338080.9375 ], [ 571186.875, 2338080.0 ], [ 571123.125, 2338080.0 ], [ 571116.5625, 2338079.0625 ], [ 571109.0625, 2338075.3125 ], [ 571102.8125, 2338066.5625 ], [ 571098.75, 2338063.125 ], [ 571093.4375, 2338060.9375 ], [ 571079.6875, 2338059.6875 ], [ 571073.75, 2338058.125 ], [ 571069.0625, 2338055.3125 ], [ 571062.8125, 2338046.5625 ], [ 571058.75, 2338043.125 ], [ 571053.4375, 2338040.9375 ], [ 571039.6875, 2338039.6875 ], [ 571033.75, 2338038.125 ], [ 571027.1875, 2338033.4375 ], [ 571020.9375, 2338024.6875 ], [ 571013.4375, 2338020.9375 ], [ 571006.875, 2338020.0 ], [ 570939.6875, 2338019.6875 ], [ 570931.25, 2338016.875 ], [ 570927.1875, 2338013.4375 ], [ 570920.9375, 2338004.6875 ], [ 570913.4375, 2338000.9375 ], [ 570906.875, 2338000.0 ], [ 570843.125, 2338000.0 ], [ 570833.75, 2337998.125 ], [ 570829.0625, 2337995.3125 ], [ 570819.6875, 2337982.1875 ], [ 570811.25, 2337975.625 ], [ 570788.75, 2337964.375 ], [ 570783.28125, 2337962.34375 ], [ 570773.90625, 2337960.46875 ], [ 570759.6875, 2337959.6875 ], [ 570753.75, 2337958.125 ], [ 570749.0625, 2337955.3125 ], [ 570739.6875, 2337942.1875 ], [ 570731.25, 2337935.625 ], [ 570708.75, 2337924.375 ], [ 570703.28125, 2337922.34375 ], [ 570693.90625, 2337920.46875 ], [ 570679.6875, 2337919.6875 ], [ 570673.75, 2337918.125 ], [ 570669.0625, 2337915.3125 ], [ 570662.8125, 2337906.5625 ], [ 570658.75, 2337903.125 ], [ 570653.4375, 2337900.9375 ], [ 570639.6875, 2337899.6875 ], [ 570631.25, 2337896.875 ], [ 570627.1875, 2337893.4375 ], [ 570619.6875, 2337882.1875 ], [ 570611.25, 2337875.625 ], [ 570588.75, 2337864.375 ], [ 570583.28125, 2337862.34375 ], [ 570573.90625, 2337860.46875 ], [ 570559.6875, 2337859.6875 ], [ 570553.75, 2337858.125 ], [ 570549.0625, 2337855.3125 ], [ 570542.8125, 2337846.5625 ], [ 570536.25, 2337841.875 ], [ 570526.875, 2337840.0 ], [ 570429.53125, 2337839.84375 ], [ 570419.6875, 2337838.4375 ], [ 570408.75, 2337834.375 ], [ 570403.125, 2337828.75 ], [ 570400.3125, 2337820.3125 ], [ 570400.0, 2337753.125 ], [ 570398.125, 2337743.75 ], [ 570395.3125, 2337739.0625 ], [ 570391.25, 2337735.625 ], [ 570368.75, 2337724.375 ], [ 570364.21875, 2337721.40625 ], [ 570358.59375, 2337715.78125 ], [ 570352.8125, 2337706.5625 ], [ 570348.75, 2337703.125 ], [ 570343.4375, 2337700.9375 ], [ 570329.6875, 2337699.6875 ], [ 570323.75, 2337698.125 ], [ 570319.0625, 2337695.3125 ], [ 570312.8125, 2337686.5625 ], [ 570308.75, 2337683.125 ], [ 570303.4375, 2337680.9375 ], [ 570289.6875, 2337679.6875 ], [ 570283.75, 2337678.125 ], [ 570279.0625, 2337675.3125 ], [ 570272.8125, 2337666.5625 ], [ 570268.75, 2337663.125 ], [ 570263.4375, 2337660.9375 ], [ 570249.6875, 2337659.6875 ], [ 570241.25, 2337656.875 ], [ 570235.625, 2337651.25 ], [ 570224.375, 2337628.75 ], [ 570220.9375, 2337624.6875 ], [ 570216.25, 2337621.875 ], [ 570206.875, 2337620.0 ], [ 570166.09375, 2337619.53125 ], [ 570156.71875, 2337617.65625 ], [ 570148.75, 2337614.375 ], [ 570144.6875, 2337610.9375 ], [ 570141.875, 2337606.25 ], [ 570140.3125, 2337600.3125 ], [ 570139.0625, 2337586.5625 ], [ 570135.3125, 2337579.0625 ], [ 570131.25, 2337575.625 ], [ 570108.75, 2337564.375 ], [ 570097.1875, 2337560.9375 ], [ 570079.6875, 2337559.6875 ], [ 570073.75, 2337558.125 ], [ 570067.1875, 2337553.4375 ], [ 570060.9375, 2337544.6875 ], [ 570053.4375, 2337540.9375 ], [ 570046.875, 2337540.0 ], [ 570009.53125, 2337539.84375 ], [ 569996.71875, 2337537.65625 ], [ 569991.25, 2337535.625 ], [ 569928.75, 2337504.375 ], [ 569920.3125, 2337501.5625 ], [ 569910.46875, 2337500.15625 ], [ 569873.125, 2337500.0 ], [ 569862.8125, 2337499.0625 ], [ 569851.25, 2337495.625 ], [ 569826.09375, 2337483.28125 ], [ 569813.90625, 2337480.46875 ], [ 569713.125, 2337480.0 ], [ 569702.8125, 2337479.0625 ], [ 569693.90625, 2337476.71875 ], [ 569668.75, 2337464.375 ], [ 569660.3125, 2337461.5625 ], [ 569650.46875, 2337460.15625 ], [ 569613.125, 2337460.0 ], [ 569602.8125, 2337459.0625 ], [ 569591.25, 2337455.625 ], [ 569566.09375, 2337443.28125 ], [ 569553.90625, 2337440.46875 ], [ 569453.125, 2337440.0 ], [ 569442.8125, 2337440.9375 ], [ 569433.90625, 2337443.28125 ], [ 569408.75, 2337455.625 ], [ 569400.3125, 2337458.4375 ], [ 569386.875, 2337460.0 ], [ 569353.125, 2337460.0 ], [ 569343.75, 2337461.875 ], [ 569337.1875, 2337466.5625 ], [ 569324.375, 2337491.25 ], [ 569318.75, 2337496.875 ], [ 569310.3125, 2337499.6875 ], [ 569273.125, 2337500.0 ], [ 569263.75, 2337501.875 ], [ 569259.0625, 2337504.6875 ], [ 569252.8125, 2337513.4375 ], [ 569248.75, 2337516.875 ], [ 569243.4375, 2337519.0625 ], [ 569229.6875, 2337520.3125 ], [ 569223.75, 2337521.875 ], [ 569217.1875, 2337526.5625 ], [ 569210.9375, 2337535.3125 ], [ 569206.25, 2337538.125 ], [ 569200.3125, 2337539.6875 ], [ 569129.6875, 2337539.6875 ], [ 569123.75, 2337538.125 ], [ 569119.0625, 2337535.3125 ], [ 569112.8125, 2337526.5625 ], [ 569108.75, 2337523.125 ], [ 569103.4375, 2337520.9375 ], [ 569096.875, 2337520.0 ], [ 569029.53125, 2337520.15625 ], [ 569019.6875, 2337521.5625 ], [ 569011.25, 2337524.375 ], [ 569006.5625, 2337527.1875 ], [ 569003.125, 2337531.25 ], [ 569000.9375, 2337536.5625 ], [ 569000.0, 2337543.125 ], [ 569000.0, 2337726.875 ], [ 568998.125, 2337736.25 ], [ 568995.3125, 2337740.9375 ], [ 568986.5625, 2337747.1875 ], [ 568983.125, 2337751.25 ], [ 568980.3125, 2337759.6875 ], [ 568979.53125, 2337770.15625 ], [ 568978.59375, 2337772.96875 ], [ 568975.3125, 2337777.1875 ], [ 568970.15625, 2337779.53125 ], [ 568959.6875, 2337780.3125 ], [ 568951.25, 2337783.125 ], [ 568947.1875, 2337786.5625 ], [ 568942.96875, 2337793.59375 ], [ 568937.8125, 2337799.6875 ], [ 568924.6875, 2337809.0625 ], [ 568920.9375, 2337816.5625 ], [ 568919.0625, 2337833.4375 ], [ 568915.3125, 2337840.9375 ], [ 568911.25, 2337844.375 ], [ 568868.75, 2337865.625 ], [ 568863.125, 2337871.25 ], [ 568860.9375, 2337876.5625 ], [ 568859.6875, 2337890.3125 ], [ 568858.125, 2337896.25 ], [ 568855.3125, 2337900.9375 ], [ 568846.5625, 2337907.1875 ], [ 568841.875, 2337913.75 ], [ 568840.3125, 2337919.6875 ], [ 568839.0625, 2337937.1875 ], [ 568836.71875, 2337946.09375 ], [ 568804.375, 2338011.25 ], [ 568801.40625, 2338015.78125 ], [ 568793.59375, 2338022.96875 ], [ 568768.75, 2338035.625 ], [ 568764.6875, 2338039.0625 ], [ 568760.9375, 2338046.5625 ], [ 568759.6875, 2338060.3125 ], [ 568756.875, 2338068.75 ], [ 568753.4375, 2338072.8125 ], [ 568744.21875, 2338078.59375 ], [ 568738.59375, 2338084.21875 ], [ 568722.96875, 2338113.59375 ], [ 568715.78125, 2338121.40625 ], [ 568711.25, 2338124.375 ], [ 568608.75, 2338175.625 ], [ 568600.3125, 2338182.1875 ], [ 568595.625, 2338188.75 ], [ 568584.375, 2338211.25 ], [ 568581.40625, 2338215.78125 ], [ 568575.78125, 2338221.40625 ], [ 568566.5625, 2338227.1875 ], [ 568563.125, 2338231.25 ], [ 568560.9375, 2338236.5625 ], [ 568559.6875, 2338250.3125 ], [ 568558.125, 2338256.25 ], [ 568555.3125, 2338260.9375 ], [ 568546.5625, 2338267.1875 ], [ 568541.875, 2338273.75 ], [ 568540.3125, 2338279.6875 ], [ 568539.0625, 2338297.1875 ], [ 568536.71875, 2338306.09375 ], [ 568524.375, 2338331.25 ], [ 568517.8125, 2338339.6875 ], [ 568511.25, 2338344.375 ], [ 568488.75, 2338355.625 ], [ 568484.21875, 2338358.59375 ], [ 568478.59375, 2338364.21875 ], [ 568472.8125, 2338373.4375 ], [ 568468.75, 2338376.875 ], [ 568463.4375, 2338379.0625 ], [ 568449.6875, 2338380.3125 ], [ 568443.75, 2338381.875 ], [ 568439.0625, 2338384.6875 ], [ 568432.8125, 2338393.4375 ], [ 568428.75, 2338396.875 ], [ 568423.4375, 2338399.0625 ], [ 568409.6875, 2338400.3125 ], [ 568403.75, 2338401.875 ], [ 568399.0625, 2338404.6875 ], [ 568392.8125, 2338413.4375 ], [ 568388.75, 2338416.875 ], [ 568383.4375, 2338419.0625 ], [ 568369.6875, 2338420.3125 ], [ 568363.75, 2338421.875 ], [ 568359.0625, 2338424.6875 ], [ 568352.8125, 2338433.4375 ], [ 568348.75, 2338436.875 ], [ 568340.3125, 2338439.6875 ], [ 568326.5625, 2338440.9375 ], [ 568319.0625, 2338444.6875 ], [ 568315.625, 2338448.75 ], [ 568283.28125, 2338513.90625 ], [ 568280.9375, 2338522.8125 ], [ 568280.0, 2338533.125 ], [ 568280.15625, 2338750.46875 ], [ 568280.9375, 2338757.1875 ], [ 568283.28125, 2338766.09375 ], [ 568297.65625, 2338796.71875 ], [ 568299.53125, 2338806.09375 ], [ 568300.3125, 2338820.3125 ], [ 568301.875, 2338826.25 ], [ 568304.6875, 2338830.9375 ], [ 568308.75, 2338834.375 ], [ 568391.25, 2338875.625 ], [ 568395.78125, 2338878.59375 ], [ 568402.96875, 2338886.40625 ], [ 568415.625, 2338911.25 ], [ 568420.3125, 2338917.8125 ], [ 568426.40625, 2338922.96875 ], [ 568451.25, 2338935.625 ], [ 568455.3125, 2338939.0625 ], [ 568458.125, 2338943.75 ], [ 568459.6875, 2338949.6875 ], [ 568460.0, 2338986.875 ], [ 568458.125, 2338996.25 ], [ 568453.4375, 2339002.8125 ], [ 568388.75, 2339035.625 ], [ 568384.21875, 2339038.59375 ], [ 568377.03125, 2339046.40625 ], [ 568364.375, 2339071.25 ], [ 568359.6875, 2339077.8125 ], [ 568351.25, 2339084.375 ], [ 568328.75, 2339095.625 ], [ 568324.21875, 2339098.59375 ], [ 568318.59375, 2339104.21875 ], [ 568312.8125, 2339113.4375 ], [ 568308.75, 2339116.875 ], [ 568303.4375, 2339119.0625 ], [ 568282.8125, 2339120.9375 ], [ 568271.25, 2339124.375 ], [ 568248.75, 2339135.625 ], [ 568244.21875, 2339138.59375 ], [ 568238.59375, 2339144.21875 ], [ 568234.375, 2339151.25 ], [ 568230.9375, 2339155.3125 ], [ 568223.4375, 2339159.0625 ], [ 568216.875, 2339160.0 ], [ 568149.53125, 2339160.15625 ], [ 568142.8125, 2339160.9375 ], [ 568133.90625, 2339163.28125 ], [ 568028.75, 2339215.625 ], [ 568024.21875, 2339218.59375 ], [ 568020.3125, 2339222.1875 ], [ 568015.625, 2339228.75 ], [ 567982.96875, 2339293.59375 ], [ 567977.8125, 2339299.6875 ], [ 567966.5625, 2339307.1875 ], [ 567963.125, 2339311.25 ], [ 567960.9375, 2339316.5625 ], [ 567959.6875, 2339330.3125 ], [ 567958.125, 2339336.25 ], [ 567955.3125, 2339340.9375 ], [ 567946.5625, 2339347.1875 ], [ 567943.125, 2339351.25 ], [ 567940.9375, 2339356.5625 ], [ 567939.6875, 2339370.3125 ], [ 567936.875, 2339378.75 ], [ 567931.25, 2339384.375 ], [ 567908.75, 2339395.625 ], [ 567902.1875, 2339400.3125 ], [ 567895.625, 2339408.75 ], [ 567884.375, 2339431.25 ], [ 567878.75, 2339436.875 ], [ 567873.4375, 2339439.0625 ], [ 567866.875, 2339440.0 ], [ 567833.125, 2339440.0 ], [ 567826.5625, 2339440.9375 ], [ 567819.0625, 2339444.6875 ], [ 567812.8125, 2339453.4375 ], [ 567806.25, 2339458.125 ], [ 567800.3125, 2339459.6875 ], [ 567786.09375, 2339460.46875 ], [ 567776.71875, 2339462.34375 ], [ 567746.09375, 2339476.71875 ], [ 567733.90625, 2339479.53125 ], [ 567723.125, 2339480.0 ], [ 567713.75, 2339478.125 ], [ 567707.1875, 2339473.4375 ], [ 567700.9375, 2339464.6875 ], [ 567696.25, 2339461.875 ], [ 567690.3125, 2339460.3125 ], [ 567623.125, 2339460.0 ], [ 567616.5625, 2339460.9375 ], [ 567609.0625, 2339464.6875 ], [ 567605.625, 2339468.75 ], [ 567603.28125, 2339473.90625 ], [ 567600.46875, 2339486.09375 ], [ 567600.15625, 2339530.46875 ], [ 567600.9375, 2339537.1875 ], [ 567603.28125, 2339546.09375 ], [ 567615.625, 2339571.25 ], [ 567619.0625, 2339582.8125 ], [ 567620.0, 2339593.125 ], [ 567619.84375, 2339630.46875 ], [ 567618.4375, 2339640.3125 ], [ 567615.625, 2339648.75 ], [ 567604.375, 2339671.25 ], [ 567598.75, 2339676.875 ], [ 567593.4375, 2339679.0625 ], [ 567586.875, 2339680.0 ], [ 567553.125, 2339680.0 ], [ 567539.6875, 2339681.5625 ], [ 567531.25, 2339684.375 ], [ 567508.75, 2339695.625 ], [ 567504.6875, 2339699.0625 ], [ 567501.875, 2339703.75 ], [ 567500.3125, 2339709.6875 ], [ 567499.6875, 2339720.3125 ], [ 567496.875, 2339728.75 ], [ 567491.25, 2339734.375 ], [ 567480.3125, 2339738.4375 ], [ 567466.875, 2339740.0 ], [ 567283.125, 2339740.0 ], [ 567273.75, 2339741.875 ], [ 567269.0625, 2339744.6875 ], [ 567265.625, 2339748.75 ], [ 567261.5625, 2339759.6875 ], [ 567260.0, 2339773.125 ], [ 567260.0, 2339806.875 ], [ 567258.59375, 2339812.96875 ], [ 567255.3125, 2339817.1875 ], [ 567252.96875, 2339818.59375 ], [ 567246.875, 2339820.0 ], [ 567183.125, 2339820.0 ], [ 567176.5625, 2339820.9375 ], [ 567169.0625, 2339824.6875 ], [ 567165.625, 2339828.75 ], [ 567162.34375, 2339836.71875 ], [ 567160.46875, 2339846.09375 ], [ 567159.0625, 2339863.4375 ], [ 567155.3125, 2339870.9375 ], [ 567142.1875, 2339880.3125 ], [ 567138.59375, 2339884.21875 ], [ 567132.8125, 2339893.4375 ], [ 567128.75, 2339896.875 ], [ 567120.3125, 2339899.6875 ], [ 567106.5625, 2339900.9375 ], [ 567099.0625, 2339904.6875 ], [ 567095.625, 2339908.75 ], [ 567084.375, 2339931.25 ], [ 567078.75, 2339936.875 ], [ 567070.3125, 2339939.6875 ], [ 567056.5625, 2339940.9375 ], [ 567051.25, 2339943.125 ], [ 567047.1875, 2339946.5625 ], [ 567022.96875, 2339993.59375 ], [ 567017.8125, 2339999.6875 ], [ 567006.5625, 2340007.1875 ], [ 567003.125, 2340011.25 ], [ 567000.3125, 2340019.6875 ], [ 566999.0625, 2340033.4375 ], [ 566995.3125, 2340040.9375 ], [ 566991.25, 2340044.375 ], [ 566968.75, 2340055.625 ], [ 566963.125, 2340061.25 ], [ 566960.3125, 2340069.6875 ], [ 566959.0625, 2340083.4375 ], [ 566955.3125, 2340090.9375 ], [ 566951.25, 2340094.375 ], [ 566868.75, 2340135.625 ], [ 566862.1875, 2340140.3125 ], [ 566855.625, 2340148.75 ], [ 566844.375, 2340171.25 ], [ 566841.40625, 2340175.78125 ], [ 566835.78125, 2340181.40625 ], [ 566826.5625, 2340187.1875 ], [ 566823.125, 2340191.25 ], [ 566820.3125, 2340199.6875 ], [ 566819.0625, 2340213.4375 ], [ 566815.3125, 2340220.9375 ], [ 566811.25, 2340224.375 ], [ 566786.40625, 2340237.03125 ], [ 566780.3125, 2340242.1875 ], [ 566775.625, 2340248.75 ], [ 566764.375, 2340271.25 ], [ 566757.8125, 2340279.6875 ], [ 566751.25, 2340284.375 ], [ 566728.75, 2340295.625 ], [ 566724.21875, 2340298.59375 ], [ 566718.59375, 2340304.21875 ], [ 566712.8125, 2340313.4375 ], [ 566708.75, 2340316.875 ], [ 566700.3125, 2340319.6875 ], [ 566686.09375, 2340320.46875 ], [ 566676.71875, 2340322.34375 ], [ 566668.75, 2340325.625 ], [ 566664.6875, 2340329.0625 ], [ 566660.9375, 2340336.5625 ], [ 566659.0625, 2340357.1875 ], [ 566657.65625, 2340363.28125 ], [ 566654.375, 2340371.25 ], [ 566650.9375, 2340375.3125 ], [ 566646.25, 2340378.125 ], [ 566640.3125, 2340379.6875 ], [ 566629.84375, 2340380.46875 ], [ 566627.03125, 2340381.40625 ], [ 566622.8125, 2340384.6875 ], [ 566620.46875, 2340389.84375 ], [ 566619.6875, 2340400.3125 ], [ 566616.875, 2340408.75 ], [ 566613.4375, 2340412.8125 ], [ 566604.21875, 2340418.59375 ], [ 566598.59375, 2340424.21875 ], [ 566595.625, 2340428.75 ], [ 566584.375, 2340451.25 ], [ 566580.9375, 2340455.3125 ], [ 566573.4375, 2340459.0625 ], [ 566559.6875, 2340460.3125 ], [ 566551.25, 2340463.125 ], [ 566547.1875, 2340466.5625 ], [ 566541.40625, 2340475.78125 ], [ 566535.78125, 2340481.40625 ], [ 566504.21875, 2340498.59375 ], [ 566497.03125, 2340506.40625 ], [ 566484.375, 2340531.25 ], [ 566477.8125, 2340539.6875 ], [ 566471.25, 2340544.375 ], [ 566448.75, 2340555.625 ], [ 566440.3125, 2340562.1875 ], [ 566435.625, 2340568.75 ], [ 566424.375, 2340591.25 ], [ 566417.8125, 2340599.6875 ], [ 566411.25, 2340604.375 ], [ 566388.75, 2340615.625 ], [ 566384.21875, 2340618.59375 ], [ 566378.59375, 2340624.21875 ], [ 566372.8125, 2340633.4375 ], [ 566368.75, 2340636.875 ], [ 566360.3125, 2340639.6875 ], [ 566346.5625, 2340640.9375 ], [ 566339.0625, 2340644.6875 ], [ 566335.625, 2340648.75 ], [ 566322.96875, 2340673.59375 ], [ 566317.8125, 2340679.6875 ], [ 566311.25, 2340684.375 ], [ 566288.75, 2340695.625 ], [ 566280.3125, 2340702.1875 ], [ 566275.625, 2340708.75 ], [ 566264.375, 2340731.25 ], [ 566257.8125, 2340739.6875 ], [ 566251.25, 2340744.375 ], [ 566206.5625, 2340767.1875 ], [ 566203.125, 2340771.25 ], [ 566200.9375, 2340776.5625 ], [ 566199.53125, 2340793.90625 ], [ 566196.71875, 2340806.09375 ], [ 566184.375, 2340831.25 ], [ 566180.9375, 2340835.3125 ], [ 566176.25, 2340838.125 ], [ 566166.875, 2340840.0 ], [ 566073.125, 2340840.0 ], [ 566067.03125, 2340841.40625 ], [ 566062.8125, 2340844.6875 ], [ 566061.40625, 2340847.03125 ], [ 566060.0, 2340853.125 ], [ 566060.0, 2340916.875 ], [ 566059.0625, 2340923.4375 ], [ 566056.875, 2340928.75 ], [ 566053.4375, 2340932.8125 ], [ 566044.21875, 2340938.59375 ], [ 566038.59375, 2340944.21875 ], [ 566035.625, 2340948.75 ], [ 566024.375, 2340971.25 ], [ 566017.8125, 2340979.6875 ], [ 566011.25, 2340984.375 ], [ 565988.75, 2340995.625 ], [ 565982.1875, 2341000.3125 ], [ 565977.03125, 2341006.40625 ], [ 565964.375, 2341031.25 ], [ 565960.9375, 2341035.3125 ], [ 565953.4375, 2341039.0625 ], [ 565936.5625, 2341040.9375 ], [ 565929.0625, 2341044.6875 ], [ 565919.6875, 2341057.8125 ], [ 565915.78125, 2341061.40625 ], [ 565906.5625, 2341067.1875 ], [ 565903.125, 2341071.25 ], [ 565900.3125, 2341079.6875 ], [ 565899.0625, 2341093.4375 ], [ 565895.3125, 2341100.9375 ], [ 565891.25, 2341104.375 ], [ 565868.75, 2341115.625 ], [ 565864.6875, 2341119.0625 ], [ 565861.875, 2341123.75 ], [ 565860.3125, 2341129.6875 ], [ 565860.0, 2341166.875 ], [ 565859.0625, 2341173.4375 ], [ 565856.875, 2341178.75 ], [ 565851.25, 2341184.375 ], [ 565826.40625, 2341197.03125 ], [ 565818.59375, 2341204.21875 ], [ 565815.625, 2341208.75 ], [ 565784.375, 2341271.25 ], [ 565779.6875, 2341277.8125 ], [ 565771.25, 2341284.375 ], [ 565746.40625, 2341297.03125 ], [ 565738.59375, 2341304.21875 ], [ 565721.40625, 2341335.78125 ], [ 565715.78125, 2341341.40625 ], [ 565706.5625, 2341347.1875 ], [ 565703.125, 2341351.25 ], [ 565700.3125, 2341359.6875 ], [ 565699.0625, 2341373.4375 ], [ 565695.3125, 2341380.9375 ], [ 565691.25, 2341384.375 ], [ 565626.40625, 2341417.03125 ], [ 565620.3125, 2341422.1875 ], [ 565612.8125, 2341433.4375 ], [ 565608.75, 2341436.875 ], [ 565600.3125, 2341439.6875 ], [ 565586.09375, 2341440.46875 ], [ 565573.90625, 2341443.28125 ], [ 565548.75, 2341455.625 ], [ 565542.1875, 2341460.3125 ], [ 565535.625, 2341468.75 ], [ 565524.375, 2341491.25 ], [ 565521.40625, 2341495.78125 ], [ 565515.78125, 2341501.40625 ], [ 565506.5625, 2341507.1875 ], [ 565501.875, 2341513.75 ], [ 565500.0, 2341523.125 ], [ 565499.6875, 2341560.3125 ], [ 565498.125, 2341566.25 ], [ 565495.3125, 2341570.9375 ], [ 565482.1875, 2341580.3125 ], [ 565478.59375, 2341584.21875 ], [ 565472.8125, 2341593.4375 ], [ 565466.25, 2341598.125 ], [ 565456.875, 2341600.0 ], [ 565423.125, 2341600.0 ], [ 565416.5625, 2341600.9375 ], [ 565411.25, 2341603.125 ], [ 565407.1875, 2341606.5625 ], [ 565399.6875, 2341617.8125 ], [ 565395.78125, 2341621.40625 ], [ 565386.5625, 2341627.1875 ], [ 565383.125, 2341631.25 ], [ 565380.3125, 2341639.6875 ], [ 565379.53125, 2341650.15625 ], [ 565378.59375, 2341652.96875 ], [ 565375.3125, 2341657.1875 ], [ 565370.15625, 2341659.53125 ], [ 565359.6875, 2341660.3125 ], [ 565351.25, 2341663.125 ], [ 565347.1875, 2341666.5625 ], [ 565341.40625, 2341675.78125 ], [ 565335.78125, 2341681.40625 ], [ 565331.25, 2341684.375 ], [ 565308.75, 2341695.625 ], [ 565302.1875, 2341700.3125 ], [ 565295.625, 2341708.75 ], [ 565262.96875, 2341773.59375 ], [ 565257.8125, 2341779.6875 ], [ 565246.5625, 2341787.1875 ], [ 565243.125, 2341791.25 ], [ 565240.9375, 2341796.5625 ], [ 565239.6875, 2341810.3125 ], [ 565238.125, 2341816.25 ], [ 565235.3125, 2341820.9375 ], [ 565231.25, 2341824.375 ], [ 565208.75, 2341835.625 ], [ 565200.3125, 2341838.4375 ], [ 565186.875, 2341840.0 ], [ 565153.125, 2341840.0 ], [ 565147.03125, 2341841.40625 ], [ 565144.6875, 2341842.8125 ], [ 565141.40625, 2341847.03125 ], [ 565140.46875, 2341849.84375 ], [ 565139.0625, 2341863.4375 ], [ 565136.875, 2341868.75 ], [ 565133.4375, 2341872.8125 ], [ 565126.40625, 2341877.03125 ], [ 565120.3125, 2341882.1875 ], [ 565110.9375, 2341895.3125 ], [ 565106.25, 2341898.125 ], [ 565100.3125, 2341899.6875 ], [ 565093.125, 2341900.0 ], [ 565082.8125, 2341899.0625 ], [ 565076.71875, 2341897.65625 ], [ 565068.75, 2341894.375 ], [ 565064.6875, 2341890.9375 ], [ 565061.875, 2341886.25 ], [ 565060.3125, 2341880.3125 ], [ 565060.0, 2341873.125 ], [ 565060.9375, 2341862.8125 ], [ 565063.28125, 2341853.90625 ], [ 565075.625, 2341828.75 ], [ 565079.0625, 2341824.6875 ], [ 565086.5625, 2341820.9375 ], [ 565103.4375, 2341819.0625 ], [ 565108.75, 2341816.875 ], [ 565112.8125, 2341813.4375 ], [ 565115.625, 2341808.75 ], [ 565117.65625, 2341803.28125 ], [ 565119.84375, 2341790.46875 ], [ 565120.0, 2341753.125 ], [ 565119.53125, 2341746.09375 ], [ 565117.65625, 2341736.71875 ], [ 565115.625, 2341731.25 ], [ 565104.375, 2341708.75 ], [ 565100.9375, 2341704.6875 ], [ 565096.25, 2341701.875 ], [ 565086.875, 2341700.0 ], [ 564993.125, 2341700.0 ], [ 564986.09375, 2341700.46875 ], [ 564976.71875, 2341702.34375 ], [ 564971.25, 2341704.375 ], [ 564948.75, 2341715.625 ], [ 564944.21875, 2341718.59375 ], [ 564938.59375, 2341724.21875 ], [ 564932.8125, 2341733.4375 ], [ 564928.75, 2341736.875 ], [ 564923.4375, 2341739.0625 ], [ 564909.6875, 2341740.3125 ], [ 564901.25, 2341743.125 ], [ 564895.625, 2341748.75 ], [ 564884.375, 2341771.25 ], [ 564880.9375, 2341775.3125 ], [ 564873.4375, 2341779.0625 ], [ 564859.6875, 2341780.3125 ], [ 564851.25, 2341783.125 ], [ 564847.1875, 2341786.5625 ], [ 564842.8125, 2341793.4375 ], [ 564836.25, 2341798.125 ], [ 564826.875, 2341800.0 ], [ 564733.125, 2341800.0 ], [ 564729.84375, 2341799.53125 ], [ 564724.6875, 2341797.1875 ], [ 564722.8125, 2341795.3125 ], [ 564720.46875, 2341790.15625 ], [ 564720.0, 2341753.125 ], [ 564719.0625, 2341742.8125 ], [ 564717.65625, 2341736.71875 ], [ 564714.375, 2341728.75 ], [ 564708.75, 2341723.125 ], [ 564703.4375, 2341720.9375 ], [ 564689.6875, 2341719.6875 ], [ 564683.75, 2341718.125 ], [ 564677.1875, 2341713.4375 ], [ 564670.9375, 2341704.6875 ], [ 564666.25, 2341701.875 ], [ 564660.3125, 2341700.3125 ], [ 564559.6875, 2341700.3125 ], [ 564553.75, 2341701.875 ], [ 564549.0625, 2341704.6875 ], [ 564539.6875, 2341717.8125 ], [ 564535.78125, 2341721.40625 ], [ 564528.75, 2341725.625 ], [ 564524.6875, 2341729.0625 ], [ 564520.9375, 2341736.5625 ], [ 564519.0625, 2341753.4375 ], [ 564516.875, 2341758.75 ], [ 564513.4375, 2341762.8125 ], [ 564488.75, 2341775.625 ], [ 564483.28125, 2341777.65625 ], [ 564473.90625, 2341779.53125 ], [ 564459.6875, 2341780.3125 ], [ 564453.75, 2341781.875 ], [ 564449.0625, 2341784.6875 ], [ 564445.625, 2341788.75 ], [ 564442.34375, 2341796.71875 ], [ 564440.15625, 2341809.53125 ], [ 564440.0, 2341906.875 ], [ 564438.59375, 2341912.96875 ], [ 564435.3125, 2341917.1875 ], [ 564432.96875, 2341918.59375 ], [ 564426.875, 2341920.0 ], [ 564273.125, 2341920.0 ], [ 564263.75, 2341921.875 ], [ 564259.0625, 2341924.6875 ], [ 564255.625, 2341928.75 ], [ 564244.375, 2341951.25 ], [ 564237.8125, 2341959.6875 ], [ 564231.25, 2341964.375 ], [ 564188.75, 2341985.625 ], [ 564184.6875, 2341989.0625 ], [ 564180.9375, 2341996.5625 ], [ 564179.53125, 2342013.90625 ], [ 564176.71875, 2342026.09375 ], [ 564164.375, 2342051.25 ], [ 564158.75, 2342056.875 ], [ 564153.4375, 2342059.0625 ], [ 564146.875, 2342060.0 ], [ 564083.125, 2342060.0 ], [ 564076.5625, 2342060.9375 ], [ 564069.0625, 2342064.6875 ], [ 564062.8125, 2342073.4375 ], [ 564058.75, 2342076.875 ], [ 564053.4375, 2342079.0625 ], [ 564046.875, 2342080.0 ], [ 564009.6875, 2342079.6875 ], [ 564001.25, 2342076.875 ], [ 563995.625, 2342071.25 ] ] } },
{ "type": "Feature", "properties": { }, "geometry": { "type": "LineString", "coordinates": [ [ 573833.125, 2337780.0 ], [ 573926.875, 2337780.0 ], [ 573933.90625, 2337779.53125 ], [ 573943.28125, 2337777.65625 ], [ 573948.75, 2337775.625 ], [ 574091.25, 2337704.375 ], [ 574095.78125, 2337701.40625 ], [ 574102.96875, 2337693.59375 ], [ 574118.59375, 2337664.21875 ], [ 574124.21875, 2337658.59375 ], [ 574133.4375, 2337652.8125 ], [ 574136.875, 2337648.75 ], [ 574139.6875, 2337640.3125 ], [ 574140.9375, 2337626.5625 ], [ 574144.6875, 2337619.0625 ], [ 574148.75, 2337615.625 ], [ 574171.25, 2337604.375 ], [ 574176.875, 2337598.75 ], [ 574179.0625, 2337593.4375 ], [ 574180.3125, 2337579.6875 ], [ 574181.875, 2337573.75 ], [ 574184.6875, 2337569.0625 ], [ 574197.8125, 2337559.6875 ], [ 574204.375, 2337551.25 ], [ 574215.625, 2337528.75 ], [ 574217.65625, 2337523.28125 ], [ 574219.53125, 2337513.90625 ], [ 574220.3125, 2337499.6875 ], [ 574221.875, 2337493.75 ], [ 574224.6875, 2337489.0625 ], [ 574233.4375, 2337482.8125 ], [ 574236.875, 2337478.75 ], [ 574239.0625, 2337473.4375 ], [ 574240.3125, 2337459.6875 ], [ 574241.875, 2337453.75 ], [ 574244.6875, 2337449.0625 ], [ 574253.4375, 2337442.8125 ], [ 574258.125, 2337436.25 ], [ 574260.0, 2337426.875 ], [ 574260.0, 2337393.125 ], [ 574261.5625, 2337379.6875 ], [ 574264.375, 2337371.25 ], [ 574275.625, 2337348.75 ], [ 574279.0625, 2337337.1875 ], [ 574280.0, 2337326.875 ], [ 574280.0, 2337293.125 ], [ 574281.5625, 2337279.6875 ], [ 574284.375, 2337271.25 ], [ 574295.625, 2337248.75 ], [ 574299.0625, 2337237.1875 ], [ 574300.0, 2337226.875 ], [ 574299.6875, 2337159.6875 ], [ 574298.125, 2337153.75 ], [ 574295.3125, 2337149.0625 ], [ 574291.25, 2337145.625 ], [ 574283.28125, 2337142.34375 ], [ 574270.46875, 2337140.15625 ], [ 574233.125, 2337140.0 ], [ 574222.8125, 2337139.0625 ], [ 574216.71875, 2337137.65625 ], [ 574208.75, 2337134.375 ], [ 574203.125, 2337128.75 ], [ 574200.9375, 2337123.4375 ], [ 574200.0, 2337116.875 ], [ 574200.0, 2337053.125 ], [ 574199.0625, 2337042.8125 ], [ 574196.71875, 2337033.90625 ], [ 574184.375, 2337008.75 ], [ 574181.5625, 2337000.3125 ], [ 574180.0, 2336986.875 ], [ 574179.84375, 2336949.53125 ], [ 574177.65625, 2336936.71875 ], [ 574175.625, 2336931.25 ], [ 574172.8125, 2336926.5625 ], [ 574166.25, 2336921.875 ], [ 574156.875, 2336920.0 ], [ 574093.125, 2336920.0 ], [ 574087.03125, 2336921.40625 ], [ 574082.8125, 2336924.6875 ], [ 574081.40625, 2336927.03125 ], [ 574080.0, 2336933.125 ], [ 574080.0, 2336966.875 ], [ 574079.0625, 2336973.4375 ], [ 574075.3125, 2336980.9375 ], [ 574064.6875, 2336989.0625 ], [ 574061.875, 2336993.75 ], [ 574060.3125, 2336999.6875 ], [ 574060.0, 2337096.875 ], [ 574059.0625, 2337103.4375 ], [ 574056.875, 2337108.75 ], [ 574051.25, 2337114.375 ], [ 574046.09375, 2337116.71875 ], [ 574037.1875, 2337119.0625 ], [ 574026.875, 2337120.0 ], [ 573993.125, 2337120.0 ], [ 573986.5625, 2337120.9375 ], [ 573979.0625, 2337124.6875 ], [ 573972.8125, 2337133.4375 ], [ 573968.75, 2337136.875 ], [ 573960.3125, 2337139.6875 ], [ 573946.5625, 2337140.9375 ], [ 573941.25, 2337143.125 ], [ 573937.1875, 2337146.5625 ], [ 573921.40625, 2337175.78125 ], [ 573915.78125, 2337181.40625 ], [ 573906.5625, 2337187.1875 ], [ 573901.875, 2337193.75 ], [ 573900.0, 2337203.125 ], [ 573900.0, 2337236.875 ], [ 573899.0625, 2337243.4375 ], [ 573895.3125, 2337250.9375 ], [ 573884.6875, 2337259.0625 ], [ 573880.9375, 2337266.5625 ], [ 573880.0, 2337273.125 ], [ 573880.0, 2337306.875 ], [ 573878.59375, 2337312.96875 ], [ 573875.3125, 2337317.1875 ], [ 573872.96875, 2337318.59375 ], [ 573866.875, 2337320.0 ], [ 573833.125, 2337320.0 ], [ 573822.8125, 2337319.0625 ], [ 573811.25, 2337315.625 ], [ 573788.75, 2337304.375 ], [ 573784.6875, 2337300.9375 ], [ 573780.9375, 2337293.4375 ], [ 573779.6875, 2337279.6875 ], [ 573776.875, 2337271.25 ], [ 573771.25, 2337265.625 ], [ 573760.3125, 2337261.5625 ], [ 573746.875, 2337260.0 ], [ 573713.125, 2337260.0 ], [ 573702.8125, 2337260.9375 ], [ 573696.71875, 2337262.34375 ], [ 573688.75, 2337265.625 ], [ 573684.6875, 2337269.0625 ], [ 573681.875, 2337273.75 ], [ 573680.0, 2337283.125 ], [ 573680.0, 2337436.875 ], [ 573680.9375, 2337443.4375 ], [ 573684.6875, 2337450.9375 ], [ 573688.75, 2337454.375 ], [ 573695.78125, 2337458.59375 ], [ 573701.40625, 2337464.21875 ], [ 573717.03125, 2337493.59375 ], [ 573722.1875, 2337499.6875 ], [ 573735.3125, 2337509.0625 ], [ 573738.125, 2337513.75 ], [ 573739.6875, 2337519.6875 ], [ 573739.84375, 2337530.46875 ], [ 573737.65625, 2337543.28125 ], [ 573723.28125, 2337573.90625 ], [ 573720.46875, 2337586.09375 ], [ 573720.0, 2337656.875 ], [ 573720.9375, 2337663.4375 ], [ 573724.6875, 2337670.9375 ], [ 573731.25, 2337675.625 ], [ 573742.8125, 2337679.0625 ], [ 573763.4375, 2337680.9375 ], [ 573768.75, 2337683.125 ], [ 573772.8125, 2337686.5625 ], [ 573815.625, 2337771.25 ], [ 573821.25, 2337776.875 ], [ 573826.5625, 2337779.0625 ], [ 573833.125, 2337780.0 ] ] } },
{ "type": "Feature", "properties": { }, "geometry": { "type": "LineString", "coordinates": [ [ 574213.125, 2336900.0 ], [ 574313.90625, 2336899.53125 ], [ 574323.28125, 2336897.65625 ], [ 574331.25, 2336894.375 ], [ 574335.3125, 2336890.9375 ], [ 574338.125, 2336886.25 ], [ 574340.0, 2336876.875 ], [ 574340.0, 2336573.125 ], [ 574338.59375, 2336567.03125 ], [ 574337.1875, 2336564.6875 ], [ 574332.96875, 2336561.40625 ], [ 574326.875, 2336560.0 ], [ 574263.125, 2336560.0 ], [ 574256.5625, 2336560.9375 ], [ 574249.0625, 2336564.6875 ], [ 574239.6875, 2336577.8125 ], [ 574235.78125, 2336581.40625 ], [ 574226.5625, 2336587.1875 ], [ 574221.875, 2336593.75 ], [ 574220.0, 2336603.125 ], [ 574219.6875, 2336730.3125 ], [ 574218.125, 2336736.25 ], [ 574215.3125, 2336740.9375 ], [ 574206.5625, 2336747.1875 ], [ 574203.125, 2336751.25 ], [ 574200.9375, 2336756.5625 ], [ 574200.0, 2336763.125 ], [ 574200.0, 2336886.875 ], [ 574200.46875, 2336890.15625 ], [ 574202.8125, 2336895.3125 ], [ 574207.03125, 2336898.59375 ], [ 574213.125, 2336900.0 ] ] } },
{ "type": "Feature", "properties": { }, "geometry": { "type": "LineString", "coordinates": [ [ 570073.125, 2336700.0 ], [ 570170.46875, 2336699.84375 ], [ 570177.1875, 2336699.0625 ], [ 570186.09375, 2336696.71875 ], [ 570191.25, 2336694.375 ], [ 570195.3125, 2336690.9375 ], [ 570198.125, 2336686.25 ], [ 570200.0, 2336676.875 ], [ 570199.53125, 2336606.09375 ], [ 570198.4375, 2336599.6875 ], [ 570195.625, 2336591.25 ], [ 570182.8125, 2336566.5625 ], [ 570178.75, 2336563.125 ], [ 570170.3125, 2336560.3125 ], [ 570129.53125, 2336559.84375 ], [ 570122.8125, 2336559.0625 ], [ 570113.90625, 2336556.71875 ], [ 570046.09375, 2336523.28125 ], [ 570037.1875, 2336520.9375 ], [ 570019.6875, 2336519.6875 ], [ 570013.75, 2336518.125 ], [ 570007.1875, 2336513.4375 ], [ 570000.9375, 2336504.6875 ], [ 569993.4375, 2336500.9375 ], [ 569986.875, 2336500.0 ], [ 569953.125, 2336500.0 ], [ 569946.5625, 2336499.0625 ], [ 569941.25, 2336496.875 ], [ 569935.625, 2336491.25 ], [ 569924.375, 2336468.75 ], [ 569922.34375, 2336463.28125 ], [ 569920.15625, 2336450.46875 ], [ 569919.53125, 2336409.84375 ], [ 569917.1875, 2336404.6875 ], [ 569912.96875, 2336401.40625 ], [ 569906.875, 2336400.0 ], [ 569813.125, 2336400.0 ], [ 569806.5625, 2336400.9375 ], [ 569799.0625, 2336404.6875 ], [ 569795.625, 2336408.75 ], [ 569764.375, 2336471.25 ], [ 569762.34375, 2336476.71875 ], [ 569760.46875, 2336486.09375 ], [ 569760.0, 2336526.875 ], [ 569760.9375, 2336537.1875 ], [ 569764.375, 2336548.75 ], [ 569777.1875, 2336573.4375 ], [ 569781.25, 2336576.875 ], [ 569786.5625, 2336579.0625 ], [ 569800.3125, 2336580.3125 ], [ 569808.75, 2336583.125 ], [ 569812.8125, 2336586.5625 ], [ 569818.59375, 2336595.78125 ], [ 569824.21875, 2336601.40625 ], [ 569828.75, 2336604.375 ], [ 569853.90625, 2336616.71875 ], [ 569859.6875, 2336618.4375 ], [ 569869.53125, 2336619.84375 ], [ 569910.3125, 2336620.3125 ], [ 569918.75, 2336623.125 ], [ 569924.375, 2336628.75 ], [ 569935.625, 2336651.25 ], [ 569939.0625, 2336655.3125 ], [ 569943.75, 2336658.125 ], [ 569953.125, 2336660.0 ], [ 570016.875, 2336660.0 ], [ 570026.25, 2336661.875 ], [ 570032.8125, 2336666.5625 ], [ 570037.03125, 2336673.59375 ], [ 570042.1875, 2336679.6875 ], [ 570058.125, 2336690.625 ], [ 570061.40625, 2336697.65625 ], [ 570064.6875, 2336699.0625 ], [ 570073.125, 2336700.0 ] ] } },
{ "type": "Feature", "properties": { }, "geometry": { "type": "LineString", "coordinates": [ [ 576153.125, 2335080.0 ], [ 576250.46875, 2335079.84375 ], [ 576263.28125, 2335077.65625 ], [ 576268.75, 2335075.625 ], [ 576273.4375, 2335072.8125 ], [ 576278.125, 2335066.25 ], [ 576280.0, 2335056.875 ], [ 576280.0, 2334933.125 ], [ 576280.9375, 2334926.5625 ], [ 576284.6875, 2334919.0625 ], [ 576288.75, 2334915.625 ], [ 576351.25, 2334884.375 ], [ 576355.78125, 2334881.40625 ], [ 576362.96875, 2334873.59375 ], [ 576375.625, 2334848.75 ], [ 576381.25, 2334843.125 ], [ 576386.5625, 2334840.9375 ], [ 576400.3125, 2334839.6875 ], [ 576408.75, 2334836.875 ], [ 576412.8125, 2334833.4375 ], [ 576420.3125, 2334822.1875 ], [ 576426.40625, 2334817.03125 ], [ 576491.25, 2334784.375 ], [ 576495.78125, 2334781.40625 ], [ 576499.6875, 2334777.8125 ], [ 576504.375, 2334771.25 ], [ 576537.03125, 2334706.40625 ], [ 576542.1875, 2334700.3125 ], [ 576553.4375, 2334692.8125 ], [ 576556.875, 2334688.75 ], [ 576559.0625, 2334683.4375 ], [ 576560.0, 2334676.875 ], [ 576560.0, 2334613.125 ], [ 576560.9375, 2334606.5625 ], [ 576564.6875, 2334599.0625 ], [ 576575.3125, 2334590.9375 ], [ 576578.125, 2334586.25 ], [ 576579.6875, 2334580.3125 ], [ 576580.0, 2334453.125 ], [ 576580.9375, 2334446.5625 ], [ 576583.125, 2334441.25 ], [ 576586.5625, 2334437.1875 ], [ 576613.4375, 2334422.8125 ], [ 576616.875, 2334418.75 ], [ 576619.6875, 2334410.3125 ], [ 576620.0, 2334313.125 ], [ 576618.59375, 2334307.03125 ], [ 576617.1875, 2334304.6875 ], [ 576612.96875, 2334301.40625 ], [ 576606.875, 2334300.0 ], [ 576543.125, 2334300.0 ], [ 576533.75, 2334301.875 ], [ 576529.0625, 2334304.6875 ], [ 576522.8125, 2334313.4375 ], [ 576518.75, 2334316.875 ], [ 576513.4375, 2334319.0625 ], [ 576499.6875, 2334320.3125 ], [ 576491.25, 2334323.125 ], [ 576487.1875, 2334326.5625 ], [ 576481.40625, 2334335.78125 ], [ 576475.78125, 2334341.40625 ], [ 576444.21875, 2334358.59375 ], [ 576437.03125, 2334366.40625 ], [ 576424.375, 2334391.25 ], [ 576418.75, 2334396.875 ], [ 576410.3125, 2334399.6875 ], [ 576373.125, 2334400.0 ], [ 576366.5625, 2334400.9375 ], [ 576361.25, 2334403.125 ], [ 576355.625, 2334408.75 ], [ 576334.375, 2334451.25 ], [ 576330.9375, 2334455.3125 ], [ 576323.4375, 2334459.0625 ], [ 576306.5625, 2334460.9375 ], [ 576299.0625, 2334464.6875 ], [ 576295.625, 2334468.75 ], [ 576282.96875, 2334493.59375 ], [ 576277.8125, 2334499.6875 ], [ 576271.25, 2334504.375 ], [ 576248.75, 2334515.625 ], [ 576244.21875, 2334518.59375 ], [ 576238.59375, 2334524.21875 ], [ 576232.8125, 2334533.4375 ], [ 576228.75, 2334536.875 ], [ 576220.3125, 2334539.6875 ], [ 576206.5625, 2334540.9375 ], [ 576199.0625, 2334544.6875 ], [ 576195.625, 2334548.75 ], [ 576184.375, 2334571.25 ], [ 576180.9375, 2334575.3125 ], [ 576176.25, 2334578.125 ], [ 576170.3125, 2334579.6875 ], [ 576129.6875, 2334580.3125 ], [ 576123.75, 2334581.875 ], [ 576119.0625, 2334584.6875 ], [ 576115.625, 2334588.75 ], [ 576104.375, 2334611.25 ], [ 576099.6875, 2334617.8125 ], [ 576093.59375, 2334622.96875 ], [ 576068.75, 2334635.625 ], [ 576064.6875, 2334639.0625 ], [ 576060.9375, 2334646.5625 ], [ 576059.6875, 2334660.3125 ], [ 576056.875, 2334668.75 ], [ 576053.4375, 2334672.8125 ], [ 576046.40625, 2334677.03125 ], [ 576040.3125, 2334682.1875 ], [ 576035.625, 2334688.75 ], [ 576024.375, 2334711.25 ], [ 576021.40625, 2334715.78125 ], [ 576015.78125, 2334721.40625 ], [ 576006.5625, 2334727.1875 ], [ 576003.125, 2334731.25 ], [ 576000.9375, 2334736.5625 ], [ 576000.0, 2334743.125 ], [ 576000.0, 2334806.875 ], [ 576000.9375, 2334817.1875 ], [ 576004.375, 2334828.75 ], [ 576015.625, 2334851.25 ], [ 576022.1875, 2334859.6875 ], [ 576028.75, 2334864.375 ], [ 576051.25, 2334875.625 ], [ 576055.78125, 2334878.59375 ], [ 576061.40625, 2334884.21875 ], [ 576067.1875, 2334893.4375 ], [ 576071.25, 2334896.875 ], [ 576079.6875, 2334899.6875 ], [ 576093.4375, 2334900.9375 ], [ 576100.9375, 2334904.6875 ], [ 576104.375, 2334908.75 ], [ 576115.625, 2334931.25 ], [ 576118.59375, 2334935.78125 ], [ 576124.21875, 2334941.40625 ], [ 576133.4375, 2334947.1875 ], [ 576136.875, 2334951.25 ], [ 576139.0625, 2334956.5625 ], [ 576140.0, 2334963.125 ], [ 576140.0, 2335075.625 ], [ 576142.8125, 2335078.4375 ], [ 576153.125, 2335080.0 ] ] } },
{ "type": "Feature", "properties": { }, "geometry": { "type": "LineString", "coordinates": [ [ 584073.125, 2333480.0 ], [ 584136.875, 2333480.0 ], [ 584146.25, 2333478.125 ], [ 584150.9375, 2333475.3125 ], [ 584160.3125, 2333462.1875 ], [ 584168.75, 2333455.625 ], [ 584191.25, 2333444.375 ], [ 584196.71875, 2333442.34375 ], [ 584206.09375, 2333440.46875 ], [ 584220.3125, 2333439.6875 ], [ 584226.25, 2333438.125 ], [ 584230.9375, 2333435.3125 ], [ 584237.1875, 2333426.5625 ], [ 584243.75, 2333421.875 ], [ 584253.125, 2333420.0 ], [ 584286.875, 2333420.0 ], [ 584293.4375, 2333419.0625 ], [ 584298.75, 2333416.875 ], [ 584304.375, 2333411.25 ], [ 584315.625, 2333388.75 ], [ 584319.0625, 2333384.6875 ], [ 584326.5625, 2333380.9375 ], [ 584340.3125, 2333379.6875 ], [ 584348.75, 2333376.875 ], [ 584352.8125, 2333373.4375 ], [ 584357.1875, 2333366.5625 ], [ 584363.75, 2333361.875 ], [ 584369.6875, 2333360.3125 ], [ 584380.3125, 2333359.6875 ], [ 584388.75, 2333356.875 ], [ 584392.8125, 2333353.4375 ], [ 584397.1875, 2333346.5625 ], [ 584403.75, 2333341.875 ], [ 584413.125, 2333340.0 ], [ 584450.3125, 2333339.6875 ], [ 584456.25, 2333338.125 ], [ 584460.9375, 2333335.3125 ], [ 584464.375, 2333331.25 ], [ 584475.625, 2333308.75 ], [ 584480.3125, 2333302.1875 ], [ 584488.75, 2333295.625 ], [ 584511.25, 2333284.375 ], [ 584516.875, 2333278.75 ], [ 584519.0625, 2333273.4375 ], [ 584520.3125, 2333259.6875 ], [ 584521.875, 2333253.75 ], [ 584524.6875, 2333249.0625 ], [ 584533.4375, 2333242.8125 ], [ 584536.875, 2333238.75 ], [ 584539.6875, 2333230.3125 ], [ 584540.9375, 2333216.5625 ], [ 584544.6875, 2333209.0625 ], [ 584548.75, 2333205.625 ], [ 584571.25, 2333194.375 ], [ 584576.875, 2333188.75 ], [ 584579.0625, 2333183.4375 ], [ 584580.0, 2333176.875 ], [ 584580.46875, 2333106.09375 ], [ 584583.28125, 2333093.90625 ], [ 584587.1875, 2333086.5625 ], [ 584591.25, 2333083.125 ], [ 584596.5625, 2333080.9375 ], [ 584620.3125, 2333078.4375 ], [ 584628.75, 2333075.625 ], [ 584633.4375, 2333072.8125 ], [ 584636.875, 2333068.75 ], [ 584639.0625, 2333063.4375 ], [ 584640.0, 2333053.125 ], [ 584641.40625, 2333047.03125 ], [ 584642.8125, 2333044.6875 ], [ 584647.03125, 2333041.40625 ], [ 584653.125, 2333040.0 ], [ 584693.90625, 2333039.53125 ], [ 584706.09375, 2333036.71875 ], [ 584713.4375, 2333032.8125 ], [ 584716.875, 2333028.75 ], [ 584719.0625, 2333023.4375 ], [ 584720.46875, 2333006.09375 ], [ 584723.28125, 2332993.90625 ], [ 584727.1875, 2332986.5625 ], [ 584731.25, 2332983.125 ], [ 584739.6875, 2332980.3125 ], [ 584753.90625, 2332980.46875 ], [ 584766.09375, 2332983.28125 ], [ 584773.4375, 2332987.1875 ], [ 584776.875, 2332991.25 ], [ 584779.0625, 2332996.5625 ], [ 584780.46875, 2333013.90625 ], [ 584783.28125, 2333026.09375 ], [ 584787.1875, 2333033.4375 ], [ 584793.75, 2333038.125 ], [ 584803.125, 2333040.0 ], [ 584866.875, 2333040.0 ], [ 584880.3125, 2333038.4375 ], [ 584888.75, 2333035.625 ], [ 584931.25, 2333014.375 ], [ 584935.3125, 2333010.9375 ], [ 584939.0625, 2333003.4375 ], [ 584940.3125, 2332989.6875 ], [ 584941.875, 2332983.75 ], [ 584944.6875, 2332979.0625 ], [ 584953.4375, 2332972.8125 ], [ 584956.875, 2332968.75 ], [ 584959.0625, 2332963.4375 ], [ 584960.0, 2332953.125 ], [ 584961.40625, 2332947.03125 ], [ 584962.8125, 2332944.6875 ], [ 584967.03125, 2332941.40625 ], [ 584973.125, 2332940.0 ], [ 585036.875, 2332940.0 ], [ 585046.25, 2332938.125 ], [ 585050.9375, 2332935.3125 ], [ 585054.375, 2332931.25 ], [ 585065.625, 2332908.75 ], [ 585069.0625, 2332904.6875 ], [ 585076.5625, 2332900.9375 ], [ 585090.3125, 2332899.6875 ], [ 585096.25, 2332898.125 ], [ 585102.8125, 2332893.4375 ], [ 585109.0625, 2332884.6875 ], [ 585116.5625, 2332880.9375 ], [ 585123.125, 2332880.0 ], [ 585246.875, 2332880.0 ], [ 585260.3125, 2332878.4375 ], [ 585271.25, 2332874.375 ], [ 585275.3125, 2332870.9375 ], [ 585279.0625, 2332863.4375 ], [ 585280.9375, 2332842.8125 ], [ 585284.375, 2332831.25 ], [ 585295.625, 2332808.75 ], [ 585299.0625, 2332804.6875 ], [ 585303.75, 2332801.875 ], [ 585313.125, 2332800.0 ], [ 585346.875, 2332800.0 ], [ 585357.1875, 2332800.9375 ], [ 585368.75, 2332804.375 ], [ 585393.90625, 2332816.71875 ], [ 585399.6875, 2332818.4375 ], [ 585409.53125, 2332819.84375 ], [ 585506.875, 2332820.0 ], [ 585513.4375, 2332819.0625 ], [ 585518.75, 2332816.875 ], [ 585522.8125, 2332813.4375 ], [ 585527.1875, 2332806.5625 ], [ 585533.75, 2332801.875 ], [ 585539.6875, 2332800.3125 ], [ 585550.3125, 2332799.6875 ], [ 585558.75, 2332796.875 ], [ 585562.8125, 2332793.4375 ], [ 585567.1875, 2332786.5625 ], [ 585573.75, 2332781.875 ], [ 585583.125, 2332780.0 ], [ 585616.875, 2332780.0 ], [ 585626.25, 2332778.125 ], [ 585630.9375, 2332775.3125 ], [ 585637.1875, 2332766.5625 ], [ 585641.25, 2332763.125 ], [ 585646.5625, 2332760.9375 ], [ 585660.3125, 2332759.6875 ], [ 585668.75, 2332756.875 ], [ 585672.8125, 2332753.4375 ], [ 585680.3125, 2332742.1875 ], [ 585688.75, 2332735.625 ], [ 585793.59375, 2332682.96875 ], [ 585799.6875, 2332677.8125 ], [ 585807.1875, 2332666.5625 ], [ 585811.25, 2332663.125 ], [ 585816.5625, 2332660.9375 ], [ 585837.1875, 2332659.0625 ], [ 585848.75, 2332655.625 ], [ 586071.25, 2332544.375 ], [ 586079.6875, 2332537.8125 ], [ 586087.1875, 2332526.5625 ], [ 586091.25, 2332523.125 ], [ 586099.6875, 2332520.3125 ], [ 586113.4375, 2332519.0625 ], [ 586120.9375, 2332515.3125 ], [ 586124.375, 2332511.25 ], [ 586135.625, 2332488.75 ], [ 586138.59375, 2332484.21875 ], [ 586144.21875, 2332478.59375 ], [ 586151.25, 2332474.375 ], [ 586155.3125, 2332470.9375 ], [ 586159.0625, 2332463.4375 ], [ 586160.0, 2332456.875 ], [ 586160.0, 2332393.125 ], [ 586158.59375, 2332387.03125 ], [ 586155.3125, 2332382.8125 ], [ 586152.96875, 2332381.40625 ], [ 586146.875, 2332380.0 ], [ 586053.125, 2332380.0 ], [ 586046.5625, 2332380.9375 ], [ 586039.0625, 2332384.6875 ], [ 586032.8125, 2332393.4375 ], [ 586026.25, 2332398.125 ], [ 586020.3125, 2332399.6875 ], [ 586006.09375, 2332400.46875 ], [ 585996.71875, 2332402.34375 ], [ 585991.25, 2332404.375 ], [ 585926.09375, 2332436.71875 ], [ 585917.1875, 2332439.0625 ], [ 585899.6875, 2332440.3125 ], [ 585893.75, 2332441.875 ], [ 585887.1875, 2332446.5625 ], [ 585880.9375, 2332455.3125 ], [ 585873.4375, 2332459.0625 ], [ 585866.875, 2332460.0 ], [ 585773.125, 2332460.0 ], [ 585766.5625, 2332460.9375 ], [ 585759.0625, 2332464.6875 ], [ 585750.9375, 2332475.3125 ], [ 585743.4375, 2332479.0625 ], [ 585736.875, 2332480.0 ], [ 585703.125, 2332480.0 ], [ 585696.5625, 2332480.9375 ], [ 585689.0625, 2332484.6875 ], [ 585680.9375, 2332495.3125 ], [ 585676.25, 2332498.125 ], [ 585670.3125, 2332499.6875 ], [ 585629.53125, 2332500.15625 ], [ 585616.71875, 2332502.34375 ], [ 585583.28125, 2332517.65625 ], [ 585573.90625, 2332519.53125 ], [ 585559.6875, 2332520.3125 ], [ 585553.75, 2332521.875 ], [ 585547.1875, 2332526.5625 ], [ 585540.9375, 2332535.3125 ], [ 585533.4375, 2332539.0625 ], [ 585526.875, 2332540.0 ], [ 585493.125, 2332540.0 ], [ 585482.8125, 2332540.9375 ], [ 585471.25, 2332544.375 ], [ 585448.75, 2332555.625 ], [ 585443.28125, 2332557.65625 ], [ 585433.90625, 2332559.53125 ], [ 585419.6875, 2332560.3125 ], [ 585413.75, 2332561.875 ], [ 585407.1875, 2332566.5625 ], [ 585400.9375, 2332575.3125 ], [ 585393.4375, 2332579.0625 ], [ 585386.875, 2332580.0 ], [ 585323.125, 2332580.0 ], [ 585316.5625, 2332580.9375 ], [ 585311.25, 2332583.125 ], [ 585305.625, 2332588.75 ], [ 585282.8125, 2332633.4375 ], [ 585278.75, 2332636.875 ], [ 585270.3125, 2332639.6875 ], [ 584989.6875, 2332640.3125 ], [ 584981.25, 2332643.125 ], [ 584977.1875, 2332646.5625 ], [ 584970.9375, 2332655.3125 ], [ 584963.4375, 2332659.0625 ], [ 584956.875, 2332660.0 ], [ 584923.125, 2332660.0 ], [ 584913.75, 2332661.875 ], [ 584907.1875, 2332666.5625 ], [ 584900.9375, 2332675.3125 ], [ 584893.4375, 2332679.0625 ], [ 584886.875, 2332680.0 ], [ 584853.125, 2332680.0 ], [ 584843.75, 2332681.875 ], [ 584837.1875, 2332686.5625 ], [ 584830.9375, 2332695.3125 ], [ 584823.4375, 2332699.0625 ], [ 584816.875, 2332700.0 ], [ 584753.125, 2332700.0 ], [ 584746.5625, 2332700.9375 ], [ 584739.0625, 2332704.6875 ], [ 584732.8125, 2332713.4375 ], [ 584726.25, 2332718.125 ], [ 584716.875, 2332720.0 ], [ 584683.125, 2332720.0 ], [ 584676.5625, 2332720.9375 ], [ 584669.0625, 2332724.6875 ], [ 584660.9375, 2332735.3125 ], [ 584656.25, 2332738.125 ], [ 584650.3125, 2332739.6875 ], [ 584519.6875, 2332740.3125 ], [ 584511.25, 2332743.125 ], [ 584507.1875, 2332746.5625 ], [ 584500.9375, 2332755.3125 ], [ 584496.25, 2332758.125 ], [ 584490.3125, 2332759.6875 ], [ 584453.125, 2332760.0 ], [ 584446.5625, 2332759.0625 ], [ 584439.0625, 2332755.3125 ], [ 584430.9375, 2332744.6875 ], [ 584426.25, 2332741.875 ], [ 584420.3125, 2332740.3125 ], [ 584323.125, 2332740.0 ], [ 584316.5625, 2332740.9375 ], [ 584311.25, 2332743.125 ], [ 584307.1875, 2332746.5625 ], [ 584300.9375, 2332755.3125 ], [ 584296.25, 2332758.125 ], [ 584290.3125, 2332759.6875 ], [ 584129.84375, 2332760.46875 ], [ 584127.03125, 2332761.40625 ], [ 584122.8125, 2332764.6875 ], [ 584121.40625, 2332767.03125 ], [ 584120.0, 2332773.125 ], [ 584120.0, 2332866.875 ], [ 584119.53125, 2332870.15625 ], [ 584117.1875, 2332875.3125 ], [ 584112.96875, 2332878.59375 ], [ 584106.875, 2332880.0 ], [ 584073.125, 2332880.0 ], [ 584059.6875, 2332881.5625 ], [ 584051.25, 2332884.375 ], [ 584028.75, 2332895.625 ], [ 584017.1875, 2332899.0625 ], [ 584006.875, 2332900.0 ], [ 583733.125, 2332900.0 ], [ 583726.5625, 2332900.9375 ], [ 583721.25, 2332903.125 ], [ 583717.1875, 2332906.5625 ], [ 583710.9375, 2332915.3125 ], [ 583706.25, 2332918.125 ], [ 583700.3125, 2332919.6875 ], [ 583626.09375, 2332920.46875 ], [ 583613.90625, 2332923.28125 ], [ 583588.75, 2332935.625 ], [ 583577.1875, 2332939.0625 ], [ 583566.875, 2332940.0 ], [ 583529.6875, 2332939.6875 ], [ 583523.75, 2332938.125 ], [ 583519.0625, 2332935.3125 ], [ 583515.625, 2332931.25 ], [ 583502.8125, 2332906.5625 ], [ 583498.75, 2332903.125 ], [ 583490.3125, 2332900.3125 ], [ 583419.6875, 2332900.3125 ], [ 583411.25, 2332903.125 ], [ 583407.1875, 2332906.5625 ], [ 583400.9375, 2332915.3125 ], [ 583393.4375, 2332919.0625 ], [ 583386.875, 2332920.0 ], [ 583353.125, 2332920.0 ], [ 583347.03125, 2332918.59375 ], [ 583342.8125, 2332915.3125 ], [ 583341.40625, 2332912.96875 ], [ 583340.0, 2332906.875 ], [ 583340.0, 2332843.125 ], [ 583339.0625, 2332836.5625 ], [ 583335.3125, 2332829.0625 ], [ 583328.75, 2332824.375 ], [ 583317.1875, 2332820.9375 ], [ 583306.875, 2332820.0 ], [ 583273.125, 2332820.0 ], [ 583262.8125, 2332820.9375 ], [ 583253.90625, 2332823.28125 ], [ 583228.75, 2332835.625 ], [ 583217.1875, 2332839.0625 ], [ 583206.875, 2332840.0 ], [ 583139.6875, 2332840.3125 ], [ 583131.25, 2332843.125 ], [ 583127.1875, 2332846.5625 ], [ 583120.9375, 2332855.3125 ], [ 583113.4375, 2332859.0625 ], [ 583106.875, 2332860.0 ], [ 583073.125, 2332860.0 ], [ 583066.5625, 2332860.9375 ], [ 583059.0625, 2332864.6875 ], [ 583052.8125, 2332873.4375 ], [ 583048.75, 2332876.875 ], [ 583043.4375, 2332879.0625 ], [ 583029.6875, 2332880.3125 ], [ 583023.75, 2332881.875 ], [ 583017.1875, 2332886.5625 ], [ 583010.9375, 2332895.3125 ], [ 583006.25, 2332898.125 ], [ 583000.3125, 2332899.6875 ], [ 582693.125, 2332900.0 ], [ 582682.8125, 2332900.9375 ], [ 582671.25, 2332904.375 ], [ 582646.40625, 2332917.03125 ], [ 582640.3125, 2332922.1875 ], [ 582632.8125, 2332933.4375 ], [ 582628.75, 2332936.875 ], [ 582623.4375, 2332939.0625 ], [ 582613.125, 2332940.0 ], [ 582607.03125, 2332941.40625 ], [ 582604.6875, 2332942.8125 ], [ 582601.40625, 2332947.03125 ], [ 582600.0, 2332953.125 ], [ 582600.0, 2333016.875 ], [ 582601.875, 2333026.25 ], [ 582604.6875, 2333030.9375 ], [ 582608.75, 2333034.375 ], [ 582616.71875, 2333037.65625 ], [ 582626.09375, 2333039.53125 ], [ 582666.875, 2333040.0 ], [ 582680.3125, 2333041.5625 ], [ 582688.75, 2333044.375 ], [ 582713.90625, 2333056.71875 ], [ 582722.8125, 2333059.0625 ], [ 582733.125, 2333060.0 ], [ 582856.875, 2333060.0 ], [ 582863.4375, 2333059.0625 ], [ 582868.75, 2333056.875 ], [ 582872.8125, 2333053.4375 ], [ 582879.0625, 2333044.6875 ], [ 582886.5625, 2333040.9375 ], [ 582893.125, 2333040.0 ], [ 582926.875, 2333040.0 ], [ 582936.25, 2333041.875 ], [ 582940.9375, 2333044.6875 ], [ 582944.375, 2333048.75 ], [ 582955.625, 2333071.25 ], [ 582960.3125, 2333077.8125 ], [ 582968.75, 2333084.375 ], [ 582991.25, 2333095.625 ], [ 582995.3125, 2333099.0625 ], [ 582998.125, 2333103.75 ], [ 583000.0, 2333113.125 ], [ 583000.0, 2333206.875 ], [ 583001.40625, 2333212.96875 ], [ 583004.6875, 2333217.1875 ], [ 583007.03125, 2333218.59375 ], [ 583013.125, 2333220.0 ], [ 583046.875, 2333220.0 ], [ 583053.4375, 2333220.9375 ], [ 583060.9375, 2333224.6875 ], [ 583067.1875, 2333233.4375 ], [ 583073.75, 2333238.125 ], [ 583079.6875, 2333239.6875 ], [ 583090.3125, 2333240.3125 ], [ 583098.75, 2333243.125 ], [ 583102.8125, 2333246.5625 ], [ 583107.1875, 2333253.4375 ], [ 583113.75, 2333258.125 ], [ 583119.6875, 2333259.6875 ], [ 583133.90625, 2333260.46875 ], [ 583143.28125, 2333262.34375 ], [ 583148.75, 2333264.375 ], [ 583171.25, 2333275.625 ], [ 583182.8125, 2333279.0625 ], [ 583193.125, 2333280.0 ], [ 583226.875, 2333280.0 ], [ 583233.4375, 2333280.9375 ], [ 583240.9375, 2333284.6875 ], [ 583247.1875, 2333293.4375 ], [ 583253.75, 2333298.125 ], [ 583259.6875, 2333299.6875 ], [ 583270.46875, 2333300.15625 ], [ 583280.3125, 2333301.5625 ], [ 583288.75, 2333304.375 ], [ 583311.25, 2333315.625 ], [ 583316.71875, 2333317.65625 ], [ 583326.09375, 2333319.53125 ], [ 583340.3125, 2333320.3125 ], [ 583346.25, 2333321.875 ], [ 583350.9375, 2333324.6875 ], [ 583360.3125, 2333337.8125 ], [ 583368.75, 2333344.375 ], [ 583391.25, 2333355.625 ], [ 583396.71875, 2333357.65625 ], [ 583406.09375, 2333359.53125 ], [ 583420.3125, 2333360.3125 ], [ 583426.25, 2333361.875 ], [ 583430.9375, 2333364.6875 ], [ 583437.1875, 2333373.4375 ], [ 583443.75, 2333378.125 ], [ 583453.125, 2333380.0 ], [ 583516.875, 2333380.0 ], [ 583523.4375, 2333380.9375 ], [ 583530.9375, 2333384.6875 ], [ 583539.0625, 2333395.3125 ], [ 583546.5625, 2333399.0625 ], [ 583553.125, 2333400.0 ], [ 583586.875, 2333400.0 ], [ 583597.1875, 2333400.9375 ], [ 583606.09375, 2333403.28125 ], [ 583631.25, 2333415.625 ], [ 583639.6875, 2333418.4375 ], [ 583649.53125, 2333419.84375 ], [ 583686.875, 2333420.0 ], [ 583693.4375, 2333420.9375 ], [ 583700.9375, 2333424.6875 ], [ 583709.0625, 2333435.3125 ], [ 583713.75, 2333438.125 ], [ 583719.6875, 2333439.6875 ], [ 583850.3125, 2333440.3125 ], [ 583856.25, 2333441.875 ], [ 583860.9375, 2333444.6875 ], [ 583867.1875, 2333453.4375 ], [ 583871.25, 2333456.875 ], [ 583876.5625, 2333459.0625 ], [ 583883.125, 2333460.0 ], [ 584040.3125, 2333460.3125 ], [ 584046.25, 2333461.875 ], [ 584050.9375, 2333464.6875 ], [ 584057.1875, 2333473.4375 ], [ 584061.25, 2333476.875 ], [ 584066.5625, 2333479.0625 ], [ 584073.125, 2333480.0 ] ] } },
{ "type": "Feature", "properties": { }, "geometry": { "type": "LineString", "coordinates": [ [ 578933.125, 2333260.0 ], [ 579120.3125, 2333259.6875 ], [ 579126.25, 2333258.125 ], [ 579130.9375, 2333255.3125 ], [ 579137.1875, 2333246.5625 ], [ 579141.25, 2333243.125 ], [ 579146.5625, 2333240.9375 ], [ 579160.3125, 2333239.6875 ], [ 579166.25, 2333238.125 ], [ 579172.8125, 2333233.4375 ], [ 579179.0625, 2333224.6875 ], [ 579183.75, 2333221.875 ], [ 579189.6875, 2333220.3125 ], [ 579316.875, 2333220.0 ], [ 579323.4375, 2333219.0625 ], [ 579328.75, 2333216.875 ], [ 579332.8125, 2333213.4375 ], [ 579339.0625, 2333204.6875 ], [ 579343.75, 2333201.875 ], [ 579349.6875, 2333200.3125 ], [ 579476.875, 2333200.0 ], [ 579486.25, 2333198.125 ], [ 579492.8125, 2333193.4375 ], [ 579497.03125, 2333186.40625 ], [ 579502.1875, 2333180.3125 ], [ 579513.4375, 2333172.8125 ], [ 579516.875, 2333168.75 ], [ 579519.6875, 2333160.3125 ], [ 579520.46875, 2333146.09375 ], [ 579522.34375, 2333136.71875 ], [ 579525.625, 2333128.75 ], [ 579531.25, 2333123.125 ], [ 579539.6875, 2333120.3125 ], [ 579553.90625, 2333119.53125 ], [ 579563.28125, 2333117.65625 ], [ 579568.75, 2333115.625 ], [ 579591.25, 2333104.375 ], [ 579599.6875, 2333101.5625 ], [ 579613.125, 2333100.0 ], [ 579653.90625, 2333099.53125 ], [ 579666.09375, 2333096.71875 ], [ 579673.4375, 2333092.8125 ], [ 579678.125, 2333086.25 ], [ 579680.0, 2333076.875 ], [ 579680.0, 2333013.125 ], [ 579678.59375, 2333007.03125 ], [ 579675.3125, 2333002.8125 ], [ 579672.96875, 2333001.40625 ], [ 579666.875, 2333000.0 ], [ 579603.125, 2333000.0 ], [ 579593.75, 2332998.125 ], [ 579589.0625, 2332995.3125 ], [ 579582.8125, 2332986.5625 ], [ 579578.75, 2332983.125 ], [ 579573.4375, 2332980.9375 ], [ 579559.6875, 2332979.6875 ], [ 579553.75, 2332978.125 ], [ 579549.0625, 2332975.3125 ], [ 579542.8125, 2332966.5625 ], [ 579538.75, 2332963.125 ], [ 579533.4375, 2332960.9375 ], [ 579519.6875, 2332959.6875 ], [ 579513.75, 2332958.125 ], [ 579507.1875, 2332953.4375 ], [ 579500.9375, 2332944.6875 ], [ 579493.4375, 2332940.9375 ], [ 579486.875, 2332940.0 ], [ 579453.125, 2332940.0 ], [ 579442.8125, 2332939.0625 ], [ 579433.90625, 2332936.71875 ], [ 579408.75, 2332924.375 ], [ 579400.3125, 2332921.5625 ], [ 579390.46875, 2332920.15625 ], [ 579353.125, 2332920.0 ], [ 579342.8125, 2332919.0625 ], [ 579333.90625, 2332916.71875 ], [ 579308.75, 2332904.375 ], [ 579300.3125, 2332901.5625 ], [ 579290.46875, 2332900.15625 ], [ 579253.125, 2332900.0 ], [ 579246.5625, 2332899.0625 ], [ 579239.0625, 2332895.3125 ], [ 579230.9375, 2332884.6875 ], [ 579226.25, 2332881.875 ], [ 579220.3125, 2332880.3125 ], [ 578973.125, 2332880.0 ], [ 578966.5625, 2332879.0625 ], [ 578961.25, 2332876.875 ], [ 578957.1875, 2332873.4375 ], [ 578944.375, 2332848.75 ], [ 578940.9375, 2332844.6875 ], [ 578936.25, 2332841.875 ], [ 578926.875, 2332840.0 ], [ 578773.125, 2332840.0 ], [ 578766.5625, 2332840.9375 ], [ 578759.0625, 2332844.6875 ], [ 578752.8125, 2332853.4375 ], [ 578746.25, 2332858.125 ], [ 578740.3125, 2332859.6875 ], [ 578729.53125, 2332860.15625 ], [ 578719.6875, 2332861.5625 ], [ 578711.25, 2332864.375 ], [ 578688.75, 2332875.625 ], [ 578683.28125, 2332877.65625 ], [ 578673.90625, 2332879.53125 ], [ 578659.6875, 2332880.3125 ], [ 578653.75, 2332881.875 ], [ 578649.0625, 2332884.6875 ], [ 578639.6875, 2332897.8125 ], [ 578631.25, 2332904.375 ], [ 578608.75, 2332915.625 ], [ 578603.28125, 2332917.65625 ], [ 578593.90625, 2332919.53125 ], [ 578579.6875, 2332920.3125 ], [ 578573.75, 2332921.875 ], [ 578569.0625, 2332924.6875 ], [ 578562.8125, 2332933.4375 ], [ 578558.75, 2332936.875 ], [ 578553.4375, 2332939.0625 ], [ 578539.6875, 2332940.3125 ], [ 578533.75, 2332941.875 ], [ 578529.0625, 2332944.6875 ], [ 578522.8125, 2332953.4375 ], [ 578518.75, 2332956.875 ], [ 578513.4375, 2332959.0625 ], [ 578499.6875, 2332960.3125 ], [ 578491.25, 2332963.125 ], [ 578487.1875, 2332966.5625 ], [ 578479.6875, 2332977.8125 ], [ 578475.78125, 2332981.40625 ], [ 578466.5625, 2332987.1875 ], [ 578463.125, 2332991.25 ], [ 578460.9375, 2332996.5625 ], [ 578460.0, 2333003.125 ], [ 578460.0, 2333066.875 ], [ 578460.9375, 2333073.4375 ], [ 578464.6875, 2333080.9375 ], [ 578468.75, 2333084.375 ], [ 578491.25, 2333095.625 ], [ 578495.78125, 2333098.59375 ], [ 578501.40625, 2333104.21875 ], [ 578507.1875, 2333113.4375 ], [ 578511.25, 2333116.875 ], [ 578516.5625, 2333119.0625 ], [ 578530.3125, 2333120.3125 ], [ 578536.25, 2333121.875 ], [ 578540.9375, 2333124.6875 ], [ 578547.1875, 2333133.4375 ], [ 578551.25, 2333136.875 ], [ 578556.5625, 2333139.0625 ], [ 578570.3125, 2333140.3125 ], [ 578576.25, 2333141.875 ], [ 578580.9375, 2333144.6875 ], [ 578587.1875, 2333153.4375 ], [ 578591.25, 2333156.875 ], [ 578596.5625, 2333159.0625 ], [ 578610.3125, 2333160.3125 ], [ 578618.75, 2333163.125 ], [ 578624.375, 2333168.75 ], [ 578635.625, 2333191.25 ], [ 578641.25, 2333196.875 ], [ 578646.5625, 2333199.0625 ], [ 578653.125, 2333200.0 ], [ 578686.875, 2333200.0 ], [ 578693.4375, 2333200.9375 ], [ 578700.9375, 2333204.6875 ], [ 578709.0625, 2333215.3125 ], [ 578713.75, 2333218.125 ], [ 578719.6875, 2333219.6875 ], [ 578786.875, 2333220.0 ], [ 578793.4375, 2333220.9375 ], [ 578800.9375, 2333224.6875 ], [ 578809.0625, 2333235.3125 ], [ 578813.75, 2333238.125 ], [ 578819.6875, 2333239.6875 ], [ 578886.875, 2333240.0 ], [ 578900.3125, 2333241.5625 ], [ 578908.75, 2333244.375 ], [ 578915.3125, 2333248.125 ], [ 578919.0625, 2333251.875 ], [ 578920.0, 2333255.625 ], [ 578921.40625, 2333257.65625 ], [ 578924.6875, 2333259.0625 ], [ 578933.125, 2333260.0 ] ] } },
{ "type": "Feature", "properties": { }, "geometry": { "type": "LineString", "coordinates": [ [ 589313.125, 2327980.0 ], [ 589376.875, 2327980.0 ], [ 589383.4375, 2327979.0625 ], [ 589390.9375, 2327975.3125 ], [ 589394.375, 2327971.25 ], [ 589416.71875, 2327926.09375 ], [ 589419.0625, 2327917.1875 ], [ 589420.3125, 2327899.6875 ], [ 589421.875, 2327893.75 ], [ 589424.6875, 2327889.0625 ], [ 589433.4375, 2327882.8125 ], [ 589438.125, 2327876.25 ], [ 589440.0, 2327866.875 ], [ 589440.15625, 2327829.53125 ], [ 589442.34375, 2327816.71875 ], [ 589444.375, 2327811.25 ], [ 589475.625, 2327748.75 ], [ 589477.65625, 2327743.28125 ], [ 589479.84375, 2327730.46875 ], [ 589480.0, 2327693.125 ], [ 589481.875, 2327683.75 ], [ 589486.5625, 2327677.1875 ], [ 589495.3125, 2327670.9375 ], [ 589498.125, 2327666.25 ], [ 589499.6875, 2327660.3125 ], [ 589500.0, 2327473.125 ], [ 589498.59375, 2327467.03125 ], [ 589497.1875, 2327464.6875 ], [ 589492.96875, 2327461.40625 ], [ 589486.875, 2327460.0 ], [ 589423.125, 2327460.0 ], [ 589413.75, 2327461.875 ], [ 589409.0625, 2327464.6875 ], [ 589405.625, 2327468.75 ], [ 589383.28125, 2327513.90625 ], [ 589381.5625, 2327519.6875 ], [ 589380.15625, 2327529.53125 ], [ 589380.0, 2327566.875 ], [ 589378.4375, 2327580.3125 ], [ 589375.625, 2327588.75 ], [ 589364.375, 2327611.25 ], [ 589360.9375, 2327622.8125 ], [ 589360.0, 2327633.125 ], [ 589360.0, 2327666.875 ], [ 589359.0625, 2327673.4375 ], [ 589355.3125, 2327680.9375 ], [ 589344.6875, 2327689.0625 ], [ 589340.9375, 2327696.5625 ], [ 589340.0, 2327703.125 ], [ 589340.0, 2327736.875 ], [ 589339.0625, 2327743.4375 ], [ 589335.3125, 2327750.9375 ], [ 589324.6875, 2327759.0625 ], [ 589320.9375, 2327766.5625 ], [ 589320.0, 2327773.125 ], [ 589319.84375, 2327810.46875 ], [ 589318.4375, 2327820.3125 ], [ 589315.625, 2327828.75 ], [ 589304.375, 2327851.25 ], [ 589300.9375, 2327862.8125 ], [ 589300.0, 2327873.125 ], [ 589300.0, 2327966.875 ], [ 589300.46875, 2327970.15625 ], [ 589302.8125, 2327975.3125 ], [ 589307.03125, 2327978.59375 ], [ 589313.125, 2327980.0 ] ] } },
{ "type": "Feature", "properties": { }, "geometry": { "type": "LineString", "coordinates": [ [ 591573.125, 2323460.0 ], [ 591636.875, 2323460.0 ], [ 591646.25, 2323458.125 ], [ 591652.8125, 2323453.4375 ], [ 591655.625, 2323448.75 ], [ 591657.65625, 2323443.28125 ], [ 591659.0625, 2323437.1875 ], [ 591660.0, 2323426.875 ], [ 591659.84375, 2323389.53125 ], [ 591658.4375, 2323379.6875 ], [ 591655.625, 2323371.25 ], [ 591652.8125, 2323366.5625 ], [ 591646.25, 2323361.875 ], [ 591640.3125, 2323360.3125 ], [ 591629.84375, 2323359.53125 ], [ 591624.6875, 2323357.1875 ], [ 591622.8125, 2323355.3125 ], [ 591620.46875, 2323350.15625 ], [ 591619.6875, 2323339.6875 ], [ 591616.875, 2323331.25 ], [ 591613.4375, 2323327.1875 ], [ 591606.09375, 2323323.28125 ], [ 591597.1875, 2323320.9375 ], [ 591586.875, 2323320.0 ], [ 591523.125, 2323320.0 ], [ 591513.75, 2323321.875 ], [ 591509.0625, 2323324.6875 ], [ 591505.625, 2323328.75 ], [ 591502.34375, 2323336.71875 ], [ 591500.46875, 2323346.09375 ], [ 591500.15625, 2323390.46875 ], [ 591501.5625, 2323400.3125 ], [ 591504.375, 2323408.75 ], [ 591507.1875, 2323413.4375 ], [ 591513.75, 2323418.125 ], [ 591519.6875, 2323419.6875 ], [ 591530.46875, 2323420.15625 ], [ 591540.3125, 2323421.5625 ], [ 591548.75, 2323424.375 ], [ 591553.4375, 2323427.1875 ], [ 591556.875, 2323431.25 ], [ 591559.0625, 2323436.5625 ], [ 591560.0, 2323446.875 ], [ 591561.40625, 2323452.96875 ], [ 591564.6875, 2323457.1875 ], [ 591567.03125, 2323458.59375 ], [ 591573.125, 2323460.0 ] ] } }
]
}
