{
"type": "FeatureCollection",
"name": "reach1_s1_shoreline_2020_wet",
"crs": { "type": "name", "properties": { "name": "urn:ogc:def:crs:EPSG::32648" } },
"features": [
{ "type": "Feature", "properties": { }, "geometry": { "type": "LineString", "coordinates": [ [ 541015.625, 2355891.25 ], [ 541012.8125, 2355886.5625 ], [ 541006.25, 2355881.875 ], [ 541000.3125, 2355880.3125 ], [ 540986.5625, 2355879.0625 ], [ 540981.25, 2355876.875 ], [ 540977.1875, 2355873.4375 ], [ 540924.375, 2355768.75 ], [ 540919.6875, 2355762.1875 ], [ 540913.59375, 2355757.03125 ], [ 540888.75, 2355744.375 ], [ 540882.1875, 2355739.6875 ], [ 540877.03125, 2355733.59375 ], [ 540864.375, 2355708.75 ], [ 540860.9375, 2355704.6875 ], [ 540853.4375, 2355700.9375 ], [ 540839.6875, 2355699.6875 ], [ 540831.25, 2355696.875 ], [ 540827.1875, 2355693.4375 ], [ 540822.8125, 2355686.5625 ], [ 540816.25, 2355681.875 ], [ 540806.875, 2355680.0 ], [ 540623.125, 2355680.0 ], [ 540616.5625, 2355679.0625 ], [ 540611.25, 2355676.875 ], [ 540607.1875, 2355673.4375 ], [ 540600.9375, 2355664.6875 ], [ 540596.25, 2355661.875 ], [ 540590.3125, 2355660.3125 ], [ 540493.125, 2355660.0 ], [ 540482.8125, 2355659.0625 ], [ 540473.90625, 2355656.71875 ], [ 540448.75, 2355644.375 ], [ 540437.1875, 2355640.9375 ], [ 540426.875, 2355640.0 ], [ 540363.125, 2355640.0 ], [ 540356.5625, 2355639.0625 ], [ 540349.0625, 2355635.3125 ], [ 540342.8125, 2355626.5625 ], [ 540336.25, 2355621.875 ], [ 540330.3125, 2355620.3125 ], [ 540319.6875, 2355619.6875 ], [ 540311.25, 2355616.875 ], [ 540307.1875, 2355613.4375 ], [ 540302.8125, 2355606.5625 ], [ 540296.25, 2355601.875 ], [ 540290.3125, 2355600.3125 ], [ 540279.6875, 2355599.6875 ], [ 540271.25, 2355596.875 ], [ 540267.1875, 2355593.4375 ], [ 540261.40625, 2355584.21875 ], [ 540255.78125, 2355578.59375 ], [ 540226.40625, 2355562.96875 ], [ 540218.59375, 2355555.78125 ], [ 540215.625, 2355551.25 ], [ 540184.375, 2355488.75 ], [ 540179.6875, 2355482.1875 ], [ 540173.59375, 2355477.03125 ], [ 540148.75, 2355464.375 ], [ 540142.1875, 2355459.6875 ], [ 540137.03125, 2355453.59375 ], [ 540124.375, 2355428.75 ], [ 540119.6875, 2355422.1875 ], [ 540113.59375, 2355417.03125 ], [ 540088.75, 2355404.375 ], [ 540082.1875, 2355399.6875 ], [ 540077.03125, 2355393.59375 ], [ 540064.375, 2355368.75 ], [ 540059.6875, 2355362.1875 ], [ 540053.59375, 2355357.03125 ], [ 540028.75, 2355344.375 ], [ 540022.1875, 2355339.6875 ], [ 540017.03125, 2355333.59375 ], [ 540004.375, 2355308.75 ], [ 539999.6875, 2355302.1875 ], [ 539993.59375, 2355297.03125 ], [ 539968.75, 2355284.375 ], [ 539962.1875, 2355279.6875 ], [ 539957.03125, 2355273.59375 ], [ 539944.375, 2355248.75 ], [ 539939.6875, 2355242.1875 ], [ 539933.59375, 2355237.03125 ], [ 539908.75, 2355224.375 ], [ 539902.1875, 2355219.6875 ], [ 539897.03125, 2355213.59375 ], [ 539884.375, 2355188.75 ], [ 539879.6875, 2355182.1875 ], [ 539873.59375, 2355177.03125 ], [ 539848.75, 2355164.375 ], [ 539840.3125, 2355157.8125 ], [ 539835.625, 2355151.25 ], [ 539802.96875, 2355086.40625 ], [ 539799.6875, 2355082.1875 ], [ 539793.59375, 2355077.03125 ], [ 539766.40625, 2355062.96875 ], [ 539758.59375, 2355055.78125 ], [ 539755.625, 2355051.25 ], [ 539724.375, 2354988.75 ], [ 539718.75, 2354983.125 ], [ 539713.4375, 2354980.9375 ], [ 539699.6875, 2354979.6875 ], [ 539693.75, 2354978.125 ], [ 539689.0625, 2354975.3125 ], [ 539682.8125, 2354966.5625 ], [ 539678.75, 2354963.125 ], [ 539673.4375, 2354960.9375 ], [ 539666.875, 2354960.0 ], [ 539363.125, 2354960.0 ], [ 539356.5625, 2354959.0625 ], [ 539351.25, 2354956.875 ], [ 539347.1875, 2354953.4375 ], [ 539340.9375, 2354944.6875 ], [ 539336.25, 2354941.875 ], [ 539330.3125, 2354940.3125 ], [ 539203.125, 2354940.0 ], [ 539196.5625, 2354939.0625 ], [ 539191.25, 2354936.875 ], [ 539187.1875, 2354933.4375 ], [ 539181.40625, 2354924.21875 ], [ 539175.78125, 2354918.59375 ], [ 539171.25, 2354915.625 ], [ 539148.75, 2354904.375 ], [ 539140.3125, 2354897.8125 ], [ 539135.625, 2354891.25 ], [ 539124.375, 2354868.75 ], [ 539122.34375, 2354863.28125 ], [ 539120.9375, 2354857.1875 ], [ 539120.0, 2354846.875 ], [ 539120.0, 2354723.125 ], [ 539119.0625, 2354716.5625 ], [ 539116.875, 2354711.25 ], [ 539113.4375, 2354707.1875 ], [ 539104.21875, 2354701.40625 ], [ 539098.59375, 2354695.78125 ], [ 539095.625, 2354691.25 ], [ 539084.375, 2354668.75 ], [ 539079.6875, 2354662.1875 ], [ 539071.25, 2354655.625 ], [ 539048.75, 2354644.375 ], [ 539044.21875, 2354641.40625 ], [ 539038.59375, 2354635.78125 ], [ 539034.375, 2354628.75 ], [ 539030.9375, 2354624.6875 ], [ 539023.4375, 2354620.9375 ], [ 539009.6875, 2354619.6875 ], [ 539001.25, 2354616.875 ], [ 538997.1875, 2354613.4375 ], [ 538992.8125, 2354606.5625 ], [ 538986.25, 2354601.875 ], [ 538980.3125, 2354600.3125 ], [ 538969.6875, 2354599.6875 ], [ 538961.25, 2354596.875 ], [ 538957.1875, 2354593.4375 ], [ 538952.8125, 2354586.5625 ], [ 538946.25, 2354581.875 ], [ 538940.3125, 2354580.3125 ], [ 538929.6875, 2354579.6875 ], [ 538921.25, 2354576.875 ], [ 538917.1875, 2354573.4375 ], [ 538912.8125, 2354566.5625 ], [ 538906.25, 2354561.875 ], [ 538900.3125, 2354560.3125 ], [ 538889.6875, 2354559.6875 ], [ 538881.25, 2354556.875 ], [ 538877.1875, 2354553.4375 ], [ 538872.8125, 2354546.5625 ], [ 538866.25, 2354541.875 ], [ 538860.3125, 2354540.3125 ], [ 538849.6875, 2354539.6875 ], [ 538841.25, 2354536.875 ], [ 538837.1875, 2354533.4375 ], [ 538832.8125, 2354526.5625 ], [ 538826.25, 2354521.875 ], [ 538820.3125, 2354520.3125 ], [ 538809.6875, 2354519.6875 ], [ 538801.25, 2354516.875 ], [ 538795.625, 2354511.25 ], [ 538784.375, 2354488.75 ], [ 538778.75, 2354483.125 ], [ 538773.4375, 2354480.9375 ], [ 538759.6875, 2354479.6875 ], [ 538751.25, 2354476.875 ], [ 538747.1875, 2354473.4375 ], [ 538739.6875, 2354462.1875 ], [ 538731.25, 2354455.625 ], [ 538588.75, 2354384.375 ], [ 538580.3125, 2354377.8125 ], [ 538572.8125, 2354366.5625 ], [ 538568.75, 2354363.125 ], [ 538563.4375, 2354360.9375 ], [ 538549.6875, 2354359.6875 ], [ 538543.75, 2354358.125 ], [ 538539.0625, 2354355.3125 ], [ 538532.8125, 2354346.5625 ], [ 538528.75, 2354343.125 ], [ 538523.4375, 2354340.9375 ], [ 538509.6875, 2354339.6875 ], [ 538503.75, 2354338.125 ], [ 538499.0625, 2354335.3125 ], [ 538492.8125, 2354326.5625 ], [ 538488.75, 2354323.125 ], [ 538483.4375, 2354320.9375 ], [ 538469.6875, 2354319.6875 ], [ 538463.75, 2354318.125 ], [ 538459.0625, 2354315.3125 ], [ 538452.8125, 2354306.5625 ], [ 538448.75, 2354303.125 ], [ 538443.4375, 2354300.9375 ], [ 538429.6875, 2354299.6875 ], [ 538423.75, 2354298.125 ], [ 538419.0625, 2354295.3125 ], [ 538412.8125, 2354286.5625 ], [ 538408.75, 2354283.125 ], [ 538403.4375, 2354280.9375 ], [ 538389.6875, 2354279.6875 ], [ 538383.75, 2354278.125 ], [ 538379.0625, 2354275.3125 ], [ 538372.8125, 2354266.5625 ], [ 538368.75, 2354263.125 ], [ 538363.4375, 2354260.9375 ], [ 538349.6875, 2354259.6875 ], [ 538343.75, 2354258.125 ], [ 538339.0625, 2354255.3125 ], [ 538332.8125, 2354246.5625 ], [ 538328.75, 2354243.125 ], [ 538323.4375, 2354240.9375 ], [ 538309.6875, 2354239.6875 ], [ 538301.25, 2354236.875 ], [ 538295.625, 2354231.25 ], [ 538284.375, 2354208.75 ], [ 538278.75, 2354203.125 ], [ 538273.4375, 2354200.9375 ], [ 538259.6875, 2354199.6875 ], [ 538253.75, 2354198.125 ], [ 538249.0625, 2354195.3125 ], [ 538242.8125, 2354186.5625 ], [ 538238.75, 2354183.125 ], [ 538233.4375, 2354180.9375 ], [ 538219.6875, 2354179.6875 ], [ 538213.75, 2354178.125 ], [ 538209.0625, 2354175.3125 ], [ 538202.8125, 2354166.5625 ], [ 538198.75, 2354163.125 ], [ 538193.4375, 2354160.9375 ], [ 538179.6875, 2354159.6875 ], [ 538171.25, 2354156.875 ], [ 538167.1875, 2354153.4375 ], [ 538159.6875, 2354142.1875 ], [ 538153.59375, 2354137.03125 ], [ 538048.75, 2354084.375 ], [ 538040.3125, 2354077.8125 ], [ 538032.8125, 2354066.5625 ], [ 538028.75, 2354063.125 ], [ 538023.4375, 2354060.9375 ], [ 538009.6875, 2354059.6875 ], [ 538001.25, 2354056.875 ], [ 537995.625, 2354051.25 ], [ 537984.375, 2354028.75 ], [ 537980.9375, 2354024.6875 ], [ 537973.4375, 2354020.9375 ], [ 537959.6875, 2354019.6875 ], [ 537951.25, 2354016.875 ], [ 537947.1875, 2354013.4375 ], [ 537941.40625, 2354004.21875 ], [ 537935.78125, 2353998.59375 ], [ 537931.25, 2353995.625 ], [ 537866.40625, 2353962.96875 ], [ 537860.3125, 2353957.8125 ], [ 537852.8125, 2353946.5625 ], [ 537848.75, 2353943.125 ], [ 537843.4375, 2353940.9375 ], [ 537829.6875, 2353939.6875 ], [ 537821.25, 2353936.875 ], [ 537815.625, 2353931.25 ], [ 537802.96875, 2353906.40625 ], [ 537795.78125, 2353898.59375 ], [ 537764.21875, 2353881.40625 ], [ 537758.59375, 2353875.78125 ], [ 537752.8125, 2353866.5625 ], [ 537748.75, 2353863.125 ], [ 537740.3125, 2353860.3125 ], [ 537726.5625, 2353859.0625 ], [ 537719.0625, 2353855.3125 ], [ 537715.625, 2353851.25 ], [ 537704.375, 2353828.75 ], [ 537699.6875, 2353822.1875 ], [ 537693.59375, 2353817.03125 ], [ 537668.75, 2353804.375 ], [ 537662.1875, 2353799.6875 ], [ 537657.03125, 2353793.59375 ], [ 537644.375, 2353768.75 ], [ 537640.9375, 2353764.6875 ], [ 537633.4375, 2353760.9375 ], [ 537619.6875, 2353759.6875 ], [ 537611.25, 2353756.875 ], [ 537607.1875, 2353753.4375 ], [ 537601.40625, 2353744.21875 ], [ 537595.78125, 2353738.59375 ], [ 537566.40625, 2353722.96875 ], [ 537558.59375, 2353715.78125 ], [ 537555.625, 2353711.25 ], [ 537522.96875, 2353646.40625 ], [ 537517.8125, 2353640.3125 ], [ 537506.5625, 2353632.8125 ], [ 537503.125, 2353628.75 ], [ 537500.9375, 2353623.4375 ], [ 537499.6875, 2353609.6875 ], [ 537498.125, 2353603.75 ], [ 537495.3125, 2353599.0625 ], [ 537486.5625, 2353592.8125 ], [ 537483.125, 2353588.75 ], [ 537480.9375, 2353583.4375 ], [ 537479.6875, 2353569.6875 ], [ 537478.125, 2353563.75 ], [ 537475.3125, 2353559.0625 ], [ 537466.5625, 2353552.8125 ], [ 537463.125, 2353548.75 ], [ 537460.9375, 2353543.4375 ], [ 537459.6875, 2353529.6875 ], [ 537456.875, 2353521.25 ], [ 537451.25, 2353515.625 ], [ 537428.75, 2353504.375 ], [ 537423.125, 2353498.75 ], [ 537420.9375, 2353493.4375 ], [ 537419.6875, 2353479.6875 ], [ 537416.875, 2353471.25 ], [ 537413.4375, 2353467.1875 ], [ 537402.1875, 2353459.6875 ], [ 537397.03125, 2353453.59375 ], [ 537364.375, 2353388.75 ], [ 537359.6875, 2353382.1875 ], [ 537353.59375, 2353377.03125 ], [ 537328.75, 2353364.375 ], [ 537322.1875, 2353359.6875 ], [ 537317.03125, 2353353.59375 ], [ 537304.375, 2353328.75 ], [ 537299.6875, 2353322.1875 ], [ 537293.59375, 2353317.03125 ], [ 537268.75, 2353304.375 ], [ 537262.1875, 2353299.6875 ], [ 537257.03125, 2353293.59375 ], [ 537244.375, 2353268.75 ], [ 537239.6875, 2353262.1875 ], [ 537233.59375, 2353257.03125 ], [ 537208.75, 2353244.375 ], [ 537202.1875, 2353239.6875 ], [ 537197.03125, 2353233.59375 ], [ 537184.375, 2353208.75 ], [ 537179.6875, 2353202.1875 ], [ 537173.59375, 2353197.03125 ], [ 537148.75, 2353184.375 ], [ 537142.1875, 2353179.6875 ], [ 537137.03125, 2353173.59375 ], [ 537124.375, 2353148.75 ], [ 537117.8125, 2353140.3125 ], [ 537111.25, 2353135.625 ], [ 537088.75, 2353124.375 ], [ 537084.21875, 2353121.40625 ], [ 537078.59375, 2353115.78125 ], [ 537072.8125, 2353106.5625 ], [ 537068.75, 2353103.125 ], [ 537060.3125, 2353100.3125 ], [ 537046.5625, 2353099.0625 ], [ 537039.0625, 2353095.3125 ], [ 537035.625, 2353091.25 ], [ 537022.96875, 2353066.40625 ], [ 537017.8125, 2353060.3125 ], [ 537011.25, 2353055.625 ], [ 536986.40625, 2353042.96875 ], [ 536982.1875, 2353039.6875 ], [ 536977.03125, 2353033.59375 ], [ 536963.28125, 2353006.09375 ], [ 536961.5625, 2353000.3125 ], [ 536960.15625, 2352990.46875 ], [ 536959.6875, 2352769.6875 ], [ 536958.125, 2352763.75 ], [ 536955.3125, 2352759.0625 ], [ 536946.5625, 2352752.8125 ], [ 536943.125, 2352748.75 ], [ 536940.9375, 2352743.4375 ], [ 536940.0, 2352736.875 ], [ 536940.3125, 2352639.6875 ], [ 536941.875, 2352633.75 ], [ 536944.6875, 2352629.0625 ], [ 536953.4375, 2352622.8125 ], [ 536956.875, 2352618.75 ], [ 536959.0625, 2352613.4375 ], [ 536960.0, 2352606.875 ], [ 536960.46875, 2352386.09375 ], [ 536963.28125, 2352373.90625 ], [ 536977.65625, 2352343.28125 ], [ 536979.0625, 2352337.1875 ], [ 536980.0, 2352326.875 ], [ 536980.0, 2352113.125 ], [ 536979.0625, 2352106.5625 ], [ 536976.875, 2352101.25 ], [ 536973.4375, 2352097.1875 ], [ 536966.5625, 2352092.8125 ], [ 536963.125, 2352088.75 ], [ 536960.9375, 2352083.4375 ], [ 536960.0, 2352076.875 ], [ 536959.53125, 2351046.09375 ], [ 536956.71875, 2351033.90625 ], [ 536942.34375, 2351003.28125 ], [ 536940.46875, 2350993.90625 ], [ 536939.6875, 2350979.6875 ], [ 536938.125, 2350973.75 ], [ 536933.4375, 2350967.1875 ], [ 536924.6875, 2350960.9375 ], [ 536920.9375, 2350953.4375 ], [ 536920.0, 2350946.875 ], [ 536920.0, 2350913.125 ], [ 536918.125, 2350903.75 ], [ 536915.3125, 2350899.0625 ], [ 536906.5625, 2350892.8125 ], [ 536901.875, 2350886.25 ], [ 536900.3125, 2350880.3125 ], [ 536899.84375, 2350869.53125 ], [ 536898.4375, 2350859.6875 ], [ 536895.625, 2350851.25 ], [ 536884.375, 2350828.75 ], [ 536882.34375, 2350823.28125 ], [ 536880.46875, 2350813.90625 ], [ 536879.6875, 2350799.6875 ], [ 536878.125, 2350793.75 ], [ 536873.4375, 2350787.1875 ], [ 536864.6875, 2350780.9375 ], [ 536860.9375, 2350773.4375 ], [ 536860.0, 2350766.875 ], [ 536860.0, 2350733.125 ], [ 536858.125, 2350723.75 ], [ 536855.3125, 2350719.0625 ], [ 536846.5625, 2350712.8125 ], [ 536841.875, 2350706.25 ], [ 536840.3125, 2350700.3125 ], [ 536839.84375, 2350689.53125 ], [ 536838.4375, 2350679.6875 ], [ 536835.625, 2350671.25 ], [ 536824.375, 2350648.75 ], [ 536822.34375, 2350643.28125 ], [ 536820.46875, 2350633.90625 ], [ 536819.6875, 2350619.6875 ], [ 536818.125, 2350613.75 ], [ 536813.4375, 2350607.1875 ], [ 536804.6875, 2350600.9375 ], [ 536800.9375, 2350593.4375 ], [ 536800.0, 2350586.875 ], [ 536800.0, 2350553.125 ], [ 536798.125, 2350543.75 ], [ 536795.3125, 2350539.0625 ], [ 536786.5625, 2350532.8125 ], [ 536781.875, 2350526.25 ], [ 536780.3125, 2350520.3125 ], [ 536779.53125, 2350506.09375 ], [ 536777.65625, 2350496.71875 ], [ 536775.625, 2350491.25 ], [ 536764.375, 2350468.75 ], [ 536760.9375, 2350457.1875 ], [ 536760.0, 2350446.875 ], [ 536759.84375, 2350049.53125 ], [ 536759.0625, 2350042.8125 ], [ 536756.71875, 2350033.90625 ], [ 536743.28125, 2350006.09375 ], [ 536740.46875, 2349993.90625 ], [ 536740.0, 2349773.125 ], [ 536739.0625, 2349766.5625 ], [ 536736.875, 2349761.25 ], [ 536733.4375, 2349757.1875 ], [ 536724.6875, 2349750.9375 ], [ 536721.875, 2349746.25 ], [ 536720.3125, 2349740.3125 ], [ 536719.6875, 2349609.6875 ], [ 536716.875, 2349601.25 ], [ 536713.4375, 2349597.1875 ], [ 536704.6875, 2349590.9375 ], [ 536700.9375, 2349583.4375 ], [ 536700.0, 2349576.875 ], [ 536700.0, 2349543.125 ], [ 536698.125, 2349533.75 ], [ 536693.4375, 2349527.1875 ], [ 536684.6875, 2349520.9375 ], [ 536680.9375, 2349513.4375 ], [ 536680.0, 2349506.875 ], [ 536679.84375, 2349469.53125 ], [ 536678.4375, 2349459.6875 ], [ 536675.625, 2349451.25 ], [ 536664.375, 2349428.75 ], [ 536660.9375, 2349417.1875 ], [ 536660.0, 2349406.875 ], [ 536660.0, 2349373.125 ], [ 536658.4375, 2349359.6875 ], [ 536655.625, 2349351.25 ], [ 536644.375, 2349328.75 ], [ 536640.9375, 2349317.1875 ], [ 536640.0, 2349306.875 ], [ 536640.0, 2349273.125 ], [ 536638.4375, 2349259.6875 ], [ 536635.625, 2349251.25 ], [ 536624.375, 2349228.75 ], [ 536620.9375, 2349217.1875 ], [ 536620.0, 2349206.875 ], [ 536620.0, 2349173.125 ], [ 536618.4375, 2349159.6875 ], [ 536615.625, 2349151.25 ], [ 536604.375, 2349128.75 ], [ 536600.9375, 2349117.1875 ], [ 536600.0, 2349106.875 ], [ 536600.0, 2349073.125 ], [ 536598.4375, 2349059.6875 ], [ 536595.625, 2349051.25 ], [ 536584.375, 2349028.75 ], [ 536580.9375, 2349017.1875 ], [ 536580.0, 2349006.875 ], [ 536580.0, 2348973.125 ], [ 536578.4375, 2348959.6875 ], [ 536575.625, 2348951.25 ], [ 536564.375, 2348928.75 ], [ 536560.9375, 2348917.1875 ], [ 536560.0, 2348906.875 ], [ 536560.0, 2348873.125 ], [ 536558.4375, 2348859.6875 ], [ 536555.625, 2348851.25 ], [ 536544.375, 2348828.75 ], [ 536540.9375, 2348817.1875 ], [ 536540.0, 2348806.875 ], [ 536540.0, 2348773.125 ], [ 536538.4375, 2348759.6875 ], [ 536535.625, 2348751.25 ], [ 536524.375, 2348728.75 ], [ 536521.5625, 2348720.3125 ], [ 536520.15625, 2348710.46875 ], [ 536520.0, 2348673.125 ], [ 536519.0625, 2348666.5625 ], [ 536515.3125, 2348659.0625 ], [ 536504.6875, 2348650.9375 ], [ 536501.875, 2348646.25 ], [ 536500.3125, 2348640.3125 ], [ 536500.0, 2348573.125 ], [ 536499.0625, 2348566.5625 ], [ 536495.3125, 2348559.0625 ], [ 536484.6875, 2348550.9375 ], [ 536481.875, 2348546.25 ], [ 536480.3125, 2348540.3125 ], [ 536480.0, 2348473.125 ], [ 536479.0625, 2348466.5625 ], [ 536475.3125, 2348459.0625 ], [ 536464.6875, 2348450.9375 ], [ 536461.875, 2348446.25 ], [ 536460.3125, 2348440.3125 ], [ 536460.0, 2348343.125 ], [ 536461.875, 2348333.75 ], [ 536466.5625, 2348327.1875 ], [ 536471.25, 2348324.375 ], [ 536479.6875, 2348321.5625 ], [ 536486.09375, 2348320.46875 ], [ 536500.3125, 2348319.6875 ], [ 536506.25, 2348318.125 ], [ 536512.8125, 2348313.4375 ], [ 536519.0625, 2348304.6875 ], [ 536526.5625, 2348300.9375 ], [ 536533.125, 2348300.0 ], [ 536566.875, 2348300.0 ], [ 536572.96875, 2348301.40625 ], [ 536577.1875, 2348304.6875 ], [ 536578.59375, 2348307.03125 ], [ 536580.0, 2348313.125 ], [ 536580.15625, 2348350.46875 ], [ 536580.9375, 2348357.1875 ], [ 536583.28125, 2348366.09375 ], [ 536595.625, 2348391.25 ], [ 536598.59375, 2348395.78125 ], [ 536604.21875, 2348401.40625 ], [ 536613.4375, 2348407.1875 ], [ 536618.125, 2348413.75 ], [ 536619.6875, 2348419.6875 ], [ 536620.46875, 2348433.90625 ], [ 536622.34375, 2348443.28125 ], [ 536624.375, 2348448.75 ], [ 536635.625, 2348471.25 ], [ 536638.4375, 2348479.6875 ], [ 536640.0, 2348493.125 ], [ 536640.0, 2348586.875 ], [ 536641.875, 2348596.25 ], [ 536646.5625, 2348602.8125 ], [ 536671.25, 2348615.625 ], [ 536676.875, 2348621.25 ], [ 536679.6875, 2348629.6875 ], [ 536680.0, 2348666.875 ], [ 536681.875, 2348676.25 ], [ 536684.6875, 2348680.9375 ], [ 536693.4375, 2348687.1875 ], [ 536696.875, 2348691.25 ], [ 536699.6875, 2348699.6875 ], [ 536700.9375, 2348713.4375 ], [ 536704.6875, 2348720.9375 ], [ 536708.75, 2348724.375 ], [ 536733.4375, 2348737.1875 ], [ 536736.875, 2348741.25 ], [ 536739.0625, 2348746.5625 ], [ 536740.0, 2348753.125 ], [ 536740.15625, 2348790.46875 ], [ 536741.5625, 2348800.3125 ], [ 536744.375, 2348808.75 ], [ 536755.625, 2348831.25 ], [ 536759.0625, 2348842.8125 ], [ 536760.0, 2348853.125 ], [ 536760.0, 2348886.875 ], [ 536761.5625, 2348900.3125 ], [ 536764.375, 2348908.75 ], [ 536776.71875, 2348933.90625 ], [ 536778.4375, 2348939.6875 ], [ 536779.84375, 2348949.53125 ], [ 536780.0, 2348986.875 ], [ 536778.4375, 2349000.3125 ], [ 536775.625, 2349008.75 ], [ 536763.28125, 2349033.90625 ], [ 536760.46875, 2349046.09375 ], [ 536760.0, 2349116.875 ], [ 536760.9375, 2349123.4375 ], [ 536764.6875, 2349130.9375 ], [ 536775.3125, 2349139.0625 ], [ 536779.0625, 2349146.5625 ], [ 536780.0, 2349153.125 ], [ 536780.0, 2349186.875 ], [ 536780.9375, 2349193.4375 ], [ 536783.125, 2349198.75 ], [ 536788.75, 2349204.375 ], [ 536811.25, 2349215.625 ], [ 536815.3125, 2349219.0625 ], [ 536818.125, 2349223.75 ], [ 536820.0, 2349233.125 ], [ 536820.0, 2349356.875 ], [ 536820.9375, 2349363.4375 ], [ 536823.125, 2349368.75 ], [ 536826.5625, 2349372.8125 ], [ 536851.25, 2349385.625 ], [ 536856.875, 2349391.25 ], [ 536859.6875, 2349399.6875 ], [ 536860.46875, 2349413.90625 ], [ 536863.28125, 2349426.09375 ], [ 536896.71875, 2349493.90625 ], [ 536899.0625, 2349502.8125 ], [ 536900.3125, 2349520.3125 ], [ 536901.875, 2349526.25 ], [ 536904.6875, 2349530.9375 ], [ 536913.4375, 2349537.1875 ], [ 536918.125, 2349543.75 ], [ 536920.0, 2349553.125 ], [ 536920.0, 2349616.875 ], [ 536920.9375, 2349623.4375 ], [ 536924.6875, 2349630.9375 ], [ 536933.4375, 2349637.1875 ], [ 536938.125, 2349643.75 ], [ 536940.0, 2349653.125 ], [ 536940.0, 2349686.875 ], [ 536940.9375, 2349693.4375 ], [ 536944.6875, 2349700.9375 ], [ 536955.3125, 2349709.0625 ], [ 536958.125, 2349713.75 ], [ 536959.6875, 2349719.6875 ], [ 536959.84375, 2349730.46875 ], [ 536957.65625, 2349743.28125 ], [ 536943.28125, 2349773.90625 ], [ 536940.46875, 2349786.09375 ], [ 536940.0, 2349886.875 ], [ 536941.5625, 2349900.3125 ], [ 536944.375, 2349908.75 ], [ 536976.71875, 2349973.90625 ], [ 536979.0625, 2349982.8125 ], [ 536980.3125, 2350000.3125 ], [ 536981.875, 2350006.25 ], [ 536984.6875, 2350010.9375 ], [ 536993.4375, 2350017.1875 ], [ 536996.875, 2350021.25 ], [ 536999.0625, 2350026.5625 ], [ 537000.3125, 2350040.3125 ], [ 537001.875, 2350046.25 ], [ 537004.6875, 2350050.9375 ], [ 537013.4375, 2350057.1875 ], [ 537018.125, 2350063.75 ], [ 537020.0, 2350073.125 ], [ 537020.0, 2350106.875 ], [ 537021.875, 2350116.25 ], [ 537024.6875, 2350120.9375 ], [ 537033.4375, 2350127.1875 ], [ 537036.875, 2350131.25 ], [ 537039.0625, 2350136.5625 ], [ 537040.3125, 2350150.3125 ], [ 537041.875, 2350156.25 ], [ 537044.6875, 2350160.9375 ], [ 537053.4375, 2350167.1875 ], [ 537058.125, 2350173.75 ], [ 537060.0, 2350183.125 ], [ 537060.0, 2350246.875 ], [ 537061.875, 2350256.25 ], [ 537064.6875, 2350260.9375 ], [ 537073.4375, 2350267.1875 ], [ 537078.125, 2350273.75 ], [ 537079.6875, 2350279.6875 ], [ 537080.9375, 2350297.1875 ], [ 537083.28125, 2350306.09375 ], [ 537135.625, 2350411.25 ], [ 537138.4375, 2350419.6875 ], [ 537139.53125, 2350426.09375 ], [ 537140.3125, 2350440.3125 ], [ 537143.125, 2350448.75 ], [ 537148.75, 2350454.375 ], [ 537171.25, 2350465.625 ], [ 537175.3125, 2350469.0625 ], [ 537179.0625, 2350476.5625 ], [ 537180.3125, 2350490.3125 ], [ 537183.125, 2350498.75 ], [ 537186.5625, 2350502.8125 ], [ 537193.4375, 2350507.1875 ], [ 537198.125, 2350513.75 ], [ 537199.6875, 2350519.6875 ], [ 537200.46875, 2350533.90625 ], [ 537202.34375, 2350543.28125 ], [ 537204.375, 2350548.75 ], [ 537215.625, 2350571.25 ], [ 537219.0625, 2350582.8125 ], [ 537220.0, 2350593.125 ], [ 537220.0, 2350626.875 ], [ 537220.9375, 2350633.4375 ], [ 537224.6875, 2350640.9375 ], [ 537235.3125, 2350649.0625 ], [ 537239.0625, 2350656.5625 ], [ 537240.0, 2350663.125 ], [ 537240.3125, 2350850.3125 ], [ 537241.875, 2350856.25 ], [ 537246.5625, 2350862.8125 ], [ 537271.25, 2350875.625 ], [ 537275.3125, 2350879.0625 ], [ 537278.125, 2350883.75 ], [ 537280.0, 2350893.125 ], [ 537279.6875, 2351170.3125 ], [ 537276.875, 2351178.75 ], [ 537273.4375, 2351182.8125 ], [ 537264.6875, 2351189.0625 ], [ 537260.9375, 2351196.5625 ], [ 537260.0, 2351203.125 ], [ 537260.0, 2351236.875 ], [ 537259.0625, 2351243.4375 ], [ 537256.875, 2351248.75 ], [ 537251.25, 2351254.375 ], [ 537228.75, 2351265.625 ], [ 537224.6875, 2351269.0625 ], [ 537221.875, 2351273.75 ], [ 537220.0, 2351283.125 ], [ 537219.6875, 2351320.3125 ], [ 537216.875, 2351328.75 ], [ 537213.4375, 2351332.8125 ], [ 537204.6875, 2351339.0625 ], [ 537200.9375, 2351346.5625 ], [ 537200.0, 2351353.125 ], [ 537200.0, 2351386.875 ], [ 537198.125, 2351396.25 ], [ 537195.3125, 2351400.9375 ], [ 537191.25, 2351404.375 ], [ 537168.75, 2351415.625 ], [ 537164.21875, 2351418.59375 ], [ 537160.3125, 2351422.1875 ], [ 537155.625, 2351428.75 ], [ 537123.28125, 2351493.90625 ], [ 537121.5625, 2351499.6875 ], [ 537120.15625, 2351509.53125 ], [ 537120.0, 2351546.875 ], [ 537119.0625, 2351553.4375 ], [ 537115.3125, 2351560.9375 ], [ 537106.5625, 2351567.1875 ], [ 537103.125, 2351571.25 ], [ 537100.9375, 2351576.5625 ], [ 537100.0, 2351583.125 ], [ 537100.3125, 2351680.3125 ], [ 537101.875, 2351686.25 ], [ 537104.6875, 2351690.9375 ], [ 537113.4375, 2351697.1875 ], [ 537116.875, 2351701.25 ], [ 537119.0625, 2351706.5625 ], [ 537120.0, 2351713.125 ], [ 537120.3125, 2351870.3125 ], [ 537121.875, 2351876.25 ], [ 537124.6875, 2351880.9375 ], [ 537133.4375, 2351887.1875 ], [ 537136.875, 2351891.25 ], [ 537139.0625, 2351896.5625 ], [ 537140.0, 2351903.125 ], [ 537140.0, 2352116.875 ], [ 537139.0625, 2352123.4375 ], [ 537136.875, 2352128.75 ], [ 537133.4375, 2352132.8125 ], [ 537124.6875, 2352139.0625 ], [ 537121.875, 2352143.75 ], [ 537120.3125, 2352149.6875 ], [ 537120.0, 2352246.875 ], [ 537120.46875, 2352253.90625 ], [ 537122.34375, 2352263.28125 ], [ 537136.71875, 2352293.90625 ], [ 537139.53125, 2352306.09375 ], [ 537140.3125, 2352440.3125 ], [ 537143.125, 2352448.75 ], [ 537146.5625, 2352452.8125 ], [ 537155.3125, 2352459.0625 ], [ 537159.0625, 2352466.5625 ], [ 537160.0, 2352473.125 ], [ 537160.0, 2352506.875 ], [ 537161.875, 2352516.25 ], [ 537166.5625, 2352522.8125 ], [ 537175.3125, 2352529.0625 ], [ 537179.0625, 2352536.5625 ], [ 537180.0, 2352543.125 ], [ 537180.0, 2352606.875 ], [ 537180.46875, 2352613.90625 ], [ 537182.34375, 2352623.28125 ], [ 537184.375, 2352628.75 ], [ 537215.625, 2352691.25 ], [ 537218.4375, 2352699.6875 ], [ 537220.0, 2352713.125 ], [ 537220.15625, 2352810.46875 ], [ 537221.5625, 2352820.3125 ], [ 537224.375, 2352828.75 ], [ 537235.625, 2352851.25 ], [ 537238.59375, 2352855.78125 ], [ 537244.21875, 2352861.40625 ], [ 537253.4375, 2352867.1875 ], [ 537256.875, 2352871.25 ], [ 537259.0625, 2352876.5625 ], [ 537260.3125, 2352890.3125 ], [ 537261.875, 2352896.25 ], [ 537264.6875, 2352900.9375 ], [ 537273.4375, 2352907.1875 ], [ 537276.875, 2352911.25 ], [ 537279.6875, 2352919.6875 ], [ 537280.9375, 2352933.4375 ], [ 537284.6875, 2352940.9375 ], [ 537288.75, 2352944.375 ], [ 537311.25, 2352955.625 ], [ 537315.3125, 2352959.0625 ], [ 537319.0625, 2352966.5625 ], [ 537320.3125, 2352980.3125 ], [ 537323.125, 2352988.75 ], [ 537326.5625, 2352992.8125 ], [ 537335.78125, 2352998.59375 ], [ 537341.40625, 2353004.21875 ], [ 537344.375, 2353008.75 ], [ 537355.625, 2353031.25 ], [ 537360.3125, 2353037.8125 ], [ 537368.75, 2353044.375 ], [ 537391.25, 2353055.625 ], [ 537396.875, 2353061.25 ], [ 537399.0625, 2353066.5625 ], [ 537400.3125, 2353080.3125 ], [ 537401.875, 2353086.25 ], [ 537404.6875, 2353090.9375 ], [ 537413.4375, 2353097.1875 ], [ 537416.875, 2353101.25 ], [ 537419.0625, 2353106.5625 ], [ 537420.3125, 2353120.3125 ], [ 537423.125, 2353128.75 ], [ 537426.5625, 2353132.8125 ], [ 537437.8125, 2353140.3125 ], [ 537442.96875, 2353146.40625 ], [ 537477.03125, 2353213.59375 ], [ 537480.3125, 2353217.8125 ], [ 537486.40625, 2353222.96875 ], [ 537511.25, 2353235.625 ], [ 537516.875, 2353241.25 ], [ 537519.0625, 2353246.5625 ], [ 537520.0, 2353253.125 ], [ 537520.3125, 2353290.3125 ], [ 537521.875, 2353296.25 ], [ 537524.6875, 2353300.9375 ], [ 537528.75, 2353304.375 ], [ 537553.59375, 2353317.03125 ], [ 537561.40625, 2353324.21875 ], [ 537578.59375, 2353355.78125 ], [ 537584.21875, 2353361.40625 ], [ 537593.4375, 2353367.1875 ], [ 537596.875, 2353371.25 ], [ 537599.6875, 2353379.6875 ], [ 537600.46875, 2353390.15625 ], [ 537601.40625, 2353392.96875 ], [ 537604.6875, 2353397.1875 ], [ 537609.84375, 2353399.53125 ], [ 537620.3125, 2353400.3125 ], [ 537628.75, 2353403.125 ], [ 537632.8125, 2353406.5625 ], [ 537637.03125, 2353413.59375 ], [ 537642.1875, 2353419.6875 ], [ 537648.75, 2353424.375 ], [ 537671.25, 2353435.625 ], [ 537675.78125, 2353438.59375 ], [ 537681.40625, 2353444.21875 ], [ 537687.1875, 2353453.4375 ], [ 537691.25, 2353456.875 ], [ 537699.6875, 2353459.6875 ], [ 537713.4375, 2353460.9375 ], [ 537720.9375, 2353464.6875 ], [ 537724.375, 2353468.75 ], [ 537747.1875, 2353513.4375 ], [ 537753.75, 2353518.125 ], [ 537759.6875, 2353519.6875 ], [ 537770.15625, 2353520.46875 ], [ 537772.96875, 2353521.40625 ], [ 537777.1875, 2353524.6875 ], [ 537779.53125, 2353529.84375 ], [ 537780.3125, 2353540.3125 ], [ 537783.125, 2353548.75 ], [ 537786.5625, 2353552.8125 ], [ 537795.78125, 2353558.59375 ], [ 537801.40625, 2353564.21875 ], [ 537817.1875, 2353593.4375 ], [ 537821.25, 2353596.875 ], [ 537826.5625, 2353599.0625 ], [ 537840.3125, 2353600.3125 ], [ 537848.75, 2353603.125 ], [ 537852.8125, 2353606.5625 ], [ 537858.59375, 2353615.78125 ], [ 537864.21875, 2353621.40625 ], [ 537868.75, 2353624.375 ], [ 537891.25, 2353635.625 ], [ 537897.8125, 2353640.3125 ], [ 537904.375, 2353648.75 ], [ 537925.625, 2353691.25 ], [ 537929.0625, 2353695.3125 ], [ 537936.5625, 2353699.0625 ], [ 537953.90625, 2353700.46875 ], [ 537966.09375, 2353703.28125 ], [ 537993.59375, 2353717.03125 ], [ 537997.8125, 2353720.3125 ], [ 538002.96875, 2353726.40625 ], [ 538015.625, 2353751.25 ], [ 538019.0625, 2353755.3125 ], [ 538026.5625, 2353759.0625 ], [ 538040.3125, 2353760.3125 ], [ 538048.75, 2353763.125 ], [ 538052.8125, 2353766.5625 ], [ 538060.3125, 2353777.8125 ], [ 538068.75, 2353784.375 ], [ 538091.25, 2353795.625 ], [ 538096.71875, 2353797.65625 ], [ 538106.09375, 2353799.53125 ], [ 538120.3125, 2353800.3125 ], [ 538126.25, 2353801.875 ], [ 538130.9375, 2353804.6875 ], [ 538137.1875, 2353813.4375 ], [ 538141.25, 2353816.875 ], [ 538146.5625, 2353819.0625 ], [ 538160.3125, 2353820.3125 ], [ 538168.75, 2353823.125 ], [ 538172.8125, 2353826.5625 ], [ 538180.3125, 2353837.8125 ], [ 538186.40625, 2353842.96875 ], [ 538251.25, 2353875.625 ], [ 538255.78125, 2353878.59375 ], [ 538262.96875, 2353886.40625 ], [ 538275.625, 2353911.25 ], [ 538281.25, 2353916.875 ], [ 538286.5625, 2353919.0625 ], [ 538300.3125, 2353920.3125 ], [ 538306.25, 2353921.875 ], [ 538310.9375, 2353924.6875 ], [ 538317.1875, 2353933.4375 ], [ 538321.25, 2353936.875 ], [ 538326.5625, 2353939.0625 ], [ 538340.3125, 2353940.3125 ], [ 538346.25, 2353941.875 ], [ 538350.9375, 2353944.6875 ], [ 538357.1875, 2353953.4375 ], [ 538361.25, 2353956.875 ], [ 538366.5625, 2353959.0625 ], [ 538380.3125, 2353960.3125 ], [ 538388.75, 2353963.125 ], [ 538392.8125, 2353966.5625 ], [ 538400.3125, 2353977.8125 ], [ 538408.75, 2353984.375 ], [ 538593.59375, 2354077.03125 ], [ 538597.8125, 2354080.3125 ], [ 538602.96875, 2354086.40625 ], [ 538615.625, 2354111.25 ], [ 538621.25, 2354116.875 ], [ 538626.5625, 2354119.0625 ], [ 538640.3125, 2354120.3125 ], [ 538646.25, 2354121.875 ], [ 538650.9375, 2354124.6875 ], [ 538657.1875, 2354133.4375 ], [ 538661.25, 2354136.875 ], [ 538666.5625, 2354139.0625 ], [ 538680.3125, 2354140.3125 ], [ 538686.25, 2354141.875 ], [ 538690.9375, 2354144.6875 ], [ 538697.1875, 2354153.4375 ], [ 538703.75, 2354158.125 ], [ 538713.125, 2354160.0 ], [ 538746.875, 2354160.0 ], [ 538753.4375, 2354160.9375 ], [ 538760.9375, 2354164.6875 ], [ 538767.1875, 2354173.4375 ], [ 538773.75, 2354178.125 ], [ 538779.6875, 2354179.6875 ], [ 538790.46875, 2354180.15625 ], [ 538800.3125, 2354181.5625 ], [ 538808.75, 2354184.375 ], [ 538831.25, 2354195.625 ], [ 538836.71875, 2354197.65625 ], [ 538846.09375, 2354199.53125 ], [ 538860.3125, 2354200.3125 ], [ 538866.25, 2354201.875 ], [ 538872.8125, 2354206.5625 ], [ 538879.0625, 2354215.3125 ], [ 538886.5625, 2354219.0625 ], [ 538893.125, 2354220.0 ], [ 538926.875, 2354220.0 ], [ 538933.4375, 2354220.9375 ], [ 538940.9375, 2354224.6875 ], [ 538949.0625, 2354235.3125 ], [ 538956.5625, 2354239.0625 ], [ 538963.125, 2354240.0 ], [ 539026.875, 2354240.0 ], [ 539037.1875, 2354240.9375 ], [ 539048.75, 2354244.375 ], [ 539073.90625, 2354256.71875 ], [ 539086.09375, 2354259.53125 ], [ 539190.3125, 2354260.3125 ], [ 539196.25, 2354261.875 ], [ 539200.9375, 2354264.6875 ], [ 539207.1875, 2354273.4375 ], [ 539213.75, 2354278.125 ], [ 539219.6875, 2354279.6875 ], [ 539233.90625, 2354280.46875 ], [ 539243.28125, 2354282.34375 ], [ 539273.90625, 2354296.71875 ], [ 539286.09375, 2354299.53125 ], [ 539386.875, 2354300.0 ], [ 539393.4375, 2354300.9375 ], [ 539398.75, 2354303.125 ], [ 539402.8125, 2354306.5625 ], [ 539415.625, 2354331.25 ], [ 539421.25, 2354336.875 ], [ 539426.5625, 2354339.0625 ], [ 539433.125, 2354340.0 ], [ 539496.875, 2354340.0 ], [ 539506.25, 2354341.875 ], [ 539510.9375, 2354344.6875 ], [ 539514.375, 2354348.75 ], [ 539527.1875, 2354373.4375 ], [ 539531.25, 2354376.875 ], [ 539536.5625, 2354379.0625 ], [ 539543.125, 2354380.0 ], [ 539636.875, 2354380.0 ], [ 539643.4375, 2354380.9375 ], [ 539648.75, 2354383.125 ], [ 539654.375, 2354388.75 ], [ 539656.71875, 2354393.90625 ], [ 539659.0625, 2354402.8125 ], [ 539660.0, 2354413.125 ], [ 539660.0, 2354446.875 ], [ 539660.9375, 2354453.4375 ], [ 539664.6875, 2354460.9375 ], [ 539675.3125, 2354469.0625 ], [ 539678.125, 2354473.75 ], [ 539679.6875, 2354479.6875 ], [ 539680.0, 2354546.875 ], [ 539680.46875, 2354553.90625 ], [ 539682.34375, 2354563.28125 ], [ 539684.375, 2354568.75 ], [ 539717.03125, 2354633.59375 ], [ 539720.3125, 2354637.8125 ], [ 539726.40625, 2354642.96875 ], [ 539751.25, 2354655.625 ], [ 539755.3125, 2354659.0625 ], [ 539759.0625, 2354666.5625 ], [ 539760.3125, 2354680.3125 ], [ 539763.125, 2354688.75 ], [ 539768.75, 2354694.375 ], [ 539791.25, 2354705.625 ], [ 539795.3125, 2354709.0625 ], [ 539799.0625, 2354716.5625 ], [ 539800.46875, 2354730.15625 ], [ 539801.40625, 2354732.96875 ], [ 539804.6875, 2354737.1875 ], [ 539807.03125, 2354738.59375 ], [ 539813.125, 2354740.0 ], [ 539846.875, 2354740.0 ], [ 539853.4375, 2354740.9375 ], [ 539858.75, 2354743.125 ], [ 539864.375, 2354748.75 ], [ 539875.625, 2354771.25 ], [ 539880.3125, 2354777.8125 ], [ 539888.75, 2354784.375 ], [ 539911.25, 2354795.625 ], [ 539915.78125, 2354798.59375 ], [ 539921.40625, 2354804.21875 ], [ 539927.1875, 2354813.4375 ], [ 539933.75, 2354818.125 ], [ 539943.125, 2354820.0 ], [ 540073.90625, 2354820.46875 ], [ 540086.09375, 2354823.28125 ], [ 540113.90625, 2354836.71875 ], [ 540119.6875, 2354838.4375 ], [ 540129.53125, 2354839.84375 ], [ 540290.3125, 2354840.3125 ], [ 540296.25, 2354841.875 ], [ 540300.9375, 2354844.6875 ], [ 540307.1875, 2354853.4375 ], [ 540311.25, 2354856.875 ], [ 540316.5625, 2354859.0625 ], [ 540323.125, 2354860.0 ], [ 540660.3125, 2354860.3125 ], [ 540666.25, 2354861.875 ], [ 540670.9375, 2354864.6875 ], [ 540680.3125, 2354877.8125 ], [ 540684.21875, 2354881.40625 ], [ 540691.25, 2354885.625 ], [ 540695.3125, 2354889.0625 ], [ 540699.0625, 2354896.5625 ], [ 540700.9375, 2354917.1875 ], [ 540702.34375, 2354923.28125 ], [ 540705.625, 2354931.25 ], [ 540711.25, 2354936.875 ], [ 540716.5625, 2354939.0625 ], [ 540723.125, 2354940.0 ], [ 540790.3125, 2354939.6875 ], [ 540798.75, 2354936.875 ], [ 540802.8125, 2354933.4375 ], [ 540809.0625, 2354924.6875 ], [ 540816.5625, 2354920.9375 ], [ 540823.125, 2354920.0 ], [ 540886.875, 2354920.0 ], [ 540897.1875, 2354919.0625 ], [ 540908.75, 2354915.625 ], [ 540933.90625, 2354903.28125 ], [ 540939.6875, 2354901.5625 ], [ 540949.53125, 2354900.15625 ], [ 540960.3125, 2354900.3125 ], [ 540966.25, 2354901.875 ], [ 540972.8125, 2354906.5625 ], [ 540979.0625, 2354915.3125 ], [ 540983.75, 2354918.125 ], [ 540989.6875, 2354919.6875 ], [ 541090.3125, 2354919.6875 ], [ 541096.25, 2354918.125 ], [ 541100.9375, 2354915.3125 ], [ 541107.1875, 2354906.5625 ], [ 541113.75, 2354901.875 ], [ 541119.6875, 2354900.3125 ], [ 541130.3125, 2354899.6875 ], [ 541138.75, 2354896.875 ], [ 541142.8125, 2354893.4375 ], [ 541147.1875, 2354886.5625 ], [ 541153.75, 2354881.875 ], [ 541159.6875, 2354880.3125 ], [ 541177.1875, 2354879.0625 ], [ 541183.28125, 2354877.65625 ], [ 541191.25, 2354874.375 ], [ 541196.875, 2354868.75 ], [ 541199.0625, 2354863.4375 ], [ 541200.0, 2354856.875 ], [ 541200.0, 2354793.125 ], [ 541199.53125, 2354789.84375 ], [ 541197.1875, 2354784.6875 ], [ 541192.96875, 2354781.40625 ], [ 541186.875, 2354780.0 ], [ 541123.125, 2354780.0 ], [ 541116.5625, 2354779.0625 ], [ 541111.25, 2354776.875 ], [ 541107.1875, 2354773.4375 ], [ 541104.375, 2354768.75 ], [ 541102.34375, 2354763.28125 ], [ 541100.46875, 2354753.90625 ], [ 541100.3125, 2354739.6875 ], [ 541101.875, 2354733.75 ], [ 541104.6875, 2354729.0625 ], [ 541108.75, 2354725.625 ], [ 541116.71875, 2354722.34375 ], [ 541126.09375, 2354720.46875 ], [ 541140.3125, 2354719.6875 ], [ 541146.25, 2354718.125 ], [ 541152.8125, 2354713.4375 ], [ 541159.0625, 2354704.6875 ], [ 541166.5625, 2354700.9375 ], [ 541173.125, 2354700.0 ], [ 541213.90625, 2354699.53125 ], [ 541223.28125, 2354697.65625 ], [ 541231.25, 2354694.375 ], [ 541235.3125, 2354690.9375 ], [ 541238.125, 2354686.25 ], [ 541239.6875, 2354680.3125 ], [ 541240.46875, 2354669.84375 ], [ 541241.40625, 2354667.03125 ], [ 541244.6875, 2354662.8125 ], [ 541249.84375, 2354660.46875 ], [ 541260.3125, 2354659.6875 ], [ 541268.75, 2354656.875 ], [ 541272.8125, 2354653.4375 ], [ 541278.59375, 2354644.21875 ], [ 541284.21875, 2354638.59375 ], [ 541315.78125, 2354621.40625 ], [ 541322.96875, 2354613.59375 ], [ 541337.1875, 2354586.5625 ], [ 541343.75, 2354581.875 ], [ 541353.125, 2354580.0 ], [ 541386.875, 2354580.0 ], [ 541390.15625, 2354580.46875 ], [ 541395.3125, 2354582.8125 ], [ 541397.1875, 2354584.6875 ], [ 541399.53125, 2354589.84375 ], [ 541400.3125, 2354600.3125 ], [ 541403.125, 2354608.75 ], [ 541406.5625, 2354612.8125 ], [ 541413.4375, 2354617.1875 ], [ 541418.125, 2354623.75 ], [ 541419.6875, 2354629.6875 ], [ 541420.3125, 2354640.3125 ], [ 541423.125, 2354648.75 ], [ 541426.5625, 2354652.8125 ], [ 541433.90625, 2354656.71875 ], [ 541442.8125, 2354659.0625 ], [ 541463.4375, 2354660.9375 ], [ 541470.9375, 2354664.6875 ], [ 541474.375, 2354668.75 ], [ 541477.65625, 2354676.71875 ], [ 541479.53125, 2354686.09375 ], [ 541480.3125, 2354700.3125 ], [ 541481.875, 2354706.25 ], [ 541484.6875, 2354710.9375 ], [ 541488.75, 2354714.375 ], [ 541496.71875, 2354717.65625 ], [ 541509.53125, 2354719.84375 ], [ 541576.875, 2354720.0 ], [ 541586.25, 2354721.875 ], [ 541590.9375, 2354724.6875 ], [ 541597.1875, 2354733.4375 ], [ 541601.25, 2354736.875 ], [ 541609.6875, 2354739.6875 ], [ 541623.4375, 2354740.9375 ], [ 541630.9375, 2354744.6875 ], [ 541634.375, 2354748.75 ], [ 541647.1875, 2354773.4375 ], [ 541651.25, 2354776.875 ], [ 541656.5625, 2354779.0625 ], [ 541663.125, 2354780.0 ], [ 541726.875, 2354780.0 ], [ 541736.25, 2354778.125 ], [ 541740.9375, 2354775.3125 ], [ 541747.1875, 2354766.5625 ], [ 541751.25, 2354763.125 ], [ 541756.5625, 2354760.9375 ], [ 541770.3125, 2354759.6875 ], [ 541776.25, 2354758.125 ], [ 541780.9375, 2354755.3125 ], [ 541787.1875, 2354746.5625 ], [ 541791.25, 2354743.125 ], [ 541799.6875, 2354740.3125 ], [ 541813.4375, 2354739.0625 ], [ 541820.9375, 2354735.3125 ], [ 541824.375, 2354731.25 ], [ 541837.03125, 2354706.40625 ], [ 541840.3125, 2354702.1875 ], [ 541846.40625, 2354697.03125 ], [ 541971.25, 2354634.375 ], [ 541975.3125, 2354630.9375 ], [ 541978.125, 2354626.25 ], [ 541979.6875, 2354620.3125 ], [ 541980.0, 2354613.125 ], [ 541981.40625, 2354607.03125 ], [ 541982.8125, 2354604.6875 ], [ 541987.03125, 2354601.40625 ], [ 541993.125, 2354600.0 ], [ 542056.875, 2354600.0 ], [ 542063.4375, 2354599.0625 ], [ 542070.9375, 2354595.3125 ], [ 542074.375, 2354591.25 ], [ 542095.625, 2354548.75 ], [ 542099.0625, 2354544.6875 ], [ 542106.5625, 2354540.9375 ], [ 542120.3125, 2354539.6875 ], [ 542128.75, 2354536.875 ], [ 542134.375, 2354531.25 ], [ 542145.625, 2354508.75 ], [ 542149.0625, 2354504.6875 ], [ 542156.5625, 2354500.9375 ], [ 542170.15625, 2354499.53125 ], [ 542172.96875, 2354498.59375 ], [ 542177.1875, 2354495.3125 ], [ 542178.59375, 2354492.96875 ], [ 542180.0, 2354486.875 ], [ 542180.0, 2354453.125 ], [ 542180.9375, 2354446.5625 ], [ 542184.6875, 2354439.0625 ], [ 542193.4375, 2354432.8125 ], [ 542196.875, 2354428.75 ], [ 542199.6875, 2354420.3125 ], [ 542200.46875, 2354409.84375 ], [ 542201.40625, 2354407.03125 ], [ 542204.6875, 2354402.8125 ], [ 542207.03125, 2354401.40625 ], [ 542213.125, 2354400.0 ], [ 542310.46875, 2354399.84375 ], [ 542317.1875, 2354399.0625 ], [ 542326.09375, 2354396.71875 ], [ 542331.25, 2354394.375 ], [ 542335.3125, 2354390.9375 ], [ 542338.125, 2354386.25 ], [ 542340.0, 2354376.875 ], [ 542340.0, 2354313.125 ], [ 542339.53125, 2354309.84375 ], [ 542337.1875, 2354304.6875 ], [ 542332.96875, 2354301.40625 ], [ 542326.875, 2354300.0 ], [ 542263.125, 2354300.0 ], [ 542256.5625, 2354299.0625 ], [ 542249.0625, 2354295.3125 ], [ 542239.6875, 2354282.1875 ], [ 542235.78125, 2354278.59375 ], [ 542226.5625, 2354272.8125 ], [ 542223.125, 2354268.75 ], [ 542220.9375, 2354263.4375 ], [ 542220.0, 2354256.875 ], [ 542220.46875, 2354246.09375 ], [ 542222.34375, 2354236.71875 ], [ 542224.375, 2354231.25 ], [ 542235.625, 2354208.75 ], [ 542241.25, 2354203.125 ], [ 542246.5625, 2354200.9375 ], [ 542260.3125, 2354199.6875 ], [ 542266.25, 2354198.125 ], [ 542272.8125, 2354193.4375 ], [ 542279.0625, 2354184.6875 ], [ 542286.5625, 2354180.9375 ], [ 542293.125, 2354180.0 ], [ 542326.875, 2354180.0 ], [ 542336.25, 2354178.125 ], [ 542340.9375, 2354175.3125 ], [ 542347.1875, 2354166.5625 ], [ 542351.25, 2354163.125 ], [ 542356.5625, 2354160.9375 ], [ 542370.3125, 2354159.6875 ], [ 542376.25, 2354158.125 ], [ 542382.8125, 2354153.4375 ], [ 542389.0625, 2354144.6875 ], [ 542396.5625, 2354140.9375 ], [ 542403.125, 2354140.0 ], [ 542436.875, 2354140.0 ], [ 542446.25, 2354138.125 ], [ 542452.8125, 2354133.4375 ], [ 542459.0625, 2354124.6875 ], [ 542466.5625, 2354120.9375 ], [ 542473.125, 2354120.0 ], [ 542596.875, 2354120.0 ], [ 542603.4375, 2354119.0625 ], [ 542610.9375, 2354115.3125 ], [ 542617.1875, 2354106.5625 ], [ 542623.75, 2354101.875 ], [ 542629.6875, 2354100.3125 ], [ 542640.3125, 2354099.6875 ], [ 542648.75, 2354096.875 ], [ 542652.8125, 2354093.4375 ], [ 542657.1875, 2354086.5625 ], [ 542663.75, 2354081.875 ], [ 542669.6875, 2354080.3125 ], [ 542680.3125, 2354079.6875 ], [ 542688.75, 2354076.875 ], [ 542692.8125, 2354073.4375 ], [ 542697.1875, 2354066.5625 ], [ 542703.75, 2354061.875 ], [ 542713.125, 2354060.0 ], [ 542746.875, 2354060.0 ], [ 542753.4375, 2354059.0625 ], [ 542760.9375, 2354055.3125 ], [ 542767.1875, 2354046.5625 ], [ 542773.75, 2354041.875 ], [ 542779.6875, 2354040.3125 ], [ 542793.90625, 2354039.53125 ], [ 542803.28125, 2354037.65625 ], [ 542808.75, 2354035.625 ], [ 542831.25, 2354024.375 ], [ 542839.6875, 2354017.8125 ], [ 542847.1875, 2354006.5625 ], [ 542851.25, 2354003.125 ], [ 542859.6875, 2354000.3125 ], [ 542873.4375, 2353999.0625 ], [ 542880.9375, 2353995.3125 ], [ 542884.375, 2353991.25 ], [ 542897.03125, 2353966.40625 ], [ 542902.1875, 2353960.3125 ], [ 542908.75, 2353955.625 ], [ 542931.25, 2353944.375 ], [ 542939.6875, 2353937.8125 ], [ 542944.375, 2353931.25 ], [ 542975.625, 2353868.75 ], [ 542978.59375, 2353864.21875 ], [ 542986.40625, 2353857.03125 ], [ 543011.25, 2353844.375 ], [ 543017.8125, 2353839.6875 ], [ 543022.96875, 2353833.59375 ], [ 543035.625, 2353808.75 ], [ 543040.3125, 2353802.1875 ], [ 543046.40625, 2353797.03125 ], [ 543071.25, 2353784.375 ], [ 543077.8125, 2353779.6875 ], [ 543084.375, 2353771.25 ], [ 543097.03125, 2353746.40625 ], [ 543104.21875, 2353738.59375 ], [ 543108.75, 2353735.625 ], [ 543211.25, 2353684.375 ], [ 543219.6875, 2353677.8125 ], [ 543227.1875, 2353666.5625 ], [ 543231.25, 2353663.125 ], [ 543236.5625, 2353660.9375 ], [ 543250.3125, 2353659.6875 ], [ 543256.25, 2353658.125 ], [ 543260.9375, 2353655.3125 ], [ 543267.1875, 2353646.5625 ], [ 543271.25, 2353643.125 ], [ 543276.5625, 2353640.9375 ], [ 543290.3125, 2353639.6875 ], [ 543298.75, 2353636.875 ], [ 543304.375, 2353631.25 ], [ 543315.625, 2353608.75 ], [ 543321.25, 2353603.125 ], [ 543326.5625, 2353600.9375 ], [ 543340.3125, 2353599.6875 ], [ 543346.25, 2353598.125 ], [ 543350.9375, 2353595.3125 ], [ 543357.1875, 2353586.5625 ], [ 543361.25, 2353583.125 ], [ 543366.5625, 2353580.9375 ], [ 543380.3125, 2353579.6875 ], [ 543386.25, 2353578.125 ], [ 543390.9375, 2353575.3125 ], [ 543397.1875, 2353566.5625 ], [ 543401.25, 2353563.125 ], [ 543406.5625, 2353560.9375 ], [ 543420.3125, 2353559.6875 ], [ 543426.25, 2353558.125 ], [ 543430.9375, 2353555.3125 ], [ 543437.1875, 2353546.5625 ], [ 543443.75, 2353541.875 ], [ 543453.125, 2353540.0 ], [ 543486.875, 2353540.0 ], [ 543493.4375, 2353539.0625 ], [ 543500.9375, 2353535.3125 ], [ 543507.1875, 2353526.5625 ], [ 543513.75, 2353521.875 ], [ 543519.6875, 2353520.3125 ], [ 543530.3125, 2353519.6875 ], [ 543538.75, 2353516.875 ], [ 543542.8125, 2353513.4375 ], [ 543547.1875, 2353506.5625 ], [ 543553.75, 2353501.875 ], [ 543559.6875, 2353500.3125 ], [ 543570.3125, 2353499.6875 ], [ 543578.75, 2353496.875 ], [ 543584.375, 2353491.25 ], [ 543595.625, 2353468.75 ], [ 543599.0625, 2353464.6875 ], [ 543606.5625, 2353460.9375 ], [ 543620.3125, 2353459.6875 ], [ 543628.75, 2353456.875 ], [ 543632.8125, 2353453.4375 ], [ 543638.59375, 2353444.21875 ], [ 543644.21875, 2353438.59375 ], [ 543648.75, 2353435.625 ], [ 543671.25, 2353424.375 ], [ 543677.8125, 2353419.6875 ], [ 543682.96875, 2353413.59375 ], [ 543695.625, 2353388.75 ], [ 543700.3125, 2353382.1875 ], [ 543706.40625, 2353377.03125 ], [ 543731.25, 2353364.375 ], [ 543737.8125, 2353359.6875 ], [ 543742.96875, 2353353.59375 ], [ 543755.625, 2353328.75 ], [ 543760.3125, 2353322.1875 ], [ 543768.75, 2353315.625 ], [ 543793.59375, 2353302.96875 ], [ 543801.40625, 2353295.78125 ], [ 543818.59375, 2353264.21875 ], [ 543824.21875, 2353258.59375 ], [ 543833.4375, 2353252.8125 ], [ 543836.875, 2353248.75 ], [ 543839.6875, 2353240.3125 ], [ 543840.9375, 2353226.5625 ], [ 543844.6875, 2353219.0625 ], [ 543848.75, 2353215.625 ], [ 543871.25, 2353204.375 ], [ 543877.8125, 2353199.6875 ], [ 543882.96875, 2353193.59375 ], [ 543895.625, 2353168.75 ], [ 543899.0625, 2353164.6875 ], [ 543906.5625, 2353160.9375 ], [ 543920.3125, 2353159.6875 ], [ 543928.75, 2353156.875 ], [ 543932.8125, 2353153.4375 ], [ 543938.59375, 2353144.21875 ], [ 543944.21875, 2353138.59375 ], [ 543948.75, 2353135.625 ], [ 543971.25, 2353124.375 ], [ 543975.3125, 2353120.9375 ], [ 543979.0625, 2353113.4375 ], [ 543980.3125, 2353099.6875 ], [ 543983.125, 2353091.25 ], [ 543986.5625, 2353087.1875 ], [ 543993.4375, 2353082.8125 ], [ 543998.125, 2353076.25 ], [ 543999.6875, 2353070.3125 ], [ 544000.3125, 2353059.6875 ], [ 544003.125, 2353051.25 ], [ 544006.5625, 2353047.1875 ], [ 544015.78125, 2353041.40625 ], [ 544021.40625, 2353035.78125 ], [ 544024.375, 2353031.25 ], [ 544035.625, 2353008.75 ], [ 544042.1875, 2353000.3125 ], [ 544048.75, 2352995.625 ], [ 544071.25, 2352984.375 ], [ 544076.875, 2352978.75 ], [ 544079.0625, 2352973.4375 ], [ 544080.3125, 2352959.6875 ], [ 544081.875, 2352953.75 ], [ 544084.6875, 2352949.0625 ], [ 544093.4375, 2352942.8125 ], [ 544096.875, 2352938.75 ], [ 544099.0625, 2352933.4375 ], [ 544100.3125, 2352919.6875 ], [ 544103.125, 2352911.25 ], [ 544106.5625, 2352907.1875 ], [ 544117.8125, 2352899.6875 ], [ 544122.96875, 2352893.59375 ], [ 544155.625, 2352828.75 ], [ 544158.59375, 2352824.21875 ], [ 544166.40625, 2352817.03125 ], [ 544191.25, 2352804.375 ], [ 544195.3125, 2352800.9375 ], [ 544199.0625, 2352793.4375 ], [ 544200.3125, 2352779.6875 ], [ 544203.125, 2352771.25 ], [ 544206.5625, 2352767.1875 ], [ 544215.78125, 2352761.40625 ], [ 544221.40625, 2352755.78125 ], [ 544224.375, 2352751.25 ], [ 544235.625, 2352728.75 ], [ 544240.3125, 2352722.1875 ], [ 544246.40625, 2352717.03125 ], [ 544271.25, 2352704.375 ], [ 544277.8125, 2352699.6875 ], [ 544282.96875, 2352693.59375 ], [ 544295.625, 2352668.75 ], [ 544300.3125, 2352662.1875 ], [ 544306.40625, 2352657.03125 ], [ 544331.25, 2352644.375 ], [ 544335.3125, 2352640.9375 ], [ 544339.0625, 2352633.4375 ], [ 544340.3125, 2352619.6875 ], [ 544343.125, 2352611.25 ], [ 544346.5625, 2352607.1875 ], [ 544353.59375, 2352602.96875 ], [ 544359.6875, 2352597.8125 ], [ 544364.375, 2352591.25 ], [ 544375.625, 2352568.75 ], [ 544378.59375, 2352564.21875 ], [ 544384.21875, 2352558.59375 ], [ 544393.4375, 2352552.8125 ], [ 544396.875, 2352548.75 ], [ 544399.0625, 2352543.4375 ], [ 544400.3125, 2352529.6875 ], [ 544403.125, 2352521.25 ], [ 544408.75, 2352515.625 ], [ 544433.59375, 2352502.96875 ], [ 544441.40625, 2352495.78125 ], [ 544458.59375, 2352464.21875 ], [ 544464.21875, 2352458.59375 ], [ 544473.4375, 2352452.8125 ], [ 544476.875, 2352448.75 ], [ 544479.6875, 2352440.3125 ], [ 544480.9375, 2352426.5625 ], [ 544484.6875, 2352419.0625 ], [ 544488.75, 2352415.625 ], [ 544513.59375, 2352402.96875 ], [ 544519.6875, 2352397.8125 ], [ 544524.375, 2352391.25 ], [ 544545.625, 2352348.75 ], [ 544549.0625, 2352344.6875 ], [ 544556.5625, 2352340.9375 ], [ 544570.15625, 2352339.53125 ], [ 544572.96875, 2352338.59375 ], [ 544577.1875, 2352335.3125 ], [ 544579.53125, 2352330.15625 ], [ 544580.3125, 2352319.6875 ], [ 544583.125, 2352311.25 ], [ 544586.5625, 2352307.1875 ], [ 544593.4375, 2352302.8125 ], [ 544598.125, 2352296.25 ], [ 544599.6875, 2352290.3125 ], [ 544600.3125, 2352279.6875 ], [ 544603.125, 2352271.25 ], [ 544606.5625, 2352267.1875 ], [ 544617.8125, 2352259.6875 ], [ 544622.96875, 2352253.59375 ], [ 544675.625, 2352148.75 ], [ 544682.1875, 2352140.3125 ], [ 544693.4375, 2352132.8125 ], [ 544696.875, 2352128.75 ], [ 544699.0625, 2352123.4375 ], [ 544700.3125, 2352109.6875 ], [ 544703.125, 2352101.25 ], [ 544708.75, 2352095.625 ], [ 544751.25, 2352074.375 ], [ 544755.3125, 2352070.9375 ], [ 544759.0625, 2352063.4375 ], [ 544760.3125, 2352049.6875 ], [ 544763.125, 2352041.25 ], [ 544766.5625, 2352037.1875 ], [ 544773.4375, 2352032.8125 ], [ 544778.125, 2352026.25 ], [ 544779.6875, 2352020.3125 ], [ 544780.3125, 2352009.6875 ], [ 544783.125, 2352001.25 ], [ 544788.75, 2351995.625 ], [ 544811.25, 2351984.375 ], [ 544819.6875, 2351977.8125 ], [ 544824.375, 2351971.25 ], [ 544835.625, 2351948.75 ], [ 544842.1875, 2351940.3125 ], [ 544848.75, 2351935.625 ], [ 544871.25, 2351924.375 ], [ 544875.3125, 2351920.9375 ], [ 544879.0625, 2351913.4375 ], [ 544880.3125, 2351899.6875 ], [ 544883.125, 2351891.25 ], [ 544886.5625, 2351887.1875 ], [ 544895.78125, 2351881.40625 ], [ 544901.40625, 2351875.78125 ], [ 544904.375, 2351871.25 ], [ 544937.03125, 2351806.40625 ], [ 544942.1875, 2351800.3125 ], [ 544953.4375, 2351792.8125 ], [ 544956.875, 2351788.75 ], [ 544959.0625, 2351783.4375 ], [ 544960.0, 2351776.875 ], [ 544960.0, 2351713.125 ], [ 544960.9375, 2351706.5625 ], [ 544964.6875, 2351699.0625 ], [ 544968.75, 2351695.625 ], [ 544993.59375, 2351682.96875 ], [ 544999.6875, 2351677.8125 ], [ 545004.375, 2351671.25 ], [ 545015.625, 2351648.75 ], [ 545022.1875, 2351640.3125 ], [ 545028.75, 2351635.625 ], [ 545051.25, 2351624.375 ], [ 545059.6875, 2351617.8125 ], [ 545064.375, 2351611.25 ], [ 545095.625, 2351548.75 ], [ 545099.0625, 2351544.6875 ], [ 545103.75, 2351541.875 ], [ 545109.6875, 2351540.3125 ], [ 545150.15625, 2351539.53125 ], [ 545152.96875, 2351538.59375 ], [ 545157.1875, 2351535.3125 ], [ 545158.59375, 2351532.96875 ], [ 545160.0, 2351526.875 ], [ 545160.0, 2351493.125 ], [ 545160.9375, 2351486.5625 ], [ 545164.6875, 2351479.0625 ], [ 545175.3125, 2351470.9375 ], [ 545178.125, 2351466.25 ], [ 545179.6875, 2351460.3125 ], [ 545180.0, 2351393.125 ], [ 545180.9375, 2351386.5625 ], [ 545183.125, 2351381.25 ], [ 545188.75, 2351375.625 ], [ 545211.25, 2351364.375 ], [ 545216.875, 2351358.75 ], [ 545219.0625, 2351353.4375 ], [ 545220.3125, 2351339.6875 ], [ 545221.875, 2351333.75 ], [ 545224.6875, 2351329.0625 ], [ 545233.4375, 2351322.8125 ], [ 545236.875, 2351318.75 ], [ 545239.6875, 2351310.3125 ], [ 545240.9375, 2351296.5625 ], [ 545244.6875, 2351289.0625 ], [ 545257.8125, 2351279.6875 ], [ 545261.40625, 2351275.78125 ], [ 545267.1875, 2351266.5625 ], [ 545271.25, 2351263.125 ], [ 545276.5625, 2351260.9375 ], [ 545290.3125, 2351259.6875 ], [ 545296.25, 2351258.125 ], [ 545300.9375, 2351255.3125 ], [ 545304.375, 2351251.25 ], [ 545315.625, 2351228.75 ], [ 545319.0625, 2351217.1875 ], [ 545320.0, 2351206.875 ], [ 545320.0, 2351173.125 ], [ 545320.9375, 2351166.5625 ], [ 545324.6875, 2351159.0625 ], [ 545335.3125, 2351150.9375 ], [ 545339.0625, 2351143.4375 ], [ 545340.0, 2351136.875 ], [ 545340.0, 2351103.125 ], [ 545341.875, 2351093.75 ], [ 545344.6875, 2351089.0625 ], [ 545353.4375, 2351082.8125 ], [ 545356.875, 2351078.75 ], [ 545359.0625, 2351073.4375 ], [ 545360.3125, 2351059.6875 ], [ 545361.875, 2351053.75 ], [ 545366.5625, 2351047.1875 ], [ 545375.3125, 2351040.9375 ], [ 545379.0625, 2351033.4375 ], [ 545380.0, 2351026.875 ], [ 545380.15625, 2350989.53125 ], [ 545380.9375, 2350982.8125 ], [ 545383.28125, 2350973.90625 ], [ 545416.71875, 2350906.09375 ], [ 545419.0625, 2350897.1875 ], [ 545420.3125, 2350879.6875 ], [ 545421.875, 2350873.75 ], [ 545426.5625, 2350867.1875 ], [ 545435.78125, 2350861.40625 ], [ 545442.96875, 2350853.59375 ], [ 545455.625, 2350828.75 ], [ 545457.65625, 2350823.28125 ], [ 545459.84375, 2350810.46875 ], [ 545460.0, 2350773.125 ], [ 545461.875, 2350763.75 ], [ 545464.6875, 2350759.0625 ], [ 545473.4375, 2350752.8125 ], [ 545476.875, 2350748.75 ], [ 545479.0625, 2350743.4375 ], [ 545480.3125, 2350729.6875 ], [ 545481.875, 2350723.75 ], [ 545484.6875, 2350719.0625 ], [ 545493.4375, 2350712.8125 ], [ 545498.125, 2350706.25 ], [ 545499.6875, 2350700.3125 ], [ 545500.46875, 2350686.09375 ], [ 545502.34375, 2350676.71875 ], [ 545504.375, 2350671.25 ], [ 545536.71875, 2350606.09375 ], [ 545539.0625, 2350597.1875 ], [ 545540.3125, 2350579.6875 ], [ 545541.875, 2350573.75 ], [ 545544.6875, 2350569.0625 ], [ 545553.4375, 2350562.8125 ], [ 545556.875, 2350558.75 ], [ 545559.0625, 2350553.4375 ], [ 545560.3125, 2350539.6875 ], [ 545561.875, 2350533.75 ], [ 545564.6875, 2350529.0625 ], [ 545573.4375, 2350522.8125 ], [ 545576.875, 2350518.75 ], [ 545579.0625, 2350513.4375 ], [ 545580.3125, 2350499.6875 ], [ 545583.125, 2350491.25 ], [ 545586.5625, 2350487.1875 ], [ 545597.8125, 2350479.6875 ], [ 545602.96875, 2350473.59375 ], [ 545637.03125, 2350406.40625 ], [ 545642.1875, 2350400.3125 ], [ 545655.3125, 2350390.9375 ], [ 545658.125, 2350386.25 ], [ 545659.6875, 2350380.3125 ], [ 545659.53125, 2350246.09375 ], [ 545656.71875, 2350233.90625 ], [ 545643.28125, 2350206.09375 ], [ 545641.5625, 2350200.3125 ], [ 545640.15625, 2350190.46875 ], [ 545640.0, 2350033.125 ], [ 545640.46875, 2350026.09375 ], [ 545642.34375, 2350016.71875 ], [ 545656.71875, 2349986.09375 ], [ 545659.53125, 2349973.90625 ], [ 545660.0, 2349753.125 ], [ 545660.9375, 2349746.5625 ], [ 545663.125, 2349741.25 ], [ 545666.5625, 2349737.1875 ], [ 545675.3125, 2349730.9375 ], [ 545678.125, 2349726.25 ], [ 545679.6875, 2349720.3125 ], [ 545679.6875, 2349649.6875 ], [ 545676.875, 2349641.25 ], [ 545673.4375, 2349637.1875 ], [ 545664.6875, 2349630.9375 ], [ 545661.875, 2349626.25 ], [ 545660.3125, 2349620.3125 ], [ 545659.6875, 2349519.6875 ], [ 545656.875, 2349511.25 ], [ 545653.4375, 2349507.1875 ], [ 545644.6875, 2349500.9375 ], [ 545640.9375, 2349493.4375 ], [ 545640.0, 2349486.875 ], [ 545639.84375, 2349449.53125 ], [ 545638.4375, 2349439.6875 ], [ 545635.625, 2349431.25 ], [ 545624.375, 2349408.75 ], [ 545621.5625, 2349400.3125 ], [ 545620.0, 2349386.875 ], [ 545620.0, 2349293.125 ], [ 545619.0625, 2349282.8125 ], [ 545615.625, 2349271.25 ], [ 545604.375, 2349248.75 ], [ 545602.34375, 2349243.28125 ], [ 545600.46875, 2349233.90625 ], [ 545599.6875, 2349219.6875 ], [ 545598.125, 2349213.75 ], [ 545593.4375, 2349207.1875 ], [ 545584.6875, 2349200.9375 ], [ 545580.9375, 2349193.4375 ], [ 545580.0, 2349186.875 ], [ 545580.0, 2349123.125 ], [ 545579.0625, 2349116.5625 ], [ 545575.3125, 2349109.0625 ], [ 545566.5625, 2349102.8125 ], [ 545561.875, 2349096.25 ], [ 545560.0, 2349086.875 ], [ 545560.0, 2349053.125 ], [ 545559.0625, 2349046.5625 ], [ 545555.3125, 2349039.0625 ], [ 545546.5625, 2349032.8125 ], [ 545541.875, 2349026.25 ], [ 545540.3125, 2349020.3125 ], [ 545539.6875, 2349009.6875 ], [ 545536.875, 2349001.25 ], [ 545533.4375, 2348997.1875 ], [ 545526.5625, 2348992.8125 ], [ 545521.875, 2348986.25 ], [ 545520.0, 2348976.875 ], [ 545520.0, 2348943.125 ], [ 545519.0625, 2348936.5625 ], [ 545515.3125, 2348929.0625 ], [ 545506.5625, 2348922.8125 ], [ 545503.125, 2348918.75 ], [ 545500.9375, 2348913.4375 ], [ 545500.0, 2348906.875 ], [ 545500.0, 2348873.125 ], [ 545501.40625, 2348867.03125 ], [ 545504.6875, 2348862.8125 ], [ 545507.03125, 2348861.40625 ], [ 545513.125, 2348860.0 ], [ 545580.3125, 2348859.6875 ], [ 545588.75, 2348856.875 ], [ 545592.8125, 2348853.4375 ], [ 545595.625, 2348848.75 ], [ 545598.4375, 2348840.3125 ], [ 545600.0, 2348826.875 ], [ 545599.6875, 2348669.6875 ], [ 545596.875, 2348661.25 ], [ 545593.4375, 2348657.1875 ], [ 545584.6875, 2348650.9375 ], [ 545580.9375, 2348643.4375 ], [ 545580.0, 2348636.875 ], [ 545580.0, 2348573.125 ], [ 545578.125, 2348563.75 ], [ 545575.3125, 2348559.0625 ], [ 545566.5625, 2348552.8125 ], [ 545563.125, 2348548.75 ], [ 545560.3125, 2348540.3125 ], [ 545559.53125, 2348529.84375 ], [ 545558.59375, 2348527.03125 ], [ 545555.3125, 2348522.8125 ], [ 545552.96875, 2348521.40625 ], [ 545546.875, 2348520.0 ], [ 545509.84375, 2348519.53125 ], [ 545504.6875, 2348517.1875 ], [ 545501.40625, 2348512.96875 ], [ 545500.0, 2348506.875 ], [ 545499.53125, 2348466.09375 ], [ 545498.4375, 2348459.6875 ], [ 545495.625, 2348451.25 ], [ 545404.375, 2348268.75 ], [ 545397.8125, 2348260.3125 ], [ 545386.5625, 2348252.8125 ], [ 545383.125, 2348248.75 ], [ 545380.9375, 2348243.4375 ], [ 545379.0625, 2348222.8125 ], [ 545375.625, 2348211.25 ], [ 545364.375, 2348188.75 ], [ 545361.40625, 2348184.21875 ], [ 545355.78125, 2348178.59375 ], [ 545346.5625, 2348172.8125 ], [ 545343.125, 2348168.75 ], [ 545340.3125, 2348160.3125 ], [ 545339.53125, 2348149.84375 ], [ 545337.1875, 2348144.6875 ], [ 545335.3125, 2348142.8125 ], [ 545330.15625, 2348140.46875 ], [ 545319.6875, 2348139.6875 ], [ 545313.75, 2348138.125 ], [ 545307.1875, 2348133.4375 ], [ 545304.375, 2348128.75 ], [ 545301.5625, 2348120.3125 ], [ 545300.46875, 2348113.90625 ], [ 545299.6875, 2348099.6875 ], [ 545296.875, 2348091.25 ], [ 545293.4375, 2348087.1875 ], [ 545284.21875, 2348081.40625 ], [ 545278.59375, 2348075.78125 ], [ 545275.625, 2348071.25 ], [ 545264.375, 2348048.75 ], [ 545260.9375, 2348044.6875 ], [ 545253.4375, 2348040.9375 ], [ 545239.6875, 2348039.6875 ], [ 545231.25, 2348036.875 ], [ 545225.625, 2348031.25 ], [ 545214.375, 2348008.75 ], [ 545210.9375, 2348004.6875 ], [ 545203.4375, 2348000.9375 ], [ 545193.125, 2348000.0 ], [ 545187.03125, 2347998.59375 ], [ 545184.6875, 2347997.1875 ], [ 545181.40625, 2347992.96875 ], [ 545180.0, 2347986.875 ], [ 545180.0, 2347953.125 ], [ 545179.0625, 2347946.5625 ], [ 545175.3125, 2347939.0625 ], [ 545164.6875, 2347930.9375 ], [ 545161.875, 2347926.25 ], [ 545160.3125, 2347920.3125 ], [ 545160.0, 2347823.125 ], [ 545159.0625, 2347816.5625 ], [ 545155.3125, 2347809.0625 ], [ 545146.5625, 2347802.8125 ], [ 545141.875, 2347796.25 ], [ 545140.3125, 2347790.3125 ], [ 545139.6875, 2347779.6875 ], [ 545136.875, 2347771.25 ], [ 545133.4375, 2347767.1875 ], [ 545126.5625, 2347762.8125 ], [ 545121.875, 2347756.25 ], [ 545120.0, 2347746.875 ], [ 545120.0, 2347713.125 ], [ 545118.125, 2347703.75 ], [ 545115.3125, 2347699.0625 ], [ 545106.5625, 2347692.8125 ], [ 545103.125, 2347688.75 ], [ 545100.9375, 2347683.4375 ], [ 545099.6875, 2347669.6875 ], [ 545098.125, 2347663.75 ], [ 545093.4375, 2347657.1875 ], [ 545084.6875, 2347650.9375 ], [ 545080.9375, 2347643.4375 ], [ 545080.0, 2347636.875 ], [ 545080.0, 2347243.125 ], [ 545080.9375, 2347236.5625 ], [ 545084.6875, 2347229.0625 ], [ 545097.8125, 2347219.6875 ], [ 545104.375, 2347211.25 ], [ 545116.71875, 2347186.09375 ], [ 545119.0625, 2347177.1875 ], [ 545120.0, 2347166.875 ], [ 545119.53125, 2347066.09375 ], [ 545116.71875, 2347053.90625 ], [ 545102.34375, 2347023.28125 ], [ 545100.9375, 2347017.1875 ], [ 545100.0, 2347006.875 ], [ 545100.15625, 2346789.53125 ], [ 545100.9375, 2346782.8125 ], [ 545103.28125, 2346773.90625 ], [ 545115.625, 2346748.75 ], [ 545119.0625, 2346737.1875 ], [ 545120.0, 2346726.875 ], [ 545120.0, 2346663.125 ], [ 545119.0625, 2346656.5625 ], [ 545116.875, 2346651.25 ], [ 545113.4375, 2346647.1875 ], [ 545106.5625, 2346642.8125 ], [ 545103.125, 2346638.75 ], [ 545100.9375, 2346633.4375 ], [ 545100.0, 2346626.875 ], [ 545100.0, 2346413.125 ], [ 545099.0625, 2346402.8125 ], [ 545095.625, 2346391.25 ], [ 545084.375, 2346368.75 ], [ 545077.8125, 2346360.3125 ], [ 545071.25, 2346355.625 ], [ 545048.75, 2346344.375 ], [ 545044.6875, 2346340.9375 ], [ 545040.9375, 2346333.4375 ], [ 545039.6875, 2346319.6875 ], [ 545038.125, 2346313.75 ], [ 545035.3125, 2346309.0625 ], [ 545031.25, 2346305.625 ], [ 544988.75, 2346284.375 ], [ 544977.1875, 2346280.9375 ], [ 544966.875, 2346280.0 ], [ 544903.125, 2346280.0 ], [ 544896.5625, 2346280.9375 ], [ 544889.0625, 2346284.6875 ], [ 544882.8125, 2346293.4375 ], [ 544878.75, 2346296.875 ], [ 544870.3125, 2346299.6875 ], [ 544856.5625, 2346300.9375 ], [ 544851.25, 2346303.125 ], [ 544847.1875, 2346306.5625 ], [ 544844.375, 2346311.25 ], [ 544841.5625, 2346319.6875 ], [ 544840.46875, 2346326.09375 ], [ 544839.6875, 2346340.3125 ], [ 544838.125, 2346346.25 ], [ 544833.4375, 2346352.8125 ], [ 544824.21875, 2346358.59375 ], [ 544817.03125, 2346366.40625 ], [ 544804.375, 2346391.25 ], [ 544802.34375, 2346396.71875 ], [ 544800.9375, 2346402.8125 ], [ 544800.0, 2346413.125 ], [ 544800.46875, 2346453.90625 ], [ 544803.28125, 2346466.09375 ], [ 544815.625, 2346491.25 ], [ 544819.0625, 2346502.8125 ], [ 544820.0, 2346513.125 ], [ 544819.6875, 2346520.3125 ], [ 544818.125, 2346526.25 ], [ 544815.3125, 2346530.9375 ], [ 544811.25, 2346534.375 ], [ 544806.09375, 2346536.71875 ], [ 544793.90625, 2346539.53125 ], [ 544753.125, 2346540.0 ], [ 544739.6875, 2346538.4375 ], [ 544731.25, 2346535.625 ], [ 544688.75, 2346514.375 ], [ 544684.6875, 2346510.9375 ], [ 544680.9375, 2346503.4375 ], [ 544680.0, 2346496.875 ], [ 544680.3125, 2346429.6875 ], [ 544683.125, 2346421.25 ], [ 544686.5625, 2346417.1875 ], [ 544695.3125, 2346410.9375 ], [ 544698.125, 2346406.25 ], [ 544699.6875, 2346400.3125 ], [ 544700.3125, 2346299.6875 ], [ 544703.125, 2346291.25 ], [ 544706.5625, 2346287.1875 ], [ 544715.3125, 2346280.9375 ], [ 544719.0625, 2346273.4375 ], [ 544720.0, 2346266.875 ], [ 544720.15625, 2346229.53125 ], [ 544721.5625, 2346219.6875 ], [ 544724.375, 2346211.25 ], [ 544735.625, 2346188.75 ], [ 544739.0625, 2346177.1875 ], [ 544740.0, 2346166.875 ], [ 544740.0, 2346133.125 ], [ 544741.5625, 2346119.6875 ], [ 544744.375, 2346111.25 ], [ 544755.625, 2346088.75 ], [ 544759.0625, 2346077.1875 ], [ 544760.0, 2346066.875 ], [ 544760.15625, 2346029.53125 ], [ 544762.34375, 2346016.71875 ], [ 544764.375, 2346011.25 ], [ 544795.625, 2345948.75 ], [ 544802.1875, 2345940.3125 ], [ 544808.75, 2345935.625 ], [ 544833.90625, 2345923.28125 ], [ 544842.8125, 2345920.9375 ], [ 544863.4375, 2345919.0625 ], [ 544868.75, 2345916.875 ], [ 544874.375, 2345911.25 ], [ 544877.65625, 2345903.28125 ], [ 544879.84375, 2345890.46875 ], [ 544880.0, 2345793.125 ], [ 544880.9375, 2345786.5625 ], [ 544884.6875, 2345779.0625 ], [ 544888.75, 2345775.625 ], [ 544911.25, 2345764.375 ], [ 544917.8125, 2345759.6875 ], [ 544924.375, 2345751.25 ], [ 544935.625, 2345728.75 ], [ 544941.25, 2345723.125 ], [ 544946.5625, 2345720.9375 ], [ 544953.125, 2345720.0 ], [ 544986.875, 2345720.0 ], [ 544992.96875, 2345718.59375 ], [ 544997.1875, 2345715.3125 ], [ 544998.59375, 2345712.96875 ], [ 545000.0, 2345706.875 ], [ 545000.0, 2345673.125 ], [ 545000.9375, 2345666.5625 ], [ 545003.125, 2345661.25 ], [ 545008.75, 2345655.625 ], [ 545031.25, 2345644.375 ], [ 545039.6875, 2345637.8125 ], [ 545044.375, 2345631.25 ], [ 545057.03125, 2345606.40625 ], [ 545064.21875, 2345598.59375 ], [ 545093.59375, 2345582.96875 ], [ 545099.6875, 2345577.8125 ], [ 545109.0625, 2345564.6875 ], [ 545113.75, 2345561.875 ], [ 545119.6875, 2345560.3125 ], [ 545190.3125, 2345560.3125 ], [ 545196.25, 2345561.875 ], [ 545200.9375, 2345564.6875 ], [ 545207.1875, 2345573.4375 ], [ 545211.25, 2345576.875 ], [ 545216.5625, 2345579.0625 ], [ 545223.125, 2345580.0 ], [ 545286.875, 2345580.0 ], [ 545292.96875, 2345578.59375 ], [ 545297.1875, 2345575.3125 ], [ 545299.53125, 2345570.15625 ], [ 545300.3125, 2345559.6875 ], [ 545301.875, 2345553.75 ], [ 545304.6875, 2345549.0625 ], [ 545313.4375, 2345542.8125 ], [ 545316.875, 2345538.75 ], [ 545319.0625, 2345533.4375 ], [ 545320.0, 2345526.875 ], [ 545320.0, 2345463.125 ], [ 545319.0625, 2345456.5625 ], [ 545315.3125, 2345449.0625 ], [ 545304.6875, 2345440.9375 ], [ 545301.875, 2345436.25 ], [ 545300.3125, 2345430.3125 ], [ 545300.0, 2345363.125 ], [ 545301.875, 2345353.75 ], [ 545306.5625, 2345347.1875 ], [ 545315.78125, 2345341.40625 ], [ 545321.40625, 2345335.78125 ], [ 545324.375, 2345331.25 ], [ 545335.625, 2345308.75 ], [ 545342.1875, 2345300.3125 ], [ 545348.75, 2345295.625 ], [ 545373.59375, 2345282.96875 ], [ 545381.40625, 2345275.78125 ], [ 545384.375, 2345271.25 ], [ 545396.71875, 2345246.09375 ], [ 545399.53125, 2345233.90625 ], [ 545400.3125, 2345219.6875 ], [ 545403.125, 2345211.25 ], [ 545406.5625, 2345207.1875 ], [ 545415.78125, 2345201.40625 ], [ 545421.40625, 2345195.78125 ], [ 545438.59375, 2345164.21875 ], [ 545446.40625, 2345157.03125 ], [ 545473.59375, 2345142.96875 ], [ 545477.8125, 2345139.6875 ], [ 545482.96875, 2345133.59375 ], [ 545495.625, 2345108.75 ], [ 545497.65625, 2345103.28125 ], [ 545499.53125, 2345093.90625 ], [ 545500.3125, 2345079.6875 ], [ 545501.875, 2345073.75 ], [ 545504.6875, 2345069.0625 ], [ 545513.4375, 2345062.8125 ], [ 545518.125, 2345056.25 ], [ 545519.6875, 2345050.3125 ], [ 545520.3125, 2345039.6875 ], [ 545523.125, 2345031.25 ], [ 545528.75, 2345025.625 ], [ 545551.25, 2345014.375 ], [ 545555.3125, 2345010.9375 ], [ 545559.0625, 2345003.4375 ], [ 545560.9375, 2344986.5625 ], [ 545564.6875, 2344979.0625 ], [ 545568.75, 2344975.625 ], [ 545591.25, 2344964.375 ], [ 545597.8125, 2344959.6875 ], [ 545602.96875, 2344953.59375 ], [ 545615.625, 2344928.75 ], [ 545620.3125, 2344922.1875 ], [ 545628.75, 2344915.625 ], [ 545651.25, 2344904.375 ], [ 545655.78125, 2344901.40625 ], [ 545661.40625, 2344895.78125 ], [ 545667.1875, 2344886.5625 ], [ 545671.25, 2344883.125 ], [ 545676.5625, 2344880.9375 ], [ 545690.3125, 2344879.6875 ], [ 545696.25, 2344878.125 ], [ 545700.9375, 2344875.3125 ], [ 545707.1875, 2344866.5625 ], [ 545711.25, 2344863.125 ], [ 545716.5625, 2344860.9375 ], [ 545730.3125, 2344859.6875 ], [ 545738.75, 2344856.875 ], [ 545744.375, 2344851.25 ], [ 545755.625, 2344828.75 ], [ 545759.0625, 2344824.6875 ], [ 545766.5625, 2344820.9375 ], [ 545780.3125, 2344819.6875 ], [ 545788.75, 2344816.875 ], [ 545792.8125, 2344813.4375 ], [ 545797.1875, 2344806.5625 ], [ 545803.75, 2344801.875 ], [ 545809.6875, 2344800.3125 ], [ 545820.3125, 2344799.6875 ], [ 545828.75, 2344796.875 ], [ 545834.375, 2344791.25 ], [ 545845.625, 2344768.75 ], [ 545849.0625, 2344764.6875 ], [ 545856.5625, 2344760.9375 ], [ 545873.4375, 2344759.0625 ], [ 545880.9375, 2344755.3125 ], [ 545884.375, 2344751.25 ], [ 545895.625, 2344728.75 ], [ 545898.59375, 2344724.21875 ], [ 545904.21875, 2344718.59375 ], [ 545913.4375, 2344712.8125 ], [ 545916.875, 2344708.75 ], [ 545919.6875, 2344700.3125 ], [ 545920.46875, 2344689.84375 ], [ 545922.8125, 2344684.6875 ], [ 545924.6875, 2344682.8125 ], [ 545929.84375, 2344680.46875 ], [ 545940.3125, 2344679.6875 ], [ 545946.25, 2344678.125 ], [ 545950.9375, 2344675.3125 ], [ 545954.375, 2344671.25 ], [ 545958.4375, 2344660.3125 ], [ 545959.53125, 2344653.90625 ], [ 545960.3125, 2344639.6875 ], [ 545963.125, 2344631.25 ], [ 545966.5625, 2344627.1875 ], [ 545977.8125, 2344619.6875 ], [ 545982.96875, 2344613.59375 ], [ 546017.1875, 2344546.5625 ], [ 546023.75, 2344541.875 ], [ 546029.6875, 2344540.3125 ], [ 546043.4375, 2344539.0625 ], [ 546050.9375, 2344535.3125 ], [ 546054.375, 2344531.25 ], [ 546075.625, 2344488.75 ], [ 546080.3125, 2344482.1875 ], [ 546086.40625, 2344477.03125 ], [ 546111.25, 2344464.375 ], [ 546117.8125, 2344459.6875 ], [ 546122.96875, 2344453.59375 ], [ 546135.625, 2344428.75 ], [ 546140.3125, 2344422.1875 ], [ 546146.40625, 2344417.03125 ], [ 546171.25, 2344404.375 ], [ 546177.8125, 2344399.6875 ], [ 546182.96875, 2344393.59375 ], [ 546195.625, 2344368.75 ], [ 546199.0625, 2344364.6875 ], [ 546206.5625, 2344360.9375 ], [ 546223.4375, 2344359.0625 ], [ 546230.9375, 2344355.3125 ], [ 546234.375, 2344351.25 ], [ 546238.59375, 2344344.21875 ], [ 546244.21875, 2344338.59375 ], [ 546248.75, 2344335.625 ], [ 546271.25, 2344324.375 ], [ 546279.6875, 2344317.8125 ], [ 546284.375, 2344311.25 ], [ 546297.03125, 2344286.40625 ], [ 546304.21875, 2344278.59375 ], [ 546308.75, 2344275.625 ], [ 546353.4375, 2344252.8125 ], [ 546356.875, 2344248.75 ], [ 546359.0625, 2344243.4375 ], [ 546360.3125, 2344229.6875 ], [ 546363.125, 2344221.25 ], [ 546368.75, 2344215.625 ], [ 546393.59375, 2344202.96875 ], [ 546401.40625, 2344195.78125 ], [ 546418.59375, 2344164.21875 ], [ 546424.21875, 2344158.59375 ], [ 546433.4375, 2344152.8125 ], [ 546436.875, 2344148.75 ], [ 546439.6875, 2344140.3125 ], [ 546440.9375, 2344126.5625 ], [ 546443.125, 2344121.25 ], [ 546446.5625, 2344117.1875 ], [ 546551.25, 2344064.375 ], [ 546559.6875, 2344057.8125 ], [ 546564.375, 2344051.25 ], [ 546575.625, 2344028.75 ], [ 546578.59375, 2344024.21875 ], [ 546584.21875, 2344018.59375 ], [ 546593.4375, 2344012.8125 ], [ 546596.875, 2344008.75 ], [ 546599.0625, 2344003.4375 ], [ 546600.3125, 2343989.6875 ], [ 546601.875, 2343983.75 ], [ 546604.6875, 2343979.0625 ], [ 546613.4375, 2343972.8125 ], [ 546616.875, 2343968.75 ], [ 546619.0625, 2343963.4375 ], [ 546620.3125, 2343949.6875 ], [ 546623.125, 2343941.25 ], [ 546628.75, 2343935.625 ], [ 546653.59375, 2343922.96875 ], [ 546661.40625, 2343915.78125 ], [ 546664.375, 2343911.25 ], [ 546695.625, 2343848.75 ], [ 546702.1875, 2343840.3125 ], [ 546708.75, 2343835.625 ], [ 546811.25, 2343784.375 ], [ 546815.78125, 2343781.40625 ], [ 546819.6875, 2343777.8125 ], [ 546824.375, 2343771.25 ], [ 546855.625, 2343708.75 ], [ 546860.3125, 2343702.1875 ], [ 546866.40625, 2343697.03125 ], [ 546891.25, 2343684.375 ], [ 546897.8125, 2343679.6875 ], [ 546904.375, 2343671.25 ], [ 546917.03125, 2343646.40625 ], [ 546924.21875, 2343638.59375 ], [ 546928.75, 2343635.625 ], [ 546991.25, 2343604.375 ], [ 546995.78125, 2343601.40625 ], [ 547001.40625, 2343595.78125 ], [ 547004.375, 2343591.25 ], [ 547057.03125, 2343486.40625 ], [ 547060.3125, 2343482.1875 ], [ 547066.40625, 2343477.03125 ], [ 547093.59375, 2343462.96875 ], [ 547101.40625, 2343455.78125 ], [ 547118.59375, 2343424.21875 ], [ 547124.21875, 2343418.59375 ], [ 547133.4375, 2343412.8125 ], [ 547136.875, 2343408.75 ], [ 547139.0625, 2343403.4375 ], [ 547140.3125, 2343389.6875 ], [ 547141.875, 2343383.75 ], [ 547144.6875, 2343379.0625 ], [ 547153.4375, 2343372.8125 ], [ 547156.875, 2343368.75 ], [ 547159.0625, 2343363.4375 ], [ 547160.3125, 2343349.6875 ], [ 547163.125, 2343341.25 ], [ 547168.75, 2343335.625 ], [ 547191.25, 2343324.375 ], [ 547196.875, 2343318.75 ], [ 547199.0625, 2343313.4375 ], [ 547200.3125, 2343299.6875 ], [ 547203.125, 2343291.25 ], [ 547206.5625, 2343287.1875 ], [ 547215.78125, 2343281.40625 ], [ 547221.40625, 2343275.78125 ], [ 547224.375, 2343271.25 ], [ 547235.625, 2343248.75 ], [ 547239.0625, 2343237.1875 ], [ 547240.3125, 2343219.6875 ], [ 547241.875, 2343213.75 ], [ 547244.6875, 2343209.0625 ], [ 547253.4375, 2343202.8125 ], [ 547256.875, 2343198.75 ], [ 547259.0625, 2343193.4375 ], [ 547260.3125, 2343179.6875 ], [ 547263.125, 2343171.25 ], [ 547266.5625, 2343167.1875 ], [ 547277.8125, 2343159.6875 ], [ 547282.96875, 2343153.59375 ], [ 547317.03125, 2343086.40625 ], [ 547320.3125, 2343082.1875 ], [ 547326.40625, 2343077.03125 ], [ 547353.59375, 2343062.96875 ], [ 547361.40625, 2343055.78125 ], [ 547364.375, 2343051.25 ], [ 547397.03125, 2342986.40625 ], [ 547402.1875, 2342980.3125 ], [ 547413.4375, 2342972.8125 ], [ 547416.875, 2342968.75 ], [ 547419.0625, 2342963.4375 ], [ 547420.3125, 2342949.6875 ], [ 547423.125, 2342941.25 ], [ 547428.75, 2342935.625 ], [ 547453.59375, 2342922.96875 ], [ 547461.40625, 2342915.78125 ], [ 547464.375, 2342911.25 ], [ 547497.03125, 2342846.40625 ], [ 547502.1875, 2342840.3125 ], [ 547513.4375, 2342832.8125 ], [ 547516.875, 2342828.75 ], [ 547519.0625, 2342823.4375 ], [ 547520.3125, 2342809.6875 ], [ 547523.125, 2342801.25 ], [ 547528.75, 2342795.625 ], [ 547551.25, 2342784.375 ], [ 547556.875, 2342778.75 ], [ 547559.0625, 2342773.4375 ], [ 547560.3125, 2342759.6875 ], [ 547561.875, 2342753.75 ], [ 547566.5625, 2342747.1875 ], [ 547575.3125, 2342740.9375 ], [ 547579.0625, 2342733.4375 ], [ 547580.0, 2342726.875 ], [ 547580.0, 2342693.125 ], [ 547581.875, 2342683.75 ], [ 547584.6875, 2342679.0625 ], [ 547593.4375, 2342672.8125 ], [ 547596.875, 2342668.75 ], [ 547599.0625, 2342663.4375 ], [ 547600.3125, 2342649.6875 ], [ 547601.875, 2342643.75 ], [ 547604.6875, 2342639.0625 ], [ 547613.4375, 2342632.8125 ], [ 547616.875, 2342628.75 ], [ 547619.0625, 2342623.4375 ], [ 547620.3125, 2342609.6875 ], [ 547621.875, 2342603.75 ], [ 547624.6875, 2342599.0625 ], [ 547633.4375, 2342592.8125 ], [ 547636.875, 2342588.75 ], [ 547639.0625, 2342583.4375 ], [ 547640.3125, 2342569.6875 ], [ 547641.875, 2342563.75 ], [ 547644.6875, 2342559.0625 ], [ 547653.4375, 2342552.8125 ], [ 547656.875, 2342548.75 ], [ 547659.0625, 2342543.4375 ], [ 547660.3125, 2342529.6875 ], [ 547663.125, 2342521.25 ], [ 547668.75, 2342515.625 ], [ 547691.25, 2342504.375 ], [ 547696.875, 2342498.75 ], [ 547699.0625, 2342493.4375 ], [ 547700.3125, 2342479.6875 ], [ 547703.125, 2342471.25 ], [ 547706.5625, 2342467.1875 ], [ 547717.8125, 2342459.6875 ], [ 547722.96875, 2342453.59375 ], [ 547755.625, 2342388.75 ], [ 547758.59375, 2342384.21875 ], [ 547766.40625, 2342377.03125 ], [ 547791.25, 2342364.375 ], [ 547796.875, 2342358.75 ], [ 547799.0625, 2342353.4375 ], [ 547800.3125, 2342339.6875 ], [ 547803.125, 2342331.25 ], [ 547806.5625, 2342327.1875 ], [ 547815.78125, 2342321.40625 ], [ 547821.40625, 2342315.78125 ], [ 547824.375, 2342311.25 ], [ 547835.625, 2342288.75 ], [ 547838.4375, 2342280.3125 ], [ 547839.53125, 2342273.90625 ], [ 547840.3125, 2342259.6875 ], [ 547843.125, 2342251.25 ], [ 547846.5625, 2342247.1875 ], [ 547857.8125, 2342239.6875 ], [ 547862.96875, 2342233.59375 ], [ 547897.03125, 2342166.40625 ], [ 547900.3125, 2342162.1875 ], [ 547906.40625, 2342157.03125 ], [ 547933.59375, 2342142.96875 ], [ 547941.40625, 2342135.78125 ], [ 547958.59375, 2342104.21875 ], [ 547964.21875, 2342098.59375 ], [ 547973.4375, 2342092.8125 ], [ 547976.875, 2342088.75 ], [ 547979.0625, 2342083.4375 ], [ 547980.3125, 2342069.6875 ], [ 547983.125, 2342061.25 ], [ 547988.75, 2342055.625 ], [ 548011.25, 2342044.375 ], [ 548015.3125, 2342040.9375 ], [ 548019.0625, 2342033.4375 ], [ 548020.3125, 2342019.6875 ], [ 548023.125, 2342011.25 ], [ 548026.5625, 2342007.1875 ], [ 548035.78125, 2342001.40625 ], [ 548041.40625, 2341995.78125 ], [ 548058.59375, 2341964.21875 ], [ 548066.40625, 2341957.03125 ], [ 548091.25, 2341944.375 ], [ 548096.875, 2341938.75 ], [ 548099.0625, 2341933.4375 ], [ 548100.3125, 2341919.6875 ], [ 548103.125, 2341911.25 ], [ 548106.5625, 2341907.1875 ], [ 548113.59375, 2341902.96875 ], [ 548119.6875, 2341897.8125 ], [ 548124.375, 2341891.25 ], [ 548135.625, 2341868.75 ], [ 548138.59375, 2341864.21875 ], [ 548144.21875, 2341858.59375 ], [ 548153.4375, 2341852.8125 ], [ 548156.875, 2341848.75 ], [ 548159.6875, 2341840.3125 ], [ 548160.9375, 2341826.5625 ], [ 548164.6875, 2341819.0625 ], [ 548168.75, 2341815.625 ], [ 548191.25, 2341804.375 ], [ 548195.3125, 2341800.9375 ], [ 548199.0625, 2341793.4375 ], [ 548200.3125, 2341779.6875 ], [ 548203.125, 2341771.25 ], [ 548206.5625, 2341767.1875 ], [ 548215.78125, 2341761.40625 ], [ 548221.40625, 2341755.78125 ], [ 548238.59375, 2341724.21875 ], [ 548246.40625, 2341717.03125 ], [ 548271.25, 2341704.375 ], [ 548279.6875, 2341697.8125 ], [ 548284.375, 2341691.25 ], [ 548295.625, 2341668.75 ], [ 548302.1875, 2341660.3125 ], [ 548308.75, 2341655.625 ], [ 548331.25, 2341644.375 ], [ 548335.78125, 2341641.40625 ], [ 548341.40625, 2341635.78125 ], [ 548347.1875, 2341626.5625 ], [ 548351.25, 2341623.125 ], [ 548359.6875, 2341620.3125 ], [ 548370.15625, 2341619.53125 ], [ 548375.3125, 2341617.1875 ], [ 548377.1875, 2341615.3125 ], [ 548379.53125, 2341610.15625 ], [ 548380.3125, 2341599.6875 ], [ 548381.875, 2341593.75 ], [ 548386.5625, 2341587.1875 ], [ 548431.25, 2341564.375 ], [ 548437.8125, 2341559.6875 ], [ 548442.96875, 2341553.59375 ], [ 548455.625, 2341528.75 ], [ 548460.3125, 2341522.1875 ], [ 548466.40625, 2341517.03125 ], [ 548491.25, 2341504.375 ], [ 548497.8125, 2341499.6875 ], [ 548502.96875, 2341493.59375 ], [ 548515.625, 2341468.75 ], [ 548519.0625, 2341464.6875 ], [ 548526.5625, 2341460.9375 ], [ 548543.4375, 2341459.0625 ], [ 548550.9375, 2341455.3125 ], [ 548554.375, 2341451.25 ], [ 548565.625, 2341428.75 ], [ 548569.0625, 2341424.6875 ], [ 548576.5625, 2341420.9375 ], [ 548590.3125, 2341419.6875 ], [ 548596.25, 2341418.125 ], [ 548600.9375, 2341415.3125 ], [ 548607.1875, 2341406.5625 ], [ 548611.25, 2341403.125 ], [ 548619.6875, 2341400.3125 ], [ 548633.4375, 2341399.0625 ], [ 548640.9375, 2341395.3125 ], [ 548644.375, 2341391.25 ], [ 548655.625, 2341368.75 ], [ 548660.3125, 2341362.1875 ], [ 548666.40625, 2341357.03125 ], [ 548691.25, 2341344.375 ], [ 548697.8125, 2341339.6875 ], [ 548702.96875, 2341333.59375 ], [ 548715.625, 2341308.75 ], [ 548719.0625, 2341304.6875 ], [ 548726.5625, 2341300.9375 ], [ 548743.4375, 2341299.0625 ], [ 548750.9375, 2341295.3125 ], [ 548754.375, 2341291.25 ], [ 548767.1875, 2341266.5625 ], [ 548773.75, 2341261.875 ], [ 548779.6875, 2341260.3125 ], [ 548793.4375, 2341259.0625 ], [ 548800.9375, 2341255.3125 ], [ 548804.375, 2341251.25 ], [ 548815.625, 2341228.75 ], [ 548819.0625, 2341224.6875 ], [ 548826.5625, 2341220.9375 ], [ 548840.3125, 2341219.6875 ], [ 548848.75, 2341216.875 ], [ 548852.8125, 2341213.4375 ], [ 548860.3125, 2341202.1875 ], [ 548866.40625, 2341197.03125 ], [ 548931.25, 2341164.375 ], [ 548935.78125, 2341161.40625 ], [ 548942.96875, 2341153.59375 ], [ 548955.625, 2341128.75 ], [ 548962.1875, 2341120.3125 ], [ 548968.75, 2341115.625 ], [ 548991.25, 2341104.375 ], [ 548995.78125, 2341101.40625 ], [ 549001.40625, 2341095.78125 ], [ 549007.1875, 2341086.5625 ], [ 549011.25, 2341083.125 ], [ 549019.6875, 2341080.3125 ], [ 549030.15625, 2341079.53125 ], [ 549035.3125, 2341077.1875 ], [ 549038.59375, 2341072.96875 ], [ 549039.53125, 2341070.15625 ], [ 549040.9375, 2341056.5625 ], [ 549044.6875, 2341049.0625 ], [ 549048.75, 2341045.625 ], [ 549091.25, 2341024.375 ], [ 549097.8125, 2341019.6875 ], [ 549102.96875, 2341013.59375 ], [ 549115.625, 2340988.75 ], [ 549119.0625, 2340984.6875 ], [ 549126.5625, 2340980.9375 ], [ 549140.3125, 2340979.6875 ], [ 549148.75, 2340976.875 ], [ 549152.8125, 2340973.4375 ], [ 549158.59375, 2340964.21875 ], [ 549164.21875, 2340958.59375 ], [ 549168.75, 2340955.625 ], [ 549191.25, 2340944.375 ], [ 549197.8125, 2340939.6875 ], [ 549202.96875, 2340933.59375 ], [ 549215.625, 2340908.75 ], [ 549220.3125, 2340902.1875 ], [ 549226.40625, 2340897.03125 ], [ 549251.25, 2340884.375 ], [ 549257.8125, 2340879.6875 ], [ 549262.96875, 2340873.59375 ], [ 549275.625, 2340848.75 ], [ 549280.3125, 2340842.1875 ], [ 549286.40625, 2340837.03125 ], [ 549311.25, 2340824.375 ], [ 549317.8125, 2340819.6875 ], [ 549322.96875, 2340813.59375 ], [ 549335.625, 2340788.75 ], [ 549339.0625, 2340784.6875 ], [ 549346.5625, 2340780.9375 ], [ 549360.3125, 2340779.6875 ], [ 549368.75, 2340776.875 ], [ 549372.8125, 2340773.4375 ], [ 549377.1875, 2340766.5625 ], [ 549383.75, 2340761.875 ], [ 549389.6875, 2340760.3125 ], [ 549400.3125, 2340759.6875 ], [ 549408.75, 2340756.875 ], [ 549412.8125, 2340753.4375 ], [ 549418.59375, 2340744.21875 ], [ 549424.21875, 2340738.59375 ], [ 549428.75, 2340735.625 ], [ 549451.25, 2340724.375 ], [ 549459.6875, 2340717.8125 ], [ 549464.375, 2340711.25 ], [ 549477.03125, 2340686.40625 ], [ 549484.21875, 2340678.59375 ], [ 549488.75, 2340675.625 ], [ 549591.25, 2340624.375 ], [ 549595.78125, 2340621.40625 ], [ 549599.6875, 2340617.8125 ], [ 549604.375, 2340611.25 ], [ 549635.625, 2340548.75 ], [ 549638.59375, 2340544.21875 ], [ 549644.21875, 2340538.59375 ], [ 549675.78125, 2340521.40625 ], [ 549681.40625, 2340515.78125 ], [ 549687.1875, 2340506.5625 ], [ 549691.25, 2340503.125 ], [ 549696.5625, 2340500.9375 ], [ 549717.1875, 2340499.0625 ], [ 549728.75, 2340495.625 ], [ 549751.25, 2340484.375 ], [ 549755.78125, 2340481.40625 ], [ 549761.40625, 2340475.78125 ], [ 549767.1875, 2340466.5625 ], [ 549771.25, 2340463.125 ], [ 549779.6875, 2340460.3125 ], [ 549793.4375, 2340459.0625 ], [ 549800.9375, 2340455.3125 ], [ 549804.375, 2340451.25 ], [ 549815.625, 2340428.75 ], [ 549818.59375, 2340424.21875 ], [ 549824.21875, 2340418.59375 ], [ 549833.4375, 2340412.8125 ], [ 549836.875, 2340408.75 ], [ 549839.6875, 2340400.3125 ], [ 549840.9375, 2340386.5625 ], [ 549844.6875, 2340379.0625 ], [ 549848.75, 2340375.625 ], [ 549871.25, 2340364.375 ], [ 549877.8125, 2340359.6875 ], [ 549882.96875, 2340353.59375 ], [ 549895.625, 2340328.75 ], [ 549900.3125, 2340322.1875 ], [ 549906.40625, 2340317.03125 ], [ 549931.25, 2340304.375 ], [ 549937.8125, 2340299.6875 ], [ 549942.96875, 2340293.59375 ], [ 549955.625, 2340268.75 ], [ 549959.0625, 2340264.6875 ], [ 549966.5625, 2340260.9375 ], [ 549980.3125, 2340259.6875 ], [ 549988.75, 2340256.875 ], [ 549992.8125, 2340253.4375 ], [ 549998.59375, 2340244.21875 ], [ 550004.21875, 2340238.59375 ], [ 550008.75, 2340235.625 ], [ 550031.25, 2340224.375 ], [ 550037.8125, 2340219.6875 ], [ 550042.96875, 2340213.59375 ], [ 550055.625, 2340188.75 ], [ 550059.0625, 2340184.6875 ], [ 550066.5625, 2340180.9375 ], [ 550080.3125, 2340179.6875 ], [ 550088.75, 2340176.875 ], [ 550092.8125, 2340173.4375 ], [ 550097.1875, 2340166.5625 ], [ 550103.75, 2340161.875 ], [ 550109.6875, 2340160.3125 ], [ 550120.3125, 2340159.6875 ], [ 550128.75, 2340156.875 ], [ 550132.8125, 2340153.4375 ], [ 550140.3125, 2340142.1875 ], [ 550146.40625, 2340137.03125 ], [ 550211.25, 2340104.375 ], [ 550216.71875, 2340102.34375 ], [ 550222.8125, 2340100.9375 ], [ 550233.125, 2340100.0 ], [ 550326.875, 2340100.0 ], [ 550332.96875, 2340098.59375 ], [ 550337.1875, 2340095.3125 ], [ 550339.53125, 2340090.15625 ], [ 550340.0, 2340053.125 ], [ 550341.40625, 2340047.03125 ], [ 550342.8125, 2340044.6875 ], [ 550347.03125, 2340041.40625 ], [ 550349.84375, 2340040.46875 ], [ 550363.4375, 2340039.0625 ], [ 550368.75, 2340036.875 ], [ 550372.8125, 2340033.4375 ], [ 550377.03125, 2340026.40625 ], [ 550382.1875, 2340020.3125 ], [ 550395.3125, 2340010.9375 ], [ 550399.0625, 2340003.4375 ], [ 550400.3125, 2339989.6875 ], [ 550401.875, 2339983.75 ], [ 550404.6875, 2339979.0625 ], [ 550413.4375, 2339972.8125 ], [ 550416.875, 2339968.75 ], [ 550419.6875, 2339960.3125 ], [ 550420.9375, 2339946.5625 ], [ 550424.6875, 2339939.0625 ], [ 550428.75, 2339935.625 ], [ 550453.90625, 2339923.28125 ], [ 550466.09375, 2339920.46875 ], [ 550480.3125, 2339919.6875 ], [ 550488.75, 2339916.875 ], [ 550492.8125, 2339913.4375 ], [ 550500.3125, 2339902.1875 ], [ 550506.40625, 2339897.03125 ], [ 550553.4375, 2339872.8125 ], [ 550558.125, 2339866.25 ], [ 550559.6875, 2339860.3125 ], [ 550560.9375, 2339846.5625 ], [ 550564.6875, 2339839.0625 ], [ 550568.75, 2339835.625 ], [ 550591.25, 2339824.375 ], [ 550595.78125, 2339821.40625 ], [ 550601.40625, 2339815.78125 ], [ 550607.1875, 2339806.5625 ], [ 550611.25, 2339803.125 ], [ 550616.5625, 2339800.9375 ], [ 550623.125, 2339800.0 ], [ 550716.875, 2339800.0 ], [ 550726.25, 2339798.125 ], [ 550732.8125, 2339793.4375 ], [ 550738.59375, 2339784.21875 ], [ 550746.40625, 2339777.03125 ], [ 550811.25, 2339744.375 ], [ 550815.78125, 2339741.40625 ], [ 550822.96875, 2339733.59375 ], [ 550835.625, 2339708.75 ], [ 550841.25, 2339703.125 ], [ 550846.5625, 2339700.9375 ], [ 550860.3125, 2339699.6875 ], [ 550866.25, 2339698.125 ], [ 550872.8125, 2339693.4375 ], [ 550879.0625, 2339684.6875 ], [ 550886.5625, 2339680.9375 ], [ 550893.125, 2339680.0 ], [ 550930.46875, 2339679.84375 ], [ 550937.1875, 2339679.0625 ], [ 550946.09375, 2339676.71875 ], [ 551011.25, 2339644.375 ], [ 551016.71875, 2339642.34375 ], [ 551022.8125, 2339640.9375 ], [ 551033.125, 2339640.0 ], [ 551156.875, 2339640.0 ], [ 551163.4375, 2339639.0625 ], [ 551168.75, 2339636.875 ], [ 551172.8125, 2339633.4375 ], [ 551179.0625, 2339624.6875 ], [ 551183.75, 2339621.875 ], [ 551189.6875, 2339620.3125 ], [ 551286.875, 2339620.0 ], [ 551293.4375, 2339619.0625 ], [ 551300.9375, 2339615.3125 ], [ 551307.1875, 2339606.5625 ], [ 551313.75, 2339601.875 ], [ 551319.6875, 2339600.3125 ], [ 551330.46875, 2339599.84375 ], [ 551340.3125, 2339598.4375 ], [ 551348.75, 2339595.625 ], [ 551353.4375, 2339592.8125 ], [ 551358.125, 2339586.25 ], [ 551359.6875, 2339580.3125 ], [ 551360.9375, 2339566.5625 ], [ 551364.6875, 2339559.0625 ], [ 551368.75, 2339555.625 ], [ 551393.90625, 2339543.28125 ], [ 551402.8125, 2339540.9375 ], [ 551413.125, 2339540.0 ], [ 551570.3125, 2339539.6875 ], [ 551576.25, 2339538.125 ], [ 551580.9375, 2339535.3125 ], [ 551584.375, 2339531.25 ], [ 551597.1875, 2339506.5625 ], [ 551601.25, 2339503.125 ], [ 551609.6875, 2339500.3125 ], [ 551646.875, 2339500.0 ], [ 551653.4375, 2339500.9375 ], [ 551660.9375, 2339504.6875 ], [ 551667.1875, 2339513.4375 ], [ 551671.25, 2339516.875 ], [ 551676.5625, 2339519.0625 ], [ 551683.125, 2339520.0 ], [ 551840.3125, 2339519.6875 ], [ 551846.25, 2339518.125 ], [ 551850.9375, 2339515.3125 ], [ 551857.1875, 2339506.5625 ], [ 551861.25, 2339503.125 ], [ 551866.5625, 2339500.9375 ], [ 551873.125, 2339500.0 ], [ 551973.90625, 2339500.46875 ], [ 551986.09375, 2339503.28125 ], [ 552016.71875, 2339517.65625 ], [ 552022.8125, 2339519.0625 ], [ 552033.125, 2339520.0 ], [ 552130.3125, 2339519.6875 ], [ 552138.75, 2339516.875 ], [ 552142.8125, 2339513.4375 ], [ 552149.0625, 2339504.6875 ], [ 552156.5625, 2339500.9375 ], [ 552163.125, 2339500.0 ], [ 552196.875, 2339500.0 ], [ 552203.4375, 2339500.9375 ], [ 552208.75, 2339503.125 ], [ 552212.8125, 2339506.5625 ], [ 552219.0625, 2339515.3125 ], [ 552223.75, 2339518.125 ], [ 552229.6875, 2339519.6875 ], [ 552300.3125, 2339519.6875 ], [ 552306.25, 2339518.125 ], [ 552310.9375, 2339515.3125 ], [ 552317.1875, 2339506.5625 ], [ 552323.75, 2339501.875 ], [ 552329.6875, 2339500.3125 ], [ 552340.3125, 2339499.6875 ], [ 552348.75, 2339496.875 ], [ 552352.8125, 2339493.4375 ], [ 552357.1875, 2339486.5625 ], [ 552363.75, 2339481.875 ], [ 552369.6875, 2339480.3125 ], [ 552380.3125, 2339479.6875 ], [ 552388.75, 2339476.875 ], [ 552392.8125, 2339473.4375 ], [ 552399.0625, 2339464.6875 ], [ 552406.5625, 2339460.9375 ], [ 552413.125, 2339460.0 ], [ 552480.3125, 2339459.6875 ], [ 552488.75, 2339456.875 ], [ 552492.8125, 2339453.4375 ], [ 552499.0625, 2339444.6875 ], [ 552503.75, 2339441.875 ], [ 552509.6875, 2339440.3125 ], [ 552606.875, 2339440.0 ], [ 552613.4375, 2339439.0625 ], [ 552620.9375, 2339435.3125 ], [ 552627.1875, 2339426.5625 ], [ 552633.75, 2339421.875 ], [ 552639.6875, 2339420.3125 ], [ 552650.3125, 2339419.6875 ], [ 552658.75, 2339416.875 ], [ 552662.8125, 2339413.4375 ], [ 552667.1875, 2339406.5625 ], [ 552673.75, 2339401.875 ], [ 552679.6875, 2339400.3125 ], [ 552690.3125, 2339399.6875 ], [ 552698.75, 2339396.875 ], [ 552702.8125, 2339393.4375 ], [ 552707.1875, 2339386.5625 ], [ 552713.75, 2339381.875 ], [ 552723.125, 2339380.0 ], [ 552756.875, 2339380.0 ], [ 552763.4375, 2339379.0625 ], [ 552770.9375, 2339375.3125 ], [ 552779.0625, 2339364.6875 ], [ 552786.5625, 2339360.9375 ], [ 552793.125, 2339360.0 ], [ 552826.875, 2339360.0 ], [ 552837.1875, 2339360.9375 ], [ 552848.75, 2339364.375 ], [ 552873.90625, 2339376.71875 ], [ 552886.09375, 2339379.53125 ], [ 552926.875, 2339380.0 ], [ 552937.1875, 2339379.0625 ], [ 552948.75, 2339375.625 ], [ 552971.25, 2339364.375 ], [ 552975.78125, 2339361.40625 ], [ 552982.96875, 2339353.59375 ], [ 552997.1875, 2339326.5625 ], [ 553001.25, 2339323.125 ], [ 553006.5625, 2339320.9375 ], [ 553013.125, 2339320.0 ], [ 553106.875, 2339320.0 ], [ 553117.1875, 2339319.0625 ], [ 553126.09375, 2339316.71875 ], [ 553151.25, 2339304.375 ], [ 553159.6875, 2339301.5625 ], [ 553169.53125, 2339300.15625 ], [ 553206.875, 2339300.0 ], [ 553213.4375, 2339299.0625 ], [ 553220.9375, 2339295.3125 ], [ 553229.0625, 2339284.6875 ], [ 553236.5625, 2339280.9375 ], [ 553243.125, 2339280.0 ], [ 553276.875, 2339280.0 ], [ 553283.4375, 2339279.0625 ], [ 553290.9375, 2339275.3125 ], [ 553299.0625, 2339264.6875 ], [ 553303.75, 2339261.875 ], [ 553309.6875, 2339260.3125 ], [ 553470.3125, 2339259.6875 ], [ 553476.25, 2339258.125 ], [ 553480.9375, 2339255.3125 ], [ 553487.1875, 2339246.5625 ], [ 553493.75, 2339241.875 ], [ 553499.6875, 2339240.3125 ], [ 553513.90625, 2339239.53125 ], [ 553523.28125, 2339237.65625 ], [ 553528.75, 2339235.625 ], [ 553551.25, 2339224.375 ], [ 553559.6875, 2339221.5625 ], [ 553573.125, 2339220.0 ], [ 553666.875, 2339220.0 ], [ 553673.4375, 2339219.0625 ], [ 553680.9375, 2339215.3125 ], [ 553689.0625, 2339204.6875 ], [ 553696.5625, 2339200.9375 ], [ 553703.125, 2339200.0 ], [ 553736.875, 2339200.0 ], [ 553746.25, 2339198.125 ], [ 553752.8125, 2339193.4375 ], [ 553758.59375, 2339184.21875 ], [ 553764.21875, 2339178.59375 ], [ 553768.75, 2339175.625 ], [ 553793.90625, 2339163.28125 ], [ 553802.8125, 2339160.9375 ], [ 553813.125, 2339160.0 ], [ 553880.3125, 2339159.6875 ], [ 553888.75, 2339156.875 ], [ 553892.8125, 2339153.4375 ], [ 553899.0625, 2339144.6875 ], [ 553903.75, 2339141.875 ], [ 553909.6875, 2339140.3125 ], [ 554013.90625, 2339139.53125 ], [ 554026.09375, 2339136.71875 ], [ 554053.90625, 2339123.28125 ], [ 554059.6875, 2339121.5625 ], [ 554069.53125, 2339120.15625 ], [ 554320.3125, 2339119.6875 ], [ 554328.75, 2339116.875 ], [ 554332.8125, 2339113.4375 ], [ 554339.0625, 2339104.6875 ], [ 554346.5625, 2339100.9375 ], [ 554353.125, 2339100.0 ], [ 554390.46875, 2339099.84375 ], [ 554400.3125, 2339098.4375 ], [ 554408.75, 2339095.625 ], [ 554433.90625, 2339083.28125 ], [ 554439.6875, 2339081.5625 ], [ 554449.53125, 2339080.15625 ], [ 554460.3125, 2339080.3125 ], [ 554466.25, 2339081.875 ], [ 554470.9375, 2339084.6875 ], [ 554477.1875, 2339093.4375 ], [ 554481.25, 2339096.875 ], [ 554486.5625, 2339099.0625 ], [ 554493.125, 2339100.0 ], [ 554706.875, 2339100.0 ], [ 554713.4375, 2339099.0625 ], [ 554718.75, 2339096.875 ], [ 554722.8125, 2339093.4375 ], [ 554729.0625, 2339084.6875 ], [ 554733.75, 2339081.875 ], [ 554739.6875, 2339080.3125 ], [ 554806.875, 2339080.0 ], [ 554820.3125, 2339078.4375 ], [ 554828.75, 2339075.625 ], [ 554933.90625, 2339023.28125 ], [ 554939.6875, 2339021.5625 ], [ 554949.53125, 2339020.15625 ], [ 555016.875, 2339020.0 ], [ 555023.4375, 2339019.0625 ], [ 555030.9375, 2339015.3125 ], [ 555037.1875, 2339006.5625 ], [ 555043.75, 2339001.875 ], [ 555049.6875, 2339000.3125 ], [ 555060.3125, 2338999.6875 ], [ 555068.75, 2338996.875 ], [ 555072.8125, 2338993.4375 ], [ 555077.1875, 2338986.5625 ], [ 555083.75, 2338981.875 ], [ 555093.125, 2338980.0 ], [ 555130.46875, 2338979.84375 ], [ 555143.28125, 2338977.65625 ], [ 555176.71875, 2338962.34375 ], [ 555186.09375, 2338960.46875 ], [ 555200.3125, 2338959.6875 ], [ 555206.25, 2338958.125 ], [ 555212.8125, 2338953.4375 ], [ 555219.0625, 2338944.6875 ], [ 555226.5625, 2338940.9375 ], [ 555233.125, 2338940.0 ], [ 555326.875, 2338940.0 ], [ 555333.4375, 2338939.0625 ], [ 555338.75, 2338936.875 ], [ 555342.8125, 2338933.4375 ], [ 555355.625, 2338908.75 ], [ 555361.25, 2338903.125 ], [ 555366.5625, 2338900.9375 ], [ 555373.125, 2338900.0 ], [ 555406.875, 2338900.0 ], [ 555413.4375, 2338899.0625 ], [ 555420.9375, 2338895.3125 ], [ 555429.0625, 2338884.6875 ], [ 555436.5625, 2338880.9375 ], [ 555443.125, 2338880.0 ], [ 555506.875, 2338880.0 ], [ 555517.1875, 2338879.0625 ], [ 555526.09375, 2338876.71875 ], [ 555551.25, 2338864.375 ], [ 555559.6875, 2338861.5625 ], [ 555569.53125, 2338860.15625 ], [ 555606.875, 2338860.0 ], [ 555617.1875, 2338859.0625 ], [ 555628.75, 2338855.625 ], [ 555653.90625, 2338843.28125 ], [ 555666.09375, 2338840.46875 ], [ 555706.875, 2338840.0 ], [ 555717.1875, 2338840.9375 ], [ 555728.75, 2338844.375 ], [ 555753.90625, 2338856.71875 ], [ 555759.6875, 2338858.4375 ], [ 555769.53125, 2338859.84375 ], [ 555930.3125, 2338860.3125 ], [ 555936.25, 2338861.875 ], [ 555940.9375, 2338864.6875 ], [ 555947.1875, 2338873.4375 ], [ 555951.25, 2338876.875 ], [ 555956.5625, 2338879.0625 ], [ 555963.125, 2338880.0 ], [ 556240.3125, 2338880.3125 ], [ 556246.25, 2338881.875 ], [ 556250.9375, 2338884.6875 ], [ 556257.1875, 2338893.4375 ], [ 556261.25, 2338896.875 ], [ 556266.5625, 2338899.0625 ], [ 556273.125, 2338900.0 ], [ 556340.3125, 2338899.6875 ], [ 556346.25, 2338898.125 ], [ 556350.9375, 2338895.3125 ], [ 556357.1875, 2338886.5625 ], [ 556361.25, 2338883.125 ], [ 556366.5625, 2338880.9375 ], [ 556373.125, 2338880.0 ], [ 556440.3125, 2338880.3125 ], [ 556446.25, 2338881.875 ], [ 556450.9375, 2338884.6875 ], [ 556457.1875, 2338893.4375 ], [ 556461.25, 2338896.875 ], [ 556466.5625, 2338899.0625 ], [ 556473.125, 2338900.0 ], [ 556716.875, 2338900.0 ], [ 556723.4375, 2338899.0625 ], [ 556728.75, 2338896.875 ], [ 556732.8125, 2338893.4375 ], [ 556739.0625, 2338884.6875 ], [ 556743.75, 2338881.875 ], [ 556749.6875, 2338880.3125 ], [ 556816.875, 2338880.0 ], [ 556823.4375, 2338879.0625 ], [ 556830.9375, 2338875.3125 ], [ 556839.0625, 2338864.6875 ], [ 556843.75, 2338861.875 ], [ 556849.6875, 2338860.3125 ], [ 557073.90625, 2338859.53125 ], [ 557086.09375, 2338856.71875 ], [ 557111.25, 2338844.375 ], [ 557122.8125, 2338840.9375 ], [ 557133.125, 2338840.0 ], [ 557166.875, 2338840.0 ], [ 557180.3125, 2338838.4375 ], [ 557188.75, 2338835.625 ], [ 557211.25, 2338824.375 ], [ 557222.8125, 2338820.9375 ], [ 557233.125, 2338820.0 ], [ 557333.90625, 2338819.53125 ], [ 557346.09375, 2338816.71875 ], [ 557373.90625, 2338803.28125 ], [ 557379.6875, 2338801.5625 ], [ 557389.53125, 2338800.15625 ], [ 557400.3125, 2338800.3125 ], [ 557406.25, 2338801.875 ], [ 557412.8125, 2338806.5625 ], [ 557419.0625, 2338815.3125 ], [ 557423.75, 2338818.125 ], [ 557429.6875, 2338819.6875 ], [ 557526.875, 2338820.0 ], [ 557533.4375, 2338819.0625 ], [ 557538.75, 2338816.875 ], [ 557542.8125, 2338813.4375 ], [ 557549.0625, 2338804.6875 ], [ 557553.75, 2338801.875 ], [ 557559.6875, 2338800.3125 ], [ 557686.875, 2338800.0 ], [ 557693.4375, 2338799.0625 ], [ 557700.9375, 2338795.3125 ], [ 557709.0625, 2338784.6875 ], [ 557713.75, 2338781.875 ], [ 557719.6875, 2338780.3125 ], [ 557730.46875, 2338780.15625 ], [ 557743.28125, 2338782.34375 ], [ 557748.75, 2338784.375 ], [ 557771.25, 2338795.625 ], [ 557782.8125, 2338799.0625 ], [ 557793.125, 2338800.0 ], [ 557830.46875, 2338799.84375 ], [ 557837.1875, 2338799.0625 ], [ 557846.09375, 2338796.71875 ], [ 557873.90625, 2338783.28125 ], [ 557886.09375, 2338780.46875 ], [ 558020.3125, 2338779.6875 ], [ 558026.25, 2338778.125 ], [ 558030.9375, 2338775.3125 ], [ 558037.1875, 2338766.5625 ], [ 558041.25, 2338763.125 ], [ 558046.5625, 2338760.9375 ], [ 558053.125, 2338760.0 ], [ 558120.3125, 2338760.3125 ], [ 558128.75, 2338763.125 ], [ 558132.8125, 2338766.5625 ], [ 558139.0625, 2338775.3125 ], [ 558146.5625, 2338779.0625 ], [ 558153.125, 2338780.0 ], [ 558186.875, 2338780.0 ], [ 558192.96875, 2338781.40625 ], [ 558197.1875, 2338784.6875 ], [ 558198.59375, 2338787.03125 ], [ 558200.0, 2338793.125 ], [ 558200.46875, 2338893.90625 ], [ 558203.28125, 2338906.09375 ], [ 558216.71875, 2338933.90625 ], [ 558218.4375, 2338939.6875 ], [ 558219.84375, 2338949.53125 ], [ 558220.0, 2339286.875 ], [ 558219.0625, 2339293.4375 ], [ 558216.875, 2339298.75 ], [ 558213.4375, 2339302.8125 ], [ 558204.6875, 2339309.0625 ], [ 558201.875, 2339313.75 ], [ 558200.3125, 2339319.6875 ], [ 558200.0, 2339446.875 ], [ 558199.0625, 2339453.4375 ], [ 558196.875, 2339458.75 ], [ 558191.25, 2339464.375 ], [ 558168.75, 2339475.625 ], [ 558157.1875, 2339479.0625 ], [ 558146.875, 2339480.0 ], [ 558109.6875, 2339479.6875 ], [ 558101.25, 2339476.875 ], [ 558097.1875, 2339473.4375 ], [ 558090.9375, 2339464.6875 ], [ 558083.4375, 2339460.9375 ], [ 558076.875, 2339460.0 ], [ 558013.125, 2339460.0 ], [ 558002.8125, 2339459.0625 ], [ 557991.25, 2339455.625 ], [ 557966.09375, 2339443.28125 ], [ 557957.1875, 2339440.9375 ], [ 557946.875, 2339440.0 ], [ 557786.09375, 2339440.46875 ], [ 557773.90625, 2339443.28125 ], [ 557746.09375, 2339456.71875 ], [ 557733.90625, 2339459.53125 ], [ 557633.125, 2339460.0 ], [ 557626.5625, 2339460.9375 ], [ 557619.0625, 2339464.6875 ], [ 557612.8125, 2339473.4375 ], [ 557608.75, 2339476.875 ], [ 557603.4375, 2339479.0625 ], [ 557596.875, 2339480.0 ], [ 557233.125, 2339480.0 ], [ 557226.5625, 2339479.0625 ], [ 557221.25, 2339476.875 ], [ 557217.1875, 2339473.4375 ], [ 557212.8125, 2339466.5625 ], [ 557208.75, 2339463.125 ], [ 557203.4375, 2339460.9375 ], [ 557196.875, 2339460.0 ], [ 556893.125, 2339460.0 ], [ 556886.5625, 2339460.9375 ], [ 556881.25, 2339463.125 ], [ 556877.1875, 2339466.5625 ], [ 556872.8125, 2339473.4375 ], [ 556866.25, 2339478.125 ], [ 556860.3125, 2339479.6875 ], [ 556846.09375, 2339480.46875 ], [ 556836.71875, 2339482.34375 ], [ 556831.25, 2339484.375 ], [ 556808.75, 2339495.625 ], [ 556800.3125, 2339498.4375 ], [ 556786.875, 2339500.0 ], [ 556723.125, 2339500.0 ], [ 556713.75, 2339501.875 ], [ 556709.0625, 2339504.6875 ], [ 556702.8125, 2339513.4375 ], [ 556698.75, 2339516.875 ], [ 556693.4375, 2339519.0625 ], [ 556679.6875, 2339520.3125 ], [ 556671.25, 2339523.125 ], [ 556667.1875, 2339526.5625 ], [ 556662.96875, 2339533.59375 ], [ 556657.8125, 2339539.6875 ], [ 556644.6875, 2339549.0625 ], [ 556640.9375, 2339556.5625 ], [ 556639.53125, 2339573.90625 ], [ 556637.65625, 2339583.28125 ], [ 556634.375, 2339591.25 ], [ 556630.9375, 2339595.3125 ], [ 556626.25, 2339598.125 ], [ 556620.3125, 2339599.6875 ], [ 556583.125, 2339600.0 ], [ 556576.5625, 2339599.0625 ], [ 556571.25, 2339596.875 ], [ 556567.1875, 2339593.4375 ], [ 556560.9375, 2339584.6875 ], [ 556556.25, 2339581.875 ], [ 556550.3125, 2339580.3125 ], [ 556393.125, 2339580.0 ], [ 556386.5625, 2339579.0625 ], [ 556379.0625, 2339575.3125 ], [ 556372.8125, 2339566.5625 ], [ 556368.75, 2339563.125 ], [ 556363.4375, 2339560.9375 ], [ 556349.6875, 2339559.6875 ], [ 556343.75, 2339558.125 ], [ 556337.1875, 2339553.4375 ], [ 556330.9375, 2339544.6875 ], [ 556326.25, 2339541.875 ], [ 556320.3125, 2339540.3125 ], [ 556223.125, 2339540.0 ], [ 556216.5625, 2339539.0625 ], [ 556209.0625, 2339535.3125 ], [ 556200.9375, 2339524.6875 ], [ 556193.4375, 2339520.9375 ], [ 556186.875, 2339520.0 ], [ 556153.125, 2339520.0 ], [ 556146.5625, 2339519.0625 ], [ 556141.25, 2339516.875 ], [ 556135.625, 2339511.25 ], [ 556124.375, 2339488.75 ], [ 556120.9375, 2339484.6875 ], [ 556113.4375, 2339480.9375 ], [ 556099.6875, 2339479.6875 ], [ 556091.25, 2339476.875 ], [ 556087.1875, 2339473.4375 ], [ 556082.8125, 2339466.5625 ], [ 556076.25, 2339461.875 ], [ 556066.875, 2339460.0 ], [ 555969.6875, 2339459.6875 ], [ 555963.75, 2339458.125 ], [ 555959.0625, 2339455.3125 ], [ 555952.8125, 2339446.5625 ], [ 555948.75, 2339443.125 ], [ 555943.4375, 2339440.9375 ], [ 555936.875, 2339440.0 ], [ 555809.6875, 2339440.3125 ], [ 555803.75, 2339441.875 ], [ 555799.0625, 2339444.6875 ], [ 555792.8125, 2339453.4375 ], [ 555786.25, 2339458.125 ], [ 555780.3125, 2339459.6875 ], [ 555766.09375, 2339460.46875 ], [ 555756.71875, 2339462.34375 ], [ 555751.25, 2339464.375 ], [ 555728.75, 2339475.625 ], [ 555720.3125, 2339478.4375 ], [ 555706.875, 2339480.0 ], [ 555549.6875, 2339480.3125 ], [ 555543.75, 2339481.875 ], [ 555539.0625, 2339484.6875 ], [ 555532.8125, 2339493.4375 ], [ 555528.75, 2339496.875 ], [ 555523.4375, 2339499.0625 ], [ 555516.875, 2339500.0 ], [ 555386.09375, 2339499.53125 ], [ 555373.90625, 2339496.71875 ], [ 555343.28125, 2339482.34375 ], [ 555337.1875, 2339480.9375 ], [ 555326.875, 2339480.0 ], [ 555049.53125, 2339479.84375 ], [ 555042.8125, 2339479.0625 ], [ 555033.90625, 2339476.71875 ], [ 555003.28125, 2339462.34375 ], [ 554997.1875, 2339460.9375 ], [ 554986.875, 2339460.0 ], [ 554323.125, 2339460.0 ], [ 554316.5625, 2339460.9375 ], [ 554311.25, 2339463.125 ], [ 554307.1875, 2339466.5625 ], [ 554302.8125, 2339473.4375 ], [ 554298.75, 2339476.875 ], [ 554293.4375, 2339479.0625 ], [ 554286.875, 2339480.0 ], [ 554013.125, 2339480.0 ], [ 554006.5625, 2339480.9375 ], [ 554001.25, 2339483.125 ], [ 553997.1875, 2339486.5625 ], [ 553990.9375, 2339495.3125 ], [ 553986.25, 2339498.125 ], [ 553980.3125, 2339499.6875 ], [ 553853.125, 2339500.0 ], [ 553846.5625, 2339500.9375 ], [ 553839.0625, 2339504.6875 ], [ 553830.9375, 2339515.3125 ], [ 553826.25, 2339518.125 ], [ 553820.3125, 2339519.6875 ], [ 553629.6875, 2339520.3125 ], [ 553621.25, 2339523.125 ], [ 553617.1875, 2339526.5625 ], [ 553610.9375, 2339535.3125 ], [ 553603.4375, 2339539.0625 ], [ 553596.875, 2339540.0 ], [ 553533.125, 2339540.0 ], [ 553522.8125, 2339540.9375 ], [ 553511.25, 2339544.375 ], [ 553486.09375, 2339556.71875 ], [ 553473.90625, 2339559.53125 ], [ 553399.6875, 2339560.3125 ], [ 553391.25, 2339563.125 ], [ 553387.1875, 2339566.5625 ], [ 553380.9375, 2339575.3125 ], [ 553376.25, 2339578.125 ], [ 553370.3125, 2339579.6875 ], [ 553266.09375, 2339580.46875 ], [ 553253.90625, 2339583.28125 ], [ 553228.75, 2339595.625 ], [ 553217.1875, 2339599.0625 ], [ 553206.875, 2339600.0 ], [ 553143.125, 2339600.0 ], [ 553136.5625, 2339600.9375 ], [ 553129.0625, 2339604.6875 ], [ 553120.9375, 2339615.3125 ], [ 553116.25, 2339618.125 ], [ 553110.3125, 2339619.6875 ], [ 553006.09375, 2339620.46875 ], [ 552993.90625, 2339623.28125 ], [ 552966.09375, 2339636.71875 ], [ 552960.3125, 2339638.4375 ], [ 552950.46875, 2339639.84375 ], [ 552846.09375, 2339640.46875 ], [ 552833.90625, 2339643.28125 ], [ 552806.09375, 2339656.71875 ], [ 552793.90625, 2339659.53125 ], [ 552693.125, 2339660.0 ], [ 552682.8125, 2339660.9375 ], [ 552673.90625, 2339663.28125 ], [ 552648.75, 2339675.625 ], [ 552640.3125, 2339678.4375 ], [ 552630.46875, 2339679.84375 ], [ 552593.125, 2339680.0 ], [ 552582.8125, 2339680.9375 ], [ 552573.90625, 2339683.28125 ], [ 552548.75, 2339695.625 ], [ 552537.1875, 2339699.0625 ], [ 552526.875, 2339700.0 ], [ 552463.125, 2339700.0 ], [ 552456.5625, 2339700.9375 ], [ 552449.0625, 2339704.6875 ], [ 552440.9375, 2339715.3125 ], [ 552436.25, 2339718.125 ], [ 552430.3125, 2339719.6875 ], [ 552329.6875, 2339720.3125 ], [ 552323.75, 2339721.875 ], [ 552319.0625, 2339724.6875 ], [ 552312.8125, 2339733.4375 ], [ 552308.75, 2339736.875 ], [ 552303.4375, 2339739.0625 ], [ 552296.875, 2339740.0 ], [ 552169.6875, 2339740.3125 ], [ 552161.25, 2339743.125 ], [ 552157.1875, 2339746.5625 ], [ 552150.9375, 2339755.3125 ], [ 552146.25, 2339758.125 ], [ 552140.3125, 2339759.6875 ], [ 552066.09375, 2339760.46875 ], [ 552053.90625, 2339763.28125 ], [ 552028.75, 2339775.625 ], [ 552017.1875, 2339779.0625 ], [ 552006.875, 2339780.0 ], [ 551943.125, 2339780.0 ], [ 551936.5625, 2339780.9375 ], [ 551929.0625, 2339784.6875 ], [ 551920.9375, 2339795.3125 ], [ 551916.25, 2339798.125 ], [ 551910.3125, 2339799.6875 ], [ 551809.6875, 2339800.3125 ], [ 551801.25, 2339803.125 ], [ 551797.1875, 2339806.5625 ], [ 551790.9375, 2339815.3125 ], [ 551783.4375, 2339819.0625 ], [ 551776.875, 2339820.0 ], [ 551713.125, 2339820.0 ], [ 551706.5625, 2339820.9375 ], [ 551699.0625, 2339824.6875 ], [ 551692.8125, 2339833.4375 ], [ 551686.25, 2339838.125 ], [ 551680.3125, 2339839.6875 ], [ 551669.53125, 2339840.15625 ], [ 551659.6875, 2339841.5625 ], [ 551651.25, 2339844.375 ], [ 551628.75, 2339855.625 ], [ 551623.28125, 2339857.65625 ], [ 551613.90625, 2339859.53125 ], [ 551599.6875, 2339860.3125 ], [ 551593.75, 2339861.875 ], [ 551587.1875, 2339866.5625 ], [ 551580.9375, 2339875.3125 ], [ 551573.4375, 2339879.0625 ], [ 551566.875, 2339880.0 ], [ 551529.53125, 2339880.15625 ], [ 551516.71875, 2339882.34375 ], [ 551483.28125, 2339897.65625 ], [ 551473.90625, 2339899.53125 ], [ 551459.6875, 2339900.3125 ], [ 551453.75, 2339901.875 ], [ 551447.1875, 2339906.5625 ], [ 551440.9375, 2339915.3125 ], [ 551433.4375, 2339919.0625 ], [ 551426.875, 2339920.0 ], [ 551393.125, 2339920.0 ], [ 551386.5625, 2339920.9375 ], [ 551379.0625, 2339924.6875 ], [ 551372.8125, 2339933.4375 ], [ 551366.25, 2339938.125 ], [ 551360.3125, 2339939.6875 ], [ 551349.53125, 2339940.15625 ], [ 551339.6875, 2339941.5625 ], [ 551331.25, 2339944.375 ], [ 551308.75, 2339955.625 ], [ 551303.28125, 2339957.65625 ], [ 551293.90625, 2339959.53125 ], [ 551279.6875, 2339960.3125 ], [ 551273.75, 2339961.875 ], [ 551269.0625, 2339964.6875 ], [ 551262.8125, 2339973.4375 ], [ 551258.75, 2339976.875 ], [ 551253.4375, 2339979.0625 ], [ 551239.6875, 2339980.3125 ], [ 551233.75, 2339981.875 ], [ 551229.0625, 2339984.6875 ], [ 551222.8125, 2339993.4375 ], [ 551218.75, 2339996.875 ], [ 551213.4375, 2339999.0625 ], [ 551199.6875, 2340000.3125 ], [ 551193.75, 2340001.875 ], [ 551189.0625, 2340004.6875 ], [ 551182.8125, 2340013.4375 ], [ 551176.25, 2340018.125 ], [ 551166.875, 2340020.0 ], [ 551133.125, 2340020.0 ], [ 551123.75, 2340021.875 ], [ 551119.0625, 2340024.6875 ], [ 551112.8125, 2340033.4375 ], [ 551108.75, 2340036.875 ], [ 551103.4375, 2340039.0625 ], [ 551089.6875, 2340040.3125 ], [ 551083.75, 2340041.875 ], [ 551079.0625, 2340044.6875 ], [ 551072.8125, 2340053.4375 ], [ 551068.75, 2340056.875 ], [ 551063.4375, 2340059.0625 ], [ 551049.6875, 2340060.3125 ], [ 551041.25, 2340063.125 ], [ 551035.625, 2340068.75 ], [ 551024.375, 2340091.25 ], [ 551018.75, 2340096.875 ], [ 551013.4375, 2340099.0625 ], [ 550999.6875, 2340100.3125 ], [ 550993.75, 2340101.875 ], [ 550989.0625, 2340104.6875 ], [ 550982.8125, 2340113.4375 ], [ 550978.75, 2340116.875 ], [ 550973.4375, 2340119.0625 ], [ 550959.6875, 2340120.3125 ], [ 550953.75, 2340121.875 ], [ 550949.0625, 2340124.6875 ], [ 550942.8125, 2340133.4375 ], [ 550938.75, 2340136.875 ], [ 550933.4375, 2340139.0625 ], [ 550919.6875, 2340140.3125 ], [ 550911.25, 2340143.125 ], [ 550907.1875, 2340146.5625 ], [ 550899.6875, 2340157.8125 ], [ 550893.59375, 2340162.96875 ], [ 550788.75, 2340215.625 ], [ 550780.3125, 2340222.1875 ], [ 550772.8125, 2340233.4375 ], [ 550768.75, 2340236.875 ], [ 550763.4375, 2340239.0625 ], [ 550749.6875, 2340240.3125 ], [ 550743.75, 2340241.875 ], [ 550739.0625, 2340244.6875 ], [ 550732.8125, 2340253.4375 ], [ 550728.75, 2340256.875 ], [ 550723.4375, 2340259.0625 ], [ 550709.6875, 2340260.3125 ], [ 550703.75, 2340261.875 ], [ 550699.0625, 2340264.6875 ], [ 550692.8125, 2340273.4375 ], [ 550688.75, 2340276.875 ], [ 550683.4375, 2340279.0625 ], [ 550669.6875, 2340280.3125 ], [ 550661.25, 2340283.125 ], [ 550655.625, 2340288.75 ], [ 550644.375, 2340311.25 ], [ 550638.75, 2340316.875 ], [ 550633.4375, 2340319.0625 ], [ 550619.6875, 2340320.3125 ], [ 550613.75, 2340321.875 ], [ 550609.0625, 2340324.6875 ], [ 550602.8125, 2340333.4375 ], [ 550598.75, 2340336.875 ], [ 550593.4375, 2340339.0625 ], [ 550579.6875, 2340340.3125 ], [ 550573.75, 2340341.875 ], [ 550567.1875, 2340346.5625 ], [ 550560.9375, 2340355.3125 ], [ 550553.4375, 2340359.0625 ], [ 550546.875, 2340360.0 ], [ 550483.125, 2340360.0 ], [ 550476.5625, 2340360.9375 ], [ 550471.25, 2340363.125 ], [ 550467.1875, 2340366.5625 ], [ 550463.28125, 2340373.90625 ], [ 550460.9375, 2340382.8125 ], [ 550459.0625, 2340403.4375 ], [ 550456.875, 2340408.75 ], [ 550451.25, 2340414.375 ], [ 550288.75, 2340495.625 ], [ 550280.3125, 2340502.1875 ], [ 550272.8125, 2340513.4375 ], [ 550268.75, 2340516.875 ], [ 550263.4375, 2340519.0625 ], [ 550249.6875, 2340520.3125 ], [ 550243.75, 2340521.875 ], [ 550239.0625, 2340524.6875 ], [ 550232.8125, 2340533.4375 ], [ 550228.75, 2340536.875 ], [ 550223.4375, 2340539.0625 ], [ 550209.6875, 2340540.3125 ], [ 550201.25, 2340543.125 ], [ 550195.625, 2340548.75 ], [ 550184.375, 2340571.25 ], [ 550178.75, 2340576.875 ], [ 550173.4375, 2340579.0625 ], [ 550159.6875, 2340580.3125 ], [ 550151.25, 2340583.125 ], [ 550147.1875, 2340586.5625 ], [ 550139.6875, 2340597.8125 ], [ 550133.59375, 2340602.96875 ], [ 550068.75, 2340635.625 ], [ 550064.21875, 2340638.59375 ], [ 550057.03125, 2340646.40625 ], [ 550044.375, 2340671.25 ], [ 550040.9375, 2340675.3125 ], [ 550033.4375, 2340679.0625 ], [ 550019.6875, 2340680.3125 ], [ 550011.25, 2340683.125 ], [ 550007.1875, 2340686.5625 ], [ 550001.40625, 2340695.78125 ], [ 549995.78125, 2340701.40625 ], [ 549991.25, 2340704.375 ], [ 549968.75, 2340715.625 ], [ 549962.1875, 2340720.3125 ], [ 549955.625, 2340728.75 ], [ 549942.96875, 2340753.59375 ], [ 549935.78125, 2340761.40625 ], [ 549904.21875, 2340778.59375 ], [ 549898.59375, 2340784.21875 ], [ 549892.8125, 2340793.4375 ], [ 549888.75, 2340796.875 ], [ 549880.3125, 2340799.6875 ], [ 549866.5625, 2340800.9375 ], [ 549859.0625, 2340804.6875 ], [ 549855.625, 2340808.75 ], [ 549844.375, 2340831.25 ], [ 549839.6875, 2340837.8125 ], [ 549833.59375, 2340842.96875 ], [ 549808.75, 2340855.625 ], [ 549802.1875, 2340860.3125 ], [ 549797.03125, 2340866.40625 ], [ 549784.375, 2340891.25 ], [ 549780.9375, 2340895.3125 ], [ 549773.4375, 2340899.0625 ], [ 549759.6875, 2340900.3125 ], [ 549751.25, 2340903.125 ], [ 549747.1875, 2340906.5625 ], [ 549741.40625, 2340915.78125 ], [ 549735.78125, 2340921.40625 ], [ 549731.25, 2340924.375 ], [ 549708.75, 2340935.625 ], [ 549700.3125, 2340942.1875 ], [ 549695.625, 2340948.75 ], [ 549682.96875, 2340973.59375 ], [ 549675.78125, 2340981.40625 ], [ 549644.21875, 2340998.59375 ], [ 549638.59375, 2341004.21875 ], [ 549632.8125, 2341013.4375 ], [ 549628.75, 2341016.875 ], [ 549620.3125, 2341019.6875 ], [ 549606.5625, 2341020.9375 ], [ 549599.0625, 2341024.6875 ], [ 549595.625, 2341028.75 ], [ 549584.375, 2341051.25 ], [ 549579.6875, 2341057.8125 ], [ 549573.59375, 2341062.96875 ], [ 549548.75, 2341075.625 ], [ 549542.1875, 2341080.3125 ], [ 549537.03125, 2341086.40625 ], [ 549524.375, 2341111.25 ], [ 549520.9375, 2341115.3125 ], [ 549513.4375, 2341119.0625 ], [ 549499.6875, 2341120.3125 ], [ 549491.25, 2341123.125 ], [ 549487.1875, 2341126.5625 ], [ 549482.96875, 2341133.59375 ], [ 549477.8125, 2341139.6875 ], [ 549471.25, 2341144.375 ], [ 549448.75, 2341155.625 ], [ 549444.21875, 2341158.59375 ], [ 549438.59375, 2341164.21875 ], [ 549432.8125, 2341173.4375 ], [ 549428.75, 2341176.875 ], [ 549420.3125, 2341179.6875 ], [ 549406.5625, 2341180.9375 ], [ 549399.0625, 2341184.6875 ], [ 549395.625, 2341188.75 ], [ 549382.96875, 2341213.59375 ], [ 549375.78125, 2341221.40625 ], [ 549371.25, 2341224.375 ], [ 549308.75, 2341255.625 ], [ 549304.21875, 2341258.59375 ], [ 549297.03125, 2341266.40625 ], [ 549284.375, 2341291.25 ], [ 549280.9375, 2341295.3125 ], [ 549273.4375, 2341299.0625 ], [ 549259.6875, 2341300.3125 ], [ 549251.25, 2341303.125 ], [ 549247.1875, 2341306.5625 ], [ 549241.40625, 2341315.78125 ], [ 549235.78125, 2341321.40625 ], [ 549204.21875, 2341338.59375 ], [ 549197.03125, 2341346.40625 ], [ 549184.375, 2341371.25 ], [ 549178.75, 2341376.875 ], [ 549173.4375, 2341379.0625 ], [ 549159.6875, 2341380.3125 ], [ 549151.25, 2341383.125 ], [ 549147.1875, 2341386.5625 ], [ 549142.96875, 2341393.59375 ], [ 549137.8125, 2341399.6875 ], [ 549131.25, 2341404.375 ], [ 549108.75, 2341415.625 ], [ 549104.21875, 2341418.59375 ], [ 549098.59375, 2341424.21875 ], [ 549092.8125, 2341433.4375 ], [ 549088.75, 2341436.875 ], [ 549080.3125, 2341439.6875 ], [ 549066.5625, 2341440.9375 ], [ 549059.0625, 2341444.6875 ], [ 549055.625, 2341448.75 ], [ 549042.96875, 2341473.59375 ], [ 549037.8125, 2341479.6875 ], [ 549031.25, 2341484.375 ], [ 549008.75, 2341495.625 ], [ 549004.21875, 2341498.59375 ], [ 548998.59375, 2341504.21875 ], [ 548992.8125, 2341513.4375 ], [ 548988.75, 2341516.875 ], [ 548980.3125, 2341519.6875 ], [ 548966.5625, 2341520.9375 ], [ 548959.0625, 2341524.6875 ], [ 548955.625, 2341528.75 ], [ 548942.96875, 2341553.59375 ], [ 548937.8125, 2341559.6875 ], [ 548931.25, 2341564.375 ], [ 548908.75, 2341575.625 ], [ 548902.1875, 2341580.3125 ], [ 548897.03125, 2341586.40625 ], [ 548884.375, 2341611.25 ], [ 548879.6875, 2341617.8125 ], [ 548873.59375, 2341622.96875 ], [ 548848.75, 2341635.625 ], [ 548842.1875, 2341640.3125 ], [ 548837.03125, 2341646.40625 ], [ 548824.375, 2341671.25 ], [ 548819.6875, 2341677.8125 ], [ 548811.25, 2341684.375 ], [ 548786.40625, 2341697.03125 ], [ 548778.59375, 2341704.21875 ], [ 548775.625, 2341708.75 ], [ 548744.375, 2341771.25 ], [ 548741.5625, 2341779.6875 ], [ 548740.0, 2341793.125 ], [ 548739.84375, 2341890.46875 ], [ 548739.0625, 2341897.1875 ], [ 548736.71875, 2341906.09375 ], [ 548724.375, 2341931.25 ], [ 548720.9375, 2341942.8125 ], [ 548720.0, 2341953.125 ], [ 548720.0, 2342016.875 ], [ 548720.9375, 2342023.4375 ], [ 548723.125, 2342028.75 ], [ 548726.5625, 2342032.8125 ], [ 548733.4375, 2342037.1875 ], [ 548738.125, 2342043.75 ], [ 548740.0, 2342053.125 ], [ 548740.15625, 2342090.46875 ], [ 548742.34375, 2342103.28125 ], [ 548744.375, 2342108.75 ], [ 548775.625, 2342171.25 ], [ 548779.0625, 2342182.8125 ], [ 548780.0, 2342193.125 ], [ 548779.6875, 2342350.3125 ], [ 548778.125, 2342356.25 ], [ 548775.3125, 2342360.9375 ], [ 548766.5625, 2342367.1875 ], [ 548761.875, 2342373.75 ], [ 548760.3125, 2342379.6875 ], [ 548759.6875, 2342390.3125 ], [ 548756.875, 2342398.75 ], [ 548753.4375, 2342402.8125 ], [ 548746.5625, 2342407.1875 ], [ 548741.875, 2342413.75 ], [ 548740.3125, 2342419.6875 ], [ 548739.53125, 2342433.90625 ], [ 548737.65625, 2342443.28125 ], [ 548735.625, 2342448.75 ], [ 548703.28125, 2342513.90625 ], [ 548700.9375, 2342522.8125 ], [ 548699.6875, 2342540.3125 ], [ 548698.125, 2342546.25 ], [ 548693.4375, 2342552.8125 ], [ 548684.21875, 2342558.59375 ], [ 548678.59375, 2342564.21875 ], [ 548661.40625, 2342595.78125 ], [ 548655.78125, 2342601.40625 ], [ 548646.5625, 2342607.1875 ], [ 548643.125, 2342611.25 ], [ 548640.3125, 2342619.6875 ], [ 548639.0625, 2342633.4375 ], [ 548635.3125, 2342640.9375 ], [ 548631.25, 2342644.375 ], [ 548606.40625, 2342657.03125 ], [ 548598.59375, 2342664.21875 ], [ 548581.40625, 2342695.78125 ], [ 548575.78125, 2342701.40625 ], [ 548566.5625, 2342707.1875 ], [ 548563.125, 2342711.25 ], [ 548560.9375, 2342716.5625 ], [ 548559.6875, 2342730.3125 ], [ 548556.875, 2342738.75 ], [ 548551.25, 2342744.375 ], [ 548528.75, 2342755.625 ], [ 548520.3125, 2342762.1875 ], [ 548515.625, 2342768.75 ], [ 548492.8125, 2342813.4375 ], [ 548488.75, 2342816.875 ], [ 548483.4375, 2342819.0625 ], [ 548469.6875, 2342820.3125 ], [ 548461.25, 2342823.125 ], [ 548455.625, 2342828.75 ], [ 548444.375, 2342851.25 ], [ 548440.9375, 2342855.3125 ], [ 548433.4375, 2342859.0625 ], [ 548419.6875, 2342860.3125 ], [ 548411.25, 2342863.125 ], [ 548407.1875, 2342866.5625 ], [ 548401.40625, 2342875.78125 ], [ 548395.78125, 2342881.40625 ], [ 548366.5625, 2342897.1875 ], [ 548361.875, 2342903.75 ], [ 548360.3125, 2342909.6875 ], [ 548359.0625, 2342923.4375 ], [ 548355.3125, 2342930.9375 ], [ 548342.1875, 2342940.3125 ], [ 548338.59375, 2342944.21875 ], [ 548332.8125, 2342953.4375 ], [ 548328.75, 2342956.875 ], [ 548320.3125, 2342959.6875 ], [ 548309.84375, 2342960.46875 ], [ 548304.6875, 2342962.8125 ], [ 548302.8125, 2342964.6875 ], [ 548300.46875, 2342969.84375 ], [ 548299.6875, 2342980.3125 ], [ 548298.125, 2342986.25 ], [ 548293.4375, 2342992.8125 ], [ 548248.75, 2343015.625 ], [ 548242.1875, 2343020.3125 ], [ 548237.03125, 2343026.40625 ], [ 548224.375, 2343051.25 ], [ 548220.9375, 2343055.3125 ], [ 548216.25, 2343058.125 ], [ 548206.875, 2343060.0 ], [ 548113.125, 2343060.0 ], [ 548106.5625, 2343060.9375 ], [ 548099.0625, 2343064.6875 ], [ 548095.625, 2343068.75 ], [ 548063.28125, 2343133.90625 ], [ 548061.5625, 2343139.6875 ], [ 548060.15625, 2343149.53125 ], [ 548060.0, 2343186.875 ], [ 548058.4375, 2343200.3125 ], [ 548055.625, 2343208.75 ], [ 548042.8125, 2343233.4375 ], [ 548038.75, 2343236.875 ], [ 548030.3125, 2343239.6875 ], [ 547963.125, 2343240.0 ], [ 547956.5625, 2343240.9375 ], [ 547949.0625, 2343244.6875 ], [ 547944.375, 2343251.25 ], [ 547940.9375, 2343262.8125 ], [ 547940.0, 2343273.125 ], [ 547940.0, 2343306.875 ], [ 547938.59375, 2343312.96875 ], [ 547937.1875, 2343315.3125 ], [ 547932.96875, 2343318.59375 ], [ 547930.15625, 2343319.53125 ], [ 547916.5625, 2343320.9375 ], [ 547911.25, 2343323.125 ], [ 547907.1875, 2343326.5625 ], [ 547882.8125, 2343373.4375 ], [ 547878.75, 2343376.875 ], [ 547873.4375, 2343379.0625 ], [ 547859.6875, 2343380.3125 ], [ 547851.25, 2343383.125 ], [ 547847.1875, 2343386.5625 ], [ 547841.40625, 2343395.78125 ], [ 547835.78125, 2343401.40625 ], [ 547804.21875, 2343418.59375 ], [ 547797.03125, 2343426.40625 ], [ 547784.375, 2343451.25 ], [ 547777.8125, 2343459.6875 ], [ 547771.25, 2343464.375 ], [ 547748.75, 2343475.625 ], [ 547744.21875, 2343478.59375 ], [ 547738.59375, 2343484.21875 ], [ 547732.8125, 2343493.4375 ], [ 547728.75, 2343496.875 ], [ 547720.3125, 2343499.6875 ], [ 547709.84375, 2343500.46875 ], [ 547704.6875, 2343502.8125 ], [ 547702.8125, 2343504.6875 ], [ 547700.46875, 2343509.84375 ], [ 547699.6875, 2343520.3125 ], [ 547696.875, 2343528.75 ], [ 547693.4375, 2343532.8125 ], [ 547686.40625, 2343537.03125 ], [ 547680.3125, 2343542.1875 ], [ 547670.9375, 2343555.3125 ], [ 547663.4375, 2343559.0625 ], [ 547646.5625, 2343560.9375 ], [ 547639.0625, 2343564.6875 ], [ 547635.625, 2343568.75 ], [ 547622.96875, 2343593.59375 ], [ 547617.8125, 2343599.6875 ], [ 547611.25, 2343604.375 ], [ 547588.75, 2343615.625 ], [ 547582.1875, 2343620.3125 ], [ 547577.03125, 2343626.40625 ], [ 547564.375, 2343651.25 ], [ 547559.6875, 2343657.8125 ], [ 547553.59375, 2343662.96875 ], [ 547528.75, 2343675.625 ], [ 547522.1875, 2343680.3125 ], [ 547515.625, 2343688.75 ], [ 547504.375, 2343711.25 ], [ 547501.40625, 2343715.78125 ], [ 547495.78125, 2343721.40625 ], [ 547488.75, 2343725.625 ], [ 547484.6875, 2343729.0625 ], [ 547480.9375, 2343736.5625 ], [ 547479.6875, 2343750.3125 ], [ 547478.125, 2343756.25 ], [ 547475.3125, 2343760.9375 ], [ 547466.5625, 2343767.1875 ], [ 547463.125, 2343771.25 ], [ 547460.3125, 2343779.6875 ], [ 547459.53125, 2343790.15625 ], [ 547458.59375, 2343792.96875 ], [ 547455.3125, 2343797.1875 ], [ 547452.96875, 2343798.59375 ], [ 547446.875, 2343800.0 ], [ 547413.125, 2343800.0 ], [ 547409.84375, 2343800.46875 ], [ 547404.6875, 2343802.8125 ], [ 547402.8125, 2343804.6875 ], [ 547400.46875, 2343809.84375 ], [ 547399.6875, 2343820.3125 ], [ 547398.125, 2343826.25 ], [ 547393.4375, 2343832.8125 ], [ 547348.75, 2343855.625 ], [ 547342.1875, 2343860.3125 ], [ 547335.625, 2343868.75 ], [ 547324.375, 2343891.25 ], [ 547318.75, 2343896.875 ], [ 547310.3125, 2343899.6875 ], [ 547296.5625, 2343900.9375 ], [ 547291.25, 2343903.125 ], [ 547287.1875, 2343906.5625 ], [ 547264.375, 2343951.25 ], [ 547257.8125, 2343959.6875 ], [ 547251.25, 2343964.375 ], [ 547228.75, 2343975.625 ], [ 547224.21875, 2343978.59375 ], [ 547218.59375, 2343984.21875 ], [ 547212.8125, 2343993.4375 ], [ 547208.75, 2343996.875 ], [ 547200.3125, 2343999.6875 ], [ 547189.53125, 2344000.15625 ], [ 547179.6875, 2344001.5625 ], [ 547171.25, 2344004.375 ], [ 547166.5625, 2344007.1875 ], [ 547163.125, 2344011.25 ], [ 547160.9375, 2344016.5625 ], [ 547159.53125, 2344033.90625 ], [ 547156.71875, 2344046.09375 ], [ 547134.375, 2344091.25 ], [ 547130.9375, 2344095.3125 ], [ 547123.4375, 2344099.0625 ], [ 547109.6875, 2344100.3125 ], [ 547103.75, 2344101.875 ], [ 547099.0625, 2344104.6875 ], [ 547092.8125, 2344113.4375 ], [ 547088.75, 2344116.875 ], [ 547080.3125, 2344119.6875 ], [ 547066.5625, 2344120.9375 ], [ 547059.0625, 2344124.6875 ], [ 547055.625, 2344128.75 ], [ 547042.96875, 2344153.59375 ], [ 547035.78125, 2344161.40625 ], [ 547031.25, 2344164.375 ], [ 546968.75, 2344195.625 ], [ 546962.1875, 2344200.3125 ], [ 546957.03125, 2344206.40625 ], [ 546944.375, 2344231.25 ], [ 546939.6875, 2344237.8125 ], [ 546933.59375, 2344242.96875 ], [ 546908.75, 2344255.625 ], [ 546902.1875, 2344260.3125 ], [ 546897.03125, 2344266.40625 ], [ 546884.375, 2344291.25 ], [ 546880.9375, 2344295.3125 ], [ 546873.4375, 2344299.0625 ], [ 546859.6875, 2344300.3125 ], [ 546851.25, 2344303.125 ], [ 546847.1875, 2344306.5625 ], [ 546839.6875, 2344317.8125 ], [ 546833.59375, 2344322.96875 ], [ 546768.75, 2344355.625 ], [ 546764.21875, 2344358.59375 ], [ 546757.03125, 2344366.40625 ], [ 546744.375, 2344391.25 ], [ 546737.8125, 2344399.6875 ], [ 546731.25, 2344404.375 ], [ 546668.75, 2344435.625 ], [ 546664.21875, 2344438.59375 ], [ 546657.03125, 2344446.40625 ], [ 546644.375, 2344471.25 ], [ 546637.8125, 2344479.6875 ], [ 546631.25, 2344484.375 ], [ 546608.75, 2344495.625 ], [ 546600.3125, 2344502.1875 ], [ 546595.625, 2344508.75 ], [ 546564.375, 2344571.25 ], [ 546561.40625, 2344575.78125 ], [ 546553.59375, 2344582.96875 ], [ 546528.75, 2344595.625 ], [ 546524.6875, 2344599.0625 ], [ 546520.9375, 2344606.5625 ], [ 546519.6875, 2344620.3125 ], [ 546516.875, 2344628.75 ], [ 546513.4375, 2344632.8125 ], [ 546506.40625, 2344637.03125 ], [ 546500.3125, 2344642.1875 ], [ 546495.625, 2344648.75 ], [ 546484.375, 2344671.25 ], [ 546481.40625, 2344675.78125 ], [ 546475.78125, 2344681.40625 ], [ 546466.5625, 2344687.1875 ], [ 546463.125, 2344691.25 ], [ 546460.9375, 2344696.5625 ], [ 546459.6875, 2344710.3125 ], [ 546458.125, 2344716.25 ], [ 546455.3125, 2344720.9375 ], [ 546446.5625, 2344727.1875 ], [ 546443.125, 2344731.25 ], [ 546440.9375, 2344736.5625 ], [ 546439.6875, 2344750.3125 ], [ 546436.875, 2344758.75 ], [ 546431.25, 2344764.375 ], [ 546408.75, 2344775.625 ], [ 546403.125, 2344781.25 ], [ 546400.3125, 2344789.6875 ], [ 546400.0, 2344826.875 ], [ 546398.125, 2344836.25 ], [ 546393.4375, 2344842.8125 ], [ 546368.75, 2344855.625 ], [ 546363.125, 2344861.25 ], [ 546360.9375, 2344866.5625 ], [ 546360.0, 2344873.125 ], [ 546360.0, 2344906.875 ], [ 546359.0625, 2344913.4375 ], [ 546355.3125, 2344920.9375 ], [ 546344.6875, 2344929.0625 ], [ 546340.9375, 2344936.5625 ], [ 546340.0, 2344943.125 ], [ 546340.0, 2345036.875 ], [ 546339.0625, 2345043.4375 ], [ 546335.3125, 2345050.9375 ], [ 546326.5625, 2345057.1875 ], [ 546321.875, 2345063.75 ], [ 546320.0, 2345073.125 ], [ 546320.0, 2345106.875 ], [ 546319.0625, 2345113.4375 ], [ 546315.3125, 2345120.9375 ], [ 546306.5625, 2345127.1875 ], [ 546301.875, 2345133.75 ], [ 546300.0, 2345143.125 ], [ 546300.0, 2345176.875 ], [ 546299.0625, 2345183.4375 ], [ 546295.3125, 2345190.9375 ], [ 546286.5625, 2345197.1875 ], [ 546281.875, 2345203.75 ], [ 546280.0, 2345213.125 ], [ 546280.0, 2345246.875 ], [ 546279.0625, 2345253.4375 ], [ 546275.3125, 2345260.9375 ], [ 546264.6875, 2345269.0625 ], [ 546261.875, 2345273.75 ], [ 546260.3125, 2345279.6875 ], [ 546259.84375, 2345590.46875 ], [ 546259.0625, 2345597.1875 ], [ 546256.71875, 2345606.09375 ], [ 546243.28125, 2345633.90625 ], [ 546240.46875, 2345646.09375 ], [ 546240.0, 2345746.875 ], [ 546239.0625, 2345753.4375 ], [ 546235.3125, 2345760.9375 ], [ 546226.5625, 2345767.1875 ], [ 546223.125, 2345771.25 ], [ 546220.9375, 2345776.5625 ], [ 546220.0, 2345783.125 ], [ 546220.0, 2346506.875 ], [ 546220.46875, 2346513.90625 ], [ 546222.34375, 2346523.28125 ], [ 546236.71875, 2346553.90625 ], [ 546239.0625, 2346562.8125 ], [ 546240.0, 2346573.125 ], [ 546240.0, 2346996.875 ], [ 546239.0625, 2347003.4375 ], [ 546236.875, 2347008.75 ], [ 546233.4375, 2347012.8125 ], [ 546224.6875, 2347019.0625 ], [ 546221.875, 2347023.75 ], [ 546220.3125, 2347029.6875 ], [ 546220.0, 2347246.875 ], [ 546219.0625, 2347253.4375 ], [ 546216.875, 2347258.75 ], [ 546213.4375, 2347262.8125 ], [ 546204.6875, 2347269.0625 ], [ 546201.875, 2347273.75 ], [ 546200.3125, 2347279.6875 ], [ 546199.84375, 2347410.46875 ], [ 546199.0625, 2347417.1875 ], [ 546196.71875, 2347426.09375 ], [ 546183.28125, 2347453.90625 ], [ 546180.46875, 2347466.09375 ], [ 546179.6875, 2347600.3125 ], [ 546176.875, 2347608.75 ], [ 546173.4375, 2347612.8125 ], [ 546164.6875, 2347619.0625 ], [ 546161.875, 2347623.75 ], [ 546160.3125, 2347629.6875 ], [ 546160.0, 2347786.875 ], [ 546160.9375, 2347793.4375 ], [ 546163.125, 2347798.75 ], [ 546166.5625, 2347802.8125 ], [ 546173.4375, 2347807.1875 ], [ 546178.125, 2347813.75 ], [ 546179.6875, 2347819.6875 ], [ 546180.3125, 2347830.3125 ], [ 546183.125, 2347838.75 ], [ 546186.5625, 2347842.8125 ], [ 546193.4375, 2347847.1875 ], [ 546198.125, 2347853.75 ], [ 546199.6875, 2347859.6875 ], [ 546200.3125, 2347870.3125 ], [ 546203.125, 2347878.75 ], [ 546206.5625, 2347882.8125 ], [ 546213.4375, 2347887.1875 ], [ 546218.125, 2347893.75 ], [ 546219.6875, 2347899.6875 ], [ 546220.46875, 2347913.90625 ], [ 546222.34375, 2347923.28125 ], [ 546224.375, 2347928.75 ], [ 546235.625, 2347951.25 ], [ 546242.1875, 2347959.6875 ], [ 546253.4375, 2347967.1875 ], [ 546256.875, 2347971.25 ], [ 546259.0625, 2347976.5625 ], [ 546260.3125, 2347990.3125 ], [ 546261.875, 2347996.25 ], [ 546264.6875, 2348000.9375 ], [ 546273.4375, 2348007.1875 ], [ 546276.875, 2348011.25 ], [ 546279.0625, 2348016.5625 ], [ 546280.3125, 2348030.3125 ], [ 546281.875, 2348036.25 ], [ 546284.6875, 2348040.9375 ], [ 546293.4375, 2348047.1875 ], [ 546298.125, 2348053.75 ], [ 546299.6875, 2348059.6875 ], [ 546300.3125, 2348070.3125 ], [ 546303.125, 2348078.75 ], [ 546308.75, 2348084.375 ], [ 546331.25, 2348095.625 ], [ 546336.875, 2348101.25 ], [ 546339.0625, 2348106.5625 ], [ 546340.3125, 2348120.3125 ], [ 546341.875, 2348126.25 ], [ 546344.6875, 2348130.9375 ], [ 546353.4375, 2348137.1875 ], [ 546356.875, 2348141.25 ], [ 546359.0625, 2348146.5625 ], [ 546360.3125, 2348160.3125 ], [ 546361.875, 2348166.25 ], [ 546364.6875, 2348170.9375 ], [ 546373.4375, 2348177.1875 ], [ 546376.875, 2348181.25 ], [ 546379.0625, 2348186.5625 ], [ 546380.3125, 2348200.3125 ], [ 546381.875, 2348206.25 ], [ 546384.6875, 2348210.9375 ], [ 546393.4375, 2348217.1875 ], [ 546398.125, 2348223.75 ], [ 546400.0, 2348233.125 ], [ 546400.0, 2348266.875 ], [ 546400.9375, 2348273.4375 ], [ 546404.6875, 2348280.9375 ], [ 546413.4375, 2348287.1875 ], [ 546416.875, 2348291.25 ], [ 546419.0625, 2348296.5625 ], [ 546420.0, 2348306.875 ], [ 546421.40625, 2348312.96875 ], [ 546422.8125, 2348315.3125 ], [ 546427.03125, 2348318.59375 ], [ 546433.125, 2348320.0 ], [ 546440.3125, 2348320.3125 ], [ 546446.25, 2348321.875 ], [ 546450.9375, 2348324.6875 ], [ 546454.375, 2348328.75 ], [ 546535.625, 2348491.25 ], [ 546542.1875, 2348499.6875 ], [ 546553.4375, 2348507.1875 ], [ 546556.875, 2348511.25 ], [ 546559.0625, 2348516.5625 ], [ 546560.3125, 2348530.3125 ], [ 546561.875, 2348536.25 ], [ 546564.6875, 2348540.9375 ], [ 546573.4375, 2348547.1875 ], [ 546578.125, 2348553.75 ], [ 546579.6875, 2348559.6875 ], [ 546580.9375, 2348577.1875 ], [ 546583.28125, 2348586.09375 ], [ 546616.71875, 2348653.90625 ], [ 546619.53125, 2348666.09375 ], [ 546620.3125, 2348680.3125 ], [ 546623.125, 2348688.75 ], [ 546628.75, 2348694.375 ], [ 546671.25, 2348715.625 ], [ 546676.875, 2348721.25 ], [ 546679.0625, 2348726.5625 ], [ 546680.0, 2348733.125 ], [ 546680.0, 2348766.875 ], [ 546678.125, 2348776.25 ], [ 546673.4375, 2348782.8125 ], [ 546648.75, 2348795.625 ], [ 546644.6875, 2348799.0625 ], [ 546640.9375, 2348806.5625 ], [ 546639.6875, 2348820.3125 ], [ 546636.875, 2348828.75 ], [ 546633.4375, 2348832.8125 ], [ 546624.21875, 2348838.59375 ], [ 546618.59375, 2348844.21875 ], [ 546615.625, 2348848.75 ], [ 546604.375, 2348871.25 ], [ 546597.8125, 2348879.6875 ], [ 546591.25, 2348884.375 ], [ 546528.75, 2348915.625 ], [ 546524.21875, 2348918.59375 ], [ 546517.03125, 2348926.40625 ], [ 546504.375, 2348951.25 ], [ 546499.6875, 2348957.8125 ], [ 546493.59375, 2348962.96875 ], [ 546468.75, 2348975.625 ], [ 546464.6875, 2348979.0625 ], [ 546460.9375, 2348986.5625 ], [ 546459.6875, 2349000.3125 ], [ 546456.875, 2349008.75 ], [ 546453.4375, 2349012.8125 ], [ 546446.40625, 2349017.03125 ], [ 546440.3125, 2349022.1875 ], [ 546435.625, 2349028.75 ], [ 546424.375, 2349051.25 ], [ 546421.40625, 2349055.78125 ], [ 546415.78125, 2349061.40625 ], [ 546406.5625, 2349067.1875 ], [ 546403.125, 2349071.25 ], [ 546400.9375, 2349076.5625 ], [ 546399.6875, 2349090.3125 ], [ 546398.125, 2349096.25 ], [ 546395.3125, 2349100.9375 ], [ 546386.5625, 2349107.1875 ], [ 546383.125, 2349111.25 ], [ 546380.9375, 2349116.5625 ], [ 546379.6875, 2349130.3125 ], [ 546378.125, 2349136.25 ], [ 546375.3125, 2349140.9375 ], [ 546366.5625, 2349147.1875 ], [ 546363.125, 2349151.25 ], [ 546360.9375, 2349156.5625 ], [ 546359.6875, 2349170.3125 ], [ 546358.125, 2349176.25 ], [ 546355.3125, 2349180.9375 ], [ 546346.5625, 2349187.1875 ], [ 546341.875, 2349193.75 ], [ 546340.3125, 2349199.6875 ], [ 546339.53125, 2349213.90625 ], [ 546337.65625, 2349223.28125 ], [ 546335.625, 2349228.75 ], [ 546303.28125, 2349293.90625 ], [ 546300.9375, 2349302.8125 ], [ 546299.6875, 2349320.3125 ], [ 546298.125, 2349326.25 ], [ 546293.4375, 2349332.8125 ], [ 546284.6875, 2349339.0625 ], [ 546280.9375, 2349346.5625 ], [ 546280.0, 2349353.125 ], [ 546279.6875, 2349390.3125 ], [ 546276.875, 2349398.75 ], [ 546273.4375, 2349402.8125 ], [ 546264.6875, 2349409.0625 ], [ 546260.9375, 2349416.5625 ], [ 546260.0, 2349423.125 ], [ 546260.0, 2349456.875 ], [ 546258.125, 2349466.25 ], [ 546253.4375, 2349472.8125 ], [ 546244.6875, 2349479.0625 ], [ 546240.9375, 2349486.5625 ], [ 546240.0, 2349493.125 ], [ 546239.84375, 2349530.46875 ], [ 546238.4375, 2349540.3125 ], [ 546235.625, 2349548.75 ], [ 546224.375, 2349571.25 ], [ 546220.9375, 2349582.8125 ], [ 546220.0, 2349593.125 ], [ 546220.0, 2349626.875 ], [ 546218.4375, 2349640.3125 ], [ 546215.625, 2349648.75 ], [ 546204.375, 2349671.25 ], [ 546200.9375, 2349682.8125 ], [ 546200.0, 2349693.125 ], [ 546200.0, 2349726.875 ], [ 546198.4375, 2349740.3125 ], [ 546195.625, 2349748.75 ], [ 546184.375, 2349771.25 ], [ 546180.9375, 2349782.8125 ], [ 546180.0, 2349793.125 ], [ 546179.6875, 2349860.3125 ], [ 546176.875, 2349868.75 ], [ 546173.4375, 2349872.8125 ], [ 546164.6875, 2349879.0625 ], [ 546161.875, 2349883.75 ], [ 546160.3125, 2349889.6875 ], [ 546160.0, 2349956.875 ], [ 546159.0625, 2349963.4375 ], [ 546156.875, 2349968.75 ], [ 546151.25, 2349974.375 ], [ 546143.28125, 2349977.65625 ], [ 546130.46875, 2349979.84375 ], [ 546119.6875, 2349979.6875 ], [ 546113.75, 2349978.125 ], [ 546107.1875, 2349973.4375 ], [ 546094.375, 2349948.75 ], [ 546090.9375, 2349944.6875 ], [ 546086.25, 2349941.875 ], [ 546076.875, 2349940.0 ], [ 546013.125, 2349940.0 ], [ 546007.03125, 2349941.40625 ], [ 546002.8125, 2349944.6875 ], [ 546001.40625, 2349947.03125 ], [ 546000.0, 2349953.125 ], [ 546000.0, 2350016.875 ], [ 545999.0625, 2350023.4375 ], [ 545995.3125, 2350030.9375 ], [ 545984.6875, 2350039.0625 ], [ 545981.875, 2350043.75 ], [ 545980.3125, 2350049.6875 ], [ 545980.0, 2350206.875 ], [ 545980.46875, 2350210.15625 ], [ 545982.8125, 2350215.3125 ], [ 545987.03125, 2350218.59375 ], [ 545993.125, 2350220.0 ], [ 546086.875, 2350220.0 ], [ 546100.3125, 2350221.5625 ], [ 546108.75, 2350224.375 ], [ 546115.3125, 2350229.0625 ], [ 546118.125, 2350233.75 ], [ 546120.0, 2350243.125 ], [ 546119.53125, 2350253.90625 ], [ 546117.65625, 2350263.28125 ], [ 546103.28125, 2350293.90625 ], [ 546100.46875, 2350306.09375 ], [ 546099.6875, 2350440.3125 ], [ 546098.125, 2350446.25 ], [ 546095.3125, 2350450.9375 ], [ 546086.5625, 2350457.1875 ], [ 546083.125, 2350461.25 ], [ 546080.9375, 2350466.5625 ], [ 546080.0, 2350473.125 ], [ 546079.6875, 2350840.3125 ], [ 546076.875, 2350848.75 ], [ 546073.4375, 2350852.8125 ], [ 546068.75, 2350855.625 ], [ 546060.3125, 2350858.4375 ], [ 546050.46875, 2350859.84375 ], [ 546009.84375, 2350860.46875 ], [ 546007.03125, 2350861.40625 ], [ 546002.8125, 2350864.6875 ], [ 546001.40625, 2350867.03125 ], [ 546000.0, 2350873.125 ], [ 546000.0, 2350936.875 ], [ 546001.875, 2350946.25 ], [ 546006.5625, 2350952.8125 ], [ 546013.90625, 2350956.71875 ], [ 546022.8125, 2350959.0625 ], [ 546043.4375, 2350960.9375 ], [ 546050.9375, 2350964.6875 ], [ 546054.375, 2350968.75 ], [ 546057.65625, 2350976.71875 ], [ 546059.0625, 2350982.8125 ], [ 546060.0, 2350993.125 ], [ 546059.84375, 2351090.46875 ], [ 546059.0625, 2351097.1875 ], [ 546056.71875, 2351106.09375 ], [ 546043.28125, 2351133.90625 ], [ 546040.46875, 2351146.09375 ], [ 546039.6875, 2351250.3125 ], [ 546036.875, 2351258.75 ], [ 546033.4375, 2351262.8125 ], [ 546024.6875, 2351269.0625 ], [ 546021.875, 2351273.75 ], [ 546020.3125, 2351279.6875 ], [ 546019.6875, 2351380.3125 ], [ 546018.125, 2351386.25 ], [ 546015.3125, 2351390.9375 ], [ 546006.5625, 2351397.1875 ], [ 546003.125, 2351401.25 ], [ 546000.9375, 2351406.5625 ], [ 546000.0, 2351413.125 ], [ 545999.6875, 2351540.3125 ], [ 545998.125, 2351546.25 ], [ 545995.3125, 2351550.9375 ], [ 545986.5625, 2351557.1875 ], [ 545983.125, 2351561.25 ], [ 545980.9375, 2351566.5625 ], [ 545980.0, 2351573.125 ], [ 545980.0, 2351726.875 ], [ 545980.9375, 2351737.1875 ], [ 545983.28125, 2351746.09375 ], [ 545995.625, 2351771.25 ], [ 545998.4375, 2351779.6875 ], [ 545999.84375, 2351789.53125 ], [ 546000.0, 2351826.875 ], [ 546000.9375, 2351837.1875 ], [ 546003.28125, 2351846.09375 ], [ 546015.625, 2351871.25 ], [ 546018.4375, 2351879.6875 ], [ 546019.84375, 2351889.53125 ], [ 546020.0, 2351926.875 ], [ 546020.9375, 2351937.1875 ], [ 546024.375, 2351948.75 ], [ 546036.71875, 2351973.90625 ], [ 546039.53125, 2351986.09375 ], [ 546040.0, 2352086.875 ], [ 546038.4375, 2352100.3125 ], [ 546034.375, 2352111.25 ], [ 546030.9375, 2352115.3125 ], [ 546023.4375, 2352119.0625 ], [ 546002.8125, 2352120.9375 ], [ 545991.25, 2352124.375 ], [ 545886.09375, 2352176.71875 ], [ 545877.1875, 2352179.0625 ], [ 545859.6875, 2352180.3125 ], [ 545853.75, 2352181.875 ], [ 545849.0625, 2352184.6875 ], [ 545842.8125, 2352193.4375 ], [ 545838.75, 2352196.875 ], [ 545833.4375, 2352199.0625 ], [ 545819.6875, 2352200.3125 ], [ 545813.75, 2352201.875 ], [ 545809.0625, 2352204.6875 ], [ 545802.8125, 2352213.4375 ], [ 545798.75, 2352216.875 ], [ 545793.4375, 2352219.0625 ], [ 545779.6875, 2352220.3125 ], [ 545773.75, 2352221.875 ], [ 545769.0625, 2352224.6875 ], [ 545762.8125, 2352233.4375 ], [ 545756.25, 2352238.125 ], [ 545746.875, 2352240.0 ], [ 545713.125, 2352240.0 ], [ 545703.75, 2352241.875 ], [ 545699.0625, 2352244.6875 ], [ 545692.8125, 2352253.4375 ], [ 545688.75, 2352256.875 ], [ 545683.4375, 2352259.0625 ], [ 545669.6875, 2352260.3125 ], [ 545663.75, 2352261.875 ], [ 545659.0625, 2352264.6875 ], [ 545652.8125, 2352273.4375 ], [ 545646.25, 2352278.125 ], [ 545640.3125, 2352279.6875 ], [ 545629.53125, 2352280.15625 ], [ 545619.6875, 2352281.5625 ], [ 545611.25, 2352284.375 ], [ 545588.75, 2352295.625 ], [ 545583.28125, 2352297.65625 ], [ 545573.90625, 2352299.53125 ], [ 545559.6875, 2352300.3125 ], [ 545553.75, 2352301.875 ], [ 545547.1875, 2352306.5625 ], [ 545540.9375, 2352315.3125 ], [ 545533.4375, 2352319.0625 ], [ 545526.875, 2352320.0 ], [ 545493.125, 2352320.0 ], [ 545483.75, 2352321.875 ], [ 545479.0625, 2352324.6875 ], [ 545472.8125, 2352333.4375 ], [ 545468.75, 2352336.875 ], [ 545463.4375, 2352339.0625 ], [ 545449.6875, 2352340.3125 ], [ 545443.75, 2352341.875 ], [ 545439.0625, 2352344.6875 ], [ 545432.8125, 2352353.4375 ], [ 545426.25, 2352358.125 ], [ 545420.3125, 2352359.6875 ], [ 545409.53125, 2352360.15625 ], [ 545399.6875, 2352361.5625 ], [ 545391.25, 2352364.375 ], [ 545368.75, 2352375.625 ], [ 545363.28125, 2352377.65625 ], [ 545353.90625, 2352379.53125 ], [ 545339.6875, 2352380.3125 ], [ 545333.75, 2352381.875 ], [ 545327.1875, 2352386.5625 ], [ 545320.9375, 2352395.3125 ], [ 545313.4375, 2352399.0625 ], [ 545306.875, 2352400.0 ], [ 545273.125, 2352400.0 ], [ 545263.75, 2352401.875 ], [ 545259.0625, 2352404.6875 ], [ 545252.8125, 2352413.4375 ], [ 545246.25, 2352418.125 ], [ 545240.3125, 2352419.6875 ], [ 545226.09375, 2352420.46875 ], [ 545216.71875, 2352422.34375 ], [ 545211.25, 2352424.375 ], [ 545146.09375, 2352456.71875 ], [ 545137.1875, 2352459.0625 ], [ 545119.6875, 2352460.3125 ], [ 545113.75, 2352461.875 ], [ 545109.0625, 2352464.6875 ], [ 545102.8125, 2352473.4375 ], [ 545096.25, 2352478.125 ], [ 545086.875, 2352480.0 ], [ 545049.53125, 2352480.15625 ], [ 545042.8125, 2352480.9375 ], [ 545033.90625, 2352483.28125 ], [ 544966.09375, 2352516.71875 ], [ 544957.1875, 2352519.0625 ], [ 544939.6875, 2352520.3125 ], [ 544933.75, 2352521.875 ], [ 544929.0625, 2352524.6875 ], [ 544922.8125, 2352533.4375 ], [ 544918.75, 2352536.875 ], [ 544913.4375, 2352539.0625 ], [ 544899.6875, 2352540.3125 ], [ 544893.75, 2352541.875 ], [ 544889.0625, 2352544.6875 ], [ 544882.8125, 2352553.4375 ], [ 544878.75, 2352556.875 ], [ 544870.3125, 2352559.6875 ], [ 544856.5625, 2352560.9375 ], [ 544849.0625, 2352564.6875 ], [ 544845.625, 2352568.75 ], [ 544841.40625, 2352575.78125 ], [ 544835.78125, 2352581.40625 ], [ 544831.25, 2352584.375 ], [ 544808.75, 2352595.625 ], [ 544800.3125, 2352602.1875 ], [ 544795.625, 2352608.75 ], [ 544784.375, 2352631.25 ], [ 544780.9375, 2352635.3125 ], [ 544773.4375, 2352639.0625 ], [ 544759.6875, 2352640.3125 ], [ 544751.25, 2352643.125 ], [ 544747.1875, 2352646.5625 ], [ 544741.40625, 2352655.78125 ], [ 544735.78125, 2352661.40625 ], [ 544731.25, 2352664.375 ], [ 544708.75, 2352675.625 ], [ 544702.1875, 2352680.3125 ], [ 544697.03125, 2352686.40625 ], [ 544684.375, 2352711.25 ], [ 544680.9375, 2352715.3125 ], [ 544673.4375, 2352719.0625 ], [ 544659.6875, 2352720.3125 ], [ 544651.25, 2352723.125 ], [ 544647.1875, 2352726.5625 ], [ 544641.40625, 2352735.78125 ], [ 544635.78125, 2352741.40625 ], [ 544631.25, 2352744.375 ], [ 544608.75, 2352755.625 ], [ 544602.1875, 2352760.3125 ], [ 544597.03125, 2352766.40625 ], [ 544584.375, 2352791.25 ], [ 544580.9375, 2352795.3125 ], [ 544573.4375, 2352799.0625 ], [ 544559.6875, 2352800.3125 ], [ 544551.25, 2352803.125 ], [ 544547.1875, 2352806.5625 ], [ 544541.40625, 2352815.78125 ], [ 544535.78125, 2352821.40625 ], [ 544504.21875, 2352838.59375 ], [ 544497.03125, 2352846.40625 ], [ 544484.375, 2352871.25 ], [ 544480.9375, 2352875.3125 ], [ 544473.4375, 2352879.0625 ], [ 544459.6875, 2352880.3125 ], [ 544451.25, 2352883.125 ], [ 544447.1875, 2352886.5625 ], [ 544441.40625, 2352895.78125 ], [ 544435.78125, 2352901.40625 ], [ 544404.21875, 2352918.59375 ], [ 544397.03125, 2352926.40625 ], [ 544384.375, 2352951.25 ], [ 544380.9375, 2352955.3125 ], [ 544373.4375, 2352959.0625 ], [ 544359.6875, 2352960.3125 ], [ 544351.25, 2352963.125 ], [ 544347.1875, 2352966.5625 ], [ 544341.40625, 2352975.78125 ], [ 544335.78125, 2352981.40625 ], [ 544304.21875, 2352998.59375 ], [ 544297.03125, 2353006.40625 ], [ 544284.375, 2353031.25 ], [ 544277.8125, 2353039.6875 ], [ 544271.25, 2353044.375 ], [ 544248.75, 2353055.625 ], [ 544240.3125, 2353062.1875 ], [ 544235.625, 2353068.75 ], [ 544224.375, 2353091.25 ], [ 544217.8125, 2353099.6875 ], [ 544211.25, 2353104.375 ], [ 544188.75, 2353115.625 ], [ 544180.3125, 2353122.1875 ], [ 544175.625, 2353128.75 ], [ 544144.375, 2353191.25 ], [ 544141.40625, 2353195.78125 ], [ 544133.59375, 2353202.96875 ], [ 544106.40625, 2353217.03125 ], [ 544098.59375, 2353224.21875 ], [ 544095.625, 2353228.75 ], [ 544064.375, 2353291.25 ], [ 544059.6875, 2353297.8125 ], [ 544053.59375, 2353302.96875 ], [ 544028.75, 2353315.625 ], [ 544022.1875, 2353320.3125 ], [ 544017.03125, 2353326.40625 ], [ 544004.375, 2353351.25 ], [ 543999.6875, 2353357.8125 ], [ 543993.59375, 2353362.96875 ], [ 543968.75, 2353375.625 ], [ 543964.6875, 2353379.0625 ], [ 543960.9375, 2353386.5625 ], [ 543959.6875, 2353400.3125 ], [ 543956.875, 2353408.75 ], [ 543953.4375, 2353412.8125 ], [ 543944.21875, 2353418.59375 ], [ 543938.59375, 2353424.21875 ], [ 543935.625, 2353428.75 ], [ 543924.375, 2353451.25 ], [ 543917.8125, 2353459.6875 ], [ 543911.25, 2353464.375 ], [ 543886.40625, 2353477.03125 ], [ 543878.59375, 2353484.21875 ], [ 543861.40625, 2353515.78125 ], [ 543855.78125, 2353521.40625 ], [ 543846.5625, 2353527.1875 ], [ 543843.125, 2353531.25 ], [ 543840.3125, 2353539.6875 ], [ 543839.0625, 2353553.4375 ], [ 543835.3125, 2353560.9375 ], [ 543831.25, 2353564.375 ], [ 543806.40625, 2353577.03125 ], [ 543800.3125, 2353582.1875 ], [ 543795.625, 2353588.75 ], [ 543784.375, 2353611.25 ], [ 543777.8125, 2353619.6875 ], [ 543771.25, 2353624.375 ], [ 543748.75, 2353635.625 ], [ 543740.3125, 2353642.1875 ], [ 543735.625, 2353648.75 ], [ 543724.375, 2353671.25 ], [ 543717.8125, 2353679.6875 ], [ 543711.25, 2353684.375 ], [ 543648.75, 2353715.625 ], [ 543644.21875, 2353718.59375 ], [ 543637.03125, 2353726.40625 ], [ 543624.375, 2353751.25 ], [ 543619.6875, 2353757.8125 ], [ 543611.25, 2353764.375 ], [ 543586.40625, 2353777.03125 ], [ 543578.59375, 2353784.21875 ], [ 543575.625, 2353788.75 ], [ 543542.96875, 2353853.59375 ], [ 543537.8125, 2353859.6875 ], [ 543526.5625, 2353867.1875 ], [ 543523.125, 2353871.25 ], [ 543520.3125, 2353879.6875 ], [ 543519.0625, 2353893.4375 ], [ 543515.3125, 2353900.9375 ], [ 543511.25, 2353904.375 ], [ 543486.40625, 2353917.03125 ], [ 543480.3125, 2353922.1875 ], [ 543475.625, 2353928.75 ], [ 543444.375, 2353991.25 ], [ 543441.40625, 2353995.78125 ], [ 543433.59375, 2354002.96875 ], [ 543408.75, 2354015.625 ], [ 543404.6875, 2354019.0625 ], [ 543400.9375, 2354026.5625 ], [ 543399.6875, 2354040.3125 ], [ 543396.875, 2354048.75 ], [ 543393.4375, 2354052.8125 ], [ 543386.40625, 2354057.03125 ], [ 543380.3125, 2354062.1875 ], [ 543375.625, 2354068.75 ], [ 543364.375, 2354091.25 ], [ 543361.40625, 2354095.78125 ], [ 543355.78125, 2354101.40625 ], [ 543346.5625, 2354107.1875 ], [ 543343.125, 2354111.25 ], [ 543340.3125, 2354119.6875 ], [ 543339.0625, 2354133.4375 ], [ 543335.3125, 2354140.9375 ], [ 543331.25, 2354144.375 ], [ 543306.40625, 2354157.03125 ], [ 543300.3125, 2354162.1875 ], [ 543295.625, 2354168.75 ], [ 543264.375, 2354231.25 ], [ 543261.40625, 2354235.78125 ], [ 543253.59375, 2354242.96875 ], [ 543228.75, 2354255.625 ], [ 543224.6875, 2354259.0625 ], [ 543220.9375, 2354266.5625 ], [ 543219.6875, 2354280.3125 ], [ 543216.875, 2354288.75 ], [ 543213.4375, 2354292.8125 ], [ 543206.40625, 2354297.03125 ], [ 543200.3125, 2354302.1875 ], [ 543195.625, 2354308.75 ], [ 543184.375, 2354331.25 ], [ 543181.40625, 2354335.78125 ], [ 543175.78125, 2354341.40625 ], [ 543166.5625, 2354347.1875 ], [ 543163.125, 2354351.25 ], [ 543160.3125, 2354359.6875 ], [ 543159.0625, 2354373.4375 ], [ 543155.3125, 2354380.9375 ], [ 543151.25, 2354384.375 ], [ 543126.40625, 2354397.03125 ], [ 543118.59375, 2354404.21875 ], [ 543115.625, 2354408.75 ], [ 543082.96875, 2354473.59375 ], [ 543079.6875, 2354477.8125 ], [ 543073.59375, 2354482.96875 ], [ 543048.75, 2354495.625 ], [ 543044.6875, 2354499.0625 ], [ 543040.9375, 2354506.5625 ], [ 543039.6875, 2354520.3125 ], [ 543036.875, 2354528.75 ], [ 543033.4375, 2354532.8125 ], [ 543024.21875, 2354538.59375 ], [ 543018.59375, 2354544.21875 ], [ 543015.625, 2354548.75 ], [ 543004.375, 2354571.25 ], [ 542999.6875, 2354577.8125 ], [ 542991.25, 2354584.375 ], [ 542966.40625, 2354597.03125 ], [ 542958.59375, 2354604.21875 ], [ 542955.625, 2354608.75 ], [ 542922.8125, 2354673.4375 ], [ 542918.75, 2354676.875 ], [ 542913.4375, 2354679.0625 ], [ 542899.6875, 2354680.3125 ], [ 542891.25, 2354683.125 ], [ 542885.625, 2354688.75 ], [ 542874.375, 2354711.25 ], [ 542870.9375, 2354715.3125 ], [ 542863.4375, 2354719.0625 ], [ 542849.84375, 2354720.46875 ], [ 542844.6875, 2354722.8125 ], [ 542841.40625, 2354727.03125 ], [ 542840.46875, 2354729.84375 ], [ 542839.0625, 2354743.4375 ], [ 542835.3125, 2354750.9375 ], [ 542831.25, 2354754.375 ], [ 542788.75, 2354775.625 ], [ 542782.1875, 2354780.3125 ], [ 542777.03125, 2354786.40625 ], [ 542764.375, 2354811.25 ], [ 542759.6875, 2354817.8125 ], [ 542753.59375, 2354822.96875 ], [ 542728.75, 2354835.625 ], [ 542722.1875, 2354840.3125 ], [ 542717.03125, 2354846.40625 ], [ 542704.375, 2354871.25 ], [ 542697.8125, 2354879.6875 ], [ 542691.25, 2354884.375 ], [ 542668.75, 2354895.625 ], [ 542660.3125, 2354898.4375 ], [ 542646.875, 2354900.0 ], [ 542613.125, 2354900.0 ], [ 542609.84375, 2354900.46875 ], [ 542604.6875, 2354902.8125 ], [ 542602.8125, 2354904.6875 ], [ 542600.46875, 2354909.84375 ], [ 542600.0, 2354946.875 ], [ 542598.59375, 2354952.96875 ], [ 542595.3125, 2354957.1875 ], [ 542590.15625, 2354959.53125 ], [ 542579.6875, 2354960.3125 ], [ 542571.25, 2354963.125 ], [ 542567.1875, 2354966.5625 ], [ 542559.6875, 2354977.8125 ], [ 542553.59375, 2354982.96875 ], [ 542486.40625, 2355017.03125 ], [ 542482.1875, 2355020.3125 ], [ 542477.03125, 2355026.40625 ], [ 542464.375, 2355051.25 ], [ 542460.9375, 2355055.3125 ], [ 542453.4375, 2355059.0625 ], [ 542439.6875, 2355060.3125 ], [ 542431.25, 2355063.125 ], [ 542427.1875, 2355066.5625 ], [ 542422.96875, 2355073.59375 ], [ 542417.8125, 2355079.6875 ], [ 542411.25, 2355084.375 ], [ 542388.75, 2355095.625 ], [ 542384.21875, 2355098.59375 ], [ 542378.59375, 2355104.21875 ], [ 542372.8125, 2355113.4375 ], [ 542368.75, 2355116.875 ], [ 542363.4375, 2355119.0625 ], [ 542349.6875, 2355120.3125 ], [ 542341.25, 2355123.125 ], [ 542335.625, 2355128.75 ], [ 542322.96875, 2355153.59375 ], [ 542315.78125, 2355161.40625 ], [ 542284.21875, 2355178.59375 ], [ 542278.59375, 2355184.21875 ], [ 542272.8125, 2355193.4375 ], [ 542268.75, 2355196.875 ], [ 542260.3125, 2355199.6875 ], [ 542246.5625, 2355200.9375 ], [ 542239.0625, 2355204.6875 ], [ 542235.625, 2355208.75 ], [ 542222.96875, 2355233.59375 ], [ 542217.8125, 2355239.6875 ], [ 542211.25, 2355244.375 ], [ 542186.40625, 2355257.03125 ], [ 542178.59375, 2355264.21875 ], [ 542175.625, 2355268.75 ], [ 542142.96875, 2355333.59375 ], [ 542137.8125, 2355339.6875 ], [ 542126.5625, 2355347.1875 ], [ 542123.125, 2355351.25 ], [ 542120.3125, 2355359.6875 ], [ 542119.53125, 2355370.15625 ], [ 542118.59375, 2355372.96875 ], [ 542115.3125, 2355377.1875 ], [ 542110.15625, 2355379.53125 ], [ 542099.6875, 2355380.3125 ], [ 542091.25, 2355383.125 ], [ 542087.1875, 2355386.5625 ], [ 542082.8125, 2355393.4375 ], [ 542076.25, 2355398.125 ], [ 542070.3125, 2355399.6875 ], [ 542059.6875, 2355400.3125 ], [ 542051.25, 2355403.125 ], [ 542047.1875, 2355406.5625 ], [ 542042.8125, 2355413.4375 ], [ 542036.25, 2355418.125 ], [ 542030.3125, 2355419.6875 ], [ 542019.6875, 2355420.3125 ], [ 542011.25, 2355423.125 ], [ 542007.1875, 2355426.5625 ], [ 542002.8125, 2355433.4375 ], [ 541996.25, 2355438.125 ], [ 541990.3125, 2355439.6875 ], [ 541979.6875, 2355440.3125 ], [ 541971.25, 2355443.125 ], [ 541967.1875, 2355446.5625 ], [ 541962.8125, 2355453.4375 ], [ 541956.25, 2355458.125 ], [ 541950.3125, 2355459.6875 ], [ 541939.6875, 2355460.3125 ], [ 541931.25, 2355463.125 ], [ 541927.1875, 2355466.5625 ], [ 541922.8125, 2355473.4375 ], [ 541916.25, 2355478.125 ], [ 541910.3125, 2355479.6875 ], [ 541899.6875, 2355480.3125 ], [ 541891.25, 2355483.125 ], [ 541887.1875, 2355486.5625 ], [ 541882.8125, 2355493.4375 ], [ 541876.25, 2355498.125 ], [ 541870.3125, 2355499.6875 ], [ 541859.6875, 2355500.3125 ], [ 541851.25, 2355503.125 ], [ 541847.1875, 2355506.5625 ], [ 541842.8125, 2355513.4375 ], [ 541836.25, 2355518.125 ], [ 541830.3125, 2355519.6875 ], [ 541819.6875, 2355520.3125 ], [ 541811.25, 2355523.125 ], [ 541807.1875, 2355526.5625 ], [ 541802.8125, 2355533.4375 ], [ 541796.25, 2355538.125 ], [ 541790.3125, 2355539.6875 ], [ 541779.6875, 2355540.3125 ], [ 541771.25, 2355543.125 ], [ 541767.1875, 2355546.5625 ], [ 541762.8125, 2355553.4375 ], [ 541756.25, 2355558.125 ], [ 541750.3125, 2355559.6875 ], [ 541739.6875, 2355560.3125 ], [ 541731.25, 2355563.125 ], [ 541727.1875, 2355566.5625 ], [ 541722.8125, 2355573.4375 ], [ 541716.25, 2355578.125 ], [ 541710.3125, 2355579.6875 ], [ 541699.6875, 2355580.3125 ], [ 541691.25, 2355583.125 ], [ 541687.1875, 2355586.5625 ], [ 541682.8125, 2355593.4375 ], [ 541676.25, 2355598.125 ], [ 541670.3125, 2355599.6875 ], [ 541659.6875, 2355600.3125 ], [ 541651.25, 2355603.125 ], [ 541647.1875, 2355606.5625 ], [ 541642.8125, 2355613.4375 ], [ 541636.25, 2355618.125 ], [ 541630.3125, 2355619.6875 ], [ 541619.6875, 2355620.3125 ], [ 541611.25, 2355623.125 ], [ 541607.1875, 2355626.5625 ], [ 541602.8125, 2355633.4375 ], [ 541596.25, 2355638.125 ], [ 541590.3125, 2355639.6875 ], [ 541579.6875, 2355640.3125 ], [ 541571.25, 2355643.125 ], [ 541567.1875, 2355646.5625 ], [ 541562.8125, 2355653.4375 ], [ 541556.25, 2355658.125 ], [ 541550.3125, 2355659.6875 ], [ 541539.6875, 2355660.3125 ], [ 541531.25, 2355663.125 ], [ 541527.1875, 2355666.5625 ], [ 541519.6875, 2355677.8125 ], [ 541511.25, 2355684.375 ], [ 541328.75, 2355775.625 ], [ 541320.3125, 2355782.1875 ], [ 541312.8125, 2355793.4375 ], [ 541308.75, 2355796.875 ], [ 541303.4375, 2355799.0625 ], [ 541289.6875, 2355800.3125 ], [ 541283.75, 2355801.875 ], [ 541279.0625, 2355804.6875 ], [ 541272.8125, 2355813.4375 ], [ 541268.75, 2355816.875 ], [ 541263.4375, 2355819.0625 ], [ 541249.6875, 2355820.3125 ], [ 541243.75, 2355821.875 ], [ 541239.0625, 2355824.6875 ], [ 541232.8125, 2355833.4375 ], [ 541228.75, 2355836.875 ], [ 541223.4375, 2355839.0625 ], [ 541209.6875, 2355840.3125 ], [ 541203.75, 2355841.875 ], [ 541199.0625, 2355844.6875 ], [ 541192.8125, 2355853.4375 ], [ 541188.75, 2355856.875 ], [ 541183.4375, 2355859.0625 ], [ 541169.6875, 2355860.3125 ], [ 541161.25, 2355863.125 ], [ 541157.1875, 2355866.5625 ], [ 541152.8125, 2355873.4375 ], [ 541146.25, 2355878.125 ], [ 541140.3125, 2355879.6875 ], [ 541126.09375, 2355880.46875 ], [ 541116.71875, 2355882.34375 ], [ 541086.09375, 2355896.71875 ], [ 541073.90625, 2355899.53125 ], [ 541029.6875, 2355899.6875 ], [ 541021.25, 2355896.875 ], [ 541015.625, 2355891.25 ] ] } },
{ "type": "Feature", "properties": { }, "geometry": { "type": "LineString", "coordinates": [ [ 541533.125, 2355220.0 ], [ 541690.3125, 2355219.6875 ], [ 541696.25, 2355218.125 ], [ 541700.9375, 2355215.3125 ], [ 541707.1875, 2355206.5625 ], [ 541713.75, 2355201.875 ], [ 541719.6875, 2355200.3125 ], [ 541733.4375, 2355199.0625 ], [ 541740.9375, 2355195.3125 ], [ 541744.375, 2355191.25 ], [ 541755.625, 2355168.75 ], [ 541758.59375, 2355164.21875 ], [ 541764.21875, 2355158.59375 ], [ 541773.4375, 2355152.8125 ], [ 541776.875, 2355148.75 ], [ 541779.6875, 2355140.3125 ], [ 541780.9375, 2355126.5625 ], [ 541784.6875, 2355119.0625 ], [ 541788.75, 2355115.625 ], [ 541811.25, 2355104.375 ], [ 541816.875, 2355098.75 ], [ 541819.0625, 2355093.4375 ], [ 541820.3125, 2355079.6875 ], [ 541823.125, 2355071.25 ], [ 541826.5625, 2355067.1875 ], [ 541835.78125, 2355061.40625 ], [ 541841.40625, 2355055.78125 ], [ 541844.375, 2355051.25 ], [ 541855.625, 2355028.75 ], [ 541859.0625, 2355017.1875 ], [ 541860.9375, 2354996.5625 ], [ 541863.125, 2354991.25 ], [ 541866.5625, 2354987.1875 ], [ 541873.90625, 2354983.28125 ], [ 541886.09375, 2354980.46875 ], [ 541926.875, 2354980.0 ], [ 541940.3125, 2354978.4375 ], [ 541948.75, 2354975.625 ], [ 541971.25, 2354964.375 ], [ 541979.6875, 2354957.8125 ], [ 541987.1875, 2354946.5625 ], [ 541991.25, 2354943.125 ], [ 541999.6875, 2354940.3125 ], [ 542013.4375, 2354939.0625 ], [ 542020.9375, 2354935.3125 ], [ 542024.375, 2354931.25 ], [ 542037.03125, 2354906.40625 ], [ 542042.1875, 2354900.3125 ], [ 542048.75, 2354895.625 ], [ 542073.59375, 2354882.96875 ], [ 542081.40625, 2354875.78125 ], [ 542084.375, 2354871.25 ], [ 542095.625, 2354848.75 ], [ 542097.65625, 2354843.28125 ], [ 542099.53125, 2354833.90625 ], [ 542099.53125, 2354786.09375 ], [ 542096.71875, 2354773.90625 ], [ 542092.8125, 2354766.5625 ], [ 542086.25, 2354761.875 ], [ 542076.875, 2354760.0 ], [ 542013.125, 2354760.0 ], [ 542006.5625, 2354760.9375 ], [ 541999.0625, 2354764.6875 ], [ 541992.8125, 2354773.4375 ], [ 541986.25, 2354778.125 ], [ 541980.3125, 2354779.6875 ], [ 541966.09375, 2354780.46875 ], [ 541956.71875, 2354782.34375 ], [ 541951.25, 2354784.375 ], [ 541928.75, 2354795.625 ], [ 541920.3125, 2354798.4375 ], [ 541896.5625, 2354800.9375 ], [ 541889.0625, 2354804.6875 ], [ 541882.8125, 2354813.4375 ], [ 541876.25, 2354818.125 ], [ 541870.3125, 2354819.6875 ], [ 541859.6875, 2354820.3125 ], [ 541851.25, 2354823.125 ], [ 541845.625, 2354828.75 ], [ 541843.28125, 2354833.90625 ], [ 541840.9375, 2354842.8125 ], [ 541840.0, 2354853.125 ], [ 541840.0, 2354916.875 ], [ 541839.0625, 2354923.4375 ], [ 541835.3125, 2354930.9375 ], [ 541831.25, 2354934.375 ], [ 541826.09375, 2354936.71875 ], [ 541813.90625, 2354939.53125 ], [ 541743.125, 2354940.0 ], [ 541736.5625, 2354940.9375 ], [ 541731.25, 2354943.125 ], [ 541725.625, 2354948.75 ], [ 541722.34375, 2354956.71875 ], [ 541720.46875, 2354966.09375 ], [ 541719.6875, 2354980.3125 ], [ 541716.875, 2354988.75 ], [ 541713.4375, 2354992.8125 ], [ 541702.1875, 2355000.3125 ], [ 541698.59375, 2355004.21875 ], [ 541692.8125, 2355013.4375 ], [ 541686.25, 2355018.125 ], [ 541676.875, 2355020.0 ], [ 541546.09375, 2355020.46875 ], [ 541539.6875, 2355021.5625 ], [ 541531.25, 2355024.375 ], [ 541506.5625, 2355037.1875 ], [ 541501.875, 2355043.75 ], [ 541500.0, 2355053.125 ], [ 541500.3125, 2355120.3125 ], [ 541503.125, 2355128.75 ], [ 541506.5625, 2355132.8125 ], [ 541515.3125, 2355139.0625 ], [ 541519.0625, 2355146.5625 ], [ 541520.0, 2355153.125 ], [ 541520.46875, 2355213.4375 ], [ 541521.40625, 2355215.3125 ], [ 541524.6875, 2355218.125 ], [ 541533.125, 2355220.0 ] ] } },
{ "type": "Feature", "properties": { }, "geometry": { "type": "LineString", "coordinates": [ [ 540693.125, 2355180.0 ], [ 540846.875, 2355180.0 ], [ 540857.1875, 2355179.0625 ], [ 540868.75, 2355175.625 ], [ 540931.25, 2355144.375 ], [ 540936.875, 2355138.75 ], [ 540939.0625, 2355133.4375 ], [ 540940.0, 2355126.875 ], [ 540940.0, 2355063.125 ], [ 540939.0625, 2355056.5625 ], [ 540936.875, 2355051.25 ], [ 540931.25, 2355045.625 ], [ 540926.09375, 2355043.28125 ], [ 540917.1875, 2355040.9375 ], [ 540906.875, 2355040.0 ], [ 540869.53125, 2355040.15625 ], [ 540862.8125, 2355040.9375 ], [ 540853.90625, 2355043.28125 ], [ 540826.09375, 2355056.71875 ], [ 540813.90625, 2355059.53125 ], [ 540683.125, 2355060.0 ], [ 540676.5625, 2355060.9375 ], [ 540671.25, 2355063.125 ], [ 540667.1875, 2355066.5625 ], [ 540664.375, 2355071.25 ], [ 540662.34375, 2355076.71875 ], [ 540660.46875, 2355086.09375 ], [ 540660.0, 2355126.875 ], [ 540660.9375, 2355137.1875 ], [ 540664.375, 2355148.75 ], [ 540677.1875, 2355173.4375 ], [ 540683.75, 2355178.125 ], [ 540693.125, 2355180.0 ] ] } }
]
}
