{
"type": "FeatureCollection",
"name": "reach2_s1_shoreline_2017_dry",
"crs": { "type": "name", "properties": { "name": "urn:ogc:def:crs:EPSG::32648" } },
"features": [
{ "type": "Feature", "properties": { }, "geometry": { "type": "LineString", "coordinates": [ [ 564695.625, 2341851.25 ], [ 564692.8125, 2341846.5625 ], [ 564688.75, 2341843.125 ], [ 564683.4375, 2341840.9375 ], [ 564673.125, 2341840.0 ], [ 564667.03125, 2341838.59375 ], [ 564664.6875, 2341837.1875 ], [ 564661.40625, 2341832.96875 ], [ 564660.0, 2341826.875 ], [ 564659.53125, 2341786.09375 ], [ 564656.71875, 2341773.90625 ], [ 564652.8125, 2341766.5625 ], [ 564648.75, 2341763.125 ], [ 564643.4375, 2341760.9375 ], [ 564629.6875, 2341759.6875 ], [ 564621.25, 2341756.875 ], [ 564617.1875, 2341753.4375 ], [ 564610.9375, 2341744.6875 ], [ 564603.4375, 2341740.9375 ], [ 564596.875, 2341740.0 ], [ 564529.6875, 2341740.3125 ], [ 564521.25, 2341743.125 ], [ 564517.1875, 2341746.5625 ], [ 564510.9375, 2341755.3125 ], [ 564506.25, 2341758.125 ], [ 564500.3125, 2341759.6875 ], [ 564429.53125, 2341759.84375 ], [ 564422.8125, 2341759.0625 ], [ 564413.90625, 2341756.71875 ], [ 564383.28125, 2341742.34375 ], [ 564373.90625, 2341740.46875 ], [ 564359.6875, 2341739.6875 ], [ 564353.75, 2341738.125 ], [ 564347.1875, 2341733.4375 ], [ 564340.9375, 2341724.6875 ], [ 564336.25, 2341721.875 ], [ 564330.3125, 2341720.3125 ], [ 564173.125, 2341720.0 ], [ 564166.5625, 2341719.0625 ], [ 564161.25, 2341716.875 ], [ 564155.625, 2341711.25 ], [ 564134.375, 2341668.75 ], [ 564130.9375, 2341664.6875 ], [ 564123.4375, 2341660.9375 ], [ 564109.6875, 2341659.6875 ], [ 564101.25, 2341656.875 ], [ 564097.1875, 2341653.4375 ], [ 564092.8125, 2341646.5625 ], [ 564086.25, 2341641.875 ], [ 564080.3125, 2341640.3125 ], [ 564069.6875, 2341639.6875 ], [ 564061.25, 2341636.875 ], [ 564057.1875, 2341633.4375 ], [ 564052.8125, 2341626.5625 ], [ 564046.25, 2341621.875 ], [ 564036.875, 2341620.0 ], [ 564003.125, 2341620.0 ], [ 563996.5625, 2341619.0625 ], [ 563989.0625, 2341615.3125 ], [ 563980.9375, 2341604.6875 ], [ 563976.25, 2341601.875 ], [ 563970.3125, 2341600.3125 ], [ 563843.125, 2341600.0 ], [ 563836.5625, 2341599.0625 ], [ 563831.25, 2341596.875 ], [ 563827.1875, 2341593.4375 ], [ 563820.9375, 2341584.6875 ], [ 563816.25, 2341581.875 ], [ 563810.3125, 2341580.3125 ], [ 563713.125, 2341580.0 ], [ 563706.5625, 2341579.0625 ], [ 563701.25, 2341576.875 ], [ 563697.1875, 2341573.4375 ], [ 563684.375, 2341548.75 ], [ 563677.8125, 2341540.3125 ], [ 563671.25, 2341535.625 ], [ 563648.75, 2341524.375 ], [ 563640.3125, 2341521.5625 ], [ 563630.46875, 2341520.15625 ], [ 563563.125, 2341520.0 ], [ 563556.5625, 2341519.0625 ], [ 563549.0625, 2341515.3125 ], [ 563542.8125, 2341506.5625 ], [ 563538.75, 2341503.125 ], [ 563533.4375, 2341500.9375 ], [ 563519.6875, 2341499.6875 ], [ 563513.75, 2341498.125 ], [ 563507.1875, 2341493.4375 ], [ 563500.9375, 2341484.6875 ], [ 563493.4375, 2341480.9375 ], [ 563486.875, 2341480.0 ], [ 563449.53125, 2341479.84375 ], [ 563439.6875, 2341478.4375 ], [ 563431.25, 2341475.625 ], [ 563406.09375, 2341463.28125 ], [ 563393.90625, 2341460.46875 ], [ 563323.125, 2341460.0 ], [ 563316.5625, 2341460.9375 ], [ 563311.25, 2341463.125 ], [ 563307.1875, 2341466.5625 ], [ 563302.8125, 2341473.4375 ], [ 563296.25, 2341478.125 ], [ 563290.3125, 2341479.6875 ], [ 563279.6875, 2341480.3125 ], [ 563271.25, 2341483.125 ], [ 563267.1875, 2341486.5625 ], [ 563262.8125, 2341493.4375 ], [ 563256.25, 2341498.125 ], [ 563246.875, 2341500.0 ], [ 563209.6875, 2341499.6875 ], [ 563203.75, 2341498.125 ], [ 563199.0625, 2341495.3125 ], [ 563192.8125, 2341486.5625 ], [ 563188.75, 2341483.125 ], [ 563180.3125, 2341480.3125 ], [ 563169.84375, 2341479.53125 ], [ 563164.6875, 2341477.1875 ], [ 563162.8125, 2341475.3125 ], [ 563160.46875, 2341470.15625 ], [ 563159.6875, 2341459.6875 ], [ 563158.125, 2341453.75 ], [ 563155.3125, 2341449.0625 ], [ 563151.25, 2341445.625 ], [ 563140.3125, 2341441.5625 ], [ 563133.90625, 2341440.46875 ], [ 563119.6875, 2341439.6875 ], [ 563113.75, 2341438.125 ], [ 563107.1875, 2341433.4375 ], [ 563100.9375, 2341424.6875 ], [ 563093.4375, 2341420.9375 ], [ 563086.875, 2341420.0 ], [ 562843.125, 2341420.0 ], [ 562836.5625, 2341419.0625 ], [ 562831.25, 2341416.875 ], [ 562825.625, 2341411.25 ], [ 562802.8125, 2341366.5625 ], [ 562798.75, 2341363.125 ], [ 562790.3125, 2341360.3125 ], [ 562723.125, 2341360.0 ], [ 562716.5625, 2341360.9375 ], [ 562709.0625, 2341364.6875 ], [ 562705.625, 2341368.75 ], [ 562701.40625, 2341375.78125 ], [ 562695.78125, 2341381.40625 ], [ 562691.25, 2341384.375 ], [ 562668.75, 2341395.625 ], [ 562660.3125, 2341398.4375 ], [ 562650.46875, 2341399.84375 ], [ 562639.6875, 2341399.6875 ], [ 562633.75, 2341398.125 ], [ 562627.1875, 2341393.4375 ], [ 562621.40625, 2341384.21875 ], [ 562615.78125, 2341378.59375 ], [ 562611.25, 2341375.625 ], [ 562588.75, 2341364.375 ], [ 562580.3125, 2341357.8125 ], [ 562575.625, 2341351.25 ], [ 562564.375, 2341328.75 ], [ 562557.8125, 2341320.3125 ], [ 562551.25, 2341315.625 ], [ 562526.40625, 2341302.96875 ], [ 562522.1875, 2341299.6875 ], [ 562517.03125, 2341293.59375 ], [ 562504.375, 2341268.75 ], [ 562501.5625, 2341260.3125 ], [ 562500.15625, 2341250.46875 ], [ 562500.0, 2341213.125 ], [ 562499.0625, 2341206.5625 ], [ 562495.3125, 2341199.0625 ], [ 562484.6875, 2341190.9375 ], [ 562480.9375, 2341183.4375 ], [ 562480.0, 2341176.875 ], [ 562480.15625, 2341169.53125 ], [ 562480.9375, 2341162.8125 ], [ 562483.28125, 2341153.90625 ], [ 562485.625, 2341148.75 ], [ 562489.0625, 2341144.6875 ], [ 562496.5625, 2341140.9375 ], [ 562506.875, 2341140.0 ], [ 562520.3125, 2341141.5625 ], [ 562528.75, 2341144.375 ], [ 562553.90625, 2341156.71875 ], [ 562562.8125, 2341159.0625 ], [ 562573.125, 2341160.0 ], [ 562606.875, 2341160.0 ], [ 562620.3125, 2341158.4375 ], [ 562628.75, 2341155.625 ], [ 562633.4375, 2341152.8125 ], [ 562636.875, 2341148.75 ], [ 562639.0625, 2341143.4375 ], [ 562640.0, 2341136.875 ], [ 562640.0, 2341043.125 ], [ 562638.125, 2341033.75 ], [ 562635.3125, 2341029.0625 ], [ 562631.25, 2341025.625 ], [ 562588.75, 2341004.375 ], [ 562584.6875, 2341000.9375 ], [ 562581.875, 2340996.25 ], [ 562580.3125, 2340990.3125 ], [ 562580.0, 2340953.125 ], [ 562579.53125, 2340949.84375 ], [ 562577.1875, 2340944.6875 ], [ 562575.3125, 2340942.8125 ], [ 562570.15625, 2340940.46875 ], [ 562559.6875, 2340939.6875 ], [ 562551.25, 2340936.875 ], [ 562547.1875, 2340933.4375 ], [ 562542.8125, 2340926.5625 ], [ 562536.25, 2340921.875 ], [ 562526.875, 2340920.0 ], [ 562433.125, 2340920.0 ], [ 562426.5625, 2340920.9375 ], [ 562419.0625, 2340924.6875 ], [ 562415.625, 2340928.75 ], [ 562404.375, 2340951.25 ], [ 562401.5625, 2340959.6875 ], [ 562400.0, 2340973.125 ], [ 562399.84375, 2341010.46875 ], [ 562398.4375, 2341020.3125 ], [ 562395.625, 2341028.75 ], [ 562372.8125, 2341073.4375 ], [ 562366.25, 2341078.125 ], [ 562360.3125, 2341079.6875 ], [ 562353.125, 2341080.0 ], [ 562342.8125, 2341079.0625 ], [ 562333.90625, 2341076.71875 ], [ 562308.75, 2341064.375 ], [ 562302.1875, 2341059.6875 ], [ 562298.59375, 2341055.78125 ], [ 562292.8125, 2341046.5625 ], [ 562286.25, 2341041.875 ], [ 562280.3125, 2341040.3125 ], [ 562266.09375, 2341039.53125 ], [ 562256.71875, 2341037.65625 ], [ 562251.25, 2341035.625 ], [ 562228.75, 2341024.375 ], [ 562220.3125, 2341021.5625 ], [ 562206.875, 2341020.0 ], [ 562173.125, 2341020.0 ], [ 562169.84375, 2341019.53125 ], [ 562164.6875, 2341017.1875 ], [ 562161.40625, 2341012.96875 ], [ 562160.0, 2341006.875 ], [ 562160.0, 2340913.125 ], [ 562159.53125, 2340909.84375 ], [ 562157.1875, 2340904.6875 ], [ 562155.3125, 2340902.8125 ], [ 562150.15625, 2340900.46875 ], [ 562053.125, 2340900.0 ], [ 562042.8125, 2340899.0625 ], [ 562033.90625, 2340896.71875 ], [ 562008.75, 2340884.375 ], [ 562000.3125, 2340881.5625 ], [ 561990.46875, 2340880.15625 ], [ 561953.125, 2340880.0 ], [ 561942.8125, 2340879.0625 ], [ 561931.25, 2340875.625 ], [ 561906.09375, 2340863.28125 ], [ 561897.1875, 2340860.9375 ], [ 561886.875, 2340860.0 ], [ 561846.09375, 2340860.46875 ], [ 561836.71875, 2340862.34375 ], [ 561828.75, 2340865.625 ], [ 561824.6875, 2340869.0625 ], [ 561821.875, 2340873.75 ], [ 561820.3125, 2340879.6875 ], [ 561820.0, 2340886.875 ], [ 561818.59375, 2340892.96875 ], [ 561815.3125, 2340897.1875 ], [ 561810.15625, 2340899.53125 ], [ 561769.53125, 2340899.84375 ], [ 561762.8125, 2340899.0625 ], [ 561753.90625, 2340896.71875 ], [ 561746.5625, 2340892.8125 ], [ 561743.125, 2340888.75 ], [ 561740.9375, 2340883.4375 ], [ 561739.6875, 2340869.6875 ], [ 561738.125, 2340863.75 ], [ 561735.3125, 2340859.0625 ], [ 561731.25, 2340855.625 ], [ 561708.75, 2340844.375 ], [ 561703.28125, 2340842.34375 ], [ 561693.90625, 2340840.46875 ], [ 561679.6875, 2340839.6875 ], [ 561673.75, 2340838.125 ], [ 561669.0625, 2340835.3125 ], [ 561662.8125, 2340826.5625 ], [ 561658.75, 2340823.125 ], [ 561653.4375, 2340820.9375 ], [ 561639.6875, 2340819.6875 ], [ 561631.25, 2340816.875 ], [ 561627.1875, 2340813.4375 ], [ 561621.40625, 2340804.21875 ], [ 561615.78125, 2340798.59375 ], [ 561611.25, 2340795.625 ], [ 561588.75, 2340784.375 ], [ 561584.6875, 2340780.9375 ], [ 561581.875, 2340776.25 ], [ 561580.3125, 2340770.3125 ], [ 561580.0, 2340733.125 ], [ 561578.4375, 2340719.6875 ], [ 561574.375, 2340708.75 ], [ 561568.75, 2340703.125 ], [ 561563.4375, 2340700.9375 ], [ 561556.875, 2340700.0 ], [ 561463.125, 2340700.0 ], [ 561456.5625, 2340699.0625 ], [ 561449.0625, 2340695.3125 ], [ 561445.625, 2340691.25 ], [ 561441.40625, 2340684.21875 ], [ 561435.78125, 2340678.59375 ], [ 561404.21875, 2340661.40625 ], [ 561398.59375, 2340655.78125 ], [ 561392.8125, 2340646.5625 ], [ 561388.75, 2340643.125 ], [ 561383.4375, 2340640.9375 ], [ 561376.875, 2340640.0 ], [ 561339.6875, 2340639.6875 ], [ 561333.75, 2340638.125 ], [ 561329.0625, 2340635.3125 ], [ 561325.625, 2340631.25 ], [ 561323.28125, 2340626.09375 ], [ 561321.5625, 2340620.3125 ], [ 561320.15625, 2340610.46875 ], [ 561320.0, 2340513.125 ], [ 561319.0625, 2340506.5625 ], [ 561315.3125, 2340499.0625 ], [ 561306.5625, 2340492.8125 ], [ 561301.875, 2340486.25 ], [ 561300.3125, 2340480.3125 ], [ 561299.53125, 2340466.09375 ], [ 561297.65625, 2340456.71875 ], [ 561294.375, 2340448.75 ], [ 561288.75, 2340443.125 ], [ 561283.4375, 2340440.9375 ], [ 561276.875, 2340440.0 ], [ 561213.125, 2340440.0 ], [ 561206.5625, 2340440.9375 ], [ 561201.25, 2340443.125 ], [ 561197.1875, 2340446.5625 ], [ 561182.8125, 2340473.4375 ], [ 561178.75, 2340476.875 ], [ 561170.3125, 2340479.6875 ], [ 561126.09375, 2340479.53125 ], [ 561113.90625, 2340476.71875 ], [ 561106.5625, 2340472.8125 ], [ 561101.875, 2340466.25 ], [ 561100.3125, 2340460.3125 ], [ 561099.53125, 2340449.84375 ], [ 561098.59375, 2340447.03125 ], [ 561095.3125, 2340442.8125 ], [ 561090.15625, 2340440.46875 ], [ 561079.6875, 2340439.6875 ], [ 561071.25, 2340436.875 ], [ 561065.625, 2340431.25 ], [ 561054.375, 2340408.75 ], [ 561050.9375, 2340404.6875 ], [ 561043.4375, 2340400.9375 ], [ 561033.125, 2340400.0 ], [ 561027.03125, 2340398.59375 ], [ 561024.6875, 2340397.1875 ], [ 561021.40625, 2340392.96875 ], [ 561020.0, 2340386.875 ], [ 561019.6875, 2340319.6875 ], [ 561016.875, 2340311.25 ], [ 561013.4375, 2340307.1875 ], [ 561008.75, 2340304.375 ], [ 561000.3125, 2340301.5625 ], [ 560986.875, 2340300.0 ], [ 560953.125, 2340300.0 ], [ 560939.6875, 2340301.5625 ], [ 560931.25, 2340304.375 ], [ 560906.40625, 2340317.03125 ], [ 560898.59375, 2340324.21875 ], [ 560892.8125, 2340333.4375 ], [ 560886.25, 2340338.125 ], [ 560876.875, 2340340.0 ], [ 560843.125, 2340340.0 ], [ 560836.5625, 2340339.0625 ], [ 560831.25, 2340336.875 ], [ 560825.625, 2340331.25 ], [ 560804.375, 2340288.75 ], [ 560798.75, 2340283.125 ], [ 560793.4375, 2340280.9375 ], [ 560779.6875, 2340279.6875 ], [ 560773.75, 2340278.125 ], [ 560767.1875, 2340273.4375 ], [ 560760.9375, 2340264.6875 ], [ 560753.4375, 2340260.9375 ], [ 560746.875, 2340260.0 ], [ 560713.125, 2340260.0 ], [ 560703.75, 2340258.125 ], [ 560699.0625, 2340255.3125 ], [ 560692.8125, 2340246.5625 ], [ 560688.75, 2340243.125 ], [ 560680.3125, 2340240.3125 ], [ 560666.5625, 2340239.0625 ], [ 560659.0625, 2340235.3125 ], [ 560655.625, 2340231.25 ], [ 560644.375, 2340208.75 ], [ 560640.9375, 2340204.6875 ], [ 560636.25, 2340201.875 ], [ 560626.875, 2340200.0 ], [ 560529.84375, 2340199.53125 ], [ 560524.6875, 2340197.1875 ], [ 560521.40625, 2340192.96875 ], [ 560520.46875, 2340190.15625 ], [ 560519.0625, 2340176.5625 ], [ 560515.3125, 2340169.0625 ], [ 560508.75, 2340164.375 ], [ 560497.1875, 2340160.9375 ], [ 560486.875, 2340160.0 ], [ 560389.84375, 2340159.53125 ], [ 560384.6875, 2340157.1875 ], [ 560381.40625, 2340152.96875 ], [ 560380.46875, 2340150.15625 ], [ 560379.0625, 2340136.5625 ], [ 560376.875, 2340131.25 ], [ 560373.4375, 2340127.1875 ], [ 560366.09375, 2340123.28125 ], [ 560360.3125, 2340121.5625 ], [ 560350.46875, 2340120.15625 ], [ 560313.125, 2340120.0 ], [ 560306.5625, 2340119.0625 ], [ 560299.0625, 2340115.3125 ], [ 560292.8125, 2340106.5625 ], [ 560286.25, 2340101.875 ], [ 560280.3125, 2340100.3125 ], [ 560269.6875, 2340099.6875 ], [ 560261.25, 2340096.875 ], [ 560257.1875, 2340093.4375 ], [ 560252.8125, 2340086.5625 ], [ 560246.25, 2340081.875 ], [ 560236.875, 2340080.0 ], [ 560203.125, 2340080.0 ], [ 560196.5625, 2340079.0625 ], [ 560189.0625, 2340075.3125 ], [ 560180.9375, 2340064.6875 ], [ 560176.25, 2340061.875 ], [ 560170.3125, 2340060.3125 ], [ 560129.53125, 2340059.84375 ], [ 560116.71875, 2340057.65625 ], [ 560111.25, 2340055.625 ], [ 560048.75, 2340024.375 ], [ 560037.1875, 2340020.9375 ], [ 560026.875, 2340020.0 ], [ 559963.125, 2340020.0 ], [ 559956.5625, 2340020.9375 ], [ 559949.0625, 2340024.6875 ], [ 559945.625, 2340028.75 ], [ 559943.28125, 2340033.90625 ], [ 559940.46875, 2340046.09375 ], [ 559940.0, 2340116.875 ], [ 559938.125, 2340126.25 ], [ 559933.4375, 2340132.8125 ], [ 559928.75, 2340135.625 ], [ 559923.28125, 2340137.65625 ], [ 559910.46875, 2340139.84375 ], [ 559903.125, 2340140.0 ], [ 559896.5625, 2340139.0625 ], [ 559891.25, 2340136.875 ], [ 559887.1875, 2340133.4375 ], [ 559883.28125, 2340126.09375 ], [ 559880.9375, 2340117.1875 ], [ 559880.0, 2340106.875 ], [ 559879.84375, 2340009.53125 ], [ 559878.4375, 2339999.6875 ], [ 559875.625, 2339991.25 ], [ 559872.8125, 2339986.5625 ], [ 559868.75, 2339983.125 ], [ 559863.4375, 2339980.9375 ], [ 559849.6875, 2339979.6875 ], [ 559843.75, 2339978.125 ], [ 559839.0625, 2339975.3125 ], [ 559832.8125, 2339966.5625 ], [ 559828.75, 2339963.125 ], [ 559823.4375, 2339960.9375 ], [ 559809.6875, 2339959.6875 ], [ 559803.75, 2339958.125 ], [ 559797.1875, 2339953.4375 ], [ 559790.9375, 2339944.6875 ], [ 559783.4375, 2339940.9375 ], [ 559776.875, 2339940.0 ], [ 559739.6875, 2339939.6875 ], [ 559731.25, 2339936.875 ], [ 559727.1875, 2339933.4375 ], [ 559720.9375, 2339924.6875 ], [ 559713.4375, 2339920.9375 ], [ 559706.875, 2339920.0 ], [ 559673.125, 2339920.0 ], [ 559663.75, 2339918.125 ], [ 559657.1875, 2339913.4375 ], [ 559644.375, 2339888.75 ], [ 559638.75, 2339883.125 ], [ 559633.4375, 2339880.9375 ], [ 559619.6875, 2339879.6875 ], [ 559613.75, 2339878.125 ], [ 559609.0625, 2339875.3125 ], [ 559602.8125, 2339866.5625 ], [ 559598.75, 2339863.125 ], [ 559593.4375, 2339860.9375 ], [ 559579.6875, 2339859.6875 ], [ 559573.75, 2339858.125 ], [ 559569.0625, 2339855.3125 ], [ 559562.8125, 2339846.5625 ], [ 559556.25, 2339841.875 ], [ 559546.875, 2339840.0 ], [ 559509.53125, 2339839.84375 ], [ 559502.8125, 2339839.0625 ], [ 559493.90625, 2339836.71875 ], [ 559426.09375, 2339803.28125 ], [ 559417.1875, 2339800.9375 ], [ 559399.6875, 2339799.6875 ], [ 559393.75, 2339798.125 ], [ 559389.0625, 2339795.3125 ], [ 559382.8125, 2339786.5625 ], [ 559378.75, 2339783.125 ], [ 559373.4375, 2339780.9375 ], [ 559359.6875, 2339779.6875 ], [ 559353.75, 2339778.125 ], [ 559347.1875, 2339773.4375 ], [ 559340.9375, 2339764.6875 ], [ 559333.4375, 2339760.9375 ], [ 559326.875, 2339760.0 ], [ 559229.6875, 2339759.6875 ], [ 559221.25, 2339756.875 ], [ 559217.1875, 2339753.4375 ], [ 559210.9375, 2339744.6875 ], [ 559203.4375, 2339740.9375 ], [ 559196.875, 2339740.0 ], [ 559133.125, 2339740.0 ], [ 559127.03125, 2339738.59375 ], [ 559124.6875, 2339737.1875 ], [ 559121.40625, 2339732.96875 ], [ 559120.46875, 2339730.15625 ], [ 559119.0625, 2339716.5625 ], [ 559116.875, 2339711.25 ], [ 559113.4375, 2339707.1875 ], [ 559108.75, 2339704.375 ], [ 559100.3125, 2339701.5625 ], [ 559093.90625, 2339700.46875 ], [ 559079.6875, 2339699.6875 ], [ 559073.75, 2339698.125 ], [ 559067.1875, 2339693.4375 ], [ 559060.9375, 2339684.6875 ], [ 559053.4375, 2339680.9375 ], [ 559046.875, 2339680.0 ], [ 559009.53125, 2339679.84375 ], [ 558999.6875, 2339678.4375 ], [ 558991.25, 2339675.625 ], [ 558966.09375, 2339663.28125 ], [ 558960.3125, 2339661.5625 ], [ 558950.46875, 2339660.15625 ], [ 558789.6875, 2339659.6875 ], [ 558783.75, 2339658.125 ], [ 558779.0625, 2339655.3125 ], [ 558772.8125, 2339646.5625 ], [ 558768.75, 2339643.125 ], [ 558763.4375, 2339640.9375 ], [ 558756.875, 2339640.0 ], [ 558543.125, 2339640.0 ], [ 558536.5625, 2339639.0625 ], [ 558529.0625, 2339635.3125 ], [ 558520.9375, 2339624.6875 ], [ 558513.4375, 2339620.9375 ], [ 558506.875, 2339620.0 ], [ 558473.125, 2339620.0 ], [ 558463.75, 2339618.125 ], [ 558459.0625, 2339615.3125 ], [ 558452.8125, 2339606.5625 ], [ 558448.75, 2339603.125 ], [ 558443.4375, 2339600.9375 ], [ 558429.6875, 2339599.6875 ], [ 558423.75, 2339598.125 ], [ 558417.1875, 2339593.4375 ], [ 558410.9375, 2339584.6875 ], [ 558403.4375, 2339580.9375 ], [ 558396.875, 2339580.0 ], [ 558333.125, 2339580.0 ], [ 558322.8125, 2339579.0625 ], [ 558311.25, 2339575.625 ], [ 558288.75, 2339564.375 ], [ 558283.28125, 2339562.34375 ], [ 558273.90625, 2339560.46875 ], [ 558259.6875, 2339559.6875 ], [ 558253.75, 2339558.125 ], [ 558249.0625, 2339555.3125 ], [ 558242.8125, 2339546.5625 ], [ 558238.75, 2339543.125 ], [ 558233.4375, 2339540.9375 ], [ 558219.6875, 2339539.6875 ], [ 558213.75, 2339538.125 ], [ 558209.0625, 2339535.3125 ], [ 558202.8125, 2339526.5625 ], [ 558196.25, 2339521.875 ], [ 558186.875, 2339520.0 ], [ 558153.125, 2339520.0 ], [ 558143.75, 2339518.125 ], [ 558139.0625, 2339515.3125 ], [ 558132.8125, 2339506.5625 ], [ 558128.75, 2339503.125 ], [ 558123.4375, 2339500.9375 ], [ 558109.6875, 2339499.6875 ], [ 558103.75, 2339498.125 ], [ 558097.1875, 2339493.4375 ], [ 558090.9375, 2339484.6875 ], [ 558083.4375, 2339480.9375 ], [ 558076.875, 2339480.0 ], [ 558013.125, 2339480.0 ], [ 558002.8125, 2339479.0625 ], [ 557991.25, 2339475.625 ], [ 557966.09375, 2339463.28125 ], [ 557960.3125, 2339461.5625 ], [ 557950.46875, 2339460.15625 ], [ 557583.125, 2339460.0 ], [ 557576.5625, 2339460.9375 ], [ 557571.25, 2339463.125 ], [ 557567.1875, 2339466.5625 ], [ 557560.9375, 2339475.3125 ], [ 557556.25, 2339478.125 ], [ 557550.3125, 2339479.6875 ], [ 557453.125, 2339480.0 ], [ 557446.5625, 2339479.0625 ], [ 557441.25, 2339476.875 ], [ 557437.1875, 2339473.4375 ], [ 557430.9375, 2339464.6875 ], [ 557423.4375, 2339460.9375 ], [ 557416.875, 2339460.0 ], [ 557289.6875, 2339459.6875 ], [ 557283.75, 2339458.125 ], [ 557279.0625, 2339455.3125 ], [ 557272.8125, 2339446.5625 ], [ 557268.75, 2339443.125 ], [ 557263.4375, 2339440.9375 ], [ 557256.875, 2339440.0 ], [ 556773.125, 2339440.0 ], [ 556766.09375, 2339440.46875 ], [ 556756.71875, 2339442.34375 ], [ 556726.09375, 2339456.71875 ], [ 556720.3125, 2339458.4375 ], [ 556710.46875, 2339459.84375 ], [ 556343.125, 2339460.0 ], [ 556336.5625, 2339459.0625 ], [ 556331.25, 2339456.875 ], [ 556327.1875, 2339453.4375 ], [ 556322.8125, 2339446.5625 ], [ 556316.25, 2339441.875 ], [ 556310.3125, 2339440.3125 ], [ 556299.6875, 2339439.6875 ], [ 556291.25, 2339436.875 ], [ 556287.1875, 2339433.4375 ], [ 556280.9375, 2339424.6875 ], [ 556276.25, 2339421.875 ], [ 556270.3125, 2339420.3125 ], [ 556166.09375, 2339419.53125 ], [ 556153.90625, 2339416.71875 ], [ 556126.09375, 2339403.28125 ], [ 556120.3125, 2339401.5625 ], [ 556110.46875, 2339400.15625 ], [ 555946.09375, 2339399.53125 ], [ 555933.90625, 2339396.71875 ], [ 555903.28125, 2339382.34375 ], [ 555897.1875, 2339380.9375 ], [ 555886.875, 2339380.0 ], [ 555793.125, 2339380.0 ], [ 555786.5625, 2339380.9375 ], [ 555779.0625, 2339384.6875 ], [ 555772.8125, 2339393.4375 ], [ 555768.75, 2339396.875 ], [ 555763.4375, 2339399.0625 ], [ 555749.6875, 2339400.3125 ], [ 555743.75, 2339401.875 ], [ 555737.1875, 2339406.5625 ], [ 555730.9375, 2339415.3125 ], [ 555726.25, 2339418.125 ], [ 555720.3125, 2339419.6875 ], [ 555473.125, 2339420.0 ], [ 555462.8125, 2339420.9375 ], [ 555451.25, 2339424.375 ], [ 555426.40625, 2339437.03125 ], [ 555420.3125, 2339442.1875 ], [ 555412.8125, 2339453.4375 ], [ 555408.75, 2339456.875 ], [ 555403.4375, 2339459.0625 ], [ 555389.6875, 2339460.3125 ], [ 555383.75, 2339461.875 ], [ 555379.0625, 2339464.6875 ], [ 555372.8125, 2339473.4375 ], [ 555368.75, 2339476.875 ], [ 555363.4375, 2339479.0625 ], [ 555356.875, 2339480.0 ], [ 555113.125, 2339480.0 ], [ 555106.5625, 2339479.0625 ], [ 555101.25, 2339476.875 ], [ 555097.1875, 2339473.4375 ], [ 555092.8125, 2339466.5625 ], [ 555088.75, 2339463.125 ], [ 555083.4375, 2339460.9375 ], [ 555076.875, 2339460.0 ], [ 554286.09375, 2339459.53125 ], [ 554273.90625, 2339456.71875 ], [ 554248.75, 2339444.375 ], [ 554243.125, 2339438.75 ], [ 554240.3125, 2339430.3125 ], [ 554239.53125, 2339326.09375 ], [ 554236.71875, 2339313.90625 ], [ 554223.28125, 2339286.09375 ], [ 554221.5625, 2339280.3125 ], [ 554220.15625, 2339270.46875 ], [ 554220.0, 2339113.125 ], [ 554221.5625, 2339099.6875 ], [ 554224.375, 2339091.25 ], [ 554229.0625, 2339084.6875 ], [ 554233.75, 2339081.875 ], [ 554243.125, 2339080.0 ], [ 554456.875, 2339080.0 ], [ 554463.4375, 2339080.9375 ], [ 554468.75, 2339083.125 ], [ 554472.8125, 2339086.5625 ], [ 554479.0625, 2339095.3125 ], [ 554483.75, 2339098.125 ], [ 554489.6875, 2339099.6875 ], [ 554586.875, 2339100.0 ], [ 554593.4375, 2339099.0625 ], [ 554598.75, 2339096.875 ], [ 554602.8125, 2339093.4375 ], [ 554609.0625, 2339084.6875 ], [ 554613.75, 2339081.875 ], [ 554619.6875, 2339080.3125 ], [ 554780.3125, 2339079.6875 ], [ 554788.75, 2339076.875 ], [ 554792.8125, 2339073.4375 ], [ 554799.0625, 2339064.6875 ], [ 554806.5625, 2339060.9375 ], [ 554813.125, 2339060.0 ], [ 554850.46875, 2339059.84375 ], [ 554860.3125, 2339058.4375 ], [ 554868.75, 2339055.625 ], [ 554891.25, 2339044.375 ], [ 554895.78125, 2339041.40625 ], [ 554901.40625, 2339035.78125 ], [ 554905.625, 2339028.75 ], [ 554909.0625, 2339024.6875 ], [ 554916.5625, 2339020.9375 ], [ 554923.125, 2339020.0 ], [ 554956.875, 2339020.0 ], [ 554966.25, 2339018.125 ], [ 554970.9375, 2339015.3125 ], [ 554977.1875, 2339006.5625 ], [ 554981.25, 2339003.125 ], [ 554986.5625, 2339000.9375 ], [ 555000.3125, 2338999.6875 ], [ 555006.25, 2338998.125 ], [ 555010.9375, 2338995.3125 ], [ 555017.1875, 2338986.5625 ], [ 555021.25, 2338983.125 ], [ 555026.5625, 2338980.9375 ], [ 555040.3125, 2338979.6875 ], [ 555046.25, 2338978.125 ], [ 555052.8125, 2338973.4375 ], [ 555059.0625, 2338964.6875 ], [ 555066.5625, 2338960.9375 ], [ 555073.125, 2338960.0 ], [ 555106.875, 2338960.0 ], [ 555117.1875, 2338959.0625 ], [ 555126.09375, 2338956.71875 ], [ 555151.25, 2338944.375 ], [ 555159.6875, 2338941.5625 ], [ 555169.53125, 2338940.15625 ], [ 555206.875, 2338940.0 ], [ 555213.4375, 2338939.0625 ], [ 555220.9375, 2338935.3125 ], [ 555227.1875, 2338926.5625 ], [ 555233.75, 2338921.875 ], [ 555239.6875, 2338920.3125 ], [ 555253.90625, 2338919.53125 ], [ 555263.28125, 2338917.65625 ], [ 555268.75, 2338915.625 ], [ 555291.25, 2338904.375 ], [ 555302.8125, 2338900.9375 ], [ 555313.125, 2338900.0 ], [ 555346.875, 2338900.0 ], [ 555353.4375, 2338899.0625 ], [ 555360.9375, 2338895.3125 ], [ 555369.0625, 2338884.6875 ], [ 555376.5625, 2338880.9375 ], [ 555383.125, 2338880.0 ], [ 555416.875, 2338880.0 ], [ 555423.4375, 2338879.0625 ], [ 555430.9375, 2338875.3125 ], [ 555439.0625, 2338864.6875 ], [ 555446.5625, 2338860.9375 ], [ 555453.125, 2338860.0 ], [ 555553.90625, 2338859.53125 ], [ 555566.09375, 2338856.71875 ], [ 555593.90625, 2338843.28125 ], [ 555599.6875, 2338841.5625 ], [ 555609.53125, 2338840.15625 ], [ 555830.3125, 2338840.3125 ], [ 555838.75, 2338843.125 ], [ 555842.8125, 2338846.5625 ], [ 555849.0625, 2338855.3125 ], [ 555856.5625, 2338859.0625 ], [ 555863.125, 2338860.0 ], [ 555930.3125, 2338860.3125 ], [ 555936.25, 2338861.875 ], [ 555940.9375, 2338864.6875 ], [ 555947.1875, 2338873.4375 ], [ 555951.25, 2338876.875 ], [ 555956.5625, 2338879.0625 ], [ 555963.125, 2338880.0 ], [ 556330.46875, 2338879.84375 ], [ 556337.1875, 2338879.0625 ], [ 556346.09375, 2338876.71875 ], [ 556376.71875, 2338862.34375 ], [ 556382.8125, 2338860.9375 ], [ 556393.125, 2338860.0 ], [ 556400.3125, 2338860.3125 ], [ 556406.25, 2338861.875 ], [ 556410.9375, 2338864.6875 ], [ 556417.1875, 2338873.4375 ], [ 556421.25, 2338876.875 ], [ 556426.5625, 2338879.0625 ], [ 556433.125, 2338880.0 ], [ 556736.875, 2338880.0 ], [ 556743.4375, 2338879.0625 ], [ 556748.75, 2338876.875 ], [ 556752.8125, 2338873.4375 ], [ 556759.0625, 2338864.6875 ], [ 556763.75, 2338861.875 ], [ 556769.6875, 2338860.3125 ], [ 556930.3125, 2338859.6875 ], [ 556938.75, 2338856.875 ], [ 556942.8125, 2338853.4375 ], [ 556949.0625, 2338844.6875 ], [ 556953.75, 2338841.875 ], [ 556959.6875, 2338840.3125 ], [ 557090.46875, 2338839.84375 ], [ 557097.1875, 2338839.0625 ], [ 557106.09375, 2338836.71875 ], [ 557133.90625, 2338823.28125 ], [ 557146.09375, 2338820.46875 ], [ 557280.3125, 2338819.6875 ], [ 557286.25, 2338818.125 ], [ 557290.9375, 2338815.3125 ], [ 557297.1875, 2338806.5625 ], [ 557301.25, 2338803.125 ], [ 557306.5625, 2338800.9375 ], [ 557313.125, 2338800.0 ], [ 557376.875, 2338800.0 ], [ 557383.4375, 2338800.9375 ], [ 557390.9375, 2338804.6875 ], [ 557399.0625, 2338815.3125 ], [ 557403.75, 2338818.125 ], [ 557409.6875, 2338819.6875 ], [ 557513.90625, 2338819.53125 ], [ 557526.09375, 2338816.71875 ], [ 557551.25, 2338804.375 ], [ 557559.6875, 2338797.8125 ], [ 557567.1875, 2338786.5625 ], [ 557571.25, 2338783.125 ], [ 557576.5625, 2338780.9375 ], [ 557590.3125, 2338779.6875 ], [ 557596.25, 2338778.125 ], [ 557600.9375, 2338775.3125 ], [ 557607.1875, 2338766.5625 ], [ 557611.25, 2338763.125 ], [ 557616.5625, 2338760.9375 ], [ 557623.125, 2338760.0 ], [ 557720.3125, 2338760.3125 ], [ 557726.25, 2338761.875 ], [ 557730.9375, 2338764.6875 ], [ 557737.1875, 2338773.4375 ], [ 557741.25, 2338776.875 ], [ 557746.5625, 2338779.0625 ], [ 557753.125, 2338780.0 ], [ 557880.3125, 2338779.6875 ], [ 557886.25, 2338778.125 ], [ 557890.9375, 2338775.3125 ], [ 557897.1875, 2338766.5625 ], [ 557901.25, 2338763.125 ], [ 557906.5625, 2338760.9375 ], [ 557913.125, 2338760.0 ], [ 557946.875, 2338760.0 ], [ 557953.4375, 2338760.9375 ], [ 557960.9375, 2338764.6875 ], [ 557967.1875, 2338773.4375 ], [ 557971.25, 2338776.875 ], [ 557976.5625, 2338779.0625 ], [ 557983.125, 2338780.0 ], [ 558166.875, 2338780.0 ], [ 558173.4375, 2338779.0625 ], [ 558178.75, 2338776.875 ], [ 558182.8125, 2338773.4375 ], [ 558189.0625, 2338764.6875 ], [ 558196.5625, 2338760.9375 ], [ 558203.125, 2338760.0 ], [ 558236.875, 2338760.0 ], [ 558246.25, 2338758.125 ], [ 558252.8125, 2338753.4375 ], [ 558259.0625, 2338744.6875 ], [ 558263.75, 2338741.875 ], [ 558269.6875, 2338740.3125 ], [ 558486.875, 2338740.0 ], [ 558496.25, 2338741.875 ], [ 558502.8125, 2338746.5625 ], [ 558515.625, 2338771.25 ], [ 558521.25, 2338776.875 ], [ 558526.5625, 2338779.0625 ], [ 558533.125, 2338780.0 ], [ 558566.875, 2338780.0 ], [ 558573.4375, 2338780.9375 ], [ 558580.9375, 2338784.6875 ], [ 558589.0625, 2338795.3125 ], [ 558596.5625, 2338799.0625 ], [ 558603.125, 2338800.0 ], [ 558790.3125, 2338800.3125 ], [ 558796.25, 2338801.875 ], [ 558802.8125, 2338806.5625 ], [ 558815.625, 2338831.25 ], [ 558819.0625, 2338835.3125 ], [ 558823.75, 2338838.125 ], [ 558833.125, 2338840.0 ], [ 558866.875, 2338840.0 ], [ 558877.1875, 2338840.9375 ], [ 558888.75, 2338844.375 ], [ 558911.25, 2338855.625 ], [ 558916.71875, 2338857.65625 ], [ 558926.09375, 2338859.53125 ], [ 558940.3125, 2338860.3125 ], [ 558946.25, 2338861.875 ], [ 558952.8125, 2338866.5625 ], [ 558958.59375, 2338875.78125 ], [ 558964.21875, 2338881.40625 ], [ 558968.75, 2338884.375 ], [ 558991.25, 2338895.625 ], [ 558999.6875, 2338902.1875 ], [ 559004.375, 2338908.75 ], [ 559015.625, 2338931.25 ], [ 559019.0625, 2338935.3125 ], [ 559026.5625, 2338939.0625 ], [ 559040.3125, 2338940.3125 ], [ 559048.75, 2338943.125 ], [ 559052.8125, 2338946.5625 ], [ 559058.59375, 2338955.78125 ], [ 559064.21875, 2338961.40625 ], [ 559068.75, 2338964.375 ], [ 559091.25, 2338975.625 ], [ 559097.8125, 2338980.3125 ], [ 559104.375, 2338988.75 ], [ 559115.625, 2339011.25 ], [ 559121.25, 2339016.875 ], [ 559129.6875, 2339019.6875 ], [ 559166.875, 2339020.0 ], [ 559173.4375, 2339020.9375 ], [ 559178.75, 2339023.125 ], [ 559184.375, 2339028.75 ], [ 559197.03125, 2339053.59375 ], [ 559200.3125, 2339057.8125 ], [ 559206.40625, 2339062.96875 ], [ 559311.25, 2339115.625 ], [ 559316.71875, 2339117.65625 ], [ 559326.09375, 2339119.53125 ], [ 559366.875, 2339120.0 ], [ 559372.96875, 2339121.40625 ], [ 559375.3125, 2339122.8125 ], [ 559378.59375, 2339127.03125 ], [ 559379.53125, 2339129.84375 ], [ 559380.9375, 2339143.4375 ], [ 559383.125, 2339148.75 ], [ 559386.5625, 2339152.8125 ], [ 559391.25, 2339155.625 ], [ 559396.71875, 2339157.65625 ], [ 559406.09375, 2339159.53125 ], [ 559446.875, 2339160.0 ], [ 559453.4375, 2339160.9375 ], [ 559458.75, 2339163.125 ], [ 559464.375, 2339168.75 ], [ 559475.625, 2339191.25 ], [ 559480.3125, 2339197.8125 ], [ 559488.75, 2339204.375 ], [ 559511.25, 2339215.625 ], [ 559522.8125, 2339219.0625 ], [ 559540.3125, 2339220.3125 ], [ 559546.25, 2339221.875 ], [ 559552.8125, 2339226.5625 ], [ 559559.0625, 2339235.3125 ], [ 559566.5625, 2339239.0625 ], [ 559573.125, 2339240.0 ], [ 559606.875, 2339240.0 ], [ 559616.25, 2339241.875 ], [ 559622.8125, 2339246.5625 ], [ 559629.0625, 2339255.3125 ], [ 559636.5625, 2339259.0625 ], [ 559643.125, 2339260.0 ], [ 559706.875, 2339260.0 ], [ 559716.25, 2339261.875 ], [ 559720.9375, 2339264.6875 ], [ 559724.375, 2339268.75 ], [ 559737.1875, 2339293.4375 ], [ 559741.25, 2339296.875 ], [ 559749.6875, 2339299.6875 ], [ 559913.90625, 2339300.46875 ], [ 559926.09375, 2339303.28125 ], [ 559953.90625, 2339316.71875 ], [ 559966.09375, 2339319.53125 ], [ 560070.46875, 2339320.15625 ], [ 560077.1875, 2339320.9375 ], [ 560086.09375, 2339323.28125 ], [ 560113.90625, 2339336.71875 ], [ 560126.09375, 2339339.53125 ], [ 560230.3125, 2339340.3125 ], [ 560238.75, 2339343.125 ], [ 560242.8125, 2339346.5625 ], [ 560249.0625, 2339355.3125 ], [ 560253.75, 2339358.125 ], [ 560259.6875, 2339359.6875 ], [ 560416.875, 2339360.0 ], [ 560423.4375, 2339360.9375 ], [ 560428.75, 2339363.125 ], [ 560432.8125, 2339366.5625 ], [ 560439.0625, 2339375.3125 ], [ 560443.75, 2339378.125 ], [ 560449.6875, 2339379.6875 ], [ 560610.3125, 2339380.3125 ], [ 560616.25, 2339381.875 ], [ 560620.9375, 2339384.6875 ], [ 560627.1875, 2339393.4375 ], [ 560631.25, 2339396.875 ], [ 560636.5625, 2339399.0625 ], [ 560643.125, 2339400.0 ], [ 560920.3125, 2339400.3125 ], [ 560926.25, 2339401.875 ], [ 560930.9375, 2339404.6875 ], [ 560937.1875, 2339413.4375 ], [ 560941.25, 2339416.875 ], [ 560946.5625, 2339419.0625 ], [ 560960.3125, 2339420.3125 ], [ 560966.25, 2339421.875 ], [ 560970.9375, 2339424.6875 ], [ 560977.1875, 2339433.4375 ], [ 560981.25, 2339436.875 ], [ 560986.5625, 2339439.0625 ], [ 560993.125, 2339440.0 ], [ 561090.3125, 2339439.6875 ], [ 561098.75, 2339436.875 ], [ 561102.8125, 2339433.4375 ], [ 561109.0625, 2339424.6875 ], [ 561116.5625, 2339420.9375 ], [ 561123.125, 2339420.0 ], [ 561160.3125, 2339420.3125 ], [ 561168.75, 2339423.125 ], [ 561172.8125, 2339426.5625 ], [ 561179.0625, 2339435.3125 ], [ 561186.5625, 2339439.0625 ], [ 561193.125, 2339440.0 ], [ 561226.875, 2339440.0 ], [ 561233.4375, 2339440.9375 ], [ 561238.75, 2339443.125 ], [ 561244.375, 2339448.75 ], [ 561257.1875, 2339473.4375 ], [ 561263.75, 2339478.125 ], [ 561273.125, 2339480.0 ], [ 561366.875, 2339480.0 ], [ 561373.90625, 2339479.53125 ], [ 561383.28125, 2339477.65625 ], [ 561391.25, 2339474.375 ], [ 561396.875, 2339468.75 ], [ 561399.6875, 2339460.3125 ], [ 561400.46875, 2339449.84375 ], [ 561401.40625, 2339447.03125 ], [ 561404.6875, 2339442.8125 ], [ 561409.84375, 2339440.46875 ], [ 561420.3125, 2339439.6875 ], [ 561428.75, 2339436.875 ], [ 561432.8125, 2339433.4375 ], [ 561437.1875, 2339426.5625 ], [ 561441.25, 2339423.125 ], [ 561446.5625, 2339420.9375 ], [ 561453.125, 2339420.0 ], [ 561493.90625, 2339420.46875 ], [ 561506.09375, 2339423.28125 ], [ 561536.71875, 2339437.65625 ], [ 561546.09375, 2339439.53125 ], [ 561560.3125, 2339440.3125 ], [ 561566.25, 2339441.875 ], [ 561572.8125, 2339446.5625 ], [ 561579.0625, 2339455.3125 ], [ 561586.5625, 2339459.0625 ], [ 561593.125, 2339460.0 ], [ 561626.875, 2339460.0 ], [ 561630.15625, 2339460.46875 ], [ 561635.3125, 2339462.8125 ], [ 561638.59375, 2339467.03125 ], [ 561640.0, 2339473.125 ], [ 561640.15625, 2339510.46875 ], [ 561640.9375, 2339517.1875 ], [ 561643.28125, 2339526.09375 ], [ 561647.1875, 2339533.4375 ], [ 561651.25, 2339536.875 ], [ 561656.5625, 2339539.0625 ], [ 561663.125, 2339540.0 ], [ 561726.875, 2339540.0 ], [ 561733.90625, 2339539.53125 ], [ 561743.28125, 2339537.65625 ], [ 561751.25, 2339534.375 ], [ 561756.875, 2339528.75 ], [ 561759.0625, 2339523.4375 ], [ 561760.0, 2339513.125 ], [ 561761.40625, 2339507.03125 ], [ 561762.8125, 2339504.6875 ], [ 561767.03125, 2339501.40625 ], [ 561773.125, 2339500.0 ], [ 561836.875, 2339500.0 ], [ 561843.4375, 2339499.0625 ], [ 561850.9375, 2339495.3125 ], [ 561854.375, 2339491.25 ], [ 561858.59375, 2339484.21875 ], [ 561866.40625, 2339477.03125 ], [ 561893.90625, 2339463.28125 ], [ 561899.6875, 2339461.5625 ], [ 561909.53125, 2339460.15625 ], [ 561946.875, 2339460.0 ], [ 561950.15625, 2339460.46875 ], [ 561955.3125, 2339462.8125 ], [ 561957.1875, 2339464.6875 ], [ 561959.53125, 2339469.84375 ], [ 561960.3125, 2339510.3125 ], [ 561961.875, 2339516.25 ], [ 561964.6875, 2339520.9375 ], [ 561968.75, 2339524.375 ], [ 562033.90625, 2339556.71875 ], [ 562042.8125, 2339559.0625 ], [ 562053.125, 2339560.0 ], [ 562153.90625, 2339560.46875 ], [ 562166.09375, 2339563.28125 ], [ 562191.25, 2339575.625 ], [ 562199.6875, 2339578.4375 ], [ 562213.125, 2339580.0 ], [ 562246.875, 2339580.0 ], [ 562253.90625, 2339579.53125 ], [ 562263.28125, 2339577.65625 ], [ 562293.90625, 2339563.28125 ], [ 562306.09375, 2339560.46875 ], [ 562436.875, 2339560.0 ], [ 562443.4375, 2339559.0625 ], [ 562450.9375, 2339555.3125 ], [ 562460.3125, 2339542.1875 ], [ 562468.75, 2339535.625 ], [ 562493.90625, 2339523.28125 ], [ 562502.8125, 2339520.9375 ], [ 562513.125, 2339520.0 ], [ 562520.3125, 2339520.3125 ], [ 562528.75, 2339523.125 ], [ 562532.8125, 2339526.5625 ], [ 562539.0625, 2339535.3125 ], [ 562546.5625, 2339539.0625 ], [ 562553.125, 2339540.0 ], [ 562590.46875, 2339540.15625 ], [ 562600.3125, 2339541.5625 ], [ 562608.75, 2339544.375 ], [ 562631.25, 2339555.625 ], [ 562642.8125, 2339559.0625 ], [ 562653.125, 2339560.0 ], [ 562746.875, 2339560.0 ], [ 562752.96875, 2339558.59375 ], [ 562757.1875, 2339555.3125 ], [ 562758.59375, 2339552.96875 ], [ 562760.0, 2339546.875 ], [ 562760.0, 2339483.125 ], [ 562759.0625, 2339476.5625 ], [ 562756.875, 2339471.25 ], [ 562753.4375, 2339467.1875 ], [ 562726.5625, 2339452.8125 ], [ 562723.125, 2339448.75 ], [ 562720.3125, 2339440.3125 ], [ 562720.3125, 2339309.6875 ], [ 562721.875, 2339303.75 ], [ 562726.5625, 2339297.1875 ], [ 562751.25, 2339284.375 ], [ 562756.71875, 2339282.34375 ], [ 562766.09375, 2339280.46875 ], [ 562780.3125, 2339280.3125 ], [ 562786.25, 2339281.875 ], [ 562790.9375, 2339284.6875 ], [ 562797.1875, 2339293.4375 ], [ 562803.75, 2339298.125 ], [ 562809.6875, 2339299.6875 ], [ 562823.4375, 2339300.9375 ], [ 562830.9375, 2339304.6875 ], [ 562840.3125, 2339317.8125 ], [ 562844.21875, 2339321.40625 ], [ 562853.4375, 2339327.1875 ], [ 562856.875, 2339331.25 ], [ 562859.6875, 2339339.6875 ], [ 562860.9375, 2339353.4375 ], [ 562864.6875, 2339360.9375 ], [ 562868.75, 2339364.375 ], [ 562891.25, 2339375.625 ], [ 562897.8125, 2339380.3125 ], [ 562902.96875, 2339386.40625 ], [ 562915.625, 2339411.25 ], [ 562920.3125, 2339417.8125 ], [ 562928.75, 2339424.375 ], [ 562951.25, 2339435.625 ], [ 562955.3125, 2339439.0625 ], [ 562958.125, 2339443.75 ], [ 562960.0, 2339453.125 ], [ 562960.0, 2339546.875 ], [ 562960.9375, 2339557.1875 ], [ 562964.375, 2339568.75 ], [ 563015.625, 2339671.25 ], [ 563017.65625, 2339676.71875 ], [ 563019.0625, 2339682.8125 ], [ 563020.0, 2339693.125 ], [ 563020.0, 2339756.875 ], [ 563020.9375, 2339763.4375 ], [ 563023.125, 2339768.75 ], [ 563026.5625, 2339772.8125 ], [ 563035.78125, 2339778.59375 ], [ 563041.40625, 2339784.21875 ], [ 563057.03125, 2339813.59375 ], [ 563062.1875, 2339819.6875 ], [ 563068.75, 2339824.375 ], [ 563091.25, 2339835.625 ], [ 563099.6875, 2339838.4375 ], [ 563113.125, 2339840.0 ], [ 563146.875, 2339840.0 ], [ 563152.96875, 2339841.40625 ], [ 563155.3125, 2339842.8125 ], [ 563158.59375, 2339847.03125 ], [ 563159.53125, 2339849.84375 ], [ 563160.9375, 2339863.4375 ], [ 563163.125, 2339868.75 ], [ 563166.5625, 2339872.8125 ], [ 563173.90625, 2339876.71875 ], [ 563179.6875, 2339878.4375 ], [ 563189.53125, 2339879.84375 ], [ 563230.3125, 2339880.3125 ], [ 563236.25, 2339881.875 ], [ 563240.9375, 2339884.6875 ], [ 563244.375, 2339888.75 ], [ 563255.625, 2339911.25 ], [ 563259.0625, 2339922.8125 ], [ 563260.0, 2339933.125 ], [ 563260.0, 2339996.875 ], [ 563260.9375, 2340003.4375 ], [ 563263.125, 2340008.75 ], [ 563266.5625, 2340012.8125 ], [ 563273.90625, 2340016.71875 ], [ 563282.8125, 2340019.0625 ], [ 563293.125, 2340020.0 ], [ 563386.875, 2340020.0 ], [ 563397.1875, 2340019.0625 ], [ 563408.75, 2340015.625 ], [ 563415.3125, 2340010.9375 ], [ 563419.0625, 2340003.4375 ], [ 563420.0, 2339996.875 ], [ 563420.3125, 2339959.6875 ], [ 563423.125, 2339951.25 ], [ 563428.75, 2339945.625 ], [ 563471.25, 2339924.375 ], [ 563479.6875, 2339921.5625 ], [ 563493.125, 2339920.0 ], [ 563556.875, 2339920.0 ], [ 563566.25, 2339918.125 ], [ 563572.8125, 2339913.4375 ], [ 563578.59375, 2339904.21875 ], [ 563584.21875, 2339898.59375 ], [ 563615.78125, 2339881.40625 ], [ 563621.40625, 2339875.78125 ], [ 563627.1875, 2339866.5625 ], [ 563631.25, 2339863.125 ], [ 563636.5625, 2339860.9375 ], [ 563650.3125, 2339859.6875 ], [ 563656.25, 2339858.125 ], [ 563660.9375, 2339855.3125 ], [ 563667.1875, 2339846.5625 ], [ 563671.25, 2339843.125 ], [ 563676.5625, 2339840.9375 ], [ 563686.875, 2339840.0 ], [ 563697.1875, 2339840.9375 ], [ 563706.09375, 2339843.28125 ], [ 563731.25, 2339855.625 ], [ 563739.6875, 2339862.1875 ], [ 563749.0625, 2339875.3125 ], [ 563753.75, 2339878.125 ], [ 563759.6875, 2339879.6875 ], [ 563833.90625, 2339879.53125 ], [ 563846.09375, 2339876.71875 ], [ 563876.71875, 2339862.34375 ], [ 563889.53125, 2339860.15625 ], [ 563896.875, 2339860.0 ], [ 563903.4375, 2339860.9375 ], [ 563910.9375, 2339864.6875 ], [ 563914.375, 2339868.75 ], [ 563918.59375, 2339875.78125 ], [ 563924.21875, 2339881.40625 ], [ 563955.78125, 2339898.59375 ], [ 563961.40625, 2339904.21875 ], [ 563967.1875, 2339913.4375 ], [ 563971.25, 2339916.875 ], [ 563976.5625, 2339919.0625 ], [ 563983.125, 2339920.0 ], [ 564046.875, 2339920.0 ], [ 564052.96875, 2339921.40625 ], [ 564055.3125, 2339922.8125 ], [ 564058.59375, 2339927.03125 ], [ 564059.53125, 2339929.84375 ], [ 564060.9375, 2339943.4375 ], [ 564064.6875, 2339950.9375 ], [ 564068.75, 2339954.375 ], [ 564073.90625, 2339956.71875 ], [ 564079.6875, 2339958.4375 ], [ 564089.53125, 2339959.84375 ], [ 564156.875, 2339960.0 ], [ 564163.4375, 2339959.0625 ], [ 564168.75, 2339956.875 ], [ 564174.375, 2339951.25 ], [ 564176.71875, 2339946.09375 ], [ 564179.0625, 2339937.1875 ], [ 564180.0, 2339926.875 ], [ 564180.0, 2339893.125 ], [ 564180.46875, 2339889.84375 ], [ 564182.8125, 2339884.6875 ], [ 564187.03125, 2339881.40625 ], [ 564193.125, 2339880.0 ], [ 564226.875, 2339880.0 ], [ 564233.4375, 2339880.9375 ], [ 564240.9375, 2339884.6875 ], [ 564247.1875, 2339893.4375 ], [ 564251.25, 2339896.875 ], [ 564256.5625, 2339899.0625 ], [ 564266.875, 2339900.0 ], [ 564272.96875, 2339901.40625 ], [ 564277.1875, 2339904.6875 ], [ 564279.53125, 2339909.84375 ], [ 564280.0, 2340036.875 ], [ 564280.9375, 2340043.4375 ], [ 564284.6875, 2340050.9375 ], [ 564288.75, 2340054.375 ], [ 564293.90625, 2340056.71875 ], [ 564299.6875, 2340058.4375 ], [ 564309.53125, 2340059.84375 ], [ 564376.875, 2340060.0 ], [ 564383.4375, 2340059.0625 ], [ 564388.75, 2340056.875 ], [ 564392.8125, 2340053.4375 ], [ 564405.625, 2340028.75 ], [ 564409.0625, 2340024.6875 ], [ 564416.5625, 2340020.9375 ], [ 564430.3125, 2340019.6875 ], [ 564438.75, 2340016.875 ], [ 564442.8125, 2340013.4375 ], [ 564447.1875, 2340006.5625 ], [ 564453.75, 2340001.875 ], [ 564463.125, 2340000.0 ], [ 564526.875, 2340000.0 ], [ 564532.96875, 2339998.59375 ], [ 564535.3125, 2339997.1875 ], [ 564538.59375, 2339992.96875 ], [ 564539.53125, 2339990.15625 ], [ 564540.9375, 2339976.5625 ], [ 564543.125, 2339971.25 ], [ 564546.5625, 2339967.1875 ], [ 564553.59375, 2339962.96875 ], [ 564559.6875, 2339957.8125 ], [ 564569.0625, 2339944.6875 ], [ 564576.5625, 2339940.9375 ], [ 564590.3125, 2339939.6875 ], [ 564598.75, 2339936.875 ], [ 564602.8125, 2339933.4375 ], [ 564607.1875, 2339926.5625 ], [ 564613.75, 2339921.875 ], [ 564623.125, 2339920.0 ], [ 564686.875, 2339920.0 ], [ 564690.15625, 2339919.53125 ], [ 564695.3125, 2339917.1875 ], [ 564698.59375, 2339912.96875 ], [ 564700.0, 2339906.875 ], [ 564700.0, 2339843.125 ], [ 564700.9375, 2339836.5625 ], [ 564704.6875, 2339829.0625 ], [ 564708.75, 2339825.625 ], [ 564791.25, 2339784.375 ], [ 564795.78125, 2339781.40625 ], [ 564802.96875, 2339773.59375 ], [ 564818.59375, 2339744.21875 ], [ 564824.21875, 2339738.59375 ], [ 564833.4375, 2339732.8125 ], [ 564836.875, 2339728.75 ], [ 564839.6875, 2339720.3125 ], [ 564840.9375, 2339706.5625 ], [ 564843.125, 2339701.25 ], [ 564846.5625, 2339697.1875 ], [ 564875.78125, 2339681.40625 ], [ 564881.40625, 2339675.78125 ], [ 564887.1875, 2339666.5625 ], [ 564891.25, 2339663.125 ], [ 564899.6875, 2339660.3125 ], [ 564913.90625, 2339659.53125 ], [ 564923.28125, 2339657.65625 ], [ 564928.75, 2339655.625 ], [ 564953.59375, 2339642.96875 ], [ 564957.8125, 2339639.6875 ], [ 564962.96875, 2339633.59375 ], [ 564975.625, 2339608.75 ], [ 564981.25, 2339603.125 ], [ 564986.5625, 2339600.9375 ], [ 564993.125, 2339600.0 ], [ 565026.875, 2339600.0 ], [ 565040.3125, 2339601.5625 ], [ 565048.75, 2339604.375 ], [ 565091.25, 2339625.625 ], [ 565096.875, 2339631.25 ], [ 565099.6875, 2339639.6875 ], [ 565099.53125, 2339653.90625 ], [ 565098.4375, 2339660.3125 ], [ 565095.625, 2339668.75 ], [ 565092.8125, 2339673.4375 ], [ 565086.25, 2339678.125 ], [ 565080.3125, 2339679.6875 ], [ 565069.84375, 2339680.46875 ], [ 565067.03125, 2339681.40625 ], [ 565062.8125, 2339684.6875 ], [ 565060.46875, 2339689.84375 ], [ 565059.0625, 2339703.4375 ], [ 565056.875, 2339708.75 ], [ 565053.4375, 2339712.8125 ], [ 565046.09375, 2339716.71875 ], [ 565033.90625, 2339719.53125 ], [ 564993.125, 2339720.0 ], [ 564979.6875, 2339721.5625 ], [ 564971.25, 2339724.375 ], [ 564948.75, 2339735.625 ], [ 564940.3125, 2339742.1875 ], [ 564935.625, 2339748.75 ], [ 564924.375, 2339771.25 ], [ 564921.40625, 2339775.78125 ], [ 564915.78125, 2339781.40625 ], [ 564906.5625, 2339787.1875 ], [ 564901.875, 2339793.75 ], [ 564900.0, 2339803.125 ], [ 564900.0, 2339836.875 ], [ 564899.0625, 2339843.4375 ], [ 564896.875, 2339848.75 ], [ 564893.4375, 2339852.8125 ], [ 564886.40625, 2339857.03125 ], [ 564880.3125, 2339862.1875 ], [ 564870.9375, 2339875.3125 ], [ 564866.25, 2339878.125 ], [ 564860.3125, 2339879.6875 ], [ 564823.125, 2339880.0 ], [ 564813.75, 2339881.875 ], [ 564807.1875, 2339886.5625 ], [ 564794.375, 2339911.25 ], [ 564788.75, 2339916.875 ], [ 564783.4375, 2339919.0625 ], [ 564776.875, 2339920.0 ], [ 564739.6875, 2339920.3125 ], [ 564733.75, 2339921.875 ], [ 564727.1875, 2339926.5625 ], [ 564723.28125, 2339933.90625 ], [ 564720.46875, 2339946.09375 ], [ 564720.15625, 2339990.46875 ], [ 564720.9375, 2339997.1875 ], [ 564723.28125, 2340006.09375 ], [ 564736.71875, 2340033.90625 ], [ 564739.53125, 2340046.09375 ], [ 564740.0, 2340086.875 ], [ 564738.59375, 2340092.96875 ], [ 564735.3125, 2340097.1875 ], [ 564732.96875, 2340098.59375 ], [ 564726.875, 2340100.0 ], [ 564693.125, 2340100.0 ], [ 564689.84375, 2340099.53125 ], [ 564684.6875, 2340097.1875 ], [ 564681.40625, 2340092.96875 ], [ 564680.0, 2340086.875 ], [ 564679.53125, 2340049.84375 ], [ 564677.1875, 2340044.6875 ], [ 564672.96875, 2340041.40625 ], [ 564666.875, 2340040.0 ], [ 564603.125, 2340040.0 ], [ 564596.5625, 2340040.9375 ], [ 564589.0625, 2340044.6875 ], [ 564582.8125, 2340053.4375 ], [ 564578.75, 2340056.875 ], [ 564573.4375, 2340059.0625 ], [ 564559.6875, 2340060.3125 ], [ 564553.75, 2340061.875 ], [ 564549.0625, 2340064.6875 ], [ 564545.625, 2340068.75 ], [ 564542.34375, 2340076.71875 ], [ 564540.46875, 2340086.09375 ], [ 564540.0, 2340126.875 ], [ 564539.0625, 2340137.1875 ], [ 564537.65625, 2340143.28125 ], [ 564534.375, 2340151.25 ], [ 564528.75, 2340156.875 ], [ 564520.3125, 2340159.6875 ], [ 564483.125, 2340160.0 ], [ 564473.75, 2340161.875 ], [ 564469.0625, 2340164.6875 ], [ 564462.8125, 2340173.4375 ], [ 564458.75, 2340176.875 ], [ 564453.4375, 2340179.0625 ], [ 564439.6875, 2340180.3125 ], [ 564433.75, 2340181.875 ], [ 564427.1875, 2340186.5625 ], [ 564420.9375, 2340195.3125 ], [ 564413.4375, 2340199.0625 ], [ 564406.875, 2340200.0 ], [ 564306.09375, 2340200.46875 ], [ 564293.90625, 2340203.28125 ], [ 564268.75, 2340215.625 ], [ 564264.6875, 2340219.0625 ], [ 564260.9375, 2340226.5625 ], [ 564260.0, 2340233.125 ], [ 564260.0, 2340266.875 ], [ 564258.59375, 2340272.96875 ], [ 564255.3125, 2340277.1875 ], [ 564250.15625, 2340279.53125 ], [ 564239.6875, 2340280.3125 ], [ 564231.25, 2340283.125 ], [ 564227.1875, 2340286.5625 ], [ 564221.40625, 2340295.78125 ], [ 564215.78125, 2340301.40625 ], [ 564184.21875, 2340318.59375 ], [ 564177.03125, 2340326.40625 ], [ 564164.375, 2340351.25 ], [ 564158.75, 2340356.875 ], [ 564153.4375, 2340359.0625 ], [ 564146.875, 2340360.0 ], [ 564113.125, 2340360.0 ], [ 564107.03125, 2340361.40625 ], [ 564102.8125, 2340364.6875 ], [ 564101.40625, 2340367.03125 ], [ 564100.0, 2340373.125 ], [ 564100.0, 2340436.875 ], [ 564101.875, 2340446.25 ], [ 564104.6875, 2340450.9375 ], [ 564108.75, 2340454.375 ], [ 564119.6875, 2340458.4375 ], [ 564133.125, 2340460.0 ], [ 564166.875, 2340460.0 ], [ 564176.25, 2340461.875 ], [ 564182.8125, 2340466.5625 ], [ 564189.0625, 2340475.3125 ], [ 564196.5625, 2340479.0625 ], [ 564203.125, 2340480.0 ], [ 564266.875, 2340480.0 ], [ 564273.4375, 2340480.9375 ], [ 564280.9375, 2340484.6875 ], [ 564287.1875, 2340493.4375 ], [ 564293.75, 2340498.125 ], [ 564299.6875, 2340499.6875 ], [ 564313.90625, 2340500.46875 ], [ 564323.28125, 2340502.34375 ], [ 564328.75, 2340504.375 ], [ 564351.25, 2340515.625 ], [ 564362.8125, 2340519.0625 ], [ 564373.125, 2340520.0 ], [ 564406.875, 2340520.0 ], [ 564413.4375, 2340520.9375 ], [ 564420.9375, 2340524.6875 ], [ 564429.0625, 2340535.3125 ], [ 564436.5625, 2340539.0625 ], [ 564443.125, 2340540.0 ], [ 564476.875, 2340540.0 ], [ 564483.4375, 2340540.9375 ], [ 564490.9375, 2340544.6875 ], [ 564497.1875, 2340553.4375 ], [ 564503.75, 2340558.125 ], [ 564509.6875, 2340559.6875 ], [ 564520.3125, 2340560.3125 ], [ 564528.75, 2340563.125 ], [ 564532.8125, 2340566.5625 ], [ 564537.1875, 2340573.4375 ], [ 564543.75, 2340578.125 ], [ 564553.125, 2340580.0 ], [ 564593.90625, 2340580.46875 ], [ 564603.28125, 2340582.34375 ], [ 564611.25, 2340585.625 ], [ 564615.3125, 2340589.0625 ], [ 564618.125, 2340593.75 ], [ 564619.6875, 2340599.6875 ], [ 564620.0, 2340606.875 ], [ 564621.40625, 2340612.96875 ], [ 564624.6875, 2340617.1875 ], [ 564629.84375, 2340619.53125 ], [ 564786.875, 2340620.0 ], [ 564793.4375, 2340620.9375 ], [ 564798.75, 2340623.125 ], [ 564802.8125, 2340626.5625 ], [ 564815.625, 2340651.25 ], [ 564819.0625, 2340655.3125 ], [ 564823.75, 2340658.125 ], [ 564833.125, 2340660.0 ], [ 564870.46875, 2340660.15625 ], [ 564883.28125, 2340662.34375 ], [ 564888.75, 2340664.375 ], [ 564951.25, 2340695.625 ], [ 564962.8125, 2340699.0625 ], [ 564973.125, 2340700.0 ], [ 565246.875, 2340700.0 ], [ 565253.4375, 2340699.0625 ], [ 565258.75, 2340696.875 ], [ 565262.8125, 2340693.4375 ], [ 565267.1875, 2340686.5625 ], [ 565271.25, 2340683.125 ], [ 565276.5625, 2340680.9375 ], [ 565283.125, 2340680.0 ], [ 565350.3125, 2340680.3125 ], [ 565356.25, 2340681.875 ], [ 565360.9375, 2340684.6875 ], [ 565367.1875, 2340693.4375 ], [ 565371.25, 2340696.875 ], [ 565376.5625, 2340699.0625 ], [ 565383.125, 2340700.0 ], [ 565506.875, 2340700.0 ], [ 565513.4375, 2340699.0625 ], [ 565520.9375, 2340695.3125 ], [ 565527.1875, 2340686.5625 ], [ 565533.75, 2340681.875 ], [ 565539.6875, 2340680.3125 ], [ 565550.3125, 2340679.6875 ], [ 565558.75, 2340676.875 ], [ 565564.375, 2340671.25 ], [ 565575.625, 2340648.75 ], [ 565579.0625, 2340644.6875 ], [ 565586.5625, 2340640.9375 ], [ 565600.3125, 2340639.6875 ], [ 565608.75, 2340636.875 ], [ 565612.8125, 2340633.4375 ], [ 565617.1875, 2340626.5625 ], [ 565623.75, 2340621.875 ], [ 565633.125, 2340620.0 ], [ 565726.875, 2340620.0 ], [ 565733.90625, 2340619.53125 ], [ 565743.28125, 2340617.65625 ], [ 565748.75, 2340615.625 ], [ 565771.25, 2340604.375 ], [ 565775.78125, 2340601.40625 ], [ 565781.40625, 2340595.78125 ], [ 565787.1875, 2340586.5625 ], [ 565791.25, 2340583.125 ], [ 565796.5625, 2340580.9375 ], [ 565810.3125, 2340579.6875 ], [ 565816.25, 2340578.125 ], [ 565820.9375, 2340575.3125 ], [ 565827.1875, 2340566.5625 ], [ 565831.25, 2340563.125 ], [ 565836.5625, 2340560.9375 ], [ 565850.3125, 2340559.6875 ], [ 565858.75, 2340556.875 ], [ 565864.375, 2340551.25 ], [ 565875.625, 2340528.75 ], [ 565878.59375, 2340524.21875 ], [ 565884.21875, 2340518.59375 ], [ 565893.4375, 2340512.8125 ], [ 565896.875, 2340508.75 ], [ 565899.0625, 2340503.4375 ], [ 565900.3125, 2340489.6875 ], [ 565901.875, 2340483.75 ], [ 565904.6875, 2340479.0625 ], [ 565913.4375, 2340472.8125 ], [ 565916.875, 2340468.75 ], [ 565919.0625, 2340463.4375 ], [ 565920.3125, 2340449.6875 ], [ 565921.875, 2340443.75 ], [ 565924.6875, 2340439.0625 ], [ 565933.4375, 2340432.8125 ], [ 565936.875, 2340428.75 ], [ 565939.0625, 2340423.4375 ], [ 565940.3125, 2340409.6875 ], [ 565943.125, 2340401.25 ], [ 565948.75, 2340395.625 ], [ 565971.25, 2340384.375 ], [ 565975.78125, 2340381.40625 ], [ 565979.6875, 2340377.8125 ], [ 565984.375, 2340371.25 ], [ 565995.625, 2340348.75 ], [ 565997.65625, 2340343.28125 ], [ 565999.53125, 2340333.90625 ], [ 566000.3125, 2340319.6875 ], [ 566001.875, 2340313.75 ], [ 566004.6875, 2340309.0625 ], [ 566017.8125, 2340299.6875 ], [ 566024.375, 2340291.25 ], [ 566075.625, 2340188.75 ], [ 566079.0625, 2340177.1875 ], [ 566080.3125, 2340159.6875 ], [ 566081.875, 2340153.75 ], [ 566084.6875, 2340149.0625 ], [ 566093.4375, 2340142.8125 ], [ 566096.875, 2340138.75 ], [ 566099.0625, 2340133.4375 ], [ 566100.3125, 2340119.6875 ], [ 566101.875, 2340113.75 ], [ 566104.6875, 2340109.0625 ], [ 566113.4375, 2340102.8125 ], [ 566116.875, 2340098.75 ], [ 566119.0625, 2340093.4375 ], [ 566120.3125, 2340079.6875 ], [ 566121.875, 2340073.75 ], [ 566124.6875, 2340069.0625 ], [ 566133.4375, 2340062.8125 ], [ 566136.875, 2340058.75 ], [ 566139.0625, 2340053.4375 ], [ 566140.3125, 2340039.6875 ], [ 566143.125, 2340031.25 ], [ 566146.5625, 2340027.1875 ], [ 566157.8125, 2340019.6875 ], [ 566162.96875, 2340013.59375 ], [ 566195.625, 2339948.75 ], [ 566198.4375, 2339940.3125 ], [ 566199.84375, 2339930.46875 ], [ 566200.0, 2339893.125 ], [ 566200.9375, 2339886.5625 ], [ 566204.6875, 2339879.0625 ], [ 566213.4375, 2339872.8125 ], [ 566218.125, 2339866.25 ], [ 566219.6875, 2339860.3125 ], [ 566220.15625, 2339849.53125 ], [ 566221.5625, 2339839.6875 ], [ 566224.375, 2339831.25 ], [ 566235.625, 2339808.75 ], [ 566237.65625, 2339803.28125 ], [ 566239.53125, 2339793.90625 ], [ 566240.3125, 2339779.6875 ], [ 566241.875, 2339773.75 ], [ 566244.6875, 2339769.0625 ], [ 566253.4375, 2339762.8125 ], [ 566256.875, 2339758.75 ], [ 566259.0625, 2339753.4375 ], [ 566260.3125, 2339739.6875 ], [ 566261.875, 2339733.75 ], [ 566264.6875, 2339729.0625 ], [ 566273.4375, 2339722.8125 ], [ 566276.875, 2339718.75 ], [ 566279.0625, 2339713.4375 ], [ 566280.3125, 2339699.6875 ], [ 566281.875, 2339693.75 ], [ 566286.5625, 2339687.1875 ], [ 566295.3125, 2339680.9375 ], [ 566299.0625, 2339673.4375 ], [ 566300.0, 2339666.875 ], [ 566300.3125, 2339629.6875 ], [ 566303.125, 2339621.25 ], [ 566306.5625, 2339617.1875 ], [ 566315.3125, 2339610.9375 ], [ 566319.0625, 2339603.4375 ], [ 566320.0, 2339596.875 ], [ 566320.0, 2339563.125 ], [ 566321.875, 2339553.75 ], [ 566326.5625, 2339547.1875 ], [ 566335.78125, 2339541.40625 ], [ 566342.96875, 2339533.59375 ], [ 566375.625, 2339468.75 ], [ 566379.0625, 2339457.1875 ], [ 566380.3125, 2339439.6875 ], [ 566381.875, 2339433.75 ], [ 566386.5625, 2339427.1875 ], [ 566395.3125, 2339420.9375 ], [ 566399.0625, 2339413.4375 ], [ 566400.0, 2339406.875 ], [ 566400.0, 2339373.125 ], [ 566401.875, 2339363.75 ], [ 566404.6875, 2339359.0625 ], [ 566413.4375, 2339352.8125 ], [ 566416.875, 2339348.75 ], [ 566419.0625, 2339343.4375 ], [ 566420.3125, 2339329.6875 ], [ 566421.875, 2339323.75 ], [ 566424.6875, 2339319.0625 ], [ 566433.4375, 2339312.8125 ], [ 566436.875, 2339308.75 ], [ 566439.0625, 2339303.4375 ], [ 566440.3125, 2339289.6875 ], [ 566443.125, 2339281.25 ], [ 566448.75, 2339275.625 ], [ 566471.25, 2339264.375 ], [ 566475.3125, 2339260.9375 ], [ 566479.0625, 2339253.4375 ], [ 566480.3125, 2339239.6875 ], [ 566483.125, 2339231.25 ], [ 566486.5625, 2339227.1875 ], [ 566493.4375, 2339222.8125 ], [ 566498.125, 2339216.25 ], [ 566500.0, 2339206.875 ], [ 566500.0, 2339173.125 ], [ 566501.875, 2339163.75 ], [ 566504.6875, 2339159.0625 ], [ 566513.4375, 2339152.8125 ], [ 566516.875, 2339148.75 ], [ 566519.0625, 2339143.4375 ], [ 566520.3125, 2339129.6875 ], [ 566521.875, 2339123.75 ], [ 566524.6875, 2339119.0625 ], [ 566533.4375, 2339112.8125 ], [ 566538.125, 2339106.25 ], [ 566539.6875, 2339100.3125 ], [ 566540.46875, 2339086.09375 ], [ 566542.34375, 2339076.71875 ], [ 566544.375, 2339071.25 ], [ 566555.625, 2339048.75 ], [ 566562.1875, 2339040.3125 ], [ 566573.4375, 2339032.8125 ], [ 566576.875, 2339028.75 ], [ 566579.0625, 2339023.4375 ], [ 566580.3125, 2339009.6875 ], [ 566581.875, 2339003.75 ], [ 566584.6875, 2338999.0625 ], [ 566593.4375, 2338992.8125 ], [ 566596.875, 2338988.75 ], [ 566599.0625, 2338983.4375 ], [ 566600.3125, 2338969.6875 ], [ 566601.875, 2338963.75 ], [ 566604.6875, 2338959.0625 ], [ 566613.4375, 2338952.8125 ], [ 566618.125, 2338946.25 ], [ 566619.6875, 2338940.3125 ], [ 566620.9375, 2338922.8125 ], [ 566624.375, 2338911.25 ], [ 566676.71875, 2338806.09375 ], [ 566678.4375, 2338800.3125 ], [ 566679.84375, 2338790.46875 ], [ 566680.3125, 2338749.6875 ], [ 566681.875, 2338743.75 ], [ 566684.6875, 2338739.0625 ], [ 566688.75, 2338735.625 ], [ 566711.25, 2338724.375 ], [ 566717.8125, 2338719.6875 ], [ 566722.96875, 2338713.59375 ], [ 566735.625, 2338688.75 ], [ 566740.3125, 2338682.1875 ], [ 566746.40625, 2338677.03125 ], [ 566771.25, 2338664.375 ], [ 566777.8125, 2338659.6875 ], [ 566782.96875, 2338653.59375 ], [ 566795.625, 2338628.75 ], [ 566799.0625, 2338624.6875 ], [ 566806.5625, 2338620.9375 ], [ 566823.4375, 2338619.0625 ], [ 566830.9375, 2338615.3125 ], [ 566834.375, 2338611.25 ], [ 566845.625, 2338588.75 ], [ 566851.25, 2338583.125 ], [ 566856.5625, 2338580.9375 ], [ 566863.125, 2338580.0 ], [ 566956.875, 2338580.0 ], [ 566966.25, 2338578.125 ], [ 566970.9375, 2338575.3125 ], [ 566977.1875, 2338566.5625 ], [ 566981.25, 2338563.125 ], [ 566986.5625, 2338560.9375 ], [ 567000.3125, 2338559.6875 ], [ 567006.25, 2338558.125 ], [ 567010.9375, 2338555.3125 ], [ 567017.1875, 2338546.5625 ], [ 567021.25, 2338543.125 ], [ 567026.5625, 2338540.9375 ], [ 567040.3125, 2338539.6875 ], [ 567048.75, 2338536.875 ], [ 567052.8125, 2338533.4375 ], [ 567058.59375, 2338524.21875 ], [ 567064.21875, 2338518.59375 ], [ 567068.75, 2338515.625 ], [ 567091.25, 2338504.375 ], [ 567095.3125, 2338500.9375 ], [ 567099.0625, 2338493.4375 ], [ 567100.3125, 2338479.6875 ], [ 567103.125, 2338471.25 ], [ 567106.5625, 2338467.1875 ], [ 567113.4375, 2338462.8125 ], [ 567118.125, 2338456.25 ], [ 567119.6875, 2338450.3125 ], [ 567120.3125, 2338439.6875 ], [ 567123.125, 2338431.25 ], [ 567126.5625, 2338427.1875 ], [ 567135.78125, 2338421.40625 ], [ 567141.40625, 2338415.78125 ], [ 567157.1875, 2338386.5625 ], [ 567161.25, 2338383.125 ], [ 567166.5625, 2338380.9375 ], [ 567180.3125, 2338379.6875 ], [ 567188.75, 2338376.875 ], [ 567192.8125, 2338373.4375 ], [ 567198.59375, 2338364.21875 ], [ 567204.21875, 2338358.59375 ], [ 567208.75, 2338355.625 ], [ 567231.25, 2338344.375 ], [ 567236.875, 2338338.75 ], [ 567239.0625, 2338333.4375 ], [ 567240.3125, 2338319.6875 ], [ 567241.875, 2338313.75 ], [ 567244.6875, 2338309.0625 ], [ 567253.4375, 2338302.8125 ], [ 567256.875, 2338298.75 ], [ 567259.0625, 2338293.4375 ], [ 567260.3125, 2338279.6875 ], [ 567261.875, 2338273.75 ], [ 567264.6875, 2338269.0625 ], [ 567273.4375, 2338262.8125 ], [ 567276.875, 2338258.75 ], [ 567279.0625, 2338253.4375 ], [ 567280.3125, 2338239.6875 ], [ 567283.125, 2338231.25 ], [ 567286.5625, 2338227.1875 ], [ 567295.78125, 2338221.40625 ], [ 567301.40625, 2338215.78125 ], [ 567304.375, 2338211.25 ], [ 567337.03125, 2338146.40625 ], [ 567342.1875, 2338140.3125 ], [ 567353.4375, 2338132.8125 ], [ 567356.875, 2338128.75 ], [ 567359.0625, 2338123.4375 ], [ 567360.3125, 2338109.6875 ], [ 567361.875, 2338103.75 ], [ 567364.6875, 2338099.0625 ], [ 567373.4375, 2338092.8125 ], [ 567376.875, 2338088.75 ], [ 567379.6875, 2338080.3125 ], [ 567380.46875, 2338069.84375 ], [ 567382.8125, 2338064.6875 ], [ 567384.6875, 2338062.8125 ], [ 567389.84375, 2338060.46875 ], [ 567400.3125, 2338059.6875 ], [ 567406.25, 2338058.125 ], [ 567412.8125, 2338053.4375 ], [ 567457.03125, 2337966.40625 ], [ 567460.3125, 2337962.1875 ], [ 567466.40625, 2337957.03125 ], [ 567491.25, 2337944.375 ], [ 567495.3125, 2337940.9375 ], [ 567499.0625, 2337933.4375 ], [ 567500.3125, 2337919.6875 ], [ 567503.125, 2337911.25 ], [ 567506.5625, 2337907.1875 ], [ 567513.4375, 2337902.8125 ], [ 567518.125, 2337896.25 ], [ 567519.6875, 2337890.3125 ], [ 567520.3125, 2337879.6875 ], [ 567523.125, 2337871.25 ], [ 567526.5625, 2337867.1875 ], [ 567533.59375, 2337862.96875 ], [ 567539.6875, 2337857.8125 ], [ 567544.375, 2337851.25 ], [ 567555.625, 2337828.75 ], [ 567558.59375, 2337824.21875 ], [ 567564.21875, 2337818.59375 ], [ 567573.4375, 2337812.8125 ], [ 567576.875, 2337808.75 ], [ 567579.0625, 2337803.4375 ], [ 567580.3125, 2337789.6875 ], [ 567581.875, 2337783.75 ], [ 567584.6875, 2337779.0625 ], [ 567593.4375, 2337772.8125 ], [ 567596.875, 2337768.75 ], [ 567599.0625, 2337763.4375 ], [ 567600.3125, 2337749.6875 ], [ 567603.125, 2337741.25 ], [ 567608.75, 2337735.625 ], [ 567633.59375, 2337722.96875 ], [ 567641.40625, 2337715.78125 ], [ 567644.375, 2337711.25 ], [ 567675.625, 2337648.75 ], [ 567678.59375, 2337644.21875 ], [ 567686.40625, 2337637.03125 ], [ 567711.25, 2337624.375 ], [ 567716.875, 2337618.75 ], [ 567719.0625, 2337613.4375 ], [ 567720.3125, 2337599.6875 ], [ 567723.125, 2337591.25 ], [ 567726.5625, 2337587.1875 ], [ 567737.8125, 2337579.6875 ], [ 567742.96875, 2337573.59375 ], [ 567775.625, 2337508.75 ], [ 567778.59375, 2337504.21875 ], [ 567786.40625, 2337497.03125 ], [ 567811.25, 2337484.375 ], [ 567819.6875, 2337477.8125 ], [ 567824.375, 2337471.25 ], [ 567835.625, 2337448.75 ], [ 567842.1875, 2337440.3125 ], [ 567848.75, 2337435.625 ], [ 567911.25, 2337404.375 ], [ 567915.78125, 2337401.40625 ], [ 567922.96875, 2337393.59375 ], [ 567935.625, 2337368.75 ], [ 567939.0625, 2337364.6875 ], [ 567946.5625, 2337360.9375 ], [ 567960.3125, 2337359.6875 ], [ 567968.75, 2337356.875 ], [ 567972.8125, 2337353.4375 ], [ 567978.59375, 2337344.21875 ], [ 567984.21875, 2337338.59375 ], [ 568015.78125, 2337321.40625 ], [ 568022.96875, 2337313.59375 ], [ 568035.625, 2337288.75 ], [ 568041.25, 2337283.125 ], [ 568046.5625, 2337280.9375 ], [ 568060.3125, 2337279.6875 ], [ 568066.25, 2337278.125 ], [ 568070.9375, 2337275.3125 ], [ 568077.1875, 2337266.5625 ], [ 568081.25, 2337263.125 ], [ 568086.5625, 2337260.9375 ], [ 568100.3125, 2337259.6875 ], [ 568106.25, 2337258.125 ], [ 568110.9375, 2337255.3125 ], [ 568117.1875, 2337246.5625 ], [ 568123.75, 2337241.875 ], [ 568133.125, 2337240.0 ], [ 568166.875, 2337240.0 ], [ 568173.4375, 2337239.0625 ], [ 568178.75, 2337236.875 ], [ 568184.375, 2337231.25 ], [ 568197.03125, 2337206.40625 ], [ 568204.21875, 2337198.59375 ], [ 568208.75, 2337195.625 ], [ 568311.25, 2337144.375 ], [ 568315.78125, 2337141.40625 ], [ 568322.96875, 2337133.59375 ], [ 568335.625, 2337108.75 ], [ 568340.3125, 2337102.1875 ], [ 568348.75, 2337095.625 ], [ 568371.25, 2337084.375 ], [ 568375.78125, 2337081.40625 ], [ 568381.40625, 2337075.78125 ], [ 568387.1875, 2337066.5625 ], [ 568391.25, 2337063.125 ], [ 568396.5625, 2337060.9375 ], [ 568417.1875, 2337059.0625 ], [ 568428.75, 2337055.625 ], [ 568451.25, 2337044.375 ], [ 568455.78125, 2337041.40625 ], [ 568461.40625, 2337035.78125 ], [ 568467.1875, 2337026.5625 ], [ 568471.25, 2337023.125 ], [ 568479.6875, 2337020.3125 ], [ 568493.90625, 2337019.53125 ], [ 568506.09375, 2337016.71875 ], [ 568531.25, 2337004.375 ], [ 568535.78125, 2337001.40625 ], [ 568542.96875, 2336993.59375 ], [ 568555.625, 2336968.75 ], [ 568560.3125, 2336962.1875 ], [ 568566.40625, 2336957.03125 ], [ 568591.25, 2336944.375 ], [ 568597.8125, 2336939.6875 ], [ 568604.375, 2336931.25 ], [ 568617.03125, 2336906.40625 ], [ 568624.21875, 2336898.59375 ], [ 568628.75, 2336895.625 ], [ 568693.59375, 2336862.96875 ], [ 568699.6875, 2336857.8125 ], [ 568707.1875, 2336846.5625 ], [ 568711.25, 2336843.125 ], [ 568716.5625, 2336840.9375 ], [ 568730.3125, 2336839.6875 ], [ 568738.75, 2336836.875 ], [ 568744.375, 2336831.25 ], [ 568755.625, 2336808.75 ], [ 568761.25, 2336803.125 ], [ 568766.5625, 2336800.9375 ], [ 568773.125, 2336800.0 ], [ 568810.3125, 2336799.6875 ], [ 568816.25, 2336798.125 ], [ 568820.9375, 2336795.3125 ], [ 568824.375, 2336791.25 ], [ 568847.1875, 2336746.5625 ], [ 568853.75, 2336741.875 ], [ 568859.6875, 2336740.3125 ], [ 568870.15625, 2336739.53125 ], [ 568872.96875, 2336738.59375 ], [ 568877.1875, 2336735.3125 ], [ 568879.53125, 2336730.15625 ], [ 568880.3125, 2336719.6875 ], [ 568883.125, 2336711.25 ], [ 568886.5625, 2336707.1875 ], [ 568895.78125, 2336701.40625 ], [ 568901.40625, 2336695.78125 ], [ 568904.375, 2336691.25 ], [ 568915.625, 2336668.75 ], [ 568921.25, 2336663.125 ], [ 568929.6875, 2336660.3125 ], [ 568966.875, 2336660.0 ], [ 568973.4375, 2336659.0625 ], [ 568978.75, 2336656.875 ], [ 568984.375, 2336651.25 ], [ 568995.625, 2336628.75 ], [ 568999.0625, 2336624.6875 ], [ 569006.5625, 2336620.9375 ], [ 569020.3125, 2336619.6875 ], [ 569028.75, 2336616.875 ], [ 569032.8125, 2336613.4375 ], [ 569038.59375, 2336604.21875 ], [ 569044.21875, 2336598.59375 ], [ 569048.75, 2336595.625 ], [ 569071.25, 2336584.375 ], [ 569076.71875, 2336582.34375 ], [ 569082.8125, 2336580.9375 ], [ 569093.125, 2336580.0 ], [ 569186.875, 2336580.0 ], [ 569197.1875, 2336579.0625 ], [ 569206.09375, 2336576.71875 ], [ 569231.25, 2336564.375 ], [ 569239.6875, 2336561.5625 ], [ 569249.53125, 2336560.15625 ], [ 569286.875, 2336560.0 ], [ 569297.1875, 2336559.0625 ], [ 569306.09375, 2336556.71875 ], [ 569331.25, 2336544.375 ], [ 569342.8125, 2336540.9375 ], [ 569353.125, 2336540.0 ], [ 569453.90625, 2336539.53125 ], [ 569466.09375, 2336536.71875 ], [ 569496.71875, 2336522.34375 ], [ 569506.09375, 2336520.46875 ], [ 569516.875, 2336520.0 ], [ 569523.4375, 2336520.9375 ], [ 569530.9375, 2336524.6875 ], [ 569534.375, 2336528.75 ], [ 569547.1875, 2336553.4375 ], [ 569551.25, 2336556.875 ], [ 569559.6875, 2336559.6875 ], [ 569806.875, 2336560.0 ], [ 569813.90625, 2336559.53125 ], [ 569823.28125, 2336557.65625 ], [ 569828.75, 2336555.625 ], [ 569833.4375, 2336552.8125 ], [ 569836.875, 2336548.75 ], [ 569839.0625, 2336543.4375 ], [ 569840.0, 2336533.125 ], [ 569841.40625, 2336527.03125 ], [ 569842.8125, 2336524.6875 ], [ 569847.03125, 2336521.40625 ], [ 569853.125, 2336520.0 ], [ 569886.875, 2336520.0 ], [ 569890.15625, 2336520.46875 ], [ 569895.3125, 2336522.8125 ], [ 569898.59375, 2336527.03125 ], [ 569900.0, 2336533.125 ], [ 569900.0, 2336626.875 ], [ 569900.9375, 2336633.4375 ], [ 569903.125, 2336638.75 ], [ 569906.5625, 2336642.8125 ], [ 569931.25, 2336655.625 ], [ 569939.6875, 2336658.4375 ], [ 569949.53125, 2336659.84375 ], [ 570046.875, 2336660.0 ], [ 570053.4375, 2336660.9375 ], [ 570058.75, 2336663.125 ], [ 570062.8125, 2336666.5625 ], [ 570075.625, 2336691.25 ], [ 570079.0625, 2336695.3125 ], [ 570083.75, 2336698.125 ], [ 570093.125, 2336700.0 ], [ 570193.90625, 2336699.53125 ], [ 570200.3125, 2336698.4375 ], [ 570208.75, 2336695.625 ], [ 570233.4375, 2336682.8125 ], [ 570238.125, 2336676.25 ], [ 570240.0, 2336666.875 ], [ 570240.0, 2336603.125 ], [ 570238.125, 2336593.75 ], [ 570233.4375, 2336587.1875 ], [ 570186.40625, 2336562.96875 ], [ 570180.3125, 2336557.8125 ], [ 570172.8125, 2336546.5625 ], [ 570168.75, 2336543.125 ], [ 570160.3125, 2336540.3125 ], [ 570146.09375, 2336539.53125 ], [ 570136.71875, 2336537.65625 ], [ 570131.25, 2336535.625 ], [ 570106.5625, 2336522.8125 ], [ 570103.125, 2336518.75 ], [ 570100.9375, 2336513.4375 ], [ 570099.6875, 2336499.6875 ], [ 570096.875, 2336491.25 ], [ 570091.25, 2336485.625 ], [ 570068.75, 2336474.375 ], [ 570064.6875, 2336470.9375 ], [ 570060.9375, 2336463.4375 ], [ 570060.0, 2336453.125 ], [ 570058.59375, 2336447.03125 ], [ 570057.1875, 2336444.6875 ], [ 570052.96875, 2336441.40625 ], [ 570046.875, 2336440.0 ], [ 569946.09375, 2336439.53125 ], [ 569939.6875, 2336438.4375 ], [ 569931.25, 2336435.625 ], [ 569926.5625, 2336432.8125 ], [ 569923.125, 2336428.75 ], [ 569920.9375, 2336423.4375 ], [ 569920.0, 2336416.875 ], [ 569920.9375, 2336402.8125 ], [ 569922.34375, 2336396.71875 ], [ 569925.625, 2336388.75 ], [ 569931.25, 2336383.125 ], [ 569936.5625, 2336380.9375 ], [ 569943.125, 2336380.0 ], [ 570010.15625, 2336380.46875 ], [ 570015.3125, 2336382.8125 ], [ 570018.59375, 2336387.03125 ], [ 570019.53125, 2336389.84375 ], [ 570020.9375, 2336403.4375 ], [ 570023.125, 2336408.75 ], [ 570028.75, 2336414.375 ], [ 570036.71875, 2336417.65625 ], [ 570042.8125, 2336419.0625 ], [ 570053.125, 2336420.0 ], [ 570146.875, 2336420.0 ], [ 570156.25, 2336421.875 ], [ 570160.9375, 2336424.6875 ], [ 570164.375, 2336428.75 ], [ 570185.625, 2336471.25 ], [ 570189.0625, 2336475.3125 ], [ 570196.5625, 2336479.0625 ], [ 570213.90625, 2336480.46875 ], [ 570226.09375, 2336483.28125 ], [ 570251.25, 2336495.625 ], [ 570259.6875, 2336502.1875 ], [ 570264.375, 2336508.75 ], [ 570315.625, 2336611.25 ], [ 570320.3125, 2336617.8125 ], [ 570324.21875, 2336621.40625 ], [ 570333.4375, 2336627.1875 ], [ 570338.125, 2336633.75 ], [ 570340.0, 2336643.125 ], [ 570340.0, 2336706.875 ], [ 570340.9375, 2336717.1875 ], [ 570344.375, 2336728.75 ], [ 570355.625, 2336751.25 ], [ 570357.65625, 2336756.71875 ], [ 570359.53125, 2336766.09375 ], [ 570360.3125, 2336780.3125 ], [ 570363.125, 2336788.75 ], [ 570366.5625, 2336792.8125 ], [ 570375.78125, 2336798.59375 ], [ 570381.40625, 2336804.21875 ], [ 570384.375, 2336808.75 ], [ 570395.625, 2336831.25 ], [ 570399.0625, 2336835.3125 ], [ 570403.75, 2336838.125 ], [ 570409.6875, 2336839.6875 ], [ 570446.875, 2336840.0 ], [ 570452.96875, 2336841.40625 ], [ 570455.3125, 2336842.8125 ], [ 570458.59375, 2336847.03125 ], [ 570459.53125, 2336849.84375 ], [ 570460.9375, 2336863.4375 ], [ 570464.6875, 2336870.9375 ], [ 570468.75, 2336874.375 ], [ 570491.25, 2336885.625 ], [ 570496.875, 2336891.25 ], [ 570499.0625, 2336896.5625 ], [ 570500.3125, 2336910.3125 ], [ 570501.875, 2336916.25 ], [ 570506.5625, 2336922.8125 ], [ 570515.3125, 2336929.0625 ], [ 570519.0625, 2336936.5625 ], [ 570520.0, 2336943.125 ], [ 570520.0, 2337006.875 ], [ 570520.9375, 2337017.1875 ], [ 570524.375, 2337028.75 ], [ 570535.625, 2337051.25 ], [ 570538.59375, 2337055.78125 ], [ 570546.40625, 2337062.96875 ], [ 570573.59375, 2337077.03125 ], [ 570581.40625, 2337084.21875 ], [ 570584.375, 2337088.75 ], [ 570615.625, 2337151.25 ], [ 570618.59375, 2337155.78125 ], [ 570624.21875, 2337161.40625 ], [ 570628.75, 2337164.375 ], [ 570691.25, 2337195.625 ], [ 570695.78125, 2337198.59375 ], [ 570702.96875, 2337206.40625 ], [ 570717.03125, 2337233.59375 ], [ 570720.3125, 2337237.8125 ], [ 570726.40625, 2337242.96875 ], [ 570753.90625, 2337256.71875 ], [ 570762.8125, 2337259.0625 ], [ 570783.4375, 2337260.9375 ], [ 570790.9375, 2337264.6875 ], [ 570800.3125, 2337277.8125 ], [ 570804.21875, 2337281.40625 ], [ 570813.4375, 2337287.1875 ], [ 570816.875, 2337291.25 ], [ 570819.6875, 2337299.6875 ], [ 570820.46875, 2337313.90625 ], [ 570822.34375, 2337323.28125 ], [ 570825.625, 2337331.25 ], [ 570829.0625, 2337335.3125 ], [ 570833.75, 2337338.125 ], [ 570839.6875, 2337339.6875 ], [ 570876.875, 2337340.0 ], [ 570886.25, 2337341.875 ], [ 570892.8125, 2337346.5625 ], [ 570905.625, 2337371.25 ], [ 570911.25, 2337376.875 ], [ 570919.6875, 2337379.6875 ], [ 570930.46875, 2337380.15625 ], [ 570940.3125, 2337381.5625 ], [ 570948.75, 2337384.375 ], [ 570953.4375, 2337387.1875 ], [ 570956.875, 2337391.25 ], [ 570959.0625, 2337396.5625 ], [ 570960.3125, 2337410.3125 ], [ 570961.875, 2337416.25 ], [ 570964.6875, 2337420.9375 ], [ 570973.4375, 2337427.1875 ], [ 570976.875, 2337431.25 ], [ 570979.0625, 2337436.5625 ], [ 570980.3125, 2337450.3125 ], [ 570981.875, 2337456.25 ], [ 570984.6875, 2337460.9375 ], [ 570993.4375, 2337467.1875 ], [ 570996.875, 2337471.25 ], [ 570999.0625, 2337476.5625 ], [ 571000.0, 2337486.875 ], [ 571001.40625, 2337492.96875 ], [ 571002.8125, 2337495.3125 ], [ 571007.03125, 2337498.59375 ], [ 571013.125, 2337500.0 ], [ 571166.875, 2337500.0 ], [ 571173.90625, 2337500.46875 ], [ 571183.28125, 2337502.34375 ], [ 571216.71875, 2337517.65625 ], [ 571226.09375, 2337519.53125 ], [ 571243.4375, 2337520.9375 ], [ 571250.9375, 2337524.6875 ], [ 571254.375, 2337528.75 ], [ 571275.625, 2337571.25 ], [ 571281.25, 2337576.875 ], [ 571289.6875, 2337579.6875 ], [ 571416.875, 2337580.0 ], [ 571423.4375, 2337579.0625 ], [ 571428.75, 2337576.875 ], [ 571432.8125, 2337573.4375 ], [ 571439.0625, 2337564.6875 ], [ 571443.75, 2337561.875 ], [ 571449.6875, 2337560.3125 ], [ 571546.875, 2337560.0 ], [ 571553.4375, 2337560.9375 ], [ 571558.75, 2337563.125 ], [ 571562.8125, 2337566.5625 ], [ 571567.1875, 2337573.4375 ], [ 571573.75, 2337578.125 ], [ 571579.6875, 2337579.6875 ], [ 571597.1875, 2337580.9375 ], [ 571606.09375, 2337583.28125 ], [ 571671.25, 2337615.625 ], [ 571682.8125, 2337619.0625 ], [ 571693.125, 2337620.0 ], [ 571876.875, 2337620.0 ], [ 571883.4375, 2337619.0625 ], [ 571888.75, 2337616.875 ], [ 571892.8125, 2337613.4375 ], [ 571899.0625, 2337604.6875 ], [ 571906.5625, 2337600.9375 ], [ 571913.125, 2337600.0 ], [ 571946.875, 2337600.0 ], [ 571957.1875, 2337599.0625 ], [ 571968.75, 2337595.625 ], [ 571991.25, 2337584.375 ], [ 571996.71875, 2337582.34375 ], [ 572006.09375, 2337580.46875 ], [ 572020.3125, 2337579.6875 ], [ 572028.75, 2337576.875 ], [ 572034.375, 2337571.25 ], [ 572085.625, 2337468.75 ], [ 572089.0625, 2337464.6875 ], [ 572093.75, 2337461.875 ], [ 572103.125, 2337460.0 ], [ 572166.875, 2337460.0 ], [ 572172.96875, 2337458.59375 ], [ 572175.3125, 2337457.1875 ], [ 572178.59375, 2337452.96875 ], [ 572179.53125, 2337450.15625 ], [ 572180.9375, 2337436.5625 ], [ 572184.6875, 2337429.0625 ], [ 572197.8125, 2337419.6875 ], [ 572201.40625, 2337415.78125 ], [ 572205.625, 2337408.75 ], [ 572209.0625, 2337404.6875 ], [ 572213.75, 2337401.875 ], [ 572219.6875, 2337400.3125 ], [ 572230.46875, 2337400.15625 ], [ 572240.3125, 2337401.5625 ], [ 572248.75, 2337404.375 ], [ 572253.4375, 2337407.1875 ], [ 572256.875, 2337411.25 ], [ 572259.0625, 2337416.5625 ], [ 572260.0, 2337426.875 ], [ 572261.40625, 2337432.96875 ], [ 572264.6875, 2337437.1875 ], [ 572269.84375, 2337439.53125 ], [ 572366.875, 2337440.0 ], [ 572370.15625, 2337440.46875 ], [ 572375.3125, 2337442.8125 ], [ 572378.59375, 2337447.03125 ], [ 572380.0, 2337453.125 ], [ 572380.15625, 2337490.46875 ], [ 572382.34375, 2337503.28125 ], [ 572385.625, 2337511.25 ], [ 572389.0625, 2337515.3125 ], [ 572393.75, 2337518.125 ], [ 572399.6875, 2337519.6875 ], [ 572470.3125, 2337519.6875 ], [ 572476.25, 2337518.125 ], [ 572480.9375, 2337515.3125 ], [ 572487.1875, 2337506.5625 ], [ 572493.75, 2337501.875 ], [ 572499.6875, 2337500.3125 ], [ 572513.90625, 2337499.53125 ], [ 572523.28125, 2337497.65625 ], [ 572528.75, 2337495.625 ], [ 572551.25, 2337484.375 ], [ 572559.6875, 2337481.5625 ], [ 572573.125, 2337480.0 ], [ 572636.875, 2337480.0 ], [ 572646.25, 2337478.125 ], [ 572650.9375, 2337475.3125 ], [ 572657.1875, 2337466.5625 ], [ 572661.25, 2337463.125 ], [ 572666.5625, 2337460.9375 ], [ 572680.3125, 2337459.6875 ], [ 572688.75, 2337456.875 ], [ 572692.8125, 2337453.4375 ], [ 572697.03125, 2337446.40625 ], [ 572702.1875, 2337440.3125 ], [ 572715.3125, 2337430.9375 ], [ 572719.0625, 2337423.4375 ], [ 572720.3125, 2337409.6875 ], [ 572721.875, 2337403.75 ], [ 572724.6875, 2337399.0625 ], [ 572733.4375, 2337392.8125 ], [ 572736.875, 2337388.75 ], [ 572739.6875, 2337380.3125 ], [ 572740.46875, 2337369.84375 ], [ 572741.40625, 2337367.03125 ], [ 572744.6875, 2337362.8125 ], [ 572747.03125, 2337361.40625 ], [ 572753.125, 2337360.0 ], [ 572816.875, 2337360.0 ], [ 572823.4375, 2337359.0625 ], [ 572830.9375, 2337355.3125 ], [ 572837.1875, 2337346.5625 ], [ 572843.75, 2337341.875 ], [ 572849.6875, 2337340.3125 ], [ 572860.3125, 2337339.6875 ], [ 572868.75, 2337336.875 ], [ 572872.8125, 2337333.4375 ], [ 572876.71875, 2337326.09375 ], [ 572879.0625, 2337317.1875 ], [ 572880.9375, 2337296.5625 ], [ 572883.125, 2337291.25 ], [ 572888.75, 2337285.625 ], [ 572896.71875, 2337282.34375 ], [ 572909.53125, 2337280.15625 ], [ 573006.875, 2337280.0 ], [ 573016.25, 2337278.125 ], [ 573020.9375, 2337275.3125 ], [ 573027.1875, 2337266.5625 ], [ 573031.25, 2337263.125 ], [ 573036.5625, 2337260.9375 ], [ 573050.3125, 2337259.6875 ], [ 573056.25, 2337258.125 ], [ 573060.9375, 2337255.3125 ], [ 573067.1875, 2337246.5625 ], [ 573071.25, 2337243.125 ], [ 573076.5625, 2337240.9375 ], [ 573090.3125, 2337239.6875 ], [ 573096.25, 2337238.125 ], [ 573100.9375, 2337235.3125 ], [ 573107.1875, 2337226.5625 ], [ 573111.25, 2337223.125 ], [ 573116.5625, 2337220.9375 ], [ 573130.3125, 2337219.6875 ], [ 573138.75, 2337216.875 ], [ 573144.375, 2337211.25 ], [ 573155.625, 2337188.75 ], [ 573161.25, 2337183.125 ], [ 573166.5625, 2337180.9375 ], [ 573180.3125, 2337179.6875 ], [ 573186.25, 2337178.125 ], [ 573190.9375, 2337175.3125 ], [ 573197.1875, 2337166.5625 ], [ 573201.25, 2337163.125 ], [ 573206.5625, 2337160.9375 ], [ 573220.3125, 2337159.6875 ], [ 573226.25, 2337158.125 ], [ 573230.9375, 2337155.3125 ], [ 573237.1875, 2337146.5625 ], [ 573241.25, 2337143.125 ], [ 573246.5625, 2337140.9375 ], [ 573260.3125, 2337139.6875 ], [ 573266.25, 2337138.125 ], [ 573270.9375, 2337135.3125 ], [ 573277.1875, 2337126.5625 ], [ 573283.75, 2337121.875 ], [ 573293.125, 2337120.0 ], [ 573326.875, 2337120.0 ], [ 573330.15625, 2337119.53125 ], [ 573335.3125, 2337117.1875 ], [ 573337.1875, 2337115.3125 ], [ 573339.53125, 2337110.15625 ], [ 573340.3125, 2337099.6875 ], [ 573343.125, 2337091.25 ], [ 573346.5625, 2337087.1875 ], [ 573355.78125, 2337081.40625 ], [ 573361.40625, 2337075.78125 ], [ 573378.59375, 2337044.21875 ], [ 573386.40625, 2337037.03125 ], [ 573411.25, 2337024.375 ], [ 573416.875, 2337018.75 ], [ 573419.6875, 2337010.3125 ], [ 573420.0, 2336973.125 ], [ 573420.46875, 2336969.84375 ], [ 573422.8125, 2336964.6875 ], [ 573427.03125, 2336961.40625 ], [ 573433.125, 2336960.0 ], [ 573466.875, 2336960.0 ], [ 573473.4375, 2336959.0625 ], [ 573478.75, 2336956.875 ], [ 573484.375, 2336951.25 ], [ 573495.625, 2336928.75 ], [ 573502.1875, 2336920.3125 ], [ 573508.75, 2336915.625 ], [ 573531.25, 2336904.375 ], [ 573535.3125, 2336900.9375 ], [ 573539.0625, 2336893.4375 ], [ 573540.3125, 2336879.6875 ], [ 573543.125, 2336871.25 ], [ 573546.5625, 2336867.1875 ], [ 573557.8125, 2336859.6875 ], [ 573562.96875, 2336853.59375 ], [ 573597.03125, 2336786.40625 ], [ 573600.3125, 2336782.1875 ], [ 573606.40625, 2336777.03125 ], [ 573631.25, 2336764.375 ], [ 573636.875, 2336758.75 ], [ 573639.0625, 2336753.4375 ], [ 573640.0, 2336746.875 ], [ 573640.0, 2336713.125 ], [ 573641.5625, 2336699.6875 ], [ 573644.375, 2336691.25 ], [ 573655.625, 2336668.75 ], [ 573659.0625, 2336664.6875 ], [ 573663.75, 2336661.875 ], [ 573669.6875, 2336660.3125 ], [ 573683.4375, 2336659.0625 ], [ 573688.75, 2336656.875 ], [ 573692.8125, 2336653.4375 ], [ 573715.625, 2336608.75 ], [ 573719.0625, 2336597.1875 ], [ 573720.0, 2336586.875 ], [ 573719.84375, 2336549.53125 ], [ 573718.4375, 2336539.6875 ], [ 573714.375, 2336528.75 ], [ 573710.9375, 2336524.6875 ], [ 573706.25, 2336521.875 ], [ 573700.3125, 2336520.3125 ], [ 573686.5625, 2336519.0625 ], [ 573679.0625, 2336515.3125 ], [ 573675.625, 2336511.25 ], [ 573654.375, 2336468.75 ], [ 573648.75, 2336463.125 ], [ 573640.3125, 2336460.3125 ], [ 573626.09375, 2336459.53125 ], [ 573616.71875, 2336457.65625 ], [ 573608.75, 2336454.375 ], [ 573604.6875, 2336450.9375 ], [ 573601.875, 2336446.25 ], [ 573600.3125, 2336440.3125 ], [ 573600.46875, 2336426.09375 ], [ 573603.28125, 2336413.90625 ], [ 573605.625, 2336408.75 ], [ 573609.0625, 2336404.6875 ], [ 573613.75, 2336401.875 ], [ 573619.6875, 2336400.3125 ], [ 573633.90625, 2336400.46875 ], [ 573646.09375, 2336403.28125 ], [ 573671.25, 2336415.625 ], [ 573679.6875, 2336418.4375 ], [ 573693.125, 2336420.0 ], [ 573730.46875, 2336420.15625 ], [ 573737.1875, 2336420.9375 ], [ 573746.09375, 2336423.28125 ], [ 573751.25, 2336425.625 ], [ 573755.3125, 2336429.0625 ], [ 573759.0625, 2336436.5625 ], [ 573760.0, 2336443.125 ], [ 573760.3125, 2336480.3125 ], [ 573763.125, 2336488.75 ], [ 573768.75, 2336494.375 ], [ 573776.71875, 2336497.65625 ], [ 573789.53125, 2336499.84375 ], [ 573856.875, 2336500.0 ], [ 573863.4375, 2336499.0625 ], [ 573868.75, 2336496.875 ], [ 573872.8125, 2336493.4375 ], [ 573885.625, 2336468.75 ], [ 573889.0625, 2336464.6875 ], [ 573896.5625, 2336460.9375 ], [ 573910.15625, 2336459.53125 ], [ 573912.96875, 2336458.59375 ], [ 573917.1875, 2336455.3125 ], [ 573919.53125, 2336450.15625 ], [ 573920.3125, 2336439.6875 ], [ 573923.125, 2336431.25 ], [ 573926.5625, 2336427.1875 ], [ 573935.78125, 2336421.40625 ], [ 573941.40625, 2336415.78125 ], [ 573944.375, 2336411.25 ], [ 573955.625, 2336388.75 ], [ 573960.3125, 2336382.1875 ], [ 573968.75, 2336375.625 ], [ 573993.59375, 2336362.96875 ], [ 574001.40625, 2336355.78125 ], [ 574018.59375, 2336324.21875 ], [ 574024.21875, 2336318.59375 ], [ 574033.4375, 2336312.8125 ], [ 574036.875, 2336308.75 ], [ 574039.6875, 2336300.3125 ], [ 574040.9375, 2336286.5625 ], [ 574044.6875, 2336279.0625 ], [ 574048.75, 2336275.625 ], [ 574111.25, 2336244.375 ], [ 574115.78125, 2336241.40625 ], [ 574121.40625, 2336235.78125 ], [ 574124.375, 2336231.25 ], [ 574157.03125, 2336166.40625 ], [ 574164.21875, 2336158.59375 ], [ 574173.4375, 2336152.8125 ], [ 574178.125, 2336146.25 ], [ 574180.0, 2336136.875 ], [ 574180.0, 2336073.125 ], [ 574180.46875, 2336069.84375 ], [ 574182.8125, 2336064.6875 ], [ 574184.6875, 2336062.8125 ], [ 574189.84375, 2336060.46875 ], [ 574226.875, 2336060.0 ], [ 574232.96875, 2336058.59375 ], [ 574237.1875, 2336055.3125 ], [ 574238.59375, 2336052.96875 ], [ 574240.0, 2336046.875 ], [ 574240.0, 2336013.125 ], [ 574240.9375, 2336006.5625 ], [ 574243.125, 2336001.25 ], [ 574248.75, 2335995.625 ], [ 574311.25, 2335964.375 ], [ 574315.3125, 2335960.9375 ], [ 574319.0625, 2335953.4375 ], [ 574320.3125, 2335939.6875 ], [ 574323.125, 2335931.25 ], [ 574326.5625, 2335927.1875 ], [ 574333.4375, 2335922.8125 ], [ 574338.125, 2335916.25 ], [ 574339.6875, 2335910.3125 ], [ 574340.3125, 2335899.6875 ], [ 574343.125, 2335891.25 ], [ 574346.5625, 2335887.1875 ], [ 574355.78125, 2335881.40625 ], [ 574361.40625, 2335875.78125 ], [ 574364.375, 2335871.25 ], [ 574375.625, 2335848.75 ], [ 574378.4375, 2335840.3125 ], [ 574379.84375, 2335830.46875 ], [ 574380.0, 2335733.125 ], [ 574381.5625, 2335719.6875 ], [ 574384.375, 2335711.25 ], [ 574389.0625, 2335704.6875 ], [ 574396.5625, 2335700.9375 ], [ 574406.875, 2335700.0 ], [ 574412.96875, 2335698.59375 ], [ 574415.3125, 2335697.1875 ], [ 574418.59375, 2335692.96875 ], [ 574420.0, 2335686.875 ], [ 574420.0, 2335653.125 ], [ 574420.9375, 2335642.8125 ], [ 574423.28125, 2335633.90625 ], [ 574435.625, 2335608.75 ], [ 574438.4375, 2335600.3125 ], [ 574440.0, 2335586.875 ], [ 574440.0, 2335553.125 ], [ 574441.40625, 2335547.03125 ], [ 574444.6875, 2335542.8125 ], [ 574449.84375, 2335540.46875 ], [ 574490.3125, 2335539.6875 ], [ 574496.25, 2335538.125 ], [ 574500.9375, 2335535.3125 ], [ 574504.375, 2335531.25 ], [ 574535.625, 2335468.75 ], [ 574538.4375, 2335460.3125 ], [ 574540.0, 2335446.875 ], [ 574540.0, 2335353.125 ], [ 574538.59375, 2335347.03125 ], [ 574535.3125, 2335342.8125 ], [ 574532.96875, 2335341.40625 ], [ 574526.875, 2335340.0 ], [ 574429.6875, 2335340.3125 ], [ 574421.25, 2335343.125 ], [ 574417.1875, 2335346.5625 ], [ 574410.9375, 2335355.3125 ], [ 574403.4375, 2335359.0625 ], [ 574396.875, 2335360.0 ], [ 574359.6875, 2335359.6875 ], [ 574353.75, 2335358.125 ], [ 574347.1875, 2335353.4375 ], [ 574344.375, 2335348.75 ], [ 574341.5625, 2335340.3125 ], [ 574340.15625, 2335330.46875 ], [ 574340.3125, 2335319.6875 ], [ 574341.875, 2335313.75 ], [ 574346.5625, 2335307.1875 ], [ 574393.59375, 2335282.96875 ], [ 574399.6875, 2335277.8125 ], [ 574407.1875, 2335266.5625 ], [ 574411.25, 2335263.125 ], [ 574416.5625, 2335260.9375 ], [ 574430.3125, 2335259.6875 ], [ 574436.25, 2335258.125 ], [ 574440.9375, 2335255.3125 ], [ 574447.1875, 2335246.5625 ], [ 574451.25, 2335243.125 ], [ 574456.5625, 2335240.9375 ], [ 574470.3125, 2335239.6875 ], [ 574476.25, 2335238.125 ], [ 574480.9375, 2335235.3125 ], [ 574487.1875, 2335226.5625 ], [ 574493.75, 2335221.875 ], [ 574503.125, 2335220.0 ], [ 574570.46875, 2335219.84375 ], [ 574583.28125, 2335217.65625 ], [ 574588.75, 2335215.625 ], [ 574593.4375, 2335212.8125 ], [ 574596.875, 2335208.75 ], [ 574599.0625, 2335203.4375 ], [ 574601.5625, 2335179.6875 ], [ 574604.375, 2335171.25 ], [ 574607.1875, 2335166.5625 ], [ 574613.75, 2335161.875 ], [ 574619.6875, 2335160.3125 ], [ 574633.4375, 2335159.0625 ], [ 574640.9375, 2335155.3125 ], [ 574644.375, 2335151.25 ], [ 574655.625, 2335128.75 ], [ 574660.3125, 2335122.1875 ], [ 574666.40625, 2335117.03125 ], [ 574691.25, 2335104.375 ], [ 574695.3125, 2335100.9375 ], [ 574699.0625, 2335093.4375 ], [ 574700.3125, 2335079.6875 ], [ 574703.125, 2335071.25 ], [ 574706.5625, 2335067.1875 ], [ 574715.78125, 2335061.40625 ], [ 574721.40625, 2335055.78125 ], [ 574724.375, 2335051.25 ], [ 574735.625, 2335028.75 ], [ 574742.1875, 2335020.3125 ], [ 574748.75, 2335015.625 ], [ 574771.25, 2335004.375 ], [ 574775.3125, 2335000.9375 ], [ 574779.0625, 2334993.4375 ], [ 574780.9375, 2334976.5625 ], [ 574783.125, 2334971.25 ], [ 574786.5625, 2334967.1875 ], [ 574793.90625, 2334963.28125 ], [ 574802.8125, 2334960.9375 ], [ 574813.125, 2334960.0 ], [ 574846.875, 2334960.0 ], [ 574852.96875, 2334958.59375 ], [ 574857.1875, 2334955.3125 ], [ 574858.59375, 2334952.96875 ], [ 574860.0, 2334946.875 ], [ 574860.0, 2334913.125 ], [ 574861.40625, 2334907.03125 ], [ 574864.6875, 2334902.8125 ], [ 574869.84375, 2334900.46875 ], [ 574880.3125, 2334899.6875 ], [ 574886.25, 2334898.125 ], [ 574892.8125, 2334893.4375 ], [ 574899.0625, 2334884.6875 ], [ 574903.75, 2334881.875 ], [ 574909.6875, 2334880.3125 ], [ 575006.875, 2334880.0 ], [ 575017.1875, 2334879.0625 ], [ 575028.75, 2334875.625 ], [ 575051.25, 2334864.375 ], [ 575055.78125, 2334861.40625 ], [ 575061.40625, 2334855.78125 ], [ 575067.1875, 2334846.5625 ], [ 575071.25, 2334843.125 ], [ 575076.5625, 2334840.9375 ], [ 575090.3125, 2334839.6875 ], [ 575096.25, 2334838.125 ], [ 575100.9375, 2334835.3125 ], [ 575107.1875, 2334826.5625 ], [ 575111.25, 2334823.125 ], [ 575116.5625, 2334820.9375 ], [ 575130.3125, 2334819.6875 ], [ 575136.25, 2334818.125 ], [ 575140.9375, 2334815.3125 ], [ 575147.1875, 2334806.5625 ], [ 575151.25, 2334803.125 ], [ 575156.5625, 2334800.9375 ], [ 575170.3125, 2334799.6875 ], [ 575178.75, 2334796.875 ], [ 575184.375, 2334791.25 ], [ 575195.625, 2334768.75 ], [ 575201.25, 2334763.125 ], [ 575206.5625, 2334760.9375 ], [ 575220.3125, 2334759.6875 ], [ 575228.75, 2334756.875 ], [ 575232.8125, 2334753.4375 ], [ 575240.3125, 2334742.1875 ], [ 575248.75, 2334735.625 ], [ 575351.25, 2334684.375 ], [ 575357.8125, 2334679.6875 ], [ 575364.375, 2334671.25 ], [ 575375.625, 2334648.75 ], [ 575378.59375, 2334644.21875 ], [ 575384.21875, 2334638.59375 ], [ 575393.4375, 2334632.8125 ], [ 575396.875, 2334628.75 ], [ 575399.6875, 2334620.3125 ], [ 575400.9375, 2334606.5625 ], [ 575404.6875, 2334599.0625 ], [ 575408.75, 2334595.625 ], [ 575433.59375, 2334582.96875 ], [ 575439.6875, 2334577.8125 ], [ 575444.375, 2334571.25 ], [ 575455.625, 2334548.75 ], [ 575462.1875, 2334540.3125 ], [ 575468.75, 2334535.625 ], [ 575493.59375, 2334522.96875 ], [ 575501.40625, 2334515.78125 ], [ 575504.375, 2334511.25 ], [ 575535.625, 2334448.75 ], [ 575540.3125, 2334442.1875 ], [ 575546.40625, 2334437.03125 ], [ 575571.25, 2334424.375 ], [ 575577.8125, 2334419.6875 ], [ 575582.96875, 2334413.59375 ], [ 575595.625, 2334388.75 ], [ 575600.3125, 2334382.1875 ], [ 575606.40625, 2334377.03125 ], [ 575631.25, 2334364.375 ], [ 575637.8125, 2334359.6875 ], [ 575642.96875, 2334353.59375 ], [ 575655.625, 2334328.75 ], [ 575662.1875, 2334320.3125 ], [ 575668.75, 2334315.625 ], [ 575711.25, 2334294.375 ], [ 575715.3125, 2334290.9375 ], [ 575719.0625, 2334283.4375 ], [ 575720.3125, 2334269.6875 ], [ 575723.125, 2334261.25 ], [ 575728.75, 2334255.625 ], [ 575751.25, 2334244.375 ], [ 575755.3125, 2334240.9375 ], [ 575759.0625, 2334233.4375 ], [ 575760.9375, 2334216.5625 ], [ 575763.125, 2334211.25 ], [ 575766.5625, 2334207.1875 ], [ 575851.25, 2334164.375 ], [ 575857.8125, 2334159.6875 ], [ 575862.96875, 2334153.59375 ], [ 575875.625, 2334128.75 ], [ 575880.3125, 2334122.1875 ], [ 575886.40625, 2334117.03125 ], [ 575911.25, 2334104.375 ], [ 575915.3125, 2334100.9375 ], [ 575919.0625, 2334093.4375 ], [ 575920.9375, 2334076.5625 ], [ 575924.6875, 2334069.0625 ], [ 575937.8125, 2334059.6875 ], [ 575941.40625, 2334055.78125 ], [ 575947.1875, 2334046.5625 ], [ 575951.25, 2334043.125 ], [ 575959.6875, 2334040.3125 ], [ 575973.4375, 2334039.0625 ], [ 575980.9375, 2334035.3125 ], [ 575984.375, 2334031.25 ], [ 575995.625, 2334008.75 ], [ 575999.0625, 2334004.6875 ], [ 576006.5625, 2334000.9375 ], [ 576020.3125, 2333999.6875 ], [ 576028.75, 2333996.875 ], [ 576032.8125, 2333993.4375 ], [ 576040.3125, 2333982.1875 ], [ 576048.75, 2333975.625 ], [ 576151.25, 2333924.375 ], [ 576157.8125, 2333919.6875 ], [ 576162.96875, 2333913.59375 ], [ 576175.625, 2333888.75 ], [ 576180.3125, 2333882.1875 ], [ 576186.40625, 2333877.03125 ], [ 576211.25, 2333864.375 ], [ 576217.8125, 2333859.6875 ], [ 576222.96875, 2333853.59375 ], [ 576235.625, 2333828.75 ], [ 576242.1875, 2333820.3125 ], [ 576248.75, 2333815.625 ], [ 576311.25, 2333784.375 ], [ 576319.6875, 2333777.8125 ], [ 576324.375, 2333771.25 ], [ 576357.1875, 2333706.5625 ], [ 576363.75, 2333701.875 ], [ 576369.6875, 2333700.3125 ], [ 576383.4375, 2333699.0625 ], [ 576390.9375, 2333695.3125 ], [ 576394.375, 2333691.25 ], [ 576415.625, 2333648.75 ], [ 576419.0625, 2333644.6875 ], [ 576426.5625, 2333640.9375 ], [ 576440.3125, 2333639.6875 ], [ 576448.75, 2333636.875 ], [ 576452.8125, 2333633.4375 ], [ 576457.1875, 2333626.5625 ], [ 576463.75, 2333621.875 ], [ 576469.6875, 2333620.3125 ], [ 576480.3125, 2333619.6875 ], [ 576488.75, 2333616.875 ], [ 576494.375, 2333611.25 ], [ 576505.625, 2333588.75 ], [ 576511.25, 2333583.125 ], [ 576516.5625, 2333580.9375 ], [ 576530.3125, 2333579.6875 ], [ 576536.25, 2333578.125 ], [ 576540.9375, 2333575.3125 ], [ 576547.1875, 2333566.5625 ], [ 576551.25, 2333563.125 ], [ 576559.6875, 2333560.3125 ], [ 576573.4375, 2333559.0625 ], [ 576580.9375, 2333555.3125 ], [ 576584.375, 2333551.25 ], [ 576595.625, 2333528.75 ], [ 576598.4375, 2333520.3125 ], [ 576600.0, 2333506.875 ], [ 576600.0, 2333473.125 ], [ 576600.9375, 2333466.5625 ], [ 576603.125, 2333461.25 ], [ 576608.75, 2333455.625 ], [ 576631.25, 2333444.375 ], [ 576639.6875, 2333437.8125 ], [ 576644.375, 2333431.25 ], [ 576655.625, 2333408.75 ], [ 576659.0625, 2333404.6875 ], [ 576663.75, 2333401.875 ], [ 576669.6875, 2333400.3125 ], [ 576706.875, 2333400.0 ], [ 576713.4375, 2333399.0625 ], [ 576718.75, 2333396.875 ], [ 576724.375, 2333391.25 ], [ 576735.625, 2333368.75 ], [ 576739.0625, 2333364.6875 ], [ 576746.5625, 2333360.9375 ], [ 576760.3125, 2333359.6875 ], [ 576768.75, 2333356.875 ], [ 576772.8125, 2333353.4375 ], [ 576777.03125, 2333346.40625 ], [ 576782.1875, 2333340.3125 ], [ 576795.3125, 2333330.9375 ], [ 576799.0625, 2333323.4375 ], [ 576800.9375, 2333306.5625 ], [ 576803.125, 2333301.25 ], [ 576806.5625, 2333297.1875 ], [ 576835.78125, 2333281.40625 ], [ 576841.40625, 2333275.78125 ], [ 576847.1875, 2333266.5625 ], [ 576851.25, 2333263.125 ], [ 576859.6875, 2333260.3125 ], [ 576873.4375, 2333259.0625 ], [ 576880.9375, 2333255.3125 ], [ 576884.375, 2333251.25 ], [ 576895.625, 2333228.75 ], [ 576901.25, 2333223.125 ], [ 576909.6875, 2333220.3125 ], [ 576923.4375, 2333219.0625 ], [ 576928.75, 2333216.875 ], [ 576932.8125, 2333213.4375 ], [ 576935.625, 2333208.75 ], [ 576937.65625, 2333203.28125 ], [ 576939.84375, 2333190.46875 ], [ 576940.3125, 2333119.6875 ], [ 576941.875, 2333113.75 ], [ 576946.5625, 2333107.1875 ], [ 576953.90625, 2333103.28125 ], [ 576966.09375, 2333100.46875 ], [ 577006.875, 2333100.0 ], [ 577020.3125, 2333098.4375 ], [ 577028.75, 2333095.625 ], [ 577051.25, 2333084.375 ], [ 577055.3125, 2333080.9375 ], [ 577058.125, 2333076.25 ], [ 577059.6875, 2333070.3125 ], [ 577060.3125, 2333059.6875 ], [ 577063.125, 2333051.25 ], [ 577066.5625, 2333047.1875 ], [ 577073.4375, 2333042.8125 ], [ 577078.125, 2333036.25 ], [ 577079.6875, 2333030.3125 ], [ 577080.9375, 2333016.5625 ], [ 577084.6875, 2333009.0625 ], [ 577088.75, 2333005.625 ], [ 577131.25, 2332984.375 ], [ 577137.8125, 2332979.6875 ], [ 577142.96875, 2332973.59375 ], [ 577155.625, 2332948.75 ], [ 577159.0625, 2332944.6875 ], [ 577163.75, 2332941.875 ], [ 577169.6875, 2332940.3125 ], [ 577206.875, 2332940.0 ], [ 577216.25, 2332938.125 ], [ 577220.9375, 2332935.3125 ], [ 577224.375, 2332931.25 ], [ 577235.625, 2332908.75 ], [ 577239.0625, 2332904.6875 ], [ 577246.5625, 2332900.9375 ], [ 577263.4375, 2332899.0625 ], [ 577270.9375, 2332895.3125 ], [ 577274.375, 2332891.25 ], [ 577276.71875, 2332886.09375 ], [ 577279.53125, 2332873.90625 ], [ 577280.0, 2332803.125 ], [ 577280.9375, 2332796.5625 ], [ 577284.6875, 2332789.0625 ], [ 577293.4375, 2332782.8125 ], [ 577298.125, 2332776.25 ], [ 577299.6875, 2332770.3125 ], [ 577300.3125, 2332759.6875 ], [ 577303.125, 2332751.25 ], [ 577308.75, 2332745.625 ], [ 577331.25, 2332734.375 ], [ 577335.3125, 2332730.9375 ], [ 577339.0625, 2332723.4375 ], [ 577340.9375, 2332706.5625 ], [ 577344.6875, 2332699.0625 ], [ 577348.75, 2332695.625 ], [ 577371.25, 2332684.375 ], [ 577375.78125, 2332681.40625 ], [ 577381.40625, 2332675.78125 ], [ 577385.625, 2332668.75 ], [ 577389.0625, 2332664.6875 ], [ 577393.75, 2332661.875 ], [ 577399.6875, 2332660.3125 ], [ 577436.875, 2332660.0 ], [ 577446.25, 2332661.875 ], [ 577452.8125, 2332666.5625 ], [ 577456.71875, 2332673.90625 ], [ 577459.53125, 2332686.09375 ], [ 577460.0, 2332726.875 ], [ 577461.5625, 2332740.3125 ], [ 577465.625, 2332751.25 ], [ 577471.25, 2332756.875 ], [ 577476.5625, 2332759.0625 ], [ 577483.125, 2332760.0 ], [ 577550.46875, 2332759.84375 ], [ 577557.1875, 2332759.0625 ], [ 577566.09375, 2332756.71875 ], [ 577571.25, 2332754.375 ], [ 577575.3125, 2332750.9375 ], [ 577579.0625, 2332743.4375 ], [ 577580.3125, 2332729.6875 ], [ 577581.875, 2332723.75 ], [ 577584.6875, 2332719.0625 ], [ 577593.4375, 2332712.8125 ], [ 577596.875, 2332708.75 ], [ 577599.0625, 2332703.4375 ], [ 577600.0, 2332693.125 ], [ 577601.40625, 2332687.03125 ], [ 577604.6875, 2332682.8125 ], [ 577609.84375, 2332680.46875 ], [ 577706.875, 2332680.0 ], [ 577717.1875, 2332679.0625 ], [ 577728.75, 2332675.625 ], [ 577791.25, 2332644.375 ], [ 577802.8125, 2332640.9375 ], [ 577813.125, 2332640.0 ], [ 577973.90625, 2332639.53125 ], [ 577980.3125, 2332638.4375 ], [ 577988.75, 2332635.625 ], [ 578011.25, 2332624.375 ], [ 578015.78125, 2332621.40625 ], [ 578022.96875, 2332613.59375 ], [ 578038.59375, 2332584.21875 ], [ 578044.21875, 2332578.59375 ], [ 578051.25, 2332574.375 ], [ 578055.3125, 2332570.9375 ], [ 578059.0625, 2332563.4375 ], [ 578060.0, 2332556.875 ], [ 578060.0, 2332493.125 ], [ 578058.59375, 2332487.03125 ], [ 578055.3125, 2332482.8125 ], [ 578052.96875, 2332481.40625 ], [ 578046.875, 2332480.0 ], [ 577949.6875, 2332479.6875 ], [ 577943.75, 2332478.125 ], [ 577939.0625, 2332475.3125 ], [ 577932.8125, 2332466.5625 ], [ 577928.75, 2332463.125 ], [ 577920.3125, 2332460.3125 ], [ 577909.84375, 2332459.53125 ], [ 577904.6875, 2332457.1875 ], [ 577901.40625, 2332452.96875 ], [ 577900.0, 2332446.875 ], [ 577900.0, 2332383.125 ], [ 577900.9375, 2332376.5625 ], [ 577903.125, 2332371.25 ], [ 577906.5625, 2332367.1875 ], [ 577911.25, 2332364.375 ], [ 577919.6875, 2332361.5625 ], [ 577933.125, 2332360.0 ], [ 578060.3125, 2332359.6875 ], [ 578068.75, 2332356.875 ], [ 578072.8125, 2332353.4375 ], [ 578079.0625, 2332344.6875 ], [ 578086.5625, 2332340.9375 ], [ 578093.125, 2332340.0 ], [ 578126.875, 2332340.0 ], [ 578136.25, 2332338.125 ], [ 578140.9375, 2332335.3125 ], [ 578147.1875, 2332326.5625 ], [ 578151.25, 2332323.125 ], [ 578156.5625, 2332320.9375 ], [ 578170.3125, 2332319.6875 ], [ 578176.25, 2332318.125 ], [ 578182.8125, 2332313.4375 ], [ 578189.0625, 2332304.6875 ], [ 578196.5625, 2332300.9375 ], [ 578203.125, 2332300.0 ], [ 578266.875, 2332300.0 ], [ 578280.3125, 2332301.5625 ], [ 578288.75, 2332304.375 ], [ 578311.25, 2332315.625 ], [ 578316.875, 2332321.25 ], [ 578319.0625, 2332326.5625 ], [ 578320.0, 2332333.125 ], [ 578320.0, 2332366.875 ], [ 578321.5625, 2332380.3125 ], [ 578324.375, 2332388.75 ], [ 578335.625, 2332411.25 ], [ 578341.25, 2332416.875 ], [ 578346.5625, 2332419.0625 ], [ 578353.125, 2332420.0 ], [ 578476.875, 2332420.0 ], [ 578486.25, 2332421.875 ], [ 578490.9375, 2332424.6875 ], [ 578494.375, 2332428.75 ], [ 578505.625, 2332451.25 ], [ 578509.0625, 2332455.3125 ], [ 578516.5625, 2332459.0625 ], [ 578533.4375, 2332460.9375 ], [ 578540.9375, 2332464.6875 ], [ 578544.375, 2332468.75 ], [ 578555.625, 2332491.25 ], [ 578561.25, 2332496.875 ], [ 578569.6875, 2332499.6875 ], [ 578610.46875, 2332500.15625 ], [ 578617.1875, 2332500.9375 ], [ 578626.09375, 2332503.28125 ], [ 578651.25, 2332515.625 ], [ 578655.78125, 2332518.59375 ], [ 578661.40625, 2332524.21875 ], [ 578667.1875, 2332533.4375 ], [ 578671.25, 2332536.875 ], [ 578676.5625, 2332539.0625 ], [ 578690.3125, 2332540.3125 ], [ 578696.25, 2332541.875 ], [ 578702.8125, 2332546.5625 ], [ 578709.0625, 2332555.3125 ], [ 578713.75, 2332558.125 ], [ 578719.6875, 2332559.6875 ], [ 578880.3125, 2332559.6875 ], [ 578888.75, 2332556.875 ], [ 578892.8125, 2332553.4375 ], [ 578899.0625, 2332544.6875 ], [ 578906.5625, 2332540.9375 ], [ 578913.125, 2332540.0 ], [ 578980.3125, 2332539.6875 ], [ 578986.25, 2332538.125 ], [ 578990.9375, 2332535.3125 ], [ 578997.1875, 2332526.5625 ], [ 579001.25, 2332523.125 ], [ 579006.5625, 2332520.9375 ], [ 579013.125, 2332520.0 ], [ 579166.875, 2332520.0 ], [ 579173.4375, 2332520.9375 ], [ 579178.75, 2332523.125 ], [ 579182.8125, 2332526.5625 ], [ 579189.0625, 2332535.3125 ], [ 579196.5625, 2332539.0625 ], [ 579203.125, 2332540.0 ], [ 579266.875, 2332540.0 ], [ 579273.4375, 2332539.0625 ], [ 579278.75, 2332536.875 ], [ 579282.8125, 2332533.4375 ], [ 579287.1875, 2332526.5625 ], [ 579293.75, 2332521.875 ], [ 579299.6875, 2332520.3125 ], [ 579313.90625, 2332519.53125 ], [ 579323.28125, 2332517.65625 ], [ 579328.75, 2332515.625 ], [ 579351.25, 2332504.375 ], [ 579359.6875, 2332501.5625 ], [ 579373.125, 2332500.0 ], [ 579466.875, 2332500.0 ], [ 579477.1875, 2332500.9375 ], [ 579486.09375, 2332503.28125 ], [ 579511.25, 2332515.625 ], [ 579522.8125, 2332519.0625 ], [ 579533.125, 2332520.0 ], [ 579596.875, 2332520.0 ], [ 579603.4375, 2332520.9375 ], [ 579610.9375, 2332524.6875 ], [ 579617.1875, 2332533.4375 ], [ 579623.75, 2332538.125 ], [ 579633.125, 2332540.0 ], [ 579666.875, 2332540.0 ], [ 579673.4375, 2332540.9375 ], [ 579680.9375, 2332544.6875 ], [ 579689.0625, 2332555.3125 ], [ 579693.75, 2332558.125 ], [ 579699.6875, 2332559.6875 ], [ 579826.875, 2332560.0 ], [ 579837.1875, 2332560.9375 ], [ 579848.75, 2332564.375 ], [ 579873.59375, 2332577.03125 ], [ 579879.6875, 2332582.1875 ], [ 579889.0625, 2332595.3125 ], [ 579896.5625, 2332599.0625 ], [ 579903.125, 2332600.0 ], [ 580030.3125, 2332600.3125 ], [ 580038.75, 2332603.125 ], [ 580042.8125, 2332606.5625 ], [ 580049.0625, 2332615.3125 ], [ 580056.5625, 2332619.0625 ], [ 580063.125, 2332620.0 ], [ 580126.875, 2332620.0 ], [ 580132.96875, 2332621.40625 ], [ 580135.3125, 2332622.8125 ], [ 580138.59375, 2332627.03125 ], [ 580139.53125, 2332629.84375 ], [ 580140.9375, 2332643.4375 ], [ 580144.6875, 2332650.9375 ], [ 580148.75, 2332654.375 ], [ 580191.25, 2332675.625 ], [ 580197.8125, 2332680.3125 ], [ 580204.375, 2332688.75 ], [ 580217.03125, 2332713.59375 ], [ 580220.3125, 2332717.8125 ], [ 580226.40625, 2332722.96875 ], [ 580251.25, 2332735.625 ], [ 580259.6875, 2332738.4375 ], [ 580273.125, 2332740.0 ], [ 580306.875, 2332740.0 ], [ 580310.15625, 2332740.46875 ], [ 580315.3125, 2332742.8125 ], [ 580317.1875, 2332744.6875 ], [ 580319.53125, 2332749.84375 ], [ 580320.3125, 2332760.3125 ], [ 580323.125, 2332768.75 ], [ 580326.5625, 2332772.8125 ], [ 580335.78125, 2332778.59375 ], [ 580341.40625, 2332784.21875 ], [ 580357.03125, 2332813.59375 ], [ 580360.3125, 2332817.8125 ], [ 580366.40625, 2332822.96875 ], [ 580431.25, 2332855.625 ], [ 580439.6875, 2332858.4375 ], [ 580453.125, 2332860.0 ], [ 580550.46875, 2332860.15625 ], [ 580560.3125, 2332861.5625 ], [ 580568.75, 2332864.375 ], [ 580573.4375, 2332867.1875 ], [ 580578.125, 2332873.75 ], [ 580579.6875, 2332879.6875 ], [ 580580.9375, 2332897.1875 ], [ 580583.28125, 2332906.09375 ], [ 580587.1875, 2332913.4375 ], [ 580593.75, 2332918.125 ], [ 580603.125, 2332920.0 ], [ 580816.875, 2332920.0 ], [ 580823.4375, 2332919.0625 ], [ 580828.75, 2332916.875 ], [ 580832.8125, 2332913.4375 ], [ 580837.1875, 2332906.5625 ], [ 580843.75, 2332901.875 ], [ 580849.6875, 2332900.3125 ], [ 580860.3125, 2332899.6875 ], [ 580868.75, 2332896.875 ], [ 580872.8125, 2332893.4375 ], [ 580880.3125, 2332882.1875 ], [ 580888.75, 2332875.625 ], [ 580951.25, 2332844.375 ], [ 580962.8125, 2332840.9375 ], [ 580973.125, 2332840.0 ], [ 581006.875, 2332840.0 ], [ 581013.90625, 2332840.46875 ], [ 581023.28125, 2332842.34375 ], [ 581028.75, 2332844.375 ], [ 581091.25, 2332875.625 ], [ 581102.8125, 2332879.0625 ], [ 581113.125, 2332880.0 ], [ 581206.875, 2332880.0 ], [ 581216.25, 2332878.125 ], [ 581222.8125, 2332873.4375 ], [ 581235.625, 2332848.75 ], [ 581239.0625, 2332844.6875 ], [ 581246.5625, 2332840.9375 ], [ 581260.3125, 2332839.6875 ], [ 581266.25, 2332838.125 ], [ 581272.8125, 2332833.4375 ], [ 581279.0625, 2332824.6875 ], [ 581286.5625, 2332820.9375 ], [ 581293.125, 2332820.0 ], [ 581393.90625, 2332819.53125 ], [ 581406.09375, 2332816.71875 ], [ 581433.90625, 2332803.28125 ], [ 581439.6875, 2332801.5625 ], [ 581449.53125, 2332800.15625 ], [ 581576.875, 2332800.0 ], [ 581583.4375, 2332799.0625 ], [ 581590.9375, 2332795.3125 ], [ 581595.625, 2332788.75 ], [ 581599.0625, 2332777.1875 ], [ 581600.9375, 2332756.5625 ], [ 581604.6875, 2332749.0625 ], [ 581608.75, 2332745.625 ], [ 581613.90625, 2332743.28125 ], [ 581626.09375, 2332740.46875 ], [ 581666.875, 2332740.0 ], [ 581677.1875, 2332740.9375 ], [ 581688.75, 2332744.375 ], [ 581713.90625, 2332756.71875 ], [ 581719.6875, 2332758.4375 ], [ 581729.53125, 2332759.84375 ], [ 581860.3125, 2332760.3125 ], [ 581868.75, 2332763.125 ], [ 581872.8125, 2332766.5625 ], [ 581879.0625, 2332775.3125 ], [ 581886.5625, 2332779.0625 ], [ 581893.125, 2332780.0 ], [ 581956.875, 2332780.0 ], [ 581963.4375, 2332779.0625 ], [ 581968.75, 2332776.875 ], [ 581972.8125, 2332773.4375 ], [ 581979.0625, 2332764.6875 ], [ 581983.75, 2332761.875 ], [ 581989.6875, 2332760.3125 ], [ 582056.875, 2332760.0 ], [ 582063.4375, 2332759.0625 ], [ 582070.9375, 2332755.3125 ], [ 582079.0625, 2332744.6875 ], [ 582083.75, 2332741.875 ], [ 582089.6875, 2332740.3125 ], [ 582246.875, 2332740.0 ], [ 582260.3125, 2332738.4375 ], [ 582268.75, 2332735.625 ], [ 582331.25, 2332704.375 ], [ 582339.6875, 2332697.8125 ], [ 582347.1875, 2332686.5625 ], [ 582351.25, 2332683.125 ], [ 582356.5625, 2332680.9375 ], [ 582370.3125, 2332679.6875 ], [ 582376.25, 2332678.125 ], [ 582380.9375, 2332675.3125 ], [ 582387.1875, 2332666.5625 ], [ 582393.75, 2332661.875 ], [ 582403.125, 2332660.0 ], [ 582466.875, 2332660.0 ], [ 582473.4375, 2332659.0625 ], [ 582480.9375, 2332655.3125 ], [ 582487.1875, 2332646.5625 ], [ 582493.75, 2332641.875 ], [ 582499.6875, 2332640.3125 ], [ 582517.1875, 2332639.0625 ], [ 582526.09375, 2332636.71875 ], [ 582631.25, 2332584.375 ], [ 582642.8125, 2332580.9375 ], [ 582660.3125, 2332579.6875 ], [ 582666.25, 2332578.125 ], [ 582670.9375, 2332575.3125 ], [ 582677.1875, 2332566.5625 ], [ 582681.25, 2332563.125 ], [ 582686.5625, 2332560.9375 ], [ 582700.3125, 2332559.6875 ], [ 582706.25, 2332558.125 ], [ 582710.9375, 2332555.3125 ], [ 582717.1875, 2332546.5625 ], [ 582723.75, 2332541.875 ], [ 582733.125, 2332540.0 ], [ 582766.875, 2332540.0 ], [ 582780.3125, 2332538.4375 ], [ 582788.75, 2332535.625 ], [ 582811.25, 2332524.375 ], [ 582816.71875, 2332522.34375 ], [ 582826.09375, 2332520.46875 ], [ 582840.3125, 2332519.6875 ], [ 582846.25, 2332518.125 ], [ 582852.8125, 2332513.4375 ], [ 582859.0625, 2332504.6875 ], [ 582866.5625, 2332500.9375 ], [ 582873.125, 2332500.0 ], [ 582906.875, 2332500.0 ], [ 582913.4375, 2332499.0625 ], [ 582920.9375, 2332495.3125 ], [ 582927.1875, 2332486.5625 ], [ 582933.75, 2332481.875 ], [ 582939.6875, 2332480.3125 ], [ 582950.3125, 2332479.6875 ], [ 582958.75, 2332476.875 ], [ 582962.8125, 2332473.4375 ], [ 582967.1875, 2332466.5625 ], [ 582973.75, 2332461.875 ], [ 582983.125, 2332460.0 ], [ 583020.3125, 2332459.6875 ], [ 583028.75, 2332456.875 ], [ 583032.8125, 2332453.4375 ], [ 583039.0625, 2332444.6875 ], [ 583046.5625, 2332440.9375 ], [ 583053.125, 2332440.0 ], [ 583086.875, 2332440.0 ], [ 583096.25, 2332438.125 ], [ 583100.9375, 2332435.3125 ], [ 583107.1875, 2332426.5625 ], [ 583111.25, 2332423.125 ], [ 583116.5625, 2332420.9375 ], [ 583130.3125, 2332419.6875 ], [ 583136.25, 2332418.125 ], [ 583140.9375, 2332415.3125 ], [ 583147.1875, 2332406.5625 ], [ 583151.25, 2332403.125 ], [ 583156.5625, 2332400.9375 ], [ 583170.3125, 2332399.6875 ], [ 583176.25, 2332398.125 ], [ 583180.9375, 2332395.3125 ], [ 583187.1875, 2332386.5625 ], [ 583193.75, 2332381.875 ], [ 583203.125, 2332380.0 ], [ 583266.875, 2332380.0 ], [ 583273.4375, 2332379.0625 ], [ 583280.9375, 2332375.3125 ], [ 583289.0625, 2332364.6875 ], [ 583293.75, 2332361.875 ], [ 583299.6875, 2332360.3125 ], [ 583546.875, 2332360.0 ], [ 583553.4375, 2332360.9375 ], [ 583558.75, 2332363.125 ], [ 583562.8125, 2332366.5625 ], [ 583567.1875, 2332373.4375 ], [ 583571.25, 2332376.875 ], [ 583576.5625, 2332379.0625 ], [ 583583.125, 2332380.0 ], [ 583826.875, 2332380.0 ], [ 583833.4375, 2332379.0625 ], [ 583838.75, 2332376.875 ], [ 583842.8125, 2332373.4375 ], [ 583847.1875, 2332366.5625 ], [ 583853.75, 2332361.875 ], [ 583859.6875, 2332360.3125 ], [ 583870.46875, 2332360.15625 ], [ 583877.1875, 2332360.9375 ], [ 583886.09375, 2332363.28125 ], [ 583911.25, 2332375.625 ], [ 583919.6875, 2332378.4375 ], [ 583929.53125, 2332379.84375 ], [ 583966.875, 2332380.0 ], [ 583973.4375, 2332380.9375 ], [ 583980.9375, 2332384.6875 ], [ 583989.0625, 2332395.3125 ], [ 583993.75, 2332398.125 ], [ 583999.6875, 2332399.6875 ], [ 584096.875, 2332400.0 ], [ 584103.4375, 2332400.9375 ], [ 584110.9375, 2332404.6875 ], [ 584117.1875, 2332413.4375 ], [ 584121.25, 2332416.875 ], [ 584126.5625, 2332419.0625 ], [ 584140.3125, 2332420.3125 ], [ 584146.25, 2332421.875 ], [ 584152.8125, 2332426.5625 ], [ 584159.0625, 2332435.3125 ], [ 584163.75, 2332438.125 ], [ 584169.6875, 2332439.6875 ], [ 584386.875, 2332440.0 ], [ 584397.1875, 2332439.0625 ], [ 584408.75, 2332435.625 ], [ 584551.25, 2332364.375 ], [ 584556.71875, 2332362.34375 ], [ 584562.8125, 2332360.9375 ], [ 584573.125, 2332360.0 ], [ 584666.875, 2332360.0 ], [ 584673.4375, 2332359.0625 ], [ 584680.9375, 2332355.3125 ], [ 584687.1875, 2332346.5625 ], [ 584693.75, 2332341.875 ], [ 584699.6875, 2332340.3125 ], [ 584713.90625, 2332339.53125 ], [ 584723.28125, 2332337.65625 ], [ 584756.71875, 2332322.34375 ], [ 584769.53125, 2332320.15625 ], [ 584806.875, 2332320.0 ], [ 584816.25, 2332318.125 ], [ 584820.9375, 2332315.3125 ], [ 584827.1875, 2332306.5625 ], [ 584831.25, 2332303.125 ], [ 584836.5625, 2332300.9375 ], [ 584850.3125, 2332299.6875 ], [ 584856.25, 2332298.125 ], [ 584860.9375, 2332295.3125 ], [ 584867.1875, 2332286.5625 ], [ 584871.25, 2332283.125 ], [ 584876.5625, 2332280.9375 ], [ 584890.3125, 2332279.6875 ], [ 584896.25, 2332278.125 ], [ 584902.8125, 2332273.4375 ], [ 584909.0625, 2332264.6875 ], [ 584916.5625, 2332260.9375 ], [ 584923.125, 2332260.0 ], [ 584986.875, 2332260.0 ], [ 584992.96875, 2332258.59375 ], [ 584997.1875, 2332255.3125 ], [ 584999.53125, 2332250.15625 ], [ 585000.15625, 2332209.53125 ], [ 585000.9375, 2332202.8125 ], [ 585003.28125, 2332193.90625 ], [ 585015.625, 2332168.75 ], [ 585019.0625, 2332164.6875 ], [ 585026.5625, 2332160.9375 ], [ 585033.125, 2332160.0 ], [ 585220.3125, 2332159.6875 ], [ 585226.25, 2332158.125 ], [ 585230.9375, 2332155.3125 ], [ 585234.375, 2332151.25 ], [ 585238.59375, 2332144.21875 ], [ 585246.40625, 2332137.03125 ], [ 585271.25, 2332124.375 ], [ 585276.71875, 2332122.34375 ], [ 585282.8125, 2332120.9375 ], [ 585293.125, 2332120.0 ], [ 585356.875, 2332120.0 ], [ 585363.4375, 2332119.0625 ], [ 585368.75, 2332116.875 ], [ 585374.375, 2332111.25 ], [ 585385.625, 2332088.75 ], [ 585389.0625, 2332084.6875 ], [ 585396.5625, 2332080.9375 ], [ 585413.4375, 2332079.0625 ], [ 585418.75, 2332076.875 ], [ 585422.8125, 2332073.4375 ], [ 585437.03125, 2332046.40625 ], [ 585444.21875, 2332038.59375 ], [ 585448.75, 2332035.625 ], [ 585511.25, 2332004.375 ], [ 585517.8125, 2331999.6875 ], [ 585524.375, 2331991.25 ], [ 585535.625, 2331968.75 ], [ 585538.59375, 2331964.21875 ], [ 585544.21875, 2331958.59375 ], [ 585553.4375, 2331952.8125 ], [ 585556.875, 2331948.75 ], [ 585559.6875, 2331940.3125 ], [ 585560.9375, 2331926.5625 ], [ 585564.6875, 2331919.0625 ], [ 585568.75, 2331915.625 ], [ 585591.25, 2331904.375 ], [ 585597.8125, 2331899.6875 ], [ 585602.96875, 2331893.59375 ], [ 585615.625, 2331868.75 ], [ 585619.0625, 2331864.6875 ], [ 585626.5625, 2331860.9375 ], [ 585640.3125, 2331859.6875 ], [ 585648.75, 2331856.875 ], [ 585652.8125, 2331853.4375 ], [ 585660.3125, 2331842.1875 ], [ 585668.75, 2331835.625 ], [ 585691.25, 2331824.375 ], [ 585696.71875, 2331822.34375 ], [ 585706.09375, 2331820.46875 ], [ 585720.3125, 2331819.6875 ], [ 585726.25, 2331818.125 ], [ 585732.8125, 2331813.4375 ], [ 585739.0625, 2331804.6875 ], [ 585746.5625, 2331800.9375 ], [ 585753.125, 2331800.0 ], [ 585786.875, 2331800.0 ], [ 585796.25, 2331798.125 ], [ 585800.9375, 2331795.3125 ], [ 585807.1875, 2331786.5625 ], [ 585811.25, 2331783.125 ], [ 585819.6875, 2331780.3125 ], [ 585833.4375, 2331779.0625 ], [ 585840.9375, 2331775.3125 ], [ 585844.375, 2331771.25 ], [ 585855.625, 2331748.75 ], [ 585860.3125, 2331742.1875 ], [ 585868.75, 2331735.625 ], [ 585891.25, 2331724.375 ], [ 585895.78125, 2331721.40625 ], [ 585901.40625, 2331715.78125 ], [ 585907.1875, 2331706.5625 ], [ 585911.25, 2331703.125 ], [ 585916.5625, 2331700.9375 ], [ 585930.3125, 2331699.6875 ], [ 585936.25, 2331698.125 ], [ 585940.9375, 2331695.3125 ], [ 585947.1875, 2331686.5625 ], [ 585953.75, 2331681.875 ], [ 585959.6875, 2331680.3125 ], [ 585977.1875, 2331679.0625 ], [ 585988.75, 2331675.625 ], [ 586053.59375, 2331642.96875 ], [ 586059.6875, 2331637.8125 ], [ 586067.1875, 2331626.5625 ], [ 586071.25, 2331623.125 ], [ 586076.5625, 2331620.9375 ], [ 586090.3125, 2331619.6875 ], [ 586098.75, 2331616.875 ], [ 586102.8125, 2331613.4375 ], [ 586107.1875, 2331606.5625 ], [ 586113.75, 2331601.875 ], [ 586123.125, 2331600.0 ], [ 586156.875, 2331600.0 ], [ 586163.4375, 2331599.0625 ], [ 586168.75, 2331596.875 ], [ 586174.375, 2331591.25 ], [ 586195.625, 2331548.75 ], [ 586199.0625, 2331544.6875 ], [ 586203.75, 2331541.875 ], [ 586213.125, 2331540.0 ], [ 586366.875, 2331540.0 ], [ 586377.1875, 2331539.0625 ], [ 586388.75, 2331535.625 ], [ 586453.90625, 2331503.28125 ], [ 586462.8125, 2331500.9375 ], [ 586480.3125, 2331499.6875 ], [ 586486.25, 2331498.125 ], [ 586492.8125, 2331493.4375 ], [ 586498.59375, 2331484.21875 ], [ 586506.40625, 2331477.03125 ], [ 586571.25, 2331444.375 ], [ 586575.78125, 2331441.40625 ], [ 586582.96875, 2331433.59375 ], [ 586595.625, 2331408.75 ], [ 586601.25, 2331403.125 ], [ 586606.5625, 2331400.9375 ], [ 586620.3125, 2331399.6875 ], [ 586626.25, 2331398.125 ], [ 586630.9375, 2331395.3125 ], [ 586637.1875, 2331386.5625 ], [ 586641.25, 2331383.125 ], [ 586646.5625, 2331380.9375 ], [ 586660.3125, 2331379.6875 ], [ 586666.25, 2331378.125 ], [ 586670.9375, 2331375.3125 ], [ 586677.1875, 2331366.5625 ], [ 586681.25, 2331363.125 ], [ 586686.5625, 2331360.9375 ], [ 586700.3125, 2331359.6875 ], [ 586706.25, 2331358.125 ], [ 586710.9375, 2331355.3125 ], [ 586717.1875, 2331346.5625 ], [ 586721.25, 2331343.125 ], [ 586726.5625, 2331340.9375 ], [ 586740.3125, 2331339.6875 ], [ 586748.75, 2331336.875 ], [ 586752.8125, 2331333.4375 ], [ 586758.59375, 2331324.21875 ], [ 586764.21875, 2331318.59375 ], [ 586768.75, 2331315.625 ], [ 586791.25, 2331304.375 ], [ 586797.8125, 2331299.6875 ], [ 586802.96875, 2331293.59375 ], [ 586815.625, 2331268.75 ], [ 586820.3125, 2331262.1875 ], [ 586828.75, 2331255.625 ], [ 586851.25, 2331244.375 ], [ 586856.875, 2331238.75 ], [ 586859.0625, 2331233.4375 ], [ 586860.3125, 2331219.6875 ], [ 586861.875, 2331213.75 ], [ 586864.6875, 2331209.0625 ], [ 586873.4375, 2331202.8125 ], [ 586876.875, 2331198.75 ], [ 586879.0625, 2331193.4375 ], [ 586880.3125, 2331179.6875 ], [ 586881.875, 2331173.75 ], [ 586884.6875, 2331169.0625 ], [ 586893.4375, 2331162.8125 ], [ 586896.875, 2331158.75 ], [ 586899.0625, 2331153.4375 ], [ 586900.3125, 2331139.6875 ], [ 586901.875, 2331133.75 ], [ 586904.6875, 2331129.0625 ], [ 586913.4375, 2331122.8125 ], [ 586916.875, 2331118.75 ], [ 586919.0625, 2331113.4375 ], [ 586920.3125, 2331099.6875 ], [ 586923.125, 2331091.25 ], [ 586926.5625, 2331087.1875 ], [ 586935.78125, 2331081.40625 ], [ 586941.40625, 2331075.78125 ], [ 586944.375, 2331071.25 ], [ 586955.625, 2331048.75 ], [ 586962.1875, 2331040.3125 ], [ 586968.75, 2331035.625 ], [ 586991.25, 2331024.375 ], [ 586999.6875, 2331017.8125 ], [ 587004.375, 2331011.25 ], [ 587015.625, 2330988.75 ], [ 587019.0625, 2330984.6875 ], [ 587023.75, 2330981.875 ], [ 587029.6875, 2330980.3125 ], [ 587066.875, 2330980.0 ], [ 587073.4375, 2330979.0625 ], [ 587078.75, 2330976.875 ], [ 587084.375, 2330971.25 ], [ 587095.625, 2330948.75 ], [ 587102.1875, 2330940.3125 ], [ 587108.75, 2330935.625 ], [ 587131.25, 2330924.375 ], [ 587139.6875, 2330917.8125 ], [ 587144.375, 2330911.25 ], [ 587155.625, 2330888.75 ], [ 587162.1875, 2330880.3125 ], [ 587168.75, 2330875.625 ], [ 587191.25, 2330864.375 ], [ 587195.78125, 2330861.40625 ], [ 587201.40625, 2330855.78125 ], [ 587207.1875, 2330846.5625 ], [ 587211.25, 2330843.125 ], [ 587219.6875, 2330840.3125 ], [ 587233.4375, 2330839.0625 ], [ 587240.9375, 2330835.3125 ], [ 587244.375, 2330831.25 ], [ 587255.625, 2330808.75 ], [ 587259.0625, 2330804.6875 ], [ 587266.5625, 2330800.9375 ], [ 587280.3125, 2330799.6875 ], [ 587286.25, 2330798.125 ], [ 587292.8125, 2330793.4375 ], [ 587299.0625, 2330784.6875 ], [ 587306.5625, 2330780.9375 ], [ 587313.125, 2330780.0 ], [ 587346.875, 2330780.0 ], [ 587356.25, 2330778.125 ], [ 587360.9375, 2330775.3125 ], [ 587367.1875, 2330766.5625 ], [ 587371.25, 2330763.125 ], [ 587376.5625, 2330760.9375 ], [ 587390.3125, 2330759.6875 ], [ 587396.25, 2330758.125 ], [ 587400.9375, 2330755.3125 ], [ 587407.1875, 2330746.5625 ], [ 587411.25, 2330743.125 ], [ 587416.5625, 2330740.9375 ], [ 587430.3125, 2330739.6875 ], [ 587438.75, 2330736.875 ], [ 587444.375, 2330731.25 ], [ 587465.625, 2330688.75 ], [ 587469.0625, 2330684.6875 ], [ 587476.5625, 2330680.9375 ], [ 587490.3125, 2330679.6875 ], [ 587498.75, 2330676.875 ], [ 587504.375, 2330671.25 ], [ 587515.625, 2330648.75 ], [ 587519.0625, 2330644.6875 ], [ 587526.5625, 2330640.9375 ], [ 587540.3125, 2330639.6875 ], [ 587548.75, 2330636.875 ], [ 587552.8125, 2330633.4375 ], [ 587558.59375, 2330624.21875 ], [ 587564.21875, 2330618.59375 ], [ 587568.75, 2330615.625 ], [ 587591.25, 2330604.375 ], [ 587599.6875, 2330597.8125 ], [ 587604.375, 2330591.25 ], [ 587655.625, 2330488.75 ], [ 587662.1875, 2330480.3125 ], [ 587673.4375, 2330472.8125 ], [ 587676.875, 2330468.75 ], [ 587679.0625, 2330463.4375 ], [ 587680.3125, 2330449.6875 ], [ 587683.125, 2330441.25 ], [ 587688.75, 2330435.625 ], [ 587711.25, 2330424.375 ], [ 587716.875, 2330418.75 ], [ 587719.0625, 2330413.4375 ], [ 587720.3125, 2330399.6875 ], [ 587723.125, 2330391.25 ], [ 587726.5625, 2330387.1875 ], [ 587737.8125, 2330379.6875 ], [ 587744.375, 2330371.25 ], [ 587797.03125, 2330266.40625 ], [ 587800.3125, 2330262.1875 ], [ 587806.40625, 2330257.03125 ], [ 587831.25, 2330244.375 ], [ 587837.8125, 2330239.6875 ], [ 587842.96875, 2330233.59375 ], [ 587855.625, 2330208.75 ], [ 587859.0625, 2330204.6875 ], [ 587866.5625, 2330200.9375 ], [ 587883.4375, 2330199.0625 ], [ 587890.9375, 2330195.3125 ], [ 587900.3125, 2330182.1875 ], [ 587904.21875, 2330178.59375 ], [ 587913.4375, 2330172.8125 ], [ 587916.875, 2330168.75 ], [ 587919.6875, 2330160.3125 ], [ 587920.9375, 2330146.5625 ], [ 587924.6875, 2330139.0625 ], [ 587928.75, 2330135.625 ], [ 587951.25, 2330124.375 ], [ 587955.3125, 2330120.9375 ], [ 587959.0625, 2330113.4375 ], [ 587960.3125, 2330099.6875 ], [ 587963.125, 2330091.25 ], [ 587966.5625, 2330087.1875 ], [ 587973.4375, 2330082.8125 ], [ 587978.125, 2330076.25 ], [ 587979.6875, 2330070.3125 ], [ 587980.3125, 2330059.6875 ], [ 587983.125, 2330051.25 ], [ 587986.5625, 2330047.1875 ], [ 587995.78125, 2330041.40625 ], [ 588001.40625, 2330035.78125 ], [ 588004.375, 2330031.25 ], [ 588015.625, 2330008.75 ], [ 588022.1875, 2330000.3125 ], [ 588028.75, 2329995.625 ], [ 588053.59375, 2329982.96875 ], [ 588061.40625, 2329975.78125 ], [ 588064.375, 2329971.25 ], [ 588095.625, 2329908.75 ], [ 588100.3125, 2329902.1875 ], [ 588106.40625, 2329897.03125 ], [ 588131.25, 2329884.375 ], [ 588135.3125, 2329880.9375 ], [ 588139.0625, 2329873.4375 ], [ 588140.3125, 2329859.6875 ], [ 588143.125, 2329851.25 ], [ 588146.5625, 2329847.1875 ], [ 588153.4375, 2329842.8125 ], [ 588158.125, 2329836.25 ], [ 588159.6875, 2329830.3125 ], [ 588160.3125, 2329819.6875 ], [ 588163.125, 2329811.25 ], [ 588166.5625, 2329807.1875 ], [ 588173.59375, 2329802.96875 ], [ 588179.6875, 2329797.8125 ], [ 588184.375, 2329791.25 ], [ 588195.625, 2329768.75 ], [ 588198.59375, 2329764.21875 ], [ 588204.21875, 2329758.59375 ], [ 588213.4375, 2329752.8125 ], [ 588216.875, 2329748.75 ], [ 588219.0625, 2329743.4375 ], [ 588220.3125, 2329729.6875 ], [ 588221.875, 2329723.75 ], [ 588224.6875, 2329719.0625 ], [ 588233.4375, 2329712.8125 ], [ 588236.875, 2329708.75 ], [ 588239.0625, 2329703.4375 ], [ 588240.3125, 2329689.6875 ], [ 588243.125, 2329681.25 ], [ 588248.75, 2329675.625 ], [ 588271.25, 2329664.375 ], [ 588275.3125, 2329660.9375 ], [ 588279.0625, 2329653.4375 ], [ 588280.3125, 2329639.6875 ], [ 588283.125, 2329631.25 ], [ 588286.5625, 2329627.1875 ], [ 588297.8125, 2329619.6875 ], [ 588304.375, 2329611.25 ], [ 588375.625, 2329468.75 ], [ 588379.0625, 2329457.1875 ], [ 588380.3125, 2329439.6875 ], [ 588381.875, 2329433.75 ], [ 588384.6875, 2329429.0625 ], [ 588393.4375, 2329422.8125 ], [ 588396.875, 2329418.75 ], [ 588399.0625, 2329413.4375 ], [ 588400.3125, 2329399.6875 ], [ 588401.875, 2329393.75 ], [ 588404.6875, 2329389.0625 ], [ 588413.4375, 2329382.8125 ], [ 588418.125, 2329376.25 ], [ 588420.0, 2329366.875 ], [ 588420.0, 2329333.125 ], [ 588420.9375, 2329326.5625 ], [ 588424.6875, 2329319.0625 ], [ 588433.4375, 2329312.8125 ], [ 588438.125, 2329306.25 ], [ 588439.6875, 2329300.3125 ], [ 588440.9375, 2329282.8125 ], [ 588443.28125, 2329273.90625 ], [ 588476.71875, 2329206.09375 ], [ 588478.4375, 2329200.3125 ], [ 588479.84375, 2329190.46875 ], [ 588480.15625, 2329149.53125 ], [ 588482.34375, 2329136.71875 ], [ 588497.65625, 2329103.28125 ], [ 588499.53125, 2329093.90625 ], [ 588500.3125, 2329079.6875 ], [ 588501.875, 2329073.75 ], [ 588506.5625, 2329067.1875 ], [ 588515.3125, 2329060.9375 ], [ 588519.0625, 2329053.4375 ], [ 588520.0, 2329046.875 ], [ 588520.15625, 2329009.53125 ], [ 588522.34375, 2328996.71875 ], [ 588524.375, 2328991.25 ], [ 588556.71875, 2328926.09375 ], [ 588559.0625, 2328917.1875 ], [ 588560.3125, 2328899.6875 ], [ 588561.875, 2328893.75 ], [ 588564.6875, 2328889.0625 ], [ 588573.4375, 2328882.8125 ], [ 588578.125, 2328876.25 ], [ 588580.0, 2328866.875 ], [ 588580.0, 2328833.125 ], [ 588580.9375, 2328826.5625 ], [ 588584.6875, 2328819.0625 ], [ 588593.4375, 2328812.8125 ], [ 588598.125, 2328806.25 ], [ 588599.6875, 2328800.3125 ], [ 588600.15625, 2328789.53125 ], [ 588601.5625, 2328779.6875 ], [ 588604.375, 2328771.25 ], [ 588615.625, 2328748.75 ], [ 588617.65625, 2328743.28125 ], [ 588619.53125, 2328733.90625 ], [ 588620.3125, 2328719.6875 ], [ 588621.875, 2328713.75 ], [ 588626.5625, 2328707.1875 ], [ 588635.3125, 2328700.9375 ], [ 588639.0625, 2328693.4375 ], [ 588640.0, 2328686.875 ], [ 588640.0, 2328653.125 ], [ 588641.875, 2328643.75 ], [ 588644.6875, 2328639.0625 ], [ 588653.4375, 2328632.8125 ], [ 588658.125, 2328626.25 ], [ 588659.6875, 2328620.3125 ], [ 588660.15625, 2328609.53125 ], [ 588661.5625, 2328599.6875 ], [ 588664.375, 2328591.25 ], [ 588675.625, 2328568.75 ], [ 588677.65625, 2328563.28125 ], [ 588679.53125, 2328553.90625 ], [ 588680.3125, 2328539.6875 ], [ 588681.875, 2328533.75 ], [ 588686.5625, 2328527.1875 ], [ 588695.3125, 2328520.9375 ], [ 588699.0625, 2328513.4375 ], [ 588700.0, 2328506.875 ], [ 588700.0, 2328473.125 ], [ 588700.9375, 2328462.8125 ], [ 588703.28125, 2328453.90625 ], [ 588715.625, 2328428.75 ], [ 588718.4375, 2328420.3125 ], [ 588719.84375, 2328410.46875 ], [ 588720.0, 2328373.125 ], [ 588720.9375, 2328362.8125 ], [ 588723.28125, 2328353.90625 ], [ 588735.625, 2328328.75 ], [ 588738.4375, 2328320.3125 ], [ 588739.84375, 2328310.46875 ], [ 588740.0, 2328273.125 ], [ 588740.9375, 2328266.5625 ], [ 588744.6875, 2328259.0625 ], [ 588755.3125, 2328250.9375 ], [ 588758.125, 2328246.25 ], [ 588759.6875, 2328240.3125 ], [ 588760.46875, 2328166.09375 ], [ 588763.28125, 2328153.90625 ], [ 588775.625, 2328128.75 ], [ 588778.4375, 2328120.3125 ], [ 588780.0, 2328106.875 ], [ 588780.0, 2328073.125 ], [ 588781.875, 2328063.75 ], [ 588784.6875, 2328059.0625 ], [ 588793.4375, 2328052.8125 ], [ 588798.125, 2328046.25 ], [ 588799.6875, 2328040.3125 ], [ 588800.46875, 2328026.09375 ], [ 588802.34375, 2328016.71875 ], [ 588804.375, 2328011.25 ], [ 588815.625, 2327988.75 ], [ 588818.59375, 2327984.21875 ], [ 588826.40625, 2327977.03125 ], [ 588853.59375, 2327962.96875 ], [ 588861.40625, 2327955.78125 ], [ 588878.59375, 2327924.21875 ], [ 588884.21875, 2327918.59375 ], [ 588893.4375, 2327912.8125 ], [ 588896.875, 2327908.75 ], [ 588899.6875, 2327900.3125 ], [ 588900.9375, 2327886.5625 ], [ 588903.125, 2327881.25 ], [ 588906.5625, 2327877.1875 ], [ 588951.25, 2327854.375 ], [ 588955.3125, 2327850.9375 ], [ 588958.125, 2327846.25 ], [ 588960.0, 2327836.875 ], [ 588960.0, 2327743.125 ], [ 588961.875, 2327733.75 ], [ 588966.5625, 2327727.1875 ], [ 588975.78125, 2327721.40625 ], [ 588981.40625, 2327715.78125 ], [ 588998.59375, 2327684.21875 ], [ 589004.21875, 2327678.59375 ], [ 589013.4375, 2327672.8125 ], [ 589016.875, 2327668.75 ], [ 589019.0625, 2327663.4375 ], [ 589020.3125, 2327649.6875 ], [ 589021.875, 2327643.75 ], [ 589024.6875, 2327639.0625 ], [ 589033.4375, 2327632.8125 ], [ 589036.875, 2327628.75 ], [ 589039.0625, 2327623.4375 ], [ 589040.3125, 2327609.6875 ], [ 589041.875, 2327603.75 ], [ 589044.6875, 2327599.0625 ], [ 589053.4375, 2327592.8125 ], [ 589058.125, 2327586.25 ], [ 589059.6875, 2327580.3125 ], [ 589060.15625, 2327569.53125 ], [ 589061.5625, 2327559.6875 ], [ 589064.375, 2327551.25 ], [ 589075.625, 2327528.75 ], [ 589077.65625, 2327523.28125 ], [ 589079.53125, 2327513.90625 ], [ 589080.3125, 2327499.6875 ], [ 589081.875, 2327493.75 ], [ 589086.5625, 2327487.1875 ], [ 589095.78125, 2327481.40625 ], [ 589102.96875, 2327473.59375 ], [ 589115.625, 2327448.75 ], [ 589117.65625, 2327443.28125 ], [ 589119.0625, 2327437.1875 ], [ 589120.0, 2327426.875 ], [ 589120.3125, 2327329.6875 ], [ 589121.875, 2327323.75 ], [ 589124.6875, 2327319.0625 ], [ 589133.4375, 2327312.8125 ], [ 589136.875, 2327308.75 ], [ 589139.0625, 2327303.4375 ], [ 589140.0, 2327296.875 ], [ 589140.0, 2327173.125 ], [ 589140.9375, 2327162.8125 ], [ 589143.28125, 2327153.90625 ], [ 589155.625, 2327128.75 ], [ 589161.25, 2327123.125 ], [ 589166.5625, 2327120.9375 ], [ 589173.125, 2327120.0 ], [ 589206.875, 2327120.0 ], [ 589220.3125, 2327118.4375 ], [ 589231.25, 2327114.375 ], [ 589235.3125, 2327110.9375 ], [ 589238.125, 2327106.25 ], [ 589240.0, 2327096.875 ], [ 589240.0, 2327063.125 ], [ 589240.9375, 2327056.5625 ], [ 589244.6875, 2327049.0625 ], [ 589255.3125, 2327040.9375 ], [ 589258.125, 2327036.25 ], [ 589259.6875, 2327030.3125 ], [ 589260.0, 2326993.125 ], [ 589260.9375, 2326986.5625 ], [ 589264.6875, 2326979.0625 ], [ 589275.3125, 2326970.9375 ], [ 589279.0625, 2326963.4375 ], [ 589280.0, 2326956.875 ], [ 589280.0, 2326923.125 ], [ 589280.9375, 2326916.5625 ], [ 589284.6875, 2326909.0625 ], [ 589295.3125, 2326900.9375 ], [ 589299.0625, 2326893.4375 ], [ 589300.0, 2326886.875 ], [ 589300.0, 2326853.125 ], [ 589300.9375, 2326846.5625 ], [ 589304.6875, 2326839.0625 ], [ 589315.3125, 2326830.9375 ], [ 589319.0625, 2326823.4375 ], [ 589320.0, 2326816.875 ], [ 589320.0, 2326753.125 ], [ 589320.46875, 2326746.09375 ], [ 589322.34375, 2326736.71875 ], [ 589324.375, 2326731.25 ], [ 589337.03125, 2326706.40625 ], [ 589342.1875, 2326700.3125 ], [ 589355.3125, 2326690.9375 ], [ 589358.125, 2326686.25 ], [ 589359.6875, 2326680.3125 ], [ 589359.53125, 2326606.09375 ], [ 589356.71875, 2326593.90625 ], [ 589344.375, 2326568.75 ], [ 589341.5625, 2326560.3125 ], [ 589340.46875, 2326553.90625 ], [ 589340.0, 2326543.125 ], [ 589341.875, 2326533.75 ], [ 589344.6875, 2326529.0625 ], [ 589357.8125, 2326519.6875 ], [ 589361.40625, 2326515.78125 ], [ 589367.1875, 2326506.5625 ], [ 589373.75, 2326501.875 ], [ 589383.125, 2326500.0 ], [ 589446.875, 2326500.0 ], [ 589450.15625, 2326499.53125 ], [ 589455.3125, 2326497.1875 ], [ 589457.1875, 2326495.3125 ], [ 589459.53125, 2326490.15625 ], [ 589460.3125, 2326389.6875 ], [ 589461.875, 2326383.75 ], [ 589464.6875, 2326379.0625 ], [ 589473.4375, 2326372.8125 ], [ 589478.125, 2326366.25 ], [ 589479.6875, 2326360.3125 ], [ 589480.46875, 2326346.09375 ], [ 589482.34375, 2326336.71875 ], [ 589484.375, 2326331.25 ], [ 589495.625, 2326308.75 ], [ 589498.4375, 2326300.3125 ], [ 589500.0, 2326286.875 ], [ 589500.0, 2326223.125 ], [ 589500.9375, 2326216.5625 ], [ 589504.6875, 2326209.0625 ], [ 589513.4375, 2326202.8125 ], [ 589518.125, 2326196.25 ], [ 589520.0, 2326186.875 ], [ 589520.0, 2326153.125 ], [ 589521.875, 2326143.75 ], [ 589524.6875, 2326139.0625 ], [ 589533.4375, 2326132.8125 ], [ 589538.125, 2326126.25 ], [ 589539.6875, 2326120.3125 ], [ 589540.15625, 2326109.53125 ], [ 589541.5625, 2326099.6875 ], [ 589544.375, 2326091.25 ], [ 589555.625, 2326068.75 ], [ 589557.65625, 2326063.28125 ], [ 589559.53125, 2326053.90625 ], [ 589560.3125, 2326039.6875 ], [ 589561.875, 2326033.75 ], [ 589566.5625, 2326027.1875 ], [ 589575.78125, 2326021.40625 ], [ 589581.40625, 2326015.78125 ], [ 589584.375, 2326011.25 ], [ 589596.71875, 2325986.09375 ], [ 589598.4375, 2325980.3125 ], [ 589599.84375, 2325970.46875 ], [ 589600.0, 2325933.125 ], [ 589600.9375, 2325926.5625 ], [ 589604.6875, 2325919.0625 ], [ 589615.3125, 2325910.9375 ], [ 589618.125, 2325906.25 ], [ 589619.6875, 2325900.3125 ], [ 589620.0, 2325653.125 ], [ 589620.9375, 2325646.5625 ], [ 589623.125, 2325641.25 ], [ 589626.5625, 2325637.1875 ], [ 589635.3125, 2325630.9375 ], [ 589638.125, 2325626.25 ], [ 589639.6875, 2325620.3125 ], [ 589640.0, 2325463.125 ], [ 589640.9375, 2325456.5625 ], [ 589643.125, 2325451.25 ], [ 589646.5625, 2325447.1875 ], [ 589655.3125, 2325440.9375 ], [ 589658.125, 2325436.25 ], [ 589659.6875, 2325430.3125 ], [ 589660.3125, 2325329.6875 ], [ 589663.125, 2325321.25 ], [ 589666.5625, 2325317.1875 ], [ 589675.3125, 2325310.9375 ], [ 589679.0625, 2325303.4375 ], [ 589680.0, 2325296.875 ], [ 589680.0, 2325263.125 ], [ 589681.875, 2325253.75 ], [ 589684.6875, 2325249.0625 ], [ 589693.4375, 2325242.8125 ], [ 589696.875, 2325238.75 ], [ 589699.0625, 2325233.4375 ], [ 589700.3125, 2325219.6875 ], [ 589703.125, 2325211.25 ], [ 589706.5625, 2325207.1875 ], [ 589717.8125, 2325199.6875 ], [ 589722.96875, 2325193.59375 ], [ 589735.625, 2325168.75 ], [ 589738.4375, 2325160.3125 ], [ 589740.0, 2325146.875 ], [ 589740.0, 2324993.125 ], [ 589740.9375, 2324982.8125 ], [ 589743.28125, 2324973.90625 ], [ 589755.625, 2324948.75 ], [ 589758.4375, 2324940.3125 ], [ 589760.0, 2324926.875 ], [ 589760.15625, 2324889.53125 ], [ 589762.34375, 2324876.71875 ], [ 589764.375, 2324871.25 ], [ 589795.625, 2324808.75 ], [ 589798.4375, 2324800.3125 ], [ 589799.84375, 2324790.46875 ], [ 589800.0, 2324753.125 ], [ 589800.9375, 2324742.8125 ], [ 589803.28125, 2324733.90625 ], [ 589815.625, 2324708.75 ], [ 589818.4375, 2324700.3125 ], [ 589820.0, 2324686.875 ], [ 589820.15625, 2324649.53125 ], [ 589820.9375, 2324642.8125 ], [ 589823.28125, 2324633.90625 ], [ 589835.625, 2324608.75 ], [ 589838.59375, 2324604.21875 ], [ 589844.21875, 2324598.59375 ], [ 589853.4375, 2324592.8125 ], [ 589858.125, 2324586.25 ], [ 589859.6875, 2324580.3125 ], [ 589860.46875, 2324566.09375 ], [ 589862.34375, 2324556.71875 ], [ 589864.375, 2324551.25 ], [ 589875.625, 2324528.75 ], [ 589880.3125, 2324522.1875 ], [ 589884.21875, 2324518.59375 ], [ 589893.4375, 2324512.8125 ], [ 589898.125, 2324506.25 ], [ 589899.6875, 2324500.3125 ], [ 589900.46875, 2324486.09375 ], [ 589902.34375, 2324476.71875 ], [ 589904.375, 2324471.25 ], [ 589936.71875, 2324406.09375 ], [ 589939.0625, 2324397.1875 ], [ 589940.3125, 2324379.6875 ], [ 589941.875, 2324373.75 ], [ 589944.6875, 2324369.0625 ], [ 589953.4375, 2324362.8125 ], [ 589958.125, 2324356.25 ], [ 589960.0, 2324346.875 ], [ 589960.0, 2324283.125 ], [ 589960.9375, 2324276.5625 ], [ 589964.6875, 2324269.0625 ], [ 589973.4375, 2324262.8125 ], [ 589976.875, 2324258.75 ], [ 589979.0625, 2324253.4375 ], [ 589980.3125, 2324239.6875 ], [ 589981.875, 2324233.75 ], [ 589984.6875, 2324229.0625 ], [ 589993.4375, 2324222.8125 ], [ 589996.875, 2324218.75 ], [ 589999.0625, 2324213.4375 ], [ 590000.3125, 2324199.6875 ], [ 590001.875, 2324193.75 ], [ 590006.5625, 2324187.1875 ], [ 590015.3125, 2324180.9375 ], [ 590019.0625, 2324173.4375 ], [ 590020.0, 2324166.875 ], [ 590020.15625, 2324129.53125 ], [ 590021.5625, 2324119.6875 ], [ 590024.375, 2324111.25 ], [ 590036.71875, 2324086.09375 ], [ 590039.53125, 2324073.90625 ], [ 590040.0, 2324003.125 ], [ 590041.875, 2323993.75 ], [ 590044.6875, 2323989.0625 ], [ 590053.4375, 2323982.8125 ], [ 590056.875, 2323978.75 ], [ 590059.6875, 2323970.3125 ], [ 590060.9375, 2323956.5625 ], [ 590063.125, 2323951.25 ], [ 590066.5625, 2323947.1875 ], [ 590131.25, 2323914.375 ], [ 590136.875, 2323908.75 ], [ 590139.0625, 2323903.4375 ], [ 590140.0, 2323896.875 ], [ 590140.15625, 2323829.53125 ], [ 590141.5625, 2323819.6875 ], [ 590144.375, 2323811.25 ], [ 590155.625, 2323788.75 ], [ 590158.59375, 2323784.21875 ], [ 590164.21875, 2323778.59375 ], [ 590173.4375, 2323772.8125 ], [ 590176.875, 2323768.75 ], [ 590179.6875, 2323760.3125 ], [ 590180.9375, 2323746.5625 ], [ 590184.6875, 2323739.0625 ], [ 590188.75, 2323735.625 ], [ 590213.59375, 2323722.96875 ], [ 590219.6875, 2323717.8125 ], [ 590224.375, 2323711.25 ], [ 590235.625, 2323688.75 ], [ 590238.4375, 2323680.3125 ], [ 590240.0, 2323666.875 ], [ 590240.0, 2323633.125 ], [ 590241.875, 2323623.75 ], [ 590244.6875, 2323619.0625 ], [ 590253.4375, 2323612.8125 ], [ 590256.875, 2323608.75 ], [ 590259.0625, 2323603.4375 ], [ 590260.3125, 2323589.6875 ], [ 590261.875, 2323583.75 ], [ 590264.6875, 2323579.0625 ], [ 590273.4375, 2323572.8125 ], [ 590276.875, 2323568.75 ], [ 590279.0625, 2323563.4375 ], [ 590280.3125, 2323549.6875 ], [ 590281.875, 2323543.75 ], [ 590284.6875, 2323539.0625 ], [ 590293.4375, 2323532.8125 ], [ 590296.875, 2323528.75 ], [ 590299.0625, 2323523.4375 ], [ 590300.3125, 2323509.6875 ], [ 590303.125, 2323501.25 ], [ 590306.5625, 2323497.1875 ], [ 590313.4375, 2323492.8125 ], [ 590316.875, 2323488.75 ], [ 590319.6875, 2323480.3125 ], [ 590320.46875, 2323469.84375 ], [ 590321.40625, 2323467.03125 ], [ 590324.6875, 2323462.8125 ], [ 590329.84375, 2323460.46875 ], [ 590340.3125, 2323459.6875 ], [ 590346.25, 2323458.125 ], [ 590350.9375, 2323455.3125 ], [ 590354.375, 2323451.25 ], [ 590358.4375, 2323440.3125 ], [ 590359.53125, 2323433.90625 ], [ 590360.3125, 2323419.6875 ], [ 590361.875, 2323413.75 ], [ 590364.6875, 2323409.0625 ], [ 590373.4375, 2323402.8125 ], [ 590376.875, 2323398.75 ], [ 590379.0625, 2323393.4375 ], [ 590380.3125, 2323379.6875 ], [ 590383.125, 2323371.25 ], [ 590386.5625, 2323367.1875 ], [ 590395.78125, 2323361.40625 ], [ 590401.40625, 2323355.78125 ], [ 590418.59375, 2323324.21875 ], [ 590426.40625, 2323317.03125 ], [ 590451.25, 2323304.375 ], [ 590457.8125, 2323299.6875 ], [ 590462.96875, 2323293.59375 ], [ 590475.625, 2323268.75 ], [ 590480.3125, 2323262.1875 ], [ 590486.40625, 2323257.03125 ], [ 590511.25, 2323244.375 ], [ 590515.3125, 2323240.9375 ], [ 590519.0625, 2323233.4375 ], [ 590520.3125, 2323219.6875 ], [ 590523.125, 2323211.25 ], [ 590526.5625, 2323207.1875 ], [ 590535.78125, 2323201.40625 ], [ 590541.40625, 2323195.78125 ], [ 590544.375, 2323191.25 ], [ 590555.625, 2323168.75 ], [ 590562.1875, 2323160.3125 ], [ 590568.75, 2323155.625 ], [ 590591.25, 2323144.375 ], [ 590595.3125, 2323140.9375 ], [ 590599.0625, 2323133.4375 ], [ 590600.3125, 2323119.6875 ], [ 590603.125, 2323111.25 ], [ 590606.5625, 2323107.1875 ], [ 590615.78125, 2323101.40625 ], [ 590621.40625, 2323095.78125 ], [ 590624.375, 2323091.25 ], [ 590635.625, 2323068.75 ], [ 590642.1875, 2323060.3125 ], [ 590648.75, 2323055.625 ], [ 590671.25, 2323044.375 ], [ 590675.78125, 2323041.40625 ], [ 590681.40625, 2323035.78125 ], [ 590687.1875, 2323026.5625 ], [ 590691.25, 2323023.125 ], [ 590699.6875, 2323020.3125 ], [ 590713.4375, 2323019.0625 ], [ 590720.9375, 2323015.3125 ], [ 590724.375, 2323011.25 ], [ 590735.625, 2322988.75 ], [ 590741.25, 2322983.125 ], [ 590746.5625, 2322980.9375 ], [ 590760.3125, 2322979.6875 ], [ 590766.25, 2322978.125 ], [ 590770.9375, 2322975.3125 ], [ 590777.1875, 2322966.5625 ], [ 590781.25, 2322963.125 ], [ 590786.5625, 2322960.9375 ], [ 590800.3125, 2322959.6875 ], [ 590808.75, 2322956.875 ], [ 590812.8125, 2322953.4375 ], [ 590820.3125, 2322942.1875 ], [ 590826.40625, 2322937.03125 ], [ 590871.25, 2322914.375 ], [ 590875.3125, 2322910.9375 ], [ 590878.125, 2322906.25 ], [ 590879.6875, 2322900.3125 ], [ 590880.46875, 2322889.84375 ], [ 590881.40625, 2322887.03125 ], [ 590884.6875, 2322882.8125 ], [ 590889.84375, 2322880.46875 ], [ 590903.4375, 2322879.0625 ], [ 590908.75, 2322876.875 ], [ 590912.8125, 2322873.4375 ], [ 590916.71875, 2322866.09375 ], [ 590919.53125, 2322853.90625 ], [ 590920.15625, 2322809.53125 ], [ 590921.5625, 2322799.6875 ], [ 590924.375, 2322791.25 ], [ 590935.625, 2322768.75 ], [ 590940.3125, 2322762.1875 ], [ 590948.75, 2322755.625 ], [ 590971.25, 2322744.375 ], [ 590979.6875, 2322741.5625 ], [ 590989.53125, 2322740.15625 ], [ 591000.3125, 2322740.3125 ], [ 591006.25, 2322741.875 ], [ 591012.8125, 2322746.5625 ], [ 591018.59375, 2322755.78125 ], [ 591026.40625, 2322762.96875 ], [ 591051.25, 2322775.625 ], [ 591059.6875, 2322778.4375 ], [ 591073.125, 2322780.0 ], [ 591140.3125, 2322779.6875 ], [ 591148.75, 2322776.875 ], [ 591152.8125, 2322773.4375 ], [ 591159.0625, 2322764.6875 ], [ 591166.5625, 2322760.9375 ], [ 591173.125, 2322760.0 ], [ 591206.875, 2322760.0 ], [ 591216.25, 2322758.125 ], [ 591220.9375, 2322755.3125 ], [ 591227.1875, 2322746.5625 ], [ 591231.25, 2322743.125 ], [ 591236.5625, 2322740.9375 ], [ 591250.3125, 2322739.6875 ], [ 591256.25, 2322738.125 ], [ 591262.8125, 2322733.4375 ], [ 591269.0625, 2322724.6875 ], [ 591276.5625, 2322720.9375 ], [ 591283.125, 2322720.0 ], [ 591350.3125, 2322719.6875 ], [ 591356.25, 2322718.125 ], [ 591360.9375, 2322715.3125 ], [ 591367.1875, 2322706.5625 ], [ 591373.75, 2322701.875 ], [ 591379.6875, 2322700.3125 ], [ 591393.90625, 2322699.53125 ], [ 591403.28125, 2322697.65625 ], [ 591436.71875, 2322682.34375 ], [ 591449.53125, 2322680.15625 ], [ 591486.875, 2322680.0 ], [ 591493.4375, 2322679.0625 ], [ 591500.9375, 2322675.3125 ], [ 591507.1875, 2322666.5625 ], [ 591513.75, 2322661.875 ], [ 591519.6875, 2322660.3125 ], [ 591530.46875, 2322659.84375 ], [ 591540.3125, 2322658.4375 ], [ 591548.75, 2322655.625 ], [ 591571.25, 2322644.375 ], [ 591576.71875, 2322642.34375 ], [ 591586.09375, 2322640.46875 ], [ 591600.3125, 2322639.6875 ], [ 591606.25, 2322638.125 ], [ 591612.8125, 2322633.4375 ], [ 591619.0625, 2322624.6875 ], [ 591626.5625, 2322620.9375 ], [ 591633.125, 2322620.0 ], [ 591666.875, 2322620.0 ], [ 591673.4375, 2322620.9375 ], [ 591680.9375, 2322624.6875 ], [ 591689.0625, 2322635.3125 ], [ 591693.75, 2322638.125 ], [ 591699.6875, 2322639.6875 ], [ 591766.875, 2322640.0 ], [ 591773.4375, 2322639.0625 ], [ 591778.75, 2322636.875 ], [ 591782.8125, 2322633.4375 ], [ 591789.0625, 2322624.6875 ], [ 591796.5625, 2322620.9375 ], [ 591803.125, 2322620.0 ], [ 591836.875, 2322620.0 ], [ 591846.25, 2322618.125 ], [ 591852.8125, 2322613.4375 ], [ 591859.0625, 2322604.6875 ], [ 591863.75, 2322601.875 ], [ 591869.6875, 2322600.3125 ], [ 592026.875, 2322600.0 ], [ 592033.4375, 2322599.0625 ], [ 592038.75, 2322596.875 ], [ 592042.8125, 2322593.4375 ], [ 592055.625, 2322568.75 ], [ 592059.0625, 2322564.6875 ], [ 592066.5625, 2322560.9375 ], [ 592080.3125, 2322559.6875 ], [ 592088.75, 2322556.875 ], [ 592092.8125, 2322553.4375 ], [ 592100.3125, 2322542.1875 ], [ 592108.75, 2322535.625 ], [ 592173.90625, 2322503.28125 ], [ 592182.8125, 2322500.9375 ], [ 592200.3125, 2322499.6875 ], [ 592206.25, 2322498.125 ], [ 592210.9375, 2322495.3125 ], [ 592217.1875, 2322486.5625 ], [ 592221.25, 2322483.125 ], [ 592226.5625, 2322480.9375 ], [ 592240.3125, 2322479.6875 ], [ 592246.25, 2322478.125 ], [ 592250.9375, 2322475.3125 ], [ 592257.1875, 2322466.5625 ], [ 592261.25, 2322463.125 ], [ 592266.5625, 2322460.9375 ], [ 592280.3125, 2322459.6875 ], [ 592288.75, 2322456.875 ], [ 592292.8125, 2322453.4375 ], [ 592300.3125, 2322442.1875 ], [ 592308.75, 2322435.625 ], [ 592491.25, 2322344.375 ], [ 592499.6875, 2322341.5625 ], [ 592509.53125, 2322340.15625 ], [ 592546.875, 2322340.0 ], [ 592560.3125, 2322338.4375 ], [ 592568.75, 2322335.625 ], [ 592591.25, 2322324.375 ], [ 592596.71875, 2322322.34375 ], [ 592606.09375, 2322320.46875 ], [ 592620.3125, 2322319.6875 ], [ 592626.25, 2322318.125 ], [ 592632.8125, 2322313.4375 ], [ 592639.0625, 2322304.6875 ], [ 592646.5625, 2322300.9375 ], [ 592653.125, 2322300.0 ], [ 592690.46875, 2322299.84375 ], [ 592700.3125, 2322298.4375 ], [ 592708.75, 2322295.625 ], [ 592733.59375, 2322282.96875 ], [ 592737.8125, 2322279.6875 ], [ 592742.96875, 2322273.59375 ], [ 592758.59375, 2322244.21875 ], [ 592764.21875, 2322238.59375 ], [ 592773.4375, 2322232.8125 ], [ 592778.125, 2322226.25 ], [ 592780.0, 2322216.875 ], [ 592780.0, 2322153.125 ], [ 592781.40625, 2322147.03125 ], [ 592784.6875, 2322142.8125 ], [ 592789.84375, 2322140.46875 ], [ 592800.3125, 2322139.6875 ], [ 592808.75, 2322136.875 ], [ 592812.8125, 2322133.4375 ], [ 592819.0625, 2322124.6875 ], [ 592826.5625, 2322120.9375 ], [ 592833.125, 2322120.0 ], [ 592866.875, 2322120.0 ], [ 592876.25, 2322118.125 ], [ 592880.9375, 2322115.3125 ], [ 592887.1875, 2322106.5625 ], [ 592891.25, 2322103.125 ], [ 592896.5625, 2322100.9375 ], [ 592910.3125, 2322099.6875 ], [ 592916.25, 2322098.125 ], [ 592920.9375, 2322095.3125 ], [ 592927.1875, 2322086.5625 ], [ 592931.25, 2322083.125 ], [ 592936.5625, 2322080.9375 ], [ 592950.3125, 2322079.6875 ], [ 592956.25, 2322078.125 ], [ 592960.9375, 2322075.3125 ], [ 592967.1875, 2322066.5625 ], [ 592971.25, 2322063.125 ], [ 592976.5625, 2322060.9375 ], [ 592990.3125, 2322059.6875 ], [ 592998.75, 2322056.875 ], [ 593004.375, 2322051.25 ], [ 593015.625, 2322028.75 ], [ 593019.0625, 2322024.6875 ], [ 593023.75, 2322021.875 ], [ 593033.125, 2322020.0 ], [ 593070.3125, 2322019.6875 ], [ 593076.25, 2322018.125 ], [ 593080.9375, 2322015.3125 ], [ 593084.375, 2322011.25 ], [ 593095.625, 2321988.75 ], [ 593100.3125, 2321982.1875 ], [ 593106.40625, 2321977.03125 ], [ 593131.25, 2321964.375 ], [ 593137.8125, 2321959.6875 ], [ 593142.96875, 2321953.59375 ], [ 593155.625, 2321928.75 ], [ 593160.3125, 2321922.1875 ], [ 593166.40625, 2321917.03125 ], [ 593191.25, 2321904.375 ], [ 593197.8125, 2321899.6875 ], [ 593202.96875, 2321893.59375 ], [ 593215.625, 2321868.75 ], [ 593220.3125, 2321862.1875 ], [ 593226.40625, 2321857.03125 ], [ 593251.25, 2321844.375 ], [ 593257.8125, 2321839.6875 ], [ 593262.96875, 2321833.59375 ], [ 593275.625, 2321808.75 ], [ 593280.3125, 2321802.1875 ], [ 593286.40625, 2321797.03125 ], [ 593311.25, 2321784.375 ], [ 593317.8125, 2321779.6875 ], [ 593322.96875, 2321773.59375 ], [ 593335.625, 2321748.75 ], [ 593339.0625, 2321744.6875 ], [ 593346.5625, 2321740.9375 ], [ 593360.3125, 2321739.6875 ], [ 593368.75, 2321736.875 ], [ 593372.8125, 2321733.4375 ], [ 593378.59375, 2321724.21875 ], [ 593384.21875, 2321718.59375 ], [ 593388.75, 2321715.625 ], [ 593411.25, 2321704.375 ], [ 593419.6875, 2321697.8125 ], [ 593424.375, 2321691.25 ], [ 593437.03125, 2321666.40625 ], [ 593444.21875, 2321658.59375 ], [ 593448.75, 2321655.625 ], [ 593511.25, 2321624.375 ], [ 593515.3125, 2321620.9375 ], [ 593518.125, 2321616.25 ], [ 593520.0, 2321606.875 ], [ 593520.0, 2321513.125 ], [ 593521.875, 2321503.75 ], [ 593526.5625, 2321497.1875 ], [ 593551.25, 2321484.375 ], [ 593562.8125, 2321480.9375 ], [ 593573.125, 2321480.0 ], [ 593636.875, 2321480.0 ], [ 593643.4375, 2321479.0625 ], [ 593650.9375, 2321475.3125 ], [ 593654.375, 2321471.25 ], [ 593658.59375, 2321464.21875 ], [ 593664.21875, 2321458.59375 ], [ 593695.78125, 2321441.40625 ], [ 593699.6875, 2321437.8125 ], [ 593704.375, 2321431.25 ], [ 593735.625, 2321368.75 ], [ 593740.3125, 2321362.1875 ], [ 593748.75, 2321355.625 ], [ 593811.25, 2321324.375 ], [ 593817.8125, 2321319.6875 ], [ 593824.375, 2321311.25 ], [ 593855.625, 2321248.75 ], [ 593860.3125, 2321242.1875 ], [ 593866.40625, 2321237.03125 ], [ 593891.25, 2321224.375 ], [ 593897.8125, 2321219.6875 ], [ 593902.96875, 2321213.59375 ], [ 593915.625, 2321188.75 ], [ 593920.3125, 2321182.1875 ], [ 593928.75, 2321175.625 ], [ 593951.25, 2321164.375 ], [ 593956.875, 2321158.75 ], [ 593959.0625, 2321153.4375 ], [ 593960.0, 2321146.875 ], [ 593960.0, 2321113.125 ], [ 593960.9375, 2321106.5625 ], [ 593964.6875, 2321099.0625 ], [ 593975.3125, 2321090.9375 ], [ 593978.125, 2321086.25 ], [ 593979.6875, 2321080.3125 ], [ 593980.0, 2321013.125 ], [ 593979.0625, 2321002.8125 ], [ 593977.65625, 2320996.71875 ], [ 593974.375, 2320988.75 ], [ 593968.75, 2320983.125 ], [ 593960.3125, 2320980.3125 ], [ 593946.09375, 2320979.53125 ], [ 593936.71875, 2320977.65625 ], [ 593928.75, 2320974.375 ], [ 593924.6875, 2320970.9375 ], [ 593921.875, 2320966.25 ], [ 593920.3125, 2320960.3125 ], [ 593920.0, 2320923.125 ], [ 593920.9375, 2320916.5625 ], [ 593923.125, 2320911.25 ], [ 593926.5625, 2320907.1875 ], [ 593933.90625, 2320903.28125 ], [ 593939.6875, 2320901.5625 ], [ 593949.53125, 2320900.15625 ], [ 593986.875, 2320900.0 ], [ 594000.3125, 2320898.4375 ], [ 594008.75, 2320895.625 ], [ 594013.4375, 2320892.8125 ], [ 594016.875, 2320888.75 ], [ 594019.0625, 2320883.4375 ], [ 594020.0, 2320876.875 ], [ 594019.84375, 2320449.53125 ], [ 594018.4375, 2320439.6875 ], [ 594015.625, 2320431.25 ], [ 593984.375, 2320368.75 ], [ 593980.9375, 2320357.1875 ], [ 593980.0, 2320346.875 ], [ 593979.6875, 2320219.6875 ], [ 593976.875, 2320211.25 ], [ 593973.4375, 2320207.1875 ], [ 593964.6875, 2320200.9375 ], [ 593960.9375, 2320193.4375 ], [ 593960.0, 2320186.875 ], [ 593959.6875, 2320119.6875 ], [ 593956.875, 2320111.25 ], [ 593953.4375, 2320107.1875 ], [ 593944.6875, 2320100.9375 ], [ 593941.875, 2320096.25 ], [ 593940.3125, 2320090.3125 ], [ 593939.84375, 2319929.53125 ], [ 593939.0625, 2319922.8125 ], [ 593936.71875, 2319913.90625 ], [ 593924.375, 2319888.75 ], [ 593921.5625, 2319880.3125 ], [ 593920.15625, 2319870.46875 ], [ 593920.0, 2319833.125 ], [ 593919.0625, 2319826.5625 ], [ 593915.3125, 2319819.0625 ], [ 593904.6875, 2319810.9375 ], [ 593900.9375, 2319803.4375 ], [ 593900.0, 2319796.875 ], [ 593899.6875, 2319759.6875 ], [ 593896.875, 2319751.25 ], [ 593893.4375, 2319747.1875 ], [ 593884.6875, 2319740.9375 ], [ 593880.9375, 2319733.4375 ], [ 593880.0, 2319726.875 ], [ 593880.0, 2319693.125 ], [ 593878.125, 2319683.75 ], [ 593875.3125, 2319679.0625 ], [ 593866.5625, 2319672.8125 ], [ 593863.125, 2319668.75 ], [ 593860.9375, 2319663.4375 ], [ 593859.6875, 2319649.6875 ], [ 593858.125, 2319643.75 ], [ 593853.4375, 2319637.1875 ], [ 593844.6875, 2319630.9375 ], [ 593841.875, 2319626.25 ], [ 593840.3125, 2319620.3125 ], [ 593839.6875, 2319489.6875 ], [ 593836.875, 2319481.25 ], [ 593833.4375, 2319477.1875 ], [ 593824.6875, 2319470.9375 ], [ 593820.9375, 2319463.4375 ], [ 593820.0, 2319456.875 ], [ 593819.6875, 2319389.6875 ], [ 593816.875, 2319381.25 ], [ 593813.4375, 2319377.1875 ], [ 593804.6875, 2319370.9375 ], [ 593801.875, 2319366.25 ], [ 593800.3125, 2319360.3125 ], [ 593799.6875, 2319259.6875 ], [ 593798.125, 2319253.75 ], [ 593795.3125, 2319249.0625 ], [ 593786.5625, 2319242.8125 ], [ 593783.125, 2319238.75 ], [ 593780.9375, 2319233.4375 ], [ 593780.0, 2319226.875 ], [ 593780.0, 2319103.125 ], [ 593779.0625, 2319096.5625 ], [ 593775.3125, 2319089.0625 ], [ 593766.5625, 2319082.8125 ], [ 593761.875, 2319076.25 ], [ 593760.3125, 2319070.3125 ], [ 593759.6875, 2319059.6875 ], [ 593756.875, 2319051.25 ], [ 593753.4375, 2319047.1875 ], [ 593746.5625, 2319042.8125 ], [ 593741.875, 2319036.25 ], [ 593740.0, 2319026.875 ], [ 593740.0, 2318993.125 ], [ 593739.0625, 2318986.5625 ], [ 593736.875, 2318981.25 ], [ 593731.25, 2318975.625 ], [ 593708.75, 2318964.375 ], [ 593704.6875, 2318960.9375 ], [ 593700.9375, 2318953.4375 ], [ 593699.6875, 2318939.6875 ], [ 593696.875, 2318931.25 ], [ 593693.4375, 2318927.1875 ], [ 593686.40625, 2318922.96875 ], [ 593680.3125, 2318917.8125 ], [ 593675.625, 2318911.25 ], [ 593664.375, 2318888.75 ], [ 593661.40625, 2318884.21875 ], [ 593655.78125, 2318878.59375 ], [ 593646.5625, 2318872.8125 ], [ 593643.125, 2318868.75 ], [ 593640.9375, 2318863.4375 ], [ 593639.6875, 2318849.6875 ], [ 593638.125, 2318843.75 ], [ 593635.3125, 2318839.0625 ], [ 593626.5625, 2318832.8125 ], [ 593623.125, 2318828.75 ], [ 593620.9375, 2318823.4375 ], [ 593619.6875, 2318809.6875 ], [ 593616.875, 2318801.25 ], [ 593611.25, 2318795.625 ], [ 593588.75, 2318784.375 ], [ 593583.125, 2318778.75 ], [ 593580.9375, 2318773.4375 ], [ 593579.6875, 2318759.6875 ], [ 593578.125, 2318753.75 ], [ 593575.3125, 2318749.0625 ], [ 593566.5625, 2318742.8125 ], [ 593563.125, 2318738.75 ], [ 593560.9375, 2318733.4375 ], [ 593559.6875, 2318719.6875 ], [ 593558.125, 2318713.75 ], [ 593553.4375, 2318707.1875 ], [ 593544.6875, 2318700.9375 ], [ 593540.9375, 2318693.4375 ], [ 593540.0, 2318686.875 ], [ 593539.84375, 2318649.53125 ], [ 593539.0625, 2318642.8125 ], [ 593536.71875, 2318633.90625 ], [ 593524.375, 2318608.75 ], [ 593521.40625, 2318604.21875 ], [ 593515.78125, 2318598.59375 ], [ 593506.5625, 2318592.8125 ], [ 593503.125, 2318588.75 ], [ 593500.3125, 2318580.3125 ], [ 593499.53125, 2318569.84375 ], [ 593497.1875, 2318564.6875 ], [ 593492.96875, 2318561.40625 ], [ 593486.875, 2318560.0 ], [ 593453.125, 2318560.0 ], [ 593443.75, 2318558.125 ], [ 593439.0625, 2318555.3125 ], [ 593435.625, 2318551.25 ], [ 593424.375, 2318528.75 ], [ 593420.9375, 2318524.6875 ], [ 593413.4375, 2318520.9375 ], [ 593396.5625, 2318519.0625 ], [ 593391.25, 2318516.875 ], [ 593387.1875, 2318513.4375 ], [ 593383.28125, 2318506.09375 ], [ 593380.46875, 2318493.90625 ], [ 593380.0, 2318453.125 ], [ 593379.0625, 2318446.5625 ], [ 593375.3125, 2318439.0625 ], [ 593366.5625, 2318432.8125 ], [ 593361.875, 2318426.25 ], [ 593360.3125, 2318420.3125 ], [ 593359.6875, 2318409.6875 ], [ 593356.875, 2318401.25 ], [ 593351.25, 2318395.625 ], [ 593326.40625, 2318382.96875 ], [ 593318.59375, 2318375.78125 ], [ 593315.625, 2318371.25 ], [ 593242.96875, 2318226.40625 ], [ 593239.6875, 2318222.1875 ], [ 593233.59375, 2318217.03125 ], [ 593206.40625, 2318202.96875 ], [ 593198.59375, 2318195.78125 ], [ 593195.625, 2318191.25 ], [ 593162.96875, 2318126.40625 ], [ 593157.8125, 2318120.3125 ], [ 593144.6875, 2318110.9375 ], [ 593141.875, 2318106.25 ], [ 593140.3125, 2318100.3125 ], [ 593140.0, 2318063.125 ], [ 593141.875, 2318053.75 ], [ 593146.5625, 2318047.1875 ], [ 593155.78125, 2318041.40625 ], [ 593161.40625, 2318035.78125 ], [ 593164.375, 2318031.25 ], [ 593175.625, 2318008.75 ], [ 593181.25, 2318003.125 ], [ 593186.5625, 2318000.9375 ], [ 593200.3125, 2317999.6875 ], [ 593208.75, 2317996.875 ], [ 593212.8125, 2317993.4375 ], [ 593220.3125, 2317982.1875 ], [ 593228.75, 2317975.625 ], [ 593413.90625, 2317883.28125 ], [ 593419.6875, 2317881.5625 ], [ 593429.53125, 2317880.15625 ], [ 593466.875, 2317880.0 ], [ 593476.25, 2317881.875 ], [ 593482.8125, 2317886.5625 ], [ 593535.625, 2317991.25 ], [ 593542.1875, 2317999.6875 ], [ 593553.4375, 2318007.1875 ], [ 593556.875, 2318011.25 ], [ 593559.0625, 2318016.5625 ], [ 593560.9375, 2318037.1875 ], [ 593564.375, 2318048.75 ], [ 593597.03125, 2318113.59375 ], [ 593602.1875, 2318119.6875 ], [ 593613.4375, 2318127.1875 ], [ 593616.875, 2318131.25 ], [ 593619.0625, 2318136.5625 ], [ 593620.3125, 2318150.3125 ], [ 593621.875, 2318156.25 ], [ 593624.6875, 2318160.9375 ], [ 593633.4375, 2318167.1875 ], [ 593638.125, 2318173.75 ], [ 593639.6875, 2318179.6875 ], [ 593640.9375, 2318197.1875 ], [ 593642.34375, 2318203.28125 ], [ 593645.625, 2318211.25 ], [ 593649.0625, 2318215.3125 ], [ 593653.75, 2318218.125 ], [ 593659.6875, 2318219.6875 ], [ 593670.15625, 2318220.46875 ], [ 593672.96875, 2318221.40625 ], [ 593677.1875, 2318224.6875 ], [ 593679.53125, 2318229.84375 ], [ 593680.3125, 2318240.3125 ], [ 593683.125, 2318248.75 ], [ 593686.5625, 2318252.8125 ], [ 593693.59375, 2318257.03125 ], [ 593699.6875, 2318262.1875 ], [ 593704.375, 2318268.75 ], [ 593715.625, 2318291.25 ], [ 593718.59375, 2318295.78125 ], [ 593724.21875, 2318301.40625 ], [ 593733.4375, 2318307.1875 ], [ 593736.875, 2318311.25 ], [ 593739.0625, 2318316.5625 ], [ 593740.9375, 2318337.1875 ], [ 593744.375, 2318348.75 ], [ 593755.625, 2318371.25 ], [ 593758.59375, 2318375.78125 ], [ 593764.21875, 2318381.40625 ], [ 593773.4375, 2318387.1875 ], [ 593778.125, 2318393.75 ], [ 593779.6875, 2318399.6875 ], [ 593780.15625, 2318410.46875 ], [ 593781.5625, 2318420.3125 ], [ 593784.375, 2318428.75 ], [ 593795.625, 2318451.25 ], [ 593797.65625, 2318456.71875 ], [ 593799.53125, 2318466.09375 ], [ 593800.3125, 2318480.3125 ], [ 593803.125, 2318488.75 ], [ 593806.5625, 2318492.8125 ], [ 593815.78125, 2318498.59375 ], [ 593821.40625, 2318504.21875 ], [ 593824.375, 2318508.75 ], [ 593835.625, 2318531.25 ], [ 593842.1875, 2318539.6875 ], [ 593848.75, 2318544.375 ], [ 593873.59375, 2318557.03125 ], [ 593877.8125, 2318560.3125 ], [ 593882.96875, 2318566.40625 ], [ 593917.03125, 2318633.59375 ], [ 593922.1875, 2318639.6875 ], [ 593933.4375, 2318647.1875 ], [ 593936.875, 2318651.25 ], [ 593939.0625, 2318656.5625 ], [ 593940.3125, 2318670.3125 ], [ 593941.875, 2318676.25 ], [ 593944.6875, 2318680.9375 ], [ 593953.4375, 2318687.1875 ], [ 593956.875, 2318691.25 ], [ 593959.6875, 2318699.6875 ], [ 593960.46875, 2318710.15625 ], [ 593962.8125, 2318715.3125 ], [ 593964.6875, 2318717.1875 ], [ 593969.84375, 2318719.53125 ], [ 593980.3125, 2318720.3125 ], [ 593986.25, 2318721.875 ], [ 593990.9375, 2318724.6875 ], [ 593997.1875, 2318733.4375 ], [ 594001.25, 2318736.875 ], [ 594006.5625, 2318739.0625 ], [ 594020.3125, 2318740.3125 ], [ 594026.25, 2318741.875 ], [ 594030.9375, 2318744.6875 ], [ 594034.375, 2318748.75 ], [ 594056.71875, 2318793.90625 ], [ 594059.0625, 2318802.8125 ], [ 594060.3125, 2318820.3125 ], [ 594061.875, 2318826.25 ], [ 594066.5625, 2318832.8125 ], [ 594075.3125, 2318839.0625 ], [ 594079.0625, 2318846.5625 ], [ 594080.0, 2318853.125 ], [ 594080.0, 2318916.875 ], [ 594080.9375, 2318923.4375 ], [ 594083.125, 2318928.75 ], [ 594086.5625, 2318932.8125 ], [ 594093.90625, 2318936.71875 ], [ 594102.8125, 2318939.0625 ], [ 594123.4375, 2318940.9375 ], [ 594128.75, 2318943.125 ], [ 594132.8125, 2318946.5625 ], [ 594155.625, 2318991.25 ], [ 594157.65625, 2318996.71875 ], [ 594159.84375, 2319009.53125 ], [ 594160.0, 2319046.875 ], [ 594160.46875, 2319050.15625 ], [ 594162.8125, 2319055.3125 ], [ 594164.6875, 2319057.1875 ], [ 594169.84375, 2319059.53125 ], [ 594180.3125, 2319060.3125 ], [ 594188.75, 2319063.125 ], [ 594192.8125, 2319066.5625 ], [ 594198.59375, 2319075.78125 ], [ 594204.21875, 2319081.40625 ], [ 594208.75, 2319084.375 ], [ 594231.25, 2319095.625 ], [ 594235.3125, 2319099.0625 ], [ 594239.0625, 2319106.5625 ], [ 594240.3125, 2319120.3125 ], [ 594243.125, 2319128.75 ], [ 594246.5625, 2319132.8125 ], [ 594253.4375, 2319137.1875 ], [ 594258.125, 2319143.75 ], [ 594259.6875, 2319149.6875 ], [ 594260.3125, 2319160.3125 ], [ 594263.125, 2319168.75 ], [ 594266.5625, 2319172.8125 ], [ 594277.8125, 2319180.3125 ], [ 594284.375, 2319188.75 ], [ 594295.625, 2319211.25 ], [ 594297.65625, 2319216.71875 ], [ 594299.53125, 2319226.09375 ], [ 594300.3125, 2319240.3125 ], [ 594301.875, 2319246.25 ], [ 594306.5625, 2319252.8125 ], [ 594315.3125, 2319259.0625 ], [ 594319.0625, 2319266.5625 ], [ 594320.0, 2319273.125 ], [ 594320.3125, 2319310.3125 ], [ 594323.125, 2319318.75 ], [ 594326.5625, 2319322.8125 ], [ 594335.3125, 2319329.0625 ], [ 594339.0625, 2319336.5625 ], [ 594340.0, 2319343.125 ], [ 594340.0, 2319376.875 ], [ 594341.875, 2319386.25 ], [ 594346.5625, 2319392.8125 ], [ 594355.78125, 2319398.59375 ], [ 594362.96875, 2319406.40625 ], [ 594375.625, 2319431.25 ], [ 594377.65625, 2319436.71875 ], [ 594379.0625, 2319442.8125 ], [ 594380.0, 2319453.125 ], [ 594380.0, 2319516.875 ], [ 594380.9375, 2319523.4375 ], [ 594384.6875, 2319530.9375 ], [ 594393.4375, 2319537.1875 ], [ 594398.125, 2319543.75 ], [ 594400.0, 2319553.125 ], [ 594400.15625, 2319590.46875 ], [ 594402.34375, 2319603.28125 ], [ 594404.375, 2319608.75 ], [ 594435.625, 2319671.25 ], [ 594439.0625, 2319675.3125 ], [ 594446.5625, 2319679.0625 ], [ 594453.125, 2319680.0 ], [ 594486.875, 2319680.0 ], [ 594492.96875, 2319681.40625 ], [ 594497.1875, 2319684.6875 ], [ 594498.59375, 2319687.03125 ], [ 594500.0, 2319693.125 ], [ 594500.0, 2319756.875 ], [ 594500.9375, 2319763.4375 ], [ 594504.6875, 2319770.9375 ], [ 594508.75, 2319774.375 ], [ 594515.78125, 2319778.59375 ], [ 594521.40625, 2319784.21875 ], [ 594524.375, 2319788.75 ], [ 594535.625, 2319811.25 ], [ 594538.4375, 2319819.6875 ], [ 594539.53125, 2319826.09375 ], [ 594540.3125, 2319840.3125 ], [ 594543.125, 2319848.75 ], [ 594546.5625, 2319852.8125 ], [ 594555.78125, 2319858.59375 ], [ 594561.40625, 2319864.21875 ], [ 594564.375, 2319868.75 ], [ 594575.625, 2319891.25 ], [ 594582.1875, 2319899.6875 ], [ 594588.75, 2319904.375 ], [ 594611.25, 2319915.625 ], [ 594619.6875, 2319922.1875 ], [ 594624.375, 2319928.75 ], [ 594635.625, 2319951.25 ], [ 594642.1875, 2319959.6875 ], [ 594648.75, 2319964.375 ], [ 594671.25, 2319975.625 ], [ 594675.3125, 2319979.0625 ], [ 594679.0625, 2319986.5625 ], [ 594680.3125, 2320000.3125 ], [ 594683.125, 2320008.75 ], [ 594686.5625, 2320012.8125 ], [ 594693.59375, 2320017.03125 ], [ 594699.6875, 2320022.1875 ], [ 594709.0625, 2320035.3125 ], [ 594716.5625, 2320039.0625 ], [ 594730.3125, 2320040.3125 ], [ 594738.75, 2320043.125 ], [ 594744.375, 2320048.75 ], [ 594755.625, 2320071.25 ], [ 594759.0625, 2320075.3125 ], [ 594766.5625, 2320079.0625 ], [ 594783.4375, 2320080.9375 ], [ 594788.75, 2320083.125 ], [ 594792.8125, 2320086.5625 ], [ 594835.625, 2320171.25 ], [ 594837.65625, 2320176.71875 ], [ 594839.84375, 2320189.53125 ], [ 594840.46875, 2320233.90625 ], [ 594841.5625, 2320240.3125 ], [ 594844.375, 2320248.75 ], [ 594847.1875, 2320253.4375 ], [ 594851.25, 2320256.875 ], [ 594856.5625, 2320259.0625 ], [ 594866.875, 2320260.0 ], [ 594872.96875, 2320261.40625 ], [ 594875.3125, 2320262.8125 ], [ 594878.59375, 2320267.03125 ], [ 594880.0, 2320273.125 ], [ 594880.0, 2320336.875 ], [ 594880.9375, 2320343.4375 ], [ 594884.6875, 2320350.9375 ], [ 594895.3125, 2320359.0625 ], [ 594898.125, 2320363.75 ], [ 594899.6875, 2320369.6875 ], [ 594900.3125, 2320470.3125 ], [ 594903.125, 2320478.75 ], [ 594906.5625, 2320482.8125 ], [ 594915.3125, 2320489.0625 ], [ 594918.125, 2320493.75 ], [ 594919.6875, 2320499.6875 ], [ 594919.6875, 2320570.3125 ], [ 594916.875, 2320578.75 ], [ 594913.4375, 2320582.8125 ], [ 594904.6875, 2320589.0625 ], [ 594900.9375, 2320596.5625 ], [ 594900.0, 2320603.125 ], [ 594900.0, 2320666.875 ], [ 594898.125, 2320676.25 ], [ 594895.3125, 2320680.9375 ], [ 594886.5625, 2320687.1875 ], [ 594881.875, 2320693.75 ], [ 594880.3125, 2320699.6875 ], [ 594879.0625, 2320717.1875 ], [ 594876.71875, 2320726.09375 ], [ 594824.375, 2320831.25 ], [ 594820.9375, 2320842.8125 ], [ 594819.6875, 2320860.3125 ], [ 594818.125, 2320866.25 ], [ 594813.4375, 2320872.8125 ], [ 594804.21875, 2320878.59375 ], [ 594797.03125, 2320886.40625 ], [ 594764.375, 2320951.25 ], [ 594761.40625, 2320955.78125 ], [ 594753.59375, 2320962.96875 ], [ 594728.75, 2320975.625 ], [ 594723.125, 2320981.25 ], [ 594720.3125, 2320989.6875 ], [ 594720.0, 2321026.875 ], [ 594719.0625, 2321033.4375 ], [ 594716.875, 2321038.75 ], [ 594711.25, 2321044.375 ], [ 594688.75, 2321055.625 ], [ 594683.125, 2321061.25 ], [ 594680.9375, 2321066.5625 ], [ 594679.6875, 2321080.3125 ], [ 594678.125, 2321086.25 ], [ 594675.3125, 2321090.9375 ], [ 594666.5625, 2321097.1875 ], [ 594663.125, 2321101.25 ], [ 594660.9375, 2321106.5625 ], [ 594659.6875, 2321120.3125 ], [ 594656.875, 2321128.75 ], [ 594653.4375, 2321132.8125 ], [ 594644.21875, 2321138.59375 ], [ 594638.59375, 2321144.21875 ], [ 594622.8125, 2321173.4375 ], [ 594618.75, 2321176.875 ], [ 594610.3125, 2321179.6875 ], [ 594573.125, 2321180.0 ], [ 594559.6875, 2321181.5625 ], [ 594551.25, 2321184.375 ], [ 594526.40625, 2321197.03125 ], [ 594522.1875, 2321200.3125 ], [ 594517.03125, 2321206.40625 ], [ 594501.40625, 2321235.78125 ], [ 594495.78125, 2321241.40625 ], [ 594486.5625, 2321247.1875 ], [ 594483.125, 2321251.25 ], [ 594480.3125, 2321259.6875 ], [ 594479.53125, 2321270.15625 ], [ 594477.1875, 2321275.3125 ], [ 594475.3125, 2321277.1875 ], [ 594470.15625, 2321279.53125 ], [ 594459.6875, 2321280.3125 ], [ 594451.25, 2321283.125 ], [ 594445.625, 2321288.75 ], [ 594434.375, 2321311.25 ], [ 594430.9375, 2321315.3125 ], [ 594423.4375, 2321319.0625 ], [ 594409.84375, 2321320.46875 ], [ 594407.03125, 2321321.40625 ], [ 594402.8125, 2321324.6875 ], [ 594401.40625, 2321327.03125 ], [ 594400.0, 2321333.125 ], [ 594400.0, 2321426.875 ], [ 594399.0625, 2321433.4375 ], [ 594395.3125, 2321440.9375 ], [ 594391.25, 2321444.375 ], [ 594366.09375, 2321456.71875 ], [ 594357.1875, 2321459.0625 ], [ 594339.6875, 2321460.3125 ], [ 594333.75, 2321461.875 ], [ 594327.1875, 2321466.5625 ], [ 594320.9375, 2321475.3125 ], [ 594313.4375, 2321479.0625 ], [ 594306.875, 2321480.0 ], [ 594273.125, 2321480.0 ], [ 594269.84375, 2321480.46875 ], [ 594264.6875, 2321482.8125 ], [ 594261.40625, 2321487.03125 ], [ 594260.0, 2321493.125 ], [ 594259.84375, 2321530.46875 ], [ 594258.4375, 2321540.3125 ], [ 594255.625, 2321548.75 ], [ 594252.8125, 2321553.4375 ], [ 594246.25, 2321558.125 ], [ 594240.3125, 2321559.6875 ], [ 594229.84375, 2321560.46875 ], [ 594227.03125, 2321561.40625 ], [ 594222.8125, 2321564.6875 ], [ 594220.46875, 2321569.84375 ], [ 594219.0625, 2321583.4375 ], [ 594216.875, 2321588.75 ], [ 594213.4375, 2321592.8125 ], [ 594208.75, 2321595.625 ], [ 594200.3125, 2321598.4375 ], [ 594193.90625, 2321599.53125 ], [ 594179.6875, 2321600.3125 ], [ 594171.25, 2321603.125 ], [ 594167.1875, 2321606.5625 ], [ 594159.6875, 2321617.8125 ], [ 594153.59375, 2321622.96875 ], [ 594108.75, 2321645.625 ], [ 594104.6875, 2321649.0625 ], [ 594101.875, 2321653.75 ], [ 594100.3125, 2321659.6875 ], [ 594099.0625, 2321673.4375 ], [ 594095.3125, 2321680.9375 ], [ 594091.25, 2321684.375 ], [ 594068.75, 2321695.625 ], [ 594062.1875, 2321700.3125 ], [ 594057.03125, 2321706.40625 ], [ 594044.375, 2321731.25 ], [ 594040.9375, 2321735.3125 ], [ 594033.4375, 2321739.0625 ], [ 594019.6875, 2321740.3125 ], [ 594013.75, 2321741.875 ], [ 594009.0625, 2321744.6875 ], [ 594002.8125, 2321753.4375 ], [ 593998.75, 2321756.875 ], [ 593990.3125, 2321759.6875 ], [ 593976.5625, 2321760.9375 ], [ 593971.25, 2321763.125 ], [ 593967.1875, 2321766.5625 ], [ 593942.96875, 2321813.59375 ], [ 593935.78125, 2321821.40625 ], [ 593926.5625, 2321827.1875 ], [ 593921.875, 2321833.75 ], [ 593920.0, 2321843.125 ], [ 593919.6875, 2321910.3125 ], [ 593918.125, 2321916.25 ], [ 593913.4375, 2321922.8125 ], [ 593888.75, 2321935.625 ], [ 593877.1875, 2321939.0625 ], [ 593866.875, 2321940.0 ], [ 593803.125, 2321940.0 ], [ 593796.5625, 2321940.9375 ], [ 593791.25, 2321943.125 ], [ 593787.1875, 2321946.5625 ], [ 593782.96875, 2321953.59375 ], [ 593777.8125, 2321959.6875 ], [ 593771.25, 2321964.375 ], [ 593748.75, 2321975.625 ], [ 593744.21875, 2321978.59375 ], [ 593738.59375, 2321984.21875 ], [ 593732.8125, 2321993.4375 ], [ 593728.75, 2321996.875 ], [ 593720.3125, 2321999.6875 ], [ 593706.5625, 2322000.9375 ], [ 593699.0625, 2322004.6875 ], [ 593695.625, 2322008.75 ], [ 593684.375, 2322031.25 ], [ 593678.75, 2322036.875 ], [ 593673.4375, 2322039.0625 ], [ 593659.6875, 2322040.3125 ], [ 593653.75, 2322041.875 ], [ 593649.0625, 2322044.6875 ], [ 593642.8125, 2322053.4375 ], [ 593638.75, 2322056.875 ], [ 593630.3125, 2322059.6875 ], [ 593616.5625, 2322060.9375 ], [ 593609.0625, 2322064.6875 ], [ 593605.625, 2322068.75 ], [ 593594.375, 2322091.25 ], [ 593588.75, 2322096.875 ], [ 593583.4375, 2322099.0625 ], [ 593569.6875, 2322100.3125 ], [ 593563.75, 2322101.875 ], [ 593559.0625, 2322104.6875 ], [ 593552.8125, 2322113.4375 ], [ 593546.25, 2322118.125 ], [ 593540.3125, 2322119.6875 ], [ 593526.09375, 2322120.46875 ], [ 593516.71875, 2322122.34375 ], [ 593511.25, 2322124.375 ], [ 593488.75, 2322135.625 ], [ 593484.21875, 2322138.59375 ], [ 593480.3125, 2322142.1875 ], [ 593475.625, 2322148.75 ], [ 593444.375, 2322211.25 ], [ 593438.75, 2322216.875 ], [ 593433.4375, 2322219.0625 ], [ 593419.6875, 2322220.3125 ], [ 593413.75, 2322221.875 ], [ 593407.1875, 2322226.5625 ], [ 593400.9375, 2322235.3125 ], [ 593393.4375, 2322239.0625 ], [ 593386.875, 2322240.0 ], [ 593353.125, 2322240.0 ], [ 593343.75, 2322241.875 ], [ 593339.0625, 2322244.6875 ], [ 593332.8125, 2322253.4375 ], [ 593328.75, 2322256.875 ], [ 593320.3125, 2322259.6875 ], [ 593306.5625, 2322260.9375 ], [ 593299.0625, 2322264.6875 ], [ 593295.625, 2322268.75 ], [ 593284.375, 2322291.25 ], [ 593278.75, 2322296.875 ], [ 593273.4375, 2322299.0625 ], [ 593259.6875, 2322300.3125 ], [ 593253.75, 2322301.875 ], [ 593249.0625, 2322304.6875 ], [ 593242.8125, 2322313.4375 ], [ 593238.75, 2322316.875 ], [ 593233.4375, 2322319.0625 ], [ 593219.6875, 2322320.3125 ], [ 593211.25, 2322323.125 ], [ 593207.1875, 2322326.5625 ], [ 593199.6875, 2322337.8125 ], [ 593191.25, 2322344.375 ], [ 593168.75, 2322355.625 ], [ 593163.28125, 2322357.65625 ], [ 593153.90625, 2322359.53125 ], [ 593139.6875, 2322360.3125 ], [ 593133.75, 2322361.875 ], [ 593129.0625, 2322364.6875 ], [ 593122.8125, 2322373.4375 ], [ 593118.75, 2322376.875 ], [ 593113.4375, 2322379.0625 ], [ 593099.6875, 2322380.3125 ], [ 593093.75, 2322381.875 ], [ 593089.0625, 2322384.6875 ], [ 593082.8125, 2322393.4375 ], [ 593076.25, 2322398.125 ], [ 593066.875, 2322400.0 ], [ 593033.125, 2322400.0 ], [ 593023.75, 2322401.875 ], [ 593019.0625, 2322404.6875 ], [ 593012.8125, 2322413.4375 ], [ 593008.75, 2322416.875 ], [ 593003.4375, 2322419.0625 ], [ 592989.6875, 2322420.3125 ], [ 592983.75, 2322421.875 ], [ 592979.0625, 2322424.6875 ], [ 592972.8125, 2322433.4375 ], [ 592968.75, 2322436.875 ], [ 592963.4375, 2322439.0625 ], [ 592949.6875, 2322440.3125 ], [ 592941.25, 2322443.125 ], [ 592937.1875, 2322446.5625 ], [ 592932.8125, 2322453.4375 ], [ 592928.75, 2322456.875 ], [ 592920.3125, 2322459.6875 ], [ 592909.84375, 2322460.46875 ], [ 592904.6875, 2322462.8125 ], [ 592902.8125, 2322464.6875 ], [ 592900.46875, 2322469.84375 ], [ 592899.6875, 2322480.3125 ], [ 592898.125, 2322486.25 ], [ 592895.3125, 2322490.9375 ], [ 592888.75, 2322495.625 ], [ 592880.3125, 2322498.4375 ], [ 592870.46875, 2322499.84375 ], [ 592833.125, 2322500.0 ], [ 592826.5625, 2322500.9375 ], [ 592819.0625, 2322504.6875 ], [ 592812.8125, 2322513.4375 ], [ 592806.25, 2322518.125 ], [ 592800.3125, 2322519.6875 ], [ 592789.6875, 2322520.3125 ], [ 592781.25, 2322523.125 ], [ 592777.1875, 2322526.5625 ], [ 592772.8125, 2322533.4375 ], [ 592766.25, 2322538.125 ], [ 592760.3125, 2322539.6875 ], [ 592749.53125, 2322540.15625 ], [ 592739.6875, 2322541.5625 ], [ 592731.25, 2322544.375 ], [ 592708.75, 2322555.625 ], [ 592703.28125, 2322557.65625 ], [ 592693.90625, 2322559.53125 ], [ 592679.6875, 2322560.3125 ], [ 592673.75, 2322561.875 ], [ 592669.0625, 2322564.6875 ], [ 592662.8125, 2322573.4375 ], [ 592656.25, 2322578.125 ], [ 592646.875, 2322580.0 ], [ 592613.125, 2322580.0 ], [ 592603.75, 2322581.875 ], [ 592599.0625, 2322584.6875 ], [ 592592.8125, 2322593.4375 ], [ 592588.75, 2322596.875 ], [ 592583.4375, 2322599.0625 ], [ 592569.6875, 2322600.3125 ], [ 592563.75, 2322601.875 ], [ 592559.0625, 2322604.6875 ], [ 592552.8125, 2322613.4375 ], [ 592548.75, 2322616.875 ], [ 592543.4375, 2322619.0625 ], [ 592529.6875, 2322620.3125 ], [ 592523.75, 2322621.875 ], [ 592517.1875, 2322626.5625 ], [ 592510.9375, 2322635.3125 ], [ 592503.4375, 2322639.0625 ], [ 592486.09375, 2322640.46875 ], [ 592476.71875, 2322642.34375 ], [ 592471.25, 2322644.375 ], [ 592448.75, 2322655.625 ], [ 592437.1875, 2322659.0625 ], [ 592426.875, 2322660.0 ], [ 592393.125, 2322660.0 ], [ 592383.75, 2322661.875 ], [ 592379.0625, 2322664.6875 ], [ 592372.8125, 2322673.4375 ], [ 592368.75, 2322676.875 ], [ 592363.4375, 2322679.0625 ], [ 592349.6875, 2322680.3125 ], [ 592343.75, 2322681.875 ], [ 592339.0625, 2322684.6875 ], [ 592332.8125, 2322693.4375 ], [ 592328.75, 2322696.875 ], [ 592323.4375, 2322699.0625 ], [ 592309.6875, 2322700.3125 ], [ 592303.75, 2322701.875 ], [ 592299.0625, 2322704.6875 ], [ 592292.8125, 2322713.4375 ], [ 592288.75, 2322716.875 ], [ 592283.4375, 2322719.0625 ], [ 592269.6875, 2322720.3125 ], [ 592263.75, 2322721.875 ], [ 592259.0625, 2322724.6875 ], [ 592252.8125, 2322733.4375 ], [ 592248.75, 2322736.875 ], [ 592243.4375, 2322739.0625 ], [ 592229.6875, 2322740.3125 ], [ 592221.25, 2322743.125 ], [ 592215.625, 2322748.75 ], [ 592204.375, 2322771.25 ], [ 592200.9375, 2322775.3125 ], [ 592193.4375, 2322779.0625 ], [ 592179.6875, 2322780.3125 ], [ 592171.25, 2322783.125 ], [ 592167.1875, 2322786.5625 ], [ 592162.96875, 2322793.59375 ], [ 592157.8125, 2322799.6875 ], [ 592144.6875, 2322809.0625 ], [ 592140.9375, 2322816.5625 ], [ 592139.0625, 2322833.4375 ], [ 592135.3125, 2322840.9375 ], [ 592131.25, 2322844.375 ], [ 592106.40625, 2322857.03125 ], [ 592100.3125, 2322862.1875 ], [ 592095.625, 2322868.75 ], [ 592084.375, 2322891.25 ], [ 592077.8125, 2322899.6875 ], [ 592071.25, 2322904.375 ], [ 592048.75, 2322915.625 ], [ 592040.3125, 2322922.1875 ], [ 592035.625, 2322928.75 ], [ 592024.375, 2322951.25 ], [ 592017.8125, 2322959.6875 ], [ 592011.25, 2322964.375 ], [ 591988.75, 2322975.625 ], [ 591984.6875, 2322979.0625 ], [ 591980.9375, 2322986.5625 ], [ 591979.6875, 2323000.3125 ], [ 591978.125, 2323006.25 ], [ 591975.3125, 2323010.9375 ], [ 591966.5625, 2323017.1875 ], [ 591963.125, 2323021.25 ], [ 591960.9375, 2323026.5625 ], [ 591959.6875, 2323040.3125 ], [ 591958.125, 2323046.25 ], [ 591955.3125, 2323050.9375 ], [ 591951.25, 2323054.375 ], [ 591943.28125, 2323057.65625 ], [ 591930.46875, 2323059.84375 ], [ 591833.125, 2323060.0 ], [ 591822.8125, 2323060.9375 ], [ 591813.90625, 2323063.28125 ], [ 591806.5625, 2323067.1875 ], [ 591801.875, 2323073.75 ], [ 591800.3125, 2323079.6875 ], [ 591799.0625, 2323097.1875 ], [ 591796.71875, 2323106.09375 ], [ 591784.375, 2323131.25 ], [ 591780.9375, 2323135.3125 ], [ 591773.4375, 2323139.0625 ], [ 591759.6875, 2323140.3125 ], [ 591751.25, 2323143.125 ], [ 591747.1875, 2323146.5625 ], [ 591742.8125, 2323153.4375 ], [ 591736.25, 2323158.125 ], [ 591730.3125, 2323159.6875 ], [ 591719.6875, 2323160.3125 ], [ 591711.25, 2323163.125 ], [ 591707.1875, 2323166.5625 ], [ 591702.8125, 2323173.4375 ], [ 591696.25, 2323178.125 ], [ 591686.875, 2323180.0 ], [ 591593.125, 2323180.0 ], [ 591582.8125, 2323180.9375 ], [ 591571.25, 2323184.375 ], [ 591528.75, 2323205.625 ], [ 591523.125, 2323211.25 ], [ 591520.9375, 2323216.5625 ], [ 591520.0, 2323223.125 ], [ 591520.3125, 2323380.3125 ], [ 591521.875, 2323386.25 ], [ 591524.6875, 2323390.9375 ], [ 591528.75, 2323394.375 ], [ 591535.78125, 2323398.59375 ], [ 591542.96875, 2323406.40625 ], [ 591556.71875, 2323433.90625 ], [ 591559.0625, 2323442.8125 ], [ 591560.0, 2323456.875 ], [ 591559.0625, 2323463.4375 ], [ 591555.3125, 2323470.9375 ], [ 591551.25, 2323474.375 ], [ 591540.3125, 2323478.4375 ], [ 591530.46875, 2323479.84375 ], [ 591519.6875, 2323479.6875 ], [ 591513.75, 2323478.125 ], [ 591509.0625, 2323475.3125 ], [ 591502.8125, 2323466.5625 ], [ 591496.25, 2323461.875 ], [ 591490.3125, 2323460.3125 ], [ 591476.5625, 2323459.0625 ], [ 591469.0625, 2323455.3125 ], [ 591464.375, 2323448.75 ], [ 591460.9375, 2323437.1875 ], [ 591460.0, 2323426.875 ], [ 591459.53125, 2323389.84375 ], [ 591457.1875, 2323384.6875 ], [ 591452.96875, 2323381.40625 ], [ 591446.875, 2323380.0 ], [ 591353.125, 2323380.0 ], [ 591349.84375, 2323380.46875 ], [ 591344.6875, 2323382.8125 ], [ 591341.40625, 2323387.03125 ], [ 591340.0, 2323393.125 ], [ 591340.0, 2323426.875 ], [ 591339.0625, 2323433.4375 ], [ 591335.3125, 2323440.9375 ], [ 591324.6875, 2323449.0625 ], [ 591321.875, 2323453.75 ], [ 591320.3125, 2323459.6875 ], [ 591320.0, 2323526.875 ], [ 591321.40625, 2323532.96875 ], [ 591322.8125, 2323535.3125 ], [ 591327.03125, 2323538.59375 ], [ 591329.84375, 2323539.53125 ], [ 591343.4375, 2323540.9375 ], [ 591350.9375, 2323544.6875 ], [ 591354.375, 2323548.75 ], [ 591357.65625, 2323556.71875 ], [ 591359.0625, 2323562.8125 ], [ 591360.0, 2323573.125 ], [ 591359.84375, 2323610.46875 ], [ 591357.65625, 2323623.28125 ], [ 591355.625, 2323628.75 ], [ 591352.8125, 2323633.4375 ], [ 591346.25, 2323638.125 ], [ 591340.3125, 2323639.6875 ], [ 591326.5625, 2323640.9375 ], [ 591321.25, 2323643.125 ], [ 591317.1875, 2323646.5625 ], [ 591301.40625, 2323675.78125 ], [ 591295.78125, 2323681.40625 ], [ 591286.5625, 2323687.1875 ], [ 591283.125, 2323691.25 ], [ 591280.3125, 2323699.6875 ], [ 591279.0625, 2323713.4375 ], [ 591276.875, 2323718.75 ], [ 591273.4375, 2323722.8125 ], [ 591246.09375, 2323736.71875 ], [ 591237.1875, 2323739.0625 ], [ 591216.5625, 2323740.9375 ], [ 591211.25, 2323743.125 ], [ 591207.1875, 2323746.5625 ], [ 591203.28125, 2323753.90625 ], [ 591200.9375, 2323762.8125 ], [ 591200.0, 2323773.125 ], [ 591200.0, 2323806.875 ], [ 591198.59375, 2323812.96875 ], [ 591195.3125, 2323817.1875 ], [ 591192.96875, 2323818.59375 ], [ 591186.875, 2323820.0 ], [ 591123.125, 2323820.0 ], [ 591113.75, 2323821.875 ], [ 591107.1875, 2323826.5625 ], [ 591094.375, 2323851.25 ], [ 591088.75, 2323856.875 ], [ 591083.4375, 2323859.0625 ], [ 591062.8125, 2323860.9375 ], [ 591051.25, 2323864.375 ], [ 590986.40625, 2323897.03125 ], [ 590980.3125, 2323902.1875 ], [ 590972.8125, 2323913.4375 ], [ 590968.75, 2323916.875 ], [ 590963.4375, 2323919.0625 ], [ 590949.6875, 2323920.3125 ], [ 590941.25, 2323923.125 ], [ 590935.625, 2323928.75 ], [ 590914.375, 2323971.25 ], [ 590910.9375, 2323975.3125 ], [ 590903.4375, 2323979.0625 ], [ 590886.5625, 2323980.9375 ], [ 590879.0625, 2323984.6875 ], [ 590875.625, 2323988.75 ], [ 590862.96875, 2324013.59375 ], [ 590857.8125, 2324019.6875 ], [ 590851.25, 2324024.375 ], [ 590826.40625, 2324037.03125 ], [ 590822.1875, 2324040.3125 ], [ 590817.03125, 2324046.40625 ], [ 590783.28125, 2324113.90625 ], [ 590780.9375, 2324122.8125 ], [ 590779.6875, 2324140.3125 ], [ 590778.125, 2324146.25 ], [ 590775.3125, 2324150.9375 ], [ 590766.5625, 2324157.1875 ], [ 590763.125, 2324161.25 ], [ 590760.9375, 2324166.5625 ], [ 590759.6875, 2324180.3125 ], [ 590758.125, 2324186.25 ], [ 590755.3125, 2324190.9375 ], [ 590746.5625, 2324197.1875 ], [ 590743.125, 2324201.25 ], [ 590740.9375, 2324206.5625 ], [ 590739.6875, 2324220.3125 ], [ 590738.125, 2324226.25 ], [ 590735.3125, 2324230.9375 ], [ 590726.5625, 2324237.1875 ], [ 590721.875, 2324243.75 ], [ 590720.3125, 2324249.6875 ], [ 590719.6875, 2324260.3125 ], [ 590716.875, 2324268.75 ], [ 590713.4375, 2324272.8125 ], [ 590704.21875, 2324278.59375 ], [ 590698.59375, 2324284.21875 ], [ 590695.625, 2324288.75 ], [ 590662.96875, 2324353.59375 ], [ 590657.8125, 2324359.6875 ], [ 590646.5625, 2324367.1875 ], [ 590643.125, 2324371.25 ], [ 590640.9375, 2324376.5625 ], [ 590639.6875, 2324390.3125 ], [ 590638.125, 2324396.25 ], [ 590635.3125, 2324400.9375 ], [ 590626.5625, 2324407.1875 ], [ 590621.875, 2324413.75 ], [ 590620.3125, 2324419.6875 ], [ 590619.0625, 2324437.1875 ], [ 590615.625, 2324448.75 ], [ 590564.375, 2324551.25 ], [ 590559.6875, 2324557.8125 ], [ 590555.78125, 2324561.40625 ], [ 590546.5625, 2324567.1875 ], [ 590541.875, 2324573.75 ], [ 590540.0, 2324583.125 ], [ 590540.0, 2324616.875 ], [ 590539.0625, 2324623.4375 ], [ 590535.3125, 2324630.9375 ], [ 590524.6875, 2324639.0625 ], [ 590521.875, 2324643.75 ], [ 590520.3125, 2324649.6875 ], [ 590520.0, 2324806.875 ], [ 590519.0625, 2324813.4375 ], [ 590515.3125, 2324820.9375 ], [ 590506.5625, 2324827.1875 ], [ 590501.875, 2324833.75 ], [ 590500.3125, 2324839.6875 ], [ 590499.0625, 2324857.1875 ], [ 590495.625, 2324868.75 ], [ 590443.28125, 2324973.90625 ], [ 590441.5625, 2324979.6875 ], [ 590440.15625, 2324989.53125 ], [ 590440.0, 2325026.875 ], [ 590439.0625, 2325037.1875 ], [ 590435.625, 2325048.75 ], [ 590424.375, 2325071.25 ], [ 590422.34375, 2325076.71875 ], [ 590420.46875, 2325086.09375 ], [ 590419.6875, 2325100.3125 ], [ 590418.125, 2325106.25 ], [ 590415.3125, 2325110.9375 ], [ 590406.5625, 2325117.1875 ], [ 590403.125, 2325121.25 ], [ 590400.9375, 2325126.5625 ], [ 590399.6875, 2325140.3125 ], [ 590398.125, 2325146.25 ], [ 590393.4375, 2325152.8125 ], [ 590384.6875, 2325159.0625 ], [ 590380.9375, 2325166.5625 ], [ 590380.0, 2325173.125 ], [ 590380.0, 2325266.875 ], [ 590379.0625, 2325273.4375 ], [ 590376.875, 2325278.75 ], [ 590373.4375, 2325282.8125 ], [ 590346.5625, 2325297.1875 ], [ 590343.125, 2325301.25 ], [ 590340.9375, 2325306.5625 ], [ 590340.0, 2325313.125 ], [ 590339.6875, 2325380.3125 ], [ 590336.875, 2325388.75 ], [ 590333.4375, 2325392.8125 ], [ 590324.6875, 2325399.0625 ], [ 590320.9375, 2325406.5625 ], [ 590320.0, 2325413.125 ], [ 590320.0, 2325446.875 ], [ 590319.0625, 2325457.1875 ], [ 590315.625, 2325468.75 ], [ 590304.375, 2325491.25 ], [ 590302.34375, 2325496.71875 ], [ 590300.46875, 2325506.09375 ], [ 590299.0625, 2325523.4375 ], [ 590295.3125, 2325530.9375 ], [ 590286.5625, 2325537.1875 ], [ 590281.875, 2325543.75 ], [ 590280.3125, 2325549.6875 ], [ 590279.6875, 2325560.3125 ], [ 590276.875, 2325568.75 ], [ 590273.4375, 2325572.8125 ], [ 590266.5625, 2325577.1875 ], [ 590261.875, 2325583.75 ], [ 590260.3125, 2325589.6875 ], [ 590259.6875, 2325600.3125 ], [ 590256.875, 2325608.75 ], [ 590253.4375, 2325612.8125 ], [ 590246.5625, 2325617.1875 ], [ 590241.875, 2325623.75 ], [ 590240.0, 2325633.125 ], [ 590240.0, 2325666.875 ], [ 590239.0625, 2325673.4375 ], [ 590235.3125, 2325680.9375 ], [ 590226.5625, 2325687.1875 ], [ 590221.875, 2325693.75 ], [ 590220.3125, 2325699.6875 ], [ 590219.84375, 2325710.46875 ], [ 590218.4375, 2325720.3125 ], [ 590215.625, 2325728.75 ], [ 590204.375, 2325751.25 ], [ 590202.34375, 2325756.71875 ], [ 590200.46875, 2325766.09375 ], [ 590199.6875, 2325780.3125 ], [ 590198.125, 2325786.25 ], [ 590195.3125, 2325790.9375 ], [ 590186.5625, 2325797.1875 ], [ 590181.875, 2325803.75 ], [ 590180.0, 2325813.125 ], [ 590180.0, 2325846.875 ], [ 590178.125, 2325856.25 ], [ 590173.4375, 2325862.8125 ], [ 590148.75, 2325875.625 ], [ 590144.6875, 2325879.0625 ], [ 590141.875, 2325883.75 ], [ 590140.0, 2325893.125 ], [ 590140.0, 2325926.875 ], [ 590139.0625, 2325937.1875 ], [ 590136.71875, 2325946.09375 ], [ 590124.375, 2325971.25 ], [ 590121.5625, 2325979.6875 ], [ 590120.0, 2325993.125 ], [ 590120.0, 2326026.875 ], [ 590118.125, 2326036.25 ], [ 590115.3125, 2326040.9375 ], [ 590111.25, 2326044.375 ], [ 590088.75, 2326055.625 ], [ 590084.6875, 2326059.0625 ], [ 590080.9375, 2326066.5625 ], [ 590079.6875, 2326080.3125 ], [ 590076.875, 2326088.75 ], [ 590073.4375, 2326092.8125 ], [ 590066.5625, 2326097.1875 ], [ 590061.875, 2326103.75 ], [ 590060.0, 2326113.125 ], [ 590060.0, 2326146.875 ], [ 590059.0625, 2326157.1875 ], [ 590055.625, 2326168.75 ], [ 590044.375, 2326191.25 ], [ 590040.9375, 2326195.3125 ], [ 590036.25, 2326198.125 ], [ 590030.3125, 2326199.6875 ], [ 590019.6875, 2326200.3125 ], [ 590011.25, 2326203.125 ], [ 590007.1875, 2326206.5625 ], [ 590003.28125, 2326213.90625 ], [ 590000.9375, 2326222.8125 ], [ 590000.0, 2326233.125 ], [ 589999.6875, 2326300.3125 ], [ 589996.875, 2326308.75 ], [ 589993.4375, 2326312.8125 ], [ 589984.6875, 2326319.0625 ], [ 589980.9375, 2326326.5625 ], [ 589980.0, 2326333.125 ], [ 589980.0, 2326366.875 ], [ 589979.0625, 2326373.4375 ], [ 589975.3125, 2326380.9375 ], [ 589966.5625, 2326387.1875 ], [ 589961.875, 2326393.75 ], [ 589960.3125, 2326399.6875 ], [ 589959.84375, 2326410.46875 ], [ 589958.4375, 2326420.3125 ], [ 589955.625, 2326428.75 ], [ 589944.375, 2326451.25 ], [ 589942.34375, 2326456.71875 ], [ 589940.46875, 2326466.09375 ], [ 589939.6875, 2326480.3125 ], [ 589938.125, 2326486.25 ], [ 589935.3125, 2326490.9375 ], [ 589922.1875, 2326500.3125 ], [ 589915.625, 2326508.75 ], [ 589904.375, 2326531.25 ], [ 589902.34375, 2326536.71875 ], [ 589900.46875, 2326546.09375 ], [ 589899.6875, 2326560.3125 ], [ 589898.125, 2326566.25 ], [ 589893.4375, 2326572.8125 ], [ 589884.6875, 2326579.0625 ], [ 589880.9375, 2326586.5625 ], [ 589880.0, 2326593.125 ], [ 589880.3125, 2326690.3125 ], [ 589883.125, 2326698.75 ], [ 589886.5625, 2326702.8125 ], [ 589895.3125, 2326709.0625 ], [ 589898.125, 2326713.75 ], [ 589899.6875, 2326719.6875 ], [ 589899.53125, 2326790.15625 ], [ 589897.1875, 2326795.3125 ], [ 589895.3125, 2326797.1875 ], [ 589890.15625, 2326799.53125 ], [ 589853.125, 2326800.0 ], [ 589842.8125, 2326800.9375 ], [ 589836.71875, 2326802.34375 ], [ 589828.75, 2326805.625 ], [ 589823.125, 2326811.25 ], [ 589820.9375, 2326816.5625 ], [ 589820.0, 2326823.125 ], [ 589820.0, 2326886.875 ], [ 589819.0625, 2326893.4375 ], [ 589815.3125, 2326900.9375 ], [ 589804.6875, 2326909.0625 ], [ 589801.875, 2326913.75 ], [ 589800.3125, 2326919.6875 ], [ 589800.0, 2326986.875 ], [ 589799.0625, 2326993.4375 ], [ 589796.875, 2326998.75 ], [ 589793.4375, 2327002.8125 ], [ 589768.75, 2327015.625 ], [ 589764.6875, 2327019.0625 ], [ 589761.875, 2327023.75 ], [ 589760.0, 2327033.125 ], [ 589760.3125, 2327310.3125 ], [ 589761.875, 2327316.25 ], [ 589764.6875, 2327320.9375 ], [ 589773.4375, 2327327.1875 ], [ 589778.125, 2327333.75 ], [ 589779.6875, 2327339.6875 ], [ 589780.15625, 2327350.46875 ], [ 589781.5625, 2327360.3125 ], [ 589784.375, 2327368.75 ], [ 589787.1875, 2327373.4375 ], [ 589791.25, 2327376.875 ], [ 589796.5625, 2327379.0625 ], [ 589813.90625, 2327380.46875 ], [ 589826.09375, 2327383.28125 ], [ 589833.4375, 2327387.1875 ], [ 589838.125, 2327393.75 ], [ 589840.0, 2327403.125 ], [ 589839.53125, 2327470.15625 ], [ 589838.59375, 2327472.96875 ], [ 589835.3125, 2327477.1875 ], [ 589832.96875, 2327478.59375 ], [ 589826.875, 2327480.0 ], [ 589763.125, 2327480.0 ], [ 589756.5625, 2327480.9375 ], [ 589751.25, 2327483.125 ], [ 589747.1875, 2327486.5625 ], [ 589744.375, 2327491.25 ], [ 589742.34375, 2327496.71875 ], [ 589740.9375, 2327502.8125 ], [ 589740.0, 2327513.125 ], [ 589740.0, 2327636.875 ], [ 589739.0625, 2327643.4375 ], [ 589735.3125, 2327650.9375 ], [ 589724.6875, 2327659.0625 ], [ 589720.9375, 2327666.5625 ], [ 589720.0, 2327673.125 ], [ 589720.0, 2327706.875 ], [ 589719.0625, 2327713.4375 ], [ 589716.875, 2327718.75 ], [ 589711.25, 2327724.375 ], [ 589688.75, 2327735.625 ], [ 589684.6875, 2327739.0625 ], [ 589681.875, 2327743.75 ], [ 589680.0, 2327753.125 ], [ 589680.0, 2327786.875 ], [ 589679.0625, 2327793.4375 ], [ 589675.3125, 2327800.9375 ], [ 589664.6875, 2327809.0625 ], [ 589661.875, 2327813.75 ], [ 589660.3125, 2327819.6875 ], [ 589660.0, 2327886.875 ], [ 589659.0625, 2327893.4375 ], [ 589655.3125, 2327900.9375 ], [ 589646.5625, 2327907.1875 ], [ 589641.875, 2327913.75 ], [ 589640.0, 2327923.125 ], [ 589640.0, 2327956.875 ], [ 589639.0625, 2327963.4375 ], [ 589635.3125, 2327970.9375 ], [ 589624.6875, 2327979.0625 ], [ 589621.875, 2327983.75 ], [ 589620.3125, 2327989.6875 ], [ 589620.0, 2328146.875 ], [ 589619.0625, 2328157.1875 ], [ 589615.625, 2328168.75 ], [ 589604.375, 2328191.25 ], [ 589602.34375, 2328196.71875 ], [ 589600.46875, 2328206.09375 ], [ 589599.6875, 2328220.3125 ], [ 589598.125, 2328226.25 ], [ 589595.3125, 2328230.9375 ], [ 589586.5625, 2328237.1875 ], [ 589583.125, 2328241.25 ], [ 589580.9375, 2328246.5625 ], [ 589580.0, 2328253.125 ], [ 589580.0, 2328466.875 ], [ 589579.0625, 2328473.4375 ], [ 589575.3125, 2328480.9375 ], [ 589566.5625, 2328487.1875 ], [ 589563.125, 2328491.25 ], [ 589560.9375, 2328496.5625 ], [ 589559.6875, 2328510.3125 ], [ 589558.125, 2328516.25 ], [ 589553.4375, 2328522.8125 ], [ 589544.6875, 2328529.0625 ], [ 589540.9375, 2328536.5625 ], [ 589540.0, 2328543.125 ], [ 589540.0, 2328576.875 ], [ 589539.0625, 2328583.4375 ], [ 589535.3125, 2328590.9375 ], [ 589526.5625, 2328597.1875 ], [ 589521.875, 2328603.75 ], [ 589520.0, 2328613.125 ], [ 589520.0, 2328646.875 ], [ 589519.0625, 2328653.4375 ], [ 589515.3125, 2328660.9375 ], [ 589504.6875, 2328669.0625 ], [ 589501.875, 2328673.75 ], [ 589500.3125, 2328679.6875 ], [ 589500.0, 2328746.875 ], [ 589499.0625, 2328753.4375 ], [ 589495.3125, 2328760.9375 ], [ 589486.5625, 2328767.1875 ], [ 589481.875, 2328773.75 ], [ 589480.3125, 2328779.6875 ], [ 589479.0625, 2328797.1875 ], [ 589475.625, 2328808.75 ], [ 589464.375, 2328831.25 ], [ 589457.8125, 2328839.6875 ], [ 589451.25, 2328844.375 ], [ 589426.40625, 2328857.03125 ], [ 589418.59375, 2328864.21875 ], [ 589401.40625, 2328895.78125 ], [ 589395.78125, 2328901.40625 ], [ 589386.5625, 2328907.1875 ], [ 589383.125, 2328911.25 ], [ 589380.3125, 2328919.6875 ], [ 589379.0625, 2328933.4375 ], [ 589375.3125, 2328940.9375 ], [ 589371.25, 2328944.375 ], [ 589348.75, 2328955.625 ], [ 589344.6875, 2328959.0625 ], [ 589340.9375, 2328966.5625 ], [ 589339.6875, 2328980.3125 ], [ 589336.875, 2328988.75 ], [ 589333.4375, 2328992.8125 ], [ 589324.21875, 2328998.59375 ], [ 589318.59375, 2329004.21875 ], [ 589301.40625, 2329035.78125 ], [ 589293.59375, 2329042.96875 ], [ 589268.75, 2329055.625 ], [ 589264.6875, 2329059.0625 ], [ 589260.9375, 2329066.5625 ], [ 589259.6875, 2329080.3125 ], [ 589256.875, 2329088.75 ], [ 589253.4375, 2329092.8125 ], [ 589244.21875, 2329098.59375 ], [ 589238.59375, 2329104.21875 ], [ 589235.625, 2329108.75 ], [ 589202.96875, 2329173.59375 ], [ 589197.8125, 2329179.6875 ], [ 589186.5625, 2329187.1875 ], [ 589183.125, 2329191.25 ], [ 589180.9375, 2329196.5625 ], [ 589179.0625, 2329217.1875 ], [ 589175.625, 2329228.75 ], [ 589084.375, 2329411.25 ], [ 589080.9375, 2329422.8125 ], [ 589079.6875, 2329440.3125 ], [ 589078.125, 2329446.25 ], [ 589075.3125, 2329450.9375 ], [ 589062.1875, 2329460.3125 ], [ 589055.625, 2329468.75 ], [ 589044.375, 2329491.25 ], [ 589042.34375, 2329496.71875 ], [ 589040.46875, 2329506.09375 ], [ 589039.0625, 2329523.4375 ], [ 589035.3125, 2329530.9375 ], [ 589022.1875, 2329540.3125 ], [ 589018.59375, 2329544.21875 ], [ 589012.8125, 2329553.4375 ], [ 589008.75, 2329556.875 ], [ 589003.4375, 2329559.0625 ], [ 588993.125, 2329560.0 ], [ 588987.03125, 2329561.40625 ], [ 588984.6875, 2329562.8125 ], [ 588981.40625, 2329567.03125 ], [ 588980.0, 2329573.125 ], [ 588980.0, 2329636.875 ], [ 588978.125, 2329646.25 ], [ 588975.3125, 2329650.9375 ], [ 588966.5625, 2329657.1875 ], [ 588963.125, 2329661.25 ], [ 588960.9375, 2329666.5625 ], [ 588959.6875, 2329680.3125 ], [ 588956.875, 2329688.75 ], [ 588953.4375, 2329692.8125 ], [ 588942.1875, 2329700.3125 ], [ 588937.03125, 2329706.40625 ], [ 588902.96875, 2329773.59375 ], [ 588897.8125, 2329779.6875 ], [ 588886.5625, 2329787.1875 ], [ 588883.125, 2329791.25 ], [ 588880.9375, 2329796.5625 ], [ 588879.6875, 2329810.3125 ], [ 588878.125, 2329816.25 ], [ 588875.3125, 2329820.9375 ], [ 588866.5625, 2329827.1875 ], [ 588863.125, 2329831.25 ], [ 588860.3125, 2329839.6875 ], [ 588859.0625, 2329853.4375 ], [ 588855.3125, 2329860.9375 ], [ 588851.25, 2329864.375 ], [ 588828.75, 2329875.625 ], [ 588824.21875, 2329878.59375 ], [ 588818.59375, 2329884.21875 ], [ 588812.8125, 2329893.4375 ], [ 588808.75, 2329896.875 ], [ 588800.3125, 2329899.6875 ], [ 588789.84375, 2329900.46875 ], [ 588787.03125, 2329901.40625 ], [ 588782.8125, 2329904.6875 ], [ 588780.46875, 2329909.84375 ], [ 588779.6875, 2329920.3125 ], [ 588778.125, 2329926.25 ], [ 588775.3125, 2329930.9375 ], [ 588766.5625, 2329937.1875 ], [ 588763.125, 2329941.25 ], [ 588760.3125, 2329949.6875 ], [ 588759.0625, 2329963.4375 ], [ 588756.875, 2329968.75 ], [ 588753.4375, 2329972.8125 ], [ 588688.75, 2330005.625 ], [ 588684.6875, 2330009.0625 ], [ 588680.9375, 2330016.5625 ], [ 588679.53125, 2330033.90625 ], [ 588676.71875, 2330046.09375 ], [ 588662.96875, 2330073.59375 ], [ 588659.6875, 2330077.8125 ], [ 588653.59375, 2330082.96875 ], [ 588628.75, 2330095.625 ], [ 588624.6875, 2330099.0625 ], [ 588620.9375, 2330106.5625 ], [ 588619.6875, 2330120.3125 ], [ 588616.875, 2330128.75 ], [ 588613.4375, 2330132.8125 ], [ 588606.40625, 2330137.03125 ], [ 588600.3125, 2330142.1875 ], [ 588590.9375, 2330155.3125 ], [ 588583.4375, 2330159.0625 ], [ 588569.6875, 2330160.3125 ], [ 588561.25, 2330163.125 ], [ 588555.625, 2330168.75 ], [ 588542.96875, 2330193.59375 ], [ 588535.78125, 2330201.40625 ], [ 588531.25, 2330204.375 ], [ 588466.40625, 2330237.03125 ], [ 588460.3125, 2330242.1875 ], [ 588452.8125, 2330253.4375 ], [ 588448.75, 2330256.875 ], [ 588440.3125, 2330259.6875 ], [ 588429.84375, 2330260.46875 ], [ 588424.6875, 2330262.8125 ], [ 588422.8125, 2330264.6875 ], [ 588420.46875, 2330269.84375 ], [ 588419.6875, 2330280.3125 ], [ 588418.125, 2330286.25 ], [ 588413.4375, 2330292.8125 ], [ 588366.40625, 2330317.03125 ], [ 588360.3125, 2330322.1875 ], [ 588352.8125, 2330333.4375 ], [ 588348.75, 2330336.875 ], [ 588340.3125, 2330339.6875 ], [ 588329.84375, 2330340.46875 ], [ 588324.6875, 2330342.8125 ], [ 588322.8125, 2330344.6875 ], [ 588320.46875, 2330349.84375 ], [ 588319.6875, 2330360.3125 ], [ 588316.875, 2330368.75 ], [ 588313.4375, 2330372.8125 ], [ 588304.21875, 2330378.59375 ], [ 588298.59375, 2330384.21875 ], [ 588295.625, 2330388.75 ], [ 588284.375, 2330411.25 ], [ 588277.8125, 2330419.6875 ], [ 588271.25, 2330424.375 ], [ 588206.40625, 2330457.03125 ], [ 588200.3125, 2330462.1875 ], [ 588192.8125, 2330473.4375 ], [ 588188.75, 2330476.875 ], [ 588180.3125, 2330479.6875 ], [ 588169.84375, 2330480.46875 ], [ 588164.6875, 2330482.8125 ], [ 588162.8125, 2330484.6875 ], [ 588160.46875, 2330489.84375 ], [ 588159.6875, 2330500.3125 ], [ 588156.875, 2330508.75 ], [ 588153.4375, 2330512.8125 ], [ 588146.40625, 2330517.03125 ], [ 588140.3125, 2330522.1875 ], [ 588130.9375, 2330535.3125 ], [ 588123.4375, 2330539.0625 ], [ 588106.5625, 2330540.9375 ], [ 588099.0625, 2330544.6875 ], [ 588095.625, 2330548.75 ], [ 588082.96875, 2330573.59375 ], [ 588077.8125, 2330579.6875 ], [ 588071.25, 2330584.375 ], [ 588048.75, 2330595.625 ], [ 588040.3125, 2330602.1875 ], [ 588035.625, 2330608.75 ], [ 588004.375, 2330671.25 ], [ 588001.40625, 2330675.78125 ], [ 587993.59375, 2330682.96875 ], [ 587968.75, 2330695.625 ], [ 587963.125, 2330701.25 ], [ 587960.9375, 2330706.5625 ], [ 587959.6875, 2330720.3125 ], [ 587958.125, 2330726.25 ], [ 587953.4375, 2330732.8125 ], [ 587944.6875, 2330739.0625 ], [ 587940.9375, 2330746.5625 ], [ 587940.0, 2330753.125 ], [ 587940.0, 2330786.875 ], [ 587939.53125, 2330790.15625 ], [ 587937.1875, 2330795.3125 ], [ 587935.3125, 2330797.1875 ], [ 587930.15625, 2330799.53125 ], [ 587919.6875, 2330800.3125 ], [ 587911.25, 2330803.125 ], [ 587907.1875, 2330806.5625 ], [ 587902.8125, 2330813.4375 ], [ 587896.25, 2330818.125 ], [ 587890.3125, 2330819.6875 ], [ 587876.5625, 2330820.9375 ], [ 587869.0625, 2330824.6875 ], [ 587859.6875, 2330837.8125 ], [ 587855.78125, 2330841.40625 ], [ 587846.5625, 2330847.1875 ], [ 587843.125, 2330851.25 ], [ 587840.3125, 2330859.6875 ], [ 587839.0625, 2330873.4375 ], [ 587835.3125, 2330880.9375 ], [ 587831.25, 2330884.375 ], [ 587806.40625, 2330897.03125 ], [ 587800.3125, 2330902.1875 ], [ 587795.625, 2330908.75 ], [ 587784.375, 2330931.25 ], [ 587782.34375, 2330936.71875 ], [ 587780.46875, 2330946.09375 ], [ 587779.6875, 2330960.3125 ], [ 587778.125, 2330966.25 ], [ 587773.4375, 2330972.8125 ], [ 587764.6875, 2330979.0625 ], [ 587760.9375, 2330986.5625 ], [ 587760.0, 2330993.125 ], [ 587759.84375, 2331030.46875 ], [ 587759.0625, 2331037.1875 ], [ 587756.71875, 2331046.09375 ], [ 587742.96875, 2331073.59375 ], [ 587737.8125, 2331079.6875 ], [ 587724.6875, 2331089.0625 ], [ 587720.9375, 2331096.5625 ], [ 587720.0, 2331103.125 ], [ 587720.0, 2331166.875 ], [ 587721.40625, 2331172.96875 ], [ 587724.6875, 2331177.1875 ], [ 587727.03125, 2331178.59375 ], [ 587733.125, 2331180.0 ], [ 587826.875, 2331180.0 ], [ 587836.25, 2331178.125 ], [ 587842.8125, 2331173.4375 ], [ 587855.625, 2331148.75 ], [ 587861.25, 2331143.125 ], [ 587866.5625, 2331140.9375 ], [ 587880.3125, 2331139.6875 ], [ 587886.25, 2331138.125 ], [ 587890.9375, 2331135.3125 ], [ 587897.1875, 2331126.5625 ], [ 587901.25, 2331123.125 ], [ 587906.5625, 2331120.9375 ], [ 587920.3125, 2331119.6875 ], [ 587926.25, 2331118.125 ], [ 587930.9375, 2331115.3125 ], [ 587937.1875, 2331106.5625 ], [ 587941.25, 2331103.125 ], [ 587946.5625, 2331100.9375 ], [ 587960.3125, 2331099.6875 ], [ 587968.75, 2331096.875 ], [ 587972.8125, 2331093.4375 ], [ 587977.03125, 2331086.40625 ], [ 587982.1875, 2331080.3125 ], [ 587988.75, 2331075.625 ], [ 588011.25, 2331064.375 ], [ 588015.78125, 2331061.40625 ], [ 588021.40625, 2331055.78125 ], [ 588027.1875, 2331046.5625 ], [ 588031.25, 2331043.125 ], [ 588039.6875, 2331040.3125 ], [ 588053.4375, 2331039.0625 ], [ 588060.9375, 2331035.3125 ], [ 588064.375, 2331031.25 ], [ 588075.625, 2331008.75 ], [ 588081.25, 2331003.125 ], [ 588086.5625, 2331000.9375 ], [ 588100.3125, 2330999.6875 ], [ 588108.75, 2330996.875 ], [ 588112.8125, 2330993.4375 ], [ 588120.3125, 2330982.1875 ], [ 588126.40625, 2330977.03125 ], [ 588191.25, 2330944.375 ], [ 588195.78125, 2330941.40625 ], [ 588202.96875, 2330933.59375 ], [ 588215.625, 2330908.75 ], [ 588220.3125, 2330902.1875 ], [ 588228.75, 2330895.625 ], [ 588253.59375, 2330882.96875 ], [ 588261.40625, 2330875.78125 ], [ 588278.59375, 2330844.21875 ], [ 588284.21875, 2330838.59375 ], [ 588293.4375, 2330832.8125 ], [ 588296.875, 2330828.75 ], [ 588299.6875, 2330820.3125 ], [ 588300.46875, 2330809.84375 ], [ 588302.8125, 2330804.6875 ], [ 588304.6875, 2330802.8125 ], [ 588309.84375, 2330800.46875 ], [ 588320.3125, 2330799.6875 ], [ 588328.75, 2330796.875 ], [ 588332.8125, 2330793.4375 ], [ 588337.03125, 2330786.40625 ], [ 588342.1875, 2330780.3125 ], [ 588355.3125, 2330770.9375 ], [ 588359.0625, 2330763.4375 ], [ 588360.46875, 2330749.84375 ], [ 588361.40625, 2330747.03125 ], [ 588364.6875, 2330742.8125 ], [ 588369.84375, 2330740.46875 ], [ 588380.3125, 2330739.6875 ], [ 588388.75, 2330736.875 ], [ 588392.8125, 2330733.4375 ], [ 588398.59375, 2330724.21875 ], [ 588404.21875, 2330718.59375 ], [ 588408.75, 2330715.625 ], [ 588433.90625, 2330703.28125 ], [ 588439.6875, 2330701.5625 ], [ 588449.53125, 2330700.15625 ], [ 588493.90625, 2330699.53125 ], [ 588506.09375, 2330696.71875 ], [ 588513.4375, 2330692.8125 ], [ 588516.875, 2330688.75 ], [ 588519.0625, 2330683.4375 ], [ 588520.3125, 2330669.6875 ], [ 588523.125, 2330661.25 ], [ 588528.75, 2330655.625 ], [ 588551.25, 2330644.375 ], [ 588555.3125, 2330640.9375 ], [ 588559.0625, 2330633.4375 ], [ 588560.3125, 2330619.6875 ], [ 588563.125, 2330611.25 ], [ 588566.5625, 2330607.1875 ], [ 588575.78125, 2330601.40625 ], [ 588581.40625, 2330595.78125 ], [ 588597.1875, 2330566.5625 ], [ 588601.25, 2330563.125 ], [ 588606.5625, 2330560.9375 ], [ 588620.3125, 2330559.6875 ], [ 588628.75, 2330556.875 ], [ 588632.8125, 2330553.4375 ], [ 588638.59375, 2330544.21875 ], [ 588644.21875, 2330538.59375 ], [ 588675.78125, 2330521.40625 ], [ 588682.96875, 2330513.59375 ], [ 588695.625, 2330488.75 ], [ 588699.0625, 2330484.6875 ], [ 588706.5625, 2330480.9375 ], [ 588720.3125, 2330479.6875 ], [ 588728.75, 2330476.875 ], [ 588732.8125, 2330473.4375 ], [ 588737.1875, 2330466.5625 ], [ 588743.75, 2330461.875 ], [ 588749.6875, 2330460.3125 ], [ 588760.3125, 2330459.6875 ], [ 588768.75, 2330456.875 ], [ 588772.8125, 2330453.4375 ], [ 588780.3125, 2330442.1875 ], [ 588786.40625, 2330437.03125 ], [ 588851.25, 2330404.375 ], [ 588859.6875, 2330401.5625 ], [ 588866.09375, 2330400.46875 ], [ 588880.3125, 2330399.6875 ], [ 588888.75, 2330396.875 ], [ 588892.8125, 2330393.4375 ], [ 588897.03125, 2330386.40625 ], [ 588902.1875, 2330380.3125 ], [ 588908.75, 2330375.625 ], [ 588931.25, 2330364.375 ], [ 588935.78125, 2330361.40625 ], [ 588941.40625, 2330355.78125 ], [ 588947.1875, 2330346.5625 ], [ 588951.25, 2330343.125 ], [ 588959.6875, 2330340.3125 ], [ 588970.46875, 2330339.84375 ], [ 588980.3125, 2330338.4375 ], [ 588988.75, 2330335.625 ], [ 588993.4375, 2330332.8125 ], [ 588998.125, 2330326.25 ], [ 588999.6875, 2330320.3125 ], [ 589000.9375, 2330306.5625 ], [ 589004.6875, 2330299.0625 ], [ 589008.75, 2330295.625 ], [ 589031.25, 2330284.375 ], [ 589037.8125, 2330279.6875 ], [ 589044.375, 2330271.25 ], [ 589055.625, 2330248.75 ], [ 589058.59375, 2330244.21875 ], [ 589064.21875, 2330238.59375 ], [ 589073.4375, 2330232.8125 ], [ 589076.875, 2330228.75 ], [ 589079.0625, 2330223.4375 ], [ 589080.3125, 2330209.6875 ], [ 589081.875, 2330203.75 ], [ 589084.6875, 2330199.0625 ], [ 589093.4375, 2330192.8125 ], [ 589096.875, 2330188.75 ], [ 589099.6875, 2330180.3125 ], [ 589100.46875, 2330169.84375 ], [ 589102.8125, 2330164.6875 ], [ 589104.6875, 2330162.8125 ], [ 589109.84375, 2330160.46875 ], [ 589120.3125, 2330159.6875 ], [ 589126.25, 2330158.125 ], [ 589132.8125, 2330153.4375 ], [ 589155.625, 2330108.75 ], [ 589160.3125, 2330102.1875 ], [ 589166.40625, 2330097.03125 ], [ 589191.25, 2330084.375 ], [ 589197.8125, 2330079.6875 ], [ 589202.96875, 2330073.59375 ], [ 589215.625, 2330048.75 ], [ 589220.3125, 2330042.1875 ], [ 589226.40625, 2330037.03125 ], [ 589251.25, 2330024.375 ], [ 589257.8125, 2330019.6875 ], [ 589262.96875, 2330013.59375 ], [ 589275.625, 2329988.75 ], [ 589280.3125, 2329982.1875 ], [ 589286.40625, 2329977.03125 ], [ 589311.25, 2329964.375 ], [ 589317.8125, 2329959.6875 ], [ 589322.96875, 2329953.59375 ], [ 589335.625, 2329928.75 ], [ 589339.0625, 2329924.6875 ], [ 589346.5625, 2329920.9375 ], [ 589360.3125, 2329919.6875 ], [ 589368.75, 2329916.875 ], [ 589372.8125, 2329913.4375 ], [ 589380.3125, 2329902.1875 ], [ 589388.75, 2329895.625 ], [ 589493.59375, 2329842.96875 ], [ 589497.8125, 2329839.6875 ], [ 589502.96875, 2329833.59375 ], [ 589515.625, 2329808.75 ], [ 589520.3125, 2329802.1875 ], [ 589528.75, 2329795.625 ], [ 589551.25, 2329784.375 ], [ 589555.78125, 2329781.40625 ], [ 589561.40625, 2329775.78125 ], [ 589567.1875, 2329766.5625 ], [ 589571.25, 2329763.125 ], [ 589576.5625, 2329760.9375 ], [ 589590.3125, 2329759.6875 ], [ 589596.25, 2329758.125 ], [ 589600.9375, 2329755.3125 ], [ 589607.1875, 2329746.5625 ], [ 589611.25, 2329743.125 ], [ 589616.5625, 2329740.9375 ], [ 589630.3125, 2329739.6875 ], [ 589636.25, 2329738.125 ], [ 589640.9375, 2329735.3125 ], [ 589647.1875, 2329726.5625 ], [ 589651.25, 2329723.125 ], [ 589656.5625, 2329720.9375 ], [ 589670.3125, 2329719.6875 ], [ 589676.25, 2329718.125 ], [ 589680.9375, 2329715.3125 ], [ 589687.1875, 2329706.5625 ], [ 589691.25, 2329703.125 ], [ 589696.5625, 2329700.9375 ], [ 589710.3125, 2329699.6875 ], [ 589716.25, 2329698.125 ], [ 589720.9375, 2329695.3125 ], [ 589727.1875, 2329686.5625 ], [ 589733.75, 2329681.875 ], [ 589739.6875, 2329680.3125 ], [ 589753.90625, 2329679.53125 ], [ 589763.28125, 2329677.65625 ], [ 589768.75, 2329675.625 ], [ 589791.25, 2329664.375 ], [ 589802.8125, 2329660.9375 ], [ 589813.125, 2329660.0 ], [ 589876.875, 2329660.0 ], [ 589883.4375, 2329659.0625 ], [ 589890.9375, 2329655.3125 ], [ 589899.0625, 2329644.6875 ], [ 589903.75, 2329641.875 ], [ 589909.6875, 2329640.3125 ], [ 590070.46875, 2329640.15625 ], [ 590077.1875, 2329640.9375 ], [ 590086.09375, 2329643.28125 ], [ 590111.25, 2329655.625 ], [ 590119.6875, 2329658.4375 ], [ 590133.125, 2329660.0 ], [ 590166.875, 2329660.0 ], [ 590176.25, 2329661.875 ], [ 590180.9375, 2329664.6875 ], [ 590187.1875, 2329673.4375 ], [ 590191.25, 2329676.875 ], [ 590196.5625, 2329679.0625 ], [ 590210.3125, 2329680.3125 ], [ 590216.25, 2329681.875 ], [ 590222.8125, 2329686.5625 ], [ 590229.0625, 2329695.3125 ], [ 590236.5625, 2329699.0625 ], [ 590243.125, 2329700.0 ], [ 590276.875, 2329700.0 ], [ 590286.25, 2329701.875 ], [ 590292.8125, 2329706.5625 ], [ 590298.59375, 2329715.78125 ], [ 590306.40625, 2329722.96875 ], [ 590331.25, 2329735.625 ], [ 590336.71875, 2329737.65625 ], [ 590349.53125, 2329739.84375 ], [ 590386.875, 2329740.0 ], [ 590396.25, 2329741.875 ], [ 590400.9375, 2329744.6875 ], [ 590407.1875, 2329753.4375 ], [ 590411.25, 2329756.875 ], [ 590416.5625, 2329759.0625 ], [ 590430.3125, 2329760.3125 ], [ 590436.25, 2329761.875 ], [ 590440.9375, 2329764.6875 ], [ 590447.1875, 2329773.4375 ], [ 590451.25, 2329776.875 ], [ 590456.5625, 2329779.0625 ], [ 590470.3125, 2329780.3125 ], [ 590476.25, 2329781.875 ], [ 590480.9375, 2329784.6875 ], [ 590487.1875, 2329793.4375 ], [ 590493.75, 2329798.125 ], [ 590499.6875, 2329799.6875 ], [ 590517.1875, 2329800.9375 ], [ 590528.75, 2329804.375 ], [ 590693.4375, 2329887.1875 ], [ 590696.875, 2329891.25 ], [ 590699.0625, 2329896.5625 ], [ 590700.46875, 2329913.90625 ], [ 590703.28125, 2329926.09375 ], [ 590727.1875, 2329973.4375 ], [ 590731.25, 2329976.875 ], [ 590736.5625, 2329979.0625 ], [ 590753.90625, 2329980.46875 ], [ 590766.09375, 2329983.28125 ], [ 590773.4375, 2329987.1875 ], [ 590778.125, 2329993.75 ], [ 590779.6875, 2329999.6875 ], [ 590780.0, 2330006.875 ], [ 590779.53125, 2330013.90625 ], [ 590777.65625, 2330023.28125 ], [ 590775.625, 2330028.75 ], [ 590764.375, 2330051.25 ], [ 590761.40625, 2330055.78125 ], [ 590755.78125, 2330061.40625 ], [ 590726.40625, 2330077.03125 ], [ 590720.3125, 2330082.1875 ], [ 590710.9375, 2330095.3125 ], [ 590706.25, 2330098.125 ], [ 590700.3125, 2330099.6875 ], [ 590689.53125, 2330099.84375 ], [ 590676.71875, 2330097.65625 ], [ 590671.25, 2330095.625 ], [ 590648.75, 2330084.375 ], [ 590637.1875, 2330080.9375 ], [ 590626.875, 2330080.0 ], [ 590593.125, 2330080.0 ], [ 590586.5625, 2330079.0625 ], [ 590581.25, 2330076.875 ], [ 590577.1875, 2330073.4375 ], [ 590564.375, 2330048.75 ], [ 590560.9375, 2330044.6875 ], [ 590556.25, 2330041.875 ], [ 590546.875, 2330040.0 ], [ 590513.125, 2330040.0 ], [ 590506.5625, 2330039.0625 ], [ 590499.0625, 2330035.3125 ], [ 590492.8125, 2330026.5625 ], [ 590486.25, 2330021.875 ], [ 590480.3125, 2330020.3125 ], [ 590462.8125, 2330019.0625 ], [ 590451.25, 2330015.625 ], [ 590346.09375, 2329963.28125 ], [ 590340.3125, 2329961.5625 ], [ 590330.46875, 2329960.15625 ], [ 590293.125, 2329960.0 ], [ 590286.5625, 2329959.0625 ], [ 590279.0625, 2329955.3125 ], [ 590272.8125, 2329946.5625 ], [ 590266.25, 2329941.875 ], [ 590260.3125, 2329940.3125 ], [ 590246.09375, 2329939.53125 ], [ 590236.71875, 2329937.65625 ], [ 590231.25, 2329935.625 ], [ 590208.75, 2329924.375 ], [ 590200.3125, 2329921.5625 ], [ 590190.46875, 2329920.15625 ], [ 590153.125, 2329920.0 ], [ 590146.5625, 2329919.0625 ], [ 590139.0625, 2329915.3125 ], [ 590132.8125, 2329906.5625 ], [ 590126.25, 2329901.875 ], [ 590120.3125, 2329900.3125 ], [ 590102.8125, 2329899.0625 ], [ 590093.90625, 2329896.71875 ], [ 590028.75, 2329864.375 ], [ 590020.3125, 2329861.5625 ], [ 590010.46875, 2329860.15625 ], [ 589883.125, 2329860.0 ], [ 589876.5625, 2329860.9375 ], [ 589869.0625, 2329864.6875 ], [ 589860.9375, 2329875.3125 ], [ 589853.4375, 2329879.0625 ], [ 589846.875, 2329880.0 ], [ 589813.125, 2329880.0 ], [ 589802.8125, 2329880.9375 ], [ 589793.90625, 2329883.28125 ], [ 589768.75, 2329895.625 ], [ 589760.3125, 2329898.4375 ], [ 589750.46875, 2329899.84375 ], [ 589713.125, 2329900.0 ], [ 589706.5625, 2329900.9375 ], [ 589699.0625, 2329904.6875 ], [ 589692.8125, 2329913.4375 ], [ 589686.25, 2329918.125 ], [ 589680.3125, 2329919.6875 ], [ 589669.6875, 2329920.3125 ], [ 589661.25, 2329923.125 ], [ 589657.1875, 2329926.5625 ], [ 589652.8125, 2329933.4375 ], [ 589646.25, 2329938.125 ], [ 589640.3125, 2329939.6875 ], [ 589629.53125, 2329940.15625 ], [ 589619.6875, 2329941.5625 ], [ 589611.25, 2329944.375 ], [ 589588.75, 2329955.625 ], [ 589583.28125, 2329957.65625 ], [ 589573.90625, 2329959.53125 ], [ 589559.6875, 2329960.3125 ], [ 589551.25, 2329963.125 ], [ 589547.1875, 2329966.5625 ], [ 589541.40625, 2329975.78125 ], [ 589535.78125, 2329981.40625 ], [ 589531.25, 2329984.375 ], [ 589508.75, 2329995.625 ], [ 589500.3125, 2330002.1875 ], [ 589495.625, 2330008.75 ], [ 589484.375, 2330031.25 ], [ 589480.9375, 2330035.3125 ], [ 589473.4375, 2330039.0625 ], [ 589459.6875, 2330040.3125 ], [ 589451.25, 2330043.125 ], [ 589447.1875, 2330046.5625 ], [ 589441.40625, 2330055.78125 ], [ 589435.78125, 2330061.40625 ], [ 589431.25, 2330064.375 ], [ 589408.75, 2330075.625 ], [ 589402.1875, 2330080.3125 ], [ 589395.625, 2330088.75 ], [ 589384.375, 2330111.25 ], [ 589378.75, 2330116.875 ], [ 589373.4375, 2330119.0625 ], [ 589359.6875, 2330120.3125 ], [ 589353.75, 2330121.875 ], [ 589349.0625, 2330124.6875 ], [ 589342.8125, 2330133.4375 ], [ 589338.75, 2330136.875 ], [ 589333.4375, 2330139.0625 ], [ 589319.6875, 2330140.3125 ], [ 589313.75, 2330141.875 ], [ 589309.0625, 2330144.6875 ], [ 589302.8125, 2330153.4375 ], [ 589298.75, 2330156.875 ], [ 589293.4375, 2330159.0625 ], [ 589279.6875, 2330160.3125 ], [ 589273.75, 2330161.875 ], [ 589269.0625, 2330164.6875 ], [ 589262.8125, 2330173.4375 ], [ 589258.75, 2330176.875 ], [ 589253.4375, 2330179.0625 ], [ 589239.6875, 2330180.3125 ], [ 589231.25, 2330183.125 ], [ 589227.1875, 2330186.5625 ], [ 589221.40625, 2330195.78125 ], [ 589215.78125, 2330201.40625 ], [ 589184.21875, 2330218.59375 ], [ 589180.3125, 2330222.1875 ], [ 589175.625, 2330228.75 ], [ 589144.375, 2330291.25 ], [ 589139.6875, 2330297.8125 ], [ 589131.25, 2330304.375 ], [ 589108.75, 2330315.625 ], [ 589104.21875, 2330318.59375 ], [ 589098.59375, 2330324.21875 ], [ 589092.8125, 2330333.4375 ], [ 589088.75, 2330336.875 ], [ 589083.4375, 2330339.0625 ], [ 589069.6875, 2330340.3125 ], [ 589063.75, 2330341.875 ], [ 589059.0625, 2330344.6875 ], [ 589052.8125, 2330353.4375 ], [ 589046.25, 2330358.125 ], [ 589040.3125, 2330359.6875 ], [ 589029.53125, 2330360.15625 ], [ 589019.6875, 2330361.5625 ], [ 589011.25, 2330364.375 ], [ 589006.5625, 2330367.1875 ], [ 589003.125, 2330371.25 ], [ 589000.9375, 2330376.5625 ], [ 588999.0625, 2330397.1875 ], [ 588997.65625, 2330403.28125 ], [ 588994.375, 2330411.25 ], [ 588990.9375, 2330415.3125 ], [ 588986.25, 2330418.125 ], [ 588980.3125, 2330419.6875 ], [ 588969.84375, 2330420.46875 ], [ 588967.03125, 2330421.40625 ], [ 588962.8125, 2330424.6875 ], [ 588960.46875, 2330429.84375 ], [ 588959.0625, 2330443.4375 ], [ 588956.875, 2330448.75 ], [ 588953.4375, 2330452.8125 ], [ 588906.40625, 2330477.03125 ], [ 588900.3125, 2330482.1875 ], [ 588892.8125, 2330493.4375 ], [ 588888.75, 2330496.875 ], [ 588883.4375, 2330499.0625 ], [ 588869.6875, 2330500.3125 ], [ 588863.75, 2330501.875 ], [ 588859.0625, 2330504.6875 ], [ 588852.8125, 2330513.4375 ], [ 588848.75, 2330516.875 ], [ 588843.4375, 2330519.0625 ], [ 588829.6875, 2330520.3125 ], [ 588821.25, 2330523.125 ], [ 588815.625, 2330528.75 ], [ 588804.375, 2330551.25 ], [ 588800.9375, 2330555.3125 ], [ 588793.4375, 2330559.0625 ], [ 588779.6875, 2330560.3125 ], [ 588771.25, 2330563.125 ], [ 588767.1875, 2330566.5625 ], [ 588759.6875, 2330577.8125 ], [ 588753.59375, 2330582.96875 ], [ 588686.40625, 2330617.03125 ], [ 588682.1875, 2330620.3125 ], [ 588677.03125, 2330626.40625 ], [ 588664.375, 2330651.25 ], [ 588660.9375, 2330655.3125 ], [ 588653.4375, 2330659.0625 ], [ 588639.6875, 2330660.3125 ], [ 588631.25, 2330663.125 ], [ 588627.1875, 2330666.5625 ], [ 588622.96875, 2330673.59375 ], [ 588617.8125, 2330679.6875 ], [ 588611.25, 2330684.375 ], [ 588588.75, 2330695.625 ], [ 588584.21875, 2330698.59375 ], [ 588578.59375, 2330704.21875 ], [ 588572.8125, 2330713.4375 ], [ 588568.75, 2330716.875 ], [ 588560.3125, 2330719.6875 ], [ 588549.84375, 2330720.46875 ], [ 588544.6875, 2330722.8125 ], [ 588542.8125, 2330724.6875 ], [ 588540.46875, 2330729.84375 ], [ 588539.6875, 2330740.3125 ], [ 588536.875, 2330748.75 ], [ 588533.4375, 2330752.8125 ], [ 588526.40625, 2330757.03125 ], [ 588520.3125, 2330762.1875 ], [ 588510.9375, 2330775.3125 ], [ 588503.4375, 2330779.0625 ], [ 588486.5625, 2330780.9375 ], [ 588479.0625, 2330784.6875 ], [ 588475.625, 2330788.75 ], [ 588464.375, 2330811.25 ], [ 588460.9375, 2330815.3125 ], [ 588453.4375, 2330819.0625 ], [ 588439.6875, 2330820.3125 ], [ 588431.25, 2330823.125 ], [ 588427.1875, 2330826.5625 ], [ 588421.40625, 2330835.78125 ], [ 588415.78125, 2330841.40625 ], [ 588411.25, 2330844.375 ], [ 588388.75, 2330855.625 ], [ 588382.1875, 2330860.3125 ], [ 588375.625, 2330868.75 ], [ 588362.96875, 2330893.59375 ], [ 588355.78125, 2330901.40625 ], [ 588324.21875, 2330918.59375 ], [ 588318.59375, 2330924.21875 ], [ 588312.8125, 2330933.4375 ], [ 588308.75, 2330936.875 ], [ 588300.3125, 2330939.6875 ], [ 588286.5625, 2330940.9375 ], [ 588279.0625, 2330944.6875 ], [ 588275.625, 2330948.75 ], [ 588264.375, 2330971.25 ], [ 588259.6875, 2330977.8125 ], [ 588253.59375, 2330982.96875 ], [ 588228.75, 2330995.625 ], [ 588224.6875, 2330999.0625 ], [ 588220.9375, 2331006.5625 ], [ 588219.6875, 2331020.3125 ], [ 588216.875, 2331028.75 ], [ 588213.4375, 2331032.8125 ], [ 588204.21875, 2331038.59375 ], [ 588198.59375, 2331044.21875 ], [ 588195.625, 2331048.75 ], [ 588184.375, 2331071.25 ], [ 588180.9375, 2331075.3125 ], [ 588176.25, 2331078.125 ], [ 588170.3125, 2331079.6875 ], [ 588129.6875, 2331080.3125 ], [ 588123.75, 2331081.875 ], [ 588119.0625, 2331084.6875 ], [ 588115.625, 2331088.75 ], [ 588102.96875, 2331113.59375 ], [ 588097.8125, 2331119.6875 ], [ 588091.25, 2331124.375 ], [ 588068.75, 2331135.625 ], [ 588060.3125, 2331142.1875 ], [ 588055.625, 2331148.75 ], [ 588044.375, 2331171.25 ], [ 588037.8125, 2331179.6875 ], [ 588031.25, 2331184.375 ], [ 588008.75, 2331195.625 ], [ 588000.3125, 2331202.1875 ], [ 587995.625, 2331208.75 ], [ 587984.375, 2331231.25 ], [ 587977.8125, 2331239.6875 ], [ 587971.25, 2331244.375 ], [ 587948.75, 2331255.625 ], [ 587940.3125, 2331262.1875 ], [ 587935.625, 2331268.75 ], [ 587924.375, 2331291.25 ], [ 587917.8125, 2331299.6875 ], [ 587911.25, 2331304.375 ], [ 587848.75, 2331335.625 ], [ 587842.1875, 2331340.3125 ], [ 587835.625, 2331348.75 ], [ 587824.375, 2331371.25 ], [ 587821.40625, 2331375.78125 ], [ 587815.78125, 2331381.40625 ], [ 587806.5625, 2331387.1875 ], [ 587803.125, 2331391.25 ], [ 587800.3125, 2331399.6875 ], [ 587799.0625, 2331413.4375 ], [ 587796.875, 2331418.75 ], [ 587793.4375, 2331422.8125 ], [ 587768.75, 2331435.625 ], [ 587760.3125, 2331438.4375 ], [ 587746.875, 2331440.0 ], [ 587709.6875, 2331440.3125 ], [ 587703.75, 2331441.875 ], [ 587699.0625, 2331444.6875 ], [ 587695.625, 2331448.75 ], [ 587642.96875, 2331553.59375 ], [ 587639.6875, 2331557.8125 ], [ 587633.59375, 2331562.96875 ], [ 587608.75, 2331575.625 ], [ 587604.6875, 2331579.0625 ], [ 587600.9375, 2331586.5625 ], [ 587599.6875, 2331600.3125 ], [ 587596.875, 2331608.75 ], [ 587593.4375, 2331612.8125 ], [ 587584.21875, 2331618.59375 ], [ 587578.59375, 2331624.21875 ], [ 587561.40625, 2331655.78125 ], [ 587553.59375, 2331662.96875 ], [ 587528.75, 2331675.625 ], [ 587522.1875, 2331680.3125 ], [ 587517.03125, 2331686.40625 ], [ 587504.375, 2331711.25 ], [ 587500.9375, 2331715.3125 ], [ 587493.4375, 2331719.0625 ], [ 587479.6875, 2331720.3125 ], [ 587473.75, 2331721.875 ], [ 587469.0625, 2331724.6875 ], [ 587465.625, 2331728.75 ], [ 587462.34375, 2331736.71875 ], [ 587460.46875, 2331746.09375 ], [ 587460.0, 2331816.875 ], [ 587459.0625, 2331823.4375 ], [ 587455.3125, 2331830.9375 ], [ 587451.25, 2331834.375 ], [ 587444.21875, 2331838.59375 ], [ 587438.59375, 2331844.21875 ], [ 587435.625, 2331848.75 ], [ 587424.375, 2331871.25 ], [ 587417.8125, 2331879.6875 ], [ 587411.25, 2331884.375 ], [ 587386.40625, 2331897.03125 ], [ 587378.59375, 2331904.21875 ], [ 587375.625, 2331908.75 ], [ 587344.375, 2331971.25 ], [ 587339.6875, 2331977.8125 ], [ 587333.59375, 2331982.96875 ], [ 587308.75, 2331995.625 ], [ 587302.1875, 2332000.3125 ], [ 587297.03125, 2332006.40625 ], [ 587284.375, 2332031.25 ], [ 587279.6875, 2332037.8125 ], [ 587273.59375, 2332042.96875 ], [ 587248.75, 2332055.625 ], [ 587242.1875, 2332060.3125 ], [ 587235.625, 2332068.75 ], [ 587222.96875, 2332093.59375 ], [ 587215.78125, 2332101.40625 ], [ 587211.25, 2332104.375 ], [ 587148.75, 2332135.625 ], [ 587144.21875, 2332138.59375 ], [ 587137.03125, 2332146.40625 ], [ 587124.375, 2332171.25 ], [ 587120.9375, 2332175.3125 ], [ 587113.4375, 2332179.0625 ], [ 587099.6875, 2332180.3125 ], [ 587091.25, 2332183.125 ], [ 587087.1875, 2332186.5625 ], [ 587082.96875, 2332193.59375 ], [ 587077.8125, 2332199.6875 ], [ 587071.25, 2332204.375 ], [ 587048.75, 2332215.625 ], [ 587044.21875, 2332218.59375 ], [ 587038.59375, 2332224.21875 ], [ 587032.8125, 2332233.4375 ], [ 587028.75, 2332236.875 ], [ 587023.4375, 2332239.0625 ], [ 587009.6875, 2332240.3125 ], [ 587003.75, 2332241.875 ], [ 586999.0625, 2332244.6875 ], [ 586992.8125, 2332253.4375 ], [ 586986.25, 2332258.125 ], [ 586980.3125, 2332259.6875 ], [ 586966.09375, 2332260.46875 ], [ 586956.71875, 2332262.34375 ], [ 586951.25, 2332264.375 ], [ 586928.75, 2332275.625 ], [ 586924.21875, 2332278.59375 ], [ 586917.03125, 2332286.40625 ], [ 586904.375, 2332311.25 ], [ 586897.8125, 2332319.6875 ], [ 586891.25, 2332324.375 ], [ 586868.75, 2332335.625 ], [ 586864.21875, 2332338.59375 ], [ 586858.59375, 2332344.21875 ], [ 586852.8125, 2332353.4375 ], [ 586848.75, 2332356.875 ], [ 586840.3125, 2332359.6875 ], [ 586826.5625, 2332360.9375 ], [ 586819.0625, 2332364.6875 ], [ 586815.625, 2332368.75 ], [ 586804.375, 2332391.25 ], [ 586798.75, 2332396.875 ], [ 586793.4375, 2332399.0625 ], [ 586779.6875, 2332400.3125 ], [ 586771.25, 2332403.125 ], [ 586767.1875, 2332406.5625 ], [ 586761.40625, 2332415.78125 ], [ 586755.78125, 2332421.40625 ], [ 586724.21875, 2332438.59375 ], [ 586717.03125, 2332446.40625 ], [ 586704.375, 2332471.25 ], [ 586698.75, 2332476.875 ], [ 586693.4375, 2332479.0625 ], [ 586686.875, 2332480.0 ], [ 586646.09375, 2332480.46875 ], [ 586639.6875, 2332481.5625 ], [ 586631.25, 2332484.375 ], [ 586586.5625, 2332507.1875 ], [ 586583.125, 2332511.25 ], [ 586580.9375, 2332516.5625 ], [ 586579.6875, 2332530.3125 ], [ 586578.125, 2332536.25 ], [ 586575.3125, 2332540.9375 ], [ 586571.25, 2332544.375 ], [ 586548.75, 2332555.625 ], [ 586543.28125, 2332557.65625 ], [ 586533.90625, 2332559.53125 ], [ 586519.6875, 2332560.3125 ], [ 586513.75, 2332561.875 ], [ 586507.1875, 2332566.5625 ], [ 586501.40625, 2332575.78125 ], [ 586495.78125, 2332581.40625 ], [ 586491.25, 2332584.375 ], [ 586466.09375, 2332596.71875 ], [ 586460.3125, 2332598.4375 ], [ 586450.46875, 2332599.84375 ], [ 586413.125, 2332600.0 ], [ 586409.84375, 2332600.46875 ], [ 586404.6875, 2332602.8125 ], [ 586401.40625, 2332607.03125 ], [ 586400.0, 2332613.125 ], [ 586400.0, 2332646.875 ], [ 586398.4375, 2332660.3125 ], [ 586395.625, 2332668.75 ], [ 586384.375, 2332691.25 ], [ 586379.6875, 2332697.8125 ], [ 586373.59375, 2332702.96875 ], [ 586348.75, 2332715.625 ], [ 586342.1875, 2332720.3125 ], [ 586335.625, 2332728.75 ], [ 586324.375, 2332751.25 ], [ 586318.75, 2332756.875 ], [ 586313.4375, 2332759.0625 ], [ 586299.6875, 2332760.3125 ], [ 586291.25, 2332763.125 ], [ 586287.1875, 2332766.5625 ], [ 586279.6875, 2332777.8125 ], [ 586273.59375, 2332782.96875 ], [ 586208.75, 2332815.625 ], [ 586202.1875, 2332820.3125 ], [ 586195.625, 2332828.75 ], [ 586184.375, 2332851.25 ], [ 586181.40625, 2332855.78125 ], [ 586175.78125, 2332861.40625 ], [ 586166.5625, 2332867.1875 ], [ 586163.125, 2332871.25 ], [ 586160.3125, 2332879.6875 ], [ 586159.0625, 2332893.4375 ], [ 586155.3125, 2332900.9375 ], [ 586151.25, 2332904.375 ], [ 586128.75, 2332915.625 ], [ 586124.21875, 2332918.59375 ], [ 586118.59375, 2332924.21875 ], [ 586112.8125, 2332933.4375 ], [ 586108.75, 2332936.875 ], [ 586100.3125, 2332939.6875 ], [ 586086.5625, 2332940.9375 ], [ 586079.0625, 2332944.6875 ], [ 586075.625, 2332948.75 ], [ 586062.8125, 2332973.4375 ], [ 586056.25, 2332978.125 ], [ 586050.3125, 2332979.6875 ], [ 586036.5625, 2332980.9375 ], [ 586029.0625, 2332984.6875 ], [ 586025.625, 2332988.75 ], [ 586014.375, 2333011.25 ], [ 586008.75, 2333016.875 ], [ 586000.3125, 2333019.6875 ], [ 585986.09375, 2333020.46875 ], [ 585976.71875, 2333022.34375 ], [ 585971.25, 2333024.375 ], [ 585948.75, 2333035.625 ], [ 585944.21875, 2333038.59375 ], [ 585938.59375, 2333044.21875 ], [ 585935.625, 2333048.75 ], [ 585924.375, 2333071.25 ], [ 585918.75, 2333076.875 ], [ 585913.4375, 2333079.0625 ], [ 585899.6875, 2333080.3125 ], [ 585893.75, 2333081.875 ], [ 585889.0625, 2333084.6875 ], [ 585879.6875, 2333097.8125 ], [ 585871.25, 2333104.375 ], [ 585806.09375, 2333136.71875 ], [ 585797.1875, 2333139.0625 ], [ 585779.6875, 2333140.3125 ], [ 585773.75, 2333141.875 ], [ 585769.0625, 2333144.6875 ], [ 585762.8125, 2333153.4375 ], [ 585758.75, 2333156.875 ], [ 585753.4375, 2333159.0625 ], [ 585739.6875, 2333160.3125 ], [ 585733.75, 2333161.875 ], [ 585729.0625, 2333164.6875 ], [ 585722.8125, 2333173.4375 ], [ 585718.75, 2333176.875 ], [ 585713.4375, 2333179.0625 ], [ 585699.6875, 2333180.3125 ], [ 585693.75, 2333181.875 ], [ 585689.0625, 2333184.6875 ], [ 585682.8125, 2333193.4375 ], [ 585676.25, 2333198.125 ], [ 585666.875, 2333200.0 ], [ 585573.125, 2333200.0 ], [ 585569.84375, 2333200.46875 ], [ 585564.6875, 2333202.8125 ], [ 585561.40625, 2333207.03125 ], [ 585560.0, 2333213.125 ], [ 585559.6875, 2333280.3125 ], [ 585556.875, 2333288.75 ], [ 585551.25, 2333294.375 ], [ 585540.3125, 2333298.4375 ], [ 585526.875, 2333300.0 ], [ 585373.125, 2333300.0 ], [ 585366.09375, 2333300.46875 ], [ 585356.71875, 2333302.34375 ], [ 585351.25, 2333304.375 ], [ 585248.75, 2333355.625 ], [ 585242.1875, 2333360.3125 ], [ 585238.59375, 2333364.21875 ], [ 585232.8125, 2333373.4375 ], [ 585226.25, 2333378.125 ], [ 585216.875, 2333380.0 ], [ 585183.125, 2333380.0 ], [ 585173.75, 2333381.875 ], [ 585169.0625, 2333384.6875 ], [ 585159.6875, 2333397.8125 ], [ 585151.25, 2333404.375 ], [ 585128.75, 2333415.625 ], [ 585123.28125, 2333417.65625 ], [ 585113.90625, 2333419.53125 ], [ 585099.6875, 2333420.3125 ], [ 585093.75, 2333421.875 ], [ 585089.0625, 2333424.6875 ], [ 585082.8125, 2333433.4375 ], [ 585078.75, 2333436.875 ], [ 585073.4375, 2333439.0625 ], [ 585059.6875, 2333440.3125 ], [ 585053.75, 2333441.875 ], [ 585049.0625, 2333444.6875 ], [ 585042.8125, 2333453.4375 ], [ 585036.25, 2333458.125 ], [ 585026.875, 2333460.0 ], [ 584959.6875, 2333460.3125 ], [ 584951.25, 2333463.125 ], [ 584947.1875, 2333466.5625 ], [ 584940.9375, 2333475.3125 ], [ 584933.4375, 2333479.0625 ], [ 584926.875, 2333480.0 ], [ 584889.53125, 2333480.15625 ], [ 584876.71875, 2333482.34375 ], [ 584871.25, 2333484.375 ], [ 584846.40625, 2333497.03125 ], [ 584838.59375, 2333504.21875 ], [ 584832.8125, 2333513.4375 ], [ 584826.25, 2333518.125 ], [ 584820.3125, 2333519.6875 ], [ 584802.8125, 2333520.9375 ], [ 584793.90625, 2333523.28125 ], [ 584726.09375, 2333556.71875 ], [ 584720.3125, 2333558.4375 ], [ 584710.46875, 2333559.84375 ], [ 584673.125, 2333560.0 ], [ 584669.84375, 2333560.46875 ], [ 584664.6875, 2333562.8125 ], [ 584661.40625, 2333567.03125 ], [ 584660.0, 2333573.125 ], [ 584660.0, 2333666.875 ], [ 584661.40625, 2333672.96875 ], [ 584662.8125, 2333675.3125 ], [ 584667.03125, 2333678.59375 ], [ 584669.84375, 2333679.53125 ], [ 584683.4375, 2333680.9375 ], [ 584690.9375, 2333684.6875 ], [ 584694.375, 2333688.75 ], [ 584697.65625, 2333696.71875 ], [ 584699.84375, 2333709.53125 ], [ 584700.0, 2333746.875 ], [ 584699.53125, 2333750.15625 ], [ 584697.1875, 2333755.3125 ], [ 584695.3125, 2333757.1875 ], [ 584690.15625, 2333759.53125 ], [ 584653.125, 2333760.0 ], [ 584646.5625, 2333759.0625 ], [ 584639.0625, 2333755.3125 ], [ 584632.8125, 2333746.5625 ], [ 584628.75, 2333743.125 ], [ 584620.3125, 2333740.3125 ], [ 584606.5625, 2333739.0625 ], [ 584601.25, 2333736.875 ], [ 584597.1875, 2333733.4375 ], [ 584584.375, 2333708.75 ], [ 584581.5625, 2333700.3125 ], [ 584580.15625, 2333690.46875 ], [ 584580.0, 2333653.125 ], [ 584579.0625, 2333642.8125 ], [ 584577.65625, 2333636.71875 ], [ 584574.375, 2333628.75 ], [ 584568.75, 2333623.125 ], [ 584563.4375, 2333620.9375 ], [ 584556.875, 2333620.0 ], [ 584459.6875, 2333620.3125 ], [ 584453.75, 2333621.875 ], [ 584447.1875, 2333626.5625 ], [ 584434.375, 2333651.25 ], [ 584430.9375, 2333655.3125 ], [ 584426.25, 2333658.125 ], [ 584416.875, 2333660.0 ], [ 584383.125, 2333660.0 ], [ 584376.5625, 2333660.9375 ], [ 584369.0625, 2333664.6875 ], [ 584360.9375, 2333675.3125 ], [ 584356.25, 2333678.125 ], [ 584350.3125, 2333679.6875 ], [ 584283.125, 2333680.0 ], [ 584276.5625, 2333680.9375 ], [ 584271.25, 2333683.125 ], [ 584265.625, 2333688.75 ], [ 584214.375, 2333791.25 ], [ 584210.9375, 2333795.3125 ], [ 584206.25, 2333798.125 ], [ 584196.875, 2333800.0 ], [ 584133.125, 2333800.0 ], [ 584126.09375, 2333800.46875 ], [ 584116.71875, 2333802.34375 ], [ 584111.25, 2333804.375 ], [ 584086.40625, 2333817.03125 ], [ 584080.3125, 2333822.1875 ], [ 584070.9375, 2333835.3125 ], [ 584063.4375, 2333839.0625 ], [ 584056.875, 2333840.0 ], [ 583993.125, 2333840.0 ], [ 583982.8125, 2333840.9375 ], [ 583971.25, 2333844.375 ], [ 583946.09375, 2333856.71875 ], [ 583933.90625, 2333859.53125 ], [ 583859.6875, 2333860.3125 ], [ 583851.25, 2333863.125 ], [ 583847.1875, 2333866.5625 ], [ 583840.9375, 2333875.3125 ], [ 583836.25, 2333878.125 ], [ 583830.3125, 2333879.6875 ], [ 583609.53125, 2333880.15625 ], [ 583602.8125, 2333880.9375 ], [ 583593.90625, 2333883.28125 ], [ 583566.09375, 2333896.71875 ], [ 583553.90625, 2333899.53125 ], [ 583393.125, 2333900.0 ], [ 583386.5625, 2333899.0625 ], [ 583381.25, 2333896.875 ], [ 583377.1875, 2333893.4375 ], [ 583370.9375, 2333884.6875 ], [ 583366.25, 2333881.875 ], [ 583360.3125, 2333880.3125 ], [ 583173.125, 2333880.0 ], [ 583166.09375, 2333879.53125 ], [ 583156.71875, 2333877.65625 ], [ 583123.28125, 2333862.34375 ], [ 583113.90625, 2333860.46875 ], [ 583099.6875, 2333859.6875 ], [ 583093.75, 2333858.125 ], [ 583089.0625, 2333855.3125 ], [ 583082.8125, 2333846.5625 ], [ 583076.25, 2333841.875 ], [ 583066.875, 2333840.0 ], [ 583033.125, 2333840.0 ], [ 583026.5625, 2333839.0625 ], [ 583019.0625, 2333835.3125 ], [ 583012.8125, 2333826.5625 ], [ 583006.25, 2333821.875 ], [ 583000.3125, 2333820.3125 ], [ 582986.09375, 2333819.53125 ], [ 582976.71875, 2333817.65625 ], [ 582943.28125, 2333802.34375 ], [ 582930.46875, 2333800.15625 ], [ 582893.125, 2333800.0 ], [ 582883.75, 2333798.125 ], [ 582879.0625, 2333795.3125 ], [ 582875.625, 2333791.25 ], [ 582864.375, 2333768.75 ], [ 582860.9375, 2333764.6875 ], [ 582853.4375, 2333760.9375 ], [ 582839.6875, 2333759.6875 ], [ 582833.75, 2333758.125 ], [ 582827.1875, 2333753.4375 ], [ 582820.9375, 2333744.6875 ], [ 582813.4375, 2333740.9375 ], [ 582806.875, 2333740.0 ], [ 582769.53125, 2333739.84375 ], [ 582756.71875, 2333737.65625 ], [ 582751.25, 2333735.625 ], [ 582688.75, 2333704.375 ], [ 582677.1875, 2333700.9375 ], [ 582666.875, 2333700.0 ], [ 582573.125, 2333700.0 ], [ 582563.75, 2333698.125 ], [ 582559.0625, 2333695.3125 ], [ 582555.625, 2333691.25 ], [ 582542.8125, 2333666.5625 ], [ 582538.75, 2333663.125 ], [ 582533.4375, 2333660.9375 ], [ 582526.875, 2333660.0 ], [ 582249.6875, 2333659.6875 ], [ 582243.75, 2333658.125 ], [ 582239.0625, 2333655.3125 ], [ 582232.8125, 2333646.5625 ], [ 582226.25, 2333641.875 ], [ 582220.3125, 2333640.3125 ], [ 582206.09375, 2333639.53125 ], [ 582196.71875, 2333637.65625 ], [ 582191.25, 2333635.625 ], [ 582168.75, 2333624.375 ], [ 582160.3125, 2333621.5625 ], [ 582146.875, 2333620.0 ], [ 582049.6875, 2333619.6875 ], [ 582041.25, 2333616.875 ], [ 582037.1875, 2333613.4375 ], [ 582030.9375, 2333604.6875 ], [ 582023.4375, 2333600.9375 ], [ 582016.875, 2333600.0 ], [ 581983.125, 2333600.0 ], [ 581976.5625, 2333599.0625 ], [ 581969.0625, 2333595.3125 ], [ 581962.8125, 2333586.5625 ], [ 581958.75, 2333583.125 ], [ 581953.4375, 2333580.9375 ], [ 581939.6875, 2333579.6875 ], [ 581933.75, 2333578.125 ], [ 581929.0625, 2333575.3125 ], [ 581922.8125, 2333566.5625 ], [ 581918.75, 2333563.125 ], [ 581913.4375, 2333560.9375 ], [ 581906.875, 2333560.0 ], [ 581783.125, 2333560.0 ], [ 581776.5625, 2333560.9375 ], [ 581771.25, 2333563.125 ], [ 581767.1875, 2333566.5625 ], [ 581760.9375, 2333575.3125 ], [ 581753.4375, 2333579.0625 ], [ 581746.875, 2333580.0 ], [ 581683.125, 2333580.0 ], [ 581676.5625, 2333579.0625 ], [ 581671.25, 2333576.875 ], [ 581667.1875, 2333573.4375 ], [ 581661.40625, 2333564.21875 ], [ 581655.78125, 2333558.59375 ], [ 581651.25, 2333555.625 ], [ 581626.09375, 2333543.28125 ], [ 581620.3125, 2333541.5625 ], [ 581610.46875, 2333540.15625 ], [ 581566.09375, 2333540.46875 ], [ 581553.90625, 2333543.28125 ], [ 581528.75, 2333555.625 ], [ 581517.1875, 2333559.0625 ], [ 581506.875, 2333560.0 ], [ 581409.6875, 2333560.3125 ], [ 581401.25, 2333563.125 ], [ 581397.1875, 2333566.5625 ], [ 581390.9375, 2333575.3125 ], [ 581383.4375, 2333579.0625 ], [ 581376.875, 2333580.0 ], [ 581313.125, 2333580.0 ], [ 581302.8125, 2333580.9375 ], [ 581293.90625, 2333583.28125 ], [ 581268.75, 2333595.625 ], [ 581260.3125, 2333598.4375 ], [ 581250.46875, 2333599.84375 ], [ 581213.125, 2333600.0 ], [ 581202.8125, 2333600.9375 ], [ 581193.90625, 2333603.28125 ], [ 581168.75, 2333615.625 ], [ 581160.3125, 2333618.4375 ], [ 581150.46875, 2333619.84375 ], [ 581113.125, 2333620.0 ], [ 581106.5625, 2333620.9375 ], [ 581099.0625, 2333624.6875 ], [ 581092.8125, 2333633.4375 ], [ 581086.25, 2333638.125 ], [ 581080.3125, 2333639.6875 ], [ 581066.09375, 2333640.46875 ], [ 581056.71875, 2333642.34375 ], [ 581023.28125, 2333657.65625 ], [ 581010.46875, 2333659.84375 ], [ 580973.125, 2333660.0 ], [ 580959.6875, 2333661.5625 ], [ 580951.25, 2333664.375 ], [ 580928.75, 2333675.625 ], [ 580917.1875, 2333679.0625 ], [ 580906.875, 2333680.0 ], [ 580873.125, 2333680.0 ], [ 580867.03125, 2333678.59375 ], [ 580862.8125, 2333675.3125 ], [ 580861.40625, 2333672.96875 ], [ 580860.0, 2333666.875 ], [ 580860.0, 2333633.125 ], [ 580861.875, 2333623.75 ], [ 580864.6875, 2333619.0625 ], [ 580868.75, 2333615.625 ], [ 580893.90625, 2333603.28125 ], [ 580902.8125, 2333600.9375 ], [ 580913.125, 2333600.0 ], [ 581006.875, 2333600.0 ], [ 581020.3125, 2333598.4375 ], [ 581028.75, 2333595.625 ], [ 581091.25, 2333564.375 ], [ 581099.6875, 2333557.8125 ], [ 581109.0625, 2333544.6875 ], [ 581116.5625, 2333540.9375 ], [ 581123.125, 2333540.0 ], [ 581156.875, 2333540.0 ], [ 581163.4375, 2333539.0625 ], [ 581170.9375, 2333535.3125 ], [ 581179.0625, 2333524.6875 ], [ 581183.75, 2333521.875 ], [ 581189.6875, 2333520.3125 ], [ 581256.875, 2333520.0 ], [ 581263.4375, 2333519.0625 ], [ 581270.9375, 2333515.3125 ], [ 581274.375, 2333511.25 ], [ 581277.65625, 2333503.28125 ], [ 581279.0625, 2333497.1875 ], [ 581280.0, 2333486.875 ], [ 581279.53125, 2333446.09375 ], [ 581277.65625, 2333436.71875 ], [ 581274.375, 2333428.75 ], [ 581268.75, 2333423.125 ], [ 581260.3125, 2333420.3125 ], [ 581223.125, 2333420.0 ], [ 581213.75, 2333418.125 ], [ 581207.1875, 2333413.4375 ], [ 581200.9375, 2333404.6875 ], [ 581196.25, 2333401.875 ], [ 581190.3125, 2333400.3125 ], [ 581029.6875, 2333399.6875 ], [ 581023.75, 2333398.125 ], [ 581019.0625, 2333395.3125 ], [ 581012.8125, 2333386.5625 ], [ 581008.75, 2333383.125 ], [ 581003.4375, 2333380.9375 ], [ 580996.875, 2333380.0 ], [ 580843.125, 2333380.0 ], [ 580836.5625, 2333380.9375 ], [ 580831.25, 2333383.125 ], [ 580827.1875, 2333386.5625 ], [ 580820.9375, 2333395.3125 ], [ 580813.4375, 2333399.0625 ], [ 580806.875, 2333400.0 ], [ 580773.125, 2333400.0 ], [ 580763.75, 2333401.875 ], [ 580757.1875, 2333406.5625 ], [ 580750.9375, 2333415.3125 ], [ 580746.25, 2333418.125 ], [ 580740.3125, 2333419.6875 ], [ 580489.53125, 2333420.15625 ], [ 580482.8125, 2333420.9375 ], [ 580473.90625, 2333423.28125 ], [ 580446.09375, 2333436.71875 ], [ 580433.90625, 2333439.53125 ], [ 580269.6875, 2333440.3125 ], [ 580261.25, 2333443.125 ], [ 580257.1875, 2333446.5625 ], [ 580250.9375, 2333455.3125 ], [ 580246.25, 2333458.125 ], [ 580240.3125, 2333459.6875 ], [ 580109.6875, 2333460.3125 ], [ 580101.25, 2333463.125 ], [ 580097.1875, 2333466.5625 ], [ 580090.9375, 2333475.3125 ], [ 580086.25, 2333478.125 ], [ 580080.3125, 2333479.6875 ], [ 580013.125, 2333480.0 ], [ 580006.09375, 2333480.46875 ], [ 579996.71875, 2333482.34375 ], [ 579963.28125, 2333497.65625 ], [ 579953.90625, 2333499.53125 ], [ 579939.6875, 2333500.3125 ], [ 579933.75, 2333501.875 ], [ 579927.1875, 2333506.5625 ], [ 579920.9375, 2333515.3125 ], [ 579913.4375, 2333519.0625 ], [ 579906.875, 2333520.0 ], [ 579809.6875, 2333520.3125 ], [ 579801.25, 2333523.125 ], [ 579797.1875, 2333526.5625 ], [ 579790.9375, 2333535.3125 ], [ 579783.4375, 2333539.0625 ], [ 579776.875, 2333540.0 ], [ 579743.125, 2333540.0 ], [ 579733.75, 2333541.875 ], [ 579727.1875, 2333546.5625 ], [ 579720.9375, 2333555.3125 ], [ 579713.4375, 2333559.0625 ], [ 579706.875, 2333560.0 ], [ 579643.125, 2333560.0 ], [ 579636.5625, 2333560.9375 ], [ 579629.0625, 2333564.6875 ], [ 579622.8125, 2333573.4375 ], [ 579616.25, 2333578.125 ], [ 579606.875, 2333580.0 ], [ 579569.53125, 2333580.15625 ], [ 579556.71875, 2333582.34375 ], [ 579551.25, 2333584.375 ], [ 579488.75, 2333615.625 ], [ 579483.28125, 2333617.65625 ], [ 579470.46875, 2333619.84375 ], [ 579433.125, 2333620.0 ], [ 579426.5625, 2333620.9375 ], [ 579419.0625, 2333624.6875 ], [ 579412.8125, 2333633.4375 ], [ 579406.25, 2333638.125 ], [ 579396.875, 2333640.0 ], [ 579363.125, 2333640.0 ], [ 579356.5625, 2333640.9375 ], [ 579349.0625, 2333644.6875 ], [ 579340.9375, 2333655.3125 ], [ 579336.25, 2333658.125 ], [ 579330.3125, 2333659.6875 ], [ 579263.125, 2333660.0 ], [ 579256.5625, 2333660.9375 ], [ 579249.0625, 2333664.6875 ], [ 579242.8125, 2333673.4375 ], [ 579236.25, 2333678.125 ], [ 579226.875, 2333680.0 ], [ 579189.53125, 2333680.15625 ], [ 579176.71875, 2333682.34375 ], [ 579171.25, 2333684.375 ], [ 579108.75, 2333715.625 ], [ 579100.3125, 2333718.4375 ], [ 579086.875, 2333720.0 ], [ 579023.125, 2333720.0 ], [ 579016.5625, 2333720.9375 ], [ 579009.0625, 2333724.6875 ], [ 579002.8125, 2333733.4375 ], [ 578996.25, 2333738.125 ], [ 578986.875, 2333740.0 ], [ 578953.125, 2333740.0 ], [ 578946.5625, 2333740.9375 ], [ 578939.0625, 2333744.6875 ], [ 578930.9375, 2333755.3125 ], [ 578926.25, 2333758.125 ], [ 578920.3125, 2333759.6875 ], [ 578819.6875, 2333760.3125 ], [ 578811.25, 2333763.125 ], [ 578807.1875, 2333766.5625 ], [ 578800.9375, 2333775.3125 ], [ 578793.4375, 2333779.0625 ], [ 578786.875, 2333780.0 ], [ 578689.6875, 2333780.3125 ], [ 578683.75, 2333781.875 ], [ 578679.0625, 2333784.6875 ], [ 578672.8125, 2333793.4375 ], [ 578668.75, 2333796.875 ], [ 578663.4375, 2333799.0625 ], [ 578656.875, 2333800.0 ], [ 578469.53125, 2333800.15625 ], [ 578456.71875, 2333802.34375 ], [ 578426.09375, 2333816.71875 ], [ 578420.3125, 2333818.4375 ], [ 578410.46875, 2333819.84375 ], [ 578219.6875, 2333820.3125 ], [ 578213.75, 2333821.875 ], [ 578209.0625, 2333824.6875 ], [ 578202.8125, 2333833.4375 ], [ 578198.75, 2333836.875 ], [ 578193.4375, 2333839.0625 ], [ 578186.875, 2333840.0 ], [ 578153.125, 2333840.0 ], [ 578139.6875, 2333838.4375 ], [ 578131.25, 2333835.625 ], [ 578106.09375, 2333823.28125 ], [ 578100.3125, 2333821.5625 ], [ 578090.46875, 2333820.15625 ], [ 577959.6875, 2333820.3125 ], [ 577953.75, 2333821.875 ], [ 577949.0625, 2333824.6875 ], [ 577939.6875, 2333837.8125 ], [ 577931.25, 2333844.375 ], [ 577866.09375, 2333876.71875 ], [ 577857.1875, 2333879.0625 ], [ 577839.6875, 2333880.3125 ], [ 577833.75, 2333881.875 ], [ 577829.0625, 2333884.6875 ], [ 577822.8125, 2333893.4375 ], [ 577818.75, 2333896.875 ], [ 577813.4375, 2333899.0625 ], [ 577799.6875, 2333900.3125 ], [ 577793.75, 2333901.875 ], [ 577789.0625, 2333904.6875 ], [ 577782.8125, 2333913.4375 ], [ 577778.75, 2333916.875 ], [ 577773.4375, 2333919.0625 ], [ 577759.6875, 2333920.3125 ], [ 577753.75, 2333921.875 ], [ 577749.0625, 2333924.6875 ], [ 577742.8125, 2333933.4375 ], [ 577736.25, 2333938.125 ], [ 577726.875, 2333940.0 ], [ 577693.125, 2333940.0 ], [ 577687.03125, 2333941.40625 ], [ 577682.8125, 2333944.6875 ], [ 577681.40625, 2333947.03125 ], [ 577680.0, 2333953.125 ], [ 577680.0, 2334016.875 ], [ 577679.0625, 2334023.4375 ], [ 577675.3125, 2334030.9375 ], [ 577666.5625, 2334037.1875 ], [ 577663.125, 2334041.25 ], [ 577660.9375, 2334046.5625 ], [ 577660.0, 2334053.125 ], [ 577660.0, 2334266.875 ], [ 577660.9375, 2334273.4375 ], [ 577663.125, 2334278.75 ], [ 577666.5625, 2334282.8125 ], [ 577675.3125, 2334289.0625 ], [ 577678.125, 2334293.75 ], [ 577679.6875, 2334299.6875 ], [ 577680.0, 2334486.875 ], [ 577681.875, 2334496.25 ], [ 577684.6875, 2334500.9375 ], [ 577688.75, 2334504.375 ], [ 577711.25, 2334515.625 ], [ 577719.6875, 2334518.4375 ], [ 577733.125, 2334520.0 ], [ 577773.90625, 2334519.53125 ], [ 577780.3125, 2334518.4375 ], [ 577788.75, 2334515.625 ], [ 577813.59375, 2334502.96875 ], [ 577819.6875, 2334497.8125 ], [ 577827.1875, 2334486.5625 ], [ 577831.25, 2334483.125 ], [ 577836.5625, 2334480.9375 ], [ 577846.875, 2334480.0 ], [ 577860.3125, 2334481.5625 ], [ 577871.25, 2334485.625 ], [ 577876.875, 2334491.25 ], [ 577879.0625, 2334496.5625 ], [ 577880.0, 2334503.125 ], [ 577879.53125, 2334513.90625 ], [ 577876.71875, 2334526.09375 ], [ 577864.375, 2334551.25 ], [ 577860.9375, 2334555.3125 ], [ 577853.4375, 2334559.0625 ], [ 577839.6875, 2334560.3125 ], [ 577833.75, 2334561.875 ], [ 577827.1875, 2334566.5625 ], [ 577820.9375, 2334575.3125 ], [ 577813.4375, 2334579.0625 ], [ 577806.875, 2334580.0 ], [ 577773.125, 2334580.0 ], [ 577763.75, 2334581.875 ], [ 577759.0625, 2334584.6875 ], [ 577755.625, 2334588.75 ], [ 577742.8125, 2334613.4375 ], [ 577736.25, 2334618.125 ], [ 577726.875, 2334620.0 ], [ 577693.125, 2334620.0 ], [ 577686.5625, 2334619.0625 ], [ 577681.25, 2334616.875 ], [ 577675.625, 2334611.25 ], [ 577664.375, 2334588.75 ], [ 577660.9375, 2334584.6875 ], [ 577653.4375, 2334580.9375 ], [ 577639.6875, 2334579.6875 ], [ 577631.25, 2334576.875 ], [ 577627.1875, 2334573.4375 ], [ 577621.40625, 2334564.21875 ], [ 577615.78125, 2334558.59375 ], [ 577611.25, 2334555.625 ], [ 577588.75, 2334544.375 ], [ 577583.125, 2334538.75 ], [ 577580.3125, 2334530.3125 ], [ 577580.0, 2334493.125 ], [ 577578.125, 2334483.75 ], [ 577575.3125, 2334479.0625 ], [ 577566.5625, 2334472.8125 ], [ 577563.125, 2334468.75 ], [ 577560.9375, 2334463.4375 ], [ 577559.6875, 2334449.6875 ], [ 577558.125, 2334443.75 ], [ 577553.4375, 2334437.1875 ], [ 577544.6875, 2334430.9375 ], [ 577541.875, 2334426.25 ], [ 577540.3125, 2334420.3125 ], [ 577540.0, 2334203.125 ], [ 577539.0625, 2334196.5625 ], [ 577536.875, 2334191.25 ], [ 577531.25, 2334185.625 ], [ 577488.75, 2334164.375 ], [ 577484.6875, 2334160.9375 ], [ 577480.9375, 2334153.4375 ], [ 577479.6875, 2334139.6875 ], [ 577476.875, 2334131.25 ], [ 577471.25, 2334125.625 ], [ 577448.75, 2334114.375 ], [ 577444.6875, 2334110.9375 ], [ 577440.9375, 2334103.4375 ], [ 577440.0, 2334093.125 ], [ 577438.59375, 2334087.03125 ], [ 577437.1875, 2334084.6875 ], [ 577432.96875, 2334081.40625 ], [ 577426.875, 2334080.0 ], [ 577419.6875, 2334079.6875 ], [ 577413.75, 2334078.125 ], [ 577407.1875, 2334073.4375 ], [ 577400.9375, 2334064.6875 ], [ 577396.25, 2334061.875 ], [ 577390.3125, 2334060.3125 ], [ 577323.125, 2334060.0 ], [ 577316.5625, 2334060.9375 ], [ 577311.25, 2334063.125 ], [ 577307.1875, 2334066.5625 ], [ 577300.9375, 2334075.3125 ], [ 577293.4375, 2334079.0625 ], [ 577286.875, 2334080.0 ], [ 577249.53125, 2334080.15625 ], [ 577239.6875, 2334081.5625 ], [ 577231.25, 2334084.375 ], [ 577206.09375, 2334096.71875 ], [ 577200.3125, 2334098.4375 ], [ 577190.46875, 2334099.84375 ], [ 577119.6875, 2334099.6875 ], [ 577113.75, 2334098.125 ], [ 577109.0625, 2334095.3125 ], [ 577102.8125, 2334086.5625 ], [ 577098.75, 2334083.125 ], [ 577093.4375, 2334080.9375 ], [ 577086.875, 2334080.0 ], [ 576933.125, 2334080.0 ], [ 576926.5625, 2334080.9375 ], [ 576921.25, 2334083.125 ], [ 576917.1875, 2334086.5625 ], [ 576910.9375, 2334095.3125 ], [ 576903.4375, 2334099.0625 ], [ 576896.875, 2334100.0 ], [ 576833.125, 2334100.0 ], [ 576826.5625, 2334100.9375 ], [ 576821.25, 2334103.125 ], [ 576815.625, 2334108.75 ], [ 576802.8125, 2334133.4375 ], [ 576796.25, 2334138.125 ], [ 576790.3125, 2334139.6875 ], [ 576776.5625, 2334140.9375 ], [ 576769.0625, 2334144.6875 ], [ 576765.625, 2334148.75 ], [ 576754.375, 2334171.25 ], [ 576748.75, 2334176.875 ], [ 576743.4375, 2334179.0625 ], [ 576736.875, 2334180.0 ], [ 576699.6875, 2334180.3125 ], [ 576693.75, 2334181.875 ], [ 576689.0625, 2334184.6875 ], [ 576679.6875, 2334197.8125 ], [ 576675.78125, 2334201.40625 ], [ 576666.5625, 2334207.1875 ], [ 576663.125, 2334211.25 ], [ 576660.3125, 2334219.6875 ], [ 576659.53125, 2334230.15625 ], [ 576658.59375, 2334232.96875 ], [ 576655.3125, 2334237.1875 ], [ 576652.96875, 2334238.59375 ], [ 576646.875, 2334240.0 ], [ 576613.125, 2334240.0 ], [ 576602.8125, 2334240.9375 ], [ 576593.90625, 2334243.28125 ], [ 576586.5625, 2334247.1875 ], [ 576583.125, 2334251.25 ], [ 576580.9375, 2334256.5625 ], [ 576579.53125, 2334273.90625 ], [ 576576.71875, 2334286.09375 ], [ 576572.8125, 2334293.4375 ], [ 576568.75, 2334296.875 ], [ 576560.3125, 2334299.6875 ], [ 576523.125, 2334300.0 ], [ 576513.75, 2334301.875 ], [ 576507.1875, 2334306.5625 ], [ 576501.40625, 2334315.78125 ], [ 576493.59375, 2334322.96875 ], [ 576426.40625, 2334357.03125 ], [ 576420.3125, 2334362.1875 ], [ 576412.8125, 2334373.4375 ], [ 576408.75, 2334376.875 ], [ 576400.3125, 2334379.6875 ], [ 576386.5625, 2334380.9375 ], [ 576379.0625, 2334384.6875 ], [ 576375.625, 2334388.75 ], [ 576342.8125, 2334453.4375 ], [ 576338.75, 2334456.875 ], [ 576333.4375, 2334459.0625 ], [ 576319.6875, 2334460.3125 ], [ 576311.25, 2334463.125 ], [ 576307.1875, 2334466.5625 ], [ 576301.40625, 2334475.78125 ], [ 576295.78125, 2334481.40625 ], [ 576291.25, 2334484.375 ], [ 576268.75, 2334495.625 ], [ 576264.6875, 2334499.0625 ], [ 576261.875, 2334503.75 ], [ 576260.3125, 2334509.6875 ], [ 576259.53125, 2334550.15625 ], [ 576258.59375, 2334552.96875 ], [ 576255.3125, 2334557.1875 ], [ 576252.96875, 2334558.59375 ], [ 576246.875, 2334560.0 ], [ 576153.125, 2334560.0 ], [ 576146.5625, 2334560.9375 ], [ 576139.0625, 2334564.6875 ], [ 576132.8125, 2334573.4375 ], [ 576128.75, 2334576.875 ], [ 576120.3125, 2334579.6875 ], [ 576106.5625, 2334580.9375 ], [ 576099.0625, 2334584.6875 ], [ 576095.625, 2334588.75 ], [ 576084.375, 2334611.25 ], [ 576078.75, 2334616.875 ], [ 576070.3125, 2334619.6875 ], [ 576056.5625, 2334620.9375 ], [ 576051.25, 2334623.125 ], [ 576047.1875, 2334626.5625 ], [ 576044.375, 2334631.25 ], [ 576041.5625, 2334639.6875 ], [ 576040.46875, 2334646.09375 ], [ 576039.6875, 2334660.3125 ], [ 576036.875, 2334668.75 ], [ 576033.4375, 2334672.8125 ], [ 576024.21875, 2334678.59375 ], [ 576018.59375, 2334684.21875 ], [ 576001.40625, 2334715.78125 ], [ 575995.78125, 2334721.40625 ], [ 575988.75, 2334725.625 ], [ 575984.6875, 2334729.0625 ], [ 575980.9375, 2334736.5625 ], [ 575980.0, 2334743.125 ], [ 575979.84375, 2334870.46875 ], [ 575977.65625, 2334883.28125 ], [ 575975.625, 2334888.75 ], [ 575972.8125, 2334893.4375 ], [ 575966.25, 2334898.125 ], [ 575956.875, 2334900.0 ], [ 575833.125, 2334900.0 ], [ 575827.03125, 2334901.40625 ], [ 575824.6875, 2334902.8125 ], [ 575821.40625, 2334907.03125 ], [ 575820.46875, 2334909.84375 ], [ 575819.0625, 2334923.4375 ], [ 575816.875, 2334928.75 ], [ 575813.4375, 2334932.8125 ], [ 575802.1875, 2334940.3125 ], [ 575797.03125, 2334946.40625 ], [ 575772.8125, 2334993.4375 ], [ 575766.25, 2334998.125 ], [ 575760.3125, 2334999.6875 ], [ 575746.5625, 2335000.9375 ], [ 575741.25, 2335003.125 ], [ 575737.1875, 2335006.5625 ], [ 575684.375, 2335111.25 ], [ 575680.9375, 2335115.3125 ], [ 575676.25, 2335118.125 ], [ 575670.3125, 2335119.6875 ], [ 575659.6875, 2335120.3125 ], [ 575651.25, 2335123.125 ], [ 575647.1875, 2335126.5625 ], [ 575642.96875, 2335133.59375 ], [ 575637.8125, 2335139.6875 ], [ 575624.6875, 2335149.0625 ], [ 575620.9375, 2335156.5625 ], [ 575619.0625, 2335177.1875 ], [ 575615.625, 2335188.75 ], [ 575604.375, 2335211.25 ], [ 575601.40625, 2335215.78125 ], [ 575595.78125, 2335221.40625 ], [ 575586.5625, 2335227.1875 ], [ 575583.125, 2335231.25 ], [ 575580.9375, 2335236.5625 ], [ 575579.6875, 2335250.3125 ], [ 575576.875, 2335258.75 ], [ 575571.25, 2335264.375 ], [ 575548.75, 2335275.625 ], [ 575544.6875, 2335279.0625 ], [ 575540.9375, 2335286.5625 ], [ 575539.6875, 2335300.3125 ], [ 575536.875, 2335308.75 ], [ 575533.4375, 2335312.8125 ], [ 575522.1875, 2335320.3125 ], [ 575517.03125, 2335326.40625 ], [ 575492.8125, 2335373.4375 ], [ 575486.25, 2335378.125 ], [ 575480.3125, 2335379.6875 ], [ 575469.84375, 2335380.46875 ], [ 575467.03125, 2335381.40625 ], [ 575462.8125, 2335384.6875 ], [ 575460.46875, 2335389.84375 ], [ 575459.6875, 2335400.3125 ], [ 575456.875, 2335408.75 ], [ 575453.4375, 2335412.8125 ], [ 575444.21875, 2335418.59375 ], [ 575438.59375, 2335424.21875 ], [ 575435.625, 2335428.75 ], [ 575402.96875, 2335493.59375 ], [ 575397.8125, 2335499.6875 ], [ 575386.5625, 2335507.1875 ], [ 575383.125, 2335511.25 ], [ 575380.9375, 2335516.5625 ], [ 575379.6875, 2335530.3125 ], [ 575376.875, 2335538.75 ], [ 575371.25, 2335544.375 ], [ 575348.75, 2335555.625 ], [ 575343.125, 2335561.25 ], [ 575340.3125, 2335569.6875 ], [ 575340.0, 2335606.875 ], [ 575338.125, 2335616.25 ], [ 575333.4375, 2335622.8125 ], [ 575306.40625, 2335637.03125 ], [ 575302.1875, 2335640.3125 ], [ 575297.03125, 2335646.40625 ], [ 575284.375, 2335671.25 ], [ 575282.34375, 2335676.71875 ], [ 575280.46875, 2335686.09375 ], [ 575279.6875, 2335700.3125 ], [ 575278.125, 2335706.25 ], [ 575275.3125, 2335710.9375 ], [ 575266.5625, 2335717.1875 ], [ 575261.875, 2335723.75 ], [ 575260.3125, 2335729.6875 ], [ 575259.6875, 2335740.3125 ], [ 575256.875, 2335748.75 ], [ 575253.4375, 2335752.8125 ], [ 575244.21875, 2335758.59375 ], [ 575238.59375, 2335764.21875 ], [ 575235.625, 2335768.75 ], [ 575224.375, 2335791.25 ], [ 575217.8125, 2335799.6875 ], [ 575211.25, 2335804.375 ], [ 575188.75, 2335815.625 ], [ 575184.6875, 2335819.0625 ], [ 575180.9375, 2335826.5625 ], [ 575179.6875, 2335840.3125 ], [ 575176.875, 2335848.75 ], [ 575173.4375, 2335852.8125 ], [ 575164.21875, 2335858.59375 ], [ 575158.59375, 2335864.21875 ], [ 575155.625, 2335868.75 ], [ 575144.375, 2335891.25 ], [ 575139.6875, 2335897.8125 ], [ 575131.25, 2335904.375 ], [ 575088.75, 2335925.625 ], [ 575084.6875, 2335929.0625 ], [ 575080.9375, 2335936.5625 ], [ 575079.53125, 2335953.90625 ], [ 575076.71875, 2335966.09375 ], [ 575052.8125, 2336013.4375 ], [ 575046.25, 2336018.125 ], [ 575040.3125, 2336019.6875 ], [ 575026.5625, 2336020.9375 ], [ 575019.0625, 2336024.6875 ], [ 575015.625, 2336028.75 ], [ 574984.375, 2336091.25 ], [ 574981.40625, 2336095.78125 ], [ 574973.59375, 2336102.96875 ], [ 574948.75, 2336115.625 ], [ 574943.125, 2336121.25 ], [ 574940.3125, 2336129.6875 ], [ 574940.0, 2336166.875 ], [ 574938.125, 2336176.25 ], [ 574935.3125, 2336180.9375 ], [ 574926.5625, 2336187.1875 ], [ 574923.125, 2336191.25 ], [ 574920.9375, 2336196.5625 ], [ 574919.6875, 2336210.3125 ], [ 574918.125, 2336216.25 ], [ 574913.4375, 2336222.8125 ], [ 574904.6875, 2336229.0625 ], [ 574900.9375, 2336236.5625 ], [ 574900.0, 2336243.125 ], [ 574900.0, 2336276.875 ], [ 574898.125, 2336286.25 ], [ 574895.3125, 2336290.9375 ], [ 574886.5625, 2336297.1875 ], [ 574883.125, 2336301.25 ], [ 574880.9375, 2336306.5625 ], [ 574879.6875, 2336320.3125 ], [ 574878.125, 2336326.25 ], [ 574875.3125, 2336330.9375 ], [ 574866.5625, 2336337.1875 ], [ 574863.125, 2336341.25 ], [ 574860.9375, 2336346.5625 ], [ 574859.6875, 2336360.3125 ], [ 574858.125, 2336366.25 ], [ 574855.3125, 2336370.9375 ], [ 574846.5625, 2336377.1875 ], [ 574843.125, 2336381.25 ], [ 574840.9375, 2336386.5625 ], [ 574839.6875, 2336400.3125 ], [ 574838.125, 2336406.25 ], [ 574835.3125, 2336410.9375 ], [ 574826.5625, 2336417.1875 ], [ 574823.125, 2336421.25 ], [ 574820.9375, 2336426.5625 ], [ 574819.6875, 2336440.3125 ], [ 574818.125, 2336446.25 ], [ 574815.3125, 2336450.9375 ], [ 574806.5625, 2336457.1875 ], [ 574803.125, 2336461.25 ], [ 574800.9375, 2336466.5625 ], [ 574799.6875, 2336480.3125 ], [ 574796.875, 2336488.75 ], [ 574793.4375, 2336492.8125 ], [ 574784.21875, 2336498.59375 ], [ 574778.59375, 2336504.21875 ], [ 574775.625, 2336508.75 ], [ 574764.375, 2336531.25 ], [ 574760.9375, 2336542.8125 ], [ 574759.6875, 2336560.3125 ], [ 574758.125, 2336566.25 ], [ 574753.4375, 2336572.8125 ], [ 574744.6875, 2336579.0625 ], [ 574740.9375, 2336586.5625 ], [ 574740.0, 2336593.125 ], [ 574739.84375, 2336630.46875 ], [ 574738.4375, 2336640.3125 ], [ 574735.625, 2336648.75 ], [ 574723.28125, 2336673.90625 ], [ 574720.46875, 2336686.09375 ], [ 574720.3125, 2337060.3125 ], [ 574721.875, 2337066.25 ], [ 574724.6875, 2337070.9375 ], [ 574733.4375, 2337077.1875 ], [ 574738.125, 2337083.75 ], [ 574739.6875, 2337089.6875 ], [ 574740.3125, 2337100.3125 ], [ 574743.125, 2337108.75 ], [ 574746.5625, 2337112.8125 ], [ 574753.4375, 2337117.1875 ], [ 574758.125, 2337123.75 ], [ 574759.6875, 2337129.6875 ], [ 574760.3125, 2337140.3125 ], [ 574763.125, 2337148.75 ], [ 574766.5625, 2337152.8125 ], [ 574773.4375, 2337157.1875 ], [ 574778.125, 2337163.75 ], [ 574780.0, 2337173.125 ], [ 574780.0, 2337266.875 ], [ 574780.9375, 2337273.4375 ], [ 574784.6875, 2337280.9375 ], [ 574793.4375, 2337287.1875 ], [ 574796.875, 2337291.25 ], [ 574799.0625, 2337296.5625 ], [ 574800.3125, 2337310.3125 ], [ 574801.875, 2337316.25 ], [ 574804.6875, 2337320.9375 ], [ 574813.4375, 2337327.1875 ], [ 574816.875, 2337331.25 ], [ 574819.0625, 2337336.5625 ], [ 574820.0, 2337343.125 ], [ 574819.84375, 2337530.46875 ], [ 574819.0625, 2337537.1875 ], [ 574816.71875, 2337546.09375 ], [ 574804.375, 2337571.25 ], [ 574800.9375, 2337582.8125 ], [ 574800.0, 2337593.125 ], [ 574799.6875, 2337720.3125 ], [ 574796.875, 2337728.75 ], [ 574793.4375, 2337732.8125 ], [ 574784.6875, 2337739.0625 ], [ 574780.9375, 2337746.5625 ], [ 574780.0, 2337753.125 ], [ 574780.0, 2337786.875 ], [ 574779.0625, 2337793.4375 ], [ 574775.3125, 2337800.9375 ], [ 574766.5625, 2337807.1875 ], [ 574761.875, 2337813.75 ], [ 574760.3125, 2337819.6875 ], [ 574759.6875, 2337830.3125 ], [ 574756.875, 2337838.75 ], [ 574753.4375, 2337842.8125 ], [ 574746.5625, 2337847.1875 ], [ 574741.875, 2337853.75 ], [ 574740.3125, 2337859.6875 ], [ 574739.6875, 2337870.3125 ], [ 574736.875, 2337878.75 ], [ 574733.4375, 2337882.8125 ], [ 574726.5625, 2337887.1875 ], [ 574721.875, 2337893.75 ], [ 574720.3125, 2337899.6875 ], [ 574719.6875, 2337910.3125 ], [ 574716.875, 2337918.75 ], [ 574711.25, 2337924.375 ], [ 574686.40625, 2337937.03125 ], [ 574678.59375, 2337944.21875 ], [ 574675.625, 2337948.75 ], [ 574644.375, 2338011.25 ], [ 574639.6875, 2338017.8125 ], [ 574633.59375, 2338022.96875 ], [ 574608.75, 2338035.625 ], [ 574604.6875, 2338039.0625 ], [ 574600.9375, 2338046.5625 ], [ 574599.6875, 2338060.3125 ], [ 574596.875, 2338068.75 ], [ 574593.4375, 2338072.8125 ], [ 574586.40625, 2338077.03125 ], [ 574580.3125, 2338082.1875 ], [ 574575.625, 2338088.75 ], [ 574564.375, 2338111.25 ], [ 574561.40625, 2338115.78125 ], [ 574555.78125, 2338121.40625 ], [ 574546.5625, 2338127.1875 ], [ 574543.125, 2338131.25 ], [ 574540.3125, 2338139.6875 ], [ 574539.53125, 2338150.15625 ], [ 574537.1875, 2338155.3125 ], [ 574535.3125, 2338157.1875 ], [ 574530.15625, 2338159.53125 ], [ 574519.6875, 2338160.3125 ], [ 574511.25, 2338163.125 ], [ 574507.1875, 2338166.5625 ], [ 574501.40625, 2338175.78125 ], [ 574495.78125, 2338181.40625 ], [ 574464.21875, 2338198.59375 ], [ 574457.03125, 2338206.40625 ], [ 574442.96875, 2338233.59375 ], [ 574439.6875, 2338237.8125 ], [ 574433.59375, 2338242.96875 ], [ 574368.75, 2338275.625 ], [ 574364.21875, 2338278.59375 ], [ 574357.03125, 2338286.40625 ], [ 574344.375, 2338311.25 ], [ 574338.75, 2338316.875 ], [ 574333.4375, 2338319.0625 ], [ 574319.6875, 2338320.3125 ], [ 574313.75, 2338321.875 ], [ 574309.0625, 2338324.6875 ], [ 574299.6875, 2338337.8125 ], [ 574291.25, 2338344.375 ], [ 574268.75, 2338355.625 ], [ 574263.28125, 2338357.65625 ], [ 574253.90625, 2338359.53125 ], [ 574239.6875, 2338360.3125 ], [ 574233.75, 2338361.875 ], [ 574229.0625, 2338364.6875 ], [ 574222.8125, 2338373.4375 ], [ 574216.25, 2338378.125 ], [ 574206.875, 2338380.0 ], [ 574109.6875, 2338380.3125 ], [ 574103.75, 2338381.875 ], [ 574099.0625, 2338384.6875 ], [ 574092.8125, 2338393.4375 ], [ 574088.75, 2338396.875 ], [ 574083.4375, 2338399.0625 ], [ 574076.875, 2338400.0 ], [ 573829.53125, 2338399.84375 ], [ 573822.8125, 2338399.0625 ], [ 573813.90625, 2338396.71875 ], [ 573786.09375, 2338383.28125 ], [ 573773.90625, 2338380.46875 ], [ 573639.6875, 2338379.6875 ], [ 573633.75, 2338378.125 ], [ 573629.0625, 2338375.3125 ], [ 573622.8125, 2338366.5625 ], [ 573618.75, 2338363.125 ], [ 573613.4375, 2338360.9375 ], [ 573606.875, 2338360.0 ], [ 573543.125, 2338360.0 ], [ 573533.75, 2338361.875 ], [ 573529.0625, 2338364.6875 ], [ 573525.625, 2338368.75 ], [ 573512.8125, 2338393.4375 ], [ 573506.25, 2338398.125 ], [ 573496.875, 2338400.0 ], [ 573486.09375, 2338399.53125 ], [ 573476.71875, 2338397.65625 ], [ 573446.09375, 2338383.28125 ], [ 573440.3125, 2338381.5625 ], [ 573430.46875, 2338380.15625 ], [ 573266.09375, 2338379.53125 ], [ 573253.90625, 2338376.71875 ], [ 573223.28125, 2338362.34375 ], [ 573217.1875, 2338360.9375 ], [ 573206.875, 2338360.0 ], [ 572963.125, 2338360.0 ], [ 572956.5625, 2338360.9375 ], [ 572951.25, 2338363.125 ], [ 572947.1875, 2338366.5625 ], [ 572942.8125, 2338373.4375 ], [ 572938.75, 2338376.875 ], [ 572933.4375, 2338379.0625 ], [ 572926.875, 2338380.0 ], [ 572563.125, 2338380.0 ], [ 572556.5625, 2338379.0625 ], [ 572551.25, 2338376.875 ], [ 572547.1875, 2338373.4375 ], [ 572540.9375, 2338364.6875 ], [ 572536.25, 2338361.875 ], [ 572530.3125, 2338360.3125 ], [ 572433.125, 2338360.0 ], [ 572423.75, 2338358.125 ], [ 572419.0625, 2338355.3125 ], [ 572415.625, 2338351.25 ], [ 572402.8125, 2338326.5625 ], [ 572398.75, 2338323.125 ], [ 572390.3125, 2338320.3125 ], [ 572233.125, 2338320.0 ], [ 572219.6875, 2338318.4375 ], [ 572211.25, 2338315.625 ], [ 572188.75, 2338304.375 ], [ 572183.28125, 2338302.34375 ], [ 572173.90625, 2338300.46875 ], [ 572159.6875, 2338299.6875 ], [ 572153.75, 2338298.125 ], [ 572149.0625, 2338295.3125 ], [ 572142.8125, 2338286.5625 ], [ 572138.75, 2338283.125 ], [ 572133.4375, 2338280.9375 ], [ 572119.6875, 2338279.6875 ], [ 572113.75, 2338278.125 ], [ 572107.1875, 2338273.4375 ], [ 572100.9375, 2338264.6875 ], [ 572096.25, 2338261.875 ], [ 572090.3125, 2338260.3125 ], [ 572019.6875, 2338260.3125 ], [ 572011.25, 2338263.125 ], [ 572007.1875, 2338266.5625 ], [ 572000.9375, 2338275.3125 ], [ 571993.4375, 2338279.0625 ], [ 571986.875, 2338280.0 ], [ 571953.125, 2338280.0 ], [ 571946.09375, 2338279.53125 ], [ 571936.71875, 2338277.65625 ], [ 571906.09375, 2338263.28125 ], [ 571893.90625, 2338260.46875 ], [ 571733.125, 2338260.0 ], [ 571722.8125, 2338259.0625 ], [ 571711.25, 2338255.625 ], [ 571688.75, 2338244.375 ], [ 571683.28125, 2338242.34375 ], [ 571673.90625, 2338240.46875 ], [ 571659.6875, 2338239.6875 ], [ 571653.75, 2338238.125 ], [ 571647.1875, 2338233.4375 ], [ 571640.9375, 2338224.6875 ], [ 571633.4375, 2338220.9375 ], [ 571626.875, 2338220.0 ], [ 571563.125, 2338220.0 ], [ 571553.75, 2338218.125 ], [ 571549.0625, 2338215.3125 ], [ 571545.625, 2338211.25 ], [ 571534.375, 2338188.75 ], [ 571530.9375, 2338184.6875 ], [ 571523.4375, 2338180.9375 ], [ 571509.6875, 2338179.6875 ], [ 571501.25, 2338176.875 ], [ 571497.1875, 2338173.4375 ], [ 571492.8125, 2338166.5625 ], [ 571486.25, 2338161.875 ], [ 571476.875, 2338160.0 ], [ 571413.125, 2338160.0 ], [ 571407.03125, 2338158.59375 ], [ 571404.6875, 2338157.1875 ], [ 571401.40625, 2338152.96875 ], [ 571400.46875, 2338150.15625 ], [ 571399.0625, 2338136.5625 ], [ 571396.875, 2338131.25 ], [ 571391.25, 2338125.625 ], [ 571383.28125, 2338122.34375 ], [ 571370.46875, 2338120.15625 ], [ 571329.53125, 2338119.84375 ], [ 571316.71875, 2338117.65625 ], [ 571311.25, 2338115.625 ], [ 571248.75, 2338084.375 ], [ 571243.28125, 2338082.34375 ], [ 571230.46875, 2338080.15625 ], [ 571193.125, 2338080.0 ], [ 571183.75, 2338078.125 ], [ 571177.1875, 2338073.4375 ], [ 571170.9375, 2338064.6875 ], [ 571166.25, 2338061.875 ], [ 571160.3125, 2338060.3125 ], [ 571063.125, 2338060.0 ], [ 571056.5625, 2338059.0625 ], [ 571051.25, 2338056.875 ], [ 571047.1875, 2338053.4375 ], [ 571034.375, 2338028.75 ], [ 571030.9375, 2338024.6875 ], [ 571026.25, 2338021.875 ], [ 571016.875, 2338020.0 ], [ 570953.125, 2338020.0 ], [ 570946.5625, 2338019.0625 ], [ 570939.0625, 2338015.3125 ], [ 570932.8125, 2338006.5625 ], [ 570928.75, 2338003.125 ], [ 570923.4375, 2338000.9375 ], [ 570909.6875, 2337999.6875 ], [ 570903.75, 2337998.125 ], [ 570897.1875, 2337993.4375 ], [ 570890.9375, 2337984.6875 ], [ 570886.25, 2337981.875 ], [ 570880.3125, 2337980.3125 ], [ 570813.125, 2337980.0 ], [ 570806.5625, 2337979.0625 ], [ 570801.25, 2337976.875 ], [ 570797.1875, 2337973.4375 ], [ 570784.375, 2337948.75 ], [ 570780.9375, 2337944.6875 ], [ 570776.25, 2337941.875 ], [ 570766.875, 2337940.0 ], [ 570729.53125, 2337939.84375 ], [ 570716.71875, 2337937.65625 ], [ 570711.25, 2337935.625 ], [ 570686.40625, 2337922.96875 ], [ 570678.59375, 2337915.78125 ], [ 570672.8125, 2337906.5625 ], [ 570666.25, 2337901.875 ], [ 570656.875, 2337900.0 ], [ 570623.125, 2337900.0 ], [ 570613.75, 2337898.125 ], [ 570609.0625, 2337895.3125 ], [ 570602.8125, 2337886.5625 ], [ 570598.75, 2337883.125 ], [ 570593.4375, 2337880.9375 ], [ 570579.6875, 2337879.6875 ], [ 570573.75, 2337878.125 ], [ 570569.0625, 2337875.3125 ], [ 570562.8125, 2337866.5625 ], [ 570558.75, 2337863.125 ], [ 570550.3125, 2337860.3125 ], [ 570536.5625, 2337859.0625 ], [ 570529.0625, 2337855.3125 ], [ 570519.6875, 2337842.1875 ], [ 570515.78125, 2337838.59375 ], [ 570506.5625, 2337832.8125 ], [ 570503.125, 2337828.75 ], [ 570500.3125, 2337820.3125 ], [ 570499.0625, 2337806.5625 ], [ 570495.3125, 2337799.0625 ], [ 570491.25, 2337795.625 ], [ 570428.75, 2337764.375 ], [ 570424.21875, 2337761.40625 ], [ 570417.03125, 2337753.59375 ], [ 570402.96875, 2337726.40625 ], [ 570399.6875, 2337722.1875 ], [ 570393.59375, 2337717.03125 ], [ 570288.75, 2337664.375 ], [ 570280.3125, 2337661.5625 ], [ 570273.90625, 2337660.46875 ], [ 570259.6875, 2337659.6875 ], [ 570251.25, 2337656.875 ], [ 570247.1875, 2337653.4375 ], [ 570239.6875, 2337642.1875 ], [ 570233.59375, 2337637.03125 ], [ 570186.5625, 2337612.8125 ], [ 570181.875, 2337606.25 ], [ 570180.3125, 2337600.3125 ], [ 570179.53125, 2337589.84375 ], [ 570178.59375, 2337587.03125 ], [ 570175.3125, 2337582.8125 ], [ 570170.15625, 2337580.46875 ], [ 570159.6875, 2337579.6875 ], [ 570151.25, 2337576.875 ], [ 570147.1875, 2337573.4375 ], [ 570140.9375, 2337564.6875 ], [ 570133.4375, 2337560.9375 ], [ 570126.875, 2337560.0 ], [ 570093.125, 2337560.0 ], [ 570086.5625, 2337559.0625 ], [ 570079.0625, 2337555.3125 ], [ 570070.9375, 2337544.6875 ], [ 570066.25, 2337541.875 ], [ 570060.3125, 2337540.3125 ], [ 569993.125, 2337540.0 ], [ 569979.6875, 2337538.4375 ], [ 569971.25, 2337535.625 ], [ 569948.75, 2337524.375 ], [ 569943.28125, 2337522.34375 ], [ 569933.90625, 2337520.46875 ], [ 569919.6875, 2337519.6875 ], [ 569913.75, 2337518.125 ], [ 569907.1875, 2337513.4375 ], [ 569900.9375, 2337504.6875 ], [ 569896.25, 2337501.875 ], [ 569890.3125, 2337500.3125 ], [ 569789.6875, 2337499.6875 ], [ 569781.25, 2337496.875 ], [ 569777.1875, 2337493.4375 ], [ 569770.9375, 2337484.6875 ], [ 569763.4375, 2337480.9375 ], [ 569756.875, 2337480.0 ], [ 569689.6875, 2337479.6875 ], [ 569681.25, 2337476.875 ], [ 569677.1875, 2337473.4375 ], [ 569670.9375, 2337464.6875 ], [ 569663.4375, 2337460.9375 ], [ 569656.875, 2337460.0 ], [ 569593.125, 2337460.0 ], [ 569582.8125, 2337459.0625 ], [ 569571.25, 2337455.625 ], [ 569546.09375, 2337443.28125 ], [ 569533.90625, 2337440.46875 ], [ 569429.6875, 2337439.6875 ], [ 569421.25, 2337436.875 ], [ 569417.1875, 2337433.4375 ], [ 569410.9375, 2337424.6875 ], [ 569406.25, 2337421.875 ], [ 569400.3125, 2337420.3125 ], [ 569149.53125, 2337420.15625 ], [ 569142.8125, 2337420.9375 ], [ 569133.90625, 2337423.28125 ], [ 569106.09375, 2337436.71875 ], [ 569093.90625, 2337439.53125 ], [ 568993.125, 2337440.0 ], [ 568987.03125, 2337441.40625 ], [ 568982.8125, 2337444.6875 ], [ 568980.46875, 2337449.84375 ], [ 568980.0, 2337516.875 ], [ 568978.125, 2337526.25 ], [ 568973.4375, 2337532.8125 ], [ 568968.75, 2337535.625 ], [ 568963.28125, 2337537.65625 ], [ 568950.46875, 2337539.84375 ], [ 568793.125, 2337540.0 ], [ 568787.03125, 2337541.40625 ], [ 568782.8125, 2337544.6875 ], [ 568780.46875, 2337549.84375 ], [ 568779.6875, 2337590.3125 ], [ 568778.125, 2337596.25 ], [ 568775.3125, 2337600.9375 ], [ 568771.25, 2337604.375 ], [ 568748.75, 2337615.625 ], [ 568742.1875, 2337620.3125 ], [ 568737.03125, 2337626.40625 ], [ 568724.375, 2337651.25 ], [ 568720.9375, 2337655.3125 ], [ 568713.4375, 2337659.0625 ], [ 568699.6875, 2337660.3125 ], [ 568691.25, 2337663.125 ], [ 568687.1875, 2337666.5625 ], [ 568681.40625, 2337675.78125 ], [ 568675.78125, 2337681.40625 ], [ 568671.25, 2337684.375 ], [ 568648.75, 2337695.625 ], [ 568644.6875, 2337699.0625 ], [ 568641.875, 2337703.75 ], [ 568640.0, 2337713.125 ], [ 568640.0, 2337776.875 ], [ 568640.9375, 2337783.4375 ], [ 568643.125, 2337788.75 ], [ 568648.75, 2337794.375 ], [ 568691.25, 2337815.625 ], [ 568696.875, 2337821.25 ], [ 568699.0625, 2337826.5625 ], [ 568700.0, 2337833.125 ], [ 568700.0, 2337866.875 ], [ 568699.0625, 2337873.4375 ], [ 568696.875, 2337878.75 ], [ 568691.25, 2337884.375 ], [ 568666.40625, 2337897.03125 ], [ 568658.59375, 2337904.21875 ], [ 568641.40625, 2337935.78125 ], [ 568635.78125, 2337941.40625 ], [ 568626.5625, 2337947.1875 ], [ 568623.125, 2337951.25 ], [ 568620.3125, 2337959.6875 ], [ 568619.53125, 2337970.15625 ], [ 568618.59375, 2337972.96875 ], [ 568615.3125, 2337977.1875 ], [ 568612.96875, 2337978.59375 ], [ 568606.875, 2337980.0 ], [ 568543.125, 2337980.0 ], [ 568536.5625, 2337980.9375 ], [ 568529.0625, 2337984.6875 ], [ 568519.6875, 2337997.8125 ], [ 568515.78125, 2338001.40625 ], [ 568506.5625, 2338007.1875 ], [ 568503.125, 2338011.25 ], [ 568500.3125, 2338019.6875 ], [ 568499.0625, 2338033.4375 ], [ 568495.3125, 2338040.9375 ], [ 568491.25, 2338044.375 ], [ 568468.75, 2338055.625 ], [ 568462.1875, 2338060.3125 ], [ 568457.03125, 2338066.40625 ], [ 568444.375, 2338091.25 ], [ 568439.6875, 2338097.8125 ], [ 568433.59375, 2338102.96875 ], [ 568408.75, 2338115.625 ], [ 568404.6875, 2338119.0625 ], [ 568400.9375, 2338126.5625 ], [ 568399.6875, 2338140.3125 ], [ 568398.125, 2338146.25 ], [ 568395.3125, 2338150.9375 ], [ 568386.5625, 2338157.1875 ], [ 568383.125, 2338161.25 ], [ 568380.3125, 2338169.6875 ], [ 568379.0625, 2338183.4375 ], [ 568375.3125, 2338190.9375 ], [ 568362.1875, 2338200.3125 ], [ 568358.59375, 2338204.21875 ], [ 568352.8125, 2338213.4375 ], [ 568348.75, 2338216.875 ], [ 568340.3125, 2338219.6875 ], [ 568326.09375, 2338220.46875 ], [ 568316.71875, 2338222.34375 ], [ 568308.75, 2338225.625 ], [ 568304.6875, 2338229.0625 ], [ 568301.875, 2338233.75 ], [ 568300.3125, 2338239.6875 ], [ 568300.0, 2338276.875 ], [ 568298.125, 2338286.25 ], [ 568293.4375, 2338292.8125 ], [ 568284.21875, 2338298.59375 ], [ 568277.03125, 2338306.40625 ], [ 568232.8125, 2338393.4375 ], [ 568228.75, 2338396.875 ], [ 568223.4375, 2338399.0625 ], [ 568202.8125, 2338400.9375 ], [ 568191.25, 2338404.375 ], [ 568148.75, 2338425.625 ], [ 568143.125, 2338431.25 ], [ 568140.9375, 2338436.5625 ], [ 568140.0, 2338443.125 ], [ 568140.15625, 2338570.46875 ], [ 568140.9375, 2338577.1875 ], [ 568143.28125, 2338586.09375 ], [ 568155.625, 2338611.25 ], [ 568158.4375, 2338619.6875 ], [ 568160.0, 2338633.125 ], [ 568159.0625, 2338643.4375 ], [ 568156.875, 2338648.75 ], [ 568153.4375, 2338652.8125 ], [ 568128.75, 2338665.625 ], [ 568124.6875, 2338669.0625 ], [ 568120.9375, 2338676.5625 ], [ 568119.0625, 2338693.4375 ], [ 568115.3125, 2338700.9375 ], [ 568111.25, 2338704.375 ], [ 568088.75, 2338715.625 ], [ 568083.125, 2338721.25 ], [ 568080.3125, 2338729.6875 ], [ 568080.0, 2338766.875 ], [ 568079.53125, 2338770.15625 ], [ 568077.1875, 2338775.3125 ], [ 568072.96875, 2338778.59375 ], [ 568066.875, 2338780.0 ], [ 568029.84375, 2338780.46875 ], [ 568024.6875, 2338782.8125 ], [ 568021.40625, 2338787.03125 ], [ 568020.0, 2338793.125 ], [ 568020.3125, 2338860.3125 ], [ 568023.125, 2338868.75 ], [ 568026.5625, 2338872.8125 ], [ 568035.3125, 2338879.0625 ], [ 568039.0625, 2338886.5625 ], [ 568040.0, 2338893.125 ], [ 568039.53125, 2338930.15625 ], [ 568038.59375, 2338932.96875 ], [ 568035.3125, 2338937.1875 ], [ 568030.15625, 2338939.53125 ], [ 568019.6875, 2338940.3125 ], [ 568013.75, 2338941.875 ], [ 568009.0625, 2338944.6875 ], [ 568004.375, 2338951.25 ], [ 568001.5625, 2338959.6875 ], [ 568000.15625, 2338969.53125 ], [ 568000.0, 2339006.875 ], [ 567999.0625, 2339013.4375 ], [ 567995.3125, 2339020.9375 ], [ 567986.5625, 2339027.1875 ], [ 567981.875, 2339033.75 ], [ 567980.3125, 2339039.6875 ], [ 567979.84375, 2339050.46875 ], [ 567978.4375, 2339060.3125 ], [ 567975.625, 2339068.75 ], [ 567972.8125, 2339073.4375 ], [ 567966.25, 2339078.125 ], [ 567956.875, 2339080.0 ], [ 567942.8125, 2339079.0625 ], [ 567936.71875, 2339077.65625 ], [ 567928.75, 2339074.375 ], [ 567924.6875, 2339070.9375 ], [ 567921.875, 2339066.25 ], [ 567920.3125, 2339060.3125 ], [ 567920.0, 2339053.125 ], [ 567918.59375, 2339047.03125 ], [ 567915.3125, 2339042.8125 ], [ 567910.15625, 2339040.46875 ], [ 567843.125, 2339040.0 ], [ 567836.5625, 2339040.9375 ], [ 567831.25, 2339043.125 ], [ 567827.1875, 2339046.5625 ], [ 567822.96875, 2339053.59375 ], [ 567817.8125, 2339059.6875 ], [ 567804.6875, 2339069.0625 ], [ 567800.9375, 2339076.5625 ], [ 567800.0, 2339083.125 ], [ 567799.84375, 2339150.46875 ], [ 567798.4375, 2339160.3125 ], [ 567794.375, 2339171.25 ], [ 567790.9375, 2339175.3125 ], [ 567786.25, 2339178.125 ], [ 567780.3125, 2339179.6875 ], [ 567766.5625, 2339180.9375 ], [ 567759.0625, 2339184.6875 ], [ 567755.625, 2339188.75 ], [ 567744.375, 2339211.25 ], [ 567741.40625, 2339215.78125 ], [ 567735.78125, 2339221.40625 ], [ 567726.5625, 2339227.1875 ], [ 567721.875, 2339233.75 ], [ 567720.0, 2339243.125 ], [ 567719.53125, 2339313.90625 ], [ 567716.71875, 2339326.09375 ], [ 567714.375, 2339331.25 ], [ 567710.9375, 2339335.3125 ], [ 567706.25, 2339338.125 ], [ 567696.875, 2339340.0 ], [ 567633.125, 2339340.0 ], [ 567629.84375, 2339340.46875 ], [ 567624.6875, 2339342.8125 ], [ 567621.40625, 2339347.03125 ], [ 567620.0, 2339353.125 ], [ 567620.0, 2339386.875 ], [ 567618.4375, 2339400.3125 ], [ 567614.375, 2339411.25 ], [ 567610.9375, 2339415.3125 ], [ 567606.25, 2339418.125 ], [ 567596.875, 2339420.0 ], [ 567563.125, 2339420.0 ], [ 567556.5625, 2339420.9375 ], [ 567549.0625, 2339424.6875 ], [ 567540.9375, 2339435.3125 ], [ 567536.25, 2339438.125 ], [ 567530.3125, 2339439.6875 ], [ 567433.125, 2339440.0 ], [ 567426.5625, 2339440.9375 ], [ 567419.0625, 2339444.6875 ], [ 567412.8125, 2339453.4375 ], [ 567406.25, 2339458.125 ], [ 567400.3125, 2339459.6875 ], [ 567386.09375, 2339460.46875 ], [ 567376.71875, 2339462.34375 ], [ 567368.75, 2339465.625 ], [ 567363.125, 2339471.25 ], [ 567360.9375, 2339476.5625 ], [ 567360.0, 2339483.125 ], [ 567360.0, 2339546.875 ], [ 567360.46875, 2339550.15625 ], [ 567362.8125, 2339555.3125 ], [ 567367.03125, 2339558.59375 ], [ 567373.125, 2339560.0 ], [ 567466.875, 2339560.0 ], [ 567473.4375, 2339560.9375 ], [ 567480.9375, 2339564.6875 ], [ 567484.375, 2339568.75 ], [ 567495.625, 2339591.25 ], [ 567500.3125, 2339597.8125 ], [ 567508.75, 2339604.375 ], [ 567531.25, 2339615.625 ], [ 567535.3125, 2339619.0625 ], [ 567538.125, 2339623.75 ], [ 567540.0, 2339633.125 ], [ 567539.84375, 2339670.46875 ], [ 567537.65625, 2339683.28125 ], [ 567535.625, 2339688.75 ], [ 567532.8125, 2339693.4375 ], [ 567526.25, 2339698.125 ], [ 567516.875, 2339700.0 ], [ 567393.125, 2339700.0 ], [ 567382.8125, 2339700.9375 ], [ 567371.25, 2339704.375 ], [ 567366.5625, 2339707.1875 ], [ 567361.875, 2339713.75 ], [ 567360.3125, 2339719.6875 ], [ 567359.84375, 2339730.46875 ], [ 567358.4375, 2339740.3125 ], [ 567355.625, 2339748.75 ], [ 567352.8125, 2339753.4375 ], [ 567348.75, 2339756.875 ], [ 567343.4375, 2339759.0625 ], [ 567326.09375, 2339760.46875 ], [ 567313.90625, 2339763.28125 ], [ 567306.5625, 2339767.1875 ], [ 567301.875, 2339773.75 ], [ 567300.0, 2339783.125 ], [ 567300.0, 2339846.875 ], [ 567298.59375, 2339852.96875 ], [ 567295.3125, 2339857.1875 ], [ 567292.96875, 2339858.59375 ], [ 567286.875, 2339860.0 ], [ 567193.125, 2339860.0 ], [ 567182.8125, 2339860.9375 ], [ 567171.25, 2339864.375 ], [ 567126.5625, 2339887.1875 ], [ 567121.875, 2339893.75 ], [ 567120.3125, 2339899.6875 ], [ 567119.0625, 2339913.4375 ], [ 567115.3125, 2339920.9375 ], [ 567111.25, 2339924.375 ], [ 567068.75, 2339945.625 ], [ 567064.6875, 2339949.0625 ], [ 567060.9375, 2339956.5625 ], [ 567059.6875, 2339970.3125 ], [ 567056.875, 2339978.75 ], [ 567053.4375, 2339982.8125 ], [ 567046.5625, 2339987.1875 ], [ 567041.875, 2339993.75 ], [ 567040.3125, 2339999.6875 ], [ 567039.6875, 2340010.3125 ], [ 567036.875, 2340018.75 ], [ 567031.25, 2340024.375 ], [ 567008.75, 2340035.625 ], [ 567004.6875, 2340039.0625 ], [ 567000.9375, 2340046.5625 ], [ 566999.0625, 2340063.4375 ], [ 566996.875, 2340068.75 ], [ 566993.4375, 2340072.8125 ], [ 566908.75, 2340115.625 ], [ 566902.1875, 2340120.3125 ], [ 566897.03125, 2340126.40625 ], [ 566884.375, 2340151.25 ], [ 566879.6875, 2340157.8125 ], [ 566873.59375, 2340162.96875 ], [ 566848.75, 2340175.625 ], [ 566842.1875, 2340180.3125 ], [ 566837.03125, 2340186.40625 ], [ 566824.375, 2340211.25 ], [ 566819.6875, 2340217.8125 ], [ 566813.59375, 2340222.96875 ], [ 566788.75, 2340235.625 ], [ 566782.1875, 2340240.3125 ], [ 566775.625, 2340248.75 ], [ 566762.96875, 2340273.59375 ], [ 566755.78125, 2340281.40625 ], [ 566751.25, 2340284.375 ], [ 566726.09375, 2340296.71875 ], [ 566713.90625, 2340299.53125 ], [ 566699.6875, 2340300.3125 ], [ 566691.25, 2340303.125 ], [ 566687.1875, 2340306.5625 ], [ 566681.40625, 2340315.78125 ], [ 566675.78125, 2340321.40625 ], [ 566646.5625, 2340337.1875 ], [ 566641.875, 2340343.75 ], [ 566640.3125, 2340349.6875 ], [ 566639.0625, 2340363.4375 ], [ 566635.3125, 2340370.9375 ], [ 566631.25, 2340374.375 ], [ 566608.75, 2340385.625 ], [ 566603.125, 2340391.25 ], [ 566600.3125, 2340399.6875 ], [ 566599.0625, 2340413.4375 ], [ 566595.3125, 2340420.9375 ], [ 566591.25, 2340424.375 ], [ 566568.75, 2340435.625 ], [ 566562.1875, 2340440.3125 ], [ 566557.03125, 2340446.40625 ], [ 566544.375, 2340471.25 ], [ 566540.9375, 2340475.3125 ], [ 566533.4375, 2340479.0625 ], [ 566516.5625, 2340480.9375 ], [ 566509.0625, 2340484.6875 ], [ 566499.6875, 2340497.8125 ], [ 566495.78125, 2340501.40625 ], [ 566486.5625, 2340507.1875 ], [ 566483.125, 2340511.25 ], [ 566480.3125, 2340519.6875 ], [ 566479.53125, 2340530.15625 ], [ 566478.59375, 2340532.96875 ], [ 566475.3125, 2340537.1875 ], [ 566470.15625, 2340539.53125 ], [ 566456.5625, 2340540.9375 ], [ 566451.25, 2340543.125 ], [ 566447.1875, 2340546.5625 ], [ 566424.375, 2340591.25 ], [ 566421.40625, 2340595.78125 ], [ 566415.78125, 2340601.40625 ], [ 566384.21875, 2340618.59375 ], [ 566378.59375, 2340624.21875 ], [ 566372.8125, 2340633.4375 ], [ 566368.75, 2340636.875 ], [ 566363.4375, 2340639.0625 ], [ 566349.6875, 2340640.3125 ], [ 566343.75, 2340641.875 ], [ 566339.0625, 2340644.6875 ], [ 566332.8125, 2340653.4375 ], [ 566328.75, 2340656.875 ], [ 566323.4375, 2340659.0625 ], [ 566309.6875, 2340660.3125 ], [ 566303.75, 2340661.875 ], [ 566299.0625, 2340664.6875 ], [ 566292.8125, 2340673.4375 ], [ 566288.75, 2340676.875 ], [ 566280.3125, 2340679.6875 ], [ 566269.84375, 2340680.46875 ], [ 566264.6875, 2340682.8125 ], [ 566262.8125, 2340684.6875 ], [ 566260.46875, 2340689.84375 ], [ 566259.6875, 2340700.3125 ], [ 566256.875, 2340708.75 ], [ 566253.4375, 2340712.8125 ], [ 566246.40625, 2340717.03125 ], [ 566240.3125, 2340722.1875 ], [ 566235.625, 2340728.75 ], [ 566224.375, 2340751.25 ], [ 566221.40625, 2340755.78125 ], [ 566215.78125, 2340761.40625 ], [ 566206.5625, 2340767.1875 ], [ 566203.125, 2340771.25 ], [ 566200.3125, 2340779.6875 ], [ 566199.0625, 2340793.4375 ], [ 566196.875, 2340798.75 ], [ 566193.4375, 2340802.8125 ], [ 566164.21875, 2340818.59375 ], [ 566158.59375, 2340824.21875 ], [ 566152.8125, 2340833.4375 ], [ 566146.25, 2340838.125 ], [ 566136.875, 2340840.0 ], [ 566103.125, 2340840.0 ], [ 566096.5625, 2340840.9375 ], [ 566091.25, 2340843.125 ], [ 566087.1875, 2340846.5625 ], [ 566082.96875, 2340853.59375 ], [ 566077.8125, 2340859.6875 ], [ 566064.6875, 2340869.0625 ], [ 566060.9375, 2340876.5625 ], [ 566059.53125, 2340893.90625 ], [ 566056.71875, 2340906.09375 ], [ 566024.375, 2340971.25 ], [ 566021.40625, 2340975.78125 ], [ 566013.59375, 2340982.96875 ], [ 565988.75, 2340995.625 ], [ 565982.1875, 2341000.3125 ], [ 565977.03125, 2341006.40625 ], [ 565964.375, 2341031.25 ], [ 565960.9375, 2341035.3125 ], [ 565953.4375, 2341039.0625 ], [ 565939.6875, 2341040.3125 ], [ 565931.25, 2341043.125 ], [ 565927.1875, 2341046.5625 ], [ 565921.40625, 2341055.78125 ], [ 565915.78125, 2341061.40625 ], [ 565911.25, 2341064.375 ], [ 565888.75, 2341075.625 ], [ 565884.6875, 2341079.0625 ], [ 565880.9375, 2341086.5625 ], [ 565879.6875, 2341100.3125 ], [ 565876.875, 2341108.75 ], [ 565873.4375, 2341112.8125 ], [ 565866.5625, 2341117.1875 ], [ 565861.875, 2341123.75 ], [ 565860.3125, 2341129.6875 ], [ 565859.6875, 2341140.3125 ], [ 565856.875, 2341148.75 ], [ 565853.4375, 2341152.8125 ], [ 565842.1875, 2341160.3125 ], [ 565837.03125, 2341166.40625 ], [ 565802.96875, 2341233.59375 ], [ 565799.6875, 2341237.8125 ], [ 565793.59375, 2341242.96875 ], [ 565768.75, 2341255.625 ], [ 565760.3125, 2341262.1875 ], [ 565755.625, 2341268.75 ], [ 565744.375, 2341291.25 ], [ 565737.8125, 2341299.6875 ], [ 565731.25, 2341304.375 ], [ 565708.75, 2341315.625 ], [ 565704.6875, 2341319.0625 ], [ 565700.9375, 2341326.5625 ], [ 565699.6875, 2341340.3125 ], [ 565696.875, 2341348.75 ], [ 565693.4375, 2341352.8125 ], [ 565686.40625, 2341357.03125 ], [ 565680.3125, 2341362.1875 ], [ 565675.625, 2341368.75 ], [ 565664.375, 2341391.25 ], [ 565661.40625, 2341395.78125 ], [ 565655.78125, 2341401.40625 ], [ 565646.5625, 2341407.1875 ], [ 565643.125, 2341411.25 ], [ 565640.3125, 2341419.6875 ], [ 565639.53125, 2341430.15625 ], [ 565637.1875, 2341435.3125 ], [ 565635.3125, 2341437.1875 ], [ 565630.15625, 2341439.53125 ], [ 565593.125, 2341440.0 ], [ 565589.84375, 2341440.46875 ], [ 565584.6875, 2341442.8125 ], [ 565582.8125, 2341444.6875 ], [ 565580.46875, 2341449.84375 ], [ 565579.6875, 2341460.3125 ], [ 565576.875, 2341468.75 ], [ 565573.4375, 2341472.8125 ], [ 565566.40625, 2341477.03125 ], [ 565560.3125, 2341482.1875 ], [ 565550.9375, 2341495.3125 ], [ 565543.4375, 2341499.0625 ], [ 565526.09375, 2341500.46875 ], [ 565516.71875, 2341502.34375 ], [ 565508.75, 2341505.625 ], [ 565504.6875, 2341509.0625 ], [ 565500.9375, 2341516.5625 ], [ 565499.53125, 2341533.90625 ], [ 565496.71875, 2341546.09375 ], [ 565484.375, 2341571.25 ], [ 565477.8125, 2341579.6875 ], [ 565471.25, 2341584.375 ], [ 565406.40625, 2341617.03125 ], [ 565400.3125, 2341622.1875 ], [ 565392.8125, 2341633.4375 ], [ 565388.75, 2341636.875 ], [ 565383.4375, 2341639.0625 ], [ 565369.6875, 2341640.3125 ], [ 565363.75, 2341641.875 ], [ 565359.0625, 2341644.6875 ], [ 565352.8125, 2341653.4375 ], [ 565348.75, 2341656.875 ], [ 565340.3125, 2341659.6875 ], [ 565329.84375, 2341660.46875 ], [ 565324.6875, 2341662.8125 ], [ 565321.40625, 2341667.03125 ], [ 565320.46875, 2341669.84375 ], [ 565319.0625, 2341683.4375 ], [ 565315.3125, 2341690.9375 ], [ 565311.25, 2341694.375 ], [ 565304.21875, 2341698.59375 ], [ 565298.59375, 2341704.21875 ], [ 565295.625, 2341708.75 ], [ 565284.375, 2341731.25 ], [ 565277.8125, 2341739.6875 ], [ 565271.25, 2341744.375 ], [ 565246.40625, 2341757.03125 ], [ 565238.59375, 2341764.21875 ], [ 565235.625, 2341768.75 ], [ 565214.375, 2341811.25 ], [ 565210.9375, 2341815.3125 ], [ 565206.25, 2341818.125 ], [ 565200.3125, 2341819.6875 ], [ 565189.53125, 2341819.84375 ], [ 565179.6875, 2341818.4375 ], [ 565171.25, 2341815.625 ], [ 565148.75, 2341804.375 ], [ 565143.125, 2341798.75 ], [ 565140.3125, 2341790.3125 ], [ 565140.0, 2341753.125 ], [ 565138.125, 2341743.75 ], [ 565135.3125, 2341739.0625 ], [ 565126.5625, 2341732.8125 ], [ 565123.125, 2341728.75 ], [ 565120.9375, 2341723.4375 ], [ 565119.6875, 2341709.6875 ], [ 565118.125, 2341703.75 ], [ 565115.3125, 2341699.0625 ], [ 565106.5625, 2341692.8125 ], [ 565101.875, 2341686.25 ], [ 565100.3125, 2341680.3125 ], [ 565099.84375, 2341669.53125 ], [ 565098.4375, 2341659.6875 ], [ 565095.625, 2341651.25 ], [ 565090.9375, 2341644.6875 ], [ 565086.25, 2341641.875 ], [ 565076.875, 2341640.0 ], [ 565009.53125, 2341640.15625 ], [ 564999.6875, 2341641.5625 ], [ 564991.25, 2341644.375 ], [ 564986.5625, 2341647.1875 ], [ 564983.125, 2341651.25 ], [ 564980.3125, 2341659.6875 ], [ 564979.53125, 2341673.90625 ], [ 564976.71875, 2341686.09375 ], [ 564964.375, 2341711.25 ], [ 564957.8125, 2341719.6875 ], [ 564951.25, 2341724.375 ], [ 564886.40625, 2341757.03125 ], [ 564880.3125, 2341762.1875 ], [ 564872.8125, 2341773.4375 ], [ 564868.75, 2341776.875 ], [ 564860.3125, 2341779.6875 ], [ 564846.5625, 2341780.9375 ], [ 564839.0625, 2341784.6875 ], [ 564835.625, 2341788.75 ], [ 564822.96875, 2341813.59375 ], [ 564819.6875, 2341817.8125 ], [ 564813.59375, 2341822.96875 ], [ 564748.75, 2341855.625 ], [ 564740.3125, 2341858.4375 ], [ 564730.46875, 2341859.84375 ], [ 564704.375, 2341860.0 ], [ 564700.625, 2341858.125 ], [ 564695.625, 2341851.25 ] ] } },
{ "type": "Feature", "properties": { }, "geometry": { "type": "LineString", "coordinates": [ [ 562653.125, 2340800.0 ], [ 562776.875, 2340800.0 ], [ 562783.4375, 2340799.0625 ], [ 562788.75, 2340796.875 ], [ 562792.8125, 2340793.4375 ], [ 562795.625, 2340788.75 ], [ 562797.65625, 2340783.28125 ], [ 562799.53125, 2340773.90625 ], [ 562800.0, 2340733.125 ], [ 562799.53125, 2340726.09375 ], [ 562797.65625, 2340716.71875 ], [ 562794.375, 2340708.75 ], [ 562788.75, 2340703.125 ], [ 562780.3125, 2340700.3125 ], [ 562766.5625, 2340699.0625 ], [ 562761.25, 2340696.875 ], [ 562757.1875, 2340693.4375 ], [ 562741.40625, 2340664.21875 ], [ 562735.78125, 2340658.59375 ], [ 562726.5625, 2340652.8125 ], [ 562723.125, 2340648.75 ], [ 562720.9375, 2340643.4375 ], [ 562720.0, 2340633.125 ], [ 562718.59375, 2340627.03125 ], [ 562717.1875, 2340624.6875 ], [ 562712.96875, 2340621.40625 ], [ 562706.875, 2340620.0 ], [ 562699.6875, 2340619.6875 ], [ 562693.75, 2340618.125 ], [ 562687.1875, 2340613.4375 ], [ 562680.9375, 2340604.6875 ], [ 562676.25, 2340601.875 ], [ 562670.3125, 2340600.3125 ], [ 562603.125, 2340600.0 ], [ 562596.5625, 2340600.9375 ], [ 562591.25, 2340603.125 ], [ 562585.625, 2340608.75 ], [ 562582.34375, 2340616.71875 ], [ 562580.46875, 2340626.09375 ], [ 562580.0, 2340726.875 ], [ 562580.46875, 2340733.90625 ], [ 562582.34375, 2340743.28125 ], [ 562584.375, 2340748.75 ], [ 562595.625, 2340771.25 ], [ 562599.0625, 2340775.3125 ], [ 562606.5625, 2340779.0625 ], [ 562620.3125, 2340780.3125 ], [ 562626.25, 2340781.875 ], [ 562630.9375, 2340784.6875 ], [ 562637.1875, 2340793.4375 ], [ 562641.25, 2340796.875 ], [ 562646.5625, 2340799.0625 ], [ 562653.125, 2340800.0 ] ] } },
{ "type": "Feature", "properties": { }, "geometry": { "type": "LineString", "coordinates": [ [ 563793.125, 2340220.0 ], [ 563890.3125, 2340219.6875 ], [ 563898.75, 2340216.875 ], [ 563902.8125, 2340213.4375 ], [ 563909.0625, 2340204.6875 ], [ 563913.75, 2340201.875 ], [ 563919.6875, 2340200.3125 ], [ 564016.875, 2340200.0 ], [ 564023.4375, 2340199.0625 ], [ 564028.75, 2340196.875 ], [ 564032.8125, 2340193.4375 ], [ 564035.625, 2340188.75 ], [ 564038.4375, 2340180.3125 ], [ 564039.84375, 2340170.46875 ], [ 564040.0, 2340073.125 ], [ 564039.53125, 2340069.84375 ], [ 564037.1875, 2340064.6875 ], [ 564032.96875, 2340061.40625 ], [ 564026.875, 2340060.0 ], [ 563993.125, 2340060.0 ], [ 563986.5625, 2340059.0625 ], [ 563979.0625, 2340055.3125 ], [ 563970.9375, 2340044.6875 ], [ 563966.25, 2340041.875 ], [ 563960.3125, 2340040.3125 ], [ 563889.53125, 2340040.15625 ], [ 563879.6875, 2340041.5625 ], [ 563868.75, 2340045.625 ], [ 563864.6875, 2340049.0625 ], [ 563860.9375, 2340056.5625 ], [ 563860.0, 2340063.125 ], [ 563859.6875, 2340100.3125 ], [ 563858.125, 2340106.25 ], [ 563853.4375, 2340112.8125 ], [ 563846.09375, 2340116.71875 ], [ 563833.90625, 2340119.53125 ], [ 563789.84375, 2340120.46875 ], [ 563784.6875, 2340122.8125 ], [ 563781.40625, 2340127.03125 ], [ 563780.0, 2340133.125 ], [ 563780.0, 2340215.625 ], [ 563782.8125, 2340218.4375 ], [ 563793.125, 2340220.0 ] ] } },
{ "type": "Feature", "properties": { }, "geometry": { "type": "LineString", "coordinates": [ [ 583713.125, 2333520.0 ], [ 584106.875, 2333520.0 ], [ 584117.1875, 2333519.0625 ], [ 584128.75, 2333515.625 ], [ 584193.59375, 2333482.96875 ], [ 584199.6875, 2333477.8125 ], [ 584207.1875, 2333466.5625 ], [ 584211.25, 2333463.125 ], [ 584219.6875, 2333460.3125 ], [ 584230.15625, 2333459.53125 ], [ 584235.3125, 2333457.1875 ], [ 584238.59375, 2333452.96875 ], [ 584239.53125, 2333450.15625 ], [ 584240.9375, 2333436.5625 ], [ 584244.6875, 2333429.0625 ], [ 584248.75, 2333425.625 ], [ 584291.25, 2333404.375 ], [ 584297.8125, 2333399.6875 ], [ 584304.375, 2333391.25 ], [ 584315.625, 2333368.75 ], [ 584321.25, 2333363.125 ], [ 584326.5625, 2333360.9375 ], [ 584340.3125, 2333359.6875 ], [ 584346.25, 2333358.125 ], [ 584350.9375, 2333355.3125 ], [ 584357.1875, 2333346.5625 ], [ 584361.25, 2333343.125 ], [ 584366.5625, 2333340.9375 ], [ 584380.3125, 2333339.6875 ], [ 584386.25, 2333338.125 ], [ 584390.9375, 2333335.3125 ], [ 584397.1875, 2333326.5625 ], [ 584403.75, 2333321.875 ], [ 584413.125, 2333320.0 ], [ 584446.875, 2333320.0 ], [ 584450.15625, 2333319.53125 ], [ 584455.3125, 2333317.1875 ], [ 584457.1875, 2333315.3125 ], [ 584459.53125, 2333310.15625 ], [ 584460.3125, 2333299.6875 ], [ 584463.125, 2333291.25 ], [ 584466.5625, 2333287.1875 ], [ 584473.59375, 2333282.96875 ], [ 584479.6875, 2333277.8125 ], [ 584489.0625, 2333264.6875 ], [ 584496.5625, 2333260.9375 ], [ 584513.90625, 2333259.53125 ], [ 584526.09375, 2333256.71875 ], [ 584553.4375, 2333242.8125 ], [ 584556.875, 2333238.75 ], [ 584559.0625, 2333233.4375 ], [ 584560.3125, 2333219.6875 ], [ 584561.875, 2333213.75 ], [ 584564.6875, 2333209.0625 ], [ 584568.75, 2333205.625 ], [ 584576.71875, 2333202.34375 ], [ 584586.09375, 2333200.46875 ], [ 584626.875, 2333200.0 ], [ 584630.15625, 2333199.53125 ], [ 584635.3125, 2333197.1875 ], [ 584637.1875, 2333195.3125 ], [ 584639.53125, 2333190.15625 ], [ 584640.3125, 2333179.6875 ], [ 584641.875, 2333173.75 ], [ 584646.5625, 2333167.1875 ], [ 584693.59375, 2333142.96875 ], [ 584699.6875, 2333137.8125 ], [ 584707.1875, 2333126.5625 ], [ 584711.25, 2333123.125 ], [ 584719.6875, 2333120.3125 ], [ 584733.4375, 2333119.0625 ], [ 584740.9375, 2333115.3125 ], [ 584744.375, 2333111.25 ], [ 584777.1875, 2333046.5625 ], [ 584781.25, 2333043.125 ], [ 584786.5625, 2333040.9375 ], [ 584800.3125, 2333039.6875 ], [ 584808.75, 2333036.875 ], [ 584812.8125, 2333033.4375 ], [ 584817.1875, 2333026.5625 ], [ 584823.75, 2333021.875 ], [ 584833.125, 2333020.0 ], [ 584866.875, 2333020.0 ], [ 584876.25, 2333018.125 ], [ 584880.9375, 2333015.3125 ], [ 584887.1875, 2333006.5625 ], [ 584891.25, 2333003.125 ], [ 584896.5625, 2333000.9375 ], [ 584910.3125, 2332999.6875 ], [ 584916.25, 2332998.125 ], [ 584922.8125, 2332993.4375 ], [ 584929.0625, 2332984.6875 ], [ 584936.5625, 2332980.9375 ], [ 584943.125, 2332980.0 ], [ 585006.875, 2332980.0 ], [ 585016.25, 2332978.125 ], [ 585020.9375, 2332975.3125 ], [ 585027.1875, 2332966.5625 ], [ 585031.25, 2332963.125 ], [ 585036.5625, 2332960.9375 ], [ 585050.3125, 2332959.6875 ], [ 585056.25, 2332958.125 ], [ 585060.9375, 2332955.3125 ], [ 585067.1875, 2332946.5625 ], [ 585073.75, 2332941.875 ], [ 585079.6875, 2332940.3125 ], [ 585097.1875, 2332939.0625 ], [ 585103.28125, 2332937.65625 ], [ 585111.25, 2332934.375 ], [ 585115.3125, 2332930.9375 ], [ 585118.125, 2332926.25 ], [ 585119.6875, 2332920.3125 ], [ 585120.46875, 2332909.84375 ], [ 585121.40625, 2332907.03125 ], [ 585124.6875, 2332902.8125 ], [ 585129.84375, 2332900.46875 ], [ 585140.3125, 2332899.6875 ], [ 585148.75, 2332896.875 ], [ 585152.8125, 2332893.4375 ], [ 585159.0625, 2332884.6875 ], [ 585166.5625, 2332880.9375 ], [ 585173.125, 2332880.0 ], [ 585266.875, 2332880.0 ], [ 585272.96875, 2332878.59375 ], [ 585277.1875, 2332875.3125 ], [ 585279.53125, 2332870.15625 ], [ 585280.0, 2332833.125 ], [ 585280.9375, 2332826.5625 ], [ 585283.125, 2332821.25 ], [ 585288.75, 2332815.625 ], [ 585311.25, 2332804.375 ], [ 585319.6875, 2332801.5625 ], [ 585333.125, 2332800.0 ], [ 585430.46875, 2332799.84375 ], [ 585443.28125, 2332797.65625 ], [ 585448.75, 2332795.625 ], [ 585453.4375, 2332792.8125 ], [ 585456.875, 2332788.75 ], [ 585459.6875, 2332780.3125 ], [ 585460.0, 2332743.125 ], [ 585460.9375, 2332736.5625 ], [ 585464.6875, 2332729.0625 ], [ 585468.75, 2332725.625 ], [ 585473.90625, 2332723.28125 ], [ 585482.8125, 2332720.9375 ], [ 585496.875, 2332720.0 ], [ 585503.4375, 2332720.9375 ], [ 585510.9375, 2332724.6875 ], [ 585514.375, 2332728.75 ], [ 585517.65625, 2332736.71875 ], [ 585519.53125, 2332746.09375 ], [ 585520.3125, 2332760.3125 ], [ 585521.875, 2332766.25 ], [ 585524.6875, 2332770.9375 ], [ 585531.25, 2332775.625 ], [ 585539.6875, 2332778.4375 ], [ 585553.125, 2332780.0 ], [ 585590.46875, 2332779.84375 ], [ 585603.28125, 2332777.65625 ], [ 585608.75, 2332775.625 ], [ 585673.90625, 2332743.28125 ], [ 585682.8125, 2332740.9375 ], [ 585700.3125, 2332739.6875 ], [ 585706.25, 2332738.125 ], [ 585710.9375, 2332735.3125 ], [ 585717.1875, 2332726.5625 ], [ 585721.25, 2332723.125 ], [ 585726.5625, 2332720.9375 ], [ 585740.3125, 2332719.6875 ], [ 585746.25, 2332718.125 ], [ 585750.9375, 2332715.3125 ], [ 585757.1875, 2332706.5625 ], [ 585763.75, 2332701.875 ], [ 585773.125, 2332700.0 ], [ 585806.875, 2332700.0 ], [ 585816.25, 2332698.125 ], [ 585820.9375, 2332695.3125 ], [ 585827.1875, 2332686.5625 ], [ 585831.25, 2332683.125 ], [ 585836.5625, 2332680.9375 ], [ 585850.3125, 2332679.6875 ], [ 585856.25, 2332678.125 ], [ 585860.9375, 2332675.3125 ], [ 585867.1875, 2332666.5625 ], [ 585871.25, 2332663.125 ], [ 585876.5625, 2332660.9375 ], [ 585890.3125, 2332659.6875 ], [ 585898.75, 2332656.875 ], [ 585904.375, 2332651.25 ], [ 585915.625, 2332628.75 ], [ 585921.25, 2332623.125 ], [ 585926.5625, 2332620.9375 ], [ 585940.3125, 2332619.6875 ], [ 585946.25, 2332618.125 ], [ 585952.8125, 2332613.4375 ], [ 585959.0625, 2332604.6875 ], [ 585966.5625, 2332600.9375 ], [ 585973.125, 2332600.0 ], [ 586006.875, 2332600.0 ], [ 586016.25, 2332598.125 ], [ 586020.9375, 2332595.3125 ], [ 586027.1875, 2332586.5625 ], [ 586031.25, 2332583.125 ], [ 586036.5625, 2332580.9375 ], [ 586050.3125, 2332579.6875 ], [ 586056.25, 2332578.125 ], [ 586060.9375, 2332575.3125 ], [ 586067.1875, 2332566.5625 ], [ 586071.25, 2332563.125 ], [ 586076.5625, 2332560.9375 ], [ 586090.3125, 2332559.6875 ], [ 586098.75, 2332556.875 ], [ 586104.375, 2332551.25 ], [ 586115.625, 2332528.75 ], [ 586120.3125, 2332522.1875 ], [ 586126.40625, 2332517.03125 ], [ 586151.25, 2332504.375 ], [ 586157.8125, 2332499.6875 ], [ 586164.375, 2332491.25 ], [ 586175.625, 2332468.75 ], [ 586178.59375, 2332464.21875 ], [ 586184.21875, 2332458.59375 ], [ 586193.4375, 2332452.8125 ], [ 586196.875, 2332448.75 ], [ 586199.0625, 2332443.4375 ], [ 586200.0, 2332436.875 ], [ 586200.0, 2332373.125 ], [ 586198.59375, 2332367.03125 ], [ 586195.3125, 2332362.8125 ], [ 586192.96875, 2332361.40625 ], [ 586186.875, 2332360.0 ], [ 586093.125, 2332360.0 ], [ 586086.5625, 2332360.9375 ], [ 586081.25, 2332363.125 ], [ 586077.1875, 2332366.5625 ], [ 586070.9375, 2332375.3125 ], [ 586066.25, 2332378.125 ], [ 586060.3125, 2332379.6875 ], [ 585993.125, 2332380.0 ], [ 585986.5625, 2332380.9375 ], [ 585981.25, 2332383.125 ], [ 585977.1875, 2332386.5625 ], [ 585964.375, 2332411.25 ], [ 585960.9375, 2332415.3125 ], [ 585953.4375, 2332419.0625 ], [ 585939.6875, 2332420.3125 ], [ 585933.75, 2332421.875 ], [ 585927.1875, 2332426.5625 ], [ 585920.9375, 2332435.3125 ], [ 585913.4375, 2332439.0625 ], [ 585906.875, 2332440.0 ], [ 585873.125, 2332440.0 ], [ 585862.8125, 2332440.9375 ], [ 585853.90625, 2332443.28125 ], [ 585828.75, 2332455.625 ], [ 585820.3125, 2332458.4375 ], [ 585810.46875, 2332459.84375 ], [ 585773.125, 2332460.0 ], [ 585766.5625, 2332460.9375 ], [ 585759.0625, 2332464.6875 ], [ 585750.9375, 2332475.3125 ], [ 585746.25, 2332478.125 ], [ 585740.3125, 2332479.6875 ], [ 585673.125, 2332480.0 ], [ 585659.6875, 2332481.5625 ], [ 585651.25, 2332484.375 ], [ 585628.75, 2332495.625 ], [ 585623.28125, 2332497.65625 ], [ 585613.90625, 2332499.53125 ], [ 585599.6875, 2332500.3125 ], [ 585593.75, 2332501.875 ], [ 585587.1875, 2332506.5625 ], [ 585580.9375, 2332515.3125 ], [ 585573.4375, 2332519.0625 ], [ 585566.875, 2332520.0 ], [ 585533.125, 2332520.0 ], [ 585523.75, 2332521.875 ], [ 585519.0625, 2332524.6875 ], [ 585512.8125, 2332533.4375 ], [ 585506.25, 2332538.125 ], [ 585500.3125, 2332539.6875 ], [ 585486.09375, 2332540.46875 ], [ 585476.71875, 2332542.34375 ], [ 585443.28125, 2332557.65625 ], [ 585430.46875, 2332559.84375 ], [ 585389.6875, 2332560.3125 ], [ 585381.25, 2332563.125 ], [ 585377.1875, 2332566.5625 ], [ 585370.9375, 2332575.3125 ], [ 585363.4375, 2332579.0625 ], [ 585356.875, 2332580.0 ], [ 585323.125, 2332580.0 ], [ 585313.75, 2332581.875 ], [ 585309.0625, 2332584.6875 ], [ 585305.625, 2332588.75 ], [ 585282.8125, 2332633.4375 ], [ 585278.75, 2332636.875 ], [ 585270.3125, 2332639.6875 ], [ 585169.6875, 2332639.6875 ], [ 585161.25, 2332636.875 ], [ 585157.1875, 2332633.4375 ], [ 585150.9375, 2332624.6875 ], [ 585146.25, 2332621.875 ], [ 585140.3125, 2332620.3125 ], [ 585069.6875, 2332620.3125 ], [ 585061.25, 2332623.125 ], [ 585057.1875, 2332626.5625 ], [ 585050.9375, 2332635.3125 ], [ 585043.4375, 2332639.0625 ], [ 585036.875, 2332640.0 ], [ 584969.6875, 2332640.3125 ], [ 584961.25, 2332643.125 ], [ 584957.1875, 2332646.5625 ], [ 584950.9375, 2332655.3125 ], [ 584946.25, 2332658.125 ], [ 584940.3125, 2332659.6875 ], [ 584873.125, 2332660.0 ], [ 584859.6875, 2332661.5625 ], [ 584851.25, 2332664.375 ], [ 584828.75, 2332675.625 ], [ 584823.28125, 2332677.65625 ], [ 584813.90625, 2332679.53125 ], [ 584799.6875, 2332680.3125 ], [ 584793.75, 2332681.875 ], [ 584787.1875, 2332686.5625 ], [ 584780.9375, 2332695.3125 ], [ 584773.4375, 2332699.0625 ], [ 584766.875, 2332700.0 ], [ 584729.53125, 2332700.15625 ], [ 584719.6875, 2332701.5625 ], [ 584711.25, 2332704.375 ], [ 584688.75, 2332715.625 ], [ 584677.1875, 2332719.0625 ], [ 584666.875, 2332720.0 ], [ 584633.125, 2332720.0 ], [ 584619.6875, 2332721.5625 ], [ 584611.25, 2332724.375 ], [ 584588.75, 2332735.625 ], [ 584577.1875, 2332739.0625 ], [ 584566.875, 2332740.0 ], [ 584323.125, 2332740.0 ], [ 584316.5625, 2332740.9375 ], [ 584311.25, 2332743.125 ], [ 584307.1875, 2332746.5625 ], [ 584300.9375, 2332755.3125 ], [ 584296.25, 2332758.125 ], [ 584290.3125, 2332759.6875 ], [ 584133.125, 2332760.0 ], [ 584119.6875, 2332761.5625 ], [ 584111.25, 2332764.375 ], [ 584106.5625, 2332767.1875 ], [ 584103.125, 2332771.25 ], [ 584100.9375, 2332776.5625 ], [ 584100.0, 2332783.125 ], [ 584099.84375, 2332850.46875 ], [ 584097.65625, 2332863.28125 ], [ 584095.625, 2332868.75 ], [ 584092.8125, 2332873.4375 ], [ 584088.75, 2332876.875 ], [ 584083.4375, 2332879.0625 ], [ 584066.09375, 2332880.46875 ], [ 584053.90625, 2332883.28125 ], [ 584028.75, 2332895.625 ], [ 584017.1875, 2332899.0625 ], [ 584006.875, 2332900.0 ], [ 583849.53125, 2332900.15625 ], [ 583842.8125, 2332900.9375 ], [ 583833.90625, 2332903.28125 ], [ 583806.09375, 2332916.71875 ], [ 583793.90625, 2332919.53125 ], [ 583629.53125, 2332920.15625 ], [ 583622.8125, 2332920.9375 ], [ 583613.90625, 2332923.28125 ], [ 583583.28125, 2332937.65625 ], [ 583577.1875, 2332939.0625 ], [ 583566.875, 2332940.0 ], [ 583526.09375, 2332939.53125 ], [ 583516.71875, 2332937.65625 ], [ 583508.75, 2332934.375 ], [ 583504.6875, 2332930.9375 ], [ 583501.875, 2332926.25 ], [ 583500.3125, 2332920.3125 ], [ 583500.0, 2332913.125 ], [ 583498.59375, 2332907.03125 ], [ 583495.3125, 2332902.8125 ], [ 583490.15625, 2332900.46875 ], [ 583423.125, 2332900.0 ], [ 583416.5625, 2332900.9375 ], [ 583411.25, 2332903.125 ], [ 583407.1875, 2332906.5625 ], [ 583402.8125, 2332913.4375 ], [ 583396.25, 2332918.125 ], [ 583390.3125, 2332919.6875 ], [ 583379.6875, 2332920.3125 ], [ 583371.25, 2332923.125 ], [ 583367.1875, 2332926.5625 ], [ 583362.8125, 2332933.4375 ], [ 583356.25, 2332938.125 ], [ 583350.3125, 2332939.6875 ], [ 583339.6875, 2332940.3125 ], [ 583331.25, 2332943.125 ], [ 583327.1875, 2332946.5625 ], [ 583322.8125, 2332953.4375 ], [ 583316.25, 2332958.125 ], [ 583306.875, 2332960.0 ], [ 583269.53125, 2332959.84375 ], [ 583259.6875, 2332958.4375 ], [ 583251.25, 2332955.625 ], [ 583246.5625, 2332952.8125 ], [ 583241.875, 2332946.25 ], [ 583240.0, 2332936.875 ], [ 583239.53125, 2332866.09375 ], [ 583236.71875, 2332853.90625 ], [ 583234.375, 2332848.75 ], [ 583230.9375, 2332844.6875 ], [ 583226.25, 2332841.875 ], [ 583216.875, 2332840.0 ], [ 583123.125, 2332840.0 ], [ 583116.5625, 2332840.9375 ], [ 583111.25, 2332843.125 ], [ 583107.1875, 2332846.5625 ], [ 583102.8125, 2332853.4375 ], [ 583096.25, 2332858.125 ], [ 583090.3125, 2332859.6875 ], [ 583079.6875, 2332860.3125 ], [ 583071.25, 2332863.125 ], [ 583067.1875, 2332866.5625 ], [ 583062.8125, 2332873.4375 ], [ 583056.25, 2332878.125 ], [ 583050.3125, 2332879.6875 ], [ 583039.6875, 2332880.3125 ], [ 583031.25, 2332883.125 ], [ 583027.1875, 2332886.5625 ], [ 583020.9375, 2332895.3125 ], [ 583016.25, 2332898.125 ], [ 583010.3125, 2332899.6875 ], [ 582789.53125, 2332900.15625 ], [ 582782.8125, 2332900.9375 ], [ 582773.90625, 2332903.28125 ], [ 582748.75, 2332915.625 ], [ 582737.1875, 2332919.0625 ], [ 582726.875, 2332920.0 ], [ 582633.125, 2332920.0 ], [ 582627.03125, 2332921.40625 ], [ 582624.6875, 2332922.8125 ], [ 582621.40625, 2332927.03125 ], [ 582620.0, 2332933.125 ], [ 582620.0, 2332996.875 ], [ 582621.875, 2333006.25 ], [ 582624.6875, 2333010.9375 ], [ 582628.75, 2333014.375 ], [ 582639.6875, 2333018.4375 ], [ 582646.09375, 2333019.53125 ], [ 582660.3125, 2333020.3125 ], [ 582666.25, 2333021.875 ], [ 582670.9375, 2333024.6875 ], [ 582677.1875, 2333033.4375 ], [ 582681.25, 2333036.875 ], [ 582686.5625, 2333039.0625 ], [ 582700.3125, 2333040.3125 ], [ 582708.75, 2333043.125 ], [ 582712.8125, 2333046.5625 ], [ 582720.3125, 2333057.8125 ], [ 582728.75, 2333064.375 ], [ 582791.25, 2333095.625 ], [ 582799.6875, 2333098.4375 ], [ 582813.125, 2333100.0 ], [ 582853.90625, 2333099.53125 ], [ 582863.28125, 2333097.65625 ], [ 582871.25, 2333094.375 ], [ 582875.3125, 2333090.9375 ], [ 582879.0625, 2333083.4375 ], [ 582880.0, 2333076.875 ], [ 582880.3125, 2333039.6875 ], [ 582881.875, 2333033.75 ], [ 582884.6875, 2333029.0625 ], [ 582891.25, 2333024.375 ], [ 582902.8125, 2333020.9375 ], [ 582916.875, 2333020.0 ], [ 582926.25, 2333021.875 ], [ 582932.8125, 2333026.5625 ], [ 582938.59375, 2333035.78125 ], [ 582944.21875, 2333041.40625 ], [ 582948.75, 2333044.375 ], [ 582971.25, 2333055.625 ], [ 582975.3125, 2333059.0625 ], [ 582979.0625, 2333066.5625 ], [ 582980.9375, 2333083.4375 ], [ 582983.125, 2333088.75 ], [ 582986.5625, 2333092.8125 ], [ 583031.25, 2333115.625 ], [ 583035.3125, 2333119.0625 ], [ 583039.0625, 2333126.5625 ], [ 583040.3125, 2333140.3125 ], [ 583041.875, 2333146.25 ], [ 583044.6875, 2333150.9375 ], [ 583048.75, 2333154.375 ], [ 583056.71875, 2333157.65625 ], [ 583066.09375, 2333159.53125 ], [ 583106.875, 2333160.0 ], [ 583113.4375, 2333160.9375 ], [ 583120.9375, 2333164.6875 ], [ 583127.1875, 2333173.4375 ], [ 583131.25, 2333176.875 ], [ 583139.6875, 2333179.6875 ], [ 583150.15625, 2333180.46875 ], [ 583152.96875, 2333181.40625 ], [ 583157.1875, 2333184.6875 ], [ 583158.59375, 2333187.03125 ], [ 583160.0, 2333193.125 ], [ 583160.3125, 2333260.3125 ], [ 583163.125, 2333268.75 ], [ 583168.75, 2333274.375 ], [ 583176.71875, 2333277.65625 ], [ 583186.09375, 2333279.53125 ], [ 583226.875, 2333280.0 ], [ 583236.25, 2333281.875 ], [ 583240.9375, 2333284.6875 ], [ 583247.1875, 2333293.4375 ], [ 583251.25, 2333296.875 ], [ 583259.6875, 2333299.6875 ], [ 583273.4375, 2333300.9375 ], [ 583280.9375, 2333304.6875 ], [ 583284.375, 2333308.75 ], [ 583297.03125, 2333333.59375 ], [ 583300.3125, 2333337.8125 ], [ 583306.40625, 2333342.96875 ], [ 583331.25, 2333355.625 ], [ 583336.71875, 2333357.65625 ], [ 583346.09375, 2333359.53125 ], [ 583360.3125, 2333360.3125 ], [ 583368.75, 2333363.125 ], [ 583372.8125, 2333366.5625 ], [ 583380.3125, 2333377.8125 ], [ 583386.40625, 2333382.96875 ], [ 583451.25, 2333415.625 ], [ 583459.6875, 2333418.4375 ], [ 583469.53125, 2333419.84375 ], [ 583536.875, 2333420.0 ], [ 583546.25, 2333421.875 ], [ 583550.9375, 2333424.6875 ], [ 583557.1875, 2333433.4375 ], [ 583561.25, 2333436.875 ], [ 583566.5625, 2333439.0625 ], [ 583580.3125, 2333440.3125 ], [ 583586.25, 2333441.875 ], [ 583590.9375, 2333444.6875 ], [ 583597.1875, 2333453.4375 ], [ 583601.25, 2333456.875 ], [ 583606.5625, 2333459.0625 ], [ 583620.3125, 2333460.3125 ], [ 583626.25, 2333461.875 ], [ 583630.9375, 2333464.6875 ], [ 583637.1875, 2333473.4375 ], [ 583641.25, 2333476.875 ], [ 583646.5625, 2333479.0625 ], [ 583660.3125, 2333480.3125 ], [ 583668.75, 2333483.125 ], [ 583672.8125, 2333486.5625 ], [ 583677.03125, 2333493.59375 ], [ 583682.1875, 2333499.6875 ], [ 583698.125, 2333510.625 ], [ 583701.40625, 2333517.65625 ], [ 583704.6875, 2333519.0625 ], [ 583713.125, 2333520.0 ] ] } },
{ "type": "Feature", "properties": { }, "geometry": { "type": "LineString", "coordinates": [ [ 578873.125, 2333300.0 ], [ 579056.875, 2333300.0 ], [ 579063.4375, 2333299.0625 ], [ 579068.75, 2333296.875 ], [ 579072.8125, 2333293.4375 ], [ 579075.625, 2333288.75 ], [ 579077.65625, 2333283.28125 ], [ 579079.84375, 2333270.46875 ], [ 579080.0, 2333233.125 ], [ 579080.9375, 2333222.8125 ], [ 579082.34375, 2333216.71875 ], [ 579085.625, 2333208.75 ], [ 579089.0625, 2333204.6875 ], [ 579093.75, 2333201.875 ], [ 579099.6875, 2333200.3125 ], [ 579113.90625, 2333199.53125 ], [ 579123.28125, 2333197.65625 ], [ 579128.75, 2333195.625 ], [ 579151.25, 2333184.375 ], [ 579162.8125, 2333180.9375 ], [ 579173.125, 2333180.0 ], [ 579273.90625, 2333179.53125 ], [ 579286.09375, 2333176.71875 ], [ 579311.25, 2333164.375 ], [ 579322.8125, 2333160.9375 ], [ 579333.125, 2333160.0 ], [ 579396.875, 2333160.0 ], [ 579403.4375, 2333159.0625 ], [ 579408.75, 2333156.875 ], [ 579414.375, 2333151.25 ], [ 579435.625, 2333108.75 ], [ 579439.0625, 2333097.1875 ], [ 579440.0, 2333086.875 ], [ 579440.0, 2333023.125 ], [ 579439.0625, 2333016.5625 ], [ 579436.875, 2333011.25 ], [ 579431.25, 2333005.625 ], [ 579388.75, 2332984.375 ], [ 579377.1875, 2332980.9375 ], [ 579366.875, 2332980.0 ], [ 579269.6875, 2332979.6875 ], [ 579261.25, 2332976.875 ], [ 579257.1875, 2332973.4375 ], [ 579250.9375, 2332964.6875 ], [ 579243.4375, 2332960.9375 ], [ 579236.875, 2332960.0 ], [ 579169.84375, 2332959.53125 ], [ 579164.6875, 2332957.1875 ], [ 579161.40625, 2332952.96875 ], [ 579160.0, 2332946.875 ], [ 579159.6875, 2332939.6875 ], [ 579158.125, 2332933.75 ], [ 579155.3125, 2332929.0625 ], [ 579151.25, 2332925.625 ], [ 579143.28125, 2332922.34375 ], [ 579133.90625, 2332920.46875 ], [ 579093.125, 2332920.0 ], [ 579083.75, 2332918.125 ], [ 579079.0625, 2332915.3125 ], [ 579072.8125, 2332906.5625 ], [ 579068.75, 2332903.125 ], [ 579063.4375, 2332900.9375 ], [ 579049.6875, 2332899.6875 ], [ 579043.75, 2332898.125 ], [ 579037.1875, 2332893.4375 ], [ 579030.9375, 2332884.6875 ], [ 579023.4375, 2332880.9375 ], [ 579016.875, 2332880.0 ], [ 578923.125, 2332880.0 ], [ 578916.5625, 2332879.0625 ], [ 578909.0625, 2332875.3125 ], [ 578905.625, 2332871.25 ], [ 578901.40625, 2332864.21875 ], [ 578895.78125, 2332858.59375 ], [ 578864.21875, 2332841.40625 ], [ 578858.59375, 2332835.78125 ], [ 578854.375, 2332828.75 ], [ 578850.9375, 2332824.6875 ], [ 578846.25, 2332821.875 ], [ 578836.875, 2332820.0 ], [ 578709.6875, 2332820.3125 ], [ 578703.75, 2332821.875 ], [ 578699.0625, 2332824.6875 ], [ 578692.8125, 2332833.4375 ], [ 578686.25, 2332838.125 ], [ 578680.3125, 2332839.6875 ], [ 578666.09375, 2332840.46875 ], [ 578656.71875, 2332842.34375 ], [ 578623.28125, 2332857.65625 ], [ 578610.46875, 2332859.84375 ], [ 578573.125, 2332860.0 ], [ 578566.5625, 2332860.9375 ], [ 578561.25, 2332863.125 ], [ 578557.1875, 2332866.5625 ], [ 578544.375, 2332891.25 ], [ 578538.75, 2332896.875 ], [ 578530.3125, 2332899.6875 ], [ 578489.53125, 2332900.15625 ], [ 578482.8125, 2332900.9375 ], [ 578473.90625, 2332903.28125 ], [ 578368.75, 2332955.625 ], [ 578362.1875, 2332960.3125 ], [ 578357.03125, 2332966.40625 ], [ 578344.375, 2332991.25 ], [ 578340.9375, 2333002.8125 ], [ 578340.0, 2333013.125 ], [ 578340.3125, 2333080.3125 ], [ 578341.875, 2333086.25 ], [ 578344.6875, 2333090.9375 ], [ 578357.8125, 2333100.3125 ], [ 578361.40625, 2333104.21875 ], [ 578367.1875, 2333113.4375 ], [ 578371.25, 2333116.875 ], [ 578376.5625, 2333119.0625 ], [ 578390.3125, 2333120.3125 ], [ 578396.25, 2333121.875 ], [ 578400.9375, 2333124.6875 ], [ 578407.1875, 2333133.4375 ], [ 578411.25, 2333136.875 ], [ 578416.5625, 2333139.0625 ], [ 578430.3125, 2333140.3125 ], [ 578436.25, 2333141.875 ], [ 578440.9375, 2333144.6875 ], [ 578447.1875, 2333153.4375 ], [ 578453.75, 2333158.125 ], [ 578459.6875, 2333159.6875 ], [ 578477.1875, 2333160.9375 ], [ 578483.28125, 2333162.34375 ], [ 578491.25, 2333165.625 ], [ 578495.3125, 2333169.0625 ], [ 578498.125, 2333173.75 ], [ 578499.6875, 2333179.6875 ], [ 578500.0, 2333186.875 ], [ 578501.40625, 2333192.96875 ], [ 578502.8125, 2333195.3125 ], [ 578507.03125, 2333198.59375 ], [ 578513.125, 2333200.0 ], [ 578553.90625, 2333200.46875 ], [ 578560.3125, 2333201.5625 ], [ 578568.75, 2333204.375 ], [ 578591.25, 2333215.625 ], [ 578595.78125, 2333218.59375 ], [ 578601.40625, 2333224.21875 ], [ 578607.1875, 2333233.4375 ], [ 578611.25, 2333236.875 ], [ 578616.5625, 2333239.0625 ], [ 578630.3125, 2333240.3125 ], [ 578636.25, 2333241.875 ], [ 578640.9375, 2333244.6875 ], [ 578647.1875, 2333253.4375 ], [ 578651.25, 2333256.875 ], [ 578656.5625, 2333259.0625 ], [ 578670.3125, 2333260.3125 ], [ 578676.25, 2333261.875 ], [ 578680.9375, 2333264.6875 ], [ 578687.1875, 2333273.4375 ], [ 578693.75, 2333278.125 ], [ 578703.125, 2333280.0 ], [ 578833.90625, 2333280.46875 ], [ 578843.28125, 2333282.34375 ], [ 578853.4375, 2333286.875 ], [ 578858.125, 2333290.625 ], [ 578859.6875, 2333293.125 ], [ 578860.46875, 2333296.71875 ], [ 578862.8125, 2333298.4375 ], [ 578873.125, 2333300.0 ] ] } },
{ "type": "Feature", "properties": { }, "geometry": { "type": "LineString", "coordinates": [ [ 589253.125, 2328180.0 ], [ 589316.875, 2328180.0 ], [ 589323.4375, 2328179.0625 ], [ 589328.75, 2328176.875 ], [ 589332.8125, 2328173.4375 ], [ 589340.3125, 2328162.1875 ], [ 589344.21875, 2328158.59375 ], [ 589353.4375, 2328152.8125 ], [ 589356.875, 2328148.75 ], [ 589359.6875, 2328140.3125 ], [ 589360.9375, 2328126.5625 ], [ 589364.6875, 2328119.0625 ], [ 589368.75, 2328115.625 ], [ 589391.25, 2328104.375 ], [ 589395.3125, 2328100.9375 ], [ 589399.0625, 2328093.4375 ], [ 589400.3125, 2328079.6875 ], [ 589403.125, 2328071.25 ], [ 589406.5625, 2328067.1875 ], [ 589413.4375, 2328062.8125 ], [ 589418.125, 2328056.25 ], [ 589419.6875, 2328050.3125 ], [ 589420.3125, 2328039.6875 ], [ 589423.125, 2328031.25 ], [ 589426.5625, 2328027.1875 ], [ 589433.4375, 2328022.8125 ], [ 589438.125, 2328016.25 ], [ 589440.0, 2328006.875 ], [ 589440.0, 2327973.125 ], [ 589441.875, 2327963.75 ], [ 589444.6875, 2327959.0625 ], [ 589453.4375, 2327952.8125 ], [ 589458.125, 2327946.25 ], [ 589459.6875, 2327940.3125 ], [ 589460.9375, 2327922.8125 ], [ 589463.28125, 2327913.90625 ], [ 589495.625, 2327848.75 ], [ 589497.65625, 2327843.28125 ], [ 589499.0625, 2327837.1875 ], [ 589500.0, 2327826.875 ], [ 589500.0, 2327493.125 ], [ 589498.4375, 2327479.6875 ], [ 589494.375, 2327468.75 ], [ 589490.9375, 2327464.6875 ], [ 589483.4375, 2327460.9375 ], [ 589476.875, 2327460.0 ], [ 589413.125, 2327460.0 ], [ 589403.75, 2327461.875 ], [ 589399.0625, 2327464.6875 ], [ 589395.625, 2327468.75 ], [ 589384.375, 2327491.25 ], [ 589382.34375, 2327496.71875 ], [ 589380.15625, 2327509.53125 ], [ 589380.0, 2327546.875 ], [ 589379.0625, 2327553.4375 ], [ 589375.3125, 2327560.9375 ], [ 589364.6875, 2327569.0625 ], [ 589361.875, 2327573.75 ], [ 589360.3125, 2327579.6875 ], [ 589360.0, 2327646.875 ], [ 589359.0625, 2327653.4375 ], [ 589355.3125, 2327660.9375 ], [ 589344.6875, 2327669.0625 ], [ 589340.9375, 2327676.5625 ], [ 589340.0, 2327683.125 ], [ 589340.0, 2327716.875 ], [ 589339.0625, 2327723.4375 ], [ 589335.3125, 2327730.9375 ], [ 589324.6875, 2327739.0625 ], [ 589320.9375, 2327746.5625 ], [ 589320.0, 2327753.125 ], [ 589319.84375, 2327790.46875 ], [ 589318.4375, 2327800.3125 ], [ 589315.625, 2327808.75 ], [ 589304.375, 2327831.25 ], [ 589301.5625, 2327839.6875 ], [ 589300.15625, 2327849.53125 ], [ 589300.0, 2327886.875 ], [ 589298.4375, 2327900.3125 ], [ 589295.625, 2327908.75 ], [ 589282.96875, 2327933.59375 ], [ 589275.78125, 2327941.40625 ], [ 589266.5625, 2327947.1875 ], [ 589261.875, 2327953.75 ], [ 589260.0, 2327963.125 ], [ 589260.0, 2328026.875 ], [ 589259.0625, 2328033.4375 ], [ 589255.3125, 2328040.9375 ], [ 589244.6875, 2328049.0625 ], [ 589241.875, 2328053.75 ], [ 589240.3125, 2328059.6875 ], [ 589240.0, 2328175.625 ], [ 589242.8125, 2328178.4375 ], [ 589253.125, 2328180.0 ] ] } }
]
}
