{
"type": "FeatureCollection",
"name": "reach3_s1_shoreline_2022_dry",
"crs": { "type": "name", "properties": { "name": "urn:ogc:def:crs:EPSG::32648" } },
"features": [
{ "type": "Feature", "properties": { }, "geometry": { "type": "LineString", "coordinates": [ [ 601633.125, 2289060.0 ], [ 601666.875, 2289060.0 ], [ 601680.3125, 2289058.4375 ], [ 601691.25, 2289054.375 ], [ 601695.3125, 2289050.9375 ], [ 601698.125, 2289046.25 ], [ 601699.6875, 2289040.3125 ], [ 601700.46875, 2289026.09375 ], [ 601702.34375, 2289016.71875 ], [ 601716.71875, 2288986.09375 ], [ 601718.4375, 2288980.3125 ], [ 601719.84375, 2288970.46875 ], [ 601720.0, 2288873.125 ], [ 601718.59375, 2288867.03125 ], [ 601717.1875, 2288864.6875 ], [ 601712.96875, 2288861.40625 ], [ 601706.875, 2288860.0 ], [ 601673.125, 2288860.0 ], [ 601663.75, 2288861.875 ], [ 601659.0625, 2288864.6875 ], [ 601655.625, 2288868.75 ], [ 601644.375, 2288891.25 ], [ 601641.5625, 2288899.6875 ], [ 601640.15625, 2288909.53125 ], [ 601640.0, 2289006.875 ], [ 601639.53125, 2289010.15625 ], [ 601637.1875, 2289015.3125 ], [ 601632.96875, 2289018.59375 ], [ 601626.875, 2289020.0 ], [ 601593.125, 2289020.0 ], [ 601579.6875, 2289021.5625 ], [ 601568.75, 2289025.625 ], [ 601564.6875, 2289029.0625 ], [ 601561.875, 2289033.75 ], [ 601560.3125, 2289039.6875 ], [ 601560.0, 2289046.875 ], [ 601560.46875, 2289053.90625 ], [ 601562.34375, 2289063.28125 ], [ 601564.375, 2289068.75 ], [ 601567.1875, 2289073.4375 ], [ 601573.75, 2289078.125 ], [ 601579.6875, 2289079.6875 ], [ 601586.875, 2289080.0 ], [ 601593.90625, 2289079.53125 ], [ 601603.28125, 2289077.65625 ], [ 601611.25, 2289074.375 ], [ 601616.875, 2289070.625 ], [ 601619.0625, 2289068.125 ], [ 601620.0, 2289064.375 ], [ 601621.40625, 2289062.34375 ], [ 601624.6875, 2289060.9375 ], [ 601633.125, 2289060.0 ] ] } },
{ "type": "Feature", "properties": { }, "geometry": { "type": "LineString", "coordinates": [ [ 603168.75, 2289335.625 ], [ 603173.4375, 2289332.8125 ], [ 603176.875, 2289328.75 ], [ 603179.0625, 2289323.4375 ], [ 603180.0, 2289316.875 ], [ 603179.53125, 2289306.09375 ], [ 603177.65625, 2289296.71875 ], [ 603174.375, 2289288.75 ], [ 603170.9375, 2289284.6875 ], [ 603166.25, 2289281.875 ], [ 603156.875, 2289280.0 ], [ 603063.125, 2289280.0 ], [ 603056.5625, 2289279.0625 ], [ 603051.25, 2289276.875 ], [ 603045.625, 2289271.25 ], [ 603042.34375, 2289263.28125 ], [ 603040.46875, 2289253.90625 ], [ 603039.6875, 2289239.6875 ], [ 603036.875, 2289231.25 ], [ 603033.4375, 2289227.1875 ], [ 603022.1875, 2289219.6875 ], [ 603018.59375, 2289215.78125 ], [ 603012.8125, 2289206.5625 ], [ 603006.25, 2289201.875 ], [ 602996.875, 2289200.0 ], [ 602866.09375, 2289199.53125 ], [ 602853.90625, 2289196.71875 ], [ 602823.28125, 2289182.34375 ], [ 602813.90625, 2289180.46875 ], [ 602799.6875, 2289179.6875 ], [ 602791.25, 2289176.875 ], [ 602785.625, 2289171.25 ], [ 602783.28125, 2289166.09375 ], [ 602780.9375, 2289157.1875 ], [ 602780.0, 2289146.875 ], [ 602779.84375, 2289109.53125 ], [ 602777.65625, 2289096.71875 ], [ 602775.625, 2289091.25 ], [ 602764.375, 2289068.75 ], [ 602757.8125, 2289060.3125 ], [ 602751.25, 2289055.625 ], [ 602648.75, 2289004.375 ], [ 602637.1875, 2289000.9375 ], [ 602619.6875, 2288999.6875 ], [ 602613.75, 2288998.125 ], [ 602609.0625, 2288995.3125 ], [ 602602.8125, 2288986.5625 ], [ 602596.25, 2288981.875 ], [ 602586.875, 2288980.0 ], [ 602546.09375, 2288979.53125 ], [ 602536.71875, 2288977.65625 ], [ 602528.75, 2288974.375 ], [ 602524.6875, 2288970.9375 ], [ 602520.9375, 2288963.4375 ], [ 602519.0625, 2288942.8125 ], [ 602515.625, 2288931.25 ], [ 602512.8125, 2288926.5625 ], [ 602506.25, 2288921.875 ], [ 602496.875, 2288920.0 ], [ 602489.53125, 2288920.15625 ], [ 602479.6875, 2288921.5625 ], [ 602471.25, 2288924.375 ], [ 602448.75, 2288935.625 ], [ 602437.1875, 2288939.0625 ], [ 602426.875, 2288940.0 ], [ 602393.125, 2288940.0 ], [ 602379.6875, 2288941.5625 ], [ 602368.75, 2288945.625 ], [ 602364.6875, 2288949.0625 ], [ 602361.875, 2288953.75 ], [ 602360.0, 2288963.125 ], [ 602360.46875, 2288973.90625 ], [ 602363.28125, 2288986.09375 ], [ 602367.1875, 2288993.4375 ], [ 602373.75, 2288998.125 ], [ 602379.6875, 2288999.6875 ], [ 602390.15625, 2289000.46875 ], [ 602395.3125, 2289002.8125 ], [ 602397.1875, 2289004.6875 ], [ 602399.53125, 2289009.84375 ], [ 602400.3125, 2289020.3125 ], [ 602401.875, 2289026.25 ], [ 602406.5625, 2289032.8125 ], [ 602451.25, 2289055.625 ], [ 602457.8125, 2289060.3125 ], [ 602462.96875, 2289066.40625 ], [ 602475.625, 2289091.25 ], [ 602480.3125, 2289097.8125 ], [ 602486.40625, 2289102.96875 ], [ 602511.25, 2289115.625 ], [ 602517.8125, 2289120.3125 ], [ 602522.96875, 2289126.40625 ], [ 602535.625, 2289151.25 ], [ 602540.3125, 2289157.8125 ], [ 602546.40625, 2289162.96875 ], [ 602571.25, 2289175.625 ], [ 602577.8125, 2289180.3125 ], [ 602582.96875, 2289186.40625 ], [ 602595.625, 2289211.25 ], [ 602599.0625, 2289215.3125 ], [ 602606.5625, 2289219.0625 ], [ 602620.3125, 2289220.3125 ], [ 602628.75, 2289223.125 ], [ 602632.8125, 2289226.5625 ], [ 602638.59375, 2289235.78125 ], [ 602644.21875, 2289241.40625 ], [ 602648.75, 2289244.375 ], [ 602673.90625, 2289256.71875 ], [ 602679.6875, 2289258.4375 ], [ 602689.53125, 2289259.84375 ], [ 602730.3125, 2289260.3125 ], [ 602738.75, 2289263.125 ], [ 602744.375, 2289268.75 ], [ 602755.625, 2289291.25 ], [ 602759.0625, 2289295.3125 ], [ 602766.5625, 2289299.0625 ], [ 602780.3125, 2289300.3125 ], [ 602788.75, 2289303.125 ], [ 602792.8125, 2289306.5625 ], [ 602798.59375, 2289315.78125 ], [ 602804.21875, 2289321.40625 ], [ 602808.75, 2289324.375 ], [ 602831.25, 2289335.625 ], [ 602836.71875, 2289337.65625 ], [ 602846.09375, 2289339.53125 ], [ 602890.46875, 2289340.15625 ], [ 602903.28125, 2289342.34375 ], [ 602908.75, 2289344.375 ], [ 602971.25, 2289375.625 ], [ 602979.6875, 2289378.4375 ], [ 602993.125, 2289380.0 ], [ 603150.15625, 2289379.53125 ], [ 603155.3125, 2289377.1875 ], [ 603158.59375, 2289372.96875 ], [ 603160.0, 2289366.875 ], [ 603160.3125, 2289343.125 ], [ 603163.125, 2289339.375 ], [ 603168.75, 2289335.625 ] ] } },
{ "type": "Feature", "properties": { }, "geometry": { "type": "LineString", "coordinates": [ [ 604511.25, 2289695.625 ], [ 604506.5625, 2289692.8125 ], [ 604501.875, 2289686.25 ], [ 604500.3125, 2289680.3125 ], [ 604499.6875, 2289669.6875 ], [ 604496.875, 2289661.25 ], [ 604493.4375, 2289657.1875 ], [ 604486.5625, 2289652.8125 ], [ 604481.875, 2289646.25 ], [ 604480.3125, 2289640.3125 ], [ 604479.6875, 2289629.6875 ], [ 604476.875, 2289621.25 ], [ 604473.4375, 2289617.1875 ], [ 604466.5625, 2289612.8125 ], [ 604461.875, 2289606.25 ], [ 604460.3125, 2289600.3125 ], [ 604459.6875, 2289589.6875 ], [ 604456.875, 2289581.25 ], [ 604451.25, 2289575.625 ], [ 604428.75, 2289564.375 ], [ 604424.6875, 2289560.9375 ], [ 604420.9375, 2289553.4375 ], [ 604419.6875, 2289539.6875 ], [ 604416.875, 2289531.25 ], [ 604413.4375, 2289527.1875 ], [ 604406.5625, 2289522.8125 ], [ 604401.875, 2289516.25 ], [ 604400.3125, 2289510.3125 ], [ 604399.6875, 2289499.6875 ], [ 604396.875, 2289491.25 ], [ 604393.4375, 2289487.1875 ], [ 604386.40625, 2289482.96875 ], [ 604380.3125, 2289477.8125 ], [ 604370.9375, 2289464.6875 ], [ 604366.25, 2289461.875 ], [ 604360.3125, 2289460.3125 ], [ 604259.6875, 2289460.3125 ], [ 604251.25, 2289463.125 ], [ 604247.1875, 2289466.5625 ], [ 604240.9375, 2289475.3125 ], [ 604233.4375, 2289479.0625 ], [ 604226.875, 2289480.0 ], [ 604159.6875, 2289480.3125 ], [ 604151.25, 2289483.125 ], [ 604147.1875, 2289486.5625 ], [ 604140.9375, 2289495.3125 ], [ 604136.25, 2289498.125 ], [ 604130.3125, 2289499.6875 ], [ 603943.125, 2289500.0 ], [ 603936.5625, 2289500.9375 ], [ 603931.25, 2289503.125 ], [ 603927.1875, 2289506.5625 ], [ 603920.9375, 2289515.3125 ], [ 603916.25, 2289518.125 ], [ 603910.3125, 2289519.6875 ], [ 603809.6875, 2289520.3125 ], [ 603803.75, 2289521.875 ], [ 603799.0625, 2289524.6875 ], [ 603792.8125, 2289533.4375 ], [ 603786.25, 2289538.125 ], [ 603780.3125, 2289539.6875 ], [ 603762.8125, 2289540.9375 ], [ 603753.90625, 2289543.28125 ], [ 603688.75, 2289575.625 ], [ 603680.3125, 2289578.4375 ], [ 603666.875, 2289580.0 ], [ 603419.6875, 2289579.6875 ], [ 603411.25, 2289576.875 ], [ 603407.1875, 2289573.4375 ], [ 603400.9375, 2289564.6875 ], [ 603396.25, 2289561.875 ], [ 603390.3125, 2289560.3125 ], [ 603293.125, 2289560.0 ], [ 603282.8125, 2289559.0625 ], [ 603273.90625, 2289556.71875 ], [ 603248.75, 2289544.375 ], [ 603237.1875, 2289540.9375 ], [ 603226.875, 2289540.0 ], [ 603163.125, 2289540.0 ], [ 603156.5625, 2289539.0625 ], [ 603149.0625, 2289535.3125 ], [ 603140.9375, 2289524.6875 ], [ 603136.25, 2289521.875 ], [ 603130.3125, 2289520.3125 ], [ 602966.09375, 2289519.53125 ], [ 602953.90625, 2289516.71875 ], [ 602926.09375, 2289503.28125 ], [ 602920.3125, 2289501.5625 ], [ 602910.46875, 2289500.15625 ], [ 602813.125, 2289500.0 ], [ 602802.8125, 2289500.9375 ], [ 602791.25, 2289504.375 ], [ 602768.75, 2289515.625 ], [ 602763.125, 2289521.25 ], [ 602760.3125, 2289529.6875 ], [ 602760.0, 2289566.875 ], [ 602761.40625, 2289572.96875 ], [ 602764.6875, 2289577.1875 ], [ 602769.84375, 2289579.53125 ], [ 602780.3125, 2289580.3125 ], [ 602788.75, 2289583.125 ], [ 602792.8125, 2289586.5625 ], [ 602798.59375, 2289595.78125 ], [ 602804.21875, 2289601.40625 ], [ 602808.75, 2289604.375 ], [ 602873.59375, 2289637.03125 ], [ 602879.6875, 2289642.1875 ], [ 602887.1875, 2289653.4375 ], [ 602891.25, 2289656.875 ], [ 602899.6875, 2289659.6875 ], [ 602913.90625, 2289660.46875 ], [ 602923.28125, 2289662.34375 ], [ 602928.75, 2289664.375 ], [ 602951.25, 2289675.625 ], [ 602962.8125, 2289679.0625 ], [ 602973.125, 2289680.0 ], [ 603006.875, 2289680.0 ], [ 603013.4375, 2289680.9375 ], [ 603020.9375, 2289684.6875 ], [ 603029.0625, 2289695.3125 ], [ 603033.75, 2289698.125 ], [ 603039.6875, 2289699.6875 ], [ 603226.875, 2289700.0 ], [ 603233.4375, 2289700.9375 ], [ 603238.75, 2289703.125 ], [ 603242.8125, 2289706.5625 ], [ 603249.0625, 2289715.3125 ], [ 603253.75, 2289718.125 ], [ 603259.6875, 2289719.6875 ], [ 603450.46875, 2289720.15625 ], [ 603457.1875, 2289720.9375 ], [ 603466.09375, 2289723.28125 ], [ 603496.71875, 2289737.65625 ], [ 603502.8125, 2289739.0625 ], [ 603513.125, 2289740.0 ], [ 604416.875, 2289740.0 ], [ 604423.4375, 2289740.9375 ], [ 604428.75, 2289743.125 ], [ 604432.8125, 2289746.5625 ], [ 604439.0625, 2289755.3125 ], [ 604446.5625, 2289759.0625 ], [ 604453.125, 2289760.0 ], [ 604486.875, 2289760.0 ], [ 604497.1875, 2289759.0625 ], [ 604508.75, 2289755.625 ], [ 604513.4375, 2289752.8125 ], [ 604518.125, 2289746.25 ], [ 604520.0, 2289736.875 ], [ 604519.6875, 2289706.40625 ], [ 604516.875, 2289700.3125 ], [ 604511.25, 2289695.625 ] ] } },
{ "type": "Feature", "properties": { }, "geometry": { "type": "LineString", "coordinates": [ [ 594535.625, 2312751.25 ], [ 594524.375, 2312728.75 ], [ 594517.8125, 2312720.3125 ], [ 594511.25, 2312715.625 ], [ 594486.40625, 2312702.96875 ], [ 594478.59375, 2312695.78125 ], [ 594461.40625, 2312664.21875 ], [ 594455.78125, 2312658.59375 ], [ 594446.5625, 2312652.8125 ], [ 594443.125, 2312648.75 ], [ 594440.3125, 2312640.3125 ], [ 594439.0625, 2312626.5625 ], [ 594436.875, 2312621.25 ], [ 594433.4375, 2312617.1875 ], [ 594368.75, 2312584.375 ], [ 594362.1875, 2312579.6875 ], [ 594357.03125, 2312573.59375 ], [ 594344.375, 2312548.75 ], [ 594339.6875, 2312542.1875 ], [ 594333.59375, 2312537.03125 ], [ 594308.75, 2312524.375 ], [ 594302.1875, 2312519.6875 ], [ 594297.03125, 2312513.59375 ], [ 594284.375, 2312488.75 ], [ 594277.8125, 2312480.3125 ], [ 594271.25, 2312475.625 ], [ 594208.75, 2312444.375 ], [ 594202.1875, 2312439.6875 ], [ 594197.03125, 2312433.59375 ], [ 594184.375, 2312408.75 ], [ 594179.6875, 2312402.1875 ], [ 594173.59375, 2312397.03125 ], [ 594148.75, 2312384.375 ], [ 594142.1875, 2312379.6875 ], [ 594137.03125, 2312373.59375 ], [ 594124.375, 2312348.75 ], [ 594120.9375, 2312344.6875 ], [ 594113.4375, 2312340.9375 ], [ 594099.6875, 2312339.6875 ], [ 594091.25, 2312336.875 ], [ 594087.1875, 2312333.4375 ], [ 594082.96875, 2312326.40625 ], [ 594077.8125, 2312320.3125 ], [ 594071.25, 2312315.625 ], [ 594048.75, 2312304.375 ], [ 594044.21875, 2312301.40625 ], [ 594038.59375, 2312295.78125 ], [ 594032.8125, 2312286.5625 ], [ 594028.75, 2312283.125 ], [ 594023.4375, 2312280.9375 ], [ 594009.6875, 2312279.6875 ], [ 594003.75, 2312278.125 ], [ 593999.0625, 2312275.3125 ], [ 593992.8125, 2312266.5625 ], [ 593988.75, 2312263.125 ], [ 593983.4375, 2312260.9375 ], [ 593969.6875, 2312259.6875 ], [ 593963.75, 2312258.125 ], [ 593959.0625, 2312255.3125 ], [ 593952.8125, 2312246.5625 ], [ 593948.75, 2312243.125 ], [ 593943.4375, 2312240.9375 ], [ 593929.6875, 2312239.6875 ], [ 593921.25, 2312236.875 ], [ 593915.625, 2312231.25 ], [ 593904.375, 2312208.75 ], [ 593900.9375, 2312204.6875 ], [ 593893.4375, 2312200.9375 ], [ 593879.6875, 2312199.6875 ], [ 593871.25, 2312196.875 ], [ 593867.1875, 2312193.4375 ], [ 593859.6875, 2312182.1875 ], [ 593853.59375, 2312177.03125 ], [ 593786.40625, 2312142.96875 ], [ 593782.1875, 2312139.6875 ], [ 593777.03125, 2312133.59375 ], [ 593764.375, 2312108.75 ], [ 593760.9375, 2312104.6875 ], [ 593753.4375, 2312100.9375 ], [ 593739.6875, 2312099.6875 ], [ 593731.25, 2312096.875 ], [ 593727.1875, 2312093.4375 ], [ 593722.96875, 2312086.40625 ], [ 593717.8125, 2312080.3125 ], [ 593711.25, 2312075.625 ], [ 593688.75, 2312064.375 ], [ 593684.21875, 2312061.40625 ], [ 593678.59375, 2312055.78125 ], [ 593672.8125, 2312046.5625 ], [ 593668.75, 2312043.125 ], [ 593660.3125, 2312040.3125 ], [ 593646.5625, 2312039.0625 ], [ 593639.0625, 2312035.3125 ], [ 593635.625, 2312031.25 ], [ 593624.375, 2312008.75 ], [ 593619.6875, 2312002.1875 ], [ 593613.59375, 2311997.03125 ], [ 593588.75, 2311984.375 ], [ 593582.1875, 2311979.6875 ], [ 593577.03125, 2311973.59375 ], [ 593564.375, 2311948.75 ], [ 593560.9375, 2311944.6875 ], [ 593553.4375, 2311940.9375 ], [ 593539.6875, 2311939.6875 ], [ 593531.25, 2311936.875 ], [ 593527.1875, 2311933.4375 ], [ 593522.96875, 2311926.40625 ], [ 593517.8125, 2311920.3125 ], [ 593504.6875, 2311910.9375 ], [ 593500.9375, 2311903.4375 ], [ 593499.6875, 2311889.6875 ], [ 593496.875, 2311881.25 ], [ 593491.25, 2311875.625 ], [ 593466.40625, 2311862.96875 ], [ 593458.59375, 2311855.78125 ], [ 593455.625, 2311851.25 ], [ 593424.375, 2311788.75 ], [ 593421.40625, 2311784.21875 ], [ 593413.59375, 2311777.03125 ], [ 593388.75, 2311764.375 ], [ 593383.125, 2311758.75 ], [ 593380.9375, 2311753.4375 ], [ 593379.6875, 2311739.6875 ], [ 593376.875, 2311731.25 ], [ 593373.4375, 2311727.1875 ], [ 593366.40625, 2311722.96875 ], [ 593360.3125, 2311717.8125 ], [ 593355.625, 2311711.25 ], [ 593344.375, 2311688.75 ], [ 593341.40625, 2311684.21875 ], [ 593335.78125, 2311678.59375 ], [ 593326.5625, 2311672.8125 ], [ 593323.125, 2311668.75 ], [ 593320.3125, 2311660.3125 ], [ 593319.0625, 2311646.5625 ], [ 593315.3125, 2311639.0625 ], [ 593311.25, 2311635.625 ], [ 593286.40625, 2311622.96875 ], [ 593282.1875, 2311619.6875 ], [ 593277.03125, 2311613.59375 ], [ 593204.375, 2311468.75 ], [ 593200.9375, 2311457.1875 ], [ 593199.6875, 2311439.6875 ], [ 593198.125, 2311433.75 ], [ 593195.3125, 2311429.0625 ], [ 593186.5625, 2311422.8125 ], [ 593181.875, 2311416.25 ], [ 593180.0, 2311406.875 ], [ 593180.0, 2311373.125 ], [ 593179.0625, 2311366.5625 ], [ 593175.3125, 2311359.0625 ], [ 593166.5625, 2311352.8125 ], [ 593161.875, 2311346.25 ], [ 593160.3125, 2311340.3125 ], [ 593159.84375, 2311329.53125 ], [ 593158.4375, 2311319.6875 ], [ 593155.625, 2311311.25 ], [ 593144.375, 2311288.75 ], [ 593142.34375, 2311283.28125 ], [ 593140.46875, 2311273.90625 ], [ 593139.6875, 2311259.6875 ], [ 593138.125, 2311253.75 ], [ 593135.3125, 2311249.0625 ], [ 593126.5625, 2311242.8125 ], [ 593123.125, 2311238.75 ], [ 593120.9375, 2311233.4375 ], [ 593120.0, 2311226.875 ], [ 593120.0, 2310953.125 ], [ 593120.9375, 2310942.8125 ], [ 593123.28125, 2310933.90625 ], [ 593135.625, 2310908.75 ], [ 593138.4375, 2310900.3125 ], [ 593140.0, 2310886.875 ], [ 593140.0, 2310853.125 ], [ 593141.875, 2310843.75 ], [ 593144.6875, 2310839.0625 ], [ 593153.4375, 2310832.8125 ], [ 593158.125, 2310826.25 ], [ 593159.6875, 2310820.3125 ], [ 593160.15625, 2310809.53125 ], [ 593161.5625, 2310799.6875 ], [ 593164.375, 2310791.25 ], [ 593175.625, 2310768.75 ], [ 593177.65625, 2310763.28125 ], [ 593179.53125, 2310753.90625 ], [ 593180.3125, 2310739.6875 ], [ 593181.875, 2310733.75 ], [ 593184.6875, 2310729.0625 ], [ 593193.4375, 2310722.8125 ], [ 593196.875, 2310718.75 ], [ 593199.0625, 2310713.4375 ], [ 593200.3125, 2310699.6875 ], [ 593201.875, 2310693.75 ], [ 593204.6875, 2310689.0625 ], [ 593213.4375, 2310682.8125 ], [ 593216.875, 2310678.75 ], [ 593219.0625, 2310673.4375 ], [ 593220.3125, 2310659.6875 ], [ 593223.125, 2310651.25 ], [ 593226.5625, 2310647.1875 ], [ 593233.59375, 2310642.96875 ], [ 593239.6875, 2310637.8125 ], [ 593244.375, 2310631.25 ], [ 593255.625, 2310608.75 ], [ 593258.59375, 2310604.21875 ], [ 593264.21875, 2310598.59375 ], [ 593273.4375, 2310592.8125 ], [ 593276.875, 2310588.75 ], [ 593279.6875, 2310580.3125 ], [ 593280.9375, 2310566.5625 ], [ 593283.125, 2310561.25 ], [ 593286.5625, 2310557.1875 ], [ 593315.78125, 2310541.40625 ], [ 593321.40625, 2310535.78125 ], [ 593327.1875, 2310526.5625 ], [ 593331.25, 2310523.125 ], [ 593339.6875, 2310520.3125 ], [ 593353.4375, 2310519.0625 ], [ 593360.9375, 2310515.3125 ], [ 593364.375, 2310511.25 ], [ 593377.03125, 2310486.40625 ], [ 593384.21875, 2310478.59375 ], [ 593388.75, 2310475.625 ], [ 593453.59375, 2310442.96875 ], [ 593459.6875, 2310437.8125 ], [ 593467.1875, 2310426.5625 ], [ 593471.25, 2310423.125 ], [ 593476.5625, 2310420.9375 ], [ 593490.3125, 2310419.6875 ], [ 593496.25, 2310418.125 ], [ 593500.9375, 2310415.3125 ], [ 593507.1875, 2310406.5625 ], [ 593511.25, 2310403.125 ], [ 593516.5625, 2310400.9375 ], [ 593530.3125, 2310399.6875 ], [ 593536.25, 2310398.125 ], [ 593540.9375, 2310395.3125 ], [ 593547.1875, 2310386.5625 ], [ 593551.25, 2310383.125 ], [ 593556.5625, 2310380.9375 ], [ 593570.3125, 2310379.6875 ], [ 593576.25, 2310378.125 ], [ 593580.9375, 2310375.3125 ], [ 593587.1875, 2310366.5625 ], [ 593591.25, 2310363.125 ], [ 593596.5625, 2310360.9375 ], [ 593610.3125, 2310359.6875 ], [ 593616.25, 2310358.125 ], [ 593620.9375, 2310355.3125 ], [ 593627.1875, 2310346.5625 ], [ 593631.25, 2310343.125 ], [ 593636.5625, 2310340.9375 ], [ 593650.3125, 2310339.6875 ], [ 593656.25, 2310338.125 ], [ 593660.9375, 2310335.3125 ], [ 593667.1875, 2310326.5625 ], [ 593671.25, 2310323.125 ], [ 593676.5625, 2310320.9375 ], [ 593690.3125, 2310319.6875 ], [ 593696.25, 2310318.125 ], [ 593700.9375, 2310315.3125 ], [ 593707.1875, 2310306.5625 ], [ 593711.25, 2310303.125 ], [ 593716.5625, 2310300.9375 ], [ 593730.3125, 2310299.6875 ], [ 593736.25, 2310298.125 ], [ 593740.9375, 2310295.3125 ], [ 593747.1875, 2310286.5625 ], [ 593751.25, 2310283.125 ], [ 593756.5625, 2310280.9375 ], [ 593770.3125, 2310279.6875 ], [ 593776.25, 2310278.125 ], [ 593780.9375, 2310275.3125 ], [ 593787.1875, 2310266.5625 ], [ 593791.25, 2310263.125 ], [ 593796.5625, 2310260.9375 ], [ 593810.3125, 2310259.6875 ], [ 593816.25, 2310258.125 ], [ 593820.9375, 2310255.3125 ], [ 593827.1875, 2310246.5625 ], [ 593831.25, 2310243.125 ], [ 593836.5625, 2310240.9375 ], [ 593850.3125, 2310239.6875 ], [ 593856.25, 2310238.125 ], [ 593860.9375, 2310235.3125 ], [ 593867.1875, 2310226.5625 ], [ 593871.25, 2310223.125 ], [ 593876.5625, 2310220.9375 ], [ 593890.3125, 2310219.6875 ], [ 593896.25, 2310218.125 ], [ 593900.9375, 2310215.3125 ], [ 593907.1875, 2310206.5625 ], [ 593911.25, 2310203.125 ], [ 593916.5625, 2310200.9375 ], [ 593930.3125, 2310199.6875 ], [ 593936.25, 2310198.125 ], [ 593940.9375, 2310195.3125 ], [ 593947.1875, 2310186.5625 ], [ 593951.25, 2310183.125 ], [ 593956.5625, 2310180.9375 ], [ 593970.3125, 2310179.6875 ], [ 593976.25, 2310178.125 ], [ 593980.9375, 2310175.3125 ], [ 593987.1875, 2310166.5625 ], [ 593991.25, 2310163.125 ], [ 593996.5625, 2310160.9375 ], [ 594010.3125, 2310159.6875 ], [ 594016.25, 2310158.125 ], [ 594020.9375, 2310155.3125 ], [ 594027.1875, 2310146.5625 ], [ 594031.25, 2310143.125 ], [ 594036.5625, 2310140.9375 ], [ 594050.3125, 2310139.6875 ], [ 594056.25, 2310138.125 ], [ 594060.9375, 2310135.3125 ], [ 594067.1875, 2310126.5625 ], [ 594071.25, 2310123.125 ], [ 594076.5625, 2310120.9375 ], [ 594090.3125, 2310119.6875 ], [ 594096.25, 2310118.125 ], [ 594100.9375, 2310115.3125 ], [ 594107.1875, 2310106.5625 ], [ 594113.75, 2310101.875 ], [ 594119.6875, 2310100.3125 ], [ 594137.1875, 2310099.0625 ], [ 594148.75, 2310095.625 ], [ 594371.25, 2309984.375 ], [ 594382.8125, 2309980.9375 ], [ 594400.3125, 2309979.6875 ], [ 594406.25, 2309978.125 ], [ 594410.9375, 2309975.3125 ], [ 594417.1875, 2309966.5625 ], [ 594421.25, 2309963.125 ], [ 594426.5625, 2309960.9375 ], [ 594440.3125, 2309959.6875 ], [ 594446.25, 2309958.125 ], [ 594450.9375, 2309955.3125 ], [ 594457.1875, 2309946.5625 ], [ 594461.25, 2309943.125 ], [ 594466.5625, 2309940.9375 ], [ 594480.3125, 2309939.6875 ], [ 594486.25, 2309938.125 ], [ 594490.9375, 2309935.3125 ], [ 594497.1875, 2309926.5625 ], [ 594501.25, 2309923.125 ], [ 594506.5625, 2309920.9375 ], [ 594520.3125, 2309919.6875 ], [ 594526.25, 2309918.125 ], [ 594530.9375, 2309915.3125 ], [ 594537.1875, 2309906.5625 ], [ 594541.25, 2309903.125 ], [ 594546.5625, 2309900.9375 ], [ 594560.3125, 2309899.6875 ], [ 594566.25, 2309898.125 ], [ 594570.9375, 2309895.3125 ], [ 594577.1875, 2309886.5625 ], [ 594581.25, 2309883.125 ], [ 594586.5625, 2309880.9375 ], [ 594600.3125, 2309879.6875 ], [ 594606.25, 2309878.125 ], [ 594610.9375, 2309875.3125 ], [ 594617.1875, 2309866.5625 ], [ 594621.25, 2309863.125 ], [ 594626.5625, 2309860.9375 ], [ 594640.3125, 2309859.6875 ], [ 594646.25, 2309858.125 ], [ 594650.9375, 2309855.3125 ], [ 594657.1875, 2309846.5625 ], [ 594661.25, 2309843.125 ], [ 594666.5625, 2309840.9375 ], [ 594680.3125, 2309839.6875 ], [ 594688.75, 2309836.875 ], [ 594692.8125, 2309833.4375 ], [ 594700.3125, 2309822.1875 ], [ 594706.40625, 2309817.03125 ], [ 594811.25, 2309764.375 ], [ 594819.6875, 2309757.8125 ], [ 594827.1875, 2309746.5625 ], [ 594831.25, 2309743.125 ], [ 594836.5625, 2309740.9375 ], [ 594850.3125, 2309739.6875 ], [ 594856.25, 2309738.125 ], [ 594860.9375, 2309735.3125 ], [ 594867.1875, 2309726.5625 ], [ 594871.25, 2309723.125 ], [ 594876.5625, 2309720.9375 ], [ 594890.3125, 2309719.6875 ], [ 594896.25, 2309718.125 ], [ 594900.9375, 2309715.3125 ], [ 594907.1875, 2309706.5625 ], [ 594911.25, 2309703.125 ], [ 594916.5625, 2309700.9375 ], [ 594930.3125, 2309699.6875 ], [ 594936.25, 2309698.125 ], [ 594940.9375, 2309695.3125 ], [ 594947.1875, 2309686.5625 ], [ 594951.25, 2309683.125 ], [ 594956.5625, 2309680.9375 ], [ 594970.3125, 2309679.6875 ], [ 594976.25, 2309678.125 ], [ 594980.9375, 2309675.3125 ], [ 594987.1875, 2309666.5625 ], [ 594991.25, 2309663.125 ], [ 594996.5625, 2309660.9375 ], [ 595010.3125, 2309659.6875 ], [ 595016.25, 2309658.125 ], [ 595020.9375, 2309655.3125 ], [ 595027.1875, 2309646.5625 ], [ 595031.25, 2309643.125 ], [ 595036.5625, 2309640.9375 ], [ 595050.3125, 2309639.6875 ], [ 595056.25, 2309638.125 ], [ 595060.9375, 2309635.3125 ], [ 595067.1875, 2309626.5625 ], [ 595071.25, 2309623.125 ], [ 595076.5625, 2309620.9375 ], [ 595090.3125, 2309619.6875 ], [ 595096.25, 2309618.125 ], [ 595100.9375, 2309615.3125 ], [ 595107.1875, 2309606.5625 ], [ 595111.25, 2309603.125 ], [ 595116.5625, 2309600.9375 ], [ 595130.3125, 2309599.6875 ], [ 595138.75, 2309596.875 ], [ 595144.375, 2309591.25 ], [ 595155.625, 2309568.75 ], [ 595161.25, 2309563.125 ], [ 595166.5625, 2309560.9375 ], [ 595180.3125, 2309559.6875 ], [ 595188.75, 2309556.875 ], [ 595192.8125, 2309553.4375 ], [ 595198.59375, 2309544.21875 ], [ 595204.21875, 2309538.59375 ], [ 595208.75, 2309535.625 ], [ 595273.59375, 2309502.96875 ], [ 595279.6875, 2309497.8125 ], [ 595287.1875, 2309486.5625 ], [ 595291.25, 2309483.125 ], [ 595296.5625, 2309480.9375 ], [ 595310.3125, 2309479.6875 ], [ 595318.75, 2309476.875 ], [ 595324.375, 2309471.25 ], [ 595335.625, 2309448.75 ], [ 595341.25, 2309443.125 ], [ 595346.5625, 2309440.9375 ], [ 595360.3125, 2309439.6875 ], [ 595368.75, 2309436.875 ], [ 595372.8125, 2309433.4375 ], [ 595378.59375, 2309424.21875 ], [ 595384.21875, 2309418.59375 ], [ 595388.75, 2309415.625 ], [ 595453.59375, 2309382.96875 ], [ 595459.6875, 2309377.8125 ], [ 595467.1875, 2309366.5625 ], [ 595471.25, 2309363.125 ], [ 595476.5625, 2309360.9375 ], [ 595490.3125, 2309359.6875 ], [ 595498.75, 2309356.875 ], [ 595504.375, 2309351.25 ], [ 595515.625, 2309328.75 ], [ 595519.0625, 2309324.6875 ], [ 595526.5625, 2309320.9375 ], [ 595540.3125, 2309319.6875 ], [ 595548.75, 2309316.875 ], [ 595552.8125, 2309313.4375 ], [ 595560.3125, 2309302.1875 ], [ 595566.40625, 2309297.03125 ], [ 595633.59375, 2309262.96875 ], [ 595637.8125, 2309259.6875 ], [ 595642.96875, 2309253.59375 ], [ 595655.625, 2309228.75 ], [ 595659.0625, 2309224.6875 ], [ 595666.5625, 2309220.9375 ], [ 595680.3125, 2309219.6875 ], [ 595688.75, 2309216.875 ], [ 595692.8125, 2309213.4375 ], [ 595698.59375, 2309204.21875 ], [ 595704.21875, 2309198.59375 ], [ 595735.78125, 2309181.40625 ], [ 595742.96875, 2309173.59375 ], [ 595755.625, 2309148.75 ], [ 595762.1875, 2309140.3125 ], [ 595768.75, 2309135.625 ], [ 595791.25, 2309124.375 ], [ 595799.6875, 2309117.8125 ], [ 595804.375, 2309111.25 ], [ 595815.625, 2309088.75 ], [ 595822.1875, 2309080.3125 ], [ 595828.75, 2309075.625 ], [ 595851.25, 2309064.375 ], [ 595859.6875, 2309057.8125 ], [ 595864.375, 2309051.25 ], [ 595875.625, 2309028.75 ], [ 595882.1875, 2309020.3125 ], [ 595888.75, 2309015.625 ], [ 595911.25, 2309004.375 ], [ 595919.6875, 2308997.8125 ], [ 595924.375, 2308991.25 ], [ 595935.625, 2308968.75 ], [ 595942.1875, 2308960.3125 ], [ 595948.75, 2308955.625 ], [ 595971.25, 2308944.375 ], [ 595979.6875, 2308937.8125 ], [ 595984.375, 2308931.25 ], [ 595995.625, 2308908.75 ], [ 596002.1875, 2308900.3125 ], [ 596008.75, 2308895.625 ], [ 596031.25, 2308884.375 ], [ 596039.6875, 2308877.8125 ], [ 596044.375, 2308871.25 ], [ 596055.625, 2308848.75 ], [ 596062.1875, 2308840.3125 ], [ 596068.75, 2308835.625 ], [ 596091.25, 2308824.375 ], [ 596095.78125, 2308821.40625 ], [ 596101.40625, 2308815.78125 ], [ 596107.1875, 2308806.5625 ], [ 596111.25, 2308803.125 ], [ 596119.6875, 2308800.3125 ], [ 596133.4375, 2308799.0625 ], [ 596140.9375, 2308795.3125 ], [ 596144.375, 2308791.25 ], [ 596155.625, 2308768.75 ], [ 596161.25, 2308763.125 ], [ 596166.5625, 2308760.9375 ], [ 596180.3125, 2308759.6875 ], [ 596186.25, 2308758.125 ], [ 596192.8125, 2308753.4375 ], [ 596199.0625, 2308744.6875 ], [ 596206.5625, 2308740.9375 ], [ 596213.125, 2308740.0 ], [ 596246.875, 2308740.0 ], [ 596256.25, 2308738.125 ], [ 596262.8125, 2308733.4375 ], [ 596269.0625, 2308724.6875 ], [ 596276.5625, 2308720.9375 ], [ 596283.125, 2308720.0 ], [ 596316.875, 2308720.0 ], [ 596326.25, 2308718.125 ], [ 596332.8125, 2308713.4375 ], [ 596339.0625, 2308704.6875 ], [ 596346.5625, 2308700.9375 ], [ 596353.125, 2308700.0 ], [ 596386.875, 2308700.0 ], [ 596397.1875, 2308699.0625 ], [ 596406.09375, 2308696.71875 ], [ 596431.25, 2308684.375 ], [ 596439.6875, 2308681.5625 ], [ 596453.125, 2308680.0 ], [ 596486.875, 2308680.0 ], [ 596496.25, 2308678.125 ], [ 596500.9375, 2308675.3125 ], [ 596507.1875, 2308666.5625 ], [ 596513.75, 2308661.875 ], [ 596519.6875, 2308660.3125 ], [ 596537.1875, 2308659.0625 ], [ 596548.75, 2308655.625 ], [ 596731.25, 2308564.375 ], [ 596739.6875, 2308557.8125 ], [ 596747.1875, 2308546.5625 ], [ 596751.25, 2308543.125 ], [ 596759.6875, 2308540.3125 ], [ 596773.4375, 2308539.0625 ], [ 596780.9375, 2308535.3125 ], [ 596784.375, 2308531.25 ], [ 596795.625, 2308508.75 ], [ 596801.25, 2308503.125 ], [ 596806.5625, 2308500.9375 ], [ 596820.3125, 2308499.6875 ], [ 596828.75, 2308496.875 ], [ 596832.8125, 2308493.4375 ], [ 596838.59375, 2308484.21875 ], [ 596844.21875, 2308478.59375 ], [ 596875.78125, 2308461.40625 ], [ 596882.96875, 2308453.59375 ], [ 596895.625, 2308428.75 ], [ 596900.3125, 2308422.1875 ], [ 596908.75, 2308415.625 ], [ 596933.59375, 2308402.96875 ], [ 596941.40625, 2308395.78125 ], [ 596944.375, 2308391.25 ], [ 596977.03125, 2308326.40625 ], [ 596982.1875, 2308320.3125 ], [ 596993.4375, 2308312.8125 ], [ 596996.875, 2308308.75 ], [ 596999.0625, 2308303.4375 ], [ 597000.3125, 2308289.6875 ], [ 597001.875, 2308283.75 ], [ 597004.6875, 2308279.0625 ], [ 597013.4375, 2308272.8125 ], [ 597016.875, 2308268.75 ], [ 597019.0625, 2308263.4375 ], [ 597020.3125, 2308249.6875 ], [ 597021.875, 2308243.75 ], [ 597024.6875, 2308239.0625 ], [ 597033.4375, 2308232.8125 ], [ 597036.875, 2308228.75 ], [ 597039.0625, 2308223.4375 ], [ 597040.3125, 2308209.6875 ], [ 597041.875, 2308203.75 ], [ 597044.6875, 2308199.0625 ], [ 597053.4375, 2308192.8125 ], [ 597056.875, 2308188.75 ], [ 597059.0625, 2308183.4375 ], [ 597060.3125, 2308169.6875 ], [ 597061.875, 2308163.75 ], [ 597064.6875, 2308159.0625 ], [ 597073.4375, 2308152.8125 ], [ 597076.875, 2308148.75 ], [ 597079.0625, 2308143.4375 ], [ 597080.3125, 2308129.6875 ], [ 597081.875, 2308123.75 ], [ 597084.6875, 2308119.0625 ], [ 597093.4375, 2308112.8125 ], [ 597096.875, 2308108.75 ], [ 597099.0625, 2308103.4375 ], [ 597100.3125, 2308089.6875 ], [ 597101.875, 2308083.75 ], [ 597104.6875, 2308079.0625 ], [ 597113.4375, 2308072.8125 ], [ 597116.875, 2308068.75 ], [ 597119.0625, 2308063.4375 ], [ 597120.3125, 2308049.6875 ], [ 597121.875, 2308043.75 ], [ 597124.6875, 2308039.0625 ], [ 597133.4375, 2308032.8125 ], [ 597136.875, 2308028.75 ], [ 597139.0625, 2308023.4375 ], [ 597140.3125, 2308009.6875 ], [ 597143.125, 2308001.25 ], [ 597148.75, 2307995.625 ], [ 597171.25, 2307984.375 ], [ 597176.875, 2307978.75 ], [ 597179.0625, 2307973.4375 ], [ 597180.3125, 2307959.6875 ], [ 597181.875, 2307953.75 ], [ 597184.6875, 2307949.0625 ], [ 597193.4375, 2307942.8125 ], [ 597196.875, 2307938.75 ], [ 597199.0625, 2307933.4375 ], [ 597200.3125, 2307919.6875 ], [ 597201.875, 2307913.75 ], [ 597204.6875, 2307909.0625 ], [ 597213.4375, 2307902.8125 ], [ 597216.875, 2307898.75 ], [ 597219.0625, 2307893.4375 ], [ 597220.3125, 2307879.6875 ], [ 597221.875, 2307873.75 ], [ 597224.6875, 2307869.0625 ], [ 597233.4375, 2307862.8125 ], [ 597236.875, 2307858.75 ], [ 597239.0625, 2307853.4375 ], [ 597240.3125, 2307839.6875 ], [ 597241.875, 2307833.75 ], [ 597244.6875, 2307829.0625 ], [ 597253.4375, 2307822.8125 ], [ 597256.875, 2307818.75 ], [ 597259.0625, 2307813.4375 ], [ 597260.3125, 2307799.6875 ], [ 597261.875, 2307793.75 ], [ 597264.6875, 2307789.0625 ], [ 597273.4375, 2307782.8125 ], [ 597276.875, 2307778.75 ], [ 597279.0625, 2307773.4375 ], [ 597280.3125, 2307759.6875 ], [ 597281.875, 2307753.75 ], [ 597284.6875, 2307749.0625 ], [ 597293.4375, 2307742.8125 ], [ 597296.875, 2307738.75 ], [ 597299.0625, 2307733.4375 ], [ 597300.3125, 2307719.6875 ], [ 597301.875, 2307713.75 ], [ 597304.6875, 2307709.0625 ], [ 597313.4375, 2307702.8125 ], [ 597318.125, 2307696.25 ], [ 597320.0, 2307686.875 ], [ 597320.15625, 2307649.53125 ], [ 597322.34375, 2307636.71875 ], [ 597337.65625, 2307603.28125 ], [ 597339.53125, 2307593.90625 ], [ 597340.3125, 2307579.6875 ], [ 597341.875, 2307573.75 ], [ 597346.5625, 2307567.1875 ], [ 597355.3125, 2307560.9375 ], [ 597358.125, 2307556.25 ], [ 597359.6875, 2307550.3125 ], [ 597360.0, 2307483.125 ], [ 597360.9375, 2307476.5625 ], [ 597364.6875, 2307469.0625 ], [ 597375.3125, 2307460.9375 ], [ 597378.125, 2307456.25 ], [ 597379.6875, 2307450.3125 ], [ 597380.0, 2307263.125 ], [ 597380.9375, 2307256.5625 ], [ 597383.125, 2307251.25 ], [ 597386.5625, 2307247.1875 ], [ 597393.4375, 2307242.8125 ], [ 597396.875, 2307238.75 ], [ 597399.0625, 2307233.4375 ], [ 597400.0, 2307226.875 ], [ 597400.0, 2307193.125 ], [ 597398.4375, 2307179.6875 ], [ 597395.625, 2307171.25 ], [ 597383.28125, 2307146.09375 ], [ 597380.46875, 2307133.90625 ], [ 597380.0, 2306913.125 ], [ 597379.0625, 2306906.5625 ], [ 597376.875, 2306901.25 ], [ 597373.4375, 2306897.1875 ], [ 597364.6875, 2306890.9375 ], [ 597361.875, 2306886.25 ], [ 597360.3125, 2306880.3125 ], [ 597359.84375, 2306749.53125 ], [ 597359.0625, 2306742.8125 ], [ 597356.71875, 2306733.90625 ], [ 597343.28125, 2306706.09375 ], [ 597340.46875, 2306693.90625 ], [ 597339.53125, 2306586.09375 ], [ 597336.71875, 2306573.90625 ], [ 597322.34375, 2306543.28125 ], [ 597320.46875, 2306533.90625 ], [ 597319.6875, 2306519.6875 ], [ 597318.125, 2306513.75 ], [ 597313.4375, 2306507.1875 ], [ 597304.6875, 2306500.9375 ], [ 597300.9375, 2306493.4375 ], [ 597300.0, 2306486.875 ], [ 597299.84375, 2306449.53125 ], [ 597297.65625, 2306436.71875 ], [ 597282.34375, 2306403.28125 ], [ 597280.46875, 2306393.90625 ], [ 597279.6875, 2306379.6875 ], [ 597278.125, 2306373.75 ], [ 597275.3125, 2306369.0625 ], [ 597266.5625, 2306362.8125 ], [ 597263.125, 2306358.75 ], [ 597260.9375, 2306353.4375 ], [ 597259.6875, 2306339.6875 ], [ 597258.125, 2306333.75 ], [ 597255.3125, 2306329.0625 ], [ 597246.5625, 2306322.8125 ], [ 597243.125, 2306318.75 ], [ 597240.9375, 2306313.4375 ], [ 597239.6875, 2306299.6875 ], [ 597238.125, 2306293.75 ], [ 597235.3125, 2306289.0625 ], [ 597226.5625, 2306282.8125 ], [ 597221.875, 2306276.25 ], [ 597220.0, 2306266.875 ], [ 597220.0, 2306233.125 ], [ 597218.125, 2306223.75 ], [ 597215.3125, 2306219.0625 ], [ 597206.5625, 2306212.8125 ], [ 597203.125, 2306208.75 ], [ 597200.9375, 2306203.4375 ], [ 597199.6875, 2306189.6875 ], [ 597198.125, 2306183.75 ], [ 597195.3125, 2306179.0625 ], [ 597186.5625, 2306172.8125 ], [ 597183.125, 2306168.75 ], [ 597180.9375, 2306163.4375 ], [ 597179.6875, 2306149.6875 ], [ 597178.125, 2306143.75 ], [ 597175.3125, 2306139.0625 ], [ 597166.5625, 2306132.8125 ], [ 597163.125, 2306128.75 ], [ 597160.9375, 2306123.4375 ], [ 597159.6875, 2306109.6875 ], [ 597158.125, 2306103.75 ], [ 597155.3125, 2306099.0625 ], [ 597146.5625, 2306092.8125 ], [ 597143.125, 2306088.75 ], [ 597140.9375, 2306083.4375 ], [ 597139.6875, 2306069.6875 ], [ 597138.125, 2306063.75 ], [ 597135.3125, 2306059.0625 ], [ 597126.5625, 2306052.8125 ], [ 597123.125, 2306048.75 ], [ 597120.9375, 2306043.4375 ], [ 597119.6875, 2306029.6875 ], [ 597116.875, 2306021.25 ], [ 597111.25, 2306015.625 ], [ 597088.75, 2306004.375 ], [ 597084.6875, 2306000.9375 ], [ 597080.9375, 2305993.4375 ], [ 597079.6875, 2305979.6875 ], [ 597076.875, 2305971.25 ], [ 597073.4375, 2305967.1875 ], [ 597064.21875, 2305961.40625 ], [ 597058.59375, 2305955.78125 ], [ 597055.625, 2305951.25 ], [ 597044.375, 2305928.75 ], [ 597039.6875, 2305922.1875 ], [ 597033.59375, 2305917.03125 ], [ 597008.75, 2305904.375 ], [ 597004.6875, 2305900.9375 ], [ 597000.9375, 2305893.4375 ], [ 596999.0625, 2305876.5625 ], [ 596995.3125, 2305869.0625 ], [ 596982.1875, 2305859.6875 ], [ 596978.59375, 2305855.78125 ], [ 596972.8125, 2305846.5625 ], [ 596968.75, 2305843.125 ], [ 596960.3125, 2305840.3125 ], [ 596946.5625, 2305839.0625 ], [ 596939.0625, 2305835.3125 ], [ 596935.625, 2305831.25 ], [ 596924.375, 2305808.75 ], [ 596918.75, 2305803.125 ], [ 596913.4375, 2305800.9375 ], [ 596899.6875, 2305799.6875 ], [ 596893.75, 2305798.125 ], [ 596889.0625, 2305795.3125 ], [ 596882.8125, 2305786.5625 ], [ 596878.75, 2305783.125 ], [ 596873.4375, 2305780.9375 ], [ 596859.6875, 2305779.6875 ], [ 596853.75, 2305778.125 ], [ 596849.0625, 2305775.3125 ], [ 596842.8125, 2305766.5625 ], [ 596836.25, 2305761.875 ], [ 596826.875, 2305760.0 ], [ 596793.125, 2305760.0 ], [ 596783.75, 2305758.125 ], [ 596779.0625, 2305755.3125 ], [ 596772.8125, 2305746.5625 ], [ 596768.75, 2305743.125 ], [ 596763.4375, 2305740.9375 ], [ 596749.6875, 2305739.6875 ], [ 596743.75, 2305738.125 ], [ 596739.0625, 2305735.3125 ], [ 596732.8125, 2305726.5625 ], [ 596728.75, 2305723.125 ], [ 596723.4375, 2305720.9375 ], [ 596709.6875, 2305719.6875 ], [ 596703.75, 2305718.125 ], [ 596699.0625, 2305715.3125 ], [ 596692.8125, 2305706.5625 ], [ 596688.75, 2305703.125 ], [ 596683.4375, 2305700.9375 ], [ 596669.6875, 2305699.6875 ], [ 596663.75, 2305698.125 ], [ 596659.0625, 2305695.3125 ], [ 596652.8125, 2305686.5625 ], [ 596648.75, 2305683.125 ], [ 596643.4375, 2305680.9375 ], [ 596629.6875, 2305679.6875 ], [ 596623.75, 2305678.125 ], [ 596619.0625, 2305675.3125 ], [ 596612.8125, 2305666.5625 ], [ 596608.75, 2305663.125 ], [ 596603.4375, 2305660.9375 ], [ 596589.6875, 2305659.6875 ], [ 596583.75, 2305658.125 ], [ 596579.0625, 2305655.3125 ], [ 596572.8125, 2305646.5625 ], [ 596568.75, 2305643.125 ], [ 596563.4375, 2305640.9375 ], [ 596549.6875, 2305639.6875 ], [ 596543.75, 2305638.125 ], [ 596539.0625, 2305635.3125 ], [ 596532.8125, 2305626.5625 ], [ 596528.75, 2305623.125 ], [ 596523.4375, 2305620.9375 ], [ 596509.6875, 2305619.6875 ], [ 596503.75, 2305618.125 ], [ 596499.0625, 2305615.3125 ], [ 596492.8125, 2305606.5625 ], [ 596488.75, 2305603.125 ], [ 596483.4375, 2305600.9375 ], [ 596469.6875, 2305599.6875 ], [ 596463.75, 2305598.125 ], [ 596459.0625, 2305595.3125 ], [ 596452.8125, 2305586.5625 ], [ 596448.75, 2305583.125 ], [ 596443.4375, 2305580.9375 ], [ 596429.6875, 2305579.6875 ], [ 596423.75, 2305578.125 ], [ 596419.0625, 2305575.3125 ], [ 596412.8125, 2305566.5625 ], [ 596408.75, 2305563.125 ], [ 596403.4375, 2305560.9375 ], [ 596389.6875, 2305559.6875 ], [ 596383.75, 2305558.125 ], [ 596379.0625, 2305555.3125 ], [ 596372.8125, 2305546.5625 ], [ 596368.75, 2305543.125 ], [ 596363.4375, 2305540.9375 ], [ 596349.6875, 2305539.6875 ], [ 596343.75, 2305538.125 ], [ 596339.0625, 2305535.3125 ], [ 596332.8125, 2305526.5625 ], [ 596328.75, 2305523.125 ], [ 596323.4375, 2305520.9375 ], [ 596309.6875, 2305519.6875 ], [ 596303.75, 2305518.125 ], [ 596299.0625, 2305515.3125 ], [ 596292.8125, 2305506.5625 ], [ 596286.25, 2305501.875 ], [ 596280.3125, 2305500.3125 ], [ 596262.8125, 2305499.0625 ], [ 596251.25, 2305495.625 ], [ 595948.75, 2305344.375 ], [ 595940.3125, 2305337.8125 ], [ 595932.8125, 2305326.5625 ], [ 595928.75, 2305323.125 ], [ 595923.4375, 2305320.9375 ], [ 595909.6875, 2305319.6875 ], [ 595901.25, 2305316.875 ], [ 595895.625, 2305311.25 ], [ 595884.375, 2305288.75 ], [ 595880.9375, 2305284.6875 ], [ 595873.4375, 2305280.9375 ], [ 595859.6875, 2305279.6875 ], [ 595851.25, 2305276.875 ], [ 595847.1875, 2305273.4375 ], [ 595841.40625, 2305264.21875 ], [ 595835.78125, 2305258.59375 ], [ 595831.25, 2305255.625 ], [ 595766.40625, 2305222.96875 ], [ 595760.3125, 2305217.8125 ], [ 595752.8125, 2305206.5625 ], [ 595748.75, 2305203.125 ], [ 595743.4375, 2305200.9375 ], [ 595729.6875, 2305199.6875 ], [ 595721.25, 2305196.875 ], [ 595715.625, 2305191.25 ], [ 595702.96875, 2305166.40625 ], [ 595695.78125, 2305158.59375 ], [ 595691.25, 2305155.625 ], [ 595626.40625, 2305122.96875 ], [ 595620.3125, 2305117.8125 ], [ 595612.8125, 2305106.5625 ], [ 595608.75, 2305103.125 ], [ 595603.4375, 2305100.9375 ], [ 595589.6875, 2305099.6875 ], [ 595581.25, 2305096.875 ], [ 595575.625, 2305091.25 ], [ 595562.96875, 2305066.40625 ], [ 595555.78125, 2305058.59375 ], [ 595551.25, 2305055.625 ], [ 595486.40625, 2305022.96875 ], [ 595482.1875, 2305019.6875 ], [ 595477.03125, 2305013.59375 ], [ 595464.375, 2304988.75 ], [ 595460.9375, 2304984.6875 ], [ 595453.4375, 2304980.9375 ], [ 595439.6875, 2304979.6875 ], [ 595431.25, 2304976.875 ], [ 595427.1875, 2304973.4375 ], [ 595421.40625, 2304964.21875 ], [ 595415.78125, 2304958.59375 ], [ 595411.25, 2304955.625 ], [ 595388.75, 2304944.375 ], [ 595382.1875, 2304939.6875 ], [ 595377.03125, 2304933.59375 ], [ 595364.375, 2304908.75 ], [ 595359.6875, 2304902.1875 ], [ 595351.25, 2304895.625 ], [ 595326.40625, 2304882.96875 ], [ 595322.1875, 2304879.6875 ], [ 595317.03125, 2304873.59375 ], [ 595282.96875, 2304806.40625 ], [ 595277.8125, 2304800.3125 ], [ 595266.5625, 2304792.8125 ], [ 595263.125, 2304788.75 ], [ 595260.9375, 2304783.4375 ], [ 595259.6875, 2304769.6875 ], [ 595258.125, 2304763.75 ], [ 595255.3125, 2304759.0625 ], [ 595246.5625, 2304752.8125 ], [ 595243.125, 2304748.75 ], [ 595240.3125, 2304740.3125 ], [ 595239.0625, 2304726.5625 ], [ 595235.3125, 2304719.0625 ], [ 595231.25, 2304715.625 ], [ 595208.75, 2304704.375 ], [ 595203.125, 2304698.75 ], [ 595200.9375, 2304693.4375 ], [ 595199.6875, 2304679.6875 ], [ 595198.125, 2304673.75 ], [ 595195.3125, 2304669.0625 ], [ 595186.5625, 2304662.8125 ], [ 595183.125, 2304658.75 ], [ 595180.9375, 2304653.4375 ], [ 595179.6875, 2304639.6875 ], [ 595178.125, 2304633.75 ], [ 595175.3125, 2304629.0625 ], [ 595166.5625, 2304622.8125 ], [ 595163.125, 2304618.75 ], [ 595160.9375, 2304613.4375 ], [ 595159.6875, 2304599.6875 ], [ 595158.125, 2304593.75 ], [ 595155.3125, 2304589.0625 ], [ 595146.5625, 2304582.8125 ], [ 595143.125, 2304578.75 ], [ 595140.9375, 2304573.4375 ], [ 595139.6875, 2304559.6875 ], [ 595138.125, 2304553.75 ], [ 595135.3125, 2304549.0625 ], [ 595126.5625, 2304542.8125 ], [ 595123.125, 2304538.75 ], [ 595120.9375, 2304533.4375 ], [ 595119.6875, 2304519.6875 ], [ 595118.125, 2304513.75 ], [ 595115.3125, 2304509.0625 ], [ 595106.5625, 2304502.8125 ], [ 595103.125, 2304498.75 ], [ 595100.9375, 2304493.4375 ], [ 595099.6875, 2304479.6875 ], [ 595098.125, 2304473.75 ], [ 595095.3125, 2304469.0625 ], [ 595086.5625, 2304462.8125 ], [ 595081.875, 2304456.25 ], [ 595080.0, 2304446.875 ], [ 595080.0, 2304413.125 ], [ 595078.125, 2304403.75 ], [ 595075.3125, 2304399.0625 ], [ 595066.5625, 2304392.8125 ], [ 595063.125, 2304388.75 ], [ 595060.9375, 2304383.4375 ], [ 595059.6875, 2304369.6875 ], [ 595058.125, 2304363.75 ], [ 595055.3125, 2304359.0625 ], [ 595046.5625, 2304352.8125 ], [ 595043.125, 2304348.75 ], [ 595040.9375, 2304343.4375 ], [ 595039.6875, 2304329.6875 ], [ 595038.125, 2304323.75 ], [ 595035.3125, 2304319.0625 ], [ 595026.5625, 2304312.8125 ], [ 595021.875, 2304306.25 ], [ 595020.3125, 2304300.3125 ], [ 595019.53125, 2304286.09375 ], [ 595017.65625, 2304276.71875 ], [ 595015.625, 2304271.25 ], [ 594983.28125, 2304206.09375 ], [ 594980.9375, 2304197.1875 ], [ 594979.6875, 2304179.6875 ], [ 594978.125, 2304173.75 ], [ 594975.3125, 2304169.0625 ], [ 594966.5625, 2304162.8125 ], [ 594961.875, 2304156.25 ], [ 594960.0, 2304146.875 ], [ 594960.0, 2304113.125 ], [ 594959.0625, 2304106.5625 ], [ 594955.3125, 2304099.0625 ], [ 594946.5625, 2304092.8125 ], [ 594941.875, 2304086.25 ], [ 594940.3125, 2304080.3125 ], [ 594939.84375, 2304069.53125 ], [ 594938.4375, 2304059.6875 ], [ 594935.625, 2304051.25 ], [ 594924.375, 2304028.75 ], [ 594922.34375, 2304023.28125 ], [ 594920.46875, 2304013.90625 ], [ 594919.6875, 2303999.6875 ], [ 594918.125, 2303993.75 ], [ 594913.4375, 2303987.1875 ], [ 594904.6875, 2303980.9375 ], [ 594900.9375, 2303973.4375 ], [ 594900.0, 2303966.875 ], [ 594900.0, 2303933.125 ], [ 594899.0625, 2303926.5625 ], [ 594895.3125, 2303919.0625 ], [ 594886.5625, 2303912.8125 ], [ 594881.875, 2303906.25 ], [ 594880.3125, 2303900.3125 ], [ 594879.53125, 2303886.09375 ], [ 594877.65625, 2303876.71875 ], [ 594862.34375, 2303843.28125 ], [ 594860.15625, 2303830.46875 ], [ 594860.0, 2303793.125 ], [ 594858.125, 2303783.75 ], [ 594855.3125, 2303779.0625 ], [ 594846.5625, 2303772.8125 ], [ 594841.875, 2303766.25 ], [ 594840.3125, 2303760.3125 ], [ 594839.84375, 2303749.53125 ], [ 594838.4375, 2303739.6875 ], [ 594835.625, 2303731.25 ], [ 594824.375, 2303708.75 ], [ 594822.34375, 2303703.28125 ], [ 594820.46875, 2303693.90625 ], [ 594819.6875, 2303679.6875 ], [ 594818.125, 2303673.75 ], [ 594813.4375, 2303667.1875 ], [ 594804.6875, 2303660.9375 ], [ 594800.9375, 2303653.4375 ], [ 594800.0, 2303646.875 ], [ 594799.6875, 2303579.6875 ], [ 594796.875, 2303571.25 ], [ 594793.4375, 2303567.1875 ], [ 594784.6875, 2303560.9375 ], [ 594781.875, 2303556.25 ], [ 594780.3125, 2303550.3125 ], [ 594779.84375, 2303389.53125 ], [ 594779.0625, 2303382.8125 ], [ 594776.71875, 2303373.90625 ], [ 594762.34375, 2303343.28125 ], [ 594760.9375, 2303337.1875 ], [ 594760.0, 2303326.875 ], [ 594760.0, 2302933.125 ], [ 594760.9375, 2302926.5625 ], [ 594763.125, 2302921.25 ], [ 594766.5625, 2302917.1875 ], [ 594773.4375, 2302912.8125 ], [ 594776.875, 2302908.75 ], [ 594779.0625, 2302903.4375 ], [ 594780.0, 2302896.875 ], [ 594780.0, 2302563.125 ], [ 594780.9375, 2302556.5625 ], [ 594783.125, 2302551.25 ], [ 594786.5625, 2302547.1875 ], [ 594795.3125, 2302540.9375 ], [ 594799.0625, 2302533.4375 ], [ 594800.0, 2302526.875 ], [ 594800.3125, 2302459.6875 ], [ 594803.125, 2302451.25 ], [ 594806.5625, 2302447.1875 ], [ 594815.3125, 2302440.9375 ], [ 594819.0625, 2302433.4375 ], [ 594820.0, 2302426.875 ], [ 594820.0, 2302393.125 ], [ 594820.9375, 2302386.5625 ], [ 594824.6875, 2302379.0625 ], [ 594833.4375, 2302372.8125 ], [ 594838.125, 2302366.25 ], [ 594839.6875, 2302360.3125 ], [ 594840.46875, 2302346.09375 ], [ 594842.34375, 2302336.71875 ], [ 594844.375, 2302331.25 ], [ 594855.625, 2302308.75 ], [ 594858.4375, 2302300.3125 ], [ 594860.0, 2302286.875 ], [ 594860.0, 2302223.125 ], [ 594860.9375, 2302216.5625 ], [ 594864.6875, 2302209.0625 ], [ 594868.75, 2302205.625 ], [ 594875.78125, 2302201.40625 ], [ 594882.96875, 2302193.59375 ], [ 594895.625, 2302168.75 ], [ 594897.65625, 2302163.28125 ], [ 594899.84375, 2302150.46875 ], [ 594900.0, 2302113.125 ], [ 594900.9375, 2302106.5625 ], [ 594904.6875, 2302099.0625 ], [ 594915.3125, 2302090.9375 ], [ 594919.0625, 2302083.4375 ], [ 594920.0, 2302076.875 ], [ 594920.0, 2302043.125 ], [ 594920.9375, 2302036.5625 ], [ 594924.6875, 2302029.0625 ], [ 594935.3125, 2302020.9375 ], [ 594939.0625, 2302013.4375 ], [ 594940.0, 2302006.875 ], [ 594940.0, 2301973.125 ], [ 594940.9375, 2301966.5625 ], [ 594944.6875, 2301959.0625 ], [ 594955.3125, 2301950.9375 ], [ 594959.0625, 2301943.4375 ], [ 594960.0, 2301936.875 ], [ 594960.3125, 2301899.6875 ], [ 594963.125, 2301891.25 ], [ 594966.5625, 2301887.1875 ], [ 594975.3125, 2301880.9375 ], [ 594979.0625, 2301873.4375 ], [ 594980.0, 2301866.875 ], [ 594980.0, 2301833.125 ], [ 594980.9375, 2301826.5625 ], [ 594984.6875, 2301819.0625 ], [ 594993.4375, 2301812.8125 ], [ 594998.125, 2301806.25 ], [ 594999.6875, 2301800.3125 ], [ 595000.15625, 2301789.53125 ], [ 595001.5625, 2301779.6875 ], [ 595004.375, 2301771.25 ], [ 595015.625, 2301748.75 ], [ 595017.65625, 2301743.28125 ], [ 595019.53125, 2301733.90625 ], [ 595020.3125, 2301719.6875 ], [ 595021.875, 2301713.75 ], [ 595024.6875, 2301709.0625 ], [ 595033.4375, 2301702.8125 ], [ 595038.125, 2301696.25 ], [ 595040.0, 2301686.875 ], [ 595040.0, 2301653.125 ], [ 595040.9375, 2301646.5625 ], [ 595044.6875, 2301639.0625 ], [ 595053.4375, 2301632.8125 ], [ 595058.125, 2301626.25 ], [ 595059.6875, 2301620.3125 ], [ 595060.15625, 2301609.53125 ], [ 595061.5625, 2301599.6875 ], [ 595064.375, 2301591.25 ], [ 595075.625, 2301568.75 ], [ 595077.65625, 2301563.28125 ], [ 595079.53125, 2301553.90625 ], [ 595080.3125, 2301539.6875 ], [ 595081.875, 2301533.75 ], [ 595084.6875, 2301529.0625 ], [ 595093.4375, 2301522.8125 ], [ 595098.125, 2301516.25 ], [ 595100.0, 2301506.875 ], [ 595100.0, 2301473.125 ], [ 595100.9375, 2301466.5625 ], [ 595104.6875, 2301459.0625 ], [ 595113.4375, 2301452.8125 ], [ 595118.125, 2301446.25 ], [ 595119.6875, 2301440.3125 ], [ 595120.15625, 2301429.53125 ], [ 595121.5625, 2301419.6875 ], [ 595124.375, 2301411.25 ], [ 595135.625, 2301388.75 ], [ 595137.65625, 2301383.28125 ], [ 595139.53125, 2301373.90625 ], [ 595140.3125, 2301359.6875 ], [ 595141.875, 2301353.75 ], [ 595144.6875, 2301349.0625 ], [ 595153.4375, 2301342.8125 ], [ 595158.125, 2301336.25 ], [ 595160.0, 2301326.875 ], [ 595160.0, 2301293.125 ], [ 595160.9375, 2301286.5625 ], [ 595164.6875, 2301279.0625 ], [ 595173.4375, 2301272.8125 ], [ 595178.125, 2301266.25 ], [ 595179.6875, 2301260.3125 ], [ 595180.15625, 2301249.53125 ], [ 595181.5625, 2301239.6875 ], [ 595184.375, 2301231.25 ], [ 595195.625, 2301208.75 ], [ 595197.65625, 2301203.28125 ], [ 595199.53125, 2301193.90625 ], [ 595200.3125, 2301179.6875 ], [ 595201.875, 2301173.75 ], [ 595204.6875, 2301169.0625 ], [ 595213.4375, 2301162.8125 ], [ 595218.125, 2301156.25 ], [ 595220.0, 2301146.875 ], [ 595220.0, 2301113.125 ], [ 595221.875, 2301103.75 ], [ 595224.6875, 2301099.0625 ], [ 595233.4375, 2301092.8125 ], [ 595236.875, 2301088.75 ], [ 595239.0625, 2301083.4375 ], [ 595240.3125, 2301069.6875 ], [ 595241.875, 2301063.75 ], [ 595244.6875, 2301059.0625 ], [ 595253.4375, 2301052.8125 ], [ 595258.125, 2301046.25 ], [ 595259.6875, 2301040.3125 ], [ 595260.15625, 2301029.53125 ], [ 595261.5625, 2301019.6875 ], [ 595264.375, 2301011.25 ], [ 595275.625, 2300988.75 ], [ 595277.65625, 2300983.28125 ], [ 595279.53125, 2300973.90625 ], [ 595280.3125, 2300959.6875 ], [ 595281.875, 2300953.75 ], [ 595284.6875, 2300949.0625 ], [ 595293.4375, 2300942.8125 ], [ 595296.875, 2300938.75 ], [ 595299.0625, 2300933.4375 ], [ 595300.3125, 2300919.6875 ], [ 595301.875, 2300913.75 ], [ 595304.6875, 2300909.0625 ], [ 595313.4375, 2300902.8125 ], [ 595318.125, 2300896.25 ], [ 595320.0, 2300886.875 ], [ 595320.0, 2300853.125 ], [ 595320.9375, 2300846.5625 ], [ 595324.6875, 2300839.0625 ], [ 595333.4375, 2300832.8125 ], [ 595338.125, 2300826.25 ], [ 595339.6875, 2300820.3125 ], [ 595340.46875, 2300806.09375 ], [ 595342.34375, 2300796.71875 ], [ 595344.375, 2300791.25 ], [ 595376.71875, 2300726.09375 ], [ 595379.0625, 2300717.1875 ], [ 595380.3125, 2300699.6875 ], [ 595381.875, 2300693.75 ], [ 595384.6875, 2300689.0625 ], [ 595393.4375, 2300682.8125 ], [ 595398.125, 2300676.25 ], [ 595400.0, 2300666.875 ], [ 595400.0, 2300633.125 ], [ 595401.875, 2300623.75 ], [ 595404.6875, 2300619.0625 ], [ 595413.4375, 2300612.8125 ], [ 595418.125, 2300606.25 ], [ 595419.6875, 2300600.3125 ], [ 595420.46875, 2300586.09375 ], [ 595422.34375, 2300576.71875 ], [ 595424.375, 2300571.25 ], [ 595456.71875, 2300506.09375 ], [ 595459.0625, 2300497.1875 ], [ 595460.3125, 2300479.6875 ], [ 595461.875, 2300473.75 ], [ 595464.6875, 2300469.0625 ], [ 595473.4375, 2300462.8125 ], [ 595476.875, 2300458.75 ], [ 595479.0625, 2300453.4375 ], [ 595480.3125, 2300439.6875 ], [ 595481.875, 2300433.75 ], [ 595484.6875, 2300429.0625 ], [ 595493.4375, 2300422.8125 ], [ 595498.125, 2300416.25 ], [ 595500.0, 2300406.875 ], [ 595500.0, 2300373.125 ], [ 595501.875, 2300363.75 ], [ 595504.6875, 2300359.0625 ], [ 595513.4375, 2300352.8125 ], [ 595516.875, 2300348.75 ], [ 595519.0625, 2300343.4375 ], [ 595520.3125, 2300329.6875 ], [ 595521.875, 2300323.75 ], [ 595524.6875, 2300319.0625 ], [ 595533.4375, 2300312.8125 ], [ 595536.875, 2300308.75 ], [ 595539.0625, 2300303.4375 ], [ 595540.3125, 2300289.6875 ], [ 595541.875, 2300283.75 ], [ 595544.6875, 2300279.0625 ], [ 595553.4375, 2300272.8125 ], [ 595558.125, 2300266.25 ], [ 595559.6875, 2300260.3125 ], [ 595560.9375, 2300242.8125 ], [ 595563.28125, 2300233.90625 ], [ 595615.625, 2300128.75 ], [ 595619.0625, 2300117.1875 ], [ 595620.3125, 2300099.6875 ], [ 595621.875, 2300093.75 ], [ 595624.6875, 2300089.0625 ], [ 595633.4375, 2300082.8125 ], [ 595636.875, 2300078.75 ], [ 595639.0625, 2300073.4375 ], [ 595640.3125, 2300059.6875 ], [ 595643.125, 2300051.25 ], [ 595646.5625, 2300047.1875 ], [ 595657.8125, 2300039.6875 ], [ 595664.375, 2300031.25 ], [ 595735.625, 2299888.75 ], [ 595742.1875, 2299880.3125 ], [ 595753.4375, 2299872.8125 ], [ 595756.875, 2299868.75 ], [ 595759.0625, 2299863.4375 ], [ 595760.3125, 2299849.6875 ], [ 595761.875, 2299843.75 ], [ 595764.6875, 2299839.0625 ], [ 595773.4375, 2299832.8125 ], [ 595776.875, 2299828.75 ], [ 595779.0625, 2299823.4375 ], [ 595780.3125, 2299809.6875 ], [ 595783.125, 2299801.25 ], [ 595788.75, 2299795.625 ], [ 595811.25, 2299784.375 ], [ 595816.875, 2299778.75 ], [ 595819.0625, 2299773.4375 ], [ 595820.3125, 2299759.6875 ], [ 595823.125, 2299751.25 ], [ 595826.5625, 2299747.1875 ], [ 595837.8125, 2299739.6875 ], [ 595842.96875, 2299733.59375 ], [ 595895.625, 2299628.75 ], [ 595902.1875, 2299620.3125 ], [ 595913.4375, 2299612.8125 ], [ 595916.875, 2299608.75 ], [ 595919.0625, 2299603.4375 ], [ 595920.3125, 2299589.6875 ], [ 595923.125, 2299581.25 ], [ 595928.75, 2299575.625 ], [ 595951.25, 2299564.375 ], [ 595955.3125, 2299560.9375 ], [ 595959.0625, 2299553.4375 ], [ 595960.3125, 2299539.6875 ], [ 595963.125, 2299531.25 ], [ 595966.5625, 2299527.1875 ], [ 595973.59375, 2299522.96875 ], [ 595979.6875, 2299517.8125 ], [ 595984.375, 2299511.25 ], [ 595995.625, 2299488.75 ], [ 595998.59375, 2299484.21875 ], [ 596004.21875, 2299478.59375 ], [ 596013.4375, 2299472.8125 ], [ 596016.875, 2299468.75 ], [ 596019.6875, 2299460.3125 ], [ 596020.9375, 2299446.5625 ], [ 596024.6875, 2299439.0625 ], [ 596028.75, 2299435.625 ], [ 596053.59375, 2299422.96875 ], [ 596061.40625, 2299415.78125 ], [ 596064.375, 2299411.25 ], [ 596095.625, 2299348.75 ], [ 596100.3125, 2299342.1875 ], [ 596106.40625, 2299337.03125 ], [ 596131.25, 2299324.375 ], [ 596137.8125, 2299319.6875 ], [ 596142.96875, 2299313.59375 ], [ 596155.625, 2299288.75 ], [ 596160.3125, 2299282.1875 ], [ 596166.40625, 2299277.03125 ], [ 596191.25, 2299264.375 ], [ 596197.8125, 2299259.6875 ], [ 596202.96875, 2299253.59375 ], [ 596215.625, 2299228.75 ], [ 596220.3125, 2299222.1875 ], [ 596226.40625, 2299217.03125 ], [ 596251.25, 2299204.375 ], [ 596257.8125, 2299199.6875 ], [ 596262.96875, 2299193.59375 ], [ 596275.625, 2299168.75 ], [ 596280.3125, 2299162.1875 ], [ 596286.40625, 2299157.03125 ], [ 596311.25, 2299144.375 ], [ 596317.8125, 2299139.6875 ], [ 596322.96875, 2299133.59375 ], [ 596335.625, 2299108.75 ], [ 596340.3125, 2299102.1875 ], [ 596346.40625, 2299097.03125 ], [ 596371.25, 2299084.375 ], [ 596377.8125, 2299079.6875 ], [ 596382.96875, 2299073.59375 ], [ 596395.625, 2299048.75 ], [ 596400.3125, 2299042.1875 ], [ 596406.40625, 2299037.03125 ], [ 596431.25, 2299024.375 ], [ 596437.8125, 2299019.6875 ], [ 596444.375, 2299011.25 ], [ 596457.03125, 2298986.40625 ], [ 596464.21875, 2298978.59375 ], [ 596495.78125, 2298961.40625 ], [ 596501.40625, 2298955.78125 ], [ 596507.1875, 2298946.5625 ], [ 596511.25, 2298943.125 ], [ 596519.6875, 2298940.3125 ], [ 596533.4375, 2298939.0625 ], [ 596540.9375, 2298935.3125 ], [ 596544.375, 2298931.25 ], [ 596555.625, 2298908.75 ], [ 596560.3125, 2298902.1875 ], [ 596568.75, 2298895.625 ], [ 596591.25, 2298884.375 ], [ 596595.78125, 2298881.40625 ], [ 596601.40625, 2298875.78125 ], [ 596607.1875, 2298866.5625 ], [ 596611.25, 2298863.125 ], [ 596616.5625, 2298860.9375 ], [ 596630.3125, 2298859.6875 ], [ 596636.25, 2298858.125 ], [ 596640.9375, 2298855.3125 ], [ 596647.1875, 2298846.5625 ], [ 596651.25, 2298843.125 ], [ 596659.6875, 2298840.3125 ], [ 596673.4375, 2298839.0625 ], [ 596680.9375, 2298835.3125 ], [ 596684.375, 2298831.25 ], [ 596695.625, 2298808.75 ], [ 596699.0625, 2298804.6875 ], [ 596703.75, 2298801.875 ], [ 596713.125, 2298800.0 ], [ 596746.875, 2298800.0 ], [ 596756.25, 2298798.125 ], [ 596760.9375, 2298795.3125 ], [ 596767.1875, 2298786.5625 ], [ 596771.25, 2298783.125 ], [ 596776.5625, 2298780.9375 ], [ 596790.3125, 2298779.6875 ], [ 596796.25, 2298778.125 ], [ 596800.9375, 2298775.3125 ], [ 596807.1875, 2298766.5625 ], [ 596813.75, 2298761.875 ], [ 596819.6875, 2298760.3125 ], [ 596833.90625, 2298759.53125 ], [ 596843.28125, 2298757.65625 ], [ 596848.75, 2298755.625 ], [ 596913.90625, 2298723.28125 ], [ 596922.8125, 2298720.9375 ], [ 596940.3125, 2298719.6875 ], [ 596946.25, 2298718.125 ], [ 596950.9375, 2298715.3125 ], [ 596957.1875, 2298706.5625 ], [ 596961.25, 2298703.125 ], [ 596966.5625, 2298700.9375 ], [ 596980.3125, 2298699.6875 ], [ 596986.25, 2298698.125 ], [ 596990.9375, 2298695.3125 ], [ 596997.1875, 2298686.5625 ], [ 597001.25, 2298683.125 ], [ 597006.5625, 2298680.9375 ], [ 597020.3125, 2298679.6875 ], [ 597026.25, 2298678.125 ], [ 597030.9375, 2298675.3125 ], [ 597037.1875, 2298666.5625 ], [ 597043.75, 2298661.875 ], [ 597053.125, 2298660.0 ], [ 597086.875, 2298660.0 ], [ 597093.4375, 2298659.0625 ], [ 597100.9375, 2298655.3125 ], [ 597107.1875, 2298646.5625 ], [ 597113.75, 2298641.875 ], [ 597119.6875, 2298640.3125 ], [ 597130.46875, 2298639.84375 ], [ 597140.3125, 2298638.4375 ], [ 597148.75, 2298635.625 ], [ 597171.25, 2298624.375 ], [ 597176.71875, 2298622.34375 ], [ 597186.09375, 2298620.46875 ], [ 597200.3125, 2298619.6875 ], [ 597206.25, 2298618.125 ], [ 597210.9375, 2298615.3125 ], [ 597217.1875, 2298606.5625 ], [ 597223.75, 2298601.875 ], [ 597233.125, 2298600.0 ], [ 597266.875, 2298600.0 ], [ 597273.4375, 2298599.0625 ], [ 597280.9375, 2298595.3125 ], [ 597287.1875, 2298586.5625 ], [ 597293.75, 2298581.875 ], [ 597299.6875, 2298580.3125 ], [ 597310.46875, 2298579.84375 ], [ 597320.3125, 2298578.4375 ], [ 597328.75, 2298575.625 ], [ 597351.25, 2298564.375 ], [ 597356.71875, 2298562.34375 ], [ 597366.09375, 2298560.46875 ], [ 597380.3125, 2298559.6875 ], [ 597386.25, 2298558.125 ], [ 597392.8125, 2298553.4375 ], [ 597399.0625, 2298544.6875 ], [ 597406.5625, 2298540.9375 ], [ 597413.125, 2298540.0 ], [ 597446.875, 2298540.0 ], [ 597453.4375, 2298539.0625 ], [ 597460.9375, 2298535.3125 ], [ 597467.1875, 2298526.5625 ], [ 597473.75, 2298521.875 ], [ 597479.6875, 2298520.3125 ], [ 597493.90625, 2298519.53125 ], [ 597503.28125, 2298517.65625 ], [ 597536.71875, 2298502.34375 ], [ 597549.53125, 2298500.15625 ], [ 597586.875, 2298500.0 ], [ 597593.4375, 2298499.0625 ], [ 597600.9375, 2298495.3125 ], [ 597609.0625, 2298484.6875 ], [ 597613.75, 2298481.875 ], [ 597619.6875, 2298480.3125 ], [ 597686.875, 2298480.0 ], [ 597693.4375, 2298479.0625 ], [ 597700.9375, 2298475.3125 ], [ 597707.1875, 2298466.5625 ], [ 597713.75, 2298461.875 ], [ 597723.125, 2298460.0 ], [ 597756.875, 2298460.0 ], [ 597763.4375, 2298459.0625 ], [ 597770.9375, 2298455.3125 ], [ 597779.0625, 2298444.6875 ], [ 597783.75, 2298441.875 ], [ 597789.6875, 2298440.3125 ], [ 597890.3125, 2298439.6875 ], [ 597898.75, 2298436.875 ], [ 597902.8125, 2298433.4375 ], [ 597909.0625, 2298424.6875 ], [ 597913.75, 2298421.875 ], [ 597919.6875, 2298420.3125 ], [ 597993.90625, 2298419.53125 ], [ 598006.09375, 2298416.71875 ], [ 598031.25, 2298404.375 ], [ 598042.8125, 2298400.9375 ], [ 598053.125, 2298400.0 ], [ 598120.3125, 2298399.6875 ], [ 598128.75, 2298396.875 ], [ 598132.8125, 2298393.4375 ], [ 598139.0625, 2298384.6875 ], [ 598143.75, 2298381.875 ], [ 598149.6875, 2298380.3125 ], [ 598276.875, 2298380.0 ], [ 598283.4375, 2298379.0625 ], [ 598288.75, 2298376.875 ], [ 598292.8125, 2298373.4375 ], [ 598299.0625, 2298364.6875 ], [ 598303.75, 2298361.875 ], [ 598309.6875, 2298360.3125 ], [ 598466.875, 2298360.0 ], [ 598473.4375, 2298359.0625 ], [ 598478.75, 2298356.875 ], [ 598482.8125, 2298353.4375 ], [ 598489.0625, 2298344.6875 ], [ 598493.75, 2298341.875 ], [ 598499.6875, 2298340.3125 ], [ 598630.3125, 2298339.6875 ], [ 598638.75, 2298336.875 ], [ 598642.8125, 2298333.4375 ], [ 598649.0625, 2298324.6875 ], [ 598656.5625, 2298320.9375 ], [ 598663.125, 2298320.0 ], [ 598726.875, 2298320.0 ], [ 598737.1875, 2298319.0625 ], [ 598746.09375, 2298316.71875 ], [ 598771.25, 2298304.375 ], [ 598779.6875, 2298301.5625 ], [ 598789.53125, 2298300.15625 ], [ 598826.875, 2298300.0 ], [ 598837.1875, 2298299.0625 ], [ 598846.09375, 2298296.71875 ], [ 598871.25, 2298284.375 ], [ 598879.6875, 2298281.5625 ], [ 598889.53125, 2298280.15625 ], [ 598926.875, 2298280.0 ], [ 598937.1875, 2298279.0625 ], [ 598946.09375, 2298276.71875 ], [ 598971.25, 2298264.375 ], [ 598979.6875, 2298261.5625 ], [ 598989.53125, 2298260.15625 ], [ 599026.875, 2298260.0 ], [ 599037.1875, 2298259.0625 ], [ 599046.09375, 2298256.71875 ], [ 599071.25, 2298244.375 ], [ 599079.6875, 2298241.5625 ], [ 599089.53125, 2298240.15625 ], [ 599126.875, 2298240.0 ], [ 599137.1875, 2298239.0625 ], [ 599146.09375, 2298236.71875 ], [ 599171.25, 2298224.375 ], [ 599182.8125, 2298220.9375 ], [ 599193.125, 2298220.0 ], [ 599286.875, 2298220.0 ], [ 599293.4375, 2298219.0625 ], [ 599300.9375, 2298215.3125 ], [ 599307.1875, 2298206.5625 ], [ 599313.75, 2298201.875 ], [ 599319.6875, 2298200.3125 ], [ 599333.90625, 2298199.53125 ], [ 599343.28125, 2298197.65625 ], [ 599376.71875, 2298182.34375 ], [ 599389.53125, 2298180.15625 ], [ 599426.875, 2298180.0 ], [ 599433.4375, 2298179.0625 ], [ 599440.9375, 2298175.3125 ], [ 599447.1875, 2298166.5625 ], [ 599453.75, 2298161.875 ], [ 599459.6875, 2298160.3125 ], [ 599473.90625, 2298159.53125 ], [ 599483.28125, 2298157.65625 ], [ 599516.71875, 2298142.34375 ], [ 599529.53125, 2298140.15625 ], [ 599566.875, 2298140.0 ], [ 599573.4375, 2298139.0625 ], [ 599580.9375, 2298135.3125 ], [ 599589.0625, 2298124.6875 ], [ 599596.5625, 2298120.9375 ], [ 599603.125, 2298120.0 ], [ 599640.3125, 2298119.6875 ], [ 599648.75, 2298116.875 ], [ 599652.8125, 2298113.4375 ], [ 599659.0625, 2298104.6875 ], [ 599666.5625, 2298100.9375 ], [ 599673.125, 2298100.0 ], [ 599706.875, 2298100.0 ], [ 599716.25, 2298098.125 ], [ 599720.9375, 2298095.3125 ], [ 599727.1875, 2298086.5625 ], [ 599731.25, 2298083.125 ], [ 599736.5625, 2298080.9375 ], [ 599750.3125, 2298079.6875 ], [ 599756.25, 2298078.125 ], [ 599760.9375, 2298075.3125 ], [ 599767.1875, 2298066.5625 ], [ 599773.75, 2298061.875 ], [ 599779.6875, 2298060.3125 ], [ 599790.46875, 2298059.84375 ], [ 599800.3125, 2298058.4375 ], [ 599808.75, 2298055.625 ], [ 599831.25, 2298044.375 ], [ 599836.71875, 2298042.34375 ], [ 599846.09375, 2298040.46875 ], [ 599860.3125, 2298039.6875 ], [ 599866.25, 2298038.125 ], [ 599872.8125, 2298033.4375 ], [ 599879.0625, 2298024.6875 ], [ 599886.5625, 2298020.9375 ], [ 599893.125, 2298020.0 ], [ 599926.875, 2298020.0 ], [ 599936.25, 2298018.125 ], [ 599940.9375, 2298015.3125 ], [ 599947.1875, 2298006.5625 ], [ 599951.25, 2298003.125 ], [ 599956.5625, 2298000.9375 ], [ 599970.3125, 2297999.6875 ], [ 599976.25, 2297998.125 ], [ 599980.9375, 2297995.3125 ], [ 599987.1875, 2297986.5625 ], [ 599991.25, 2297983.125 ], [ 599996.5625, 2297980.9375 ], [ 600010.3125, 2297979.6875 ], [ 600016.25, 2297978.125 ], [ 600020.9375, 2297975.3125 ], [ 600027.1875, 2297966.5625 ], [ 600031.25, 2297963.125 ], [ 600036.5625, 2297960.9375 ], [ 600050.3125, 2297959.6875 ], [ 600056.25, 2297958.125 ], [ 600060.9375, 2297955.3125 ], [ 600067.1875, 2297946.5625 ], [ 600071.25, 2297943.125 ], [ 600076.5625, 2297940.9375 ], [ 600090.3125, 2297939.6875 ], [ 600098.75, 2297936.875 ], [ 600104.375, 2297931.25 ], [ 600115.625, 2297908.75 ], [ 600119.0625, 2297904.6875 ], [ 600126.5625, 2297900.9375 ], [ 600140.3125, 2297899.6875 ], [ 600148.75, 2297896.875 ], [ 600152.8125, 2297893.4375 ], [ 600160.3125, 2297882.1875 ], [ 600166.40625, 2297877.03125 ], [ 600233.59375, 2297842.96875 ], [ 600237.8125, 2297839.6875 ], [ 600242.96875, 2297833.59375 ], [ 600257.03125, 2297806.40625 ], [ 600264.21875, 2297798.59375 ], [ 600295.78125, 2297781.40625 ], [ 600301.40625, 2297775.78125 ], [ 600307.1875, 2297766.5625 ], [ 600311.25, 2297763.125 ], [ 600319.6875, 2297760.3125 ], [ 600333.4375, 2297759.0625 ], [ 600340.9375, 2297755.3125 ], [ 600344.375, 2297751.25 ], [ 600375.625, 2297688.75 ], [ 600378.59375, 2297684.21875 ], [ 600386.40625, 2297677.03125 ], [ 600411.25, 2297664.375 ], [ 600417.8125, 2297659.6875 ], [ 600422.96875, 2297653.59375 ], [ 600435.625, 2297628.75 ], [ 600440.3125, 2297622.1875 ], [ 600446.40625, 2297617.03125 ], [ 600471.25, 2297604.375 ], [ 600475.3125, 2297600.9375 ], [ 600479.0625, 2297593.4375 ], [ 600480.3125, 2297579.6875 ], [ 600483.125, 2297571.25 ], [ 600486.5625, 2297567.1875 ], [ 600493.59375, 2297562.96875 ], [ 600499.6875, 2297557.8125 ], [ 600504.375, 2297551.25 ], [ 600515.625, 2297528.75 ], [ 600518.59375, 2297524.21875 ], [ 600524.21875, 2297518.59375 ], [ 600533.4375, 2297512.8125 ], [ 600536.875, 2297508.75 ], [ 600539.0625, 2297503.4375 ], [ 600540.3125, 2297489.6875 ], [ 600543.125, 2297481.25 ], [ 600548.75, 2297475.625 ], [ 600573.59375, 2297462.96875 ], [ 600581.40625, 2297455.78125 ], [ 600584.375, 2297451.25 ], [ 600617.03125, 2297386.40625 ], [ 600622.1875, 2297380.3125 ], [ 600633.4375, 2297372.8125 ], [ 600636.875, 2297368.75 ], [ 600639.0625, 2297363.4375 ], [ 600640.3125, 2297349.6875 ], [ 600641.875, 2297343.75 ], [ 600644.6875, 2297339.0625 ], [ 600653.4375, 2297332.8125 ], [ 600656.875, 2297328.75 ], [ 600659.0625, 2297323.4375 ], [ 600660.3125, 2297309.6875 ], [ 600661.875, 2297303.75 ], [ 600664.6875, 2297299.0625 ], [ 600673.4375, 2297292.8125 ], [ 600676.875, 2297288.75 ], [ 600679.0625, 2297283.4375 ], [ 600680.3125, 2297269.6875 ], [ 600681.875, 2297263.75 ], [ 600684.6875, 2297259.0625 ], [ 600693.4375, 2297252.8125 ], [ 600696.875, 2297248.75 ], [ 600699.0625, 2297243.4375 ], [ 600700.3125, 2297229.6875 ], [ 600701.875, 2297223.75 ], [ 600704.6875, 2297219.0625 ], [ 600713.4375, 2297212.8125 ], [ 600716.875, 2297208.75 ], [ 600719.0625, 2297203.4375 ], [ 600720.3125, 2297189.6875 ], [ 600721.875, 2297183.75 ], [ 600724.6875, 2297179.0625 ], [ 600733.4375, 2297172.8125 ], [ 600738.125, 2297166.25 ], [ 600739.6875, 2297160.3125 ], [ 600740.46875, 2297146.09375 ], [ 600742.34375, 2297136.71875 ], [ 600744.375, 2297131.25 ], [ 600776.71875, 2297066.09375 ], [ 600779.0625, 2297057.1875 ], [ 600780.3125, 2297039.6875 ], [ 600781.875, 2297033.75 ], [ 600784.6875, 2297029.0625 ], [ 600793.4375, 2297022.8125 ], [ 600798.125, 2297016.25 ], [ 600800.0, 2297006.875 ], [ 600800.3125, 2296879.6875 ], [ 600801.875, 2296873.75 ], [ 600804.6875, 2296869.0625 ], [ 600813.4375, 2296862.8125 ], [ 600816.875, 2296858.75 ], [ 600819.0625, 2296853.4375 ], [ 600820.0, 2296846.875 ], [ 600819.6875, 2296689.6875 ], [ 600818.125, 2296683.75 ], [ 600815.3125, 2296679.0625 ], [ 600806.5625, 2296672.8125 ], [ 600803.125, 2296668.75 ], [ 600800.9375, 2296663.4375 ], [ 600800.0, 2296656.875 ], [ 600799.53125, 2296406.09375 ], [ 600796.71875, 2296393.90625 ], [ 600783.28125, 2296366.09375 ], [ 600780.46875, 2296353.90625 ], [ 600780.0, 2296253.125 ], [ 600779.0625, 2296246.5625 ], [ 600775.3125, 2296239.0625 ], [ 600764.6875, 2296230.9375 ], [ 600761.875, 2296226.25 ], [ 600760.3125, 2296220.3125 ], [ 600759.6875, 2296089.6875 ], [ 600758.125, 2296083.75 ], [ 600755.3125, 2296079.0625 ], [ 600746.5625, 2296072.8125 ], [ 600743.125, 2296068.75 ], [ 600740.9375, 2296063.4375 ], [ 600740.0, 2296056.875 ], [ 600740.0, 2295603.125 ], [ 600739.0625, 2295596.5625 ], [ 600736.875, 2295591.25 ], [ 600733.4375, 2295587.1875 ], [ 600726.5625, 2295582.8125 ], [ 600723.125, 2295578.75 ], [ 600720.9375, 2295573.4375 ], [ 600720.0, 2295566.875 ], [ 600720.0, 2295023.125 ], [ 600719.0625, 2295016.5625 ], [ 600716.875, 2295011.25 ], [ 600713.4375, 2295007.1875 ], [ 600706.5625, 2295002.8125 ], [ 600703.125, 2294998.75 ], [ 600700.9375, 2294993.4375 ], [ 600700.0, 2294986.875 ], [ 600700.0, 2294593.125 ], [ 600699.53125, 2294586.09375 ], [ 600697.65625, 2294576.71875 ], [ 600683.28125, 2294546.09375 ], [ 600681.5625, 2294540.3125 ], [ 600680.15625, 2294530.46875 ], [ 600680.0, 2294133.125 ], [ 600679.0625, 2294126.5625 ], [ 600676.875, 2294121.25 ], [ 600673.4375, 2294117.1875 ], [ 600666.5625, 2294112.8125 ], [ 600663.125, 2294108.75 ], [ 600660.9375, 2294103.4375 ], [ 600660.0, 2294096.875 ], [ 600660.46875, 2293906.09375 ], [ 600663.28125, 2293893.90625 ], [ 600676.71875, 2293866.09375 ], [ 600679.53125, 2293853.90625 ], [ 600680.0, 2293753.125 ], [ 600680.9375, 2293746.5625 ], [ 600684.6875, 2293739.0625 ], [ 600695.3125, 2293730.9375 ], [ 600698.125, 2293726.25 ], [ 600699.6875, 2293720.3125 ], [ 600700.3125, 2293619.6875 ], [ 600703.125, 2293611.25 ], [ 600706.5625, 2293607.1875 ], [ 600715.3125, 2293600.9375 ], [ 600718.125, 2293596.25 ], [ 600719.6875, 2293590.3125 ], [ 600720.46875, 2293486.09375 ], [ 600723.28125, 2293473.90625 ], [ 600736.71875, 2293446.09375 ], [ 600739.53125, 2293433.90625 ], [ 600740.0, 2293333.125 ], [ 600740.9375, 2293326.5625 ], [ 600744.6875, 2293319.0625 ], [ 600755.3125, 2293310.9375 ], [ 600758.125, 2293306.25 ], [ 600759.6875, 2293300.3125 ], [ 600760.3125, 2293199.6875 ], [ 600763.125, 2293191.25 ], [ 600766.5625, 2293187.1875 ], [ 600775.3125, 2293180.9375 ], [ 600778.125, 2293176.25 ], [ 600779.6875, 2293170.3125 ], [ 600780.0, 2293013.125 ], [ 600779.0625, 2293002.8125 ], [ 600775.625, 2292991.25 ], [ 600594.375, 2292628.75 ], [ 600590.9375, 2292624.6875 ], [ 600586.25, 2292621.875 ], [ 600580.3125, 2292620.3125 ], [ 600566.09375, 2292619.53125 ], [ 600556.71875, 2292617.65625 ], [ 600523.28125, 2292602.34375 ], [ 600517.1875, 2292600.9375 ], [ 600506.875, 2292600.0 ], [ 600466.09375, 2292600.46875 ], [ 600456.71875, 2292602.34375 ], [ 600448.75, 2292605.625 ], [ 600444.6875, 2292609.0625 ], [ 600441.875, 2292613.75 ], [ 600440.0, 2292623.125 ], [ 600440.15625, 2292630.46875 ], [ 600441.5625, 2292640.3125 ], [ 600444.375, 2292648.75 ], [ 600456.71875, 2292673.90625 ], [ 600459.53125, 2292686.09375 ], [ 600459.6875, 2292790.3125 ], [ 600458.125, 2292796.25 ], [ 600453.4375, 2292802.8125 ], [ 600428.75, 2292815.625 ], [ 600424.6875, 2292819.0625 ], [ 600420.9375, 2292826.5625 ], [ 600419.6875, 2292840.3125 ], [ 600418.125, 2292846.25 ], [ 600413.4375, 2292852.8125 ], [ 600404.6875, 2292859.0625 ], [ 600401.875, 2292863.75 ], [ 600400.3125, 2292869.6875 ], [ 600400.0, 2292996.875 ], [ 600400.9375, 2293003.4375 ], [ 600404.6875, 2293010.9375 ], [ 600415.3125, 2293019.0625 ], [ 600419.0625, 2293026.5625 ], [ 600420.0, 2293033.125 ], [ 600420.15625, 2293070.46875 ], [ 600421.5625, 2293080.3125 ], [ 600424.375, 2293088.75 ], [ 600437.03125, 2293113.59375 ], [ 600442.1875, 2293119.6875 ], [ 600455.3125, 2293129.0625 ], [ 600458.125, 2293133.75 ], [ 600459.6875, 2293139.6875 ], [ 600460.0, 2293386.875 ], [ 600459.0625, 2293393.4375 ], [ 600455.3125, 2293400.9375 ], [ 600451.25, 2293404.375 ], [ 600426.5625, 2293417.1875 ], [ 600423.125, 2293421.25 ], [ 600420.3125, 2293429.6875 ], [ 600420.0, 2293466.875 ], [ 600420.9375, 2293473.4375 ], [ 600424.6875, 2293480.9375 ], [ 600435.3125, 2293489.0625 ], [ 600438.125, 2293493.75 ], [ 600439.6875, 2293499.6875 ], [ 600439.6875, 2293570.3125 ], [ 600438.125, 2293576.25 ], [ 600435.3125, 2293580.9375 ], [ 600426.5625, 2293587.1875 ], [ 600421.875, 2293593.75 ], [ 600420.3125, 2293599.6875 ], [ 600419.53125, 2293613.90625 ], [ 600417.65625, 2293623.28125 ], [ 600415.625, 2293628.75 ], [ 600404.375, 2293651.25 ], [ 600400.9375, 2293662.8125 ], [ 600400.0, 2293673.125 ], [ 600399.6875, 2293770.3125 ], [ 600396.875, 2293778.75 ], [ 600393.4375, 2293782.8125 ], [ 600384.6875, 2293789.0625 ], [ 600381.875, 2293793.75 ], [ 600380.3125, 2293799.6875 ], [ 600380.0, 2293926.875 ], [ 600379.0625, 2293933.4375 ], [ 600376.875, 2293938.75 ], [ 600373.4375, 2293942.8125 ], [ 600364.6875, 2293949.0625 ], [ 600360.9375, 2293956.5625 ], [ 600360.0, 2293963.125 ], [ 600360.0, 2294026.875 ], [ 600360.46875, 2294033.90625 ], [ 600362.34375, 2294043.28125 ], [ 600376.71875, 2294073.90625 ], [ 600378.4375, 2294079.6875 ], [ 600379.84375, 2294089.53125 ], [ 600380.3125, 2294280.3125 ], [ 600381.875, 2294286.25 ], [ 600384.6875, 2294290.9375 ], [ 600393.4375, 2294297.1875 ], [ 600398.125, 2294303.75 ], [ 600400.0, 2294313.125 ], [ 600400.0, 2294346.875 ], [ 600400.9375, 2294353.4375 ], [ 600404.6875, 2294360.9375 ], [ 600413.4375, 2294367.1875 ], [ 600416.875, 2294371.25 ], [ 600419.0625, 2294376.5625 ], [ 600420.0, 2294383.125 ], [ 600420.0, 2294746.875 ], [ 600419.0625, 2294753.4375 ], [ 600416.875, 2294758.75 ], [ 600413.4375, 2294762.8125 ], [ 600406.5625, 2294767.1875 ], [ 600401.875, 2294773.75 ], [ 600400.0, 2294783.125 ], [ 600400.46875, 2294793.90625 ], [ 600401.5625, 2294800.3125 ], [ 600404.375, 2294808.75 ], [ 600435.625, 2294871.25 ], [ 600437.65625, 2294876.71875 ], [ 600439.53125, 2294886.09375 ], [ 600440.0, 2295106.875 ], [ 600440.9375, 2295113.4375 ], [ 600443.125, 2295118.75 ], [ 600446.5625, 2295122.8125 ], [ 600455.3125, 2295129.0625 ], [ 600458.125, 2295133.75 ], [ 600459.6875, 2295139.6875 ], [ 600460.3125, 2295240.3125 ], [ 600461.875, 2295246.25 ], [ 600464.6875, 2295250.9375 ], [ 600473.4375, 2295257.1875 ], [ 600476.875, 2295261.25 ], [ 600479.0625, 2295266.5625 ], [ 600480.3125, 2295280.3125 ], [ 600481.875, 2295286.25 ], [ 600484.6875, 2295290.9375 ], [ 600493.4375, 2295297.1875 ], [ 600496.875, 2295301.25 ], [ 600499.0625, 2295306.5625 ], [ 600500.0, 2295313.125 ], [ 600500.0, 2295406.875 ], [ 600499.0625, 2295417.1875 ], [ 600496.71875, 2295426.09375 ], [ 600484.375, 2295451.25 ], [ 600481.5625, 2295459.6875 ], [ 600480.15625, 2295469.53125 ], [ 600480.0, 2295506.875 ], [ 600479.0625, 2295513.4375 ], [ 600475.3125, 2295520.9375 ], [ 600464.6875, 2295529.0625 ], [ 600460.9375, 2295536.5625 ], [ 600460.0, 2295543.125 ], [ 600460.3125, 2295580.3125 ], [ 600461.875, 2295586.25 ], [ 600464.6875, 2295590.9375 ], [ 600468.75, 2295594.375 ], [ 600475.78125, 2295598.59375 ], [ 600482.96875, 2295606.40625 ], [ 600495.625, 2295631.25 ], [ 600502.1875, 2295639.6875 ], [ 600508.75, 2295644.375 ], [ 600551.25, 2295665.625 ], [ 600555.3125, 2295669.0625 ], [ 600559.0625, 2295676.5625 ], [ 600560.0, 2295683.125 ], [ 600560.3125, 2296050.3125 ], [ 600561.875, 2296056.25 ], [ 600566.5625, 2296062.8125 ], [ 600593.59375, 2296077.03125 ], [ 600601.40625, 2296084.21875 ], [ 600604.375, 2296088.75 ], [ 600637.03125, 2296153.59375 ], [ 600642.1875, 2296159.6875 ], [ 600655.3125, 2296169.0625 ], [ 600659.0625, 2296176.5625 ], [ 600660.0, 2296183.125 ], [ 600660.0, 2296396.875 ], [ 600659.0625, 2296403.4375 ], [ 600656.875, 2296408.75 ], [ 600653.4375, 2296412.8125 ], [ 600644.6875, 2296419.0625 ], [ 600640.9375, 2296426.5625 ], [ 600640.0, 2296433.125 ], [ 600639.6875, 2296530.3125 ], [ 600638.125, 2296536.25 ], [ 600635.3125, 2296540.9375 ], [ 600626.5625, 2296547.1875 ], [ 600623.125, 2296551.25 ], [ 600620.9375, 2296556.5625 ], [ 600620.0, 2296563.125 ], [ 600620.46875, 2296573.90625 ], [ 600622.34375, 2296583.28125 ], [ 600636.71875, 2296613.90625 ], [ 600639.53125, 2296626.09375 ], [ 600640.0, 2296726.875 ], [ 600639.0625, 2296733.4375 ], [ 600635.3125, 2296740.9375 ], [ 600626.5625, 2296747.1875 ], [ 600621.875, 2296753.75 ], [ 600620.3125, 2296759.6875 ], [ 600619.53125, 2296773.90625 ], [ 600617.65625, 2296783.28125 ], [ 600615.625, 2296788.75 ], [ 600583.28125, 2296853.90625 ], [ 600580.9375, 2296862.8125 ], [ 600579.6875, 2296880.3125 ], [ 600578.125, 2296886.25 ], [ 600575.3125, 2296890.9375 ], [ 600562.1875, 2296900.3125 ], [ 600555.625, 2296908.75 ], [ 600544.375, 2296931.25 ], [ 600542.34375, 2296936.71875 ], [ 600540.46875, 2296946.09375 ], [ 600539.6875, 2296960.3125 ], [ 600538.125, 2296966.25 ], [ 600535.3125, 2296970.9375 ], [ 600526.5625, 2296977.1875 ], [ 600521.875, 2296983.75 ], [ 600520.0, 2296993.125 ], [ 600520.0, 2297026.875 ], [ 600519.0625, 2297033.4375 ], [ 600515.3125, 2297040.9375 ], [ 600504.6875, 2297049.0625 ], [ 600501.875, 2297053.75 ], [ 600500.3125, 2297059.6875 ], [ 600500.0, 2297096.875 ], [ 600499.0625, 2297103.4375 ], [ 600495.3125, 2297110.9375 ], [ 600486.5625, 2297117.1875 ], [ 600481.875, 2297123.75 ], [ 600480.3125, 2297129.6875 ], [ 600479.6875, 2297140.3125 ], [ 600476.875, 2297148.75 ], [ 600473.4375, 2297152.8125 ], [ 600466.5625, 2297157.1875 ], [ 600461.875, 2297163.75 ], [ 600460.3125, 2297169.6875 ], [ 600459.6875, 2297180.3125 ], [ 600456.875, 2297188.75 ], [ 600453.4375, 2297192.8125 ], [ 600444.21875, 2297198.59375 ], [ 600438.59375, 2297204.21875 ], [ 600435.625, 2297208.75 ], [ 600424.375, 2297231.25 ], [ 600417.8125, 2297239.6875 ], [ 600411.25, 2297244.375 ], [ 600388.75, 2297255.625 ], [ 600380.3125, 2297262.1875 ], [ 600375.625, 2297268.75 ], [ 600364.375, 2297291.25 ], [ 600357.8125, 2297299.6875 ], [ 600351.25, 2297304.375 ], [ 600328.75, 2297315.625 ], [ 600320.3125, 2297322.1875 ], [ 600315.625, 2297328.75 ], [ 600304.375, 2297351.25 ], [ 600297.8125, 2297359.6875 ], [ 600291.25, 2297364.375 ], [ 600268.75, 2297375.625 ], [ 600260.3125, 2297382.1875 ], [ 600255.625, 2297388.75 ], [ 600244.375, 2297411.25 ], [ 600240.9375, 2297415.3125 ], [ 600233.4375, 2297419.0625 ], [ 600216.5625, 2297420.9375 ], [ 600209.0625, 2297424.6875 ], [ 600205.625, 2297428.75 ], [ 600194.375, 2297451.25 ], [ 600188.75, 2297456.875 ], [ 600180.3125, 2297459.6875 ], [ 600169.53125, 2297460.15625 ], [ 600159.6875, 2297461.5625 ], [ 600151.25, 2297464.375 ], [ 600146.5625, 2297467.1875 ], [ 600141.875, 2297473.75 ], [ 600140.3125, 2297479.6875 ], [ 600139.0625, 2297493.4375 ], [ 600135.3125, 2297500.9375 ], [ 600131.25, 2297504.375 ], [ 600108.75, 2297515.625 ], [ 600102.1875, 2297520.3125 ], [ 600097.03125, 2297526.40625 ], [ 600084.375, 2297551.25 ], [ 600080.9375, 2297555.3125 ], [ 600073.4375, 2297559.0625 ], [ 600059.6875, 2297560.3125 ], [ 600051.25, 2297563.125 ], [ 600047.1875, 2297566.5625 ], [ 600039.6875, 2297577.8125 ], [ 600033.59375, 2297582.96875 ], [ 599928.75, 2297635.625 ], [ 599920.3125, 2297642.1875 ], [ 599912.8125, 2297653.4375 ], [ 599908.75, 2297656.875 ], [ 599903.4375, 2297659.0625 ], [ 599889.6875, 2297660.3125 ], [ 599883.75, 2297661.875 ], [ 599879.0625, 2297664.6875 ], [ 599872.8125, 2297673.4375 ], [ 599866.25, 2297678.125 ], [ 599860.3125, 2297679.6875 ], [ 599842.8125, 2297680.9375 ], [ 599831.25, 2297684.375 ], [ 599748.75, 2297725.625 ], [ 599744.6875, 2297729.0625 ], [ 599741.875, 2297733.75 ], [ 599740.3125, 2297739.6875 ], [ 599739.53125, 2297750.15625 ], [ 599738.59375, 2297752.96875 ], [ 599735.3125, 2297757.1875 ], [ 599730.15625, 2297759.53125 ], [ 599719.6875, 2297760.3125 ], [ 599711.25, 2297763.125 ], [ 599707.1875, 2297766.5625 ], [ 599702.8125, 2297773.4375 ], [ 599696.25, 2297778.125 ], [ 599690.3125, 2297779.6875 ], [ 599679.6875, 2297780.3125 ], [ 599671.25, 2297783.125 ], [ 599667.1875, 2297786.5625 ], [ 599662.8125, 2297793.4375 ], [ 599656.25, 2297798.125 ], [ 599650.3125, 2297799.6875 ], [ 599639.6875, 2297800.3125 ], [ 599631.25, 2297803.125 ], [ 599627.1875, 2297806.5625 ], [ 599622.8125, 2297813.4375 ], [ 599616.25, 2297818.125 ], [ 599606.875, 2297820.0 ], [ 599573.125, 2297820.0 ], [ 599566.5625, 2297820.9375 ], [ 599559.0625, 2297824.6875 ], [ 599552.8125, 2297833.4375 ], [ 599546.25, 2297838.125 ], [ 599540.3125, 2297839.6875 ], [ 599529.53125, 2297840.15625 ], [ 599519.6875, 2297841.5625 ], [ 599511.25, 2297844.375 ], [ 599488.75, 2297855.625 ], [ 599483.28125, 2297857.65625 ], [ 599473.90625, 2297859.53125 ], [ 599459.6875, 2297860.3125 ], [ 599453.75, 2297861.875 ], [ 599449.0625, 2297864.6875 ], [ 599442.8125, 2297873.4375 ], [ 599436.25, 2297878.125 ], [ 599426.875, 2297880.0 ], [ 599393.125, 2297880.0 ], [ 599386.5625, 2297880.9375 ], [ 599379.0625, 2297884.6875 ], [ 599370.9375, 2297895.3125 ], [ 599366.25, 2297898.125 ], [ 599360.3125, 2297899.6875 ], [ 599323.125, 2297900.0 ], [ 599316.5625, 2297900.9375 ], [ 599309.0625, 2297904.6875 ], [ 599300.9375, 2297915.3125 ], [ 599293.4375, 2297919.0625 ], [ 599286.875, 2297920.0 ], [ 599249.53125, 2297920.15625 ], [ 599236.71875, 2297922.34375 ], [ 599203.28125, 2297937.65625 ], [ 599193.90625, 2297939.53125 ], [ 599179.6875, 2297940.3125 ], [ 599173.75, 2297941.875 ], [ 599167.1875, 2297946.5625 ], [ 599160.9375, 2297955.3125 ], [ 599153.4375, 2297959.0625 ], [ 599146.875, 2297960.0 ], [ 599113.125, 2297960.0 ], [ 599106.5625, 2297960.9375 ], [ 599099.0625, 2297964.6875 ], [ 599092.8125, 2297973.4375 ], [ 599086.25, 2297978.125 ], [ 599080.3125, 2297979.6875 ], [ 599069.6875, 2297980.3125 ], [ 599061.25, 2297983.125 ], [ 599057.1875, 2297986.5625 ], [ 599052.8125, 2297993.4375 ], [ 599046.25, 2297998.125 ], [ 599040.3125, 2297999.6875 ], [ 599029.6875, 2298000.3125 ], [ 599021.25, 2298003.125 ], [ 599017.1875, 2298006.5625 ], [ 599012.8125, 2298013.4375 ], [ 599006.25, 2298018.125 ], [ 598996.875, 2298020.0 ], [ 598963.125, 2298020.0 ], [ 598956.5625, 2298020.9375 ], [ 598949.0625, 2298024.6875 ], [ 598940.9375, 2298035.3125 ], [ 598936.25, 2298038.125 ], [ 598930.3125, 2298039.6875 ], [ 598893.125, 2298040.0 ], [ 598886.5625, 2298040.9375 ], [ 598879.0625, 2298044.6875 ], [ 598872.8125, 2298053.4375 ], [ 598866.25, 2298058.125 ], [ 598860.3125, 2298059.6875 ], [ 598849.6875, 2298060.3125 ], [ 598841.25, 2298063.125 ], [ 598837.1875, 2298066.5625 ], [ 598832.8125, 2298073.4375 ], [ 598826.25, 2298078.125 ], [ 598816.875, 2298080.0 ], [ 598783.125, 2298080.0 ], [ 598776.5625, 2298080.9375 ], [ 598769.0625, 2298084.6875 ], [ 598760.9375, 2298095.3125 ], [ 598756.25, 2298098.125 ], [ 598750.3125, 2298099.6875 ], [ 598713.125, 2298100.0 ], [ 598706.5625, 2298100.9375 ], [ 598699.0625, 2298104.6875 ], [ 598690.9375, 2298115.3125 ], [ 598683.4375, 2298119.0625 ], [ 598676.875, 2298120.0 ], [ 598613.125, 2298120.0 ], [ 598602.8125, 2298120.9375 ], [ 598591.25, 2298124.375 ], [ 598566.09375, 2298136.71875 ], [ 598560.3125, 2298138.4375 ], [ 598550.46875, 2298139.84375 ], [ 598389.6875, 2298140.3125 ], [ 598383.75, 2298141.875 ], [ 598379.0625, 2298144.6875 ], [ 598372.8125, 2298153.4375 ], [ 598366.25, 2298158.125 ], [ 598360.3125, 2298159.6875 ], [ 598346.09375, 2298160.46875 ], [ 598336.71875, 2298162.34375 ], [ 598303.28125, 2298177.65625 ], [ 598290.46875, 2298179.84375 ], [ 598253.125, 2298180.0 ], [ 598239.6875, 2298181.5625 ], [ 598231.25, 2298184.375 ], [ 598208.75, 2298195.625 ], [ 598197.1875, 2298199.0625 ], [ 598186.875, 2298200.0 ], [ 598029.53125, 2298200.15625 ], [ 598022.8125, 2298200.9375 ], [ 598013.90625, 2298203.28125 ], [ 597986.09375, 2298216.71875 ], [ 597973.90625, 2298219.53125 ], [ 597869.6875, 2298220.3125 ], [ 597861.25, 2298223.125 ], [ 597857.1875, 2298226.5625 ], [ 597850.9375, 2298235.3125 ], [ 597843.4375, 2298239.0625 ], [ 597836.875, 2298240.0 ], [ 597773.125, 2298240.0 ], [ 597766.5625, 2298240.9375 ], [ 597759.0625, 2298244.6875 ], [ 597752.8125, 2298253.4375 ], [ 597746.25, 2298258.125 ], [ 597736.875, 2298260.0 ], [ 597703.125, 2298260.0 ], [ 597696.5625, 2298260.9375 ], [ 597689.0625, 2298264.6875 ], [ 597680.9375, 2298275.3125 ], [ 597676.25, 2298278.125 ], [ 597670.3125, 2298279.6875 ], [ 597569.6875, 2298280.3125 ], [ 597563.75, 2298281.875 ], [ 597559.0625, 2298284.6875 ], [ 597552.8125, 2298293.4375 ], [ 597548.75, 2298296.875 ], [ 597543.4375, 2298299.0625 ], [ 597536.875, 2298300.0 ], [ 597409.6875, 2298300.3125 ], [ 597403.75, 2298301.875 ], [ 597399.0625, 2298304.6875 ], [ 597392.8125, 2298313.4375 ], [ 597386.25, 2298318.125 ], [ 597380.3125, 2298319.6875 ], [ 597366.09375, 2298320.46875 ], [ 597356.71875, 2298322.34375 ], [ 597323.28125, 2298337.65625 ], [ 597310.46875, 2298339.84375 ], [ 597273.125, 2298340.0 ], [ 597263.75, 2298341.875 ], [ 597257.1875, 2298346.5625 ], [ 597244.375, 2298371.25 ], [ 597238.75, 2298376.875 ], [ 597233.4375, 2298379.0625 ], [ 597226.875, 2298380.0 ], [ 597193.125, 2298380.0 ], [ 597186.5625, 2298380.9375 ], [ 597179.0625, 2298384.6875 ], [ 597170.9375, 2298395.3125 ], [ 597163.4375, 2298399.0625 ], [ 597156.875, 2298400.0 ], [ 597029.6875, 2298400.3125 ], [ 597023.75, 2298401.875 ], [ 597019.0625, 2298404.6875 ], [ 597012.8125, 2298413.4375 ], [ 597008.75, 2298416.875 ], [ 597003.4375, 2298419.0625 ], [ 596996.875, 2298420.0 ], [ 596869.6875, 2298420.3125 ], [ 596861.25, 2298423.125 ], [ 596857.1875, 2298426.5625 ], [ 596850.9375, 2298435.3125 ], [ 596846.25, 2298438.125 ], [ 596840.3125, 2298439.6875 ], [ 596709.6875, 2298440.3125 ], [ 596703.75, 2298441.875 ], [ 596699.0625, 2298444.6875 ], [ 596692.8125, 2298453.4375 ], [ 596686.25, 2298458.125 ], [ 596680.3125, 2298459.6875 ], [ 596669.53125, 2298460.15625 ], [ 596659.6875, 2298461.5625 ], [ 596651.25, 2298464.375 ], [ 596628.75, 2298475.625 ], [ 596623.28125, 2298477.65625 ], [ 596613.90625, 2298479.53125 ], [ 596599.6875, 2298480.3125 ], [ 596593.75, 2298481.875 ], [ 596587.1875, 2298486.5625 ], [ 596580.9375, 2298495.3125 ], [ 596573.4375, 2298499.0625 ], [ 596566.875, 2298500.0 ], [ 596529.53125, 2298500.15625 ], [ 596516.71875, 2298502.34375 ], [ 596511.25, 2298504.375 ], [ 596408.75, 2298555.625 ], [ 596404.21875, 2298558.59375 ], [ 596397.03125, 2298566.40625 ], [ 596384.375, 2298591.25 ], [ 596379.6875, 2298597.8125 ], [ 596373.59375, 2298602.96875 ], [ 596348.75, 2298615.625 ], [ 596342.1875, 2298620.3125 ], [ 596335.625, 2298628.75 ], [ 596324.375, 2298651.25 ], [ 596318.75, 2298656.875 ], [ 596313.4375, 2298659.0625 ], [ 596299.6875, 2298660.3125 ], [ 596293.75, 2298661.875 ], [ 596287.1875, 2298666.5625 ], [ 596280.9375, 2298675.3125 ], [ 596273.4375, 2298679.0625 ], [ 596266.875, 2298680.0 ], [ 596229.6875, 2298680.3125 ], [ 596223.75, 2298681.875 ], [ 596219.0625, 2298684.6875 ], [ 596215.625, 2298688.75 ], [ 596204.375, 2298711.25 ], [ 596199.6875, 2298717.8125 ], [ 596193.59375, 2298722.96875 ], [ 596168.75, 2298735.625 ], [ 596164.6875, 2298739.0625 ], [ 596160.9375, 2298746.5625 ], [ 596159.6875, 2298760.3125 ], [ 596156.875, 2298768.75 ], [ 596153.4375, 2298772.8125 ], [ 596144.21875, 2298778.59375 ], [ 596138.59375, 2298784.21875 ], [ 596122.8125, 2298813.4375 ], [ 596118.75, 2298816.875 ], [ 596113.4375, 2298819.0625 ], [ 596099.6875, 2298820.3125 ], [ 596091.25, 2298823.125 ], [ 596087.1875, 2298826.5625 ], [ 596081.40625, 2298835.78125 ], [ 596075.78125, 2298841.40625 ], [ 596071.25, 2298844.375 ], [ 596048.75, 2298855.625 ], [ 596044.6875, 2298859.0625 ], [ 596040.9375, 2298866.5625 ], [ 596039.6875, 2298880.3125 ], [ 596036.875, 2298888.75 ], [ 596033.4375, 2298892.8125 ], [ 596024.21875, 2298898.59375 ], [ 596018.59375, 2298904.21875 ], [ 596015.625, 2298908.75 ], [ 596004.375, 2298931.25 ], [ 595999.6875, 2298937.8125 ], [ 595991.25, 2298944.375 ], [ 595948.75, 2298965.625 ], [ 595944.6875, 2298969.0625 ], [ 595940.9375, 2298976.5625 ], [ 595939.0625, 2298993.4375 ], [ 595935.3125, 2299000.9375 ], [ 595931.25, 2299004.375 ], [ 595906.40625, 2299017.03125 ], [ 595900.3125, 2299022.1875 ], [ 595895.625, 2299028.75 ], [ 595884.375, 2299051.25 ], [ 595877.8125, 2299059.6875 ], [ 595871.25, 2299064.375 ], [ 595848.75, 2299075.625 ], [ 595840.3125, 2299082.1875 ], [ 595835.625, 2299088.75 ], [ 595814.375, 2299131.25 ], [ 595808.75, 2299136.875 ], [ 595803.4375, 2299139.0625 ], [ 595796.875, 2299140.0 ], [ 595729.84375, 2299139.53125 ], [ 595727.03125, 2299138.59375 ], [ 595722.8125, 2299135.3125 ], [ 595720.46875, 2299130.15625 ], [ 595719.6875, 2299119.6875 ], [ 595718.125, 2299113.75 ], [ 595715.3125, 2299109.0625 ], [ 595708.75, 2299104.375 ], [ 595700.3125, 2299101.5625 ], [ 595686.875, 2299100.0 ], [ 595653.125, 2299100.0 ], [ 595649.84375, 2299100.46875 ], [ 595644.6875, 2299102.8125 ], [ 595641.40625, 2299107.03125 ], [ 595640.0, 2299113.125 ], [ 595640.0, 2299146.875 ], [ 595641.40625, 2299152.96875 ], [ 595644.6875, 2299157.1875 ], [ 595647.03125, 2299158.59375 ], [ 595653.125, 2299160.0 ], [ 595720.3125, 2299160.3125 ], [ 595728.75, 2299163.125 ], [ 595734.375, 2299168.75 ], [ 595737.65625, 2299176.71875 ], [ 595739.84375, 2299189.53125 ], [ 595740.0, 2299226.875 ], [ 595739.53125, 2299233.90625 ], [ 595737.65625, 2299243.28125 ], [ 595735.625, 2299248.75 ], [ 595724.375, 2299271.25 ], [ 595721.40625, 2299275.78125 ], [ 595715.78125, 2299281.40625 ], [ 595706.5625, 2299287.1875 ], [ 595703.125, 2299291.25 ], [ 595700.9375, 2299296.5625 ], [ 595699.6875, 2299310.3125 ], [ 595698.125, 2299316.25 ], [ 595695.3125, 2299320.9375 ], [ 595686.5625, 2299327.1875 ], [ 595681.875, 2299333.75 ], [ 595680.3125, 2299339.6875 ], [ 595679.0625, 2299357.1875 ], [ 595675.625, 2299368.75 ], [ 595664.375, 2299391.25 ], [ 595661.40625, 2299395.78125 ], [ 595655.78125, 2299401.40625 ], [ 595646.5625, 2299407.1875 ], [ 595643.125, 2299411.25 ], [ 595640.9375, 2299416.5625 ], [ 595639.6875, 2299430.3125 ], [ 595638.125, 2299436.25 ], [ 595635.3125, 2299440.9375 ], [ 595626.5625, 2299447.1875 ], [ 595623.125, 2299451.25 ], [ 595620.9375, 2299456.5625 ], [ 595619.6875, 2299470.3125 ], [ 595618.125, 2299476.25 ], [ 595615.3125, 2299480.9375 ], [ 595606.5625, 2299487.1875 ], [ 595603.125, 2299491.25 ], [ 595600.9375, 2299496.5625 ], [ 595599.6875, 2299510.3125 ], [ 595596.875, 2299518.75 ], [ 595591.25, 2299524.375 ], [ 595568.75, 2299535.625 ], [ 595564.21875, 2299538.59375 ], [ 595560.3125, 2299542.1875 ], [ 595555.625, 2299548.75 ], [ 595484.375, 2299691.25 ], [ 595480.9375, 2299702.8125 ], [ 595479.6875, 2299720.3125 ], [ 595478.125, 2299726.25 ], [ 595475.3125, 2299730.9375 ], [ 595466.5625, 2299737.1875 ], [ 595463.125, 2299741.25 ], [ 595460.9375, 2299746.5625 ], [ 595459.6875, 2299760.3125 ], [ 595456.875, 2299768.75 ], [ 595451.25, 2299774.375 ], [ 595428.75, 2299785.625 ], [ 595424.6875, 2299789.0625 ], [ 595420.9375, 2299796.5625 ], [ 595419.6875, 2299810.3125 ], [ 595416.875, 2299818.75 ], [ 595413.4375, 2299822.8125 ], [ 595406.5625, 2299827.1875 ], [ 595401.875, 2299833.75 ], [ 595400.0, 2299843.125 ], [ 595400.0, 2299876.875 ], [ 595399.0625, 2299883.4375 ], [ 595395.3125, 2299890.9375 ], [ 595384.6875, 2299899.0625 ], [ 595380.9375, 2299906.5625 ], [ 595380.0, 2299913.125 ], [ 595379.6875, 2299950.3125 ], [ 595376.875, 2299958.75 ], [ 595373.4375, 2299962.8125 ], [ 595364.6875, 2299969.0625 ], [ 595360.9375, 2299976.5625 ], [ 595360.0, 2299983.125 ], [ 595360.0, 2300016.875 ], [ 595358.125, 2300026.25 ], [ 595355.3125, 2300030.9375 ], [ 595346.5625, 2300037.1875 ], [ 595343.125, 2300041.25 ], [ 595340.9375, 2300046.5625 ], [ 595339.6875, 2300060.3125 ], [ 595338.125, 2300066.25 ], [ 595335.3125, 2300070.9375 ], [ 595326.5625, 2300077.1875 ], [ 595323.125, 2300081.25 ], [ 595320.9375, 2300086.5625 ], [ 595319.6875, 2300100.3125 ], [ 595318.125, 2300106.25 ], [ 595315.3125, 2300110.9375 ], [ 595306.5625, 2300117.1875 ], [ 595303.125, 2300121.25 ], [ 595300.9375, 2300126.5625 ], [ 595299.6875, 2300140.3125 ], [ 595298.125, 2300146.25 ], [ 595293.4375, 2300152.8125 ], [ 595284.6875, 2300159.0625 ], [ 595280.9375, 2300166.5625 ], [ 595280.0, 2300173.125 ], [ 595280.0, 2300206.875 ], [ 595279.0625, 2300213.4375 ], [ 595275.3125, 2300220.9375 ], [ 595266.5625, 2300227.1875 ], [ 595261.875, 2300233.75 ], [ 595260.3125, 2300239.6875 ], [ 595259.53125, 2300253.90625 ], [ 595257.65625, 2300263.28125 ], [ 595255.625, 2300268.75 ], [ 595244.375, 2300291.25 ], [ 595241.5625, 2300299.6875 ], [ 595240.15625, 2300309.53125 ], [ 595240.0, 2300346.875 ], [ 595239.0625, 2300353.4375 ], [ 595235.3125, 2300360.9375 ], [ 595226.5625, 2300367.1875 ], [ 595221.875, 2300373.75 ], [ 595220.3125, 2300379.6875 ], [ 595219.53125, 2300393.90625 ], [ 595217.65625, 2300403.28125 ], [ 595215.625, 2300408.75 ], [ 595204.375, 2300431.25 ], [ 595201.5625, 2300439.6875 ], [ 595200.0, 2300453.125 ], [ 595200.0, 2300516.875 ], [ 595199.0625, 2300523.4375 ], [ 595195.3125, 2300530.9375 ], [ 595186.5625, 2300537.1875 ], [ 595181.875, 2300543.75 ], [ 595180.0, 2300553.125 ], [ 595180.0, 2300586.875 ], [ 595178.125, 2300596.25 ], [ 595175.3125, 2300600.9375 ], [ 595166.5625, 2300607.1875 ], [ 595161.875, 2300613.75 ], [ 595160.3125, 2300619.6875 ], [ 595159.0625, 2300637.1875 ], [ 595156.71875, 2300646.09375 ], [ 595124.375, 2300711.25 ], [ 595122.34375, 2300716.71875 ], [ 595120.15625, 2300729.53125 ], [ 595120.0, 2300766.875 ], [ 595119.0625, 2300773.4375 ], [ 595115.3125, 2300780.9375 ], [ 595106.5625, 2300787.1875 ], [ 595101.875, 2300793.75 ], [ 595100.0, 2300803.125 ], [ 595100.0, 2300836.875 ], [ 595099.0625, 2300843.4375 ], [ 595095.3125, 2300850.9375 ], [ 595084.6875, 2300859.0625 ], [ 595081.875, 2300863.75 ], [ 595080.3125, 2300869.6875 ], [ 595080.0, 2300906.875 ], [ 595079.0625, 2300913.4375 ], [ 595075.3125, 2300920.9375 ], [ 595064.6875, 2300929.0625 ], [ 595060.9375, 2300936.5625 ], [ 595060.0, 2300943.125 ], [ 595060.0, 2300976.875 ], [ 595059.0625, 2300983.4375 ], [ 595055.3125, 2300990.9375 ], [ 595044.6875, 2300999.0625 ], [ 595040.9375, 2301006.5625 ], [ 595040.0, 2301013.125 ], [ 595039.6875, 2301080.3125 ], [ 595036.875, 2301088.75 ], [ 595033.4375, 2301092.8125 ], [ 595024.6875, 2301099.0625 ], [ 595021.875, 2301103.75 ], [ 595020.3125, 2301109.6875 ], [ 595020.0, 2301206.875 ], [ 595019.0625, 2301217.1875 ], [ 595015.625, 2301228.75 ], [ 595004.375, 2301251.25 ], [ 595002.34375, 2301256.71875 ], [ 595000.46875, 2301266.09375 ], [ 594999.6875, 2301280.3125 ], [ 594998.125, 2301286.25 ], [ 594993.4375, 2301292.8125 ], [ 594984.6875, 2301299.0625 ], [ 594980.9375, 2301306.5625 ], [ 594980.0, 2301313.125 ], [ 594980.0, 2301346.875 ], [ 594979.0625, 2301353.4375 ], [ 594975.3125, 2301360.9375 ], [ 594966.5625, 2301367.1875 ], [ 594961.875, 2301373.75 ], [ 594960.3125, 2301379.6875 ], [ 594959.6875, 2301390.3125 ], [ 594956.875, 2301398.75 ], [ 594953.4375, 2301402.8125 ], [ 594946.5625, 2301407.1875 ], [ 594941.875, 2301413.75 ], [ 594940.0, 2301423.125 ], [ 594939.6875, 2301460.3125 ], [ 594936.875, 2301468.75 ], [ 594933.4375, 2301472.8125 ], [ 594924.6875, 2301479.0625 ], [ 594920.9375, 2301486.5625 ], [ 594920.0, 2301493.125 ], [ 594920.0, 2301526.875 ], [ 594918.125, 2301536.25 ], [ 594913.4375, 2301542.8125 ], [ 594888.75, 2301555.625 ], [ 594883.125, 2301561.25 ], [ 594880.9375, 2301566.5625 ], [ 594879.6875, 2301580.3125 ], [ 594878.125, 2301586.25 ], [ 594875.3125, 2301590.9375 ], [ 594866.5625, 2301597.1875 ], [ 594863.125, 2301601.25 ], [ 594860.9375, 2301606.5625 ], [ 594859.6875, 2301620.3125 ], [ 594858.125, 2301626.25 ], [ 594855.3125, 2301630.9375 ], [ 594846.5625, 2301637.1875 ], [ 594843.125, 2301641.25 ], [ 594840.9375, 2301646.5625 ], [ 594839.6875, 2301660.3125 ], [ 594836.875, 2301668.75 ], [ 594833.4375, 2301672.8125 ], [ 594822.1875, 2301680.3125 ], [ 594815.625, 2301688.75 ], [ 594804.375, 2301711.25 ], [ 594802.34375, 2301716.71875 ], [ 594800.46875, 2301726.09375 ], [ 594799.6875, 2301740.3125 ], [ 594798.125, 2301746.25 ], [ 594793.4375, 2301752.8125 ], [ 594784.6875, 2301759.0625 ], [ 594780.9375, 2301766.5625 ], [ 594780.0, 2301773.125 ], [ 594779.6875, 2301840.3125 ], [ 594778.125, 2301846.25 ], [ 594775.3125, 2301850.9375 ], [ 594766.5625, 2301857.1875 ], [ 594763.125, 2301861.25 ], [ 594760.9375, 2301866.5625 ], [ 594760.0, 2301873.125 ], [ 594759.6875, 2302060.3125 ], [ 594758.125, 2302066.25 ], [ 594755.3125, 2302070.9375 ], [ 594746.5625, 2302077.1875 ], [ 594741.875, 2302083.75 ], [ 594740.3125, 2302089.6875 ], [ 594739.6875, 2302100.3125 ], [ 594736.875, 2302108.75 ], [ 594733.4375, 2302112.8125 ], [ 594724.6875, 2302119.0625 ], [ 594720.9375, 2302126.5625 ], [ 594720.0, 2302133.125 ], [ 594719.84375, 2302170.46875 ], [ 594718.4375, 2302180.3125 ], [ 594715.625, 2302188.75 ], [ 594703.28125, 2302213.90625 ], [ 594700.46875, 2302226.09375 ], [ 594700.0, 2302296.875 ], [ 594699.0625, 2302303.4375 ], [ 594695.3125, 2302310.9375 ], [ 594686.5625, 2302317.1875 ], [ 594681.875, 2302323.75 ], [ 594680.0, 2302333.125 ], [ 594680.0, 2302366.875 ], [ 594679.0625, 2302373.4375 ], [ 594675.3125, 2302380.9375 ], [ 594666.5625, 2302387.1875 ], [ 594663.125, 2302391.25 ], [ 594660.9375, 2302396.5625 ], [ 594660.0, 2302403.125 ], [ 594659.84375, 2302650.46875 ], [ 594659.0625, 2302657.1875 ], [ 594656.71875, 2302666.09375 ], [ 594642.34375, 2302696.71875 ], [ 594640.9375, 2302702.8125 ], [ 594640.0, 2302713.125 ], [ 594640.3125, 2302720.3125 ], [ 594641.875, 2302726.25 ], [ 594644.6875, 2302730.9375 ], [ 594653.4375, 2302737.1875 ], [ 594656.875, 2302741.25 ], [ 594659.0625, 2302746.5625 ], [ 594660.0, 2302753.125 ], [ 594660.0, 2302936.875 ], [ 594659.0625, 2302943.4375 ], [ 594656.875, 2302948.75 ], [ 594653.4375, 2302952.8125 ], [ 594644.6875, 2302959.0625 ], [ 594640.9375, 2302966.5625 ], [ 594640.0, 2302973.125 ], [ 594640.0, 2303006.875 ], [ 594640.9375, 2303017.1875 ], [ 594643.28125, 2303026.09375 ], [ 594655.625, 2303051.25 ], [ 594662.1875, 2303059.6875 ], [ 594675.3125, 2303069.0625 ], [ 594679.0625, 2303076.5625 ], [ 594680.0, 2303083.125 ], [ 594680.0, 2303146.875 ], [ 594679.0625, 2303153.4375 ], [ 594675.3125, 2303160.9375 ], [ 594671.25, 2303164.375 ], [ 594646.5625, 2303177.1875 ], [ 594641.875, 2303183.75 ], [ 594640.0, 2303193.125 ], [ 594640.3125, 2303290.3125 ], [ 594641.875, 2303296.25 ], [ 594644.6875, 2303300.9375 ], [ 594653.4375, 2303307.1875 ], [ 594656.875, 2303311.25 ], [ 594659.0625, 2303316.5625 ], [ 594660.0, 2303323.125 ], [ 594660.0, 2303566.875 ], [ 594659.0625, 2303573.4375 ], [ 594656.875, 2303578.75 ], [ 594653.4375, 2303582.8125 ], [ 594644.6875, 2303589.0625 ], [ 594641.875, 2303593.75 ], [ 594640.3125, 2303599.6875 ], [ 594640.0, 2303786.875 ], [ 594640.9375, 2303793.4375 ], [ 594643.125, 2303798.75 ], [ 594646.5625, 2303802.8125 ], [ 594655.3125, 2303809.0625 ], [ 594658.125, 2303813.75 ], [ 594659.6875, 2303819.6875 ], [ 594660.0, 2303916.875 ], [ 594660.9375, 2303923.4375 ], [ 594664.6875, 2303930.9375 ], [ 594675.3125, 2303939.0625 ], [ 594678.125, 2303943.75 ], [ 594679.6875, 2303949.6875 ], [ 594680.3125, 2304080.3125 ], [ 594683.125, 2304088.75 ], [ 594686.5625, 2304092.8125 ], [ 594695.3125, 2304099.0625 ], [ 594699.0625, 2304106.5625 ], [ 594700.0, 2304113.125 ], [ 594700.0, 2304176.875 ], [ 594701.875, 2304186.25 ], [ 594704.6875, 2304190.9375 ], [ 594713.4375, 2304197.1875 ], [ 594716.875, 2304201.25 ], [ 594719.0625, 2304206.5625 ], [ 594720.3125, 2304220.3125 ], [ 594721.875, 2304226.25 ], [ 594726.5625, 2304232.8125 ], [ 594735.3125, 2304239.0625 ], [ 594739.0625, 2304246.5625 ], [ 594740.0, 2304253.125 ], [ 594740.3125, 2304350.3125 ], [ 594743.125, 2304358.75 ], [ 594746.5625, 2304362.8125 ], [ 594755.3125, 2304369.0625 ], [ 594759.0625, 2304376.5625 ], [ 594760.0, 2304383.125 ], [ 594760.3125, 2304450.3125 ], [ 594761.875, 2304456.25 ], [ 594764.6875, 2304460.9375 ], [ 594773.4375, 2304467.1875 ], [ 594778.125, 2304473.75 ], [ 594779.6875, 2304479.6875 ], [ 594780.9375, 2304497.1875 ], [ 594784.375, 2304508.75 ], [ 594895.625, 2304731.25 ], [ 594898.59375, 2304735.78125 ], [ 594904.21875, 2304741.40625 ], [ 594933.59375, 2304757.03125 ], [ 594937.8125, 2304760.3125 ], [ 594942.96875, 2304766.40625 ], [ 594977.03125, 2304833.59375 ], [ 594982.1875, 2304839.6875 ], [ 594993.4375, 2304847.1875 ], [ 594996.875, 2304851.25 ], [ 594999.0625, 2304856.5625 ], [ 595000.3125, 2304870.3125 ], [ 595001.875, 2304876.25 ], [ 595004.6875, 2304880.9375 ], [ 595013.4375, 2304887.1875 ], [ 595016.875, 2304891.25 ], [ 595019.6875, 2304899.6875 ], [ 595020.9375, 2304913.4375 ], [ 595024.6875, 2304920.9375 ], [ 595028.75, 2304924.375 ], [ 595051.25, 2304935.625 ], [ 595057.8125, 2304940.3125 ], [ 595062.96875, 2304946.40625 ], [ 595075.625, 2304971.25 ], [ 595080.3125, 2304977.8125 ], [ 595086.40625, 2304982.96875 ], [ 595111.25, 2304995.625 ], [ 595117.8125, 2305000.3125 ], [ 595122.96875, 2305006.40625 ], [ 595135.625, 2305031.25 ], [ 595140.3125, 2305037.8125 ], [ 595146.40625, 2305042.96875 ], [ 595171.25, 2305055.625 ], [ 595175.3125, 2305059.0625 ], [ 595179.0625, 2305066.5625 ], [ 595180.3125, 2305080.3125 ], [ 595183.125, 2305088.75 ], [ 595186.5625, 2305092.8125 ], [ 595195.78125, 2305098.59375 ], [ 595201.40625, 2305104.21875 ], [ 595204.375, 2305108.75 ], [ 595215.625, 2305131.25 ], [ 595220.3125, 2305137.8125 ], [ 595228.75, 2305144.375 ], [ 595291.25, 2305175.625 ], [ 595295.78125, 2305178.59375 ], [ 595302.96875, 2305186.40625 ], [ 595317.03125, 2305213.59375 ], [ 595324.21875, 2305221.40625 ], [ 595328.75, 2305224.375 ], [ 595391.25, 2305255.625 ], [ 595396.71875, 2305257.65625 ], [ 595409.53125, 2305259.84375 ], [ 595446.875, 2305260.0 ], [ 595452.96875, 2305261.40625 ], [ 595455.3125, 2305262.8125 ], [ 595458.59375, 2305267.03125 ], [ 595459.53125, 2305269.84375 ], [ 595460.9375, 2305283.4375 ], [ 595463.125, 2305288.75 ], [ 595466.5625, 2305292.8125 ], [ 595475.78125, 2305298.59375 ], [ 595481.40625, 2305304.21875 ], [ 595497.1875, 2305333.4375 ], [ 595503.75, 2305338.125 ], [ 595509.6875, 2305339.6875 ], [ 595523.4375, 2305340.9375 ], [ 595530.9375, 2305344.6875 ], [ 595534.375, 2305348.75 ], [ 595545.625, 2305371.25 ], [ 595551.25, 2305376.875 ], [ 595559.6875, 2305379.6875 ], [ 595596.875, 2305380.0 ], [ 595606.25, 2305381.875 ], [ 595610.9375, 2305384.6875 ], [ 595620.3125, 2305397.8125 ], [ 595628.75, 2305404.375 ], [ 595811.25, 2305495.625 ], [ 595819.6875, 2305502.1875 ], [ 595827.1875, 2305513.4375 ], [ 595831.25, 2305516.875 ], [ 595836.5625, 2305519.0625 ], [ 595850.3125, 2305520.3125 ], [ 595856.25, 2305521.875 ], [ 595860.9375, 2305524.6875 ], [ 595867.1875, 2305533.4375 ], [ 595873.75, 2305538.125 ], [ 595879.6875, 2305539.6875 ], [ 595890.46875, 2305540.15625 ], [ 595900.3125, 2305541.5625 ], [ 595908.75, 2305544.375 ], [ 595931.25, 2305555.625 ], [ 595936.71875, 2305557.65625 ], [ 595946.09375, 2305559.53125 ], [ 595960.3125, 2305560.3125 ], [ 595966.25, 2305561.875 ], [ 595970.9375, 2305564.6875 ], [ 595980.3125, 2305577.8125 ], [ 595988.75, 2305584.375 ], [ 596011.25, 2305595.625 ], [ 596016.71875, 2305597.65625 ], [ 596026.09375, 2305599.53125 ], [ 596040.3125, 2305600.3125 ], [ 596046.25, 2305601.875 ], [ 596052.8125, 2305606.5625 ], [ 596059.0625, 2305615.3125 ], [ 596066.5625, 2305619.0625 ], [ 596073.125, 2305620.0 ], [ 596106.875, 2305620.0 ], [ 596117.1875, 2305620.9375 ], [ 596128.75, 2305624.375 ], [ 596151.25, 2305635.625 ], [ 596156.71875, 2305637.65625 ], [ 596166.09375, 2305639.53125 ], [ 596180.3125, 2305640.3125 ], [ 596186.25, 2305641.875 ], [ 596190.9375, 2305644.6875 ], [ 596197.1875, 2305653.4375 ], [ 596201.25, 2305656.875 ], [ 596206.5625, 2305659.0625 ], [ 596220.3125, 2305660.3125 ], [ 596226.25, 2305661.875 ], [ 596232.8125, 2305666.5625 ], [ 596239.0625, 2305675.3125 ], [ 596246.5625, 2305679.0625 ], [ 596253.125, 2305680.0 ], [ 596290.46875, 2305680.15625 ], [ 596300.3125, 2305681.5625 ], [ 596308.75, 2305684.375 ], [ 596331.25, 2305695.625 ], [ 596342.8125, 2305699.0625 ], [ 596353.125, 2305700.0 ], [ 596386.875, 2305700.0 ], [ 596400.3125, 2305701.5625 ], [ 596408.75, 2305704.375 ], [ 596431.25, 2305715.625 ], [ 596436.71875, 2305717.65625 ], [ 596446.09375, 2305719.53125 ], [ 596460.3125, 2305720.3125 ], [ 596466.25, 2305721.875 ], [ 596470.9375, 2305724.6875 ], [ 596477.1875, 2305733.4375 ], [ 596481.25, 2305736.875 ], [ 596486.5625, 2305739.0625 ], [ 596500.3125, 2305740.3125 ], [ 596508.75, 2305743.125 ], [ 596512.8125, 2305746.5625 ], [ 596520.3125, 2305757.8125 ], [ 596526.40625, 2305762.96875 ], [ 596591.25, 2305795.625 ], [ 596595.78125, 2305798.59375 ], [ 596602.96875, 2305806.40625 ], [ 596615.625, 2305831.25 ], [ 596621.25, 2305836.875 ], [ 596626.5625, 2305839.0625 ], [ 596633.125, 2305840.0 ], [ 596670.3125, 2305840.3125 ], [ 596676.25, 2305841.875 ], [ 596680.9375, 2305844.6875 ], [ 596684.375, 2305848.75 ], [ 596697.03125, 2305873.59375 ], [ 596702.1875, 2305879.6875 ], [ 596708.75, 2305884.375 ], [ 596731.25, 2305895.625 ], [ 596739.6875, 2305902.1875 ], [ 596744.375, 2305908.75 ], [ 596755.625, 2305931.25 ], [ 596762.1875, 2305939.6875 ], [ 596768.75, 2305944.375 ], [ 596791.25, 2305955.625 ], [ 596799.6875, 2305962.1875 ], [ 596804.375, 2305968.75 ], [ 596815.625, 2305991.25 ], [ 596822.1875, 2305999.6875 ], [ 596828.75, 2306004.375 ], [ 596851.25, 2306015.625 ], [ 596859.6875, 2306022.1875 ], [ 596864.375, 2306028.75 ], [ 596895.625, 2306091.25 ], [ 596898.59375, 2306095.78125 ], [ 596906.40625, 2306102.96875 ], [ 596933.59375, 2306117.03125 ], [ 596937.8125, 2306120.3125 ], [ 596942.96875, 2306126.40625 ], [ 596977.03125, 2306193.59375 ], [ 596982.1875, 2306199.6875 ], [ 596993.4375, 2306207.1875 ], [ 596996.875, 2306211.25 ], [ 596999.6875, 2306219.6875 ], [ 597000.9375, 2306233.4375 ], [ 597004.6875, 2306240.9375 ], [ 597008.75, 2306244.375 ], [ 597031.25, 2306255.625 ], [ 597036.875, 2306261.25 ], [ 597039.6875, 2306269.6875 ], [ 597040.0, 2306306.875 ], [ 597041.875, 2306316.25 ], [ 597044.6875, 2306320.9375 ], [ 597053.4375, 2306327.1875 ], [ 597056.875, 2306331.25 ], [ 597059.0625, 2306336.5625 ], [ 597060.3125, 2306350.3125 ], [ 597061.875, 2306356.25 ], [ 597064.6875, 2306360.9375 ], [ 597073.4375, 2306367.1875 ], [ 597076.875, 2306371.25 ], [ 597079.0625, 2306376.5625 ], [ 597080.3125, 2306390.3125 ], [ 597081.875, 2306396.25 ], [ 597084.6875, 2306400.9375 ], [ 597093.4375, 2306407.1875 ], [ 597096.875, 2306411.25 ], [ 597099.0625, 2306416.5625 ], [ 597100.3125, 2306430.3125 ], [ 597101.875, 2306436.25 ], [ 597104.6875, 2306440.9375 ], [ 597113.4375, 2306447.1875 ], [ 597118.125, 2306453.75 ], [ 597119.6875, 2306459.6875 ], [ 597120.15625, 2306470.46875 ], [ 597121.5625, 2306480.3125 ], [ 597124.375, 2306488.75 ], [ 597135.625, 2306511.25 ], [ 597137.65625, 2306516.71875 ], [ 597139.53125, 2306526.09375 ], [ 597140.3125, 2306540.3125 ], [ 597141.875, 2306546.25 ], [ 597144.6875, 2306550.9375 ], [ 597157.8125, 2306560.3125 ], [ 597164.375, 2306568.75 ], [ 597175.625, 2306591.25 ], [ 597177.65625, 2306596.71875 ], [ 597179.53125, 2306606.09375 ], [ 597180.3125, 2306620.3125 ], [ 597181.875, 2306626.25 ], [ 597184.6875, 2306630.9375 ], [ 597193.4375, 2306637.1875 ], [ 597198.125, 2306643.75 ], [ 597200.0, 2306653.125 ], [ 597200.0, 2306686.875 ], [ 597201.5625, 2306700.3125 ], [ 597204.375, 2306708.75 ], [ 597215.625, 2306731.25 ], [ 597219.0625, 2306742.8125 ], [ 597220.0, 2306753.125 ], [ 597220.0, 2306786.875 ], [ 597220.9375, 2306793.4375 ], [ 597224.6875, 2306800.9375 ], [ 597235.3125, 2306809.0625 ], [ 597238.125, 2306813.75 ], [ 597239.6875, 2306819.6875 ], [ 597240.0, 2306886.875 ], [ 597240.9375, 2306893.4375 ], [ 597244.6875, 2306900.9375 ], [ 597255.3125, 2306909.0625 ], [ 597258.125, 2306913.75 ], [ 597259.6875, 2306919.6875 ], [ 597260.0, 2307076.875 ], [ 597259.0625, 2307083.4375 ], [ 597256.875, 2307088.75 ], [ 597253.4375, 2307092.8125 ], [ 597244.6875, 2307099.0625 ], [ 597241.875, 2307103.75 ], [ 597240.3125, 2307109.6875 ], [ 597240.0, 2307356.875 ], [ 597239.0625, 2307363.4375 ], [ 597236.875, 2307368.75 ], [ 597233.4375, 2307372.8125 ], [ 597224.6875, 2307379.0625 ], [ 597221.875, 2307383.75 ], [ 597220.3125, 2307389.6875 ], [ 597220.0, 2307486.875 ], [ 597219.0625, 2307497.1875 ], [ 597215.625, 2307508.75 ], [ 597184.375, 2307571.25 ], [ 597179.6875, 2307577.8125 ], [ 597173.59375, 2307582.96875 ], [ 597144.21875, 2307598.59375 ], [ 597138.59375, 2307604.21875 ], [ 597132.8125, 2307613.4375 ], [ 597128.75, 2307616.875 ], [ 597120.3125, 2307619.6875 ], [ 597106.5625, 2307620.9375 ], [ 597101.25, 2307623.125 ], [ 597097.1875, 2307626.5625 ], [ 597083.28125, 2307653.90625 ], [ 597080.9375, 2307662.8125 ], [ 597079.0625, 2307683.4375 ], [ 597076.875, 2307688.75 ], [ 597073.4375, 2307692.8125 ], [ 597068.75, 2307695.625 ], [ 597060.3125, 2307698.4375 ], [ 597053.90625, 2307699.53125 ], [ 597039.6875, 2307700.3125 ], [ 597033.75, 2307701.875 ], [ 597029.0625, 2307704.6875 ], [ 597022.8125, 2307713.4375 ], [ 597018.75, 2307716.875 ], [ 597013.4375, 2307719.0625 ], [ 596999.6875, 2307720.3125 ], [ 596991.25, 2307723.125 ], [ 596987.1875, 2307726.5625 ], [ 596981.40625, 2307735.78125 ], [ 596975.78125, 2307741.40625 ], [ 596944.21875, 2307758.59375 ], [ 596937.03125, 2307766.40625 ], [ 596921.40625, 2307795.78125 ], [ 596915.78125, 2307801.40625 ], [ 596906.5625, 2307807.1875 ], [ 596903.125, 2307811.25 ], [ 596900.3125, 2307819.6875 ], [ 596899.53125, 2307830.15625 ], [ 596898.59375, 2307832.96875 ], [ 596895.3125, 2307837.1875 ], [ 596890.15625, 2307839.53125 ], [ 596879.6875, 2307840.3125 ], [ 596871.25, 2307843.125 ], [ 596867.1875, 2307846.5625 ], [ 596861.40625, 2307855.78125 ], [ 596855.78125, 2307861.40625 ], [ 596851.25, 2307864.375 ], [ 596828.75, 2307875.625 ], [ 596820.3125, 2307882.1875 ], [ 596815.625, 2307888.75 ], [ 596804.375, 2307911.25 ], [ 596800.9375, 2307915.3125 ], [ 596793.4375, 2307919.0625 ], [ 596779.6875, 2307920.3125 ], [ 596771.25, 2307923.125 ], [ 596767.1875, 2307926.5625 ], [ 596761.40625, 2307935.78125 ], [ 596755.78125, 2307941.40625 ], [ 596751.25, 2307944.375 ], [ 596728.75, 2307955.625 ], [ 596724.6875, 2307959.0625 ], [ 596721.875, 2307963.75 ], [ 596720.3125, 2307969.6875 ], [ 596719.84375, 2308010.46875 ], [ 596717.65625, 2308023.28125 ], [ 596715.625, 2308028.75 ], [ 596704.375, 2308051.25 ], [ 596701.40625, 2308055.78125 ], [ 596695.78125, 2308061.40625 ], [ 596691.25, 2308064.375 ], [ 596668.75, 2308075.625 ], [ 596657.1875, 2308079.0625 ], [ 596646.875, 2308080.0 ], [ 596583.125, 2308080.0 ], [ 596576.5625, 2308080.9375 ], [ 596569.0625, 2308084.6875 ], [ 596565.625, 2308088.75 ], [ 596554.375, 2308111.25 ], [ 596550.9375, 2308115.3125 ], [ 596543.4375, 2308119.0625 ], [ 596529.84375, 2308120.46875 ], [ 596527.03125, 2308121.40625 ], [ 596522.8125, 2308124.6875 ], [ 596521.40625, 2308127.03125 ], [ 596520.0, 2308133.125 ], [ 596519.53125, 2308173.90625 ], [ 596518.4375, 2308180.3125 ], [ 596515.625, 2308188.75 ], [ 596504.375, 2308211.25 ], [ 596499.6875, 2308217.8125 ], [ 596491.25, 2308224.375 ], [ 596468.75, 2308235.625 ], [ 596457.1875, 2308239.0625 ], [ 596439.6875, 2308240.3125 ], [ 596433.75, 2308241.875 ], [ 596427.1875, 2308246.5625 ], [ 596420.9375, 2308255.3125 ], [ 596413.4375, 2308259.0625 ], [ 596406.875, 2308260.0 ], [ 596369.53125, 2308260.15625 ], [ 596359.6875, 2308261.5625 ], [ 596351.25, 2308264.375 ], [ 596328.75, 2308275.625 ], [ 596317.1875, 2308279.0625 ], [ 596306.875, 2308280.0 ], [ 596213.125, 2308280.0 ], [ 596206.5625, 2308280.9375 ], [ 596199.0625, 2308284.6875 ], [ 596195.625, 2308288.75 ], [ 596184.375, 2308311.25 ], [ 596179.6875, 2308317.8125 ], [ 596171.25, 2308324.375 ], [ 596148.75, 2308335.625 ], [ 596143.125, 2308341.25 ], [ 596140.9375, 2308346.5625 ], [ 596139.6875, 2308360.3125 ], [ 596138.125, 2308366.25 ], [ 596135.3125, 2308370.9375 ], [ 596126.5625, 2308377.1875 ], [ 596123.125, 2308381.25 ], [ 596120.9375, 2308386.5625 ], [ 596119.6875, 2308400.3125 ], [ 596118.125, 2308406.25 ], [ 596115.3125, 2308410.9375 ], [ 596106.5625, 2308417.1875 ], [ 596103.125, 2308421.25 ], [ 596100.9375, 2308426.5625 ], [ 596099.6875, 2308440.3125 ], [ 596098.125, 2308446.25 ], [ 596095.3125, 2308450.9375 ], [ 596086.5625, 2308457.1875 ], [ 596081.875, 2308463.75 ], [ 596080.0, 2308473.125 ], [ 596080.0, 2308506.875 ], [ 596078.4375, 2308520.3125 ], [ 596075.625, 2308528.75 ], [ 596064.375, 2308551.25 ], [ 596060.9375, 2308555.3125 ], [ 596056.25, 2308558.125 ], [ 596050.3125, 2308559.6875 ], [ 596009.6875, 2308560.3125 ], [ 596003.75, 2308561.875 ], [ 595999.0625, 2308564.6875 ], [ 595995.625, 2308568.75 ], [ 595983.28125, 2308593.90625 ], [ 595980.9375, 2308602.8125 ], [ 595979.0625, 2308623.4375 ], [ 595975.3125, 2308630.9375 ], [ 595971.25, 2308634.375 ], [ 595928.75, 2308655.625 ], [ 595922.1875, 2308660.3125 ], [ 595917.03125, 2308666.40625 ], [ 595904.375, 2308691.25 ], [ 595900.9375, 2308695.3125 ], [ 595893.4375, 2308699.0625 ], [ 595879.6875, 2308700.3125 ], [ 595871.25, 2308703.125 ], [ 595867.1875, 2308706.5625 ], [ 595861.40625, 2308715.78125 ], [ 595855.78125, 2308721.40625 ], [ 595826.5625, 2308737.1875 ], [ 595823.125, 2308741.25 ], [ 595820.9375, 2308746.5625 ], [ 595819.6875, 2308760.3125 ], [ 595816.875, 2308768.75 ], [ 595813.4375, 2308772.8125 ], [ 595804.21875, 2308778.59375 ], [ 595798.59375, 2308784.21875 ], [ 595781.40625, 2308815.78125 ], [ 595773.59375, 2308822.96875 ], [ 595748.75, 2308835.625 ], [ 595742.1875, 2308840.3125 ], [ 595735.625, 2308848.75 ], [ 595722.96875, 2308873.59375 ], [ 595715.78125, 2308881.40625 ], [ 595711.25, 2308884.375 ], [ 595648.75, 2308915.625 ], [ 595644.21875, 2308918.59375 ], [ 595637.03125, 2308926.40625 ], [ 595624.375, 2308951.25 ], [ 595618.75, 2308956.875 ], [ 595610.3125, 2308959.6875 ], [ 595573.125, 2308960.0 ], [ 595563.75, 2308961.875 ], [ 595559.0625, 2308964.6875 ], [ 595552.8125, 2308973.4375 ], [ 595548.75, 2308976.875 ], [ 595543.4375, 2308979.0625 ], [ 595522.8125, 2308980.9375 ], [ 595511.25, 2308984.375 ], [ 595488.75, 2308995.625 ], [ 595484.21875, 2308998.59375 ], [ 595478.59375, 2309004.21875 ], [ 595472.8125, 2309013.4375 ], [ 595468.75, 2309016.875 ], [ 595463.4375, 2309019.0625 ], [ 595449.6875, 2309020.3125 ], [ 595441.25, 2309023.125 ], [ 595435.625, 2309028.75 ], [ 595422.96875, 2309053.59375 ], [ 595415.78125, 2309061.40625 ], [ 595384.21875, 2309078.59375 ], [ 595378.59375, 2309084.21875 ], [ 595372.8125, 2309093.4375 ], [ 595368.75, 2309096.875 ], [ 595360.3125, 2309099.6875 ], [ 595346.5625, 2309100.9375 ], [ 595341.25, 2309103.125 ], [ 595337.1875, 2309106.5625 ], [ 595304.375, 2309171.25 ], [ 595300.9375, 2309175.3125 ], [ 595293.4375, 2309179.0625 ], [ 595279.6875, 2309180.3125 ], [ 595271.25, 2309183.125 ], [ 595267.1875, 2309186.5625 ], [ 595259.6875, 2309197.8125 ], [ 595253.59375, 2309202.96875 ], [ 595186.40625, 2309237.03125 ], [ 595182.1875, 2309240.3125 ], [ 595177.03125, 2309246.40625 ], [ 595164.375, 2309271.25 ], [ 595158.75, 2309276.875 ], [ 595153.4375, 2309279.0625 ], [ 595139.6875, 2309280.3125 ], [ 595133.75, 2309281.875 ], [ 595129.0625, 2309284.6875 ], [ 595122.8125, 2309293.4375 ], [ 595118.75, 2309296.875 ], [ 595113.4375, 2309299.0625 ], [ 595099.6875, 2309300.3125 ], [ 595093.75, 2309301.875 ], [ 595089.0625, 2309304.6875 ], [ 595082.8125, 2309313.4375 ], [ 595078.75, 2309316.875 ], [ 595073.4375, 2309319.0625 ], [ 595059.6875, 2309320.3125 ], [ 595053.75, 2309321.875 ], [ 595049.0625, 2309324.6875 ], [ 595042.8125, 2309333.4375 ], [ 595036.25, 2309338.125 ], [ 595026.875, 2309340.0 ], [ 594993.125, 2309340.0 ], [ 594986.5625, 2309340.9375 ], [ 594979.0625, 2309344.6875 ], [ 594972.8125, 2309353.4375 ], [ 594966.25, 2309358.125 ], [ 594960.3125, 2309359.6875 ], [ 594949.53125, 2309360.15625 ], [ 594939.6875, 2309361.5625 ], [ 594931.25, 2309364.375 ], [ 594908.75, 2309375.625 ], [ 594903.28125, 2309377.65625 ], [ 594893.90625, 2309379.53125 ], [ 594879.6875, 2309380.3125 ], [ 594871.25, 2309383.125 ], [ 594865.625, 2309388.75 ], [ 594854.375, 2309411.25 ], [ 594850.9375, 2309415.3125 ], [ 594843.4375, 2309419.0625 ], [ 594826.5625, 2309420.9375 ], [ 594819.0625, 2309424.6875 ], [ 594815.625, 2309428.75 ], [ 594802.96875, 2309453.59375 ], [ 594797.8125, 2309459.6875 ], [ 594791.25, 2309464.375 ], [ 594768.75, 2309475.625 ], [ 594760.3125, 2309482.1875 ], [ 594755.625, 2309488.75 ], [ 594744.375, 2309511.25 ], [ 594738.75, 2309516.875 ], [ 594733.4375, 2309519.0625 ], [ 594719.6875, 2309520.3125 ], [ 594711.25, 2309523.125 ], [ 594707.1875, 2309526.5625 ], [ 594701.40625, 2309535.78125 ], [ 594695.78125, 2309541.40625 ], [ 594691.25, 2309544.375 ], [ 594668.75, 2309555.625 ], [ 594663.28125, 2309557.65625 ], [ 594650.46875, 2309559.84375 ], [ 594606.09375, 2309560.46875 ], [ 594599.6875, 2309561.5625 ], [ 594591.25, 2309564.375 ], [ 594586.5625, 2309567.1875 ], [ 594581.875, 2309573.75 ], [ 594580.3125, 2309579.6875 ], [ 594579.53125, 2309590.15625 ], [ 594578.59375, 2309592.96875 ], [ 594575.3125, 2309597.1875 ], [ 594570.15625, 2309599.53125 ], [ 594559.6875, 2309600.3125 ], [ 594551.25, 2309603.125 ], [ 594547.1875, 2309606.5625 ], [ 594542.8125, 2309613.4375 ], [ 594536.25, 2309618.125 ], [ 594530.3125, 2309619.6875 ], [ 594519.6875, 2309620.3125 ], [ 594511.25, 2309623.125 ], [ 594507.1875, 2309626.5625 ], [ 594502.8125, 2309633.4375 ], [ 594496.25, 2309638.125 ], [ 594490.3125, 2309639.6875 ], [ 594476.5625, 2309640.9375 ], [ 594469.0625, 2309644.6875 ], [ 594465.625, 2309648.75 ], [ 594454.375, 2309671.25 ], [ 594450.9375, 2309675.3125 ], [ 594443.4375, 2309679.0625 ], [ 594426.5625, 2309680.9375 ], [ 594421.25, 2309683.125 ], [ 594417.1875, 2309686.5625 ], [ 594384.375, 2309751.25 ], [ 594379.6875, 2309757.8125 ], [ 594371.25, 2309764.375 ], [ 594348.75, 2309775.625 ], [ 594344.21875, 2309778.59375 ], [ 594338.59375, 2309784.21875 ], [ 594332.8125, 2309793.4375 ], [ 594328.75, 2309796.875 ], [ 594323.4375, 2309799.0625 ], [ 594316.875, 2309800.0 ], [ 594193.125, 2309800.0 ], [ 594183.75, 2309801.875 ], [ 594177.1875, 2309806.5625 ], [ 594164.375, 2309831.25 ], [ 594158.75, 2309836.875 ], [ 594150.3125, 2309839.6875 ], [ 594113.125, 2309840.0 ], [ 594103.75, 2309841.875 ], [ 594097.1875, 2309846.5625 ], [ 594084.375, 2309871.25 ], [ 594078.75, 2309876.875 ], [ 594073.4375, 2309879.0625 ], [ 594059.6875, 2309880.3125 ], [ 594053.75, 2309881.875 ], [ 594049.0625, 2309884.6875 ], [ 594042.8125, 2309893.4375 ], [ 594038.75, 2309896.875 ], [ 594033.4375, 2309899.0625 ], [ 594019.6875, 2309900.3125 ], [ 594013.75, 2309901.875 ], [ 594009.0625, 2309904.6875 ], [ 594002.8125, 2309913.4375 ], [ 593998.75, 2309916.875 ], [ 593993.4375, 2309919.0625 ], [ 593979.6875, 2309920.3125 ], [ 593973.75, 2309921.875 ], [ 593969.0625, 2309924.6875 ], [ 593962.8125, 2309933.4375 ], [ 593958.75, 2309936.875 ], [ 593953.4375, 2309939.0625 ], [ 593939.6875, 2309940.3125 ], [ 593933.75, 2309941.875 ], [ 593929.0625, 2309944.6875 ], [ 593922.8125, 2309953.4375 ], [ 593916.25, 2309958.125 ], [ 593906.875, 2309960.0 ], [ 593866.09375, 2309960.46875 ], [ 593859.6875, 2309961.5625 ], [ 593851.25, 2309964.375 ], [ 593708.75, 2310035.625 ], [ 593700.3125, 2310042.1875 ], [ 593692.8125, 2310053.4375 ], [ 593688.75, 2310056.875 ], [ 593683.4375, 2310059.0625 ], [ 593669.6875, 2310060.3125 ], [ 593663.75, 2310061.875 ], [ 593659.0625, 2310064.6875 ], [ 593652.8125, 2310073.4375 ], [ 593648.75, 2310076.875 ], [ 593643.4375, 2310079.0625 ], [ 593629.6875, 2310080.3125 ], [ 593621.25, 2310083.125 ], [ 593615.625, 2310088.75 ], [ 593604.375, 2310111.25 ], [ 593598.75, 2310116.875 ], [ 593593.4375, 2310119.0625 ], [ 593579.6875, 2310120.3125 ], [ 593573.75, 2310121.875 ], [ 593569.0625, 2310124.6875 ], [ 593562.8125, 2310133.4375 ], [ 593558.75, 2310136.875 ], [ 593553.4375, 2310139.0625 ], [ 593539.6875, 2310140.3125 ], [ 593531.25, 2310143.125 ], [ 593527.1875, 2310146.5625 ], [ 593521.40625, 2310155.78125 ], [ 593515.78125, 2310161.40625 ], [ 593511.25, 2310164.375 ], [ 593488.75, 2310175.625 ], [ 593480.3125, 2310178.4375 ], [ 593473.90625, 2310179.53125 ], [ 593459.6875, 2310180.3125 ], [ 593451.25, 2310183.125 ], [ 593447.1875, 2310186.5625 ], [ 593441.40625, 2310195.78125 ], [ 593435.78125, 2310201.40625 ], [ 593431.25, 2310204.375 ], [ 593366.40625, 2310237.03125 ], [ 593360.3125, 2310242.1875 ], [ 593352.8125, 2310253.4375 ], [ 593348.75, 2310256.875 ], [ 593340.3125, 2310259.6875 ], [ 593326.5625, 2310260.9375 ], [ 593319.0625, 2310264.6875 ], [ 593315.625, 2310268.75 ], [ 593304.375, 2310291.25 ], [ 593298.75, 2310296.875 ], [ 593293.4375, 2310299.0625 ], [ 593279.6875, 2310300.3125 ], [ 593271.25, 2310303.125 ], [ 593267.1875, 2310306.5625 ], [ 593259.6875, 2310317.8125 ], [ 593251.25, 2310324.375 ], [ 593146.40625, 2310377.03125 ], [ 593140.3125, 2310382.1875 ], [ 593135.625, 2310388.75 ], [ 593104.375, 2310451.25 ], [ 593101.40625, 2310455.78125 ], [ 593093.59375, 2310462.96875 ], [ 593068.75, 2310475.625 ], [ 593060.3125, 2310482.1875 ], [ 593055.625, 2310488.75 ], [ 593044.375, 2310511.25 ], [ 593037.8125, 2310519.6875 ], [ 593031.25, 2310524.375 ], [ 593008.75, 2310535.625 ], [ 593000.3125, 2310542.1875 ], [ 592995.625, 2310548.75 ], [ 592984.375, 2310571.25 ], [ 592981.40625, 2310575.78125 ], [ 592975.78125, 2310581.40625 ], [ 592966.5625, 2310587.1875 ], [ 592963.125, 2310591.25 ], [ 592960.3125, 2310599.6875 ], [ 592959.0625, 2310613.4375 ], [ 592955.3125, 2310620.9375 ], [ 592951.25, 2310624.375 ], [ 592928.75, 2310635.625 ], [ 592923.125, 2310641.25 ], [ 592920.9375, 2310646.5625 ], [ 592919.6875, 2310660.3125 ], [ 592918.125, 2310666.25 ], [ 592915.3125, 2310670.9375 ], [ 592906.5625, 2310677.1875 ], [ 592903.125, 2310681.25 ], [ 592900.9375, 2310686.5625 ], [ 592899.6875, 2310700.3125 ], [ 592898.125, 2310706.25 ], [ 592895.3125, 2310710.9375 ], [ 592886.5625, 2310717.1875 ], [ 592883.125, 2310721.25 ], [ 592880.9375, 2310726.5625 ], [ 592879.6875, 2310740.3125 ], [ 592878.125, 2310746.25 ], [ 592875.3125, 2310750.9375 ], [ 592866.5625, 2310757.1875 ], [ 592863.125, 2310761.25 ], [ 592860.9375, 2310766.5625 ], [ 592859.6875, 2310780.3125 ], [ 592858.125, 2310786.25 ], [ 592855.3125, 2310790.9375 ], [ 592846.5625, 2310797.1875 ], [ 592841.875, 2310803.75 ], [ 592840.0, 2310813.125 ], [ 592840.0, 2310846.875 ], [ 592838.125, 2310856.25 ], [ 592835.3125, 2310860.9375 ], [ 592826.5625, 2310867.1875 ], [ 592823.125, 2310871.25 ], [ 592820.9375, 2310876.5625 ], [ 592819.6875, 2310890.3125 ], [ 592818.125, 2310896.25 ], [ 592813.4375, 2310902.8125 ], [ 592804.6875, 2310909.0625 ], [ 592800.9375, 2310916.5625 ], [ 592800.0, 2310923.125 ], [ 592800.0, 2310986.875 ], [ 592799.0625, 2310993.4375 ], [ 592795.3125, 2311000.9375 ], [ 592786.5625, 2311007.1875 ], [ 592781.875, 2311013.75 ], [ 592780.3125, 2311019.6875 ], [ 592779.53125, 2311033.90625 ], [ 592777.65625, 2311043.28125 ], [ 592775.625, 2311048.75 ], [ 592764.375, 2311071.25 ], [ 592760.9375, 2311082.8125 ], [ 592760.0, 2311093.125 ], [ 592760.3125, 2311220.3125 ], [ 592763.125, 2311228.75 ], [ 592766.5625, 2311232.8125 ], [ 592775.3125, 2311239.0625 ], [ 592779.0625, 2311246.5625 ], [ 592780.0, 2311253.125 ], [ 592780.15625, 2311290.46875 ], [ 592781.5625, 2311300.3125 ], [ 592784.375, 2311308.75 ], [ 592795.625, 2311331.25 ], [ 592797.65625, 2311336.71875 ], [ 592799.53125, 2311346.09375 ], [ 592800.3125, 2311360.3125 ], [ 592801.875, 2311366.25 ], [ 592806.5625, 2311372.8125 ], [ 592815.3125, 2311379.0625 ], [ 592819.0625, 2311386.5625 ], [ 592820.0, 2311393.125 ], [ 592820.0, 2311426.875 ], [ 592820.9375, 2311433.4375 ], [ 592823.125, 2311438.75 ], [ 592828.75, 2311444.375 ], [ 592851.25, 2311455.625 ], [ 592855.3125, 2311459.0625 ], [ 592859.0625, 2311466.5625 ], [ 592860.3125, 2311480.3125 ], [ 592863.125, 2311488.75 ], [ 592868.75, 2311494.375 ], [ 592891.25, 2311505.625 ], [ 592895.3125, 2311509.0625 ], [ 592899.0625, 2311516.5625 ], [ 592900.46875, 2311530.15625 ], [ 592901.40625, 2311532.96875 ], [ 592904.6875, 2311537.1875 ], [ 592909.84375, 2311539.53125 ], [ 592920.3125, 2311540.3125 ], [ 592928.75, 2311543.125 ], [ 592932.8125, 2311546.5625 ], [ 592938.59375, 2311555.78125 ], [ 592944.21875, 2311561.40625 ], [ 592948.75, 2311564.375 ], [ 592971.25, 2311575.625 ], [ 592975.3125, 2311579.0625 ], [ 592978.125, 2311583.75 ], [ 592979.6875, 2311589.6875 ], [ 592980.0, 2311626.875 ], [ 592981.875, 2311636.25 ], [ 592984.6875, 2311640.9375 ], [ 592993.4375, 2311647.1875 ], [ 592996.875, 2311651.25 ], [ 592999.0625, 2311656.5625 ], [ 593000.3125, 2311670.3125 ], [ 593001.875, 2311676.25 ], [ 593004.6875, 2311680.9375 ], [ 593013.4375, 2311687.1875 ], [ 593016.875, 2311691.25 ], [ 593019.6875, 2311699.6875 ], [ 593020.46875, 2311710.15625 ], [ 593022.8125, 2311715.3125 ], [ 593024.6875, 2311717.1875 ], [ 593029.84375, 2311719.53125 ], [ 593040.3125, 2311720.3125 ], [ 593046.25, 2311721.875 ], [ 593052.8125, 2311726.5625 ], [ 593075.625, 2311771.25 ], [ 593078.59375, 2311775.78125 ], [ 593086.40625, 2311782.96875 ], [ 593111.25, 2311795.625 ], [ 593119.6875, 2311802.1875 ], [ 593124.375, 2311808.75 ], [ 593135.625, 2311831.25 ], [ 593142.1875, 2311839.6875 ], [ 593148.75, 2311844.375 ], [ 593211.25, 2311875.625 ], [ 593215.78125, 2311878.59375 ], [ 593222.96875, 2311886.40625 ], [ 593235.625, 2311911.25 ], [ 593242.1875, 2311919.6875 ], [ 593248.75, 2311924.375 ], [ 593271.25, 2311935.625 ], [ 593279.6875, 2311942.1875 ], [ 593284.375, 2311948.75 ], [ 593295.625, 2311971.25 ], [ 593302.1875, 2311979.6875 ], [ 593308.75, 2311984.375 ], [ 593331.25, 2311995.625 ], [ 593339.6875, 2312002.1875 ], [ 593344.375, 2312008.75 ], [ 593377.03125, 2312073.59375 ], [ 593380.3125, 2312077.8125 ], [ 593386.40625, 2312082.96875 ], [ 593413.59375, 2312097.03125 ], [ 593421.40625, 2312104.21875 ], [ 593438.59375, 2312135.78125 ], [ 593444.21875, 2312141.40625 ], [ 593453.4375, 2312147.1875 ], [ 593456.875, 2312151.25 ], [ 593459.6875, 2312159.6875 ], [ 593460.9375, 2312173.4375 ], [ 593463.125, 2312178.75 ], [ 593466.5625, 2312182.8125 ], [ 593491.25, 2312195.625 ], [ 593496.71875, 2312197.65625 ], [ 593506.09375, 2312199.53125 ], [ 593520.3125, 2312200.3125 ], [ 593528.75, 2312203.125 ], [ 593532.8125, 2312206.5625 ], [ 593540.3125, 2312217.8125 ], [ 593546.40625, 2312222.96875 ], [ 593613.4375, 2312257.1875 ], [ 593618.125, 2312263.75 ], [ 593619.6875, 2312269.6875 ], [ 593620.9375, 2312283.4375 ], [ 593624.6875, 2312290.9375 ], [ 593628.75, 2312294.375 ], [ 593636.71875, 2312297.65625 ], [ 593646.09375, 2312299.53125 ], [ 593663.4375, 2312300.9375 ], [ 593670.9375, 2312304.6875 ], [ 593680.3125, 2312317.8125 ], [ 593684.21875, 2312321.40625 ], [ 593693.4375, 2312327.1875 ], [ 593696.875, 2312331.25 ], [ 593699.6875, 2312339.6875 ], [ 593700.46875, 2312350.15625 ], [ 593701.40625, 2312352.96875 ], [ 593704.6875, 2312357.1875 ], [ 593707.03125, 2312358.59375 ], [ 593713.125, 2312360.0 ], [ 593746.875, 2312360.0 ], [ 593752.96875, 2312361.40625 ], [ 593755.3125, 2312362.8125 ], [ 593758.59375, 2312367.03125 ], [ 593759.53125, 2312369.84375 ], [ 593760.9375, 2312383.4375 ], [ 593763.125, 2312388.75 ], [ 593766.5625, 2312392.8125 ], [ 593813.59375, 2312417.03125 ], [ 593819.6875, 2312422.1875 ], [ 593827.1875, 2312433.4375 ], [ 593831.25, 2312436.875 ], [ 593839.6875, 2312439.6875 ], [ 593853.4375, 2312440.9375 ], [ 593860.9375, 2312444.6875 ], [ 593864.375, 2312448.75 ], [ 593885.625, 2312491.25 ], [ 593891.25, 2312496.875 ], [ 593896.5625, 2312499.0625 ], [ 593910.3125, 2312500.3125 ], [ 593916.25, 2312501.875 ], [ 593920.9375, 2312504.6875 ], [ 593927.1875, 2312513.4375 ], [ 593931.25, 2312516.875 ], [ 593936.5625, 2312519.0625 ], [ 593950.3125, 2312520.3125 ], [ 593956.25, 2312521.875 ], [ 593960.9375, 2312524.6875 ], [ 593967.1875, 2312533.4375 ], [ 593971.25, 2312536.875 ], [ 593976.5625, 2312539.0625 ], [ 593990.3125, 2312540.3125 ], [ 593996.25, 2312541.875 ], [ 594000.9375, 2312544.6875 ], [ 594007.1875, 2312553.4375 ], [ 594013.75, 2312558.125 ], [ 594019.6875, 2312559.6875 ], [ 594037.1875, 2312560.9375 ], [ 594048.75, 2312564.375 ], [ 594113.59375, 2312597.03125 ], [ 594119.6875, 2312602.1875 ], [ 594127.1875, 2312613.4375 ], [ 594131.25, 2312616.875 ], [ 594136.5625, 2312619.0625 ], [ 594150.3125, 2312620.3125 ], [ 594156.25, 2312621.875 ], [ 594160.9375, 2312624.6875 ], [ 594167.1875, 2312633.4375 ], [ 594171.25, 2312636.875 ], [ 594176.5625, 2312639.0625 ], [ 594190.3125, 2312640.3125 ], [ 594196.25, 2312641.875 ], [ 594200.9375, 2312644.6875 ], [ 594207.1875, 2312653.4375 ], [ 594211.25, 2312656.875 ], [ 594216.5625, 2312659.0625 ], [ 594230.3125, 2312660.3125 ], [ 594236.25, 2312661.875 ], [ 594240.9375, 2312664.6875 ], [ 594247.1875, 2312673.4375 ], [ 594251.25, 2312676.875 ], [ 594256.5625, 2312679.0625 ], [ 594270.3125, 2312680.3125 ], [ 594278.75, 2312683.125 ], [ 594284.375, 2312688.75 ], [ 594295.625, 2312711.25 ], [ 594300.3125, 2312717.8125 ], [ 594308.75, 2312724.375 ], [ 594331.25, 2312735.625 ], [ 594339.6875, 2312738.4375 ], [ 594349.53125, 2312739.84375 ], [ 594386.875, 2312740.0 ], [ 594393.4375, 2312740.9375 ], [ 594400.9375, 2312744.6875 ], [ 594407.1875, 2312753.4375 ], [ 594413.75, 2312758.125 ], [ 594419.6875, 2312759.6875 ], [ 594430.3125, 2312760.3125 ], [ 594438.75, 2312763.125 ], [ 594442.8125, 2312766.5625 ], [ 594447.1875, 2312773.4375 ], [ 594453.75, 2312778.125 ], [ 594459.6875, 2312779.6875 ], [ 594470.3125, 2312780.3125 ], [ 594478.75, 2312783.125 ], [ 594484.375, 2312788.75 ], [ 594495.625, 2312811.25 ], [ 594499.0625, 2312815.3125 ], [ 594503.75, 2312818.125 ], [ 594513.125, 2312820.0 ], [ 594546.875, 2312820.0 ], [ 594552.96875, 2312818.59375 ], [ 594555.3125, 2312817.1875 ], [ 594558.59375, 2312812.96875 ], [ 594560.0, 2312806.875 ], [ 594560.0, 2312773.125 ], [ 594559.0625, 2312767.03125 ], [ 594558.125, 2312764.6875 ], [ 594555.3125, 2312761.40625 ], [ 594542.1875, 2312758.125 ], [ 594538.59375, 2312755.3125 ], [ 594535.625, 2312751.25 ] ] } },
{ "type": "Feature", "properties": { }, "geometry": { "type": "LineString", "coordinates": [ [ 594144.375, 2321631.25 ], [ 594155.625, 2321608.75 ], [ 594159.0625, 2321604.6875 ], [ 594166.5625, 2321600.9375 ], [ 594183.4375, 2321599.0625 ], [ 594188.75, 2321596.875 ], [ 594192.8125, 2321593.4375 ], [ 594205.625, 2321568.75 ], [ 594209.0625, 2321564.6875 ], [ 594216.5625, 2321560.9375 ], [ 594233.90625, 2321559.53125 ], [ 594246.09375, 2321556.71875 ], [ 594273.59375, 2321542.96875 ], [ 594277.8125, 2321539.6875 ], [ 594282.96875, 2321533.59375 ], [ 594295.625, 2321508.75 ], [ 594299.0625, 2321504.6875 ], [ 594306.5625, 2321500.9375 ], [ 594320.3125, 2321499.6875 ], [ 594328.75, 2321496.875 ], [ 594332.8125, 2321493.4375 ], [ 594338.59375, 2321484.21875 ], [ 594344.21875, 2321478.59375 ], [ 594348.75, 2321475.625 ], [ 594371.25, 2321464.375 ], [ 594379.6875, 2321457.8125 ], [ 594384.375, 2321451.25 ], [ 594395.625, 2321428.75 ], [ 594398.59375, 2321424.21875 ], [ 594404.21875, 2321418.59375 ], [ 594411.25, 2321414.375 ], [ 594415.3125, 2321410.9375 ], [ 594419.0625, 2321403.4375 ], [ 594420.0, 2321396.875 ], [ 594420.0, 2321333.125 ], [ 594420.9375, 2321326.5625 ], [ 594423.125, 2321321.25 ], [ 594428.75, 2321315.625 ], [ 594451.25, 2321304.375 ], [ 594457.8125, 2321299.6875 ], [ 594464.375, 2321291.25 ], [ 594475.625, 2321268.75 ], [ 594478.59375, 2321264.21875 ], [ 594484.21875, 2321258.59375 ], [ 594493.4375, 2321252.8125 ], [ 594496.875, 2321248.75 ], [ 594499.6875, 2321240.3125 ], [ 594500.46875, 2321226.09375 ], [ 594502.34375, 2321216.71875 ], [ 594504.375, 2321211.25 ], [ 594517.1875, 2321186.5625 ], [ 594521.25, 2321183.125 ], [ 594526.5625, 2321180.9375 ], [ 594540.3125, 2321179.6875 ], [ 594548.75, 2321176.875 ], [ 594552.8125, 2321173.4375 ], [ 594558.59375, 2321164.21875 ], [ 594564.21875, 2321158.59375 ], [ 594568.75, 2321155.625 ], [ 594591.25, 2321144.375 ], [ 594595.3125, 2321140.9375 ], [ 594599.0625, 2321133.4375 ], [ 594600.3125, 2321119.6875 ], [ 594603.125, 2321111.25 ], [ 594606.5625, 2321107.1875 ], [ 594617.8125, 2321099.6875 ], [ 594622.96875, 2321093.59375 ], [ 594657.03125, 2321026.40625 ], [ 594660.3125, 2321022.1875 ], [ 594666.40625, 2321017.03125 ], [ 594691.25, 2321004.375 ], [ 594696.875, 2320998.75 ], [ 594699.0625, 2320993.4375 ], [ 594700.3125, 2320979.6875 ], [ 594701.875, 2320973.75 ], [ 594706.5625, 2320967.1875 ], [ 594715.3125, 2320960.9375 ], [ 594719.0625, 2320953.4375 ], [ 594720.0, 2320946.875 ], [ 594720.0, 2320913.125 ], [ 594721.875, 2320903.75 ], [ 594724.6875, 2320899.0625 ], [ 594733.4375, 2320892.8125 ], [ 594736.875, 2320888.75 ], [ 594739.0625, 2320883.4375 ], [ 594740.3125, 2320869.6875 ], [ 594741.875, 2320863.75 ], [ 594744.6875, 2320859.0625 ], [ 594753.4375, 2320852.8125 ], [ 594756.875, 2320848.75 ], [ 594759.0625, 2320843.4375 ], [ 594760.3125, 2320829.6875 ], [ 594761.875, 2320823.75 ], [ 594764.6875, 2320819.0625 ], [ 594773.4375, 2320812.8125 ], [ 594776.875, 2320808.75 ], [ 594779.0625, 2320803.4375 ], [ 594780.3125, 2320789.6875 ], [ 594781.875, 2320783.75 ], [ 594784.6875, 2320779.0625 ], [ 594793.4375, 2320772.8125 ], [ 594796.875, 2320768.75 ], [ 594799.0625, 2320763.4375 ], [ 594800.3125, 2320749.6875 ], [ 594801.875, 2320743.75 ], [ 594804.6875, 2320739.0625 ], [ 594813.4375, 2320732.8125 ], [ 594818.125, 2320726.25 ], [ 594819.6875, 2320720.3125 ], [ 594820.15625, 2320709.53125 ], [ 594821.5625, 2320699.6875 ], [ 594824.375, 2320691.25 ], [ 594835.625, 2320668.75 ], [ 594837.65625, 2320663.28125 ], [ 594839.53125, 2320653.90625 ], [ 594840.3125, 2320639.6875 ], [ 594841.875, 2320633.75 ], [ 594846.5625, 2320627.1875 ], [ 594855.3125, 2320620.9375 ], [ 594859.0625, 2320613.4375 ], [ 594860.0, 2320606.875 ], [ 594860.0, 2320573.125 ], [ 594861.875, 2320563.75 ], [ 594864.6875, 2320559.0625 ], [ 594868.75, 2320555.625 ], [ 594893.4375, 2320542.8125 ], [ 594896.875, 2320538.75 ], [ 594899.0625, 2320533.4375 ], [ 594900.0, 2320526.875 ], [ 594900.0, 2320373.125 ], [ 594899.53125, 2320366.09375 ], [ 594897.65625, 2320356.71875 ], [ 594895.625, 2320351.25 ], [ 594863.28125, 2320286.09375 ], [ 594860.9375, 2320277.1875 ], [ 594859.6875, 2320259.6875 ], [ 594858.125, 2320253.75 ], [ 594855.3125, 2320249.0625 ], [ 594846.5625, 2320242.8125 ], [ 594841.875, 2320236.25 ], [ 594840.0, 2320226.875 ], [ 594839.84375, 2320189.53125 ], [ 594839.0625, 2320182.8125 ], [ 594836.71875, 2320173.90625 ], [ 594794.375, 2320088.75 ], [ 594790.9375, 2320084.6875 ], [ 594786.25, 2320081.875 ], [ 594780.3125, 2320080.3125 ], [ 594769.6875, 2320079.6875 ], [ 594761.25, 2320076.875 ], [ 594755.625, 2320071.25 ], [ 594744.375, 2320048.75 ], [ 594740.9375, 2320044.6875 ], [ 594733.4375, 2320040.9375 ], [ 594719.6875, 2320039.6875 ], [ 594711.25, 2320036.875 ], [ 594707.1875, 2320033.4375 ], [ 594701.40625, 2320024.21875 ], [ 594695.78125, 2320018.59375 ], [ 594664.21875, 2320001.40625 ], [ 594657.03125, 2319993.59375 ], [ 594644.375, 2319968.75 ], [ 594638.75, 2319963.125 ], [ 594633.4375, 2319960.9375 ], [ 594626.875, 2319960.0 ], [ 594593.125, 2319960.0 ], [ 594587.03125, 2319958.59375 ], [ 594582.8125, 2319955.3125 ], [ 594581.40625, 2319952.96875 ], [ 594580.0, 2319946.875 ], [ 594579.53125, 2319906.09375 ], [ 594578.4375, 2319899.6875 ], [ 594575.625, 2319891.25 ], [ 594572.8125, 2319886.5625 ], [ 594568.75, 2319883.125 ], [ 594563.4375, 2319880.9375 ], [ 594553.125, 2319880.0 ], [ 594547.03125, 2319878.59375 ], [ 594544.6875, 2319877.1875 ], [ 594541.40625, 2319872.96875 ], [ 594540.0, 2319866.875 ], [ 594539.84375, 2319829.53125 ], [ 594539.0625, 2319822.8125 ], [ 594536.71875, 2319813.90625 ], [ 594524.375, 2319788.75 ], [ 594519.6875, 2319782.1875 ], [ 594511.25, 2319775.625 ], [ 594488.75, 2319764.375 ], [ 594483.125, 2319758.75 ], [ 594480.9375, 2319753.4375 ], [ 594480.0, 2319746.875 ], [ 594480.0, 2319713.125 ], [ 594478.59375, 2319707.03125 ], [ 594477.1875, 2319704.6875 ], [ 594472.96875, 2319701.40625 ], [ 594470.15625, 2319700.46875 ], [ 594456.5625, 2319699.0625 ], [ 594451.25, 2319696.875 ], [ 594445.625, 2319691.25 ], [ 594434.375, 2319668.75 ], [ 594430.9375, 2319664.6875 ], [ 594423.4375, 2319660.9375 ], [ 594413.125, 2319660.0 ], [ 594407.03125, 2319658.59375 ], [ 594404.6875, 2319657.1875 ], [ 594401.40625, 2319652.96875 ], [ 594400.0, 2319646.875 ], [ 594400.0, 2319493.125 ], [ 594399.0625, 2319486.5625 ], [ 594395.3125, 2319479.0625 ], [ 594386.5625, 2319472.8125 ], [ 594381.875, 2319466.25 ], [ 594380.3125, 2319460.3125 ], [ 594379.53125, 2319446.09375 ], [ 594377.65625, 2319436.71875 ], [ 594375.625, 2319431.25 ], [ 594343.28125, 2319366.09375 ], [ 594340.9375, 2319357.1875 ], [ 594339.6875, 2319339.6875 ], [ 594338.125, 2319333.75 ], [ 594335.3125, 2319329.0625 ], [ 594326.5625, 2319322.8125 ], [ 594321.875, 2319316.25 ], [ 594320.0, 2319306.875 ], [ 594320.0, 2319273.125 ], [ 594318.125, 2319263.75 ], [ 594315.3125, 2319259.0625 ], [ 594306.5625, 2319252.8125 ], [ 594303.125, 2319248.75 ], [ 594300.9375, 2319243.4375 ], [ 594299.0625, 2319222.8125 ], [ 594295.625, 2319211.25 ], [ 594262.96875, 2319146.40625 ], [ 594257.8125, 2319140.3125 ], [ 594246.5625, 2319132.8125 ], [ 594243.125, 2319128.75 ], [ 594240.3125, 2319120.3125 ], [ 594239.53125, 2319109.84375 ], [ 594237.1875, 2319104.6875 ], [ 594235.3125, 2319102.8125 ], [ 594230.15625, 2319100.46875 ], [ 594219.6875, 2319099.6875 ], [ 594213.75, 2319098.125 ], [ 594209.0625, 2319095.3125 ], [ 594205.625, 2319091.25 ], [ 594201.5625, 2319080.3125 ], [ 594200.46875, 2319073.90625 ], [ 594199.6875, 2319059.6875 ], [ 594198.125, 2319053.75 ], [ 594193.4375, 2319047.1875 ], [ 594184.6875, 2319040.9375 ], [ 594180.9375, 2319033.4375 ], [ 594180.0, 2319026.875 ], [ 594180.0, 2318993.125 ], [ 594178.59375, 2318987.03125 ], [ 594177.1875, 2318984.6875 ], [ 594172.96875, 2318981.40625 ], [ 594166.875, 2318980.0 ], [ 594159.6875, 2318979.6875 ], [ 594153.75, 2318978.125 ], [ 594149.0625, 2318975.3125 ], [ 594145.625, 2318971.25 ], [ 594141.5625, 2318960.3125 ], [ 594140.46875, 2318953.90625 ], [ 594139.6875, 2318939.6875 ], [ 594136.875, 2318931.25 ], [ 594133.4375, 2318927.1875 ], [ 594124.21875, 2318921.40625 ], [ 594118.59375, 2318915.78125 ], [ 594115.625, 2318911.25 ], [ 594082.96875, 2318846.40625 ], [ 594077.8125, 2318840.3125 ], [ 594066.5625, 2318832.8125 ], [ 594063.125, 2318828.75 ], [ 594060.3125, 2318820.3125 ], [ 594059.53125, 2318806.09375 ], [ 594057.65625, 2318796.71875 ], [ 594055.625, 2318791.25 ], [ 594042.96875, 2318766.40625 ], [ 594039.6875, 2318762.1875 ], [ 594033.59375, 2318757.03125 ], [ 594008.75, 2318744.375 ], [ 594000.3125, 2318737.8125 ], [ 593995.625, 2318731.25 ], [ 593964.375, 2318668.75 ], [ 593961.40625, 2318664.21875 ], [ 593953.59375, 2318657.03125 ], [ 593928.75, 2318644.375 ], [ 593924.6875, 2318640.9375 ], [ 593920.9375, 2318633.4375 ], [ 593919.6875, 2318619.6875 ], [ 593916.875, 2318611.25 ], [ 593913.4375, 2318607.1875 ], [ 593902.1875, 2318599.6875 ], [ 593897.03125, 2318593.59375 ], [ 593872.8125, 2318546.5625 ], [ 593866.25, 2318541.875 ], [ 593860.3125, 2318540.3125 ], [ 593846.5625, 2318539.0625 ], [ 593839.0625, 2318535.3125 ], [ 593835.625, 2318531.25 ], [ 593824.375, 2318508.75 ], [ 593821.40625, 2318504.21875 ], [ 593815.78125, 2318498.59375 ], [ 593806.5625, 2318492.8125 ], [ 593803.125, 2318488.75 ], [ 593800.9375, 2318483.4375 ], [ 593799.6875, 2318469.6875 ], [ 593798.125, 2318463.75 ], [ 593795.3125, 2318459.0625 ], [ 593786.5625, 2318452.8125 ], [ 593781.875, 2318446.25 ], [ 593780.3125, 2318440.3125 ], [ 593779.0625, 2318422.8125 ], [ 593775.625, 2318411.25 ], [ 593764.375, 2318388.75 ], [ 593761.40625, 2318384.21875 ], [ 593755.78125, 2318378.59375 ], [ 593746.5625, 2318372.8125 ], [ 593741.875, 2318366.25 ], [ 593740.3125, 2318360.3125 ], [ 593739.53125, 2318346.09375 ], [ 593737.65625, 2318336.71875 ], [ 593735.625, 2318331.25 ], [ 593724.375, 2318308.75 ], [ 593717.8125, 2318300.3125 ], [ 593706.5625, 2318292.8125 ], [ 593703.125, 2318288.75 ], [ 593700.3125, 2318280.3125 ], [ 593699.0625, 2318266.5625 ], [ 593695.3125, 2318259.0625 ], [ 593691.25, 2318255.625 ], [ 593668.75, 2318244.375 ], [ 593663.125, 2318238.75 ], [ 593660.9375, 2318233.4375 ], [ 593659.6875, 2318219.6875 ], [ 593658.125, 2318213.75 ], [ 593655.3125, 2318209.0625 ], [ 593646.5625, 2318202.8125 ], [ 593643.125, 2318198.75 ], [ 593640.9375, 2318193.4375 ], [ 593639.6875, 2318179.6875 ], [ 593638.125, 2318173.75 ], [ 593635.3125, 2318169.0625 ], [ 593626.5625, 2318162.8125 ], [ 593623.125, 2318158.75 ], [ 593620.9375, 2318153.4375 ], [ 593619.6875, 2318139.6875 ], [ 593616.875, 2318131.25 ], [ 593613.4375, 2318127.1875 ], [ 593602.1875, 2318119.6875 ], [ 593597.03125, 2318113.59375 ], [ 593564.375, 2318048.75 ], [ 593561.5625, 2318040.3125 ], [ 593560.46875, 2318033.90625 ], [ 593559.6875, 2318019.6875 ], [ 593556.875, 2318011.25 ], [ 593551.25, 2318005.625 ], [ 593528.75, 2317994.375 ], [ 593523.125, 2317988.75 ], [ 593520.9375, 2317983.4375 ], [ 593519.6875, 2317969.6875 ], [ 593518.125, 2317963.75 ], [ 593515.3125, 2317959.0625 ], [ 593506.5625, 2317952.8125 ], [ 593503.125, 2317948.75 ], [ 593500.3125, 2317940.3125 ], [ 593499.0625, 2317926.5625 ], [ 593495.3125, 2317919.0625 ], [ 593491.25, 2317915.625 ], [ 593466.40625, 2317902.96875 ], [ 593462.1875, 2317899.6875 ], [ 593457.03125, 2317893.59375 ], [ 593444.375, 2317868.75 ], [ 593442.34375, 2317863.28125 ], [ 593440.46875, 2317853.90625 ], [ 593439.6875, 2317839.6875 ], [ 593436.875, 2317831.25 ], [ 593433.4375, 2317827.1875 ], [ 593422.1875, 2317819.6875 ], [ 593417.03125, 2317813.59375 ], [ 593384.375, 2317748.75 ], [ 593381.40625, 2317744.21875 ], [ 593373.59375, 2317737.03125 ], [ 593348.75, 2317724.375 ], [ 593342.1875, 2317719.6875 ], [ 593335.625, 2317711.25 ], [ 593324.375, 2317688.75 ], [ 593321.40625, 2317684.21875 ], [ 593315.78125, 2317678.59375 ], [ 593306.5625, 2317672.8125 ], [ 593303.125, 2317668.75 ], [ 593300.3125, 2317660.3125 ], [ 593300.0, 2317623.125 ], [ 593298.125, 2317613.75 ], [ 593295.3125, 2317609.0625 ], [ 593282.1875, 2317599.6875 ], [ 593275.625, 2317591.25 ], [ 593222.96875, 2317486.40625 ], [ 593219.6875, 2317482.1875 ], [ 593213.59375, 2317477.03125 ], [ 593186.40625, 2317462.96875 ], [ 593178.59375, 2317455.78125 ], [ 593161.40625, 2317424.21875 ], [ 593155.78125, 2317418.59375 ], [ 593146.5625, 2317412.8125 ], [ 593143.125, 2317408.75 ], [ 593140.3125, 2317400.3125 ], [ 593139.0625, 2317386.5625 ], [ 593136.875, 2317381.25 ], [ 593133.4375, 2317377.1875 ], [ 593104.21875, 2317361.40625 ], [ 593098.59375, 2317355.78125 ], [ 593092.8125, 2317346.5625 ], [ 593088.75, 2317343.125 ], [ 593080.3125, 2317340.3125 ], [ 593066.5625, 2317339.0625 ], [ 593059.0625, 2317335.3125 ], [ 593055.625, 2317331.25 ], [ 593044.375, 2317308.75 ], [ 593039.6875, 2317302.1875 ], [ 593031.25, 2317295.625 ], [ 593008.75, 2317284.375 ], [ 593004.21875, 2317281.40625 ], [ 592998.59375, 2317275.78125 ], [ 592992.8125, 2317266.5625 ], [ 592988.75, 2317263.125 ], [ 592980.3125, 2317260.3125 ], [ 592966.09375, 2317259.53125 ], [ 592953.90625, 2317256.71875 ], [ 592928.75, 2317244.375 ], [ 592924.21875, 2317241.40625 ], [ 592918.59375, 2317235.78125 ], [ 592901.40625, 2317204.21875 ], [ 592895.78125, 2317198.59375 ], [ 592886.5625, 2317192.8125 ], [ 592883.125, 2317188.75 ], [ 592880.9375, 2317183.4375 ], [ 592879.6875, 2317169.6875 ], [ 592878.125, 2317163.75 ], [ 592875.3125, 2317159.0625 ], [ 592866.5625, 2317152.8125 ], [ 592863.125, 2317148.75 ], [ 592860.9375, 2317143.4375 ], [ 592859.6875, 2317129.6875 ], [ 592856.875, 2317121.25 ], [ 592851.25, 2317115.625 ], [ 592808.75, 2317094.375 ], [ 592804.6875, 2317090.9375 ], [ 592800.9375, 2317083.4375 ], [ 592799.6875, 2317069.6875 ], [ 592796.875, 2317061.25 ], [ 592793.4375, 2317057.1875 ], [ 592786.5625, 2317052.8125 ], [ 592781.875, 2317046.25 ], [ 592780.3125, 2317040.3125 ], [ 592779.6875, 2317029.6875 ], [ 592776.875, 2317021.25 ], [ 592773.4375, 2317017.1875 ], [ 592766.5625, 2317012.8125 ], [ 592761.875, 2317006.25 ], [ 592760.3125, 2317000.3125 ], [ 592759.6875, 2316989.6875 ], [ 592756.875, 2316981.25 ], [ 592751.25, 2316975.625 ], [ 592728.75, 2316964.375 ], [ 592723.125, 2316958.75 ], [ 592720.3125, 2316950.3125 ], [ 592720.0, 2316913.125 ], [ 592719.53125, 2316909.84375 ], [ 592717.1875, 2316904.6875 ], [ 592715.3125, 2316902.8125 ], [ 592710.15625, 2316900.46875 ], [ 592699.6875, 2316899.6875 ], [ 592693.75, 2316898.125 ], [ 592687.1875, 2316893.4375 ], [ 592642.8125, 2316806.5625 ], [ 592638.75, 2316803.125 ], [ 592633.4375, 2316800.9375 ], [ 592619.6875, 2316799.6875 ], [ 592613.75, 2316798.125 ], [ 592609.0625, 2316795.3125 ], [ 592605.625, 2316791.25 ], [ 592583.28125, 2316746.09375 ], [ 592580.46875, 2316733.90625 ], [ 592579.6875, 2316719.6875 ], [ 592576.875, 2316711.25 ], [ 592573.4375, 2316707.1875 ], [ 592564.21875, 2316701.40625 ], [ 592558.59375, 2316695.78125 ], [ 592555.625, 2316691.25 ], [ 592522.96875, 2316626.40625 ], [ 592517.8125, 2316620.3125 ], [ 592506.5625, 2316612.8125 ], [ 592503.125, 2316608.75 ], [ 592500.9375, 2316603.4375 ], [ 592500.0, 2316596.875 ], [ 592500.0, 2316563.125 ], [ 592499.0625, 2316556.5625 ], [ 592495.3125, 2316549.0625 ], [ 592484.6875, 2316540.9375 ], [ 592480.9375, 2316533.4375 ], [ 592480.0, 2316526.875 ], [ 592480.0, 2316493.125 ], [ 592478.125, 2316483.75 ], [ 592475.3125, 2316479.0625 ], [ 592466.5625, 2316472.8125 ], [ 592463.125, 2316468.75 ], [ 592460.3125, 2316460.3125 ], [ 592459.0625, 2316446.5625 ], [ 592455.3125, 2316439.0625 ], [ 592451.25, 2316435.625 ], [ 592428.75, 2316424.375 ], [ 592423.125, 2316418.75 ], [ 592420.9375, 2316413.4375 ], [ 592419.6875, 2316399.6875 ], [ 592418.125, 2316393.75 ], [ 592415.3125, 2316389.0625 ], [ 592406.5625, 2316382.8125 ], [ 592403.125, 2316378.75 ], [ 592400.9375, 2316373.4375 ], [ 592399.6875, 2316359.6875 ], [ 592398.125, 2316353.75 ], [ 592395.3125, 2316349.0625 ], [ 592386.5625, 2316342.8125 ], [ 592383.125, 2316338.75 ], [ 592380.9375, 2316333.4375 ], [ 592379.6875, 2316319.6875 ], [ 592378.125, 2316313.75 ], [ 592375.3125, 2316309.0625 ], [ 592366.5625, 2316302.8125 ], [ 592363.125, 2316298.75 ], [ 592360.9375, 2316293.4375 ], [ 592359.6875, 2316279.6875 ], [ 592358.125, 2316273.75 ], [ 592355.3125, 2316269.0625 ], [ 592346.5625, 2316262.8125 ], [ 592343.125, 2316258.75 ], [ 592340.9375, 2316253.4375 ], [ 592339.6875, 2316239.6875 ], [ 592338.125, 2316233.75 ], [ 592335.3125, 2316229.0625 ], [ 592326.5625, 2316222.8125 ], [ 592323.125, 2316218.75 ], [ 592320.9375, 2316213.4375 ], [ 592319.6875, 2316199.6875 ], [ 592318.125, 2316193.75 ], [ 592315.3125, 2316189.0625 ], [ 592306.5625, 2316182.8125 ], [ 592301.875, 2316176.25 ], [ 592300.0, 2316166.875 ], [ 592300.0, 2316133.125 ], [ 592298.125, 2316123.75 ], [ 592295.3125, 2316119.0625 ], [ 592286.5625, 2316112.8125 ], [ 592281.875, 2316106.25 ], [ 592280.3125, 2316100.3125 ], [ 592279.53125, 2316086.09375 ], [ 592277.65625, 2316076.71875 ], [ 592275.625, 2316071.25 ], [ 592264.375, 2316048.75 ], [ 592259.6875, 2316042.1875 ], [ 592255.78125, 2316038.59375 ], [ 592246.5625, 2316032.8125 ], [ 592241.875, 2316026.25 ], [ 592240.0, 2316016.875 ], [ 592240.0, 2315983.125 ], [ 592239.0625, 2315976.5625 ], [ 592235.3125, 2315969.0625 ], [ 592224.6875, 2315960.9375 ], [ 592221.875, 2315956.25 ], [ 592220.3125, 2315950.3125 ], [ 592220.0, 2315913.125 ], [ 592219.0625, 2315906.5625 ], [ 592215.3125, 2315899.0625 ], [ 592206.5625, 2315892.8125 ], [ 592201.875, 2315886.25 ], [ 592200.3125, 2315880.3125 ], [ 592199.6875, 2315869.6875 ], [ 592196.875, 2315861.25 ], [ 592193.4375, 2315857.1875 ], [ 592186.5625, 2315852.8125 ], [ 592181.875, 2315846.25 ], [ 592180.0, 2315836.875 ], [ 592180.0, 2315803.125 ], [ 592179.0625, 2315796.5625 ], [ 592175.3125, 2315789.0625 ], [ 592164.6875, 2315780.9375 ], [ 592161.875, 2315776.25 ], [ 592160.3125, 2315770.3125 ], [ 592160.0, 2315733.125 ], [ 592159.0625, 2315726.5625 ], [ 592155.3125, 2315719.0625 ], [ 592144.6875, 2315710.9375 ], [ 592140.9375, 2315703.4375 ], [ 592140.0, 2315696.875 ], [ 592139.6875, 2315629.6875 ], [ 592136.875, 2315621.25 ], [ 592133.4375, 2315617.1875 ], [ 592124.6875, 2315610.9375 ], [ 592120.9375, 2315603.4375 ], [ 592120.0, 2315596.875 ], [ 592120.0, 2315563.125 ], [ 592118.125, 2315553.75 ], [ 592113.4375, 2315547.1875 ], [ 592104.6875, 2315540.9375 ], [ 592100.9375, 2315533.4375 ], [ 592100.0, 2315526.875 ], [ 592099.6875, 2315429.6875 ], [ 592096.875, 2315421.25 ], [ 592093.4375, 2315417.1875 ], [ 592084.6875, 2315410.9375 ], [ 592081.875, 2315406.25 ], [ 592080.3125, 2315400.3125 ], [ 592080.0, 2315033.125 ], [ 592080.9375, 2315026.5625 ], [ 592083.125, 2315021.25 ], [ 592086.5625, 2315017.1875 ], [ 592095.3125, 2315010.9375 ], [ 592099.0625, 2315003.4375 ], [ 592100.0, 2314996.875 ], [ 592100.3125, 2314899.6875 ], [ 592103.125, 2314891.25 ], [ 592106.5625, 2314887.1875 ], [ 592115.3125, 2314880.9375 ], [ 592119.0625, 2314873.4375 ], [ 592120.0, 2314866.875 ], [ 592120.0, 2314833.125 ], [ 592120.9375, 2314822.8125 ], [ 592123.28125, 2314813.90625 ], [ 592135.625, 2314788.75 ], [ 592138.4375, 2314780.3125 ], [ 592139.84375, 2314770.46875 ], [ 592140.0, 2314733.125 ], [ 592140.9375, 2314722.8125 ], [ 592144.375, 2314711.25 ], [ 592155.625, 2314688.75 ], [ 592159.0625, 2314684.6875 ], [ 592163.75, 2314681.875 ], [ 592169.6875, 2314680.3125 ], [ 592180.3125, 2314679.6875 ], [ 592188.75, 2314676.875 ], [ 592192.8125, 2314673.4375 ], [ 592199.0625, 2314664.6875 ], [ 592206.5625, 2314660.9375 ], [ 592213.125, 2314660.0 ], [ 592246.875, 2314660.0 ], [ 592256.25, 2314658.125 ], [ 592262.8125, 2314653.4375 ], [ 592269.0625, 2314644.6875 ], [ 592273.75, 2314641.875 ], [ 592279.6875, 2314640.3125 ], [ 592346.875, 2314640.0 ], [ 592357.1875, 2314640.9375 ], [ 592366.09375, 2314643.28125 ], [ 592391.25, 2314655.625 ], [ 592399.6875, 2314658.4375 ], [ 592409.53125, 2314659.84375 ], [ 592446.875, 2314660.0 ], [ 592457.1875, 2314660.9375 ], [ 592468.75, 2314664.375 ], [ 592493.90625, 2314676.71875 ], [ 592506.09375, 2314679.53125 ], [ 592606.875, 2314680.0 ], [ 592613.4375, 2314680.9375 ], [ 592620.9375, 2314684.6875 ], [ 592629.0625, 2314695.3125 ], [ 592636.5625, 2314699.0625 ], [ 592643.125, 2314700.0 ], [ 592676.875, 2314700.0 ], [ 592686.25, 2314701.875 ], [ 592690.9375, 2314704.6875 ], [ 592697.1875, 2314713.4375 ], [ 592701.25, 2314716.875 ], [ 592706.5625, 2314719.0625 ], [ 592720.3125, 2314720.3125 ], [ 592726.25, 2314721.875 ], [ 592732.8125, 2314726.5625 ], [ 592739.0625, 2314735.3125 ], [ 592746.5625, 2314739.0625 ], [ 592753.125, 2314740.0 ], [ 592816.875, 2314740.0 ], [ 592823.4375, 2314740.9375 ], [ 592830.9375, 2314744.6875 ], [ 592839.0625, 2314755.3125 ], [ 592846.5625, 2314759.0625 ], [ 592853.125, 2314760.0 ], [ 592890.46875, 2314760.15625 ], [ 592900.3125, 2314761.5625 ], [ 592908.75, 2314764.375 ], [ 592931.25, 2314775.625 ], [ 592942.8125, 2314779.0625 ], [ 592953.125, 2314780.0 ], [ 592986.875, 2314780.0 ], [ 593000.3125, 2314781.5625 ], [ 593008.75, 2314784.375 ], [ 593033.90625, 2314796.71875 ], [ 593046.09375, 2314799.53125 ], [ 593210.3125, 2314800.3125 ], [ 593216.25, 2314801.875 ], [ 593220.9375, 2314804.6875 ], [ 593227.1875, 2314813.4375 ], [ 593231.25, 2314816.875 ], [ 593236.5625, 2314819.0625 ], [ 593243.125, 2314820.0 ], [ 593786.875, 2314820.0 ], [ 593793.90625, 2314819.53125 ], [ 593803.28125, 2314817.65625 ], [ 593833.90625, 2314803.28125 ], [ 593846.09375, 2314800.46875 ], [ 593946.875, 2314800.0 ], [ 593960.3125, 2314798.4375 ], [ 593968.75, 2314795.625 ], [ 593993.59375, 2314782.96875 ], [ 594001.40625, 2314775.78125 ], [ 594007.1875, 2314766.5625 ], [ 594013.75, 2314761.875 ], [ 594023.125, 2314760.0 ], [ 594056.875, 2314760.0 ], [ 594063.4375, 2314759.0625 ], [ 594070.9375, 2314755.3125 ], [ 594079.0625, 2314744.6875 ], [ 594086.5625, 2314740.9375 ], [ 594093.125, 2314740.0 ], [ 594160.3125, 2314739.6875 ], [ 594168.75, 2314736.875 ], [ 594172.8125, 2314733.4375 ], [ 594179.0625, 2314724.6875 ], [ 594186.5625, 2314720.9375 ], [ 594193.125, 2314720.0 ], [ 594226.875, 2314720.0 ], [ 594236.25, 2314718.125 ], [ 594242.8125, 2314713.4375 ], [ 594249.0625, 2314704.6875 ], [ 594256.5625, 2314700.9375 ], [ 594263.125, 2314700.0 ], [ 594326.875, 2314700.0 ], [ 594333.4375, 2314699.0625 ], [ 594340.9375, 2314695.3125 ], [ 594347.1875, 2314686.5625 ], [ 594353.75, 2314681.875 ], [ 594359.6875, 2314680.3125 ], [ 594377.1875, 2314679.0625 ], [ 594386.09375, 2314676.71875 ], [ 594491.25, 2314624.375 ], [ 594502.8125, 2314620.9375 ], [ 594520.3125, 2314619.6875 ], [ 594526.25, 2314618.125 ], [ 594530.9375, 2314615.3125 ], [ 594537.1875, 2314606.5625 ], [ 594541.25, 2314603.125 ], [ 594546.5625, 2314600.9375 ], [ 594560.3125, 2314599.6875 ], [ 594566.25, 2314598.125 ], [ 594570.9375, 2314595.3125 ], [ 594577.1875, 2314586.5625 ], [ 594581.25, 2314583.125 ], [ 594586.5625, 2314580.9375 ], [ 594600.3125, 2314579.6875 ], [ 594606.25, 2314578.125 ], [ 594610.9375, 2314575.3125 ], [ 594617.1875, 2314566.5625 ], [ 594623.75, 2314561.875 ], [ 594633.125, 2314560.0 ], [ 594666.875, 2314560.0 ], [ 594670.15625, 2314559.53125 ], [ 594675.3125, 2314557.1875 ], [ 594678.59375, 2314552.96875 ], [ 594680.0, 2314546.875 ], [ 594679.6875, 2314509.6875 ], [ 594678.125, 2314503.75 ], [ 594675.3125, 2314499.0625 ], [ 594671.25, 2314495.625 ], [ 594646.40625, 2314482.96875 ], [ 594638.59375, 2314475.78125 ], [ 594621.40625, 2314444.21875 ], [ 594615.78125, 2314438.59375 ], [ 594606.5625, 2314432.8125 ], [ 594603.125, 2314428.75 ], [ 594600.3125, 2314420.3125 ], [ 594599.0625, 2314406.5625 ], [ 594595.3125, 2314399.0625 ], [ 594591.25, 2314395.625 ], [ 594568.75, 2314384.375 ], [ 594562.1875, 2314379.6875 ], [ 594557.03125, 2314373.59375 ], [ 594544.375, 2314348.75 ], [ 594539.6875, 2314342.1875 ], [ 594531.25, 2314335.625 ], [ 594508.75, 2314324.375 ], [ 594503.125, 2314318.75 ], [ 594500.9375, 2314313.4375 ], [ 594500.0, 2314306.875 ], [ 594500.0, 2314243.125 ], [ 594500.9375, 2314236.5625 ], [ 594503.125, 2314231.25 ], [ 594508.75, 2314225.625 ], [ 594551.25, 2314204.375 ], [ 594557.8125, 2314199.6875 ], [ 594562.96875, 2314193.59375 ], [ 594575.625, 2314168.75 ], [ 594579.0625, 2314164.6875 ], [ 594586.5625, 2314160.9375 ], [ 594600.3125, 2314159.6875 ], [ 594608.75, 2314156.875 ], [ 594612.8125, 2314153.4375 ], [ 594618.59375, 2314144.21875 ], [ 594624.21875, 2314138.59375 ], [ 594628.75, 2314135.625 ], [ 594651.25, 2314124.375 ], [ 594657.8125, 2314119.6875 ], [ 594662.96875, 2314113.59375 ], [ 594675.625, 2314088.75 ], [ 594680.3125, 2314082.1875 ], [ 594686.40625, 2314077.03125 ], [ 594711.25, 2314064.375 ], [ 594717.8125, 2314059.6875 ], [ 594722.96875, 2314053.59375 ], [ 594735.625, 2314028.75 ], [ 594740.3125, 2314022.1875 ], [ 594746.40625, 2314017.03125 ], [ 594771.25, 2314004.375 ], [ 594779.6875, 2313997.8125 ], [ 594784.375, 2313991.25 ], [ 594817.03125, 2313926.40625 ], [ 594822.1875, 2313920.3125 ], [ 594833.4375, 2313912.8125 ], [ 594836.875, 2313908.75 ], [ 594839.0625, 2313903.4375 ], [ 594840.3125, 2313889.6875 ], [ 594843.125, 2313881.25 ], [ 594848.75, 2313875.625 ], [ 594871.25, 2313864.375 ], [ 594876.875, 2313858.75 ], [ 594879.0625, 2313853.4375 ], [ 594880.3125, 2313839.6875 ], [ 594881.875, 2313833.75 ], [ 594884.6875, 2313829.0625 ], [ 594893.4375, 2313822.8125 ], [ 594896.875, 2313818.75 ], [ 594899.0625, 2313813.4375 ], [ 594900.3125, 2313799.6875 ], [ 594901.875, 2313793.75 ], [ 594906.5625, 2313787.1875 ], [ 594915.3125, 2313780.9375 ], [ 594919.0625, 2313773.4375 ], [ 594920.0, 2313766.875 ], [ 594920.3125, 2313699.6875 ], [ 594923.125, 2313691.25 ], [ 594926.5625, 2313687.1875 ], [ 594935.3125, 2313680.9375 ], [ 594939.0625, 2313673.4375 ], [ 594940.0, 2313666.875 ], [ 594940.3125, 2313599.6875 ], [ 594941.875, 2313593.75 ], [ 594944.6875, 2313589.0625 ], [ 594953.4375, 2313582.8125 ], [ 594956.875, 2313578.75 ], [ 594959.0625, 2313573.4375 ], [ 594960.0, 2313566.875 ], [ 594959.6875, 2313469.6875 ], [ 594956.875, 2313461.25 ], [ 594953.4375, 2313457.1875 ], [ 594944.6875, 2313450.9375 ], [ 594940.9375, 2313443.4375 ], [ 594940.0, 2313436.875 ], [ 594939.6875, 2313339.6875 ], [ 594936.875, 2313331.25 ], [ 594933.4375, 2313327.1875 ], [ 594924.6875, 2313320.9375 ], [ 594920.9375, 2313313.4375 ], [ 594920.0, 2313306.875 ], [ 594920.0, 2313273.125 ], [ 594918.125, 2313263.75 ], [ 594915.3125, 2313259.0625 ], [ 594906.5625, 2313252.8125 ], [ 594903.125, 2313248.75 ], [ 594900.9375, 2313243.4375 ], [ 594899.6875, 2313229.6875 ], [ 594898.125, 2313223.75 ], [ 594895.3125, 2313219.0625 ], [ 594886.5625, 2313212.8125 ], [ 594883.125, 2313208.75 ], [ 594880.9375, 2313203.4375 ], [ 594879.6875, 2313189.6875 ], [ 594878.125, 2313183.75 ], [ 594875.3125, 2313179.0625 ], [ 594866.5625, 2313172.8125 ], [ 594863.125, 2313168.75 ], [ 594860.9375, 2313163.4375 ], [ 594859.6875, 2313149.6875 ], [ 594858.125, 2313143.75 ], [ 594855.3125, 2313139.0625 ], [ 594846.5625, 2313132.8125 ], [ 594843.125, 2313128.75 ], [ 594840.9375, 2313123.4375 ], [ 594839.6875, 2313109.6875 ], [ 594836.875, 2313101.25 ], [ 594831.25, 2313095.625 ], [ 594808.75, 2313084.375 ], [ 594800.3125, 2313077.8125 ], [ 594795.625, 2313071.25 ], [ 594764.375, 2313008.75 ], [ 594758.75, 2313003.125 ], [ 594753.4375, 2313000.9375 ], [ 594746.875, 2313000.0 ], [ 594709.84375, 2313000.46875 ], [ 594704.6875, 2313002.8125 ], [ 594702.8125, 2313004.6875 ], [ 594700.46875, 2313009.84375 ], [ 594699.6875, 2313110.3125 ], [ 594696.875, 2313118.75 ], [ 594693.4375, 2313122.8125 ], [ 594684.6875, 2313129.0625 ], [ 594680.9375, 2313136.5625 ], [ 594680.0, 2313143.125 ], [ 594680.0, 2313206.875 ], [ 594679.0625, 2313213.4375 ], [ 594676.875, 2313218.75 ], [ 594673.4375, 2313222.8125 ], [ 594646.5625, 2313237.1875 ], [ 594643.125, 2313241.25 ], [ 594640.3125, 2313249.6875 ], [ 594640.0, 2313406.875 ], [ 594639.0625, 2313417.1875 ], [ 594636.71875, 2313426.09375 ], [ 594624.375, 2313451.25 ], [ 594621.40625, 2313455.78125 ], [ 594615.78125, 2313461.40625 ], [ 594606.5625, 2313467.1875 ], [ 594603.125, 2313471.25 ], [ 594600.3125, 2313479.6875 ], [ 594599.0625, 2313493.4375 ], [ 594595.3125, 2313500.9375 ], [ 594591.25, 2313504.375 ], [ 594548.75, 2313525.625 ], [ 594543.125, 2313531.25 ], [ 594540.3125, 2313539.6875 ], [ 594539.53125, 2313553.90625 ], [ 594537.65625, 2313563.28125 ], [ 594522.34375, 2313596.71875 ], [ 594520.46875, 2313606.09375 ], [ 594519.6875, 2313620.3125 ], [ 594518.125, 2313626.25 ], [ 594513.4375, 2313632.8125 ], [ 594504.6875, 2313639.0625 ], [ 594500.9375, 2313646.5625 ], [ 594500.0, 2313653.125 ], [ 594500.0, 2313686.875 ], [ 594499.0625, 2313693.4375 ], [ 594495.3125, 2313700.9375 ], [ 594486.5625, 2313707.1875 ], [ 594481.875, 2313713.75 ], [ 594480.3125, 2313719.6875 ], [ 594479.6875, 2313730.3125 ], [ 594476.875, 2313738.75 ], [ 594471.25, 2313744.375 ], [ 594448.75, 2313755.625 ], [ 594444.21875, 2313758.59375 ], [ 594438.59375, 2313764.21875 ], [ 594432.8125, 2313773.4375 ], [ 594428.75, 2313776.875 ], [ 594420.3125, 2313779.6875 ], [ 594406.5625, 2313780.9375 ], [ 594399.0625, 2313784.6875 ], [ 594395.625, 2313788.75 ], [ 594382.96875, 2313813.59375 ], [ 594377.8125, 2313819.6875 ], [ 594371.25, 2313824.375 ], [ 594348.75, 2313835.625 ], [ 594340.3125, 2313842.1875 ], [ 594335.625, 2313848.75 ], [ 594324.375, 2313871.25 ], [ 594317.8125, 2313879.6875 ], [ 594311.25, 2313884.375 ], [ 594288.75, 2313895.625 ], [ 594280.3125, 2313902.1875 ], [ 594275.625, 2313908.75 ], [ 594264.375, 2313931.25 ], [ 594257.8125, 2313939.6875 ], [ 594251.25, 2313944.375 ], [ 594228.75, 2313955.625 ], [ 594220.3125, 2313962.1875 ], [ 594215.625, 2313968.75 ], [ 594204.375, 2313991.25 ], [ 594197.8125, 2313999.6875 ], [ 594191.25, 2314004.375 ], [ 594168.75, 2314015.625 ], [ 594164.21875, 2314018.59375 ], [ 594158.59375, 2314024.21875 ], [ 594152.8125, 2314033.4375 ], [ 594148.75, 2314036.875 ], [ 594140.3125, 2314039.6875 ], [ 594126.5625, 2314040.9375 ], [ 594119.0625, 2314044.6875 ], [ 594115.625, 2314048.75 ], [ 594104.375, 2314071.25 ], [ 594098.75, 2314076.875 ], [ 594093.4375, 2314079.0625 ], [ 594079.6875, 2314080.3125 ], [ 594073.75, 2314081.875 ], [ 594069.0625, 2314084.6875 ], [ 594062.8125, 2314093.4375 ], [ 594058.75, 2314096.875 ], [ 594053.4375, 2314099.0625 ], [ 594039.6875, 2314100.3125 ], [ 594031.25, 2314103.125 ], [ 594027.1875, 2314106.5625 ], [ 594019.6875, 2314117.8125 ], [ 594011.25, 2314124.375 ], [ 593868.75, 2314195.625 ], [ 593857.1875, 2314199.0625 ], [ 593839.6875, 2314200.3125 ], [ 593833.75, 2314201.875 ], [ 593829.0625, 2314204.6875 ], [ 593822.8125, 2314213.4375 ], [ 593818.75, 2314216.875 ], [ 593813.4375, 2314219.0625 ], [ 593799.6875, 2314220.3125 ], [ 593793.75, 2314221.875 ], [ 593789.0625, 2314224.6875 ], [ 593782.8125, 2314233.4375 ], [ 593778.75, 2314236.875 ], [ 593773.4375, 2314239.0625 ], [ 593759.6875, 2314240.3125 ], [ 593753.75, 2314241.875 ], [ 593749.0625, 2314244.6875 ], [ 593742.8125, 2314253.4375 ], [ 593736.25, 2314258.125 ], [ 593726.875, 2314260.0 ], [ 593633.125, 2314260.0 ], [ 593626.5625, 2314260.9375 ], [ 593619.0625, 2314264.6875 ], [ 593612.8125, 2314273.4375 ], [ 593606.25, 2314278.125 ], [ 593600.3125, 2314279.6875 ], [ 593589.53125, 2314280.15625 ], [ 593579.6875, 2314281.5625 ], [ 593571.25, 2314284.375 ], [ 593548.75, 2314295.625 ], [ 593543.28125, 2314297.65625 ], [ 593533.90625, 2314299.53125 ], [ 593519.6875, 2314300.3125 ], [ 593513.75, 2314301.875 ], [ 593509.0625, 2314304.6875 ], [ 593502.8125, 2314313.4375 ], [ 593496.25, 2314318.125 ], [ 593486.875, 2314320.0 ], [ 593453.125, 2314320.0 ], [ 593446.5625, 2314320.9375 ], [ 593439.0625, 2314324.6875 ], [ 593432.8125, 2314333.4375 ], [ 593426.25, 2314338.125 ], [ 593420.3125, 2314339.6875 ], [ 593406.09375, 2314340.46875 ], [ 593396.71875, 2314342.34375 ], [ 593391.25, 2314344.375 ], [ 593368.75, 2314355.625 ], [ 593357.1875, 2314359.0625 ], [ 593346.875, 2314360.0 ], [ 593313.125, 2314360.0 ], [ 593306.5625, 2314360.9375 ], [ 593299.0625, 2314364.6875 ], [ 593290.9375, 2314375.3125 ], [ 593286.25, 2314378.125 ], [ 593280.3125, 2314379.6875 ], [ 593089.53125, 2314379.84375 ], [ 593082.8125, 2314379.0625 ], [ 593073.90625, 2314376.71875 ], [ 593043.28125, 2314362.34375 ], [ 593037.1875, 2314360.9375 ], [ 593026.875, 2314360.0 ], [ 592809.53125, 2314360.15625 ], [ 592802.8125, 2314360.9375 ], [ 592793.90625, 2314363.28125 ], [ 592768.75, 2314375.625 ], [ 592757.1875, 2314379.0625 ], [ 592746.875, 2314380.0 ], [ 592709.53125, 2314380.15625 ], [ 592696.71875, 2314382.34375 ], [ 592663.28125, 2314397.65625 ], [ 592653.90625, 2314399.53125 ], [ 592639.6875, 2314400.3125 ], [ 592633.75, 2314401.875 ], [ 592629.0625, 2314404.6875 ], [ 592622.8125, 2314413.4375 ], [ 592618.75, 2314416.875 ], [ 592613.4375, 2314419.0625 ], [ 592606.875, 2314420.0 ], [ 592539.6875, 2314419.6875 ], [ 592533.75, 2314418.125 ], [ 592529.0625, 2314415.3125 ], [ 592522.8125, 2314406.5625 ], [ 592518.75, 2314403.125 ], [ 592513.4375, 2314400.9375 ], [ 592506.875, 2314400.0 ], [ 592229.53125, 2314399.84375 ], [ 592222.8125, 2314399.0625 ], [ 592213.90625, 2314396.71875 ], [ 592183.28125, 2314382.34375 ], [ 592177.1875, 2314380.9375 ], [ 592166.875, 2314380.0 ], [ 592073.125, 2314380.0 ], [ 592066.5625, 2314380.9375 ], [ 592059.0625, 2314384.6875 ], [ 592052.8125, 2314393.4375 ], [ 592048.75, 2314396.875 ], [ 592043.4375, 2314399.0625 ], [ 592029.6875, 2314400.3125 ], [ 592023.75, 2314401.875 ], [ 592019.0625, 2314404.6875 ], [ 592012.8125, 2314413.4375 ], [ 592008.75, 2314416.875 ], [ 592003.4375, 2314419.0625 ], [ 591996.875, 2314420.0 ], [ 591753.125, 2314420.0 ], [ 591746.5625, 2314419.0625 ], [ 591741.25, 2314416.875 ], [ 591737.1875, 2314413.4375 ], [ 591730.9375, 2314404.6875 ], [ 591726.25, 2314401.875 ], [ 591720.3125, 2314400.3125 ], [ 591593.125, 2314400.0 ], [ 591586.09375, 2314400.46875 ], [ 591576.71875, 2314402.34375 ], [ 591571.25, 2314404.375 ], [ 591548.75, 2314415.625 ], [ 591542.1875, 2314420.3125 ], [ 591537.03125, 2314426.40625 ], [ 591524.375, 2314451.25 ], [ 591519.6875, 2314457.8125 ], [ 591513.59375, 2314462.96875 ], [ 591488.75, 2314475.625 ], [ 591482.1875, 2314480.3125 ], [ 591477.03125, 2314486.40625 ], [ 591464.375, 2314511.25 ], [ 591460.9375, 2314515.3125 ], [ 591453.4375, 2314519.0625 ], [ 591436.5625, 2314520.9375 ], [ 591431.25, 2314523.125 ], [ 591427.1875, 2314526.5625 ], [ 591402.96875, 2314573.59375 ], [ 591397.8125, 2314579.6875 ], [ 591386.5625, 2314587.1875 ], [ 591383.125, 2314591.25 ], [ 591380.9375, 2314596.5625 ], [ 591379.6875, 2314610.3125 ], [ 591378.125, 2314616.25 ], [ 591375.3125, 2314620.9375 ], [ 591366.5625, 2314627.1875 ], [ 591363.125, 2314631.25 ], [ 591360.9375, 2314636.5625 ], [ 591359.6875, 2314650.3125 ], [ 591356.875, 2314658.75 ], [ 591351.25, 2314664.375 ], [ 591328.75, 2314675.625 ], [ 591323.125, 2314681.25 ], [ 591320.9375, 2314686.5625 ], [ 591319.6875, 2314700.3125 ], [ 591318.125, 2314706.25 ], [ 591313.4375, 2314712.8125 ], [ 591304.6875, 2314719.0625 ], [ 591300.9375, 2314726.5625 ], [ 591300.0, 2314733.125 ], [ 591300.0, 2314766.875 ], [ 591298.125, 2314776.25 ], [ 591293.4375, 2314782.8125 ], [ 591284.6875, 2314789.0625 ], [ 591280.9375, 2314796.5625 ], [ 591280.0, 2314803.125 ], [ 591280.0, 2314866.875 ], [ 591279.0625, 2314873.4375 ], [ 591275.3125, 2314880.9375 ], [ 591266.5625, 2314887.1875 ], [ 591263.125, 2314891.25 ], [ 591260.9375, 2314896.5625 ], [ 591260.0, 2314903.125 ], [ 591260.3125, 2315150.3125 ], [ 591263.125, 2315158.75 ], [ 591266.5625, 2315162.8125 ], [ 591275.3125, 2315169.0625 ], [ 591279.0625, 2315176.5625 ], [ 591280.0, 2315183.125 ], [ 591280.0, 2315216.875 ], [ 591281.875, 2315226.25 ], [ 591286.5625, 2315232.8125 ], [ 591295.3125, 2315239.0625 ], [ 591299.0625, 2315246.5625 ], [ 591300.0, 2315253.125 ], [ 591300.0, 2315286.875 ], [ 591301.875, 2315296.25 ], [ 591306.5625, 2315302.8125 ], [ 591315.3125, 2315309.0625 ], [ 591319.0625, 2315316.5625 ], [ 591320.0, 2315323.125 ], [ 591320.0, 2315386.875 ], [ 591320.9375, 2315393.4375 ], [ 591324.6875, 2315400.9375 ], [ 591333.4375, 2315407.1875 ], [ 591338.125, 2315413.75 ], [ 591339.6875, 2315419.6875 ], [ 591340.15625, 2315430.46875 ], [ 591341.5625, 2315440.3125 ], [ 591344.375, 2315448.75 ], [ 591355.625, 2315471.25 ], [ 591357.65625, 2315476.71875 ], [ 591359.53125, 2315486.09375 ], [ 591360.3125, 2315500.3125 ], [ 591361.875, 2315506.25 ], [ 591366.5625, 2315512.8125 ], [ 591375.3125, 2315519.0625 ], [ 591379.0625, 2315526.5625 ], [ 591380.0, 2315533.125 ], [ 591380.0, 2315566.875 ], [ 591380.9375, 2315573.4375 ], [ 591384.6875, 2315580.9375 ], [ 591393.4375, 2315587.1875 ], [ 591398.125, 2315593.75 ], [ 591399.6875, 2315599.6875 ], [ 591400.46875, 2315613.90625 ], [ 591402.34375, 2315623.28125 ], [ 591417.65625, 2315656.71875 ], [ 591419.84375, 2315669.53125 ], [ 591420.0, 2315706.875 ], [ 591421.875, 2315716.25 ], [ 591426.5625, 2315722.8125 ], [ 591451.25, 2315735.625 ], [ 591456.875, 2315741.25 ], [ 591459.0625, 2315746.5625 ], [ 591460.3125, 2315760.3125 ], [ 591461.875, 2315766.25 ], [ 591464.6875, 2315770.9375 ], [ 591473.4375, 2315777.1875 ], [ 591476.875, 2315781.25 ], [ 591479.0625, 2315786.5625 ], [ 591480.3125, 2315800.3125 ], [ 591481.875, 2315806.25 ], [ 591484.6875, 2315810.9375 ], [ 591493.4375, 2315817.1875 ], [ 591496.875, 2315821.25 ], [ 591499.0625, 2315826.5625 ], [ 591500.3125, 2315840.3125 ], [ 591503.125, 2315848.75 ], [ 591506.5625, 2315852.8125 ], [ 591517.8125, 2315860.3125 ], [ 591522.96875, 2315866.40625 ], [ 591575.625, 2315971.25 ], [ 591582.1875, 2315979.6875 ], [ 591593.4375, 2315987.1875 ], [ 591596.875, 2315991.25 ], [ 591599.0625, 2315996.5625 ], [ 591600.3125, 2316010.3125 ], [ 591603.125, 2316018.75 ], [ 591608.75, 2316024.375 ], [ 591631.25, 2316035.625 ], [ 591636.875, 2316041.25 ], [ 591639.6875, 2316049.6875 ], [ 591640.0, 2316086.875 ], [ 591641.875, 2316096.25 ], [ 591646.5625, 2316102.8125 ], [ 591671.25, 2316115.625 ], [ 591676.875, 2316121.25 ], [ 591679.6875, 2316129.6875 ], [ 591680.0, 2316166.875 ], [ 591680.46875, 2316170.15625 ], [ 591682.8125, 2316175.3125 ], [ 591684.6875, 2316177.1875 ], [ 591689.84375, 2316179.53125 ], [ 591700.3125, 2316180.3125 ], [ 591706.25, 2316181.875 ], [ 591712.8125, 2316186.5625 ], [ 591737.03125, 2316233.59375 ], [ 591742.1875, 2316239.6875 ], [ 591753.4375, 2316247.1875 ], [ 591756.875, 2316251.25 ], [ 591759.0625, 2316256.5625 ], [ 591760.3125, 2316270.3125 ], [ 591761.875, 2316276.25 ], [ 591764.6875, 2316280.9375 ], [ 591773.4375, 2316287.1875 ], [ 591776.875, 2316291.25 ], [ 591779.0625, 2316296.5625 ], [ 591780.3125, 2316310.3125 ], [ 591781.875, 2316316.25 ], [ 591784.6875, 2316320.9375 ], [ 591793.4375, 2316327.1875 ], [ 591796.875, 2316331.25 ], [ 591799.0625, 2316336.5625 ], [ 591800.3125, 2316350.3125 ], [ 591803.125, 2316358.75 ], [ 591808.75, 2316364.375 ], [ 591831.25, 2316375.625 ], [ 591836.875, 2316381.25 ], [ 591839.0625, 2316386.5625 ], [ 591840.3125, 2316400.3125 ], [ 591841.875, 2316406.25 ], [ 591844.6875, 2316410.9375 ], [ 591853.4375, 2316417.1875 ], [ 591856.875, 2316421.25 ], [ 591859.0625, 2316426.5625 ], [ 591860.3125, 2316440.3125 ], [ 591861.875, 2316446.25 ], [ 591866.5625, 2316452.8125 ], [ 591875.3125, 2316459.0625 ], [ 591879.0625, 2316466.5625 ], [ 591880.0, 2316473.125 ], [ 591880.0, 2316506.875 ], [ 591880.9375, 2316517.1875 ], [ 591884.375, 2316528.75 ], [ 591895.625, 2316551.25 ], [ 591897.65625, 2316556.71875 ], [ 591899.53125, 2316566.09375 ], [ 591900.3125, 2316580.3125 ], [ 591903.125, 2316588.75 ], [ 591908.75, 2316594.375 ], [ 591916.71875, 2316597.65625 ], [ 591926.09375, 2316599.53125 ], [ 591940.3125, 2316600.3125 ], [ 591948.75, 2316603.125 ], [ 591952.8125, 2316606.5625 ], [ 591957.03125, 2316613.59375 ], [ 591962.1875, 2316619.6875 ], [ 591975.3125, 2316629.0625 ], [ 591979.0625, 2316636.5625 ], [ 591980.3125, 2316650.3125 ], [ 591983.125, 2316658.75 ], [ 591988.75, 2316664.375 ], [ 592011.25, 2316675.625 ], [ 592016.875, 2316681.25 ], [ 592019.0625, 2316686.5625 ], [ 592020.3125, 2316700.3125 ], [ 592023.125, 2316708.75 ], [ 592026.5625, 2316712.8125 ], [ 592037.8125, 2316720.3125 ], [ 592042.96875, 2316726.40625 ], [ 592075.625, 2316791.25 ], [ 592078.59375, 2316795.78125 ], [ 592086.40625, 2316802.96875 ], [ 592111.25, 2316815.625 ], [ 592117.8125, 2316820.3125 ], [ 592122.96875, 2316826.40625 ], [ 592135.625, 2316851.25 ], [ 592140.3125, 2316857.8125 ], [ 592146.40625, 2316862.96875 ], [ 592171.25, 2316875.625 ], [ 592177.8125, 2316880.3125 ], [ 592184.375, 2316888.75 ], [ 592195.625, 2316911.25 ], [ 592198.59375, 2316915.78125 ], [ 592204.21875, 2316921.40625 ], [ 592213.4375, 2316927.1875 ], [ 592216.875, 2316931.25 ], [ 592219.6875, 2316939.6875 ], [ 592220.46875, 2316953.90625 ], [ 592222.34375, 2316963.28125 ], [ 592224.375, 2316968.75 ], [ 592235.625, 2316991.25 ], [ 592242.1875, 2316999.6875 ], [ 592253.4375, 2317007.1875 ], [ 592256.875, 2317011.25 ], [ 592259.6875, 2317019.6875 ], [ 592260.9375, 2317033.4375 ], [ 592264.6875, 2317040.9375 ], [ 592268.75, 2317044.375 ], [ 592291.25, 2317055.625 ], [ 592296.875, 2317061.25 ], [ 592299.0625, 2317066.5625 ], [ 592300.3125, 2317080.3125 ], [ 592301.875, 2317086.25 ], [ 592304.6875, 2317090.9375 ], [ 592313.4375, 2317097.1875 ], [ 592316.875, 2317101.25 ], [ 592319.6875, 2317109.6875 ], [ 592320.9375, 2317123.4375 ], [ 592324.6875, 2317130.9375 ], [ 592328.75, 2317134.375 ], [ 592371.25, 2317155.625 ], [ 592379.6875, 2317162.1875 ], [ 592384.375, 2317168.75 ], [ 592415.625, 2317231.25 ], [ 592420.3125, 2317237.8125 ], [ 592426.40625, 2317242.96875 ], [ 592451.25, 2317255.625 ], [ 592457.8125, 2317260.3125 ], [ 592462.96875, 2317266.40625 ], [ 592475.625, 2317291.25 ], [ 592480.3125, 2317297.8125 ], [ 592486.40625, 2317302.96875 ], [ 592511.25, 2317315.625 ], [ 592517.8125, 2317320.3125 ], [ 592524.375, 2317328.75 ], [ 592535.625, 2317351.25 ], [ 592538.59375, 2317355.78125 ], [ 592544.21875, 2317361.40625 ], [ 592551.25, 2317365.625 ], [ 592555.3125, 2317369.0625 ], [ 592559.0625, 2317376.5625 ], [ 592560.46875, 2317393.90625 ], [ 592563.28125, 2317406.09375 ], [ 592575.625, 2317431.25 ], [ 592578.59375, 2317435.78125 ], [ 592586.40625, 2317442.96875 ], [ 592611.25, 2317455.625 ], [ 592619.6875, 2317462.1875 ], [ 592624.375, 2317468.75 ], [ 592635.625, 2317491.25 ], [ 592642.1875, 2317499.6875 ], [ 592648.75, 2317504.375 ], [ 592671.25, 2317515.625 ], [ 592679.6875, 2317522.1875 ], [ 592684.375, 2317528.75 ], [ 592705.625, 2317571.25 ], [ 592709.0625, 2317575.3125 ], [ 592716.5625, 2317579.0625 ], [ 592730.15625, 2317580.46875 ], [ 592732.96875, 2317581.40625 ], [ 592737.1875, 2317584.6875 ], [ 592738.59375, 2317587.03125 ], [ 592740.0, 2317593.125 ], [ 592740.3125, 2317630.3125 ], [ 592741.875, 2317636.25 ], [ 592744.6875, 2317640.9375 ], [ 592748.75, 2317644.375 ], [ 592771.25, 2317655.625 ], [ 592775.78125, 2317658.59375 ], [ 592781.40625, 2317664.21875 ], [ 592787.1875, 2317673.4375 ], [ 592791.25, 2317676.875 ], [ 592799.6875, 2317679.6875 ], [ 592813.90625, 2317680.46875 ], [ 592826.09375, 2317683.28125 ], [ 592851.25, 2317695.625 ], [ 592855.3125, 2317699.0625 ], [ 592859.0625, 2317706.5625 ], [ 592860.3125, 2317720.3125 ], [ 592863.125, 2317728.75 ], [ 592866.5625, 2317732.8125 ], [ 592873.4375, 2317737.1875 ], [ 592878.125, 2317743.75 ], [ 592879.6875, 2317749.6875 ], [ 592880.3125, 2317760.3125 ], [ 592883.125, 2317768.75 ], [ 592886.5625, 2317772.8125 ], [ 592893.4375, 2317777.1875 ], [ 592898.125, 2317783.75 ], [ 592899.6875, 2317789.6875 ], [ 592900.3125, 2317800.3125 ], [ 592903.125, 2317808.75 ], [ 592906.5625, 2317812.8125 ], [ 592915.78125, 2317818.59375 ], [ 592921.40625, 2317824.21875 ], [ 592924.375, 2317828.75 ], [ 592935.625, 2317851.25 ], [ 592940.3125, 2317857.8125 ], [ 592946.40625, 2317862.96875 ], [ 592971.25, 2317875.625 ], [ 592977.8125, 2317880.3125 ], [ 592984.375, 2317888.75 ], [ 592995.625, 2317911.25 ], [ 592998.59375, 2317915.78125 ], [ 593004.21875, 2317921.40625 ], [ 593011.25, 2317925.625 ], [ 593015.3125, 2317929.0625 ], [ 593019.0625, 2317936.5625 ], [ 593020.46875, 2317953.90625 ], [ 593023.28125, 2317966.09375 ], [ 593037.1875, 2317993.4375 ], [ 593041.25, 2317996.875 ], [ 593046.5625, 2317999.0625 ], [ 593060.3125, 2318000.3125 ], [ 593068.75, 2318003.125 ], [ 593072.8125, 2318006.5625 ], [ 593077.03125, 2318013.59375 ], [ 593082.1875, 2318019.6875 ], [ 593095.3125, 2318029.0625 ], [ 593099.0625, 2318036.5625 ], [ 593100.9375, 2318053.4375 ], [ 593104.6875, 2318060.9375 ], [ 593108.75, 2318064.375 ], [ 593133.59375, 2318077.03125 ], [ 593139.6875, 2318082.1875 ], [ 593144.375, 2318088.75 ], [ 593155.625, 2318111.25 ], [ 593158.59375, 2318115.78125 ], [ 593164.21875, 2318121.40625 ], [ 593173.4375, 2318127.1875 ], [ 593176.875, 2318131.25 ], [ 593179.6875, 2318139.6875 ], [ 593180.9375, 2318153.4375 ], [ 593184.6875, 2318160.9375 ], [ 593188.75, 2318164.375 ], [ 593211.25, 2318175.625 ], [ 593217.8125, 2318180.3125 ], [ 593224.375, 2318188.75 ], [ 593235.625, 2318211.25 ], [ 593238.59375, 2318215.78125 ], [ 593244.21875, 2318221.40625 ], [ 593251.25, 2318225.625 ], [ 593255.3125, 2318229.0625 ], [ 593259.0625, 2318236.5625 ], [ 593260.3125, 2318250.3125 ], [ 593263.125, 2318258.75 ], [ 593266.5625, 2318262.8125 ], [ 593273.4375, 2318267.1875 ], [ 593278.125, 2318273.75 ], [ 593279.6875, 2318279.6875 ], [ 593280.3125, 2318290.3125 ], [ 593283.125, 2318298.75 ], [ 593288.75, 2318304.375 ], [ 593313.59375, 2318317.03125 ], [ 593321.40625, 2318324.21875 ], [ 593324.375, 2318328.75 ], [ 593357.03125, 2318393.59375 ], [ 593362.1875, 2318399.6875 ], [ 593373.4375, 2318407.1875 ], [ 593376.875, 2318411.25 ], [ 593379.0625, 2318416.5625 ], [ 593380.3125, 2318430.3125 ], [ 593381.875, 2318436.25 ], [ 593384.6875, 2318440.9375 ], [ 593393.4375, 2318447.1875 ], [ 593398.125, 2318453.75 ], [ 593399.6875, 2318459.6875 ], [ 593400.9375, 2318477.1875 ], [ 593404.375, 2318488.75 ], [ 593415.625, 2318511.25 ], [ 593418.59375, 2318515.78125 ], [ 593424.21875, 2318521.40625 ], [ 593433.4375, 2318527.1875 ], [ 593436.875, 2318531.25 ], [ 593439.6875, 2318539.6875 ], [ 593440.46875, 2318550.15625 ], [ 593442.8125, 2318555.3125 ], [ 593444.6875, 2318557.1875 ], [ 593449.84375, 2318559.53125 ], [ 593460.3125, 2318560.3125 ], [ 593468.75, 2318563.125 ], [ 593472.8125, 2318566.5625 ], [ 593478.59375, 2318575.78125 ], [ 593484.21875, 2318581.40625 ], [ 593488.75, 2318584.375 ], [ 593511.25, 2318595.625 ], [ 593516.875, 2318601.25 ], [ 593519.0625, 2318606.5625 ], [ 593520.3125, 2318620.3125 ], [ 593521.875, 2318626.25 ], [ 593526.5625, 2318632.8125 ], [ 593535.3125, 2318639.0625 ], [ 593539.0625, 2318646.5625 ], [ 593540.0, 2318653.125 ], [ 593540.0, 2318686.875 ], [ 593540.9375, 2318693.4375 ], [ 593543.125, 2318698.75 ], [ 593548.75, 2318704.375 ], [ 593571.25, 2318715.625 ], [ 593576.875, 2318721.25 ], [ 593579.0625, 2318726.5625 ], [ 593580.3125, 2318740.3125 ], [ 593581.875, 2318746.25 ], [ 593584.6875, 2318750.9375 ], [ 593593.4375, 2318757.1875 ], [ 593596.875, 2318761.25 ], [ 593599.0625, 2318766.5625 ], [ 593600.3125, 2318780.3125 ], [ 593601.875, 2318786.25 ], [ 593604.6875, 2318790.9375 ], [ 593613.4375, 2318797.1875 ], [ 593616.875, 2318801.25 ], [ 593619.0625, 2318806.5625 ], [ 593620.3125, 2318820.3125 ], [ 593621.875, 2318826.25 ], [ 593624.6875, 2318830.9375 ], [ 593633.4375, 2318837.1875 ], [ 593636.875, 2318841.25 ], [ 593639.6875, 2318849.6875 ], [ 593640.9375, 2318863.4375 ], [ 593644.6875, 2318870.9375 ], [ 593648.75, 2318874.375 ], [ 593655.78125, 2318878.59375 ], [ 593661.40625, 2318884.21875 ], [ 593664.375, 2318888.75 ], [ 593675.625, 2318911.25 ], [ 593682.1875, 2318919.6875 ], [ 593688.75, 2318924.375 ], [ 593711.25, 2318935.625 ], [ 593716.875, 2318941.25 ], [ 593719.0625, 2318946.5625 ], [ 593720.3125, 2318960.3125 ], [ 593721.875, 2318966.25 ], [ 593724.6875, 2318970.9375 ], [ 593733.4375, 2318977.1875 ], [ 593736.875, 2318981.25 ], [ 593739.0625, 2318986.5625 ], [ 593740.3125, 2319000.3125 ], [ 593741.875, 2319006.25 ], [ 593744.6875, 2319010.9375 ], [ 593753.4375, 2319017.1875 ], [ 593756.875, 2319021.25 ], [ 593759.0625, 2319026.5625 ], [ 593760.3125, 2319040.3125 ], [ 593761.875, 2319046.25 ], [ 593764.6875, 2319050.9375 ], [ 593773.4375, 2319057.1875 ], [ 593778.125, 2319063.75 ], [ 593780.0, 2319073.125 ], [ 593780.46875, 2319113.90625 ], [ 593781.5625, 2319120.3125 ], [ 593784.375, 2319128.75 ], [ 593787.1875, 2319133.4375 ], [ 593791.25, 2319136.875 ], [ 593796.5625, 2319139.0625 ], [ 593806.875, 2319140.0 ], [ 593812.96875, 2319141.40625 ], [ 593815.3125, 2319142.8125 ], [ 593818.59375, 2319147.03125 ], [ 593820.0, 2319153.125 ], [ 593819.6875, 2319220.3125 ], [ 593818.125, 2319226.25 ], [ 593815.3125, 2319230.9375 ], [ 593806.5625, 2319237.1875 ], [ 593803.125, 2319241.25 ], [ 593800.9375, 2319246.5625 ], [ 593800.0, 2319253.125 ], [ 593800.3125, 2319350.3125 ], [ 593801.875, 2319356.25 ], [ 593804.6875, 2319360.9375 ], [ 593813.4375, 2319367.1875 ], [ 593818.125, 2319373.75 ], [ 593819.6875, 2319379.6875 ], [ 593820.46875, 2319393.90625 ], [ 593822.34375, 2319403.28125 ], [ 593824.375, 2319408.75 ], [ 593835.625, 2319431.25 ], [ 593839.0625, 2319442.8125 ], [ 593840.0, 2319453.125 ], [ 593840.0, 2319576.875 ], [ 593840.9375, 2319583.4375 ], [ 593843.125, 2319588.75 ], [ 593846.5625, 2319592.8125 ], [ 593855.3125, 2319599.0625 ], [ 593858.125, 2319603.75 ], [ 593859.6875, 2319609.6875 ], [ 593860.0, 2319676.875 ], [ 593860.9375, 2319683.4375 ], [ 593864.6875, 2319690.9375 ], [ 593875.3125, 2319699.0625 ], [ 593879.0625, 2319706.5625 ], [ 593880.0, 2319713.125 ], [ 593880.0, 2319746.875 ], [ 593880.9375, 2319757.1875 ], [ 593883.28125, 2319766.09375 ], [ 593895.625, 2319791.25 ], [ 593898.4375, 2319799.6875 ], [ 593899.84375, 2319809.53125 ], [ 593900.0, 2319846.875 ], [ 593900.9375, 2319853.4375 ], [ 593904.6875, 2319860.9375 ], [ 593913.4375, 2319867.1875 ], [ 593918.125, 2319873.75 ], [ 593919.6875, 2319879.6875 ], [ 593920.46875, 2319893.90625 ], [ 593922.34375, 2319903.28125 ], [ 593924.375, 2319908.75 ], [ 593935.625, 2319931.25 ], [ 593939.0625, 2319942.8125 ], [ 593940.0, 2319953.125 ], [ 593940.46875, 2320053.90625 ], [ 593943.28125, 2320066.09375 ], [ 593955.625, 2320091.25 ], [ 593959.0625, 2320102.8125 ], [ 593960.0, 2320113.125 ], [ 593960.0, 2320176.875 ], [ 593960.9375, 2320183.4375 ], [ 593964.6875, 2320190.9375 ], [ 593973.4375, 2320197.1875 ], [ 593978.125, 2320203.75 ], [ 593980.0, 2320213.125 ], [ 593980.0, 2320246.875 ], [ 593980.9375, 2320253.4375 ], [ 593984.6875, 2320260.9375 ], [ 593995.3125, 2320269.0625 ], [ 593998.125, 2320273.75 ], [ 593999.6875, 2320279.6875 ], [ 594000.0, 2320376.875 ], [ 594000.9375, 2320383.4375 ], [ 594004.6875, 2320390.9375 ], [ 594013.4375, 2320397.1875 ], [ 594018.125, 2320403.75 ], [ 594020.0, 2320413.125 ], [ 594020.15625, 2320450.46875 ], [ 594022.34375, 2320463.28125 ], [ 594037.65625, 2320496.71875 ], [ 594039.53125, 2320506.09375 ], [ 594040.3125, 2320520.3125 ], [ 594041.875, 2320526.25 ], [ 594046.5625, 2320532.8125 ], [ 594055.3125, 2320539.0625 ], [ 594058.125, 2320543.75 ], [ 594059.6875, 2320549.6875 ], [ 594060.0, 2320616.875 ], [ 594059.0625, 2320623.4375 ], [ 594055.3125, 2320630.9375 ], [ 594046.5625, 2320637.1875 ], [ 594041.875, 2320643.75 ], [ 594040.3125, 2320649.6875 ], [ 594039.6875, 2320660.3125 ], [ 594036.875, 2320668.75 ], [ 594033.4375, 2320672.8125 ], [ 594026.5625, 2320677.1875 ], [ 594021.875, 2320683.75 ], [ 594020.0, 2320693.125 ], [ 594020.0, 2320726.875 ], [ 594020.9375, 2320737.1875 ], [ 594023.28125, 2320746.09375 ], [ 594035.625, 2320771.25 ], [ 594042.1875, 2320779.6875 ], [ 594055.3125, 2320789.0625 ], [ 594059.0625, 2320796.5625 ], [ 594060.0, 2320803.125 ], [ 594059.84375, 2320870.46875 ], [ 594059.0625, 2320877.1875 ], [ 594056.71875, 2320886.09375 ], [ 594054.375, 2320891.25 ], [ 594050.9375, 2320895.3125 ], [ 594043.4375, 2320899.0625 ], [ 594026.09375, 2320900.46875 ], [ 594013.90625, 2320903.28125 ], [ 594006.5625, 2320907.1875 ], [ 594001.875, 2320913.75 ], [ 594000.0, 2320923.125 ], [ 593999.6875, 2320990.3125 ], [ 593996.875, 2320998.75 ], [ 593993.4375, 2321002.8125 ], [ 593984.6875, 2321009.0625 ], [ 593980.9375, 2321016.5625 ], [ 593980.0, 2321023.125 ], [ 593980.0, 2321056.875 ], [ 593979.0625, 2321063.4375 ], [ 593975.3125, 2321070.9375 ], [ 593966.5625, 2321077.1875 ], [ 593961.875, 2321083.75 ], [ 593960.3125, 2321089.6875 ], [ 593959.6875, 2321100.3125 ], [ 593956.875, 2321108.75 ], [ 593953.4375, 2321112.8125 ], [ 593946.5625, 2321117.1875 ], [ 593941.875, 2321123.75 ], [ 593940.3125, 2321129.6875 ], [ 593939.6875, 2321140.3125 ], [ 593936.875, 2321148.75 ], [ 593933.4375, 2321152.8125 ], [ 593926.5625, 2321157.1875 ], [ 593921.875, 2321163.75 ], [ 593920.3125, 2321169.6875 ], [ 593919.6875, 2321180.3125 ], [ 593916.875, 2321188.75 ], [ 593913.4375, 2321192.8125 ], [ 593902.1875, 2321200.3125 ], [ 593897.03125, 2321206.40625 ], [ 593864.375, 2321271.25 ], [ 593857.8125, 2321279.6875 ], [ 593851.25, 2321284.375 ], [ 593806.5625, 2321307.1875 ], [ 593801.875, 2321313.75 ], [ 593800.3125, 2321319.6875 ], [ 593799.53125, 2321330.15625 ], [ 593798.59375, 2321332.96875 ], [ 593795.3125, 2321337.1875 ], [ 593790.15625, 2321339.53125 ], [ 593779.6875, 2321340.3125 ], [ 593771.25, 2321343.125 ], [ 593767.1875, 2321346.5625 ], [ 593761.40625, 2321355.78125 ], [ 593755.78125, 2321361.40625 ], [ 593726.40625, 2321377.03125 ], [ 593722.1875, 2321380.3125 ], [ 593717.03125, 2321386.40625 ], [ 593704.375, 2321411.25 ], [ 593702.34375, 2321416.71875 ], [ 593700.46875, 2321426.09375 ], [ 593699.6875, 2321440.3125 ], [ 593698.125, 2321446.25 ], [ 593693.4375, 2321452.8125 ], [ 593684.21875, 2321458.59375 ], [ 593678.59375, 2321464.21875 ], [ 593675.625, 2321468.75 ], [ 593663.28125, 2321493.90625 ], [ 593661.5625, 2321499.6875 ], [ 593660.15625, 2321509.53125 ], [ 593660.3125, 2321550.3125 ], [ 593661.875, 2321556.25 ], [ 593666.5625, 2321562.8125 ], [ 593695.78125, 2321578.59375 ], [ 593701.40625, 2321584.21875 ], [ 593705.625, 2321591.25 ], [ 593709.0625, 2321595.3125 ], [ 593716.5625, 2321599.0625 ], [ 593730.3125, 2321600.3125 ], [ 593738.75, 2321603.125 ], [ 593742.8125, 2321606.5625 ], [ 593747.1875, 2321613.4375 ], [ 593753.75, 2321618.125 ], [ 593763.125, 2321620.0 ], [ 593796.875, 2321620.0 ], [ 593803.4375, 2321620.9375 ], [ 593810.9375, 2321624.6875 ], [ 593819.0625, 2321635.3125 ], [ 593823.75, 2321638.125 ], [ 593829.6875, 2321639.6875 ], [ 593896.875, 2321640.0 ], [ 593903.4375, 2321640.9375 ], [ 593910.9375, 2321644.6875 ], [ 593919.0625, 2321655.3125 ], [ 593923.75, 2321658.125 ], [ 593929.6875, 2321659.6875 ], [ 594093.90625, 2321659.53125 ], [ 594106.09375, 2321656.71875 ], [ 594131.25, 2321644.375 ], [ 594137.8125, 2321639.6875 ], [ 594144.375, 2321631.25 ] ] } }
]
}
