{
"type": "FeatureCollection",
"name": "reach2_s1_shoreline_2024_dry",
"crs": { "type": "name", "properties": { "name": "urn:ogc:def:crs:EPSG::32648" } },
"features": [
{ "type": "Feature", "properties": { }, "geometry": { "type": "LineString", "coordinates": [ [ 563995.625, 2342071.25 ], [ 563992.8125, 2342066.5625 ], [ 563988.75, 2342063.125 ], [ 563983.4375, 2342060.9375 ], [ 563973.125, 2342060.0 ], [ 563967.03125, 2342058.59375 ], [ 563964.6875, 2342057.1875 ], [ 563961.40625, 2342052.96875 ], [ 563960.0, 2342046.875 ], [ 563960.0, 2341893.125 ], [ 563959.0625, 2341886.5625 ], [ 563956.875, 2341881.25 ], [ 563953.4375, 2341877.1875 ], [ 563926.5625, 2341862.8125 ], [ 563923.125, 2341858.75 ], [ 563920.3125, 2341850.3125 ], [ 563920.0, 2341813.125 ], [ 563920.9375, 2341806.5625 ], [ 563924.6875, 2341799.0625 ], [ 563933.4375, 2341792.8125 ], [ 563938.125, 2341786.25 ], [ 563939.6875, 2341780.3125 ], [ 563940.46875, 2341766.09375 ], [ 563942.34375, 2341756.71875 ], [ 563956.71875, 2341726.09375 ], [ 563959.53125, 2341713.90625 ], [ 563959.6875, 2341639.6875 ], [ 563956.875, 2341631.25 ], [ 563951.25, 2341625.625 ], [ 563940.3125, 2341621.5625 ], [ 563933.90625, 2341620.46875 ], [ 563919.6875, 2341619.6875 ], [ 563913.75, 2341618.125 ], [ 563907.1875, 2341613.4375 ], [ 563900.9375, 2341604.6875 ], [ 563893.4375, 2341600.9375 ], [ 563886.875, 2341600.0 ], [ 563819.6875, 2341599.6875 ], [ 563811.25, 2341596.875 ], [ 563807.1875, 2341593.4375 ], [ 563800.9375, 2341584.6875 ], [ 563793.4375, 2341580.9375 ], [ 563786.875, 2341580.0 ], [ 563753.125, 2341580.0 ], [ 563742.8125, 2341579.0625 ], [ 563731.25, 2341575.625 ], [ 563708.75, 2341564.375 ], [ 563703.28125, 2341562.34375 ], [ 563693.90625, 2341560.46875 ], [ 563676.5625, 2341559.0625 ], [ 563669.0625, 2341555.3125 ], [ 563662.8125, 2341546.5625 ], [ 563656.25, 2341541.875 ], [ 563650.3125, 2341540.3125 ], [ 563639.6875, 2341539.6875 ], [ 563631.25, 2341536.875 ], [ 563627.1875, 2341533.4375 ], [ 563622.8125, 2341526.5625 ], [ 563616.25, 2341521.875 ], [ 563606.875, 2341520.0 ], [ 563569.53125, 2341519.84375 ], [ 563556.71875, 2341517.65625 ], [ 563551.25, 2341515.625 ], [ 563488.75, 2341484.375 ], [ 563480.3125, 2341481.5625 ], [ 563470.46875, 2341480.15625 ], [ 563433.125, 2341480.0 ], [ 563426.5625, 2341479.0625 ], [ 563419.0625, 2341475.3125 ], [ 563412.8125, 2341466.5625 ], [ 563406.25, 2341461.875 ], [ 563400.3125, 2341460.3125 ], [ 563382.8125, 2341459.0625 ], [ 563373.90625, 2341456.71875 ], [ 563308.75, 2341424.375 ], [ 563300.3125, 2341421.5625 ], [ 563290.46875, 2341420.15625 ], [ 563069.53125, 2341420.15625 ], [ 563062.8125, 2341420.9375 ], [ 563053.90625, 2341423.28125 ], [ 563028.75, 2341435.625 ], [ 563017.1875, 2341439.0625 ], [ 563006.875, 2341440.0 ], [ 562969.53125, 2341440.15625 ], [ 562956.71875, 2341442.34375 ], [ 562923.28125, 2341457.65625 ], [ 562913.90625, 2341459.53125 ], [ 562899.6875, 2341460.3125 ], [ 562891.25, 2341463.125 ], [ 562887.1875, 2341466.5625 ], [ 562882.96875, 2341473.59375 ], [ 562877.8125, 2341479.6875 ], [ 562864.6875, 2341489.0625 ], [ 562861.875, 2341493.75 ], [ 562860.0, 2341503.125 ], [ 562860.0, 2341566.875 ], [ 562858.59375, 2341572.96875 ], [ 562855.3125, 2341577.1875 ], [ 562852.96875, 2341578.59375 ], [ 562846.875, 2341580.0 ], [ 562813.125, 2341580.0 ], [ 562802.8125, 2341579.0625 ], [ 562791.25, 2341575.625 ], [ 562768.75, 2341564.375 ], [ 562764.6875, 2341560.9375 ], [ 562761.875, 2341556.25 ], [ 562760.3125, 2341550.3125 ], [ 562759.6875, 2341539.6875 ], [ 562756.875, 2341531.25 ], [ 562753.4375, 2341527.1875 ], [ 562744.21875, 2341521.40625 ], [ 562738.59375, 2341515.78125 ], [ 562735.625, 2341511.25 ], [ 562724.375, 2341488.75 ], [ 562719.6875, 2341482.1875 ], [ 562713.59375, 2341477.03125 ], [ 562688.75, 2341464.375 ], [ 562682.1875, 2341459.6875 ], [ 562677.03125, 2341453.59375 ], [ 562664.375, 2341428.75 ], [ 562659.6875, 2341422.1875 ], [ 562653.59375, 2341417.03125 ], [ 562628.75, 2341404.375 ], [ 562622.1875, 2341399.6875 ], [ 562617.03125, 2341393.59375 ], [ 562604.375, 2341368.75 ], [ 562599.6875, 2341362.1875 ], [ 562593.59375, 2341357.03125 ], [ 562568.75, 2341344.375 ], [ 562562.1875, 2341339.6875 ], [ 562557.03125, 2341333.59375 ], [ 562544.375, 2341308.75 ], [ 562539.6875, 2341302.1875 ], [ 562533.59375, 2341297.03125 ], [ 562508.75, 2341284.375 ], [ 562502.1875, 2341279.6875 ], [ 562497.03125, 2341273.59375 ], [ 562484.375, 2341248.75 ], [ 562479.6875, 2341242.1875 ], [ 562473.59375, 2341237.03125 ], [ 562448.75, 2341224.375 ], [ 562440.3125, 2341217.8125 ], [ 562435.625, 2341211.25 ], [ 562424.375, 2341188.75 ], [ 562421.40625, 2341184.21875 ], [ 562415.78125, 2341178.59375 ], [ 562406.5625, 2341172.8125 ], [ 562403.125, 2341168.75 ], [ 562400.3125, 2341160.3125 ], [ 562399.0625, 2341146.5625 ], [ 562395.3125, 2341139.0625 ], [ 562391.25, 2341135.625 ], [ 562368.75, 2341124.375 ], [ 562362.1875, 2341119.6875 ], [ 562357.03125, 2341113.59375 ], [ 562344.375, 2341088.75 ], [ 562339.6875, 2341082.1875 ], [ 562331.25, 2341075.625 ], [ 562308.75, 2341064.375 ], [ 562304.21875, 2341061.40625 ], [ 562298.59375, 2341055.78125 ], [ 562294.375, 2341048.75 ], [ 562290.9375, 2341044.6875 ], [ 562283.4375, 2341040.9375 ], [ 562266.09375, 2341039.53125 ], [ 562256.71875, 2341037.65625 ], [ 562251.25, 2341035.625 ], [ 562228.75, 2341024.375 ], [ 562220.3125, 2341021.5625 ], [ 562210.46875, 2341020.15625 ], [ 562173.125, 2341020.0 ], [ 562166.5625, 2341019.0625 ], [ 562159.0625, 2341015.3125 ], [ 562150.9375, 2341004.6875 ], [ 562143.4375, 2341000.9375 ], [ 562136.875, 2341000.0 ], [ 562103.125, 2341000.0 ], [ 562093.75, 2340998.125 ], [ 562089.0625, 2340995.3125 ], [ 562082.8125, 2340986.5625 ], [ 562078.75, 2340983.125 ], [ 562073.4375, 2340980.9375 ], [ 562059.6875, 2340979.6875 ], [ 562051.25, 2340976.875 ], [ 562047.1875, 2340973.4375 ], [ 562042.96875, 2340966.40625 ], [ 562037.8125, 2340960.3125 ], [ 562024.6875, 2340950.9375 ], [ 562020.9375, 2340943.4375 ], [ 562019.0625, 2340926.5625 ], [ 562016.875, 2340921.25 ], [ 562013.4375, 2340917.1875 ], [ 561946.40625, 2340882.96875 ], [ 561940.3125, 2340877.8125 ], [ 561932.8125, 2340866.5625 ], [ 561928.75, 2340863.125 ], [ 561920.3125, 2340860.3125 ], [ 561906.09375, 2340859.53125 ], [ 561893.90625, 2340856.71875 ], [ 561826.09375, 2340823.28125 ], [ 561817.1875, 2340820.9375 ], [ 561799.6875, 2340819.6875 ], [ 561793.75, 2340818.125 ], [ 561789.0625, 2340815.3125 ], [ 561782.8125, 2340806.5625 ], [ 561778.75, 2340803.125 ], [ 561773.4375, 2340800.9375 ], [ 561759.6875, 2340799.6875 ], [ 561751.25, 2340796.875 ], [ 561747.1875, 2340793.4375 ], [ 561739.6875, 2340782.1875 ], [ 561733.59375, 2340777.03125 ], [ 561668.75, 2340744.375 ], [ 561662.1875, 2340739.6875 ], [ 561657.03125, 2340733.59375 ], [ 561644.375, 2340708.75 ], [ 561639.6875, 2340702.1875 ], [ 561631.25, 2340695.625 ], [ 561608.75, 2340684.375 ], [ 561604.6875, 2340680.9375 ], [ 561601.875, 2340676.25 ], [ 561600.0, 2340666.875 ], [ 561600.0, 2340543.125 ], [ 561599.0625, 2340536.5625 ], [ 561595.3125, 2340529.0625 ], [ 561586.5625, 2340522.8125 ], [ 561581.875, 2340516.25 ], [ 561580.3125, 2340510.3125 ], [ 561579.6875, 2340499.6875 ], [ 561576.875, 2340491.25 ], [ 561573.4375, 2340487.1875 ], [ 561566.40625, 2340482.96875 ], [ 561560.3125, 2340477.8125 ], [ 561555.625, 2340471.25 ], [ 561544.375, 2340448.75 ], [ 561541.40625, 2340444.21875 ], [ 561535.78125, 2340438.59375 ], [ 561526.5625, 2340432.8125 ], [ 561523.125, 2340428.75 ], [ 561520.3125, 2340420.3125 ], [ 561519.0625, 2340406.5625 ], [ 561515.3125, 2340399.0625 ], [ 561511.25, 2340395.625 ], [ 561488.75, 2340384.375 ], [ 561480.3125, 2340381.5625 ], [ 561466.875, 2340380.0 ], [ 561433.125, 2340380.0 ], [ 561423.75, 2340378.125 ], [ 561419.0625, 2340375.3125 ], [ 561412.8125, 2340366.5625 ], [ 561408.75, 2340363.125 ], [ 561403.4375, 2340360.9375 ], [ 561389.6875, 2340359.6875 ], [ 561383.75, 2340358.125 ], [ 561379.0625, 2340355.3125 ], [ 561372.8125, 2340346.5625 ], [ 561368.75, 2340343.125 ], [ 561363.4375, 2340340.9375 ], [ 561349.6875, 2340339.6875 ], [ 561341.25, 2340336.875 ], [ 561335.625, 2340331.25 ], [ 561324.375, 2340308.75 ], [ 561321.40625, 2340304.21875 ], [ 561315.78125, 2340298.59375 ], [ 561306.5625, 2340292.8125 ], [ 561303.125, 2340288.75 ], [ 561300.9375, 2340283.4375 ], [ 561300.0, 2340273.125 ], [ 561298.59375, 2340267.03125 ], [ 561295.3125, 2340262.8125 ], [ 561290.15625, 2340260.46875 ], [ 561219.6875, 2340259.6875 ], [ 561213.75, 2340258.125 ], [ 561209.0625, 2340255.3125 ], [ 561202.8125, 2340246.5625 ], [ 561198.75, 2340243.125 ], [ 561193.4375, 2340240.9375 ], [ 561186.875, 2340240.0 ], [ 560973.125, 2340240.0 ], [ 560966.5625, 2340239.0625 ], [ 560959.0625, 2340235.3125 ], [ 560952.8125, 2340226.5625 ], [ 560948.75, 2340223.125 ], [ 560940.3125, 2340220.3125 ], [ 560926.5625, 2340219.0625 ], [ 560919.0625, 2340215.3125 ], [ 560915.625, 2340211.25 ], [ 560902.8125, 2340186.5625 ], [ 560898.75, 2340183.125 ], [ 560890.3125, 2340180.3125 ], [ 560789.6875, 2340180.3125 ], [ 560781.25, 2340183.125 ], [ 560777.1875, 2340186.5625 ], [ 560770.9375, 2340195.3125 ], [ 560763.4375, 2340199.0625 ], [ 560756.875, 2340200.0 ], [ 560719.6875, 2340199.6875 ], [ 560713.75, 2340198.125 ], [ 560709.0625, 2340195.3125 ], [ 560702.8125, 2340186.5625 ], [ 560696.25, 2340181.875 ], [ 560690.3125, 2340180.3125 ], [ 560676.5625, 2340179.0625 ], [ 560669.0625, 2340175.3125 ], [ 560665.625, 2340171.25 ], [ 560652.8125, 2340146.5625 ], [ 560648.75, 2340143.125 ], [ 560640.3125, 2340140.3125 ], [ 560389.84375, 2340139.53125 ], [ 560384.6875, 2340137.1875 ], [ 560382.8125, 2340135.3125 ], [ 560380.46875, 2340130.15625 ], [ 560380.0, 2340093.125 ], [ 560379.0625, 2340082.8125 ], [ 560375.625, 2340071.25 ], [ 560370.9375, 2340064.6875 ], [ 560366.25, 2340061.875 ], [ 560356.875, 2340060.0 ], [ 560293.125, 2340060.0 ], [ 560283.75, 2340058.125 ], [ 560277.1875, 2340053.4375 ], [ 560264.375, 2340028.75 ], [ 560260.9375, 2340024.6875 ], [ 560256.25, 2340021.875 ], [ 560246.875, 2340020.0 ], [ 560206.09375, 2340019.53125 ], [ 560196.71875, 2340017.65625 ], [ 560188.75, 2340014.375 ], [ 560184.6875, 2340010.9375 ], [ 560181.875, 2340006.25 ], [ 560180.3125, 2340000.3125 ], [ 560180.0, 2339993.125 ], [ 560178.59375, 2339987.03125 ], [ 560177.1875, 2339984.6875 ], [ 560172.96875, 2339981.40625 ], [ 560166.875, 2339980.0 ], [ 560133.125, 2339980.0 ], [ 560119.6875, 2339978.4375 ], [ 560111.25, 2339975.625 ], [ 560086.09375, 2339963.28125 ], [ 560080.3125, 2339961.5625 ], [ 560070.46875, 2339960.15625 ], [ 559853.125, 2339960.0 ], [ 559846.5625, 2339959.0625 ], [ 559841.25, 2339956.875 ], [ 559837.1875, 2339953.4375 ], [ 559824.375, 2339928.75 ], [ 559818.75, 2339923.125 ], [ 559813.4375, 2339920.9375 ], [ 559806.875, 2339920.0 ], [ 559766.09375, 2339919.53125 ], [ 559759.6875, 2339918.4375 ], [ 559751.25, 2339915.625 ], [ 559728.75, 2339904.375 ], [ 559724.21875, 2339901.40625 ], [ 559718.59375, 2339895.78125 ], [ 559712.8125, 2339886.5625 ], [ 559708.75, 2339883.125 ], [ 559703.4375, 2339880.9375 ], [ 559682.8125, 2339879.0625 ], [ 559671.25, 2339875.625 ], [ 559648.75, 2339864.375 ], [ 559644.21875, 2339861.40625 ], [ 559638.59375, 2339855.78125 ], [ 559632.8125, 2339846.5625 ], [ 559628.75, 2339843.125 ], [ 559623.4375, 2339840.9375 ], [ 559609.6875, 2339839.6875 ], [ 559603.75, 2339838.125 ], [ 559599.0625, 2339835.3125 ], [ 559592.8125, 2339826.5625 ], [ 559588.75, 2339823.125 ], [ 559583.4375, 2339820.9375 ], [ 559569.6875, 2339819.6875 ], [ 559563.75, 2339818.125 ], [ 559559.0625, 2339815.3125 ], [ 559552.8125, 2339806.5625 ], [ 559546.25, 2339801.875 ], [ 559540.3125, 2339800.3125 ], [ 559529.53125, 2339799.84375 ], [ 559519.6875, 2339798.4375 ], [ 559511.25, 2339795.625 ], [ 559488.75, 2339784.375 ], [ 559483.28125, 2339782.34375 ], [ 559473.90625, 2339780.46875 ], [ 559459.6875, 2339779.6875 ], [ 559453.75, 2339778.125 ], [ 559447.1875, 2339773.4375 ], [ 559440.9375, 2339764.6875 ], [ 559433.4375, 2339760.9375 ], [ 559426.875, 2339760.0 ], [ 559363.125, 2339760.0 ], [ 559356.5625, 2339759.0625 ], [ 559349.0625, 2339755.3125 ], [ 559342.8125, 2339746.5625 ], [ 559338.75, 2339743.125 ], [ 559333.4375, 2339740.9375 ], [ 559319.6875, 2339739.6875 ], [ 559313.75, 2339738.125 ], [ 559307.1875, 2339733.4375 ], [ 559300.9375, 2339724.6875 ], [ 559293.4375, 2339720.9375 ], [ 559286.875, 2339720.0 ], [ 559133.125, 2339720.0 ], [ 559126.5625, 2339719.0625 ], [ 559121.25, 2339716.875 ], [ 559117.1875, 2339713.4375 ], [ 559104.375, 2339688.75 ], [ 559098.75, 2339683.125 ], [ 559090.3125, 2339680.3125 ], [ 559053.125, 2339680.0 ], [ 559043.75, 2339678.125 ], [ 559039.0625, 2339675.3125 ], [ 559032.8125, 2339666.5625 ], [ 559028.75, 2339663.125 ], [ 559023.4375, 2339660.9375 ], [ 559009.6875, 2339659.6875 ], [ 559003.75, 2339658.125 ], [ 558997.1875, 2339653.4375 ], [ 558990.9375, 2339644.6875 ], [ 558986.25, 2339641.875 ], [ 558980.3125, 2339640.3125 ], [ 558823.125, 2339640.0 ], [ 558816.5625, 2339640.9375 ], [ 558811.25, 2339643.125 ], [ 558807.1875, 2339646.5625 ], [ 558800.9375, 2339655.3125 ], [ 558793.4375, 2339659.0625 ], [ 558786.875, 2339660.0 ], [ 558723.125, 2339660.0 ], [ 558716.5625, 2339659.0625 ], [ 558711.25, 2339656.875 ], [ 558707.1875, 2339653.4375 ], [ 558700.9375, 2339644.6875 ], [ 558696.25, 2339641.875 ], [ 558690.3125, 2339640.3125 ], [ 558586.09375, 2339639.53125 ], [ 558573.90625, 2339636.71875 ], [ 558548.75, 2339624.375 ], [ 558540.3125, 2339621.5625 ], [ 558530.46875, 2339620.15625 ], [ 558493.125, 2339620.0 ], [ 558482.8125, 2339619.0625 ], [ 558473.90625, 2339616.71875 ], [ 558448.75, 2339604.375 ], [ 558440.3125, 2339601.5625 ], [ 558430.46875, 2339600.15625 ], [ 558393.125, 2339600.0 ], [ 558386.5625, 2339599.0625 ], [ 558381.25, 2339596.875 ], [ 558377.1875, 2339593.4375 ], [ 558364.375, 2339568.75 ], [ 558360.9375, 2339564.6875 ], [ 558356.25, 2339561.875 ], [ 558346.875, 2339560.0 ], [ 558253.125, 2339560.0 ], [ 558246.5625, 2339559.0625 ], [ 558239.0625, 2339555.3125 ], [ 558232.8125, 2339546.5625 ], [ 558226.25, 2339541.875 ], [ 558220.3125, 2339540.3125 ], [ 558209.6875, 2339539.6875 ], [ 558201.25, 2339536.875 ], [ 558197.1875, 2339533.4375 ], [ 558192.8125, 2339526.5625 ], [ 558186.25, 2339521.875 ], [ 558180.3125, 2339520.3125 ], [ 558169.6875, 2339519.6875 ], [ 558161.25, 2339516.875 ], [ 558157.1875, 2339513.4375 ], [ 558152.8125, 2339506.5625 ], [ 558146.25, 2339501.875 ], [ 558140.3125, 2339500.3125 ], [ 558129.6875, 2339499.6875 ], [ 558121.25, 2339496.875 ], [ 558117.1875, 2339493.4375 ], [ 558112.8125, 2339486.5625 ], [ 558106.25, 2339481.875 ], [ 558096.875, 2339480.0 ], [ 558033.125, 2339480.0 ], [ 558026.5625, 2339479.0625 ], [ 558019.0625, 2339475.3125 ], [ 558010.9375, 2339464.6875 ], [ 558006.25, 2339461.875 ], [ 558000.3125, 2339460.3125 ], [ 557903.125, 2339460.0 ], [ 557896.5625, 2339459.0625 ], [ 557891.25, 2339456.875 ], [ 557887.1875, 2339453.4375 ], [ 557872.8125, 2339426.5625 ], [ 557868.75, 2339423.125 ], [ 557860.3125, 2339420.3125 ], [ 557789.84375, 2339420.46875 ], [ 557784.6875, 2339422.8125 ], [ 557781.40625, 2339427.03125 ], [ 557780.46875, 2339429.84375 ], [ 557779.0625, 2339443.4375 ], [ 557776.875, 2339448.75 ], [ 557773.4375, 2339452.8125 ], [ 557768.75, 2339455.625 ], [ 557760.3125, 2339458.4375 ], [ 557753.90625, 2339459.53125 ], [ 557739.6875, 2339460.3125 ], [ 557733.75, 2339461.875 ], [ 557729.0625, 2339464.6875 ], [ 557722.8125, 2339473.4375 ], [ 557716.25, 2339478.125 ], [ 557706.875, 2339480.0 ], [ 557609.6875, 2339480.3125 ], [ 557601.25, 2339483.125 ], [ 557597.1875, 2339486.5625 ], [ 557590.9375, 2339495.3125 ], [ 557586.25, 2339498.125 ], [ 557580.3125, 2339499.6875 ], [ 556943.125, 2339500.0 ], [ 556936.5625, 2339500.9375 ], [ 556931.25, 2339503.125 ], [ 556927.1875, 2339506.5625 ], [ 556920.9375, 2339515.3125 ], [ 556913.4375, 2339519.0625 ], [ 556906.875, 2339520.0 ], [ 556809.6875, 2339520.3125 ], [ 556801.25, 2339523.125 ], [ 556797.1875, 2339526.5625 ], [ 556790.9375, 2339535.3125 ], [ 556783.4375, 2339539.0625 ], [ 556776.875, 2339540.0 ], [ 556713.125, 2339540.0 ], [ 556702.8125, 2339540.9375 ], [ 556691.25, 2339544.375 ], [ 556666.09375, 2339556.71875 ], [ 556657.1875, 2339559.0625 ], [ 556646.875, 2339560.0 ], [ 556369.6875, 2339559.6875 ], [ 556363.75, 2339558.125 ], [ 556359.0625, 2339555.3125 ], [ 556352.8125, 2339546.5625 ], [ 556346.25, 2339541.875 ], [ 556340.3125, 2339540.3125 ], [ 556329.6875, 2339539.6875 ], [ 556321.25, 2339536.875 ], [ 556317.1875, 2339533.4375 ], [ 556312.8125, 2339526.5625 ], [ 556306.25, 2339521.875 ], [ 556296.875, 2339520.0 ], [ 556233.125, 2339520.0 ], [ 556219.6875, 2339518.4375 ], [ 556211.25, 2339515.625 ], [ 556188.75, 2339504.375 ], [ 556183.28125, 2339502.34375 ], [ 556173.90625, 2339500.46875 ], [ 556159.6875, 2339499.6875 ], [ 556153.75, 2339498.125 ], [ 556147.1875, 2339493.4375 ], [ 556140.9375, 2339484.6875 ], [ 556133.4375, 2339480.9375 ], [ 556126.875, 2339480.0 ], [ 555939.6875, 2339479.6875 ], [ 555933.75, 2339478.125 ], [ 555929.0625, 2339475.3125 ], [ 555922.8125, 2339466.5625 ], [ 555918.75, 2339463.125 ], [ 555913.4375, 2339460.9375 ], [ 555906.875, 2339460.0 ], [ 555779.6875, 2339460.3125 ], [ 555771.25, 2339463.125 ], [ 555767.1875, 2339466.5625 ], [ 555760.9375, 2339475.3125 ], [ 555753.4375, 2339479.0625 ], [ 555746.875, 2339480.0 ], [ 555679.6875, 2339480.3125 ], [ 555673.75, 2339481.875 ], [ 555669.0625, 2339484.6875 ], [ 555662.8125, 2339493.4375 ], [ 555658.75, 2339496.875 ], [ 555653.4375, 2339499.0625 ], [ 555646.875, 2339500.0 ], [ 555373.125, 2339500.0 ], [ 555366.5625, 2339499.0625 ], [ 555361.25, 2339496.875 ], [ 555357.1875, 2339493.4375 ], [ 555350.9375, 2339484.6875 ], [ 555346.25, 2339481.875 ], [ 555340.3125, 2339480.3125 ], [ 555033.125, 2339480.0 ], [ 555026.5625, 2339479.0625 ], [ 555021.25, 2339476.875 ], [ 555017.1875, 2339473.4375 ], [ 555012.8125, 2339466.5625 ], [ 555008.75, 2339463.125 ], [ 555003.4375, 2339460.9375 ], [ 554996.875, 2339460.0 ], [ 554269.6875, 2339459.6875 ], [ 554263.75, 2339458.125 ], [ 554257.1875, 2339453.4375 ], [ 554244.375, 2339428.75 ], [ 554242.34375, 2339423.28125 ], [ 554240.9375, 2339417.1875 ], [ 554240.0, 2339406.875 ], [ 554239.6875, 2339309.6875 ], [ 554236.875, 2339301.25 ], [ 554233.4375, 2339297.1875 ], [ 554224.6875, 2339290.9375 ], [ 554221.875, 2339286.25 ], [ 554220.3125, 2339280.3125 ], [ 554220.0, 2339123.125 ], [ 554220.9375, 2339116.5625 ], [ 554223.125, 2339111.25 ], [ 554228.75, 2339105.625 ], [ 554239.6875, 2339101.5625 ], [ 554253.125, 2339100.0 ], [ 554710.3125, 2339099.6875 ], [ 554716.25, 2339098.125 ], [ 554720.9375, 2339095.3125 ], [ 554727.1875, 2339086.5625 ], [ 554733.75, 2339081.875 ], [ 554739.6875, 2339080.3125 ], [ 554753.90625, 2339079.53125 ], [ 554763.28125, 2339077.65625 ], [ 554796.71875, 2339062.34375 ], [ 554809.53125, 2339060.15625 ], [ 554850.46875, 2339059.84375 ], [ 554857.1875, 2339059.0625 ], [ 554866.09375, 2339056.71875 ], [ 554931.25, 2339024.375 ], [ 554939.6875, 2339021.5625 ], [ 554953.125, 2339020.0 ], [ 555046.875, 2339020.0 ], [ 555053.4375, 2339019.0625 ], [ 555060.9375, 2339015.3125 ], [ 555067.1875, 2339006.5625 ], [ 555073.75, 2339001.875 ], [ 555079.6875, 2339000.3125 ], [ 555090.3125, 2338999.6875 ], [ 555098.75, 2338996.875 ], [ 555102.8125, 2338993.4375 ], [ 555107.1875, 2338986.5625 ], [ 555113.75, 2338981.875 ], [ 555119.6875, 2338980.3125 ], [ 555130.46875, 2338979.84375 ], [ 555140.3125, 2338978.4375 ], [ 555148.75, 2338975.625 ], [ 555171.25, 2338964.375 ], [ 555176.71875, 2338962.34375 ], [ 555186.09375, 2338960.46875 ], [ 555200.3125, 2338959.6875 ], [ 555206.25, 2338958.125 ], [ 555210.9375, 2338955.3125 ], [ 555217.1875, 2338946.5625 ], [ 555223.75, 2338941.875 ], [ 555233.125, 2338940.0 ], [ 555266.875, 2338940.0 ], [ 555276.25, 2338938.125 ], [ 555280.9375, 2338935.3125 ], [ 555284.375, 2338931.25 ], [ 555297.1875, 2338906.5625 ], [ 555301.25, 2338903.125 ], [ 555306.5625, 2338900.9375 ], [ 555313.125, 2338900.0 ], [ 555376.875, 2338900.0 ], [ 555383.4375, 2338899.0625 ], [ 555390.9375, 2338895.3125 ], [ 555397.1875, 2338886.5625 ], [ 555403.75, 2338881.875 ], [ 555413.125, 2338880.0 ], [ 555446.875, 2338880.0 ], [ 555453.4375, 2338879.0625 ], [ 555460.9375, 2338875.3125 ], [ 555469.0625, 2338864.6875 ], [ 555473.75, 2338861.875 ], [ 555479.6875, 2338860.3125 ], [ 555640.3125, 2338859.6875 ], [ 555646.25, 2338858.125 ], [ 555650.9375, 2338855.3125 ], [ 555657.1875, 2338846.5625 ], [ 555661.25, 2338843.125 ], [ 555666.5625, 2338840.9375 ], [ 555673.125, 2338840.0 ], [ 555706.875, 2338840.0 ], [ 555720.3125, 2338841.5625 ], [ 555728.75, 2338844.375 ], [ 555753.90625, 2338856.71875 ], [ 555759.6875, 2338858.4375 ], [ 555769.53125, 2338859.84375 ], [ 555930.3125, 2338860.3125 ], [ 555936.25, 2338861.875 ], [ 555940.9375, 2338864.6875 ], [ 555947.1875, 2338873.4375 ], [ 555951.25, 2338876.875 ], [ 555956.5625, 2338879.0625 ], [ 555963.125, 2338880.0 ], [ 556120.3125, 2338880.3125 ], [ 556126.25, 2338881.875 ], [ 556130.9375, 2338884.6875 ], [ 556137.1875, 2338893.4375 ], [ 556141.25, 2338896.875 ], [ 556146.5625, 2338899.0625 ], [ 556160.3125, 2338900.3125 ], [ 556166.25, 2338901.875 ], [ 556170.9375, 2338904.6875 ], [ 556177.1875, 2338913.4375 ], [ 556181.25, 2338916.875 ], [ 556186.5625, 2338919.0625 ], [ 556193.125, 2338920.0 ], [ 556320.3125, 2338919.6875 ], [ 556326.25, 2338918.125 ], [ 556330.9375, 2338915.3125 ], [ 556337.1875, 2338906.5625 ], [ 556341.25, 2338903.125 ], [ 556346.5625, 2338900.9375 ], [ 556353.125, 2338900.0 ], [ 556570.46875, 2338900.15625 ], [ 556577.1875, 2338900.9375 ], [ 556586.09375, 2338903.28125 ], [ 556611.25, 2338915.625 ], [ 556619.6875, 2338918.4375 ], [ 556633.125, 2338920.0 ], [ 556666.875, 2338920.0 ], [ 556677.1875, 2338919.0625 ], [ 556686.09375, 2338916.71875 ], [ 556711.25, 2338904.375 ], [ 556722.8125, 2338900.9375 ], [ 556733.125, 2338900.0 ], [ 556796.875, 2338900.0 ], [ 556803.4375, 2338899.0625 ], [ 556810.9375, 2338895.3125 ], [ 556814.375, 2338891.25 ], [ 556818.59375, 2338884.21875 ], [ 556826.40625, 2338877.03125 ], [ 556851.25, 2338864.375 ], [ 556862.8125, 2338860.9375 ], [ 556873.125, 2338860.0 ], [ 556966.875, 2338860.0 ], [ 556973.4375, 2338859.0625 ], [ 556980.9375, 2338855.3125 ], [ 556989.0625, 2338844.6875 ], [ 556993.75, 2338841.875 ], [ 556999.6875, 2338840.3125 ], [ 557186.875, 2338840.0 ], [ 557193.4375, 2338839.0625 ], [ 557198.75, 2338836.875 ], [ 557202.8125, 2338833.4375 ], [ 557207.1875, 2338826.5625 ], [ 557211.25, 2338823.125 ], [ 557216.5625, 2338820.9375 ], [ 557223.125, 2338820.0 ], [ 557526.875, 2338820.0 ], [ 557533.4375, 2338819.0625 ], [ 557538.75, 2338816.875 ], [ 557542.8125, 2338813.4375 ], [ 557549.0625, 2338804.6875 ], [ 557556.5625, 2338800.9375 ], [ 557563.125, 2338800.0 ], [ 557630.3125, 2338799.6875 ], [ 557636.25, 2338798.125 ], [ 557640.9375, 2338795.3125 ], [ 557647.1875, 2338786.5625 ], [ 557651.25, 2338783.125 ], [ 557656.5625, 2338780.9375 ], [ 557663.125, 2338780.0 ], [ 557846.875, 2338780.0 ], [ 557852.96875, 2338781.40625 ], [ 557855.3125, 2338782.8125 ], [ 557858.59375, 2338787.03125 ], [ 557859.53125, 2338789.84375 ], [ 557860.9375, 2338803.4375 ], [ 557864.6875, 2338810.9375 ], [ 557868.75, 2338814.375 ], [ 557876.71875, 2338817.65625 ], [ 557882.8125, 2338819.0625 ], [ 557893.125, 2338820.0 ], [ 557986.875, 2338820.0 ], [ 557993.4375, 2338819.0625 ], [ 557998.75, 2338816.875 ], [ 558002.8125, 2338813.4375 ], [ 558007.1875, 2338806.5625 ], [ 558013.75, 2338801.875 ], [ 558019.6875, 2338800.3125 ], [ 558030.3125, 2338799.6875 ], [ 558038.75, 2338796.875 ], [ 558042.8125, 2338793.4375 ], [ 558049.0625, 2338784.6875 ], [ 558053.75, 2338781.875 ], [ 558059.6875, 2338780.3125 ], [ 558096.875, 2338780.0 ], [ 558103.4375, 2338780.9375 ], [ 558110.9375, 2338784.6875 ], [ 558119.0625, 2338795.3125 ], [ 558123.75, 2338798.125 ], [ 558129.6875, 2338799.6875 ], [ 558230.46875, 2338799.84375 ], [ 558237.1875, 2338799.0625 ], [ 558246.09375, 2338796.71875 ], [ 558271.25, 2338784.375 ], [ 558279.6875, 2338777.8125 ], [ 558289.0625, 2338764.6875 ], [ 558293.75, 2338761.875 ], [ 558299.6875, 2338760.3125 ], [ 558493.90625, 2338760.46875 ], [ 558500.3125, 2338761.5625 ], [ 558508.75, 2338764.375 ], [ 558571.25, 2338795.625 ], [ 558576.71875, 2338797.65625 ], [ 558589.53125, 2338799.84375 ], [ 558626.875, 2338800.0 ], [ 558636.25, 2338801.875 ], [ 558642.8125, 2338806.5625 ], [ 558649.0625, 2338815.3125 ], [ 558656.5625, 2338819.0625 ], [ 558663.125, 2338820.0 ], [ 558760.3125, 2338820.3125 ], [ 558768.75, 2338823.125 ], [ 558772.8125, 2338826.5625 ], [ 558779.0625, 2338835.3125 ], [ 558786.5625, 2338839.0625 ], [ 558793.125, 2338840.0 ], [ 558826.875, 2338840.0 ], [ 558836.25, 2338841.875 ], [ 558840.9375, 2338844.6875 ], [ 558847.1875, 2338853.4375 ], [ 558851.25, 2338856.875 ], [ 558856.5625, 2338859.0625 ], [ 558870.3125, 2338860.3125 ], [ 558876.25, 2338861.875 ], [ 558880.9375, 2338864.6875 ], [ 558887.1875, 2338873.4375 ], [ 558891.25, 2338876.875 ], [ 558896.5625, 2338879.0625 ], [ 558910.3125, 2338880.3125 ], [ 558916.25, 2338881.875 ], [ 558920.9375, 2338884.6875 ], [ 558927.1875, 2338893.4375 ], [ 558931.25, 2338896.875 ], [ 558939.6875, 2338899.6875 ], [ 558953.4375, 2338900.9375 ], [ 558960.9375, 2338904.6875 ], [ 558964.375, 2338908.75 ], [ 558975.625, 2338931.25 ], [ 558980.3125, 2338937.8125 ], [ 558986.40625, 2338942.96875 ], [ 559011.25, 2338955.625 ], [ 559017.8125, 2338960.3125 ], [ 559024.375, 2338968.75 ], [ 559037.03125, 2338993.59375 ], [ 559042.1875, 2338999.6875 ], [ 559048.75, 2339004.375 ], [ 559113.90625, 2339036.71875 ], [ 559122.8125, 2339039.0625 ], [ 559140.3125, 2339040.3125 ], [ 559146.25, 2339041.875 ], [ 559150.9375, 2339044.6875 ], [ 559157.1875, 2339053.4375 ], [ 559161.25, 2339056.875 ], [ 559166.5625, 2339059.0625 ], [ 559180.3125, 2339060.3125 ], [ 559188.75, 2339063.125 ], [ 559192.8125, 2339066.5625 ], [ 559198.59375, 2339075.78125 ], [ 559204.21875, 2339081.40625 ], [ 559208.75, 2339084.375 ], [ 559233.90625, 2339096.71875 ], [ 559239.6875, 2339098.4375 ], [ 559249.53125, 2339099.84375 ], [ 559293.90625, 2339100.46875 ], [ 559300.3125, 2339101.5625 ], [ 559308.75, 2339104.375 ], [ 559491.25, 2339195.625 ], [ 559502.8125, 2339199.0625 ], [ 559520.3125, 2339200.3125 ], [ 559526.25, 2339201.875 ], [ 559532.8125, 2339206.5625 ], [ 559538.59375, 2339215.78125 ], [ 559546.40625, 2339222.96875 ], [ 559613.90625, 2339256.71875 ], [ 559619.6875, 2339258.4375 ], [ 559629.53125, 2339259.84375 ], [ 559696.875, 2339260.0 ], [ 559706.25, 2339261.875 ], [ 559710.9375, 2339264.6875 ], [ 559714.375, 2339268.75 ], [ 559725.625, 2339291.25 ], [ 559729.0625, 2339295.3125 ], [ 559736.5625, 2339299.0625 ], [ 559750.15625, 2339300.46875 ], [ 559752.96875, 2339301.40625 ], [ 559757.1875, 2339304.6875 ], [ 559759.53125, 2339309.84375 ], [ 559760.3125, 2339320.3125 ], [ 559763.125, 2339328.75 ], [ 559768.75, 2339334.375 ], [ 559779.6875, 2339338.4375 ], [ 559793.125, 2339340.0 ], [ 559826.875, 2339340.0 ], [ 559837.1875, 2339339.0625 ], [ 559848.75, 2339335.625 ], [ 559873.90625, 2339323.28125 ], [ 559879.6875, 2339321.5625 ], [ 559889.53125, 2339320.15625 ], [ 559990.46875, 2339320.15625 ], [ 559997.1875, 2339320.9375 ], [ 560006.09375, 2339323.28125 ], [ 560033.90625, 2339336.71875 ], [ 560046.09375, 2339339.53125 ], [ 560146.875, 2339340.0 ], [ 560153.4375, 2339340.9375 ], [ 560158.75, 2339343.125 ], [ 560162.8125, 2339346.5625 ], [ 560177.1875, 2339373.4375 ], [ 560181.25, 2339376.875 ], [ 560189.6875, 2339379.6875 ], [ 560560.3125, 2339380.3125 ], [ 560566.25, 2339381.875 ], [ 560570.9375, 2339384.6875 ], [ 560577.1875, 2339393.4375 ], [ 560583.75, 2339398.125 ], [ 560589.6875, 2339399.6875 ], [ 560600.3125, 2339400.3125 ], [ 560608.75, 2339403.125 ], [ 560612.8125, 2339406.5625 ], [ 560619.0625, 2339415.3125 ], [ 560626.5625, 2339419.0625 ], [ 560633.125, 2339420.0 ], [ 560733.90625, 2339420.46875 ], [ 560746.09375, 2339423.28125 ], [ 560773.90625, 2339436.71875 ], [ 560779.6875, 2339438.4375 ], [ 560789.53125, 2339439.84375 ], [ 560860.3125, 2339439.6875 ], [ 560868.75, 2339436.875 ], [ 560872.8125, 2339433.4375 ], [ 560879.0625, 2339424.6875 ], [ 560886.5625, 2339420.9375 ], [ 560893.125, 2339420.0 ], [ 560933.90625, 2339420.46875 ], [ 560946.09375, 2339423.28125 ], [ 560951.25, 2339425.625 ], [ 560955.3125, 2339429.0625 ], [ 560959.0625, 2339436.5625 ], [ 560960.0, 2339446.875 ], [ 560961.40625, 2339452.96875 ], [ 560964.6875, 2339457.1875 ], [ 560969.84375, 2339459.53125 ], [ 561160.3125, 2339460.3125 ], [ 561168.75, 2339463.125 ], [ 561172.8125, 2339466.5625 ], [ 561179.0625, 2339475.3125 ], [ 561186.5625, 2339479.0625 ], [ 561193.125, 2339480.0 ], [ 561226.875, 2339480.0 ], [ 561237.1875, 2339480.9375 ], [ 561246.09375, 2339483.28125 ], [ 561271.25, 2339495.625 ], [ 561279.6875, 2339498.4375 ], [ 561293.125, 2339500.0 ], [ 561326.875, 2339500.0 ], [ 561336.25, 2339501.875 ], [ 561340.9375, 2339504.6875 ], [ 561344.375, 2339508.75 ], [ 561357.1875, 2339533.4375 ], [ 561361.25, 2339536.875 ], [ 561369.6875, 2339539.6875 ], [ 561470.3125, 2339540.3125 ], [ 561476.25, 2339541.875 ], [ 561480.9375, 2339544.6875 ], [ 561487.1875, 2339553.4375 ], [ 561491.25, 2339556.875 ], [ 561496.5625, 2339559.0625 ], [ 561503.125, 2339560.0 ], [ 561693.90625, 2339560.46875 ], [ 561706.09375, 2339563.28125 ], [ 561731.25, 2339575.625 ], [ 561739.6875, 2339578.4375 ], [ 561753.125, 2339580.0 ], [ 561790.15625, 2339580.46875 ], [ 561795.3125, 2339582.8125 ], [ 561798.59375, 2339587.03125 ], [ 561799.53125, 2339589.84375 ], [ 561800.9375, 2339603.4375 ], [ 561804.6875, 2339610.9375 ], [ 561808.75, 2339614.375 ], [ 561813.90625, 2339616.71875 ], [ 561819.6875, 2339618.4375 ], [ 561829.53125, 2339619.84375 ], [ 562046.875, 2339620.0 ], [ 562052.96875, 2339618.59375 ], [ 562057.1875, 2339615.3125 ], [ 562058.59375, 2339612.96875 ], [ 562060.0, 2339606.875 ], [ 562060.0, 2339543.125 ], [ 562060.9375, 2339536.5625 ], [ 562063.125, 2339531.25 ], [ 562068.75, 2339525.625 ], [ 562079.6875, 2339521.5625 ], [ 562093.125, 2339520.0 ], [ 562103.4375, 2339520.9375 ], [ 562108.75, 2339523.125 ], [ 562112.8125, 2339526.5625 ], [ 562116.71875, 2339533.90625 ], [ 562119.0625, 2339542.8125 ], [ 562120.0, 2339553.125 ], [ 562120.15625, 2339650.46875 ], [ 562121.5625, 2339660.3125 ], [ 562124.375, 2339668.75 ], [ 562127.1875, 2339673.4375 ], [ 562131.25, 2339676.875 ], [ 562136.5625, 2339679.0625 ], [ 562143.125, 2339680.0 ], [ 562206.875, 2339680.0 ], [ 562217.1875, 2339680.9375 ], [ 562226.09375, 2339683.28125 ], [ 562273.4375, 2339707.1875 ], [ 562276.875, 2339711.25 ], [ 562279.0625, 2339716.5625 ], [ 562280.0, 2339726.875 ], [ 562281.40625, 2339732.96875 ], [ 562284.6875, 2339737.1875 ], [ 562289.84375, 2339739.53125 ], [ 562450.3125, 2339740.3125 ], [ 562458.75, 2339743.125 ], [ 562462.8125, 2339746.5625 ], [ 562469.0625, 2339755.3125 ], [ 562473.75, 2339758.125 ], [ 562479.6875, 2339759.6875 ], [ 562550.15625, 2339759.53125 ], [ 562555.3125, 2339757.1875 ], [ 562558.59375, 2339752.96875 ], [ 562559.53125, 2339750.15625 ], [ 562560.9375, 2339736.5625 ], [ 562563.125, 2339731.25 ], [ 562566.5625, 2339727.1875 ], [ 562573.90625, 2339723.28125 ], [ 562582.8125, 2339720.9375 ], [ 562593.125, 2339720.0 ], [ 562603.4375, 2339720.9375 ], [ 562608.75, 2339723.125 ], [ 562612.8125, 2339726.5625 ], [ 562615.625, 2339731.25 ], [ 562618.4375, 2339739.6875 ], [ 562620.0, 2339753.125 ], [ 562620.0, 2339786.875 ], [ 562620.46875, 2339790.15625 ], [ 562622.8125, 2339795.3125 ], [ 562627.03125, 2339798.59375 ], [ 562633.125, 2339800.0 ], [ 562666.875, 2339800.0 ], [ 562673.4375, 2339800.9375 ], [ 562680.9375, 2339804.6875 ], [ 562687.1875, 2339813.4375 ], [ 562691.25, 2339816.875 ], [ 562699.6875, 2339819.6875 ], [ 562710.15625, 2339820.46875 ], [ 562715.3125, 2339822.8125 ], [ 562718.59375, 2339827.03125 ], [ 562719.53125, 2339829.84375 ], [ 562720.9375, 2339843.4375 ], [ 562724.6875, 2339850.9375 ], [ 562737.8125, 2339860.3125 ], [ 562741.40625, 2339864.21875 ], [ 562745.625, 2339871.25 ], [ 562749.0625, 2339875.3125 ], [ 562756.5625, 2339879.0625 ], [ 562763.125, 2339880.0 ], [ 562886.875, 2339880.0 ], [ 562892.96875, 2339878.59375 ], [ 562897.1875, 2339875.3125 ], [ 562898.59375, 2339872.96875 ], [ 562900.0, 2339866.875 ], [ 562900.15625, 2339769.53125 ], [ 562902.34375, 2339756.71875 ], [ 562904.375, 2339751.25 ], [ 562907.1875, 2339746.5625 ], [ 562913.75, 2339741.875 ], [ 562923.125, 2339740.0 ], [ 562986.875, 2339740.0 ], [ 562992.96875, 2339741.40625 ], [ 562995.3125, 2339742.8125 ], [ 562998.59375, 2339747.03125 ], [ 562999.53125, 2339749.84375 ], [ 563000.9375, 2339763.4375 ], [ 563003.125, 2339768.75 ], [ 563006.5625, 2339772.8125 ], [ 563015.3125, 2339779.0625 ], [ 563019.0625, 2339786.5625 ], [ 563020.0, 2339793.125 ], [ 563020.15625, 2339830.46875 ], [ 563021.5625, 2339840.3125 ], [ 563024.375, 2339848.75 ], [ 563035.625, 2339871.25 ], [ 563039.0625, 2339882.8125 ], [ 563040.0, 2339893.125 ], [ 563040.0, 2339986.875 ], [ 563040.46875, 2339990.15625 ], [ 563042.8125, 2339995.3125 ], [ 563047.03125, 2339998.59375 ], [ 563053.125, 2340000.0 ], [ 563116.875, 2340000.0 ], [ 563123.4375, 2339999.0625 ], [ 563130.9375, 2339995.3125 ], [ 563134.375, 2339991.25 ], [ 563136.71875, 2339986.09375 ], [ 563139.53125, 2339973.90625 ], [ 563140.0, 2339933.125 ], [ 563141.5625, 2339919.6875 ], [ 563145.625, 2339908.75 ], [ 563149.0625, 2339904.6875 ], [ 563153.75, 2339901.875 ], [ 563163.125, 2339900.0 ], [ 563170.46875, 2339900.15625 ], [ 563180.3125, 2339901.5625 ], [ 563188.75, 2339904.375 ], [ 563213.4375, 2339917.1875 ], [ 563218.125, 2339923.75 ], [ 563220.0, 2339933.125 ], [ 563219.84375, 2339970.46875 ], [ 563217.65625, 2339983.28125 ], [ 563214.375, 2339991.25 ], [ 563208.75, 2339996.875 ], [ 563200.3125, 2339999.6875 ], [ 563186.09375, 2340000.46875 ], [ 563176.71875, 2340002.34375 ], [ 563168.75, 2340005.625 ], [ 563163.125, 2340011.25 ], [ 563160.9375, 2340016.5625 ], [ 563160.0, 2340023.125 ], [ 563160.0, 2340086.875 ], [ 563160.9375, 2340093.4375 ], [ 563164.6875, 2340100.9375 ], [ 563173.4375, 2340107.1875 ], [ 563176.875, 2340111.25 ], [ 563179.6875, 2340119.6875 ], [ 563180.46875, 2340130.15625 ], [ 563181.40625, 2340132.96875 ], [ 563184.6875, 2340137.1875 ], [ 563187.03125, 2340138.59375 ], [ 563193.125, 2340140.0 ], [ 563233.90625, 2340140.46875 ], [ 563240.3125, 2340141.5625 ], [ 563248.75, 2340144.375 ], [ 563253.4375, 2340147.1875 ], [ 563258.125, 2340153.75 ], [ 563259.6875, 2340159.6875 ], [ 563260.0, 2340166.875 ], [ 563261.40625, 2340172.96875 ], [ 563264.6875, 2340177.1875 ], [ 563269.84375, 2340179.53125 ], [ 563490.3125, 2340180.3125 ], [ 563496.25, 2340181.875 ], [ 563500.9375, 2340184.6875 ], [ 563507.1875, 2340193.4375 ], [ 563511.25, 2340196.875 ], [ 563516.5625, 2340199.0625 ], [ 563530.3125, 2340200.3125 ], [ 563536.25, 2340201.875 ], [ 563542.8125, 2340206.5625 ], [ 563549.0625, 2340215.3125 ], [ 563553.75, 2340218.125 ], [ 563559.6875, 2340219.6875 ], [ 563693.90625, 2340220.46875 ], [ 563706.09375, 2340223.28125 ], [ 563733.90625, 2340236.71875 ], [ 563739.6875, 2340238.4375 ], [ 563749.53125, 2340239.84375 ], [ 563906.875, 2340240.0 ], [ 563916.25, 2340238.125 ], [ 563922.8125, 2340233.4375 ], [ 563935.625, 2340208.75 ], [ 563939.0625, 2340204.6875 ], [ 563943.75, 2340201.875 ], [ 563953.125, 2340200.0 ], [ 563986.875, 2340200.0 ], [ 563993.4375, 2340199.0625 ], [ 564000.9375, 2340195.3125 ], [ 564007.1875, 2340186.5625 ], [ 564013.75, 2340181.875 ], [ 564019.6875, 2340180.3125 ], [ 564033.90625, 2340179.53125 ], [ 564043.28125, 2340177.65625 ], [ 564048.75, 2340175.625 ], [ 564071.25, 2340164.375 ], [ 564082.8125, 2340160.9375 ], [ 564096.875, 2340160.0 ], [ 564106.25, 2340161.875 ], [ 564112.8125, 2340166.5625 ], [ 564119.0625, 2340175.3125 ], [ 564123.75, 2340178.125 ], [ 564129.6875, 2340179.6875 ], [ 564226.875, 2340180.0 ], [ 564232.96875, 2340178.59375 ], [ 564237.1875, 2340175.3125 ], [ 564239.53125, 2340170.15625 ], [ 564240.46875, 2340126.09375 ], [ 564243.28125, 2340113.90625 ], [ 564247.1875, 2340106.5625 ], [ 564251.25, 2340103.125 ], [ 564259.6875, 2340100.3125 ], [ 564300.3125, 2340100.3125 ], [ 564306.25, 2340101.875 ], [ 564312.8125, 2340106.5625 ], [ 564315.625, 2340111.25 ], [ 564318.4375, 2340119.6875 ], [ 564320.0, 2340133.125 ], [ 564320.0, 2340196.875 ], [ 564321.875, 2340206.25 ], [ 564324.6875, 2340210.9375 ], [ 564337.8125, 2340220.3125 ], [ 564341.40625, 2340224.21875 ], [ 564347.1875, 2340233.4375 ], [ 564353.75, 2340238.125 ], [ 564359.6875, 2340239.6875 ], [ 564373.90625, 2340240.46875 ], [ 564383.28125, 2340242.34375 ], [ 564388.75, 2340244.375 ], [ 564411.25, 2340255.625 ], [ 564422.8125, 2340259.0625 ], [ 564433.125, 2340260.0 ], [ 564470.46875, 2340260.15625 ], [ 564477.1875, 2340260.9375 ], [ 564486.09375, 2340263.28125 ], [ 564511.25, 2340275.625 ], [ 564515.78125, 2340278.59375 ], [ 564521.40625, 2340284.21875 ], [ 564527.1875, 2340293.4375 ], [ 564531.25, 2340296.875 ], [ 564536.5625, 2340299.0625 ], [ 564550.3125, 2340300.3125 ], [ 564556.25, 2340301.875 ], [ 564560.9375, 2340304.6875 ], [ 564567.1875, 2340313.4375 ], [ 564571.25, 2340316.875 ], [ 564576.5625, 2340319.0625 ], [ 564590.3125, 2340320.3125 ], [ 564596.25, 2340321.875 ], [ 564602.8125, 2340326.5625 ], [ 564609.0625, 2340335.3125 ], [ 564613.75, 2340338.125 ], [ 564619.6875, 2340339.6875 ], [ 564896.875, 2340340.0 ], [ 564903.4375, 2340340.9375 ], [ 564908.75, 2340343.125 ], [ 564914.375, 2340348.75 ], [ 564935.625, 2340391.25 ], [ 564938.4375, 2340399.6875 ], [ 564939.53125, 2340406.09375 ], [ 564940.3125, 2340420.3125 ], [ 564943.125, 2340428.75 ], [ 564946.5625, 2340432.8125 ], [ 564955.78125, 2340438.59375 ], [ 564961.40625, 2340444.21875 ], [ 564977.03125, 2340473.59375 ], [ 564982.1875, 2340479.6875 ], [ 564988.75, 2340484.375 ], [ 565011.25, 2340495.625 ], [ 565016.71875, 2340497.65625 ], [ 565026.09375, 2340499.53125 ], [ 565040.3125, 2340500.3125 ], [ 565046.25, 2340501.875 ], [ 565052.8125, 2340506.5625 ], [ 565059.0625, 2340515.3125 ], [ 565063.75, 2340518.125 ], [ 565069.6875, 2340519.6875 ], [ 565226.875, 2340520.0 ], [ 565240.3125, 2340518.4375 ], [ 565248.75, 2340515.625 ], [ 565271.25, 2340504.375 ], [ 565276.71875, 2340502.34375 ], [ 565286.09375, 2340500.46875 ], [ 565300.3125, 2340499.6875 ], [ 565306.25, 2340498.125 ], [ 565312.8125, 2340493.4375 ], [ 565319.0625, 2340484.6875 ], [ 565326.5625, 2340480.9375 ], [ 565333.125, 2340480.0 ], [ 565366.875, 2340480.0 ], [ 565376.25, 2340478.125 ], [ 565380.9375, 2340475.3125 ], [ 565387.1875, 2340466.5625 ], [ 565391.25, 2340463.125 ], [ 565399.6875, 2340460.3125 ], [ 565413.4375, 2340459.0625 ], [ 565420.9375, 2340455.3125 ], [ 565424.375, 2340451.25 ], [ 565435.625, 2340428.75 ], [ 565441.25, 2340423.125 ], [ 565446.5625, 2340420.9375 ], [ 565460.3125, 2340419.6875 ], [ 565466.25, 2340418.125 ], [ 565470.9375, 2340415.3125 ], [ 565477.1875, 2340406.5625 ], [ 565481.25, 2340403.125 ], [ 565486.5625, 2340400.9375 ], [ 565500.3125, 2340399.6875 ], [ 565508.75, 2340396.875 ], [ 565512.8125, 2340393.4375 ], [ 565518.59375, 2340384.21875 ], [ 565524.21875, 2340378.59375 ], [ 565555.78125, 2340361.40625 ], [ 565559.6875, 2340357.8125 ], [ 565564.375, 2340351.25 ], [ 565597.03125, 2340286.40625 ], [ 565602.1875, 2340280.3125 ], [ 565613.4375, 2340272.8125 ], [ 565616.875, 2340268.75 ], [ 565619.0625, 2340263.4375 ], [ 565620.3125, 2340249.6875 ], [ 565621.875, 2340243.75 ], [ 565624.6875, 2340239.0625 ], [ 565633.4375, 2340232.8125 ], [ 565638.125, 2340226.25 ], [ 565639.6875, 2340220.3125 ], [ 565640.9375, 2340202.8125 ], [ 565644.375, 2340191.25 ], [ 565655.625, 2340168.75 ], [ 565658.59375, 2340164.21875 ], [ 565664.21875, 2340158.59375 ], [ 565673.4375, 2340152.8125 ], [ 565678.125, 2340146.25 ], [ 565679.6875, 2340140.3125 ], [ 565680.46875, 2340126.09375 ], [ 565682.34375, 2340116.71875 ], [ 565684.375, 2340111.25 ], [ 565697.1875, 2340086.5625 ], [ 565703.75, 2340081.875 ], [ 565709.6875, 2340080.3125 ], [ 565723.4375, 2340079.0625 ], [ 565730.9375, 2340075.3125 ], [ 565734.375, 2340071.25 ], [ 565755.625, 2340028.75 ], [ 565761.25, 2340023.125 ], [ 565766.5625, 2340020.9375 ], [ 565780.3125, 2340019.6875 ], [ 565788.75, 2340016.875 ], [ 565792.8125, 2340013.4375 ], [ 565800.3125, 2340002.1875 ], [ 565806.40625, 2339997.03125 ], [ 565911.25, 2339944.375 ], [ 565919.6875, 2339937.8125 ], [ 565927.1875, 2339926.5625 ], [ 565931.25, 2339923.125 ], [ 565936.5625, 2339920.9375 ], [ 565950.3125, 2339919.6875 ], [ 565956.25, 2339918.125 ], [ 565960.9375, 2339915.3125 ], [ 565967.1875, 2339906.5625 ], [ 565973.75, 2339901.875 ], [ 565979.6875, 2339900.3125 ], [ 565997.1875, 2339899.0625 ], [ 566006.09375, 2339896.71875 ], [ 566031.25, 2339884.375 ], [ 566035.3125, 2339880.9375 ], [ 566038.125, 2339876.25 ], [ 566040.0, 2339866.875 ], [ 566040.0, 2339803.125 ], [ 566039.0625, 2339796.5625 ], [ 566036.875, 2339791.25 ], [ 566033.4375, 2339787.1875 ], [ 566024.6875, 2339780.9375 ], [ 566021.875, 2339776.25 ], [ 566020.3125, 2339770.3125 ], [ 566020.0, 2339643.125 ], [ 566020.9375, 2339636.5625 ], [ 566023.125, 2339631.25 ], [ 566026.5625, 2339627.1875 ], [ 566033.4375, 2339622.8125 ], [ 566038.125, 2339616.25 ], [ 566039.6875, 2339610.3125 ], [ 566040.3125, 2339599.6875 ], [ 566043.125, 2339591.25 ], [ 566046.5625, 2339587.1875 ], [ 566051.25, 2339584.375 ], [ 566059.6875, 2339581.5625 ], [ 566069.53125, 2339580.15625 ], [ 566226.875, 2339580.0 ], [ 566230.15625, 2339579.53125 ], [ 566235.3125, 2339577.1875 ], [ 566237.1875, 2339575.3125 ], [ 566239.53125, 2339570.15625 ], [ 566240.3125, 2339559.6875 ], [ 566243.125, 2339551.25 ], [ 566246.5625, 2339547.1875 ], [ 566257.8125, 2339539.6875 ], [ 566262.96875, 2339533.59375 ], [ 566295.625, 2339468.75 ], [ 566298.4375, 2339460.3125 ], [ 566299.53125, 2339453.90625 ], [ 566300.3125, 2339439.6875 ], [ 566303.125, 2339431.25 ], [ 566306.5625, 2339427.1875 ], [ 566313.4375, 2339422.8125 ], [ 566318.125, 2339416.25 ], [ 566320.0, 2339406.875 ], [ 566320.0, 2339343.125 ], [ 566319.0625, 2339336.5625 ], [ 566315.3125, 2339329.0625 ], [ 566306.5625, 2339322.8125 ], [ 566303.125, 2339318.75 ], [ 566300.3125, 2339310.3125 ], [ 566299.0625, 2339296.5625 ], [ 566295.3125, 2339289.0625 ], [ 566291.25, 2339285.625 ], [ 566268.75, 2339274.375 ], [ 566264.6875, 2339270.9375 ], [ 566261.875, 2339266.25 ], [ 566260.0, 2339256.875 ], [ 566260.46875, 2339246.09375 ], [ 566263.28125, 2339233.90625 ], [ 566267.1875, 2339226.5625 ], [ 566273.75, 2339221.875 ], [ 566279.6875, 2339220.3125 ], [ 566293.4375, 2339219.0625 ], [ 566300.9375, 2339215.3125 ], [ 566304.375, 2339211.25 ], [ 566325.625, 2339168.75 ], [ 566329.0625, 2339164.6875 ], [ 566333.75, 2339161.875 ], [ 566343.125, 2339160.0 ], [ 566406.875, 2339160.0 ], [ 566417.1875, 2339159.0625 ], [ 566428.75, 2339155.625 ], [ 566451.25, 2339144.375 ], [ 566457.8125, 2339139.6875 ], [ 566462.96875, 2339133.59375 ], [ 566475.625, 2339108.75 ], [ 566482.1875, 2339100.3125 ], [ 566488.75, 2339095.625 ], [ 566511.25, 2339084.375 ], [ 566519.6875, 2339077.8125 ], [ 566524.375, 2339071.25 ], [ 566635.625, 2338848.75 ], [ 566642.1875, 2338840.3125 ], [ 566653.4375, 2338832.8125 ], [ 566656.875, 2338828.75 ], [ 566659.0625, 2338823.4375 ], [ 566660.3125, 2338809.6875 ], [ 566661.875, 2338803.75 ], [ 566664.6875, 2338799.0625 ], [ 566673.4375, 2338792.8125 ], [ 566676.875, 2338788.75 ], [ 566679.0625, 2338783.4375 ], [ 566680.3125, 2338769.6875 ], [ 566681.875, 2338763.75 ], [ 566684.6875, 2338759.0625 ], [ 566693.4375, 2338752.8125 ], [ 566696.875, 2338748.75 ], [ 566699.0625, 2338743.4375 ], [ 566700.3125, 2338729.6875 ], [ 566703.125, 2338721.25 ], [ 566708.75, 2338715.625 ], [ 566731.25, 2338704.375 ], [ 566739.6875, 2338697.8125 ], [ 566744.375, 2338691.25 ], [ 566755.625, 2338668.75 ], [ 566759.0625, 2338664.6875 ], [ 566766.5625, 2338660.9375 ], [ 566780.3125, 2338659.6875 ], [ 566786.25, 2338658.125 ], [ 566792.8125, 2338653.4375 ], [ 566799.0625, 2338644.6875 ], [ 566806.5625, 2338640.9375 ], [ 566813.125, 2338640.0 ], [ 566846.875, 2338640.0 ], [ 566857.1875, 2338639.0625 ], [ 566868.75, 2338635.625 ], [ 566891.25, 2338624.375 ], [ 566896.71875, 2338622.34375 ], [ 566906.09375, 2338620.46875 ], [ 566920.3125, 2338619.6875 ], [ 566928.75, 2338616.875 ], [ 566932.8125, 2338613.4375 ], [ 566938.59375, 2338604.21875 ], [ 566944.21875, 2338598.59375 ], [ 566948.75, 2338595.625 ], [ 567013.59375, 2338562.96875 ], [ 567019.6875, 2338557.8125 ], [ 567027.1875, 2338546.5625 ], [ 567031.25, 2338543.125 ], [ 567039.6875, 2338540.3125 ], [ 567053.4375, 2338539.0625 ], [ 567060.9375, 2338535.3125 ], [ 567064.375, 2338531.25 ], [ 567077.03125, 2338506.40625 ], [ 567082.1875, 2338500.3125 ], [ 567088.75, 2338495.625 ], [ 567111.25, 2338484.375 ], [ 567119.6875, 2338477.8125 ], [ 567124.375, 2338471.25 ], [ 567167.1875, 2338386.5625 ], [ 567173.75, 2338381.875 ], [ 567179.6875, 2338380.3125 ], [ 567190.15625, 2338379.53125 ], [ 567192.96875, 2338378.59375 ], [ 567197.1875, 2338375.3125 ], [ 567199.53125, 2338370.15625 ], [ 567200.3125, 2338359.6875 ], [ 567203.125, 2338351.25 ], [ 567206.5625, 2338347.1875 ], [ 567217.8125, 2338339.6875 ], [ 567222.96875, 2338333.59375 ], [ 567247.1875, 2338286.5625 ], [ 567253.75, 2338281.875 ], [ 567259.6875, 2338280.3125 ], [ 567270.15625, 2338279.53125 ], [ 567272.96875, 2338278.59375 ], [ 567277.1875, 2338275.3125 ], [ 567279.53125, 2338270.15625 ], [ 567280.3125, 2338259.6875 ], [ 567283.125, 2338251.25 ], [ 567286.5625, 2338247.1875 ], [ 567293.4375, 2338242.8125 ], [ 567298.125, 2338236.25 ], [ 567299.6875, 2338230.3125 ], [ 567300.3125, 2338219.6875 ], [ 567303.125, 2338211.25 ], [ 567306.5625, 2338207.1875 ], [ 567313.4375, 2338202.8125 ], [ 567318.125, 2338196.25 ], [ 567319.6875, 2338190.3125 ], [ 567320.9375, 2338176.5625 ], [ 567324.6875, 2338169.0625 ], [ 567328.75, 2338165.625 ], [ 567351.25, 2338154.375 ], [ 567355.3125, 2338150.9375 ], [ 567359.0625, 2338143.4375 ], [ 567360.9375, 2338126.5625 ], [ 567363.125, 2338121.25 ], [ 567366.5625, 2338117.1875 ], [ 567393.59375, 2338102.96875 ], [ 567397.8125, 2338099.6875 ], [ 567402.96875, 2338093.59375 ], [ 567455.625, 2337988.75 ], [ 567462.1875, 2337980.3125 ], [ 567473.4375, 2337972.8125 ], [ 567476.875, 2337968.75 ], [ 567479.0625, 2337963.4375 ], [ 567480.3125, 2337949.6875 ], [ 567481.875, 2337943.75 ], [ 567484.6875, 2337939.0625 ], [ 567493.4375, 2337932.8125 ], [ 567496.875, 2337928.75 ], [ 567499.0625, 2337923.4375 ], [ 567500.3125, 2337909.6875 ], [ 567503.125, 2337901.25 ], [ 567508.75, 2337895.625 ], [ 567533.59375, 2337882.96875 ], [ 567537.8125, 2337879.6875 ], [ 567542.96875, 2337873.59375 ], [ 567597.03125, 2337766.40625 ], [ 567600.3125, 2337762.1875 ], [ 567606.40625, 2337757.03125 ], [ 567631.25, 2337744.375 ], [ 567639.6875, 2337737.8125 ], [ 567644.375, 2337731.25 ], [ 567655.625, 2337708.75 ], [ 567658.59375, 2337704.21875 ], [ 567664.21875, 2337698.59375 ], [ 567673.4375, 2337692.8125 ], [ 567676.875, 2337688.75 ], [ 567679.6875, 2337680.3125 ], [ 567680.9375, 2337666.5625 ], [ 567684.6875, 2337659.0625 ], [ 567688.75, 2337655.625 ], [ 567711.25, 2337644.375 ], [ 567715.3125, 2337640.9375 ], [ 567719.0625, 2337633.4375 ], [ 567720.3125, 2337619.6875 ], [ 567723.125, 2337611.25 ], [ 567726.5625, 2337607.1875 ], [ 567737.8125, 2337599.6875 ], [ 567742.96875, 2337593.59375 ], [ 567777.03125, 2337526.40625 ], [ 567780.3125, 2337522.1875 ], [ 567786.40625, 2337517.03125 ], [ 567813.59375, 2337502.96875 ], [ 567821.40625, 2337495.78125 ], [ 567838.59375, 2337464.21875 ], [ 567844.21875, 2337458.59375 ], [ 567853.4375, 2337452.8125 ], [ 567856.875, 2337448.75 ], [ 567859.6875, 2337440.3125 ], [ 567860.46875, 2337429.84375 ], [ 567862.8125, 2337424.6875 ], [ 567864.6875, 2337422.8125 ], [ 567869.84375, 2337420.46875 ], [ 567880.3125, 2337419.6875 ], [ 567888.75, 2337416.875 ], [ 567892.8125, 2337413.4375 ], [ 567900.3125, 2337402.1875 ], [ 567908.75, 2337395.625 ], [ 568013.59375, 2337342.96875 ], [ 568019.6875, 2337337.8125 ], [ 568027.1875, 2337326.5625 ], [ 568031.25, 2337323.125 ], [ 568039.6875, 2337320.3125 ], [ 568053.4375, 2337319.0625 ], [ 568060.9375, 2337315.3125 ], [ 568064.375, 2337311.25 ], [ 568095.625, 2337248.75 ], [ 568100.3125, 2337242.1875 ], [ 568106.40625, 2337237.03125 ], [ 568131.25, 2337224.375 ], [ 568139.6875, 2337221.5625 ], [ 568149.53125, 2337220.15625 ], [ 568186.875, 2337220.0 ], [ 568193.4375, 2337219.0625 ], [ 568200.9375, 2337215.3125 ], [ 568207.1875, 2337206.5625 ], [ 568213.75, 2337201.875 ], [ 568219.6875, 2337200.3125 ], [ 568230.3125, 2337199.6875 ], [ 568238.75, 2337196.875 ], [ 568244.375, 2337191.25 ], [ 568257.03125, 2337166.40625 ], [ 568260.3125, 2337162.1875 ], [ 568266.40625, 2337157.03125 ], [ 568371.25, 2337104.375 ], [ 568379.6875, 2337097.8125 ], [ 568387.1875, 2337086.5625 ], [ 568391.25, 2337083.125 ], [ 568396.5625, 2337080.9375 ], [ 568417.1875, 2337079.0625 ], [ 568428.75, 2337075.625 ], [ 568451.25, 2337064.375 ], [ 568455.78125, 2337061.40625 ], [ 568461.40625, 2337055.78125 ], [ 568467.1875, 2337046.5625 ], [ 568471.25, 2337043.125 ], [ 568476.5625, 2337040.9375 ], [ 568490.3125, 2337039.6875 ], [ 568498.75, 2337036.875 ], [ 568504.375, 2337031.25 ], [ 568517.03125, 2337006.40625 ], [ 568524.21875, 2336998.59375 ], [ 568555.78125, 2336981.40625 ], [ 568561.40625, 2336975.78125 ], [ 568567.1875, 2336966.5625 ], [ 568571.25, 2336963.125 ], [ 568579.6875, 2336960.3125 ], [ 568593.4375, 2336959.0625 ], [ 568600.9375, 2336955.3125 ], [ 568604.375, 2336951.25 ], [ 568615.625, 2336928.75 ], [ 568620.3125, 2336922.1875 ], [ 568626.40625, 2336917.03125 ], [ 568651.25, 2336904.375 ], [ 568657.8125, 2336899.6875 ], [ 568662.96875, 2336893.59375 ], [ 568675.625, 2336868.75 ], [ 568679.0625, 2336864.6875 ], [ 568686.5625, 2336860.9375 ], [ 568700.3125, 2336859.6875 ], [ 568708.75, 2336856.875 ], [ 568712.8125, 2336853.4375 ], [ 568720.3125, 2336842.1875 ], [ 568726.40625, 2336837.03125 ], [ 568831.25, 2336784.375 ], [ 568839.6875, 2336777.8125 ], [ 568847.1875, 2336766.5625 ], [ 568851.25, 2336763.125 ], [ 568859.6875, 2336760.3125 ], [ 568873.4375, 2336759.0625 ], [ 568880.9375, 2336755.3125 ], [ 568884.375, 2336751.25 ], [ 568895.625, 2336728.75 ], [ 568900.3125, 2336722.1875 ], [ 568906.40625, 2336717.03125 ], [ 568931.25, 2336704.375 ], [ 568937.8125, 2336699.6875 ], [ 568944.375, 2336691.25 ], [ 568957.03125, 2336666.40625 ], [ 568960.3125, 2336662.1875 ], [ 568966.40625, 2336657.03125 ], [ 569071.25, 2336604.375 ], [ 569082.8125, 2336600.9375 ], [ 569100.3125, 2336599.6875 ], [ 569106.25, 2336598.125 ], [ 569110.9375, 2336595.3125 ], [ 569117.1875, 2336586.5625 ], [ 569123.75, 2336581.875 ], [ 569133.125, 2336580.0 ], [ 569230.3125, 2336579.6875 ], [ 569236.25, 2336578.125 ], [ 569240.9375, 2336575.3125 ], [ 569247.1875, 2336566.5625 ], [ 569253.75, 2336561.875 ], [ 569259.6875, 2336560.3125 ], [ 569273.90625, 2336559.53125 ], [ 569283.28125, 2336557.65625 ], [ 569313.90625, 2336543.28125 ], [ 569322.8125, 2336540.9375 ], [ 569333.125, 2336540.0 ], [ 569433.90625, 2336540.46875 ], [ 569446.09375, 2336543.28125 ], [ 569473.90625, 2336556.71875 ], [ 569479.6875, 2336558.4375 ], [ 569489.53125, 2336559.84375 ], [ 569736.875, 2336560.0 ], [ 569743.4375, 2336560.9375 ], [ 569748.75, 2336563.125 ], [ 569752.8125, 2336566.5625 ], [ 569757.1875, 2336573.4375 ], [ 569763.75, 2336578.125 ], [ 569769.6875, 2336579.6875 ], [ 569780.3125, 2336580.3125 ], [ 569788.75, 2336583.125 ], [ 569792.8125, 2336586.5625 ], [ 569797.03125, 2336593.59375 ], [ 569802.1875, 2336599.6875 ], [ 569808.75, 2336604.375 ], [ 569831.25, 2336615.625 ], [ 569835.78125, 2336618.59375 ], [ 569841.40625, 2336624.21875 ], [ 569847.1875, 2336633.4375 ], [ 569853.75, 2336638.125 ], [ 569863.125, 2336640.0 ], [ 569926.875, 2336640.0 ], [ 569936.25, 2336641.875 ], [ 569940.9375, 2336644.6875 ], [ 569947.1875, 2336653.4375 ], [ 569951.25, 2336656.875 ], [ 569956.5625, 2336659.0625 ], [ 569970.3125, 2336660.3125 ], [ 569976.25, 2336661.875 ], [ 569980.9375, 2336664.6875 ], [ 569987.1875, 2336673.4375 ], [ 569991.25, 2336676.875 ], [ 569999.6875, 2336679.6875 ], [ 570010.15625, 2336680.46875 ], [ 570015.3125, 2336682.8125 ], [ 570018.59375, 2336687.03125 ], [ 570019.53125, 2336689.84375 ], [ 570020.9375, 2336703.4375 ], [ 570024.6875, 2336710.9375 ], [ 570028.75, 2336714.375 ], [ 570071.25, 2336735.625 ], [ 570077.8125, 2336740.3125 ], [ 570084.375, 2336748.75 ], [ 570095.625, 2336771.25 ], [ 570101.25, 2336776.875 ], [ 570106.5625, 2336779.0625 ], [ 570113.125, 2336780.0 ], [ 570176.875, 2336780.0 ], [ 570183.4375, 2336780.9375 ], [ 570190.9375, 2336784.6875 ], [ 570194.375, 2336788.75 ], [ 570196.71875, 2336793.90625 ], [ 570199.53125, 2336806.09375 ], [ 570200.0, 2336846.875 ], [ 570201.5625, 2336860.3125 ], [ 570205.625, 2336871.25 ], [ 570211.25, 2336876.875 ], [ 570216.5625, 2336879.0625 ], [ 570223.125, 2336880.0 ], [ 570290.3125, 2336879.6875 ], [ 570296.25, 2336878.125 ], [ 570300.9375, 2336875.3125 ], [ 570307.1875, 2336866.5625 ], [ 570313.75, 2336861.875 ], [ 570323.125, 2336860.0 ], [ 570337.1875, 2336860.9375 ], [ 570348.75, 2336864.375 ], [ 570371.25, 2336875.625 ], [ 570377.8125, 2336880.3125 ], [ 570384.375, 2336888.75 ], [ 570395.625, 2336911.25 ], [ 570401.25, 2336916.875 ], [ 570406.5625, 2336919.0625 ], [ 570413.125, 2336920.0 ], [ 570450.3125, 2336920.3125 ], [ 570456.25, 2336921.875 ], [ 570460.9375, 2336924.6875 ], [ 570464.375, 2336928.75 ], [ 570475.625, 2336951.25 ], [ 570480.3125, 2336957.8125 ], [ 570488.75, 2336964.375 ], [ 570513.59375, 2336977.03125 ], [ 570519.6875, 2336982.1875 ], [ 570524.375, 2336988.75 ], [ 570555.625, 2337051.25 ], [ 570557.65625, 2337056.71875 ], [ 570559.84375, 2337069.53125 ], [ 570560.3125, 2337110.3125 ], [ 570561.875, 2337116.25 ], [ 570564.6875, 2337120.9375 ], [ 570568.75, 2337124.375 ], [ 570591.25, 2337135.625 ], [ 570597.8125, 2337140.3125 ], [ 570604.375, 2337148.75 ], [ 570615.625, 2337171.25 ], [ 570621.25, 2337176.875 ], [ 570629.6875, 2337179.6875 ], [ 570666.875, 2337180.0 ], [ 570676.25, 2337181.875 ], [ 570680.9375, 2337184.6875 ], [ 570687.1875, 2337193.4375 ], [ 570691.25, 2337196.875 ], [ 570696.5625, 2337199.0625 ], [ 570710.3125, 2337200.3125 ], [ 570716.25, 2337201.875 ], [ 570720.9375, 2337204.6875 ], [ 570727.1875, 2337213.4375 ], [ 570731.25, 2337216.875 ], [ 570739.6875, 2337219.6875 ], [ 570753.4375, 2337220.9375 ], [ 570760.9375, 2337224.6875 ], [ 570764.375, 2337228.75 ], [ 570775.625, 2337251.25 ], [ 570780.3125, 2337257.8125 ], [ 570788.75, 2337264.375 ], [ 570811.25, 2337275.625 ], [ 570816.875, 2337281.25 ], [ 570819.0625, 2337286.5625 ], [ 570820.0, 2337293.125 ], [ 570820.3125, 2337330.3125 ], [ 570821.875, 2337336.25 ], [ 570824.6875, 2337340.9375 ], [ 570828.75, 2337344.375 ], [ 570851.25, 2337355.625 ], [ 570859.6875, 2337358.4375 ], [ 570873.125, 2337360.0 ], [ 570910.3125, 2337360.3125 ], [ 570916.25, 2337361.875 ], [ 570920.9375, 2337364.6875 ], [ 570924.375, 2337368.75 ], [ 570937.03125, 2337393.59375 ], [ 570944.21875, 2337401.40625 ], [ 570948.75, 2337404.375 ], [ 571011.25, 2337435.625 ], [ 571015.3125, 2337439.0625 ], [ 571018.125, 2337443.75 ], [ 571019.6875, 2337449.6875 ], [ 571020.46875, 2337490.15625 ], [ 571021.40625, 2337492.96875 ], [ 571024.6875, 2337497.1875 ], [ 571029.84375, 2337499.53125 ], [ 571040.3125, 2337500.3125 ], [ 571046.25, 2337501.875 ], [ 571052.8125, 2337506.5625 ], [ 571059.0625, 2337515.3125 ], [ 571063.75, 2337518.125 ], [ 571069.6875, 2337519.6875 ], [ 571226.875, 2337520.0 ], [ 571232.96875, 2337521.40625 ], [ 571235.3125, 2337522.8125 ], [ 571238.59375, 2337527.03125 ], [ 571239.53125, 2337529.84375 ], [ 571240.9375, 2337543.4375 ], [ 571244.6875, 2337550.9375 ], [ 571248.75, 2337554.375 ], [ 571271.25, 2337565.625 ], [ 571276.875, 2337571.25 ], [ 571279.6875, 2337579.6875 ], [ 571280.46875, 2337590.15625 ], [ 571281.40625, 2337592.96875 ], [ 571284.6875, 2337597.1875 ], [ 571287.03125, 2337598.59375 ], [ 571293.125, 2337600.0 ], [ 571326.875, 2337600.0 ], [ 571340.3125, 2337601.5625 ], [ 571348.75, 2337604.375 ], [ 571371.25, 2337615.625 ], [ 571379.6875, 2337618.4375 ], [ 571393.125, 2337620.0 ], [ 571456.875, 2337620.0 ], [ 571463.4375, 2337619.0625 ], [ 571468.75, 2337616.875 ], [ 571472.8125, 2337613.4375 ], [ 571485.625, 2337588.75 ], [ 571489.0625, 2337584.6875 ], [ 571493.75, 2337581.875 ], [ 571503.125, 2337580.0 ], [ 571513.90625, 2337580.46875 ], [ 571523.28125, 2337582.34375 ], [ 571553.90625, 2337596.71875 ], [ 571566.09375, 2337599.53125 ], [ 571670.15625, 2337599.53125 ], [ 571675.3125, 2337597.1875 ], [ 571678.59375, 2337592.96875 ], [ 571679.53125, 2337590.15625 ], [ 571680.9375, 2337576.5625 ], [ 571683.125, 2337571.25 ], [ 571686.5625, 2337567.1875 ], [ 571771.25, 2337524.375 ], [ 571775.78125, 2337521.40625 ], [ 571782.96875, 2337513.59375 ], [ 571795.625, 2337488.75 ], [ 571801.25, 2337483.125 ], [ 571806.5625, 2337480.9375 ], [ 571813.125, 2337480.0 ], [ 571876.875, 2337480.0 ], [ 571883.4375, 2337479.0625 ], [ 571890.9375, 2337475.3125 ], [ 571899.0625, 2337464.6875 ], [ 571903.75, 2337461.875 ], [ 571909.6875, 2337460.3125 ], [ 571946.875, 2337460.0 ], [ 571957.1875, 2337460.9375 ], [ 571968.75, 2337464.375 ], [ 571993.90625, 2337476.71875 ], [ 571999.6875, 2337478.4375 ], [ 572009.53125, 2337479.84375 ], [ 572226.875, 2337480.0 ], [ 572233.4375, 2337479.0625 ], [ 572240.9375, 2337475.3125 ], [ 572247.1875, 2337466.5625 ], [ 572251.25, 2337463.125 ], [ 572259.6875, 2337460.3125 ], [ 572273.4375, 2337459.0625 ], [ 572280.9375, 2337455.3125 ], [ 572284.375, 2337451.25 ], [ 572295.625, 2337428.75 ], [ 572299.0625, 2337424.6875 ], [ 572306.5625, 2337420.9375 ], [ 572323.4375, 2337419.0625 ], [ 572330.9375, 2337415.3125 ], [ 572334.375, 2337411.25 ], [ 572345.625, 2337388.75 ], [ 572349.0625, 2337384.6875 ], [ 572356.5625, 2337380.9375 ], [ 572373.4375, 2337379.0625 ], [ 572380.9375, 2337375.3125 ], [ 572384.375, 2337371.25 ], [ 572397.1875, 2337346.5625 ], [ 572401.25, 2337343.125 ], [ 572406.5625, 2337340.9375 ], [ 572413.125, 2337340.0 ], [ 572446.875, 2337340.0 ], [ 572457.1875, 2337340.9375 ], [ 572466.09375, 2337343.28125 ], [ 572493.59375, 2337357.03125 ], [ 572499.6875, 2337362.1875 ], [ 572509.0625, 2337375.3125 ], [ 572516.5625, 2337379.0625 ], [ 572523.125, 2337380.0 ], [ 572590.46875, 2337379.84375 ], [ 572603.28125, 2337377.65625 ], [ 572608.75, 2337375.625 ], [ 572613.4375, 2337372.8125 ], [ 572618.125, 2337366.25 ], [ 572619.6875, 2337360.3125 ], [ 572620.46875, 2337349.84375 ], [ 572622.8125, 2337344.6875 ], [ 572624.6875, 2337342.8125 ], [ 572629.84375, 2337340.46875 ], [ 572640.3125, 2337339.6875 ], [ 572648.75, 2337336.875 ], [ 572652.8125, 2337333.4375 ], [ 572657.1875, 2337326.5625 ], [ 572663.75, 2337321.875 ], [ 572673.125, 2337320.0 ], [ 572766.875, 2337320.0 ], [ 572770.15625, 2337319.53125 ], [ 572775.3125, 2337317.1875 ], [ 572777.1875, 2337315.3125 ], [ 572779.53125, 2337310.15625 ], [ 572780.0, 2337273.125 ], [ 572781.40625, 2337267.03125 ], [ 572784.6875, 2337262.8125 ], [ 572789.84375, 2337260.46875 ], [ 572800.3125, 2337259.6875 ], [ 572808.75, 2337256.875 ], [ 572812.8125, 2337253.4375 ], [ 572819.0625, 2337244.6875 ], [ 572826.5625, 2337240.9375 ], [ 572833.125, 2337240.0 ], [ 572866.875, 2337240.0 ], [ 572872.96875, 2337238.59375 ], [ 572877.1875, 2337235.3125 ], [ 572878.59375, 2337232.96875 ], [ 572880.0, 2337226.875 ], [ 572880.15625, 2337189.53125 ], [ 572880.9375, 2337182.8125 ], [ 572883.28125, 2337173.90625 ], [ 572897.03125, 2337146.40625 ], [ 572902.1875, 2337140.3125 ], [ 572915.3125, 2337130.9375 ], [ 572919.0625, 2337123.4375 ], [ 572920.0, 2337116.875 ], [ 572919.6875, 2336989.6875 ], [ 572918.125, 2336983.75 ], [ 572915.3125, 2336979.0625 ], [ 572906.5625, 2336972.8125 ], [ 572901.875, 2336966.25 ], [ 572900.3125, 2336960.3125 ], [ 572899.6875, 2336949.6875 ], [ 572896.875, 2336941.25 ], [ 572893.4375, 2336937.1875 ], [ 572884.6875, 2336930.9375 ], [ 572880.9375, 2336923.4375 ], [ 572880.0, 2336916.875 ], [ 572880.0, 2336883.125 ], [ 572881.875, 2336873.75 ], [ 572886.5625, 2336867.1875 ], [ 572895.78125, 2336861.40625 ], [ 572901.40625, 2336855.78125 ], [ 572904.375, 2336851.25 ], [ 572915.625, 2336828.75 ], [ 572920.3125, 2336822.1875 ], [ 572928.75, 2336815.625 ], [ 572951.25, 2336804.375 ], [ 572955.78125, 2336801.40625 ], [ 572961.40625, 2336795.78125 ], [ 572967.1875, 2336786.5625 ], [ 572971.25, 2336783.125 ], [ 572976.5625, 2336780.9375 ], [ 572990.3125, 2336779.6875 ], [ 572996.25, 2336778.125 ], [ 573002.8125, 2336773.4375 ], [ 573009.0625, 2336764.6875 ], [ 573016.5625, 2336760.9375 ], [ 573023.125, 2336760.0 ], [ 573086.875, 2336760.0 ], [ 573092.96875, 2336758.59375 ], [ 573097.1875, 2336755.3125 ], [ 573098.59375, 2336752.96875 ], [ 573100.0, 2336746.875 ], [ 573100.0, 2336653.125 ], [ 573100.46875, 2336646.09375 ], [ 573102.34375, 2336636.71875 ], [ 573104.375, 2336631.25 ], [ 573107.1875, 2336626.5625 ], [ 573113.75, 2336621.875 ], [ 573123.125, 2336620.0 ], [ 573160.3125, 2336619.6875 ], [ 573168.75, 2336616.875 ], [ 573174.375, 2336611.25 ], [ 573177.65625, 2336603.28125 ], [ 573179.84375, 2336590.46875 ], [ 573180.0, 2336493.125 ], [ 573180.46875, 2336489.84375 ], [ 573182.8125, 2336484.6875 ], [ 573187.03125, 2336481.40625 ], [ 573193.125, 2336480.0 ], [ 573230.46875, 2336480.15625 ], [ 573237.1875, 2336480.9375 ], [ 573246.09375, 2336483.28125 ], [ 573251.25, 2336485.625 ], [ 573255.3125, 2336489.0625 ], [ 573258.125, 2336493.75 ], [ 573260.0, 2336503.125 ], [ 573260.0, 2336566.875 ], [ 573261.40625, 2336572.96875 ], [ 573262.8125, 2336575.3125 ], [ 573267.03125, 2336578.59375 ], [ 573273.125, 2336580.0 ], [ 573396.875, 2336580.0 ], [ 573406.25, 2336578.125 ], [ 573412.8125, 2336573.4375 ], [ 573417.03125, 2336566.40625 ], [ 573422.1875, 2336560.3125 ], [ 573435.3125, 2336550.9375 ], [ 573439.0625, 2336543.4375 ], [ 573440.0, 2336536.875 ], [ 573440.0, 2336473.125 ], [ 573438.59375, 2336467.03125 ], [ 573437.1875, 2336464.6875 ], [ 573432.96875, 2336461.40625 ], [ 573426.875, 2336460.0 ], [ 573389.84375, 2336459.53125 ], [ 573384.6875, 2336457.1875 ], [ 573381.40625, 2336452.96875 ], [ 573380.0, 2336446.875 ], [ 573380.0, 2336383.125 ], [ 573381.875, 2336373.75 ], [ 573384.6875, 2336369.0625 ], [ 573388.75, 2336365.625 ], [ 573399.6875, 2336361.5625 ], [ 573413.125, 2336360.0 ], [ 573446.875, 2336360.0 ], [ 573456.25, 2336358.125 ], [ 573460.9375, 2336355.3125 ], [ 573467.1875, 2336346.5625 ], [ 573471.25, 2336343.125 ], [ 573476.5625, 2336340.9375 ], [ 573490.3125, 2336339.6875 ], [ 573496.25, 2336338.125 ], [ 573500.9375, 2336335.3125 ], [ 573507.1875, 2336326.5625 ], [ 573511.25, 2336323.125 ], [ 573516.5625, 2336320.9375 ], [ 573523.125, 2336320.0 ], [ 573560.3125, 2336320.3125 ], [ 573566.25, 2336321.875 ], [ 573570.9375, 2336324.6875 ], [ 573580.3125, 2336337.8125 ], [ 573584.21875, 2336341.40625 ], [ 573593.4375, 2336347.1875 ], [ 573596.875, 2336351.25 ], [ 573599.6875, 2336359.6875 ], [ 573600.46875, 2336370.15625 ], [ 573602.8125, 2336375.3125 ], [ 573604.6875, 2336377.1875 ], [ 573609.84375, 2336379.53125 ], [ 573620.3125, 2336380.3125 ], [ 573626.25, 2336381.875 ], [ 573630.9375, 2336384.6875 ], [ 573634.375, 2336388.75 ], [ 573636.71875, 2336393.90625 ], [ 573639.0625, 2336402.8125 ], [ 573640.9375, 2336423.4375 ], [ 573643.125, 2336428.75 ], [ 573648.75, 2336434.375 ], [ 573659.6875, 2336438.4375 ], [ 573673.125, 2336440.0 ], [ 573736.875, 2336440.0 ], [ 573743.4375, 2336439.0625 ], [ 573750.9375, 2336435.3125 ], [ 573760.3125, 2336422.1875 ], [ 573764.21875, 2336418.59375 ], [ 573771.25, 2336414.375 ], [ 573775.3125, 2336410.9375 ], [ 573779.0625, 2336403.4375 ], [ 573780.0, 2336396.875 ], [ 573780.0, 2336333.125 ], [ 573780.46875, 2336329.84375 ], [ 573782.8125, 2336324.6875 ], [ 573784.6875, 2336322.8125 ], [ 573789.84375, 2336320.46875 ], [ 573800.3125, 2336319.6875 ], [ 573808.75, 2336316.875 ], [ 573812.8125, 2336313.4375 ], [ 573817.1875, 2336306.5625 ], [ 573823.75, 2336301.875 ], [ 573829.6875, 2336300.3125 ], [ 573840.3125, 2336299.6875 ], [ 573848.75, 2336296.875 ], [ 573852.8125, 2336293.4375 ], [ 573858.59375, 2336284.21875 ], [ 573864.21875, 2336278.59375 ], [ 573868.75, 2336275.625 ], [ 573891.25, 2336264.375 ], [ 573895.3125, 2336260.9375 ], [ 573899.0625, 2336253.4375 ], [ 573900.3125, 2336239.6875 ], [ 573903.125, 2336231.25 ], [ 573906.5625, 2336227.1875 ], [ 573913.4375, 2336222.8125 ], [ 573918.125, 2336216.25 ], [ 573919.6875, 2336210.3125 ], [ 573920.3125, 2336199.6875 ], [ 573923.125, 2336191.25 ], [ 573928.75, 2336185.625 ], [ 573953.4375, 2336172.8125 ], [ 573958.125, 2336166.25 ], [ 573959.6875, 2336160.3125 ], [ 573960.9375, 2336146.5625 ], [ 573964.6875, 2336139.0625 ], [ 573968.75, 2336135.625 ], [ 573991.25, 2336124.375 ], [ 573996.875, 2336118.75 ], [ 573999.0625, 2336113.4375 ], [ 574000.3125, 2336099.6875 ], [ 574001.875, 2336093.75 ], [ 574004.6875, 2336089.0625 ], [ 574013.4375, 2336082.8125 ], [ 574016.875, 2336078.75 ], [ 574019.0625, 2336073.4375 ], [ 574020.3125, 2336059.6875 ], [ 574023.125, 2336051.25 ], [ 574026.5625, 2336047.1875 ], [ 574035.78125, 2336041.40625 ], [ 574041.40625, 2336035.78125 ], [ 574044.375, 2336031.25 ], [ 574055.625, 2336008.75 ], [ 574059.0625, 2335997.1875 ], [ 574060.9375, 2335976.5625 ], [ 574064.6875, 2335969.0625 ], [ 574068.75, 2335965.625 ], [ 574113.90625, 2335943.28125 ], [ 574126.09375, 2335940.46875 ], [ 574140.3125, 2335939.6875 ], [ 574148.75, 2335936.875 ], [ 574152.8125, 2335933.4375 ], [ 574160.3125, 2335922.1875 ], [ 574166.40625, 2335917.03125 ], [ 574231.25, 2335884.375 ], [ 574235.78125, 2335881.40625 ], [ 574241.40625, 2335875.78125 ], [ 574244.375, 2335871.25 ], [ 574276.71875, 2335806.09375 ], [ 574278.4375, 2335800.3125 ], [ 574279.84375, 2335790.46875 ], [ 574280.0, 2335753.125 ], [ 574280.9375, 2335746.5625 ], [ 574284.6875, 2335739.0625 ], [ 574293.4375, 2335732.8125 ], [ 574298.125, 2335726.25 ], [ 574299.6875, 2335720.3125 ], [ 574300.3125, 2335709.6875 ], [ 574303.125, 2335701.25 ], [ 574308.75, 2335695.625 ], [ 574331.25, 2335684.375 ], [ 574335.3125, 2335680.9375 ], [ 574339.0625, 2335673.4375 ], [ 574340.3125, 2335659.6875 ], [ 574343.125, 2335651.25 ], [ 574346.5625, 2335647.1875 ], [ 574355.78125, 2335641.40625 ], [ 574361.40625, 2335635.78125 ], [ 574364.375, 2335631.25 ], [ 574375.625, 2335608.75 ], [ 574380.3125, 2335602.1875 ], [ 574386.40625, 2335597.03125 ], [ 574411.25, 2335584.375 ], [ 574415.3125, 2335580.9375 ], [ 574419.0625, 2335573.4375 ], [ 574420.9375, 2335556.5625 ], [ 574424.6875, 2335549.0625 ], [ 574437.8125, 2335539.6875 ], [ 574441.40625, 2335535.78125 ], [ 574447.1875, 2335526.5625 ], [ 574451.25, 2335523.125 ], [ 574459.6875, 2335520.3125 ], [ 574473.4375, 2335519.0625 ], [ 574480.9375, 2335515.3125 ], [ 574484.375, 2335511.25 ], [ 574497.03125, 2335486.40625 ], [ 574500.3125, 2335482.1875 ], [ 574506.40625, 2335477.03125 ], [ 574573.59375, 2335442.96875 ], [ 574579.6875, 2335437.8125 ], [ 574587.1875, 2335426.5625 ], [ 574591.25, 2335423.125 ], [ 574599.6875, 2335420.3125 ], [ 574613.4375, 2335419.0625 ], [ 574620.9375, 2335415.3125 ], [ 574624.375, 2335411.25 ], [ 574637.03125, 2335386.40625 ], [ 574642.1875, 2335380.3125 ], [ 574648.75, 2335375.625 ], [ 574673.59375, 2335362.96875 ], [ 574677.8125, 2335359.6875 ], [ 574682.96875, 2335353.59375 ], [ 574696.71875, 2335326.09375 ], [ 574699.0625, 2335317.1875 ], [ 574700.9375, 2335296.5625 ], [ 574703.125, 2335291.25 ], [ 574706.5625, 2335287.1875 ], [ 574753.90625, 2335263.28125 ], [ 574766.09375, 2335260.46875 ], [ 574780.3125, 2335259.6875 ], [ 574788.75, 2335256.875 ], [ 574792.8125, 2335253.4375 ], [ 574798.59375, 2335244.21875 ], [ 574804.21875, 2335238.59375 ], [ 574808.75, 2335235.625 ], [ 574831.25, 2335224.375 ], [ 574835.3125, 2335220.9375 ], [ 574839.0625, 2335213.4375 ], [ 574840.3125, 2335199.6875 ], [ 574843.125, 2335191.25 ], [ 574846.5625, 2335187.1875 ], [ 574853.4375, 2335182.8125 ], [ 574858.125, 2335176.25 ], [ 574859.6875, 2335170.3125 ], [ 574860.3125, 2335159.6875 ], [ 574863.125, 2335151.25 ], [ 574868.75, 2335145.625 ], [ 574891.25, 2335134.375 ], [ 574896.875, 2335128.75 ], [ 574899.6875, 2335120.3125 ], [ 574900.46875, 2335106.09375 ], [ 574902.34375, 2335096.71875 ], [ 574917.65625, 2335063.28125 ], [ 574919.53125, 2335053.90625 ], [ 574920.3125, 2335039.6875 ], [ 574921.875, 2335033.75 ], [ 574926.5625, 2335027.1875 ], [ 574951.25, 2335014.375 ], [ 574956.875, 2335008.75 ], [ 574959.0625, 2335003.4375 ], [ 574960.3125, 2334989.6875 ], [ 574961.875, 2334983.75 ], [ 574966.5625, 2334977.1875 ], [ 574975.3125, 2334970.9375 ], [ 574979.0625, 2334963.4375 ], [ 574980.0, 2334956.875 ], [ 574980.0, 2334923.125 ], [ 574981.875, 2334913.75 ], [ 574986.5625, 2334907.1875 ], [ 574995.78125, 2334901.40625 ], [ 575002.96875, 2334893.59375 ], [ 575025.625, 2334848.75 ], [ 575029.0625, 2334844.6875 ], [ 575033.75, 2334841.875 ], [ 575043.125, 2334840.0 ], [ 575166.875, 2334840.0 ], [ 575176.25, 2334838.125 ], [ 575180.9375, 2334835.3125 ], [ 575184.375, 2334831.25 ], [ 575195.625, 2334808.75 ], [ 575202.1875, 2334800.3125 ], [ 575208.75, 2334795.625 ], [ 575231.25, 2334784.375 ], [ 575239.6875, 2334777.8125 ], [ 575244.375, 2334771.25 ], [ 575255.625, 2334748.75 ], [ 575259.0625, 2334744.6875 ], [ 575266.5625, 2334740.9375 ], [ 575283.4375, 2334739.0625 ], [ 575288.75, 2334736.875 ], [ 575292.8125, 2334733.4375 ], [ 575305.625, 2334708.75 ], [ 575309.0625, 2334704.6875 ], [ 575316.5625, 2334700.9375 ], [ 575330.3125, 2334699.6875 ], [ 575336.25, 2334698.125 ], [ 575340.9375, 2334695.3125 ], [ 575347.1875, 2334686.5625 ], [ 575351.25, 2334683.125 ], [ 575359.6875, 2334680.3125 ], [ 575373.4375, 2334679.0625 ], [ 575380.9375, 2334675.3125 ], [ 575384.375, 2334671.25 ], [ 575395.625, 2334648.75 ], [ 575398.59375, 2334644.21875 ], [ 575404.21875, 2334638.59375 ], [ 575413.4375, 2334632.8125 ], [ 575416.875, 2334628.75 ], [ 575419.6875, 2334620.3125 ], [ 575420.9375, 2334606.5625 ], [ 575424.6875, 2334599.0625 ], [ 575428.75, 2334595.625 ], [ 575453.59375, 2334582.96875 ], [ 575457.8125, 2334579.6875 ], [ 575462.96875, 2334573.59375 ], [ 575475.625, 2334548.75 ], [ 575477.65625, 2334543.28125 ], [ 575479.53125, 2334533.90625 ], [ 575480.3125, 2334519.6875 ], [ 575483.125, 2334511.25 ], [ 575486.5625, 2334507.1875 ], [ 575495.78125, 2334501.40625 ], [ 575501.40625, 2334495.78125 ], [ 575518.59375, 2334464.21875 ], [ 575526.40625, 2334457.03125 ], [ 575551.25, 2334444.375 ], [ 575557.8125, 2334439.6875 ], [ 575562.96875, 2334433.59375 ], [ 575575.625, 2334408.75 ], [ 575580.3125, 2334402.1875 ], [ 575586.40625, 2334397.03125 ], [ 575611.25, 2334384.375 ], [ 575617.8125, 2334379.6875 ], [ 575622.96875, 2334373.59375 ], [ 575635.625, 2334348.75 ], [ 575640.3125, 2334342.1875 ], [ 575646.40625, 2334337.03125 ], [ 575671.25, 2334324.375 ], [ 575677.8125, 2334319.6875 ], [ 575682.96875, 2334313.59375 ], [ 575695.625, 2334288.75 ], [ 575699.0625, 2334284.6875 ], [ 575706.5625, 2334280.9375 ], [ 575720.3125, 2334279.6875 ], [ 575728.75, 2334276.875 ], [ 575732.8125, 2334273.4375 ], [ 575738.59375, 2334264.21875 ], [ 575744.21875, 2334258.59375 ], [ 575748.75, 2334255.625 ], [ 575771.25, 2334244.375 ], [ 575777.8125, 2334239.6875 ], [ 575782.96875, 2334233.59375 ], [ 575795.625, 2334208.75 ], [ 575800.3125, 2334202.1875 ], [ 575806.40625, 2334197.03125 ], [ 575831.25, 2334184.375 ], [ 575837.8125, 2334179.6875 ], [ 575842.96875, 2334173.59375 ], [ 575855.625, 2334148.75 ], [ 575860.3125, 2334142.1875 ], [ 575866.40625, 2334137.03125 ], [ 575891.25, 2334124.375 ], [ 575897.8125, 2334119.6875 ], [ 575902.96875, 2334113.59375 ], [ 575915.625, 2334088.75 ], [ 575922.1875, 2334080.3125 ], [ 575928.75, 2334075.625 ], [ 575951.25, 2334064.375 ], [ 575955.78125, 2334061.40625 ], [ 575961.40625, 2334055.78125 ], [ 575967.1875, 2334046.5625 ], [ 575971.25, 2334043.125 ], [ 575979.6875, 2334040.3125 ], [ 575993.4375, 2334039.0625 ], [ 576000.9375, 2334035.3125 ], [ 576004.375, 2334031.25 ], [ 576017.03125, 2334006.40625 ], [ 576024.21875, 2333998.59375 ], [ 576028.75, 2333995.625 ], [ 576091.25, 2333964.375 ], [ 576096.71875, 2333962.34375 ], [ 576109.53125, 2333960.15625 ], [ 576146.875, 2333960.0 ], [ 576150.15625, 2333959.53125 ], [ 576155.3125, 2333957.1875 ], [ 576157.1875, 2333955.3125 ], [ 576159.53125, 2333950.15625 ], [ 576160.3125, 2333909.6875 ], [ 576161.875, 2333903.75 ], [ 576164.6875, 2333899.0625 ], [ 576168.75, 2333895.625 ], [ 576191.25, 2333884.375 ], [ 576195.78125, 2333881.40625 ], [ 576201.40625, 2333875.78125 ], [ 576207.1875, 2333866.5625 ], [ 576211.25, 2333863.125 ], [ 576219.6875, 2333860.3125 ], [ 576233.4375, 2333859.0625 ], [ 576240.9375, 2333855.3125 ], [ 576244.375, 2333851.25 ], [ 576255.625, 2333828.75 ], [ 576260.3125, 2333822.1875 ], [ 576266.40625, 2333817.03125 ], [ 576291.25, 2333804.375 ], [ 576295.3125, 2333800.9375 ], [ 576299.0625, 2333793.4375 ], [ 576300.9375, 2333776.5625 ], [ 576304.6875, 2333769.0625 ], [ 576308.75, 2333765.625 ], [ 576351.25, 2333744.375 ], [ 576355.3125, 2333740.9375 ], [ 576359.0625, 2333733.4375 ], [ 576360.3125, 2333719.6875 ], [ 576363.125, 2333711.25 ], [ 576366.5625, 2333707.1875 ], [ 576375.78125, 2333701.40625 ], [ 576381.40625, 2333695.78125 ], [ 576384.375, 2333691.25 ], [ 576395.625, 2333668.75 ], [ 576402.1875, 2333660.3125 ], [ 576408.75, 2333655.625 ], [ 576431.25, 2333644.375 ], [ 576435.78125, 2333641.40625 ], [ 576441.40625, 2333635.78125 ], [ 576447.1875, 2333626.5625 ], [ 576451.25, 2333623.125 ], [ 576456.5625, 2333620.9375 ], [ 576470.3125, 2333619.6875 ], [ 576476.25, 2333618.125 ], [ 576480.9375, 2333615.3125 ], [ 576487.1875, 2333606.5625 ], [ 576491.25, 2333603.125 ], [ 576496.5625, 2333600.9375 ], [ 576510.3125, 2333599.6875 ], [ 576516.25, 2333598.125 ], [ 576520.9375, 2333595.3125 ], [ 576527.1875, 2333586.5625 ], [ 576531.25, 2333583.125 ], [ 576539.6875, 2333580.3125 ], [ 576550.15625, 2333579.53125 ], [ 576555.3125, 2333577.1875 ], [ 576557.1875, 2333575.3125 ], [ 576559.53125, 2333570.15625 ], [ 576560.3125, 2333559.6875 ], [ 576561.875, 2333553.75 ], [ 576566.5625, 2333547.1875 ], [ 576611.25, 2333524.375 ], [ 576615.3125, 2333520.9375 ], [ 576618.125, 2333516.25 ], [ 576619.6875, 2333510.3125 ], [ 576620.0, 2333473.125 ], [ 576621.875, 2333463.75 ], [ 576624.6875, 2333459.0625 ], [ 576628.75, 2333455.625 ], [ 576651.25, 2333444.375 ], [ 576655.3125, 2333440.9375 ], [ 576659.0625, 2333433.4375 ], [ 576660.9375, 2333416.5625 ], [ 576663.125, 2333411.25 ], [ 576666.5625, 2333407.1875 ], [ 576671.25, 2333404.375 ], [ 576676.71875, 2333402.34375 ], [ 576686.09375, 2333400.46875 ], [ 576703.4375, 2333399.0625 ], [ 576710.9375, 2333395.3125 ], [ 576714.375, 2333391.25 ], [ 576725.625, 2333368.75 ], [ 576729.0625, 2333364.6875 ], [ 576736.5625, 2333360.9375 ], [ 576753.4375, 2333359.0625 ], [ 576760.9375, 2333355.3125 ], [ 576764.375, 2333351.25 ], [ 576777.03125, 2333326.40625 ], [ 576782.1875, 2333320.3125 ], [ 576788.75, 2333315.625 ], [ 576811.25, 2333304.375 ], [ 576819.6875, 2333297.8125 ], [ 576824.375, 2333291.25 ], [ 576835.625, 2333268.75 ], [ 576839.0625, 2333264.6875 ], [ 576846.5625, 2333260.9375 ], [ 576860.3125, 2333259.6875 ], [ 576868.75, 2333256.875 ], [ 576872.8125, 2333253.4375 ], [ 576880.3125, 2333242.1875 ], [ 576886.40625, 2333237.03125 ], [ 576931.25, 2333214.375 ], [ 576935.3125, 2333210.9375 ], [ 576939.0625, 2333203.4375 ], [ 576940.46875, 2333186.09375 ], [ 576942.34375, 2333176.71875 ], [ 576944.375, 2333171.25 ], [ 576955.625, 2333148.75 ], [ 576959.0625, 2333144.6875 ], [ 576963.75, 2333141.875 ], [ 576969.6875, 2333140.3125 ], [ 576983.4375, 2333139.0625 ], [ 576988.75, 2333136.875 ], [ 576992.8125, 2333133.4375 ], [ 576995.625, 2333128.75 ], [ 576998.4375, 2333120.3125 ], [ 577000.9375, 2333096.5625 ], [ 577003.125, 2333091.25 ], [ 577006.5625, 2333087.1875 ], [ 577051.25, 2333064.375 ], [ 577057.8125, 2333059.6875 ], [ 577064.375, 2333051.25 ], [ 577075.625, 2333028.75 ], [ 577081.25, 2333023.125 ], [ 577086.5625, 2333020.9375 ], [ 577100.3125, 2333019.6875 ], [ 577108.75, 2333016.875 ], [ 577112.8125, 2333013.4375 ], [ 577117.03125, 2333006.40625 ], [ 577122.1875, 2333000.3125 ], [ 577128.75, 2332995.625 ], [ 577151.25, 2332984.375 ], [ 577155.78125, 2332981.40625 ], [ 577161.40625, 2332975.78125 ], [ 577167.1875, 2332966.5625 ], [ 577171.25, 2332963.125 ], [ 577179.6875, 2332960.3125 ], [ 577193.4375, 2332959.0625 ], [ 577200.9375, 2332955.3125 ], [ 577204.375, 2332951.25 ], [ 577217.03125, 2332926.40625 ], [ 577220.3125, 2332922.1875 ], [ 577226.40625, 2332917.03125 ], [ 577253.90625, 2332903.28125 ], [ 577262.8125, 2332900.9375 ], [ 577283.4375, 2332899.0625 ], [ 577290.9375, 2332895.3125 ], [ 577294.375, 2332891.25 ], [ 577296.71875, 2332886.09375 ], [ 577298.4375, 2332880.3125 ], [ 577299.84375, 2332870.46875 ], [ 577300.0, 2332803.125 ], [ 577299.0625, 2332796.5625 ], [ 577295.3125, 2332789.0625 ], [ 577288.75, 2332784.375 ], [ 577277.1875, 2332780.9375 ], [ 577256.5625, 2332779.0625 ], [ 577251.25, 2332776.875 ], [ 577247.1875, 2332773.4375 ], [ 577244.375, 2332768.75 ], [ 577242.34375, 2332763.28125 ], [ 577240.9375, 2332757.1875 ], [ 577240.0, 2332746.875 ], [ 577240.9375, 2332736.5625 ], [ 577243.125, 2332731.25 ], [ 577246.5625, 2332727.1875 ], [ 577251.25, 2332724.375 ], [ 577259.6875, 2332721.5625 ], [ 577269.53125, 2332720.15625 ], [ 577280.3125, 2332720.3125 ], [ 577288.75, 2332723.125 ], [ 577292.8125, 2332726.5625 ], [ 577299.0625, 2332735.3125 ], [ 577306.5625, 2332739.0625 ], [ 577313.125, 2332740.0 ], [ 577350.46875, 2332740.15625 ], [ 577360.3125, 2332741.5625 ], [ 577368.75, 2332744.375 ], [ 577373.4375, 2332747.1875 ], [ 577378.125, 2332753.75 ], [ 577379.6875, 2332759.6875 ], [ 577380.9375, 2332773.4375 ], [ 577384.6875, 2332780.9375 ], [ 577388.75, 2332784.375 ], [ 577411.25, 2332795.625 ], [ 577415.78125, 2332798.59375 ], [ 577421.40625, 2332804.21875 ], [ 577425.625, 2332811.25 ], [ 577429.0625, 2332815.3125 ], [ 577436.5625, 2332819.0625 ], [ 577443.125, 2332820.0 ], [ 577510.46875, 2332819.84375 ], [ 577517.1875, 2332819.0625 ], [ 577526.09375, 2332816.71875 ], [ 577531.25, 2332814.375 ], [ 577535.3125, 2332810.9375 ], [ 577538.125, 2332806.25 ], [ 577540.0, 2332796.875 ], [ 577540.0, 2332583.125 ], [ 577540.9375, 2332576.5625 ], [ 577543.125, 2332571.25 ], [ 577546.5625, 2332567.1875 ], [ 577571.25, 2332554.375 ], [ 577576.875, 2332548.75 ], [ 577579.0625, 2332543.4375 ], [ 577580.3125, 2332529.6875 ], [ 577581.875, 2332523.75 ], [ 577586.5625, 2332517.1875 ], [ 577595.3125, 2332510.9375 ], [ 577599.0625, 2332503.4375 ], [ 577600.0, 2332496.875 ], [ 577600.0, 2332463.125 ], [ 577601.875, 2332453.75 ], [ 577604.6875, 2332449.0625 ], [ 577617.8125, 2332439.6875 ], [ 577621.40625, 2332435.78125 ], [ 577627.1875, 2332426.5625 ], [ 577633.75, 2332421.875 ], [ 577643.125, 2332420.0 ], [ 577657.1875, 2332420.9375 ], [ 577668.75, 2332424.375 ], [ 577675.3125, 2332429.0625 ], [ 577678.125, 2332433.75 ], [ 577679.6875, 2332439.6875 ], [ 577680.3125, 2332480.3125 ], [ 577681.875, 2332486.25 ], [ 577686.5625, 2332492.8125 ], [ 577691.25, 2332495.625 ], [ 577699.6875, 2332498.4375 ], [ 577706.09375, 2332499.53125 ], [ 577720.3125, 2332500.3125 ], [ 577726.25, 2332501.875 ], [ 577730.9375, 2332504.6875 ], [ 577737.1875, 2332513.4375 ], [ 577741.25, 2332516.875 ], [ 577746.5625, 2332519.0625 ], [ 577753.125, 2332520.0 ], [ 577876.875, 2332520.0 ], [ 577886.25, 2332518.125 ], [ 577892.8125, 2332513.4375 ], [ 577895.625, 2332508.75 ], [ 577897.65625, 2332503.28125 ], [ 577899.84375, 2332490.46875 ], [ 577900.0, 2332453.125 ], [ 577900.9375, 2332442.8125 ], [ 577902.34375, 2332436.71875 ], [ 577905.625, 2332428.75 ], [ 577911.25, 2332423.125 ], [ 577916.5625, 2332420.9375 ], [ 577923.125, 2332420.0 ], [ 578046.875, 2332420.0 ], [ 578053.4375, 2332419.0625 ], [ 578060.9375, 2332415.3125 ], [ 578067.1875, 2332406.5625 ], [ 578071.25, 2332403.125 ], [ 578076.5625, 2332400.9375 ], [ 578090.3125, 2332399.6875 ], [ 578096.25, 2332398.125 ], [ 578100.9375, 2332395.3125 ], [ 578107.1875, 2332386.5625 ], [ 578111.25, 2332383.125 ], [ 578116.5625, 2332380.9375 ], [ 578123.125, 2332380.0 ], [ 578186.875, 2332380.0 ], [ 578192.96875, 2332381.40625 ], [ 578197.1875, 2332384.6875 ], [ 578198.59375, 2332387.03125 ], [ 578200.0, 2332393.125 ], [ 578200.0, 2332486.875 ], [ 578200.9375, 2332497.1875 ], [ 578203.28125, 2332506.09375 ], [ 578207.1875, 2332513.4375 ], [ 578213.75, 2332518.125 ], [ 578223.125, 2332520.0 ], [ 578346.875, 2332520.0 ], [ 578357.1875, 2332519.0625 ], [ 578366.09375, 2332516.71875 ], [ 578373.4375, 2332512.8125 ], [ 578376.875, 2332508.75 ], [ 578379.6875, 2332500.3125 ], [ 578380.9375, 2332486.5625 ], [ 578383.125, 2332481.25 ], [ 578386.5625, 2332477.1875 ], [ 578415.78125, 2332461.40625 ], [ 578421.40625, 2332455.78125 ], [ 578427.1875, 2332446.5625 ], [ 578431.25, 2332443.125 ], [ 578436.5625, 2332440.9375 ], [ 578443.125, 2332440.0 ], [ 578457.1875, 2332440.9375 ], [ 578468.75, 2332444.375 ], [ 578571.25, 2332495.625 ], [ 578577.8125, 2332500.3125 ], [ 578581.40625, 2332504.21875 ], [ 578587.1875, 2332513.4375 ], [ 578593.75, 2332518.125 ], [ 578603.125, 2332520.0 ], [ 578636.875, 2332520.0 ], [ 578646.25, 2332521.875 ], [ 578652.8125, 2332526.5625 ], [ 578658.59375, 2332535.78125 ], [ 578666.40625, 2332542.96875 ], [ 578693.90625, 2332556.71875 ], [ 578699.6875, 2332558.4375 ], [ 578709.53125, 2332559.84375 ], [ 578780.3125, 2332559.6875 ], [ 578786.25, 2332558.125 ], [ 578790.9375, 2332555.3125 ], [ 578797.1875, 2332546.5625 ], [ 578801.25, 2332543.125 ], [ 578806.5625, 2332540.9375 ], [ 578813.125, 2332540.0 ], [ 579030.3125, 2332539.6875 ], [ 579036.25, 2332538.125 ], [ 579040.9375, 2332535.3125 ], [ 579047.1875, 2332526.5625 ], [ 579051.25, 2332523.125 ], [ 579056.5625, 2332520.9375 ], [ 579063.125, 2332520.0 ], [ 579096.875, 2332520.0 ], [ 579103.4375, 2332520.9375 ], [ 579110.9375, 2332524.6875 ], [ 579119.0625, 2332535.3125 ], [ 579123.75, 2332538.125 ], [ 579129.6875, 2332539.6875 ], [ 579196.875, 2332540.0 ], [ 579203.4375, 2332539.0625 ], [ 579208.75, 2332536.875 ], [ 579212.8125, 2332533.4375 ], [ 579217.1875, 2332526.5625 ], [ 579223.75, 2332521.875 ], [ 579229.6875, 2332520.3125 ], [ 579240.3125, 2332519.6875 ], [ 579248.75, 2332516.875 ], [ 579252.8125, 2332513.4375 ], [ 579259.0625, 2332504.6875 ], [ 579263.75, 2332501.875 ], [ 579269.6875, 2332500.3125 ], [ 579490.3125, 2332500.3125 ], [ 579496.25, 2332501.875 ], [ 579502.8125, 2332506.5625 ], [ 579515.625, 2332531.25 ], [ 579519.0625, 2332535.3125 ], [ 579523.75, 2332538.125 ], [ 579533.125, 2332540.0 ], [ 579656.875, 2332540.0 ], [ 579663.4375, 2332540.9375 ], [ 579668.75, 2332543.125 ], [ 579672.8125, 2332546.5625 ], [ 579687.1875, 2332573.4375 ], [ 579691.25, 2332576.875 ], [ 579699.6875, 2332579.6875 ], [ 579770.3125, 2332579.6875 ], [ 579776.25, 2332578.125 ], [ 579780.9375, 2332575.3125 ], [ 579787.1875, 2332566.5625 ], [ 579793.75, 2332561.875 ], [ 579803.125, 2332560.0 ], [ 579813.90625, 2332560.46875 ], [ 579820.3125, 2332561.5625 ], [ 579828.75, 2332564.375 ], [ 579853.59375, 2332577.03125 ], [ 579859.6875, 2332582.1875 ], [ 579869.0625, 2332595.3125 ], [ 579876.5625, 2332599.0625 ], [ 579883.125, 2332600.0 ], [ 580013.90625, 2332600.46875 ], [ 580026.09375, 2332603.28125 ], [ 580051.25, 2332615.625 ], [ 580059.6875, 2332618.4375 ], [ 580073.125, 2332620.0 ], [ 580110.46875, 2332620.15625 ], [ 580117.1875, 2332620.9375 ], [ 580126.09375, 2332623.28125 ], [ 580151.25, 2332635.625 ], [ 580157.8125, 2332640.3125 ], [ 580164.375, 2332648.75 ], [ 580177.03125, 2332673.59375 ], [ 580180.3125, 2332677.8125 ], [ 580186.40625, 2332682.96875 ], [ 580253.90625, 2332716.71875 ], [ 580266.09375, 2332719.53125 ], [ 580280.3125, 2332720.3125 ], [ 580288.75, 2332723.125 ], [ 580292.8125, 2332726.5625 ], [ 580298.59375, 2332735.78125 ], [ 580304.21875, 2332741.40625 ], [ 580335.78125, 2332758.59375 ], [ 580339.6875, 2332762.1875 ], [ 580344.375, 2332768.75 ], [ 580367.1875, 2332813.4375 ], [ 580373.75, 2332818.125 ], [ 580379.6875, 2332819.6875 ], [ 580393.4375, 2332820.9375 ], [ 580400.9375, 2332824.6875 ], [ 580404.375, 2332828.75 ], [ 580415.625, 2332851.25 ], [ 580421.25, 2332856.875 ], [ 580426.5625, 2332859.0625 ], [ 580433.125, 2332860.0 ], [ 580556.875, 2332860.0 ], [ 580566.25, 2332861.875 ], [ 580570.9375, 2332864.6875 ], [ 580574.375, 2332868.75 ], [ 580595.625, 2332911.25 ], [ 580599.0625, 2332915.3125 ], [ 580606.5625, 2332919.0625 ], [ 580613.125, 2332920.0 ], [ 580680.3125, 2332919.6875 ], [ 580688.75, 2332916.875 ], [ 580692.8125, 2332913.4375 ], [ 580699.0625, 2332904.6875 ], [ 580703.75, 2332901.875 ], [ 580709.6875, 2332900.3125 ], [ 580806.875, 2332900.0 ], [ 580820.3125, 2332898.4375 ], [ 580828.75, 2332895.625 ], [ 580853.59375, 2332882.96875 ], [ 580859.6875, 2332877.8125 ], [ 580869.0625, 2332864.6875 ], [ 580873.75, 2332861.875 ], [ 580883.125, 2332860.0 ], [ 581066.875, 2332860.0 ], [ 581073.4375, 2332860.9375 ], [ 581078.75, 2332863.125 ], [ 581082.8125, 2332866.5625 ], [ 581089.0625, 2332875.3125 ], [ 581093.75, 2332878.125 ], [ 581099.6875, 2332879.6875 ], [ 581196.875, 2332880.0 ], [ 581203.4375, 2332879.0625 ], [ 581208.75, 2332876.875 ], [ 581212.8125, 2332873.4375 ], [ 581217.1875, 2332866.5625 ], [ 581223.75, 2332861.875 ], [ 581229.6875, 2332860.3125 ], [ 581240.3125, 2332859.6875 ], [ 581248.75, 2332856.875 ], [ 581252.8125, 2332853.4375 ], [ 581259.0625, 2332844.6875 ], [ 581266.5625, 2332840.9375 ], [ 581273.125, 2332840.0 ], [ 581306.875, 2332840.0 ], [ 581313.4375, 2332839.0625 ], [ 581320.9375, 2332835.3125 ], [ 581329.0625, 2332824.6875 ], [ 581333.75, 2332821.875 ], [ 581339.6875, 2332820.3125 ], [ 581406.875, 2332820.0 ], [ 581413.4375, 2332819.0625 ], [ 581420.9375, 2332815.3125 ], [ 581429.0625, 2332804.6875 ], [ 581433.75, 2332801.875 ], [ 581439.6875, 2332800.3125 ], [ 581476.875, 2332800.0 ], [ 581483.4375, 2332800.9375 ], [ 581490.9375, 2332804.6875 ], [ 581499.0625, 2332815.3125 ], [ 581503.75, 2332818.125 ], [ 581509.6875, 2332819.6875 ], [ 581576.875, 2332820.0 ], [ 581586.25, 2332818.125 ], [ 581590.9375, 2332815.3125 ], [ 581594.375, 2332811.25 ], [ 581598.4375, 2332800.3125 ], [ 581600.0, 2332786.875 ], [ 581600.0, 2332753.125 ], [ 581601.40625, 2332747.03125 ], [ 581604.6875, 2332742.8125 ], [ 581607.03125, 2332741.40625 ], [ 581613.125, 2332740.0 ], [ 581676.875, 2332740.0 ], [ 581683.4375, 2332740.9375 ], [ 581690.9375, 2332744.6875 ], [ 581700.3125, 2332757.8125 ], [ 581708.75, 2332764.375 ], [ 581733.90625, 2332776.71875 ], [ 581739.6875, 2332778.4375 ], [ 581749.53125, 2332779.84375 ], [ 582056.875, 2332780.0 ], [ 582063.4375, 2332779.0625 ], [ 582068.75, 2332776.875 ], [ 582072.8125, 2332773.4375 ], [ 582079.0625, 2332764.6875 ], [ 582086.5625, 2332760.9375 ], [ 582093.125, 2332760.0 ], [ 582126.875, 2332760.0 ], [ 582136.25, 2332758.125 ], [ 582140.9375, 2332755.3125 ], [ 582147.1875, 2332746.5625 ], [ 582151.25, 2332743.125 ], [ 582156.5625, 2332740.9375 ], [ 582170.3125, 2332739.6875 ], [ 582176.25, 2332738.125 ], [ 582182.8125, 2332733.4375 ], [ 582189.0625, 2332724.6875 ], [ 582196.5625, 2332720.9375 ], [ 582203.125, 2332720.0 ], [ 582326.875, 2332720.0 ], [ 582333.4375, 2332719.0625 ], [ 582338.75, 2332716.875 ], [ 582342.8125, 2332713.4375 ], [ 582357.03125, 2332686.40625 ], [ 582364.21875, 2332678.59375 ], [ 582368.75, 2332675.625 ], [ 582433.90625, 2332643.28125 ], [ 582439.6875, 2332641.5625 ], [ 582449.53125, 2332640.15625 ], [ 582516.875, 2332640.0 ], [ 582526.25, 2332638.125 ], [ 582530.9375, 2332635.3125 ], [ 582537.1875, 2332626.5625 ], [ 582541.25, 2332623.125 ], [ 582546.5625, 2332620.9375 ], [ 582560.3125, 2332619.6875 ], [ 582566.25, 2332618.125 ], [ 582570.9375, 2332615.3125 ], [ 582577.1875, 2332606.5625 ], [ 582581.25, 2332603.125 ], [ 582586.5625, 2332600.9375 ], [ 582600.3125, 2332599.6875 ], [ 582606.25, 2332598.125 ], [ 582610.9375, 2332595.3125 ], [ 582617.1875, 2332586.5625 ], [ 582621.25, 2332583.125 ], [ 582626.5625, 2332580.9375 ], [ 582640.3125, 2332579.6875 ], [ 582646.25, 2332578.125 ], [ 582652.8125, 2332573.4375 ], [ 582659.0625, 2332564.6875 ], [ 582666.5625, 2332560.9375 ], [ 582673.125, 2332560.0 ], [ 582740.3125, 2332559.6875 ], [ 582748.75, 2332556.875 ], [ 582752.8125, 2332553.4375 ], [ 582759.0625, 2332544.6875 ], [ 582763.75, 2332541.875 ], [ 582769.6875, 2332540.3125 ], [ 582866.875, 2332540.0 ], [ 582873.4375, 2332539.0625 ], [ 582880.9375, 2332535.3125 ], [ 582887.1875, 2332526.5625 ], [ 582893.75, 2332521.875 ], [ 582899.6875, 2332520.3125 ], [ 582910.3125, 2332519.6875 ], [ 582918.75, 2332516.875 ], [ 582922.8125, 2332513.4375 ], [ 582927.1875, 2332506.5625 ], [ 582933.75, 2332501.875 ], [ 582939.6875, 2332500.3125 ], [ 582950.3125, 2332499.6875 ], [ 582958.75, 2332496.875 ], [ 582962.8125, 2332493.4375 ], [ 582967.1875, 2332486.5625 ], [ 582973.75, 2332481.875 ], [ 582979.6875, 2332480.3125 ], [ 582990.3125, 2332479.6875 ], [ 582998.75, 2332476.875 ], [ 583002.8125, 2332473.4375 ], [ 583007.1875, 2332466.5625 ], [ 583013.75, 2332461.875 ], [ 583023.125, 2332460.0 ], [ 583060.3125, 2332459.6875 ], [ 583068.75, 2332456.875 ], [ 583072.8125, 2332453.4375 ], [ 583079.0625, 2332444.6875 ], [ 583086.5625, 2332440.9375 ], [ 583093.125, 2332440.0 ], [ 583126.875, 2332440.0 ], [ 583136.25, 2332438.125 ], [ 583140.9375, 2332435.3125 ], [ 583144.375, 2332431.25 ], [ 583157.1875, 2332406.5625 ], [ 583161.25, 2332403.125 ], [ 583169.6875, 2332400.3125 ], [ 583330.3125, 2332399.6875 ], [ 583336.25, 2332398.125 ], [ 583340.9375, 2332395.3125 ], [ 583347.1875, 2332386.5625 ], [ 583351.25, 2332383.125 ], [ 583356.5625, 2332380.9375 ], [ 583363.125, 2332380.0 ], [ 583550.46875, 2332379.84375 ], [ 583557.1875, 2332379.0625 ], [ 583566.09375, 2332376.71875 ], [ 583596.71875, 2332362.34375 ], [ 583602.8125, 2332360.9375 ], [ 583613.125, 2332360.0 ], [ 583620.3125, 2332360.3125 ], [ 583628.75, 2332363.125 ], [ 583632.8125, 2332366.5625 ], [ 583639.0625, 2332375.3125 ], [ 583643.75, 2332378.125 ], [ 583649.6875, 2332379.6875 ], [ 583716.875, 2332380.0 ], [ 583723.4375, 2332379.0625 ], [ 583728.75, 2332376.875 ], [ 583732.8125, 2332373.4375 ], [ 583739.0625, 2332364.6875 ], [ 583746.5625, 2332360.9375 ], [ 583753.125, 2332360.0 ], [ 583786.875, 2332360.0 ], [ 583797.1875, 2332360.9375 ], [ 583806.09375, 2332363.28125 ], [ 583831.25, 2332375.625 ], [ 583842.8125, 2332379.0625 ], [ 583853.125, 2332380.0 ], [ 583886.875, 2332380.0 ], [ 583900.3125, 2332381.5625 ], [ 583908.75, 2332384.375 ], [ 583931.25, 2332395.625 ], [ 583942.8125, 2332399.0625 ], [ 583953.125, 2332400.0 ], [ 583986.875, 2332400.0 ], [ 583993.4375, 2332400.9375 ], [ 584000.9375, 2332404.6875 ], [ 584009.0625, 2332415.3125 ], [ 584013.75, 2332418.125 ], [ 584019.6875, 2332419.6875 ], [ 584150.3125, 2332420.3125 ], [ 584156.25, 2332421.875 ], [ 584160.9375, 2332424.6875 ], [ 584167.1875, 2332433.4375 ], [ 584171.25, 2332436.875 ], [ 584176.5625, 2332439.0625 ], [ 584183.125, 2332440.0 ], [ 584426.875, 2332440.0 ], [ 584437.1875, 2332439.0625 ], [ 584446.09375, 2332436.71875 ], [ 584471.25, 2332424.375 ], [ 584482.8125, 2332420.9375 ], [ 584493.125, 2332420.0 ], [ 584526.875, 2332420.0 ], [ 584540.3125, 2332418.4375 ], [ 584548.75, 2332415.625 ], [ 584571.25, 2332404.375 ], [ 584582.8125, 2332400.9375 ], [ 584593.125, 2332400.0 ], [ 584626.875, 2332400.0 ], [ 584640.3125, 2332398.4375 ], [ 584648.75, 2332395.625 ], [ 584713.90625, 2332363.28125 ], [ 584722.8125, 2332360.9375 ], [ 584740.3125, 2332359.6875 ], [ 584746.25, 2332358.125 ], [ 584750.9375, 2332355.3125 ], [ 584757.1875, 2332346.5625 ], [ 584763.75, 2332341.875 ], [ 584773.125, 2332340.0 ], [ 584806.875, 2332340.0 ], [ 584816.25, 2332338.125 ], [ 584822.8125, 2332333.4375 ], [ 584835.625, 2332308.75 ], [ 584839.0625, 2332304.6875 ], [ 584843.75, 2332301.875 ], [ 584853.125, 2332300.0 ], [ 584920.3125, 2332299.6875 ], [ 584928.75, 2332296.875 ], [ 584932.8125, 2332293.4375 ], [ 584939.0625, 2332284.6875 ], [ 584946.5625, 2332280.9375 ], [ 584953.125, 2332280.0 ], [ 584986.875, 2332280.0 ], [ 584990.15625, 2332279.53125 ], [ 584995.3125, 2332277.1875 ], [ 584998.59375, 2332272.96875 ], [ 585000.0, 2332266.875 ], [ 585000.0, 2332203.125 ], [ 585000.9375, 2332196.5625 ], [ 585004.6875, 2332189.0625 ], [ 585017.8125, 2332179.6875 ], [ 585021.40625, 2332175.78125 ], [ 585027.1875, 2332166.5625 ], [ 585033.75, 2332161.875 ], [ 585043.125, 2332160.0 ], [ 585226.875, 2332160.0 ], [ 585240.3125, 2332158.4375 ], [ 585248.75, 2332155.625 ], [ 585313.90625, 2332123.28125 ], [ 585322.8125, 2332120.9375 ], [ 585340.3125, 2332119.6875 ], [ 585346.25, 2332118.125 ], [ 585350.9375, 2332115.3125 ], [ 585357.1875, 2332106.5625 ], [ 585361.25, 2332103.125 ], [ 585366.5625, 2332100.9375 ], [ 585380.3125, 2332099.6875 ], [ 585386.25, 2332098.125 ], [ 585390.9375, 2332095.3125 ], [ 585397.1875, 2332086.5625 ], [ 585401.25, 2332083.125 ], [ 585406.5625, 2332080.9375 ], [ 585420.3125, 2332079.6875 ], [ 585426.25, 2332078.125 ], [ 585430.9375, 2332075.3125 ], [ 585437.1875, 2332066.5625 ], [ 585441.25, 2332063.125 ], [ 585446.5625, 2332060.9375 ], [ 585460.3125, 2332059.6875 ], [ 585468.75, 2332056.875 ], [ 585472.8125, 2332053.4375 ], [ 585478.59375, 2332044.21875 ], [ 585484.21875, 2332038.59375 ], [ 585488.75, 2332035.625 ], [ 585511.25, 2332024.375 ], [ 585519.6875, 2332017.8125 ], [ 585524.375, 2332011.25 ], [ 585537.03125, 2331986.40625 ], [ 585544.21875, 2331978.59375 ], [ 585548.75, 2331975.625 ], [ 585591.25, 2331954.375 ], [ 585595.3125, 2331950.9375 ], [ 585599.0625, 2331943.4375 ], [ 585600.3125, 2331929.6875 ], [ 585601.875, 2331923.75 ], [ 585604.6875, 2331919.0625 ], [ 585613.4375, 2331912.8125 ], [ 585616.875, 2331908.75 ], [ 585619.0625, 2331903.4375 ], [ 585620.3125, 2331889.6875 ], [ 585621.875, 2331883.75 ], [ 585624.6875, 2331879.0625 ], [ 585628.75, 2331875.625 ], [ 585693.90625, 2331843.28125 ], [ 585702.8125, 2331840.9375 ], [ 585720.3125, 2331839.6875 ], [ 585726.25, 2331838.125 ], [ 585732.8125, 2331833.4375 ], [ 585739.0625, 2331824.6875 ], [ 585746.5625, 2331820.9375 ], [ 585753.125, 2331820.0 ], [ 585850.46875, 2331819.84375 ], [ 585863.28125, 2331817.65625 ], [ 585868.75, 2331815.625 ], [ 585873.4375, 2331812.8125 ], [ 585876.875, 2331808.75 ], [ 585879.0625, 2331803.4375 ], [ 585880.3125, 2331789.6875 ], [ 585883.125, 2331781.25 ], [ 585886.5625, 2331777.1875 ], [ 585893.4375, 2331772.8125 ], [ 585898.125, 2331766.25 ], [ 585899.6875, 2331760.3125 ], [ 585900.9375, 2331742.8125 ], [ 585903.28125, 2331733.90625 ], [ 585927.1875, 2331686.5625 ], [ 585931.25, 2331683.125 ], [ 585936.5625, 2331680.9375 ], [ 585950.3125, 2331679.6875 ], [ 585958.75, 2331676.875 ], [ 585962.8125, 2331673.4375 ], [ 585967.1875, 2331666.5625 ], [ 585973.75, 2331661.875 ], [ 585979.6875, 2331660.3125 ], [ 585997.1875, 2331659.0625 ], [ 586003.28125, 2331657.65625 ], [ 586011.25, 2331654.375 ], [ 586015.3125, 2331650.9375 ], [ 586018.125, 2331646.25 ], [ 586019.6875, 2331640.3125 ], [ 586020.0, 2331633.125 ], [ 586021.40625, 2331627.03125 ], [ 586022.8125, 2331624.6875 ], [ 586027.03125, 2331621.40625 ], [ 586033.125, 2331620.0 ], [ 586126.875, 2331620.0 ], [ 586133.4375, 2331619.0625 ], [ 586140.9375, 2331615.3125 ], [ 586149.0625, 2331604.6875 ], [ 586156.5625, 2331600.9375 ], [ 586163.125, 2331600.0 ], [ 586196.875, 2331600.0 ], [ 586203.4375, 2331599.0625 ], [ 586208.75, 2331596.875 ], [ 586214.375, 2331591.25 ], [ 586225.625, 2331568.75 ], [ 586229.0625, 2331564.6875 ], [ 586233.75, 2331561.875 ], [ 586243.125, 2331560.0 ], [ 586257.1875, 2331560.9375 ], [ 586268.75, 2331564.375 ], [ 586275.3125, 2331569.0625 ], [ 586278.125, 2331573.75 ], [ 586279.6875, 2331579.6875 ], [ 586279.53125, 2331593.90625 ], [ 586276.71875, 2331606.09375 ], [ 586274.375, 2331611.25 ], [ 586270.9375, 2331615.3125 ], [ 586266.25, 2331618.125 ], [ 586260.3125, 2331619.6875 ], [ 586223.125, 2331620.0 ], [ 586216.5625, 2331620.9375 ], [ 586211.25, 2331623.125 ], [ 586205.625, 2331628.75 ], [ 586182.8125, 2331673.4375 ], [ 586178.75, 2331676.875 ], [ 586173.4375, 2331679.0625 ], [ 586159.6875, 2331680.3125 ], [ 586153.75, 2331681.875 ], [ 586149.0625, 2331684.6875 ], [ 586144.375, 2331691.25 ], [ 586141.5625, 2331699.6875 ], [ 586140.0, 2331713.125 ], [ 586140.0, 2331746.875 ], [ 586141.5625, 2331760.3125 ], [ 586144.375, 2331768.75 ], [ 586155.625, 2331791.25 ], [ 586159.0625, 2331795.3125 ], [ 586166.5625, 2331799.0625 ], [ 586173.125, 2331800.0 ], [ 586266.875, 2331800.0 ], [ 586273.4375, 2331799.0625 ], [ 586278.75, 2331796.875 ], [ 586282.8125, 2331793.4375 ], [ 586295.625, 2331768.75 ], [ 586299.0625, 2331764.6875 ], [ 586306.5625, 2331760.9375 ], [ 586320.3125, 2331759.6875 ], [ 586328.75, 2331756.875 ], [ 586332.8125, 2331753.4375 ], [ 586337.1875, 2331746.5625 ], [ 586343.75, 2331741.875 ], [ 586353.125, 2331740.0 ], [ 586386.875, 2331740.0 ], [ 586393.4375, 2331739.0625 ], [ 586398.75, 2331736.875 ], [ 586404.375, 2331731.25 ], [ 586417.03125, 2331706.40625 ], [ 586420.3125, 2331702.1875 ], [ 586426.40625, 2331697.03125 ], [ 586451.25, 2331684.375 ], [ 586456.71875, 2331682.34375 ], [ 586466.09375, 2331680.46875 ], [ 586480.3125, 2331679.6875 ], [ 586486.25, 2331678.125 ], [ 586490.9375, 2331675.3125 ], [ 586495.625, 2331668.75 ], [ 586498.4375, 2331660.3125 ], [ 586499.84375, 2331650.46875 ], [ 586500.0, 2331583.125 ], [ 586499.0625, 2331576.5625 ], [ 586496.875, 2331571.25 ], [ 586493.4375, 2331567.1875 ], [ 586484.6875, 2331560.9375 ], [ 586480.9375, 2331553.4375 ], [ 586480.0, 2331546.875 ], [ 586480.0, 2331513.125 ], [ 586480.9375, 2331506.5625 ], [ 586483.125, 2331501.25 ], [ 586486.5625, 2331497.1875 ], [ 586511.25, 2331484.375 ], [ 586519.6875, 2331477.8125 ], [ 586524.375, 2331471.25 ], [ 586535.625, 2331448.75 ], [ 586542.1875, 2331440.3125 ], [ 586548.75, 2331435.625 ], [ 586573.90625, 2331423.28125 ], [ 586582.8125, 2331420.9375 ], [ 586600.3125, 2331419.6875 ], [ 586606.25, 2331418.125 ], [ 586612.8125, 2331413.4375 ], [ 586619.0625, 2331404.6875 ], [ 586626.5625, 2331400.9375 ], [ 586633.125, 2331400.0 ], [ 586673.90625, 2331399.53125 ], [ 586683.28125, 2331397.65625 ], [ 586691.25, 2331394.375 ], [ 586695.3125, 2331390.9375 ], [ 586698.125, 2331386.25 ], [ 586699.6875, 2331380.3125 ], [ 586700.46875, 2331369.84375 ], [ 586701.40625, 2331367.03125 ], [ 586704.6875, 2331362.8125 ], [ 586709.84375, 2331360.46875 ], [ 586720.3125, 2331359.6875 ], [ 586728.75, 2331356.875 ], [ 586732.8125, 2331353.4375 ], [ 586737.03125, 2331346.40625 ], [ 586742.1875, 2331340.3125 ], [ 586748.75, 2331335.625 ], [ 586771.25, 2331324.375 ], [ 586775.78125, 2331321.40625 ], [ 586781.40625, 2331315.78125 ], [ 586787.1875, 2331306.5625 ], [ 586791.25, 2331303.125 ], [ 586799.6875, 2331300.3125 ], [ 586813.4375, 2331299.0625 ], [ 586820.9375, 2331295.3125 ], [ 586824.375, 2331291.25 ], [ 586877.1875, 2331186.5625 ], [ 586881.25, 2331183.125 ], [ 586886.5625, 2331180.9375 ], [ 586900.3125, 2331179.6875 ], [ 586908.75, 2331176.875 ], [ 586914.375, 2331171.25 ], [ 586925.625, 2331148.75 ], [ 586929.0625, 2331144.6875 ], [ 586936.5625, 2331140.9375 ], [ 586950.15625, 2331139.53125 ], [ 586955.3125, 2331137.1875 ], [ 586957.1875, 2331135.3125 ], [ 586959.53125, 2331130.15625 ], [ 586960.3125, 2331119.6875 ], [ 586963.125, 2331111.25 ], [ 586966.5625, 2331107.1875 ], [ 586973.4375, 2331102.8125 ], [ 586978.125, 2331096.25 ], [ 586979.6875, 2331090.3125 ], [ 586980.9375, 2331076.5625 ], [ 586984.6875, 2331069.0625 ], [ 586997.8125, 2331059.6875 ], [ 587001.40625, 2331055.78125 ], [ 587007.1875, 2331046.5625 ], [ 587011.25, 2331043.125 ], [ 587019.6875, 2331040.3125 ], [ 587030.15625, 2331039.53125 ], [ 587032.96875, 2331038.59375 ], [ 587037.1875, 2331035.3125 ], [ 587038.59375, 2331032.96875 ], [ 587040.0, 2331026.875 ], [ 587040.3125, 2330989.6875 ], [ 587041.875, 2330983.75 ], [ 587046.5625, 2330977.1875 ], [ 587111.25, 2330944.375 ], [ 587117.8125, 2330939.6875 ], [ 587122.96875, 2330933.59375 ], [ 587135.625, 2330908.75 ], [ 587140.3125, 2330902.1875 ], [ 587146.40625, 2330897.03125 ], [ 587171.25, 2330884.375 ], [ 587177.8125, 2330879.6875 ], [ 587184.375, 2330871.25 ], [ 587195.625, 2330848.75 ], [ 587201.25, 2330843.125 ], [ 587206.5625, 2330840.9375 ], [ 587220.3125, 2330839.6875 ], [ 587228.75, 2330836.875 ], [ 587232.8125, 2330833.4375 ], [ 587237.03125, 2330826.40625 ], [ 587242.1875, 2330820.3125 ], [ 587248.75, 2330815.625 ], [ 587271.25, 2330804.375 ], [ 587275.78125, 2330801.40625 ], [ 587281.40625, 2330795.78125 ], [ 587287.1875, 2330786.5625 ], [ 587291.25, 2330783.125 ], [ 587296.5625, 2330780.9375 ], [ 587310.3125, 2330779.6875 ], [ 587316.25, 2330778.125 ], [ 587320.9375, 2330775.3125 ], [ 587327.1875, 2330766.5625 ], [ 587333.75, 2330761.875 ], [ 587339.6875, 2330760.3125 ], [ 587357.1875, 2330759.0625 ], [ 587368.75, 2330755.625 ], [ 587473.59375, 2330702.96875 ], [ 587479.6875, 2330697.8125 ], [ 587484.375, 2330691.25 ], [ 587507.1875, 2330646.5625 ], [ 587513.75, 2330641.875 ], [ 587519.6875, 2330640.3125 ], [ 587533.4375, 2330639.0625 ], [ 587538.75, 2330636.875 ], [ 587542.8125, 2330633.4375 ], [ 587595.625, 2330528.75 ], [ 587598.59375, 2330524.21875 ], [ 587602.1875, 2330520.3125 ], [ 587608.75, 2330515.625 ], [ 587651.25, 2330494.375 ], [ 587655.3125, 2330490.9375 ], [ 587659.0625, 2330483.4375 ], [ 587660.9375, 2330466.5625 ], [ 587664.6875, 2330459.0625 ], [ 587668.75, 2330455.625 ], [ 587693.59375, 2330442.96875 ], [ 587701.40625, 2330435.78125 ], [ 587718.59375, 2330404.21875 ], [ 587724.21875, 2330398.59375 ], [ 587733.4375, 2330392.8125 ], [ 587736.875, 2330388.75 ], [ 587739.0625, 2330383.4375 ], [ 587740.3125, 2330369.6875 ], [ 587743.125, 2330361.25 ], [ 587748.75, 2330355.625 ], [ 587771.25, 2330344.375 ], [ 587775.3125, 2330340.9375 ], [ 587779.0625, 2330333.4375 ], [ 587780.3125, 2330319.6875 ], [ 587783.125, 2330311.25 ], [ 587786.5625, 2330307.1875 ], [ 587795.78125, 2330301.40625 ], [ 587801.40625, 2330295.78125 ], [ 587804.375, 2330291.25 ], [ 587815.625, 2330268.75 ], [ 587820.3125, 2330262.1875 ], [ 587826.40625, 2330257.03125 ], [ 587851.25, 2330244.375 ], [ 587857.8125, 2330239.6875 ], [ 587862.96875, 2330233.59375 ], [ 587875.625, 2330208.75 ], [ 587880.3125, 2330202.1875 ], [ 587886.40625, 2330197.03125 ], [ 587911.25, 2330184.375 ], [ 587919.6875, 2330177.8125 ], [ 587924.375, 2330171.25 ], [ 587935.625, 2330148.75 ], [ 587938.59375, 2330144.21875 ], [ 587944.21875, 2330138.59375 ], [ 587953.4375, 2330132.8125 ], [ 587956.875, 2330128.75 ], [ 587959.6875, 2330120.3125 ], [ 587960.46875, 2330109.84375 ], [ 587961.40625, 2330107.03125 ], [ 587964.6875, 2330102.8125 ], [ 587969.84375, 2330100.46875 ], [ 587983.4375, 2330099.0625 ], [ 587988.75, 2330096.875 ], [ 587992.8125, 2330093.4375 ], [ 588037.03125, 2330006.40625 ], [ 588042.1875, 2330000.3125 ], [ 588053.4375, 2329992.8125 ], [ 588056.875, 2329988.75 ], [ 588059.0625, 2329983.4375 ], [ 588060.3125, 2329969.6875 ], [ 588063.125, 2329961.25 ], [ 588068.75, 2329955.625 ], [ 588093.59375, 2329942.96875 ], [ 588097.8125, 2329939.6875 ], [ 588102.96875, 2329933.59375 ], [ 588157.1875, 2329826.5625 ], [ 588163.75, 2329821.875 ], [ 588169.6875, 2329820.3125 ], [ 588183.4375, 2329819.0625 ], [ 588190.9375, 2329815.3125 ], [ 588200.3125, 2329802.1875 ], [ 588204.21875, 2329798.59375 ], [ 588213.4375, 2329792.8125 ], [ 588216.875, 2329788.75 ], [ 588219.6875, 2329780.3125 ], [ 588220.9375, 2329766.5625 ], [ 588224.6875, 2329759.0625 ], [ 588228.75, 2329755.625 ], [ 588253.59375, 2329742.96875 ], [ 588261.40625, 2329735.78125 ], [ 588264.375, 2329731.25 ], [ 588297.03125, 2329666.40625 ], [ 588302.1875, 2329660.3125 ], [ 588313.4375, 2329652.8125 ], [ 588316.875, 2329648.75 ], [ 588319.0625, 2329643.4375 ], [ 588320.3125, 2329629.6875 ], [ 588321.875, 2329623.75 ], [ 588324.6875, 2329619.0625 ], [ 588333.4375, 2329612.8125 ], [ 588336.875, 2329608.75 ], [ 588339.0625, 2329603.4375 ], [ 588340.3125, 2329589.6875 ], [ 588343.125, 2329581.25 ], [ 588346.5625, 2329577.1875 ], [ 588353.4375, 2329572.8125 ], [ 588358.125, 2329566.25 ], [ 588359.6875, 2329560.3125 ], [ 588360.46875, 2329546.09375 ], [ 588362.34375, 2329536.71875 ], [ 588364.375, 2329531.25 ], [ 588396.71875, 2329466.09375 ], [ 588399.0625, 2329457.1875 ], [ 588400.3125, 2329439.6875 ], [ 588401.875, 2329433.75 ], [ 588404.6875, 2329429.0625 ], [ 588413.4375, 2329422.8125 ], [ 588416.875, 2329418.75 ], [ 588419.0625, 2329413.4375 ], [ 588420.3125, 2329399.6875 ], [ 588421.875, 2329393.75 ], [ 588424.6875, 2329389.0625 ], [ 588433.4375, 2329382.8125 ], [ 588438.125, 2329376.25 ], [ 588440.0, 2329366.875 ], [ 588440.0, 2329333.125 ], [ 588441.875, 2329323.75 ], [ 588446.5625, 2329317.1875 ], [ 588471.25, 2329304.375 ], [ 588475.3125, 2329300.9375 ], [ 588478.125, 2329296.25 ], [ 588480.0, 2329286.875 ], [ 588480.0, 2329253.125 ], [ 588480.9375, 2329246.5625 ], [ 588484.6875, 2329239.0625 ], [ 588495.3125, 2329230.9375 ], [ 588499.0625, 2329223.4375 ], [ 588500.0, 2329216.875 ], [ 588500.3125, 2329179.6875 ], [ 588503.125, 2329171.25 ], [ 588506.5625, 2329167.1875 ], [ 588515.3125, 2329160.9375 ], [ 588519.0625, 2329153.4375 ], [ 588520.0, 2329146.875 ], [ 588520.0, 2329113.125 ], [ 588521.875, 2329103.75 ], [ 588524.6875, 2329099.0625 ], [ 588533.4375, 2329092.8125 ], [ 588536.875, 2329088.75 ], [ 588539.0625, 2329083.4375 ], [ 588540.3125, 2329069.6875 ], [ 588541.875, 2329063.75 ], [ 588544.6875, 2329059.0625 ], [ 588553.4375, 2329052.8125 ], [ 588556.875, 2329048.75 ], [ 588559.0625, 2329043.4375 ], [ 588560.3125, 2329029.6875 ], [ 588561.875, 2329023.75 ], [ 588564.6875, 2329019.0625 ], [ 588573.4375, 2329012.8125 ], [ 588576.875, 2329008.75 ], [ 588579.0625, 2329003.4375 ], [ 588580.3125, 2328989.6875 ], [ 588583.125, 2328981.25 ], [ 588588.75, 2328975.625 ], [ 588613.4375, 2328962.8125 ], [ 588616.875, 2328958.75 ], [ 588619.0625, 2328953.4375 ], [ 588620.0, 2328946.875 ], [ 588620.3125, 2328849.6875 ], [ 588623.125, 2328841.25 ], [ 588626.5625, 2328837.1875 ], [ 588635.3125, 2328830.9375 ], [ 588638.125, 2328826.25 ], [ 588639.6875, 2328820.3125 ], [ 588640.3125, 2328719.6875 ], [ 588643.125, 2328711.25 ], [ 588646.5625, 2328707.1875 ], [ 588655.3125, 2328700.9375 ], [ 588659.0625, 2328693.4375 ], [ 588660.0, 2328686.875 ], [ 588660.15625, 2328649.53125 ], [ 588661.5625, 2328639.6875 ], [ 588664.375, 2328631.25 ], [ 588676.71875, 2328606.09375 ], [ 588679.53125, 2328593.90625 ], [ 588680.0, 2328493.125 ], [ 588680.9375, 2328482.8125 ], [ 588684.375, 2328471.25 ], [ 588716.71875, 2328406.09375 ], [ 588719.0625, 2328397.1875 ], [ 588720.3125, 2328379.6875 ], [ 588721.875, 2328373.75 ], [ 588726.5625, 2328367.1875 ], [ 588735.3125, 2328360.9375 ], [ 588739.0625, 2328353.4375 ], [ 588740.0, 2328346.875 ], [ 588740.0, 2328283.125 ], [ 588740.9375, 2328276.5625 ], [ 588744.6875, 2328269.0625 ], [ 588753.4375, 2328262.8125 ], [ 588758.125, 2328256.25 ], [ 588760.0, 2328246.875 ], [ 588760.0, 2328213.125 ], [ 588760.9375, 2328206.5625 ], [ 588764.6875, 2328199.0625 ], [ 588775.3125, 2328190.9375 ], [ 588778.125, 2328186.25 ], [ 588779.6875, 2328180.3125 ], [ 588780.0, 2328083.125 ], [ 588781.875, 2328073.75 ], [ 588786.5625, 2328067.1875 ], [ 588795.78125, 2328061.40625 ], [ 588801.40625, 2328055.78125 ], [ 588804.375, 2328051.25 ], [ 588815.625, 2328028.75 ], [ 588822.1875, 2328020.3125 ], [ 588828.75, 2328015.625 ], [ 588851.25, 2328004.375 ], [ 588855.3125, 2328000.9375 ], [ 588859.0625, 2327993.4375 ], [ 588860.3125, 2327979.6875 ], [ 588863.125, 2327971.25 ], [ 588866.5625, 2327967.1875 ], [ 588877.8125, 2327959.6875 ], [ 588882.96875, 2327953.59375 ], [ 588915.625, 2327888.75 ], [ 588918.59375, 2327884.21875 ], [ 588926.40625, 2327877.03125 ], [ 588951.25, 2327864.375 ], [ 588956.875, 2327858.75 ], [ 588959.0625, 2327853.4375 ], [ 588960.0, 2327846.875 ], [ 588960.0, 2327753.125 ], [ 588961.875, 2327743.75 ], [ 588966.5625, 2327737.1875 ], [ 588993.59375, 2327722.96875 ], [ 588997.8125, 2327719.6875 ], [ 589002.96875, 2327713.59375 ], [ 589037.03125, 2327646.40625 ], [ 589042.1875, 2327640.3125 ], [ 589053.4375, 2327632.8125 ], [ 589056.875, 2327628.75 ], [ 589059.0625, 2327623.4375 ], [ 589060.3125, 2327609.6875 ], [ 589061.875, 2327603.75 ], [ 589064.6875, 2327599.0625 ], [ 589073.4375, 2327592.8125 ], [ 589076.875, 2327588.75 ], [ 589079.0625, 2327583.4375 ], [ 589080.3125, 2327569.6875 ], [ 589081.875, 2327563.75 ], [ 589084.6875, 2327559.0625 ], [ 589093.4375, 2327552.8125 ], [ 589096.875, 2327548.75 ], [ 589099.0625, 2327543.4375 ], [ 589100.3125, 2327529.6875 ], [ 589101.875, 2327523.75 ], [ 589104.6875, 2327519.0625 ], [ 589113.4375, 2327512.8125 ], [ 589118.125, 2327506.25 ], [ 589120.0, 2327496.875 ], [ 589120.0, 2327433.125 ], [ 589120.9375, 2327426.5625 ], [ 589124.6875, 2327419.0625 ], [ 589133.4375, 2327412.8125 ], [ 589138.125, 2327406.25 ], [ 589140.0, 2327396.875 ], [ 589140.0, 2327363.125 ], [ 589140.9375, 2327356.5625 ], [ 589144.6875, 2327349.0625 ], [ 589153.4375, 2327342.8125 ], [ 589156.875, 2327338.75 ], [ 589159.0625, 2327333.4375 ], [ 589160.0, 2327326.875 ], [ 589159.6875, 2327229.6875 ], [ 589156.875, 2327221.25 ], [ 589153.4375, 2327217.1875 ], [ 589144.6875, 2327210.9375 ], [ 589140.9375, 2327203.4375 ], [ 589140.0, 2327196.875 ], [ 589140.0, 2327163.125 ], [ 589140.9375, 2327156.5625 ], [ 589144.6875, 2327149.0625 ], [ 589157.8125, 2327139.6875 ], [ 589161.40625, 2327135.78125 ], [ 589167.1875, 2327126.5625 ], [ 589173.75, 2327121.875 ], [ 589183.125, 2327120.0 ], [ 589220.3125, 2327119.6875 ], [ 589228.75, 2327116.875 ], [ 589234.375, 2327111.25 ], [ 589255.625, 2327068.75 ], [ 589258.4375, 2327060.3125 ], [ 589260.0, 2327046.875 ], [ 589260.15625, 2327009.53125 ], [ 589260.9375, 2327002.8125 ], [ 589263.28125, 2326993.90625 ], [ 589295.625, 2326928.75 ], [ 589297.65625, 2326923.28125 ], [ 589299.84375, 2326910.46875 ], [ 589300.15625, 2326869.53125 ], [ 589300.9375, 2326862.8125 ], [ 589303.28125, 2326853.90625 ], [ 589317.03125, 2326826.40625 ], [ 589322.1875, 2326820.3125 ], [ 589335.3125, 2326810.9375 ], [ 589339.0625, 2326803.4375 ], [ 589340.0, 2326796.875 ], [ 589340.0, 2326733.125 ], [ 589340.9375, 2326722.8125 ], [ 589344.375, 2326711.25 ], [ 589356.71875, 2326686.09375 ], [ 589359.0625, 2326677.1875 ], [ 589360.0, 2326666.875 ], [ 589359.6875, 2326599.6875 ], [ 589356.875, 2326591.25 ], [ 589353.4375, 2326587.1875 ], [ 589344.6875, 2326580.9375 ], [ 589340.9375, 2326573.4375 ], [ 589340.0, 2326566.875 ], [ 589340.0, 2326533.125 ], [ 589341.875, 2326523.75 ], [ 589344.6875, 2326519.0625 ], [ 589348.75, 2326515.625 ], [ 589373.90625, 2326503.28125 ], [ 589379.6875, 2326501.5625 ], [ 589389.53125, 2326500.15625 ], [ 589426.875, 2326500.0 ], [ 589440.3125, 2326498.4375 ], [ 589448.75, 2326495.625 ], [ 589453.4375, 2326492.8125 ], [ 589456.875, 2326488.75 ], [ 589459.0625, 2326483.4375 ], [ 589460.0, 2326476.875 ], [ 589460.0, 2326413.125 ], [ 589460.9375, 2326406.5625 ], [ 589464.6875, 2326399.0625 ], [ 589473.4375, 2326392.8125 ], [ 589478.125, 2326386.25 ], [ 589479.6875, 2326380.3125 ], [ 589480.46875, 2326366.09375 ], [ 589482.34375, 2326356.71875 ], [ 589484.375, 2326351.25 ], [ 589495.625, 2326328.75 ], [ 589499.0625, 2326317.1875 ], [ 589500.0, 2326306.875 ], [ 589500.0, 2326243.125 ], [ 589500.9375, 2326236.5625 ], [ 589504.6875, 2326229.0625 ], [ 589515.3125, 2326220.9375 ], [ 589519.0625, 2326213.4375 ], [ 589520.0, 2326206.875 ], [ 589520.0, 2326173.125 ], [ 589520.9375, 2326166.5625 ], [ 589523.125, 2326161.25 ], [ 589528.75, 2326155.625 ], [ 589551.25, 2326144.375 ], [ 589555.3125, 2326140.9375 ], [ 589558.125, 2326136.25 ], [ 589560.0, 2326126.875 ], [ 589560.0, 2326093.125 ], [ 589561.5625, 2326079.6875 ], [ 589564.375, 2326071.25 ], [ 589575.625, 2326048.75 ], [ 589579.0625, 2326037.1875 ], [ 589580.0, 2326026.875 ], [ 589580.0, 2325993.125 ], [ 589581.5625, 2325979.6875 ], [ 589584.375, 2325971.25 ], [ 589595.625, 2325948.75 ], [ 589597.65625, 2325943.28125 ], [ 589599.53125, 2325933.90625 ], [ 589600.3125, 2325919.6875 ], [ 589601.875, 2325913.75 ], [ 589606.5625, 2325907.1875 ], [ 589615.3125, 2325900.9375 ], [ 589619.0625, 2325893.4375 ], [ 589620.0, 2325886.875 ], [ 589620.0, 2325853.125 ], [ 589621.875, 2325843.75 ], [ 589626.5625, 2325837.1875 ], [ 589635.3125, 2325830.9375 ], [ 589638.125, 2325826.25 ], [ 589639.6875, 2325820.3125 ], [ 589640.3125, 2325479.6875 ], [ 589643.125, 2325471.25 ], [ 589646.5625, 2325467.1875 ], [ 589655.3125, 2325460.9375 ], [ 589659.0625, 2325453.4375 ], [ 589660.0, 2325446.875 ], [ 589660.0, 2325413.125 ], [ 589660.9375, 2325402.8125 ], [ 589663.28125, 2325393.90625 ], [ 589675.625, 2325368.75 ], [ 589678.4375, 2325360.3125 ], [ 589679.84375, 2325350.46875 ], [ 589680.0, 2325313.125 ], [ 589680.9375, 2325306.5625 ], [ 589684.6875, 2325299.0625 ], [ 589695.3125, 2325290.9375 ], [ 589699.0625, 2325283.4375 ], [ 589700.0, 2325276.875 ], [ 589700.46875, 2325206.09375 ], [ 589703.28125, 2325193.90625 ], [ 589715.625, 2325168.75 ], [ 589718.4375, 2325160.3125 ], [ 589720.0, 2325146.875 ], [ 589720.46875, 2325109.84375 ], [ 589722.8125, 2325104.6875 ], [ 589727.03125, 2325101.40625 ], [ 589729.84375, 2325100.46875 ], [ 589743.4375, 2325099.0625 ], [ 589750.9375, 2325095.3125 ], [ 589754.375, 2325091.25 ], [ 589758.4375, 2325080.3125 ], [ 589760.0, 2325066.875 ], [ 589760.3125, 2324969.6875 ], [ 589763.125, 2324961.25 ], [ 589766.5625, 2324957.1875 ], [ 589775.3125, 2324950.9375 ], [ 589778.125, 2324946.25 ], [ 589779.6875, 2324940.3125 ], [ 589780.0, 2324843.125 ], [ 589780.9375, 2324836.5625 ], [ 589784.6875, 2324829.0625 ], [ 589793.4375, 2324822.8125 ], [ 589798.125, 2324816.25 ], [ 589800.0, 2324806.875 ], [ 589800.0, 2324773.125 ], [ 589800.9375, 2324766.5625 ], [ 589804.6875, 2324759.0625 ], [ 589813.4375, 2324752.8125 ], [ 589816.875, 2324748.75 ], [ 589819.0625, 2324743.4375 ], [ 589820.0, 2324733.125 ], [ 589821.40625, 2324727.03125 ], [ 589822.8125, 2324724.6875 ], [ 589827.03125, 2324721.40625 ], [ 589829.84375, 2324720.46875 ], [ 589843.4375, 2324719.0625 ], [ 589848.75, 2324716.875 ], [ 589852.8125, 2324713.4375 ], [ 589856.71875, 2324706.09375 ], [ 589859.0625, 2324697.1875 ], [ 589860.0, 2324686.875 ], [ 589860.0, 2324593.125 ], [ 589861.875, 2324583.75 ], [ 589864.6875, 2324579.0625 ], [ 589873.4375, 2324572.8125 ], [ 589878.125, 2324566.25 ], [ 589879.6875, 2324560.3125 ], [ 589880.9375, 2324542.8125 ], [ 589883.28125, 2324533.90625 ], [ 589915.625, 2324468.75 ], [ 589920.3125, 2324462.1875 ], [ 589924.21875, 2324458.59375 ], [ 589933.4375, 2324452.8125 ], [ 589938.125, 2324446.25 ], [ 589940.0, 2324436.875 ], [ 589940.0, 2324403.125 ], [ 589940.9375, 2324396.5625 ], [ 589944.6875, 2324389.0625 ], [ 589953.4375, 2324382.8125 ], [ 589958.125, 2324376.25 ], [ 589959.6875, 2324370.3125 ], [ 589960.3125, 2324359.6875 ], [ 589963.125, 2324351.25 ], [ 589966.5625, 2324347.1875 ], [ 589973.4375, 2324342.8125 ], [ 589978.125, 2324336.25 ], [ 589980.0, 2324326.875 ], [ 589980.3125, 2324289.6875 ], [ 589983.125, 2324281.25 ], [ 589986.5625, 2324277.1875 ], [ 589995.3125, 2324270.9375 ], [ 589999.0625, 2324263.4375 ], [ 590000.0, 2324256.875 ], [ 590000.0, 2324223.125 ], [ 590001.875, 2324213.75 ], [ 590004.6875, 2324209.0625 ], [ 590013.4375, 2324202.8125 ], [ 590016.875, 2324198.75 ], [ 590019.0625, 2324193.4375 ], [ 590020.3125, 2324179.6875 ], [ 590023.125, 2324171.25 ], [ 590026.5625, 2324167.1875 ], [ 590035.78125, 2324161.40625 ], [ 590041.40625, 2324155.78125 ], [ 590044.375, 2324151.25 ], [ 590055.625, 2324128.75 ], [ 590057.65625, 2324123.28125 ], [ 590059.0625, 2324117.1875 ], [ 590060.0, 2324106.875 ], [ 590060.0, 2323983.125 ], [ 590060.9375, 2323976.5625 ], [ 590064.6875, 2323969.0625 ], [ 590073.4375, 2323962.8125 ], [ 590076.875, 2323958.75 ], [ 590079.6875, 2323950.3125 ], [ 590080.9375, 2323936.5625 ], [ 590083.125, 2323931.25 ], [ 590086.5625, 2323927.1875 ], [ 590091.25, 2323924.375 ], [ 590099.6875, 2323921.5625 ], [ 590123.4375, 2323919.0625 ], [ 590128.75, 2323916.875 ], [ 590134.375, 2323911.25 ], [ 590137.65625, 2323903.28125 ], [ 590139.53125, 2323893.90625 ], [ 590140.0, 2323853.125 ], [ 590141.875, 2323843.75 ], [ 590144.6875, 2323839.0625 ], [ 590153.4375, 2323832.8125 ], [ 590156.875, 2323828.75 ], [ 590159.0625, 2323823.4375 ], [ 590160.3125, 2323809.6875 ], [ 590161.875, 2323803.75 ], [ 590164.6875, 2323799.0625 ], [ 590173.4375, 2323792.8125 ], [ 590176.875, 2323788.75 ], [ 590179.0625, 2323783.4375 ], [ 590180.3125, 2323769.6875 ], [ 590183.125, 2323761.25 ], [ 590188.75, 2323755.625 ], [ 590211.25, 2323744.375 ], [ 590215.3125, 2323740.9375 ], [ 590218.125, 2323736.25 ], [ 590220.0, 2323726.875 ], [ 590220.0, 2323693.125 ], [ 590220.9375, 2323686.5625 ], [ 590224.6875, 2323679.0625 ], [ 590233.4375, 2323672.8125 ], [ 590238.125, 2323666.25 ], [ 590239.6875, 2323660.3125 ], [ 590240.46875, 2323646.09375 ], [ 590242.34375, 2323636.71875 ], [ 590244.375, 2323631.25 ], [ 590257.03125, 2323606.40625 ], [ 590260.3125, 2323602.1875 ], [ 590266.40625, 2323597.03125 ], [ 590291.25, 2323584.375 ], [ 590297.8125, 2323579.6875 ], [ 590304.375, 2323571.25 ], [ 590315.625, 2323548.75 ], [ 590318.59375, 2323544.21875 ], [ 590324.21875, 2323538.59375 ], [ 590333.4375, 2323532.8125 ], [ 590336.875, 2323528.75 ], [ 590339.0625, 2323523.4375 ], [ 590340.0, 2323516.875 ], [ 590340.0, 2323453.125 ], [ 590341.875, 2323443.75 ], [ 590346.5625, 2323437.1875 ], [ 590371.25, 2323424.375 ], [ 590376.875, 2323418.75 ], [ 590379.0625, 2323413.4375 ], [ 590380.3125, 2323399.6875 ], [ 590381.875, 2323393.75 ], [ 590384.6875, 2323389.0625 ], [ 590393.4375, 2323382.8125 ], [ 590396.875, 2323378.75 ], [ 590399.6875, 2323370.3125 ], [ 590400.9375, 2323356.5625 ], [ 590404.6875, 2323349.0625 ], [ 590408.75, 2323345.625 ], [ 590415.78125, 2323341.40625 ], [ 590421.40625, 2323335.78125 ], [ 590424.375, 2323331.25 ], [ 590435.625, 2323308.75 ], [ 590442.1875, 2323300.3125 ], [ 590448.75, 2323295.625 ], [ 590473.59375, 2323282.96875 ], [ 590481.40625, 2323275.78125 ], [ 590498.59375, 2323244.21875 ], [ 590504.21875, 2323238.59375 ], [ 590513.4375, 2323232.8125 ], [ 590516.875, 2323228.75 ], [ 590519.6875, 2323220.3125 ], [ 590520.9375, 2323206.5625 ], [ 590523.125, 2323201.25 ], [ 590526.5625, 2323197.1875 ], [ 590555.78125, 2323181.40625 ], [ 590561.40625, 2323175.78125 ], [ 590567.1875, 2323166.5625 ], [ 590571.25, 2323163.125 ], [ 590579.6875, 2323160.3125 ], [ 590593.90625, 2323159.53125 ], [ 590603.28125, 2323157.65625 ], [ 590611.25, 2323154.375 ], [ 590615.3125, 2323150.9375 ], [ 590618.125, 2323146.25 ], [ 590619.6875, 2323140.3125 ], [ 590620.0, 2323103.125 ], [ 590621.875, 2323093.75 ], [ 590626.5625, 2323087.1875 ], [ 590635.78125, 2323081.40625 ], [ 590641.40625, 2323075.78125 ], [ 590644.375, 2323071.25 ], [ 590655.625, 2323048.75 ], [ 590662.1875, 2323040.3125 ], [ 590668.75, 2323035.625 ], [ 590733.59375, 2323002.96875 ], [ 590739.6875, 2322997.8125 ], [ 590747.1875, 2322986.5625 ], [ 590751.25, 2322983.125 ], [ 590756.5625, 2322980.9375 ], [ 590770.3125, 2322979.6875 ], [ 590776.25, 2322978.125 ], [ 590780.9375, 2322975.3125 ], [ 590787.1875, 2322966.5625 ], [ 590791.25, 2322963.125 ], [ 590796.5625, 2322960.9375 ], [ 590810.3125, 2322959.6875 ], [ 590818.75, 2322956.875 ], [ 590824.375, 2322951.25 ], [ 590835.625, 2322928.75 ], [ 590838.59375, 2322924.21875 ], [ 590842.1875, 2322920.3125 ], [ 590848.75, 2322915.625 ], [ 590873.90625, 2322903.28125 ], [ 590882.8125, 2322900.9375 ], [ 590903.4375, 2322899.0625 ], [ 590908.75, 2322896.875 ], [ 590912.8125, 2322893.4375 ], [ 590916.71875, 2322886.09375 ], [ 590919.53125, 2322873.90625 ], [ 590920.0, 2322803.125 ], [ 590921.875, 2322793.75 ], [ 590926.5625, 2322787.1875 ], [ 590935.78125, 2322781.40625 ], [ 590941.40625, 2322775.78125 ], [ 590944.375, 2322771.25 ], [ 590955.625, 2322748.75 ], [ 590959.0625, 2322744.6875 ], [ 590963.75, 2322741.875 ], [ 590973.125, 2322740.0 ], [ 591006.875, 2322740.0 ], [ 591016.25, 2322741.875 ], [ 591020.9375, 2322744.6875 ], [ 591024.375, 2322748.75 ], [ 591035.625, 2322771.25 ], [ 591042.1875, 2322779.6875 ], [ 591048.75, 2322784.375 ], [ 591071.25, 2322795.625 ], [ 591079.6875, 2322798.4375 ], [ 591089.53125, 2322799.84375 ], [ 591133.90625, 2322799.53125 ], [ 591146.09375, 2322796.71875 ], [ 591171.25, 2322784.375 ], [ 591179.6875, 2322777.8125 ], [ 591187.1875, 2322766.5625 ], [ 591191.25, 2322763.125 ], [ 591196.5625, 2322760.9375 ], [ 591210.3125, 2322759.6875 ], [ 591216.25, 2322758.125 ], [ 591220.9375, 2322755.3125 ], [ 591227.1875, 2322746.5625 ], [ 591233.75, 2322741.875 ], [ 591243.125, 2322740.0 ], [ 591276.875, 2322740.0 ], [ 591283.4375, 2322739.0625 ], [ 591290.9375, 2322735.3125 ], [ 591299.0625, 2322724.6875 ], [ 591303.75, 2322721.875 ], [ 591309.6875, 2322720.3125 ], [ 591376.875, 2322720.0 ], [ 591383.4375, 2322719.0625 ], [ 591390.9375, 2322715.3125 ], [ 591397.1875, 2322706.5625 ], [ 591403.75, 2322701.875 ], [ 591413.125, 2322700.0 ], [ 591450.46875, 2322699.84375 ], [ 591463.28125, 2322697.65625 ], [ 591496.71875, 2322682.34375 ], [ 591506.09375, 2322680.46875 ], [ 591520.3125, 2322679.6875 ], [ 591526.25, 2322678.125 ], [ 591532.8125, 2322673.4375 ], [ 591539.0625, 2322664.6875 ], [ 591546.5625, 2322660.9375 ], [ 591553.125, 2322660.0 ], [ 591620.3125, 2322659.6875 ], [ 591626.25, 2322658.125 ], [ 591630.9375, 2322655.3125 ], [ 591637.1875, 2322646.5625 ], [ 591641.25, 2322643.125 ], [ 591646.5625, 2322640.9375 ], [ 591653.125, 2322640.0 ], [ 591810.3125, 2322639.6875 ], [ 591816.25, 2322638.125 ], [ 591820.9375, 2322635.3125 ], [ 591827.1875, 2322626.5625 ], [ 591833.75, 2322621.875 ], [ 591843.125, 2322620.0 ], [ 591876.875, 2322620.0 ], [ 591883.4375, 2322619.0625 ], [ 591890.9375, 2322615.3125 ], [ 591899.0625, 2322604.6875 ], [ 591903.75, 2322601.875 ], [ 591909.6875, 2322600.3125 ], [ 592006.875, 2322600.0 ], [ 592020.3125, 2322598.4375 ], [ 592028.75, 2322595.625 ], [ 592053.59375, 2322582.96875 ], [ 592059.6875, 2322577.8125 ], [ 592067.1875, 2322566.5625 ], [ 592071.25, 2322563.125 ], [ 592076.5625, 2322560.9375 ], [ 592090.3125, 2322559.6875 ], [ 592096.25, 2322558.125 ], [ 592100.9375, 2322555.3125 ], [ 592107.1875, 2322546.5625 ], [ 592111.25, 2322543.125 ], [ 592116.5625, 2322540.9375 ], [ 592130.3125, 2322539.6875 ], [ 592136.25, 2322538.125 ], [ 592140.9375, 2322535.3125 ], [ 592147.1875, 2322526.5625 ], [ 592153.75, 2322521.875 ], [ 592159.6875, 2322520.3125 ], [ 592177.1875, 2322519.0625 ], [ 592188.75, 2322515.625 ], [ 592253.59375, 2322482.96875 ], [ 592259.6875, 2322477.8125 ], [ 592267.1875, 2322466.5625 ], [ 592271.25, 2322463.125 ], [ 592276.5625, 2322460.9375 ], [ 592290.3125, 2322459.6875 ], [ 592296.25, 2322458.125 ], [ 592300.9375, 2322455.3125 ], [ 592307.1875, 2322446.5625 ], [ 592311.25, 2322443.125 ], [ 592316.5625, 2322440.9375 ], [ 592330.3125, 2322439.6875 ], [ 592338.75, 2322436.875 ], [ 592344.375, 2322431.25 ], [ 592355.625, 2322408.75 ], [ 592359.0625, 2322404.6875 ], [ 592366.5625, 2322400.9375 ], [ 592380.3125, 2322399.6875 ], [ 592388.75, 2322396.875 ], [ 592392.8125, 2322393.4375 ], [ 592397.1875, 2322386.5625 ], [ 592403.75, 2322381.875 ], [ 592409.6875, 2322380.3125 ], [ 592420.3125, 2322379.6875 ], [ 592428.75, 2322376.875 ], [ 592432.8125, 2322373.4375 ], [ 592437.1875, 2322366.5625 ], [ 592443.75, 2322361.875 ], [ 592453.125, 2322360.0 ], [ 592486.875, 2322360.0 ], [ 592496.25, 2322358.125 ], [ 592500.9375, 2322355.3125 ], [ 592507.1875, 2322346.5625 ], [ 592511.25, 2322343.125 ], [ 592516.5625, 2322340.9375 ], [ 592530.3125, 2322339.6875 ], [ 592536.25, 2322338.125 ], [ 592540.9375, 2322335.3125 ], [ 592547.1875, 2322326.5625 ], [ 592551.25, 2322323.125 ], [ 592556.5625, 2322320.9375 ], [ 592570.3125, 2322319.6875 ], [ 592576.25, 2322318.125 ], [ 592582.8125, 2322313.4375 ], [ 592589.0625, 2322304.6875 ], [ 592596.5625, 2322300.9375 ], [ 592603.125, 2322300.0 ], [ 592696.875, 2322300.0 ], [ 592703.4375, 2322299.0625 ], [ 592708.75, 2322296.875 ], [ 592712.8125, 2322293.4375 ], [ 592718.59375, 2322284.21875 ], [ 592724.21875, 2322278.59375 ], [ 592728.75, 2322275.625 ], [ 592751.25, 2322264.375 ], [ 592756.875, 2322258.75 ], [ 592759.0625, 2322253.4375 ], [ 592760.3125, 2322239.6875 ], [ 592761.875, 2322233.75 ], [ 592764.6875, 2322229.0625 ], [ 592773.4375, 2322222.8125 ], [ 592776.875, 2322218.75 ], [ 592779.6875, 2322210.3125 ], [ 592780.9375, 2322196.5625 ], [ 592784.6875, 2322189.0625 ], [ 592788.75, 2322185.625 ], [ 592831.25, 2322164.375 ], [ 592837.8125, 2322159.6875 ], [ 592842.96875, 2322153.59375 ], [ 592855.625, 2322128.75 ], [ 592859.0625, 2322124.6875 ], [ 592866.5625, 2322120.9375 ], [ 592880.3125, 2322119.6875 ], [ 592888.75, 2322116.875 ], [ 592892.8125, 2322113.4375 ], [ 592897.03125, 2322106.40625 ], [ 592902.1875, 2322100.3125 ], [ 592908.75, 2322095.625 ], [ 592931.25, 2322084.375 ], [ 592935.78125, 2322081.40625 ], [ 592941.40625, 2322075.78125 ], [ 592947.1875, 2322066.5625 ], [ 592951.25, 2322063.125 ], [ 592956.5625, 2322060.9375 ], [ 592970.3125, 2322059.6875 ], [ 592978.75, 2322056.875 ], [ 592984.375, 2322051.25 ], [ 592995.625, 2322028.75 ], [ 593001.25, 2322023.125 ], [ 593006.5625, 2322020.9375 ], [ 593020.3125, 2322019.6875 ], [ 593026.25, 2322018.125 ], [ 593032.8125, 2322013.4375 ], [ 593039.0625, 2322004.6875 ], [ 593046.5625, 2322000.9375 ], [ 593053.125, 2322000.0 ], [ 593086.875, 2322000.0 ], [ 593096.25, 2321998.125 ], [ 593100.9375, 2321995.3125 ], [ 593107.1875, 2321986.5625 ], [ 593111.25, 2321983.125 ], [ 593119.6875, 2321980.3125 ], [ 593133.4375, 2321979.0625 ], [ 593140.9375, 2321975.3125 ], [ 593144.375, 2321971.25 ], [ 593175.625, 2321908.75 ], [ 593178.59375, 2321904.21875 ], [ 593186.40625, 2321897.03125 ], [ 593211.25, 2321884.375 ], [ 593219.6875, 2321877.8125 ], [ 593224.375, 2321871.25 ], [ 593235.625, 2321848.75 ], [ 593238.59375, 2321844.21875 ], [ 593244.21875, 2321838.59375 ], [ 593253.4375, 2321832.8125 ], [ 593256.875, 2321828.75 ], [ 593259.6875, 2321820.3125 ], [ 593260.46875, 2321809.84375 ], [ 593261.40625, 2321807.03125 ], [ 593264.6875, 2321802.8125 ], [ 593269.84375, 2321800.46875 ], [ 593280.3125, 2321799.6875 ], [ 593288.75, 2321796.875 ], [ 593292.8125, 2321793.4375 ], [ 593297.03125, 2321786.40625 ], [ 593302.1875, 2321780.3125 ], [ 593308.75, 2321775.625 ], [ 593331.25, 2321764.375 ], [ 593335.78125, 2321761.40625 ], [ 593341.40625, 2321755.78125 ], [ 593347.1875, 2321746.5625 ], [ 593351.25, 2321743.125 ], [ 593359.6875, 2321740.3125 ], [ 593373.4375, 2321739.0625 ], [ 593380.9375, 2321735.3125 ], [ 593384.375, 2321731.25 ], [ 593395.625, 2321708.75 ], [ 593400.3125, 2321702.1875 ], [ 593408.75, 2321695.625 ], [ 593431.25, 2321684.375 ], [ 593435.78125, 2321681.40625 ], [ 593441.40625, 2321675.78125 ], [ 593447.1875, 2321666.5625 ], [ 593451.25, 2321663.125 ], [ 593459.6875, 2321660.3125 ], [ 593473.4375, 2321659.0625 ], [ 593480.9375, 2321655.3125 ], [ 593484.375, 2321651.25 ], [ 593516.71875, 2321586.09375 ], [ 593518.4375, 2321580.3125 ], [ 593519.84375, 2321570.46875 ], [ 593520.0, 2321533.125 ], [ 593521.5625, 2321519.6875 ], [ 593524.375, 2321511.25 ], [ 593535.625, 2321488.75 ], [ 593539.0625, 2321484.6875 ], [ 593543.75, 2321481.875 ], [ 593553.125, 2321480.0 ], [ 593650.46875, 2321479.84375 ], [ 593660.3125, 2321478.4375 ], [ 593671.25, 2321474.375 ], [ 593675.3125, 2321470.9375 ], [ 593678.125, 2321466.25 ], [ 593679.6875, 2321460.3125 ], [ 593680.3125, 2321449.6875 ], [ 593683.125, 2321441.25 ], [ 593688.75, 2321435.625 ], [ 593711.25, 2321424.375 ], [ 593715.3125, 2321420.9375 ], [ 593719.0625, 2321413.4375 ], [ 593720.3125, 2321399.6875 ], [ 593723.125, 2321391.25 ], [ 593726.5625, 2321387.1875 ], [ 593737.8125, 2321379.6875 ], [ 593742.96875, 2321373.59375 ], [ 593767.1875, 2321326.5625 ], [ 593771.25, 2321323.125 ], [ 593776.5625, 2321320.9375 ], [ 593790.3125, 2321319.6875 ], [ 593798.75, 2321316.875 ], [ 593804.375, 2321311.25 ], [ 593815.625, 2321288.75 ], [ 593819.0625, 2321284.6875 ], [ 593826.5625, 2321280.9375 ], [ 593840.3125, 2321279.6875 ], [ 593848.75, 2321276.875 ], [ 593852.8125, 2321273.4375 ], [ 593858.59375, 2321264.21875 ], [ 593864.21875, 2321258.59375 ], [ 593893.59375, 2321242.96875 ], [ 593899.6875, 2321237.8125 ], [ 593904.375, 2321231.25 ], [ 593955.625, 2321128.75 ], [ 593959.0625, 2321117.1875 ], [ 593960.3125, 2321099.6875 ], [ 593961.875, 2321093.75 ], [ 593966.5625, 2321087.1875 ], [ 593975.3125, 2321080.9375 ], [ 593979.0625, 2321073.4375 ], [ 593980.0, 2321066.875 ], [ 593980.0, 2321003.125 ], [ 593981.875, 2320993.75 ], [ 593984.6875, 2320989.0625 ], [ 593993.4375, 2320982.8125 ], [ 593996.875, 2320978.75 ], [ 593999.0625, 2320973.4375 ], [ 594000.3125, 2320959.6875 ], [ 594003.125, 2320951.25 ], [ 594006.5625, 2320947.1875 ], [ 594015.78125, 2320941.40625 ], [ 594021.40625, 2320935.78125 ], [ 594038.59375, 2320904.21875 ], [ 594046.40625, 2320897.03125 ], [ 594071.25, 2320884.375 ], [ 594075.3125, 2320880.9375 ], [ 594078.125, 2320876.25 ], [ 594080.0, 2320866.875 ], [ 594080.0, 2320803.125 ], [ 594079.0625, 2320796.5625 ], [ 594075.3125, 2320789.0625 ], [ 594071.25, 2320785.625 ], [ 594064.21875, 2320781.40625 ], [ 594058.59375, 2320775.78125 ], [ 594042.96875, 2320746.40625 ], [ 594037.8125, 2320740.3125 ], [ 594024.6875, 2320730.9375 ], [ 594021.875, 2320726.25 ], [ 594020.3125, 2320720.3125 ], [ 594020.15625, 2320709.53125 ], [ 594022.34375, 2320696.71875 ], [ 594036.71875, 2320666.09375 ], [ 594038.4375, 2320660.3125 ], [ 594039.84375, 2320650.46875 ], [ 594040.0, 2320493.125 ], [ 594039.0625, 2320486.5625 ], [ 594036.875, 2320481.25 ], [ 594033.4375, 2320477.1875 ], [ 594024.6875, 2320470.9375 ], [ 594021.875, 2320466.25 ], [ 594020.3125, 2320460.3125 ], [ 594019.6875, 2320269.6875 ], [ 594018.125, 2320263.75 ], [ 594013.4375, 2320257.1875 ], [ 593988.75, 2320244.375 ], [ 593984.6875, 2320240.9375 ], [ 593980.9375, 2320233.4375 ], [ 593979.6875, 2320219.6875 ], [ 593978.125, 2320213.75 ], [ 593973.4375, 2320207.1875 ], [ 593964.6875, 2320200.9375 ], [ 593960.9375, 2320193.4375 ], [ 593960.0, 2320186.875 ], [ 593959.6875, 2320089.6875 ], [ 593958.125, 2320083.75 ], [ 593955.3125, 2320079.0625 ], [ 593946.5625, 2320072.8125 ], [ 593943.125, 2320068.75 ], [ 593940.9375, 2320063.4375 ], [ 593940.0, 2320056.875 ], [ 593940.0, 2319933.125 ], [ 593939.0625, 2319922.8125 ], [ 593936.71875, 2319913.90625 ], [ 593924.375, 2319888.75 ], [ 593921.5625, 2319880.3125 ], [ 593920.15625, 2319870.46875 ], [ 593920.0, 2319833.125 ], [ 593919.0625, 2319826.5625 ], [ 593915.3125, 2319819.0625 ], [ 593906.5625, 2319812.8125 ], [ 593901.875, 2319806.25 ], [ 593900.3125, 2319800.3125 ], [ 593899.53125, 2319786.09375 ], [ 593897.65625, 2319776.71875 ], [ 593895.625, 2319771.25 ], [ 593884.375, 2319748.75 ], [ 593881.5625, 2319740.3125 ], [ 593880.15625, 2319730.46875 ], [ 593880.0, 2319693.125 ], [ 593879.0625, 2319686.5625 ], [ 593875.3125, 2319679.0625 ], [ 593864.6875, 2319670.9375 ], [ 593861.875, 2319666.25 ], [ 593860.3125, 2319660.3125 ], [ 593859.6875, 2319529.6875 ], [ 593856.875, 2319521.25 ], [ 593853.4375, 2319517.1875 ], [ 593844.6875, 2319510.9375 ], [ 593840.9375, 2319503.4375 ], [ 593840.0, 2319496.875 ], [ 593840.0, 2319433.125 ], [ 593839.0625, 2319422.8125 ], [ 593835.625, 2319411.25 ], [ 593823.28125, 2319386.09375 ], [ 593821.5625, 2319380.3125 ], [ 593820.15625, 2319370.46875 ], [ 593820.0, 2319183.125 ], [ 593819.0625, 2319176.5625 ], [ 593815.3125, 2319169.0625 ], [ 593806.5625, 2319162.8125 ], [ 593801.875, 2319156.25 ], [ 593800.3125, 2319150.3125 ], [ 593799.6875, 2319139.6875 ], [ 593796.875, 2319131.25 ], [ 593793.4375, 2319127.1875 ], [ 593784.21875, 2319121.40625 ], [ 593778.59375, 2319115.78125 ], [ 593775.625, 2319111.25 ], [ 593764.375, 2319088.75 ], [ 593762.34375, 2319083.28125 ], [ 593760.46875, 2319073.90625 ], [ 593759.84375, 2319029.53125 ], [ 593757.65625, 2319016.71875 ], [ 593755.625, 2319011.25 ], [ 593722.96875, 2318946.40625 ], [ 593719.6875, 2318942.1875 ], [ 593713.59375, 2318937.03125 ], [ 593688.75, 2318924.375 ], [ 593682.1875, 2318919.6875 ], [ 593675.625, 2318911.25 ], [ 593664.375, 2318888.75 ], [ 593661.40625, 2318884.21875 ], [ 593655.78125, 2318878.59375 ], [ 593646.5625, 2318872.8125 ], [ 593643.125, 2318868.75 ], [ 593640.9375, 2318863.4375 ], [ 593639.6875, 2318849.6875 ], [ 593638.125, 2318843.75 ], [ 593635.3125, 2318839.0625 ], [ 593626.5625, 2318832.8125 ], [ 593623.125, 2318828.75 ], [ 593620.9375, 2318823.4375 ], [ 593619.6875, 2318809.6875 ], [ 593618.125, 2318803.75 ], [ 593615.3125, 2318799.0625 ], [ 593606.5625, 2318792.8125 ], [ 593603.125, 2318788.75 ], [ 593600.9375, 2318783.4375 ], [ 593599.6875, 2318769.6875 ], [ 593596.875, 2318761.25 ], [ 593591.25, 2318755.625 ], [ 593568.75, 2318744.375 ], [ 593563.125, 2318738.75 ], [ 593560.9375, 2318733.4375 ], [ 593559.6875, 2318719.6875 ], [ 593558.125, 2318713.75 ], [ 593555.3125, 2318709.0625 ], [ 593546.5625, 2318702.8125 ], [ 593543.125, 2318698.75 ], [ 593540.9375, 2318693.4375 ], [ 593539.6875, 2318679.6875 ], [ 593538.125, 2318673.75 ], [ 593535.3125, 2318669.0625 ], [ 593526.5625, 2318662.8125 ], [ 593523.125, 2318658.75 ], [ 593520.9375, 2318653.4375 ], [ 593519.6875, 2318639.6875 ], [ 593518.125, 2318633.75 ], [ 593515.3125, 2318629.0625 ], [ 593506.5625, 2318622.8125 ], [ 593503.125, 2318618.75 ], [ 593500.9375, 2318613.4375 ], [ 593499.6875, 2318599.6875 ], [ 593496.875, 2318591.25 ], [ 593493.4375, 2318587.1875 ], [ 593486.40625, 2318582.96875 ], [ 593480.3125, 2318577.8125 ], [ 593475.625, 2318571.25 ], [ 593464.375, 2318548.75 ], [ 593461.40625, 2318544.21875 ], [ 593455.78125, 2318538.59375 ], [ 593446.5625, 2318532.8125 ], [ 593443.125, 2318528.75 ], [ 593440.3125, 2318520.3125 ], [ 593439.0625, 2318506.5625 ], [ 593435.3125, 2318499.0625 ], [ 593431.25, 2318495.625 ], [ 593408.75, 2318484.375 ], [ 593403.125, 2318478.75 ], [ 593400.9375, 2318473.4375 ], [ 593399.6875, 2318459.6875 ], [ 593398.125, 2318453.75 ], [ 593395.3125, 2318449.0625 ], [ 593386.5625, 2318442.8125 ], [ 593383.125, 2318438.75 ], [ 593380.9375, 2318433.4375 ], [ 593379.6875, 2318419.6875 ], [ 593376.875, 2318411.25 ], [ 593373.4375, 2318407.1875 ], [ 593362.1875, 2318399.6875 ], [ 593355.625, 2318391.25 ], [ 593302.96875, 2318286.40625 ], [ 593299.6875, 2318282.1875 ], [ 593293.59375, 2318277.03125 ], [ 593268.75, 2318264.375 ], [ 593264.6875, 2318260.9375 ], [ 593260.9375, 2318253.4375 ], [ 593259.6875, 2318239.6875 ], [ 593256.875, 2318231.25 ], [ 593253.4375, 2318227.1875 ], [ 593246.40625, 2318222.96875 ], [ 593240.3125, 2318217.8125 ], [ 593235.625, 2318211.25 ], [ 593224.375, 2318188.75 ], [ 593221.40625, 2318184.21875 ], [ 593215.78125, 2318178.59375 ], [ 593206.5625, 2318172.8125 ], [ 593203.125, 2318168.75 ], [ 593200.3125, 2318160.3125 ], [ 593199.0625, 2318146.5625 ], [ 593195.3125, 2318139.0625 ], [ 593191.25, 2318135.625 ], [ 593166.40625, 2318122.96875 ], [ 593158.59375, 2318115.78125 ], [ 593155.625, 2318111.25 ], [ 593144.375, 2318088.75 ], [ 593142.34375, 2318083.28125 ], [ 593140.46875, 2318073.90625 ], [ 593140.3125, 2318059.6875 ], [ 593143.125, 2318051.25 ], [ 593146.5625, 2318047.1875 ], [ 593155.78125, 2318041.40625 ], [ 593161.40625, 2318035.78125 ], [ 593177.1875, 2318006.5625 ], [ 593181.25, 2318003.125 ], [ 593186.5625, 2318000.9375 ], [ 593200.3125, 2317999.6875 ], [ 593208.75, 2317996.875 ], [ 593212.8125, 2317993.4375 ], [ 593220.3125, 2317982.1875 ], [ 593228.75, 2317975.625 ], [ 593413.90625, 2317883.28125 ], [ 593419.6875, 2317881.5625 ], [ 593429.53125, 2317880.15625 ], [ 593466.875, 2317880.0 ], [ 593476.25, 2317881.875 ], [ 593482.8125, 2317886.5625 ], [ 593517.03125, 2317953.59375 ], [ 593522.1875, 2317959.6875 ], [ 593533.4375, 2317967.1875 ], [ 593536.875, 2317971.25 ], [ 593539.0625, 2317976.5625 ], [ 593540.3125, 2317990.3125 ], [ 593541.875, 2317996.25 ], [ 593546.5625, 2318002.8125 ], [ 593555.3125, 2318009.0625 ], [ 593559.0625, 2318016.5625 ], [ 593560.0, 2318023.125 ], [ 593560.0, 2318056.875 ], [ 593561.875, 2318066.25 ], [ 593566.5625, 2318072.8125 ], [ 593575.78125, 2318078.59375 ], [ 593581.40625, 2318084.21875 ], [ 593598.59375, 2318115.78125 ], [ 593604.21875, 2318121.40625 ], [ 593613.4375, 2318127.1875 ], [ 593616.875, 2318131.25 ], [ 593619.6875, 2318139.6875 ], [ 593620.46875, 2318153.90625 ], [ 593622.34375, 2318163.28125 ], [ 593624.375, 2318168.75 ], [ 593635.625, 2318191.25 ], [ 593639.0625, 2318195.3125 ], [ 593643.75, 2318198.125 ], [ 593649.6875, 2318199.6875 ], [ 593663.4375, 2318200.9375 ], [ 593670.9375, 2318204.6875 ], [ 593674.375, 2318208.75 ], [ 593677.65625, 2318216.71875 ], [ 593679.53125, 2318226.09375 ], [ 593680.9375, 2318243.4375 ], [ 593684.6875, 2318250.9375 ], [ 593688.75, 2318254.375 ], [ 593731.25, 2318275.625 ], [ 593736.875, 2318281.25 ], [ 593739.0625, 2318286.5625 ], [ 593740.0, 2318293.125 ], [ 593740.15625, 2318330.46875 ], [ 593742.34375, 2318343.28125 ], [ 593744.375, 2318348.75 ], [ 593795.625, 2318451.25 ], [ 593798.4375, 2318459.6875 ], [ 593799.53125, 2318466.09375 ], [ 593800.3125, 2318480.3125 ], [ 593803.125, 2318488.75 ], [ 593806.5625, 2318492.8125 ], [ 593817.8125, 2318500.3125 ], [ 593821.40625, 2318504.21875 ], [ 593827.1875, 2318513.4375 ], [ 593831.25, 2318516.875 ], [ 593839.6875, 2318519.6875 ], [ 593850.15625, 2318520.46875 ], [ 593852.96875, 2318521.40625 ], [ 593857.1875, 2318524.6875 ], [ 593859.53125, 2318529.84375 ], [ 593860.3125, 2318540.3125 ], [ 593863.125, 2318548.75 ], [ 593866.5625, 2318552.8125 ], [ 593873.59375, 2318557.03125 ], [ 593879.6875, 2318562.1875 ], [ 593884.375, 2318568.75 ], [ 593895.625, 2318591.25 ], [ 593898.59375, 2318595.78125 ], [ 593904.21875, 2318601.40625 ], [ 593913.4375, 2318607.1875 ], [ 593916.875, 2318611.25 ], [ 593919.6875, 2318619.6875 ], [ 593920.9375, 2318633.4375 ], [ 593924.6875, 2318640.9375 ], [ 593928.75, 2318644.375 ], [ 593951.25, 2318655.625 ], [ 593955.78125, 2318658.59375 ], [ 593961.40625, 2318664.21875 ], [ 593967.1875, 2318673.4375 ], [ 593971.25, 2318676.875 ], [ 593979.6875, 2318679.6875 ], [ 593990.15625, 2318680.46875 ], [ 593992.96875, 2318681.40625 ], [ 593997.1875, 2318684.6875 ], [ 593999.53125, 2318689.84375 ], [ 594000.3125, 2318700.3125 ], [ 594003.125, 2318708.75 ], [ 594006.5625, 2318712.8125 ], [ 594017.8125, 2318720.3125 ], [ 594024.375, 2318728.75 ], [ 594115.625, 2318911.25 ], [ 594122.1875, 2318919.6875 ], [ 594133.4375, 2318927.1875 ], [ 594136.875, 2318931.25 ], [ 594139.6875, 2318939.6875 ], [ 594140.15625, 2318950.46875 ], [ 594141.5625, 2318960.3125 ], [ 594145.625, 2318971.25 ], [ 594149.0625, 2318975.3125 ], [ 594153.75, 2318978.125 ], [ 594159.6875, 2318979.6875 ], [ 594170.15625, 2318980.46875 ], [ 594175.3125, 2318982.8125 ], [ 594177.1875, 2318984.6875 ], [ 594179.53125, 2318989.84375 ], [ 594180.3125, 2319000.3125 ], [ 594183.125, 2319008.75 ], [ 594186.5625, 2319012.8125 ], [ 594193.4375, 2319017.1875 ], [ 594196.875, 2319021.25 ], [ 594199.6875, 2319029.6875 ], [ 594200.0, 2319066.875 ], [ 594200.9375, 2319073.4375 ], [ 594203.125, 2319078.75 ], [ 594208.75, 2319084.375 ], [ 594251.25, 2319105.625 ], [ 594256.875, 2319111.25 ], [ 594259.0625, 2319116.5625 ], [ 594260.9375, 2319137.1875 ], [ 594264.375, 2319148.75 ], [ 594275.625, 2319171.25 ], [ 594278.59375, 2319175.78125 ], [ 594284.21875, 2319181.40625 ], [ 594291.25, 2319185.625 ], [ 594295.3125, 2319189.0625 ], [ 594299.0625, 2319196.5625 ], [ 594300.0, 2319203.125 ], [ 594300.3125, 2319270.3125 ], [ 594303.125, 2319278.75 ], [ 594306.5625, 2319282.8125 ], [ 594315.3125, 2319289.0625 ], [ 594318.125, 2319293.75 ], [ 594319.6875, 2319299.6875 ], [ 594320.46875, 2319370.15625 ], [ 594322.8125, 2319375.3125 ], [ 594327.03125, 2319378.59375 ], [ 594329.84375, 2319379.53125 ], [ 594343.4375, 2319380.9375 ], [ 594348.75, 2319383.125 ], [ 594352.8125, 2319386.5625 ], [ 594355.625, 2319391.25 ], [ 594358.4375, 2319399.6875 ], [ 594359.53125, 2319406.09375 ], [ 594360.3125, 2319420.3125 ], [ 594361.875, 2319426.25 ], [ 594364.6875, 2319430.9375 ], [ 594373.4375, 2319437.1875 ], [ 594378.125, 2319443.75 ], [ 594380.0, 2319453.125 ], [ 594380.0, 2319486.875 ], [ 594380.9375, 2319493.4375 ], [ 594384.6875, 2319500.9375 ], [ 594395.3125, 2319509.0625 ], [ 594398.125, 2319513.75 ], [ 594399.6875, 2319519.6875 ], [ 594400.0, 2319586.875 ], [ 594400.46875, 2319593.90625 ], [ 594402.34375, 2319603.28125 ], [ 594404.375, 2319608.75 ], [ 594445.625, 2319691.25 ], [ 594449.0625, 2319695.3125 ], [ 594456.5625, 2319699.0625 ], [ 594473.90625, 2319700.46875 ], [ 594486.09375, 2319703.28125 ], [ 594493.4375, 2319707.1875 ], [ 594496.875, 2319711.25 ], [ 594499.6875, 2319719.6875 ], [ 594500.46875, 2319733.90625 ], [ 594503.28125, 2319746.09375 ], [ 594536.71875, 2319813.90625 ], [ 594539.0625, 2319822.8125 ], [ 594540.3125, 2319840.3125 ], [ 594541.875, 2319846.25 ], [ 594546.5625, 2319852.8125 ], [ 594555.78125, 2319858.59375 ], [ 594561.40625, 2319864.21875 ], [ 594578.59375, 2319895.78125 ], [ 594584.21875, 2319901.40625 ], [ 594593.4375, 2319907.1875 ], [ 594596.875, 2319911.25 ], [ 594599.6875, 2319919.6875 ], [ 594600.9375, 2319933.4375 ], [ 594604.6875, 2319940.9375 ], [ 594608.75, 2319944.375 ], [ 594631.25, 2319955.625 ], [ 594635.78125, 2319958.59375 ], [ 594641.40625, 2319964.21875 ], [ 594647.1875, 2319973.4375 ], [ 594651.25, 2319976.875 ], [ 594659.6875, 2319979.6875 ], [ 594670.15625, 2319980.46875 ], [ 594675.3125, 2319982.8125 ], [ 594678.59375, 2319987.03125 ], [ 594679.53125, 2319989.84375 ], [ 594680.9375, 2320003.4375 ], [ 594684.6875, 2320010.9375 ], [ 594688.75, 2320014.375 ], [ 594731.25, 2320035.625 ], [ 594737.8125, 2320040.3125 ], [ 594742.96875, 2320046.40625 ], [ 594755.625, 2320071.25 ], [ 594759.0625, 2320075.3125 ], [ 594766.5625, 2320079.0625 ], [ 594780.3125, 2320080.3125 ], [ 594786.25, 2320081.875 ], [ 594790.9375, 2320084.6875 ], [ 594794.375, 2320088.75 ], [ 594815.625, 2320131.25 ], [ 594819.0625, 2320142.8125 ], [ 594820.0, 2320153.125 ], [ 594820.0, 2320246.875 ], [ 594821.40625, 2320252.96875 ], [ 594822.8125, 2320255.3125 ], [ 594827.03125, 2320258.59375 ], [ 594829.84375, 2320259.53125 ], [ 594843.4375, 2320260.9375 ], [ 594848.75, 2320263.125 ], [ 594852.8125, 2320266.5625 ], [ 594855.625, 2320271.25 ], [ 594858.4375, 2320279.6875 ], [ 594859.53125, 2320286.09375 ], [ 594860.3125, 2320300.3125 ], [ 594861.875, 2320306.25 ], [ 594866.5625, 2320312.8125 ], [ 594875.3125, 2320319.0625 ], [ 594879.0625, 2320326.5625 ], [ 594880.0, 2320333.125 ], [ 594880.3125, 2320430.3125 ], [ 594883.125, 2320438.75 ], [ 594886.5625, 2320442.8125 ], [ 594895.3125, 2320449.0625 ], [ 594898.125, 2320453.75 ], [ 594899.6875, 2320459.6875 ], [ 594900.0, 2320526.875 ], [ 594898.125, 2320536.25 ], [ 594893.4375, 2320542.8125 ], [ 594868.75, 2320555.625 ], [ 594863.125, 2320561.25 ], [ 594860.3125, 2320569.6875 ], [ 594860.0, 2320606.875 ], [ 594858.125, 2320616.25 ], [ 594855.3125, 2320620.9375 ], [ 594846.5625, 2320627.1875 ], [ 594843.125, 2320631.25 ], [ 594840.9375, 2320636.5625 ], [ 594839.6875, 2320650.3125 ], [ 594838.125, 2320656.25 ], [ 594835.3125, 2320660.9375 ], [ 594826.5625, 2320667.1875 ], [ 594821.875, 2320673.75 ], [ 594820.3125, 2320679.6875 ], [ 594819.53125, 2320693.90625 ], [ 594817.65625, 2320703.28125 ], [ 594815.625, 2320708.75 ], [ 594783.28125, 2320773.90625 ], [ 594780.9375, 2320782.8125 ], [ 594779.6875, 2320800.3125 ], [ 594778.125, 2320806.25 ], [ 594775.3125, 2320810.9375 ], [ 594762.1875, 2320820.3125 ], [ 594755.625, 2320828.75 ], [ 594723.28125, 2320893.90625 ], [ 594720.9375, 2320902.8125 ], [ 594719.6875, 2320920.3125 ], [ 594718.125, 2320926.25 ], [ 594715.3125, 2320930.9375 ], [ 594706.5625, 2320937.1875 ], [ 594701.875, 2320943.75 ], [ 594700.3125, 2320949.6875 ], [ 594699.6875, 2320960.3125 ], [ 594696.875, 2320968.75 ], [ 594693.4375, 2320972.8125 ], [ 594684.21875, 2320978.59375 ], [ 594678.59375, 2320984.21875 ], [ 594675.625, 2320988.75 ], [ 594642.96875, 2321053.59375 ], [ 594637.8125, 2321059.6875 ], [ 594626.5625, 2321067.1875 ], [ 594623.125, 2321071.25 ], [ 594620.9375, 2321076.5625 ], [ 594619.0625, 2321097.1875 ], [ 594615.625, 2321108.75 ], [ 594604.375, 2321131.25 ], [ 594601.40625, 2321135.78125 ], [ 594595.78125, 2321141.40625 ], [ 594586.5625, 2321147.1875 ], [ 594583.125, 2321151.25 ], [ 594580.3125, 2321159.6875 ], [ 594579.53125, 2321170.15625 ], [ 594577.1875, 2321175.3125 ], [ 594575.3125, 2321177.1875 ], [ 594570.15625, 2321179.53125 ], [ 594529.6875, 2321180.3125 ], [ 594523.75, 2321181.875 ], [ 594519.0625, 2321184.6875 ], [ 594515.625, 2321188.75 ], [ 594462.8125, 2321293.4375 ], [ 594458.75, 2321296.875 ], [ 594453.4375, 2321299.0625 ], [ 594439.6875, 2321300.3125 ], [ 594431.25, 2321303.125 ], [ 594427.1875, 2321306.5625 ], [ 594419.6875, 2321317.8125 ], [ 594415.78125, 2321321.40625 ], [ 594406.5625, 2321327.1875 ], [ 594403.125, 2321331.25 ], [ 594400.9375, 2321336.5625 ], [ 594400.0, 2321343.125 ], [ 594400.0, 2321406.875 ], [ 594399.0625, 2321417.1875 ], [ 594395.625, 2321428.75 ], [ 594382.96875, 2321453.59375 ], [ 594379.6875, 2321457.8125 ], [ 594373.59375, 2321462.96875 ], [ 594344.21875, 2321478.59375 ], [ 594338.59375, 2321484.21875 ], [ 594332.8125, 2321493.4375 ], [ 594328.75, 2321496.875 ], [ 594323.4375, 2321499.0625 ], [ 594309.6875, 2321500.3125 ], [ 594303.75, 2321501.875 ], [ 594299.0625, 2321504.6875 ], [ 594292.8125, 2321513.4375 ], [ 594288.75, 2321516.875 ], [ 594283.4375, 2321519.0625 ], [ 594269.6875, 2321520.3125 ], [ 594261.25, 2321523.125 ], [ 594255.625, 2321528.75 ], [ 594244.375, 2321551.25 ], [ 594240.9375, 2321555.3125 ], [ 594233.4375, 2321559.0625 ], [ 594219.6875, 2321560.3125 ], [ 594211.25, 2321563.125 ], [ 594207.1875, 2321566.5625 ], [ 594201.40625, 2321575.78125 ], [ 594195.78125, 2321581.40625 ], [ 594164.21875, 2321598.59375 ], [ 594157.03125, 2321606.40625 ], [ 594144.375, 2321631.25 ], [ 594137.8125, 2321639.6875 ], [ 594131.25, 2321644.375 ], [ 594108.75, 2321655.625 ], [ 594100.3125, 2321662.1875 ], [ 594095.625, 2321668.75 ], [ 594084.375, 2321691.25 ], [ 594077.8125, 2321699.6875 ], [ 594071.25, 2321704.375 ], [ 594048.75, 2321715.625 ], [ 594040.3125, 2321722.1875 ], [ 594035.625, 2321728.75 ], [ 594024.375, 2321751.25 ], [ 594017.8125, 2321759.6875 ], [ 594011.25, 2321764.375 ], [ 593988.75, 2321775.625 ], [ 593984.21875, 2321778.59375 ], [ 593978.59375, 2321784.21875 ], [ 593972.8125, 2321793.4375 ], [ 593968.75, 2321796.875 ], [ 593960.3125, 2321799.6875 ], [ 593946.5625, 2321800.9375 ], [ 593939.0625, 2321804.6875 ], [ 593935.625, 2321808.75 ], [ 593924.375, 2321831.25 ], [ 593922.34375, 2321836.71875 ], [ 593920.15625, 2321849.53125 ], [ 593920.0, 2321886.875 ], [ 593918.4375, 2321900.3125 ], [ 593915.625, 2321908.75 ], [ 593904.375, 2321931.25 ], [ 593900.9375, 2321935.3125 ], [ 593896.25, 2321938.125 ], [ 593886.875, 2321940.0 ], [ 593793.125, 2321940.0 ], [ 593786.5625, 2321940.9375 ], [ 593781.25, 2321943.125 ], [ 593775.625, 2321948.75 ], [ 593764.375, 2321971.25 ], [ 593758.75, 2321976.875 ], [ 593753.4375, 2321979.0625 ], [ 593739.6875, 2321980.3125 ], [ 593731.25, 2321983.125 ], [ 593727.1875, 2321986.5625 ], [ 593721.40625, 2321995.78125 ], [ 593715.78125, 2322001.40625 ], [ 593711.25, 2322004.375 ], [ 593688.75, 2322015.625 ], [ 593677.1875, 2322019.0625 ], [ 593656.5625, 2322020.9375 ], [ 593649.0625, 2322024.6875 ], [ 593645.625, 2322028.75 ], [ 593624.375, 2322071.25 ], [ 593618.75, 2322076.875 ], [ 593613.4375, 2322079.0625 ], [ 593599.6875, 2322080.3125 ], [ 593591.25, 2322083.125 ], [ 593587.1875, 2322086.5625 ], [ 593579.6875, 2322097.8125 ], [ 593573.59375, 2322102.96875 ], [ 593486.5625, 2322147.1875 ], [ 593483.125, 2322151.25 ], [ 593480.9375, 2322156.5625 ], [ 593479.6875, 2322170.3125 ], [ 593478.125, 2322176.25 ], [ 593475.3125, 2322180.9375 ], [ 593471.25, 2322184.375 ], [ 593406.40625, 2322217.03125 ], [ 593400.3125, 2322222.1875 ], [ 593392.8125, 2322233.4375 ], [ 593388.75, 2322236.875 ], [ 593383.4375, 2322239.0625 ], [ 593369.6875, 2322240.3125 ], [ 593363.75, 2322241.875 ], [ 593359.0625, 2322244.6875 ], [ 593352.8125, 2322253.4375 ], [ 593348.75, 2322256.875 ], [ 593343.4375, 2322259.0625 ], [ 593329.6875, 2322260.3125 ], [ 593323.75, 2322261.875 ], [ 593319.0625, 2322264.6875 ], [ 593312.8125, 2322273.4375 ], [ 593306.25, 2322278.125 ], [ 593300.3125, 2322279.6875 ], [ 593282.8125, 2322280.9375 ], [ 593273.90625, 2322283.28125 ], [ 593188.75, 2322325.625 ], [ 593184.6875, 2322329.0625 ], [ 593181.875, 2322333.75 ], [ 593180.3125, 2322339.6875 ], [ 593180.0, 2322346.875 ], [ 593178.59375, 2322352.96875 ], [ 593177.1875, 2322355.3125 ], [ 593172.96875, 2322358.59375 ], [ 593166.875, 2322360.0 ], [ 593133.125, 2322360.0 ], [ 593126.5625, 2322360.9375 ], [ 593119.0625, 2322364.6875 ], [ 593112.8125, 2322373.4375 ], [ 593106.25, 2322378.125 ], [ 593100.3125, 2322379.6875 ], [ 593082.8125, 2322380.9375 ], [ 593071.25, 2322384.375 ], [ 593048.75, 2322395.625 ], [ 593044.21875, 2322398.59375 ], [ 593038.59375, 2322404.21875 ], [ 593032.8125, 2322413.4375 ], [ 593028.75, 2322416.875 ], [ 593023.4375, 2322419.0625 ], [ 593002.8125, 2322420.9375 ], [ 592991.25, 2322424.375 ], [ 592968.75, 2322435.625 ], [ 592964.21875, 2322438.59375 ], [ 592958.59375, 2322444.21875 ], [ 592952.8125, 2322453.4375 ], [ 592948.75, 2322456.875 ], [ 592943.4375, 2322459.0625 ], [ 592922.8125, 2322460.9375 ], [ 592911.25, 2322464.375 ], [ 592888.75, 2322475.625 ], [ 592884.21875, 2322478.59375 ], [ 592878.59375, 2322484.21875 ], [ 592872.8125, 2322493.4375 ], [ 592868.75, 2322496.875 ], [ 592863.4375, 2322499.0625 ], [ 592849.6875, 2322500.3125 ], [ 592843.75, 2322501.875 ], [ 592839.0625, 2322504.6875 ], [ 592832.8125, 2322513.4375 ], [ 592828.75, 2322516.875 ], [ 592823.4375, 2322519.0625 ], [ 592809.6875, 2322520.3125 ], [ 592803.75, 2322521.875 ], [ 592799.0625, 2322524.6875 ], [ 592792.8125, 2322533.4375 ], [ 592786.25, 2322538.125 ], [ 592776.875, 2322540.0 ], [ 592743.125, 2322540.0 ], [ 592736.5625, 2322540.9375 ], [ 592729.0625, 2322544.6875 ], [ 592720.9375, 2322555.3125 ], [ 592713.4375, 2322559.0625 ], [ 592706.875, 2322560.0 ], [ 592673.125, 2322560.0 ], [ 592662.8125, 2322560.9375 ], [ 592651.25, 2322564.375 ], [ 592628.75, 2322575.625 ], [ 592623.28125, 2322577.65625 ], [ 592613.90625, 2322579.53125 ], [ 592599.6875, 2322580.3125 ], [ 592593.75, 2322581.875 ], [ 592589.0625, 2322584.6875 ], [ 592582.8125, 2322593.4375 ], [ 592578.75, 2322596.875 ], [ 592573.4375, 2322599.0625 ], [ 592559.6875, 2322600.3125 ], [ 592553.75, 2322601.875 ], [ 592549.0625, 2322604.6875 ], [ 592542.8125, 2322613.4375 ], [ 592538.75, 2322616.875 ], [ 592533.4375, 2322619.0625 ], [ 592519.6875, 2322620.3125 ], [ 592513.75, 2322621.875 ], [ 592509.0625, 2322624.6875 ], [ 592502.8125, 2322633.4375 ], [ 592498.75, 2322636.875 ], [ 592493.4375, 2322639.0625 ], [ 592479.6875, 2322640.3125 ], [ 592471.25, 2322643.125 ], [ 592467.1875, 2322646.5625 ], [ 592459.6875, 2322657.8125 ], [ 592451.25, 2322664.375 ], [ 592228.75, 2322775.625 ], [ 592224.6875, 2322779.0625 ], [ 592221.875, 2322783.75 ], [ 592220.3125, 2322789.6875 ], [ 592219.0625, 2322803.4375 ], [ 592216.875, 2322808.75 ], [ 592213.4375, 2322812.8125 ], [ 592148.75, 2322845.625 ], [ 592144.6875, 2322849.0625 ], [ 592140.9375, 2322856.5625 ], [ 592139.0625, 2322873.4375 ], [ 592136.875, 2322878.75 ], [ 592133.4375, 2322882.8125 ], [ 592104.21875, 2322898.59375 ], [ 592098.59375, 2322904.21875 ], [ 592092.8125, 2322913.4375 ], [ 592088.75, 2322916.875 ], [ 592083.4375, 2322919.0625 ], [ 592069.6875, 2322920.3125 ], [ 592063.75, 2322921.875 ], [ 592059.0625, 2322924.6875 ], [ 592052.8125, 2322933.4375 ], [ 592048.75, 2322936.875 ], [ 592043.4375, 2322939.0625 ], [ 592029.6875, 2322940.3125 ], [ 592021.25, 2322943.125 ], [ 592015.625, 2322948.75 ], [ 592004.375, 2322971.25 ], [ 591998.75, 2322976.875 ], [ 591990.3125, 2322979.6875 ], [ 591976.5625, 2322980.9375 ], [ 591969.0625, 2322984.6875 ], [ 591965.625, 2322988.75 ], [ 591962.34375, 2322996.71875 ], [ 591960.46875, 2323006.09375 ], [ 591959.0625, 2323023.4375 ], [ 591955.3125, 2323030.9375 ], [ 591951.25, 2323034.375 ], [ 591888.75, 2323065.625 ], [ 591884.6875, 2323069.0625 ], [ 591880.9375, 2323076.5625 ], [ 591879.6875, 2323090.3125 ], [ 591878.125, 2323096.25 ], [ 591875.3125, 2323100.9375 ], [ 591866.5625, 2323107.1875 ], [ 591863.125, 2323111.25 ], [ 591860.9375, 2323116.5625 ], [ 591860.0, 2323126.875 ], [ 591858.59375, 2323132.96875 ], [ 591857.1875, 2323135.3125 ], [ 591852.96875, 2323138.59375 ], [ 591846.875, 2323140.0 ], [ 591813.125, 2323140.0 ], [ 591802.8125, 2323139.0625 ], [ 591791.25, 2323135.625 ], [ 591766.09375, 2323123.28125 ], [ 591753.90625, 2323120.46875 ], [ 591683.125, 2323120.0 ], [ 591676.5625, 2323120.9375 ], [ 591669.0625, 2323124.6875 ], [ 591665.625, 2323128.75 ], [ 591661.40625, 2323135.78125 ], [ 591655.78125, 2323141.40625 ], [ 591651.25, 2323144.375 ], [ 591628.75, 2323155.625 ], [ 591622.1875, 2323160.3125 ], [ 591615.625, 2323168.75 ], [ 591604.375, 2323191.25 ], [ 591598.75, 2323196.875 ], [ 591593.4375, 2323199.0625 ], [ 591586.875, 2323200.0 ], [ 591546.09375, 2323200.46875 ], [ 591536.71875, 2323202.34375 ], [ 591528.75, 2323205.625 ], [ 591523.125, 2323211.25 ], [ 591520.3125, 2323219.6875 ], [ 591520.0, 2323286.875 ], [ 591518.4375, 2323300.3125 ], [ 591515.625, 2323308.75 ], [ 591504.375, 2323331.25 ], [ 591497.8125, 2323339.6875 ], [ 591491.25, 2323344.375 ], [ 591468.75, 2323355.625 ], [ 591460.3125, 2323358.4375 ], [ 591446.875, 2323360.0 ], [ 591409.53125, 2323360.15625 ], [ 591402.8125, 2323360.9375 ], [ 591393.90625, 2323363.28125 ], [ 591328.75, 2323395.625 ], [ 591323.125, 2323401.25 ], [ 591320.3125, 2323409.6875 ], [ 591320.0, 2323446.875 ], [ 591318.125, 2323456.25 ], [ 591315.3125, 2323460.9375 ], [ 591311.25, 2323464.375 ], [ 591286.5625, 2323477.1875 ], [ 591283.125, 2323481.25 ], [ 591280.9375, 2323486.5625 ], [ 591280.0, 2323493.125 ], [ 591280.0, 2323556.875 ], [ 591278.125, 2323566.25 ], [ 591273.4375, 2323572.8125 ], [ 591264.21875, 2323578.59375 ], [ 591258.59375, 2323584.21875 ], [ 591241.40625, 2323615.78125 ], [ 591235.78125, 2323621.40625 ], [ 591226.5625, 2323627.1875 ], [ 591223.125, 2323631.25 ], [ 591220.9375, 2323636.5625 ], [ 591219.6875, 2323650.3125 ], [ 591218.125, 2323656.25 ], [ 591215.3125, 2323660.9375 ], [ 591206.5625, 2323667.1875 ], [ 591203.125, 2323671.25 ], [ 591200.3125, 2323679.6875 ], [ 591199.53125, 2323690.15625 ], [ 591197.1875, 2323695.3125 ], [ 591195.3125, 2323697.1875 ], [ 591190.15625, 2323699.53125 ], [ 591179.6875, 2323700.3125 ], [ 591171.25, 2323703.125 ], [ 591167.1875, 2323706.5625 ], [ 591162.96875, 2323713.59375 ], [ 591157.8125, 2323719.6875 ], [ 591144.6875, 2323729.0625 ], [ 591140.9375, 2323736.5625 ], [ 591139.0625, 2323753.4375 ], [ 591136.875, 2323758.75 ], [ 591133.4375, 2323762.8125 ], [ 591108.75, 2323775.625 ], [ 591103.28125, 2323777.65625 ], [ 591093.90625, 2323779.53125 ], [ 591079.6875, 2323780.3125 ], [ 591071.25, 2323783.125 ], [ 591067.1875, 2323786.5625 ], [ 591061.40625, 2323795.78125 ], [ 591055.78125, 2323801.40625 ], [ 591051.25, 2323804.375 ], [ 591028.75, 2323815.625 ], [ 591020.3125, 2323822.1875 ], [ 591015.625, 2323828.75 ], [ 591002.96875, 2323853.59375 ], [ 590995.78125, 2323861.40625 ], [ 590964.21875, 2323878.59375 ], [ 590958.59375, 2323884.21875 ], [ 590952.8125, 2323893.4375 ], [ 590948.75, 2323896.875 ], [ 590943.4375, 2323899.0625 ], [ 590929.6875, 2323900.3125 ], [ 590923.75, 2323901.875 ], [ 590919.0625, 2323904.6875 ], [ 590912.8125, 2323913.4375 ], [ 590908.75, 2323916.875 ], [ 590903.4375, 2323919.0625 ], [ 590889.6875, 2323920.3125 ], [ 590881.25, 2323923.125 ], [ 590875.625, 2323928.75 ], [ 590864.375, 2323951.25 ], [ 590859.6875, 2323957.8125 ], [ 590851.25, 2323964.375 ], [ 590828.75, 2323975.625 ], [ 590823.125, 2323981.25 ], [ 590820.9375, 2323986.5625 ], [ 590820.0, 2323993.125 ], [ 590820.0, 2324056.875 ], [ 590819.0625, 2324063.4375 ], [ 590815.3125, 2324070.9375 ], [ 590802.1875, 2324080.3125 ], [ 590795.625, 2324088.75 ], [ 590784.375, 2324111.25 ], [ 590782.34375, 2324116.71875 ], [ 590780.46875, 2324126.09375 ], [ 590779.6875, 2324140.3125 ], [ 590778.125, 2324146.25 ], [ 590775.3125, 2324150.9375 ], [ 590766.5625, 2324157.1875 ], [ 590761.875, 2324163.75 ], [ 590760.0, 2324173.125 ], [ 590760.0, 2324206.875 ], [ 590759.0625, 2324213.4375 ], [ 590755.3125, 2324220.9375 ], [ 590746.5625, 2324227.1875 ], [ 590741.875, 2324233.75 ], [ 590740.3125, 2324239.6875 ], [ 590739.0625, 2324257.1875 ], [ 590735.625, 2324268.75 ], [ 590732.8125, 2324273.4375 ], [ 590726.25, 2324278.125 ], [ 590720.3125, 2324279.6875 ], [ 590702.8125, 2324280.9375 ], [ 590693.90625, 2324283.28125 ], [ 590668.75, 2324295.625 ], [ 590663.125, 2324301.25 ], [ 590660.9375, 2324306.5625 ], [ 590660.0, 2324313.125 ], [ 590660.0, 2324346.875 ], [ 590658.4375, 2324360.3125 ], [ 590655.625, 2324368.75 ], [ 590644.375, 2324391.25 ], [ 590642.34375, 2324396.71875 ], [ 590640.46875, 2324406.09375 ], [ 590639.6875, 2324420.3125 ], [ 590638.125, 2324426.25 ], [ 590633.4375, 2324432.8125 ], [ 590624.6875, 2324439.0625 ], [ 590620.9375, 2324446.5625 ], [ 590620.0, 2324453.125 ], [ 590620.0, 2324486.875 ], [ 590618.125, 2324496.25 ], [ 590615.3125, 2324500.9375 ], [ 590611.25, 2324504.375 ], [ 590588.75, 2324515.625 ], [ 590584.6875, 2324519.0625 ], [ 590580.9375, 2324526.5625 ], [ 590579.6875, 2324540.3125 ], [ 590576.875, 2324548.75 ], [ 590573.4375, 2324552.8125 ], [ 590566.5625, 2324557.1875 ], [ 590561.875, 2324563.75 ], [ 590560.0, 2324573.125 ], [ 590560.0, 2324606.875 ], [ 590558.4375, 2324620.3125 ], [ 590555.625, 2324628.75 ], [ 590543.28125, 2324653.90625 ], [ 590540.46875, 2324666.09375 ], [ 590540.0, 2324766.875 ], [ 590539.0625, 2324773.4375 ], [ 590535.3125, 2324780.9375 ], [ 590526.5625, 2324787.1875 ], [ 590521.875, 2324793.75 ], [ 590520.3125, 2324799.6875 ], [ 590519.6875, 2324810.3125 ], [ 590516.875, 2324818.75 ], [ 590513.4375, 2324822.8125 ], [ 590506.5625, 2324827.1875 ], [ 590501.875, 2324833.75 ], [ 590500.0, 2324843.125 ], [ 590500.0, 2324876.875 ], [ 590498.125, 2324886.25 ], [ 590495.3125, 2324890.9375 ], [ 590486.5625, 2324897.1875 ], [ 590483.125, 2324901.25 ], [ 590480.9375, 2324906.5625 ], [ 590479.6875, 2324920.3125 ], [ 590476.875, 2324928.75 ], [ 590473.4375, 2324932.8125 ], [ 590464.21875, 2324938.59375 ], [ 590458.59375, 2324944.21875 ], [ 590455.625, 2324948.75 ], [ 590443.28125, 2324973.90625 ], [ 590441.5625, 2324979.6875 ], [ 590440.15625, 2324989.53125 ], [ 590440.0, 2325026.875 ], [ 590439.0625, 2325037.1875 ], [ 590435.625, 2325048.75 ], [ 590424.375, 2325071.25 ], [ 590422.34375, 2325076.71875 ], [ 590420.46875, 2325086.09375 ], [ 590419.6875, 2325100.3125 ], [ 590418.125, 2325106.25 ], [ 590413.4375, 2325112.8125 ], [ 590404.21875, 2325118.59375 ], [ 590397.03125, 2325126.40625 ], [ 590384.375, 2325151.25 ], [ 590382.34375, 2325156.71875 ], [ 590380.9375, 2325162.8125 ], [ 590380.0, 2325173.125 ], [ 590380.0, 2325266.875 ], [ 590379.0625, 2325273.4375 ], [ 590376.875, 2325278.75 ], [ 590373.4375, 2325282.8125 ], [ 590346.5625, 2325297.1875 ], [ 590343.125, 2325301.25 ], [ 590340.9375, 2325306.5625 ], [ 590340.0, 2325313.125 ], [ 590339.6875, 2325380.3125 ], [ 590336.875, 2325388.75 ], [ 590333.4375, 2325392.8125 ], [ 590324.6875, 2325399.0625 ], [ 590320.9375, 2325406.5625 ], [ 590320.0, 2325413.125 ], [ 590320.0, 2325446.875 ], [ 590319.0625, 2325457.1875 ], [ 590315.625, 2325468.75 ], [ 590304.375, 2325491.25 ], [ 590302.34375, 2325496.71875 ], [ 590300.46875, 2325506.09375 ], [ 590299.6875, 2325520.3125 ], [ 590298.125, 2325526.25 ], [ 590295.3125, 2325530.9375 ], [ 590286.5625, 2325537.1875 ], [ 590283.125, 2325541.25 ], [ 590280.9375, 2325546.5625 ], [ 590279.6875, 2325560.3125 ], [ 590278.125, 2325566.25 ], [ 590275.3125, 2325570.9375 ], [ 590266.5625, 2325577.1875 ], [ 590263.125, 2325581.25 ], [ 590260.9375, 2325586.5625 ], [ 590259.6875, 2325600.3125 ], [ 590258.125, 2325606.25 ], [ 590255.3125, 2325610.9375 ], [ 590246.5625, 2325617.1875 ], [ 590241.875, 2325623.75 ], [ 590240.0, 2325633.125 ], [ 590240.0, 2325666.875 ], [ 590238.4375, 2325680.3125 ], [ 590235.625, 2325688.75 ], [ 590224.375, 2325711.25 ], [ 590222.34375, 2325716.71875 ], [ 590220.46875, 2325726.09375 ], [ 590219.6875, 2325740.3125 ], [ 590218.125, 2325746.25 ], [ 590213.4375, 2325752.8125 ], [ 590204.6875, 2325759.0625 ], [ 590200.9375, 2325766.5625 ], [ 590200.0, 2325773.125 ], [ 590200.0, 2325806.875 ], [ 590199.0625, 2325813.4375 ], [ 590195.3125, 2325820.9375 ], [ 590186.5625, 2325827.1875 ], [ 590181.875, 2325833.75 ], [ 590180.3125, 2325839.6875 ], [ 590179.6875, 2325850.3125 ], [ 590176.875, 2325858.75 ], [ 590173.4375, 2325862.8125 ], [ 590166.5625, 2325867.1875 ], [ 590161.875, 2325873.75 ], [ 590160.3125, 2325879.6875 ], [ 590159.53125, 2325893.90625 ], [ 590157.65625, 2325903.28125 ], [ 590155.625, 2325908.75 ], [ 590123.28125, 2325973.90625 ], [ 590120.9375, 2325982.8125 ], [ 590119.6875, 2326000.3125 ], [ 590118.125, 2326006.25 ], [ 590115.3125, 2326010.9375 ], [ 590106.5625, 2326017.1875 ], [ 590101.875, 2326023.75 ], [ 590100.0, 2326033.125 ], [ 590100.0, 2326066.875 ], [ 590098.125, 2326076.25 ], [ 590093.4375, 2326082.8125 ], [ 590068.75, 2326095.625 ], [ 590064.6875, 2326099.0625 ], [ 590061.875, 2326103.75 ], [ 590060.0, 2326113.125 ], [ 590060.0, 2326146.875 ], [ 590059.0625, 2326157.1875 ], [ 590055.625, 2326168.75 ], [ 590044.375, 2326191.25 ], [ 590040.9375, 2326195.3125 ], [ 590036.25, 2326198.125 ], [ 590030.3125, 2326199.6875 ], [ 590019.6875, 2326200.3125 ], [ 590013.75, 2326201.875 ], [ 590009.0625, 2326204.6875 ], [ 590004.375, 2326211.25 ], [ 590001.5625, 2326219.6875 ], [ 590000.15625, 2326229.53125 ], [ 590000.0, 2326296.875 ], [ 589998.125, 2326306.25 ], [ 589993.4375, 2326312.8125 ], [ 589984.21875, 2326318.59375 ], [ 589978.59375, 2326324.21875 ], [ 589975.625, 2326328.75 ], [ 589964.375, 2326351.25 ], [ 589962.34375, 2326356.71875 ], [ 589960.46875, 2326366.09375 ], [ 589960.0, 2326406.875 ], [ 589958.125, 2326416.25 ], [ 589955.3125, 2326420.9375 ], [ 589946.5625, 2326427.1875 ], [ 589943.125, 2326431.25 ], [ 589940.9375, 2326436.5625 ], [ 589939.6875, 2326450.3125 ], [ 589938.125, 2326456.25 ], [ 589935.3125, 2326460.9375 ], [ 589926.5625, 2326467.1875 ], [ 589923.125, 2326471.25 ], [ 589920.9375, 2326476.5625 ], [ 589919.6875, 2326490.3125 ], [ 589918.125, 2326496.25 ], [ 589913.4375, 2326502.8125 ], [ 589904.6875, 2326509.0625 ], [ 589900.9375, 2326516.5625 ], [ 589900.0, 2326523.125 ], [ 589899.6875, 2326590.3125 ], [ 589898.125, 2326596.25 ], [ 589895.3125, 2326600.9375 ], [ 589886.5625, 2326607.1875 ], [ 589883.125, 2326611.25 ], [ 589880.9375, 2326616.5625 ], [ 589880.0, 2326623.125 ], [ 589880.0, 2326686.875 ], [ 589880.9375, 2326693.4375 ], [ 589884.6875, 2326700.9375 ], [ 589895.3125, 2326709.0625 ], [ 589898.125, 2326713.75 ], [ 589899.6875, 2326719.6875 ], [ 589899.53125, 2326790.15625 ], [ 589897.1875, 2326795.3125 ], [ 589895.3125, 2326797.1875 ], [ 589890.15625, 2326799.53125 ], [ 589853.125, 2326800.0 ], [ 589842.8125, 2326800.9375 ], [ 589836.71875, 2326802.34375 ], [ 589828.75, 2326805.625 ], [ 589823.125, 2326811.25 ], [ 589820.9375, 2326816.5625 ], [ 589820.0, 2326823.125 ], [ 589820.0, 2326856.875 ], [ 589819.0625, 2326863.4375 ], [ 589815.3125, 2326870.9375 ], [ 589806.5625, 2326877.1875 ], [ 589801.875, 2326883.75 ], [ 589800.0, 2326893.125 ], [ 589800.0, 2326926.875 ], [ 589799.0625, 2326933.4375 ], [ 589795.3125, 2326940.9375 ], [ 589786.5625, 2326947.1875 ], [ 589781.875, 2326953.75 ], [ 589780.0, 2326963.125 ], [ 589780.0, 2326996.875 ], [ 589779.0625, 2327003.4375 ], [ 589775.3125, 2327010.9375 ], [ 589766.5625, 2327017.1875 ], [ 589763.125, 2327021.25 ], [ 589760.9375, 2327026.5625 ], [ 589760.0, 2327033.125 ], [ 589760.3125, 2327280.3125 ], [ 589763.125, 2327288.75 ], [ 589766.5625, 2327292.8125 ], [ 589775.3125, 2327299.0625 ], [ 589779.0625, 2327306.5625 ], [ 589780.0, 2327313.125 ], [ 589780.46875, 2327353.90625 ], [ 589782.34375, 2327363.28125 ], [ 589785.625, 2327371.25 ], [ 589789.0625, 2327375.3125 ], [ 589796.5625, 2327379.0625 ], [ 589817.1875, 2327380.9375 ], [ 589828.75, 2327384.375 ], [ 589833.4375, 2327387.1875 ], [ 589838.125, 2327393.75 ], [ 589840.0, 2327403.125 ], [ 589839.53125, 2327470.15625 ], [ 589837.1875, 2327475.3125 ], [ 589835.3125, 2327477.1875 ], [ 589830.15625, 2327479.53125 ], [ 589759.6875, 2327480.3125 ], [ 589751.25, 2327483.125 ], [ 589745.625, 2327488.75 ], [ 589742.34375, 2327496.71875 ], [ 589740.15625, 2327509.53125 ], [ 589739.53125, 2327613.90625 ], [ 589736.71875, 2327626.09375 ], [ 589722.34375, 2327656.71875 ], [ 589720.46875, 2327666.09375 ], [ 589719.0625, 2327683.4375 ], [ 589716.875, 2327688.75 ], [ 589713.4375, 2327692.8125 ], [ 589688.75, 2327705.625 ], [ 589684.6875, 2327709.0625 ], [ 589680.9375, 2327716.5625 ], [ 589679.6875, 2327730.3125 ], [ 589678.125, 2327736.25 ], [ 589673.4375, 2327742.8125 ], [ 589664.6875, 2327749.0625 ], [ 589660.9375, 2327756.5625 ], [ 589660.0, 2327763.125 ], [ 589659.6875, 2327830.3125 ], [ 589658.125, 2327836.25 ], [ 589655.3125, 2327840.9375 ], [ 589646.5625, 2327847.1875 ], [ 589643.125, 2327851.25 ], [ 589640.9375, 2327856.5625 ], [ 589640.0, 2327863.125 ], [ 589639.6875, 2328020.3125 ], [ 589638.125, 2328026.25 ], [ 589635.3125, 2328030.9375 ], [ 589631.25, 2328034.375 ], [ 589624.21875, 2328038.59375 ], [ 589617.03125, 2328046.40625 ], [ 589604.375, 2328071.25 ], [ 589601.5625, 2328079.6875 ], [ 589600.0, 2328093.125 ], [ 589599.53125, 2328193.90625 ], [ 589596.71875, 2328206.09375 ], [ 589583.28125, 2328233.90625 ], [ 589580.46875, 2328246.09375 ], [ 589579.6875, 2328410.3125 ], [ 589576.875, 2328418.75 ], [ 589573.4375, 2328422.8125 ], [ 589564.6875, 2328429.0625 ], [ 589560.9375, 2328436.5625 ], [ 589560.0, 2328443.125 ], [ 589560.0, 2328476.875 ], [ 589558.125, 2328486.25 ], [ 589553.4375, 2328492.8125 ], [ 589544.21875, 2328498.59375 ], [ 589537.03125, 2328506.40625 ], [ 589524.375, 2328531.25 ], [ 589522.34375, 2328536.71875 ], [ 589520.15625, 2328549.53125 ], [ 589520.0, 2328586.875 ], [ 589518.125, 2328596.25 ], [ 589515.3125, 2328600.9375 ], [ 589506.5625, 2328607.1875 ], [ 589503.125, 2328611.25 ], [ 589500.9375, 2328616.5625 ], [ 589499.6875, 2328630.3125 ], [ 589498.125, 2328636.25 ], [ 589495.3125, 2328640.9375 ], [ 589486.5625, 2328647.1875 ], [ 589483.125, 2328651.25 ], [ 589480.9375, 2328656.5625 ], [ 589479.6875, 2328670.3125 ], [ 589478.125, 2328676.25 ], [ 589475.3125, 2328680.9375 ], [ 589466.5625, 2328687.1875 ], [ 589463.125, 2328691.25 ], [ 589460.9375, 2328696.5625 ], [ 589459.6875, 2328710.3125 ], [ 589458.125, 2328716.25 ], [ 589455.3125, 2328720.9375 ], [ 589446.5625, 2328727.1875 ], [ 589441.875, 2328733.75 ], [ 589440.3125, 2328739.6875 ], [ 589439.0625, 2328757.1875 ], [ 589435.625, 2328768.75 ], [ 589384.375, 2328871.25 ], [ 589377.8125, 2328879.6875 ], [ 589366.5625, 2328887.1875 ], [ 589363.125, 2328891.25 ], [ 589360.3125, 2328899.6875 ], [ 589359.0625, 2328913.4375 ], [ 589355.3125, 2328920.9375 ], [ 589351.25, 2328924.375 ], [ 589328.75, 2328935.625 ], [ 589323.125, 2328941.25 ], [ 589320.3125, 2328949.6875 ], [ 589320.0, 2328986.875 ], [ 589319.0625, 2328993.4375 ], [ 589316.875, 2328998.75 ], [ 589311.25, 2329004.375 ], [ 589288.75, 2329015.625 ], [ 589284.21875, 2329018.59375 ], [ 589280.3125, 2329022.1875 ], [ 589275.625, 2329028.75 ], [ 589264.375, 2329051.25 ], [ 589262.34375, 2329056.71875 ], [ 589260.46875, 2329066.09375 ], [ 589259.6875, 2329080.3125 ], [ 589258.125, 2329086.25 ], [ 589255.3125, 2329090.9375 ], [ 589242.1875, 2329100.3125 ], [ 589235.625, 2329108.75 ], [ 589144.375, 2329291.25 ], [ 589137.8125, 2329299.6875 ], [ 589126.5625, 2329307.1875 ], [ 589123.125, 2329311.25 ], [ 589120.3125, 2329319.6875 ], [ 589119.53125, 2329333.90625 ], [ 589116.71875, 2329346.09375 ], [ 589074.375, 2329431.25 ], [ 589070.9375, 2329435.3125 ], [ 589066.25, 2329438.125 ], [ 589060.3125, 2329439.6875 ], [ 589053.125, 2329440.0 ], [ 589047.03125, 2329441.40625 ], [ 589044.6875, 2329442.8125 ], [ 589041.40625, 2329447.03125 ], [ 589040.0, 2329453.125 ], [ 589040.0, 2329486.875 ], [ 589038.4375, 2329500.3125 ], [ 589035.625, 2329508.75 ], [ 589024.375, 2329531.25 ], [ 589020.9375, 2329535.3125 ], [ 589016.25, 2329538.125 ], [ 589010.3125, 2329539.6875 ], [ 588999.6875, 2329540.3125 ], [ 588991.25, 2329543.125 ], [ 588987.1875, 2329546.5625 ], [ 588982.96875, 2329553.59375 ], [ 588977.8125, 2329559.6875 ], [ 588964.6875, 2329569.0625 ], [ 588961.875, 2329573.75 ], [ 588960.3125, 2329579.6875 ], [ 588960.0, 2329616.875 ], [ 588959.0625, 2329623.4375 ], [ 588956.875, 2329628.75 ], [ 588953.4375, 2329632.8125 ], [ 588942.1875, 2329640.3125 ], [ 588938.59375, 2329644.21875 ], [ 588932.8125, 2329653.4375 ], [ 588928.75, 2329656.875 ], [ 588923.4375, 2329659.0625 ], [ 588913.125, 2329660.0 ], [ 588907.03125, 2329661.40625 ], [ 588904.6875, 2329662.8125 ], [ 588901.40625, 2329667.03125 ], [ 588900.0, 2329673.125 ], [ 588899.84375, 2329710.46875 ], [ 588899.0625, 2329717.1875 ], [ 588896.71875, 2329726.09375 ], [ 588884.375, 2329751.25 ], [ 588881.40625, 2329755.78125 ], [ 588875.78125, 2329761.40625 ], [ 588866.5625, 2329767.1875 ], [ 588863.125, 2329771.25 ], [ 588860.9375, 2329776.5625 ], [ 588859.6875, 2329790.3125 ], [ 588856.875, 2329798.75 ], [ 588851.25, 2329804.375 ], [ 588828.75, 2329815.625 ], [ 588823.28125, 2329817.65625 ], [ 588810.46875, 2329819.84375 ], [ 588769.6875, 2329820.3125 ], [ 588763.75, 2329821.875 ], [ 588757.1875, 2329826.5625 ], [ 588744.375, 2329851.25 ], [ 588741.5625, 2329859.6875 ], [ 588740.0, 2329873.125 ], [ 588740.0, 2329906.875 ], [ 588739.0625, 2329913.4375 ], [ 588736.875, 2329918.75 ], [ 588733.4375, 2329922.8125 ], [ 588726.5625, 2329927.1875 ], [ 588723.125, 2329931.25 ], [ 588720.3125, 2329939.6875 ], [ 588719.53125, 2329950.15625 ], [ 588718.59375, 2329952.96875 ], [ 588715.3125, 2329957.1875 ], [ 588710.15625, 2329959.53125 ], [ 588699.6875, 2329960.3125 ], [ 588693.75, 2329961.875 ], [ 588689.0625, 2329964.6875 ], [ 588685.625, 2329968.75 ], [ 588681.5625, 2329979.6875 ], [ 588680.46875, 2329986.09375 ], [ 588679.6875, 2330000.3125 ], [ 588676.875, 2330008.75 ], [ 588673.4375, 2330012.8125 ], [ 588666.40625, 2330017.03125 ], [ 588660.3125, 2330022.1875 ], [ 588655.625, 2330028.75 ], [ 588644.375, 2330051.25 ], [ 588641.40625, 2330055.78125 ], [ 588635.78125, 2330061.40625 ], [ 588626.5625, 2330067.1875 ], [ 588623.125, 2330071.25 ], [ 588620.3125, 2330079.6875 ], [ 588619.53125, 2330090.15625 ], [ 588618.59375, 2330092.96875 ], [ 588615.3125, 2330097.1875 ], [ 588610.15625, 2330099.53125 ], [ 588599.6875, 2330100.3125 ], [ 588591.25, 2330103.125 ], [ 588587.1875, 2330106.5625 ], [ 588582.8125, 2330113.4375 ], [ 588576.25, 2330118.125 ], [ 588570.3125, 2330119.6875 ], [ 588556.5625, 2330120.9375 ], [ 588549.0625, 2330124.6875 ], [ 588545.625, 2330128.75 ], [ 588541.40625, 2330135.78125 ], [ 588535.78125, 2330141.40625 ], [ 588531.25, 2330144.375 ], [ 588508.75, 2330155.625 ], [ 588500.3125, 2330162.1875 ], [ 588495.625, 2330168.75 ], [ 588484.375, 2330191.25 ], [ 588478.75, 2330196.875 ], [ 588473.4375, 2330199.0625 ], [ 588466.875, 2330200.0 ], [ 588429.6875, 2330200.3125 ], [ 588423.75, 2330201.875 ], [ 588419.0625, 2330204.6875 ], [ 588415.625, 2330208.75 ], [ 588403.28125, 2330233.90625 ], [ 588400.46875, 2330246.09375 ], [ 588399.6875, 2330260.3125 ], [ 588396.875, 2330268.75 ], [ 588393.4375, 2330272.8125 ], [ 588384.21875, 2330278.59375 ], [ 588378.59375, 2330284.21875 ], [ 588361.40625, 2330315.78125 ], [ 588353.59375, 2330322.96875 ], [ 588328.75, 2330335.625 ], [ 588320.3125, 2330342.1875 ], [ 588315.625, 2330348.75 ], [ 588304.375, 2330371.25 ], [ 588297.8125, 2330379.6875 ], [ 588291.25, 2330384.375 ], [ 588268.75, 2330395.625 ], [ 588260.3125, 2330402.1875 ], [ 588255.625, 2330408.75 ], [ 588244.375, 2330431.25 ], [ 588237.8125, 2330439.6875 ], [ 588231.25, 2330444.375 ], [ 588206.09375, 2330456.71875 ], [ 588197.1875, 2330459.0625 ], [ 588176.5625, 2330460.9375 ], [ 588169.0625, 2330464.6875 ], [ 588165.625, 2330468.75 ], [ 588144.375, 2330511.25 ], [ 588139.6875, 2330517.8125 ], [ 588131.25, 2330524.375 ], [ 588108.75, 2330535.625 ], [ 588103.125, 2330541.25 ], [ 588100.9375, 2330546.5625 ], [ 588099.6875, 2330560.3125 ], [ 588098.125, 2330566.25 ], [ 588095.3125, 2330570.9375 ], [ 588091.25, 2330574.375 ], [ 588083.28125, 2330577.65625 ], [ 588073.90625, 2330579.53125 ], [ 588029.84375, 2330580.46875 ], [ 588027.03125, 2330581.40625 ], [ 588022.8125, 2330584.6875 ], [ 588021.40625, 2330587.03125 ], [ 588020.0, 2330593.125 ], [ 588020.0, 2330656.875 ], [ 588019.0625, 2330663.4375 ], [ 588016.875, 2330668.75 ], [ 588011.25, 2330674.375 ], [ 587968.75, 2330695.625 ], [ 587960.3125, 2330702.1875 ], [ 587955.625, 2330708.75 ], [ 587924.375, 2330771.25 ], [ 587921.40625, 2330775.78125 ], [ 587913.59375, 2330782.96875 ], [ 587888.75, 2330795.625 ], [ 587880.3125, 2330802.1875 ], [ 587875.625, 2330808.75 ], [ 587864.375, 2330831.25 ], [ 587861.40625, 2330835.78125 ], [ 587855.78125, 2330841.40625 ], [ 587846.5625, 2330847.1875 ], [ 587843.125, 2330851.25 ], [ 587840.3125, 2330859.6875 ], [ 587839.0625, 2330873.4375 ], [ 587835.3125, 2330880.9375 ], [ 587831.25, 2330884.375 ], [ 587808.75, 2330895.625 ], [ 587802.1875, 2330900.3125 ], [ 587795.625, 2330908.75 ], [ 587784.375, 2330931.25 ], [ 587780.9375, 2330942.8125 ], [ 587779.6875, 2330960.3125 ], [ 587778.125, 2330966.25 ], [ 587773.4375, 2330972.8125 ], [ 587764.6875, 2330979.0625 ], [ 587760.9375, 2330986.5625 ], [ 587760.0, 2330993.125 ], [ 587760.0, 2331026.875 ], [ 587758.125, 2331036.25 ], [ 587753.4375, 2331042.8125 ], [ 587744.6875, 2331049.0625 ], [ 587741.875, 2331053.75 ], [ 587740.3125, 2331059.6875 ], [ 587740.0, 2331156.875 ], [ 587741.875, 2331166.25 ], [ 587744.6875, 2331170.9375 ], [ 587748.75, 2331174.375 ], [ 587756.71875, 2331177.65625 ], [ 587766.09375, 2331179.53125 ], [ 587836.875, 2331180.0 ], [ 587846.25, 2331178.125 ], [ 587852.8125, 2331173.4375 ], [ 587858.59375, 2331164.21875 ], [ 587864.21875, 2331158.59375 ], [ 587895.78125, 2331141.40625 ], [ 587901.40625, 2331135.78125 ], [ 587907.1875, 2331126.5625 ], [ 587911.25, 2331123.125 ], [ 587916.5625, 2331120.9375 ], [ 587930.3125, 2331119.6875 ], [ 587936.25, 2331118.125 ], [ 587940.9375, 2331115.3125 ], [ 587947.1875, 2331106.5625 ], [ 587951.25, 2331103.125 ], [ 587959.6875, 2331100.3125 ], [ 587973.4375, 2331099.0625 ], [ 587980.9375, 2331095.3125 ], [ 587984.375, 2331091.25 ], [ 587995.625, 2331068.75 ], [ 588001.25, 2331063.125 ], [ 588006.5625, 2331060.9375 ], [ 588020.3125, 2331059.6875 ], [ 588028.75, 2331056.875 ], [ 588032.8125, 2331053.4375 ], [ 588040.3125, 2331042.1875 ], [ 588046.40625, 2331037.03125 ], [ 588111.25, 2331004.375 ], [ 588119.6875, 2331001.5625 ], [ 588126.09375, 2331000.46875 ], [ 588140.3125, 2330999.6875 ], [ 588148.75, 2330996.875 ], [ 588154.375, 2330991.25 ], [ 588165.625, 2330968.75 ], [ 588171.25, 2330963.125 ], [ 588176.5625, 2330960.9375 ], [ 588190.3125, 2330959.6875 ], [ 588196.25, 2330958.125 ], [ 588200.9375, 2330955.3125 ], [ 588207.1875, 2330946.5625 ], [ 588211.25, 2330943.125 ], [ 588219.6875, 2330940.3125 ], [ 588230.15625, 2330939.53125 ], [ 588235.3125, 2330937.1875 ], [ 588237.1875, 2330935.3125 ], [ 588239.53125, 2330930.15625 ], [ 588240.3125, 2330889.6875 ], [ 588241.875, 2330883.75 ], [ 588244.6875, 2330879.0625 ], [ 588248.75, 2330875.625 ], [ 588273.59375, 2330862.96875 ], [ 588279.6875, 2330857.8125 ], [ 588284.375, 2330851.25 ], [ 588295.625, 2330828.75 ], [ 588302.1875, 2330820.3125 ], [ 588308.75, 2330815.625 ], [ 588331.25, 2330804.375 ], [ 588339.6875, 2330797.8125 ], [ 588344.375, 2330791.25 ], [ 588355.625, 2330768.75 ], [ 588362.1875, 2330760.3125 ], [ 588368.75, 2330755.625 ], [ 588391.25, 2330744.375 ], [ 588395.78125, 2330741.40625 ], [ 588401.40625, 2330735.78125 ], [ 588407.1875, 2330726.5625 ], [ 588411.25, 2330723.125 ], [ 588416.5625, 2330720.9375 ], [ 588430.3125, 2330719.6875 ], [ 588436.25, 2330718.125 ], [ 588440.9375, 2330715.3125 ], [ 588447.1875, 2330706.5625 ], [ 588453.75, 2330701.875 ], [ 588463.125, 2330700.0 ], [ 588500.3125, 2330699.6875 ], [ 588506.25, 2330698.125 ], [ 588510.9375, 2330695.3125 ], [ 588514.375, 2330691.25 ], [ 588535.625, 2330648.75 ], [ 588540.3125, 2330642.1875 ], [ 588546.40625, 2330637.03125 ], [ 588571.25, 2330624.375 ], [ 588577.8125, 2330619.6875 ], [ 588582.96875, 2330613.59375 ], [ 588595.625, 2330588.75 ], [ 588600.3125, 2330582.1875 ], [ 588606.40625, 2330577.03125 ], [ 588631.25, 2330564.375 ], [ 588637.8125, 2330559.6875 ], [ 588644.375, 2330551.25 ], [ 588657.03125, 2330526.40625 ], [ 588664.21875, 2330518.59375 ], [ 588668.75, 2330515.625 ], [ 588733.59375, 2330482.96875 ], [ 588739.6875, 2330477.8125 ], [ 588747.1875, 2330466.5625 ], [ 588751.25, 2330463.125 ], [ 588759.6875, 2330460.3125 ], [ 588773.90625, 2330459.53125 ], [ 588783.28125, 2330457.65625 ], [ 588788.75, 2330455.625 ], [ 588813.59375, 2330442.96875 ], [ 588817.8125, 2330439.6875 ], [ 588822.96875, 2330433.59375 ], [ 588835.625, 2330408.75 ], [ 588841.25, 2330403.125 ], [ 588849.6875, 2330400.3125 ], [ 588886.875, 2330400.0 ], [ 588893.4375, 2330399.0625 ], [ 588898.75, 2330396.875 ], [ 588904.375, 2330391.25 ], [ 588915.625, 2330368.75 ], [ 588918.59375, 2330364.21875 ], [ 588922.1875, 2330360.3125 ], [ 588928.75, 2330355.625 ], [ 588951.25, 2330344.375 ], [ 588959.6875, 2330341.5625 ], [ 588973.125, 2330340.0 ], [ 589006.875, 2330340.0 ], [ 589010.15625, 2330339.53125 ], [ 589015.3125, 2330337.1875 ], [ 589018.59375, 2330332.96875 ], [ 589020.0, 2330326.875 ], [ 589020.0, 2330293.125 ], [ 589020.9375, 2330286.5625 ], [ 589023.125, 2330281.25 ], [ 589028.75, 2330275.625 ], [ 589051.25, 2330264.375 ], [ 589055.3125, 2330260.9375 ], [ 589059.0625, 2330253.4375 ], [ 589060.3125, 2330239.6875 ], [ 589063.125, 2330231.25 ], [ 589066.5625, 2330227.1875 ], [ 589073.59375, 2330222.96875 ], [ 589079.6875, 2330217.8125 ], [ 589084.375, 2330211.25 ], [ 589095.625, 2330188.75 ], [ 589098.59375, 2330184.21875 ], [ 589104.21875, 2330178.59375 ], [ 589113.4375, 2330172.8125 ], [ 589116.875, 2330168.75 ], [ 589119.6875, 2330160.3125 ], [ 589120.9375, 2330146.5625 ], [ 589124.6875, 2330139.0625 ], [ 589128.75, 2330135.625 ], [ 589151.25, 2330124.375 ], [ 589157.8125, 2330119.6875 ], [ 589162.96875, 2330113.59375 ], [ 589175.625, 2330088.75 ], [ 589179.0625, 2330084.6875 ], [ 589186.5625, 2330080.9375 ], [ 589203.4375, 2330079.0625 ], [ 589210.9375, 2330075.3125 ], [ 589214.375, 2330071.25 ], [ 589225.625, 2330048.75 ], [ 589229.0625, 2330044.6875 ], [ 589236.5625, 2330040.9375 ], [ 589253.4375, 2330039.0625 ], [ 589260.9375, 2330035.3125 ], [ 589264.375, 2330031.25 ], [ 589277.03125, 2330006.40625 ], [ 589282.1875, 2330000.3125 ], [ 589288.75, 2329995.625 ], [ 589311.25, 2329984.375 ], [ 589319.6875, 2329977.8125 ], [ 589324.375, 2329971.25 ], [ 589337.03125, 2329946.40625 ], [ 589344.21875, 2329938.59375 ], [ 589375.78125, 2329921.40625 ], [ 589381.40625, 2329915.78125 ], [ 589387.1875, 2329906.5625 ], [ 589391.25, 2329903.125 ], [ 589396.5625, 2329900.9375 ], [ 589410.3125, 2329899.6875 ], [ 589416.25, 2329898.125 ], [ 589420.9375, 2329895.3125 ], [ 589427.1875, 2329886.5625 ], [ 589431.25, 2329883.125 ], [ 589439.6875, 2329880.3125 ], [ 589453.4375, 2329879.0625 ], [ 589460.9375, 2329875.3125 ], [ 589464.375, 2329871.25 ], [ 589477.03125, 2329846.40625 ], [ 589482.1875, 2329840.3125 ], [ 589488.75, 2329835.625 ], [ 589511.25, 2329824.375 ], [ 589519.6875, 2329817.8125 ], [ 589524.375, 2329811.25 ], [ 589535.625, 2329788.75 ], [ 589542.1875, 2329780.3125 ], [ 589548.75, 2329775.625 ], [ 589613.59375, 2329742.96875 ], [ 589619.6875, 2329737.8125 ], [ 589627.1875, 2329726.5625 ], [ 589631.25, 2329723.125 ], [ 589639.6875, 2329720.3125 ], [ 589653.90625, 2329719.53125 ], [ 589666.09375, 2329716.71875 ], [ 589733.90625, 2329683.28125 ], [ 589742.8125, 2329680.9375 ], [ 589760.3125, 2329679.6875 ], [ 589766.25, 2329678.125 ], [ 589770.9375, 2329675.3125 ], [ 589777.1875, 2329666.5625 ], [ 589783.75, 2329661.875 ], [ 589793.125, 2329660.0 ], [ 589890.3125, 2329659.6875 ], [ 589896.25, 2329658.125 ], [ 589900.9375, 2329655.3125 ], [ 589907.1875, 2329646.5625 ], [ 589911.25, 2329643.125 ], [ 589916.5625, 2329640.9375 ], [ 589923.125, 2329640.0 ], [ 589990.3125, 2329640.3125 ], [ 589996.25, 2329641.875 ], [ 590000.9375, 2329644.6875 ], [ 590007.1875, 2329653.4375 ], [ 590011.25, 2329656.875 ], [ 590016.5625, 2329659.0625 ], [ 590023.125, 2329660.0 ], [ 590150.3125, 2329660.3125 ], [ 590158.75, 2329663.125 ], [ 590162.8125, 2329666.5625 ], [ 590169.0625, 2329675.3125 ], [ 590176.5625, 2329679.0625 ], [ 590183.125, 2329680.0 ], [ 590246.875, 2329680.0 ], [ 590256.25, 2329681.875 ], [ 590262.8125, 2329686.5625 ], [ 590275.625, 2329711.25 ], [ 590281.25, 2329716.875 ], [ 590289.6875, 2329719.6875 ], [ 590326.875, 2329720.0 ], [ 590336.25, 2329721.875 ], [ 590342.8125, 2329726.5625 ], [ 590355.625, 2329751.25 ], [ 590359.0625, 2329755.3125 ], [ 590363.75, 2329758.125 ], [ 590373.125, 2329760.0 ], [ 590410.46875, 2329760.15625 ], [ 590423.28125, 2329762.34375 ], [ 590428.75, 2329764.375 ], [ 590493.90625, 2329796.71875 ], [ 590502.8125, 2329799.0625 ], [ 590520.3125, 2329800.3125 ], [ 590526.25, 2329801.875 ], [ 590530.9375, 2329804.6875 ], [ 590537.1875, 2329813.4375 ], [ 590541.25, 2329816.875 ], [ 590546.5625, 2329819.0625 ], [ 590560.3125, 2329820.3125 ], [ 590566.25, 2329821.875 ], [ 590570.9375, 2329824.6875 ], [ 590577.1875, 2329833.4375 ], [ 590581.25, 2329836.875 ], [ 590586.5625, 2329839.0625 ], [ 590600.3125, 2329840.3125 ], [ 590608.75, 2329843.125 ], [ 590612.8125, 2329846.5625 ], [ 590620.3125, 2329857.8125 ], [ 590626.40625, 2329862.96875 ], [ 590691.25, 2329895.625 ], [ 590696.875, 2329901.25 ], [ 590699.6875, 2329909.6875 ], [ 590700.0, 2329946.875 ], [ 590700.9375, 2329953.4375 ], [ 590703.125, 2329958.75 ], [ 590706.5625, 2329962.8125 ], [ 590713.4375, 2329967.1875 ], [ 590716.875, 2329971.25 ], [ 590719.6875, 2329979.6875 ], [ 590720.46875, 2329990.15625 ], [ 590722.8125, 2329995.3125 ], [ 590727.03125, 2329998.59375 ], [ 590729.84375, 2329999.53125 ], [ 590743.4375, 2330000.9375 ], [ 590750.9375, 2330004.6875 ], [ 590754.375, 2330008.75 ], [ 590756.71875, 2330013.90625 ], [ 590759.53125, 2330026.09375 ], [ 590759.6875, 2330040.3125 ], [ 590756.875, 2330048.75 ], [ 590753.4375, 2330052.8125 ], [ 590744.21875, 2330058.59375 ], [ 590738.59375, 2330064.21875 ], [ 590735.625, 2330068.75 ], [ 590724.375, 2330091.25 ], [ 590720.9375, 2330095.3125 ], [ 590716.25, 2330098.125 ], [ 590706.875, 2330100.0 ], [ 590669.6875, 2330099.6875 ], [ 590663.75, 2330098.125 ], [ 590659.0625, 2330095.3125 ], [ 590652.8125, 2330086.5625 ], [ 590646.25, 2330081.875 ], [ 590640.3125, 2330080.3125 ], [ 590622.8125, 2330079.0625 ], [ 590611.25, 2330075.625 ], [ 590588.75, 2330064.375 ], [ 590580.3125, 2330057.8125 ], [ 590575.625, 2330051.25 ], [ 590564.375, 2330028.75 ], [ 590560.9375, 2330024.6875 ], [ 590553.4375, 2330020.9375 ], [ 590539.6875, 2330019.6875 ], [ 590531.25, 2330016.875 ], [ 590527.1875, 2330013.4375 ], [ 590522.8125, 2330006.5625 ], [ 590516.25, 2330001.875 ], [ 590506.875, 2330000.0 ], [ 590409.84375, 2329999.53125 ], [ 590404.6875, 2329997.1875 ], [ 590401.40625, 2329992.96875 ], [ 590400.46875, 2329990.15625 ], [ 590399.0625, 2329976.5625 ], [ 590396.875, 2329971.25 ], [ 590393.4375, 2329967.1875 ], [ 590388.75, 2329964.375 ], [ 590380.3125, 2329961.5625 ], [ 590373.90625, 2329960.46875 ], [ 590359.6875, 2329959.6875 ], [ 590353.75, 2329958.125 ], [ 590349.0625, 2329955.3125 ], [ 590342.8125, 2329946.5625 ], [ 590336.25, 2329941.875 ], [ 590326.875, 2329940.0 ], [ 590293.125, 2329940.0 ], [ 590286.5625, 2329939.0625 ], [ 590279.0625, 2329935.3125 ], [ 590270.9375, 2329924.6875 ], [ 590266.25, 2329921.875 ], [ 590260.3125, 2329920.3125 ], [ 590193.125, 2329920.0 ], [ 590186.5625, 2329919.0625 ], [ 590179.0625, 2329915.3125 ], [ 590172.8125, 2329906.5625 ], [ 590166.25, 2329901.875 ], [ 590156.875, 2329900.0 ], [ 590123.125, 2329900.0 ], [ 590116.5625, 2329899.0625 ], [ 590109.0625, 2329895.3125 ], [ 590102.8125, 2329886.5625 ], [ 590096.25, 2329881.875 ], [ 590090.3125, 2329880.3125 ], [ 590079.6875, 2329879.6875 ], [ 590071.25, 2329876.875 ], [ 590067.1875, 2329873.4375 ], [ 590062.8125, 2329866.5625 ], [ 590056.25, 2329861.875 ], [ 590046.875, 2329860.0 ], [ 590013.125, 2329860.0 ], [ 590006.5625, 2329859.0625 ], [ 589999.0625, 2329855.3125 ], [ 589990.9375, 2329844.6875 ], [ 589986.25, 2329841.875 ], [ 589980.3125, 2329840.3125 ], [ 589913.125, 2329840.0 ], [ 589906.5625, 2329840.9375 ], [ 589899.0625, 2329844.6875 ], [ 589892.8125, 2329853.4375 ], [ 589888.75, 2329856.875 ], [ 589883.4375, 2329859.0625 ], [ 589869.6875, 2329860.3125 ], [ 589863.75, 2329861.875 ], [ 589857.1875, 2329866.5625 ], [ 589850.9375, 2329875.3125 ], [ 589843.4375, 2329879.0625 ], [ 589836.875, 2329880.0 ], [ 589803.125, 2329880.0 ], [ 589796.5625, 2329880.9375 ], [ 589789.0625, 2329884.6875 ], [ 589780.9375, 2329895.3125 ], [ 589776.25, 2329898.125 ], [ 589770.3125, 2329899.6875 ], [ 589703.125, 2329900.0 ], [ 589696.5625, 2329900.9375 ], [ 589689.0625, 2329904.6875 ], [ 589682.8125, 2329913.4375 ], [ 589678.75, 2329916.875 ], [ 589673.4375, 2329919.0625 ], [ 589659.6875, 2329920.3125 ], [ 589653.75, 2329921.875 ], [ 589647.1875, 2329926.5625 ], [ 589640.9375, 2329935.3125 ], [ 589633.4375, 2329939.0625 ], [ 589626.875, 2329940.0 ], [ 589563.125, 2329940.0 ], [ 589556.5625, 2329940.9375 ], [ 589551.25, 2329943.125 ], [ 589545.625, 2329948.75 ], [ 589534.375, 2329971.25 ], [ 589528.75, 2329976.875 ], [ 589520.3125, 2329979.6875 ], [ 589506.09375, 2329980.46875 ], [ 589493.90625, 2329983.28125 ], [ 589468.75, 2329995.625 ], [ 589464.6875, 2329999.0625 ], [ 589461.875, 2330003.75 ], [ 589460.3125, 2330009.6875 ], [ 589460.0, 2330046.875 ], [ 589459.0625, 2330053.4375 ], [ 589456.875, 2330058.75 ], [ 589451.25, 2330064.375 ], [ 589428.75, 2330075.625 ], [ 589424.21875, 2330078.59375 ], [ 589418.59375, 2330084.21875 ], [ 589414.375, 2330091.25 ], [ 589410.9375, 2330095.3125 ], [ 589403.4375, 2330099.0625 ], [ 589382.8125, 2330100.9375 ], [ 589371.25, 2330104.375 ], [ 589268.75, 2330155.625 ], [ 589262.1875, 2330160.3125 ], [ 589257.03125, 2330166.40625 ], [ 589244.375, 2330191.25 ], [ 589240.9375, 2330195.3125 ], [ 589233.4375, 2330199.0625 ], [ 589219.6875, 2330200.3125 ], [ 589211.25, 2330203.125 ], [ 589207.1875, 2330206.5625 ], [ 589201.40625, 2330215.78125 ], [ 589195.78125, 2330221.40625 ], [ 589166.5625, 2330237.1875 ], [ 589163.125, 2330241.25 ], [ 589160.9375, 2330246.5625 ], [ 589159.6875, 2330260.3125 ], [ 589156.875, 2330268.75 ], [ 589153.4375, 2330272.8125 ], [ 589144.21875, 2330278.59375 ], [ 589138.59375, 2330284.21875 ], [ 589135.625, 2330288.75 ], [ 589124.375, 2330311.25 ], [ 589119.6875, 2330317.8125 ], [ 589111.25, 2330324.375 ], [ 589088.75, 2330335.625 ], [ 589084.21875, 2330338.59375 ], [ 589078.59375, 2330344.21875 ], [ 589072.8125, 2330353.4375 ], [ 589068.75, 2330356.875 ], [ 589060.3125, 2330359.6875 ], [ 589049.53125, 2330360.15625 ], [ 589039.6875, 2330361.5625 ], [ 589031.25, 2330364.375 ], [ 589026.5625, 2330367.1875 ], [ 589021.875, 2330373.75 ], [ 589020.3125, 2330379.6875 ], [ 589019.53125, 2330390.15625 ], [ 589017.1875, 2330395.3125 ], [ 589015.3125, 2330397.1875 ], [ 589010.15625, 2330399.53125 ], [ 588999.6875, 2330400.3125 ], [ 588993.75, 2330401.875 ], [ 588987.1875, 2330406.5625 ], [ 588964.375, 2330451.25 ], [ 588961.40625, 2330455.78125 ], [ 588955.78125, 2330461.40625 ], [ 588924.21875, 2330478.59375 ], [ 588918.59375, 2330484.21875 ], [ 588912.8125, 2330493.4375 ], [ 588908.75, 2330496.875 ], [ 588900.3125, 2330499.6875 ], [ 588886.09375, 2330500.46875 ], [ 588873.90625, 2330503.28125 ], [ 588788.75, 2330545.625 ], [ 588784.6875, 2330549.0625 ], [ 588781.875, 2330553.75 ], [ 588780.3125, 2330559.6875 ], [ 588779.53125, 2330570.15625 ], [ 588778.59375, 2330572.96875 ], [ 588775.3125, 2330577.1875 ], [ 588770.15625, 2330579.53125 ], [ 588759.6875, 2330580.3125 ], [ 588751.25, 2330583.125 ], [ 588747.1875, 2330586.5625 ], [ 588739.6875, 2330597.8125 ], [ 588733.59375, 2330602.96875 ], [ 588666.40625, 2330637.03125 ], [ 588662.1875, 2330640.3125 ], [ 588657.03125, 2330646.40625 ], [ 588644.375, 2330671.25 ], [ 588640.9375, 2330675.3125 ], [ 588633.4375, 2330679.0625 ], [ 588619.6875, 2330680.3125 ], [ 588611.25, 2330683.125 ], [ 588607.1875, 2330686.5625 ], [ 588599.6875, 2330697.8125 ], [ 588593.59375, 2330702.96875 ], [ 588546.5625, 2330727.1875 ], [ 588541.875, 2330733.75 ], [ 588540.3125, 2330739.6875 ], [ 588539.53125, 2330750.15625 ], [ 588538.59375, 2330752.96875 ], [ 588535.3125, 2330757.1875 ], [ 588530.15625, 2330759.53125 ], [ 588519.6875, 2330760.3125 ], [ 588511.25, 2330763.125 ], [ 588507.1875, 2330766.5625 ], [ 588499.6875, 2330777.8125 ], [ 588493.59375, 2330782.96875 ], [ 588428.75, 2330815.625 ], [ 588424.21875, 2330818.59375 ], [ 588417.03125, 2330826.40625 ], [ 588404.375, 2330851.25 ], [ 588399.6875, 2330857.8125 ], [ 588393.59375, 2330862.96875 ], [ 588368.75, 2330875.625 ], [ 588362.1875, 2330880.3125 ], [ 588355.625, 2330888.75 ], [ 588342.96875, 2330913.59375 ], [ 588335.78125, 2330921.40625 ], [ 588331.25, 2330924.375 ], [ 588306.09375, 2330936.71875 ], [ 588297.1875, 2330939.0625 ], [ 588276.5625, 2330940.9375 ], [ 588269.0625, 2330944.6875 ], [ 588265.625, 2330948.75 ], [ 588262.34375, 2330956.71875 ], [ 588260.46875, 2330966.09375 ], [ 588259.6875, 2330980.3125 ], [ 588256.875, 2330988.75 ], [ 588253.4375, 2330992.8125 ], [ 588242.1875, 2331000.3125 ], [ 588238.59375, 2331004.21875 ], [ 588232.8125, 2331013.4375 ], [ 588228.75, 2331016.875 ], [ 588220.3125, 2331019.6875 ], [ 588209.84375, 2331020.46875 ], [ 588207.03125, 2331021.40625 ], [ 588202.8125, 2331024.6875 ], [ 588200.46875, 2331029.84375 ], [ 588199.0625, 2331043.4375 ], [ 588196.875, 2331048.75 ], [ 588193.4375, 2331052.8125 ], [ 588148.75, 2331075.625 ], [ 588142.1875, 2331080.3125 ], [ 588135.625, 2331088.75 ], [ 588122.96875, 2331113.59375 ], [ 588119.6875, 2331117.8125 ], [ 588113.59375, 2331122.96875 ], [ 588048.75, 2331155.625 ], [ 588044.21875, 2331158.59375 ], [ 588037.03125, 2331166.40625 ], [ 588024.375, 2331191.25 ], [ 588020.9375, 2331195.3125 ], [ 588013.4375, 2331199.0625 ], [ 587996.5625, 2331200.9375 ], [ 587991.25, 2331203.125 ], [ 587987.1875, 2331206.5625 ], [ 587964.375, 2331251.25 ], [ 587960.9375, 2331255.3125 ], [ 587953.4375, 2331259.0625 ], [ 587939.6875, 2331260.3125 ], [ 587931.25, 2331263.125 ], [ 587927.1875, 2331266.5625 ], [ 587921.40625, 2331275.78125 ], [ 587915.78125, 2331281.40625 ], [ 587884.21875, 2331298.59375 ], [ 587877.03125, 2331306.40625 ], [ 587864.375, 2331331.25 ], [ 587857.8125, 2331339.6875 ], [ 587851.25, 2331344.375 ], [ 587828.75, 2331355.625 ], [ 587820.3125, 2331362.1875 ], [ 587815.625, 2331368.75 ], [ 587804.375, 2331391.25 ], [ 587801.40625, 2331395.78125 ], [ 587795.78125, 2331401.40625 ], [ 587786.5625, 2331407.1875 ], [ 587783.125, 2331411.25 ], [ 587780.3125, 2331419.6875 ], [ 587779.0625, 2331433.4375 ], [ 587776.875, 2331438.75 ], [ 587773.4375, 2331442.8125 ], [ 587748.75, 2331455.625 ], [ 587740.3125, 2331458.4375 ], [ 587726.875, 2331460.0 ], [ 587693.125, 2331460.0 ], [ 587687.03125, 2331461.40625 ], [ 587682.8125, 2331464.6875 ], [ 587681.40625, 2331467.03125 ], [ 587680.0, 2331473.125 ], [ 587680.0, 2331506.875 ], [ 587679.0625, 2331513.4375 ], [ 587676.875, 2331518.75 ], [ 587671.25, 2331524.375 ], [ 587648.75, 2331535.625 ], [ 587644.6875, 2331539.0625 ], [ 587640.9375, 2331546.5625 ], [ 587639.6875, 2331560.3125 ], [ 587636.875, 2331568.75 ], [ 587633.4375, 2331572.8125 ], [ 587624.21875, 2331578.59375 ], [ 587618.59375, 2331584.21875 ], [ 587615.625, 2331588.75 ], [ 587604.375, 2331611.25 ], [ 587599.6875, 2331617.8125 ], [ 587591.25, 2331624.375 ], [ 587566.40625, 2331637.03125 ], [ 587558.59375, 2331644.21875 ], [ 587541.40625, 2331675.78125 ], [ 587535.78125, 2331681.40625 ], [ 587526.5625, 2331687.1875 ], [ 587523.125, 2331691.25 ], [ 587520.3125, 2331699.6875 ], [ 587519.53125, 2331713.90625 ], [ 587516.71875, 2331726.09375 ], [ 587482.96875, 2331793.59375 ], [ 587479.6875, 2331797.8125 ], [ 587473.59375, 2331802.96875 ], [ 587448.75, 2331815.625 ], [ 587443.125, 2331821.25 ], [ 587440.9375, 2331826.5625 ], [ 587440.0, 2331833.125 ], [ 587439.6875, 2331870.3125 ], [ 587438.125, 2331876.25 ], [ 587435.3125, 2331880.9375 ], [ 587431.25, 2331884.375 ], [ 587408.75, 2331895.625 ], [ 587404.21875, 2331898.59375 ], [ 587398.59375, 2331904.21875 ], [ 587392.8125, 2331913.4375 ], [ 587388.75, 2331916.875 ], [ 587380.3125, 2331919.6875 ], [ 587369.53125, 2331920.15625 ], [ 587359.6875, 2331921.5625 ], [ 587348.75, 2331925.625 ], [ 587344.6875, 2331929.0625 ], [ 587341.875, 2331933.75 ], [ 587340.3125, 2331939.6875 ], [ 587339.0625, 2331953.4375 ], [ 587336.875, 2331958.75 ], [ 587333.4375, 2331962.8125 ], [ 587268.75, 2331995.625 ], [ 587264.6875, 2331999.0625 ], [ 587260.9375, 2332006.5625 ], [ 587259.6875, 2332020.3125 ], [ 587256.875, 2332028.75 ], [ 587253.4375, 2332032.8125 ], [ 587242.1875, 2332040.3125 ], [ 587237.03125, 2332046.40625 ], [ 587204.375, 2332111.25 ], [ 587197.8125, 2332119.6875 ], [ 587191.25, 2332124.375 ], [ 587128.75, 2332155.625 ], [ 587124.21875, 2332158.59375 ], [ 587117.03125, 2332166.40625 ], [ 587104.375, 2332191.25 ], [ 587098.75, 2332196.875 ], [ 587093.4375, 2332199.0625 ], [ 587079.6875, 2332200.3125 ], [ 587071.25, 2332203.125 ], [ 587067.1875, 2332206.5625 ], [ 587059.6875, 2332217.8125 ], [ 587053.59375, 2332222.96875 ], [ 586988.75, 2332255.625 ], [ 586984.21875, 2332258.59375 ], [ 586977.03125, 2332266.40625 ], [ 586964.375, 2332291.25 ], [ 586958.75, 2332296.875 ], [ 586950.3125, 2332299.6875 ], [ 586913.125, 2332300.0 ], [ 586906.5625, 2332300.9375 ], [ 586901.25, 2332303.125 ], [ 586895.625, 2332308.75 ], [ 586884.375, 2332331.25 ], [ 586880.9375, 2332335.3125 ], [ 586873.4375, 2332339.0625 ], [ 586859.6875, 2332340.3125 ], [ 586851.25, 2332343.125 ], [ 586847.1875, 2332346.5625 ], [ 586842.96875, 2332353.59375 ], [ 586837.8125, 2332359.6875 ], [ 586831.25, 2332364.375 ], [ 586808.75, 2332375.625 ], [ 586804.21875, 2332378.59375 ], [ 586798.59375, 2332384.21875 ], [ 586792.8125, 2332393.4375 ], [ 586788.75, 2332396.875 ], [ 586783.4375, 2332399.0625 ], [ 586769.6875, 2332400.3125 ], [ 586761.25, 2332403.125 ], [ 586755.625, 2332408.75 ], [ 586744.375, 2332431.25 ], [ 586738.75, 2332436.875 ], [ 586733.4375, 2332439.0625 ], [ 586726.875, 2332440.0 ], [ 586693.125, 2332440.0 ], [ 586687.03125, 2332441.40625 ], [ 586684.6875, 2332442.8125 ], [ 586681.40625, 2332447.03125 ], [ 586680.0, 2332453.125 ], [ 586679.6875, 2332460.3125 ], [ 586678.125, 2332466.25 ], [ 586675.3125, 2332470.9375 ], [ 586671.25, 2332474.375 ], [ 586586.40625, 2332517.03125 ], [ 586580.3125, 2332522.1875 ], [ 586572.8125, 2332533.4375 ], [ 586568.75, 2332536.875 ], [ 586560.3125, 2332539.6875 ], [ 586546.09375, 2332540.46875 ], [ 586533.90625, 2332543.28125 ], [ 586508.75, 2332555.625 ], [ 586504.21875, 2332558.59375 ], [ 586497.03125, 2332566.40625 ], [ 586484.375, 2332591.25 ], [ 586479.6875, 2332597.8125 ], [ 586471.25, 2332604.375 ], [ 586446.40625, 2332617.03125 ], [ 586438.59375, 2332624.21875 ], [ 586421.40625, 2332655.78125 ], [ 586415.78125, 2332661.40625 ], [ 586406.5625, 2332667.1875 ], [ 586403.125, 2332671.25 ], [ 586400.3125, 2332679.6875 ], [ 586399.53125, 2332690.15625 ], [ 586398.59375, 2332692.96875 ], [ 586395.3125, 2332697.1875 ], [ 586390.15625, 2332699.53125 ], [ 586376.5625, 2332700.9375 ], [ 586369.0625, 2332704.6875 ], [ 586365.625, 2332708.75 ], [ 586354.375, 2332731.25 ], [ 586348.75, 2332736.875 ], [ 586343.4375, 2332739.0625 ], [ 586329.6875, 2332740.3125 ], [ 586323.75, 2332741.875 ], [ 586319.0625, 2332744.6875 ], [ 586312.8125, 2332753.4375 ], [ 586308.75, 2332756.875 ], [ 586300.3125, 2332759.6875 ], [ 586286.5625, 2332760.9375 ], [ 586279.0625, 2332764.6875 ], [ 586275.625, 2332768.75 ], [ 586252.8125, 2332813.4375 ], [ 586246.25, 2332818.125 ], [ 586240.3125, 2332819.6875 ], [ 586226.5625, 2332820.9375 ], [ 586221.25, 2332823.125 ], [ 586217.1875, 2332826.5625 ], [ 586182.8125, 2332893.4375 ], [ 586176.25, 2332898.125 ], [ 586170.3125, 2332899.6875 ], [ 586156.5625, 2332900.9375 ], [ 586149.0625, 2332904.6875 ], [ 586145.625, 2332908.75 ], [ 586124.375, 2332951.25 ], [ 586118.75, 2332956.875 ], [ 586113.4375, 2332959.0625 ], [ 586099.6875, 2332960.3125 ], [ 586093.75, 2332961.875 ], [ 586087.1875, 2332966.5625 ], [ 586080.9375, 2332975.3125 ], [ 586073.4375, 2332979.0625 ], [ 586066.875, 2332980.0 ], [ 586033.125, 2332980.0 ], [ 586026.5625, 2332980.9375 ], [ 586019.0625, 2332984.6875 ], [ 586012.8125, 2332993.4375 ], [ 586006.25, 2332998.125 ], [ 586000.3125, 2332999.6875 ], [ 585982.8125, 2333000.9375 ], [ 585976.71875, 2333002.34375 ], [ 585968.75, 2333005.625 ], [ 585964.6875, 2333009.0625 ], [ 585961.875, 2333013.75 ], [ 585960.3125, 2333019.6875 ], [ 585959.0625, 2333033.4375 ], [ 585955.3125, 2333040.9375 ], [ 585951.25, 2333044.375 ], [ 585928.75, 2333055.625 ], [ 585922.1875, 2333060.3125 ], [ 585917.03125, 2333066.40625 ], [ 585904.375, 2333091.25 ], [ 585900.9375, 2333095.3125 ], [ 585893.4375, 2333099.0625 ], [ 585879.6875, 2333100.3125 ], [ 585871.25, 2333103.125 ], [ 585867.1875, 2333106.5625 ], [ 585862.8125, 2333113.4375 ], [ 585856.25, 2333118.125 ], [ 585846.875, 2333120.0 ], [ 585813.125, 2333120.0 ], [ 585806.5625, 2333120.9375 ], [ 585799.0625, 2333124.6875 ], [ 585792.8125, 2333133.4375 ], [ 585786.25, 2333138.125 ], [ 585780.3125, 2333139.6875 ], [ 585769.6875, 2333140.3125 ], [ 585761.25, 2333143.125 ], [ 585755.625, 2333148.75 ], [ 585744.375, 2333171.25 ], [ 585740.9375, 2333175.3125 ], [ 585736.25, 2333178.125 ], [ 585726.875, 2333180.0 ], [ 585693.125, 2333180.0 ], [ 585682.8125, 2333180.9375 ], [ 585673.90625, 2333183.28125 ], [ 585648.75, 2333195.625 ], [ 585640.3125, 2333198.4375 ], [ 585626.875, 2333200.0 ], [ 585586.09375, 2333200.46875 ], [ 585576.71875, 2333202.34375 ], [ 585568.75, 2333205.625 ], [ 585563.125, 2333211.25 ], [ 585560.3125, 2333219.6875 ], [ 585560.0, 2333286.875 ], [ 585558.59375, 2333292.96875 ], [ 585557.1875, 2333295.3125 ], [ 585552.96875, 2333298.59375 ], [ 585546.875, 2333300.0 ], [ 585479.6875, 2333299.6875 ], [ 585473.75, 2333298.125 ], [ 585469.0625, 2333295.3125 ], [ 585462.8125, 2333286.5625 ], [ 585458.75, 2333283.125 ], [ 585453.4375, 2333280.9375 ], [ 585446.875, 2333280.0 ], [ 585353.125, 2333280.0 ], [ 585343.75, 2333281.875 ], [ 585339.0625, 2333284.6875 ], [ 585335.625, 2333288.75 ], [ 585324.375, 2333311.25 ], [ 585321.40625, 2333315.78125 ], [ 585317.8125, 2333319.6875 ], [ 585311.25, 2333324.375 ], [ 585288.75, 2333335.625 ], [ 585283.28125, 2333337.65625 ], [ 585273.90625, 2333339.53125 ], [ 585259.6875, 2333340.3125 ], [ 585253.75, 2333341.875 ], [ 585247.1875, 2333346.5625 ], [ 585241.40625, 2333355.78125 ], [ 585235.78125, 2333361.40625 ], [ 585231.25, 2333364.375 ], [ 585206.09375, 2333376.71875 ], [ 585200.3125, 2333378.4375 ], [ 585190.46875, 2333379.84375 ], [ 585153.125, 2333380.0 ], [ 585143.75, 2333381.875 ], [ 585137.1875, 2333386.5625 ], [ 585124.375, 2333411.25 ], [ 585118.75, 2333416.875 ], [ 585113.4375, 2333419.0625 ], [ 585099.6875, 2333420.3125 ], [ 585093.75, 2333421.875 ], [ 585089.0625, 2333424.6875 ], [ 585082.8125, 2333433.4375 ], [ 585078.75, 2333436.875 ], [ 585073.4375, 2333439.0625 ], [ 585059.6875, 2333440.3125 ], [ 585053.75, 2333441.875 ], [ 585049.0625, 2333444.6875 ], [ 585042.8125, 2333453.4375 ], [ 585036.25, 2333458.125 ], [ 585026.875, 2333460.0 ], [ 584993.125, 2333460.0 ], [ 584979.6875, 2333461.5625 ], [ 584971.25, 2333464.375 ], [ 584908.75, 2333495.625 ], [ 584903.28125, 2333497.65625 ], [ 584890.46875, 2333499.84375 ], [ 584853.125, 2333500.0 ], [ 584843.75, 2333501.875 ], [ 584839.0625, 2333504.6875 ], [ 584835.625, 2333508.75 ], [ 584822.8125, 2333533.4375 ], [ 584818.75, 2333536.875 ], [ 584813.4375, 2333539.0625 ], [ 584806.875, 2333540.0 ], [ 584743.125, 2333540.0 ], [ 584736.5625, 2333540.9375 ], [ 584729.0625, 2333544.6875 ], [ 584720.9375, 2333555.3125 ], [ 584713.4375, 2333559.0625 ], [ 584706.875, 2333560.0 ], [ 584669.53125, 2333560.15625 ], [ 584659.6875, 2333561.5625 ], [ 584651.25, 2333564.375 ], [ 584628.75, 2333575.625 ], [ 584624.21875, 2333578.59375 ], [ 584618.59375, 2333584.21875 ], [ 584614.375, 2333591.25 ], [ 584610.9375, 2333595.3125 ], [ 584603.4375, 2333599.0625 ], [ 584596.875, 2333600.0 ], [ 584563.125, 2333600.0 ], [ 584556.5625, 2333600.9375 ], [ 584549.0625, 2333604.6875 ], [ 584540.9375, 2333615.3125 ], [ 584536.25, 2333618.125 ], [ 584530.3125, 2333619.6875 ], [ 584489.53125, 2333620.15625 ], [ 584482.8125, 2333620.9375 ], [ 584473.90625, 2333623.28125 ], [ 584448.75, 2333635.625 ], [ 584444.21875, 2333638.59375 ], [ 584438.59375, 2333644.21875 ], [ 584432.8125, 2333653.4375 ], [ 584428.75, 2333656.875 ], [ 584423.4375, 2333659.0625 ], [ 584409.6875, 2333660.3125 ], [ 584403.75, 2333661.875 ], [ 584397.1875, 2333666.5625 ], [ 584390.9375, 2333675.3125 ], [ 584383.4375, 2333679.0625 ], [ 584376.875, 2333680.0 ], [ 584283.125, 2333680.0 ], [ 584273.75, 2333681.875 ], [ 584269.0625, 2333684.6875 ], [ 584265.625, 2333688.75 ], [ 584234.375, 2333751.25 ], [ 584228.75, 2333756.875 ], [ 584223.4375, 2333759.0625 ], [ 584216.875, 2333760.0 ], [ 584123.125, 2333760.0 ], [ 584113.75, 2333761.875 ], [ 584109.0625, 2333764.6875 ], [ 584102.8125, 2333773.4375 ], [ 584098.75, 2333776.875 ], [ 584090.3125, 2333779.6875 ], [ 584076.5625, 2333780.9375 ], [ 584069.0625, 2333784.6875 ], [ 584065.625, 2333788.75 ], [ 584044.375, 2333831.25 ], [ 584040.9375, 2333835.3125 ], [ 584033.4375, 2333839.0625 ], [ 584026.875, 2333840.0 ], [ 583929.6875, 2333840.3125 ], [ 583923.75, 2333841.875 ], [ 583919.0625, 2333844.6875 ], [ 583912.8125, 2333853.4375 ], [ 583908.75, 2333856.875 ], [ 583903.4375, 2333859.0625 ], [ 583896.875, 2333860.0 ], [ 583766.09375, 2333860.46875 ], [ 583753.90625, 2333863.28125 ], [ 583723.28125, 2333877.65625 ], [ 583717.1875, 2333879.0625 ], [ 583706.875, 2333880.0 ], [ 583343.125, 2333880.0 ], [ 583336.5625, 2333879.0625 ], [ 583331.25, 2333876.875 ], [ 583327.1875, 2333873.4375 ], [ 583320.9375, 2333864.6875 ], [ 583316.25, 2333861.875 ], [ 583310.3125, 2333860.3125 ], [ 583149.6875, 2333859.6875 ], [ 583143.75, 2333858.125 ], [ 583137.1875, 2333853.4375 ], [ 583122.8125, 2333826.5625 ], [ 583118.75, 2333823.125 ], [ 583113.4375, 2333820.9375 ], [ 583106.875, 2333820.0 ], [ 583009.6875, 2333819.6875 ], [ 583003.75, 2333818.125 ], [ 582999.0625, 2333815.3125 ], [ 582992.8125, 2333806.5625 ], [ 582986.25, 2333801.875 ], [ 582980.3125, 2333800.3125 ], [ 582969.6875, 2333799.6875 ], [ 582961.25, 2333796.875 ], [ 582957.1875, 2333793.4375 ], [ 582950.9375, 2333784.6875 ], [ 582943.4375, 2333780.9375 ], [ 582936.875, 2333780.0 ], [ 582869.6875, 2333779.6875 ], [ 582861.25, 2333776.875 ], [ 582857.1875, 2333773.4375 ], [ 582850.9375, 2333764.6875 ], [ 582843.4375, 2333760.9375 ], [ 582836.875, 2333760.0 ], [ 582773.125, 2333760.0 ], [ 582763.75, 2333758.125 ], [ 582759.0625, 2333755.3125 ], [ 582752.8125, 2333746.5625 ], [ 582748.75, 2333743.125 ], [ 582740.3125, 2333740.3125 ], [ 582726.5625, 2333739.0625 ], [ 582719.0625, 2333735.3125 ], [ 582715.625, 2333731.25 ], [ 582704.375, 2333708.75 ], [ 582698.75, 2333703.125 ], [ 582693.4375, 2333700.9375 ], [ 582679.6875, 2333699.6875 ], [ 582673.75, 2333698.125 ], [ 582667.1875, 2333693.4375 ], [ 582660.9375, 2333684.6875 ], [ 582653.4375, 2333680.9375 ], [ 582646.875, 2333680.0 ], [ 582489.6875, 2333679.6875 ], [ 582481.25, 2333676.875 ], [ 582477.1875, 2333673.4375 ], [ 582470.9375, 2333664.6875 ], [ 582463.4375, 2333660.9375 ], [ 582456.875, 2333660.0 ], [ 582423.125, 2333660.0 ], [ 582413.75, 2333658.125 ], [ 582409.0625, 2333655.3125 ], [ 582402.8125, 2333646.5625 ], [ 582398.75, 2333643.125 ], [ 582393.4375, 2333640.9375 ], [ 582379.6875, 2333639.6875 ], [ 582373.75, 2333638.125 ], [ 582367.1875, 2333633.4375 ], [ 582360.9375, 2333624.6875 ], [ 582356.25, 2333621.875 ], [ 582350.3125, 2333620.3125 ], [ 582133.125, 2333620.0 ], [ 582126.5625, 2333619.0625 ], [ 582121.25, 2333616.875 ], [ 582117.1875, 2333613.4375 ], [ 582110.9375, 2333604.6875 ], [ 582106.25, 2333601.875 ], [ 582100.3125, 2333600.3125 ], [ 581969.84375, 2333599.53125 ], [ 581967.03125, 2333598.59375 ], [ 581962.8125, 2333595.3125 ], [ 581960.46875, 2333590.15625 ], [ 581959.6875, 2333579.6875 ], [ 581958.125, 2333573.75 ], [ 581955.3125, 2333569.0625 ], [ 581948.75, 2333564.375 ], [ 581940.3125, 2333561.5625 ], [ 581930.46875, 2333560.15625 ], [ 581893.125, 2333560.0 ], [ 581879.6875, 2333558.4375 ], [ 581871.25, 2333555.625 ], [ 581846.09375, 2333543.28125 ], [ 581833.90625, 2333540.46875 ], [ 581789.53125, 2333540.15625 ], [ 581779.6875, 2333541.5625 ], [ 581771.25, 2333544.375 ], [ 581766.5625, 2333547.1875 ], [ 581761.875, 2333553.75 ], [ 581760.3125, 2333559.6875 ], [ 581760.0, 2333566.875 ], [ 581758.59375, 2333572.96875 ], [ 581755.3125, 2333577.1875 ], [ 581750.15625, 2333579.53125 ], [ 581679.6875, 2333579.6875 ], [ 581673.75, 2333578.125 ], [ 581669.0625, 2333575.3125 ], [ 581659.6875, 2333562.1875 ], [ 581655.78125, 2333558.59375 ], [ 581646.5625, 2333552.8125 ], [ 581643.125, 2333548.75 ], [ 581640.3125, 2333540.3125 ], [ 581640.0, 2333503.125 ], [ 581638.125, 2333493.75 ], [ 581635.3125, 2333489.0625 ], [ 581631.25, 2333485.625 ], [ 581623.28125, 2333482.34375 ], [ 581613.90625, 2333480.46875 ], [ 581573.125, 2333480.0 ], [ 581566.09375, 2333480.46875 ], [ 581556.71875, 2333482.34375 ], [ 581551.25, 2333484.375 ], [ 581486.09375, 2333516.71875 ], [ 581477.1875, 2333519.0625 ], [ 581459.6875, 2333520.3125 ], [ 581453.75, 2333521.875 ], [ 581447.1875, 2333526.5625 ], [ 581440.9375, 2333535.3125 ], [ 581433.4375, 2333539.0625 ], [ 581426.875, 2333540.0 ], [ 581393.125, 2333540.0 ], [ 581382.8125, 2333539.0625 ], [ 581376.71875, 2333537.65625 ], [ 581368.75, 2333534.375 ], [ 581364.6875, 2333530.9375 ], [ 581360.9375, 2333523.4375 ], [ 581360.0, 2333516.875 ], [ 581360.0, 2333453.125 ], [ 581358.59375, 2333447.03125 ], [ 581357.1875, 2333444.6875 ], [ 581352.96875, 2333441.40625 ], [ 581350.15625, 2333440.46875 ], [ 581336.5625, 2333439.0625 ], [ 581331.25, 2333436.875 ], [ 581327.1875, 2333433.4375 ], [ 581320.9375, 2333424.6875 ], [ 581313.4375, 2333420.9375 ], [ 581306.875, 2333420.0 ], [ 581206.09375, 2333419.53125 ], [ 581193.90625, 2333416.71875 ], [ 581166.09375, 2333403.28125 ], [ 581160.3125, 2333401.5625 ], [ 581150.46875, 2333400.15625 ], [ 580963.125, 2333400.0 ], [ 580956.5625, 2333399.0625 ], [ 580951.25, 2333396.875 ], [ 580947.1875, 2333393.4375 ], [ 580940.9375, 2333384.6875 ], [ 580936.25, 2333381.875 ], [ 580930.3125, 2333380.3125 ], [ 580833.125, 2333380.0 ], [ 580822.8125, 2333380.9375 ], [ 580813.90625, 2333383.28125 ], [ 580788.75, 2333395.625 ], [ 580777.1875, 2333399.0625 ], [ 580766.875, 2333400.0 ], [ 580703.125, 2333400.0 ], [ 580696.5625, 2333400.9375 ], [ 580689.0625, 2333404.6875 ], [ 580680.9375, 2333415.3125 ], [ 580676.25, 2333418.125 ], [ 580670.3125, 2333419.6875 ], [ 580573.125, 2333420.0 ], [ 580559.6875, 2333421.5625 ], [ 580551.25, 2333424.375 ], [ 580528.75, 2333435.625 ], [ 580520.3125, 2333438.4375 ], [ 580510.46875, 2333439.84375 ], [ 580473.125, 2333440.0 ], [ 580466.5625, 2333440.9375 ], [ 580459.0625, 2333444.6875 ], [ 580450.9375, 2333455.3125 ], [ 580446.25, 2333458.125 ], [ 580440.3125, 2333459.6875 ], [ 580306.09375, 2333460.46875 ], [ 580293.90625, 2333463.28125 ], [ 580266.09375, 2333476.71875 ], [ 580253.90625, 2333479.53125 ], [ 580149.6875, 2333480.3125 ], [ 580141.25, 2333483.125 ], [ 580137.1875, 2333486.5625 ], [ 580130.9375, 2333495.3125 ], [ 580123.4375, 2333499.0625 ], [ 580116.875, 2333500.0 ], [ 580053.125, 2333500.0 ], [ 580042.8125, 2333500.9375 ], [ 580033.90625, 2333503.28125 ], [ 580008.75, 2333515.625 ], [ 580000.3125, 2333518.4375 ], [ 579990.46875, 2333519.84375 ], [ 579953.125, 2333520.0 ], [ 579942.8125, 2333520.9375 ], [ 579933.90625, 2333523.28125 ], [ 579908.75, 2333535.625 ], [ 579897.1875, 2333539.0625 ], [ 579886.875, 2333540.0 ], [ 579793.125, 2333540.0 ], [ 579782.8125, 2333540.9375 ], [ 579773.90625, 2333543.28125 ], [ 579748.75, 2333555.625 ], [ 579740.3125, 2333558.4375 ], [ 579730.46875, 2333559.84375 ], [ 579693.125, 2333560.0 ], [ 579682.8125, 2333560.9375 ], [ 579673.90625, 2333563.28125 ], [ 579648.75, 2333575.625 ], [ 579640.3125, 2333578.4375 ], [ 579630.46875, 2333579.84375 ], [ 579593.125, 2333580.0 ], [ 579586.5625, 2333580.9375 ], [ 579579.0625, 2333584.6875 ], [ 579572.8125, 2333593.4375 ], [ 579568.75, 2333596.875 ], [ 579563.4375, 2333599.0625 ], [ 579549.6875, 2333600.3125 ], [ 579543.75, 2333601.875 ], [ 579537.1875, 2333606.5625 ], [ 579530.9375, 2333615.3125 ], [ 579523.4375, 2333619.0625 ], [ 579516.875, 2333620.0 ], [ 579449.6875, 2333620.3125 ], [ 579441.25, 2333623.125 ], [ 579437.1875, 2333626.5625 ], [ 579430.9375, 2333635.3125 ], [ 579423.4375, 2333639.0625 ], [ 579416.875, 2333640.0 ], [ 579349.6875, 2333640.3125 ], [ 579341.25, 2333643.125 ], [ 579337.1875, 2333646.5625 ], [ 579330.9375, 2333655.3125 ], [ 579323.4375, 2333659.0625 ], [ 579316.875, 2333660.0 ], [ 579253.125, 2333660.0 ], [ 579246.5625, 2333660.9375 ], [ 579239.0625, 2333664.6875 ], [ 579230.9375, 2333675.3125 ], [ 579223.4375, 2333679.0625 ], [ 579216.875, 2333680.0 ], [ 579183.125, 2333680.0 ], [ 579176.5625, 2333680.9375 ], [ 579169.0625, 2333684.6875 ], [ 579160.9375, 2333695.3125 ], [ 579153.4375, 2333699.0625 ], [ 579146.875, 2333700.0 ], [ 579109.53125, 2333700.15625 ], [ 579099.6875, 2333701.5625 ], [ 579091.25, 2333704.375 ], [ 579068.75, 2333715.625 ], [ 579057.1875, 2333719.0625 ], [ 579046.875, 2333720.0 ], [ 579013.125, 2333720.0 ], [ 579006.5625, 2333720.9375 ], [ 578999.0625, 2333724.6875 ], [ 578992.8125, 2333733.4375 ], [ 578988.75, 2333736.875 ], [ 578983.4375, 2333739.0625 ], [ 578976.875, 2333740.0 ], [ 578962.8125, 2333739.0625 ], [ 578956.71875, 2333737.65625 ], [ 578948.75, 2333734.375 ], [ 578944.6875, 2333730.9375 ], [ 578941.875, 2333726.25 ], [ 578940.3125, 2333720.3125 ], [ 578939.53125, 2333709.84375 ], [ 578938.59375, 2333707.03125 ], [ 578935.3125, 2333702.8125 ], [ 578930.15625, 2333700.46875 ], [ 578919.6875, 2333699.6875 ], [ 578911.25, 2333696.875 ], [ 578907.1875, 2333693.4375 ], [ 578899.6875, 2333682.1875 ], [ 578893.59375, 2333677.03125 ], [ 578826.40625, 2333642.96875 ], [ 578820.3125, 2333637.8125 ], [ 578810.9375, 2333624.6875 ], [ 578803.4375, 2333620.9375 ], [ 578796.875, 2333620.0 ], [ 578729.6875, 2333619.6875 ], [ 578721.25, 2333616.875 ], [ 578717.1875, 2333613.4375 ], [ 578710.9375, 2333604.6875 ], [ 578706.25, 2333601.875 ], [ 578700.3125, 2333600.3125 ], [ 578573.125, 2333600.0 ], [ 578566.5625, 2333599.0625 ], [ 578561.25, 2333596.875 ], [ 578557.1875, 2333593.4375 ], [ 578542.8125, 2333566.5625 ], [ 578538.75, 2333563.125 ], [ 578530.3125, 2333560.3125 ], [ 578339.6875, 2333560.3125 ], [ 578333.75, 2333561.875 ], [ 578329.0625, 2333564.6875 ], [ 578319.6875, 2333577.8125 ], [ 578315.78125, 2333581.40625 ], [ 578308.75, 2333585.625 ], [ 578304.6875, 2333589.0625 ], [ 578300.9375, 2333596.5625 ], [ 578300.0, 2333606.875 ], [ 578298.59375, 2333612.96875 ], [ 578297.1875, 2333615.3125 ], [ 578292.96875, 2333618.59375 ], [ 578286.875, 2333620.0 ], [ 578223.125, 2333620.0 ], [ 578216.5625, 2333620.9375 ], [ 578209.0625, 2333624.6875 ], [ 578202.8125, 2333633.4375 ], [ 578196.25, 2333638.125 ], [ 578190.3125, 2333639.6875 ], [ 578179.6875, 2333640.3125 ], [ 578171.25, 2333643.125 ], [ 578167.1875, 2333646.5625 ], [ 578159.6875, 2333657.8125 ], [ 578151.25, 2333664.375 ], [ 578128.75, 2333675.625 ], [ 578123.28125, 2333677.65625 ], [ 578113.90625, 2333679.53125 ], [ 578096.5625, 2333680.9375 ], [ 578089.0625, 2333684.6875 ], [ 578079.6875, 2333697.8125 ], [ 578075.78125, 2333701.40625 ], [ 578066.5625, 2333707.1875 ], [ 578063.125, 2333711.25 ], [ 578060.3125, 2333719.6875 ], [ 578059.0625, 2333733.4375 ], [ 578055.3125, 2333740.9375 ], [ 578051.25, 2333744.375 ], [ 578026.40625, 2333757.03125 ], [ 578018.59375, 2333764.21875 ], [ 578015.625, 2333768.75 ], [ 577984.375, 2333831.25 ], [ 577978.75, 2333836.875 ], [ 577973.4375, 2333839.0625 ], [ 577959.6875, 2333840.3125 ], [ 577953.75, 2333841.875 ], [ 577949.0625, 2333844.6875 ], [ 577942.8125, 2333853.4375 ], [ 577938.75, 2333856.875 ], [ 577933.4375, 2333859.0625 ], [ 577919.6875, 2333860.3125 ], [ 577913.75, 2333861.875 ], [ 577909.0625, 2333864.6875 ], [ 577902.8125, 2333873.4375 ], [ 577898.75, 2333876.875 ], [ 577893.4375, 2333879.0625 ], [ 577879.6875, 2333880.3125 ], [ 577873.75, 2333881.875 ], [ 577869.0625, 2333884.6875 ], [ 577862.8125, 2333893.4375 ], [ 577856.25, 2333898.125 ], [ 577846.875, 2333900.0 ], [ 577809.6875, 2333900.3125 ], [ 577801.25, 2333903.125 ], [ 577797.1875, 2333906.5625 ], [ 577790.9375, 2333915.3125 ], [ 577783.4375, 2333919.0625 ], [ 577776.875, 2333920.0 ], [ 577743.125, 2333920.0 ], [ 577733.75, 2333921.875 ], [ 577729.0625, 2333924.6875 ], [ 577722.8125, 2333933.4375 ], [ 577718.75, 2333936.875 ], [ 577713.4375, 2333939.0625 ], [ 577699.6875, 2333940.3125 ], [ 577691.25, 2333943.125 ], [ 577687.1875, 2333946.5625 ], [ 577681.40625, 2333955.78125 ], [ 577675.78125, 2333961.40625 ], [ 577671.25, 2333964.375 ], [ 577648.75, 2333975.625 ], [ 577642.1875, 2333980.3125 ], [ 577638.59375, 2333984.21875 ], [ 577634.375, 2333991.25 ], [ 577630.9375, 2333995.3125 ], [ 577623.4375, 2333999.0625 ], [ 577609.6875, 2334000.3125 ], [ 577601.25, 2334003.125 ], [ 577597.1875, 2334006.5625 ], [ 577592.8125, 2334013.4375 ], [ 577586.25, 2334018.125 ], [ 577576.875, 2334020.0 ], [ 577483.125, 2334020.0 ], [ 577476.5625, 2334019.0625 ], [ 577469.0625, 2334015.3125 ], [ 577464.375, 2334008.75 ], [ 577460.9375, 2333997.1875 ], [ 577459.0625, 2333976.5625 ], [ 577456.875, 2333971.25 ], [ 577451.25, 2333965.625 ], [ 577443.28125, 2333962.34375 ], [ 577430.46875, 2333960.15625 ], [ 577393.125, 2333960.0 ], [ 577382.8125, 2333960.9375 ], [ 577371.25, 2333964.375 ], [ 577346.40625, 2333977.03125 ], [ 577340.3125, 2333982.1875 ], [ 577332.8125, 2333993.4375 ], [ 577328.75, 2333996.875 ], [ 577323.4375, 2333999.0625 ], [ 577309.6875, 2334000.3125 ], [ 577303.75, 2334001.875 ], [ 577299.0625, 2334004.6875 ], [ 577292.8125, 2334013.4375 ], [ 577288.75, 2334016.875 ], [ 577283.4375, 2334019.0625 ], [ 577269.6875, 2334020.3125 ], [ 577263.75, 2334021.875 ], [ 577259.0625, 2334024.6875 ], [ 577252.8125, 2334033.4375 ], [ 577248.75, 2334036.875 ], [ 577243.4375, 2334039.0625 ], [ 577229.6875, 2334040.3125 ], [ 577221.25, 2334043.125 ], [ 577217.1875, 2334046.5625 ], [ 577212.8125, 2334053.4375 ], [ 577206.25, 2334058.125 ], [ 577196.875, 2334060.0 ], [ 577163.125, 2334060.0 ], [ 577156.5625, 2334060.9375 ], [ 577149.0625, 2334064.6875 ], [ 577142.8125, 2334073.4375 ], [ 577136.25, 2334078.125 ], [ 577130.3125, 2334079.6875 ], [ 577119.6875, 2334080.3125 ], [ 577111.25, 2334083.125 ], [ 577107.1875, 2334086.5625 ], [ 577102.8125, 2334093.4375 ], [ 577096.25, 2334098.125 ], [ 577086.875, 2334100.0 ], [ 577053.125, 2334100.0 ], [ 577043.75, 2334101.875 ], [ 577039.0625, 2334104.6875 ], [ 577035.625, 2334108.75 ], [ 577024.375, 2334131.25 ], [ 577019.6875, 2334137.8125 ], [ 577013.59375, 2334142.96875 ], [ 576988.75, 2334155.625 ], [ 576982.1875, 2334160.3125 ], [ 576975.625, 2334168.75 ], [ 576964.375, 2334191.25 ], [ 576961.40625, 2334195.78125 ], [ 576955.78125, 2334201.40625 ], [ 576948.75, 2334205.625 ], [ 576944.6875, 2334209.0625 ], [ 576940.9375, 2334216.5625 ], [ 576939.6875, 2334230.3125 ], [ 576936.875, 2334238.75 ], [ 576933.4375, 2334242.8125 ], [ 576926.5625, 2334247.1875 ], [ 576921.875, 2334253.75 ], [ 576920.3125, 2334259.6875 ], [ 576919.6875, 2334270.3125 ], [ 576916.875, 2334278.75 ], [ 576913.4375, 2334282.8125 ], [ 576906.5625, 2334287.1875 ], [ 576901.875, 2334293.75 ], [ 576900.0, 2334303.125 ], [ 576900.0, 2334426.875 ], [ 576899.0625, 2334437.1875 ], [ 576895.625, 2334448.75 ], [ 576890.9375, 2334455.3125 ], [ 576883.4375, 2334459.0625 ], [ 576873.125, 2334460.0 ], [ 576867.03125, 2334461.40625 ], [ 576864.6875, 2334462.8125 ], [ 576861.40625, 2334467.03125 ], [ 576860.0, 2334473.125 ], [ 576859.53125, 2334513.90625 ], [ 576857.65625, 2334523.28125 ], [ 576854.375, 2334531.25 ], [ 576850.9375, 2334535.3125 ], [ 576843.4375, 2334539.0625 ], [ 576826.09375, 2334540.46875 ], [ 576813.90625, 2334543.28125 ], [ 576788.75, 2334555.625 ], [ 576782.1875, 2334560.3125 ], [ 576775.625, 2334568.75 ], [ 576764.375, 2334591.25 ], [ 576760.9375, 2334602.8125 ], [ 576759.0625, 2334623.4375 ], [ 576756.875, 2334628.75 ], [ 576751.25, 2334634.375 ], [ 576743.28125, 2334637.65625 ], [ 576733.90625, 2334639.53125 ], [ 576689.84375, 2334640.46875 ], [ 576684.6875, 2334642.8125 ], [ 576682.8125, 2334644.6875 ], [ 576680.46875, 2334649.84375 ], [ 576680.0, 2334746.875 ], [ 576680.46875, 2334750.15625 ], [ 576682.8125, 2334755.3125 ], [ 576687.03125, 2334758.59375 ], [ 576693.125, 2334760.0 ], [ 576756.875, 2334760.0 ], [ 576763.4375, 2334759.0625 ], [ 576768.75, 2334756.875 ], [ 576772.8125, 2334753.4375 ], [ 576780.3125, 2334742.1875 ], [ 576784.21875, 2334738.59375 ], [ 576793.4375, 2334732.8125 ], [ 576796.875, 2334728.75 ], [ 576799.6875, 2334720.3125 ], [ 576800.46875, 2334706.09375 ], [ 576802.34375, 2334696.71875 ], [ 576805.625, 2334688.75 ], [ 576809.0625, 2334684.6875 ], [ 576816.5625, 2334680.9375 ], [ 576833.90625, 2334679.53125 ], [ 576843.28125, 2334677.65625 ], [ 576848.75, 2334675.625 ], [ 576871.25, 2334664.375 ], [ 576879.6875, 2334661.5625 ], [ 576893.125, 2334660.0 ], [ 576993.90625, 2334660.46875 ], [ 577006.09375, 2334663.28125 ], [ 577031.25, 2334675.625 ], [ 577035.3125, 2334679.0625 ], [ 577038.125, 2334683.75 ], [ 577040.0, 2334693.125 ], [ 577040.0, 2334726.875 ], [ 577039.0625, 2334737.1875 ], [ 577035.625, 2334748.75 ], [ 577024.375, 2334771.25 ], [ 577020.9375, 2334775.3125 ], [ 577016.25, 2334778.125 ], [ 577006.875, 2334780.0 ], [ 576943.125, 2334780.0 ], [ 576933.75, 2334781.875 ], [ 576929.0625, 2334784.6875 ], [ 576922.8125, 2334793.4375 ], [ 576918.75, 2334796.875 ], [ 576913.4375, 2334799.0625 ], [ 576899.6875, 2334800.3125 ], [ 576891.25, 2334803.125 ], [ 576887.1875, 2334806.5625 ], [ 576879.6875, 2334817.8125 ], [ 576875.78125, 2334821.40625 ], [ 576866.5625, 2334827.1875 ], [ 576863.125, 2334831.25 ], [ 576860.9375, 2334836.5625 ], [ 576860.0, 2334843.125 ], [ 576860.0, 2334906.875 ], [ 576858.4375, 2334920.3125 ], [ 576855.625, 2334928.75 ], [ 576834.375, 2334971.25 ], [ 576830.9375, 2334975.3125 ], [ 576826.25, 2334978.125 ], [ 576816.875, 2334980.0 ], [ 576753.125, 2334980.0 ], [ 576749.84375, 2334980.46875 ], [ 576744.6875, 2334982.8125 ], [ 576741.40625, 2334987.03125 ], [ 576740.0, 2334993.125 ], [ 576739.84375, 2335030.46875 ], [ 576737.65625, 2335043.28125 ], [ 576734.375, 2335051.25 ], [ 576730.9375, 2335055.3125 ], [ 576726.25, 2335058.125 ], [ 576720.3125, 2335059.6875 ], [ 576653.125, 2335060.0 ], [ 576643.75, 2335058.125 ], [ 576639.0625, 2335055.3125 ], [ 576635.625, 2335051.25 ], [ 576622.8125, 2335026.5625 ], [ 576616.25, 2335021.875 ], [ 576606.875, 2335020.0 ], [ 576513.125, 2335020.0 ], [ 576499.6875, 2335021.5625 ], [ 576491.25, 2335024.375 ], [ 576466.40625, 2335037.03125 ], [ 576460.3125, 2335042.1875 ], [ 576450.9375, 2335055.3125 ], [ 576446.25, 2335058.125 ], [ 576440.3125, 2335059.6875 ], [ 576373.125, 2335060.0 ], [ 576363.75, 2335058.125 ], [ 576357.1875, 2335053.4375 ], [ 576341.40625, 2335024.21875 ], [ 576335.78125, 2335018.59375 ], [ 576326.5625, 2335012.8125 ], [ 576321.875, 2335006.25 ], [ 576320.0, 2334996.875 ], [ 576320.0, 2334963.125 ], [ 576320.9375, 2334956.5625 ], [ 576323.125, 2334951.25 ], [ 576326.5625, 2334947.1875 ], [ 576335.78125, 2334941.40625 ], [ 576341.40625, 2334935.78125 ], [ 576344.375, 2334931.25 ], [ 576355.625, 2334908.75 ], [ 576362.1875, 2334900.3125 ], [ 576368.75, 2334895.625 ], [ 576391.25, 2334884.375 ], [ 576399.6875, 2334877.8125 ], [ 576404.375, 2334871.25 ], [ 576415.625, 2334848.75 ], [ 576422.1875, 2334840.3125 ], [ 576428.75, 2334835.625 ], [ 576451.25, 2334824.375 ], [ 576455.78125, 2334821.40625 ], [ 576461.40625, 2334815.78125 ], [ 576467.1875, 2334806.5625 ], [ 576471.25, 2334803.125 ], [ 576479.6875, 2334800.3125 ], [ 576490.15625, 2334799.53125 ], [ 576492.96875, 2334798.59375 ], [ 576497.1875, 2334795.3125 ], [ 576499.53125, 2334790.15625 ], [ 576500.3125, 2334779.6875 ], [ 576503.125, 2334771.25 ], [ 576506.5625, 2334767.1875 ], [ 576513.59375, 2334762.96875 ], [ 576519.6875, 2334757.8125 ], [ 576524.375, 2334751.25 ], [ 576535.625, 2334728.75 ], [ 576538.59375, 2334724.21875 ], [ 576544.21875, 2334718.59375 ], [ 576553.4375, 2334712.8125 ], [ 576558.125, 2334706.25 ], [ 576560.0, 2334696.875 ], [ 576560.0, 2334663.125 ], [ 576560.9375, 2334656.5625 ], [ 576564.6875, 2334649.0625 ], [ 576573.4375, 2334642.8125 ], [ 576576.875, 2334638.75 ], [ 576579.0625, 2334633.4375 ], [ 576580.0, 2334626.875 ], [ 576580.0, 2334533.125 ], [ 576579.0625, 2334526.5625 ], [ 576575.3125, 2334519.0625 ], [ 576564.6875, 2334510.9375 ], [ 576560.9375, 2334503.4375 ], [ 576560.0, 2334496.875 ], [ 576560.0, 2334463.125 ], [ 576558.125, 2334453.75 ], [ 576553.4375, 2334447.1875 ], [ 576546.40625, 2334442.96875 ], [ 576540.3125, 2334437.8125 ], [ 576530.9375, 2334424.6875 ], [ 576526.25, 2334421.875 ], [ 576516.875, 2334420.0 ], [ 576453.125, 2334420.0 ], [ 576439.6875, 2334421.5625 ], [ 576431.25, 2334424.375 ], [ 576406.40625, 2334437.03125 ], [ 576400.3125, 2334442.1875 ], [ 576392.8125, 2334453.4375 ], [ 576388.75, 2334456.875 ], [ 576383.4375, 2334459.0625 ], [ 576369.6875, 2334460.3125 ], [ 576361.25, 2334463.125 ], [ 576355.625, 2334468.75 ], [ 576344.375, 2334491.25 ], [ 576342.34375, 2334496.71875 ], [ 576340.15625, 2334509.53125 ], [ 576340.0, 2334546.875 ], [ 576338.59375, 2334552.96875 ], [ 576335.3125, 2334557.1875 ], [ 576332.96875, 2334558.59375 ], [ 576326.875, 2334560.0 ], [ 576293.125, 2334560.0 ], [ 576283.75, 2334561.875 ], [ 576279.0625, 2334564.6875 ], [ 576272.8125, 2334573.4375 ], [ 576266.25, 2334578.125 ], [ 576260.3125, 2334579.6875 ], [ 576246.09375, 2334580.46875 ], [ 576236.71875, 2334582.34375 ], [ 576231.25, 2334584.375 ], [ 576208.75, 2334595.625 ], [ 576200.3125, 2334602.1875 ], [ 576190.9375, 2334615.3125 ], [ 576183.4375, 2334619.0625 ], [ 576176.875, 2334620.0 ], [ 576143.125, 2334620.0 ], [ 576133.75, 2334621.875 ], [ 576127.1875, 2334626.5625 ], [ 576121.40625, 2334635.78125 ], [ 576113.59375, 2334642.96875 ], [ 576048.75, 2334675.625 ], [ 576044.21875, 2334678.59375 ], [ 576037.03125, 2334686.40625 ], [ 576024.375, 2334711.25 ], [ 576019.6875, 2334717.8125 ], [ 576011.25, 2334724.375 ], [ 575988.75, 2334735.625 ], [ 575983.125, 2334741.25 ], [ 575980.9375, 2334746.5625 ], [ 575980.0, 2334753.125 ], [ 575979.6875, 2334790.3125 ], [ 575978.125, 2334796.25 ], [ 575975.3125, 2334800.9375 ], [ 575971.25, 2334804.375 ], [ 575946.40625, 2334817.03125 ], [ 575940.3125, 2334822.1875 ], [ 575935.625, 2334828.75 ], [ 575924.375, 2334851.25 ], [ 575917.8125, 2334859.6875 ], [ 575911.25, 2334864.375 ], [ 575888.75, 2334875.625 ], [ 575880.3125, 2334882.1875 ], [ 575875.625, 2334888.75 ], [ 575864.375, 2334911.25 ], [ 575857.8125, 2334919.6875 ], [ 575851.25, 2334924.375 ], [ 575806.5625, 2334947.1875 ], [ 575801.875, 2334953.75 ], [ 575800.3125, 2334959.6875 ], [ 575799.0625, 2334973.4375 ], [ 575796.875, 2334978.75 ], [ 575793.4375, 2334982.8125 ], [ 575728.75, 2335015.625 ], [ 575724.6875, 2335019.0625 ], [ 575720.9375, 2335026.5625 ], [ 575719.6875, 2335040.3125 ], [ 575716.875, 2335048.75 ], [ 575713.4375, 2335052.8125 ], [ 575702.1875, 2335060.3125 ], [ 575697.03125, 2335066.40625 ], [ 575662.96875, 2335133.59375 ], [ 575659.6875, 2335137.8125 ], [ 575653.59375, 2335142.96875 ], [ 575628.75, 2335155.625 ], [ 575623.125, 2335161.25 ], [ 575620.9375, 2335166.5625 ], [ 575619.6875, 2335180.3125 ], [ 575618.125, 2335186.25 ], [ 575615.3125, 2335190.9375 ], [ 575606.5625, 2335197.1875 ], [ 575603.125, 2335201.25 ], [ 575600.9375, 2335206.5625 ], [ 575599.6875, 2335220.3125 ], [ 575598.125, 2335226.25 ], [ 575595.3125, 2335230.9375 ], [ 575586.5625, 2335237.1875 ], [ 575583.125, 2335241.25 ], [ 575580.9375, 2335246.5625 ], [ 575579.6875, 2335260.3125 ], [ 575576.875, 2335268.75 ], [ 575571.25, 2335274.375 ], [ 575548.75, 2335285.625 ], [ 575543.125, 2335291.25 ], [ 575540.9375, 2335296.5625 ], [ 575539.6875, 2335310.3125 ], [ 575538.125, 2335316.25 ], [ 575535.3125, 2335320.9375 ], [ 575526.5625, 2335327.1875 ], [ 575523.125, 2335331.25 ], [ 575520.9375, 2335336.5625 ], [ 575519.6875, 2335350.3125 ], [ 575516.875, 2335358.75 ], [ 575511.25, 2335364.375 ], [ 575486.40625, 2335377.03125 ], [ 575478.59375, 2335384.21875 ], [ 575475.625, 2335388.75 ], [ 575442.96875, 2335453.59375 ], [ 575437.8125, 2335459.6875 ], [ 575426.5625, 2335467.1875 ], [ 575423.125, 2335471.25 ], [ 575420.9375, 2335476.5625 ], [ 575419.6875, 2335490.3125 ], [ 575416.875, 2335498.75 ], [ 575411.25, 2335504.375 ], [ 575388.75, 2335515.625 ], [ 575383.125, 2335521.25 ], [ 575380.9375, 2335526.5625 ], [ 575380.0, 2335533.125 ], [ 575380.0, 2335566.875 ], [ 575379.0625, 2335577.1875 ], [ 575375.625, 2335588.75 ], [ 575364.375, 2335611.25 ], [ 575362.34375, 2335616.71875 ], [ 575360.46875, 2335626.09375 ], [ 575359.6875, 2335640.3125 ], [ 575358.125, 2335646.25 ], [ 575355.3125, 2335650.9375 ], [ 575351.25, 2335654.375 ], [ 575308.75, 2335675.625 ], [ 575303.125, 2335681.25 ], [ 575300.9375, 2335686.5625 ], [ 575300.0, 2335693.125 ], [ 575300.0, 2335726.875 ], [ 575299.0625, 2335733.4375 ], [ 575295.3125, 2335740.9375 ], [ 575286.5625, 2335747.1875 ], [ 575283.125, 2335751.25 ], [ 575280.3125, 2335759.6875 ], [ 575279.53125, 2335770.15625 ], [ 575277.1875, 2335775.3125 ], [ 575272.96875, 2335778.59375 ], [ 575266.875, 2335780.0 ], [ 575233.125, 2335780.0 ], [ 575222.8125, 2335780.9375 ], [ 575213.90625, 2335783.28125 ], [ 575206.5625, 2335787.1875 ], [ 575201.875, 2335793.75 ], [ 575200.3125, 2335799.6875 ], [ 575199.0625, 2335813.4375 ], [ 575195.3125, 2335820.9375 ], [ 575191.25, 2335824.375 ], [ 575166.40625, 2335837.03125 ], [ 575160.3125, 2335842.1875 ], [ 575155.625, 2335848.75 ], [ 575144.375, 2335871.25 ], [ 575137.8125, 2335879.6875 ], [ 575131.25, 2335884.375 ], [ 575106.40625, 2335897.03125 ], [ 575098.59375, 2335904.21875 ], [ 575095.625, 2335908.75 ], [ 575083.28125, 2335933.90625 ], [ 575080.9375, 2335942.8125 ], [ 575079.0625, 2335963.4375 ], [ 575075.3125, 2335970.9375 ], [ 575062.1875, 2335980.3125 ], [ 575058.59375, 2335984.21875 ], [ 575052.8125, 2335993.4375 ], [ 575048.75, 2335996.875 ], [ 575040.3125, 2335999.6875 ], [ 575029.84375, 2336000.46875 ], [ 575024.6875, 2336002.8125 ], [ 575022.8125, 2336004.6875 ], [ 575020.46875, 2336009.84375 ], [ 575019.6875, 2336020.3125 ], [ 575016.875, 2336028.75 ], [ 575013.4375, 2336032.8125 ], [ 575004.21875, 2336038.59375 ], [ 574998.59375, 2336044.21875 ], [ 574981.40625, 2336075.78125 ], [ 574973.59375, 2336082.96875 ], [ 574948.75, 2336095.625 ], [ 574943.125, 2336101.25 ], [ 574940.9375, 2336106.5625 ], [ 574939.6875, 2336120.3125 ], [ 574938.125, 2336126.25 ], [ 574935.3125, 2336130.9375 ], [ 574926.5625, 2336137.1875 ], [ 574921.875, 2336143.75 ], [ 574920.0, 2336153.125 ], [ 574920.0, 2336186.875 ], [ 574919.0625, 2336193.4375 ], [ 574915.3125, 2336200.9375 ], [ 574906.5625, 2336207.1875 ], [ 574901.875, 2336213.75 ], [ 574900.3125, 2336219.6875 ], [ 574899.6875, 2336230.3125 ], [ 574896.875, 2336238.75 ], [ 574891.25, 2336244.375 ], [ 574868.75, 2336255.625 ], [ 574862.1875, 2336260.3125 ], [ 574855.625, 2336268.75 ], [ 574844.375, 2336291.25 ], [ 574842.34375, 2336296.71875 ], [ 574840.46875, 2336306.09375 ], [ 574840.0, 2336346.875 ], [ 574838.125, 2336356.25 ], [ 574835.3125, 2336360.9375 ], [ 574826.5625, 2336367.1875 ], [ 574823.125, 2336371.25 ], [ 574820.9375, 2336376.5625 ], [ 574819.6875, 2336390.3125 ], [ 574818.125, 2336396.25 ], [ 574815.3125, 2336400.9375 ], [ 574806.5625, 2336407.1875 ], [ 574801.875, 2336413.75 ], [ 574800.3125, 2336419.6875 ], [ 574799.53125, 2336433.90625 ], [ 574797.65625, 2336443.28125 ], [ 574795.625, 2336448.75 ], [ 574784.375, 2336471.25 ], [ 574779.6875, 2336477.8125 ], [ 574775.78125, 2336481.40625 ], [ 574766.5625, 2336487.1875 ], [ 574761.875, 2336493.75 ], [ 574760.0, 2336503.125 ], [ 574760.0, 2336536.875 ], [ 574759.0625, 2336543.4375 ], [ 574755.3125, 2336550.9375 ], [ 574746.5625, 2336557.1875 ], [ 574743.125, 2336561.25 ], [ 574740.9375, 2336566.5625 ], [ 574740.0, 2336573.125 ], [ 574740.0, 2336846.875 ], [ 574740.9375, 2336857.1875 ], [ 574744.375, 2336868.75 ], [ 574775.625, 2336931.25 ], [ 574778.4375, 2336939.6875 ], [ 574780.0, 2336953.125 ], [ 574780.0, 2337046.875 ], [ 574781.875, 2337056.25 ], [ 574784.6875, 2337060.9375 ], [ 574788.75, 2337064.375 ], [ 574813.4375, 2337077.1875 ], [ 574816.875, 2337081.25 ], [ 574819.0625, 2337086.5625 ], [ 574820.0, 2337093.125 ], [ 574820.15625, 2337130.46875 ], [ 574821.5625, 2337140.3125 ], [ 574824.375, 2337148.75 ], [ 574836.71875, 2337173.90625 ], [ 574839.53125, 2337186.09375 ], [ 574840.3125, 2337290.3125 ], [ 574841.875, 2337296.25 ], [ 574844.6875, 2337300.9375 ], [ 574853.4375, 2337307.1875 ], [ 574858.125, 2337313.75 ], [ 574860.0, 2337323.125 ], [ 574860.0, 2337356.875 ], [ 574860.9375, 2337363.4375 ], [ 574864.6875, 2337370.9375 ], [ 574873.4375, 2337377.1875 ], [ 574876.875, 2337381.25 ], [ 574879.0625, 2337386.5625 ], [ 574880.0, 2337393.125 ], [ 574880.0, 2337546.875 ], [ 574879.0625, 2337557.1875 ], [ 574875.625, 2337568.75 ], [ 574864.375, 2337591.25 ], [ 574862.34375, 2337596.71875 ], [ 574860.46875, 2337606.09375 ], [ 574859.6875, 2337620.3125 ], [ 574858.125, 2337626.25 ], [ 574853.4375, 2337632.8125 ], [ 574844.6875, 2337639.0625 ], [ 574840.9375, 2337646.5625 ], [ 574840.0, 2337653.125 ], [ 574840.0, 2337686.875 ], [ 574839.0625, 2337697.1875 ], [ 574835.625, 2337708.75 ], [ 574824.375, 2337731.25 ], [ 574822.34375, 2337736.71875 ], [ 574820.46875, 2337746.09375 ], [ 574819.6875, 2337760.3125 ], [ 574818.125, 2337766.25 ], [ 574815.3125, 2337770.9375 ], [ 574806.5625, 2337777.1875 ], [ 574803.125, 2337781.25 ], [ 574800.9375, 2337786.5625 ], [ 574799.6875, 2337800.3125 ], [ 574798.125, 2337806.25 ], [ 574795.3125, 2337810.9375 ], [ 574786.5625, 2337817.1875 ], [ 574783.125, 2337821.25 ], [ 574780.9375, 2337826.5625 ], [ 574779.6875, 2337840.3125 ], [ 574776.875, 2337848.75 ], [ 574773.4375, 2337852.8125 ], [ 574762.1875, 2337860.3125 ], [ 574757.03125, 2337866.40625 ], [ 574724.375, 2337931.25 ], [ 574721.40625, 2337935.78125 ], [ 574713.59375, 2337942.96875 ], [ 574688.75, 2337955.625 ], [ 574684.6875, 2337959.0625 ], [ 574680.9375, 2337966.5625 ], [ 574679.6875, 2337980.3125 ], [ 574676.875, 2337988.75 ], [ 574673.4375, 2337992.8125 ], [ 574664.21875, 2337998.59375 ], [ 574658.59375, 2338004.21875 ], [ 574655.625, 2338008.75 ], [ 574644.375, 2338031.25 ], [ 574639.6875, 2338037.8125 ], [ 574633.59375, 2338042.96875 ], [ 574608.75, 2338055.625 ], [ 574602.1875, 2338060.3125 ], [ 574597.03125, 2338066.40625 ], [ 574584.375, 2338091.25 ], [ 574579.6875, 2338097.8125 ], [ 574573.59375, 2338102.96875 ], [ 574548.75, 2338115.625 ], [ 574544.6875, 2338119.0625 ], [ 574540.9375, 2338126.5625 ], [ 574539.0625, 2338143.4375 ], [ 574536.875, 2338148.75 ], [ 574533.4375, 2338152.8125 ], [ 574528.75, 2338155.625 ], [ 574520.3125, 2338158.4375 ], [ 574513.90625, 2338159.53125 ], [ 574499.6875, 2338160.3125 ], [ 574491.25, 2338163.125 ], [ 574487.1875, 2338166.5625 ], [ 574482.96875, 2338173.59375 ], [ 574477.8125, 2338179.6875 ], [ 574464.6875, 2338189.0625 ], [ 574460.9375, 2338196.5625 ], [ 574459.0625, 2338213.4375 ], [ 574456.875, 2338218.75 ], [ 574453.4375, 2338222.8125 ], [ 574226.09375, 2338336.71875 ], [ 574220.3125, 2338338.4375 ], [ 574210.46875, 2338339.84375 ], [ 574173.125, 2338340.0 ], [ 574163.75, 2338341.875 ], [ 574159.0625, 2338344.6875 ], [ 574152.8125, 2338353.4375 ], [ 574148.75, 2338356.875 ], [ 574143.4375, 2338359.0625 ], [ 574129.6875, 2338360.3125 ], [ 574123.75, 2338361.875 ], [ 574119.0625, 2338364.6875 ], [ 574112.8125, 2338373.4375 ], [ 574108.75, 2338376.875 ], [ 574103.4375, 2338379.0625 ], [ 574089.6875, 2338380.3125 ], [ 574083.75, 2338381.875 ], [ 574079.0625, 2338384.6875 ], [ 574072.8125, 2338393.4375 ], [ 574066.25, 2338398.125 ], [ 574056.875, 2338400.0 ], [ 573933.125, 2338400.0 ], [ 573922.8125, 2338399.0625 ], [ 573911.25, 2338395.625 ], [ 573846.09375, 2338363.28125 ], [ 573837.1875, 2338360.9375 ], [ 573826.875, 2338360.0 ], [ 573546.09375, 2338360.46875 ], [ 573533.90625, 2338363.28125 ], [ 573508.75, 2338375.625 ], [ 573500.3125, 2338382.1875 ], [ 573490.9375, 2338395.3125 ], [ 573486.25, 2338398.125 ], [ 573476.875, 2338400.0 ], [ 573173.125, 2338400.0 ], [ 573166.5625, 2338399.0625 ], [ 573161.25, 2338396.875 ], [ 573157.1875, 2338393.4375 ], [ 573152.8125, 2338386.5625 ], [ 573148.75, 2338383.125 ], [ 573143.4375, 2338380.9375 ], [ 573136.875, 2338380.0 ], [ 572949.53125, 2338380.15625 ], [ 572942.8125, 2338380.9375 ], [ 572933.90625, 2338383.28125 ], [ 572903.28125, 2338397.65625 ], [ 572893.90625, 2338399.53125 ], [ 572883.125, 2338400.0 ], [ 572876.5625, 2338399.0625 ], [ 572871.25, 2338396.875 ], [ 572867.1875, 2338393.4375 ], [ 572862.8125, 2338386.5625 ], [ 572858.75, 2338383.125 ], [ 572853.4375, 2338380.9375 ], [ 572846.875, 2338380.0 ], [ 572509.53125, 2338379.84375 ], [ 572502.8125, 2338379.0625 ], [ 572493.90625, 2338376.71875 ], [ 572463.28125, 2338362.34375 ], [ 572453.90625, 2338360.46875 ], [ 572439.6875, 2338359.6875 ], [ 572433.75, 2338358.125 ], [ 572427.1875, 2338353.4375 ], [ 572420.9375, 2338344.6875 ], [ 572416.25, 2338341.875 ], [ 572410.3125, 2338340.3125 ], [ 572309.53125, 2338339.84375 ], [ 572302.8125, 2338339.0625 ], [ 572293.90625, 2338336.71875 ], [ 572266.09375, 2338323.28125 ], [ 572253.90625, 2338320.46875 ], [ 572153.125, 2338320.0 ], [ 572146.5625, 2338319.0625 ], [ 572141.25, 2338316.875 ], [ 572137.1875, 2338313.4375 ], [ 572122.8125, 2338286.5625 ], [ 572118.75, 2338283.125 ], [ 572110.3125, 2338280.3125 ], [ 571833.125, 2338280.0 ], [ 571826.5625, 2338279.0625 ], [ 571821.25, 2338276.875 ], [ 571817.1875, 2338273.4375 ], [ 571810.9375, 2338264.6875 ], [ 571806.25, 2338261.875 ], [ 571800.3125, 2338260.3125 ], [ 571673.125, 2338260.0 ], [ 571666.5625, 2338259.0625 ], [ 571659.0625, 2338255.3125 ], [ 571652.8125, 2338246.5625 ], [ 571646.25, 2338241.875 ], [ 571640.3125, 2338240.3125 ], [ 571629.53125, 2338239.84375 ], [ 571619.6875, 2338238.4375 ], [ 571611.25, 2338235.625 ], [ 571588.75, 2338224.375 ], [ 571583.28125, 2338222.34375 ], [ 571573.90625, 2338220.46875 ], [ 571559.6875, 2338219.6875 ], [ 571553.75, 2338218.125 ], [ 571547.1875, 2338213.4375 ], [ 571540.9375, 2338204.6875 ], [ 571533.4375, 2338200.9375 ], [ 571526.875, 2338200.0 ], [ 571433.125, 2338200.0 ], [ 571423.75, 2338198.125 ], [ 571419.0625, 2338195.3125 ], [ 571412.8125, 2338186.5625 ], [ 571408.75, 2338183.125 ], [ 571400.3125, 2338180.3125 ], [ 571386.5625, 2338179.0625 ], [ 571379.0625, 2338175.3125 ], [ 571375.625, 2338171.25 ], [ 571364.375, 2338148.75 ], [ 571359.6875, 2338142.1875 ], [ 571353.59375, 2338137.03125 ], [ 571328.75, 2338124.375 ], [ 571322.1875, 2338119.6875 ], [ 571317.03125, 2338113.59375 ], [ 571304.375, 2338088.75 ], [ 571300.9375, 2338084.6875 ], [ 571293.4375, 2338080.9375 ], [ 571279.6875, 2338079.6875 ], [ 571273.75, 2338078.125 ], [ 571267.1875, 2338073.4375 ], [ 571260.9375, 2338064.6875 ], [ 571253.4375, 2338060.9375 ], [ 571246.875, 2338060.0 ], [ 571119.6875, 2338059.6875 ], [ 571111.25, 2338056.875 ], [ 571107.1875, 2338053.4375 ], [ 571100.9375, 2338044.6875 ], [ 571093.4375, 2338040.9375 ], [ 571086.875, 2338040.0 ], [ 571049.53125, 2338039.84375 ], [ 571039.6875, 2338038.4375 ], [ 571031.25, 2338035.625 ], [ 571008.75, 2338024.375 ], [ 571004.21875, 2338021.40625 ], [ 570998.59375, 2338015.78125 ], [ 570994.375, 2338008.75 ], [ 570990.9375, 2338004.6875 ], [ 570983.4375, 2338000.9375 ], [ 570976.875, 2338000.0 ], [ 570883.125, 2338000.0 ], [ 570873.75, 2337998.125 ], [ 570869.0625, 2337995.3125 ], [ 570862.8125, 2337986.5625 ], [ 570858.75, 2337983.125 ], [ 570853.4375, 2337980.9375 ], [ 570839.6875, 2337979.6875 ], [ 570833.75, 2337978.125 ], [ 570829.0625, 2337975.3125 ], [ 570822.8125, 2337966.5625 ], [ 570818.75, 2337963.125 ], [ 570813.4375, 2337960.9375 ], [ 570799.6875, 2337959.6875 ], [ 570791.25, 2337956.875 ], [ 570787.1875, 2337953.4375 ], [ 570779.6875, 2337942.1875 ], [ 570775.78125, 2337938.59375 ], [ 570766.5625, 2337932.8125 ], [ 570763.125, 2337928.75 ], [ 570760.9375, 2337923.4375 ], [ 570760.0, 2337916.875 ], [ 570759.6875, 2337819.6875 ], [ 570756.875, 2337811.25 ], [ 570751.25, 2337805.625 ], [ 570743.28125, 2337802.34375 ], [ 570730.46875, 2337800.15625 ], [ 570693.125, 2337800.0 ], [ 570679.6875, 2337801.5625 ], [ 570671.25, 2337804.375 ], [ 570664.6875, 2337809.0625 ], [ 570660.9375, 2337816.5625 ], [ 570660.0, 2337826.875 ], [ 570658.59375, 2337832.96875 ], [ 570657.1875, 2337835.3125 ], [ 570652.96875, 2337838.59375 ], [ 570646.875, 2337840.0 ], [ 570613.125, 2337840.0 ], [ 570603.75, 2337838.125 ], [ 570599.0625, 2337835.3125 ], [ 570592.8125, 2337826.5625 ], [ 570588.75, 2337823.125 ], [ 570580.3125, 2337820.3125 ], [ 570566.5625, 2337819.0625 ], [ 570559.0625, 2337815.3125 ], [ 570555.625, 2337811.25 ], [ 570544.375, 2337788.75 ], [ 570538.75, 2337783.125 ], [ 570530.3125, 2337780.3125 ], [ 570516.5625, 2337779.0625 ], [ 570509.0625, 2337775.3125 ], [ 570505.625, 2337771.25 ], [ 570494.375, 2337748.75 ], [ 570488.75, 2337743.125 ], [ 570480.3125, 2337740.3125 ], [ 570466.5625, 2337739.0625 ], [ 570459.0625, 2337735.3125 ], [ 570455.625, 2337731.25 ], [ 570444.375, 2337708.75 ], [ 570438.75, 2337703.125 ], [ 570433.4375, 2337700.9375 ], [ 570419.6875, 2337699.6875 ], [ 570413.75, 2337698.125 ], [ 570409.0625, 2337695.3125 ], [ 570402.8125, 2337686.5625 ], [ 570398.75, 2337683.125 ], [ 570393.4375, 2337680.9375 ], [ 570379.6875, 2337679.6875 ], [ 570373.75, 2337678.125 ], [ 570369.0625, 2337675.3125 ], [ 570362.8125, 2337666.5625 ], [ 570356.25, 2337661.875 ], [ 570346.875, 2337660.0 ], [ 570313.125, 2337660.0 ], [ 570307.03125, 2337658.59375 ], [ 570304.6875, 2337657.1875 ], [ 570301.40625, 2337652.96875 ], [ 570300.46875, 2337650.15625 ], [ 570299.0625, 2337636.5625 ], [ 570296.875, 2337631.25 ], [ 570293.4375, 2337627.1875 ], [ 570246.40625, 2337602.96875 ], [ 570240.3125, 2337597.8125 ], [ 570232.8125, 2337586.5625 ], [ 570228.75, 2337583.125 ], [ 570223.4375, 2337580.9375 ], [ 570209.6875, 2337579.6875 ], [ 570203.75, 2337578.125 ], [ 570199.0625, 2337575.3125 ], [ 570192.8125, 2337566.5625 ], [ 570188.75, 2337563.125 ], [ 570183.4375, 2337560.9375 ], [ 570169.6875, 2337559.6875 ], [ 570161.25, 2337556.875 ], [ 570155.625, 2337551.25 ], [ 570144.375, 2337528.75 ], [ 570140.9375, 2337524.6875 ], [ 570133.4375, 2337520.9375 ], [ 570119.6875, 2337519.6875 ], [ 570111.25, 2337516.875 ], [ 570107.1875, 2337513.4375 ], [ 570102.8125, 2337506.5625 ], [ 570096.25, 2337501.875 ], [ 570086.875, 2337500.0 ], [ 570049.53125, 2337499.84375 ], [ 570036.71875, 2337497.65625 ], [ 570003.28125, 2337482.34375 ], [ 569993.90625, 2337480.46875 ], [ 569979.6875, 2337479.6875 ], [ 569973.75, 2337478.125 ], [ 569967.1875, 2337473.4375 ], [ 569960.9375, 2337464.6875 ], [ 569956.25, 2337461.875 ], [ 569950.3125, 2337460.3125 ], [ 569883.125, 2337460.0 ], [ 569876.5625, 2337459.0625 ], [ 569869.0625, 2337455.3125 ], [ 569860.9375, 2337444.6875 ], [ 569856.25, 2337441.875 ], [ 569850.3125, 2337440.3125 ], [ 569719.6875, 2337439.6875 ], [ 569713.75, 2337438.125 ], [ 569709.0625, 2337435.3125 ], [ 569702.8125, 2337426.5625 ], [ 569698.75, 2337423.125 ], [ 569693.4375, 2337420.9375 ], [ 569686.875, 2337420.0 ], [ 569469.53125, 2337420.15625 ], [ 569462.8125, 2337420.9375 ], [ 569453.90625, 2337423.28125 ], [ 569428.75, 2337435.625 ], [ 569420.3125, 2337438.4375 ], [ 569406.875, 2337440.0 ], [ 569373.125, 2337440.0 ], [ 569363.75, 2337441.875 ], [ 569359.0625, 2337444.6875 ], [ 569352.8125, 2337453.4375 ], [ 569348.75, 2337456.875 ], [ 569340.3125, 2337459.6875 ], [ 569326.5625, 2337460.9375 ], [ 569319.0625, 2337464.6875 ], [ 569315.625, 2337468.75 ], [ 569304.375, 2337491.25 ], [ 569299.6875, 2337497.8125 ], [ 569291.25, 2337504.375 ], [ 569268.75, 2337515.625 ], [ 569260.3125, 2337518.4375 ], [ 569250.46875, 2337519.84375 ], [ 569213.125, 2337520.0 ], [ 569199.6875, 2337521.5625 ], [ 569191.25, 2337524.375 ], [ 569148.75, 2337545.625 ], [ 569144.6875, 2337549.0625 ], [ 569141.875, 2337553.75 ], [ 569140.3125, 2337559.6875 ], [ 569139.53125, 2337570.15625 ], [ 569138.59375, 2337572.96875 ], [ 569135.3125, 2337577.1875 ], [ 569130.15625, 2337579.53125 ], [ 569119.6875, 2337580.3125 ], [ 569111.25, 2337583.125 ], [ 569107.1875, 2337586.5625 ], [ 569101.40625, 2337595.78125 ], [ 569095.78125, 2337601.40625 ], [ 569091.25, 2337604.375 ], [ 569068.75, 2337615.625 ], [ 569062.1875, 2337620.3125 ], [ 569055.625, 2337628.75 ], [ 569022.96875, 2337693.59375 ], [ 569017.8125, 2337699.6875 ], [ 569006.5625, 2337707.1875 ], [ 569003.125, 2337711.25 ], [ 569000.9375, 2337716.5625 ], [ 568999.6875, 2337730.3125 ], [ 568998.125, 2337736.25 ], [ 568995.3125, 2337740.9375 ], [ 568986.5625, 2337747.1875 ], [ 568983.125, 2337751.25 ], [ 568980.3125, 2337759.6875 ], [ 568979.53125, 2337770.15625 ], [ 568977.1875, 2337775.3125 ], [ 568975.3125, 2337777.1875 ], [ 568970.15625, 2337779.53125 ], [ 568959.6875, 2337780.3125 ], [ 568951.25, 2337783.125 ], [ 568947.1875, 2337786.5625 ], [ 568942.96875, 2337793.59375 ], [ 568937.8125, 2337799.6875 ], [ 568924.6875, 2337809.0625 ], [ 568920.9375, 2337816.5625 ], [ 568919.0625, 2337833.4375 ], [ 568915.3125, 2337840.9375 ], [ 568911.25, 2337844.375 ], [ 568888.75, 2337855.625 ], [ 568882.1875, 2337860.3125 ], [ 568875.625, 2337868.75 ], [ 568864.375, 2337891.25 ], [ 568861.40625, 2337895.78125 ], [ 568855.78125, 2337901.40625 ], [ 568848.75, 2337905.625 ], [ 568844.6875, 2337909.0625 ], [ 568840.9375, 2337916.5625 ], [ 568839.0625, 2337937.1875 ], [ 568835.625, 2337948.75 ], [ 568824.375, 2337971.25 ], [ 568821.40625, 2337975.78125 ], [ 568815.78125, 2337981.40625 ], [ 568806.5625, 2337987.1875 ], [ 568803.125, 2337991.25 ], [ 568800.9375, 2337996.5625 ], [ 568799.6875, 2338010.3125 ], [ 568796.875, 2338018.75 ], [ 568791.25, 2338024.375 ], [ 568768.75, 2338035.625 ], [ 568764.6875, 2338039.0625 ], [ 568760.9375, 2338046.5625 ], [ 568759.6875, 2338060.3125 ], [ 568756.875, 2338068.75 ], [ 568753.4375, 2338072.8125 ], [ 568744.21875, 2338078.59375 ], [ 568738.59375, 2338084.21875 ], [ 568722.8125, 2338113.4375 ], [ 568718.75, 2338116.875 ], [ 568713.4375, 2338119.0625 ], [ 568699.6875, 2338120.3125 ], [ 568691.25, 2338123.125 ], [ 568687.1875, 2338126.5625 ], [ 568679.6875, 2338137.8125 ], [ 568673.59375, 2338142.96875 ], [ 568608.75, 2338175.625 ], [ 568604.21875, 2338178.59375 ], [ 568597.03125, 2338186.40625 ], [ 568581.40625, 2338215.78125 ], [ 568575.78125, 2338221.40625 ], [ 568566.5625, 2338227.1875 ], [ 568563.125, 2338231.25 ], [ 568560.9375, 2338236.5625 ], [ 568560.0, 2338243.125 ], [ 568560.0, 2338306.875 ], [ 568560.9375, 2338317.1875 ], [ 568564.375, 2338328.75 ], [ 568567.1875, 2338333.4375 ], [ 568573.75, 2338338.125 ], [ 568579.6875, 2338339.6875 ], [ 568597.1875, 2338340.9375 ], [ 568606.09375, 2338343.28125 ], [ 568631.25, 2338355.625 ], [ 568636.875, 2338361.25 ], [ 568639.0625, 2338366.5625 ], [ 568640.0, 2338373.125 ], [ 568640.0, 2338436.875 ], [ 568640.9375, 2338443.4375 ], [ 568643.125, 2338448.75 ], [ 568646.5625, 2338452.8125 ], [ 568671.25, 2338465.625 ], [ 568676.875, 2338471.25 ], [ 568679.0625, 2338476.5625 ], [ 568680.0, 2338483.125 ], [ 568679.0625, 2338497.1875 ], [ 568677.65625, 2338503.28125 ], [ 568674.375, 2338511.25 ], [ 568668.75, 2338516.875 ], [ 568660.3125, 2338519.6875 ], [ 568646.5625, 2338520.9375 ], [ 568639.0625, 2338524.6875 ], [ 568635.625, 2338528.75 ], [ 568624.375, 2338551.25 ], [ 568620.9375, 2338555.3125 ], [ 568613.4375, 2338559.0625 ], [ 568596.5625, 2338560.9375 ], [ 568591.25, 2338563.125 ], [ 568587.1875, 2338566.5625 ], [ 568583.28125, 2338573.90625 ], [ 568580.9375, 2338582.8125 ], [ 568580.0, 2338593.125 ], [ 568580.0, 2338626.875 ], [ 568578.59375, 2338632.96875 ], [ 568575.3125, 2338637.1875 ], [ 568572.96875, 2338638.59375 ], [ 568566.875, 2338640.0 ], [ 568533.125, 2338640.0 ], [ 568526.5625, 2338640.9375 ], [ 568519.0625, 2338644.6875 ], [ 568512.8125, 2338653.4375 ], [ 568506.25, 2338658.125 ], [ 568500.3125, 2338659.6875 ], [ 568482.8125, 2338660.9375 ], [ 568471.25, 2338664.375 ], [ 568366.40625, 2338717.03125 ], [ 568362.1875, 2338720.3125 ], [ 568357.03125, 2338726.40625 ], [ 568344.375, 2338751.25 ], [ 568341.5625, 2338759.6875 ], [ 568340.15625, 2338769.53125 ], [ 568340.0, 2338806.875 ], [ 568340.9375, 2338817.1875 ], [ 568344.375, 2338828.75 ], [ 568365.625, 2338871.25 ], [ 568369.0625, 2338875.3125 ], [ 568373.75, 2338878.125 ], [ 568379.6875, 2338879.6875 ], [ 568390.3125, 2338880.3125 ], [ 568398.75, 2338883.125 ], [ 568402.8125, 2338886.5625 ], [ 568407.1875, 2338893.4375 ], [ 568411.25, 2338896.875 ], [ 568416.5625, 2338899.0625 ], [ 568426.875, 2338900.0 ], [ 568432.96875, 2338901.40625 ], [ 568437.1875, 2338904.6875 ], [ 568439.53125, 2338909.84375 ], [ 568439.6875, 2339070.3125 ], [ 568438.125, 2339076.25 ], [ 568435.3125, 2339080.9375 ], [ 568426.5625, 2339087.1875 ], [ 568421.875, 2339093.75 ], [ 568420.3125, 2339099.6875 ], [ 568419.0625, 2339113.4375 ], [ 568415.3125, 2339120.9375 ], [ 568411.25, 2339124.375 ], [ 568366.5625, 2339147.1875 ], [ 568361.875, 2339153.75 ], [ 568360.3125, 2339159.6875 ], [ 568359.53125, 2339170.15625 ], [ 568358.59375, 2339172.96875 ], [ 568355.3125, 2339177.1875 ], [ 568350.15625, 2339179.53125 ], [ 568339.6875, 2339180.3125 ], [ 568331.25, 2339183.125 ], [ 568327.1875, 2339186.5625 ], [ 568322.96875, 2339193.59375 ], [ 568317.8125, 2339199.6875 ], [ 568311.25, 2339204.375 ], [ 568288.75, 2339215.625 ], [ 568284.21875, 2339218.59375 ], [ 568278.59375, 2339224.21875 ], [ 568272.8125, 2339233.4375 ], [ 568266.25, 2339238.125 ], [ 568256.875, 2339240.0 ], [ 568133.125, 2339240.0 ], [ 568127.03125, 2339241.40625 ], [ 568124.6875, 2339242.8125 ], [ 568121.40625, 2339247.03125 ], [ 568120.46875, 2339249.84375 ], [ 568119.0625, 2339263.4375 ], [ 568116.875, 2339268.75 ], [ 568113.4375, 2339272.8125 ], [ 568108.75, 2339275.625 ], [ 568100.3125, 2339278.4375 ], [ 568093.90625, 2339279.53125 ], [ 568079.6875, 2339280.3125 ], [ 568071.25, 2339283.125 ], [ 568067.1875, 2339286.5625 ], [ 568061.40625, 2339295.78125 ], [ 568055.78125, 2339301.40625 ], [ 568024.21875, 2339318.59375 ], [ 568017.03125, 2339326.40625 ], [ 568004.375, 2339351.25 ], [ 567999.6875, 2339357.8125 ], [ 567991.25, 2339364.375 ], [ 567966.5625, 2339377.1875 ], [ 567963.125, 2339381.25 ], [ 567960.3125, 2339389.6875 ], [ 567960.3125, 2339460.3125 ], [ 567963.125, 2339468.75 ], [ 567968.75, 2339474.375 ], [ 567976.71875, 2339477.65625 ], [ 567989.53125, 2339479.84375 ], [ 568090.3125, 2339479.6875 ], [ 568096.25, 2339478.125 ], [ 568102.8125, 2339473.4375 ], [ 568115.625, 2339448.75 ], [ 568119.0625, 2339444.6875 ], [ 568123.75, 2339441.875 ], [ 568133.125, 2339440.0 ], [ 568173.90625, 2339439.53125 ], [ 568186.09375, 2339436.71875 ], [ 568193.4375, 2339432.8125 ], [ 568198.125, 2339426.25 ], [ 568199.6875, 2339420.3125 ], [ 568200.46875, 2339409.84375 ], [ 568202.8125, 2339404.6875 ], [ 568207.03125, 2339401.40625 ], [ 568209.84375, 2339400.46875 ], [ 568223.4375, 2339399.0625 ], [ 568230.9375, 2339395.3125 ], [ 568240.3125, 2339382.1875 ], [ 568244.21875, 2339378.59375 ], [ 568253.4375, 2339372.8125 ], [ 568256.875, 2339368.75 ], [ 568259.0625, 2339363.4375 ], [ 568260.0, 2339353.125 ], [ 568261.40625, 2339347.03125 ], [ 568262.8125, 2339344.6875 ], [ 568267.03125, 2339341.40625 ], [ 568273.125, 2339340.0 ], [ 568340.3125, 2339340.3125 ], [ 568346.25, 2339341.875 ], [ 568350.9375, 2339344.6875 ], [ 568357.1875, 2339353.4375 ], [ 568363.75, 2339358.125 ], [ 568369.6875, 2339359.6875 ], [ 568380.3125, 2339360.3125 ], [ 568388.75, 2339363.125 ], [ 568392.8125, 2339366.5625 ], [ 568397.1875, 2339373.4375 ], [ 568403.75, 2339378.125 ], [ 568409.6875, 2339379.6875 ], [ 568420.3125, 2339380.3125 ], [ 568428.75, 2339383.125 ], [ 568432.8125, 2339386.5625 ], [ 568437.03125, 2339393.59375 ], [ 568442.1875, 2339399.6875 ], [ 568455.3125, 2339409.0625 ], [ 568458.125, 2339413.75 ], [ 568459.6875, 2339419.6875 ], [ 568459.53125, 2339433.90625 ], [ 568456.71875, 2339446.09375 ], [ 568454.375, 2339451.25 ], [ 568450.9375, 2339455.3125 ], [ 568443.4375, 2339459.0625 ], [ 568422.8125, 2339460.9375 ], [ 568416.71875, 2339462.34375 ], [ 568408.75, 2339465.625 ], [ 568404.6875, 2339469.0625 ], [ 568401.875, 2339473.75 ], [ 568400.3125, 2339479.6875 ], [ 568399.53125, 2339490.15625 ], [ 568398.59375, 2339492.96875 ], [ 568395.3125, 2339497.1875 ], [ 568390.15625, 2339499.53125 ], [ 568379.6875, 2339500.3125 ], [ 568371.25, 2339503.125 ], [ 568367.1875, 2339506.5625 ], [ 568362.8125, 2339513.4375 ], [ 568356.25, 2339518.125 ], [ 568350.3125, 2339519.6875 ], [ 568339.6875, 2339520.3125 ], [ 568331.25, 2339523.125 ], [ 568327.1875, 2339526.5625 ], [ 568322.8125, 2339533.4375 ], [ 568316.25, 2339538.125 ], [ 568306.875, 2339540.0 ], [ 568273.125, 2339540.0 ], [ 568269.84375, 2339540.46875 ], [ 568264.6875, 2339542.8125 ], [ 568261.40625, 2339547.03125 ], [ 568260.0, 2339553.125 ], [ 568259.53125, 2339590.15625 ], [ 568258.59375, 2339592.96875 ], [ 568255.3125, 2339597.1875 ], [ 568252.96875, 2339598.59375 ], [ 568246.875, 2339600.0 ], [ 568146.09375, 2339599.53125 ], [ 568133.90625, 2339596.71875 ], [ 568103.28125, 2339582.34375 ], [ 568097.1875, 2339580.9375 ], [ 568086.875, 2339580.0 ], [ 567723.125, 2339580.0 ], [ 567716.5625, 2339579.0625 ], [ 567709.0625, 2339575.3125 ], [ 567702.8125, 2339566.5625 ], [ 567698.75, 2339563.125 ], [ 567693.4375, 2339560.9375 ], [ 567679.6875, 2339559.6875 ], [ 567671.25, 2339556.875 ], [ 567667.1875, 2339553.4375 ], [ 567659.6875, 2339542.1875 ], [ 567653.59375, 2339537.03125 ], [ 567586.5625, 2339502.8125 ], [ 567583.125, 2339498.75 ], [ 567580.3125, 2339490.3125 ], [ 567580.0, 2339453.125 ], [ 567579.0625, 2339446.5625 ], [ 567576.875, 2339441.25 ], [ 567571.25, 2339435.625 ], [ 567548.75, 2339424.375 ], [ 567544.21875, 2339421.40625 ], [ 567538.59375, 2339415.78125 ], [ 567532.8125, 2339406.5625 ], [ 567528.75, 2339403.125 ], [ 567523.4375, 2339400.9375 ], [ 567516.875, 2339400.0 ], [ 567423.125, 2339400.0 ], [ 567413.75, 2339401.875 ], [ 567409.0625, 2339404.6875 ], [ 567402.8125, 2339413.4375 ], [ 567398.75, 2339416.875 ], [ 567393.4375, 2339419.0625 ], [ 567379.6875, 2339420.3125 ], [ 567371.25, 2339423.125 ], [ 567367.1875, 2339426.5625 ], [ 567362.96875, 2339433.59375 ], [ 567357.8125, 2339439.6875 ], [ 567344.6875, 2339449.0625 ], [ 567340.9375, 2339456.5625 ], [ 567339.53125, 2339473.90625 ], [ 567337.65625, 2339483.28125 ], [ 567334.375, 2339491.25 ], [ 567328.75, 2339496.875 ], [ 567323.4375, 2339499.0625 ], [ 567316.875, 2339500.0 ], [ 567253.125, 2339500.0 ], [ 567239.6875, 2339501.5625 ], [ 567231.25, 2339504.375 ], [ 567188.75, 2339525.625 ], [ 567183.125, 2339531.25 ], [ 567180.3125, 2339539.6875 ], [ 567180.15625, 2339610.46875 ], [ 567180.9375, 2339617.1875 ], [ 567183.28125, 2339626.09375 ], [ 567196.71875, 2339653.90625 ], [ 567199.53125, 2339666.09375 ], [ 567200.0, 2339736.875 ], [ 567199.0625, 2339743.4375 ], [ 567196.875, 2339748.75 ], [ 567191.25, 2339754.375 ], [ 567148.75, 2339775.625 ], [ 567143.125, 2339781.25 ], [ 567140.3125, 2339789.6875 ], [ 567140.0, 2339826.875 ], [ 567138.125, 2339836.25 ], [ 567135.3125, 2339840.9375 ], [ 567131.25, 2339844.375 ], [ 567108.75, 2339855.625 ], [ 567104.6875, 2339859.0625 ], [ 567100.9375, 2339866.5625 ], [ 567099.0625, 2339883.4375 ], [ 567095.3125, 2339890.9375 ], [ 567091.25, 2339894.375 ], [ 567083.28125, 2339897.65625 ], [ 567073.90625, 2339899.53125 ], [ 567059.6875, 2339900.3125 ], [ 567051.25, 2339903.125 ], [ 567045.625, 2339908.75 ], [ 567034.375, 2339931.25 ], [ 567028.75, 2339936.875 ], [ 567020.3125, 2339939.6875 ], [ 567009.53125, 2339940.15625 ], [ 566999.6875, 2339941.5625 ], [ 566991.25, 2339944.375 ], [ 566986.5625, 2339947.1875 ], [ 566983.125, 2339951.25 ], [ 566980.9375, 2339956.5625 ], [ 566979.53125, 2339973.90625 ], [ 566977.65625, 2339983.28125 ], [ 566974.375, 2339991.25 ], [ 566970.9375, 2339995.3125 ], [ 566963.4375, 2339999.0625 ], [ 566949.6875, 2340000.3125 ], [ 566941.25, 2340003.125 ], [ 566935.625, 2340008.75 ], [ 566924.375, 2340031.25 ], [ 566920.9375, 2340035.3125 ], [ 566913.4375, 2340039.0625 ], [ 566896.5625, 2340040.9375 ], [ 566891.25, 2340043.125 ], [ 566887.1875, 2340046.5625 ], [ 566874.375, 2340071.25 ], [ 566870.9375, 2340075.3125 ], [ 566863.4375, 2340079.0625 ], [ 566846.5625, 2340080.9375 ], [ 566839.0625, 2340084.6875 ], [ 566835.625, 2340088.75 ], [ 566822.96875, 2340113.59375 ], [ 566815.78125, 2340121.40625 ], [ 566811.25, 2340124.375 ], [ 566748.75, 2340155.625 ], [ 566744.21875, 2340158.59375 ], [ 566737.03125, 2340166.40625 ], [ 566722.96875, 2340193.59375 ], [ 566719.6875, 2340197.8125 ], [ 566713.59375, 2340202.96875 ], [ 566688.75, 2340215.625 ], [ 566683.28125, 2340217.65625 ], [ 566673.90625, 2340219.53125 ], [ 566659.6875, 2340220.3125 ], [ 566653.75, 2340221.875 ], [ 566647.1875, 2340226.5625 ], [ 566640.9375, 2340235.3125 ], [ 566633.4375, 2340239.0625 ], [ 566626.875, 2340240.0 ], [ 566589.53125, 2340240.15625 ], [ 566579.6875, 2340241.5625 ], [ 566571.25, 2340244.375 ], [ 566548.75, 2340255.625 ], [ 566544.6875, 2340259.0625 ], [ 566541.875, 2340263.75 ], [ 566540.3125, 2340269.6875 ], [ 566540.0, 2340306.875 ], [ 566538.4375, 2340320.3125 ], [ 566535.625, 2340328.75 ], [ 566523.28125, 2340353.90625 ], [ 566520.46875, 2340366.09375 ], [ 566520.0, 2340466.875 ], [ 566519.0625, 2340477.1875 ], [ 566515.625, 2340488.75 ], [ 566504.375, 2340511.25 ], [ 566499.6875, 2340517.8125 ], [ 566491.25, 2340524.375 ], [ 566468.75, 2340535.625 ], [ 566464.21875, 2340538.59375 ], [ 566458.59375, 2340544.21875 ], [ 566452.8125, 2340553.4375 ], [ 566446.25, 2340558.125 ], [ 566436.875, 2340560.0 ], [ 566399.6875, 2340560.3125 ], [ 566393.75, 2340561.875 ], [ 566389.0625, 2340564.6875 ], [ 566385.625, 2340568.75 ], [ 566374.375, 2340591.25 ], [ 566370.9375, 2340595.3125 ], [ 566363.4375, 2340599.0625 ], [ 566346.5625, 2340600.9375 ], [ 566341.25, 2340603.125 ], [ 566337.1875, 2340606.5625 ], [ 566304.375, 2340671.25 ], [ 566298.75, 2340676.875 ], [ 566290.3125, 2340679.6875 ], [ 566253.125, 2340680.0 ], [ 566249.84375, 2340680.46875 ], [ 566244.6875, 2340682.8125 ], [ 566241.40625, 2340687.03125 ], [ 566240.0, 2340693.125 ], [ 566240.0, 2340726.875 ], [ 566238.59375, 2340732.96875 ], [ 566237.1875, 2340735.3125 ], [ 566232.96875, 2340738.59375 ], [ 566230.15625, 2340739.53125 ], [ 566216.5625, 2340740.9375 ], [ 566211.25, 2340743.125 ], [ 566207.1875, 2340746.5625 ], [ 566182.96875, 2340793.59375 ], [ 566177.8125, 2340799.6875 ], [ 566166.5625, 2340807.1875 ], [ 566163.125, 2340811.25 ], [ 566160.3125, 2340819.6875 ], [ 566159.53125, 2340830.15625 ], [ 566158.59375, 2340832.96875 ], [ 566155.3125, 2340837.1875 ], [ 566152.96875, 2340838.59375 ], [ 566146.875, 2340840.0 ], [ 566079.6875, 2340840.3125 ], [ 566073.75, 2340841.875 ], [ 566067.1875, 2340846.5625 ], [ 566063.28125, 2340853.90625 ], [ 566060.9375, 2340862.8125 ], [ 566060.0, 2340873.125 ], [ 566060.0, 2340906.875 ], [ 566059.0625, 2340913.4375 ], [ 566056.875, 2340918.75 ], [ 566051.25, 2340924.375 ], [ 566028.75, 2340935.625 ], [ 566020.3125, 2340942.1875 ], [ 566015.625, 2340948.75 ], [ 565994.375, 2340991.25 ], [ 565990.9375, 2340995.3125 ], [ 565983.4375, 2340999.0625 ], [ 565969.6875, 2341000.3125 ], [ 565961.25, 2341003.125 ], [ 565955.625, 2341008.75 ], [ 565944.375, 2341031.25 ], [ 565940.9375, 2341035.3125 ], [ 565933.4375, 2341039.0625 ], [ 565916.5625, 2341040.9375 ], [ 565911.25, 2341043.125 ], [ 565907.1875, 2341046.5625 ], [ 565824.375, 2341211.25 ], [ 565819.6875, 2341217.8125 ], [ 565813.59375, 2341222.96875 ], [ 565788.75, 2341235.625 ], [ 565784.6875, 2341239.0625 ], [ 565780.9375, 2341246.5625 ], [ 565779.0625, 2341263.4375 ], [ 565775.3125, 2341270.9375 ], [ 565762.1875, 2341280.3125 ], [ 565758.59375, 2341284.21875 ], [ 565752.8125, 2341293.4375 ], [ 565748.75, 2341296.875 ], [ 565740.3125, 2341299.6875 ], [ 565729.53125, 2341300.15625 ], [ 565719.6875, 2341301.5625 ], [ 565711.25, 2341304.375 ], [ 565706.5625, 2341307.1875 ], [ 565703.125, 2341311.25 ], [ 565700.9375, 2341316.5625 ], [ 565699.53125, 2341333.90625 ], [ 565696.71875, 2341346.09375 ], [ 565692.8125, 2341353.4375 ], [ 565688.75, 2341356.875 ], [ 565683.4375, 2341359.0625 ], [ 565676.875, 2341360.0 ], [ 565613.125, 2341360.0 ], [ 565606.5625, 2341360.9375 ], [ 565599.0625, 2341364.6875 ], [ 565595.625, 2341368.75 ], [ 565564.375, 2341431.25 ], [ 565559.6875, 2341437.8125 ], [ 565551.25, 2341444.375 ], [ 565488.75, 2341475.625 ], [ 565483.125, 2341481.25 ], [ 565480.9375, 2341486.5625 ], [ 565480.0, 2341493.125 ], [ 565480.0, 2341556.875 ], [ 565479.0625, 2341563.4375 ], [ 565475.3125, 2341570.9375 ], [ 565471.25, 2341574.375 ], [ 565464.21875, 2341578.59375 ], [ 565458.59375, 2341584.21875 ], [ 565442.8125, 2341613.4375 ], [ 565438.75, 2341616.875 ], [ 565433.4375, 2341619.0625 ], [ 565419.6875, 2341620.3125 ], [ 565411.25, 2341623.125 ], [ 565407.1875, 2341626.5625 ], [ 565402.8125, 2341633.4375 ], [ 565396.25, 2341638.125 ], [ 565390.3125, 2341639.6875 ], [ 565379.6875, 2341640.3125 ], [ 565371.25, 2341643.125 ], [ 565367.1875, 2341646.5625 ], [ 565361.40625, 2341655.78125 ], [ 565355.78125, 2341661.40625 ], [ 565351.25, 2341664.375 ], [ 565328.75, 2341675.625 ], [ 565322.1875, 2341680.3125 ], [ 565315.625, 2341688.75 ], [ 565304.375, 2341711.25 ], [ 565301.40625, 2341715.78125 ], [ 565295.78125, 2341721.40625 ], [ 565286.5625, 2341727.1875 ], [ 565283.125, 2341731.25 ], [ 565280.3125, 2341739.6875 ], [ 565279.53125, 2341750.15625 ], [ 565278.59375, 2341752.96875 ], [ 565275.3125, 2341757.1875 ], [ 565272.96875, 2341758.59375 ], [ 565266.875, 2341760.0 ], [ 565173.125, 2341760.0 ], [ 565159.6875, 2341758.4375 ], [ 565148.75, 2341754.375 ], [ 565143.125, 2341748.75 ], [ 565140.3125, 2341740.3125 ], [ 565140.0, 2341673.125 ], [ 565139.53125, 2341669.84375 ], [ 565137.1875, 2341664.6875 ], [ 565132.96875, 2341661.40625 ], [ 565130.15625, 2341660.46875 ], [ 565116.5625, 2341659.0625 ], [ 565109.0625, 2341655.3125 ], [ 565099.6875, 2341642.1875 ], [ 565095.78125, 2341638.59375 ], [ 565086.5625, 2341632.8125 ], [ 565083.125, 2341628.75 ], [ 565080.9375, 2341623.4375 ], [ 565080.0, 2341613.125 ], [ 565078.59375, 2341607.03125 ], [ 565077.1875, 2341604.6875 ], [ 565072.96875, 2341601.40625 ], [ 565066.875, 2341600.0 ], [ 565003.125, 2341600.0 ], [ 564996.5625, 2341600.9375 ], [ 564991.25, 2341603.125 ], [ 564987.1875, 2341606.5625 ], [ 564984.375, 2341611.25 ], [ 564981.5625, 2341619.6875 ], [ 564980.0, 2341633.125 ], [ 564979.84375, 2341670.46875 ], [ 564979.0625, 2341677.1875 ], [ 564976.71875, 2341686.09375 ], [ 564964.375, 2341711.25 ], [ 564960.9375, 2341715.3125 ], [ 564953.4375, 2341719.0625 ], [ 564946.875, 2341720.0 ], [ 564879.6875, 2341720.3125 ], [ 564873.75, 2341721.875 ], [ 564869.0625, 2341724.6875 ], [ 564862.8125, 2341733.4375 ], [ 564858.75, 2341736.875 ], [ 564853.4375, 2341739.0625 ], [ 564846.875, 2341740.0 ], [ 564749.6875, 2341739.6875 ], [ 564743.75, 2341738.125 ], [ 564739.0625, 2341735.3125 ], [ 564732.8125, 2341726.5625 ], [ 564728.75, 2341723.125 ], [ 564723.4375, 2341720.9375 ], [ 564716.875, 2341720.0 ], [ 564533.125, 2341720.0 ], [ 564523.75, 2341721.875 ], [ 564519.0625, 2341724.6875 ], [ 564515.625, 2341728.75 ], [ 564504.375, 2341751.25 ], [ 564500.9375, 2341755.3125 ], [ 564493.4375, 2341759.0625 ], [ 564479.6875, 2341760.3125 ], [ 564471.25, 2341763.125 ], [ 564467.1875, 2341766.5625 ], [ 564459.6875, 2341777.8125 ], [ 564455.78125, 2341781.40625 ], [ 564446.5625, 2341787.1875 ], [ 564443.125, 2341791.25 ], [ 564440.3125, 2341799.6875 ], [ 564439.53125, 2341813.90625 ], [ 564437.65625, 2341823.28125 ], [ 564422.34375, 2341856.71875 ], [ 564420.46875, 2341866.09375 ], [ 564419.6875, 2341880.3125 ], [ 564418.125, 2341886.25 ], [ 564415.3125, 2341890.9375 ], [ 564411.25, 2341894.375 ], [ 564403.28125, 2341897.65625 ], [ 564393.90625, 2341899.53125 ], [ 564349.53125, 2341900.15625 ], [ 564342.8125, 2341900.9375 ], [ 564333.90625, 2341903.28125 ], [ 564308.75, 2341915.625 ], [ 564304.21875, 2341918.59375 ], [ 564298.59375, 2341924.21875 ], [ 564292.8125, 2341933.4375 ], [ 564288.75, 2341936.875 ], [ 564283.4375, 2341939.0625 ], [ 564269.6875, 2341940.3125 ], [ 564263.75, 2341941.875 ], [ 564257.1875, 2341946.5625 ], [ 564250.9375, 2341955.3125 ], [ 564243.4375, 2341959.0625 ], [ 564236.875, 2341960.0 ], [ 564173.125, 2341960.0 ], [ 564167.03125, 2341961.40625 ], [ 564162.8125, 2341964.6875 ], [ 564160.46875, 2341969.84375 ], [ 564160.0, 2342006.875 ], [ 564158.4375, 2342020.3125 ], [ 564154.375, 2342031.25 ], [ 564148.75, 2342036.875 ], [ 564140.3125, 2342039.6875 ], [ 564103.125, 2342040.0 ], [ 564093.75, 2342041.875 ], [ 564087.1875, 2342046.5625 ], [ 564081.40625, 2342055.78125 ], [ 564073.59375, 2342062.96875 ], [ 564048.75, 2342075.625 ], [ 564040.3125, 2342078.4375 ], [ 564030.46875, 2342079.84375 ], [ 564004.375, 2342080.0 ], [ 564000.625, 2342078.125 ], [ 563995.625, 2342071.25 ] ] } },
{ "type": "Feature", "properties": { }, "geometry": { "type": "LineString", "coordinates": [ [ 562753.125, 2341260.0 ], [ 562846.875, 2341260.0 ], [ 562853.4375, 2341259.0625 ], [ 562858.75, 2341256.875 ], [ 562864.375, 2341251.25 ], [ 562875.625, 2341228.75 ], [ 562878.4375, 2341220.3125 ], [ 562880.0, 2341206.875 ], [ 562879.84375, 2341169.53125 ], [ 562878.4375, 2341159.6875 ], [ 562874.375, 2341148.75 ], [ 562870.9375, 2341144.6875 ], [ 562863.4375, 2341140.9375 ], [ 562842.8125, 2341139.0625 ], [ 562831.25, 2341135.625 ], [ 562824.6875, 2341130.9375 ], [ 562820.9375, 2341123.4375 ], [ 562820.0, 2341116.875 ], [ 562820.0, 2340993.125 ], [ 562818.59375, 2340987.03125 ], [ 562817.1875, 2340984.6875 ], [ 562812.96875, 2340981.40625 ], [ 562810.15625, 2340980.46875 ], [ 562796.5625, 2340979.0625 ], [ 562791.25, 2340976.875 ], [ 562787.1875, 2340973.4375 ], [ 562781.40625, 2340964.21875 ], [ 562775.78125, 2340958.59375 ], [ 562744.21875, 2340941.40625 ], [ 562738.59375, 2340935.78125 ], [ 562734.375, 2340928.75 ], [ 562730.9375, 2340924.6875 ], [ 562723.4375, 2340920.9375 ], [ 562716.875, 2340920.0 ], [ 562623.125, 2340920.0 ], [ 562613.75, 2340921.875 ], [ 562609.0625, 2340924.6875 ], [ 562605.625, 2340928.75 ], [ 562601.5625, 2340939.6875 ], [ 562600.0, 2340953.125 ], [ 562599.53125, 2340993.90625 ], [ 562597.65625, 2341003.28125 ], [ 562594.375, 2341011.25 ], [ 562590.9375, 2341015.3125 ], [ 562583.4375, 2341019.0625 ], [ 562562.8125, 2341020.9375 ], [ 562551.25, 2341024.375 ], [ 562546.5625, 2341027.1875 ], [ 562541.875, 2341033.75 ], [ 562540.0, 2341043.125 ], [ 562540.0, 2341106.875 ], [ 562541.40625, 2341112.96875 ], [ 562544.6875, 2341117.1875 ], [ 562547.03125, 2341118.59375 ], [ 562553.125, 2341120.0 ], [ 562616.875, 2341120.0 ], [ 562626.25, 2341121.875 ], [ 562632.8125, 2341126.5625 ], [ 562645.625, 2341151.25 ], [ 562651.25, 2341156.875 ], [ 562659.6875, 2341159.6875 ], [ 562670.46875, 2341160.15625 ], [ 562680.3125, 2341161.5625 ], [ 562691.25, 2341165.625 ], [ 562696.875, 2341171.25 ], [ 562699.6875, 2341179.6875 ], [ 562700.0, 2341216.875 ], [ 562700.9375, 2341223.4375 ], [ 562703.125, 2341228.75 ], [ 562708.75, 2341234.375 ], [ 562735.3125, 2341248.125 ], [ 562739.0625, 2341251.875 ], [ 562740.0, 2341255.625 ], [ 562741.40625, 2341257.65625 ], [ 562744.6875, 2341259.0625 ], [ 562753.125, 2341260.0 ] ] } },
{ "type": "Feature", "properties": { }, "geometry": { "type": "LineString", "coordinates": [ [ 574093.125, 2337560.0 ], [ 574186.875, 2337560.0 ], [ 574190.15625, 2337559.53125 ], [ 574195.3125, 2337557.1875 ], [ 574198.59375, 2337552.96875 ], [ 574200.0, 2337546.875 ], [ 574200.0, 2337423.125 ], [ 574200.9375, 2337416.5625 ], [ 574204.6875, 2337409.0625 ], [ 574217.8125, 2337399.6875 ], [ 574221.40625, 2337395.78125 ], [ 574225.625, 2337388.75 ], [ 574229.0625, 2337384.6875 ], [ 574236.5625, 2337380.9375 ], [ 574243.125, 2337380.0 ], [ 574306.875, 2337380.0 ], [ 574317.1875, 2337379.0625 ], [ 574328.75, 2337375.625 ], [ 574351.25, 2337364.375 ], [ 574357.8125, 2337359.6875 ], [ 574362.96875, 2337353.59375 ], [ 574378.59375, 2337324.21875 ], [ 574384.21875, 2337318.59375 ], [ 574393.4375, 2337312.8125 ], [ 574396.875, 2337308.75 ], [ 574399.6875, 2337300.3125 ], [ 574400.46875, 2337286.09375 ], [ 574402.34375, 2337276.71875 ], [ 574416.71875, 2337246.09375 ], [ 574418.4375, 2337240.3125 ], [ 574419.84375, 2337230.46875 ], [ 574419.84375, 2337129.53125 ], [ 574418.4375, 2337119.6875 ], [ 574415.625, 2337111.25 ], [ 574412.8125, 2337106.5625 ], [ 574408.75, 2337103.125 ], [ 574403.4375, 2337100.9375 ], [ 574396.875, 2337100.0 ], [ 574326.09375, 2337100.46875 ], [ 574313.90625, 2337103.28125 ], [ 574288.75, 2337115.625 ], [ 574283.125, 2337121.25 ], [ 574280.3125, 2337129.6875 ], [ 574279.53125, 2337173.90625 ], [ 574277.65625, 2337183.28125 ], [ 574274.375, 2337191.25 ], [ 574270.9375, 2337195.3125 ], [ 574266.25, 2337198.125 ], [ 574260.3125, 2337199.6875 ], [ 574249.6875, 2337200.3125 ], [ 574241.25, 2337203.125 ], [ 574237.1875, 2337206.5625 ], [ 574230.9375, 2337215.3125 ], [ 574223.4375, 2337219.0625 ], [ 574216.875, 2337220.0 ], [ 574206.09375, 2337219.53125 ], [ 574199.6875, 2337218.4375 ], [ 574191.25, 2337215.625 ], [ 574168.75, 2337204.375 ], [ 574164.21875, 2337201.40625 ], [ 574158.59375, 2337195.78125 ], [ 574154.375, 2337188.75 ], [ 574150.9375, 2337184.6875 ], [ 574143.4375, 2337180.9375 ], [ 574136.875, 2337180.0 ], [ 574073.125, 2337180.0 ], [ 574063.75, 2337181.875 ], [ 574057.1875, 2337186.5625 ], [ 574044.375, 2337211.25 ], [ 574040.9375, 2337215.3125 ], [ 574033.4375, 2337219.0625 ], [ 574019.6875, 2337220.3125 ], [ 574013.75, 2337221.875 ], [ 574009.0625, 2337224.6875 ], [ 574005.625, 2337228.75 ], [ 574001.5625, 2337239.6875 ], [ 574000.0, 2337253.125 ], [ 574000.46875, 2337470.15625 ], [ 574002.8125, 2337475.3125 ], [ 574007.03125, 2337478.59375 ], [ 574009.84375, 2337479.53125 ], [ 574023.4375, 2337480.9375 ], [ 574028.75, 2337483.125 ], [ 574032.8125, 2337486.5625 ], [ 574038.59375, 2337495.78125 ], [ 574044.21875, 2337501.40625 ], [ 574073.4375, 2337517.1875 ], [ 574076.875, 2337521.25 ], [ 574079.6875, 2337529.6875 ], [ 574080.46875, 2337556.71875 ], [ 574084.6875, 2337559.0625 ], [ 574093.125, 2337560.0 ] ] } },
{ "type": "Feature", "properties": { }, "geometry": { "type": "LineString", "coordinates": [ [ 583773.125, 2333440.0 ], [ 584256.875, 2333440.0 ], [ 584263.4375, 2333439.0625 ], [ 584268.75, 2333436.875 ], [ 584272.8125, 2333433.4375 ], [ 584279.0625, 2333424.6875 ], [ 584286.5625, 2333420.9375 ], [ 584293.125, 2333420.0 ], [ 584326.875, 2333420.0 ], [ 584337.1875, 2333419.0625 ], [ 584348.75, 2333415.625 ], [ 584371.25, 2333404.375 ], [ 584376.71875, 2333402.34375 ], [ 584386.09375, 2333400.46875 ], [ 584400.3125, 2333399.6875 ], [ 584406.25, 2333398.125 ], [ 584410.9375, 2333395.3125 ], [ 584417.1875, 2333386.5625 ], [ 584421.25, 2333383.125 ], [ 584426.5625, 2333380.9375 ], [ 584440.3125, 2333379.6875 ], [ 584446.25, 2333378.125 ], [ 584450.9375, 2333375.3125 ], [ 584457.1875, 2333366.5625 ], [ 584461.25, 2333363.125 ], [ 584469.6875, 2333360.3125 ], [ 584483.4375, 2333359.0625 ], [ 584488.75, 2333356.875 ], [ 584492.8125, 2333353.4375 ], [ 584517.03125, 2333306.40625 ], [ 584522.1875, 2333300.3125 ], [ 584533.4375, 2333292.8125 ], [ 584536.875, 2333288.75 ], [ 584539.0625, 2333283.4375 ], [ 584540.3125, 2333269.6875 ], [ 584541.875, 2333263.75 ], [ 584544.6875, 2333259.0625 ], [ 584553.4375, 2333252.8125 ], [ 584556.875, 2333248.75 ], [ 584559.6875, 2333240.3125 ], [ 584560.46875, 2333229.84375 ], [ 584561.40625, 2333227.03125 ], [ 584564.6875, 2333222.8125 ], [ 584569.84375, 2333220.46875 ], [ 584580.3125, 2333219.6875 ], [ 584586.25, 2333218.125 ], [ 584592.8125, 2333213.4375 ], [ 584599.0625, 2333204.6875 ], [ 584603.75, 2333201.875 ], [ 584609.6875, 2333200.3125 ], [ 584706.875, 2333200.0 ], [ 584717.1875, 2333199.0625 ], [ 584726.09375, 2333196.71875 ], [ 584751.25, 2333184.375 ], [ 584755.78125, 2333181.40625 ], [ 584761.40625, 2333175.78125 ], [ 584767.1875, 2333166.5625 ], [ 584771.25, 2333163.125 ], [ 584776.5625, 2333160.9375 ], [ 584790.3125, 2333159.6875 ], [ 584796.25, 2333158.125 ], [ 584800.9375, 2333155.3125 ], [ 584807.1875, 2333146.5625 ], [ 584811.25, 2333143.125 ], [ 584816.5625, 2333140.9375 ], [ 584830.3125, 2333139.6875 ], [ 584836.25, 2333138.125 ], [ 584840.9375, 2333135.3125 ], [ 584847.1875, 2333126.5625 ], [ 584851.25, 2333123.125 ], [ 584856.5625, 2333120.9375 ], [ 584870.3125, 2333119.6875 ], [ 584876.25, 2333118.125 ], [ 584880.9375, 2333115.3125 ], [ 584887.1875, 2333106.5625 ], [ 584891.25, 2333103.125 ], [ 584896.5625, 2333100.9375 ], [ 584910.3125, 2333099.6875 ], [ 584918.75, 2333096.875 ], [ 584924.375, 2333091.25 ], [ 584935.625, 2333068.75 ], [ 584941.25, 2333063.125 ], [ 584949.6875, 2333060.3125 ], [ 584986.875, 2333060.0 ], [ 584993.4375, 2333059.0625 ], [ 584998.75, 2333056.875 ], [ 585004.375, 2333051.25 ], [ 585015.625, 2333028.75 ], [ 585019.0625, 2333024.6875 ], [ 585026.5625, 2333020.9375 ], [ 585040.3125, 2333019.6875 ], [ 585048.75, 2333016.875 ], [ 585052.8125, 2333013.4375 ], [ 585058.59375, 2333004.21875 ], [ 585064.21875, 2332998.59375 ], [ 585068.75, 2332995.625 ], [ 585091.25, 2332984.375 ], [ 585097.8125, 2332979.6875 ], [ 585104.375, 2332971.25 ], [ 585115.625, 2332948.75 ], [ 585121.25, 2332943.125 ], [ 585129.6875, 2332940.3125 ], [ 585166.875, 2332940.0 ], [ 585176.25, 2332938.125 ], [ 585180.9375, 2332935.3125 ], [ 585184.375, 2332931.25 ], [ 585197.1875, 2332906.5625 ], [ 585201.25, 2332903.125 ], [ 585206.5625, 2332900.9375 ], [ 585213.125, 2332900.0 ], [ 585253.90625, 2332899.53125 ], [ 585266.09375, 2332896.71875 ], [ 585273.4375, 2332892.8125 ], [ 585276.875, 2332888.75 ], [ 585279.6875, 2332880.3125 ], [ 585280.0, 2332843.125 ], [ 585281.875, 2332833.75 ], [ 585284.6875, 2332829.0625 ], [ 585297.8125, 2332819.6875 ], [ 585301.40625, 2332815.78125 ], [ 585307.1875, 2332806.5625 ], [ 585313.75, 2332801.875 ], [ 585323.125, 2332800.0 ], [ 585356.875, 2332800.0 ], [ 585363.4375, 2332800.9375 ], [ 585370.9375, 2332804.6875 ], [ 585377.1875, 2332813.4375 ], [ 585381.25, 2332816.875 ], [ 585386.5625, 2332819.0625 ], [ 585393.125, 2332820.0 ], [ 585546.875, 2332820.0 ], [ 585553.4375, 2332819.0625 ], [ 585558.75, 2332816.875 ], [ 585562.8125, 2332813.4375 ], [ 585569.0625, 2332804.6875 ], [ 585576.5625, 2332800.9375 ], [ 585583.125, 2332800.0 ], [ 585646.875, 2332800.0 ], [ 585653.4375, 2332799.0625 ], [ 585658.75, 2332796.875 ], [ 585664.375, 2332791.25 ], [ 585675.625, 2332768.75 ], [ 585681.25, 2332763.125 ], [ 585686.5625, 2332760.9375 ], [ 585700.3125, 2332759.6875 ], [ 585708.75, 2332756.875 ], [ 585712.8125, 2332753.4375 ], [ 585720.3125, 2332742.1875 ], [ 585728.75, 2332735.625 ], [ 585913.59375, 2332642.96875 ], [ 585917.8125, 2332639.6875 ], [ 585922.96875, 2332633.59375 ], [ 585935.625, 2332608.75 ], [ 585939.0625, 2332604.6875 ], [ 585946.5625, 2332600.9375 ], [ 585960.3125, 2332599.6875 ], [ 585968.75, 2332596.875 ], [ 585972.8125, 2332593.4375 ], [ 585977.03125, 2332586.40625 ], [ 585982.1875, 2332580.3125 ], [ 585988.75, 2332575.625 ], [ 586011.25, 2332564.375 ], [ 586015.78125, 2332561.40625 ], [ 586021.40625, 2332555.78125 ], [ 586027.1875, 2332546.5625 ], [ 586031.25, 2332543.125 ], [ 586036.5625, 2332540.9375 ], [ 586050.3125, 2332539.6875 ], [ 586058.75, 2332536.875 ], [ 586064.375, 2332531.25 ], [ 586075.625, 2332508.75 ], [ 586081.25, 2332503.125 ], [ 586086.5625, 2332500.9375 ], [ 586100.3125, 2332499.6875 ], [ 586106.25, 2332498.125 ], [ 586110.9375, 2332495.3125 ], [ 586117.1875, 2332486.5625 ], [ 586121.25, 2332483.125 ], [ 586129.6875, 2332480.3125 ], [ 586143.4375, 2332479.0625 ], [ 586150.9375, 2332475.3125 ], [ 586154.375, 2332471.25 ], [ 586156.71875, 2332466.09375 ], [ 586158.4375, 2332460.3125 ], [ 586159.84375, 2332450.46875 ], [ 586159.84375, 2332409.53125 ], [ 586158.4375, 2332399.6875 ], [ 586155.625, 2332391.25 ], [ 586150.9375, 2332384.6875 ], [ 586146.25, 2332381.875 ], [ 586140.3125, 2332380.3125 ], [ 586073.125, 2332380.0 ], [ 586062.8125, 2332380.9375 ], [ 586051.25, 2332384.375 ], [ 586028.75, 2332395.625 ], [ 586023.28125, 2332397.65625 ], [ 586013.90625, 2332399.53125 ], [ 585999.6875, 2332400.3125 ], [ 585993.75, 2332401.875 ], [ 585987.1875, 2332406.5625 ], [ 585980.9375, 2332415.3125 ], [ 585973.4375, 2332419.0625 ], [ 585966.875, 2332420.0 ], [ 585929.6875, 2332420.3125 ], [ 585921.25, 2332423.125 ], [ 585917.1875, 2332426.5625 ], [ 585910.9375, 2332435.3125 ], [ 585903.4375, 2332439.0625 ], [ 585896.875, 2332440.0 ], [ 585863.125, 2332440.0 ], [ 585853.75, 2332441.875 ], [ 585847.1875, 2332446.5625 ], [ 585840.9375, 2332455.3125 ], [ 585833.4375, 2332459.0625 ], [ 585826.875, 2332460.0 ], [ 585759.6875, 2332460.3125 ], [ 585751.25, 2332463.125 ], [ 585747.1875, 2332466.5625 ], [ 585740.9375, 2332475.3125 ], [ 585733.4375, 2332479.0625 ], [ 585726.875, 2332480.0 ], [ 585659.6875, 2332480.3125 ], [ 585651.25, 2332483.125 ], [ 585647.1875, 2332486.5625 ], [ 585640.9375, 2332495.3125 ], [ 585633.4375, 2332499.0625 ], [ 585626.875, 2332500.0 ], [ 585563.125, 2332500.0 ], [ 585556.5625, 2332500.9375 ], [ 585549.0625, 2332504.6875 ], [ 585545.625, 2332508.75 ], [ 585541.40625, 2332515.78125 ], [ 585533.59375, 2332522.96875 ], [ 585508.75, 2332535.625 ], [ 585503.28125, 2332537.65625 ], [ 585490.46875, 2332539.84375 ], [ 585453.125, 2332540.0 ], [ 585439.6875, 2332541.5625 ], [ 585431.25, 2332544.375 ], [ 585408.75, 2332555.625 ], [ 585403.28125, 2332557.65625 ], [ 585393.90625, 2332559.53125 ], [ 585379.6875, 2332560.3125 ], [ 585373.75, 2332561.875 ], [ 585367.1875, 2332566.5625 ], [ 585360.9375, 2332575.3125 ], [ 585353.4375, 2332579.0625 ], [ 585346.875, 2332580.0 ], [ 585313.125, 2332580.0 ], [ 585307.03125, 2332581.40625 ], [ 585304.6875, 2332582.8125 ], [ 585301.40625, 2332587.03125 ], [ 585300.46875, 2332589.84375 ], [ 585299.0625, 2332603.4375 ], [ 585295.3125, 2332610.9375 ], [ 585282.1875, 2332620.3125 ], [ 585278.59375, 2332624.21875 ], [ 585274.375, 2332631.25 ], [ 585270.9375, 2332635.3125 ], [ 585266.25, 2332638.125 ], [ 585260.3125, 2332639.6875 ], [ 585186.09375, 2332639.53125 ], [ 585173.90625, 2332636.71875 ], [ 585148.75, 2332624.375 ], [ 585137.1875, 2332620.9375 ], [ 585126.875, 2332620.0 ], [ 585086.09375, 2332620.46875 ], [ 585073.90625, 2332623.28125 ], [ 585048.75, 2332635.625 ], [ 585040.3125, 2332638.4375 ], [ 585030.46875, 2332639.84375 ], [ 584993.125, 2332640.0 ], [ 584986.5625, 2332640.9375 ], [ 584979.0625, 2332644.6875 ], [ 584970.9375, 2332655.3125 ], [ 584963.4375, 2332659.0625 ], [ 584956.875, 2332660.0 ], [ 584893.125, 2332660.0 ], [ 584886.5625, 2332660.9375 ], [ 584879.0625, 2332664.6875 ], [ 584872.8125, 2332673.4375 ], [ 584866.25, 2332678.125 ], [ 584860.3125, 2332679.6875 ], [ 584849.6875, 2332680.3125 ], [ 584841.25, 2332683.125 ], [ 584837.1875, 2332686.5625 ], [ 584832.8125, 2332693.4375 ], [ 584826.25, 2332698.125 ], [ 584816.875, 2332700.0 ], [ 584753.125, 2332700.0 ], [ 584746.5625, 2332700.9375 ], [ 584739.0625, 2332704.6875 ], [ 584730.9375, 2332715.3125 ], [ 584726.25, 2332718.125 ], [ 584720.3125, 2332719.6875 ], [ 584589.6875, 2332720.3125 ], [ 584583.75, 2332721.875 ], [ 584579.0625, 2332724.6875 ], [ 584572.8125, 2332733.4375 ], [ 584568.75, 2332736.875 ], [ 584563.4375, 2332739.0625 ], [ 584556.875, 2332740.0 ], [ 584523.125, 2332740.0 ], [ 584516.5625, 2332739.0625 ], [ 584509.0625, 2332735.3125 ], [ 584500.9375, 2332724.6875 ], [ 584496.25, 2332721.875 ], [ 584490.3125, 2332720.3125 ], [ 584423.125, 2332720.0 ], [ 584416.5625, 2332720.9375 ], [ 584411.25, 2332723.125 ], [ 584407.1875, 2332726.5625 ], [ 584400.9375, 2332735.3125 ], [ 584396.25, 2332738.125 ], [ 584390.3125, 2332739.6875 ], [ 584293.125, 2332740.0 ], [ 584286.5625, 2332740.9375 ], [ 584279.0625, 2332744.6875 ], [ 584270.9375, 2332755.3125 ], [ 584266.25, 2332758.125 ], [ 584260.3125, 2332759.6875 ], [ 584103.125, 2332760.0 ], [ 584096.5625, 2332760.9375 ], [ 584091.25, 2332763.125 ], [ 584087.1875, 2332766.5625 ], [ 584083.28125, 2332773.90625 ], [ 584080.9375, 2332782.8125 ], [ 584080.0, 2332793.125 ], [ 584080.0, 2332856.875 ], [ 584079.0625, 2332863.4375 ], [ 584076.875, 2332868.75 ], [ 584073.4375, 2332872.8125 ], [ 584066.09375, 2332876.71875 ], [ 584057.1875, 2332879.0625 ], [ 584046.875, 2332880.0 ], [ 584036.5625, 2332879.0625 ], [ 584031.25, 2332876.875 ], [ 584025.625, 2332871.25 ], [ 584022.34375, 2332863.28125 ], [ 584020.46875, 2332853.90625 ], [ 584019.84375, 2332809.53125 ], [ 584017.65625, 2332796.71875 ], [ 584014.375, 2332788.75 ], [ 584010.9375, 2332784.6875 ], [ 584006.25, 2332781.875 ], [ 584000.3125, 2332780.3125 ], [ 583903.125, 2332780.0 ], [ 583896.5625, 2332780.9375 ], [ 583889.0625, 2332784.6875 ], [ 583885.625, 2332788.75 ], [ 583883.28125, 2332793.90625 ], [ 583880.46875, 2332806.09375 ], [ 583880.0, 2332846.875 ], [ 583878.4375, 2332860.3125 ], [ 583874.375, 2332871.25 ], [ 583870.9375, 2332875.3125 ], [ 583866.25, 2332878.125 ], [ 583856.875, 2332880.0 ], [ 583823.125, 2332880.0 ], [ 583816.5625, 2332880.9375 ], [ 583809.0625, 2332884.6875 ], [ 583800.9375, 2332895.3125 ], [ 583796.25, 2332898.125 ], [ 583790.3125, 2332899.6875 ], [ 583693.125, 2332900.0 ], [ 583687.03125, 2332898.59375 ], [ 583684.6875, 2332897.1875 ], [ 583681.40625, 2332892.96875 ], [ 583680.46875, 2332890.15625 ], [ 583679.0625, 2332876.5625 ], [ 583675.3125, 2332869.0625 ], [ 583671.25, 2332865.625 ], [ 583648.75, 2332854.375 ], [ 583643.125, 2332848.75 ], [ 583640.9375, 2332843.4375 ], [ 583640.0, 2332836.875 ], [ 583639.6875, 2332799.6875 ], [ 583636.875, 2332791.25 ], [ 583631.25, 2332785.625 ], [ 583623.28125, 2332782.34375 ], [ 583610.46875, 2332780.15625 ], [ 583513.125, 2332780.0 ], [ 583502.8125, 2332780.9375 ], [ 583491.25, 2332784.375 ], [ 583486.5625, 2332787.1875 ], [ 583481.875, 2332793.75 ], [ 583480.0, 2332803.125 ], [ 583480.0, 2332866.875 ], [ 583478.4375, 2332880.3125 ], [ 583475.625, 2332888.75 ], [ 583472.8125, 2332893.4375 ], [ 583468.75, 2332896.875 ], [ 583460.3125, 2332899.6875 ], [ 583419.6875, 2332899.6875 ], [ 583413.75, 2332898.125 ], [ 583407.1875, 2332893.4375 ], [ 583403.28125, 2332886.09375 ], [ 583400.46875, 2332873.90625 ], [ 583399.53125, 2332829.84375 ], [ 583397.1875, 2332824.6875 ], [ 583392.96875, 2332821.40625 ], [ 583386.875, 2332820.0 ], [ 583233.125, 2332820.0 ], [ 583226.5625, 2332820.9375 ], [ 583221.25, 2332823.125 ], [ 583217.1875, 2332826.5625 ], [ 583210.9375, 2332835.3125 ], [ 583203.4375, 2332839.0625 ], [ 583196.875, 2332840.0 ], [ 583133.125, 2332840.0 ], [ 583122.8125, 2332840.9375 ], [ 583111.25, 2332844.375 ], [ 583088.75, 2332855.625 ], [ 583083.28125, 2332857.65625 ], [ 583073.90625, 2332859.53125 ], [ 583056.5625, 2332860.9375 ], [ 583049.0625, 2332864.6875 ], [ 583042.8125, 2332873.4375 ], [ 583038.75, 2332876.875 ], [ 583033.4375, 2332879.0625 ], [ 583019.6875, 2332880.3125 ], [ 583013.75, 2332881.875 ], [ 583007.1875, 2332886.5625 ], [ 583000.9375, 2332895.3125 ], [ 582996.25, 2332898.125 ], [ 582990.3125, 2332899.6875 ], [ 582653.125, 2332900.0 ], [ 582647.03125, 2332901.40625 ], [ 582644.6875, 2332902.8125 ], [ 582641.40625, 2332907.03125 ], [ 582640.0, 2332913.125 ], [ 582640.0, 2333006.875 ], [ 582640.9375, 2333013.4375 ], [ 582643.125, 2333018.75 ], [ 582648.75, 2333024.375 ], [ 582673.90625, 2333036.71875 ], [ 582682.8125, 2333039.0625 ], [ 582700.3125, 2333040.3125 ], [ 582706.25, 2333041.875 ], [ 582710.9375, 2333044.6875 ], [ 582717.1875, 2333053.4375 ], [ 582723.75, 2333058.125 ], [ 582729.6875, 2333059.6875 ], [ 582740.3125, 2333060.3125 ], [ 582748.75, 2333063.125 ], [ 582754.375, 2333068.75 ], [ 582765.625, 2333091.25 ], [ 582769.0625, 2333095.3125 ], [ 582773.75, 2333098.125 ], [ 582783.125, 2333100.0 ], [ 582846.875, 2333100.0 ], [ 582852.96875, 2333098.59375 ], [ 582855.3125, 2333097.1875 ], [ 582858.59375, 2333092.96875 ], [ 582859.53125, 2333090.15625 ], [ 582860.9375, 2333076.5625 ], [ 582863.125, 2333071.25 ], [ 582866.5625, 2333067.1875 ], [ 582873.4375, 2333062.8125 ], [ 582878.125, 2333056.25 ], [ 582879.6875, 2333050.3125 ], [ 582880.9375, 2333036.5625 ], [ 582884.6875, 2333029.0625 ], [ 582891.25, 2333024.375 ], [ 582902.8125, 2333020.9375 ], [ 582916.875, 2333020.0 ], [ 582926.25, 2333021.875 ], [ 582930.9375, 2333024.6875 ], [ 582934.375, 2333028.75 ], [ 582955.625, 2333071.25 ], [ 582959.0625, 2333075.3125 ], [ 582966.5625, 2333079.0625 ], [ 582980.3125, 2333080.3125 ], [ 582988.75, 2333083.125 ], [ 582992.8125, 2333086.5625 ], [ 583000.3125, 2333097.8125 ], [ 583004.21875, 2333101.40625 ], [ 583013.4375, 2333107.1875 ], [ 583016.875, 2333111.25 ], [ 583019.0625, 2333116.5625 ], [ 583020.0, 2333123.125 ], [ 583020.46875, 2333193.90625 ], [ 583023.28125, 2333206.09375 ], [ 583027.1875, 2333213.4375 ], [ 583031.25, 2333216.875 ], [ 583036.5625, 2333219.0625 ], [ 583050.3125, 2333220.3125 ], [ 583058.75, 2333223.125 ], [ 583062.8125, 2333226.5625 ], [ 583067.1875, 2333233.4375 ], [ 583073.75, 2333238.125 ], [ 583079.6875, 2333239.6875 ], [ 583090.3125, 2333240.3125 ], [ 583098.75, 2333243.125 ], [ 583102.8125, 2333246.5625 ], [ 583107.1875, 2333253.4375 ], [ 583113.75, 2333258.125 ], [ 583119.6875, 2333259.6875 ], [ 583133.90625, 2333260.46875 ], [ 583143.28125, 2333262.34375 ], [ 583148.75, 2333264.375 ], [ 583171.25, 2333275.625 ], [ 583182.8125, 2333279.0625 ], [ 583193.125, 2333280.0 ], [ 583226.875, 2333280.0 ], [ 583240.3125, 2333281.5625 ], [ 583248.75, 2333284.375 ], [ 583271.25, 2333295.625 ], [ 583282.8125, 2333299.0625 ], [ 583293.125, 2333300.0 ], [ 583326.875, 2333300.0 ], [ 583333.4375, 2333300.9375 ], [ 583340.9375, 2333304.6875 ], [ 583347.1875, 2333313.4375 ], [ 583353.75, 2333318.125 ], [ 583363.125, 2333320.0 ], [ 583396.875, 2333320.0 ], [ 583403.4375, 2333320.9375 ], [ 583410.9375, 2333324.6875 ], [ 583419.0625, 2333335.3125 ], [ 583423.75, 2333338.125 ], [ 583429.6875, 2333339.6875 ], [ 583526.875, 2333340.0 ], [ 583533.4375, 2333340.9375 ], [ 583540.9375, 2333344.6875 ], [ 583547.1875, 2333353.4375 ], [ 583551.25, 2333356.875 ], [ 583556.5625, 2333359.0625 ], [ 583570.3125, 2333360.3125 ], [ 583576.25, 2333361.875 ], [ 583580.9375, 2333364.6875 ], [ 583587.1875, 2333373.4375 ], [ 583591.25, 2333376.875 ], [ 583596.5625, 2333379.0625 ], [ 583610.3125, 2333380.3125 ], [ 583616.25, 2333381.875 ], [ 583622.8125, 2333386.5625 ], [ 583629.0625, 2333395.3125 ], [ 583636.5625, 2333399.0625 ], [ 583643.125, 2333400.0 ], [ 583710.46875, 2333400.15625 ], [ 583720.3125, 2333401.5625 ], [ 583728.75, 2333404.375 ], [ 583753.4375, 2333417.03125 ], [ 583756.875, 2333420.3125 ], [ 583759.0625, 2333424.21875 ], [ 583760.0, 2333431.25 ], [ 583761.40625, 2333435.3125 ], [ 583764.6875, 2333438.125 ], [ 583773.125, 2333440.0 ] ] } },
{ "type": "Feature", "properties": { }, "geometry": { "type": "LineString", "coordinates": [ [ 579613.125, 2333120.0 ], [ 579916.875, 2333120.0 ], [ 579923.4375, 2333119.0625 ], [ 579928.75, 2333116.875 ], [ 579932.8125, 2333113.4375 ], [ 579936.71875, 2333106.09375 ], [ 579939.0625, 2333097.1875 ], [ 579940.0, 2333086.875 ], [ 579940.0, 2333053.125 ], [ 579938.4375, 2333039.6875 ], [ 579934.375, 2333028.75 ], [ 579930.9375, 2333024.6875 ], [ 579926.25, 2333021.875 ], [ 579920.3125, 2333020.3125 ], [ 579906.09375, 2333019.53125 ], [ 579896.71875, 2333017.65625 ], [ 579863.28125, 2333002.34375 ], [ 579857.1875, 2333000.9375 ], [ 579846.875, 2333000.0 ], [ 579779.6875, 2332999.6875 ], [ 579771.25, 2332996.875 ], [ 579767.1875, 2332993.4375 ], [ 579760.9375, 2332984.6875 ], [ 579753.4375, 2332980.9375 ], [ 579746.875, 2332980.0 ], [ 579709.53125, 2332979.84375 ], [ 579699.6875, 2332978.4375 ], [ 579691.25, 2332975.625 ], [ 579668.75, 2332964.375 ], [ 579657.1875, 2332960.9375 ], [ 579646.875, 2332960.0 ], [ 579613.125, 2332960.0 ], [ 579599.6875, 2332958.4375 ], [ 579591.25, 2332955.625 ], [ 579568.75, 2332944.375 ], [ 579563.28125, 2332942.34375 ], [ 579553.90625, 2332940.46875 ], [ 579539.6875, 2332939.6875 ], [ 579533.75, 2332938.125 ], [ 579527.1875, 2332933.4375 ], [ 579520.9375, 2332924.6875 ], [ 579513.4375, 2332920.9375 ], [ 579506.875, 2332920.0 ], [ 579439.6875, 2332919.6875 ], [ 579431.25, 2332916.875 ], [ 579427.1875, 2332913.4375 ], [ 579420.9375, 2332904.6875 ], [ 579416.25, 2332901.875 ], [ 579410.3125, 2332900.3125 ], [ 579309.6875, 2332899.6875 ], [ 579301.25, 2332896.875 ], [ 579297.1875, 2332893.4375 ], [ 579290.9375, 2332884.6875 ], [ 579283.4375, 2332880.9375 ], [ 579276.875, 2332880.0 ], [ 579243.125, 2332880.0 ], [ 579233.75, 2332878.125 ], [ 579227.1875, 2332873.4375 ], [ 579220.9375, 2332864.6875 ], [ 579213.4375, 2332860.9375 ], [ 579206.875, 2332860.0 ], [ 579106.09375, 2332859.53125 ], [ 579093.90625, 2332856.71875 ], [ 579066.09375, 2332843.28125 ], [ 579053.90625, 2332840.46875 ], [ 578833.125, 2332840.0 ], [ 578826.5625, 2332840.9375 ], [ 578819.0625, 2332844.6875 ], [ 578812.8125, 2332853.4375 ], [ 578806.25, 2332858.125 ], [ 578800.3125, 2332859.6875 ], [ 578789.6875, 2332860.3125 ], [ 578781.25, 2332863.125 ], [ 578777.1875, 2332866.5625 ], [ 578772.8125, 2332873.4375 ], [ 578766.25, 2332878.125 ], [ 578756.875, 2332880.0 ], [ 578723.125, 2332880.0 ], [ 578716.5625, 2332880.9375 ], [ 578711.25, 2332883.125 ], [ 578707.1875, 2332886.5625 ], [ 578702.96875, 2332893.59375 ], [ 578697.8125, 2332899.6875 ], [ 578684.6875, 2332909.0625 ], [ 578680.9375, 2332916.5625 ], [ 578680.0, 2332923.125 ], [ 578680.0, 2332986.875 ], [ 578681.875, 2332996.25 ], [ 578684.6875, 2333000.9375 ], [ 578688.75, 2333004.375 ], [ 578751.25, 2333035.625 ], [ 578756.71875, 2333037.65625 ], [ 578762.8125, 2333039.0625 ], [ 578773.125, 2333040.0 ], [ 578866.875, 2333040.0 ], [ 578873.4375, 2333040.9375 ], [ 578880.9375, 2333044.6875 ], [ 578887.1875, 2333053.4375 ], [ 578893.75, 2333058.125 ], [ 578899.6875, 2333059.6875 ], [ 578913.90625, 2333060.46875 ], [ 578923.28125, 2333062.34375 ], [ 578928.75, 2333064.375 ], [ 578951.25, 2333075.625 ], [ 578962.8125, 2333079.0625 ], [ 578973.125, 2333080.0 ], [ 579006.875, 2333080.0 ], [ 579013.4375, 2333080.9375 ], [ 579020.9375, 2333084.6875 ], [ 579029.0625, 2333095.3125 ], [ 579036.5625, 2333099.0625 ], [ 579043.125, 2333100.0 ], [ 579106.875, 2333100.0 ], [ 579113.4375, 2333099.0625 ], [ 579118.75, 2333096.875 ], [ 579122.8125, 2333093.4375 ], [ 579135.625, 2333068.75 ], [ 579142.1875, 2333060.3125 ], [ 579148.75, 2333055.625 ], [ 579171.25, 2333044.375 ], [ 579175.78125, 2333041.40625 ], [ 579181.40625, 2333035.78125 ], [ 579187.1875, 2333026.5625 ], [ 579193.75, 2333021.875 ], [ 579203.125, 2333020.0 ], [ 579270.3125, 2333019.6875 ], [ 579278.75, 2333016.875 ], [ 579282.8125, 2333013.4375 ], [ 579289.0625, 2333004.6875 ], [ 579296.5625, 2333000.9375 ], [ 579303.125, 2333000.0 ], [ 579336.875, 2333000.0 ], [ 579343.4375, 2333000.9375 ], [ 579348.75, 2333003.125 ], [ 579352.8125, 2333006.5625 ], [ 579359.0625, 2333015.3125 ], [ 579366.5625, 2333019.0625 ], [ 579373.125, 2333020.0 ], [ 579410.46875, 2333020.15625 ], [ 579420.3125, 2333021.5625 ], [ 579428.75, 2333024.375 ], [ 579451.25, 2333035.625 ], [ 579455.78125, 2333038.59375 ], [ 579461.40625, 2333044.21875 ], [ 579465.625, 2333051.25 ], [ 579469.0625, 2333055.3125 ], [ 579476.5625, 2333059.0625 ], [ 579483.125, 2333060.0 ], [ 579546.875, 2333060.0 ], [ 579556.25, 2333061.875 ], [ 579560.9375, 2333064.6875 ], [ 579564.375, 2333068.75 ], [ 579575.625, 2333091.25 ], [ 579580.3125, 2333097.8125 ], [ 579586.40625, 2333102.96875 ], [ 579596.875, 2333109.375 ], [ 579599.0625, 2333111.875 ], [ 579600.0, 2333115.625 ], [ 579601.40625, 2333117.65625 ], [ 579604.6875, 2333119.0625 ], [ 579613.125, 2333120.0 ] ] } },
{ "type": "Feature", "properties": { }, "geometry": { "type": "LineString", "coordinates": [ [ 589353.125, 2327800.0 ], [ 589420.3125, 2327799.6875 ], [ 589428.75, 2327796.875 ], [ 589434.375, 2327791.25 ], [ 589437.65625, 2327783.28125 ], [ 589439.84375, 2327770.46875 ], [ 589440.0, 2327703.125 ], [ 589438.125, 2327693.75 ], [ 589435.3125, 2327689.0625 ], [ 589431.25, 2327685.625 ], [ 589423.28125, 2327682.34375 ], [ 589410.46875, 2327680.15625 ], [ 589369.53125, 2327680.15625 ], [ 589359.6875, 2327681.5625 ], [ 589351.25, 2327684.375 ], [ 589346.5625, 2327687.1875 ], [ 589343.125, 2327691.25 ], [ 589340.9375, 2327696.5625 ], [ 589340.0, 2327703.125 ], [ 589340.0, 2327791.25 ], [ 589340.46875, 2327793.4375 ], [ 589342.8125, 2327796.875 ], [ 589347.03125, 2327799.0625 ], [ 589353.125, 2327800.0 ] ] } },
{ "type": "Feature", "properties": { }, "geometry": { "type": "LineString", "coordinates": [ [ 589393.125, 2327580.0 ], [ 589456.875, 2327580.0 ], [ 589466.25, 2327578.125 ], [ 589472.8125, 2327573.4375 ], [ 589476.71875, 2327566.09375 ], [ 589479.53125, 2327553.90625 ], [ 589480.0, 2327513.125 ], [ 589479.53125, 2327506.09375 ], [ 589477.65625, 2327496.71875 ], [ 589474.375, 2327488.75 ], [ 589470.9375, 2327484.6875 ], [ 589466.25, 2327481.875 ], [ 589456.875, 2327480.0 ], [ 589393.125, 2327480.0 ], [ 589387.03125, 2327481.40625 ], [ 589382.8125, 2327484.6875 ], [ 589381.40625, 2327487.03125 ], [ 589380.0, 2327493.125 ], [ 589380.0, 2327575.625 ], [ 589382.8125, 2327578.4375 ], [ 589393.125, 2327580.0 ] ] } }
]
}
