Buffer (m),Coverage (%)
10,40.45680883308076
20,57.96276250270621
30,75.67438839575665
50,88.86555531500325
75,93.69993505087682
100,95.74583243126217
