Buffer (m),Coverage (%)
10,35.92741797821857
20,58.371172032364896
30,67.61803967088868
50,73.97835512614796
75,75.84240893107098
100,76.82393909391963
