Buffer (m),Coverage (%)
10,34.01745347492377
20,45.652402481337404
30,63.618967511302706
50,82.56545053096414
75,89.29660393228893
100,92.60435285458942
