Buffer (m),Coverage (%)
10,33.06601698643116
20,53.167191148106795
30,62.41329137481812
50,68.76120867593815
75,71.2279633201367
100,72.65759821337934
