{
"type": "FeatureCollection",
"name": "reach3_s2_ref_2024_dry",
"crs": { "type": "name", "properties": { "name": "urn:ogc:def:crs:OGC:1.3:CRS84" } },
"features": [
{ "type": "Feature", "properties": { "id": "ref_s2_2024_dry_0", "is_island": false, "length_m": 4400.0 }, "geometry": { "type": "LineString", "coordinates": [ [ 106.00406979615407, 20.704243932897345 ], [ 106.003877762170276, 20.704245052401792 ], [ 106.003875382863512, 20.703883669736481 ], [ 106.003683349321918, 20.703884789005592 ], [ 106.003680970521074, 20.703523406303589 ], [ 106.003488937421679, 20.703524525337368 ], [ 106.003487748267858, 20.703343833969946 ], [ 106.003295715383189, 20.703344952779048 ], [ 106.003293337568678, 20.702983570011359 ], [ 106.003101305126208, 20.702984688585147 ], [ 106.003098927817575, 20.702623305780786 ], [ 106.002906895817304, 20.702624424119264 ], [ 106.002904519014521, 20.702263041278218 ], [ 106.002712487456421, 20.702264159381397 ], [ 106.002711299301581, 20.702083467944462 ], [ 106.00251926795822, 20.702084585822984 ], [ 106.002516892141628, 20.701723202916298 ], [ 106.002324861240425, 20.701724320559531 ], [ 106.002323673578672, 20.701543629089784 ], [ 106.001555550756407, 20.701548097479996 ], [ 106.001556737508366, 20.701728788992238 ], [ 106.00078861357288, 20.701733254000533 ], [ 106.000789799427778, 20.701913945551382 ], [ 105.998485423672733, 20.701927320157036 ], [ 105.9984866068109, 20.702108011831207 ], [ 105.997142385185015, 20.702115799525711 ], [ 105.997143566743688, 20.702296491270079 ], [ 105.996375438911912, 20.702300936714831 ], [ 105.996376619573425, 20.702481628497619 ], [ 105.995416458361817, 20.702487180540608 ], [ 105.995417637898669, 20.702667872372334 ], [ 105.995033572870625, 20.702670091712395 ], [ 105.995034751965193, 20.702850783561377 ], [ 105.992346292170538, 20.702866295117069 ], [ 105.992345116260466, 20.702685603120592 ], [ 105.991384952586614, 20.702691132742441 ], [ 105.991383777826442, 20.702510440689533 ], [ 105.98984751711356, 20.702519276870479 ], [ 105.989846344185651, 20.702338584729702 ], [ 105.988694149487856, 20.702345202812939 ], [ 105.988692977937291, 20.702164510605382 ], [ 105.986772654711558, 20.70217552351658 ], [ 105.986777331890735, 20.702898292742596 ], [ 105.986969365179561, 20.702897192372774 ], [ 105.986970534733146, 20.703077884659184 ], [ 105.987162568236926, 20.703076784064855 ], [ 105.987163738030503, 20.703257476336951 ], [ 105.987547805455392, 20.703255274485226 ], [ 105.98754897571645, 20.703435966732542 ], [ 105.987741009637574, 20.703434865475138 ], [ 105.987742180138639, 20.703615557708122 ], [ 105.988126248398189, 20.70361335453023 ], [ 105.988127419366762, 20.703794046738416 ], [ 105.988703522344409, 20.703790740334767 ], [ 105.988704694007978, 20.703971432507664 ], [ 105.989664866523711, 20.703965917501453 ], [ 105.989666039337223, 20.704146609618064 ], [ 105.992738592914733, 20.70412892546917 ], [ 105.992739769380563, 20.704309617413784 ], [ 105.998884874124698, 20.704274084384828 ], [ 105.998886057882657, 20.704454775987742 ], [ 106.00407098605406, 20.704424624213576 ], [ 106.00406979615407, 20.704243932897345 ] ] } },
{ "type": "Feature", "properties": { "id": "ref_s2_2024_dry_1", "is_island": false, "length_m": 331920.0 }, "geometry": { "type": "LineString", "coordinates": [ [ 105.435906630332923, 21.209715725461098 ], [ 105.435909812943223, 21.210799944893992 ], [ 105.435524401562745, 21.210800939280745 ], [ 105.43552387158266, 21.210620236042352 ], [ 105.435331166118488, 21.210620732901276 ], [ 105.435331695864107, 21.210801436144301 ], [ 105.434946284450049, 21.210802429211771 ], [ 105.434946813732296, 21.210983132460179 ], [ 105.434754107782396, 21.210983628668721 ], [ 105.434755165894657, 21.211345035163159 ], [ 105.434369753040173, 21.211346026939093 ], [ 105.434370281635694, 21.211526730189739 ], [ 105.433792161608622, 21.211528216218341 ], [ 105.433792689506248, 21.211708919478962 ], [ 105.433599982584909, 21.211709414386672 ], [ 105.4336010379279, 21.212070820905513 ], [ 105.433215623130508, 21.212071810079692 ], [ 105.433216150341366, 21.212252513342523 ], [ 105.432830735052704, 21.212253501646334 ], [ 105.432831261800118, 21.212434204914501 ], [ 105.433023969681727, 21.212433710867938 ], [ 105.433025023662239, 21.212795117383422 ], [ 105.433217732007307, 21.212794623107744 ], [ 105.433217204779766, 21.212613919856548 ], [ 105.433409912884755, 21.212613425365571 ], [ 105.433409385428249, 21.212432722115111 ], [ 105.433602093293175, 21.212432227408851 ], [ 105.433601565607745, 21.212251524159118 ], [ 105.433794273232579, 21.212251029237574 ], [ 105.433793745318226, 21.212070325988581 ], [ 105.434179160082167, 21.212069335495034 ], [ 105.434181802054766, 21.212972851655078 ], [ 105.43437451060089, 21.21297235605536 ], [ 105.434375039246675, 21.213153059271121 ], [ 105.434567748021735, 21.213152563446883 ], [ 105.43456880579906, 21.213513969857523 ], [ 105.434761515037579, 21.213513473804127 ], [ 105.434763102449011, 21.214055583377142 ], [ 105.43495581238551, 21.21405508708996 ], [ 105.4349568711568, 21.214416493443341 ], [ 105.434764160751243, 21.214416989739775 ], [ 105.434765748246505, 21.214959099254624 ], [ 105.434573037131756, 21.214959595345015 ], [ 105.43457462397366, 21.215501704838854 ], [ 105.434381912149689, 21.215502200723172 ], [ 105.434385613334399, 21.216767122772108 ], [ 105.434192899862964, 21.216767618468836 ], [ 105.434194485465028, 21.217309727874078 ], [ 105.43438719964017, 21.21730923216349 ], [ 105.434389843594786, 21.218212747738246 ], [ 105.434197128246751, 21.218213243471936 ], [ 105.434198185398486, 21.218574649683937 ], [ 105.434390901215707, 21.218574153941013 ], [ 105.434391958858953, 21.218935560128266 ], [ 105.434199242572561, 21.21893605588043 ], [ 105.434199771167982, 21.219116758972856 ], [ 105.434392487688967, 21.219116263216073 ], [ 105.434393545365722, 21.219477669380058 ], [ 105.434586262350322, 21.219477173394047 ], [ 105.434586791431684, 21.219657876465607 ], [ 105.434394074212477, 21.219658372456234 ], [ 105.434395131922741, 21.220019778596949 ], [ 105.434587849611148, 21.220019282597079 ], [ 105.434588378709279, 21.220199985656993 ], [ 105.434395660786251, 21.220200481661493 ], [ 105.434396189655331, 21.220381184722157 ], [ 105.434203471492097, 21.220381680511284 ], [ 105.434204528777798, 21.220743086630218 ], [ 105.434011810139765, 21.220743582208591 ], [ 105.434013923839615, 21.221466394418396 ], [ 105.433821204257512, 21.221466889795241 ], [ 105.433821732461794, 21.221647592842615 ], [ 105.433629012639472, 21.221648088004073 ], [ 105.433632708583104, 21.222913009259397 ], [ 105.433825430047918, 21.222912514065637 ], [ 105.433827014811328, 21.223454623103045 ], [ 105.43401973697452, 21.223454127675424 ], [ 105.434020265474786, 21.223634830675518 ], [ 105.434212987867042, 21.223634335023259 ], [ 105.434215631625477, 21.224537849942468 ], [ 105.434408355185468, 21.224537354047079 ], [ 105.434409413197272, 21.224898759978384 ], [ 105.434602137221034, 21.224898263853703 ], [ 105.43460531279851, 21.225982481526778 ], [ 105.434412587366651, 21.225982977679184 ], [ 105.43441946542336, 21.228332115551893 ], [ 105.434612193906418, 21.228331619339393 ], [ 105.434614840737808, 21.229235133708151 ], [ 105.435000300034446, 21.229234140576658 ], [ 105.434999770187531, 21.229053437719919 ], [ 105.435192499592716, 21.229052940828669 ], [ 105.435193029674366, 21.229233643680782 ], [ 105.435385759308701, 21.229233146564813 ], [ 105.43538735029145, 21.229775255083986 ], [ 105.435194619952895, 21.22977575221384 ], [ 105.435195680166572, 21.23013715788316 ], [ 105.435002949352935, 21.230137654802185 ], [ 105.435004539011146, 21.230679763290947 ], [ 105.435197270529031, 21.230679266358031 ], [ 105.435198330798656, 21.231040671988552 ], [ 105.435391062780454, 21.231040174826276 ], [ 105.435391593158428, 21.231220877631081 ], [ 105.435777057574768, 21.231219882636932 ], [ 105.435777588427854, 21.231400585428599 ], [ 105.435970320862381, 21.231400087596715 ], [ 105.435969789774532, 21.231219384809691 ], [ 105.436740718517541, 21.231217391299602 ], [ 105.436741250544443, 21.231398094068062 ], [ 105.436933982950933, 21.231397595135615 ], [ 105.436935579769653, 21.231939703403761 ], [ 105.437128312874819, 21.23193920423725 ], [ 105.437131508072596, 21.233023420640894 ], [ 105.437324242580829, 21.233022921226357 ], [ 105.437325840959957, 21.233565029361841 ], [ 105.437518576166937, 21.233564529713217 ], [ 105.437519642250734, 21.233925935108161 ], [ 105.437326906574171, 21.233926434766101 ], [ 105.437328505037641, 21.234468542843391 ], [ 105.437521241418622, 21.234468043171493 ], [ 105.437522840637143, 21.235010151199898 ], [ 105.437715577716929, 21.235009651293886 ], [ 105.437717177690544, 21.235551759273399 ], [ 105.437909915469149, 21.23555125913326 ], [ 105.437910982616003, 21.235912664424212 ], [ 105.438103720858635, 21.235912164054596 ], [ 105.438105322325654, 21.236454271947952 ], [ 105.438298061267133, 21.236453771344177 ], [ 105.43829966348936, 21.236995879188626 ], [ 105.438492403129715, 21.236995378350688 ], [ 105.438495074787056, 21.237898891323834 ], [ 105.438687815596012, 21.237898390242389 ], [ 105.438690488568611, 21.23880190309519 ], [ 105.438883230546224, 21.238801401770214 ], [ 105.43888536996532, 21.239524211963921 ], [ 105.439078112876786, 21.239523710400075 ], [ 105.439080253325713, 21.240246520513004 ], [ 105.439272997171045, 21.240246018710256 ], [ 105.439274067899163, 21.24060742373409 ], [ 105.439466812208622, 21.240606921701779 ], [ 105.439467883429117, 21.240968326700738 ], [ 105.439660628202731, 21.240967824438865 ], [ 105.439661699915632, 21.241329229412948 ], [ 105.439854445153358, 21.241328726921484 ], [ 105.43985551735868, 21.241690131870683 ], [ 105.440048263060575, 21.24168962914964 ], [ 105.440048799406625, 21.24187033161374 ], [ 105.440241545337756, 21.241869828667781 ], [ 105.440242618516663, 21.242231233574966 ], [ 105.440435364911963, 21.242230730399402 ], [ 105.440436975427531, 21.242772837717013 ], [ 105.440629722521919, 21.242772334307155 ], [ 105.440630796697121, 21.243133739156782 ], [ 105.440438049132894, 21.243134242576012 ], [ 105.440440196611618, 21.243857052247428 ], [ 105.440247448101999, 21.243857555465151 ], [ 105.440249058065689, 21.244399662692015 ], [ 105.440634556488874, 21.24439865600819 ], [ 105.440635630766096, 21.244760060787943 ], [ 105.44005738171316, 21.244761570511397 ], [ 105.440057918155418, 21.244942272909501 ], [ 105.439865168224827, 21.244942775714804 ], [ 105.439866240656428, 21.245304180508736 ], [ 105.440058991056929, 21.245303677694075 ], [ 105.440060600451631, 21.245845784841819 ], [ 105.440253351551334, 21.245845281792835 ], [ 105.440254961701868, 21.246387388891591 ], [ 105.440447713500816, 21.246386885608285 ], [ 105.440450398373187, 21.247290397338471 ], [ 105.440643151341348, 21.247289893811438 ], [ 105.440645837530269, 21.248193405421141 ], [ 105.440838591667713, 21.248192901650359 ], [ 105.440840204154071, 21.248735008555528 ], [ 105.441032958990832, 21.248734504550377 ], [ 105.441033496732629, 21.248915206839641 ], [ 105.441804516962918, 21.248913188597147 ], [ 105.441803978281101, 21.24873248632667 ], [ 105.441996733089468, 21.248731981219969 ], [ 105.441998888790835, 21.249454790259779 ], [ 105.442191644533551, 21.249454284913952 ], [ 105.442192722888379, 21.24981568940116 ], [ 105.442385479095421, 21.249815183825604 ], [ 105.442386018516387, 21.249995886058677 ], [ 105.442578774952764, 21.249995380258092 ], [ 105.442579314614434, 21.250176082482572 ], [ 105.443157584594474, 21.250174563744739 ], [ 105.443155963511373, 21.249632457102059 ], [ 105.443348719454931, 21.24963195042961 ], [ 105.443347097718117, 21.249089843766136 ], [ 105.443539852950934, 21.249089336887522 ], [ 105.443538771351555, 21.24872793243523 ], [ 105.443731526108664, 21.248727425345741 ], [ 105.443735313451398, 21.249992340827792 ], [ 105.443542557049227, 21.249992847950317 ], [ 105.443544720430538, 21.250715656730659 ], [ 105.443351963082549, 21.250716163651735 ], [ 105.443352503707118, 21.250896865841831 ], [ 105.443545261290126, 21.250896358916041 ], [ 105.44354742478555, 21.25161916761872 ], [ 105.443354666262394, 21.251619674563386 ], [ 105.443360613759921, 21.253607398227327 ], [ 105.443167852645445, 21.253607905003527 ], [ 105.443170555106164, 21.254511415628119 ], [ 105.442977792810623, 21.254511922207531 ], [ 105.44297995394146, 21.255234730656159 ], [ 105.442787190699889, 21.25523523703405 ], [ 105.442787730761765, 21.255415939141201 ], [ 105.442980494238427, 21.2554154327586 ], [ 105.442982655483249, 21.256138241129559 ], [ 105.44278989106617, 21.256138747531004 ], [ 105.442791511354315, 21.25668085378258 ], [ 105.442598746226224, 21.256681359977765 ], [ 105.442601445644797, 21.257584870342939 ], [ 105.442408679335429, 21.257585376341268 ], [ 105.442412457114642, 21.258850290722339 ], [ 105.44221968915366, 21.258850796533206 ], [ 105.442221307581832, 21.259392902652383 ], [ 105.442028538909724, 21.25939340825694 ], [ 105.44202961741999, 21.259754812326381 ], [ 105.44164407911812, 21.259755822893002 ], [ 105.441645156710521, 21.260117226965718 ], [ 105.441452387080759, 21.260117731927771 ], [ 105.441451848516863, 21.259937029888661 ], [ 105.441066309710607, 21.259938039142067 ], [ 105.44106684780418, 21.260118741190571 ], [ 105.440488538846765, 21.260120253431477 ], [ 105.440489076240524, 21.260300955490166 ], [ 105.440296306341551, 21.260301459134276 ], [ 105.44029684350582, 21.260482161193764 ], [ 105.44010407336603, 21.260482664622117 ], [ 105.440104610300793, 21.260663366682412 ], [ 105.439911839920185, 21.260663869895005 ], [ 105.439912376625429, 21.260844571956092 ], [ 105.43971960600399, 21.260845074952915 ], [ 105.439721215448216, 21.261387181126917 ], [ 105.439913986775181, 21.261386678116047 ], [ 105.439914523503091, 21.261567380161601 ], [ 105.439721751940951, 21.261567883177147 ], [ 105.439722288439327, 21.261748585223494 ], [ 105.439336744827713, 21.261749590602573 ], [ 105.439337280861395, 21.261930292654394 ], [ 105.439530052905212, 21.261929790070408 ], [ 105.439532734334321, 21.262833300247834 ], [ 105.43933996111457, 21.262833802855209 ], [ 105.439341033255403, 21.263195206908343 ], [ 105.439533806945562, 21.263194704291621 ], [ 105.439534879579426, 21.263556108319865 ], [ 105.439727653734337, 21.263555605473318 ], [ 105.439728190294957, 21.263736307476933 ], [ 105.439920964679416, 21.263735804405222 ], [ 105.439924185573233, 21.264820016317273 ], [ 105.43973140977748, 21.264820519417064 ], [ 105.439732482983587, 21.265181923366029 ], [ 105.440118035510338, 21.265180916927232 ], [ 105.44011857259234, 21.265361618886526 ], [ 105.440504125566875, 21.265360611556371 ], [ 105.440506813414189, 21.266264121247712 ], [ 105.440314035753559, 21.266264625046468 ], [ 105.440315110461668, 21.266626028905186 ], [ 105.44012233232489, 21.266626532492801 ], [ 105.440122869452196, 21.266807234421009 ], [ 105.439544534302144, 21.266808743874829 ], [ 105.439545070729352, 21.266989445813195 ], [ 105.439352292099443, 21.266989948528121 ], [ 105.439352828297061, 21.267170650467278 ], [ 105.439160049426235, 21.267171152966359 ], [ 105.439160585394248, 21.267351854906305 ], [ 105.438775027165121, 21.267352859252242 ], [ 105.438775562668269, 21.267533561197652 ], [ 105.438582783309997, 21.267534063044504 ], [ 105.438583318583525, 21.267714764990696 ], [ 105.438390538984322, 21.267715266621693 ], [ 105.438391609077797, 21.268076670511757 ], [ 105.438198829002431, 21.268077171931555 ], [ 105.438199898647923, 21.268438575815395 ], [ 105.43800711809638, 21.268439077023992 ], [ 105.438008187293875, 21.268800480901618 ], [ 105.437815406266154, 21.268800981899002 ], [ 105.437815940638075, 21.26898168383665 ], [ 105.437623159369423, 21.268982184618149 ], [ 105.437623693511696, 21.269162886556561 ], [ 105.436467004369987, 21.269165886642146 ], [ 105.436470733641357, 21.270430800297621 ], [ 105.436277950451029, 21.27043129957249 ], [ 105.436279548088521, 21.270973405380492 ], [ 105.436086764186655, 21.270973904448731 ], [ 105.436089958201364, 21.272058115987665 ], [ 105.435897172881994, 21.272058614863177 ], [ 105.435898769259126, 21.272600720594102 ], [ 105.434549266924805, 21.272604206643884 ], [ 105.434549797414419, 21.272784908578839 ], [ 105.433971438481194, 21.272786399305318 ], [ 105.433971968270399, 21.272967101250256 ], [ 105.433586395149646, 21.272968093974225 ], [ 105.433586924473758, 21.273148795924506 ], [ 105.433008564044798, 21.273150283369901 ], [ 105.43300909266847, 21.27333098533013 ], [ 105.432623518550614, 21.273331975866665 ], [ 105.432624046709179, 21.273512677832223 ], [ 105.432431259406556, 21.273513172774212 ], [ 105.432433371155099, 21.274235980615991 ], [ 105.432240582905521, 21.274236475355789 ], [ 105.43224111062122, 21.274417177311122 ], [ 105.432626687585525, 21.274416187601719 ], [ 105.432626159399121, 21.274235485655591 ], [ 105.432818947637571, 21.274234990474593 ], [ 105.432818419221377, 21.274054288529182 ], [ 105.433396783197239, 21.274052801676415 ], [ 105.433396254080563, 21.273872099740952 ], [ 105.43397461730018, 21.273870610916649 ], [ 105.433974087483051, 21.273689908991145 ], [ 105.434552449946352, 21.273688418195345 ], [ 105.434551919428785, 21.273507716279816 ], [ 105.434937493905679, 21.273506721322239 ], [ 105.434936962923004, 21.273326019412071 ], [ 105.435515323890328, 21.273324525335163 ], [ 105.435514792207243, 21.27314382343501 ], [ 105.436093152418096, 21.273142327386712 ], [ 105.436092620034614, 21.272961625496581 ], [ 105.436670979488952, 21.272960127476932 ], [ 105.436670446405074, 21.272779425596848 ], [ 105.43724880510284, 21.272777925605883 ], [ 105.43724827131858, 21.272597223735865 ], [ 105.437826629259717, 21.272595721773619 ], [ 105.43782609477509, 21.272415019913684 ], [ 105.438211666237009, 21.272414017511938 ], [ 105.438211131287389, 21.272233315657441 ], [ 105.438789487731995, 21.272231810414489 ], [ 105.438788952082035, 21.2720511085701 ], [ 105.439367307769842, 21.272049601355977 ], [ 105.439366771419571, 21.271868899521714 ], [ 105.439945126350523, 21.271867390336453 ], [ 105.439944589299955, 21.27168668851235 ], [ 105.440522943473994, 21.271685177355991 ], [ 105.440522405723144, 21.271504475542056 ], [ 105.440907974673536, 21.271503467011016 ], [ 105.440907436457721, 21.271322765202576 ], [ 105.441293004914769, 21.271321755798652 ], [ 105.441292466234017, 21.271141053995706 ], [ 105.441870818171083, 21.27113953824967 ], [ 105.441870278790077, 21.270958836456941 ], [ 105.442255846249083, 21.270957824866173 ], [ 105.44225530640314, 21.270777123078972 ], [ 105.442640873368774, 21.270776110615373 ], [ 105.442640333057923, 21.270595408833699 ], [ 105.443218682757717, 21.270593888498247 ], [ 105.443218141746669, 21.270413186726824 ], [ 105.44360370771409, 21.270412172076508 ], [ 105.443603166238148, 21.270231470310634 ], [ 105.443988731712139, 21.270230454787544 ], [ 105.443985480152875, 21.269146244167391 ], [ 105.443792698830464, 21.269146752010876 ], [ 105.443789990531243, 21.26824324303028 ], [ 105.443597210379508, 21.268243750629615 ], [ 105.443594503399368, 21.267340241528277 ], [ 105.443401724418237, 21.26734074888348 ], [ 105.443399018757063, 21.266437239661411 ], [ 105.443206240946481, 21.26643774677251 ], [ 105.443205159192431, 21.26607634304705 ], [ 105.44339793653252, 21.266075835945387 ], [ 105.443393066804546, 21.264449519030958 ], [ 105.443585842021889, 21.26444901175126 ], [ 105.443582053128708, 21.263184098411077 ], [ 105.443774826693868, 21.263183590943939 ], [ 105.443771036434029, 21.261918677446456 ], [ 105.443963808347135, 21.261918169791905 ], [ 105.443960016720837, 21.260653256137136 ], [ 105.444152786982031, 21.2606527482952 ], [ 105.444141950603438, 21.257038708327315 ], [ 105.444334716156106, 21.257038200359482 ], [ 105.444326586845577, 21.25432766943495 ], [ 105.444519348866081, 21.254327161317644 ], [ 105.444515011879133, 21.252881544505104 ], [ 105.444707772013373, 21.25288103620527 ], [ 105.444703975804629, 21.251616121323536 ], [ 105.444896734287795, 21.251615612836481 ], [ 105.444893479207465, 21.250531399957666 ], [ 105.445086236274719, 21.250530891278675 ], [ 105.445082979990303, 21.249446678288482 ], [ 105.445275735641715, 21.249446169417581 ], [ 105.445273021053779, 21.248542658509329 ], [ 105.445465775524426, 21.248542149441803 ], [ 105.445463059904711, 21.247638638460177 ], [ 105.445655813194676, 21.247638129196044 ], [ 105.445653096543296, 21.246734618141062 ], [ 105.445845848652624, 21.246734108680347 ], [ 105.445843674494824, 21.246011299785444 ], [ 105.446036425658534, 21.246010790123421 ], [ 105.446034794395516, 21.245468683425717 ], [ 105.446227544848625, 21.245468173557658 ], [ 105.446225912932363, 21.244926066839252 ], [ 105.446418662674873, 21.244925556765164 ], [ 105.446417030105422, 21.244383450026067 ], [ 105.446609779137361, 21.244382939745968 ], [ 105.446608690316566, 21.244021535243323 ], [ 105.446801438872868, 21.24402102475247 ], [ 105.446799804979946, 21.243478917983651 ], [ 105.446992552825719, 21.243478407286805 ], [ 105.446991463122643, 21.243117002764357 ], [ 105.447184210492807, 21.243116491856782 ], [ 105.447183665414983, 21.24293578959449 ], [ 105.447376412544472, 21.242935278471432 ], [ 105.447375321936207, 21.242573873944714 ], [ 105.447568068590101, 21.242573362610926 ], [ 105.447567523059689, 21.242392660346514 ], [ 105.447760269472923, 21.242392148797251 ], [ 105.44775917795954, 21.242030744266298 ], [ 105.447951923897193, 21.242030232506327 ], [ 105.447951377914222, 21.241849530239794 ], [ 105.4481441236112, 21.241849018264357 ], [ 105.448143577399094, 21.241668315998705 ], [ 105.448336322855397, 21.241667803807811 ], [ 105.448335776414154, 21.241487101543054 ], [ 105.448528521629797, 21.241486589136702 ], [ 105.448527974959418, 21.24130588687283 ], [ 105.448720719934386, 21.241305374251017 ], [ 105.448720173034886, 21.24112467198804 ], [ 105.449105662497715, 21.241123646093307 ], [ 105.449105115134188, 21.240942943835993 ], [ 105.449297859622035, 21.240942430563074 ], [ 105.449297312029401, 21.240761728306655 ], [ 105.449490056276588, 21.240761214818296 ], [ 105.449489508454832, 21.240580512562786 ], [ 105.449682252461344, 21.240579998858987 ], [ 105.449681156365401, 21.240218594345883 ], [ 105.44987389989636, 21.24021808043144 ], [ 105.449873351622159, 21.240037378173849 ], [ 105.450066094912472, 21.240036864043986 ], [ 105.450065546409192, 21.239856161787309 ], [ 105.450258289458816, 21.239855647442017 ], [ 105.450257740726443, 21.239674945186241 ], [ 105.450064997911696, 21.239675459526737 ], [ 105.450063900934069, 21.239314054993951 ], [ 105.449485673864359, 21.239315596665495 ], [ 105.449485126088831, 21.239134894378928 ], [ 105.44929238395558, 21.239135407824257 ], [ 105.449291288891601, 21.238774003229917 ], [ 105.449098547222292, 21.238774516445496 ], [ 105.449096905374276, 21.238232409510537 ], [ 105.448904164403757, 21.238232922491576 ], [ 105.448903070336996, 21.237871517839306 ], [ 105.448710329830419, 21.237872030590609 ], [ 105.448709236256434, 21.237510625913266 ], [ 105.448516496213813, 21.237511138434844 ], [ 105.448515403132589, 21.23714973373243 ], [ 105.448322663553881, 21.237150246024282 ], [ 105.448321570965405, 21.236788841296804 ], [ 105.44812883185061, 21.236789353358933 ], [ 105.448128285799854, 21.236608650984607 ], [ 105.447935546914138, 21.236609162821804 ], [ 105.447935001103986, 21.236428460438827 ], [ 105.447742262447321, 21.236428972051087 ], [ 105.44774117131395, 21.236067567263955 ], [ 105.447548433121199, 21.236068078646529 ], [ 105.447547342480519, 21.235706673834351 ], [ 105.447354604751666, 21.235707184987227 ], [ 105.447353514603634, 21.235345780150002 ], [ 105.447160777338652, 21.23534629107321 ], [ 105.447159687683268, 21.234984886210949 ], [ 105.446966950882171, 21.234985396904484 ], [ 105.446965861719406, 21.23462399201718 ], [ 105.44677312538218, 21.234624502481058 ], [ 105.446772036712019, 21.234263097568729 ], [ 105.446579300838664, 21.234263607802948 ], [ 105.446578212661052, 21.23390220286559 ], [ 105.446385477251567, 21.233902712870169 ], [ 105.446384389566532, 21.233541307907789 ], [ 105.44619165462089, 21.233541817682728 ], [ 105.446190567428388, 21.233180412695333 ], [ 105.445997832946603, 21.233180922240642 ], [ 105.445996746246607, 21.232819517228233 ], [ 105.445804012228649, 21.232820026543919 ], [ 105.44580346912204, 21.232639324027151 ], [ 105.445610735333133, 21.232639833117972 ], [ 105.445609649606681, 21.23227842806331 ], [ 105.445416916281587, 21.232278936924523 ], [ 105.445415831047598, 21.231917531844857 ], [ 105.445223098186332, 21.231918040476476 ], [ 105.445222555812691, 21.231737337926084 ], [ 105.445029823180462, 21.231737846332848 ], [ 105.445028738919902, 21.231376441210955 ], [ 105.444836006751501, 21.231376949388132 ], [ 105.444834381107825, 21.230834841661999 ], [ 105.444641649637973, 21.230835349604867 ], [ 105.444637316717788, 21.229389728793265 ], [ 105.444830046309676, 21.229389220888237 ], [ 105.444828420854719, 21.22884711303406 ], [ 105.445021149736689, 21.228846604923152 ], [ 105.445020065659207, 21.228485199677099 ], [ 105.445212794065995, 21.228484691355579 ], [ 105.445211709541951, 21.228123286103482 ], [ 105.445404437473584, 21.228122777571354 ], [ 105.445400097728665, 21.226677156445678 ], [ 105.445592823776906, 21.226676647731388 ], [ 105.445583056466489, 21.223423999376159 ], [ 105.445775778284826, 21.223423490527153 ], [ 105.445773607084831, 21.222700679629831 ], [ 105.445580886205107, 21.222701188459872 ], [ 105.445580343654072, 21.222520485721102 ], [ 105.445773064299161, 21.222519976895803 ], [ 105.445771978745, 21.222158571416109 ], [ 105.445579258569197, 21.222159080231926 ], [ 105.445578716035357, 21.22197837748152 ], [ 105.445385996088461, 21.221978886072591 ], [ 105.445384911507219, 21.221617480550663 ], [ 105.445192192023853, 21.221617988912246 ], [ 105.445189481844039, 21.220714475015871 ], [ 105.444996763528081, 21.220714983133789 ], [ 105.444995679965444, 21.220353577538614 ], [ 105.444610244254818, 21.220354593095539 ], [ 105.444610785564052, 21.220535295904526 ], [ 105.444418067465548, 21.220535803357738 ], [ 105.444415362149584, 21.21963228925037 ], [ 105.444608079075039, 21.219631781820805 ], [ 105.444605913986678, 21.218908970484012 ], [ 105.444798629968034, 21.218908462853385 ], [ 105.444796464032777, 21.218185651473469 ], [ 105.444989179070063, 21.218185143641804 ], [ 105.444988637365952, 21.218004440791862 ], [ 105.445181352162933, 21.218003932744974 ], [ 105.445180810229971, 21.217823229895892 ], [ 105.44537352478666, 21.21782272163378 ], [ 105.445371356173723, 21.217099910217598 ], [ 105.445564069786386, 21.217099401754481 ], [ 105.445562442683112, 21.216557293165838 ], [ 105.445369729774129, 21.216557801614741 ], [ 105.445352384717125, 21.210775307679459 ], [ 105.445545090121428, 21.21077479938219 ], [ 105.445541295030154, 21.209509878337762 ], [ 105.445733998787446, 21.209509369853805 ], [ 105.445731287007419, 21.208605854729459 ], [ 105.445923989586689, 21.208605346049346 ], [ 105.445921276777639, 21.207701830851796 ], [ 105.446113978178957, 21.207701321975556 ], [ 105.446111807097125, 21.206978509766714 ], [ 105.44630450755497, 21.206978000689606 ], [ 105.4463034215796, 21.206616594571422 ], [ 105.446496121562859, 21.206616085283976 ], [ 105.446495035141581, 21.206254679159784 ], [ 105.446687734650268, 21.206254169662007 ], [ 105.446686104358122, 21.205712060460886 ], [ 105.44687880315783, 21.205711550757545 ], [ 105.446877715856289, 21.205350144613586 ], [ 105.447070414181425, 21.205349634699939 ], [ 105.447069326434033, 21.204988228549986 ], [ 105.447262024284626, 21.204987718426029 ], [ 105.447260936091411, 21.204626312270079 ], [ 105.447453633467461, 21.204625801935826 ], [ 105.447452544828451, 21.204264395773897 ], [ 105.447645241729958, 21.204263885229359 ], [ 105.447644152645182, 21.203902479061433 ], [ 105.447836849072146, 21.203901968306617 ], [ 105.447836304303991, 21.203721265221606 ], [ 105.448029000490834, 21.203720754251748 ], [ 105.448028455494068, 21.203540051167629 ], [ 105.448221151440762, 21.203539539982742 ], [ 105.448220060995695, 21.203178133812401 ], [ 105.448412756467889, 21.203177622417257 ], [ 105.448411665577126, 21.202816216240951 ], [ 105.448604360574791, 21.202815704635558 ], [ 105.448603814903677, 21.202635001546362 ], [ 105.448796509661236, 21.202634489725952 ], [ 105.448795963761512, 21.202453786637648 ], [ 105.448988658278921, 21.202453274602231 ], [ 105.448988112150602, 21.202272571514833 ], [ 105.449180806427876, 21.202272059264402 ], [ 105.449179713719829, 21.20191065308752 ], [ 105.449372407522617, 21.201910140626868 ], [ 105.44937186094289, 21.201729437537395 ], [ 105.449564554505542, 21.201728924861747 ], [ 105.449563460894709, 21.201367518680733 ], [ 105.449756153982875, 21.201367005794872 ], [ 105.449755606951769, 21.201186302703334 ], [ 105.4499482997998, 21.201185789602487 ], [ 105.449947752540126, 21.201005086511866 ], [ 105.450140445148023, 21.201004573196037 ], [ 105.450139350177352, 21.200643167012725 ], [ 105.450332042310777, 21.200642653486714 ], [ 105.450331494599766, 21.200461950394029 ], [ 105.45052418649307, 21.200461436653043 ], [ 105.45052363855352, 21.200280733561282 ], [ 105.450716330206703, 21.200280219605322 ], [ 105.450715782038586, 21.200099516514477 ], [ 105.450908473451634, 21.20009900234356 ], [ 105.450907925054992, 21.199918299253628 ], [ 105.451293307395048, 21.199917270262123 ], [ 105.45129275853553, 21.199736567177915 ], [ 105.451485449462552, 21.199736052357331 ], [ 105.45148490037451, 21.199555349274039 ], [ 105.451677591061383, 21.199554834238512 ], [ 105.451677041744801, 21.199374131156151 ], [ 105.451869732191554, 21.199373615905674 ], [ 105.451869182646462, 21.199192912824248 ], [ 105.452254563053899, 21.199191881673666 ], [ 105.452254013045973, 21.199011178597978 ], [ 105.452446703006657, 21.199010662697876 ], [ 105.452446152770236, 21.198829959623126 ], [ 105.452638842490785, 21.198829443508092 ], [ 105.452638292025838, 21.19864874043428 ], [ 105.452830981506267, 21.198648224104325 ], [ 105.452830430812838, 21.19846752103145 ], [ 105.453023120053132, 21.19846700448657 ], [ 105.453022569131193, 21.198286301414644 ], [ 105.453215258131351, 21.198285784654843 ], [ 105.453214706980944, 21.198105081583861 ], [ 105.453407395740982, 21.198104564609142 ], [ 105.453406844362078, 21.197923861539099 ], [ 105.453599532881995, 21.197923344349476 ], [ 105.45359898127461, 21.197742641280389 ], [ 105.453791669554391, 21.197742123875855 ], [ 105.453791117718552, 21.197561420807716 ], [ 105.453983805758185, 21.197560903188286 ], [ 105.453983253693863, 21.197380200121092 ], [ 105.454175941493389, 21.197379682286762 ], [ 105.454175389200614, 21.197198979220527 ], [ 105.454368076759991, 21.197198461171308 ], [ 105.454367524238748, 21.197017758106025 ], [ 105.454560211558018, 21.197017239841912 ], [ 105.454559658808321, 21.196836536777596 ], [ 105.454752345887456, 21.196836018298598 ], [ 105.454751792909306, 21.196655315235237 ], [ 105.454944479748306, 21.196654796541356 ], [ 105.454943926541716, 21.196474093478951 ], [ 105.455136613140596, 21.196473574570199 ], [ 105.455135506276392, 21.196112168443456 ], [ 105.455328192400856, 21.196111649324671 ], [ 105.455327638743256, 21.195930946260322 ], [ 105.455520324627585, 21.195930426926669 ], [ 105.45551977074156, 21.195749723863297 ], [ 105.455712456385768, 21.195749204314787 ], [ 105.455711902271304, 21.195568501252374 ], [ 105.455904587675391, 21.195567981489006 ], [ 105.45590403333253, 21.195387278427571 ], [ 105.456096718496482, 21.195386758449338 ], [ 105.45609616392521, 21.195206055388883 ], [ 105.456288848849027, 21.1952055351958 ], [ 105.456288294049344, 21.195024832136323 ], [ 105.45648097873304, 21.1950243117284 ], [ 105.45648042370496, 21.194843608669895 ], [ 105.456673108148536, 21.194843088047129 ], [ 105.456672552892059, 21.194662384989602 ], [ 105.456865237095499, 21.194661864152 ], [ 105.45686412613162, 21.194300458035052 ], [ 105.457056809860688, 21.194299936987473 ], [ 105.457056254153301, 21.194119233928042 ], [ 105.457248937642234, 21.194118712665635 ], [ 105.457247825776577, 21.193757306544875 ], [ 105.457440508791152, 21.193756785072505 ], [ 105.457439952632896, 21.19357608201118 ], [ 105.457825318175921, 21.19357503841713 ], [ 105.457824204940053, 21.193213632302317 ], [ 105.458016887234265, 21.193213110185511 ], [ 105.458016330390919, 21.193032407127163 ], [ 105.458209012444996, 21.193031884795559 ], [ 105.458206784193521, 21.192309072542894 ], [ 105.458399465304794, 21.192308550011109 ], [ 105.458398908022417, 21.19212784694313 ], [ 105.458784269758851, 21.192126801230302 ], [ 105.458783712013911, 21.191946098168209 ], [ 105.458976392639073, 21.191945574987177 ], [ 105.458975834665793, 21.19176487192609 ], [ 105.459168515050848, 21.191764348530278 ], [ 105.459167956849257, 21.191583645470196 ], [ 105.459360636994177, 21.191583121859608 ], [ 105.459360078564274, 21.191402418800529 ], [ 105.459552758469087, 21.191401894975172 ], [ 105.459552199810872, 21.191221191917112 ], [ 105.459744879475565, 21.19122066787698 ], [ 105.459744320589039, 21.191039964819932 ], [ 105.460129679432299, 21.191038916090495 ], [ 105.460129120083266, 21.190858213039359 ], [ 105.46032179926182, 21.190857688350057 ], [ 105.46032123968449, 21.190676985299934 ], [ 105.460513918622922, 21.190676460395885 ], [ 105.460513358817309, 21.190495757346778 ], [ 105.460706037515635, 21.190495232227974 ], [ 105.460705477481739, 21.190314529179901 ], [ 105.461090834392209, 21.190313478293156 ], [ 105.461090273895834, 21.190132775251012 ], [ 105.461282952107993, 21.190132249483078 ], [ 105.461282391383349, 21.189951546441961 ], [ 105.461667747321499, 21.18995049425698 ], [ 105.461667186134406, 21.18976979122181 ], [ 105.461859863860383, 21.189769264804767 ], [ 105.461859302445021, 21.189588561770634 ], [ 105.462051979930891, 21.189588035138868 ], [ 105.46205141828726, 21.18940733210577 ], [ 105.462436772772818, 21.189406278193164 ], [ 105.462436210666766, 21.189225575166027 ], [ 105.462628887666455, 21.189225047885191 ], [ 105.462628325332147, 21.189044344859091 ], [ 105.463013678845343, 21.189043289648371 ], [ 105.4630131160486, 21.188862586628243 ], [ 105.463205792562107, 21.188862058698366 ], [ 105.463205229537152, 21.188681355679297 ], [ 105.46339790581051, 21.188680827534721 ], [ 105.463396779310116, 21.188319421494793 ], [ 105.463782130902288, 21.188318364566477 ], [ 105.463781567192683, 21.18813766155057 ], [ 105.464166918292705, 21.188136603753641 ], [ 105.464166354120707, 21.187955900743727 ], [ 105.464359029427598, 21.187955371520772 ], [ 105.464358465027402, 21.187774668511913 ], [ 105.464936490209823, 21.187773079540165 ], [ 105.46493592511311, 21.187592376542266 ], [ 105.465321274736539, 21.187591316139589 ], [ 105.465320709177476, 21.187410613147701 ], [ 105.465513383746071, 21.187410082621891 ], [ 105.465512817958825, 21.187229379631081 ], [ 105.46570549228727, 21.187228848890619 ], [ 105.465704926271854, 21.187048145900885 ], [ 105.466090274442507, 21.187047083771034 ], [ 105.466089141493015, 21.186685677799765 ], [ 105.466281815101055, 21.186685146415346 ], [ 105.466281248401145, 21.186504443428859 ], [ 105.466473921769065, 21.186503911829792 ], [ 105.466473354840971, 21.186323208844392 ], [ 105.466666027968756, 21.186322677030692 ], [ 105.466665460812536, 21.186141974046375 ], [ 105.466858133700171, 21.186141442018037 ], [ 105.466857566315809, 21.185960739034815 ], [ 105.46705023896331, 21.185960206791847 ], [ 105.467049103744287, 21.185598800823708 ], [ 105.467241775917515, 21.185598268371084 ], [ 105.467241208082882, 21.185417565386171 ], [ 105.467433880015989, 21.185417032718927 ], [ 105.467433311953215, 21.185236329735112 ], [ 105.467625983646172, 21.185235796853249 ], [ 105.467625415355286, 21.185055093870528 ], [ 105.467818086808109, 21.185054560774056 ], [ 105.46781751828911, 21.184873857792432 ], [ 105.468395531909195, 21.184872257200453 ], [ 105.468394962693822, 21.1846915542299 ], [ 105.468587633654352, 21.184691020265056 ], [ 105.468586494773419, 21.184329614322277 ], [ 105.468779165259704, 21.184329080147819 ], [ 105.468778595594145, 21.184148377175607 ], [ 105.46897126584031, 21.184147842786565 ], [ 105.468970695946652, 21.183967139815465 ], [ 105.469163365952681, 21.18396660521184 ], [ 105.469162225715223, 21.18360519926798 ], [ 105.469354895247008, 21.183604664454769 ], [ 105.469353184233725, 21.183062555524899 ], [ 105.46954585305717, 21.183062020507091 ], [ 105.469544711943584, 21.182700614544462 ], [ 105.469737380292813, 21.18270007931708 ], [ 105.469735667965381, 21.182157970359061 ], [ 105.469928335606312, 21.18215743492712 ], [ 105.469926051651214, 21.181434622948839 ], [ 105.470118718349795, 21.181434087317342 ], [ 105.470115291193778, 21.180349869263679 ], [ 105.469922625899613, 21.180350404865187 ], [ 105.469921484030692, 21.179988998806312 ], [ 105.469728819198608, 21.179989534178286 ], [ 105.469727107142646, 21.179447425045929 ], [ 105.469534443006694, 21.179447960183403 ], [ 105.46952645740636, 21.176918117034813 ], [ 105.469719118265857, 21.176917581967263 ], [ 105.469717977094248, 21.176556175751195 ], [ 105.469910637479714, 21.176555640474145 ], [ 105.469909495864215, 21.176194234252574 ], [ 105.470102155775635, 21.176193698766031 ], [ 105.47010158474292, 21.176012995654435 ], [ 105.470294244414305, 21.176012459953416 ], [ 105.470293673153634, 21.175831756842946 ], [ 105.470486332584969, 21.175831220927449 ], [ 105.470485761096342, 21.175650517818109 ], [ 105.470678420287641, 21.175649981688135 ], [ 105.470677848571057, 21.175469278579918 ], [ 105.470870507522321, 21.175468742235473 ], [ 105.470869935577781, 21.175288039128397 ], [ 105.471062594288995, 21.175287502569489 ], [ 105.471062022116541, 21.175106799463546 ], [ 105.471254680587705, 21.175106262690171 ], [ 105.47125410818731, 21.174925559585365 ], [ 105.471446766418438, 21.174925022597538 ], [ 105.471446193790101, 21.174744319493868 ], [ 105.471638851781194, 21.174743782291589 ], [ 105.471638278924914, 21.17456307918906 ], [ 105.471830936675985, 21.174562541772332 ], [ 105.471830363591792, 21.174381838670946 ], [ 105.4720230211028, 21.174381301039762 ], [ 105.472022447790678, 21.174200597939528 ], [ 105.472407762326597, 21.174199522028825 ], [ 105.47240718855258, 21.174018818934758 ], [ 105.472599845577477, 21.17401828065524 ], [ 105.472599271575561, 21.173837577562328 ], [ 105.472791928360394, 21.173837039068385 ], [ 105.472791354130578, 21.17365633597662 ], [ 105.473176667214105, 21.173655258340418 ], [ 105.473176092522422, 21.173474555254842 ], [ 105.473368748821102, 21.173474016112589 ], [ 105.47336817390152, 21.173293313028179 ], [ 105.473560829960164, 21.173292773671513 ], [ 105.473560254812725, 21.17311207058826 ], [ 105.473945566443831, 21.173110991226654 ], [ 105.473944990834525, 21.172930288149608 ], [ 105.474137646407002, 21.172929748144668 ], [ 105.474137070569824, 21.172749045068784 ], [ 105.474329725902251, 21.172748504849448 ], [ 105.474329149837217, 21.172567801774743 ], [ 105.474521804929594, 21.172567261341005 ], [ 105.474521228636704, 21.172386558267466 ], [ 105.474906538335276, 21.172385476751767 ], [ 105.474905961580561, 21.172204773684449 ], [ 105.475098616186756, 21.172204232602489 ], [ 105.475098039204198, 21.172023529536354 ], [ 105.475290693570344, 21.172022988240009 ], [ 105.475290116359943, 21.17184228517506 ], [ 105.475675424606038, 21.171841201934182 ], [ 105.475674846933842, 21.171660498875472 ], [ 105.475867500813791, 21.171659956930942 ], [ 105.475866922913767, 21.171479253873404 ], [ 105.476252230187441, 21.171478169336179 ], [ 105.476251651825663, 21.171297466284898 ], [ 105.476444305219403, 21.171296923692214 ], [ 105.476443726629782, 21.171116220642126 ], [ 105.476636379783471, 21.171115677835076 ], [ 105.476635800966051, 21.170934974786192 ], [ 105.476828453879676, 21.170934431764788 ], [ 105.476827874834441, 21.170753728717091 ], [ 105.477213180175468, 21.170752642026155 ], [ 105.477212600668494, 21.17057193898474 ], [ 105.47740525309591, 21.170571395315221 ], [ 105.477404673361136, 21.170390692274999 ], [ 105.477597325548473, 21.170390148391139 ], [ 105.477596745585927, 21.170209445352125 ], [ 105.477789397533215, 21.170208901253925 ], [ 105.477788817342869, 21.170028198216123 ], [ 105.477981469050107, 21.170027653903592 ], [ 105.477980888631976, 21.169846950866994 ], [ 105.478366191560212, 21.16984586159386 ], [ 105.478365610680385, 21.169665158563561 ], [ 105.47855826190137, 21.169664613602972 ], [ 105.47855768079377, 21.169483910573884 ], [ 105.478750331774705, 21.169483365398975 ], [ 105.478749750439349, 21.169302662371113 ], [ 105.47894240118022, 21.169302116981886 ], [ 105.478941819617106, 21.169121413955239 ], [ 105.479134470117913, 21.169120868351701 ], [ 105.479133888327041, 21.168940165326283 ], [ 105.479326538587813, 21.168939619508439 ], [ 105.479325956569184, 21.16875891648424 ], [ 105.479711256604432, 21.168757824200547 ], [ 105.479710674124163, 21.168577121182679 ], [ 105.479903323898654, 21.168576574716845 ], [ 105.479902741190642, 21.168395871700199 ], [ 105.480095390725083, 21.168395325020075 ], [ 105.480094807789328, 21.168214622004658 ], [ 105.480287457083719, 21.168214075110239 ], [ 105.480286873920235, 21.168033372096058 ], [ 105.480479522974548, 21.168032824987357 ], [ 105.48047893958335, 21.167852121974416 ], [ 105.480864237205708, 21.16785102710908 ], [ 105.480863653352898, 21.167670324102485 ], [ 105.48105630192093, 21.16766977634585 ], [ 105.48105571784042, 21.167489073340498 ], [ 105.481248366168387, 21.167488525369592 ], [ 105.481247781860162, 21.16730782236548 ], [ 105.481440429948066, 21.167307274180306 ], [ 105.48143984541214, 21.167126571177448 ], [ 105.481632493259994, 21.167126022778021 ], [ 105.481631908496368, 21.166945319776399 ], [ 105.481824556104158, 21.166944771162715 ], [ 105.481823971112846, 21.166764068162351 ], [ 105.482209265842116, 21.166762970287099 ], [ 105.482208680389235, 21.166582267293112 ], [ 105.482401327510729, 21.166581718031551 ], [ 105.482400741830176, 21.166401015038822 ], [ 105.482593388711592, 21.166400465563022 ], [ 105.482592802803367, 21.166219762571551 ], [ 105.482978096079876, 21.166218662972099 ], [ 105.482977509710111, 21.166037959987026 ], [ 105.483170156105203, 21.166037409863389 ], [ 105.48316956950778, 21.16585670687958 ], [ 105.483554861811641, 21.165855605984476 ], [ 105.483554274752692, 21.165674903007073 ], [ 105.48374692066146, 21.165674352235616 ], [ 105.483746333374867, 21.165493649259481 ], [ 105.484131624706038, 21.165492547068784 ], [ 105.484131036957947, 21.165311844099065 ], [ 105.484516327796555, 21.165310741041225 ], [ 105.484515739586968, 21.165130038077944 ], [ 105.484901029932999, 21.165128934152982 ], [ 105.484900441261928, 21.164948231196128 ], [ 105.485285731115368, 21.164947126404059 ], [ 105.485285141982828, 21.164766423453649 ], [ 105.485477786666351, 21.164765870733746 ], [ 105.48547719730621, 21.16458516778463 ], [ 105.485862486186875, 21.164584061697088 ], [ 105.485861896365265, 21.164403358754431 ], [ 105.48624718475331, 21.164402251799835 ], [ 105.486246594470273, 21.164221548863637 ], [ 105.486631882365657, 21.164220441041991 ], [ 105.48663129162118, 21.164039738112269 ], [ 105.487016579023901, 21.164038629423597 ], [ 105.487015987817998, 21.163857926500359 ], [ 105.487208631276161, 21.163857371832183 ], [ 105.487208039842685, 21.163676668910256 ], [ 105.48759332627256, 21.163675558926247 ], [ 105.487592734377699, 21.163494856010818 ], [ 105.48797802031487, 21.16349374515983 ], [ 105.487977427958597, 21.163313042250888 ], [ 105.488362713403077, 21.163311930532938 ], [ 105.488362120585421, 21.163131227630508 ], [ 105.488554763064428, 21.163130671447725 ], [ 105.488554170019214, 21.16294996854662 ], [ 105.48893945449079, 21.162948855533447 ], [ 105.488938860984206, 21.162768152638865 ], [ 105.489324144963035, 21.162767038758773 ], [ 105.48932355099511, 21.16258633587071 ], [ 105.489708834481178, 21.162585221123717 ], [ 105.489708240051883, 21.162404518242198 ], [ 105.489900881551691, 21.162403960544921 ], [ 105.48990028689488, 21.162223257664738 ], [ 105.490285569407973, 21.162222141622625 ], [ 105.490284974289835, 21.162041438749007 ], [ 105.490670256310139, 21.162040321840031 ], [ 105.490669660730688, 21.161859618972958 ], [ 105.490862301497572, 21.161859060194708 ], [ 105.490861705690619, 21.161678357328988 ], [ 105.491246986737906, 21.161677239124984 ], [ 105.491246390469641, 21.16149653626583 ], [ 105.491631671024109, 21.16149541719501 ], [ 105.49163107429456, 21.161314714342431 ], [ 105.492016354356181, 21.161313594404817 ], [ 105.492015757165348, 21.161132891558836 ], [ 105.49220839695289, 21.161132331266291 ], [ 105.492207799534569, 21.160951628421667 ], [ 105.492785718157904, 21.160949946243893 ], [ 105.492785120044545, 21.160769243411103 ], [ 105.493170398627555, 21.1607681208732 ], [ 105.493169800052939, 21.160587418047026 ], [ 105.493747717178621, 21.160585732611118 ], [ 105.493747117908967, 21.160405029796813 ], [ 105.494132395493494, 21.160403905086866 ], [ 105.494131795762627, 21.160223202279191 ], [ 105.494709711390485, 21.160221513585284 ], [ 105.494709110964607, 21.160040810789507 ], [ 105.495287025834003, 21.160039120137689 ], [ 105.495286424713129, 21.159858417353828 ], [ 105.495864338823964, 21.159856724744152 ], [ 105.495863737008136, 21.159676021972231 ], [ 105.496441650360367, 21.159674327404726 ], [ 105.496441047849572, 21.159493624644767 ], [ 105.497018960443128, 21.159491928119465 ], [ 105.497018357237394, 21.159311225371479 ], [ 105.49778890633776, 21.15930896028884 ], [ 105.497788302203332, 21.159128257558127 ], [ 105.498366213260212, 21.159126556459508 ], [ 105.498365608430888, 21.158945853740818 ], [ 105.499521428969288, 21.158942445654674 ], [ 105.499520822743776, 21.15876174296395 ], [ 105.500676641648795, 21.15875832701548 ], [ 105.500676034027137, 21.158577624352784 ], [ 105.501831851298263, 21.158574200542148 ], [ 105.501831242280488, 21.158393497907561 ], [ 105.503179693834056, 21.158389493521994 ], [ 105.503179083186438, 21.158208790920941 ], [ 105.504527532787293, 21.158204775828281 ], [ 105.504526920509875, 21.158024073260862 ], [ 105.505682732798448, 21.158020623233359 ], [ 105.505682119124998, 21.157839920694293 ], [ 105.50664529468493, 21.15783703966828 ], [ 105.506644679849245, 21.157656337152257 ], [ 105.507993123723764, 21.157652294544228 ], [ 105.507992507258379, 21.157471592062087 ], [ 105.509533583710919, 21.1574669588258 ], [ 105.509532965382121, 21.157286256383067 ], [ 105.511074039546216, 21.157281609157145 ], [ 105.511073419354034, 21.157100906753953 ], [ 105.512229223299258, 21.157097412158073 ], [ 105.512228601711229, 21.156916709783648 ], [ 105.513577037712011, 21.156912622816897 ], [ 105.513576414494437, 21.156731920476773 ], [ 105.514732215121398, 21.156728408844099 ], [ 105.514731590508021, 21.156547706532912 ], [ 105.515887389494779, 21.156544187039856 ], [ 105.515886763485639, 21.156363484757666 ], [ 105.517427826560649, 21.156358779865936 ], [ 105.517427198688338, 21.156178077623828 ], [ 105.519353524597037, 21.156172176831546 ], [ 105.519352894394146, 21.155991474640693 ], [ 105.520893952771544, 21.155986738265089 ], [ 105.520893320705568, 21.155806036114605 ], [ 105.526094383252826, 21.15578994740267 ], [ 105.526093744883184, 21.155609245398608 ], [ 105.528405323855907, 21.155602043623858 ], [ 105.528405965030132, 21.155782745560646 ], [ 105.531680704208682, 21.155772488907314 ], [ 105.531681349362884, 21.155953190744409 ], [ 105.53495609054265, 21.155942870633108 ], [ 105.534955441415264, 21.155762168892416 ], [ 105.536496493532553, 21.155757290490453 ], [ 105.536495842542323, 21.155576588791469 ], [ 105.538036892349268, 21.15557169640363 ], [ 105.538036239496236, 21.155390994746483 ], [ 105.538228870457331, 21.155390382217135 ], [ 105.538229523544075, 21.155571083868569 ], [ 105.540348466230668, 21.155564331512966 ], [ 105.540349121895161, 21.15574503309745 ], [ 105.541119647235448, 21.155742571095193 ], [ 105.541120303841737, 21.155923272652799 ], [ 105.54227609304607, 21.155919573037576 ], [ 105.542276751061607, 21.156100274556749 ], [ 105.54285464627101, 21.156098421772029 ], [ 105.54285530499466, 21.156279123270014 ], [ 105.545744783605599, 21.156269829661362 ], [ 105.545744121376146, 21.156089128250194 ], [ 105.547092542553088, 21.156084774391402 ], [ 105.54709187869463, 21.155904073017027 ], [ 105.549210822992066, 21.155897209597732 ], [ 105.549210156569785, 21.1557165082836 ], [ 105.549402787593593, 21.155715883026769 ], [ 105.5494034542496, 21.155896584335064 ], [ 105.54959608550007, 21.155895958853147 ], [ 105.549595418610366, 21.1557152575507 ], [ 105.549788049620062, 21.155714631855385 ], [ 105.549788716743493, 21.155895333151996 ], [ 105.549981347979852, 21.155894707231599 ], [ 105.549980680622724, 21.155714005940837 ], [ 105.551714359328685, 21.155708362844042 ], [ 105.551715028789246, 21.155889064082086 ], [ 105.553063446800124, 21.155884662688198 ], [ 105.553062775703566, 21.155703961491273 ], [ 105.553448037461109, 21.155702701988741 ], [ 105.553448709025091, 21.15588340317391 ], [ 105.55364134012693, 21.155882773087892 ], [ 105.553640668329251, 21.155702071908621 ], [ 105.555952238191807, 21.15569449384639 ], [ 105.555951563596693, 21.155513792734038 ], [ 105.556722085721276, 21.155511259721273 ], [ 105.556721410198477, 21.155330558628712 ], [ 105.557106670750485, 21.155329290818742 ], [ 105.557107346740707, 21.155509991899464 ], [ 105.558455760083376, 21.155505547617157 ], [ 105.5584564377167, 21.155686248652483 ], [ 105.559612221704626, 21.155682430681715 ], [ 105.559612900747396, 21.155863131677506 ], [ 105.560190793345555, 21.155861219714531 ], [ 105.560191473096666, 21.15604192068858 ], [ 105.560576735260256, 21.156040644938475 ], [ 105.56057741548598, 21.156221345896718 ], [ 105.56134794066169, 21.156218791741725 ], [ 105.561348621829467, 21.156399492672247 ], [ 105.562119147824788, 21.156396934985441 ], [ 105.562119829934659, 21.156577635888191 ], [ 105.562505093356492, 21.156576355717345 ], [ 105.56250577594102, 21.15675705660426 ], [ 105.563276303632918, 21.156754493607636 ], [ 105.563276987159568, 21.156935194466733 ], [ 105.564240147780396, 21.156931985757836 ], [ 105.564240832482923, 21.157112686583076 ], [ 105.565589258683957, 21.157108185139954 ], [ 105.565589945029842, 21.157288885919272 ], [ 105.567516269894256, 21.157282436589355 ], [ 105.567515581211083, 21.157101735870278 ], [ 105.567708213423785, 21.157101089737409 ], [ 105.567708902340684, 21.157281790450451 ], [ 105.567901534779836, 21.157281144092295 ], [ 105.567900845629183, 21.157100443385293 ], [ 105.568093477827318, 21.157099796813917 ], [ 105.568094167211683, 21.157280497514879 ], [ 105.568864696866143, 21.157277909012652 ], [ 105.56886538719273, 21.157458609685559 ], [ 105.569058019821824, 21.157457962005811 ], [ 105.569058710389442, 21.157638662668788 ], [ 105.569443976093211, 21.157637366639417 ], [ 105.569444667135599, 21.157818067286406 ], [ 105.569829933277603, 21.15781677036788 ], [ 105.569829241767735, 21.157636069733002 ], [ 105.570021874594019, 21.157635420950911 ], [ 105.570022566337627, 21.157816121579724 ], [ 105.570600465473817, 21.157814173899681 ], [ 105.570601157925964, 21.157994874506429 ], [ 105.571371690939955, 21.157992274505752 ], [ 105.571372384334396, 21.158172975084337 ], [ 105.571950284719122, 21.15817102276332 ], [ 105.571950978822116, 21.158351723319797 ], [ 105.572528879842011, 21.158349769007131 ], [ 105.572529574653586, 21.158530469541475 ], [ 105.573107476308593, 21.158528513237126 ], [ 105.57310817182875, 21.158709213749312 ], [ 105.57349344002948, 21.158707908437876 ], [ 105.573494136024493, 21.158888608933989 ], [ 105.574264673272609, 21.158885995655446 ], [ 105.57426537021, 21.159066696123276 ], [ 105.574650639257342, 21.159065388156151 ], [ 105.574651336669618, 21.159246088607883 ], [ 105.575421875610814, 21.159243470017859 ], [ 105.575422573965497, 21.159424170441245 ], [ 105.575807843859309, 21.159422859818331 ], [ 105.57580854268889, 21.159603560225605 ], [ 105.576193813020666, 21.159602248713316 ], [ 105.576194512325159, 21.159782949104468 ], [ 105.578313501191985, 21.159775720040763 ], [ 105.57831420307528, 21.159956420360505 ], [ 105.579277380705037, 21.159953125620358 ], [ 105.579278083764606, 21.160133825905454 ], [ 105.57985599095457, 21.160131846411456 ], [ 105.579855287193709, 21.159951146144852 ], [ 105.580433193615377, 21.159949164695774 ], [ 105.580433898077544, 21.16012986494388 ], [ 105.583323432685361, 21.160119928002288 ], [ 105.583324140661503, 21.160300628153696 ], [ 105.584094683874511, 21.160297969944889 ], [ 105.584093974963281, 21.160117269818311 ], [ 105.584864517121261, 21.160114608125763 ], [ 105.584865226967565, 21.160295308227482 ], [ 105.585250498469051, 21.160293976053048 ], [ 105.585249788155224, 21.160113275963774 ], [ 105.586212965608638, 21.160109941721295 ], [ 105.586213677091294, 21.160290641779422 ], [ 105.586984219853676, 21.16028797041335 ], [ 105.586983507435932, 21.160107270380166 ], [ 105.587176142873943, 21.160106601996667 ], [ 105.587176855525428, 21.160287302023608 ], [ 105.587947398137118, 21.160284626271778 ], [ 105.587948111731237, 21.160465326269854 ], [ 105.588140747599056, 21.160464656777428 ], [ 105.588140033771168, 21.160283956785602 ], [ 105.588717940628044, 21.160281947011352 ], [ 105.588718655157237, 21.160462646984403 ], [ 105.589681834269712, 21.160459292943578 ], [ 105.589682549975336, 21.160639992881411 ], [ 105.589875186008911, 21.160639321409118 ], [ 105.589877333872494, 21.161181421180544 ], [ 105.589684697137585, 21.161182092671663 ], [ 105.589685412873479, 21.161362792593987 ], [ 105.588914864923069, 21.16136547639055 ], [ 105.588916294547261, 21.161726876273693 ], [ 105.589879481804203, 21.161723520917061 ], [ 105.589880197796589, 21.161904220821469 ], [ 105.590265473113959, 21.161902877131144 ], [ 105.590264040201617, 21.161541477343537 ], [ 105.590456677381368, 21.161540805181975 ], [ 105.590455244031759, 21.161179405391405 ], [ 105.590840517433378, 21.161178060435486 ], [ 105.590841234571968, 21.161358760320155 ], [ 105.592382329745178, 21.161353371674295 ], [ 105.592383048761604, 21.161534071504747 ], [ 105.592575685857852, 21.161533396930871 ], [ 105.592576405115679, 21.161714096751147 ], [ 105.592769042438107, 21.161713421951664 ], [ 105.592769761937319, 21.161894121761755 ], [ 105.593347674560306, 21.161892096028573 ], [ 105.593348394768498, 21.162072795815863 ], [ 105.594311583490082, 21.162069415176227 ], [ 105.594312304874848, 21.162250114928067 ], [ 105.594504942830085, 21.162249438135902 ], [ 105.594505664456292, 21.16243013787755 ], [ 105.594698302637696, 21.162429460859745 ], [ 105.594699746380584, 21.162790860318729 ], [ 105.594892385021964, 21.162790183068971 ], [ 105.594894551394972, 21.163332282209385 ], [ 105.594316633343723, 21.16333431335763 ], [ 105.594317354781907, 21.163515013082307 ], [ 105.593546796338231, 21.16351771823474 ], [ 105.593547516848787, 21.16369841798079 ], [ 105.592776957347951, 21.163701119649282 ], [ 105.592779116119516, 21.164243218939877 ], [ 105.592971756707598, 21.164242543832831 ], [ 105.59297247654716, 21.164423243582306 ], [ 105.593165117361451, 21.164422568249616 ], [ 105.593165837442442, 21.164603267988895 ], [ 105.593358478482955, 21.164602592430569 ], [ 105.593360639473133, 21.165144691606198 ], [ 105.593553281207505, 21.165144015809606 ], [ 105.593555442967741, 21.165686114931379 ], [ 105.59336280053185, 21.165686790746914 ], [ 105.593365682050106, 21.166409589546863 ], [ 105.593558325421384, 21.166408913706093 ], [ 105.593559766693929, 21.166770313070163 ], [ 105.593752410525298, 21.166769636997412 ], [ 105.593753131406842, 21.166950336667316 ], [ 105.594138419514437, 21.166948983851093 ], [ 105.594139140871334, 21.167129683504484 ], [ 105.594717073677074, 21.167127652615978 ], [ 105.594717795743193, 21.167308352246526 ], [ 105.594910440230365, 21.167307674838632 ], [ 105.594911162537983, 21.167488374458966 ], [ 105.595296451957154, 21.167487018972434 ], [ 105.595297174740139, 21.167667718576237 ], [ 105.595875109513187, 21.167665683682173 ], [ 105.595875833005422, 21.1678463832631 ], [ 105.596261123283611, 21.167845025557533 ], [ 105.596261847251242, 21.168025725121893 ], [ 105.596647137966556, 21.168024366526154 ], [ 105.596647862409583, 21.168205066073948 ], [ 105.596840507989626, 21.168204386440667 ], [ 105.596841232674208, 21.16838508597824 ], [ 105.59703387848046, 21.168384406119234 ], [ 105.59703460340657, 21.168565105646575 ], [ 105.597227249439044, 21.168564425561851 ], [ 105.597227974606696, 21.168745125078953 ], [ 105.597420620865378, 21.168744444768496 ], [ 105.597421346274587, 21.16892514427537 ], [ 105.597613992759491, 21.16892446373917 ], [ 105.597614718410242, 21.169105163235809 ], [ 105.597807365121369, 21.169104482473866 ], [ 105.59780809101369, 21.169285181960273 ], [ 105.598386031802661, 21.169283138339072 ], [ 105.598386758404317, 21.169463837802503 ], [ 105.59915734695096, 21.169461109877336 ], [ 105.599158074495875, 21.169641809311418 ], [ 105.59992866385501, 21.169639077850508 ], [ 105.599927206901725, 21.169277679029452 ], [ 105.59973456004127, 21.169278362211013 ], [ 105.599733831810056, 21.169097662788285 ], [ 105.599541185175795, 21.169098345744082 ], [ 105.599539729204253, 21.16873694687423 ], [ 105.599347083030054, 21.168737629597892 ], [ 105.599346355289711, 21.168556930150775 ], [ 105.599153709341707, 21.168557612648677 ], [ 105.599152981842934, 21.168376913191295 ], [ 105.59896033612111, 21.168377595463451 ], [ 105.598959608863922, 21.168196895995827 ], [ 105.598574317864959, 21.168198259869271 ], [ 105.59857504465441, 21.168378959349628 ], [ 105.59799710739675, 21.168381003533568 ], [ 105.597989120852887, 21.166393308826166 ], [ 105.597796477657468, 21.166393989712116 ], [ 105.597797203434681, 21.166574689256734 ], [ 105.597604559997748, 21.166575369929681 ], [ 105.597606736673839, 21.167117468559322 ], [ 105.597414092527671, 21.167118149031978 ], [ 105.597414817867843, 21.167298848573783 ], [ 105.597607462247879, 21.167298168094778 ], [ 105.597609639016042, 21.167840266677839 ], [ 105.597224348845089, 21.167841627454607 ], [ 105.597223623715777, 21.167660927918092 ], [ 105.597030978852672, 21.16766160797107 ], [ 105.597030253964888, 21.167480908424327 ], [ 105.596837609327991, 21.16748158825159 ], [ 105.596836884681736, 21.167300888694619 ], [ 105.59645159585267, 21.16730224767835 ], [ 105.596450871681796, 21.167121548104806 ], [ 105.596258227489642, 21.167122227261281 ], [ 105.596257503560295, 21.166941527677512 ], [ 105.59606485959435, 21.166942206608283 ], [ 105.596064135906488, 21.166761507014296 ], [ 105.595871492166765, 21.166762185719367 ], [ 105.595870768720417, 21.166581486115167 ], [ 105.595678125206874, 21.166582164594537 ], [ 105.595677402002053, 21.166401464980119 ], [ 105.595484758714719, 21.166402143233807 ], [ 105.595484035751369, 21.166221443609174 ], [ 105.59567667880485, 21.166220765361818 ], [ 105.595675955615306, 21.16604006573964 ], [ 105.595868598427302, 21.166039387279262 ], [ 105.595867875011564, 21.16585868765954 ], [ 105.596060517582046, 21.165858008986152 ], [ 105.596059793940114, 21.165677309368881 ], [ 105.596252436269111, 21.165676630482487 ], [ 105.596251712400985, 21.165495930867678 ], [ 105.59663699656835, 21.165494572449536 ], [ 105.596636272240204, 21.165313872843523 ], [ 105.596828914078557, 21.165313193311782 ], [ 105.596829638640529, 21.165493892911442 ], [ 105.597214922761935, 21.165492533177229 ], [ 105.597214197732285, 21.165311833590259 ], [ 105.597406839547645, 21.165311153400488 ], [ 105.597406114291829, 21.165130453815998 ], [ 105.597598755865675, 21.165129773413234 ], [ 105.597597304909385, 21.164768374245316 ], [ 105.597789946007907, 21.164767693635923 ], [ 105.597787768929507, 21.164225594873997 ], [ 105.597980409318893, 21.164224914064341 ], [ 105.597979683407615, 21.164044214475634 ], [ 105.597787043252055, 21.164044895278934 ], [ 105.597785591920172, 21.163683496077152 ], [ 105.598556150625825, 21.16368077159888 ], [ 105.598555424036135, 21.163500072017609 ], [ 105.59932598168362, 21.163497344055621 ], [ 105.599326709208555, 21.163678043611412 ], [ 105.599711988453777, 21.163676678301734 ], [ 105.599712716454022, 21.163857377840898 ], [ 105.60029063596555, 21.163855328212307 ], [ 105.600288449883578, 21.163313229640615 ], [ 105.600481089003921, 21.163312546011582 ], [ 105.60048181792402, 21.163493245532976 ], [ 105.601059735940183, 21.163491193310808 ], [ 105.601060465569418, 21.163671892809155 ], [ 105.601253105126517, 21.163671208290065 ], [ 105.60125383499728, 21.163851907778142 ], [ 105.60183175432374, 21.163849852885736 ], [ 105.601832484903667, 21.164030552350734 ], [ 105.602217764883648, 21.164029181313026 ], [ 105.602218495938942, 21.164209880761344 ], [ 105.602025855719006, 21.164210566396267 ], [ 105.602026586548192, 21.164391265847108 ], [ 105.602219227001967, 21.164390580205787 ], [ 105.602219958072709, 21.164571279646346 ], [ 105.602605239424705, 21.16456990769289 ], [ 105.602605970970828, 21.164750607116748 ], [ 105.602991252759537, 21.164749234273149 ], [ 105.602991984781056, 21.164929933680305 ], [ 105.603377267006451, 21.164928559946524 ], [ 105.60337799950338, 21.16510925933698 ], [ 105.603570640838285, 21.165108572134667 ], [ 105.603571373576798, 21.165289271514819 ], [ 105.603956656691039, 21.165287896439338 ], [ 105.603957389904963, 21.165468595802764 ], [ 105.604342673455861, 21.165467219837058 ], [ 105.604343407145208, 21.165647919183762 ], [ 105.604728691132763, 21.165646542327828 ], [ 105.604729425297563, 21.165827241657791 ], [ 105.605499994114837, 21.165824485288027 ], [ 105.605500729222769, 21.166005184588379 ], [ 105.60627129885107, 21.166002424683274 ], [ 105.606272034902148, 21.166183123953971 ], [ 105.606849962743198, 21.16618105170263 ], [ 105.606850699503596, 21.166361750950085 ], [ 105.607043342335544, 21.166361059754482 ], [ 105.607044079337584, 21.166541758991603 ], [ 105.606851436271782, 21.16654245019366 ], [ 105.60685217304777, 21.166723149433356 ], [ 105.608008032728762, 21.166718998891916 ], [ 105.608008770915674, 21.166899698088972 ], [ 105.608201414402387, 21.166899005557852 ], [ 105.608200675981635, 21.166718306367262 ], [ 105.608393319226693, 21.166717613623241 ], [ 105.608394057881299, 21.166898312807366 ], [ 105.608779344815687, 21.16689692664832 ], [ 105.608780083945817, 21.167077625815615 ], [ 105.609743302314257, 21.167074156546825 ], [ 105.609744042621514, 21.167254855677847 ], [ 105.610129330381838, 21.167253466421826 ], [ 105.610130811955258, 21.167614864646271 ], [ 105.610516100619691, 21.167613474486838 ], [ 105.610516841885897, 21.167794173580269 ], [ 105.610709486440228, 21.167793478165002 ], [ 105.610710227948132, 21.167974177248052 ], [ 105.611095517501013, 21.167972785746432 ], [ 105.611096259484484, 21.168153484812599 ], [ 105.612059484398728, 21.168150002187037 ], [ 105.612060227559425, 21.168330701216803 ], [ 105.612830808284897, 21.168327911141592 ], [ 105.612831552388954, 21.168508610141433 ], [ 105.613024197784526, 21.168507912067671 ], [ 105.613024942130323, 21.168688611057107 ], [ 105.613410233365641, 21.168687214238417 ], [ 105.613410978187048, 21.168867913210931 ], [ 105.614181561498668, 21.168865116914898 ], [ 105.614182307263505, 21.169045815857412 ], [ 105.6143749533056, 21.169045116228418 ], [ 105.614375699312205, 21.169225815160534 ], [ 105.615724223022994, 21.169220911569081 ], [ 105.615724970674705, 21.169401610451516 ], [ 105.616495556414009, 21.169398803546589 ], [ 105.616496305009179, 21.169579502398939 ], [ 105.616688951658119, 21.169578800117687 ], [ 105.616689700495087, 21.169759498959596 ], [ 105.616882347369994, 21.169758796452392 ], [ 105.616883096448774, 21.169939495283863 ], [ 105.617075743549677, 21.169938792550706 ], [ 105.617076492870268, 21.170119491371725 ], [ 105.617461787516064, 21.170118085234119 ], [ 105.617462537312377, 21.170298784038128 ], [ 105.618040479923323, 21.17029667316654 ], [ 105.618041230429284, 21.170477371946966 ], [ 105.618811821401721, 21.17047455435366 ], [ 105.618812572851226, 21.170655253103888 ], [ 105.619197868757581, 21.170653842977689 ], [ 105.619198620682852, 21.170834541710867 ], [ 105.61939126885801, 21.170833836312074 ], [ 105.619392021025135, 21.171014535034793 ], [ 105.619199372616066, 21.171015240440166 ], [ 105.619200876506326, 21.171376637887114 ], [ 105.618815578728672, 21.171378048065986 ], [ 105.618817081715065, 21.17173944552373 ], [ 105.618239133585519, 21.171741559185932 ], [ 105.618239884388856, 21.171922257928717 ], [ 105.617661935486097, 21.171924369635921 ], [ 105.61766118538452, 21.171743670873429 ], [ 105.616505288768494, 21.171747888324251 ], [ 105.616503791396127, 21.171386490708866 ], [ 105.616311142400235, 21.171387192836288 ], [ 105.61631263930478, 21.171748590464777 ], [ 105.616119989833138, 21.171749292385893 ], [ 105.616118493396442, 21.171387894744289 ], [ 105.615925844384734, 21.171388596432887 ], [ 105.615926592365213, 21.171569295262181 ], [ 105.615733943111692, 21.171569996737922 ], [ 105.615733195365138, 21.171389297902078 ], [ 105.615540546337613, 21.171389999151856 ], [ 105.615541293850242, 21.171570697994245 ], [ 105.6147706967255, 21.171573500825438 ], [ 105.614769950148528, 21.17139280195688 ], [ 105.612843459123724, 21.171399793610789 ], [ 105.612842714893802, 21.171219094673081 ], [ 105.612072119199098, 21.171221885165121 ], [ 105.612071375912677, 21.171041186197467 ], [ 105.611300781027893, 21.171043973152969 ], [ 105.611300038684988, 21.170863274155412 ], [ 105.610336796072005, 21.170866752880674 ], [ 105.610336054906483, 21.170686053846765 ], [ 105.60975810994637, 21.170688138429608 ], [ 105.60975736949041, 21.170507439372358 ], [ 105.608986777036307, 21.1705102157186 ], [ 105.608986037523778, 21.17032951663154 ], [ 105.608600741717623, 21.170330903475307 ], [ 105.608600002680703, 21.170150204371417 ], [ 105.608022059614569, 21.170152282972186 ], [ 105.608021321287183, 21.169971583845008 ], [ 105.607636026338525, 21.169972968468944 ], [ 105.607635288486719, 21.169792269324951 ], [ 105.607249993974662, 21.169793653058392 ], [ 105.607250731358661, 21.169974352215299 ], [ 105.606672788830409, 21.169976426189379 ], [ 105.606672052148099, 21.169795727013103 ], [ 105.605516168284765, 21.169799868998936 ], [ 105.605518374144893, 21.17034196663213 ], [ 105.60532572610542, 21.170342656214544 ], [ 105.60532646117376, 21.170523355424283 ], [ 105.605711757712754, 21.170521976027175 ], [ 105.605712493256675, 21.170702675220149 ], [ 105.606290438708555, 21.170700604459658 ], [ 105.606291174961996, 21.170881303629418 ], [ 105.607447067058985, 21.170877156145838 ], [ 105.607447804723662, 21.171057855272995 ], [ 105.608025751368658, 21.171055778549849 ], [ 105.608026489742883, 21.171236477653739 ], [ 105.608411787934998, 21.171235092061679 ], [ 105.608412526784861, 21.171415791148743 ], [ 105.608027228124925, 21.171417176753742 ], [ 105.608027966514754, 21.171597875849866 ], [ 105.607257368165534, 21.171600644452781 ], [ 105.60725810562748, 21.171781343570867 ], [ 105.606102206466275, 21.171785489931572 ], [ 105.606102942532488, 21.17196618908449 ], [ 105.605332342000324, 21.171968948962419 ], [ 105.60533307713861, 21.172149648137214 ], [ 105.604369825128927, 21.172153093079903 ], [ 105.604369091160265, 21.171972393872949 ], [ 105.603598490348546, 21.171975145851853 ], [ 105.603597757323342, 21.171794446615316 ], [ 105.603212457338827, 21.171795821275431 ], [ 105.603211724789219, 21.171615122022182 ], [ 105.60205582605343, 21.171619240698099 ], [ 105.602055094915087, 21.171438541402516 ], [ 105.601669795742453, 21.171439912526377 ], [ 105.60167052641296, 21.171620611834758 ], [ 105.60186317623706, 21.171619926376135 ], [ 105.601863907149209, 21.171800625674233 ], [ 105.602056557199504, 21.1717999399898 ], [ 105.602057288353294, 21.171980639277621 ], [ 105.602249938629782, 21.171979953367362 ], [ 105.602250670025242, 21.172160652644891 ], [ 105.602443320527911, 21.172159966508811 ], [ 105.60244405216504, 21.172340665776051 ], [ 105.602636702893918, 21.172339979414144 ], [ 105.602637434772703, 21.172520678671102 ], [ 105.602830085727774, 21.172519992083359 ], [ 105.602830817848243, 21.172700691330022 ], [ 105.603023469029509, 21.172700004516443 ], [ 105.603024201391634, 21.17288070375281 ], [ 105.603216852799108, 21.1728800167134 ], [ 105.603217585402916, 21.173060715939471 ], [ 105.60341023703657, 21.173060028674207 ], [ 105.603410969882077, 21.173240727889986 ], [ 105.603603621741925, 21.173240040398877 ], [ 105.60360435482913, 21.173420739604346 ], [ 105.603797006915173, 21.173420051887387 ], [ 105.603797740244062, 21.17360075108256 ], [ 105.603990392556312, 21.173600063139748 ], [ 105.6039911261269, 21.173780762324618 ], [ 105.60418377866533, 21.173780074155935 ], [ 105.60418451247763, 21.173960773330496 ], [ 105.605147776223163, 21.173957329163393 ], [ 105.605147041241096, 21.173776630020978 ], [ 105.605339693732958, 21.173775940535684 ], [ 105.605338958524726, 21.173595241395827 ], [ 105.605724263017223, 21.173593861779782 ], [ 105.605723527348857, 21.173413162648927 ], [ 105.606301483327428, 21.173411091598428 ], [ 105.606300746965019, 21.173230392483024 ], [ 105.607071353891683, 21.173227628036102 ], [ 105.607070616601291, 21.173046928942615 ], [ 105.609575085209656, 21.173037920327069 ], [ 105.609575825541285, 21.173218619336453 ], [ 105.610153780349705, 21.173216535139421 ], [ 105.610154521390996, 21.173397234125467 ], [ 105.611117780418041, 21.173393756042667 ], [ 105.611118522636886, 21.173574454992359 ], [ 105.611503826660694, 21.173573062210213 ], [ 105.611504569355276, 21.173753761143015 ], [ 105.612082526033944, 21.173751670304519 ], [ 105.61208326943823, 21.173932369213922 ], [ 105.612853879168895, 21.173929578331087 ], [ 105.612854623516839, 21.174110277210556 ], [ 105.613239928802869, 21.174108880439469 ], [ 105.613240673626606, 21.174289579302016 ], [ 105.613818632198459, 21.174287482480011 ], [ 105.613819377731929, 21.174468181319106 ], [ 105.614589989986555, 21.174465382458109 ], [ 105.614590736463754, 21.174646081267188 ], [ 105.615361349527959, 21.174643278868931 ], [ 105.6153620969489, 21.174823977647964 ], [ 105.616325364271177, 21.174820469679862 ], [ 105.616326112869828, 21.175001168422263 ], [ 105.616518766544516, 21.175000466163745 ], [ 105.616519515385036, 21.175181164895715 ], [ 105.616712169285776, 21.175180462411188 ], [ 105.616713667458541, 21.175541859850352 ], [ 105.616521013089852, 21.175542562347996 ], [ 105.616521761954132, 21.17572326106831 ], [ 105.615943798098684, 21.175725367264164 ], [ 105.615946790827195, 21.176448162185228 ], [ 105.615754135256964, 21.176448863837791 ], [ 105.615754883224881, 21.176629562564905 ], [ 105.615562227412767, 21.176630264004551 ], [ 105.615563722904341, 21.176991661460203 ], [ 105.615756379184432, 21.176990960007466 ], [ 105.615758623183055, 21.177533056142178 ], [ 105.615951280157233, 21.177532354450314 ], [ 105.615953524929012, 21.178074450530421 ], [ 105.615760867252817, 21.178075152241931 ], [ 105.615763111393747, 21.17861724830674 ], [ 105.615570453007621, 21.178617949818399 ], [ 105.615571200836399, 21.178798648505445 ], [ 105.616149176673105, 21.178796543292318 ], [ 105.616149925211843, 21.178977241955831 ], [ 105.616727901679411, 21.178975134747606 ], [ 105.61672865092811, 21.179155833387572 ], [ 105.616921309968816, 21.179155130539275 ], [ 105.616919811011286, 21.178793733268591 ], [ 105.617305128132841, 21.178792326939764 ], [ 105.617303628270932, 21.178430929679791 ], [ 105.617496286351809, 21.178430226199275 ], [ 105.617497036512816, 21.178610924824635 ], [ 105.617689694819759, 21.17861022111806 ], [ 105.617690445222706, 21.178790919732965 ], [ 105.617883103755744, 21.17879021580033 ], [ 105.617882353118773, 21.178609517191994 ], [ 105.618075011409857, 21.178608813046434 ], [ 105.618076513159764, 21.178970210246085 ], [ 105.618269171910939, 21.178969505867894 ], [ 105.61826691859595, 21.178427410082307 ], [ 105.61807426054682, 21.178428114440781 ], [ 105.618072758844548, 21.178066717217821 ], [ 105.618265416425672, 21.178066012872495 ], [ 105.618264665352427, 21.177885314261768 ], [ 105.618457322691597, 21.177884609703533 ], [ 105.618458073998838, 21.178065308307691 ], [ 105.61884338912138, 21.178063898519614 ], [ 105.618844140904585, 21.178244597106726 ], [ 105.61922945646333, 21.178243186427551 ], [ 105.619228704212119, 21.178062487853598 ], [ 105.619036046670715, 21.178063193296353 ], [ 105.619034542660145, 21.177701796123632 ], [ 105.619227199733544, 21.177701090694061 ], [ 105.619227951968867, 21.177881789275773 ], [ 105.619613266559782, 21.177880377744998 ], [ 105.619612513856467, 21.17769967917646 ], [ 105.620768456034227, 21.177695439356146 ], [ 105.620767701934867, 21.177514740823295 ], [ 105.620960358702618, 21.177514033425002 ], [ 105.620959604377219, 21.177333334894861 ], [ 105.620766947843464, 21.177334042286557 ], [ 105.620766193760048, 21.177153343745935 ], [ 105.620958850059807, 21.177152636360844 ], [ 105.620954324322724, 21.176068445075181 ], [ 105.621339634090461, 21.176067029725843 ], [ 105.621338879360906, 21.175886331177846 ], [ 105.621531533998834, 21.175885623180591 ], [ 105.621530779043283, 21.175704924635319 ], [ 105.621916087827245, 21.175703507995671 ], [ 105.621916843250759, 21.175884206527719 ], [ 105.622687461658742, 21.175881370588456 ], [ 105.622686705299344, 21.175700672082872 ], [ 105.622879359647385, 21.175699962556035 ], [ 105.622880116240765, 21.175880661054986 ], [ 105.623265425380794, 21.175879241329685 ], [ 105.623266182450138, 21.176059939811502 ], [ 105.624036801570071, 21.176057097700859 ], [ 105.624036043564828, 21.175876399245571 ], [ 105.624614007118723, 21.175874265378166 ], [ 105.624613248419578, 21.175693566938907 ], [ 105.62499855694746, 21.175692143276638 ], [ 105.624999316114568, 21.175872841702603 ], [ 105.625769934009924, 21.175869991717981 ], [ 105.625769173906932, 21.175689293318612 ], [ 105.625961828126719, 21.175688580280465 ], [ 105.625959547164015, 21.175146485079043 ], [ 105.626152200673857, 21.175145771841418 ], [ 105.626148398060295, 21.174242279794637 ], [ 105.626341050392313, 21.17424156637086 ], [ 105.626342571881523, 21.174602963187901 ], [ 105.626535224673404, 21.174602249531358 ], [ 105.626538268684186, 21.175325043092187 ], [ 105.626730922403866, 21.175324329189543 ], [ 105.626730161155137, 21.175143630811831 ], [ 105.626922814632806, 21.175142916696398 ], [ 105.626921291691559, 21.174781519942641 ], [ 105.627113944693249, 21.174780805621101 ], [ 105.627115468102417, 21.175142202361521 ], [ 105.627308121563985, 21.175141487807192 ], [ 105.627307359621426, 21.174960789445588 ], [ 105.628077972451266, 21.174957929060479 ], [ 105.628079498216195, 21.175319325726385 ], [ 105.62788684455289, 21.17532004116519 ], [ 105.627887607213481, 21.17550073949899 ], [ 105.627502299394749, 21.175502169731601 ], [ 105.627504586021047, 21.176044264749766 ], [ 105.627697240636365, 21.176043549723161 ], [ 105.627698003095219, 21.176224248048097 ], [ 105.627890657936447, 21.176223532795362 ], [ 105.627892183346304, 21.17658492942024 ], [ 105.628084838647453, 21.176584213934685 ], [ 105.628084075704507, 21.176403515630863 ], [ 105.628469385814611, 21.176402084014722 ], [ 105.628467859016993, 21.176040687422159 ], [ 105.628660513591996, 21.176039971298259 ], [ 105.628659749971305, 21.175859273002839 ], [ 105.628852404304254, 21.175858556666164 ], [ 105.628851640457682, 21.175677858373536 ], [ 105.629044294548564, 21.175677141824092 ], [ 105.629043530476096, 21.175496443534279 ], [ 105.629236184324938, 21.175495726772066 ], [ 105.629235420026575, 21.175315028485056 ], [ 105.629428073633377, 21.175314311510093 ], [ 105.629427309109118, 21.175133613225881 ], [ 105.629619962473882, 21.175132896038161 ], [ 105.629619197723741, 21.174952197756763 ], [ 105.630004503961061, 21.174950762736351 ], [ 105.6300037387511, 21.174770064464475 ], [ 105.63019639162367, 21.174769346631798 ], [ 105.630195626187827, 21.174588648362736 ], [ 105.630388278818344, 21.174587930317323 ], [ 105.630387513156634, 21.174407232051067 ], [ 105.630772817925475, 21.174405795315323 ], [ 105.630772051803959, 21.174225097058603 ], [ 105.630964703942283, 21.174224378368276 ], [ 105.630963937594913, 21.174043680114377 ], [ 105.631156589491184, 21.174042961211324 ], [ 105.631155822917961, 21.173862262960245 ], [ 105.631348474572192, 21.173861543844474 ], [ 105.631346940982169, 21.173500147344097 ], [ 105.631539592160394, 21.173499428022314 ], [ 105.631538825143593, 21.173318729773015 ], [ 105.631731476079779, 21.173318010238521 ], [ 105.631730708837154, 21.173137311992058 ], [ 105.632116010217302, 21.173135872278216 ], [ 105.632115242514928, 21.172955174041306 ], [ 105.632307892958892, 21.172954453861969 ], [ 105.632307125030692, 21.172773755627905 ], [ 105.632114474820654, 21.172774475800512 ], [ 105.632113707134508, 21.172593777555836 ], [ 105.63269165703845, 21.172591616399909 ], [ 105.632690888658644, 21.172410918171519 ], [ 105.632883538376447, 21.1724101973541 ], [ 105.632882769770831, 21.172229499128555 ], [ 105.63307541924658, 21.172228778098443 ], [ 105.633073881591869, 21.171867381649168 ], [ 105.633459179583326, 21.171865938957641 ], [ 105.633457641025458, 21.171504542519763 ], [ 105.633650289541151, 21.171503820858355 ], [ 105.633649520040507, 21.171323122640331 ], [ 105.633842168314146, 21.17132240076625 ], [ 105.633841398587734, 21.171141702551079 ], [ 105.634034046619334, 21.171140980464347 ], [ 105.634032506723074, 21.170779584035824 ], [ 105.63422515427871, 21.17077886174317 ], [ 105.634223613947228, 21.170417465312596 ], [ 105.634416261026928, 21.170416742814041 ], [ 105.634415490639498, 21.170236044599669 ], [ 105.634608137477159, 21.170235321888462 ], [ 105.634607366863975, 21.170054623676954 ], [ 105.634800013459596, 21.170053900753103 ], [ 105.634798471789878, 21.169692504331937 ], [ 105.634991117909564, 21.169691781202197 ], [ 105.634990346853044, 21.169511082992546 ], [ 105.635375638600181, 21.169509636088407 ], [ 105.635374867084039, 21.16932893788838 ], [ 105.635567512711489, 21.169328214113992 ], [ 105.635566740969622, 21.169147515916833 ], [ 105.635759386355033, 21.169146791929826 ], [ 105.635758614387441, 21.168966093735541 ], [ 105.635951259530813, 21.168965369535915 ], [ 105.63595048733751, 21.168784671344508 ], [ 105.636143132238828, 21.168783946932272 ], [ 105.636141587408972, 21.16842255055133 ], [ 105.636334231834383, 21.168421825933244 ], [ 105.63633114133718, 21.16769903315182 ], [ 105.63729435866432, 21.167695406906244 ], [ 105.63729358489114, 21.167514708735034 ], [ 105.637486228098183, 21.167513982834606 ], [ 105.637485454099334, 21.167333284666288 ], [ 105.637678097064324, 21.167332558553284 ], [ 105.63767654862346, 21.166971162218566 ], [ 105.637869191112557, 21.166970435899756 ], [ 105.637868416670543, 21.16678973773335 ], [ 105.638061058917614, 21.166789011201974 ], [ 105.638060284249946, 21.16660831303847 ], [ 105.638252926254978, 21.166607586294521 ], [ 105.638252151361655, 21.16642688813392 ], [ 105.638444793124634, 21.166426161177409 ], [ 105.638444018005686, 21.16624546301971 ], [ 105.638636659526625, 21.166244735850647 ], [ 105.638635884182008, 21.166064037695854 ], [ 105.638828525460923, 21.166063310314229 ], [ 105.638827749890666, 21.165882612162346 ], [ 105.639020390927541, 21.165881884568172 ], [ 105.639018839343976, 21.165520488266335 ], [ 105.639211479904972, 21.165519760466413 ], [ 105.639210703891649, 21.165339062316466 ], [ 105.639403344210621, 21.165338334304003 ], [ 105.639402567971686, 21.165157636156973 ], [ 105.640173128230131, 21.165154721940958 ], [ 105.640172351064123, 21.164974023817255 ], [ 105.640557630676398, 21.164972565406863 ], [ 105.640556853050938, 21.164791867292884 ], [ 105.640749492610922, 21.164791137765505 ], [ 105.640747936917052, 21.164429741539543 ], [ 105.640940576001171, 21.164429011806455 ], [ 105.640939019872562, 21.164067615578585 ], [ 105.640553742631354, 21.164069074798178 ], [ 105.640552965047007, 21.16388837666479 ], [ 105.640360326647865, 21.163889105938793 ], [ 105.640358771971464, 21.16352770964674 ], [ 105.640551409902983, 21.163526980386358 ], [ 105.640550632343306, 21.163346282241321 ], [ 105.640743270032814, 21.163345552768437 ], [ 105.640742492247554, 21.163164854626324 ], [ 105.641127767134279, 21.163163395036246 ], [ 105.641126988889638, 21.162982696903885 ], [ 105.641512263275871, 21.162981236450197 ], [ 105.641511484571865, 21.162800538327584 ], [ 105.641704121518828, 21.162799807778597 ], [ 105.641703342589281, 21.162619109658927 ], [ 105.641895979294219, 21.162618378897456 ], [ 105.641895200139118, 21.16243768078073 ], [ 105.64208783660203, 21.162436949806782 ], [ 105.642087057221374, 21.162256251692998 ], [ 105.642279693442248, 21.162255520506573 ], [ 105.642278913836066, 21.162074822395731 ], [ 105.642664185785506, 21.162073359378645 ], [ 105.642663405719986, 21.16189266127758 ], [ 105.642856041448553, 21.161891929446924 ], [ 105.642855261157521, 21.161711231348811 ], [ 105.643047896644063, 21.161710499305695 ], [ 105.643047116127491, 21.161529801210541 ], [ 105.643239751371993, 21.16152906895497 ], [ 105.643238970629909, 21.161348370862761 ], [ 105.643431605632372, 21.161347638394741 ], [ 105.643430824664776, 21.161166940305485 ], [ 105.643623459425214, 21.161166207625016 ], [ 105.643622678232106, 21.16098550953873 ], [ 105.643815312750519, 21.160984776645805 ], [ 105.643814531331898, 21.160804078562478 ], [ 105.644007165608272, 21.160803345457129 ], [ 105.644006383964154, 21.160622647376766 ], [ 105.644199017998517, 21.160621914058972 ], [ 105.644198236128886, 21.160441215981571 ], [ 105.64439086992121, 21.160440482451349 ], [ 105.64439008782611, 21.160259784376919 ], [ 105.644582721376381, 21.16025905063427 ], [ 105.644581939055797, 21.160078352562806 ], [ 105.644967205664045, 21.160076884433376 ], [ 105.64496642288421, 21.159896186371746 ], [ 105.645351688991838, 21.159894717378936 ], [ 105.645350905752778, 21.159714019327144 ], [ 105.645736171359772, 21.15971254947096 ], [ 105.645735387661503, 21.159531851429012 ], [ 105.645928020218804, 21.159531116178879 ], [ 105.64592723629508, 21.159350418139908 ], [ 105.646119868610356, 21.15934968267738 ], [ 105.646119084461176, 21.159168984641401 ], [ 105.646311716534399, 21.159168248966473 ], [ 105.646310932159778, 21.158987550933482 ], [ 105.646888827628501, 21.158985342613732 ], [ 105.646887257501675, 21.158623946577343 ], [ 105.646694626154542, 21.158624682889435 ], [ 105.646692271727787, 21.158082588785099 ], [ 105.646884902373699, 21.158081852493641 ], [ 105.646883332329907, 21.157720456418417 ], [ 105.647075962500097, 21.157719719921463 ], [ 105.647076747751569, 21.157900417954139 ], [ 105.647269378147172, 21.157899681231051 ], [ 105.64727016364067, 21.158080379252961 ], [ 105.647462794261699, 21.158079642303743 ], [ 105.647463579997236, 21.158260340314886 ], [ 105.647848841681807, 21.158258865744919 ], [ 105.647849627893123, 21.158439563738398 ], [ 105.648042258956664, 21.158438826117639 ], [ 105.6480446183417, 21.15898092005412 ], [ 105.648237250098134, 21.158980182193435 ], [ 105.648241970495263, 21.160064369920164 ], [ 105.648434603645867, 21.160063631798849 ], [ 105.648429094908792, 21.158798746152321 ], [ 105.648236463394412, 21.15879948422538 ], [ 105.648233316662669, 21.158076692314335 ], [ 105.648040686074893, 21.158077430140569 ], [ 105.648039113226403, 21.157716034147956 ], [ 105.647461222815551, 21.157718246269813 ], [ 105.64746043710494, 21.157537548247014 ], [ 105.647267807185088, 21.157538285175587 ], [ 105.647266236256229, 21.15717688910458 ], [ 105.647458865708643, 21.157176152189781 ], [ 105.647455723015767, 21.15645336002871 ], [ 105.647648351525035, 21.156452622922206 ], [ 105.647647565638877, 21.156271924879114 ], [ 105.647840193906134, 21.156271187560264 ], [ 105.647838621691363, 21.155909791476205 ], [ 105.648031249482898, 21.155909053951902 ], [ 105.648030463154285, 21.155728355910941 ], [ 105.648223090703794, 21.155727618174303 ], [ 105.648222304149812, 21.155546920136345 ], [ 105.648607558756495, 21.155545444019182 ], [ 105.648606771743445, 21.155364745991125 ], [ 105.648799398800605, 21.155364007610601 ], [ 105.648798611562199, 21.15518330958556 ], [ 105.648991238377349, 21.155182570992718 ], [ 105.648990450913573, 21.155001872970704 ], [ 105.649375704051508, 21.155000395141162 ], [ 105.649374916128693, 21.154819697129064 ], [ 105.649760168765923, 21.154818218436461 ], [ 105.649759380384083, 21.154637520434289 ], [ 105.650722510662803, 21.154633819901075 ], [ 105.650723300213073, 21.154814517868676 ], [ 105.650915926477452, 21.15481377709747 ], [ 105.650916716269734, 21.154994475054263 ], [ 105.651109342759455, 21.154993734056919 ], [ 105.651110132793789, 21.155174432002902 ], [ 105.651688012913837, 21.155172207674791 ], [ 105.651688803657592, 21.155352905596114 ], [ 105.653037191947377, 21.155347707775945 ], [ 105.653036399567824, 21.155167009903177 ], [ 105.653614279436709, 21.155164778998483 ], [ 105.653613486364478, 21.154984081142675 ], [ 105.653998739101098, 21.154982592790681 ], [ 105.65399794556987, 21.154801894944892 ], [ 105.654383197805558, 21.154800405729944 ], [ 105.654382403815362, 21.154619707894177 ], [ 105.654575029686939, 21.15461896296484 ], [ 105.654574235471443, 21.154438265132157 ], [ 105.654766861100939, 21.154437519990573 ], [ 105.654766066660201, 21.154256822160956 ], [ 105.654958692047614, 21.154256076807119 ], [ 105.654957897381578, 21.1540753789806 ], [ 105.655343147663842, 21.154073887629231 ], [ 105.655342352538881, 21.153893189812742 ], [ 105.655534977433732, 21.153892443815227 ], [ 105.655533386741709, 21.153531048184544 ], [ 105.655726011160823, 21.15353030198176 ], [ 105.655725215593762, 21.153349604167573 ], [ 105.655917839770794, 21.153348857752562 ], [ 105.655917043978491, 21.153168159941455 ], [ 105.657265411346216, 21.15316292894769 ], [ 105.657264613926728, 21.152982231181575 ], [ 105.657649861202884, 21.152980734653141 ], [ 105.657649063324527, 21.152800036897126 ], [ 105.658034310099623, 21.152798539505913 ], [ 105.658033511762397, 21.152617841759998 ], [ 105.658226134903629, 21.152617092742606 ], [ 105.658225336341189, 21.152436394999807 ], [ 105.658417959240325, 21.152435645770218 ], [ 105.658417160452686, 21.152254948030539 ], [ 105.658609783109711, 21.152254198588764 ], [ 105.658608984096887, 21.152073500852204 ], [ 105.65880160651183, 21.152072751198247 ], [ 105.658799208823112, 21.15153065798626 ], [ 105.658991830528691, 21.151529908134144 ], [ 105.658989432215151, 21.15098781490822 ], [ 105.659182053211367, 21.150987064857951 ], [ 105.659179654273075, 21.150444971618104 ], [ 105.658987033977752, 21.150445721647348 ], [ 105.658985435195078, 21.150084326120691 ], [ 105.658792815358524, 21.15008507591676 ], [ 105.658792016213482, 21.14990437814059 ], [ 105.658599396602085, 21.1499051277105 ], [ 105.658598597699125, 21.149724429923445 ], [ 105.658405978312885, 21.149725179267193 ], [ 105.658405179651993, 21.149544481469256 ], [ 105.658019941321399, 21.149545979485289 ], [ 105.658019143136158, 21.149365281669468 ], [ 105.657826524191805, 21.149366030341756 ], [ 105.657825726248618, 21.14918533251506 ], [ 105.657633107529421, 21.149186080961197 ], [ 105.657632309828273, 21.149005383123626 ], [ 105.657824928313858, 21.149004634684481 ], [ 105.657824130387539, 21.148823936850018 ], [ 105.658016748631084, 21.148823188198715 ], [ 105.658015950479609, 21.148642490367369 ], [ 105.658208568481115, 21.148641741503919 ], [ 105.658207770104497, 21.148461043675685 ], [ 105.658400387863949, 21.148460294600092 ], [ 105.658398790668869, 21.148098898945964 ], [ 105.658784025228059, 21.148097400165366 ], [ 105.658783226176013, 21.147916702346482 ], [ 105.659361077250665, 21.147914452553064 ], [ 105.659360277506309, 21.147733754751318 ], [ 105.66013074455303, 21.147730751986916 ], [ 105.660128342567759, 21.14718865864257 ], [ 105.659743110462827, 21.147190160420937 ], [ 105.659742310285154, 21.147009462617689 ], [ 105.659549694453545, 21.147010213171171 ], [ 105.659548894517926, 21.146829515357027 ], [ 105.659356278911446, 21.146830265684372 ], [ 105.659355479217851, 21.146649567859331 ], [ 105.659162863836457, 21.146650317960539 ], [ 105.659163663296482, 21.146831015792589 ], [ 105.658971047673091, 21.146831765681682 ], [ 105.658971846907988, 21.147012463516855 ], [ 105.658779231042558, 21.14701321319383 ], [ 105.658780829070579, 21.147374608866546 ], [ 105.658588212729555, 21.147375358338397 ], [ 105.65858901152265, 21.147556056175933 ], [ 105.658011161748107, 21.147558303297721 ], [ 105.658007171370684, 21.146654813966229 ], [ 105.658199786802783, 21.146654065179757 ], [ 105.658198190243766, 21.146292669433965 ], [ 105.658390805200284, 21.146291920442369 ], [ 105.658389208207922, 21.145930524695057 ], [ 105.658581822688859, 21.145929775498342 ], [ 105.658581023971792, 21.145749077625858 ], [ 105.658966252441203, 21.145747578589091 ], [ 105.658965453265481, 21.145566880726737 ], [ 105.659158067253927, 21.145566130886696 ], [ 105.659157267853118, 21.145385433027464 ], [ 105.659349881599567, 21.145384682975326 ], [ 105.659349081973645, 21.145203985119227 ], [ 105.659734308974066, 21.145202484371644 ], [ 105.659733508889516, 21.145021786525682 ], [ 105.659926122143489, 21.145021035830247 ], [ 105.659925321833839, 21.144840337987418 ], [ 105.6601179348458, 21.1448395870799 ], [ 105.660116333784842, 21.14447819139663 ], [ 105.660308946321251, 21.144477440284046 ], [ 105.660306544092734, 21.143935346751086 ], [ 105.660499155920064, 21.143934595440474 ], [ 105.660498354960623, 21.143753897595403 ], [ 105.660690966545943, 21.143753146072726 ], [ 105.660690165361459, 21.143572448230803 ], [ 105.660882776704767, 21.14357169649606 ], [ 105.66088197529524, 21.143390998657278 ], [ 105.661267197489366, 21.143389494544589 ], [ 105.661266395621283, 21.143208796715982 ], [ 105.6614590064721, 21.143208044338039 ], [ 105.66145820437896, 21.143027346512575 ], [ 105.661843425588089, 21.143025841113527 ], [ 105.661842623036407, 21.142845143298256 ], [ 105.662035233394718, 21.142844390277148 ], [ 105.662032825090066, 21.142302296829151 ], [ 105.662225434739355, 21.142301543610081 ], [ 105.662224631754611, 21.142120845793357 ], [ 105.66241724116189, 21.142120092362259 ], [ 105.662415634750886, 21.141758696731248 ], [ 105.662608243682655, 21.141757943095168 ], [ 105.662607440256409, 21.141577245280882 ], [ 105.662800048946181, 21.14157649143278 ], [ 105.662798441652185, 21.14121509580665 ], [ 105.662991049866449, 21.141214341753582 ], [ 105.662989442139477, 21.140852946126024 ], [ 105.663182049878273, 21.140852191867992 ], [ 105.66318124579405, 21.140671494055443 ], [ 105.66337385329085, 21.140670739585413 ], [ 105.66337304898164, 21.14049004177603 ], [ 105.663565656236429, 21.140489287093995 ], [ 105.663564851702276, 21.14030858928778 ], [ 105.663757458715068, 21.140307834393756 ], [ 105.663755849205316, 21.139946438783792 ], [ 105.663948455742641, 21.139945683684836 ], [ 105.663947650767057, 21.13976498588109 ], [ 105.664332863349202, 21.139763475040159 ], [ 105.664330447072743, 21.139221381647992 ], [ 105.664523052650608, 21.139220625920156 ], [ 105.664521441375328, 21.13885923032009 ], [ 105.664714046477741, 21.138858474387352 ], [ 105.66471243476964, 21.1384970787859 ], [ 105.664905039396615, 21.138496322648262 ], [ 105.664904233321892, 21.138315624848772 ], [ 105.665096837706884, 21.138314868499176 ], [ 105.665096031407245, 21.13813417070288 ], [ 105.66528863555024, 21.138133414141329 ], [ 105.665286216002158, 21.13759132075036 ], [ 105.665671422861863, 21.137589807012642 ], [ 105.665670615896019, 21.137409109222041 ], [ 105.667211441125573, 21.137403045567133 ], [ 105.667210632300751, 21.137222347829329 ], [ 105.667403235182519, 21.137221588893993 ], [ 105.667402426132796, 21.137040891159408 ], [ 105.667595028772567, 21.137040132012146 ], [ 105.667594219497985, 21.136859434280776 ], [ 105.667786821895746, 21.136858674921601 ], [ 105.667786012396306, 21.13667797719345 ], [ 105.668171216699264, 21.136676457832284 ], [ 105.668170406741524, 21.136495760114443 ], [ 105.668555610543351, 21.136494239891462 ], [ 105.66855642096796, 21.136674937595092 ], [ 105.670867645859005, 21.136665797775336 ], [ 105.670866832633237, 21.136485100157156 ], [ 105.671252036194531, 21.136483573802035 ], [ 105.671252849887139, 21.136664271405945 ], [ 105.672215859806784, 21.136660451649856 ], [ 105.67221667467517, 21.136841149214177 ], [ 105.672987083389415, 21.136838089438591 ], [ 105.672987899200166, 21.137018786970426 ], [ 105.6741435134131, 21.137014190693822 ], [ 105.674145147861736, 21.1373755856599 ], [ 105.675108161802441, 21.137371749334896 ], [ 105.675108980206943, 21.137552446776251 ], [ 105.675301583202554, 21.137551678847029 ], [ 105.675302401849152, 21.13773237627732 ], [ 105.675687608281265, 21.137730839747469 ], [ 105.675688427403429, 21.137911537159511 ], [ 105.675881030839932, 21.137910768558871 ], [ 105.675881850204206, 21.138091465959846 ], [ 105.676267057518089, 21.138089928087133 ], [ 105.676267877357944, 21.138270625469854 ], [ 105.676460481235324, 21.13826985619777 ], [ 105.676461301317289, 21.138450553569417 ], [ 105.677039113597715, 21.138448244417443 ], [ 105.677039934388745, 21.138628941763617 ], [ 105.677425142999184, 21.138627401219438 ], [ 105.677425964265808, 21.138808098547326 ], [ 105.677618568791459, 21.138807327939492 ], [ 105.677619390300222, 21.1389880252563 ], [ 105.678004599792345, 21.138986483369123 ], [ 105.678005421776732, 21.139167180667627 ], [ 105.678390631700992, 21.139165637889914 ], [ 105.678391454161016, 21.139346335170114 ], [ 105.678584059343549, 21.139345563445495 ], [ 105.67858488204574, 21.13952626071459 ], [ 105.679355303622714, 21.139523171596863 ], [ 105.679356127267468, 21.139703868833209 ], [ 105.67974133847062, 21.139702322945663 ], [ 105.67974216259104, 21.139883020163676 ], [ 105.680319980030774, 21.139880699667881 ], [ 105.68032080486033, 21.140061396860315 ], [ 105.680513410889603, 21.140060622916398 ], [ 105.680512585826548, 21.139879925731186 ], [ 105.681475614674497, 21.139876052762151 ], [ 105.681476440904916, 21.140056749911153 ], [ 105.681669046881751, 21.140055974652974 ], [ 105.681669873354394, 21.140236671790849 ], [ 105.6820550857488, 21.140235120602856 ], [ 105.682055912697138, 21.140415817722349 ], [ 105.682441125523496, 21.140414265643674 ], [ 105.682441952947542, 21.140594962744778 ], [ 105.682634559581075, 21.140594186369604 ], [ 105.682635387247359, 21.140774883459564 ], [ 105.683020600955118, 21.140773330037565 ], [ 105.683021429097138, 21.140954027109121 ], [ 105.683406643236822, 21.140952472796386 ], [ 105.683407471854565, 21.141133169849525 ], [ 105.683600079144739, 21.141132392357314 ], [ 105.683601736873527, 21.141493786437405 ], [ 105.683409129116356, 21.141494563944157 ], [ 105.683408300481076, 21.141313866898784 ], [ 105.682060047570033, 21.141319303261536 ], [ 105.682059220577955, 21.141138606161462 ], [ 105.681288791084469, 21.141141707806213 ], [ 105.68128961714261, 21.14132240493527 ], [ 105.681674832373801, 21.14132085453652 ], [ 105.68167565890765, 21.14150155164721 ], [ 105.682253482389356, 21.14149922438439 ], [ 105.682254309632427, 21.141679921469439 ], [ 105.682832133735843, 21.141677592213316 ], [ 105.682832961688149, 21.141858289272715 ], [ 105.683410786413233, 21.141855958023253 ], [ 105.683411615074817, 21.14203665505697 ], [ 105.68398944042147, 21.142034321814119 ], [ 105.683990269792332, 21.142215018822153 ], [ 105.684760704399025, 21.142211904735674 ], [ 105.684761534712692, 21.142392601710718 ], [ 105.685531970112848, 21.142389484090025 ], [ 105.68553280136932, 21.142570181032038 ], [ 105.686303237562797, 21.14256705987707 ], [ 105.686304069762102, 21.142747756786022 ], [ 105.68668928827303, 21.142746194879521 ], [ 105.686690120948171, 21.142926891769992 ], [ 105.687267949349035, 21.142924547245272 ], [ 105.687268782733511, 21.14310524410995 ], [ 105.687461392416353, 21.143104462156252 ], [ 105.687462226043181, 21.143285159009739 ], [ 105.687847445849428, 21.143283594430486 ], [ 105.687848279952107, 21.143464291265463 ], [ 105.68842611029585, 21.143461942731548 ], [ 105.688426945107921, 21.143642639540687 ], [ 105.689197386376648, 21.143639505065707 ], [ 105.689198222131637, 21.14382020184167 ], [ 105.689776053690935, 21.14381784866308 ], [ 105.689776890155358, 21.143998545413165 ], [ 105.690547333044606, 21.143995404745169 ], [ 105.69054817045199, 21.144176101462016 ], [ 105.692089057673314, 21.14416980955108 ], [ 105.692089896957796, 21.144350506205235 ], [ 105.694401229526235, 21.144341041959798 ], [ 105.694402071621994, 21.144521738521622 ], [ 105.694787294059182, 21.144520158065355 ], [ 105.694788136630905, 21.144700854608523 ], [ 105.695943805129687, 21.144696107937168 ], [ 105.695944649111553, 21.144876804432087 ], [ 105.697292930255244, 21.144871256628239 ], [ 105.697293775880823, 21.145051953067433 ], [ 105.698064222986034, 21.145048778044028 ], [ 105.698065069554715, 21.145229474449661 ], [ 105.70191730759899, 21.145213546600573 ], [ 105.701918158847491, 21.145394242853467 ], [ 105.702688606958887, 21.145391046737053 ], [ 105.702687754776207, 21.145210350514031 ], [ 105.704613872087819, 21.145202344960804 ], [ 105.704614726605911, 21.14538304110901 ], [ 105.708081739690797, 21.145368575765431 ], [ 105.70808088096895, 21.145187879752402 ], [ 105.70827349248728, 21.145187074048291 ], [ 105.708272633540972, 21.145006378038907 ], [ 105.708850467340824, 21.14500395963459 ], [ 105.708851326987755, 21.145184655621371 ], [ 105.711933109606306, 21.145171724041809 ], [ 105.711933972998963, 21.145352419903865 ], [ 105.712704419222788, 21.145349178214829 ], [ 105.712703554895967, 21.145168482383074 ], [ 105.713666611302301, 21.145164425379988 ], [ 105.713665745816925, 21.144983729582265 ], [ 105.714050967848308, 21.144982105262542 ], [ 105.714050101905016, 21.144801409476102 ], [ 105.714820544923697, 21.144798158237922 ], [ 105.714819678055449, 21.144617462477978 ], [ 105.715204899042703, 21.144615835559541 ], [ 105.715204031716567, 21.14443513981092 ], [ 105.715589252200061, 21.144433512031341 ], [ 105.715588384416051, 21.144252816294042 ], [ 105.715973604395757, 21.144251187653335 ], [ 105.715972736153873, 21.144070491927369 ], [ 105.716357955629803, 21.144068862425552 ], [ 105.71635708693006, 21.143888166710923 ], [ 105.716742305902187, 21.14388653634802 ], [ 105.716741436744584, 21.143705840644738 ], [ 105.716934045983336, 21.143705025142282 ], [ 105.71693317660143, 21.143524329442741 ], [ 105.71712578559746, 21.14352351372883 ], [ 105.717124915991235, 21.143342818033027 ], [ 105.717317524744558, 21.143342002107666 ], [ 105.717316654914015, 21.143161306415593 ], [ 105.717701871926025, 21.143159673922909 ], [ 105.717701001637678, 21.142978978242208 ], [ 105.718086218145828, 21.1429773448885 ], [ 105.718084476662725, 21.14261595354597 ], [ 105.718277084435968, 21.142615136555776 ], [ 105.718276213474738, 21.142434440886323 ], [ 105.718468821005288, 21.142433623684703 ], [ 105.718467949819754, 21.142252928018991 ], [ 105.718660557107569, 21.142252110605948 ], [ 105.718659685697773, 21.142071414943985 ], [ 105.718852292742881, 21.142070597319528 ], [ 105.718851421108809, 21.141889901661322 ], [ 105.719044027911181, 21.141889083825447 ], [ 105.719042284203738, 21.141527692512664 ], [ 105.719234890529918, 21.141526874473019 ], [ 105.719234018456532, 21.141346178818438 ], [ 105.719426624539992, 21.141345360567392 ], [ 105.719425752242373, 21.141164664916577 ], [ 105.719618358083125, 21.141163846454123 ], [ 105.719616613048572, 21.14080245515613 ], [ 105.719809218413133, 21.140801636489929 ], [ 105.719808345676242, 21.140620940842755 ], [ 105.720000950798095, 21.140620121965167 ], [ 105.720000077836957, 21.140439426321759 ], [ 105.720192682716103, 21.140438607232781 ], [ 105.72019093635457, 21.140077215949606 ], [ 105.720383540757538, 21.140076396656912 ], [ 105.720381793966055, 21.139715005373496 ], [ 105.720574397892847, 21.139714185877086 ], [ 105.7205726506714, 21.139352794593442 ], [ 105.720765254122028, 21.139351974893323 ], [ 105.720762632658818, 21.138809887961699 ], [ 105.720955235399842, 21.138809068065537 ], [ 105.720953487337042, 21.138447676773676 ], [ 105.72114608960193, 21.138446856673827 ], [ 105.721135599200821, 21.136278508688122 ], [ 105.720942999737105, 21.136279328695977 ], [ 105.720937756436498, 21.135195154447224 ], [ 105.720745158363997, 21.135195974190104 ], [ 105.720743411137917, 21.134834582727432 ], [ 105.720936008743621, 21.134833762999879 ], [ 105.720933387273647, 21.134291675799709 ], [ 105.720740790368112, 21.134292495504269 ], [ 105.72073816968151, 21.133750408246122 ], [ 105.720545573466893, 21.133751227708732 ], [ 105.720543826855462, 21.133389836168551 ], [ 105.720351231098348, 21.133390655396877 ], [ 105.720349484990649, 21.133029263825826 ], [ 105.72015688969104, 21.133030082819875 ], [ 105.720154271298881, 21.132487995411179 ], [ 105.720346865898392, 21.132487176440101 ], [ 105.720345119883092, 21.13212578483019 ], [ 105.720152525750294, 21.132126603785949 ], [ 105.720150780238654, 21.131765212145176 ], [ 105.71995818656336, 21.131766030866679 ], [ 105.719957314054753, 21.13158533503281 ], [ 105.719764720603564, 21.131586153527721 ], [ 105.719762103833162, 21.131044065979829 ], [ 105.719569511072805, 21.131044884232843 ], [ 105.719561663360125, 21.129418621310464 ], [ 105.719754254020486, 21.129417803126302 ], [ 105.719750765454862, 21.128695019534817 ], [ 105.719943355172731, 21.128694201162354 ], [ 105.719941610478685, 21.128332809358596 ], [ 105.720134199720718, 21.128331990782542 ], [ 105.720131582048978, 21.127789903070727 ], [ 105.720324170581847, 21.127789084298737 ], [ 105.720323297809784, 21.127608388394684 ], [ 105.720515886100117, 21.127607569411452 ], [ 105.720514140117089, 21.12724617760701 ], [ 105.720706727931614, 21.1272453584202 ], [ 105.720704108326515, 21.126703270707388 ], [ 105.720896695431918, 21.126702451324675 ], [ 105.720894948608162, 21.126341059512022 ], [ 105.721087535237757, 21.12634023992576 ], [ 105.721085787984435, 21.125978848112897 ], [ 105.721278374138237, 21.125978028323082 ], [ 105.72127575262779, 21.125435940597654 ], [ 105.721468338072512, 21.125435120611968 ], [ 105.721465715945527, 21.124893032874567 ], [ 105.721658300681213, 21.12489221269303 ], [ 105.72165742642413, 21.124711516780469 ], [ 105.721850010917308, 21.124710696387734 ], [ 105.721848261964382, 21.124349304566287 ], [ 105.722040845981795, 21.124348483970049 ], [ 105.722039971285966, 21.124167788061172 ], [ 105.72223255506087, 21.124166967253746 ], [ 105.72223168014105, 21.123986271348663 ], [ 105.722424263673446, 21.123985450330064 ], [ 105.722422513395117, 21.1236240585236 ], [ 105.722615096451747, 21.123623237301501 ], [ 105.722614221093238, 21.123442541400124 ], [ 105.722806803907361, 21.123441719966866 ], [ 105.722805928324874, 21.123261024069283 ], [ 105.722998510896502, 21.123260202424856 ], [ 105.722997635090053, 21.123079506531081 ], [ 105.723190217419159, 21.123078684675495 ], [ 105.723189341388746, 21.122897988785517 ], [ 105.723381923475358, 21.122897166718779 ], [ 105.723380170975886, 21.122535774942541 ], [ 105.723572752586762, 21.122534952672346 ], [ 105.723570999657952, 21.122173560895948 ], [ 105.72376358079309, 21.122172738422304 ], [ 105.72376270410939, 21.121992042535965 ], [ 105.723955285002035, 21.121991219851179 ], [ 105.723954408094386, 21.121810523968652 ], [ 105.724146988744522, 21.121809701072735 ], [ 105.724146111612953, 21.121629005194023 ], [ 105.724338692020595, 21.121628182086976 ], [ 105.724336937318867, 21.121266790333301 ], [ 105.724529517250787, 21.121265967022822 ], [ 105.724528639680642, 21.121085271147859 ], [ 105.724721219370068, 21.121084447626263 ], [ 105.724720341576017, 21.120903751755108 ], [ 105.724912921022948, 21.120902928022403 ], [ 105.7249111649963, 21.120541536283859 ], [ 105.725296322929466, 21.12053988819282 ], [ 105.725294566007236, 21.12017849646957 ], [ 105.725487144493471, 21.120177672111247 ], [ 105.725486265813103, 21.11999697625151 ], [ 105.725678844056844, 21.119996151682091 ], [ 105.725677086257647, 21.119634759966385 ], [ 105.725869664025694, 21.119633935193583 ], [ 105.725867905797344, 21.11927254347777 ], [ 105.726060483089725, 21.119271718501604 ], [ 105.726059603756326, 21.119091022645577 ], [ 105.726252180806213, 21.119090197458334 ], [ 105.726250421700996, 21.118728805750084 ], [ 105.726442998275218, 21.118727980359484 ], [ 105.726442118503414, 21.118547284507247 ], [ 105.726634694835141, 21.11854645890558 ], [ 105.726633814839474, 21.118365763057184 ], [ 105.726826390928721, 21.118364937244444 ], [ 105.726824630498996, 21.118003545551456 ], [ 105.727017206112592, 21.118002719535383 ], [ 105.727016325678534, 21.117822023690788 ], [ 105.72720890104965, 21.117821197463659 ], [ 105.7272071397432, 21.117459805778264 ], [ 105.727399714638679, 21.11745897934782 ], [ 105.727397952903203, 21.117097587662354 ], [ 105.727590527323045, 21.117096761028595 ], [ 105.727589646236154, 21.116916065187766 ], [ 105.727782220413502, 21.116915238342965 ], [ 105.727780457801416, 21.116553846665138 ], [ 105.72797303150314, 21.116553019617033 ], [ 105.72797126846207, 21.116191627939134 ], [ 105.728163841688186, 21.116190800687743 ], [ 105.72816295994852, 21.116010104850705 ], [ 105.728355532932156, 21.116009277388301 ], [ 105.728353769014561, 21.115647885718051 ], [ 105.728546341522602, 21.115647058052367 ], [ 105.728545459344673, 21.115466362219159 ], [ 105.728738031610234, 21.115465534342459 ], [ 105.728737149208527, 21.115284838513112 ], [ 105.728929721231609, 21.115284010425405 ], [ 105.728928838606123, 21.115103314599928 ], [ 105.729121410386739, 21.115102486301211 ], [ 105.729120527537461, 21.114921790479595 ], [ 105.729313099075611, 21.114920961969883 ], [ 105.729312216002569, 21.114740266152129 ], [ 105.729504787298239, 21.114739437431425 ], [ 105.729503020713977, 21.114378045799779 ], [ 105.729695591534067, 21.11437721687583 ], [ 105.729694708022848, 21.114196521061931 ], [ 105.729887278600472, 21.114195691926998 ], [ 105.729886394865488, 21.114014996116982 ], [ 105.730078965200647, 21.114014166771067 ], [ 105.730078081241913, 21.11383347096492 ], [ 105.730463221417921, 21.113831811632394 ], [ 105.730462337002351, 21.113651115837889 ], [ 105.730654906843199, 21.113650285851286 ], [ 105.730654022203893, 21.113469590060664 ], [ 105.730846591802262, 21.113468759863093 ], [ 105.73084570693922, 21.113288064076354 ], [ 105.731038276295124, 21.113287233667826 ], [ 105.731036506130948, 21.112925842098228 ], [ 105.731229075011285, 21.112925011486507 ], [ 105.731228189710166, 21.112744315703655 ], [ 105.731420758348037, 21.11274348488098 ], [ 105.731419872823196, 21.112562789102018 ], [ 105.731612441218601, 21.112561958068397 ], [ 105.73160978400108, 21.112019870731533 ], [ 105.732187487033258, 21.112017376388348 ], [ 105.732185714203339, 21.111655984857698 ], [ 105.732378281395796, 21.111655152988103 ], [ 105.732377394761826, 21.111474457224734 ], [ 105.732955095583662, 21.111471960327041 ], [ 105.732954208259869, 21.111291264583151 ], [ 105.733146774948608, 21.11129043185429 ], [ 105.73314588740115, 21.111109736114312 ], [ 105.733723586711776, 21.111107236638869 ], [ 105.733722698474494, 21.110926540918392 ], [ 105.7341078308351, 21.110924873523508 ], [ 105.734106942141096, 21.110744177814748 ], [ 105.735069771712517, 21.110740005539252 ], [ 105.735068881862617, 21.11055930986565 ], [ 105.735261447515569, 21.110558474762261 ], [ 105.735260557442032, 21.110377779092595 ], [ 105.735453122852519, 21.110376943778324 ], [ 105.73545223255536, 21.110196248112583 ], [ 105.735259667377932, 21.110197083419038 ], [ 105.735257887277996, 21.109835692060283 ], [ 105.735643016691199, 21.109834021259942 ], [ 105.735642126189262, 21.109653325590372 ], [ 105.735834690648659, 21.109652489869983 ], [ 105.735833799923114, 21.109471794204349 ], [ 105.736026364140031, 21.1094709582731 ], [ 105.736025473190878, 21.109290262611406 ], [ 105.736410601130316, 21.109288590108491 ], [ 105.736409709724512, 21.10910789445856 ], [ 105.736987400863754, 21.109105384087545 ], [ 105.736989185083075, 21.109466775336529 ], [ 105.736796620913339, 21.109467612361222 ], [ 105.736797512804131, 21.109648307987719 ], [ 105.736604948391928, 21.109649144801551 ], [ 105.73660940682224, 21.110552622914938 ], [ 105.736994537967774, 21.110550948990262 ], [ 105.736993645796716, 21.110370253391018 ], [ 105.737186211122236, 21.110369416108465 ], [ 105.737185318727555, 21.110188720513172 ], [ 105.737570448884156, 21.110187045307658 ], [ 105.737574020384059, 21.110909827602814 ], [ 105.737381454378237, 21.110910665346282 ], [ 105.737383239718781, 21.111272056486229 ], [ 105.737190673237379, 21.111272894026666 ], [ 105.737193350619876, 21.111814980730962 ], [ 105.737000783429792, 21.111815818076192 ], [ 105.737001675676453, 21.11199651364436 ], [ 105.736809108243847, 21.111997350778708 ], [ 105.736810000266871, 21.112178046350824 ], [ 105.736617432591729, 21.112178883274293 ], [ 105.736619216199941, 21.112540274422525 ], [ 105.736426648049189, 21.112541111142932 ], [ 105.736427539634363, 21.112721806719051 ], [ 105.736042402838365, 21.11272347951936 ], [ 105.736043293966816, 21.112904175107243 ], [ 105.735850725321569, 21.112905011187131 ], [ 105.735851616226341, 21.113085706778961 ], [ 105.735659047338572, 21.113086542647945 ], [ 105.735660828710223, 21.113447933835577 ], [ 105.735468259346831, 21.113448769501471 ], [ 105.73546914981371, 21.113629465097279 ], [ 105.735276580207781, 21.113630300552259 ], [ 105.735277470450981, 21.113810996152001 ], [ 105.734699760877319, 21.11381350122797 ], [ 105.734700650430625, 21.113994196847266 ], [ 105.734508080320808, 21.113995031442926 ], [ 105.73450896965042, 21.114175727066144 ], [ 105.734701539993353, 21.114174892462675 ], [ 105.734705987948274, 21.115078370481456 ], [ 105.734513416439754, 21.115079205123966 ], [ 105.734514305825869, 21.115259900723874 ], [ 105.735477164439899, 21.115255725284744 ], [ 105.735478055001053, 21.1154364208417 ], [ 105.735863198846943, 21.115434749119135 ], [ 105.73586408988379, 21.115615444656566 ], [ 105.736056662025717, 21.115614608459328 ], [ 105.73605577075574, 21.115433912929721 ], [ 105.736248342655088, 21.115433076521551 ], [ 105.736242993834637, 21.11434890330926 ], [ 105.736435564325831, 21.114348066729299 ], [ 105.736434672655676, 21.114167371188142 ], [ 105.736627242904319, 21.114166534397267 ], [ 105.736628134807574, 21.114347229930594 ], [ 105.736820705279882, 21.114346392913149 ], [ 105.736821597425703, 21.114527088434759 ], [ 105.737784450811063, 21.114522900027211 ], [ 105.737785344131908, 21.114703595505745 ], [ 105.73797791501373, 21.114702757160163 ], [ 105.737978808577139, 21.11488345262697 ], [ 105.738171379682626, 21.114882614054789 ], [ 105.738174954963426, 21.115605395851766 ], [ 105.738752671020549, 21.115602878728545 ], [ 105.738751776486779, 21.115422183308681 ], [ 105.738944348253753, 21.115421343837948 ], [ 105.738942558748363, 21.11505995300227 ], [ 105.738749987447633, 21.115060792457292 ], [ 105.738748198446373, 21.114699401590361 ], [ 105.738940769280859, 21.114698562151045 ], [ 105.738939874561311, 21.114517866719602 ], [ 105.73874730395994, 21.114518706151067 ], [ 105.738745515015495, 21.114157315260819 ], [ 105.738552944870889, 21.114158154457833 ], [ 105.738552050645978, 21.113977458999035 ], [ 105.738359480724995, 21.11397829796946 ], [ 105.738358586742663, 21.113797602498927 ], [ 105.737780877622257, 21.113800118074227 ], [ 105.737778197829982, 21.113258031568694 ], [ 105.738355904852483, 21.113255516064001 ], [ 105.738355010908009, 21.113074820577918 ], [ 105.738547579663489, 21.113073981646743 ], [ 105.738545791336776, 21.112712590678626 ], [ 105.738738359616605, 21.112711751544424 ], [ 105.738737465234351, 21.112531056062391 ], [ 105.738544897187609, 21.112531895188742 ], [ 105.738542214796951, 21.111989808695778 ], [ 105.738349647440003, 21.111990647579859 ], [ 105.73834785969305, 21.111629256549428 ], [ 105.738155292792797, 21.111630095199097 ], [ 105.738154399166604, 21.111449399670196 ], [ 105.738346965833784, 21.111448561028382 ], [ 105.738346071983983, 21.111267865503446 ], [ 105.739308904012532, 21.111263669052992 ], [ 105.739309799027694, 21.111444364538649 ], [ 105.739694932238933, 21.111442684411792 ], [ 105.739692245823463, 21.110900597990319 ], [ 105.739307114010629, 21.110902278070007 ], [ 105.73930532404664, 21.11054088707149 ], [ 105.740268151176963, 21.110536685310635 ], [ 105.740266358920294, 21.110175294375217 ], [ 105.74045892385179, 21.110174453382687 ], [ 105.740456234838817, 21.109632366974033 ], [ 105.740648799061674, 21.109631525786426 ], [ 105.740651488773779, 21.110173612171465 ], [ 105.740844053686288, 21.110172770741553 ], [ 105.740846744183031, 21.110714857068004 ], [ 105.741039309785208, 21.110714015395764 ], [ 105.741033030461068, 21.109449147301451 ], [ 105.740840466490269, 21.109449988918559 ], [ 105.740839569714993, 21.109269293453096 ], [ 105.740454442210975, 21.109270976015505 ], [ 105.740449960807467, 21.108367498551203 ], [ 105.740642523399032, 21.108366657418696 ], [ 105.740641626913785, 21.10818596192205 ], [ 105.740834189262827, 21.108185120578749 ], [ 105.74083060248465, 21.107462338584824 ], [ 105.741023163892109, 21.107461497054349 ], [ 105.741022266988296, 21.10728080155403 ], [ 105.741214828153232, 21.107279959812775 ], [ 105.741213033908068, 21.106918568816244 ], [ 105.741598155277416, 21.106916884709268 ], [ 105.741597257703063, 21.106736189220936 ], [ 105.741789818140461, 21.106735346847344 ], [ 105.741788920342614, 21.106554651363012 ], [ 105.741981480537504, 21.106553808778653 ], [ 105.741980582516149, 21.106373113298325 ], [ 105.74255826234473, 21.106370584257 ], [ 105.742557363633892, 21.106189888796457 ], [ 105.743135042677807, 21.10618735781096 ], [ 105.743134143277487, 21.106006662370223 ], [ 105.743326702706753, 21.106005818278991 ], [ 105.743325803082968, 21.105825122842266 ], [ 105.743710921446905, 21.105823434019673 ], [ 105.743710021366653, 21.105642738594874 ], [ 105.744095139226474, 21.105641048913515 ], [ 105.744094238689783, 21.105460353500639 ], [ 105.74447935604546, 21.105458662960537 ], [ 105.744478455052331, 21.105277967559605 ], [ 105.744863571903878, 21.105276276160772 ], [ 105.74486267045431, 21.105095580771785 ], [ 105.745247786801698, 21.10509388851424 ], [ 105.745246884895707, 21.104913193137207 ], [ 105.745439442822075, 21.104912346688401 ], [ 105.745438540692675, 21.104731651315401 ], [ 105.746016213715535, 21.104729110680971 ], [ 105.746020727952924, 21.105632587388214 ], [ 105.746213286773028, 21.10563174003315 ], [ 105.746214189882167, 21.105812435355009 ], [ 105.746406748925693, 21.105811587773374 ], [ 105.746407652277426, 21.10599228308342 ], [ 105.746600211544376, 21.105991435275204 ], [ 105.746597500818936, 21.105449349357215 ], [ 105.747367734995095, 21.105445956033176 ], [ 105.747365021559958, 21.104903870175516 ], [ 105.747942694994649, 21.104901322958295 ], [ 105.747941789836489, 21.104720627688476 ], [ 105.748326904945714, 21.104718928466397 ], [ 105.748325999331186, 21.104538233208601 ], [ 105.749288785771483, 21.104533981367165 ], [ 105.749287879001685, 21.104353286145283 ], [ 105.749865550051709, 21.104350732440771 ], [ 105.749864642592584, 21.104170037238909 ], [ 105.750249756111927, 21.104168333692048 ], [ 105.750248848196478, 21.10398763850224 ], [ 105.750826517704482, 21.103985081566197 ], [ 105.750825609099749, 21.103804386396437 ], [ 105.751018165350203, 21.10380353365516 ], [ 105.751016347703683, 21.103442143319953 ], [ 105.751208903478584, 21.103441290376026 ], [ 105.751207994436797, 21.103260595210571 ], [ 105.751400549969119, 21.103259742056018 ], [ 105.751399640704008, 21.103079046894671 ], [ 105.751592195993723, 21.10307819352948 ], [ 105.751590377026503, 21.102716803211109 ], [ 105.751782931840694, 21.10271594964329 ], [ 105.75178202213857, 21.10253525448627 ], [ 105.752167131272131, 21.102533546710792 ], [ 105.752166221113768, 21.102352851565875 ], [ 105.752551329742872, 21.102351142931973 ], [ 105.752550419128241, 21.102170447799153 ], [ 105.752935527252887, 21.10216873830684 ], [ 105.752934616182031, 21.101988043186143 ], [ 105.754475046430869, 21.101981196536933 ], [ 105.754474133506136, 21.10180050147644 ], [ 105.754089026467781, 21.101802214434301 ], [ 105.754087201579097, 21.101440824269595 ], [ 105.754664860724517, 21.101438254553017 ], [ 105.754663947595873, 21.101257559488886 ], [ 105.756396922413202, 21.101249838607419 ], [ 105.756397837638232, 21.101430533599274 ], [ 105.756590390580214, 21.101429674622565 ], [ 105.756589475122254, 21.101248979638747 ], [ 105.7567820278216, 21.101248120451491 ], [ 105.756782943512491, 21.101428815427255 ], [ 105.757938260902378, 21.101423655664991 ], [ 105.757939178000555, 21.101604350588577 ], [ 105.758131731097819, 21.101603489855066 ], [ 105.75813356578918, 21.101964879674455 ], [ 105.75909633345907, 21.101960572647375 ], [ 105.759097251984031, 21.102141267510927 ], [ 105.759482359449777, 21.102139543153772 ], [ 105.759483278450347, 21.10232023799729 ], [ 105.75967583240157, 21.102319375482736 ], [ 105.759676751644818, 21.102500070314303 ], [ 105.760061859983935, 21.102498344613238 ], [ 105.760063699431441, 21.102859734232396 ], [ 105.759871144800854, 21.102860597208391 ], [ 105.759872064306279, 21.103041292020215 ], [ 105.760642283701941, 21.103037838772288 ], [ 105.760641363264725, 21.102857143992782 ], [ 105.761411581572602, 21.102853687279449 ], [ 105.761410660213315, 21.102672992528419 ], [ 105.762180877433266, 21.102669532349751 ], [ 105.762179955151964, 21.102488837627217 ], [ 105.762757617265507, 21.102486240222177 ], [ 105.762756694295149, 21.102305545520075 ], [ 105.763912016860559, 21.102300344856388 ], [ 105.763911092502326, 21.102119650199082 ], [ 105.764681306418396, 21.102116178750435 ], [ 105.764680381138206, 21.101935484121739 ], [ 105.765835700320594, 21.10193027043962 ], [ 105.765834773652585, 21.101749575855845 ], [ 105.766219879502344, 21.101747836229315 ], [ 105.766218952378296, 21.101567141657934 ], [ 105.76718171566614, 21.101562788806977 ], [ 105.767180787387247, 21.101382094272449 ], [ 105.768528653946674, 21.101375991157376 ], [ 105.768527724047132, 21.101195296676099 ], [ 105.769875588493434, 21.101189182907369 ], [ 105.769874656973258, 21.101008488479447 ], [ 105.770837415831465, 21.101004114985106 ], [ 105.770836483156543, 21.100823420594239 ], [ 105.772376894952458, 21.1008164117025 ], [ 105.772375960424071, 21.100635717373354 ], [ 105.7737238185954, 21.100629573175024 ], [ 105.773722882446492, 21.100448878899506 ], [ 105.775070738501526, 21.100442724048374 ], [ 105.77506980073214, 21.100262029826588 ], [ 105.776032553594646, 21.100257626988238 ], [ 105.776031614670643, 21.10007693280378 ], [ 105.776994366119951, 21.100072524542316 ], [ 105.776993426041358, 21.099891830395237 ], [ 105.777185976068438, 21.099890948095485 ], [ 105.777186916379961, 21.100071642234301 ], [ 105.777572016870053, 21.100069876962557 ], [ 105.777571076092741, 21.099889182840268 ], [ 105.77814872605444, 21.099886533318159 ], [ 105.77814778458837, 21.099705839216782 ], [ 105.780265831117575, 21.099696107563545 ], [ 105.780266775145591, 21.09987680157381 ], [ 105.782577372774043, 21.099866154962751 ], [ 105.782578319606941, 21.100046848869468 ], [ 105.783926169187197, 21.100040623753177 ], [ 105.783927117660497, 21.100221317597722 ], [ 105.784119667793263, 21.100220427412783 ], [ 105.784120616509512, 21.100401121245106 ], [ 105.7837355157681, 21.100402901413091 ], [ 105.783736464028564, 21.100583595258204 ], [ 105.782773710834704, 21.100588041894714 ], [ 105.782774657940635, 21.100768735777557 ], [ 105.782004454273306, 21.100772289185628 ], [ 105.782005400457578, 21.100952983097848 ], [ 105.781042644483335, 21.100957419981427 ], [ 105.781043589513047, 21.101138113931288 ], [ 105.780465935109575, 21.101140773463339 ], [ 105.780466879450543, 21.101321467434222 ], [ 105.779696672507527, 21.101325010449941 ], [ 105.779697615926779, 21.101505704450094 ], [ 105.778734855858573, 21.101510128342955 ], [ 105.778735798123165, 21.101690822380633 ], [ 105.777965588957215, 21.101694357593413 ], [ 105.777966530300063, 21.101875051660297 ], [ 105.777196320042847, 21.101878583408674 ], [ 105.777197260463922, 21.102059277504736 ], [ 105.775271731794632, 21.102068091656637 ], [ 105.775272669896282, 21.102248785831314 ], [ 105.77450245721846, 21.102252305404338 ], [ 105.774503394398295, 21.102432999608073 ], [ 105.77373318062989, 21.102436515716434 ], [ 105.773734116887866, 21.102617209949194 ], [ 105.773156455758595, 21.102619844759829 ], [ 105.773157391327658, 21.102800539013366 ], [ 105.772579729410367, 21.102803171881209 ], [ 105.772580664290501, 21.102983866155508 ], [ 105.771810447330353, 21.102987373618344 ], [ 105.7718113812886, 21.10316806792158 ], [ 105.771041163238365, 21.103171571919496 ], [ 105.77104209627467, 21.103352266251651 ], [ 105.770464431934371, 21.103354891979269 ], [ 105.770465364281691, 21.103535586332111 ], [ 105.767769592924836, 21.103547813827308 ], [ 105.767768663838908, 21.103367119360019 ], [ 105.764110118339914, 21.103383645127519 ], [ 105.764111042999659, 21.1035643397495 ], [ 105.763340821511704, 21.103567808834729 ], [ 105.763341745249377, 21.103748503485296 ], [ 105.763149189619952, 21.103749370218182 ], [ 105.763151960192815, 21.104291454170909 ], [ 105.762959403854708, 21.104292320709504 ], [ 105.762960327165587, 21.10447301536075 ], [ 105.764308222957538, 21.104466944942661 ], [ 105.764307298015879, 21.104286250348235 ], [ 105.765077523035373, 21.104282776760659 ], [ 105.765076597171614, 21.104102082194853 ], [ 105.76603937706048, 21.10409773533204 ], [ 105.766038450041719, 21.103917040803037 ], [ 105.767193784186532, 21.103911817402075 ], [ 105.767194712603086, 21.104092511882186 ], [ 105.770468161382908, 21.104077669367321 ], [ 105.770467229005973, 21.103896975026132 ], [ 105.7708523399738, 21.103895224710513 ], [ 105.770851407140796, 21.103714530381833 ], [ 105.771814183222631, 21.103710150807981 ], [ 105.771813249234725, 21.103529456516402 ], [ 105.772776023904456, 21.103525071518217 ], [ 105.772775088761662, 21.103344377263795 ], [ 105.774315525854419, 21.103337349964594 ], [ 105.774314588857891, 21.103156655772061 ], [ 105.774699697565978, 21.103154896777617 ], [ 105.77469876011348, 21.102974202597668 ], [ 105.775276422402285, 21.102971562491152 ], [ 105.775275484260874, 21.102790868332026 ], [ 105.775468038104336, 21.102789987867549 ], [ 105.775467099739913, 21.102609293712774 ], [ 105.777392635297915, 21.102600477127332 ], [ 105.77739357599178, 21.102781171199574 ], [ 105.777586129725762, 21.102780288330457 ], [ 105.777585188798966, 21.102599594266476 ], [ 105.777777742290027, 21.102598711187021 ], [ 105.777776801140249, 21.102418017127416 ], [ 105.77873956728132, 21.102413598492479 ], [ 105.77873862497681, 21.102232904470352 ], [ 105.779123730897524, 21.102231135502734 ], [ 105.779122788137116, 21.102050441493279 ], [ 105.779700446244462, 21.102047786427232 ], [ 105.779701389703689, 21.102228480411839 ], [ 105.779893942619083, 21.102227594944345 ], [ 105.77989299892694, 21.10204690096803 ], [ 105.780085551599399, 21.102046015290231 ], [ 105.780084607684302, 21.101865321318318 ], [ 105.780662264942919, 21.101862662998229 ], [ 105.78066132033905, 21.101681969047316 ], [ 105.781624081071939, 21.101677534183509 ], [ 105.78162313531341, 21.101496840270222 ], [ 105.782585894631225, 21.101492399983218 ], [ 105.782584947718078, 21.101311706107605 ], [ 105.783162602489639, 21.101309039337313 ], [ 105.783161654887778, 21.101128345482774 ], [ 105.783739308870224, 21.101125676770184 ], [ 105.783738360579633, 21.100944982936749 ], [ 105.784123462718554, 21.100943202718767 ], [ 105.78412251397215, 21.100762508898104 ], [ 105.784892717197692, 21.100758945872524 ], [ 105.784891767529686, 21.100578252081327 ], [ 105.785854520170687, 21.100573793423052 ], [ 105.785855471003273, 21.100754487172512 ], [ 105.786433123165793, 21.100751809329559 ], [ 105.786434074707188, 21.100932503050061 ], [ 105.787396829274329, 21.100928035565069 ], [ 105.787397781990421, 21.101108729239858 ], [ 105.788167986394186, 21.101105151283917 ], [ 105.788168940052046, 21.101285844921335 ], [ 105.788746593947579, 21.10128315913412 ], [ 105.788747548314319, 21.101463852742498 ], [ 105.789517754298529, 21.101460268599144 ], [ 105.78951870960708, 21.101640962170087 ], [ 105.790288916361092, 21.101637374495766 ], [ 105.790289872611481, 21.101818068029235 ], [ 105.791060080135153, 21.101814476823883 ], [ 105.791061037327395, 21.101995170319853 ], [ 105.791831245620557, 21.101991575583412 ], [ 105.791830287496595, 21.1018108821211 ], [ 105.792022839311585, 21.101809982898921 ], [ 105.792023797668492, 21.101990676352827 ], [ 105.792601453751359, 21.101987977349498 ], [ 105.792602412817203, 21.10216867077424 ], [ 105.792794965057439, 21.102167770660863 ], [ 105.792795924366374, 21.102348464073291 ], [ 105.793373581724921, 21.102345762396286 ], [ 105.793372621717182, 21.10216506900915 ], [ 105.793757726106193, 21.10216326681504 ], [ 105.793758686579793, 21.102343960185305 ], [ 105.794143791393964, 21.102342157099947 ], [ 105.794144752343627, 21.10252285044945 ], [ 105.795685173056484, 21.102515629296597 ], [ 105.795686135879848, 21.102696322574619 ], [ 105.79626379417779, 21.102693611010061 ], [ 105.796264757710162, 21.102874304258808 ], [ 105.797227522500634, 21.102869780570231 ], [ 105.797228487207946, 21.103050473772743 ], [ 105.797998699788181, 21.103046850853151 ], [ 105.797999665437487, 21.103227544017869 ], [ 105.798769878785862, 21.103223917566687 ], [ 105.798770845377192, 21.103404610693563 ], [ 105.799348505979836, 21.103401888534354 ], [ 105.799349473280259, 21.103582581631859 ], [ 105.80011968820547, 21.10357894899175 ], [ 105.800120656447945, 21.103759642051365 ], [ 105.800698318233046, 21.103756915250376 ], [ 105.800699287184642, 21.103937608280578 ], [ 105.801854611875413, 21.103932148725026 ], [ 105.801855582235021, 21.104112841700232 ], [ 105.806861991002989, 21.104089092461443 ], [ 105.806861014586516, 21.103908399708523 ], [ 105.80820889104686, 21.103901980492971 ], [ 105.808207913010051, 21.103721287796247 ], [ 105.809170680434818, 21.103716696126952 ], [ 105.809169701243619, 21.103536003469319 ], [ 105.810325020413359, 21.103530486303747 ], [ 105.810326001002252, 21.103711178909737 ], [ 105.810711107775006, 21.103709338088468 ], [ 105.81071012672021, 21.103528645499704 ], [ 105.81090267985806, 21.10352772476978 ], [ 105.810901698580693, 21.103347032185745 ], [ 105.811094251475197, 21.103346111245827 ], [ 105.811091307006649, 21.102804033496238 ], [ 105.811283859191931, 21.102803112363585 ], [ 105.811281895799013, 21.102441727194979 ], [ 105.812244654240018, 21.102437118339051 ], [ 105.812243671394512, 21.102256425792056 ], [ 105.812821325635412, 21.102253657881299 ], [ 105.812820342101503, 21.102072965356317 ], [ 105.813012893261387, 21.10207204229086 ], [ 105.813011909504979, 21.101891349770629 ], [ 105.813589562223299, 21.101888579288651 ], [ 105.813588577778532, 21.101707886790461 ], [ 105.814358780325264, 21.101704189788883 ], [ 105.814357794959236, 21.101523497321416 ], [ 105.814742895704157, 21.101521647526436 ], [ 105.814741909882713, 21.101340955072391 ], [ 105.815319560223003, 21.101338178766547 ], [ 105.81531857371327, 21.1011574863346 ], [ 105.815703673422064, 21.10115563438848 ], [ 105.815702686456945, 21.100974941969969 ], [ 105.816087785658084, 21.100973089166875 ], [ 105.816086798237606, 21.100792396761829 ], [ 105.816856995582711, 21.100788688567452 ], [ 105.816856007241057, 21.100607996193222 ], [ 105.817048556318255, 21.10060706860688 ], [ 105.817047567754159, 21.100426376237444 ], [ 105.817432665411346, 21.100424520426412 ], [ 105.817433654441245, 21.100605212778479 ], [ 105.817626203487023, 21.100604284536427 ], [ 105.817625214224222, 21.100423592193049 ], [ 105.818010311818526, 21.100421735070608 ], [ 105.81800932210038, 21.100241042740723 ], [ 105.818394419186959, 21.100239184761396 ], [ 105.818393429013497, 21.100058492445015 ], [ 105.818971073865995, 21.100055703862886 ], [ 105.818970083004331, 21.09987501156872 ], [ 105.819355179054384, 21.099873151438558 ], [ 105.819354187737417, 21.099692459157907 ], [ 105.819739283279688, 21.09969059817092 ], [ 105.819738291507434, 21.099509905903801 ], [ 105.82031593404335, 21.099507112810262 ], [ 105.820314941582936, 21.099326420565408 ], [ 105.820700036088539, 21.099324557427696 ], [ 105.82069904317288, 21.099143865196393 ], [ 105.821084137170629, 21.099142001201912 ], [ 105.821083143799697, 21.098961308984155 ], [ 105.821660784018761, 21.098958511379472 ], [ 105.82165978995971, 21.098777819184019 ], [ 105.822044882920665, 21.098775953038942 ], [ 105.822043888406384, 21.098595260857067 ], [ 105.822621527070169, 21.098592460026548 ], [ 105.822620531867798, 21.098411767867013 ], [ 105.823390715673725, 21.09840803040165 ], [ 105.823389719550391, 21.098227338273208 ], [ 105.823774810924306, 21.098225468246763 ], [ 105.82377381434577, 21.098044776131939 ], [ 105.824351450628853, 21.098041969479478 ], [ 105.824350453362271, 21.09786127738704 ], [ 105.824735543699106, 21.097859405210226 ], [ 105.824734545977364, 21.097678713131412 ], [ 105.825119635806175, 21.097676840097982 ], [ 105.825118637629274, 21.097496148032821 ], [ 105.825696271594595, 21.097493336869967 ], [ 105.825695272729689, 21.09731264482723 ], [ 105.826080361521278, 21.097310769643553 ], [ 105.826079362201227, 21.097130077614477 ], [ 105.826656994610616, 21.097127263226309 ], [ 105.826655994602589, 21.096946571219689 ], [ 105.827041082356843, 21.096944693885842 ], [ 105.827040081893699, 21.096764001892918 ], [ 105.827232625522086, 21.096763062906991 ], [ 105.827231624836685, 21.09658237091897 ], [ 105.827424168221611, 21.096581431723308 ], [ 105.827423167313967, 21.096400739740183 ], [ 105.827615710455447, 21.096399800334794 ], [ 105.827614709325559, 21.096219108356568 ], [ 105.828192337987815, 21.096216288855683 ], [ 105.828191336169994, 21.096035596899966 ], [ 105.828383878803336, 21.096034656638107 ], [ 105.8283828767633, 21.095853964687301 ], [ 105.828575419153182, 21.095853024215728 ], [ 105.82857441689093, 21.095672332269839 ], [ 105.828766959037367, 21.095671391588557 ], [ 105.828765956552871, 21.095490699647574 ], [ 105.829151040348222, 21.095488817647094 ], [ 105.829150037408681, 21.095308125719843 ], [ 105.829342579057581, 21.095307184400646 ], [ 105.829341575895839, 21.095126492478329 ], [ 105.829534117301293, 21.095125550949437 ], [ 105.829533113917364, 21.09494485903204 ], [ 105.829725655079343, 21.094943917293467 ], [ 105.8297246514732, 21.094763225380991 ], [ 105.829917192391733, 21.094762283432733 ], [ 105.829916188563416, 21.094581591525184 ], [ 105.830108729238489, 21.094580649367245 ], [ 105.830107725187972, 21.094399957464628 ], [ 105.830300265619584, 21.094399015097011 ], [ 105.83029926134688, 21.094218323199328 ], [ 105.830684341712555, 21.094216437826248 ], [ 105.830682332267841, 21.093855054054512 ], [ 105.831259951339604, 21.093852224409172 ], [ 105.83125794054061, 21.093490840674857 ], [ 105.831450479744277, 21.093489897040435 ], [ 105.83144947412795, 21.093309205176283 ], [ 105.831642013088157, 21.093308261332204 ], [ 105.831641007249686, 21.093127569472991 ], [ 105.831833545966433, 21.093126625419274 ], [ 105.831832539905804, 21.092945933565005 ], [ 105.832025078379104, 21.092944989301646 ], [ 105.832024072096345, 21.09276429745233 ], [ 105.832216610326185, 21.092763352979329 ], [ 105.832215603821282, 21.092582661134976 ], [ 105.832408141807662, 21.09258171645234 ], [ 105.832407135080643, 21.092401024612929 ], [ 105.832792210555809, 21.092399134609934 ], [ 105.832791203373858, 21.092218442784336 ], [ 105.832983740862659, 21.092217497463977 ], [ 105.832982733458593, 21.092036805643335 ], [ 105.833367807938586, 21.092034914364906 ], [ 105.833366800079631, 21.09185422255808 ], [ 105.83375187405133, 21.091852330423496 ], [ 105.833750865737485, 21.091671638630508 ], [ 105.834135939200891, 21.091669745639763 ], [ 105.834134930432171, 21.091489053860609 ], [ 105.834327466915056, 21.091488107046402 ], [ 105.834326457924234, 21.091307415272219 ], [ 105.834711530392397, 21.091305521006156 ], [ 105.834710520946729, 21.091124829245821 ], [ 105.834903056931978, 21.091123881793969 ], [ 105.834902047264237, 21.090943190038615 ], [ 105.835094583006025, 21.090942242377182 ], [ 105.835093573116211, 21.090761550626809 ], [ 105.835478644102139, 21.090759654666314 ], [ 105.835477633757506, 21.090578962929804 ], [ 105.835670169001645, 21.090578014630751 ], [ 105.835669158434939, 21.090397322899232 ], [ 105.835861693435604, 21.090396374390615 ], [ 105.835860682646839, 21.090215682664084 ], [ 105.836245752150532, 21.090213785009261 ], [ 105.836244740906963, 21.090033093296604 ], [ 105.836437275409963, 21.090032144150406 ], [ 105.83643626394435, 21.089851452442758 ], [ 105.836821332452701, 21.089849553512803 ], [ 105.836820320532297, 21.089668861819042 ], [ 105.837205388532254, 21.0896669620331 ], [ 105.837204376157075, 21.089486270353234 ], [ 105.837589443648611, 21.089484369711318 ], [ 105.837588430818656, 21.089303678045368 ], [ 105.837780964315584, 21.089302727405652 ], [ 105.837779951263599, 21.089122035744712 ], [ 105.837972484517053, 21.089121084895456 ], [ 105.837971471243065, 21.088940393239529 ], [ 105.838164004253031, 21.088939442180745 ], [ 105.838162990757056, 21.088758750529834 ], [ 105.838548056279279, 21.088756847774789 ], [ 105.838547042328557, 21.088576156137801 ], [ 105.838739574840815, 21.088575204441543 ], [ 105.838738560668077, 21.088394512809582 ], [ 105.838931092936861, 21.08839356090381 ], [ 105.838930078542163, 21.08821286927687 ], [ 105.839315142581995, 21.088210964827876 ], [ 105.839314127732564, 21.088030273214873 ], [ 105.839506659503627, 21.088029320671655 ], [ 105.839505644432236, 21.087848629063693 ], [ 105.839698175959811, 21.087847676310975 ], [ 105.839697160666418, 21.087666984708044 ], [ 105.839889691950518, 21.08766603174583 ], [ 105.83988867643518, 21.087485340147929 ], [ 105.840081207475791, 21.087484386976225 ], [ 105.840079176011955, 21.087123003786594 ], [ 105.840271706576345, 21.08712205041433 ], [ 105.840270690627861, 21.086941358822614 ], [ 105.840463220948791, 21.086940405240867 ], [ 105.840462204778348, 21.086759713654182 ], [ 105.840847264922459, 21.086757805853324 ], [ 105.840846248297368, 21.086577114280619 ], [ 105.841038778120549, 21.086576160061508 ], [ 105.841036744437247, 21.086214776922304 ], [ 105.841421803120483, 21.086212867864628 ], [ 105.841420785829584, 21.086032176307068 ], [ 105.841613314922313, 21.086031221459571 ], [ 105.841611279907482, 21.085669838350658 ], [ 105.841803808524034, 21.085668883302656 ], [ 105.841802790800102, 21.085488191751306 ], [ 105.841995319173165, 21.085487236493847 ], [ 105.84199328329224, 21.085125853397376 ], [ 105.84218581118914, 21.085124897939419 ], [ 105.842184793032175, 21.084944206394297 ], [ 105.8423773206856, 21.084943250726905 ], [ 105.842375283938665, 21.084581867642875 ], [ 105.842567811115927, 21.08458091177501 ], [ 105.842565773946802, 21.084219528693328 ], [ 105.842758300647901, 21.08421857262498 ], [ 105.842757281846858, 21.084037881087255 ], [ 105.842949808304482, 21.084036924809489 ], [ 105.842947770269433, 21.083675541740288 ], [ 105.843140296250922, 21.083674585262056 ], [ 105.843139277016931, 21.083493893730569 ], [ 105.843331802754946, 21.083492937042937 ], [ 105.843330783299081, 21.083312245516524 ], [ 105.843523308793635, 21.083311288619477 ], [ 105.843521269448999, 21.082949905572899 ], [ 105.843713794467419, 21.082948948475416 ], [ 105.843712774578648, 21.082768256955262 ], [ 105.843905299353608, 21.082767299648381 ], [ 105.843904279242977, 21.082586608133298 ], [ 105.844096803774463, 21.082585650617023 ], [ 105.844095783442, 21.082404959107016 ], [ 105.844288307730025, 21.082404001381352 ], [ 105.844287287175732, 21.082223309876429 ], [ 105.844479811220268, 21.082222351941372 ], [ 105.844478790444143, 21.082041660441536 ], [ 105.844863838035494, 21.082039743934313 ], [ 105.844862816804891, 21.081859052448532 ], [ 105.845055340351692, 21.081858093876363 ], [ 105.845054318899258, 21.081677402395677 ], [ 105.845246842202599, 21.081676443614139 ], [ 105.845245820528348, 21.081495752138544 ], [ 105.845438343588199, 21.081494793147638 ], [ 105.84543732169216, 21.08131410167713 ], [ 105.845629844508551, 21.081313142476866 ], [ 105.845627800283665, 21.080951759542149 ], [ 105.845820322623965, 21.080950800141512 ], [ 105.845819300295119, 21.080770108677306 ], [ 105.846011822391944, 21.080769149067319 ], [ 105.846010799841324, 21.080588457608208 ], [ 105.846395843537209, 21.080586537751188 ], [ 105.846394820532183, 21.080405846306174 ], [ 105.846587342131215, 21.080404886059156 ], [ 105.846586318904414, 21.080224194619248 ], [ 105.846778840259987, 21.08022323416289 ], [ 105.846777816811397, 21.080042542728087 ], [ 105.846970337923509, 21.080041582062393 ], [ 105.846969314253158, 21.079860890632698 ], [ 105.84735435597959, 21.079858968664322 ], [ 105.847353331854848, 21.079678277248743 ], [ 105.847545852469182, 21.079677315946068 ], [ 105.847544828122679, 21.079496624535604 ], [ 105.847737348493524, 21.079495663023611 ], [ 105.847736323925275, 21.079314971618263 ], [ 105.84792884405266, 21.079314009896951 ], [ 105.847927819262665, 21.079133318496719 ], [ 105.848120339146561, 21.079132356566095 ], [ 105.84811931413482, 21.07895166517099 ], [ 105.84831183377527, 21.078950703031062 ], [ 105.848310808541783, 21.078770011641076 ], [ 105.848503327938758, 21.078769049291843 ], [ 105.848502302483539, 21.078588357906987 ], [ 105.848694821637039, 21.078587395348453 ], [ 105.848693795960088, 21.078406703968721 ], [ 105.849078833769298, 21.07840477821475 ], [ 105.849077807638011, 21.078224086849172 ], [ 105.849270326293706, 21.078223123653736 ], [ 105.84926929994073, 21.078042432293287 ], [ 105.84946181835295, 21.078041468888578 ], [ 105.849460791778242, 21.077860777533271 ], [ 105.849653309947001, 21.077859813919275 ], [ 105.84965228315059, 21.077679122569091 ], [ 105.849844801075875, 21.077678158745822 ], [ 105.84984377405776, 21.077497467400786 ], [ 105.850036291739571, 21.077496503368241 ], [ 105.850035264499766, 21.077315812028345 ], [ 105.850227781938116, 21.077314847786532 ], [ 105.850226754476608, 21.077134156451784 ], [ 105.850611788855446, 21.077132227331333 ], [ 105.850610760939674, 21.076951536010768 ], [ 105.850803277880189, 21.076950571132134 ], [ 105.850802249742742, 21.076769879816716 ], [ 105.850994766439769, 21.076768914728831 ], [ 105.850993738080646, 21.076588223418561 ], [ 105.851186254534213, 21.076587258121428 ], [ 105.851185225953415, 21.07640656681631 ], [ 105.851570258362685, 21.076404635585259 ], [ 105.851569229327666, 21.076223944294355 ], [ 105.851761745283369, 21.076222978360445 ], [ 105.851760716026689, 21.076042287074692 ], [ 105.851953231738918, 21.076041320931544 ], [ 105.851952202260577, 21.075860629650958 ], [ 105.852144717729331, 21.075859663298584 ], [ 105.852143688029358, 21.075678972023155 ], [ 105.852336203254637, 21.075678005461551 ], [ 105.852335173333017, 21.075497314191292 ], [ 105.852720203285713, 21.075495380431366 ], [ 105.8527191729099, 21.075314689175329 ], [ 105.852911687637317, 21.075313721977015 ], [ 105.852910657039857, 21.075133030726153 ], [ 105.853295685996798, 21.075131095692807 ], [ 105.853294654945174, 21.074950404456182 ], [ 105.853487169174713, 21.074949436621171 ], [ 105.85348613790147, 21.074768745389726 ], [ 105.853678651887506, 21.074767777345514 ], [ 105.853677620392659, 21.074587086119251 ], [ 105.853870134135235, 21.074586117865834 ], [ 105.85386910241877, 21.074405426644756 ], [ 105.85425412940603, 21.074403489501268 ], [ 105.854253097235414, 21.074222798294446 ], [ 105.854445610480099, 21.074221829404387 ], [ 105.854444578087893, 21.074041138202755 ], [ 105.854637091089089, 21.074040169103508 ], [ 105.854636058475293, 21.073859477907071 ], [ 105.854828571233, 21.073858508598644 ], [ 105.854827538397629, 21.073677817407386 ], [ 105.855212563415137, 21.073675878153928 ], [ 105.855211530125658, 21.073495186976963 ], [ 105.855404042385445, 21.073494217031939 ], [ 105.85540300887439, 21.073313525860158 ], [ 105.855980544890471, 21.073310614742823 ], [ 105.855979510692777, 21.07312992359444 ], [ 105.856172022443701, 21.07312895279458 ], [ 105.856169953616188, 21.07276757050434 ], [ 105.856362464891092, 21.072766599504426 ], [ 105.856361430261273, 21.072585908362566 ], [ 105.856553941292674, 21.072584937153508 ], [ 105.856552906441308, 21.072404246016859 ], [ 105.856745417229249, 21.072403274598656 ], [ 105.856744382156336, 21.072222583467219 ], [ 105.856936892700787, 21.072221611839886 ], [ 105.856935857406341, 21.072040920713661 ], [ 105.857128367707304, 21.072039948877194 ], [ 105.857127332191325, 21.071859257756181 ], [ 105.857512352295316, 21.071857313446746 ], [ 105.857511316325315, 21.071676622340068 ], [ 105.857703826128329, 21.07167564986711 ], [ 105.857702789936781, 21.071494958765648 ], [ 105.85789529949632, 21.071493986083574 ], [ 105.857894263083281, 21.071313294987341 ], [ 105.858086772399318, 21.071312322096144 ], [ 105.85808573576476, 21.071131631005141 ], [ 105.858470753898899, 21.071129684586296 ], [ 105.858468679732781, 21.070768302429094 ], [ 105.858661188318365, 21.070767328910577 ], [ 105.858660151019308, 21.070586637835266 ], [ 105.859045167692528, 21.070584690161809 ], [ 105.859044129939491, 21.070403999100854 ], [ 105.859236638027099, 21.070403024945925 ], [ 105.8592356000526, 21.070222333890211 ], [ 105.859428107896719, 21.07022135952619 ], [ 105.859427069700743, 21.070040668475716 ], [ 105.859812084891004, 21.070038719111292 ], [ 105.859811046241063, 21.069858028075199 ], [ 105.860003553587219, 21.069857053074802 ], [ 105.860002514715802, 21.06967636204396 ], [ 105.860580035990708, 21.069673435760901 ], [ 105.860578996432892, 21.069492744753585 ], [ 105.860771503270016, 21.069491768898626 ], [ 105.860770463490752, 21.069311077896565 ], [ 105.860962970084387, 21.069310101832542 ], [ 105.860961930083675, 21.069129410835743 ], [ 105.861154436433807, 21.069128434562661 ], [ 105.861153396211662, 21.068947743571119 ], [ 105.861345902318305, 21.068946767088988 ], [ 105.861344861874727, 21.068766076102708 ], [ 105.861537367737867, 21.068765099411525 ], [ 105.861536327072855, 21.068584408430503 ], [ 105.861921338301116, 21.068582454411846 ], [ 105.861920297182223, 21.068401763445252 ], [ 105.862305307901437, 21.068399808572117 ], [ 105.86230426632865, 21.068219117619954 ], [ 105.862689276538774, 21.06821716189236 ], [ 105.862688234512149, 21.068036470954642 ], [ 105.863073244213155, 21.068034514372606 ], [ 105.863072201732678, 21.06785382344933 ], [ 105.864227229175697, 21.067847948521678 ], [ 105.864226185311566, 21.067667257649582 ], [ 105.865188706714193, 21.067662355922238 ], [ 105.865187661698911, 21.067481665092188 ], [ 105.866150181662334, 21.06747675795614 ], [ 105.866151227839822, 21.067657448740196 ], [ 105.866921244540691, 21.067653519067179 ], [ 105.866922291659094, 21.067834209810506 ], [ 105.867884813447588, 21.067829292763928 ], [ 105.867885861739339, 21.068009983457269 ], [ 105.868463375376436, 21.06800703058337 ], [ 105.86846442437664, 21.068187721245152 ], [ 105.869041938611005, 21.068184766379833 ], [ 105.869042988319677, 21.068365457010024 ], [ 105.869620503151253, 21.068362500153253 ], [ 105.869621553568422, 21.068543190751839 ], [ 105.870199068997138, 21.068540231903576 ], [ 105.870200120122831, 21.06872092247054 ], [ 105.870777636148617, 21.068717961630757 ], [ 105.870778687982821, 21.068898652166066 ], [ 105.871163699075851, 21.068896677163373 ], [ 105.871164751386146, 21.069077367676286 ], [ 105.871742268639395, 21.069074403507955 ], [ 105.871743321658229, 21.069255093989195 ], [ 105.87212833356952, 21.069253116767428 ], [ 105.872129387064462, 21.069433807226243 ], [ 105.872514399395996, 21.069431829113118 ], [ 105.872515453367058, 21.069612519549498 ], [ 105.873092972477963, 21.069609550715441 ], [ 105.873094027157606, 21.069790241120103 ], [ 105.873479040307259, 21.069788260787792 ], [ 105.87347693002927, 21.069426880011694 ], [ 105.87366943612237, 21.069425889536788 ], [ 105.873668380767697, 21.069245199152181 ], [ 105.873860886617152, 21.069244208468355 ], [ 105.873858775476435, 21.068882827706041 ], [ 105.87405128084977, 21.068881836822584 ], [ 105.874050225063741, 21.068701146444873 ], [ 105.874242730193401, 21.068700155352506 ], [ 105.874240618190015, 21.06833877460398 ], [ 105.874433122843584, 21.068337783312003 ], [ 105.874432066626227, 21.068157092941188 ], [ 105.873469544408692, 21.06816204717272 ], [ 105.873467434332056, 21.067800666326555 ], [ 105.87308242629652, 21.067802646454705 ], [ 105.873081371739858, 21.067621956007223 ], [ 105.872696364124494, 21.067623935244065 ], [ 105.872695310043909, 21.067443244774132 ], [ 105.87211779923436, 21.067446211965198 ], [ 105.872116745862286, 21.067265521463568 ], [ 105.871731739064955, 21.067267498481492 ], [ 105.871730686168917, 21.067086807957434 ], [ 105.871538182985944, 21.067087796129865 ], [ 105.871537130333493, 21.066907105592648 ], [ 105.87095962141494, 21.066910068773065 ], [ 105.870958569470957, 21.06672937820419 ], [ 105.870573563934343, 21.066731352548402 ], [ 105.870572512466381, 21.066550661957123 ], [ 105.870187507350039, 21.066552635410133 ], [ 105.87018645635807, 21.066371944796465 ], [ 105.869801451662013, 21.066373917358291 ], [ 105.869800401146037, 21.066193226722241 ], [ 105.869222894715719, 21.066196183900956 ], [ 105.869221844908139, 21.066015493233298 ], [ 105.868836841030458, 21.066017463576454 ], [ 105.868835791698871, 21.065836772886431 ], [ 105.86806578473967, 21.065840710917804 ], [ 105.868064736348884, 21.065660020186975 ], [ 105.867487231710015, 21.06566297139209 ], [ 105.867486184027598, 21.065482280629706 ], [ 105.86594617302805, 21.065490140837056 ], [ 105.865945127216051, 21.065309449997102 ], [ 105.865367623605451, 21.065312393947572 ], [ 105.86536866872018, 21.065493084815117 ], [ 105.864598662821237, 21.065497007064913 ], [ 105.864599707017405, 21.065677697965342 ], [ 105.863829700011649, 21.06568161676125 ], [ 105.863830743289185, 21.065862307694516 ], [ 105.863445739255098, 21.065864265801828 ], [ 105.863446782078853, 21.066044956749561 ], [ 105.862869275247519, 21.066047892301786 ], [ 105.862870317385045, 21.066228583273148 ], [ 105.862485312310739, 21.066230539235441 ], [ 105.86248635399447, 21.066411230221252 ], [ 105.862293851208307, 21.066412207884305 ], [ 105.862294892670647, 21.066592898875374 ], [ 105.861909886600344, 21.066594853565281 ], [ 105.861910927608861, 21.066775544570792 ], [ 105.861525921029539, 21.066777498406307 ], [ 105.861526961584218, 21.066958189426234 ], [ 105.861334458045576, 21.066959166025882 ], [ 105.86133549837885, 21.067139857051071 ], [ 105.861142994596747, 21.067140833441687 ], [ 105.861144034708602, 21.067321524472142 ], [ 105.860759026646406, 21.067323476617119 ], [ 105.860760066304422, 21.067504167661976 ], [ 105.860375057733251, 21.067506118952505 ], [ 105.860376096937387, 21.067686810011768 ], [ 105.860183592402834, 21.06768778533889 ], [ 105.860184631385536, 21.067868476403394 ], [ 105.859992126607494, 21.067869451521474 ], [ 105.859993165368778, 21.068050142591233 ], [ 105.85980066034729, 21.068051117500254 ], [ 105.859801698887111, 21.068231808575252 ], [ 105.859609193622148, 21.068232783275217 ], [ 105.859610231940536, 21.06841347435547 ], [ 105.859417726432127, 21.068414448846365 ], [ 105.859418764529053, 21.068595139931858 ], [ 105.859033753014288, 21.068597088277329 ], [ 105.85903479065729, 21.068777779377193 ], [ 105.858842284650947, 21.068778753231751 ], [ 105.858843322072502, 21.068959444336851 ], [ 105.858650815822699, 21.068960417982339 ], [ 105.858651853022764, 21.069141109092673 ], [ 105.8584593465295, 21.06914208252908 ], [ 105.858460383508117, 21.069322773644643 ], [ 105.858075370023641, 21.069324719881074 ], [ 105.858077443083957, 21.06968610213702 ], [ 105.857884935860284, 21.069687074946152 ], [ 105.857885972174458, 21.069867766077405 ], [ 105.857693464707324, 21.069868738677446 ], [ 105.857695536903648, 21.070230120946505 ], [ 105.857503028960565, 21.07023109334656 ], [ 105.857505100735864, 21.070592475618287 ], [ 105.857312592316831, 21.070593447818347 ], [ 105.857313627988461, 21.070774138957482 ], [ 105.857121119325967, 21.070775110948418 ], [ 105.857122154776093, 21.070955802092779 ], [ 105.856929645870125, 21.070956773874599 ], [ 105.856930681098731, 21.071137465024176 ], [ 105.856738171949289, 21.071138436596879 ], [ 105.856739206956362, 21.071319127751664 ], [ 105.8563541881596, 21.071321070260588 ], [ 105.856355222712651, 21.071501761429687 ], [ 105.856162713065302, 21.0715027323659 ], [ 105.85616374739682, 21.071683423540208 ], [ 105.855971237506012, 21.071684394267283 ], [ 105.855972271615997, 21.071865085446802 ], [ 105.855587251336487, 21.071867026264442 ], [ 105.855588284992422, 21.072047717458251 ], [ 105.855395774603721, 21.072048687548808 ], [ 105.855396808038094, 21.072229378747817 ], [ 105.855204297405933, 21.072230348629219 ], [ 105.855205330618745, 21.072411039833426 ], [ 105.854820308856546, 21.072412978959679 ], [ 105.854821341615278, 21.072593670178172 ], [ 105.85462883048524, 21.072594639423013 ], [ 105.85462986302241, 21.072775330646692 ], [ 105.854244840264457, 21.072777268499799 ], [ 105.854245872347533, 21.072957959737749 ], [ 105.854053360719632, 21.072958928346015 ], [ 105.854054392581119, 21.073139619589149 ], [ 105.853669368827468, 21.073141556169062 ], [ 105.853670400234847, 21.073322247426454 ], [ 105.853477888109083, 21.073323215398105 ], [ 105.853478919294872, 21.073503906660676 ], [ 105.853286406925648, 21.07350487442314 ], [ 105.853287437889833, 21.073685565690891 ], [ 105.852902412653549, 21.073687500579172 ], [ 105.852903443163612, 21.07386819186117 ], [ 105.852710930296553, 21.073869158986984 ], [ 105.852711960584998, 21.074049850274147 ], [ 105.852519447474464, 21.074050817190763 ], [ 105.852520477541304, 21.074231508483095 ], [ 105.852327964187324, 21.074232475190509 ], [ 105.852328994032533, 21.074413166488004 ], [ 105.852136480435107, 21.07441413298621 ], [ 105.852137510058682, 21.07459482428888 ], [ 105.851752482365995, 21.074596756648599 ], [ 105.851753511535392, 21.074777447965474 ], [ 105.851560997440146, 21.07477841382698 ], [ 105.85156202638791, 21.074959105149016 ], [ 105.850984483339076, 21.074962001451038 ], [ 105.850985511600086, 21.075142692796334 ], [ 105.850792996996134, 21.075143657802833 ], [ 105.850795053085761, 21.07550504049982 ], [ 105.850410022914929, 21.075506969894153 ], [ 105.850411050510971, 21.075687661254889 ], [ 105.850218535176666, 21.075688625633671 ], [ 105.850219562551032, 21.075869316999558 ], [ 105.850027046973267, 21.075870281169099 ], [ 105.850029101289564, 21.076231663907258 ], [ 105.84964406917112, 21.076233591627599 ], [ 105.849646122600689, 21.076594974386321 ], [ 105.84945360606001, 21.076595937937114 ], [ 105.849454632558547, 21.076776629319667 ], [ 105.849262115774394, 21.076777592661198 ], [ 105.849263142051242, 21.076958284048885 ], [ 105.848878107985172, 21.076960210095102 ], [ 105.848879133807742, 21.077140901496946 ], [ 105.848686616525825, 21.077141864201632 ], [ 105.848687642126663, 21.077322555608607 ], [ 105.848495124601286, 21.077323518104009 ], [ 105.848496149980448, 21.07750420951611 ], [ 105.848303632211611, 21.07750517180223 ], [ 105.848304657369042, 21.07768586321945 ], [ 105.848112139356758, 21.077686825296286 ], [ 105.848113164292471, 21.077867516718637 ], [ 105.847728127770154, 21.0778694402354 ], [ 105.847729152251532, 21.078050131671876 ], [ 105.847536633741498, 21.078051093111807 ], [ 105.847537658001144, 21.078231784553402 ], [ 105.847152620483328, 21.078233706796347 ], [ 105.847153644288639, 21.078414398252061 ], [ 105.846768606262202, 21.078416319639757 ], [ 105.846769629613163, 21.078597011109583 ], [ 105.846577110351092, 21.07859797148496 ], [ 105.846578133480307, 21.078778662959891 ], [ 105.8461930944584, 21.078780583073691 ], [ 105.846194117133265, 21.078961274562712 ], [ 105.846001597373444, 21.078962234301123 ], [ 105.846002619826535, 21.07914292579526 ], [ 105.845617579809186, 21.079144844635096 ], [ 105.845618601807885, 21.079325536143315 ], [ 105.845233561282001, 21.079327454127839 ], [ 105.845234582826322, 21.079508145650134 ], [ 105.844657021258442, 21.079511021016422 ], [ 105.844658042115753, 21.079691712561761 ], [ 105.844465521338861, 21.079692670589512 ], [ 105.844464500714182, 21.0795119790352 ], [ 105.844271980159107, 21.079512936835648 ], [ 105.844268919047778, 21.078970862122425 ], [ 105.844461438905029, 21.078969904348895 ], [ 105.844459397753027, 21.07860852120524 ], [ 105.844651917134257, 21.078607563231348 ], [ 105.844650896341875, 21.078426871662653 ], [ 105.844843415479687, 21.078425913479414 ], [ 105.84484035246966, 21.077883838776941 ], [ 105.845032870898876, 21.077882880402324 ], [ 105.845029807288498, 21.077340805691762 ], [ 105.845222325009118, 21.077339847125785 ], [ 105.845221303594741, 21.077159155556796 ], [ 105.845413821071944, 21.077158196781504 ], [ 105.845411777810483, 21.076796813649825 ], [ 105.845604294811722, 21.076795854674199 ], [ 105.845602251128426, 21.076434471544925 ], [ 105.845794767653686, 21.076433512368979 ], [ 105.845793745595699, 21.076252820807497 ], [ 105.845986261877556, 21.076251861422246 ], [ 105.845985239597852, 21.076071169865862 ], [ 105.846177755636305, 21.076070210271318 ], [ 105.846176733134882, 21.075889518720029 ], [ 105.846369248929918, 21.075888558916191 ], [ 105.846368226206764, 21.075707867370006 ], [ 105.84656074175841, 21.075706907356878 ], [ 105.846558695879494, 21.075345524270837 ], [ 105.84675121095519, 21.075344564057417 ], [ 105.846750187799444, 21.075163872517553 ], [ 105.846942702631736, 21.075162912094857 ], [ 105.846941679254286, 21.074982220560106 ], [ 105.847134193843161, 21.07498125992813 ], [ 105.84713214665571, 21.074619876864958 ], [ 105.847324660768649, 21.074618916032723 ], [ 105.847323636958663, 21.074438224504298 ], [ 105.847516150828213, 21.074437263462794 ], [ 105.847515126796523, 21.074256571939486 ], [ 105.847900154037958, 21.074254649219689 ], [ 105.847899129552047, 21.07407395771051 ], [ 105.848091642923947, 21.074072996032221 ], [ 105.848090618216361, 21.073892304528165 ], [ 105.848283131344843, 21.073891342640632 ], [ 105.848282106415596, 21.073710651141695 ], [ 105.848474619300688, 21.073709689044911 ], [ 105.848473594149766, 21.073528997551101 ], [ 105.848666106791455, 21.073528035245072 ], [ 105.848665081418872, 21.073347343756392 ], [ 105.848857593817172, 21.07334638124113 ], [ 105.848855542639569, 21.07298499827013 ], [ 105.849240566473426, 21.072983072620932 ], [ 105.849239540435889, 21.072802381147632 ], [ 105.849432052103992, 21.07280141800468 ], [ 105.849431025844808, 21.072620726536531 ], [ 105.849623537269522, 21.072619763184349 ], [ 105.849622510788691, 21.072439071721337 ], [ 105.849815021970016, 21.072438108159943 ], [ 105.849813995267553, 21.072257416702065 ], [ 105.85000650620546, 21.072256452931459 ], [ 105.850005479281393, 21.072075761478722 ], [ 105.850390500659515, 21.072073833300848 ], [ 105.850389473281311, 21.07189314186229 ], [ 105.850581983721526, 21.071892177455027 ], [ 105.850580956121703, 21.07171148602162 ], [ 105.850773466318529, 21.071710521405155 ], [ 105.850772438497089, 21.0715298299769 ], [ 105.85096494845051, 21.07152886515124 ], [ 105.850963920407466, 21.071348173728136 ], [ 105.851156430117499, 21.07134720869329 ], [ 105.851155401852864, 21.071166517275337 ], [ 105.851347911319479, 21.071165552031303 ], [ 105.851346882833241, 21.070984860618506 ], [ 105.851539392056466, 21.070983895165288 ], [ 105.851538363348638, 21.070803203757645 ], [ 105.851730872328474, 21.070802238095251 ], [ 105.851729843399056, 21.070621546692774 ], [ 105.851922352135475, 21.070620580821199 ], [ 105.851921322984481, 21.070439889423888 ], [ 105.85211383147751, 21.070438923343144 ], [ 105.852112802104955, 21.070258231950987 ], [ 105.852305310354581, 21.07025726566108 ], [ 105.852304280760436, 21.07007657427409 ], [ 105.852496788766658, 21.070075607775024 ], [ 105.852495758950951, 21.069894916393199 ], [ 105.852688266713798, 21.069893949684975 ], [ 105.85268723667653, 21.069713258308322 ], [ 105.85287974419596, 21.069712291390946 ], [ 105.85287871393713, 21.069531600019463 ], [ 105.85307122121317, 21.069530632892931 ], [ 105.853070190732794, 21.069349941526625 ], [ 105.85326269776543, 21.069348974190952 ], [ 105.853261667063521, 21.069168282829825 ], [ 105.853454173852754, 21.069167315285011 ], [ 105.853453142929283, 21.068986623929053 ], [ 105.853645649475141, 21.068985656175101 ], [ 105.853644618330136, 21.068804964824331 ], [ 105.854029630924103, 21.068803028679955 ], [ 105.854028599325105, 21.068622337343438 ], [ 105.854221105373199, 21.068621368953021 ], [ 105.854215946380023, 21.067717912257457 ], [ 105.854408451254912, 21.067716943694233 ], [ 105.854407419256646, 21.067536252352522 ], [ 105.854599923888145, 21.067535283580185 ], [ 105.854598891668374, 21.067354592243674 ], [ 105.854791396056498, 21.067353623262235 ], [ 105.854790363615209, 21.067172931930909 ], [ 105.855175371893708, 21.067170993331636 ], [ 105.855174338998495, 21.066990302014592 ], [ 105.855559346768302, 21.066988362560764 ], [ 105.855557280081001, 21.066626979951359 ], [ 105.855749783484598, 21.066626009915357 ], [ 105.855746682838515, 21.066083935999359 ], [ 105.85593918553387, 21.066082965772459 ], [ 105.855938151774652, 21.065902274468439 ], [ 105.856130654226618, 21.065901304032465 ], [ 105.856129620245952, 21.065720612733656 ], [ 105.856322122454529, 21.065719642088609 ], [ 105.8563210882524, 21.065538950794998 ], [ 105.856513590217602, 21.065537979940888 ], [ 105.856512555794026, 21.065357288652493 ], [ 105.856705057515825, 21.065356317589323 ], [ 105.856702988236734, 21.064994935019065 ], [ 105.856895489482753, 21.064993963755935 ], [ 105.856894454627252, 21.06481327247408 ], [ 105.857086955629882, 21.06481230100189 ], [ 105.857084885486984, 21.064450918444713 ], [ 105.85727738601382, 21.064449946772591 ], [ 105.857275315450025, 21.064088564218078 ], [ 105.857467815501082, 21.064087592346024 ], [ 105.857465744516404, 21.063726209794169 ], [ 105.857658244091681, 21.063725237722188 ], [ 105.857655136999838, 21.063183163892564 ], [ 105.85784763586696, 21.063182191629785 ], [ 105.857845564062544, 21.062820809075475 ], [ 105.858038062453915, 21.062819836612789 ], [ 105.858035990228672, 21.062458454061165 ], [ 105.858228488144306, 21.062457481398589 ], [ 105.858226415498265, 21.062096098849626 ], [ 105.858418912938149, 21.062095125987156 ], [ 105.85841580335439, 21.061553052161912 ], [ 105.858608300086189, 21.06155207910869 ], [ 105.85860622662058, 21.061190696557311 ], [ 105.858798722876656, 21.061189723304214 ], [ 105.858796648990321, 21.060828340755538 ], [ 105.858989144770689, 21.060827367302576 ], [ 105.858988107611651, 21.060646676031524 ], [ 105.859180603148673, 21.060645702369577 ], [ 105.8591785283989, 21.060284319834075 ], [ 105.859371023460213, 21.060283345972277 ], [ 105.859369985869478, 21.060102654707823 ], [ 105.859562480687444, 21.060101680637054 ], [ 105.859561442875389, 21.05992098937784 ], [ 105.859753937450009, 21.059920015098097 ], [ 105.859751861394187, 21.059558632586278 ], [ 105.859944355493127, 21.059557658106712 ], [ 105.859943317249403, 21.059376966854092 ], [ 105.860135811104996, 21.059375992165567 ], [ 105.860133734185908, 21.059014609666953 ], [ 105.860326227565821, 21.059013634778623 ], [ 105.860324150226134, 21.058652252282723 ], [ 105.860516643130367, 21.058651277194581 ], [ 105.860514565370096, 21.058289894701414 ], [ 105.860707057798678, 21.058288919413474 ], [ 105.860704979617836, 21.057927536923035 ], [ 105.860897471570766, 21.057926561435306 ], [ 105.860895392969383, 21.057565178947609 ], [ 105.861087884446661, 21.0575642032601 ], [ 105.861084765930343, 21.057022129526818 ], [ 105.86127725669968, 21.05702115364868 ], [ 105.861275177279325, 21.056659771158685 ], [ 105.861467667573024, 21.056658795080786 ], [ 105.861464547828305, 21.056116721344075 ], [ 105.861657037414105, 21.05611574507558 ], [ 105.861655997288977, 21.055935053831387 ], [ 105.861848486631459, 21.055934077353989 ], [ 105.861845365625371, 21.055392003625538 ], [ 105.862037854259967, 21.055391026957562 ], [ 105.862034732656369, 21.054848953221583 ], [ 105.862227220583108, 21.054847976363043 ], [ 105.862218894934287, 21.053402446302588 ], [ 105.862411380991887, 21.053401469299299 ], [ 105.86241034010321, 21.053220778033403 ], [ 105.862217854277858, 21.053221755027526 ], [ 105.862215772998098, 21.052860372465741 ], [ 105.862408258358954, 21.052859395489943 ], [ 105.862405135825398, 21.052317321645589 ], [ 105.862597620478482, 21.052316344479262 ], [ 105.862592415315504, 21.051412888040037 ], [ 105.862784898796406, 21.051411910701539 ], [ 105.862782816344065, 21.051050528116953 ], [ 105.862975299349458, 21.051049550578778 ], [ 105.862971133648443, 21.050326785399637 ], [ 105.863163615713944, 21.050325807680135 ], [ 105.863158407675201, 21.049422351164559 ], [ 105.863350888568633, 21.049421373272935 ], [ 105.863347763181395, 21.048879299344435 ], [ 105.863540243367183, 21.048878321262357 ], [ 105.863535033448542, 21.047974864682963 ], [ 105.863727512462361, 21.047973886428785 ], [ 105.863722301659209, 21.047070429798062 ], [ 105.863914779501101, 21.047069451371812 ], [ 105.863908525509189, 21.045985303341695 ], [ 105.864101001947077, 21.045984324752567 ], [ 105.864096831911695, 21.04526155935811 ], [ 105.864289307409948, 21.045260580587772 ], [ 105.864285136622968, 21.044537815167832 ], [ 105.864092662053267, 21.044538793901442 ], [ 105.864080153539661, 21.042370497158192 ], [ 105.864272625323977, 21.042369518534766 ], [ 105.864266370271778, 21.0412853700083 ], [ 105.864458840652475, 21.041284391222071 ], [ 105.864452584605985, 21.040200242610741 ], [ 105.864645053583132, 21.040199263661741 ], [ 105.864638796542522, 21.039115114965572 ], [ 105.864831264116219, 21.039114135853822 ], [ 105.864828135049137, 21.038572061480824 ], [ 105.865020601915603, 21.038571082178777 ], [ 105.865017472252006, 21.038029007798364 ], [ 105.865209938411255, 21.038028028306023 ], [ 105.865206808151157, 21.0374859539182 ], [ 105.865399273603231, 21.037484974235593 ], [ 105.865396142746675, 21.036942899840366 ], [ 105.865588607491574, 21.0369419199675 ], [ 105.865586519845195, 21.036580537036304 ], [ 105.865778984114968, 21.036579556963989 ], [ 105.865775852032428, 21.036037482565636 ], [ 105.865968315595069, 21.03603650230308 ], [ 105.865966227131395, 21.035675119369806 ], [ 105.866158690218924, 21.035674138907833 ], [ 105.866156601335575, 21.035312755977412 ], [ 105.866349063948022, 21.035311775316014 ], [ 105.866345930010112, 21.034769700918847 ], [ 105.866538391915455, 21.034768720067248 ], [ 105.866535257381329, 21.034226645662709 ], [ 105.866727718579611, 21.034225664620916 ], [ 105.866725628481674, 21.033864281683545 ], [ 105.866918089204887, 21.033863300442356 ], [ 105.866915998687332, 21.033501917507852 ], [ 105.86710845893549, 21.033500936067284 ], [ 105.867105322546422, 21.032958861664014 ], [ 105.867297782087547, 21.032957880033283 ], [ 105.867294645102433, 21.032415805622676 ], [ 105.867487103936568, 21.032414823801798 ], [ 105.86748501220471, 21.032053440860388 ], [ 105.867677470563819, 21.032052458840152 ], [ 105.867674332353417, 21.031510384426543 ], [ 105.86786679000555, 21.031509402216184 ], [ 105.867863651199229, 21.030967327795256 ], [ 105.868056108144415, 21.030966345394777 ], [ 105.868052968742191, 21.030424270966535 ], [ 105.868245424980429, 21.03042328837596 ], [ 105.86824123833857, 21.029700522454117 ], [ 105.868433693637996, 21.029699539682674 ], [ 105.868431599919845, 21.029338156716886 ], [ 105.868624054744302, 21.029337173746139 ], [ 105.868620913554679, 21.028795099295991 ], [ 105.86881336767226, 21.028794116135181 ], [ 105.868811273137581, 21.028432733167445 ], [ 105.869003726780221, 21.02843174980735 ], [ 105.86900058436585, 21.027889675354292 ], [ 105.869193037301656, 21.027888691804147 ], [ 105.86918884664388, 21.027165925849264 ], [ 105.869381298640974, 21.027164942118329 ], [ 105.869379202915027, 21.026803559136042 ], [ 105.869186751381719, 21.02680454284851 ], [ 105.869184656164038, 21.026443159832205 ], [ 105.869377107233575, 21.026442176138207 ], [ 105.869376059409518, 21.026261484633466 ], [ 105.869568510236064, 21.026260500730988 ], [ 105.869566414157575, 21.025899117728311 ], [ 105.869758864509222, 21.025898133626594 ], [ 105.869753623348359, 21.024994676098103 ], [ 105.86994607252953, 21.024993691824875 ], [ 105.869942927270969, 21.024451617288868 ], [ 105.870135375745434, 21.024450632825666 ], [ 105.870133278498301, 21.024089249800721 ], [ 105.870325726497938, 21.024088265138314 ], [ 105.870322580015213, 21.023546190599497 ], [ 105.870515027308159, 21.023545205747126 ], [ 105.870512929244995, 21.023183822720313 ], [ 105.870705376063128, 21.02318283766876 ], [ 105.870702228356393, 21.022640763127139 ], [ 105.870894674467877, 21.022639777885658 ], [ 105.87089152616592, 21.022097703336815 ], [ 105.871083971570783, 21.022096717905413 ], [ 105.871080822673605, 21.021554643349376 ], [ 105.871273267371876, 21.02155365772807 ], [ 105.871269068071086, 21.020830891635963 ], [ 105.871461511830944, 21.020829905834013 ], [ 105.871454161861038, 21.019565065088052 ], [ 105.871646603987188, 21.019564079133261 ], [ 105.871644503632524, 21.019202696046534 ], [ 105.87183694528396, 21.019201709892624 ], [ 105.871834844510332, 21.018840326808874 ], [ 105.872027285687039, 21.018839340455855 ], [ 105.87202518449449, 21.018477957375094 ], [ 105.87221762519647, 21.018476970822967 ], [ 105.872215523584984, 21.018115587745196 ], [ 105.872407963812279, 21.018114600993975 ], [ 105.872405861781886, 21.017753217919196 ], [ 105.872598301534495, 21.017752230968885 ], [ 105.872595147877306, 21.017210156355389 ], [ 105.872787586923479, 21.017209169215267 ], [ 105.872786535494967, 21.017028477678938 ], [ 105.872978974298221, 21.017027490330474 ], [ 105.872976871011218, 21.016666107264701 ], [ 105.873169309339787, 21.016665119717171 ], [ 105.873167205633948, 21.016303736654407 ], [ 105.873359643487873, 21.01630274890783 ], [ 105.873357539363212, 21.015941365848086 ], [ 105.873549976742481, 21.015940377902449 ], [ 105.873546819944082, 21.015398303311535 ], [ 105.873739256616958, 21.015397315176145 ], [ 105.873738204141432, 21.015216623647348 ], [ 105.873930640571416, 21.015215635303644 ], [ 105.873928535190444, 21.014854252252963 ], [ 105.8741209711458, 21.014853263710236 ], [ 105.874118865346091, 21.01449188066259 ], [ 105.874311300826818, 21.01449089192085 ], [ 105.874310247712017, 21.014310200400491 ], [ 105.874502682949839, 21.014309211450453 ], [ 105.8745016296145, 21.014128519935493 ], [ 105.874694064609429, 21.014127530777166 ], [ 105.874693011053566, 21.013946839267611 ], [ 105.874885445805589, 21.013945849900992 ], [ 105.874884392029202, 21.013765158396847 ], [ 105.875076826538333, 21.013764168821947 ], [ 105.875075772541422, 21.013583477323216 ], [ 105.875268206807633, 21.013582487540035 ], [ 105.875267152590226, 21.013401796046711 ], [ 105.875459586613545, 21.013400806055262 ], [ 105.875458532175628, 21.013220114567346 ], [ 105.875650965956041, 21.013219124367627 ], [ 105.875649911297614, 21.013038432885136 ], [ 105.875842344835135, 21.013037442477145 ], [ 105.875841289956199, 21.012856751000069 ], [ 105.876033723250828, 21.012855760383818 ], [ 105.87603266815141, 21.012675068912159 ], [ 105.876225101203133, 21.012674078087656 ], [ 105.87622404588322, 21.012493386621419 ], [ 105.87641647869205, 21.012492395588648 ], [ 105.876415423151641, 21.012311704127843 ], [ 105.87660785571758, 21.012310712886826 ], [ 105.87660679995669, 21.012130021431449 ], [ 105.877184096892137, 21.012127046430987 ], [ 105.87718304044742, 21.011946354999665 ], [ 105.877567904551583, 21.011944370596879 ], [ 105.877565790769083, 21.011582987759866 ], [ 105.877758222340958, 21.011581995250783 ], [ 105.877756108139991, 21.011220612416878 ], [ 105.877948539237309, 21.011219619708896 ], [ 105.877946424617889, 21.010858236878111 ], [ 105.878138855240621, 21.010857243971238 ], [ 105.878136740202791, 21.010495861143561 ], [ 105.87832917035098, 21.010494868037799 ], [ 105.878325997183467, 21.00995279379514 ], [ 105.878518426625433, 21.009951800499842 ], [ 105.878516310773279, 21.009590417670641 ], [ 105.878708739740702, 21.009589424176475 ], [ 105.878705565351794, 21.009047349931542 ], [ 105.878897993613037, 21.00904635624785 ], [ 105.878896935274227, 21.008865664834438 ], [ 105.879089363292593, 21.008864670942568 ], [ 105.879088304733386, 21.008683979534609 ], [ 105.87928073250886, 21.00868298543455 ], [ 105.87927861496091, 21.00832160262566 ], [ 105.879471042261855, 21.00832060832677 ], [ 105.879469983273111, 21.008139916925835 ], [ 105.879854837378019, 21.008137927694211 ], [ 105.879855896830023, 21.008318619076448 ], [ 105.880048324097245, 21.00831762412502 ], [ 105.880046204741205, 21.00795624137535 ], [ 105.879853777937257, 21.007957236308084 ], [ 105.879852718507749, 21.007776544918066 ], [ 105.880045145080075, 21.007775549994676 ], [ 105.8800440854302, 21.00759485861013 ], [ 105.880236511759634, 21.007593863478583 ], [ 105.880235451889391, 21.007413172099501 ], [ 105.880812730115295, 21.00741018542789 ], [ 105.880811669561439, 21.007229494072988 ], [ 105.881388946991109, 21.007226505471927 ], [ 105.881387885753654, 21.007045814141208 ], [ 105.881772736853861, 21.007043820671729 ], [ 105.881770613486339, 21.006682438036105 ], [ 105.881963038556293, 21.006681440993852 ], [ 105.881961976657834, 21.006500749679589 ], [ 105.882924100680356, 21.006495761252772 ], [ 105.882925163736871, 21.006676452520164 ], [ 105.883117588739125, 21.006675454172942 ], [ 105.883118652038533, 21.006856145427079 ], [ 105.883311077261112, 21.006855146852988 ], [ 105.883312140803426, 21.007035838093856 ], [ 105.88350456624633, 21.007034839292881 ], [ 105.883503502472394, 21.006854148061393 ], [ 105.883888352861049, 21.006852149825718 ], [ 105.883887288635194, 21.006671458609119 ], [ 105.884079713580959, 21.00667045917443 ], [ 105.884076520276366, 21.006128385529504 ], [ 105.884461368744354, 21.006126386064 ], [ 105.884460303868892, 21.005945694860042 ], [ 105.884652727854316, 21.005944694810456 ], [ 105.884650597674138, 21.005583312409673 ], [ 105.884843021185063, 21.005582312161401 ], [ 105.884840890586943, 21.005220929763876 ], [ 105.885033313623353, 21.005219929316919 ], [ 105.885032248109681, 21.005039238121725 ], [ 105.885417093685376, 21.005037236594188 ], [ 105.885416027719856, 21.004856545413922 ], [ 105.885608450259127, 21.004855544333346 ], [ 105.885607384073339, 21.004674853158605 ], [ 105.885992228654757, 21.00467285036385 ], [ 105.88599116201712, 21.004492159204037 ], [ 105.886183584059268, 21.004491157489866 ], [ 105.886182517201377, 21.004310466335582 ], [ 105.886374939000589, 21.004309464413353 ], [ 105.886373871922473, 21.004128773264604 ], [ 105.886566293478793, 21.004127771134325 ], [ 105.886565226180423, 21.003947079991107 ], [ 105.886757647493823, 21.003946077652781 ], [ 105.886756579975213, 21.003765386515095 ], [ 105.887141422104875, 21.003763381204902 ], [ 105.887140354134459, 21.003582690082176 ], [ 105.887332774950707, 21.003581687110309 ], [ 105.887331706760079, 21.003400995993125 ], [ 105.887524127333421, 21.003399992813232 ], [ 105.887523058922568, 21.003219301701584 ], [ 105.887715479252989, 21.003218298313669 ], [ 105.887714410621939, 21.00303760720756 ], [ 105.888291670850379, 21.003034595767367 ], [ 105.888290601535999, 21.002853904685679 ], [ 105.888483021357885, 21.002852900446815 ], [ 105.888481951823309, 21.002672209370672 ], [ 105.889059210526099, 21.002669195377706 ], [ 105.889058140308236, 21.00248850432601 ], [ 105.889250559621544, 21.002487499236235 ], [ 105.889249489183484, 21.002306808190095 ], [ 105.889634327312891, 21.002304797377104 ], [ 105.889633256423096, 21.002124106345978 ], [ 105.889825675239194, 21.002123100622768 ], [ 105.889824604129231, 21.001942409597209 ], [ 105.890401859814631, 21.001939391151296 ], [ 105.89040078802141, 21.001758700150216 ], [ 105.890978042909708, 21.001755679775737 ], [ 105.890976970433243, 21.001574988799156 ], [ 105.891554224524384, 21.001571966496144 ], [ 105.891553151364718, 21.001391275544076 ], [ 105.891937986905418, 21.001389259607176 ], [ 105.891936913294074, 21.001208568670172 ], [ 105.89270658331246, 21.001204534225089 ], [ 105.892705508786392, 21.001023843322113 ], [ 105.893090343264035, 21.001021824813961 ], [ 105.893089268286317, 21.000841133926063 ], [ 105.893666519222563, 21.000838104561591 ], [ 105.893665443561673, 21.000657413698285 ], [ 105.894050276998996, 21.00065539305383 ], [ 105.894049200886485, 21.000474702205622 ], [ 105.894434033815031, 21.00047268071047 ], [ 105.894432957250899, 21.000291989877375 ], [ 105.894817789670668, 21.00028996753154 ], [ 105.894816712654944, 21.00010927671357 ], [ 105.895201544565893, 21.000107253517072 ], [ 105.895200467098562, 20.999926562714226 ], [ 105.895585298500706, 20.999924538667084 ], [ 105.89558422058181, 20.99974384787938 ], [ 105.89596905147512, 20.999741822981598 ], [ 105.895967973104646, 20.999561132209035 ], [ 105.896545218664144, 20.999558093260333 ], [ 105.896544139610597, 20.999377402512447 ], [ 105.896928969463275, 20.999375375478643 ], [ 105.896927889958164, 20.999194684745916 ], [ 105.897312719301965, 20.999192656861535 ], [ 105.897311639345318, 20.999011966143993 ], [ 105.897504053768515, 20.999010951885225 ], [ 105.897502973591841, 20.998830261173318 ], [ 105.897887801940783, 20.998828232022642 ], [ 105.897886721312588, 20.998647541325923 ], [ 105.898271549152625, 20.998645511324717 ], [ 105.898270468072909, 20.998464820643193 ], [ 105.898655295404012, 20.998462789791468 ], [ 105.898654213872817, 20.998282099125149 ], [ 105.899039040694959, 20.998280067422932 ], [ 105.899037958712256, 20.998099376771819 ], [ 105.899230371874594, 20.998098360604168 ], [ 105.899229289671894, 20.997917669958721 ], [ 105.899421702591269, 20.997916653583225 ], [ 105.899420620168584, 20.997735962943448 ], [ 105.899613032844954, 20.997734946360119 ], [ 105.899611950202285, 20.997554255726001 ], [ 105.899804362635678, 20.997553238934838 ], [ 105.899803279773025, 20.997372548306409 ], [ 105.900380516309724, 20.997369496657271 ], [ 105.900379432764126, 20.997188806053625 ], [ 105.900571844688542, 20.997187788412045 ], [ 105.900570760922989, 20.997007097814084 ], [ 105.9007631726044, 20.997006079964684 ], [ 105.90076208861889, 20.9968253893724 ], [ 105.90095450005731, 20.996824371315185 ], [ 105.900953415851859, 20.996643680728592 ], [ 105.901338238231205, 20.996641643981171 ], [ 105.901337153574318, 20.996460953409834 ], [ 105.90172197544463, 20.996458915812063 ], [ 105.90172089033635, 20.996278225255992 ], [ 105.901913301022745, 20.996277206140622 ], [ 105.901912215694523, 20.996096515590242 ], [ 105.90229703656982, 20.996094476726547 ], [ 105.902294865022114, 20.995733095652469 ], [ 105.902487274979521, 20.99573207591374 ], [ 105.902486188991517, 20.995551385380455 ], [ 105.902678598705947, 20.995550365433942 ], [ 105.90267751249803, 20.995369674906353 ], [ 105.902869921969483, 20.995368654752067 ], [ 105.902867749125363, 20.995007273704434 ], [ 105.902675340116815, 20.995008293839543 ], [ 105.902673167781757, 20.994646912757172 ], [ 105.9028655763274, 20.994645892641245 ], [ 105.902866662720612, 20.994826583174778 ], [ 105.903059071486155, 20.994825562831902 ], [ 105.903060158122344, 20.995006253351963 ], [ 105.903444976081715, 20.995004211994956 ], [ 105.903443888982636, 20.994823521494084 ], [ 105.903636297713533, 20.99482250049914 ], [ 105.903635210394555, 20.994641810003984 ], [ 105.90402002735884, 20.99463976738123 ], [ 105.904018939588539, 20.994459076901386 ], [ 105.904211347821899, 20.994458055273583 ], [ 105.904210259831714, 20.994277364799458 ], [ 105.904402667822069, 20.994276342963904 ], [ 105.904401579612028, 20.994095652495503 ], [ 105.904593987359377, 20.994094630452206 ], [ 105.904592898929451, 20.993913939989529 ], [ 105.904785306433823, 20.993912917738495 ], [ 105.904784217784027, 20.993732227281534 ], [ 105.905169032295206, 20.993730182146667 ], [ 105.905167943194115, 20.993549491705046 ], [ 105.905360350200922, 20.993548468821217 ], [ 105.905359260879976, 20.993367778385327 ], [ 105.905551667643806, 20.993366755293767 ], [ 105.905550578103004, 20.993186064863611 ], [ 105.905742984623814, 20.993185041564338 ], [ 105.905741894863169, 20.993004351139906 ], [ 105.905934301140988, 20.993003327632916 ], [ 105.905933211160516, 20.992822637214228 ], [ 105.906125617195343, 20.99282161349953 ], [ 105.906124526995015, 20.992640923086576 ], [ 105.906509338567076, 20.992638875024422 ], [ 105.906508247915511, 20.992458184626845 ], [ 105.906700653452759, 20.992457160279404 ], [ 105.906699562581366, 20.992276469887571 ], [ 105.906891967875595, 20.992275445332428 ], [ 105.906890876784402, 20.992094754946333 ], [ 105.907083281835639, 20.992093730183509 ], [ 105.907082190524633, 20.991913039803162 ], [ 105.907274595332865, 20.991912014832646 ], [ 105.907273503802045, 20.991731324458058 ], [ 105.907465908367286, 20.991730299279851 ], [ 105.907464816616667, 20.991549608911019 ], [ 105.907657220938901, 20.991548583525127 ], [ 105.907656128968483, 20.991367893162042 ], [ 105.907848533047712, 20.99136686756848 ], [ 105.907847440857509, 20.991186177211151 ], [ 105.908039844693747, 20.991185151409919 ], [ 105.908037659885352, 20.990823770702903 ], [ 105.908230063247203, 20.990822744703646 ], [ 105.90822897062904, 20.990642054353948 ], [ 105.908421373747871, 20.990641028147035 ], [ 105.908420280909937, 20.9904603378031 ], [ 105.908612683785776, 20.99045931138853 ], [ 105.908611590728071, 20.990278621050365 ], [ 105.908803993360934, 20.990277594428132 ], [ 105.908802900083444, 20.99009690409574 ], [ 105.908995302473301, 20.990095877265858 ], [ 105.908994208976068, 20.989915186939225 ], [ 105.909186611122919, 20.989914159901701 ], [ 105.90918551740593, 20.989733469580848 ], [ 105.90937791930979, 20.989732442335679 ], [ 105.909375731447923, 20.989371061701625 ], [ 105.909760534295287, 20.989369006598046 ], [ 105.909758345554451, 20.989007625987085 ], [ 105.909950746497955, 20.989006598128686 ], [ 105.909949651913635, 20.988825907827042 ], [ 105.909757251201484, 20.988826935675782 ], [ 105.909756156860126, 20.988646245360588 ], [ 105.909948557340911, 20.988645217521515 ], [ 105.909946368230393, 20.988283836898812 ], [ 105.910138768236834, 20.988282808861786 ], [ 105.910137673467673, 20.988102118554274 ], [ 105.910330073231137, 20.988101090309634 ], [ 105.910327883264998, 20.987739709702282 ], [ 105.910520282554131, 20.987738681259707 ], [ 105.910518092171841, 20.987377300656153 ], [ 105.910710490986645, 20.987376272015648 ], [ 105.91070939558162, 20.987195581717717 ], [ 105.910901794153446, 20.987194552869614 ], [ 105.910899602915649, 20.98683317228145 ], [ 105.911092001013159, 20.986832143235429 ], [ 105.911089809359268, 20.98647076265107 ], [ 105.911282206982463, 20.986469733407144 ], [ 105.911281110941673, 20.986289043118816 ], [ 105.911473508321905, 20.986288013667306 ], [ 105.911471315812577, 20.985926633098362 ], [ 105.911663712718507, 20.985925603448958 ], [ 105.911661519793142, 20.985564222883834 ], [ 105.911853916224786, 20.985563193036548 ], [ 105.911851722883412, 20.985201812475257 ], [ 105.912044118840768, 20.985200782430095 ], [ 105.912040828222189, 20.984658711588068 ], [ 105.912233223473962, 20.984657681354722 ], [ 105.912231029323934, 20.984296300793325 ], [ 105.912423424101448, 20.984295270362121 ], [ 105.912420132269943, 20.983753199519967 ], [ 105.912612526341917, 20.983752168900601 ], [ 105.912608136471349, 20.983029407762107 ], [ 105.912800529606514, 20.983028376964292 ], [ 105.912798334278662, 20.982666996391131 ], [ 105.912990726939597, 20.982665965395483 ], [ 105.912986335498772, 20.981943204241322 ], [ 105.912793943762921, 20.981944235198181 ], [ 105.912792846163157, 20.981763544890242 ], [ 105.912985237667741, 20.981762513943071 ], [ 105.912984139848376, 20.981581823640933 ], [ 105.912791748575046, 20.981582854578406 ], [ 105.912786260809497, 20.980679402960995 ], [ 105.912593870680794, 20.980680433632799 ], [ 105.912590578855159, 20.980138362586661 ], [ 105.91239818940852, 20.980139393012198 ], [ 105.912393801395936, 20.979416631524206 ], [ 105.912201412862586, 20.979417661693795 ], [ 105.912200316119822, 20.979236971302399 ], [ 105.912007927806044, 20.979238001245125 ], [ 105.912006831306158, 20.979057310840155 ], [ 105.911814443211966, 20.979058340556016 ], [ 105.911813346954943, 20.978877650137484 ], [ 105.911428571194051, 20.978879708898312 ], [ 105.911427475411145, 20.978699018456535 ], [ 105.911235087744444, 20.978700047501505 ], [ 105.911233992204416, 20.978519357046164 ], [ 105.911041604757287, 20.978520385864289 ], [ 105.911040509460122, 20.978339695395384 ], [ 105.910848122232579, 20.978340723986665 ], [ 105.910847027178264, 20.978160033504203 ], [ 105.910654640170293, 20.978161061868651 ], [ 105.910653545358855, 20.977980371372627 ], [ 105.910461158570456, 20.977981399510238 ], [ 105.910460064001839, 20.977800709000658 ], [ 105.91026767743304, 20.977801736911438 ], [ 105.910266583107273, 20.977621046388307 ], [ 105.910074196758032, 20.977622074072258 ], [ 105.910073102675113, 20.977441383535584 ], [ 105.909880716545459, 20.977442410992708 ], [ 105.909879622705361, 20.977261720442481 ], [ 105.909687236795278, 20.977262747672789 ], [ 105.909686143198016, 20.977082057109016 ], [ 105.909493757507519, 20.977083084112504 ], [ 105.909491570810275, 20.976721702953999 ], [ 105.909299185570546, 20.976722729721011 ], [ 105.909295906305402, 20.976180657925159 ], [ 105.909103521747653, 20.976181684446058 ], [ 105.909099150481538, 20.975458921958595 ], [ 105.909291534114573, 20.975457895476318 ], [ 105.909289348088848, 20.9750965142286 ], [ 105.909481731247908, 20.975095487548508 ], [ 105.909478451602965, 20.974553415676791 ], [ 105.909670834056882, 20.974552388808544 ], [ 105.909668647222702, 20.974191007560634 ], [ 105.909861029202673, 20.974189980494582 ], [ 105.909859935571859, 20.974009289874466 ], [ 105.910052317309038, 20.974008262600965 ], [ 105.91005122345868, 20.973827571986625 ], [ 105.910243604953081, 20.97382654450567 ], [ 105.91024141682496, 20.973465163284683 ], [ 105.910433797845414, 20.973464135605948 ], [ 105.91043270356765, 20.973283444999296 ], [ 105.910817465111364, 20.973281389009831 ], [ 105.910816370382932, 20.973100698418641 ], [ 105.911008750906191, 20.973099670107914 ], [ 105.911007655958244, 20.972918979522511 ], [ 105.911392416507539, 20.972916922269079 ], [ 105.911391321108965, 20.972736231699155 ], [ 105.912737981046533, 20.972729024541128 ], [ 105.912736884041621, 20.972548334035121 ], [ 105.913314023146569, 20.972545242025639 ], [ 105.913311827784881, 20.972183861060156 ], [ 105.91234993152969, 20.972189013226838 ], [ 105.912351028049017, 20.972369703759991 ], [ 105.911196750771325, 20.972375879253882 ], [ 105.911197845915481, 20.972556569841252 ], [ 105.910813086267467, 20.972558626621769 ], [ 105.910814180960983, 20.972739317224608 ], [ 105.910429420804149, 20.972741373156058 ], [ 105.910430515047011, 20.972922063774352 ], [ 105.910238134720004, 20.972923091424089 ], [ 105.910239228743364, 20.973103782048177 ], [ 105.910046848173579, 20.973104809490469 ], [ 105.910049035792881, 20.973466190746311 ], [ 105.909856654749163, 20.973467217990823 ], [ 105.909857748345104, 20.973647908622585 ], [ 105.909665367058608, 20.97364893565965 ], [ 105.90966646043502, 20.973829626297196 ], [ 105.909474078905745, 20.973830653126804 ], [ 105.90947626523112, 20.974192034409555 ], [ 105.9092838832279, 20.974193061041358 ], [ 105.909286069137423, 20.974554442327907 ], [ 105.909093686660256, 20.974555468761903 ], [ 105.909095872153912, 20.974916850052225 ], [ 105.9089034892028, 20.974917876288405 ], [ 105.908905674280575, 20.975279257582507 ], [ 105.908520907418804, 20.975281309442078 ], [ 105.908519815336462, 20.975100618777663 ], [ 105.90832743211935, 20.975101644372103 ], [ 105.908325248451817, 20.97474026301234 ], [ 105.908132865685445, 20.97474128837035 ], [ 105.908126316348429, 20.973657144139999 ], [ 105.907933934957398, 20.973658169223022 ], [ 105.90792956988939, 20.972935406286567 ], [ 105.907737189411378, 20.972936431113908 ], [ 105.907735007409258, 20.972575049603105 ], [ 105.907542627381929, 20.972576074194063 ], [ 105.907539355159159, 20.972034001869822 ], [ 105.907346975813653, 20.972035026214765 ], [ 105.907344794852037, 20.971673644626581 ], [ 105.907152415957185, 20.971674668735155 ], [ 105.907149145295094, 20.971132596294872 ], [ 105.906956767082036, 20.971133620157453 ], [ 105.906954587160826, 20.970772238491918 ], [ 105.906762209398423, 20.970773262118151 ], [ 105.90676002998579, 20.970411880417831 ], [ 105.906567652674028, 20.970412903807723 ], [ 105.906565473769945, 20.970051522072609 ], [ 105.906373096908823, 20.970052545226178 ], [ 105.906372007705258, 20.969871854343175 ], [ 105.906179631063665, 20.969872877270038 ], [ 105.906177453153489, 20.969511495473132 ], [ 105.905985076962509, 20.969512518163675 ], [ 105.90598289956084, 20.969151136332002 ], [ 105.905790523820471, 20.96915215878624 ], [ 105.905788346927281, 20.9687907769198 ], [ 105.905595971637538, 20.96879179913773 ], [ 105.905593795252827, 20.968430417236526 ], [ 105.905401420413668, 20.968431439218168 ], [ 105.905400332469753, 20.968250748252125 ], [ 105.905207957850124, 20.968251770007097 ], [ 105.905205782459134, 20.967890388044147 ], [ 105.905013408290117, 20.967891409562831 ], [ 105.905011233407535, 20.967530027565129 ], [ 105.904818859689072, 20.967531048847547 ], [ 105.904816685314898, 20.96716966681511 ], [ 105.904624312047034, 20.967170687861259 ], [ 105.904622138181224, 20.966809305794069 ], [ 105.904429765363915, 20.966810326603973 ], [ 105.904428678679409, 20.966629635554952 ], [ 105.904236306081629, 20.966630656138218 ], [ 105.904235219639716, 20.966449965075707 ], [ 105.904042847261451, 20.966450985432328 ], [ 105.90404176106216, 20.966270294356342 ], [ 105.903657016733078, 20.966272334399275 ], [ 105.903655931007435, 20.96609164330021 ], [ 105.903463559056632, 20.966092662986537 ], [ 105.903461388102102, 20.965731280757577 ], [ 105.903269016601868, 20.96573230020768 ], [ 105.903266846155603, 20.965370917944007 ], [ 105.90307447510591, 20.965371937157901 ], [ 105.903073390131127, 20.965191246010647 ], [ 105.902881019300935, 20.965192264997938 ], [ 105.90287993456873, 20.965011573837216 ], [ 105.902687563958054, 20.965012592597891 ], [ 105.902686479468414, 20.9648319014237 ], [ 105.902494109077239, 20.964832919957775 ], [ 105.902493024830164, 20.96465222877012 ], [ 105.902300654658504, 20.964653247077592 ], [ 105.90229848666101, 20.96429186467148 ], [ 105.902106116939891, 20.964292882742775 ], [ 105.902103949450563, 20.963931500301978 ], [ 105.90191158017997, 20.963932518137106 ], [ 105.901908329725458, 20.963390444418074 ], [ 105.901715961136404, 20.963391462007458 ], [ 105.901713794686373, 20.963030079489556 ], [ 105.901521426547831, 20.963031096842798 ], [ 105.901520343571107, 20.962850405568439 ], [ 105.901327975652052, 20.962851422695106 ], [ 105.901326892917851, 20.962670731407307 ], [ 105.901134525218282, 20.962671748307411 ], [ 105.901132360246436, 20.962310365701025 ], [ 105.90093999299738, 20.962311382364994 ], [ 105.90093891075972, 20.962130691046415 ], [ 105.900746543730151, 20.962131707483834 ], [ 105.900744379751359, 20.961770324815902 ], [ 105.900552013172273, 20.961771341017204 ], [ 105.900548767983366, 20.961229266957506 ], [ 105.900356402085762, 20.961230282913139 ], [ 105.900354239145955, 20.960868900168155 ], [ 105.900161873698835, 20.960869915887685 ], [ 105.900159711267008, 20.960508533108065 ], [ 105.89996734627033, 20.96050954859151 ], [ 105.899965184346442, 20.960148165777252 ], [ 105.899772819800233, 20.960149181024615 ], [ 105.899771739086503, 20.959968489602122 ], [ 105.899579374759782, 20.959969504622965 ], [ 105.899578294288503, 20.959788813187025 ], [ 105.899385930181239, 20.959789827981364 ], [ 105.899384849952455, 20.959609136531988 ], [ 105.899192486064663, 20.95961015109981 ], [ 105.899190326103451, 20.959248768170337 ], [ 105.898997962666115, 20.959249782502106 ], [ 105.898996882933702, 20.959069091022002 ], [ 105.898804519715839, 20.959070105127275 ], [ 105.898802360747368, 20.958708722136329 ], [ 105.898609997979932, 20.958709736005559 ], [ 105.898608918743875, 20.958529044494732 ], [ 105.898416556195926, 20.95853005813747 ], [ 105.898414398220112, 20.958168675085087 ], [ 105.898222036122604, 20.9581696884918 ], [ 105.898219878654587, 20.957808305404825 ], [ 105.898027517007478, 20.957809318575521 ], [ 105.898026438521626, 20.957628627016671 ], [ 105.897834077093989, 20.957629639960896 ], [ 105.897831920618557, 20.957268256812505 ], [ 105.89763955964132, 20.957269269520722 ], [ 105.897637403673642, 20.956907886337746 ], [ 105.897445043146803, 20.956908898809974 ], [ 105.897443965411085, 20.956728207203131 ], [ 105.897251605103719, 20.956729219448899 ], [ 105.897249450128527, 20.956367836204532 ], [ 105.897057090271559, 20.956368848214318 ], [ 105.897056013032056, 20.956188156576786 ], [ 105.896863653394561, 20.956189168360126 ], [ 105.896860422437584, 20.955647093395694 ], [ 105.896668063481371, 20.955648104933541 ], [ 105.896666986749537, 20.955467413261452 ], [ 105.896474628012783, 20.955468424572864 ], [ 105.896473551523314, 20.955287732887381 ], [ 105.896281193006018, 20.955288743972361 ], [ 105.896280116758902, 20.955108052273474 ], [ 105.896087758461064, 20.955109063132038 ], [ 105.8960866824563, 20.954928371419751 ], [ 105.895894324377934, 20.954929382051887 ], [ 105.895893248615508, 20.954748690326209 ], [ 105.895700890756586, 20.95474970073192 ], [ 105.895699815236512, 20.954569008992859 ], [ 105.895507457597063, 20.954570019172166 ], [ 105.895506382319326, 20.954389327419712 ], [ 105.895314024899321, 20.954390337372597 ], [ 105.895312949863921, 20.95420964560676 ], [ 105.895120592663389, 20.954210655333242 ], [ 105.895119517870313, 20.954029963554014 ], [ 105.894927160889239, 20.954030973054095 ], [ 105.894926086338486, 20.953850281261495 ], [ 105.89473372957687, 20.953851290535169 ], [ 105.894731580971424, 20.953489906919319 ], [ 105.894346868337465, 20.95349192477801 ], [ 105.894345794513654, 20.953311232945264 ], [ 105.894153438410413, 20.953312241539773 ], [ 105.894152364828912, 20.953131549693662 ], [ 105.893960008945143, 20.953132558061792 ], [ 105.893957862278114, 20.952771174338942 ], [ 105.893765506844687, 20.952772182471193 ], [ 105.893764433759173, 20.952591490594472 ], [ 105.893572078545219, 20.952592498500355 ], [ 105.893571005701986, 20.95241180661025 ], [ 105.89337865070749, 20.952412814289769 ], [ 105.893376505516997, 20.95205143047896 ], [ 105.893184150972814, 20.952052437922628 ], [ 105.89318307862554, 20.951871746001924 ], [ 105.89299072430083, 20.951872753219234 ], [ 105.892989652195837, 20.951692061285168 ], [ 105.892797298090557, 20.951693068276121 ], [ 105.892794082536568, 20.951150992422214 ], [ 105.892601729112471, 20.951151999167859 ], [ 105.892600657514805, 20.950971307199321 ], [ 105.892408304310152, 20.950972313718626 ], [ 105.892407232954739, 20.950791621736734 ], [ 105.892214879969529, 20.950792628029703 ], [ 105.892212737754562, 20.950431244035336 ], [ 105.892020385219666, 20.950432250092501 ], [ 105.892019314360113, 20.95025155808003 ], [ 105.891826962044661, 20.950252563910865 ], [ 105.891824820821412, 20.949891179855346 ], [ 105.89163246895626, 20.949892185450388 ], [ 105.891631398592551, 20.949711493407346 ], [ 105.891439046946843, 20.949712498776069 ], [ 105.891436906715242, 20.949351114659418 ], [ 105.891244555519819, 20.949352119792362 ], [ 105.891242415795404, 20.948990735641278 ], [ 105.890857714293716, 20.948992745218789 ], [ 105.890854506177391, 20.948450668906311 ], [ 105.890662156101925, 20.948451673341435 ], [ 105.890660017876229, 20.948090289094814 ], [ 105.890467668251034, 20.948091293294187 ], [ 105.890466599386059, 20.947910601155602 ], [ 105.890274249980294, 20.947911605128692 ], [ 105.890273181357486, 20.94773091297678 ], [ 105.890080832171165, 20.947731916723587 ], [ 105.890079763790538, 20.947551224558346 ], [ 105.889887414823662, 20.94755222807888 ], [ 105.889886346685202, 20.947371535900302 ], [ 105.889693997937769, 20.947372539194564 ], [ 105.889691862156539, 20.947011154806908 ], [ 105.889499513859334, 20.947012157865451 ], [ 105.889496310965086, 20.946470081226554 ], [ 105.889303963348922, 20.946471084039946 ], [ 105.889301828604445, 20.946109699575739 ], [ 105.889109481438481, 20.946110702153437 ], [ 105.889108414314066, 20.945930009906078 ], [ 105.888916067367546, 20.945931012257525 ], [ 105.888913933614333, 20.945569627732308 ], [ 105.888721587118027, 20.945570629848071 ], [ 105.888719453871758, 20.945209245288464 ], [ 105.888527107825638, 20.945210247168557 ], [ 105.888523908733688, 20.944668170271775 ], [ 105.888331563368538, 20.944669171906774 ], [ 105.888329431158809, 20.94430778727067 ], [ 105.888137086243844, 20.944308788670007 ], [ 105.888136020386753, 20.944128096336716 ], [ 105.887943675691218, 20.944129097509826 ], [ 105.887941544472568, 20.943767712812758 ], [ 105.887749200227205, 20.943768713750234 ], [ 105.887747069515413, 20.943407329018804 ], [ 105.887554725720221, 20.943408329720647 ], [ 105.887551530429789, 20.942866252566159 ], [ 105.887359187315482, 20.942867253022957 ], [ 105.887355992819252, 20.942325175805323 ], [ 105.887163650385844, 20.94232617601708 ], [ 105.887160456683773, 20.941784098736299 ], [ 105.886968114931221, 20.941785098703036 ], [ 105.886963857743282, 20.941062328903403 ], [ 105.8867715169023, 20.941063328615716 ], [ 105.88676832482237, 20.940521251197055 ], [ 105.886575984662215, 20.940522250664365 ], [ 105.886572793376317, 20.939980173182587 ], [ 105.886380453896948, 20.939981172404917 ], [ 105.886375136466967, 20.939077709810718 ], [ 105.886182798129781, 20.939078708769255 ], [ 105.886178545312248, 20.938355938586511 ], [ 105.885986207886489, 20.938356937290688 ], [ 105.885981956172657, 20.937634167008312 ], [ 105.885789619658283, 20.937635165458147 ], [ 105.885784306423844, 20.936731702470976 ], [ 105.885591971051497, 20.936732700657068 ], [ 105.885585596927243, 20.935648544888185 ], [ 105.885393262927494, 20.935649542801169 ], [ 105.885383704579922, 20.934023308801734 ], [ 105.885576036503977, 20.934022310973372 ], [ 105.885569663397192, 20.932938154855833 ], [ 105.885761993926252, 20.932937156867222 ], [ 105.885757744492082, 20.932214386082329 ], [ 105.885950074087432, 20.932213387914686 ], [ 105.885946886438731, 20.931671309813566 ], [ 105.886139215330985, 20.931670311457484 ], [ 105.88613708982723, 20.931308926056186 ], [ 105.886329418246987, 20.931307927502282 ], [ 105.886328355281492, 20.931127234805228 ], [ 105.886520683459366, 20.93112623604409 ], [ 105.886518557101155, 20.930764850657198 ], [ 105.886710884806547, 20.930763851698249 ], [ 105.886709821413831, 20.9305831590084 ], [ 105.88690214887734, 20.930582159842235 ], [ 105.886901085265379, 20.930401467157921 ], [ 105.887093412486976, 20.930400467784541 ], [ 105.88709234865577, 20.930219775105783 ], [ 105.88728467563547, 20.930218775525191 ], [ 105.887283611585019, 20.930038082851976 ], [ 105.888245245160775, 20.930033081746693 ], [ 105.888246310364082, 20.930213774372778 ], [ 105.889015617942903, 20.930209769551528 ], [ 105.88901668407982, 20.930390462135996 ], [ 105.889785992399368, 20.930386453810915 ], [ 105.889788126551849, 20.930747838892692 ], [ 105.890172781565781, 20.930745833392571 ], [ 105.890171714022699, 20.930565140872524 ], [ 105.890364041282055, 20.930564137806964 ], [ 105.890365109055693, 20.930744830317561 ], [ 105.890557436534252, 20.930743827025918 ], [ 105.890556368530028, 20.930563134524775 ], [ 105.890941022991882, 20.93056112731049 ], [ 105.890942091457262, 20.930741819792722 ], [ 105.8911344189017, 20.930740815851173 ], [ 105.891133350205749, 20.930560123378402 ], [ 105.891902658947458, 20.930556105483731 ], [ 105.891903728565708, 20.930736797918641 ], [ 105.893057692720149, 20.930730764520824 ], [ 105.893058763733237, 20.930911456895 ], [ 105.89402040136801, 20.930906423058623 ], [ 105.894021473545394, 20.931087115381494 ], [ 105.894983112047754, 20.931082076081751 ], [ 105.894984185389475, 20.93126276835326 ], [ 105.89613815259878, 20.931256713987491 ], [ 105.896139227335397, 20.931437406198068 ], [ 105.90248604722062, 20.931403967464455 ], [ 105.902484964874787, 20.931223275568975 ], [ 105.903831256778076, 20.931216152241852 ], [ 105.9038301728297, 20.931035460409618 ], [ 105.904022499967752, 20.931034441934507 ], [ 105.904021415800344, 20.930853750107993 ], [ 105.905367703829398, 20.930846614783697 ], [ 105.905366618059517, 20.930665923020552 ], [ 105.905943597778389, 20.930662861803786 ], [ 105.905942511328362, 20.930482170065606 ], [ 105.906519490251441, 20.93047910692804 ], [ 105.906518403121254, 20.93029841521485 ], [ 105.907095381248496, 20.930295350156516 ], [ 105.907094293438206, 20.930114658468334 ], [ 105.907671270769541, 20.930111591489275 ], [ 105.907670182279148, 20.929930899826125 ], [ 105.90805483331431, 20.929928854109576 ], [ 105.908053744374371, 20.929748162461824 ], [ 105.908630720148523, 20.929745092291277 ], [ 105.908629630528509, 20.929564400668582 ], [ 105.909014280525511, 20.929562352824419 ], [ 105.909013190455966, 20.929381661217146 ], [ 105.909397839945456, 20.929379612525825 ], [ 105.909396749426421, 20.929198920933985 ], [ 105.909973722881929, 20.929195846301372 ], [ 105.909972631682862, 20.929015154734625 ], [ 105.910357280134022, 20.929013103915814 ], [ 105.910356188485466, 20.928832412364514 ], [ 105.910740836429071, 20.928830360698601 ], [ 105.910738652244646, 20.928468977623059 ], [ 105.910546328739755, 20.928470003544984 ], [ 105.910545236895516, 20.928289311991726 ], [ 105.910352913609543, 20.928290337687386 ], [ 105.91035182200747, 20.928109646120586 ], [ 105.910159498940402, 20.92811067158998 ], [ 105.910158407580496, 20.927929980009644 ], [ 105.909966084732332, 20.92793100525277 ], [ 105.909964993614565, 20.927750313658898 ], [ 105.909772670985348, 20.927751338675769 ], [ 105.909770489245702, 20.92738995545707 ], [ 105.909578167065931, 20.927390980238027 ], [ 105.909577076444037, 20.927210288613203 ], [ 105.90938475448317, 20.927211313167913 ], [ 105.90938366410343, 20.927030621529561 ], [ 105.909191342361481, 20.92703164585803 ], [ 105.909190252223851, 20.926850954206142 ], [ 105.908997930700821, 20.926851978308367 ], [ 105.908996840805329, 20.926671286642957 ], [ 105.908804519501203, 20.926672310518949 ], [ 105.908803429847822, 20.926491618840014 ], [ 105.908611108762628, 20.926492642489769 ], [ 105.908610019351343, 20.926311950797313 ], [ 105.908802340206051, 20.926310927157203 ], [ 105.908801250575863, 20.926130235470524 ], [ 105.908993571188446, 20.926129211623479 ], [ 105.908992481339354, 20.925948519942573 ], [ 105.909377122068705, 20.925946471618069 ], [ 105.909376031770208, 20.925765779952592 ], [ 105.909568351886975, 20.925764755475129 ], [ 105.909567261369588, 20.925584063815425 ], [ 105.909759581244217, 20.925583039131048 ], [ 105.90975849050794, 20.925402347477135 ], [ 105.910143129761394, 20.925400297477989 ], [ 105.910142038575728, 20.925219605839523 ], [ 105.910334357954554, 20.92521858052476 ], [ 105.910333266549998, 20.925037888892078 ], [ 105.910525585686699, 20.925036863370416 ], [ 105.910524494063267, 20.924856171743521 ], [ 105.910716812957858, 20.924855146014956 ], [ 105.910715721115551, 20.924674454393863 ], [ 105.910908039768032, 20.924673428458405 ], [ 105.910906947706877, 20.924492736843106 ], [ 105.911099266117219, 20.924491710700767 ], [ 105.911098173837203, 20.924311019091256 ], [ 105.911290492005449, 20.924309992742025 ], [ 105.911289399506586, 20.924129301138318 ], [ 105.911481717432707, 20.924128274582205 ], [ 105.911480624714997, 20.923947582984297 ], [ 105.911672942399008, 20.923946556221313 ], [ 105.911670756537518, 20.923585173033231 ], [ 105.911863073748947, 20.923584146073058 ], [ 105.911861980605181, 20.92340345448288 ], [ 105.9120542975745, 20.923402427315828 ], [ 105.912052110860941, 20.923041044143222 ], [ 105.912244427357678, 20.923040016778998 ], [ 105.912243333787899, 20.922859325196566 ], [ 105.912435650042525, 20.922858297625485 ], [ 105.912433462476969, 20.922496914468365 ], [ 105.912625778259041, 20.922495886700123 ], [ 105.912624684263264, 20.922315195125432 ], [ 105.912816999803226, 20.92231416715034 ], [ 105.912812623014787, 20.921591400851607 ], [ 105.913004937621295, 20.921590372698756 ], [ 105.912999465745656, 20.9206869147866 ], [ 105.91319177918831, 20.920685886465691 ], [ 105.913175361852808, 20.917975512293424 ], [ 105.912983051866391, 20.917976540468924 ], [ 105.912979769405112, 20.917434465500765 ], [ 105.912787460098201, 20.917435493430709 ], [ 105.912784178432929, 20.916893418398612 ], [ 105.912591869805539, 20.91689444608301 ], [ 105.912590776170802, 20.916713754388201 ], [ 105.912398467762159, 20.916714781846437 ], [ 105.912396280988347, 20.91635339842583 ], [ 105.912203973028809, 20.916354425648223 ], [ 105.91220178676231, 20.915993042192742 ], [ 105.912009479251893, 20.915994069179302 ], [ 105.912007293492692, 20.915632685688966 ], [ 105.911814986431366, 20.915633712439703 ], [ 105.911813893799589, 20.915453020679042 ], [ 105.911621586956997, 20.915454047203639 ], [ 105.911620494567217, 20.91527335542942 ], [ 105.911428187943343, 20.91527438172788 ], [ 105.9114260036594, 20.914912998148473 ], [ 105.911233697484619, 20.914914024211129 ], [ 105.911232605590442, 20.914733332405945 ], [ 105.911040299634394, 20.914734358242473 ], [ 105.911039207982199, 20.914553666423739 ], [ 105.91084690224487, 20.914554692034152 ], [ 105.910845810834644, 20.914374000201878 ], [ 105.910653505316048, 20.914375025586168 ], [ 105.910652414147791, 20.914194333740355 ], [ 105.910460108847928, 20.914195358898535 ], [ 105.910459017921653, 20.914014667039169 ], [ 105.91026671284051, 20.914015691971255 ], [ 105.910264531483463, 20.913654308221577 ], [ 105.910072226851398, 20.913655332917887 ], [ 105.91007113642064, 20.913474641027577 ], [ 105.909878832007294, 20.913475665497792 ], [ 105.909877741818477, 20.913294973593942 ], [ 105.909685437623864, 20.913295997838063 ], [ 105.909684347676986, 20.913115305920691 ], [ 105.909492043701107, 20.913116329938727 ], [ 105.909490953996183, 20.91293563800782 ], [ 105.909298650239009, 20.912936661799765 ], [ 105.909296471324609, 20.91257527790702 ], [ 105.909104168016498, 20.912576301463233 ], [ 105.909103078807021, 20.912395609501399 ], [ 105.908910775717644, 20.912396632831538 ], [ 105.908909686750093, 20.912215940856182 ], [ 105.908717383879434, 20.912216963960248 ], [ 105.908716295153795, 20.912036271971367 ], [ 105.908523992501856, 20.912037294849366 ], [ 105.908522904018142, 20.911856602846974 ], [ 105.908330601584922, 20.911857625498914 ], [ 105.908329513343105, 20.911676933482994 ], [ 105.908137211128619, 20.911677955908875 ], [ 105.908135035140361, 20.911316571846136 ], [ 105.907750431597876, 20.911318616010099 ], [ 105.907749344081736, 20.911137923953643 ], [ 105.907557042523436, 20.911138945701374 ], [ 105.90755595524918, 20.910958253631403 ], [ 105.907363653909613, 20.910959275153086 ], [ 105.907362566877239, 20.910778583069625 ], [ 105.907170265756378, 20.910779604365274 ], [ 105.907169178965901, 20.910598912268291 ], [ 105.906976878063759, 20.910599933337906 ], [ 105.906975791515137, 20.910419241227434 ], [ 105.906783490831742, 20.910420262071007 ], [ 105.906782404524975, 20.910239569947034 ], [ 105.906397803584056, 20.910241610965745 ], [ 105.906396717749459, 20.91006091881864 ], [ 105.906204417491935, 20.910061938993778 ], [ 105.906203331899206, 20.909881246833187 ], [ 105.906011031860416, 20.909882266782304 ], [ 105.906009946509513, 20.909701574608221 ], [ 105.905817646689457, 20.909702594331328 ], [ 105.905816561580409, 20.909521902143748 ], [ 105.905624261979071, 20.909522921640853 ], [ 105.905623177111863, 20.909342229439787 ], [ 105.905430877729259, 20.909343248710879 ], [ 105.905429793103892, 20.909162556496337 ], [ 105.905237493940007, 20.909163575541427 ], [ 105.905236409556466, 20.908982883313403 ], [ 105.904851811654623, 20.908984920735207 ], [ 105.904850727743195, 20.908804228484094 ], [ 105.904658429005238, 20.908805246860808 ], [ 105.904657345335622, 20.908624554596209 ], [ 105.904465046816384, 20.908625572746949 ], [ 105.904463963388565, 20.908444880468878 ], [ 105.904079366776045, 20.908446916102005 ], [ 105.904078283820297, 20.908266223800865 ], [ 105.903885985727001, 20.908267241283262 ], [ 105.903884903013079, 20.908086548968651 ], [ 105.903500307252415, 20.908088583265126 ], [ 105.903499225010549, 20.907907890927458 ], [ 105.903114629664316, 20.907909924339254 ], [ 105.903113547894492, 20.907729231978532 ], [ 105.902728952962704, 20.907731264505664 ], [ 105.902727871664922, 20.907550572121906 ], [ 105.902535574411999, 20.90755158805133 ], [ 105.902534493356001, 20.907370895654111 ], [ 105.902149899276139, 20.907372926844694 ], [ 105.902148818692169, 20.90719223442445 ], [ 105.901956521865216, 20.907193249685609 ], [ 105.901955441523, 20.90701255725191 ], [ 105.90176314491481, 20.907013572287138 ], [ 105.901762064814349, 20.906832879840003 ], [ 105.901377472023952, 20.906834909242217 ], [ 105.901376392395491, 20.906654216772065 ], [ 105.901184096213285, 20.906655231139062 ], [ 105.901183016826565, 20.90647453865547 ], [ 105.900990720863106, 20.90647555279654 ], [ 105.900989641718141, 20.906294860299511 ], [ 105.900605050217237, 20.906296887913452 ], [ 105.900603971544228, 20.90611619539343 ], [ 105.900411676006783, 20.906117208866306 ], [ 105.900410597575515, 20.905936516332851 ], [ 105.900218302256832, 20.905937529579823 ], [ 105.900217224067262, 20.905756837032936 ], [ 105.900024928967326, 20.905757850053998 ], [ 105.900023851019483, 20.905577157493681 ], [ 105.899831556138295, 20.905578170288834 ], [ 105.899830478432165, 20.905397477715098 ], [ 105.89944588909583, 20.905399502637266 ], [ 105.899444811861642, 20.905218810040559 ], [ 105.899252517406481, 20.905219822167574 ], [ 105.899251440413991, 20.905039129557448 ], [ 105.899059146177592, 20.905040141458578 ], [ 105.899056992687477, 20.90467875620762 ], [ 105.898864698900056, 20.904679767873322 ], [ 105.898863622402416, 20.90449907523249 ], [ 105.898671328833728, 20.904500086672311 ], [ 105.898670252577787, 20.904319394018074 ], [ 105.898477959227861, 20.904320405232021 ], [ 105.898475807210772, 20.903959019892849 ], [ 105.898283514309824, 20.903960030871389 ], [ 105.898282438548677, 20.90377933818646 ], [ 105.898090145866476, 20.903780348939133 ], [ 105.898089070346998, 20.9035996562408 ], [ 105.897896777883545, 20.903600666767609 ], [ 105.897894627339369, 20.903239281340266 ], [ 105.89770233532488, 20.903240291631686 ], [ 105.897701260300167, 20.903059598902679 ], [ 105.897508968504411, 20.903060608968254 ], [ 105.897507893721354, 20.902879916225849 ], [ 105.897315602144346, 20.902880926065578 ], [ 105.897313453072968, 20.902519540550095 ], [ 105.897121161944909, 20.902520550154453 ], [ 105.897120087656575, 20.902339857381389 ], [ 105.896927796747264, 20.902340866759911 ], [ 105.896925648665288, 20.901979481183108 ], [ 105.896733358204912, 20.901980490326281 ], [ 105.896732284411272, 20.90179979752256 ], [ 105.896539994169629, 20.901800806439905 ], [ 105.896536773547908, 20.901258727976948 ], [ 105.896344483985359, 20.90125973664944 ], [ 105.896342337421729, 20.900898350969094 ], [ 105.896150048308087, 20.900899359406257 ], [ 105.896146829238887, 20.900357280828164 ], [ 105.895954540804325, 20.900358289020492 ], [ 105.895951322528489, 20.899816210379036 ], [ 105.895759034772965, 20.899817218326547 ], [ 105.895755817290421, 20.899275139621729 ], [ 105.895563530213934, 20.899276147324439 ], [ 105.895557096938191, 20.898191989753268 ], [ 105.895364811231119, 20.898192997182665 ], [ 105.895356236010755, 20.89674745346171 ], [ 105.89554851987684, 20.896746446108359 ], [ 105.895543159584719, 20.895842981204531 ], [ 105.895735442288839, 20.895841973682469 ], [ 105.895732225560337, 20.895299894722271 ], [ 105.895924507562739, 20.895298887012498 ], [ 105.89592129024679, 20.89475680804599 ], [ 105.896113571547488, 20.89475580014852 ], [ 105.896110353644119, 20.894213721175735 ], [ 105.896302634243142, 20.894212713090571 ], [ 105.896300488571228, 20.893851327108401 ], [ 105.896492768698664, 20.893850318826054 ], [ 105.896491695649786, 20.893669625838672 ], [ 105.896683975535723, 20.893668617349626 ], [ 105.896682902268196, 20.8934879243679 ], [ 105.89687518191262, 20.893486915672156 ], [ 105.896874108426474, 20.893306222696083 ], [ 105.897066387829398, 20.893305213793642 ], [ 105.897064240431277, 20.892943827848928 ], [ 105.897256519362628, 20.892942818749326 ], [ 105.897255445450668, 20.892762125780692 ], [ 105.89744772414052, 20.892761116474411 ], [ 105.89744665000994, 20.892580423511426 ], [ 105.897831206895205, 20.892578404269322 ], [ 105.89783013231596, 20.892397711321525 ], [ 105.898022410511345, 20.892396701385696 ], [ 105.898021335713509, 20.892216008443569 ], [ 105.898213613667394, 20.892214998301075 ], [ 105.898212538650952, 20.892034305364604 ], [ 105.898597094064272, 20.892032284450103 ], [ 105.898596018599179, 20.891851591528841 ], [ 105.898788296058612, 20.891850580756838 ], [ 105.898787220374942, 20.891669887841235 ], [ 105.899171774799299, 20.891667865667735 ], [ 105.899170698667007, 20.891487172767356 ], [ 105.899555252585415, 20.891485149748181 ], [ 105.899554176004514, 20.891304456863033 ], [ 105.899938729416959, 20.891302432998209 ], [ 105.89993765238745, 20.89112174012828 ], [ 105.900322205293904, 20.891119715417819 ], [ 105.900321127815801, 20.890939022563135 ], [ 105.900705680216277, 20.890936997007049 ], [ 105.900704602289593, 20.89075630416761 ], [ 105.901089154184049, 20.890754277765929 ], [ 105.901088075808786, 20.890573584941752 ], [ 105.901472627197222, 20.890571557694475 ], [ 105.901471548373394, 20.890390864885564 ], [ 105.901856099255781, 20.890388836792717 ], [ 105.901855019983415, 20.890208143999075 ], [ 105.902239570359768, 20.890206115060675 ], [ 105.902238490638851, 20.89002542228231 ], [ 105.902623040509113, 20.890023392498378 ], [ 105.902621960339673, 20.889842699735308 ], [ 105.903006509703857, 20.889840669105848 ], [ 105.90300542908588, 20.889659976358072 ], [ 105.903582252355761, 20.889656928821385 ], [ 105.903581171059258, 20.889476236098506 ], [ 105.903965719388196, 20.889474203345724 ], [ 105.903964637643185, 20.889293510638169 ], [ 105.904349185466003, 20.889291477039919 ], [ 105.904348103272511, 20.889110784347686 ], [ 105.904732650589182, 20.88910874990399 ], [ 105.904731567947209, 20.888928057227087 ], [ 105.905116114757703, 20.888926021937962 ], [ 105.90511503166725, 20.888745329276404 ], [ 105.905499577971582, 20.888743293141857 ], [ 105.905498494432678, 20.88856260049565 ], [ 105.905883040230805, 20.888560563515707 ], [ 105.905881956243462, 20.888379870884854 ], [ 105.906266501535384, 20.888377833059529 ], [ 105.90626541709959, 20.888197140444042 ], [ 105.906649961885307, 20.888195101773352 ], [ 105.906648877001075, 20.888014409173248 ], [ 105.907225693402935, 20.88801134957496 ], [ 105.907224607840305, 20.887830656999856 ], [ 105.907609151590407, 20.8878286162062 ], [ 105.907608065579353, 20.88764792364649 ], [ 105.907992608823179, 20.887645882007519 ], [ 105.90799152236373, 20.887465189463207 ], [ 105.908376065101265, 20.887463146978938 ], [ 105.908374978193436, 20.887282454450048 ], [ 105.908759520424681, 20.887280411120503 ], [ 105.908758433068456, 20.887099718607022 ], [ 105.909335245638459, 20.88709665202061 ], [ 105.909334157603908, 20.886915959532207 ], [ 105.90971869879931, 20.886913914079887 ], [ 105.909717610316406, 20.886733221606928 ], [ 105.909909880666717, 20.886732198566222 ], [ 105.909908791965435, 20.88655150609905 ], [ 105.910293332171335, 20.886549459388558 ], [ 105.910292243021715, 20.88636876693684 ], [ 105.910676782721239, 20.886366719381154 ], [ 105.910675693123295, 20.886186026944891 ], [ 105.910867962725661, 20.886185002852521 ], [ 105.910866872909367, 20.886004310422063 ], [ 105.911251411619347, 20.886002261608279 ], [ 105.911250321354743, 20.885821569193293 ], [ 105.911634859558319, 20.885819519534365 ], [ 105.911633768845405, 20.885638827134851 ], [ 105.911826037699797, 20.885637801990892 ], [ 105.911824946768547, 20.885457109597176 ], [ 105.912209483982537, 20.885455058680247 ], [ 105.912208392603006, 20.885274366302028 ], [ 105.912592929310563, 20.885272314539996 ], [ 105.912591837482765, 20.885091622177281 ], [ 105.912976373683861, 20.885089569570159 ], [ 105.912975281407796, 20.884908877222948 ], [ 105.913359817102432, 20.884906823770756 ], [ 105.913358724378114, 20.884726131439066 ], [ 105.913743259566274, 20.884724077141826 ], [ 105.913742166393703, 20.884543384825658 ], [ 105.914126701075375, 20.88454132968338 ], [ 105.914125607454579, 20.884360637382745 ], [ 105.914510141629748, 20.884358581395443 ], [ 105.914509047560728, 20.88417788911034 ], [ 105.91489358122935, 20.884175832278046 ], [ 105.91489248671212, 20.883995140008498 ], [ 105.915277019874239, 20.883993082331212 ], [ 105.915275924908798, 20.883812390077221 ], [ 105.915468191242411, 20.883811360924142 ], [ 105.915467096058705, 20.883630668675998 ], [ 105.915851628231039, 20.883628609740981 ], [ 105.915850532599165, 20.883447917508398 ], [ 105.916042798437886, 20.883446887726475 ], [ 105.916041702587762, 20.883266195499747 ], [ 105.916426233770309, 20.883264135307058 ], [ 105.916425137472004, 20.883083443095913 ], [ 105.916617402815845, 20.883082412685159 ], [ 105.916616306299304, 20.882901720479868 ], [ 105.917000836492065, 20.882899659029551 ], [ 105.91699973952737, 20.88271896683985 ], [ 105.91719200437629, 20.882717935800297 ], [ 105.917190907193358, 20.882537243616468 ], [ 105.917575436396291, 20.882535180908569 ], [ 105.917574338765249, 20.882354488740347 ], [ 105.917766603119247, 20.882353457072007 ], [ 105.917765505269983, 20.882172764909662 ], [ 105.918150033483045, 20.882170700944229 ], [ 105.91814893518567, 20.881990008797491 ], [ 105.918341199044747, 20.881988976500402 ], [ 105.91834010052915, 20.881808284359543 ], [ 105.918532364146614, 20.881807251856124 ], [ 105.918531265412838, 20.881626559721148 ], [ 105.918915792152802, 20.881624494085592 ], [ 105.91891469297093, 20.881443801966238 ], [ 105.919106956093444, 20.881442768834106 ], [ 105.919105856693392, 20.881262076720645 ], [ 105.919490382443456, 20.881260009827681 ], [ 105.919489282595322, 20.881079317729863 ], [ 105.919681545222886, 20.881078283969039 ], [ 105.919680445156587, 20.880897591877115 ], [ 105.919872707542524, 20.880896557909981 ], [ 105.919871607258045, 20.880715865823944 ], [ 105.920256131534956, 20.880713797261027 ], [ 105.920255030802437, 20.880533105190647 ], [ 105.92044729269341, 20.880532070594864 ], [ 105.920446191742741, 20.880351378530392 ], [ 105.920638453392087, 20.880350343728313 ], [ 105.920637352223267, 20.880169651669743 ], [ 105.920829613630985, 20.880168616661379 ], [ 105.920828512244043, 20.879987924608702 ], [ 105.921020773410135, 20.879986889394061 ], [ 105.921019671805041, 20.8798061973473 ], [ 105.921211932729506, 20.879805161926374 ], [ 105.92121083090629, 20.879624469885517 ], [ 105.921403091589141, 20.879623434258324 ], [ 105.921401989547775, 20.879442742223375 ], [ 105.921594249989028, 20.879441706389908 ], [ 105.921593147729538, 20.879261014360864 ], [ 105.92178540792915, 20.879259978321137 ], [ 105.921784305451553, 20.879079286298012 ], [ 105.921976565409551, 20.879078250052025 ], [ 105.921975462713831, 20.878897558034819 ], [ 105.922167722430203, 20.878896521582568 ], [ 105.922166619516389, 20.87871582957127 ], [ 105.922358878991147, 20.878714792912771 ], [ 105.922357775859211, 20.878534100907395 ], [ 105.922550035092357, 20.878533064042649 ], [ 105.922548931742327, 20.878352372043196 ], [ 105.922741190733831, 20.878351334972201 ], [ 105.922740087165721, 20.878170642978674 ], [ 105.922932345915612, 20.878169605701441 ], [ 105.922931242129394, 20.877988913713835 ], [ 105.923123500637672, 20.877987876230367 ], [ 105.923122396633374, 20.877807184248681 ], [ 105.923314654900039, 20.877806146558985 ], [ 105.923313550677662, 20.877625454583228 ], [ 105.9235058087027, 20.877624416687301 ], [ 105.923504704262243, 20.877443724717487 ], [ 105.923696962045668, 20.877442686615332 ], [ 105.923695857387145, 20.877261994651445 ], [ 105.923888114928943, 20.877260956343068 ], [ 105.923887010052354, 20.877080264385121 ], [ 105.924079267352539, 20.877079225870531 ], [ 105.924078162257885, 20.876898533918521 ], [ 105.924270419316443, 20.876897495197717 ], [ 105.924269314003752, 20.876716803251647 ], [ 105.924653827625846, 20.876714725181611 ], [ 105.924652721865257, 20.876534033251289 ], [ 105.92503723498055, 20.876531954336819 ], [ 105.925036128772092, 20.876351262422265 ], [ 105.925805153941795, 20.876347102040445 ], [ 105.925804046825817, 20.876166410161304 ], [ 105.926765326873237, 20.876161204872922 ], [ 105.926764218619937, 20.875980513039071 ], [ 105.927533241525936, 20.875976344959547 ], [ 105.927532132365158, 20.875795653161191 ], [ 105.928108898731026, 20.875792524863012 ], [ 105.928107788892618, 20.875611833090328 ], [ 105.928684554462563, 20.875608702877667 ], [ 105.928683443946525, 20.875428011130669 ], [ 105.92906795380766, 20.875425923261933 ], [ 105.929066842843838, 20.875245231530783 ], [ 105.929259097526824, 20.87524418728227 ], [ 105.929257986345036, 20.875063495557114 ], [ 105.929642495215845, 20.875061406431829 ], [ 105.929641383586272, 20.87488071472254 ], [ 105.930025891950066, 20.874878624753002 ], [ 105.930024779872738, 20.874697933059572 ], [ 105.930409287729489, 20.87469584224581 ], [ 105.93040817520442, 20.87451515056825 ], [ 105.930600428885199, 20.874514104847258 ], [ 105.930599316142164, 20.874333413175709 ], [ 105.930791569581288, 20.874332367248602 ], [ 105.930790456620329, 20.874151675583065 ], [ 105.931174963003372, 20.874149583100646 ], [ 105.931173849594671, 20.873968891451003 ], [ 105.931366102538604, 20.873967844895699 ], [ 105.93136498891198, 20.873787153252064 ], [ 105.931557241614229, 20.873786106490655 ], [ 105.93155612776971, 20.873605414853039 ], [ 105.931748380230289, 20.873604367885552 ], [ 105.931747266167847, 20.87342367625395 ], [ 105.931939518386756, 20.873422629080363 ], [ 105.931938404106404, 20.873241937454782 ], [ 105.932130656083658, 20.873240890075113 ], [ 105.932128427099016, 20.872879506832128 ], [ 105.932320678604825, 20.87287845925627 ], [ 105.932319563900549, 20.872697767638869 ], [ 105.932511815164702, 20.872696719856933 ], [ 105.932510700242517, 20.872516028245556 ], [ 105.932702951265, 20.872514980257556 ], [ 105.932700720996777, 20.872153597042988 ], [ 105.932892971547815, 20.872152548858814 ], [ 105.932890740867606, 20.87179116564857 ], [ 105.933082990947227, 20.871790117268233 ], [ 105.933080759855059, 20.871428734062317 ], [ 105.933273009463264, 20.87142768548583 ], [ 105.933270777959166, 20.871066302284241 ], [ 105.933463027095939, 20.87106525351162 ], [ 105.933460795179911, 20.870703870314355 ], [ 105.933653043845283, 20.870702821345603 ], [ 105.933650811517367, 20.870341438152675 ], [ 105.93384305971135, 20.870340388987788 ], [ 105.933840826971519, 20.869979005799205 ], [ 105.934033074694128, 20.869977956438206 ], [ 105.934030841542452, 20.869616573253968 ], [ 105.934223088793658, 20.869615523696851 ], [ 105.934220855230137, 20.869254140516965 ], [ 105.93441310200997, 20.869253090763756 ], [ 105.934410868034618, 20.868891707588212 ], [ 105.934603114343091, 20.868890657638904 ], [ 105.934600879955937, 20.868529274467729 ], [ 105.934793125793036, 20.86852822432234 ], [ 105.934790890994094, 20.868166841155517 ], [ 105.934983136359861, 20.868165790814043 ], [ 105.934980901149132, 20.867804407651587 ], [ 105.935173146043553, 20.867803357114049 ], [ 105.935170910421093, 20.86744197395597 ], [ 105.935363154844168, 20.867440923222372 ], [ 105.935360918809977, 20.867079540068659 ], [ 105.935553162761735, 20.867078489139004 ], [ 105.935550926315827, 20.866717105989679 ], [ 105.935743169796254, 20.866716054863982 ], [ 105.935738696128766, 20.865993288558602 ], [ 105.93593093867851, 20.86599223725673 ], [ 105.935926464283114, 20.865269470929164 ], [ 105.936118705902203, 20.865268419451137 ], [ 105.936111993288918, 20.864184269903316 ], [ 105.936304233518072, 20.864183218269019 ], [ 105.93628297537964, 20.860750077304122 ], [ 105.936090739513631, 20.860751128749644 ], [ 105.936078436664658, 20.858763520074959 ], [ 105.93588620331235, 20.85876457119538 ], [ 105.935876140484766, 20.857138345478543 ], [ 105.935683909186693, 20.857139396293771 ], [ 105.935678320292126, 20.856235937377154 ], [ 105.935486090129956, 20.856236987926941 ], [ 105.935482737624909, 20.855694912500773 ], [ 105.93529050813946, 20.855695962804997 ], [ 105.935286039217814, 20.854973195476251 ], [ 105.93509381063862, 20.854974245525003 ], [ 105.935091576708359, 20.854612861817571 ], [ 105.934899348576323, 20.854613911630711 ], [ 105.934895998458884, 20.854071836010789 ], [ 105.934703771003512, 20.854072885578407 ], [ 105.934701538110488, 20.85371150179262 ], [ 105.934509311102261, 20.853712551124634 ], [ 105.93450707871591, 20.853351167303536 ], [ 105.934314852154799, 20.853352216399966 ], [ 105.934311504353118, 20.852810140609563 ], [ 105.934119278468643, 20.852811189460507 ], [ 105.934118162788067, 20.852630497512724 ], [ 105.933925937121188, 20.852631546138007 ], [ 105.933923706254745, 20.852270162211017 ], [ 105.933731481034968, 20.852271210600744 ], [ 105.933729250675128, 20.851909826638458 ], [ 105.933537025902453, 20.851910874792626 ], [ 105.933534796049173, 20.851549490795058 ], [ 105.9333425717236, 20.851550538713688 ], [ 105.933341457044293, 20.8513698466992 ], [ 105.933149232936316, 20.85137089439219 ], [ 105.933147004072353, 20.851009510331806 ], [ 105.932954780411464, 20.851010557789269 ], [ 105.932953666226794, 20.850829865743368 ], [ 105.932761442783487, 20.850830912975205 ], [ 105.932760328840189, 20.850650220915544 ], [ 105.932568105614493, 20.850651267921755 ], [ 105.932566991912552, 20.850470575848334 ], [ 105.932374768904452, 20.850471622628934 ], [ 105.932372541995164, 20.850110238450689 ], [ 105.931988096861218, 20.850112331325157 ], [ 105.931986983883334, 20.84993163921045 ], [ 105.931794761528025, 20.849932685314229 ], [ 105.931793648791484, 20.84975199318577 ], [ 105.931409204504178, 20.84975408472641 ], [ 105.931408092238442, 20.849573392574314 ], [ 105.931023648362611, 20.849575483232343 ], [ 105.931022536567681, 20.849394791056614 ], [ 105.930638093103326, 20.849396880832053 ], [ 105.930636981779159, 20.849216188632703 ], [ 105.930252538726307, 20.849218277525573 ], [ 105.930251427872918, 20.849037585302611 ], [ 105.929674763893146, 20.849040716994523 ], [ 105.929673653739982, 20.84886002473807 ], [ 105.929289211486491, 20.848862111434439 ], [ 105.929288101804076, 20.848681419154413 ], [ 105.928903659962131, 20.848683504968253 ], [ 105.92890255075045, 20.848502812664638 ], [ 105.92851810932008, 20.848504897595973 ], [ 105.928517000579149, 20.848324205268781 ], [ 105.928132559560368, 20.848326289317622 ], [ 105.928131451290142, 20.848145596966866 ], [ 105.927747010682964, 20.848147680133231 ], [ 105.927745902883444, 20.847966987758909 ], [ 105.92736146268787, 20.847969070042822 ], [ 105.927360355359085, 20.847788377644946 ], [ 105.926975915575127, 20.847790459046418 ], [ 105.926974808717034, 20.847609766624998 ], [ 105.926590369344723, 20.847611847144034 ], [ 105.926589262957322, 20.847431154699091 ], [ 105.926204823996656, 20.847433234335714 ], [ 105.926203718079918, 20.847252541867238 ], [ 105.925819279530955, 20.847254620621467 ], [ 105.925818174084895, 20.847073928129468 ], [ 105.925433735947607, 20.847076006001323 ], [ 105.925432630972196, 20.846895313485817 ], [ 105.92504819324661, 20.846897390475306 ], [ 105.925047088741849, 20.846716697936291 ], [ 105.924662651427994, 20.846718774043428 ], [ 105.924661547393868, 20.846538081480933 ], [ 105.924277110491744, 20.846540156705743 ], [ 105.924276006928224, 20.84635946411975 ], [ 105.923699352175021, 20.846362575309975 ], [ 105.923698249311556, 20.846181882690708 ], [ 105.923313813209418, 20.846183955719557 ], [ 105.92331271081656, 20.84600326307682 ], [ 105.92292827512621, 20.846005335223392 ], [ 105.922927173203959, 20.845824642557204 ], [ 105.922734955570562, 20.845825678297189 ], [ 105.922733853889483, 20.845644985617341 ], [ 105.922349419046256, 20.845647056430728 ], [ 105.922348317835755, 20.845466363727432 ], [ 105.921963883404359, 20.845468433658585 ], [ 105.921962782664437, 20.845287740931855 ], [ 105.921770565660523, 20.84528877556415 ], [ 105.921769465161745, 20.845108082823774 ], [ 105.921385031577515, 20.845110151421821 ], [ 105.9213839315493, 20.844929458658022 ], [ 105.921191714968984, 20.844930492623782 ], [ 105.921190615181899, 20.844749799846333 ], [ 105.920806182444878, 20.844751867111331 ], [ 105.920805083128329, 20.844571174310474 ], [ 105.920612866971624, 20.844572207609716 ], [ 105.920611767896204, 20.844391514795227 ], [ 105.92022733600642, 20.844393580727214 ], [ 105.920226237401522, 20.844212887889331 ], [ 105.920034021668428, 20.84421392052208 ], [ 105.920032923304646, 20.844033227670561 ], [ 105.919840707789234, 20.844034260077898 ], [ 105.919839609666553, 20.843853567212761 ], [ 105.919455179059369, 20.843855631360967 ], [ 105.919454081407196, 20.843674938472443 ], [ 105.919261866315424, 20.843675970213326 ], [ 105.919260768904351, 20.843495277311181 ], [ 105.918876339144433, 20.843497340126497 ], [ 105.918875242203853, 20.843316647200986 ], [ 105.918683027535721, 20.843317678275433 ], [ 105.918681930836215, 20.843136985336308 ], [ 105.918489716385764, 20.843138016185364 ], [ 105.918488619927331, 20.842957323232625 ], [ 105.918104191450098, 20.842959384264329 ], [ 105.918103095462129, 20.842778691288238 ], [ 105.917910881435347, 20.842779721470897 ], [ 105.917909785688451, 20.842599028481203 ], [ 105.917717571879336, 20.842600058438485 ], [ 105.917716476373499, 20.842419365435187 ], [ 105.917332049178981, 20.84242142468338 ], [ 105.917330954143566, 20.842240731656744 ], [ 105.917138740758148, 20.842241760947665 ], [ 105.917137645963805, 20.842061067907423 ], [ 105.916945432796055, 20.842062096972981 ], [ 105.916944338242757, 20.84188140391916 ], [ 105.916752125292703, 20.841882432759363 ], [ 105.916751030980436, 20.841701739691942 ], [ 105.916558818248078, 20.841702768306789 ], [ 105.916557724176855, 20.841522075225782 ], [ 105.916365511662178, 20.841523103615284 ], [ 105.916364417831986, 20.841342410520685 ], [ 105.916172205534991, 20.841343438684831 ], [ 105.916171111945829, 20.84116274557665 ], [ 105.915978899866531, 20.841163773515465 ], [ 105.915976713181919, 20.84080238726807 ], [ 105.915784501549638, 20.840803414971827 ], [ 105.915782315370393, 20.840442028689537 ], [ 105.915590104185156, 20.84044305615825 ], [ 105.915589011342377, 20.8402623630016 ], [ 105.915396800374822, 20.840263390244985 ], [ 105.915394615182905, 20.839902003900658 ], [ 105.915202404662381, 20.83990303090901 ], [ 105.915200219975787, 20.839541644529803 ], [ 105.915008009902266, 20.839542671303136 ], [ 105.915006917805783, 20.839361978098026 ], [ 105.914814707949958, 20.839363004646049 ], [ 105.914812524250607, 20.839001618204826 ], [ 105.91462031484177, 20.839002644517844 ], [ 105.9146181316477, 20.838641258041758 ], [ 105.914425922685851, 20.838642284119771 ], [ 105.914423739996991, 20.838280897608822 ], [ 105.914231531482159, 20.838281923451841 ], [ 105.914228258224171, 20.837739843627343 ], [ 105.914036050385619, 20.837740869225676 ], [ 105.914033868730471, 20.837379482637292 ], [ 105.913841661338878, 20.837380508000656 ], [ 105.913839480188898, 20.837019121377434 ], [ 105.913647273244266, 20.837020146505829 ], [ 105.91364400229449, 20.836478066512932 ], [ 105.913451796026123, 20.836479091396679 ], [ 105.913449615909684, 20.836117704696051 ], [ 105.913257410088264, 20.836118729344843 ], [ 105.913255230476921, 20.83575734260938 ], [ 105.913063025102446, 20.835758367023235 ], [ 105.913059756460513, 20.835216286862003 ], [ 105.912867551762233, 20.83521731103124 ], [ 105.912864283912796, 20.834675230806187 ], [ 105.912672079890697, 20.834676254730816 ], [ 105.912668812833672, 20.834134174441957 ], [ 105.912476609487754, 20.834135198121992 ], [ 105.912473343223112, 20.833593117769318 ], [ 105.912281140553347, 20.83359414120477 ], [ 105.912277875081045, 20.833052060788301 ], [ 105.912085673087404, 20.833053083979181 ], [ 105.912082408407386, 20.832511003498919 ], [ 105.911890207089854, 20.832512026445244 ], [ 105.911886943202077, 20.831969945901196 ], [ 105.911694742560655, 20.831970968602974 ], [ 105.911690391789776, 20.831248194451486 ], [ 105.911498192053642, 20.83124921689906 ], [ 105.911494929785036, 20.830707136215882 ], [ 105.911302730724955, 20.830708158418936 ], [ 105.911299469248462, 20.830166077671993 ], [ 105.911107270864392, 20.830167099630543 ], [ 105.911101836448339, 20.82926363159341 ], [ 105.910909639198678, 20.829264653288131 ], [ 105.910866183477424, 20.822036905129867 ], [ 105.911058371561253, 20.822035883821783 ], [ 105.911046421971179, 20.820048252101817 ], [ 105.911238607523487, 20.820047230684679 ], [ 105.91123426164971, 20.819324455436661 ], [ 105.911426446274149, 20.819323433842815 ], [ 105.911423186303466, 20.818781352395288 ], [ 105.911615370229143, 20.81878033061508 ], [ 105.911611022847822, 20.818057555336367 ], [ 105.911803205845686, 20.818056533379483 ], [ 105.91179994474443, 20.817514451908945 ], [ 105.911992127043575, 20.817513429765736 ], [ 105.911987778154966, 20.816790654456355 ], [ 105.91217995952637, 20.816789632136501 ], [ 105.912175609907436, 20.816066856804074 ], [ 105.912367790351141, 20.816065834307597 ], [ 105.912364527571839, 20.8155237527968 ], [ 105.912556707316895, 20.815522730114026 ], [ 105.912553443955105, 20.814980648597547 ], [ 105.912745623001527, 20.81497962572849 ], [ 105.912741271099122, 20.814256850357882 ], [ 105.912933449217945, 20.814255827312252 ], [ 105.912930184726164, 20.813713745772827 ], [ 105.91312236214641, 20.813712722540945 ], [ 105.913119097072297, 20.813170640995853 ], [ 105.913311273793965, 20.813169617577728 ], [ 105.913308008137548, 20.812627536026977 ], [ 105.913500184160668, 20.812626512422618 ], [ 105.913496917921989, 20.812084430866204 ], [ 105.913689093246589, 20.81208340707563 ], [ 105.913685826425677, 20.811541325513577 ], [ 105.913878001051771, 20.811540301536798 ], [ 105.913874733648683, 20.8109982199691 ], [ 105.914066907576299, 20.810997195806131 ], [ 105.914063639591078, 20.810455114232791 ], [ 105.914255812820215, 20.810454089883638 ], [ 105.914252544252903, 20.809912008304675 ], [ 105.914444716783592, 20.809910983769349 ], [ 105.914441447634218, 20.809368902184762 ], [ 105.914633619466514, 20.809367877463288 ], [ 105.91463034973512, 20.808825795873073 ], [ 105.914822520868995, 20.808824770965455 ], [ 105.914819250555652, 20.808282689369641 ], [ 105.915011420991135, 20.808281664275885 ], [ 105.915008150095858, 20.807739582674465 ], [ 105.915200319832977, 20.80773855739459 ], [ 105.915197048355822, 20.80719647578757 ], [ 105.915389217394605, 20.807195450321586 ], [ 105.915387036010287, 20.8068340625837 ], [ 105.915579204579643, 20.806833036921908 ], [ 105.915575931903888, 20.806290955315294 ], [ 105.915768099774908, 20.806289929467411 ], [ 105.915764826517389, 20.805747847855212 ], [ 105.915956993690145, 20.805746821821259 ], [ 105.915954811118979, 20.805385434079938 ], [ 105.916146977822336, 20.805384407850205 ], [ 105.91614370336643, 20.804842326238436 ], [ 105.916335869371508, 20.804841299822652 ], [ 105.916332594333966, 20.80429921820533 ], [ 105.916524759640822, 20.804298191603507 ], [ 105.916522575883064, 20.803936803858779 ], [ 105.916714740720536, 20.803935777061202 ], [ 105.916711464484848, 20.803393695444353 ], [ 105.916903628624098, 20.803392668460756 ], [ 105.916900351806888, 20.802850586838371 ], [ 105.917092515247973, 20.802849559668772 ], [ 105.917089237849282, 20.802307478040845 ], [ 105.917281400592174, 20.802306450685254 ], [ 105.917279215260436, 20.801945062933481 ], [ 105.917471377534, 20.801944035382174 ], [ 105.917468098937462, 20.801401953754766 ], [ 105.917660260512903, 20.801400926017489 ], [ 105.917658074382629, 20.801039538266078 ], [ 105.917850235488757, 20.801038510333097 ], [ 105.917848048947576, 20.800677122585725 ], [ 105.918040209584419, 20.800676094457064 ], [ 105.918036929173837, 20.800134012836292 ], [ 105.918229089112586, 20.800132984521685 ], [ 105.918226901773025, 20.799771596774697 ], [ 105.918419061242489, 20.799770568264424 ], [ 105.918416873492092, 20.79940918052149 ], [ 105.918609032492284, 20.799408151815559 ], [ 105.918605750267972, 20.798866070201456 ], [ 105.918797908570127, 20.798865041309622 ], [ 105.918795720021464, 20.798503653567089 ], [ 105.918987877854363, 20.798502624479614 ], [ 105.918985688894935, 20.798141236741149 ], [ 105.919177846258592, 20.798140207458037 ], [ 105.919175656888399, 20.79777881972365 ], [ 105.919367813782813, 20.797777790244904 ], [ 105.919365624001884, 20.797416402514592 ], [ 105.919557780427084, 20.797415372840234 ], [ 105.919555590235419, 20.797053985114001 ], [ 105.919747746191405, 20.797052955244027 ], [ 105.919746650884363, 20.79687226138488 ], [ 105.919938806599887, 20.796871231309556 ], [ 105.919936615563415, 20.796509843599207 ], [ 105.920128770809725, 20.796508813328277 ], [ 105.920126579362574, 20.796147425622021 ], [ 105.920318734139684, 20.796146395155507 ], [ 105.920317638204949, 20.795965701306358 ], [ 105.920509792741612, 20.795964670634497 ], [ 105.920507600449753, 20.795603282944157 ], [ 105.920699754517216, 20.795602252076723 ], [ 105.920697561814734, 20.795240864390486 ], [ 105.92088971541304, 20.795239833327486 ], [ 105.92088861885064, 20.795059139488345 ], [ 105.92108077220847, 20.795058108220026 ], [ 105.92107857866138, 20.794696720549723 ], [ 105.921270731550038, 20.794695689085842 ], [ 105.921269634565363, 20.79451499525468 ], [ 105.921461787213573, 20.79451396358548 ], [ 105.921459592821918, 20.794152575931125 ], [ 105.921651745000972, 20.794151544066391 ], [ 105.921649550198794, 20.793790156416165 ], [ 105.921841701908676, 20.793789124355907 ], [ 105.921840604296477, 20.793608430534793 ], [ 105.922032755765926, 20.79360739826922 ], [ 105.922030560119282, 20.793246010634977 ], [ 105.922222711119588, 20.793244978173895 ], [ 105.922221613085156, 20.793064284360767 ], [ 105.922413763845029, 20.793063251694402 ], [ 105.922412665593626, 20.7928825578872 ], [ 105.922604816113065, 20.792881525015549 ], [ 105.922602619188083, 20.792520137409142 ], [ 105.922794769238394, 20.792519104341988 ], [ 105.922793670564801, 20.792338410542801 ], [ 105.922985820374677, 20.792337377270371 ], [ 105.922984721484141, 20.792156683477106 ], [ 105.92317687105357, 20.792155649999412 ], [ 105.923174672850379, 20.791794262420893 ], [ 105.923366821950694, 20.791793228747721 ], [ 105.923365722638025, 20.791612534962479 ], [ 105.923557871497906, 20.791611501084045 ], [ 105.923556771968308, 20.791430807304735 ], [ 105.923748920587755, 20.791429773221044 ], [ 105.923747820841243, 20.791249079447674 ], [ 105.923939969220257, 20.791248045158735 ], [ 105.923938869256801, 20.791067351391302 ], [ 105.924131017395396, 20.791066316897105 ], [ 105.924129917215026, 20.790885623135633 ], [ 105.924322065113188, 20.790884588436189 ], [ 105.924320964715903, 20.790703894680661 ], [ 105.924513112373631, 20.79070285977598 ], [ 105.924512011759433, 20.790522166026395 ], [ 105.924704159176727, 20.790521130916474 ], [ 105.924703058345628, 20.790340437172844 ], [ 105.924895205522503, 20.790339401857693 ], [ 105.924894104474504, 20.790158708120018 ], [ 105.925086251410931, 20.79015767259963 ], [ 105.92508515014606, 20.789976978867919 ], [ 105.925277296842069, 20.789975943142306 ], [ 105.925276195360283, 20.789795249416546 ], [ 105.925468341815858, 20.78979421348571 ], [ 105.9254672401172, 20.789613519765911 ], [ 105.925659386332327, 20.789612483629867 ], [ 105.925658284416798, 20.789431789916026 ], [ 105.925850430391506, 20.789430753574763 ], [ 105.92584932825909, 20.789250059866891 ], [ 105.926041473993379, 20.789249023320419 ], [ 105.926040371644106, 20.789068329618512 ], [ 105.926232517137947, 20.789067292866836 ], [ 105.926231414571802, 20.788886599170894 ], [ 105.926423559825224, 20.788885562214023 ], [ 105.926422457042221, 20.788704868524047 ], [ 105.92661460205521, 20.788703831361975 ], [ 105.926613499055364, 20.788523137677974 ], [ 105.926805643827919, 20.788522100310715 ], [ 105.926804540611201, 20.788341406632689 ], [ 105.926996685143337, 20.788340369060236 ], [ 105.926995581709775, 20.788159675388183 ], [ 105.927187726001492, 20.78815863761055 ], [ 105.927186622351087, 20.787977943944476 ], [ 105.927378766402356, 20.787976905961653 ], [ 105.927377662535136, 20.787796212301565 ], [ 105.927761950145026, 20.787794135710573 ], [ 105.927760845832339, 20.787613442066299 ], [ 105.92795298939096, 20.787612403458123 ], [ 105.927951884861429, 20.787431709819842 ], [ 105.928144028179631, 20.787430671006504 ], [ 105.928142923433285, 20.787249977374206 ], [ 105.928335066511039, 20.78724893835571 ], [ 105.928333961547892, 20.787068244729397 ], [ 105.928718247210739, 20.787066166067078 ], [ 105.928717141802153, 20.786885472456614 ], [ 105.9291014269605, 20.786883392953985 ], [ 105.929100321106517, 20.786702699359374 ], [ 105.929292463439339, 20.786701659295414 ], [ 105.929291357368555, 20.786520965706803 ], [ 105.930059925667166, 20.786516803340412 ], [ 105.930058818693752, 20.786336109787385 ], [ 105.930443102314854, 20.78633402733394 ], [ 105.930441994896071, 20.786153333796797 ], [ 105.930826278012617, 20.786151250503114 ], [ 105.930825170148452, 20.785970556981859 ], [ 105.931401594048623, 20.78596743045852 ], [ 105.931400485510508, 20.78578673696304 ], [ 105.931784767594166, 20.785784651558959 ], [ 105.931783658610698, 20.785603958079381 ], [ 105.932360080961502, 20.785600828390496 ], [ 105.932358971304083, 20.785420134936732 ], [ 105.932743252354783, 20.785418047422329 ], [ 105.932742142252039, 20.785237353984488 ], [ 105.933318563053319, 20.785234221130185 ], [ 105.933317452276654, 20.785053527718183 ], [ 105.93389387228531, 20.785050392958762 ], [ 105.933892760834752, 20.78486969957261 ], [ 105.934469180050712, 20.784866562908093 ], [ 105.934468067926275, 20.784685869547815 ], [ 105.935044486349497, 20.784682730978243 ], [ 105.935043373551181, 20.784502037643851 ], [ 105.935619791181594, 20.784498897169264 ], [ 105.935618677709442, 20.784318203860785 ], [ 105.936195094546974, 20.784315061481216 ], [ 105.936193980400986, 20.784134368198664 ], [ 105.936770396445624, 20.784131223914162 ], [ 105.936769281625814, 20.783950530657549 ], [ 105.937345696877472, 20.783947384468146 ], [ 105.937344581383854, 20.783766691237499 ], [ 105.938113133971484, 20.783762493348547 ], [ 105.938112017575506, 20.783581800153829 ], [ 105.939072706898671, 20.783576548005719 ], [ 105.939071589371792, 20.783395854856924 ], [ 105.940032277253465, 20.783390597384596 ], [ 105.940031158595701, 20.783209904281769 ], [ 105.941183982287711, 20.783203588281161 ], [ 105.941182862270509, 20.78302289523435 ], [ 105.942335684160142, 20.783016571555205 ], [ 105.942334562783557, 20.782835878564477 ], [ 105.943679519509445, 20.782828491228372 ], [ 105.943678396544939, 20.782647798303802 ], [ 105.945407623699651, 20.782638284913819 ], [ 105.94540649869019, 20.782457592075573 ], [ 105.946943586848249, 20.782449121192599 ], [ 105.946942460022385, 20.782268428430772 ], [ 105.948287409928511, 20.782261005193785 ], [ 105.948286281514839, 20.782080312498472 ], [ 105.949439093878411, 20.782073941401432 ], [ 105.949437964105542, 20.78189324876265 ], [ 105.950398639600351, 20.781887933654566 ], [ 105.950397508696852, 20.78170724106231 ], [ 105.951358182746716, 20.78170192063115 ], [ 105.951357050712602, 20.781521228085463 ], [ 105.95231772331725, 20.781515902331321 ], [ 105.952316590152549, 20.781335209832257 ], [ 105.953469395507142, 20.781328811895058 ], [ 105.953468260983357, 20.781148119452784 ], [ 105.954428930635999, 20.781142781978375 ], [ 105.954427794981683, 20.780962089582832 ], [ 105.955004195942024, 20.780958884549392 ], [ 105.955003059614256, 20.780778192180374 ], [ 105.955771593143851, 20.780773915833986 ], [ 105.955770455914134, 20.780593223501644 ], [ 105.9563468552481, 20.780590014015541 ], [ 105.956345717344973, 20.780409321709772 ], [ 105.957114248705864, 20.780405039426622 ], [ 105.957113109900803, 20.780224347157581 ], [ 105.957689507608094, 20.780221133219001 ], [ 105.957688368129666, 20.780040440976567 ], [ 105.958264765041775, 20.78003722513419 ], [ 105.95826362488998, 20.779856532918384 ], [ 105.95884002100685, 20.779853315172254 ], [ 105.958838880181688, 20.779672622983089 ], [ 105.959415275503247, 20.779669403333234 ], [ 105.959414134004774, 20.779488711170728 ], [ 105.95999052853098, 20.779485489617194 ], [ 105.959989386359155, 20.779304797481373 ], [ 105.960373648858578, 20.77930264872483 ], [ 105.960372506241967, 20.779121956605522 ], [ 105.960756768235498, 20.779119807009717 ], [ 105.960755625174116, 20.778939114906933 ], [ 105.961139886661769, 20.778936964471889 ], [ 105.961138743155587, 20.778756272385618 ], [ 105.961523004137348, 20.778754121111348 ], [ 105.961521860186394, 20.778573429041614 ], [ 105.961906120662235, 20.77857127692814 ], [ 105.961904976266538, 20.778390584874955 ], [ 105.962289236236458, 20.778388431922288 ], [ 105.96228809139599, 20.778207739885655 ], [ 105.962480221134101, 20.77820666309718 ], [ 105.9624790760774, 20.778025971066889 ], [ 105.962671205574765, 20.778024894073727 ], [ 105.962670060301832, 20.777844202049788 ], [ 105.963054318802861, 20.777842047439211 ], [ 105.963053173085186, 20.777661355431846 ], [ 105.963245302088865, 20.777660277814437 ], [ 105.963244156154943, 20.777479585813428 ], [ 105.963436284917876, 20.777478507991347 ], [ 105.963435138767736, 20.777297815996686 ], [ 105.963627267289937, 20.777296737969941 ], [ 105.963626120923578, 20.77711604598165 ], [ 105.963818249205048, 20.777114967750236 ], [ 105.963817102622471, 20.776934275768308 ], [ 105.964009230663194, 20.77693319733223 ], [ 105.9640080838644, 20.776752505356665 ], [ 105.964200211664419, 20.776751426715943 ], [ 105.964199064649407, 20.776570734746745 ], [ 105.96439119220868, 20.776569655901362 ], [ 105.964390044977478, 20.776388963938537 ], [ 105.964582172296005, 20.776387884888514 ], [ 105.964581024848599, 20.776207192932052 ], [ 105.964773151926408, 20.776206113677386 ], [ 105.964772004262812, 20.776025421727301 ], [ 105.964964131099876, 20.776024342267991 ], [ 105.964962983220104, 20.775843650324283 ], [ 105.965155109816436, 20.775842570660341 ], [ 105.965153961720461, 20.77566187872301 ], [ 105.96534608807606, 20.775660798854439 ], [ 105.965343791464036, 20.77529941498867 ], [ 105.965535917350465, 20.775298334925708 ], [ 105.965534768834416, 20.775117642997284 ], [ 105.965726894480127, 20.775116562729703 ], [ 105.965725745747903, 20.774935870807656 ], [ 105.965917871152868, 20.774934790335461 ], [ 105.965916722204483, 20.774754098419798 ], [ 105.96610884736873, 20.774753017742995 ], [ 105.966106549051943, 20.774391633920573 ], [ 105.966298673747019, 20.774390553049408 ], [ 105.966297524378618, 20.774209861142669 ], [ 105.966489648832962, 20.774208780066896 ], [ 105.966487349676157, 20.773847396262322 ], [ 105.966679473661358, 20.773846314992209 ], [ 105.966678323872969, 20.773665623094384 ], [ 105.966870447617424, 20.773664541619681 ], [ 105.966868147620687, 20.77330315783297 ], [ 105.967060270895985, 20.773302076163933 ], [ 105.967057970491581, 20.772940692382296 ], [ 105.967250093297764, 20.772939610518939 ], [ 105.967247792485708, 20.772578226742386 ], [ 105.967439914822748, 20.772577144684707 ], [ 105.967437613603082, 20.772215760913237 ], [ 105.967629735471007, 20.77221467866126 ], [ 105.967627433843745, 20.771853294894875 ], [ 105.967819555242542, 20.771852212448596 ], [ 105.967817253207684, 20.771490828687302 ], [ 105.968009374137395, 20.771489746046733 ], [ 105.968005920492232, 20.770947670406652 ], [ 105.968198040724431, 20.770946587582074 ], [ 105.968195737899109, 20.770585203823259 ], [ 105.968387857662208, 20.770584120804401 ], [ 105.968384402831404, 20.770042045168054 ], [ 105.968576521897063, 20.770040961965204 ], [ 105.968547730241525, 20.765523663901902 ], [ 105.968355616884594, 20.765524746847948 ], [ 105.96834410466063, 20.763717826844708 ], [ 105.968151993574438, 20.763718909473308 ], [ 105.968143937348245, 20.762454065169607 ], [ 105.967951827847727, 20.762455147511606 ], [ 105.967943773822554, 20.761190302947011 ], [ 105.967751665907599, 20.761191385002434 ], [ 105.967710262946952, 20.754686466743813 ], [ 105.967518163235468, 20.754687548215085 ], [ 105.967488276943939, 20.749989548319814 ], [ 105.967296183151788, 20.749990629309696 ], [ 105.967270906262044, 20.746015396367561 ], [ 105.967078817475382, 20.746016476917209 ], [ 105.967048958387082, 20.741318471677022 ], [ 105.967241041245146, 20.741317391394045 ], [ 105.967233002083404, 20.740052543455985 ], [ 105.967425083333296, 20.740051463030326 ], [ 105.96741704317806, 20.738786614975222 ], [ 105.967609122819908, 20.738785534406926 ], [ 105.96760108167139, 20.737520686234792 ], [ 105.967793159705309, 20.737519605523882 ], [ 105.967785117563736, 20.736254757234743 ], [ 105.967977193989825, 20.736253676381242 ], [ 105.967969150855424, 20.734988827975119 ], [ 105.968161225673825, 20.734987746979055 ], [ 105.968154330670885, 20.733903591113691 ], [ 105.967962257219867, 20.733904672048158 ], [ 105.967959959439753, 20.73354328670835 ], [ 105.967767886432213, 20.733544367407898 ], [ 105.967765589157054, 20.73318298203214 ], [ 105.967573516592992, 20.733184062496775 ], [ 105.967571219822759, 20.732822677085089 ], [ 105.967379147702161, 20.732823757314819 ], [ 105.967376851436867, 20.732462371867193 ], [ 105.96718477975972, 20.732463451862021 ], [ 105.967182483999323, 20.732102066378481 ], [ 105.966990412765639, 20.732103146138421 ], [ 105.966988117510112, 20.731741760618952 ], [ 105.96679604671985, 20.731742840144008 ], [ 105.966793751969206, 20.731381454588625 ], [ 105.966601681622393, 20.731382533878811 ], [ 105.966599387376576, 20.731021148287514 ], [ 105.966407317473184, 20.73102222734283 ], [ 105.966403876880108, 20.730480148896245 ], [ 105.966211807647994, 20.730481227706459 ], [ 105.966210661036044, 20.730300534872978 ], [ 105.965826522990668, 20.730302691829849 ], [ 105.965825376846666, 20.730121998972031 ], [ 105.965441239207905, 20.730124155050998 ], [ 105.965440093531853, 20.729943462168844 ], [ 105.965055956299693, 20.729945617369928 ], [ 105.965054811091576, 20.72976492446346 ], [ 105.964862742684957, 20.729766001732241 ], [ 105.964863887665217, 20.729946694648945 ], [ 105.964671819018506, 20.729947771713608 ], [ 105.96467067426606, 20.729767078786676 ], [ 105.964094468935855, 20.72977030866387 ], [ 105.964095613004787, 20.729951001621487 ], [ 105.963903544309062, 20.729952077828742 ], [ 105.963904688162401, 20.730132770792736 ], [ 105.96371261922657, 20.730133846795859 ], [ 105.963714906514298, 20.730495232732714 ], [ 105.9639069759058, 20.730494156709149 ], [ 105.963908119795875, 20.730674849661582 ], [ 105.964100189402984, 20.730673773413436 ], [ 105.964101333533165, 20.730854466351794 ], [ 105.964293403355867, 20.730853389879059 ], [ 105.964294547726141, 20.731034082803344 ], [ 105.964486617764436, 20.731033006106021 ], [ 105.96448776237483, 20.731213699016227 ], [ 105.965063973099788, 20.731210467607394 ], [ 105.965066263724438, 20.731571853354854 ], [ 105.964874193039336, 20.731572930725964 ], [ 105.964876483257314, 20.73193431647848 ], [ 105.964684412104205, 20.731935393655675 ], [ 105.964685557003719, 20.732116086536394 ], [ 105.964493485610518, 20.732117163509447 ], [ 105.964494630294411, 20.732297856396528 ], [ 105.964302558661075, 20.732298933165424 ], [ 105.964303703129346, 20.73247962605889 ], [ 105.964111631255889, 20.732480702623636 ], [ 105.964119641281755, 20.733745552841551 ], [ 105.964311714750394, 20.733744476205231 ], [ 105.96431400389524, 20.734105861926654 ], [ 105.964121929970815, 20.734106938583427 ], [ 105.96412879633202, 20.735191095716569 ], [ 105.964320871623841, 20.735190018998445 ], [ 105.964323160964739, 20.735551404658228 ], [ 105.964707312423258, 20.735549250537836 ], [ 105.964708457567923, 20.735729943341486 ], [ 105.964900533506722, 20.735728865949433 ], [ 105.96490167889155, 20.73590955873901 ], [ 105.965093755046013, 20.735908481122308 ], [ 105.96509604630829, 20.736269866669421 ], [ 105.964903969697986, 20.736270944306586 ], [ 105.96491084241157, 20.73735510091683 ], [ 105.96471876442142, 20.737356178400955 ], [ 105.964721054968152, 20.737717563927344 ], [ 105.964528976509882, 20.737718641217498 ], [ 105.964532411738062, 20.738260719508855 ], [ 105.964724490880201, 20.738259642188023 ], [ 105.964730217645439, 20.739163105878738 ], [ 105.964538137363519, 20.739164183250729 ], [ 105.964541572885878, 20.739706261449605 ], [ 105.964349491907811, 20.739707338637821 ], [ 105.964366667754447, 20.742417729265352 ], [ 105.964174583344303, 20.742418806392489 ], [ 105.96418259808695, 20.743683655126819 ], [ 105.964374684093215, 20.743682577928102 ], [ 105.964379265127832, 20.744405348507737 ], [ 105.964571352033943, 20.744404271053597 ], [ 105.964598847833429, 20.74874089299076 ], [ 105.964790940200771, 20.748739815076569 ], [ 105.964805839672749, 20.75108881756573 ], [ 105.964997934993249, 20.751087739303955 ], [ 105.965011692929139, 20.753256048592821 ], [ 105.965203790975025, 20.753254969993627 ], [ 105.965219847327191, 20.755784663318902 ], [ 105.965411948555186, 20.755783584361765 ], [ 105.965418831954324, 20.756867738351225 ], [ 105.96522672935717, 20.756868817369789 ], [ 105.965225582321494, 20.756688125037609 ], [ 105.96503347994026, 20.756689203831282 ], [ 105.965039214100301, 20.757592665504767 ], [ 105.965231317622553, 20.757591586659913 ], [ 105.965233611828879, 20.757952971281842 ], [ 105.965617819749426, 20.7579508129072 ], [ 105.965618967327444, 20.758131505191901 ], [ 105.965811071497527, 20.758130425672331 ], [ 105.965812219316021, 20.758311117942927 ], [ 105.966004323702037, 20.758310038198442 ], [ 105.966005471761036, 20.758490730454948 ], [ 105.966197576363001, 20.758489650485551 ], [ 105.966198724662505, 20.758670342727946 ], [ 105.966006619832314, 20.758671422707593 ], [ 105.966015804844659, 20.760116960589883 ], [ 105.966207911500732, 20.760115880528272 ], [ 105.966219396154059, 20.761922802431542 ], [ 105.966411505080416, 20.761921722052747 ], [ 105.966412653841587, 20.762102414211611 ], [ 105.966604762983948, 20.762101333607852 ], [ 105.966605911985667, 20.762282025752604 ], [ 105.966798021344005, 20.762280944923884 ], [ 105.966799170586285, 20.762461637054528 ], [ 105.966991280160599, 20.762460556000832 ], [ 105.966994728646085, 20.763002632338857 ], [ 105.966802618386922, 20.763003713423316 ], [ 105.966808364967164, 20.76390717396081 ], [ 105.967000476367758, 20.763906092825078 ], [ 105.967001625948981, 20.764086784910745 ], [ 105.966809514320076, 20.76408786605673 ], [ 105.966832503960092, 20.767701707165092 ], [ 105.966640387752435, 20.767702788301413 ], [ 105.966643835937504, 20.768244864365318 ], [ 105.966451719032506, 20.768245945317616 ], [ 105.966454017427282, 20.768607329361437 ], [ 105.966261900053269, 20.768608410119452 ], [ 105.966265347052541, 20.769150486186991 ], [ 105.966073228981159, 20.769151566760957 ], [ 105.966074377777119, 20.769332258786008 ], [ 105.965882259465076, 20.76933333915543 ], [ 105.965886853858279, 20.770056107258 ], [ 105.965694734620456, 20.770057187453606 ], [ 105.96569703143399, 20.770418571502219 ], [ 105.965504911727109, 20.770419651503502 ], [ 105.965503763542586, 20.770238959470881 ], [ 105.965119524548783, 20.770241118808546 ], [ 105.965121820016563, 20.77060250291089 ], [ 105.965313939976369, 20.77060142332898 ], [ 105.965315087957066, 20.770782115364138 ], [ 105.965507208132991, 20.770781035557178 ], [ 105.965508356354349, 20.770961727578225 ], [ 105.965316235950041, 20.770962807395417 ], [ 105.965318531972798, 20.771324191446414 ], [ 105.965126411099419, 20.771325271069269 ], [ 105.965127558900804, 20.771505963099223 ], [ 105.964935437786764, 20.771507042517499 ], [ 105.964936585372016, 20.771687734553822 ], [ 105.964744464017301, 20.771688813767515 ], [ 105.964746758767845, 20.772050197849058 ], [ 105.964554636944044, 20.772051276868389 ], [ 105.964555784109308, 20.772231968913605 ], [ 105.964363662044832, 20.772233047728339 ], [ 105.964364808993949, 20.772413739779925 ], [ 105.963980564371383, 20.772415896785358 ], [ 105.963981710875942, 20.772596588853542 ], [ 105.963789588317866, 20.772597667044238 ], [ 105.963793027219836, 20.773139743256294 ], [ 105.963600903964249, 20.773140821262821 ], [ 105.963603196169998, 20.773502205405357 ], [ 105.963411072445297, 20.773503283217483 ], [ 105.963412218338121, 20.773683975293174 ], [ 105.963027970395117, 20.773686130293331 ], [ 105.963029115843341, 20.773866822385607 ], [ 105.962836991625039, 20.773867899573631 ], [ 105.962838136857073, 20.774048591672255 ], [ 105.962453887926856, 20.774050745424187 ], [ 105.962455032714274, 20.774231437539381 ], [ 105.962262908002359, 20.774232514103282 ], [ 105.962264052573573, 20.774413206224811 ], [ 105.961879802656171, 20.774415358728465 ], [ 105.961882090921549, 20.774776743000782 ], [ 105.961497840041446, 20.774778894685824 ], [ 105.961498983735595, 20.774959586836594 ], [ 105.961306858048758, 20.774960662367029 ], [ 105.961308001526675, 20.775141354524134 ], [ 105.961115875599162, 20.775142429849904 ], [ 105.961117018860861, 20.775323122013344 ], [ 105.960732766512265, 20.775325272040682 ], [ 105.960733909329278, 20.775505964220656 ], [ 105.960541782908209, 20.775507038922214 ], [ 105.960542925508975, 20.775687731108516 ], [ 105.960158672173264, 20.775689879887413 ], [ 105.960159814329344, 20.775870572090227 ], [ 105.95977556048787, 20.775872720030012 ], [ 105.959776702199221, 20.776053412249336 ], [ 105.959584575031712, 20.776054485907096 ], [ 105.959585716526817, 20.776235178132747 ], [ 105.959009334265687, 20.776238397847337 ], [ 105.959010475087595, 20.776419090099647 ], [ 105.958818347414351, 20.776420162918267 ], [ 105.958819488019998, 20.776600855176888 ], [ 105.958435232179994, 20.77660300018983 ], [ 105.958436372340884, 20.776783692464932 ], [ 105.958052115995173, 20.776785836638687 ], [ 105.958053255711306, 20.776966528930256 ], [ 105.957668998859916, 20.776968672264807 ], [ 105.957670138131277, 20.777149364572836 ], [ 105.957285880774222, 20.777151507068169 ], [ 105.957287019600798, 20.777332199392653 ], [ 105.956902761738078, 20.777334341048743 ], [ 105.956903900119869, 20.777515033389673 ], [ 105.95613538333447, 20.777519314163786 ], [ 105.956136520814496, 20.777700006541441 ], [ 105.95575226189186, 20.777702145659433 ], [ 105.955753398927072, 20.777882838053511 ], [ 105.954408490715622, 20.777890318268305 ], [ 105.954409626163567, 20.778071010729441 ], [ 105.954217496142007, 20.778072078482101 ], [ 105.954218631373607, 20.7782527709495 ], [ 105.953642240550636, 20.77825597294845 ], [ 105.953643375108882, 20.778436665442346 ], [ 105.953066983491269, 20.778439865537546 ], [ 105.953068117376148, 20.778620558057916 ], [ 105.952491724963963, 20.778623756249324 ], [ 105.952492858175447, 20.778804448796159 ], [ 105.951916464968718, 20.778807645083734 ], [ 105.951917597506835, 20.778988337657019 ], [ 105.951341203505606, 20.778991532040731 ], [ 105.951342335370313, 20.779172224640433 ], [ 105.950573808951944, 20.779176480850357 ], [ 105.950574939914731, 20.779357173486549 ], [ 105.949998544288462, 20.77936036341767 ], [ 105.949999674577796, 20.779541056080244 ], [ 105.949231145992911, 20.779545306353274 ], [ 105.949232275380282, 20.779725999052285 ], [ 105.948655878129287, 20.779729184530652 ], [ 105.948657006843177, 20.779909877255996 ], [ 105.947888476092231, 20.77991412159189 ], [ 105.947889603904102, 20.780094814353603 ], [ 105.947121072046158, 20.780099055290997 ], [ 105.947122198956009, 20.780279748089065 ], [ 105.946545799250501, 20.780282926565569 ], [ 105.9465469254868, 20.780463619389902 ], [ 105.945586257927573, 20.780468912602444 ], [ 105.945587383033285, 20.780649605473101 ], [ 105.944626714030719, 20.78065489336263 ], [ 105.944627838005815, 20.780835586279558 ], [ 105.943475033435092, 20.780841924714441 ], [ 105.943476156051005, 20.781022617687597 ], [ 105.942515484102685, 20.781027893856102 ], [ 105.942516605587926, 20.781208586875408 ], [ 105.942324470933755, 20.781209641474309 ], [ 105.942323349677039, 20.781028948445002 ], [ 105.941746946328223, 20.781032110922116 ], [ 105.941748066899322, 20.781212803981401 ], [ 105.940210988947257, 20.781221227876497 ], [ 105.940212107702038, 20.781401921011771 ], [ 105.939059297364409, 20.78140822996561 ], [ 105.939060414759908, 20.781588923156832 ], [ 105.93790760262101, 20.781595224432643 ], [ 105.937908718657184, 20.781775917679745 ], [ 105.937140176078429, 20.78178011427126 ], [ 105.937141291212356, 20.781960807554277 ], [ 105.935604203654464, 20.781969190499531 ], [ 105.935605316971902, 20.782149883858153 ], [ 105.935221044506278, 20.782151977464867 ], [ 105.935222157378504, 20.782332670839473 ], [ 105.93445361139031, 20.782336855513197 ], [ 105.934454723360204, 20.782517548923618 ], [ 105.933878313058585, 20.782520685201668 ], [ 105.933879424354686, 20.782701378637956 ], [ 105.933110876205319, 20.782705557372314 ], [ 105.933111986599073, 20.782886250844353 ], [ 105.931959162647615, 20.782892512556625 ], [ 105.931960271681859, 20.783073206084165 ], [ 105.930231032897552, 20.783082584231916 ], [ 105.930232139886556, 20.783263277844487 ], [ 105.928887174124952, 20.783270559990751 ], [ 105.928888279525822, 20.783451253668488 ], [ 105.928119726487751, 20.783455410205171 ], [ 105.928120830986146, 20.783636103918447 ], [ 105.927544415397904, 20.783639219093381 ], [ 105.927545519222392, 20.783819912832328 ], [ 105.926969102842236, 20.78382302610207 ], [ 105.92697020599276, 20.784003719866675 ], [ 105.926393788820761, 20.784006831231199 ], [ 105.926394891297349, 20.784187525021434 ], [ 105.92581847333355, 20.784190634480698 ], [ 105.925819575136174, 20.784371328296544 ], [ 105.92562743556276, 20.784372364362842 ], [ 105.925628537148597, 20.784553058184663 ], [ 105.925436397334821, 20.784554094045799 ], [ 105.925437498703829, 20.784734787873578 ], [ 105.92524535864969, 20.784735823529559 ], [ 105.925247560965857, 20.785097211193172 ], [ 105.92486327990791, 20.785099281899448 ], [ 105.92486438062646, 20.785279975745098 ], [ 105.924480099064269, 20.785282045611066 ], [ 105.924481199337379, 20.785462739472472 ], [ 105.924289058310052, 20.785463774092783 ], [ 105.924290158366318, 20.785644467960147 ], [ 105.924098017098629, 20.785645502375274 ], [ 105.924099116938066, 20.785826196248582 ], [ 105.923714833910225, 20.785828264453471 ], [ 105.923715933304194, 20.786008958342521 ], [ 105.923523791544028, 20.786009992132275 ], [ 105.923524890721154, 20.786190686027272 ], [ 105.92333274872064, 20.786191719611832 ], [ 105.923333847680894, 20.786372413512769 ], [ 105.923141705440017, 20.786373446892128 ], [ 105.923142804183399, 20.786554140799002 ], [ 105.922950661702174, 20.786555173973149 ], [ 105.922951760228685, 20.786735867885959 ], [ 105.922759617507111, 20.786736900854901 ], [ 105.92276071581675, 20.786917594773637 ], [ 105.922568572854814, 20.786918627537364 ], [ 105.922569670947567, 20.787099321462033 ], [ 105.922377527745283, 20.787100354020545 ], [ 105.922378625621135, 20.787281047951151 ], [ 105.922186482178489, 20.787282080304436 ], [ 105.92218757983747, 20.787462774240971 ], [ 105.921995436154461, 20.787463806389024 ], [ 105.92199763105036, 20.787825194270077 ], [ 105.921613342734645, 20.787827257960277 ], [ 105.921616633794642, 20.788369339811624 ], [ 105.921424488933297, 20.788370371363531 ], [ 105.921425585748096, 20.788551065316035 ], [ 105.92123344064639, 20.788552096662698 ], [ 105.921234537244274, 20.788732790621125 ], [ 105.921042391902191, 20.788733821762531 ], [ 105.921043488283161, 20.788914515726876 ], [ 105.920851342700729, 20.788915546663027 ], [ 105.92085243886477, 20.789096240633285 ], [ 105.920660293041962, 20.789097271364177 ], [ 105.920663580918401, 20.78963935328111 ], [ 105.920471434397925, 20.789640383826274 ], [ 105.9204725301515, 20.789821077800635 ], [ 105.920280383390661, 20.789822108140527 ], [ 105.920281478927294, 20.790002802120807 ], [ 105.920089331926079, 20.790003832255415 ], [ 105.920091522577152, 20.790365220223912 ], [ 105.919899375106908, 20.790366250163007 ], [ 105.919900470221322, 20.790546944151231 ], [ 105.919708322510701, 20.790547973885044 ], [ 105.919710512317323, 20.790909361869435 ], [ 105.919518364137659, 20.79091039140771 ], [ 105.919519458829839, 20.791091085403881 ], [ 105.919327310409813, 20.791092114736855 ], [ 105.919329499371912, 20.791453502737138 ], [ 105.919137350482828, 20.791454531874564 ], [ 105.919138444752747, 20.791635225878672 ], [ 105.918946295623272, 20.791636254810793 ], [ 105.918949577817145, 20.792178336829224 ], [ 105.918757427989917, 20.792179365575528 ], [ 105.918758521849227, 20.792360059583704 ], [ 105.918566371781623, 20.792361088124697 ], [ 105.918568559077912, 20.792722476148974 ], [ 105.918376408541235, 20.792723504494386 ], [ 105.918377501978213, 20.792904198510477 ], [ 105.918185351201146, 20.792905226650557 ], [ 105.918187537652756, 20.793266614690666 ], [ 105.917995386406602, 20.793267642635158 ], [ 105.917997572447518, 20.793629030679323 ], [ 105.917805420732265, 20.793630058428207 ], [ 105.917807606362473, 20.793991446476419 ], [ 105.917615454178119, 20.793992474029697 ], [ 105.917617639397619, 20.794353862081948 ], [ 105.917425486744136, 20.794354889439607 ], [ 105.917427671552886, 20.794716277495908 ], [ 105.917235518430303, 20.794717304657944 ], [ 105.917239887272942, 20.795440080763189 ], [ 105.917047733223754, 20.795441107749046 ], [ 105.917048825234858, 20.795621801775447 ], [ 105.916856670945265, 20.795622828555931 ], [ 105.916858854544984, 20.79598421661661 ], [ 105.916666699786262, 20.795985243201443 ], [ 105.916668882975159, 20.796346631266157 ], [ 105.916476727747266, 20.796347657655328 ], [ 105.916478910525328, 20.796709045724057 ], [ 105.916286754828263, 20.796710071917555 ], [ 105.91629002839656, 20.797252154020892 ], [ 105.916097872001572, 20.797253180028441 ], [ 105.916100053981182, 20.797614568097487 ], [ 105.915907897117023, 20.797615593909342 ], [ 105.915911169487586, 20.798157676013137 ], [ 105.915719011925461, 20.798158701639018 ], [ 105.915722283714587, 20.798700783737246 ], [ 105.915530125454467, 20.798701809177135 ], [ 105.915534487087967, 20.799424585292968 ], [ 105.915342327901072, 20.799425610556565 ], [ 105.915346688805784, 20.800148386649539 ], [ 105.915154528692071, 20.800149411736825 ], [ 105.915156708756712, 20.800510799779591 ], [ 105.914964548173728, 20.800511824671137 ], [ 105.914966727827348, 20.800873212717885 ], [ 105.914774566775108, 20.800874237413687 ], [ 105.914777835656423, 20.801416319483998 ], [ 105.914585673906103, 20.801417343993748 ], [ 105.914588942205725, 20.801959426058456 ], [ 105.914396779757311, 20.801960450382147 ], [ 105.914403315297818, 20.80304461446563 ], [ 105.91421115146477, 20.803045638632337 ], [ 105.914215507809146, 20.803768414649646 ], [ 105.914023343049081, 20.803769438639964 ], [ 105.914027698664199, 20.804492214634344 ], [ 105.913835532977089, 20.804493238448249 ], [ 105.913839887862878, 20.805216014419685 ], [ 105.91364772124868, 20.805217038057162 ], [ 105.913649898303618, 20.805578426039126 ], [ 105.913457731220049, 20.805579449480778 ], [ 105.913464261290642, 20.806663613392232 ], [ 105.913272092822154, 20.806664636676803 ], [ 105.913274269147578, 20.807026024635817 ], [ 105.913082100209692, 20.807027047724532 ], [ 105.913089716112509, 20.808291905527341 ], [ 105.912897545560696, 20.808292928468635 ], [ 105.912901896845185, 20.809015704309818 ], [ 105.912709725366085, 20.809016727074599 ], [ 105.912711900620195, 20.809378114991418 ], [ 105.912519728671626, 20.809379137560306 ], [ 105.91252407840355, 20.810101913386365 ], [ 105.912331905527637, 20.810102935778716 ], [ 105.912335167261716, 20.810645017636791 ], [ 105.912142993687397, 20.810646039842911 ], [ 105.912145167776941, 20.811007427748361 ], [ 105.911952993733109, 20.81100844975856 ], [ 105.91195408056636, 20.811189143715172 ], [ 105.911761906281967, 20.811190165519761 ], [ 105.911762992897877, 20.811370859482196 ], [ 105.911570818372923, 20.811371881081183 ], [ 105.911574077603404, 20.811913962974341 ], [ 105.911381902379986, 20.811914984387055 ], [ 105.911384074800395, 20.812276372315875 ], [ 105.91119189910745, 20.812277393532639 ], [ 105.911194071116327, 20.812638781465363 ], [ 105.911001894953841, 20.812639802486167 ], [ 105.911006238194886, 20.813362578343977 ], [ 105.910814061104915, 20.813363599188143 ], [ 105.910817317970526, 20.813905681069986 ], [ 105.910625140181992, 20.813906701727834 ], [ 105.910635994864322, 20.815713641179773 ], [ 105.910443814774212, 20.815714661718911 ], [ 105.910449241405004, 20.816618131348484 ], [ 105.910257060158216, 20.816619151720591 ], [ 105.910260315588687, 20.817161233481002 ], [ 105.910068133643236, 20.817162253666726 ], [ 105.910072473463288, 20.817885029331876 ], [ 105.90988029059011, 20.817886049340888 ], [ 105.909885714480623, 20.818789518883762 ], [ 105.90969353045061, 20.818790538725676 ], [ 105.909710885181241, 20.821681640768972 ], [ 105.909518697474482, 20.821682660549936 ], [ 105.909527374118866, 20.823128211278281 ], [ 105.909719563658442, 20.823127191420102 ], [ 105.90973909294263, 20.826379679481917 ], [ 105.909546899278624, 20.82638069951382 ], [ 105.909580534739078, 20.83198220409858 ], [ 105.909772735508113, 20.831981183767461 ], [ 105.909780333757311, 20.833246039060363 ], [ 105.909972536119426, 20.833245018446146 ], [ 105.909981222362077, 20.834690567043399 ], [ 105.910173426546663, 20.834689546136396 ], [ 105.910177770863214, 20.835412320303725 ], [ 105.910369975953316, 20.835411299142542 ], [ 105.910374321372487, 20.83613407320944 ], [ 105.910566527368132, 20.836133051794064 ], [ 105.910571960549433, 20.837036519242481 ], [ 105.910764167679943, 20.837035497563221 ], [ 105.910769602297719, 20.837938964866773 ], [ 105.91096181056318, 20.83793794292362 ], [ 105.910963984950115, 20.83829932979868 ], [ 105.911156193662578, 20.838298307620601 ], [ 105.911158368554581, 20.83865969446088 ], [ 105.911350577714089, 20.838658672047885 ], [ 105.91135275311116, 20.839020058853361 ], [ 105.911544962717699, 20.839019036205435 ], [ 105.911548226588337, 20.839561116355664 ], [ 105.911740436871284, 20.839560093463128 ], [ 105.911742613301769, 20.839921480191293 ], [ 105.911934824031761, 20.839920457063798 ], [ 105.91193591249376, 20.840101150412409 ], [ 105.912128123441477, 20.840100127059632 ], [ 105.912130300859019, 20.840461513725913 ], [ 105.912322512253809, 20.84046049013817 ], [ 105.912323601209366, 20.840641183455837 ], [ 105.912515812821866, 20.840640159642799 ], [ 105.912516902018382, 20.840820852946923 ], [ 105.912709113848635, 20.840819828908593 ], [ 105.912710203286125, 20.84100052219917 ], [ 105.912902415334088, 20.840999497935542 ], [ 105.912904594702667, 20.84136088448572 ], [ 105.913096807197704, 20.841359859987094 ], [ 105.913097897128807, 20.841540553246713 ], [ 105.913290109841583, 20.841539528522777 ], [ 105.913291200013674, 20.841720221768835 ], [ 105.913483412944174, 20.841719196819586 ], [ 105.913484503357253, 20.841899890052087 ], [ 105.913676716505478, 20.841898864877518 ], [ 105.913678897825292, 20.842260251311544 ], [ 105.913871111420619, 20.842259225901955 ], [ 105.913872202327354, 20.84243991910348 ], [ 105.91406441614042, 20.842438893468572 ], [ 105.914065507288157, 20.842619586656529 ], [ 105.914257721318947, 20.842618560796282 ], [ 105.914259904108135, 20.842979947141206 ], [ 105.914452118586041, 20.842978921045923 ], [ 105.914453210227478, 20.843159614202882 ], [ 105.914645424923108, 20.843158587882257 ], [ 105.91464651680559, 20.843339281025656 ], [ 105.915030946620661, 20.843337227718063 ], [ 105.915032038973564, 20.843517920838185 ], [ 105.91522425409299, 20.843516893851209 ], [ 105.915225346686938, 20.843697586957752 ], [ 105.915417562024103, 20.843696559745425 ], [ 105.915418654859096, 20.843877252838393 ], [ 105.915610870414, 20.843876225400706 ], [ 105.915611963490051, 20.844056918480089 ], [ 105.915804179262679, 20.844055890817039 ], [ 105.915805272579775, 20.844236583882847 ], [ 105.915997488570127, 20.844235555994427 ], [ 105.915998582128296, 20.844416249046642 ], [ 105.916383014532812, 20.844414192603406 ], [ 105.916384108561445, 20.844594885632318 ], [ 105.91657632497558, 20.844593857077491 ], [ 105.916577419245286, 20.844774550092819 ], [ 105.916961852497352, 20.844772492316732 ], [ 105.91696294723755, 20.844953185308743 ], [ 105.917347380901703, 20.844951126650574 ], [ 105.91734847611238, 20.845131819619237 ], [ 105.91754069315634, 20.845130789956929 ], [ 105.917541788608119, 20.845311482912003 ], [ 105.917734005869804, 20.845310453024293 ], [ 105.917735101562684, 20.84549114596577 ], [ 105.917927319042093, 20.845490115852655 ], [ 105.917928414976075, 20.845670808780525 ], [ 105.918312850358603, 20.845668747887814 ], [ 105.918313946763121, 20.845849440792335 ], [ 105.918698382557693, 20.84584737901746 ], [ 105.918699479432746, 20.846028071898619 ], [ 105.918891697541909, 20.846027040677928 ], [ 105.918892794658092, 20.846207733545473 ], [ 105.9192772313001, 20.84620567043757 ], [ 105.919278328886847, 20.846386363281752 ], [ 105.919470547419706, 20.846385331394526 ], [ 105.919471645247583, 20.846566024225091 ], [ 105.920048301464178, 20.846562927240104 ], [ 105.920049399992052, 20.846743620037508 ], [ 105.920433837870036, 20.846741554282932 ], [ 105.920434936868503, 20.846922247056952 ], [ 105.920819375158445, 20.846920180420121 ], [ 105.920820474627476, 20.847100873170735 ], [ 105.921204913329376, 20.847098805651633 ], [ 105.921206013269014, 20.847279498378832 ], [ 105.92159045238283, 20.847277429977446 ], [ 105.921591552793089, 20.847458122681221 ], [ 105.921975992318806, 20.847456053397529 ], [ 105.921977093199686, 20.847636746077878 ], [ 105.922553753088508, 20.847633640505332 ], [ 105.922554854669457, 20.84781433315246 ], [ 105.922939294995444, 20.847812261672733 ], [ 105.922940397047029, 20.847992954296402 ], [ 105.923517058136184, 20.847989845429748 ], [ 105.923518160887866, 20.848170538020167 ], [ 105.924094822559454, 20.848167427182869 ], [ 105.924095926011248, 20.848348119740006 ], [ 105.924672588265238, 20.848345006932025 ], [ 105.924673692417173, 20.848525699455877 ], [ 105.925250355253482, 20.848522584677188 ], [ 105.925251460105557, 20.848703277167722 ], [ 105.926020344640079, 20.848699121070403 ], [ 105.926021450421743, 20.848879813517787 ], [ 105.926598114387161, 20.848876694150459 ], [ 105.926599220869008, 20.849057386564482 ], [ 105.926983663912495, 20.849055305888083 ], [ 105.926984770865062, 20.849235998278573 ], [ 105.927369214320251, 20.849233916719687 ], [ 105.927370321743552, 20.849414609086626 ], [ 105.927754765610402, 20.849412526645231 ], [ 105.927755873504452, 20.849593218988627 ], [ 105.928140317782947, 20.849591135664706 ], [ 105.928141426147761, 20.849771827984526 ], [ 105.928525870837873, 20.849769743778069 ], [ 105.92852697967345, 20.84995043607433 ], [ 105.928719202230241, 20.849949393637676 ], [ 105.928720311307117, 20.85013008592022 ], [ 105.92910475684414, 20.850128000380053 ], [ 105.929105866391794, 20.850308692639018 ], [ 105.929298089372026, 20.850307649535505 ], [ 105.929299199160994, 20.850488341780736 ], [ 105.929491422358851, 20.85048729845164 ], [ 105.929492532389148, 20.850667990683149 ], [ 105.929684755804658, 20.850666947128467 ], [ 105.929685866076269, 20.850847639346238 ], [ 105.929878089709405, 20.850846595565972 ], [ 105.929879200222345, 20.851027287770016 ], [ 105.930071424073134, 20.851026243764153 ], [ 105.930072534827403, 20.851206935954462 ], [ 105.930264758895817, 20.851205891723005 ], [ 105.930265869891429, 20.851386583899579 ], [ 105.930458094177482, 20.851385539442511 ], [ 105.930459205414422, 20.851566231605339 ], [ 105.930651429918115, 20.851565186922681 ], [ 105.930652541396412, 20.851745879071775 ], [ 105.930844766117744, 20.851744834163497 ], [ 105.930845877837399, 20.851925526298842 ], [ 105.931038102776355, 20.851924481164964 ], [ 105.931040326710246, 20.852285865404291 ], [ 105.931232552096347, 20.852284820034914 ], [ 105.931233664310582, 20.852465512138892 ], [ 105.931425889914308, 20.852464466543889 ], [ 105.931427002369929, 20.852645158634118 ], [ 105.931619228191295, 20.852644112813493 ], [ 105.931620340888287, 20.85282480488997 ], [ 105.931812566927292, 20.852823758843716 ], [ 105.931813679865655, 20.85300445090644 ], [ 105.932005906122299, 20.853003404634549 ], [ 105.932008132493678, 20.853364788728609 ], [ 105.932200359197481, 20.853363742221191 ], [ 105.932201472630496, 20.853544434252534 ], [ 105.932393699551938, 20.853543387519458 ], [ 105.932395926912648, 20.853904771550763 ], [ 105.932588154281248, 20.853903724582146 ], [ 105.932589268208943, 20.854084416582094 ], [ 105.932781495795183, 20.854083369387826 ], [ 105.932783724145295, 20.854444753356333 ], [ 105.932975952178694, 20.854443705926506 ], [ 105.932978181035409, 20.854805089859738 ], [ 105.933170409515995, 20.854804042194342 ], [ 105.933172638879341, 20.855165426092309 ], [ 105.933364867807114, 20.85516437819134 ], [ 105.933367097677092, 20.855525762054022 ], [ 105.933559327052066, 20.855524713917472 ], [ 105.933561557428703, 20.855886097744868 ], [ 105.933753787250879, 20.85588504937272 ], [ 105.93375713359373, 20.856427125055092 ], [ 105.933949364092655, 20.856426076437437 ], [ 105.933952711231285, 20.856968152055266 ], [ 105.934144942406974, 20.856967103192087 ], [ 105.934149406343366, 20.857689870588725 ], [ 105.934341638425437, 20.857688821470099 ], [ 105.934346103470588, 20.858411588765193 ], [ 105.934538336459084, 20.858410539391091 ], [ 105.934558435652633, 20.861662991274574 ], [ 105.934366198531222, 20.861664040827176 ], [ 105.934368431553892, 20.862025424312254 ], [ 105.934176193961335, 20.862026473668838 ], [ 105.934177310260893, 20.862207165415484 ], [ 105.933985072426765, 20.862208214566135 ], [ 105.933986188508598, 20.862388906318831 ], [ 105.933793950432957, 20.862389955263541 ], [ 105.933795066297037, 20.862570647022277 ], [ 105.933602827979868, 20.862571695761048 ], [ 105.93360394362621, 20.862752387525823 ], [ 105.933411705067485, 20.86275343605864 ], [ 105.933412820496088, 20.862934127829451 ], [ 105.933220581695821, 20.862935176156324 ], [ 105.933222812129415, 20.863296559706157 ], [ 105.933030572857959, 20.863297607836977 ], [ 105.933031687862936, 20.863478299615991 ], [ 105.932839448349952, 20.863479347540849 ], [ 105.932841677936281, 20.863840731107082 ], [ 105.932649437952094, 20.863841778835859 ], [ 105.932650552533417, 20.864022470623073 ], [ 105.932458312307688, 20.864023518145892 ], [ 105.932459426671244, 20.864204209939132 ], [ 105.932267186203973, 20.864205257255968 ], [ 105.932268300349747, 20.864385949055233 ], [ 105.93207605964092, 20.864386996166093 ], [ 105.932078287508801, 20.864748379772806 ], [ 105.931886046328756, 20.864749426687567 ], [ 105.931887160050834, 20.86493011849501 ], [ 105.931694918629248, 20.864931165203782 ], [ 105.93169603213353, 20.865111857017247 ], [ 105.931503790470401, 20.865112903520032 ], [ 105.931504903756874, 20.865293595339516 ], [ 105.931312661852175, 20.865294641636293 ], [ 105.931313774920866, 20.865475333461788 ], [ 105.931121532774625, 20.865476379552568 ], [ 105.931122645625493, 20.865657071384078 ], [ 105.93093040323771, 20.865658117268847 ], [ 105.930932628515663, 20.866019500940038 ], [ 105.930740385656648, 20.866020546628672 ], [ 105.930741498083734, 20.866201238468335 ], [ 105.931125984249277, 20.866199146855404 ], [ 105.931123758488226, 20.865837763211722 ], [ 105.931316001093819, 20.865836717101178 ], [ 105.93131488800141, 20.865656025283418 ], [ 105.931507130365461, 20.865654978966869 ], [ 105.931506017055227, 20.865474287155127 ], [ 105.931698259177722, 20.865473240632568 ], [ 105.931697145649693, 20.865292548826847 ], [ 105.931889387530632, 20.865291502098295 ], [ 105.931888273784793, 20.865110810298589 ], [ 105.93208051542419, 20.865109763364039 ], [ 105.932079401460555, 20.864929071570359 ], [ 105.932271642858382, 20.864928024429815 ], [ 105.932270528676966, 20.864747332642157 ], [ 105.932462769833236, 20.864746285295634 ], [ 105.932461655434025, 20.864565593514005 ], [ 105.932653896348768, 20.864564545961493 ], [ 105.932652781731761, 20.864383854185892 ], [ 105.932845022404933, 20.864382806427404 ], [ 105.93284279274728, 20.864021422884392 ], [ 105.933035032949235, 20.864020374929833 ], [ 105.933033917908588, 20.863839683162421 ], [ 105.933226157868987, 20.863838635001901 ], [ 105.933225042610573, 20.863657943240522 ], [ 105.933417282329444, 20.863656894874033 ], [ 105.933416166853263, 20.86347620311869 ], [ 105.933608406330578, 20.86347515454624 ], [ 105.93360729063663, 20.86329446279694 ], [ 105.933799529872388, 20.863293414018536 ], [ 105.933797298060909, 20.862932030528142 ], [ 105.933989536825493, 20.862930981553696 ], [ 105.933988420707948, 20.862750289812613 ], [ 105.934180659230975, 20.862749240632223 ], [ 105.934179542895706, 20.86256854889718 ], [ 105.934371781177177, 20.862567499510845 ], [ 105.934370664624183, 20.862386807781846 ], [ 105.934562902664098, 20.862385758189575 ], [ 105.934565136241304, 20.862747141623874 ], [ 105.934372897742094, 20.862748191235976 ], [ 105.934376247508268, 20.863290266388148 ], [ 105.933991769096252, 20.863292365024268 ], [ 105.933992885249495, 20.863473056753751 ], [ 105.933800645795984, 20.863474105757927 ], [ 105.933801761731473, 20.863654797493453 ], [ 105.933609522036406, 20.863655846291675 ], [ 105.933611753483774, 20.864017229770933 ], [ 105.933419513317489, 20.864018278373106 ], [ 105.933421744353126, 20.864379661856699 ], [ 105.933229503715623, 20.864380710262814 ], [ 105.933230619021629, 20.864561402008711 ], [ 105.933038378142555, 20.864562450208851 ], [ 105.933039493230766, 20.86474314196079 ], [ 105.93284725211015, 20.864744189954948 ], [ 105.932852826581239, 20.865647648706098 ], [ 105.932660584300365, 20.865648696533878 ], [ 105.932666157920238, 20.866552155237795 ], [ 105.932473914479004, 20.866553202899176 ], [ 105.932475029008955, 20.866733894638251 ], [ 105.932282785326151, 20.866734942093622 ], [ 105.932285013962286, 20.867096325579951 ], [ 105.932092769808207, 20.867097372839204 ], [ 105.932093883914391, 20.867278064586465 ], [ 105.931901639518728, 20.867279111639707 ], [ 105.931903867307327, 20.867640495142396 ], [ 105.931711622440361, 20.867641541999507 ], [ 105.931712736122776, 20.867822233754932 ], [ 105.931520491014226, 20.867823280406018 ], [ 105.931521604478803, 20.868003972167468 ], [ 105.931329359128668, 20.868005018612529 ], [ 105.931330472375393, 20.86818571037999 ], [ 105.931138226783673, 20.868186756619011 ], [ 105.931139339812546, 20.86836744839249 ], [ 105.930947093979256, 20.868368494425475 ], [ 105.930948206790276, 20.868549186204973 ], [ 105.930755960715373, 20.868550232031915 ], [ 105.930758185913575, 20.868911615599043 ], [ 105.930565939367384, 20.868912661229821 ], [ 105.930567051754551, 20.869093353017458 ], [ 105.929605817697023, 20.869098577981799 ], [ 105.929608040209615, 20.869459961644175 ], [ 105.929800287504293, 20.869458917063437 ], [ 105.929801399008099, 20.869639608878952 ], [ 105.929993646520657, 20.869638564072407 ], [ 105.929994758266062, 20.869819255874191 ], [ 105.929802510523757, 20.869820300690602 ], [ 105.929803622051267, 20.870000992498387 ], [ 105.929611374067377, 20.870002037108733 ], [ 105.929612485376992, 20.870182728922504 ], [ 105.929227988914178, 20.870184817515106 ], [ 105.929229099776151, 20.870365509344747 ], [ 105.928267857263151, 20.870370727096553 ], [ 105.928268966988227, 20.870551418971605 ], [ 105.927884469440684, 20.870553504580421 ], [ 105.92788668800732, 20.870914888358328 ], [ 105.928078937246511, 20.870913845642193 ], [ 105.928081156319976, 20.871275229384917 ], [ 105.927888906621263, 20.871276272120745 ], [ 105.927890015945977, 20.871456963996152 ], [ 105.927697766005693, 20.871458006525881 ], [ 105.927698875112483, 20.871638698407263 ], [ 105.927506624930587, 20.871639740730878 ], [ 105.927507733819439, 20.871820432618236 ], [ 105.926930982513554, 20.871823558322845 ], [ 105.926932090724904, 20.872004250235857 ], [ 105.926355338623409, 20.872007374026325 ], [ 105.926356446157257, 20.872188065964977 ], [ 105.925971944237659, 20.872190147431795 ], [ 105.92597305132378, 20.872370839386235 ], [ 105.925396297666538, 20.872373959996207 ], [ 105.925395191269743, 20.872193268012293 ], [ 105.924818438195658, 20.872196386649104 ], [ 105.924819543903126, 20.87237707866247 ], [ 105.92462729262509, 20.87237811778596 ], [ 105.924628398114564, 20.872558809805277 ], [ 105.924436146594957, 20.872559848722606 ], [ 105.924437251866451, 20.872740540747863 ], [ 105.924245000105273, 20.872741579459039 ], [ 105.924247210224038, 20.873102963517571 ], [ 105.924054957991515, 20.873104002032388 ], [ 105.924056062838787, 20.873284694065656 ], [ 105.923863810364708, 20.873285732374306 ], [ 105.923866019635, 20.873647116448854 ], [ 105.924058272568672, 20.87364607812059 ], [ 105.924060482345652, 20.874007462160055 ], [ 105.923868228952401, 20.87400850050793 ], [ 105.923869333628772, 20.874189192531656 ], [ 105.923677079993922, 20.874190230673353 ], [ 105.923678184452271, 20.874370922703019 ], [ 105.92348593057585, 20.874371960638523 ], [ 105.923487034816176, 20.874552652674122 ], [ 105.923294780698171, 20.874553690403445 ], [ 105.92329588472046, 20.874734382444974 ], [ 105.922911375989557, 20.874736457275226 ], [ 105.92291247956399, 20.874917149332479 ], [ 105.922720224951078, 20.874918186433415 ], [ 105.922722431675609, 20.875279570555904 ], [ 105.922530176591309, 20.875280607460422 ], [ 105.922531279741406, 20.875461299525664 ], [ 105.922339024415535, 20.875462336223968 ], [ 105.922340127347567, 20.87564302829513 ], [ 105.922147871780112, 20.875644064787227 ], [ 105.922148974494078, 20.875824756864297 ], [ 105.921764462864274, 20.875826829220035 ], [ 105.921765565130357, 20.876007521312815 ], [ 105.921573309067995, 20.876008557176455 ], [ 105.921574411115998, 20.87618924927515 ], [ 105.921382154812051, 20.876190284932559 ], [ 105.921383256641988, 20.876370977037162 ], [ 105.921191000096471, 20.87637201248835 ], [ 105.921193203331882, 20.8767333967055 ], [ 105.920808689286304, 20.876735466998923 ], [ 105.920809790461945, 20.87691615912124 ], [ 105.920617533191717, 20.876917193953705 ], [ 105.920618634149264, 20.877097886081931 ], [ 105.920426376637451, 20.877098920708136 ], [ 105.92042747737689, 20.877279612842266 ], [ 105.920235219623507, 20.877280647262218 ], [ 105.920236320144838, 20.877461339402245 ], [ 105.919851804143192, 20.877463407613615 ], [ 105.919852904216555, 20.877644099769295 ], [ 105.919660645968278, 20.877645133560701 ], [ 105.919661745823532, 20.877825825722287 ], [ 105.9194694873337, 20.877826859307419 ], [ 105.919470586970817, 20.878007551474887 ], [ 105.919086069496259, 20.878009618016598 ], [ 105.919087168685394, 20.878190310199713 ], [ 105.918894909700697, 20.878191343156267 ], [ 105.91889600867168, 20.878372035345265 ], [ 105.918319230957721, 20.878375132947983 ], [ 105.918320329250847, 20.878555825162358 ], [ 105.918128069759575, 20.878556857274269 ], [ 105.91812916783455, 20.878737549494527 ], [ 105.917936908101709, 20.878738581400142 ], [ 105.917938005958533, 20.878919273626281 ], [ 105.917168965990726, 20.878923399127284 ], [ 105.917170062939775, 20.879104091388506 ], [ 105.91697780268872, 20.879105122233383 ], [ 105.916981092916387, 20.879647199023026 ], [ 105.916788831964027, 20.879648229681052 ], [ 105.916789928500094, 20.87982892194626 ], [ 105.916597667306164, 20.879829952397973 ], [ 105.916598763624037, 20.880010644669031 ], [ 105.916406502188536, 20.880011674914414 ], [ 105.916407598288217, 20.880192367191341 ], [ 105.916023074922407, 20.880194427053389 ], [ 105.916024170573991, 20.880375119345896 ], [ 105.915639646701706, 20.880377178363144 ], [ 105.915640741905193, 20.880557870671229 ], [ 105.915256217526434, 20.880559928843677 ], [ 105.915257312281824, 20.88074062116732 ], [ 105.91506504984504, 20.880741649939168 ], [ 105.915066144382209, 20.880922342268654 ], [ 105.914873881703869, 20.88092337083415 ], [ 105.914874976022801, 20.88110406316947 ], [ 105.914490450171357, 20.881106119671678 ], [ 105.914491544042164, 20.881286812022559 ], [ 105.914107017684273, 20.881288867679896 ], [ 105.914108111106941, 20.881469560046309 ], [ 105.913915847680613, 20.881470587560578 ], [ 105.913916940885017, 20.881651279932822 ], [ 105.913724677217147, 20.881652307240714 ], [ 105.9137257702033, 20.881832999618794 ], [ 105.913148978440063, 20.881836080275118 ], [ 105.913150070748145, 20.882016772678412 ], [ 105.912765542387945, 20.882018825388283 ], [ 105.912766634247859, 20.882199517807091 ], [ 105.911997576468181, 20.88220362067263 ], [ 105.911999758383587, 20.882565005576105 ], [ 105.911615228504317, 20.8825670557511 ], [ 105.911617409546565, 20.882928440677816 ], [ 105.911232878701114, 20.882930490027164 ], [ 105.911233968779825, 20.883111182504067 ], [ 105.91084943742807, 20.883113231008394 ], [ 105.910850527058543, 20.883293923500766 ], [ 105.910465995200482, 20.883295971160063 ], [ 105.910467084382702, 20.883476663667896 ], [ 105.910082552018338, 20.883478710482137 ], [ 105.910083640752319, 20.883659403005428 ], [ 105.909699107881693, 20.883661448974603 ], [ 105.909700196167407, 20.883842141513334 ], [ 105.908931129367218, 20.88384623089711 ], [ 105.908932216744788, 20.884026923470586 ], [ 105.908739949785826, 20.884027945285926 ], [ 105.908741036945045, 20.884208637865175 ], [ 105.908548769744556, 20.884209659474056 ], [ 105.908549856685426, 20.884390352059086 ], [ 105.908165321789824, 20.884392394647818 ], [ 105.908167494786525, 20.884753779844832 ], [ 105.907590690976605, 20.884756842164951 ], [ 105.907591776802477, 20.884937534786566 ], [ 105.907207240411424, 20.884939575272018 ], [ 105.907208325788972, 20.885120267909024 ], [ 105.906823788891742, 20.885122307549274 ], [ 105.906824873820952, 20.885303000201667 ], [ 105.90663260512504, 20.885304019707245 ], [ 105.906634774558214, 20.885665405019683 ], [ 105.906827043714046, 20.885664385494852 ], [ 105.906828128677944, 20.885845078135638 ], [ 105.906059051065427, 20.8858491549767 ], [ 105.906057967021383, 20.885668462297428 ], [ 105.905865697819323, 20.885669480957766 ], [ 105.905866781633407, 20.885850173646649 ], [ 105.905674512189847, 20.885851192100485 ], [ 105.90567559578551, 20.886031884795116 ], [ 105.904906516975913, 20.886035956487643 ], [ 105.904907599663275, 20.886216649216848 ], [ 105.904715329702057, 20.886217666609266 ], [ 105.904717494651436, 20.886579052075273 ], [ 105.9043329537745, 20.886581086250136 ], [ 105.904334035806542, 20.886761778996533 ], [ 105.903949494423557, 20.886763812326059 ], [ 105.903950576007176, 20.886944505087783 ], [ 105.903566034118114, 20.886946537571959 ], [ 105.903567115253296, 20.887127230349005 ], [ 105.903182572858185, 20.887129261987809 ], [ 105.903183653544943, 20.887309954780161 ], [ 105.90241456769661, 20.887314015502433 ], [ 105.902415647474925, 20.887494708329239 ], [ 105.902031104021745, 20.887496737412683 ], [ 105.902032183351594, 20.887677430254787 ], [ 105.901647639392436, 20.887679458492801 ], [ 105.901648718273805, 20.887860151350178 ], [ 105.901071901558851, 20.887863192114811 ], [ 105.90107297976175, 20.888043884997025 ], [ 105.900880707270446, 20.888044898162505 ], [ 105.900881785254839, 20.888225591050407 ], [ 105.900497239777806, 20.888227616752033 ], [ 105.900498317313676, 20.888408309655201 ], [ 105.900113771330709, 20.888410334511335 ], [ 105.90011484841807, 20.88859102742973 ], [ 105.899922575179374, 20.888592039543123 ], [ 105.899923652048201, 20.888772732467206 ], [ 105.899539105076371, 20.88877475606462 ], [ 105.899540181496675, 20.888955449003944 ], [ 105.899155634018939, 20.888957471755816 ], [ 105.899156709990706, 20.889138164710356 ], [ 105.898772162007077, 20.889140186616675 ], [ 105.898773237530278, 20.889320879586435 ], [ 105.8983886890408, 20.889322900647173 ], [ 105.89838976411545, 20.889503593632138 ], [ 105.898005215120108, 20.889505613847291 ], [ 105.898006289746178, 20.889686306847459 ], [ 105.897814015001316, 20.889687316640313 ], [ 105.897815089408809, 20.88986800964614 ], [ 105.897430539424704, 20.889870028602402 ], [ 105.897431613383603, 20.890050721623417 ], [ 105.89723933814436, 20.890051730786812 ], [ 105.897240411884681, 20.89023242381349 ], [ 105.897048136403981, 20.890233432770241 ], [ 105.897049209925726, 20.890414125802572 ], [ 105.896856934203555, 20.890415134552661 ], [ 105.896858007506708, 20.890595827590644 ], [ 105.896665731543052, 20.89059683613408 ], [ 105.896666804627614, 20.890777529177704 ], [ 105.896282252205978, 20.89077954563507 ], [ 105.896283324841903, 20.890960238693864 ], [ 105.896091048383894, 20.890961246607784 ], [ 105.896092120801228, 20.891141939672224 ], [ 105.895515290668556, 20.891144962145415 ], [ 105.895518505918716, 20.891687041401095 ], [ 105.895326228494852, 20.891688048488302 ], [ 105.895327300037707, 20.891868741575294 ], [ 105.895135022372386, 20.891869748455814 ], [ 105.895136093696593, 20.892050441548445 ], [ 105.894943815789802, 20.892051448222265 ], [ 105.894944886895388, 20.892232141320534 ], [ 105.89475260874714, 20.892233147787653 ], [ 105.894753679634078, 20.892413840891539 ], [ 105.89456140124436, 20.892414847151965 ], [ 105.89456247191265, 20.892595540261485 ], [ 105.894370193281475, 20.892596546315207 ], [ 105.894371263731117, 20.892777239430352 ], [ 105.89417898485847, 20.892778245277359 ], [ 105.894180055089464, 20.892958938398131 ], [ 105.893987775975347, 20.892959944038424 ], [ 105.893988845987678, 20.893140637164812 ], [ 105.893796566632119, 20.89314164259839 ], [ 105.893797636425774, 20.893322335730403 ], [ 105.893605356828729, 20.893323340957259 ], [ 105.893607495990111, 20.893684727228649 ], [ 105.893415215921536, 20.893685732258255 ], [ 105.893416285289248, 20.893866425397629 ], [ 105.893224004979217, 20.893867430220514 ], [ 105.893226143288672, 20.894228816506629 ], [ 105.893033862507082, 20.894229821132253 ], [ 105.89303493144881, 20.894410514278988 ], [ 105.892842650425749, 20.894411518697865 ], [ 105.892844787883206, 20.894772904998682 ], [ 105.892652506388586, 20.894773909220294 ], [ 105.8926567805198, 20.895496681813409 ], [ 105.892464498093432, 20.895497685856693 ], [ 105.892466634767132, 20.895859072148983 ], [ 105.892274351869176, 20.895860075994975 ], [ 105.892277556274806, 20.896402155432817 ], [ 105.892085272675146, 20.896403159090983 ], [ 105.892088476492859, 20.89694523852242 ], [ 105.891896192191481, 20.896946241992744 ], [ 105.891903666553489, 20.898211093930289 ], [ 105.891711380629857, 20.898212097250624 ], [ 105.891714583408088, 20.898754176622791 ], [ 105.891906870022126, 20.898753173274056 ], [ 105.891913277266568, 20.899837331857121 ], [ 105.892105565250134, 20.899836328235292 ], [ 105.892107701549619, 20.900197714379757 ], [ 105.892299989982106, 20.900196710522703 ], [ 105.892303195207163, 20.900738789681959 ], [ 105.892495484318786, 20.900737785580194 ], [ 105.892497621652737, 20.901099171648077 ], [ 105.89268991121331, 20.901098167311069 ], [ 105.89269098012754, 20.901278860329725 ], [ 105.892883269906889, 20.901277855766942 ], [ 105.892885408229873, 20.901639241773701 ], [ 105.893077698458185, 20.901638236975653 ], [ 105.893078767866939, 20.901818929963749 ], [ 105.893271058314056, 20.901817924939923 ], [ 105.893273197626115, 20.902179310885536 ], [ 105.89346548852221, 20.902178305626428 ], [ 105.893466558425516, 20.902358998583946 ], [ 105.893658849540387, 20.902357993099052 ], [ 105.893659919685291, 20.902538686043211 ], [ 105.893852211018967, 20.902537680332507 ], [ 105.893854351803341, 20.902899066190244 ], [ 105.894046643586009, 20.902898060244251 ], [ 105.894047714225493, 20.903078753157825 ], [ 105.894240006226951, 20.903077746986018 ], [ 105.894241077108063, 20.903258439886233 ], [ 105.894433369328311, 20.903257433488616 ], [ 105.894435511585144, 20.90361881925844 ], [ 105.894627804254384, 20.903617812625498 ], [ 105.894628875630119, 20.903798505495114 ], [ 105.894821168518178, 20.903797498636354 ], [ 105.894822240135525, 20.903978191492595 ], [ 105.895014533242374, 20.90397718440801 ], [ 105.895015605101364, 20.904157877250881 ], [ 105.895207898427003, 20.904156869940458 ], [ 105.895208970527619, 20.904337562769957 ], [ 105.895401264072049, 20.904336555233698 ], [ 105.895402336414307, 20.904517248049821 ], [ 105.895594630177527, 20.904516240287723 ], [ 105.89559570276144, 20.90469693309047 ], [ 105.895787996743465, 20.904695925102523 ], [ 105.89578906956902, 20.904876617891894 ], [ 105.895981363769835, 20.904875609678097 ], [ 105.895982436837031, 20.905056302454085 ], [ 105.89617473125665, 20.905055294014439 ], [ 105.896175804565516, 20.905235986777036 ], [ 105.896368099203912, 20.905234978111537 ], [ 105.896369172754433, 20.905415670860751 ], [ 105.896561467611647, 20.905414661969385 ], [ 105.896562541403839, 20.90559535470522 ], [ 105.896754836479829, 20.905594345587982 ], [ 105.89675591051369, 20.905775038310427 ], [ 105.896948205808485, 20.905774028967326 ], [ 105.896949280084016, 20.905954721676377 ], [ 105.897141575597615, 20.905953712107397 ], [ 105.89714265011483, 20.906134404803058 ], [ 105.89733494584722, 20.906133395008204 ], [ 105.897336020606119, 20.906314087690461 ], [ 105.897528316557285, 20.906313077669726 ], [ 105.897529391557882, 20.906493770338592 ], [ 105.897721687727866, 20.906492760091968 ], [ 105.897722762970147, 20.90667345274743 ], [ 105.898107355736229, 20.906671431586041 ], [ 105.898109507176173, 20.907032816847231 ], [ 105.898494100817416, 20.907030794782258 ], [ 105.898496253224224, 20.907392179989817 ], [ 105.89868855048816, 20.907391168613707 ], [ 105.898689626939003, 20.907571861202136 ], [ 105.899074221893002, 20.907569837781722 ], [ 105.899075298815845, 20.907750530347194 ], [ 105.899267596505894, 20.907749518302882 ], [ 105.899268673670477, 20.907930210854943 ], [ 105.899460971579316, 20.907929198584714 ], [ 105.899462048985612, 20.908109891123356 ], [ 105.899654347113255, 20.9081088786272 ], [ 105.899655424761306, 20.908289571152416 ], [ 105.900040021442692, 20.908287545491874 ], [ 105.900041099562756, 20.908468237994118 ], [ 105.900233398116484, 20.908467224829721 ], [ 105.900234476478317, 20.908647917318536 ], [ 105.900426775250835, 20.908646903928204 ], [ 105.900427853854424, 20.90882759640359 ], [ 105.900812451825544, 20.908825568954651 ], [ 105.900813530901175, 20.909006261407043 ], [ 105.901005830099777, 20.909005247348436 ], [ 105.901006909417177, 20.909185939787392 ], [ 105.901199208834569, 20.909184925502835 ], [ 105.901200288393753, 20.909365617928344 ], [ 105.901584887654607, 20.909363588690923 ], [ 105.901585967685847, 20.909544281093428 ], [ 105.901970567361261, 20.909542250971295 ], [ 105.901971647864571, 20.909722943350783 ], [ 105.902163947915298, 20.909721927955552 ], [ 105.90216502866042, 20.909902620321592 ], [ 105.902357328929938, 20.909901604700387 ], [ 105.902358409916843, 20.91008229705298 ], [ 105.902550710405137, 20.910081281205795 ], [ 105.902551791633869, 20.910261973544937 ], [ 105.902936393036484, 20.910259941182215 ], [ 105.902937474737314, 20.910440633498308 ], [ 105.903129775651635, 20.91043961698276 ], [ 105.903130857594292, 20.910620309285399 ], [ 105.903515459848961, 20.910618275585918 ], [ 105.903516542263745, 20.910798967865507 ], [ 105.903901144932917, 20.910796933281222 ], [ 105.903902227819842, 20.91097762553774 ], [ 105.904094529367427, 20.910976607911394 ], [ 105.904095612496164, 20.91115730015445 ], [ 105.904480216017348, 20.911155264233326 ], [ 105.904481299618269, 20.911335956453314 ], [ 105.904865903553898, 20.91133391964734 ], [ 105.90486698762696, 20.911514611844254 ], [ 105.905251591977049, 20.91151257415342 ], [ 105.905252676522281, 20.911693266327227 ], [ 105.905637281286801, 20.911691227751511 ], [ 105.905638366304203, 20.911871919902232 ], [ 105.906022971483125, 20.911869880441621 ], [ 105.90602405697274, 20.912050572569235 ], [ 105.906216359775158, 20.912049552504687 ], [ 105.906217445506641, 20.912230244618804 ], [ 105.906602051537476, 20.912228203821204 ], [ 105.906603137741158, 20.912408895912201 ], [ 105.906987744186367, 20.912406854229655 ], [ 105.906988830862275, 20.91258754629753 ], [ 105.90737343772183, 20.912585503730028 ], [ 105.907374524869965, 20.912766195774772 ], [ 105.90775913214388, 20.912764152322303 ], [ 105.907760219764242, 20.912944844343897 ], [ 105.908144827452475, 20.912942800006434 ], [ 105.908145915545091, 20.913123492004882 ], [ 105.908338219602157, 20.913122469501864 ], [ 105.9083393079367, 20.913303161486795 ], [ 105.908531612212514, 20.913302138757707 ], [ 105.908532700788982, 20.913482830729119 ], [ 105.908917309766494, 20.913480784602346 ], [ 105.908918398815217, 20.91366147655059 ], [ 105.909110703516916, 20.913660453152897 ], [ 105.909111792807593, 20.913841145087616 ], [ 105.909496402636876, 20.913839097623615 ], [ 105.909497492399836, 20.914019789535153 ], [ 105.90968979752742, 20.914018765468843 ], [ 105.909690887532321, 20.914199457366852 ], [ 105.909883192878638, 20.914198433074439 ], [ 105.909885373383972, 20.914559816839517 ], [ 105.910077679179395, 20.914558792311343 ], [ 105.910079860191857, 20.914920176041608 ], [ 105.910464472669261, 20.914918126297252 ], [ 105.910474291946855, 20.916544352717739 ], [ 105.910281983640644, 20.91654537778513 ], [ 105.910286347144549, 20.917268145021055 ], [ 105.910094037905225, 20.917269169910625 ], [ 105.91009512857984, 20.917449861719582 ], [ 105.910287438049565, 20.917448836820348 ], [ 105.910288528966205, 20.917629528615773 ], [ 105.91009621926608, 20.917630553524667 ], [ 105.910101672871477, 20.918534012491989 ], [ 105.909909362007724, 20.918535037232701 ], [ 105.909911543070365, 20.91889642081183 ], [ 105.909719231734201, 20.918897445355377 ], [ 105.909721412382453, 20.919258828938325 ], [ 105.909529100573863, 20.919259853284686 ], [ 105.909531280807713, 20.91962123687145 ], [ 105.909338968526683, 20.919622261020628 ], [ 105.909340058430601, 20.91980295281785 ], [ 105.909147745907518, 20.919803976760171 ], [ 105.909151014997619, 20.920346052157566 ], [ 105.908958701771667, 20.920347075912332 ], [ 105.908960880762208, 20.920708459510521 ], [ 105.908768567063788, 20.920709483068077 ], [ 105.90876965634601, 20.920890174871008 ], [ 105.908577342405565, 20.920891198221696 ], [ 105.908578431468968, 20.921071890030397 ], [ 105.908386117286469, 20.921072913174207 ], [ 105.908388294987148, 20.92143429679928 ], [ 105.908195980332195, 20.921435319745857 ], [ 105.908197068969471, 20.921616011562229 ], [ 105.908004754072465, 20.921617034301921 ], [ 105.908006930920905, 20.921978417942324 ], [ 105.907622300170345, 20.921980462810669 ], [ 105.907623388151038, 20.922161154644328 ], [ 105.907431072527913, 20.922162176763344 ], [ 105.907432160289744, 20.922342868602772 ], [ 105.907239844424581, 20.922343890514885 ], [ 105.907240931967522, 20.922524582360065 ], [ 105.907048615860347, 20.922525604065278 ], [ 105.907049703184398, 20.922706295916214 ], [ 105.906857386835171, 20.922707317414513 ], [ 105.90685956105709, 20.923068701124024 ], [ 105.906667244235351, 20.923069722425037 ], [ 105.90666833113319, 20.923250414283608 ], [ 105.90628369699408, 20.923252456255252 ], [ 105.906284783442558, 20.923433148129192 ], [ 105.906092466125187, 20.923434168799815 ], [ 105.906093552354747, 20.92361486067951 ], [ 105.905901234795337, 20.923615881143203 ], [ 105.905902320805978, 20.923796573028639 ], [ 105.905710003004529, 20.923797593285396 ], [ 105.905711088796266, 20.923978285176574 ], [ 105.905326452697722, 20.923980325059667 ], [ 105.905327538040055, 20.924161016966195 ], [ 105.905135219742974, 20.92416203659252 ], [ 105.90513630486636, 20.924342728504783 ], [ 105.90494398632724, 20.924343747924166 ], [ 105.904945071231708, 20.924524439842166 ], [ 105.904368114853597, 20.924527496829754 ], [ 105.904369199078147, 20.924708188772687 ], [ 105.904176880031855, 20.924709207345032 ], [ 105.904177964037459, 20.924889899293703 ], [ 105.903793325449286, 20.924891935807889 ], [ 105.903794409005428, 20.925072627771875 ], [ 105.903409769910141, 20.925074663438998 ], [ 105.903410853016823, 20.925255355418297 ], [ 105.903026213414407, 20.925257390238318 ], [ 105.903027296071642, 20.925438082232922 ], [ 105.902642655962126, 20.925440116205841 ], [ 105.902643738169871, 20.92562080821574 ], [ 105.902259097553269, 20.925622841341536 ], [ 105.902260179311511, 20.925803533366729 ], [ 105.901875538187852, 20.925805565645376 ], [ 105.901876619496591, 20.925986257685846 ], [ 105.901299657033249, 20.925989304508224 ], [ 105.90130073766197, 20.926169996573535 ], [ 105.900723774403559, 20.926173041475408 ], [ 105.900724854352262, 20.926353733565538 ], [ 105.90014789029884, 20.926356776546871 ], [ 105.900148969567482, 20.926537468661813 ], [ 105.899572004719118, 20.92654050972256 ], [ 105.8995730833077, 20.926721201862286 ], [ 105.899188439557008, 20.926723228172293 ], [ 105.89918951769603, 20.926903920327241 ], [ 105.8982279069659, 20.926908982359691 ], [ 105.898228983963776, 20.927089674558481 ], [ 105.897844339130415, 20.927091697874399 ], [ 105.897845415678688, 20.927272390088383 ], [ 105.896883802242158, 20.927277444635479 ], [ 105.896884877649271, 20.927458136893225 ], [ 105.896307908758359, 20.927461167050915 ], [ 105.896306834042846, 20.927280474764615 ], [ 105.895729865740563, 20.927283502944409 ], [ 105.895730939764505, 20.927464195259248 ], [ 105.895538616743679, 20.927465204228827 ], [ 105.895537542950279, 20.927284511904478 ], [ 105.892075730772788, 20.927302636148188 ], [ 105.89207680041666, 20.927483328643355 ], [ 105.891115184114952, 20.927488350748629 ], [ 105.891116252617536, 20.927669043287249 ], [ 105.890539282008405, 20.927672053979617 ], [ 105.890540349830758, 20.927852746542744 ], [ 105.889771054603997, 20.927856757804648 ], [ 105.889769987703787, 20.927676065203713 ], [ 105.889193016856069, 20.927679071347487 ], [ 105.889194083064666, 20.927859763976752 ], [ 105.889001759195509, 20.927860765600919 ], [ 105.889000693217454, 20.927680072962215 ], [ 105.888231398549578, 20.927684077255115 ], [ 105.888230333504993, 20.927503384574802 ], [ 105.884960833063801, 20.927520363996425 ], [ 105.884961894189303, 20.92770105683676 ], [ 105.884192598570849, 20.927705042935202 ], [ 105.884193658785492, 20.927885735809237 ], [ 105.883039713636066, 20.927891708515151 ], [ 105.883038654804665, 20.92771101558483 ], [ 105.88150006248533, 20.927718966987964 ], [ 105.881499005509482, 20.927538273978829 ], [ 105.880729710001859, 20.927542244444531 ], [ 105.880730766055549, 20.927722937491083 ], [ 105.880346117773215, 20.92772492144303 ], [ 105.880347173377075, 20.927905614504411 ], [ 105.880154848988511, 20.927906606164825 ], [ 105.880155904373069, 20.92808729923167 ], [ 105.879963579742721, 20.92808829068483 ], [ 105.879964634907978, 20.92826898375715 ], [ 105.879772310035861, 20.928269975003044 ], [ 105.879773364981787, 20.928450668080831 ], [ 105.879581039867901, 20.928451659119446 ], [ 105.879582094594511, 20.928632352202715 ], [ 105.879389769238827, 20.928633343034065 ], [ 105.879390823746121, 20.92881403612278 ], [ 105.879198498148682, 20.928815026746854 ], [ 105.879199552436631, 20.928995719841041 ], [ 105.879007226597409, 20.928996710257827 ], [ 105.879009334745874, 20.929358096453257 ], [ 105.878817008434311, 20.929359086672097 ], [ 105.878818062294826, 20.929539779773332 ], [ 105.87862573574148, 20.929540769784875 ], [ 105.878627843035005, 20.929902155994391 ], [ 105.878435516009318, 20.929903145807963 ], [ 105.87843762288658, 20.930264532020651 ], [ 105.878245295388538, 20.930265521636247 ], [ 105.878248455096781, 20.930807600954203 ], [ 105.878056126895785, 20.93080859038114 ], [ 105.878059286013169, 20.931350669692211 ], [ 105.877866957109234, 20.931351658930478 ], [ 105.877873274263052, 20.932435817503997 ], [ 105.877680943964336, 20.932436806581535 ], [ 105.877692523923997, 20.934424430373394 ], [ 105.877884856759479, 20.934423441193331 ], [ 105.877890121978865, 20.935326906351747 ], [ 105.878082455956331, 20.935325916908397 ], [ 105.878086669256149, 20.936048688928125 ], [ 105.878279004144986, 20.936047699230787 ], [ 105.878284272175264, 20.936951164121673 ], [ 105.878476608206185, 20.936950174160998 ], [ 105.878479769850898, 20.937492253021073 ], [ 105.878672106562604, 20.937491262815708 ], [ 105.878675269000297, 20.938033341612936 ], [ 105.878867606392802, 20.938032351162871 ], [ 105.878870769623489, 20.938574429897233 ], [ 105.879063107696808, 20.938573439202447 ], [ 105.879067326417598, 20.939296210756712 ], [ 105.879259665402458, 20.939295219807857 ], [ 105.879263885225612, 20.940017991262799 ], [ 105.879456225122055, 20.940017000059868 ], [ 105.879457280336609, 20.940197692904579 ], [ 105.87964962045254, 20.940196701475564 ], [ 105.879652786855701, 20.940738779958441 ], [ 105.87984512765253, 20.940737788284665 ], [ 105.879846183373431, 20.940918481095196 ], [ 105.880038524389747, 20.940917489195325 ], [ 105.880039580352602, 20.94109818199264 ], [ 105.88023192158839, 20.941097189866667 ], [ 105.880232977793199, 20.941277882650766 ], [ 105.880425319248474, 20.941276890298695 ], [ 105.880427432153269, 20.941638275836574 ], [ 105.880619774058758, 20.941637283249051 ], [ 105.880621887469957, 20.941998668752728 ], [ 105.880814229825646, 20.941997675929734 ], [ 105.880816343743305, 20.942359061399223 ], [ 105.881201029343899, 20.942357075065534 ], [ 105.881203144229488, 20.942718460482094 ], [ 105.881395487474393, 20.942717466971388 ], [ 105.881396545164804, 20.942898159664502 ], [ 105.881588888629196, 20.942897165927658 ], [ 105.881591004505282, 20.943258551283535 ], [ 105.881783348419901, 20.943257557311199 ], [ 105.881784406605576, 20.943438249973962 ], [ 105.881976750739696, 20.943437255775482 ], [ 105.881978867606335, 20.943798641070657 ], [ 105.882171212190698, 20.943797646636668 ], [ 105.882173329563898, 20.944159031897609 ], [ 105.882365674598503, 20.9441580372281 ], [ 105.882366733532777, 20.944338729843388 ], [ 105.882559078786883, 20.94433773494772 ], [ 105.882561197150721, 20.944699120147938 ], [ 105.882753542855085, 20.944698125016728 ], [ 105.882755661725568, 20.945059510182698 ], [ 105.882948007880202, 20.945058514815955 ], [ 105.882950127257303, 20.945419899947677 ], [ 105.883142473862208, 20.945418904345377 ], [ 105.88314353379846, 20.945599596896052 ], [ 105.883335880622866, 20.945598601067573 ], [ 105.883338000990747, 20.945959986138536 ], [ 105.883530348265452, 20.945958990074491 ], [ 105.883532469140036, 20.946320375111185 ], [ 105.883724816865026, 20.94631937881157 ], [ 105.883726938246312, 20.946680763813998 ], [ 105.883919286421602, 20.946679767278795 ], [ 105.883920347359961, 20.946860459764817 ], [ 105.883727998953873, 20.946861456309399 ], [ 105.883732241897007, 20.947584226252246 ], [ 105.88450163914645, 20.947580238622798 ], [ 105.884505885963137, 20.948303008353435 ], [ 105.884698236170507, 20.948302010866428 ], [ 105.884700360108255, 20.948663395689707 ], [ 105.885277412047486, 20.948660401871315 ], [ 105.88527847472578, 20.948841094248948 ], [ 105.885470825580413, 20.948840095866405 ], [ 105.885471888500831, 20.949020788230754 ], [ 105.885279537415371, 20.949021786622701 ], [ 105.885281662828476, 20.94938317135858 ], [ 105.885474014375575, 20.949382172947839 ], [ 105.885475077329929, 20.949562865300564 ], [ 105.885667429096571, 20.949561866663572 ], [ 105.88566955550084, 20.949923251338578 ], [ 105.886438964300936, 20.949919254546852 ], [ 105.886440028443388, 20.950099946840911 ], [ 105.886632380845967, 20.95009894709144 ], [ 105.886634509626532, 20.950460331649097 ], [ 105.886826862479452, 20.950459331663939 ], [ 105.886827927117579, 20.95064002392753 ], [ 105.887020280190029, 20.950639023716093 ], [ 105.887023474864876, 20.951181100455376 ], [ 105.887215828618565, 20.951180099998819 ], [ 105.887217958920147, 20.95154148445345 ], [ 105.887410313124207, 20.951540483761178 ], [ 105.887413509354147, 20.952082560385779 ], [ 105.887605864239461, 20.952081559448374 ], [ 105.887606929902987, 20.952262251639397 ], [ 105.887799285007844, 20.952261250475686 ], [ 105.887800350913551, 20.952441942653405 ], [ 105.888185061550985, 20.952439939656486 ], [ 105.888186127929799, 20.952620631811474 ], [ 105.888378483462375, 20.952619629978258 ], [ 105.8883795500834, 20.952800322119938 ], [ 105.888571905835505, 20.952799320060404 ], [ 105.888576173356583, 20.953522088550596 ], [ 105.888768530020869, 20.953521086236435 ], [ 105.888770664311267, 20.953882470439392 ], [ 105.88896302142598, 20.953881467889463 ], [ 105.888964088819108, 20.954062159975688 ], [ 105.889156446153365, 20.954061157199423 ], [ 105.889157513788732, 20.954241849272332 ], [ 105.889734586416012, 20.954238839613812 ], [ 105.889735654755441, 20.954419531654505 ], [ 105.889928012506033, 20.954418527991752 ], [ 105.889929081087715, 20.954599220019119 ], [ 105.89012143905785, 20.954598216130012 ], [ 105.890123576717116, 20.954959600154211 ], [ 105.890315935137679, 20.954958596029289 ], [ 105.890320211516283, 20.955681363993342 ], [ 105.890512570849125, 20.955680359613698 ], [ 105.890513640203125, 20.955861051585561 ], [ 105.891475437851255, 20.955856026386268 ], [ 105.891477578902567, 20.956217410223747 ], [ 105.891669938859877, 20.956216404514205 ], [ 105.891672080418587, 20.956577788317237 ], [ 105.891864440826367, 20.956576782371823 ], [ 105.89186658289249, 20.956938166140407 ], [ 105.892251304597579, 20.956936153560925 ], [ 105.892252376109596, 20.957116845420448 ], [ 105.892444737175992, 20.957115838795833 ], [ 105.892445808930333, 20.957296530642008 ], [ 105.892830531490787, 20.957294516723021 ], [ 105.892831603718406, 20.957475208546363 ], [ 105.89302396521245, 20.957474201251987 ], [ 105.893026110163788, 20.957835584868064 ], [ 105.89321847210833, 20.957834577337788 ], [ 105.893220617567167, 20.958195960919376 ], [ 105.893412979962193, 20.958194953153185 ], [ 105.893414052939676, 20.95837564492868 ], [ 105.893606415554245, 20.958374636936057 ], [ 105.89360748877408, 20.958555328698186 ], [ 105.893799851608179, 20.958554320479127 ], [ 105.893800925070408, 20.958735012227876 ], [ 105.893993288124037, 20.958734003782375 ], [ 105.893994361828618, 20.958914695517763 ], [ 105.894186725101804, 20.958913686845822 ], [ 105.894188873007153, 20.959275070285969 ], [ 105.894381236730837, 20.959274061378078 ], [ 105.894382310931618, 20.959454753082838 ], [ 105.894574674874818, 20.959453743948497 ], [ 105.894575749317994, 20.959634435639877 ], [ 105.894768113480737, 20.959633426279069 ], [ 105.894770262863318, 20.959994809631201 ], [ 105.894962627476573, 20.959993800034425 ], [ 105.894963702415964, 20.96017449169517 ], [ 105.895156067248777, 20.960173481871934 ], [ 105.895157142430577, 20.960354173519292 ], [ 105.895349507482933, 20.960353163469584 ], [ 105.895351658342804, 20.960714546733648 ], [ 105.895544023845673, 20.960713536447944 ], [ 105.895546175213269, 20.961074919677483 ], [ 105.895930907108621, 20.961072898417129 ], [ 105.895931983271552, 20.961253590007047 ], [ 105.896124349433066, 20.961252579041894 ], [ 105.89612542583842, 20.961433270618414 ], [ 105.896317792219477, 20.961432259426761 ], [ 105.896318868867283, 20.961612950989895 ], [ 105.896511235467869, 20.961611939571739 ], [ 105.896513389259823, 20.961973322667326 ], [ 105.896705756310951, 20.961972311013152 ], [ 105.896706833455113, 20.962153002545602 ], [ 105.896899200725798, 20.962151990664914 ], [ 105.896900278112412, 20.96233268218397 ], [ 105.897092645602626, 20.962331670076772 ], [ 105.897094800872239, 20.962693053084177 ], [ 105.897287168813023, 20.962692040740933 ], [ 105.897288246696021, 20.96287273222929 ], [ 105.897480614856349, 20.962871719659518 ], [ 105.897482771118774, 20.963233102605539 ], [ 105.897675139729657, 20.96323208979971 ], [ 105.897676218109083, 20.963412781257368 ], [ 105.897868586939524, 20.963411768225008 ], [ 105.897870744194819, 20.96377315110961 ], [ 105.898063113475828, 20.963772137841175 ], [ 105.898064192351711, 20.96395282926812 ], [ 105.898256561852264, 20.963951815773147 ], [ 105.898257640970641, 20.964132507186672 ], [ 105.898450010690766, 20.964131493465143 ], [ 105.898453248807826, 20.964673567653836 ], [ 105.89864561920956, 20.964672553686672 ], [ 105.898647778473745, 20.965033936440648 ], [ 105.898840149326077, 20.965032922237377 ], [ 105.898841229206425, 20.965213613598998 ], [ 105.899033600278301, 20.965212599169163 ], [ 105.899035760535554, 20.965573981861677 ], [ 105.899228132058028, 20.965572967195722 ], [ 105.899229212434932, 20.965753658526616 ], [ 105.899421584176991, 20.965752643634087 ], [ 105.899423745427356, 20.966114026265114 ], [ 105.899616117620013, 20.96611301113645 ], [ 105.899618279378458, 20.966474393732859 ], [ 105.899810652021742, 20.966473378368054 ], [ 105.899811733149264, 20.966654069650879 ], [ 105.900004106012105, 20.966653054059488 ], [ 105.900006268763761, 20.967014436594383 ], [ 105.900198642077243, 20.967013420766826 ], [ 105.900200805337022, 20.967374803267091 ], [ 105.900393179101144, 20.967373787203371 ], [ 105.900395342869075, 20.967735169668988 ], [ 105.900587717083852, 20.967734153369104 ], [ 105.900588799216138, 20.967914844586524 ], [ 105.900781173650486, 20.967913828060023 ], [ 105.90078333841177, 20.9682752104641 ], [ 105.900975713296759, 20.968274193701408 ], [ 105.900977878566238, 20.968635576070827 ], [ 105.901170253901896, 20.968634559071944 ], [ 105.901171336784998, 20.968815250241256 ], [ 105.901363712340228, 20.968814233015738 ], [ 105.901365878603144, 20.969175615323589 ], [ 105.901558254609043, 20.969174597861862 ], [ 105.901560421380225, 20.969535980135049 ], [ 105.901752797836807, 20.969534962437105 ], [ 105.901753881470782, 20.969715653558296 ], [ 105.90194625814695, 20.969714635633704 ], [ 105.901951677645144, 20.970618091133566 ], [ 105.902144055465342, 20.970617072944005 ], [ 105.902151644864702, 20.971881910413746 ], [ 105.902344024291224, 20.971880891940021 ], [ 105.902350531327045, 20.972965038133786 ], [ 105.902542912128894, 20.972964019385465 ], [ 105.902546166495895, 20.973506092401188 ], [ 105.902738547979666, 20.973505073407001 ], [ 105.902746143524453, 20.974769910240731 ], [ 105.902938526614818, 20.974768890962313 ], [ 105.902941782714848, 20.975310963804059 ], [ 105.903134166487206, 20.975309944279736 ], [ 105.903137423384635, 20.975852017057765 ], [ 105.903329807838986, 20.975850997287537 ], [ 105.903335237388134, 20.97675445179198 ], [ 105.903527622986914, 20.976753431756634 ], [ 105.903530881548519, 20.977295504383928 ], [ 105.903723267829363, 20.977294484102636 ], [ 105.90373195968472, 20.978740010861159 ], [ 105.903924347803738, 20.978738990285922 ], [ 105.903930868567699, 20.979823135134136 ], [ 105.904123258062555, 20.979822114284119 ], [ 105.904126519294209, 20.980364186627003 ], [ 105.904511299636724, 20.980362144217775 ], [ 105.90452326346356, 20.982349742298066 ], [ 105.904715656161358, 20.982348720661982 ], [ 105.904721095883232, 20.983252174131476 ], [ 105.904913489725871, 20.983251152230125 ], [ 105.904914577936225, 20.983431842902764 ], [ 105.904722183862305, 20.983432864813725 ], [ 105.904727623931066, 20.984336318166701 ], [ 105.904535228689113, 20.984337339908485 ], [ 105.904536316506253, 20.984518030577032 ], [ 105.904728711979516, 20.984517008825652 ], [ 105.904731976194228, 20.985059080779191 ], [ 105.904924372349853, 20.985058058781739 ], [ 105.904925460675855, 20.985238749415537 ], [ 105.904733064288919, 20.985239771422602 ], [ 105.904736328642386, 20.98578184332953 ], [ 105.904543931549938, 20.985782865148163 ], [ 105.904548283257824, 20.986505627674802 ], [ 105.904355885228497, 20.986506649314613 ], [ 105.904358060689134, 20.986868030573842 ], [ 105.904165662185605, 20.986869052015599 ], [ 105.904167837229807, 20.987230433278491 ], [ 105.903975438252033, 20.987231454522185 ], [ 105.903977612879771, 20.987592835788757 ], [ 105.903785213427753, 20.987593856834383 ], [ 105.903787387639028, 20.987955238104611 ], [ 105.903594987712765, 20.987956258952163 ], [ 105.903598248422213, 20.988498330857176 ], [ 105.903405847790353, 20.988499351516236 ], [ 105.90340802119168, 20.988860732786012 ], [ 105.903215620085547, 20.988861753246976 ], [ 105.90321779307034, 20.989223134520408 ], [ 105.903025391489919, 20.989224154783269 ], [ 105.903026477768265, 20.989404845423753 ], [ 105.902834075944938, 20.989405865478911 ], [ 105.90283516200347, 20.989586556125094 ], [ 105.902642759937223, 20.989587575972543 ], [ 105.902643845775899, 20.989768266624438 ], [ 105.902451443466745, 20.989769286264178 ], [ 105.902453614715967, 20.990130667575482 ], [ 105.902068809137546, 20.990132706241404 ], [ 105.902069894316696, 20.990313396910395 ], [ 105.901685088229399, 20.990315434726256 ], [ 105.901682918808149, 20.989954053346075 ], [ 105.901490516209975, 20.989955071908899 ], [ 105.901497023223698, 20.991039216060287 ], [ 105.901112215216131, 20.991041252648909 ], [ 105.901114383387309, 20.991402634039925 ], [ 105.900921978903469, 20.991403652027405 ], [ 105.900923062774922, 20.991584342726661 ], [ 105.900730658048161, 20.991585360506388 ], [ 105.900731741699744, 20.991766051211329 ], [ 105.900539336730063, 20.991767068783304 ], [ 105.900542587059661, 20.992309140903501 ], [ 105.900350181384255, 20.992310158286848 ], [ 105.900349098160959, 20.992129467574433 ], [ 105.900156692705437, 20.99213048473089 ], [ 105.900157775697338, 20.992311175452869 ], [ 105.89996536999891, 20.992312192401556 ], [ 105.899966452770897, 20.992492883129206 ], [ 105.899774046829549, 20.992493899870123 ], [ 105.899775129381624, 20.99267459060345 ], [ 105.899582723197369, 20.99267560713659 ], [ 105.899583805529531, 20.992856297875591 ], [ 105.899391399102356, 20.992857314200961 ], [ 105.899392481214591, 20.993038004945628 ], [ 105.899200074544495, 20.993039021063208 ], [ 105.899201156436817, 20.993219711813545 ], [ 105.899008749523801, 20.993220727723344 ], [ 105.899009831196196, 20.99340141847934 ], [ 105.89881742404026, 20.993402434181348 ], [ 105.898818505492699, 20.993583124943012 ], [ 105.898626098093857, 20.993584140437225 ], [ 105.898627179326368, 20.993764831204548 ], [ 105.898242364031361, 20.993766861560033 ], [ 105.898243444812493, 20.993947552342554 ], [ 105.898051036916328, 20.993948567203816 ], [ 105.898052117477519, 20.994129257992 ], [ 105.897859709338434, 20.99413027264545 ], [ 105.897860789679655, 20.99431096343929 ], [ 105.897668381297663, 20.994311977884927 ], [ 105.897669461418928, 20.994492668684416 ], [ 105.897284644157622, 20.994494696942702 ], [ 105.89728572382748, 20.994675387757372 ], [ 105.897093314948194, 20.994676401570018 ], [ 105.897094394398067, 20.994857092390326 ], [ 105.896901985275861, 20.994858105995149 ], [ 105.89690306450575, 20.995038796821106 ], [ 105.896710655140637, 20.995039810218088 ], [ 105.896711734150543, 20.995220501049683 ], [ 105.89651932454251, 20.995221514238835 ], [ 105.896520403332431, 20.995402205076065 ], [ 105.896327993481492, 20.99540321805738 ], [ 105.896329072051429, 20.995583908900251 ], [ 105.896136661957556, 20.995584921673714 ], [ 105.896137740307495, 20.995765612522227 ], [ 105.895945329970701, 20.995766625087839 ], [ 105.895946408100642, 20.995947315941976 ], [ 105.895561586929801, 20.995949340440141 ], [ 105.895562664608264, 20.996130031309427 ], [ 105.895370253774203, 20.996131043241959 ], [ 105.895371331232639, 20.996311734116873 ], [ 105.894409275733381, 20.996316790566492 ], [ 105.894410352045938, 20.996497481485047 ], [ 105.894025529303235, 20.996499502562266 ], [ 105.894028756920662, 20.997041575351616 ], [ 105.893836344837737, 20.997042585592649 ], [ 105.893837420501583, 20.997223276524156 ], [ 105.893452595838525, 20.997225296373053 ], [ 105.89345367105085, 20.997405987319663 ], [ 105.893261258470702, 20.997406996927523 ], [ 105.893260183489858, 20.99722630597142 ], [ 105.893067771129779, 20.997227315352415 ], [ 105.893066696391841, 20.997046624382943 ], [ 105.892874284251818, 20.997047633537061 ], [ 105.892879656898273, 20.997951088392988 ], [ 105.892110003594368, 20.997955123025214 ], [ 105.892111077231945, 20.998135814022667 ], [ 105.891726250048578, 20.998137830053366 ], [ 105.891727323234562, 20.998318521065887 ], [ 105.891534909394281, 20.998319528764615 ], [ 105.891535982360182, 20.998500219782713 ], [ 105.891151154182438, 20.998502234546908 ], [ 105.891152226696732, 20.998682925580066 ], [ 105.890574983650168, 20.998685946124251 ], [ 105.890576055481361, 20.998866637181909 ], [ 105.89019122626371, 20.998868649809928 ], [ 105.890192297643281, 20.999049340882621 ], [ 105.889999882785872, 20.999050346879979 ], [ 105.890000953945318, 20.999231037958239 ], [ 105.889616123733376, 20.999233049319642 ], [ 105.889617194441172, 20.999413740412923 ], [ 105.889232363720723, 20.999415750923593 ], [ 105.889233433976869, 20.999596442031876 ], [ 105.888848602747913, 20.999598451691785 ], [ 105.888849672552396, 20.999779142815083 ], [ 105.888464840814976, 20.999781151624216 ], [ 105.888465910167795, 20.999961842762499 ], [ 105.887888661781886, 20.999964854373896 ], [ 105.887889730451505, 21.000145545536597 ], [ 105.887697314068646, 21.000146548981654 ], [ 105.88769838251811, 21.000327240149904 ], [ 105.887313549255296, 21.000329246406626 ], [ 105.887314617253054, 21.000509937589843 ], [ 105.886929783481804, 21.000511942995718 ], [ 105.886930851027856, 21.0006926341939 ], [ 105.886353599591374, 21.000695640700293 ], [ 105.886354666454181, 21.000876331922843 ], [ 105.886162249054479, 21.0008773336662 ], [ 105.88616331569709, 21.001058024894284 ], [ 105.885393645058912, 21.001062029731077 ], [ 105.885394710786699, 21.001242720992909 ], [ 105.885202292867305, 21.00124372166794 ], [ 105.885203358374881, 21.001424412935286 ], [ 105.883856431001647, 21.00143141163813 ], [ 105.883857494899758, 21.001612102967368 ], [ 105.883280239447046, 21.001615099178075 ], [ 105.883281302661828, 21.001795790531585 ], [ 105.882126790062287, 21.001801777138464 ], [ 105.882127851899085, 21.001982468544345 ], [ 105.881165756598222, 21.001987451450653 ], [ 105.881166817288559, 21.002168142899482 ], [ 105.880204720548292, 21.002173120416522 ], [ 105.880205780092126, 21.00235381190824 ], [ 105.879436101571102, 21.002357790045263 ], [ 105.879437160199984, 21.002538481570475 ], [ 105.878859900496494, 21.002541462918071 ], [ 105.878860958441948, 21.002722154467428 ], [ 105.87809127775374, 21.002726126590598 ], [ 105.878092334784199, 21.00290681817339 ], [ 105.87751507345547, 21.002909795010517 ], [ 105.877516129802473, 21.003090486617396 ], [ 105.877131288397422, 21.00309247010685 ], [ 105.877132344292505, 21.00327316172849 ], [ 105.876170239425846, 21.003278116693227 ], [ 105.876171294174313, 21.003458808357536 ], [ 105.875978872935789, 21.003459798707418 ], [ 105.875979927463902, 21.003640490377151 ], [ 105.875787505982601, 21.003641480518876 ], [ 105.875788560290346, 21.003822172194038 ], [ 105.875980982003199, 21.003821182043005 ], [ 105.875982036553708, 21.004001873704972 ], [ 105.875597192653643, 21.004003853808172 ], [ 105.87559613856628, 21.003823162127603 ], [ 105.875018873326923, 21.003826130623519 ], [ 105.87501992671956, 21.004006822331988 ], [ 105.874635082707556, 21.004008800260532 ], [ 105.874636135648217, 21.004189491983698 ], [ 105.87405886885162, 21.004192457273383 ], [ 105.874059921108724, 21.004373149020534 ], [ 105.873867498589249, 21.004374137024772 ], [ 105.873868550625957, 21.004554828777326 ], [ 105.873676127863732, 21.004555816573379 ], [ 105.873677179680016, 21.00473650833133 ], [ 105.873484756675026, 21.004737495919191 ], [ 105.873485808270914, 21.004918187682531 ], [ 105.873100961764266, 21.004920162224387 ], [ 105.87310201290812, 21.005100854002396 ], [ 105.872717165893633, 21.005102827692884 ], [ 105.872718216585469, 21.005283519485566 ], [ 105.87252579282989, 21.005284506013862 ], [ 105.872526843301301, 21.005465197811926 ], [ 105.872141995293475, 21.005467170234606 ], [ 105.872144095343373, 21.005828553856144 ], [ 105.871951670859531, 21.005829539759784 ], [ 105.871952720669597, 21.006010231573999 ], [ 105.871760295943005, 21.006011217269418 ], [ 105.871761345532619, 21.006191909089008 ], [ 105.871568920563277, 21.006192894576191 ], [ 105.871569969932423, 21.006373586401157 ], [ 105.871377544720332, 21.006374571680105 ], [ 105.871379643028845, 21.006735955336904 ], [ 105.871187217342381, 21.006736940416868 ], [ 105.871188266281735, 21.006917632248694 ], [ 105.870995840352521, 21.006918617120423 ], [ 105.870996889071392, 21.007099308957613 ], [ 105.870804462899414, 21.007100293621097 ], [ 105.870806559907351, 21.007461677302341 ], [ 105.870614133261, 21.007462661766812 ], [ 105.870615181550022, 21.00764335361086 ], [ 105.870422754660922, 21.007644337867077 ], [ 105.870423802729462, 21.007825029716489 ], [ 105.870231375597598, 21.00782601376444 ], [ 105.870232423445628, 21.008006705619216 ], [ 105.870039996071014, 21.0080076894589 ], [ 105.870042091337197, 21.008369073175285 ], [ 105.869849663488182, 21.008370056815938 ], [ 105.869850710906334, 21.008550748677543 ], [ 105.869658282814541, 21.008551732109918 ], [ 105.869659330012183, 21.008732423976884 ], [ 105.869466901677626, 21.008733407200985 ], [ 105.869467948654744, 21.008914099073305 ], [ 105.869275520077437, 21.008915082089111 ], [ 105.869277613601724, 21.009276465840564 ], [ 105.869085184550002, 21.009277448657318 ], [ 105.869087277655453, 21.00963883241171 ], [ 105.868894848129315, 21.009639815029402 ], [ 105.868896940815915, 21.010001198786718 ], [ 105.868704510815348, 21.010002181205333 ], [ 105.868705556943652, 21.010182873087398 ], [ 105.868513126700307, 21.010183855297708 ], [ 105.868515218526909, 21.01054523906863 ], [ 105.868322787809149, 21.010546221079853 ], [ 105.868323833507446, 21.010726912968721 ], [ 105.868131402546894, 21.010727894771623 ], [ 105.868132448024625, 21.010908586665828 ], [ 105.867940016821308, 21.010909568260409 ], [ 105.867942107346735, 21.011270952055611 ], [ 105.867749675668961, 21.011271933451084 ], [ 105.867752810845289, 21.011814009142405 ], [ 105.867560378461391, 21.011814990347986 ], [ 105.867562468171059, 21.01217637414122 ], [ 105.867370035312675, 21.012177355147674 ], [ 105.867372124603349, 21.0125387389438 ], [ 105.867179691270493, 21.012539719751118 ], [ 105.867181780142147, 21.012901103550139 ], [ 105.866989346334805, 21.012902084158316 ], [ 105.866990390555557, 21.013082776061211 ], [ 105.866797956505437, 21.013083756461025 ], [ 105.86679900050558, 21.013264448369242 ], [ 105.866606566212667, 21.013265428560697 ], [ 105.866609697584494, 21.013807504289687 ], [ 105.866417262585358, 21.013808484291179 ], [ 105.866419349758573, 21.014169868109494 ], [ 105.866226914284937, 21.014170847911814 ], [ 105.866231087837434, 21.01489361553865 ], [ 105.866038651425825, 21.014894595160193 ], [ 105.86604386745708, 21.015798054652354 ], [ 105.865851429875732, 21.015799034102304 ], [ 105.865853515902273, 21.016160417890383 ], [ 105.865661077846383, 21.016161397141122 ], [ 105.865664206274019, 21.0167034728217 ], [ 105.865471767511792, 21.016704451882415 ], [ 105.865472810111399, 21.016885143777365 ], [ 105.865280371106365, 21.016886122629671 ], [ 105.865283498276327, 21.017428198318807 ], [ 105.865091058564943, 21.017429176981064 ], [ 105.865095227352782, 21.018151944548958 ], [ 105.864902786703269, 21.018152923030357 ], [ 105.864904870700016, 21.018514306809379 ], [ 105.864712429575889, 21.018515285091521 ], [ 105.864714513153345, 21.018876668873379 ], [ 105.864522071554603, 21.018877646956263 ], [ 105.864525196308392, 21.019419722627475 ], [ 105.864332754003229, 21.019420700520271 ], [ 105.86433691956924, 21.020143468064241 ], [ 105.864144476325862, 21.020144445776118 ], [ 105.86414655871161, 21.020505829543151 ], [ 105.863954114993561, 21.020506807055735 ], [ 105.863958278970458, 21.021229574579923 ], [ 105.863765834314123, 21.021230551911557 ], [ 105.863768956717394, 21.021772627541441 ], [ 105.863576511354566, 21.021773604682945 ], [ 105.863581714421841, 21.022677064034262 ], [ 105.863389267888834, 21.022678041003964 ], [ 105.863394470073104, 21.023581500304033 ], [ 105.863202022369848, 21.023582477101908 ], [ 105.86320618338867, 21.024305244508717 ], [ 105.863013734746971, 21.024306221125588 ], [ 105.863021015332009, 21.025571064002122 ], [ 105.862828565056219, 21.025572040465466 ], [ 105.862835844559072, 21.026836883215804 ], [ 105.862643392649076, 21.026837859525585 ], [ 105.862647551680283, 21.027560626762686 ], [ 105.86245509883166, 21.027561602891396 ], [ 105.862465494863073, 21.0293685208038 ], [ 105.862273039684297, 21.029369496806396 ], [ 105.862286553159606, 21.03171848963073 ], [ 105.862094094954557, 21.031719465534653 ], [ 105.862098252394219, 21.032442232462042 ], [ 105.861905793250301, 21.032443208184812 ], [ 105.861909949938578, 21.033165975086661 ], [ 105.861717489855735, 21.033166950628267 ], [ 105.861721645792542, 21.033889717504557 ], [ 105.86152918477076, 21.033890692864983 ], [ 105.861533339956011, 21.034613459715711 ], [ 105.861340877995232, 21.034614434894941 ], [ 105.861343993803928, 21.035156510019643 ], [ 105.861151531136116, 21.035157485008501 ], [ 105.861155684773991, 21.035880251823627 ], [ 105.860963221167125, 21.035881226631265 ], [ 105.860966335815192, 21.036423301729247 ], [ 105.860773871501252, 21.036424276346491 ], [ 105.860774909507285, 21.036604968047193 ], [ 105.86058244495031, 21.036605942455743 ], [ 105.860584520531361, 21.03696732586377 ], [ 105.860392055499332, 21.036968300072768 ], [ 105.860396205865442, 21.037691066878761 ], [ 105.860203739894274, 21.037692040906482 ], [ 105.860205814679318, 21.03805342430444 ], [ 105.860013348233039, 21.038054398132584 ], [ 105.860016459797009, 21.038596473227784 ], [ 105.859823992643598, 21.038597446865484 ], [ 105.859827103610456, 21.039139521953111 ], [ 105.85963463574987, 21.039140495400353 ], [ 105.859638782931484, 21.039863262165987 ], [ 105.859446314131645, 21.039864235431892 ], [ 105.859451497195806, 21.040767693847133 ], [ 105.859259027224596, 21.040768666940817 ], [ 105.85926317294556, 21.041491433639575 ], [ 105.859070702035012, 21.041492406551885 ], [ 105.859073810744917, 21.042034481562521 ], [ 105.858881339127095, 21.042035454284324 ], [ 105.858884447239646, 21.042577529287346 ], [ 105.858691974914521, 21.042578501818621 ], [ 105.858695082429676, 21.043120576814044 ], [ 105.858502609397235, 21.043121549154773 ], [ 105.858504680664723, 21.043482932483872 ], [ 105.858312207157056, 21.043483904624932 ], [ 105.858314278004258, 21.043845287956714 ], [ 105.858121804021366, 21.0438462598981 ], [ 105.858124909678168, 21.044388334893974 ], [ 105.857932434987916, 21.044389306644781 ], [ 105.857934505016445, 21.044750689974162 ], [ 105.85774202985094, 21.044751661525282 ], [ 105.857746169111181, 21.045474428173851 ], [ 105.857553693006153, 21.045475399543488 ], [ 105.857555762237851, 21.045836782862672 ], [ 105.857363285657541, 21.04583775403259 ], [ 105.857366388890938, 21.046379829009542 ], [ 105.857173911603184, 21.046380799988846 ], [ 105.857177014238871, 21.046922874958142 ], [ 105.856984536243672, 21.046923845746807 ], [ 105.856986604257983, 21.047285229058442 ], [ 105.856794125787459, 21.04728619964737 ], [ 105.856796193381314, 21.04764758296167 ], [ 105.856603714435494, 21.047648553350843 ], [ 105.856604748016679, 21.047829245011258 ], [ 105.856412268827725, 21.047830215191574 ], [ 105.856413302187704, 21.048010906857197 ], [ 105.856220822755589, 21.048011876828646 ], [ 105.856221855894347, 21.048192568499488 ], [ 105.856029376219098, 21.048193538262062 ], [ 105.856032475004582, 21.048735613278552 ], [ 105.855839994621832, 21.048736582850438 ], [ 105.855843092809337, 21.049278657859219 ], [ 105.855650611719042, 21.049279627240406 ], [ 105.855652676767761, 21.049641010578345 ], [ 105.855460195202113, 21.049641979759731 ], [ 105.855463292160707, 21.050184054764749 ], [ 105.855270809887486, 21.050185023755422 ], [ 105.855271841996711, 21.05036571542507 ], [ 105.855079359480328, 21.050366684206832 ], [ 105.85508142326718, 21.050728067552644 ], [ 105.85488894027543, 21.05072903613458 ], [ 105.854891003641626, 21.051090419483007 ], [ 105.85469852017448, 21.05109138786511 ], [ 105.854700583120007, 21.051452771216155 ], [ 105.85450809917748, 21.051453739398415 ], [ 105.854511192981136, 21.051995814423062 ], [ 105.854318708330965, 21.051996782414555 ], [ 105.854322832626693, 21.052719549095965 ], [ 105.854130347036616, 21.052720516905747 ], [ 105.854133439676502, 21.053262591903199 ], [ 105.853940953378753, 21.05326355952219 ], [ 105.853941984048333, 21.053444251189312 ], [ 105.853749497507394, 21.053445218599347 ], [ 105.853750527955654, 21.053625910271645 ], [ 105.853943014728841, 21.05362494285254 ], [ 105.853946106835949, 21.054167017818905 ], [ 105.853753619365975, 21.054167985265227 ], [ 105.853756710874663, 21.054710060223805 ], [ 105.85356422269696, 21.054711027479307 ], [ 105.853567313607201, 21.055253102430104 ], [ 105.85337482472174, 21.055254069494765 ], [ 105.85338306577151, 21.056699602598357 ], [ 105.853190575016825, 21.056700569517503 ], [ 105.853193664893851, 21.057242644394382 ], [ 105.853386156345451, 21.057241677448037 ], [ 105.853388216782704, 21.057603060661716 ], [ 105.853195724866481, 21.057604027626194 ], [ 105.853196754869188, 21.057784719236263 ], [ 105.853004262709703, 21.057785685991739 ], [ 105.853011471408237, 21.059050527216815 ], [ 105.852818977611577, 21.059051493817645 ], [ 105.852822066520602, 21.059593568597247 ], [ 105.852629572016028, 21.059594535007168 ], [ 105.852630601441874, 21.059775226601648 ], [ 105.852245611935288, 21.059777158785305 ], [ 105.852247669890346, 21.060138541998839 ], [ 105.852055174655987, 21.060139507781628 ], [ 105.852060318572839, 21.061042965792677 ], [ 105.851867822165815, 21.061043931402619 ], [ 105.851871936566198, 21.061766697777667 ], [ 105.851679439218799, 21.061767663205703 ], [ 105.851681496019708, 21.062129046387987 ], [ 105.851488998196672, 21.062130011615995 ], [ 105.85149208278267, 21.062672086387408 ], [ 105.851299584251606, 21.062673051424433 ], [ 105.851301640232023, 21.063034434604024 ], [ 105.851109141225265, 21.063035399440999 ], [ 105.851111196784501, 21.063396782623119 ], [ 105.850918697302092, 21.063397747260044 ], [ 105.850921780025502, 21.063939822031188 ], [ 105.850729279834994, 21.063940786477094 ], [ 105.850731334573609, 21.064302169656489 ], [ 105.850538833907422, 21.064303133902321 ], [ 105.85054191539983, 21.064845208669364 ], [ 105.850349414025516, 21.06484617272416 ], [ 105.850351467943412, 21.065207555900813 ], [ 105.850158966093389, 21.065208519755515 ], [ 105.85016101958999, 21.065569902934683 ], [ 105.849968517264244, 21.065570866589287 ], [ 105.849969543796462, 21.065751558182068 ], [ 105.849777041227412, 21.065752521627541 ], [ 105.849779093859638, 21.066113904819495 ], [ 105.849586590814852, 21.066114868064854 ], [ 105.849587616914846, 21.066295559664027 ], [ 105.849395113626755, 21.066296522700238 ], [ 105.849396139505203, 21.066477214304552 ], [ 105.849203635973794, 21.066478177131611 ], [ 105.849205687298465, 21.066839560346612 ], [ 105.849013183291305, 21.066840522973539 ], [ 105.849014208737515, 21.06702121458423 ], [ 105.848821704487051, 21.067022177001999 ], [ 105.848822729711671, 21.067202868617823 ], [ 105.848630225217903, 21.067203830826426 ], [ 105.848631250220947, 21.067384522447377 ], [ 105.848438745483861, 21.067385484446806 ], [ 105.848439770265344, 21.067566176072884 ], [ 105.84824726528494, 21.067567137863144 ], [ 105.848249314415597, 21.067928521121658 ], [ 105.848056808959413, 21.067929482711754 ], [ 105.848057833308573, 21.068110174344191 ], [ 105.847865327609085, 21.068111135725108 ], [ 105.847866351736656, 21.068291827362657 ], [ 105.84767384579385, 21.068292788534382 ], [ 105.84767486969983, 21.068473480177058 ], [ 105.847482363513706, 21.068474441139593 ], [ 105.847484410893273, 21.068835824431289 ], [ 105.847291904231369, 21.068836785193632 ], [ 105.84729292770497, 21.069017476842649 ], [ 105.847100420799748, 21.069018437395783 ], [ 105.847101444051717, 21.069199129049924 ], [ 105.846908936903191, 21.069200089393849 ], [ 105.846910982974734, 21.069561472708447 ], [ 105.8467184753504, 21.069562432852162 ], [ 105.846719498169975, 21.069743124512634 ], [ 105.846526990302323, 21.069744084447134 ], [ 105.846529035509022, 21.070105467774383 ], [ 105.846336527165562, 21.070106427508655 ], [ 105.846337549552686, 21.07028711917544 ], [ 105.846145040965908, 21.070288078700489 ], [ 105.846146063131386, 21.070468770372376 ], [ 105.845953554301275, 21.070469729688202 ], [ 105.845954576245106, 21.070650421365187 ], [ 105.845762067171677, 21.070651380471773 ], [ 105.845764110626845, 21.071012763832051 ], [ 105.84557160107758, 21.071013722738382 ], [ 105.845572622588918, 21.071194414421676 ], [ 105.845187602992951, 21.071196331597619 ], [ 105.845189645118083, 21.071557714988469 ], [ 105.844997134838849, 21.071558673267052 ], [ 105.844998155685147, 21.07173936496562 ], [ 105.844805645162609, 21.071740323034948 ], [ 105.844807686422655, 21.072101706438382 ], [ 105.844615175424252, 21.072102664307423 ], [ 105.844616195838, 21.072283356012278 ], [ 105.844231173343729, 21.072285271113579 ], [ 105.844233213273597, 21.072646654547519 ], [ 105.844040701545211, 21.072647611788742 ], [ 105.844041721293848, 21.072828303508846 ], [ 105.84384920932213, 21.072829260540789 ], [ 105.84385124838677, 21.073190643987264 ], [ 105.843658735939201, 21.073191600818888 ], [ 105.843659755255217, 21.073372292545258 ], [ 105.8432747298626, 21.073374205571671 ], [ 105.84327676759689, 21.073735589048596 ], [ 105.843084254419324, 21.073736545252334 ], [ 105.843085273070145, 21.073917236993921 ], [ 105.842700246217532, 21.073919148764535 ], [ 105.842702282621403, 21.07428053227186 ], [ 105.842509768713825, 21.074281487847685 ], [ 105.842511804695775, 21.074642871357369 ], [ 105.842319290312332, 21.074643826732824 ], [ 105.84232030808694, 21.074824518490775 ], [ 105.842127793460165, 21.074825473656912 ], [ 105.842128811013012, 21.075006165419936 ], [ 105.84193629614289, 21.075007120376739 ], [ 105.841937313473963, 21.075187812144822 ], [ 105.841552283236254, 21.075189721421502 ], [ 105.84155330011302, 21.075370413203576 ], [ 105.841360784745433, 21.075371367523442 ], [ 105.84136180140041, 21.075552059310571 ], [ 105.84078425453535, 21.075554920987294 ], [ 105.840785270503432, 21.075735612797345 ], [ 105.840207722843758, 21.075738472536319 ], [ 105.840208738124915, 21.075919164369285 ], [ 105.840016221984257, 21.07592011718797 ], [ 105.840017237043611, 21.07610080902597 ], [ 105.839824720659649, 21.076101761635289 ], [ 105.839825735497172, 21.076282453478324 ], [ 105.83944070223184, 21.076284358059951 ], [ 105.839441716614985, 21.076465049916937 ], [ 105.839249199733601, 21.07646600188923 ], [ 105.839250213894942, 21.076646693751254 ], [ 105.83905769677024, 21.076647645514175 ], [ 105.83905871070975, 21.076828337381222 ], [ 105.838673675962951, 21.076830240270006 ], [ 105.838674689448055, 21.077010932150994 ], [ 105.838482171825959, 21.077011883276846 ], [ 105.838484198363204, 21.07737326704498 ], [ 105.838291680265215, 21.077374217970355 ], [ 105.838292693317371, 21.07755490985749 ], [ 105.838100174976049, 21.077555860573479 ], [ 105.838101187806345, 21.077736552465634 ], [ 105.837908669221704, 21.077737502972216 ], [ 105.837910694449334, 21.078098886762664 ], [ 105.837718175388773, 21.078099837068752 ], [ 105.837719187786078, 21.078280528967049 ], [ 105.837526668482198, 21.078281479063712 ], [ 105.83752768065763, 21.078462170967022 ], [ 105.837335161110431, 21.078463120854273 ], [ 105.837336173063989, 21.078643812762596 ], [ 105.837143653273458, 21.07864476244044 ], [ 105.837144665005141, 21.078825454353755 ], [ 105.837337185028289, 21.078824504667026 ], [ 105.837338197003305, 21.079005196567554 ], [ 105.836953156481087, 21.079007095740501 ], [ 105.836954168001611, 21.079187787654941 ], [ 105.836761647491812, 21.079188736922823 ], [ 105.836762658790448, 21.079369428842266 ], [ 105.836570138037317, 21.079370377900716 ], [ 105.83657114911405, 21.079551069825161 ], [ 105.836378628117586, 21.079552018674171 ], [ 105.836379638972431, 21.079732710603611 ], [ 105.836187117732635, 21.079733659243182 ], [ 105.836188128365578, 21.079914351177621 ], [ 105.835995606882449, 21.079915299607745 ], [ 105.835997627715216, 21.08027668348273 ], [ 105.835612583786357, 21.080278579723512 ], [ 105.83561359375355, 21.080459271672932 ], [ 105.835421071540424, 21.080460219474695 ], [ 105.835422081285685, 21.080640911429104 ], [ 105.835229558829241, 21.080641859021409 ], [ 105.835230568352571, 21.080822550980802 ], [ 105.835038045652809, 21.080823498363642 ], [ 105.835039054954208, 21.08100419032802 ], [ 105.834654009057289, 21.081006084456408 ], [ 105.834655017904126, 21.081186776434645 ], [ 105.834269971499168, 21.081188669707391 ], [ 105.8342709798914, 21.081369361699473 ], [ 105.833885932978433, 21.081371254116547 ], [ 105.833886940916059, 21.08155194612247 ], [ 105.833501893495082, 21.081553837683867 ], [ 105.833502900978118, 21.08173452970362 ], [ 105.833310377018947, 21.081735475165651 ], [ 105.833311384280023, 21.081916167190364 ], [ 105.832926335864386, 21.081918057477068 ], [ 105.832927342670828, 21.082098749515609 ], [ 105.832542293747224, 21.082100638946585 ], [ 105.832543300099019, 21.082281330998924 ], [ 105.832158250667447, 21.082283219574158 ], [ 105.832159256564609, 21.082463911640311 ], [ 105.831581681639335, 21.082466742891977 ], [ 105.831582686849188, 21.082647434980757 ], [ 105.831197636380409, 21.082649321407729 ], [ 105.8311986411356, 21.082830013510293 ], [ 105.829850962531012, 21.082836609187979 ], [ 105.829851965668198, 21.083017301348431 ], [ 105.829659439878057, 21.083018242723448 ], [ 105.829660442793212, 21.083198934888831 ], [ 105.829467916759768, 21.083199876054298 ], [ 105.829468919452893, 21.083380568224612 ], [ 105.829276393176158, 21.083381509180526 ], [ 105.829277395647239, 21.083562201355761 ], [ 105.828892342596561, 21.083564082630076 ], [ 105.828891340590815, 21.08338339043722 ], [ 105.828698814282205, 21.08338433073801 ], [ 105.828697812519778, 21.083203638532446 ], [ 105.828505286433227, 21.08320457860605 ], [ 105.828506287962995, 21.083385270820418 ], [ 105.828313761633169, 21.083386210684459 ], [ 105.828317766927725, 21.084108979538229 ], [ 105.82774018508249, 21.084111797925704 ], [ 105.827739184440958, 21.083931105691693 ], [ 105.827354130289805, 21.083932983507179 ], [ 105.827355130465961, 21.084113675758779 ], [ 105.827162603141815, 21.084114614347747 ], [ 105.827163603095897, 21.08429530660424 ], [ 105.826971075528462, 21.084296244983612 ], [ 105.826972075260457, 21.084476937245014 ], [ 105.826587019628434, 21.084478813366179 ], [ 105.826588018905653, 21.084659505641255 ], [ 105.826395490841065, 21.084660443383036 ], [ 105.826396489896183, 21.084841135663019 ], [ 105.82620396158832, 21.084842073195201 ], [ 105.82620496042135, 21.085022765480065 ], [ 105.826012431870211, 21.085023702802633 ], [ 105.826013430481126, 21.085204395092397 ], [ 105.82562837288171, 21.085206269099899 ], [ 105.825629371037806, 21.085386961403323 ], [ 105.825244312930707, 21.085388834554799 ], [ 105.825245310631985, 21.085569526871875 ], [ 105.82466772269396, 21.085572334987411 ], [ 105.824668719707702, 21.085753027326902 ], [ 105.824283660564106, 21.085754898329448 ], [ 105.824284657123002, 21.085935590682574 ], [ 105.824092127302677, 21.085936525865009 ], [ 105.824093123639429, 21.086117218223006 ], [ 105.823900593575829, 21.086118153195795 ], [ 105.823901589690422, 21.086298845558652 ], [ 105.82370905938356, 21.086299780321788 ], [ 105.823710055275996, 21.086480472689519 ], [ 105.823517524725872, 21.086481407242996 ], [ 105.823518520396163, 21.086662099615591 ], [ 105.823903581951299, 21.08666023027271 ], [ 105.823904578097583, 21.08684092262391 ], [ 105.82371204709257, 21.086841857413308 ], [ 105.823713043016667, 21.087022549769369 ], [ 105.823327980509546, 21.087024418710435 ], [ 105.823328975978768, 21.087205111080106 ], [ 105.822943912964021, 21.087206979165 ], [ 105.822944907978339, 21.087387671548278 ], [ 105.822559844455952, 21.087389538776996 ], [ 105.822560839015367, 21.087570231173878 ], [ 105.822175774985368, 21.087572097546389 ], [ 105.822176769089864, 21.087752789956863 ], [ 105.821791704552297, 21.087754655473155 ], [ 105.821792698201847, 21.087935347897201 ], [ 105.821407633156682, 21.087937212557264 ], [ 105.8214086263513, 21.088117904994888 ], [ 105.820831028006438, 21.088120700372958 ], [ 105.820832020513379, 21.088301392832879 ], [ 105.820254421375637, 21.088304186271245 ], [ 105.820255413194872, 21.088484878753437 ], [ 105.81987034658502, 21.088486739970957 ], [ 105.81987133794928, 21.088667432466686 ], [ 105.819293737257496, 21.08867022268085 ], [ 105.819294727934022, 21.088850915198826 ], [ 105.819102194116354, 21.088851844842047 ], [ 105.819103184570636, 21.08903253736484 ], [ 105.819295718621049, 21.089031607712908 ], [ 105.8192986907451, 21.089573685231823 ], [ 105.819106155996437, 21.089574614909875 ], [ 105.819104175035406, 21.08921322988374 ], [ 105.818911640741732, 21.089214159325937 ], [ 105.818910650509721, 21.08903346679833 ], [ 105.818333048264051, 21.089036253788162 ], [ 105.818334037797811, 21.089216946341871 ], [ 105.817756434759531, 21.089219731391822 ], [ 105.817757423605514, 21.089400423967724 ], [ 105.81717981977468, 21.089403207077769 ], [ 105.817180807932871, 21.089583899675837 ], [ 105.816795738194443, 21.089585754007679 ], [ 105.816796725897618, 21.08976644661923 ], [ 105.81621912051321, 21.089769226504671 ], [ 105.816220107528551, 21.08994991913837 ], [ 105.815257430514933, 21.089954547955152 ], [ 105.815258416376935, 21.090135240628307 ], [ 105.814488273646958, 21.090138939784257 ], [ 105.814489258588324, 21.090319632488168 ], [ 105.813719114760303, 21.090323328183477 ], [ 105.813720098781033, 21.090504020918107 ], [ 105.813142490102237, 21.090506790421745 ], [ 105.813143473435076, 21.090687483178421 ], [ 105.812758400464901, 21.090689328439172 ], [ 105.812759383342609, 21.090870021209241 ], [ 105.811219089183354, 21.090877393582886 ], [ 105.811220070209274, 21.091058086418109 ], [ 105.810642459029637, 21.091060847479458 ], [ 105.810641478702067, 21.090880154618382 ], [ 105.810063868127287, 21.090882913687715 ], [ 105.810062888508426, 21.090702220796906 ], [ 105.809485278538546, 21.090704977874257 ], [ 105.80948429962838, 21.090524284953748 ], [ 105.808521617301722, 21.090528875670461 ], [ 105.808520639565785, 21.090348182703064 ], [ 105.804092302885891, 21.090369229459004 ], [ 105.80409133051397, 21.090188536290619 ], [ 105.803706257966738, 21.09019036096478 ], [ 105.803707229873112, 21.09037105415025 ], [ 105.802359474004163, 21.090377433688204 ], [ 105.802360444291423, 21.090558126929526 ], [ 105.801397760055551, 21.090562677231215 ], [ 105.801398729189216, 21.090743370511269 ], [ 105.800628580684574, 21.090747006854382 ], [ 105.800629548897419, 21.090927700164599 ], [ 105.800051936712876, 21.090930425153591 ], [ 105.800052904237631, 21.091111118485443 ], [ 105.799475291262496, 21.091113841533755 ], [ 105.799476258099148, 21.091294534887208 ], [ 105.798706106391094, 21.09129816259372 ], [ 105.798707072306854, 21.091478855977268 ], [ 105.798321995925846, 21.091480668536672 ], [ 105.798322961386248, 21.091661361933305 ], [ 105.797937884498751, 21.091663173635794 ], [ 105.797938849503808, 21.091843867045512 ], [ 105.797553772109822, 21.091845677891062 ], [ 105.797554736659535, 21.092026371313843 ], [ 105.797362197714406, 21.09202727641738 ], [ 105.79736123339751, 21.091846582986125 ], [ 105.796976155942218, 21.091848392520824 ], [ 105.796977119793539, 21.092029085969017 ], [ 105.796399502835627, 21.092031798657903 ], [ 105.796400465998772, 21.092212492127615 ], [ 105.795822848250637, 21.092215202875572 ], [ 105.795823810725594, 21.092395896366789 ], [ 105.795053652654133, 21.092399507672489 ], [ 105.795054614208084, 21.092580201193631 ], [ 105.794669534645621, 21.09258200555248 ], [ 105.794670495744143, 21.092762699086627 ], [ 105.794092875625665, 21.092765404011601 ], [ 105.794093836035955, 21.092946097567189 ], [ 105.793516215127468, 21.092948800551088 ], [ 105.793517174849512, 21.093129494128103 ], [ 105.79332463429354, 21.093130394694196 ], [ 105.793325593792929, 21.093311088275755 ], [ 105.79294051218487, 21.093312888769308 ], [ 105.792941471228801, 21.093493582363845 ], [ 105.792363848042058, 21.093496281490758 ], [ 105.7923648063977, 21.093676975106671 ], [ 105.791402099719349, 21.093681469323702 ], [ 105.791403056921055, 21.093862162977814 ], [ 105.790825432093868, 21.093864856911278 ], [ 105.790826388607243, 21.094045550586735 ], [ 105.789478595359483, 21.094051828842769 ], [ 105.789477640475866, 21.093871135108525 ], [ 105.789285098775665, 21.093872031119851 ], [ 105.789286053426466, 21.094052724862472 ], [ 105.787745717598384, 21.094059885154056 ], [ 105.7877466703967, 21.094240578959845 ], [ 105.786976501309013, 21.094244153895044 ], [ 105.786977453186097, 21.094424847730423 ], [ 105.785822197855126, 21.094430203628214 ], [ 105.785821247375011, 21.094249509742685 ], [ 105.784280908232532, 21.094256638636566 ], [ 105.784281856850015, 21.094437332588846 ], [ 105.782741515201693, 21.094444447564971 ], [ 105.782742461966563, 21.094625141579989 ], [ 105.78197228997027, 21.094628693857121 ], [ 105.781973235813837, 21.094809387901506 ], [ 105.778892542501609, 21.094823562181034 ], [ 105.778893484629791, 21.095004256354258 ], [ 105.776775503933621, 21.095013968813163 ], [ 105.776776443510542, 21.095194663073443 ], [ 105.776198811503889, 21.095197307361801 ], [ 105.776197872625488, 21.095016613076762 ], [ 105.775620241227855, 21.095019255373721 ], [ 105.775619303057923, 21.094838561060058 ], [ 105.774464041391369, 21.094843839704602 ], [ 105.77446310462841, 21.094663145337627 ], [ 105.773885474359631, 21.094665781685276 ], [ 105.773884538305083, 21.094485087289726 ], [ 105.773691995095163, 21.094485965627026 ], [ 105.773691059283379, 21.094305271219369 ], [ 105.773498516296357, 21.094306149329931 ], [ 105.773497580727323, 21.09412545491017 ], [ 105.773305037963226, 21.094126332794012 ], [ 105.773304102636914, 21.09394563836214 ], [ 105.773111560095757, 21.093946516019248 ], [ 105.77311062501218, 21.093765821575275 ], [ 105.77291808269392, 21.093766699005666 ], [ 105.772917147853079, 21.093586004549593 ], [ 105.772532063652505, 21.09358775873844 ], [ 105.772531129287202, 21.09340706426206 ], [ 105.77214604551267, 21.093408817560487 ], [ 105.772145111622905, 21.093228123063792 ], [ 105.771952569953612, 21.093228999377057 ], [ 105.771951636306554, 21.093048304868269 ], [ 105.771759094860187, 21.093049180954832 ], [ 105.77175816145585, 21.092868486433964 ], [ 105.771565620232408, 21.092869362293829 ], [ 105.771562820777106, 21.092327278683292 ], [ 105.771370280242209, 21.092328154300063 ], [ 105.771371213151269, 21.092508848848993 ], [ 105.771178672373679, 21.092509724255482 ], [ 105.771179605059814, 21.092690418808719 ], [ 105.770601981969335, 21.092693043741825 ], [ 105.770601049981607, 21.092512349164 ], [ 105.769830886653949, 21.092515845983193 ], [ 105.769829955607335, 21.092335151368736 ], [ 105.769059793053088, 21.092338644659389 ], [ 105.769058862947531, 21.092157950008339 ], [ 105.766555836584544, 21.092169278954039 ], [ 105.766554909515278, 21.091988584193015 ], [ 105.76559220778968, 21.091992931607269 ], [ 105.765591281894245, 21.091812236801637 ], [ 105.763088259287102, 21.091823514410457 ], [ 105.763089182156136, 21.092004209321694 ], [ 105.760201073602872, 21.092017176187383 ], [ 105.76020199298965, 21.09219787121615 ], [ 105.759624370317297, 21.092200458714434 ], [ 105.759623451628954, 21.092019763661433 ], [ 105.759238370264328, 21.092021487551698 ], [ 105.75923928848708, 21.092202182620849 ], [ 105.757121337725735, 21.09221164848427 ], [ 105.757120422063835, 21.092030953326478 ], [ 105.756542799623475, 21.09203353031322 ], [ 105.756541884669673, 21.091852835127412 ], [ 105.756349344069633, 21.091853693677979 ], [ 105.75634842935834, 21.091672998480245 ], [ 105.75596334859479, 21.09167471490986 ], [ 105.755962434358779, 21.091494019692167 ], [ 105.755577354022066, 21.091495735231788 ], [ 105.755576440261336, 21.091315039994154 ], [ 105.755383900311244, 21.091315897428213 ], [ 105.755382986792995, 21.091135202178663 ], [ 105.754997907329383, 21.091136916375294 ], [ 105.754996994286373, 21.090956221105799 ], [ 105.75461191524964, 21.090957934412483 ], [ 105.754613740414143, 21.091319324979668 ], [ 105.754806280402931, 21.091318468419519 ], [ 105.754809018920596, 21.091860554217099 ], [ 105.754616478233416, 21.091861410801307 ], [ 105.754617390859181, 21.092042106067421 ], [ 105.752884522144512, 21.092049805565622 ], [ 105.752885432684693, 21.092230500899948 ], [ 105.752692891435316, 21.092231355315317 ], [ 105.752691981127938, 21.092050659972987 ], [ 105.75249944010173, 21.092051514161867 ], [ 105.752497619981511, 21.091690123449549 ], [ 105.75269016054213, 21.091689269276667 ], [ 105.752689250263685, 21.091508573922685 ], [ 105.752881790581853, 21.091507719539315 ], [ 105.752878148633371, 21.090784938116556 ], [ 105.75268560924637, 21.090785792467916 ], [ 105.752684699016157, 21.090605097094514 ], [ 105.752299620678798, 21.090606805125816 ], [ 105.752300530443449, 21.090787500515219 ], [ 105.751915451601974, 21.09078920768863 ], [ 105.751916360910684, 21.090969903090123 ], [ 105.751531281565107, 21.090971609405621 ], [ 105.751532190417848, 21.091152304819222 ], [ 105.751147110568155, 21.091154010276792 ], [ 105.751148018964955, 21.091334705702479 ], [ 105.750955478792889, 21.091335558111528 ], [ 105.750954570628878, 21.091154862677858 ], [ 105.750569490721446, 21.091156566824566 ], [ 105.750568583032631, 21.090975871371057 ], [ 105.749990963797742, 21.090978425928611 ], [ 105.749990056816927, 21.090797730447299 ], [ 105.749604977744511, 21.090799432377356 ], [ 105.749608603863109, 21.091522214343076 ], [ 105.749801144335279, 21.091521363455414 ], [ 105.749803864723461, 21.09206344986503 ], [ 105.749418782372686, 21.092065151469683 ], [ 105.749417876032624, 21.09188445598776 ], [ 105.748840253132855, 21.091887006732193 ], [ 105.748841158774511, 21.092067702238005 ], [ 105.748648617555915, 21.092068552057135 ], [ 105.748647712147076, 21.091887856543366 ], [ 105.74787754810805, 21.091891253603201 ], [ 105.747878452585667, 21.092071949148782 ], [ 105.747108287462083, 21.092075342744621 ], [ 105.747107383915676, 21.091894647167262 ], [ 105.746914842843651, 21.091895495012064 ], [ 105.746916649480426, 21.092256886178777 ], [ 105.746724107933218, 21.092257733820965 ], [ 105.746725011033135, 21.092438429406435 ], [ 105.746532469243562, 21.092439276838068 ], [ 105.74653337212024, 21.092619972427595 ], [ 105.746340830088272, 21.092620819648676 ], [ 105.746341732741712, 21.092801515242247 ], [ 105.746534275006496, 21.092800668013236 ], [ 105.746536080807715, 21.093162059172865 ], [ 105.746343538077284, 21.093162906417739 ], [ 105.746342635404716, 21.092982210831934 ], [ 105.746150092897551, 21.092983057850379 ], [ 105.746152800245468, 21.093525144619949 ], [ 105.746345343451097, 21.093524297577709 ], [ 105.74634714886318, 21.093885688722139 ], [ 105.746539692524905, 21.093884841445526 ], [ 105.746541498440919, 21.094246232558557 ], [ 105.746734042558742, 21.094245385047572 ], [ 105.746734945763933, 21.094426080590321 ], [ 105.746542401413265, 21.09442692810925 ], [ 105.746543304395189, 21.094607623656064 ], [ 105.746350759802112, 21.09460847096441 ], [ 105.746351662560755, 21.094789166515273 ], [ 105.745966572880235, 21.094790860492274 ], [ 105.745967475182752, 21.094971556055111 ], [ 105.745582384998301, 21.094973249173886 ], [ 105.745581483161473, 21.094792553595198 ], [ 105.745388938287775, 21.094793399818883 ], [ 105.745388036693342, 21.094612704228389 ], [ 105.745195492042924, 21.094613550225635 ], [ 105.745190084073926, 21.093529376553573 ], [ 105.744997540810957, 21.09353022228478 ], [ 105.74499844188243, 21.093710917914418 ], [ 105.74461335486221, 21.093712608737157 ], [ 105.744615156102441, 21.094074000016445 ], [ 105.744422612112359, 21.094074845115877 ], [ 105.744421711720307, 21.093894149470263 ], [ 105.744229167953506, 21.09389499434327 ], [ 105.744227367663655, 21.093533603024568 ], [ 105.743649737703038, 21.093536136285106 ], [ 105.743650637144711, 21.09371683197012 ], [ 105.743843180707273, 21.093715987760543 ], [ 105.743845879787969, 21.094258074768575 ], [ 105.744038424039488, 21.094257230316771 ], [ 105.744040223939948, 21.094618621620231 ], [ 105.744425313345772, 21.094616932029428 ], [ 105.744426213775995, 21.094797627659521 ], [ 105.744618758697428, 21.094796782528434 ], [ 105.744622361445096, 21.095519564978286 ], [ 105.743467086185007, 21.095524632676817 ], [ 105.74346798549864, 21.095705328327021 ], [ 105.743275439355756, 21.0957061721865 ], [ 105.743276338446051, 21.095886867840726 ], [ 105.743083792060773, 21.095887711489571 ], [ 105.743084690927745, 21.096068407147811 ], [ 105.742892144300086, 21.096069250586023 ], [ 105.742891245665973, 21.095888554919885 ], [ 105.742698699261652, 21.095889398131664 ], [ 105.742700496073667, 21.096250789475842 ], [ 105.742315402305039, 21.096252475275381 ], [ 105.742316300259589, 21.096433170957429 ], [ 105.742123753128141, 21.096434013537277 ], [ 105.742125548600058, 21.09679540490551 ], [ 105.741547905751418, 21.09679793138114 ], [ 105.74154880280301, 21.096978627083086 ], [ 105.741356254934928, 21.096979468812428 ], [ 105.741358048600873, 21.097340860220424 ], [ 105.741165500257523, 21.097341701746981 ], [ 105.74116639687189, 21.097522397453037 ], [ 105.740973848286146, 21.097523238768915 ], [ 105.740976537487541, 21.098065325887408 ], [ 105.740783988193655, 21.098066167008366 ], [ 105.740785780576289, 21.098427558417033 ], [ 105.740015581442705, 21.098430920778231 ], [ 105.740016476716676, 21.098611616508215 ], [ 105.739823926676664, 21.09861245655998 ], [ 105.739824821727225, 21.098793152293947 ], [ 105.739632271444847, 21.098793992135001 ], [ 105.739633166271986, 21.098974687872957 ], [ 105.739440615747199, 21.09897552750331 ], [ 105.739441510350915, 21.099156223245231 ], [ 105.73924895958379, 21.099157062664876 ], [ 105.739249853964054, 21.09933775841078 ], [ 105.739057302954535, 21.099338597619713 ], [ 105.739058197111376, 21.099519293369589 ], [ 105.738865645859477, 21.0995201323678 ], [ 105.73886653979288, 21.099700828121648 ], [ 105.738673988298601, 21.099701666909141 ], [ 105.738674882008567, 21.09988236266695 ], [ 105.738097226770179, 21.099884877741523 ], [ 105.73809901282101, 21.100246269292594 ], [ 105.737713908349775, 21.100247944947455 ], [ 105.737715693506757, 21.10060933651436 ], [ 105.737523140791126, 21.100610174029594 ], [ 105.737524925520063, 21.100971565596655 ], [ 105.737332372329107, 21.100972402908983 ], [ 105.737333264474827, 21.101153098694528 ], [ 105.737140711041505, 21.101153935796098 ], [ 105.737141602963732, 21.101334631585591 ], [ 105.736949049288029, 21.101335468476403 ], [ 105.736949940986761, 21.101516164269849 ], [ 105.736564833141145, 21.101517837411361 ], [ 105.736565724383453, 21.101698533216588 ], [ 105.73637317021354, 21.101699369467273 ], [ 105.736374061232354, 21.10188006527644 ], [ 105.73618150682006, 21.101880901316353 ], [ 105.736182397615366, 21.102061597129467 ], [ 105.735989842960691, 21.102062432958601 ], [ 105.735990733532489, 21.102243128775651 ], [ 105.735798178635449, 21.10224396439401 ], [ 105.735799068983724, 21.102424660214997 ], [ 105.735413958695446, 21.102426330811532 ], [ 105.735415738488484, 21.102787722473142 ], [ 105.735030627230685, 21.102789392226494 ], [ 105.735031516675434, 21.102970088067114 ], [ 105.734838960799451, 21.102970922623683 ], [ 105.734839850020649, 21.103151618468225 ], [ 105.734647293902285, 21.10315245281399 ], [ 105.73464818289996, 21.103333148662454 ], [ 105.734455626539201, 21.103333982797416 ], [ 105.734457404096872, 21.103695374498312 ], [ 105.73407229041527, 21.103697042143605 ], [ 105.734073178742292, 21.103877738003835 ], [ 105.733880621654407, 21.103878571506343 ], [ 105.733881509757865, 21.104059267370495 ], [ 105.73349639508794, 21.104060933735248 ], [ 105.733497282734845, 21.104241629611113 ], [ 105.73330472515282, 21.104242462473344 ], [ 105.733305612576146, 21.104423158353121 ], [ 105.733113054751726, 21.104423991004516 ], [ 105.733113941951487, 21.104604686888198 ], [ 105.732921383884701, 21.104605519328757 ], [ 105.732922270860854, 21.10478621521635 ], [ 105.732729712551702, 21.104787047446067 ], [ 105.732730599304276, 21.104967743337568 ], [ 105.732345482191818, 21.104969407156666 ], [ 105.732346368487811, 21.105150103059859 ], [ 105.732153809684505, 21.105150934649231 ], [ 105.732154695756904, 21.105331630556321 ], [ 105.731769577656166, 21.10533329309472 ], [ 105.731770463271957, 21.105513989013488 ], [ 105.731577903974539, 21.105514819962504 ], [ 105.731578789366722, 21.105695515885166 ], [ 105.731193670277747, 21.105697177142812 ], [ 105.731194555213307, 21.105877873077141 ], [ 105.731001995421764, 21.105878703385766 ], [ 105.731002880133701, 21.106059399323978 ], [ 105.730810320099792, 21.106060229421733 ], [ 105.730812089085759, 21.106421621302051 ], [ 105.730426968057827, 21.106423280872658 ], [ 105.73042785209887, 21.106603976822527 ], [ 105.730235291337848, 21.106604806287617 ], [ 105.730237058981956, 21.10696619819122 ], [ 105.730044497745553, 21.10696702745318 ], [ 105.730045381348646, 21.107147723406921 ], [ 105.729852819869862, 21.107148552457971 ], [ 105.72985370324929, 21.107329248415589 ], [ 105.72966114152814, 21.107330077255742 ], [ 105.729662024683918, 21.107510773217228 ], [ 105.729276900747507, 21.107512430257046 ], [ 105.729277783446591, 21.10769312623016 ], [ 105.729085221231358, 21.10769395442982 ], [ 105.729086103706749, 21.107874650406799 ], [ 105.728893541249136, 21.107875478395535 ], [ 105.728894423500847, 21.108056174376383 ], [ 105.728701860800868, 21.108057002154194 ], [ 105.72870362486627, 21.108418394119738 ], [ 105.728318498506169, 21.108420049050331 ], [ 105.728319380086802, 21.108600745042754 ], [ 105.72812681665971, 21.108601572187776 ], [ 105.728128579382926, 21.10896296417647 ], [ 105.727936015480424, 21.108963791118292 ], [ 105.727936896622992, 21.109144487114552 ], [ 105.72774433247811, 21.109145313845424 ], [ 105.727745213396972, 21.109326009845535 ], [ 105.727360084613139, 21.10932766266669 ], [ 105.727361845546625, 21.109689054686203 ], [ 105.727169280674644, 21.109689880784217 ], [ 105.727170160922327, 21.109870576795874 ], [ 105.726977595807952, 21.10987140268292 ], [ 105.726978475831913, 21.110052098698425 ], [ 105.726785910475158, 21.110052924374504 ], [ 105.726786790275369, 21.110233620393849 ], [ 105.726594224676248, 21.110234445858961 ], [ 105.726595104252709, 21.110415141882154 ], [ 105.726402538411222, 21.110415967136287 ], [ 105.726403417763947, 21.110596663163317 ], [ 105.726210851680079, 21.110597488206473 ], [ 105.726211730809041, 21.110778184237333 ], [ 105.726019164482807, 21.11077900906951 ], [ 105.726020922302538, 21.111140401135021 ], [ 105.725635788689857, 21.111142050174116 ], [ 105.72563666714754, 21.111322746216477 ], [ 105.725444100094165, 21.111323570415678 ], [ 105.725444978328085, 21.111504266461871 ], [ 105.725252411032329, 21.111505090450066 ], [ 105.72525328904247, 21.111685786500086 ], [ 105.725060721504363, 21.111686610277285 ], [ 105.725061599290711, 21.111867306331124 ], [ 105.724676463720442, 21.11186895324478 ], [ 105.724677341049912, 21.112049649310151 ], [ 105.724292204976322, 21.112051295364342 ], [ 105.724293081848913, 21.112231991441227 ], [ 105.724100513565091, 21.112232814147951 ], [ 105.724101390213889, 21.112413510228656 ], [ 105.723908821687715, 21.112414332724352 ], [ 105.723909698112706, 21.112595028808862 ], [ 105.723524560566318, 21.112596673159462 ], [ 105.723526312511765, 21.112958065347616 ], [ 105.723141173995899, 21.112959708854081 ], [ 105.723140298484722, 21.112779012746564 ], [ 105.722947729445977, 21.112779834164016 ], [ 105.722948604724053, 21.112960530279214 ], [ 105.722563466152579, 21.112962172473303 ], [ 105.722564340973719, 21.113142868599983 ], [ 105.722371771440976, 21.113143689376614 ], [ 105.722372646038295, 21.113324385507092 ], [ 105.721409797070251, 21.113328486147633 ], [ 105.721408923638435, 21.113147789978786 ], [ 105.721216354050156, 21.113148609443023 ], [ 105.721215480860707, 21.112967913262622 ], [ 105.721022911496277, 21.11296873250047 ], [ 105.721026403377223, 21.113691517229416 ], [ 105.720833833071154, 21.113692336279186 ], [ 105.720834705831379, 21.113873032459384 ], [ 105.720449564725314, 21.113874669918019 ], [ 105.720450437028575, 21.114055366109653 ], [ 105.720065295419332, 21.114057002708645 ], [ 105.7200661672656, 21.114237698911701 ], [ 105.719873596214015, 21.114238516890744 ], [ 105.719874467836391, 21.11441921309757 ], [ 105.719681896542482, 21.114420030865521 ], [ 105.719684510765617, 21.114962119485654 ], [ 105.719491938763099, 21.1149629370578 ], [ 105.719492809956151, 21.115143633264395 ], [ 105.71930023771128, 21.115144450625436 ], [ 105.719301108680426, 21.115325146835794 ], [ 105.719108536193218, 21.115325963985729 ], [ 105.719109406938443, 21.115506660199848 ], [ 105.719687125071815, 21.115504208070835 ], [ 105.719686253627188, 21.115323511879662 ], [ 105.719878826086727, 21.115322694073456 ], [ 105.719877082758913, 21.114961301694755 ], [ 105.720069654742957, 21.114960483685099 ], [ 105.720068782859769, 21.114779787497579 ], [ 105.720261354601476, 21.114778969276834 ], [ 105.720260482494396, 21.114598273093076 ], [ 105.720453053993751, 21.114597454661233 ], [ 105.720452181662779, 21.114416758481255 ], [ 105.720644752919782, 21.114415939838331 ], [ 105.720643880364932, 21.114235243662122 ], [ 105.720836451379569, 21.11423442480811 ], [ 105.720835578600855, 21.114053728635689 ], [ 105.721220720136188, 21.114052090286755 ], [ 105.721219846900482, 21.113871394125777 ], [ 105.721412417421163, 21.113870574630869 ], [ 105.721411543961608, 21.113689878473664 ], [ 105.721989254768829, 21.113687418699516 ], [ 105.721988380619209, 21.11350672256145 ], [ 105.72218095063667, 21.113505902206935 ], [ 105.722184448223146, 21.114228686705179 ], [ 105.72199187727324, 21.1142295070904 ], [ 105.721993625655799, 21.114590899331574 ], [ 105.721801054230411, 21.114591719513395 ], [ 105.72180280218376, 21.114953111754385 ], [ 105.721610230282863, 21.114953931732803 ], [ 105.721611104040292, 21.115134627855145 ], [ 105.721418531897029, 21.115135447622485 ], [ 105.721420278973383, 21.115496839870854 ], [ 105.721227706354611, 21.115497659434766 ], [ 105.721228579673536, 21.115678355560789 ], [ 105.721036006812383, 21.11567917491362 ], [ 105.721036879907416, 21.115859871043426 ], [ 105.720844306803883, 21.115860690185155 ], [ 105.720846052555402, 21.116222082448445 ], [ 105.720653478976345, 21.116222901386738 ], [ 105.72065522429854, 21.116584293649815 ], [ 105.72046265024396, 21.116585112384662 ], [ 105.720463522685762, 21.116765808518032 ], [ 105.720270948388816, 21.116766627041763 ], [ 105.720271820606698, 21.116947323178913 ], [ 105.720079246067357, 21.116948141491527 ], [ 105.720080118061333, 21.117128837632443 ], [ 105.719694968488639, 21.117130473616658 ], [ 105.719695840025551, 21.117311169769 ], [ 105.719310689949637, 21.117312804893398 ], [ 105.719311561029457, 21.117493501057147 ], [ 105.719118985744501, 21.117494318298824 ], [ 105.719119856600372, 21.117675014466339 ], [ 105.718927281073036, 21.117675831496879 ], [ 105.718928151704958, 21.11785652766816 ], [ 105.718735575935256, 21.117857344487554 ], [ 105.718736446343243, 21.118038040662583 ], [ 105.71854387033116, 21.118038857270836 ], [ 105.718544740515185, 21.118219553449624 ], [ 105.718352164260708, 21.118220369846725 ], [ 105.718353904190053, 21.118581762207917 ], [ 105.718161327460038, 21.118582578401497 ], [ 105.718162197205359, 21.118763274583902 ], [ 105.71796962023295, 21.118764090566327 ], [ 105.717971359284846, 21.119125482934745 ], [ 105.71777878183687, 21.119126298713638 ], [ 105.717779651143445, 21.119306994899659 ], [ 105.717394495753524, 21.119308625816302 ], [ 105.717395364602936, 21.119489322013685 ], [ 105.717202786660991, 21.119490137151431 ], [ 105.717203655286411, 21.119670833352565 ], [ 105.717011077102086, 21.11967164827912 ], [ 105.717011945503501, 21.119852344483995 ], [ 105.716819367076809, 21.119853159199369 ], [ 105.716820235254232, 21.120033855407975 ], [ 105.716627656585132, 21.120034669912162 ], [ 105.71662852453855, 21.120215366124501 ], [ 105.716435945627069, 21.120216180417497 ], [ 105.716437681095073, 21.120577572845768 ], [ 105.716245101708012, 21.120578386935176 ], [ 105.716245969222598, 21.120759083151089 ], [ 105.716053389593128, 21.120759897029302 ], [ 105.716054256883695, 21.120940593248953 ], [ 105.715861677011844, 21.12094140691595 ], [ 105.715863411154103, 21.121302799358826 ], [ 105.715670830806644, 21.121303612822224 ], [ 105.715672564519181, 21.12166500526477 ], [ 105.715479983696142, 21.121665818524558 ], [ 105.715480850332952, 21.121846514747613 ], [ 105.715288269267518, 21.121847327796171 ], [ 105.715290002102222, 21.122208720245848 ], [ 105.715097420561179, 21.122209533090782 ], [ 105.715098286759059, 21.122390229317393 ], [ 105.714905704975621, 21.122391041951097 ], [ 105.714906570949438, 21.122571738181424 ], [ 105.714521406888579, 21.122573362807515 ], [ 105.714522272405119, 21.122754059049154 ], [ 105.714137107841154, 21.122755682815068 ], [ 105.714137972900375, 21.122936379068015 ], [ 105.713945390371421, 21.122937190630303 ], [ 105.713946255206579, 21.123117886886956 ], [ 105.713561089654746, 21.123119509370174 ], [ 105.713561954032571, 21.123300205638113 ], [ 105.713369371009691, 21.123301016559036 ], [ 105.713371099326309, 21.123662409098433 ], [ 105.713178515827792, 21.123663219815679 ], [ 105.713179379766572, 21.123843916087125 ], [ 105.71298679602566, 21.123844726593102 ], [ 105.71298852346419, 21.124206119139519 ], [ 105.712795939247627, 21.124206929441797 ], [ 105.712796802747349, 21.124387625716754 ], [ 105.712604218288405, 21.124388435807752 ], [ 105.712605081564007, 21.124569132086396 ], [ 105.712412496862669, 21.124569941966104 ], [ 105.712413359914152, 21.124750638248454 ], [ 105.712220774970419, 21.124751447916871 ], [ 105.712224226334655, 21.125474233037679 ], [ 105.711839054553664, 21.125475851778479 ], [ 105.711839916951007, 21.125656548064107 ], [ 105.711647330813548, 21.125657357113766 ], [ 105.711648192986758, 21.125838053403076 ], [ 105.711455606606904, 21.125838862241419 ], [ 105.711457330514136, 21.126200254823523 ], [ 105.711264743658603, 21.126201063458122 ], [ 105.711265605392626, 21.126381759750902 ], [ 105.711073018294684, 21.126382568174176 ], [ 105.711073879804545, 21.126563264470636 ], [ 105.710688705114748, 21.126564880675641 ], [ 105.710689566167162, 21.126745576983343 ], [ 105.710496978575307, 21.126746384765074 ], [ 105.710497839403544, 21.126927081076435 ], [ 105.71069042722867, 21.12692627328715 ], [ 105.710693010467921, 21.127468362175264 ], [ 105.710500421942896, 21.127469169987211 ], [ 105.710501282807584, 21.127649866283036 ], [ 105.710116105263609, 21.127651481265342 ], [ 105.710116965670778, 21.12783217757239 ], [ 105.709731787623781, 21.127833791694201 ], [ 105.70973264757346, 21.128014488012457 ], [ 105.709540058303006, 21.128015294752558 ], [ 105.70954091802848, 21.128195991074467 ], [ 105.709348328515617, 21.128196797603209 ], [ 105.709349188016901, 21.128377493928777 ], [ 105.709156598261615, 21.128378300246158 ], [ 105.70915745753868, 21.128558996575379 ], [ 105.708579687518366, 21.128561414236682 ], [ 105.708578828941242, 21.128380717884852 ], [ 105.707808469720177, 21.128383938338423 ], [ 105.707807612085375, 21.12820324195259 ], [ 105.707229843274192, 21.128205654971687 ], [ 105.707230700209067, 21.128386351380083 ], [ 105.706460340733955, 21.128389565704271 ], [ 105.706461196744655, 21.128570262138844 ], [ 105.706268606619901, 21.128571065180132 ], [ 105.706269462406354, 21.128751761618332 ], [ 105.706076872039219, 21.12875256444822 ], [ 105.706077727601411, 21.128933260890033 ], [ 105.70588513699191, 21.12893406350852 ], [ 105.70588599232984, 21.129114759953961 ], [ 105.705500810617067, 21.129116364549187 ], [ 105.705502520386773, 21.129477757458424 ], [ 105.705309929050159, 21.129478559442667 ], [ 105.705310783715262, 21.129659255898957 ], [ 105.705118192136283, 21.129660057671778 ], [ 105.705119901026961, 21.130021450587694 ], [ 105.705312493072597, 21.130020648799881 ], [ 105.705315057176449, 21.130562738122133 ], [ 105.705507649913059, 21.130561936092899 ], [ 105.705510214798366, 21.131104025357697 ], [ 105.704739840997519, 21.131107232251011 ], [ 105.704740695043995, 21.131287928694825 ], [ 105.704355507622637, 21.131289530842835 ], [ 105.704356361211438, 21.131470227297747 ], [ 105.703971173287229, 21.131471828584964 ], [ 105.703972026418356, 21.131652525050963 ], [ 105.703586837991338, 21.131654125477382 ], [ 105.703587690664776, 21.13183482195446 ], [ 105.70320250173495, 21.131836421520056 ], [ 105.703204206175457, 21.132197814492471 ], [ 105.703396801111609, 21.132197014804191 ], [ 105.703397653578762, 21.132377711277094 ], [ 105.703205058409253, 21.132378510972849 ], [ 105.703205910652045, 21.132559207449347 ], [ 105.702628124389292, 21.132561605245318 ], [ 105.7026264213129, 21.132200212243603 ], [ 105.702433826340695, 21.132201011056083 ], [ 105.702434677641008, 21.132381707566349 ], [ 105.702242082426423, 21.132382506167339 ], [ 105.702245486784349, 21.133105292199431 ], [ 105.702438082932417, 21.133104493568574 ], [ 105.702440636995576, 21.133646583029449 ], [ 105.702248040147367, 21.133647381682707 ], [ 105.702249742434418, 21.134008774652131 ], [ 105.702057145110416, 21.134009573101359 ], [ 105.702059697908382, 21.134551662548759 ], [ 105.701867099875201, 21.134552460801398 ], [ 105.701867950592458, 21.134733157283556 ], [ 105.701290155738761, 21.134735550749991 ], [ 105.70129100576483, 21.13491624725064 ], [ 105.701098407228869, 21.134917044642282 ], [ 105.701099257030521, 21.135097741146506 ], [ 105.700906658252165, 21.135098538326616 ], [ 105.700907507829413, 21.13527923483441 ], [ 105.700714908808663, 21.135280031802981 ], [ 105.700715758161493, 21.135460728314335 ], [ 105.699945361055001, 21.135463914028573 ], [ 105.699946209483187, 21.135644610565826 ], [ 105.699561010409226, 21.135646202123901 ], [ 105.699562706358876, 21.136007595216501 ], [ 105.699370106341604, 21.136008390681926 ], [ 105.69937095409648, 21.136189087229837 ], [ 105.698793153290623, 21.136191472334442 ], [ 105.698794000354198, 21.136372168900763 ], [ 105.698408799305298, 21.136373757890368 ], [ 105.698407952708564, 21.136193061309193 ], [ 105.698215352404091, 21.136193855468068 ], [ 105.698214506049737, 21.136013158875581 ], [ 105.697251505560189, 21.136017126347934 ], [ 105.697252350747462, 21.136197822977515 ], [ 105.696867150022172, 21.13619940844832 ], [ 105.696867994751543, 21.136380105088833 ], [ 105.696675394142076, 21.136380897503145 ], [ 105.696677083160793, 21.136742290787335 ], [ 105.696291880981349, 21.136743874988582 ], [ 105.696292725037253, 21.136924571639664 ], [ 105.695907522355228, 21.136926154979697 ], [ 105.695908365953215, 21.13710685164169 ], [ 105.695523162768609, 21.137108434120499 ], [ 105.695524005908652, 21.137289130793409 ], [ 105.694753598498693, 21.137292293152491 ], [ 105.694754440713893, 21.137472989851073 ], [ 105.694561838605694, 21.137473779900702 ], [ 105.69456099662392, 21.137293083194741 ], [ 105.694368394740223, 21.137293873017974 ], [ 105.694369236488569, 21.137474569731324 ], [ 105.693791430083763, 21.137476937909117 ], [ 105.693790589035729, 21.137296241173626 ], [ 105.692634977386533, 21.137300971571662 ], [ 105.692635817033946, 21.137481668351366 ], [ 105.691865408156318, 21.137484817599294 ], [ 105.691866246878874, 21.13766551440456 ], [ 105.69128843942714, 21.137667874062931 ], [ 105.691289277458239, 21.137848570886373 ], [ 105.691096674723156, 21.137849357008477 ], [ 105.691097512529666, 21.138030053835379 ], [ 105.690712306566013, 21.138031625437243 ], [ 105.690713143914493, 21.138212322274949 ], [ 105.690520540685938, 21.138213107754698 ], [ 105.69052137780983, 21.138393804595861 ], [ 105.688980549795005, 21.138400080607731 ], [ 105.688979714538704, 21.138219383707895 ], [ 105.68782409455703, 21.138224081473901 ], [ 105.687823260710246, 21.138043384526267 ], [ 105.686860244983393, 21.13804729327164 ], [ 105.686859412312671, 21.13786659628359 ], [ 105.686666809374302, 21.137867377368302 ], [ 105.686667641811596, 21.13804807436366 ], [ 105.686475038630974, 21.138048855236658 ], [ 105.686474206427121, 21.137868158233999 ], [ 105.686089000506371, 21.137869719308338 ], [ 105.686088168778213, 21.137689022287208 ], [ 105.685702963289131, 21.137690582470892 ], [ 105.685702132036667, 21.137509885431289 ], [ 105.685124324437396, 21.137512224042336 ], [ 105.685123493894039, 21.137331526976986 ], [ 105.684930891576826, 21.137332306068693 ], [ 105.684930061275679, 21.137151608992177 ], [ 105.684737459183111, 21.137152387857586 ], [ 105.684738289250802, 21.137333084941382 ], [ 105.684160482220065, 21.137335420245392 ], [ 105.684159652852671, 21.137154723139762 ], [ 105.683774448588508, 21.137156278899493 ], [ 105.683772790813791, 21.136794884647507 ], [ 105.683580189135398, 21.136795662184316 ], [ 105.683579360494619, 21.136614965045233 ], [ 105.683386759040914, 21.136615742355765 ], [ 105.683385102252515, 21.136254348051406 ], [ 105.682999900252483, 21.136255901986424 ], [ 105.682999072338276, 21.136075204813885 ], [ 105.682613870770041, 21.136076757858383 ], [ 105.682612215901585, 21.135715363472624 ], [ 105.682419615571163, 21.135716139651866 ], [ 105.682420442767608, 21.135896836853941 ], [ 105.682227842195019, 21.135897612821438 ], [ 105.682227015232002, 21.135716915612107 ], [ 105.682034414884072, 21.13571769135336 ], [ 105.682033588163222, 21.135536994132885 ], [ 105.682226188277738, 21.13553621839889 ], [ 105.682225361332215, 21.135355521181793 ], [ 105.681840161561283, 21.135357072416298 ], [ 105.681839335091325, 21.135176375180819 ], [ 105.681646735426156, 21.135177150462329 ], [ 105.681645909198366, 21.134996453215713 ], [ 105.681260710308592, 21.134998003107299 ], [ 105.681259884556354, 21.134817305842301 ], [ 105.681067285331764, 21.134818080452376 ], [ 105.681066459821665, 21.134637383176266 ], [ 105.680681261813078, 21.134638931724979 ], [ 105.680680436778516, 21.1344582344305 ], [ 105.680295239201826, 21.134459782088811 ], [ 105.680294414642773, 21.134279084775983 ], [ 105.680101816074725, 21.134279858269437 ], [ 105.680100991757811, 21.134099160945496 ], [ 105.679908393414451, 21.134099934212745 ], [ 105.679907569339647, 21.133919236877688 ], [ 105.679714971220932, 21.133920009918729 ], [ 105.679713323564286, 21.133558615222519 ], [ 105.679520725903643, 21.133559388030132 ], [ 105.679519078748626, 21.133197993303941 ], [ 105.679326481546028, 21.133198765878142 ], [ 105.679324834892626, 21.132837371121973 ], [ 105.679132238148085, 21.132838143462759 ], [ 105.679130591996298, 21.132476748676616 ], [ 105.678937995709788, 21.132477520784004 ], [ 105.678935527247532, 21.131935428554012 ], [ 105.678357740436084, 21.131937743497506 ], [ 105.678358562548027, 21.132118440933031 ], [ 105.678165966693456, 21.132119212150165 ], [ 105.678165144814869, 21.131938514707436 ], [ 105.677779953546334, 21.13194005647043 ], [ 105.677779132143186, 21.131759359009394 ], [ 105.677586536729237, 21.131760129555257 ], [ 105.677584894415716, 21.131398734607131 ], [ 105.677777489362953, 21.131397964075678 ], [ 105.677776667985867, 21.131217266602995 ], [ 105.678161857387522, 21.131215724897658 ], [ 105.678162679231306, 21.131396422355927 ], [ 105.678355274152437, 21.13139565116763 ], [ 105.678353630006853, 21.131034256261632 ], [ 105.678161035552435, 21.131035027435509 ], [ 105.678160213726031, 21.130854329969473 ], [ 105.677967619496258, 21.130855100917195 ], [ 105.677966797911907, 21.130674403440072 ], [ 105.677774203906793, 21.130675174161649 ], [ 105.677773382564482, 21.130494476673437 ], [ 105.677195601197027, 21.130496787502931 ], [ 105.677197242490237, 21.130858182518686 ], [ 105.677004648217022, 21.13085895237171 ], [ 105.677006289078278, 21.131220347386336 ], [ 105.676621099572372, 21.131221886464342 ], [ 105.676620279604094, 21.131041188944582 ], [ 105.676427685071474, 21.131041958147975 ], [ 105.676426865345249, 21.130861260617134 ], [ 105.676234271037302, 21.1308620295944 ], [ 105.676233451553102, 21.13068133205249 ], [ 105.675848263377901, 21.130682869335821 ], [ 105.675849082395402, 21.130863566892106 ], [ 105.675463893718828, 21.130865103314054 ], [ 105.675462256625877, 21.130503708168867 ], [ 105.675077068848026, 21.130505243686336 ], [ 105.675076250781245, 21.130324546093561 ], [ 105.674691063435461, 21.130326080720938 ], [ 105.674690245844019, 21.130145383109927 ], [ 105.674305058930301, 21.13014691684722 ], [ 105.67430424181417, 21.129966219217994 ], [ 105.673919055332561, 21.129967752065223 ], [ 105.673918238691769, 21.129787054417783 ], [ 105.673533052642242, 21.129788586374964 ], [ 105.67353223647676, 21.129607888709316 ], [ 105.673339643672378, 21.129608654352356 ], [ 105.67333882774885, 21.129427956675663 ], [ 105.672568457378318, 21.12943101702994 ], [ 105.672567642396771, 21.12925031932075 ], [ 105.672375050015887, 21.129251083854854 ], [ 105.67237423527628, 21.129070386134636 ], [ 105.671989050955318, 21.129071914531796 ], [ 105.671988236690993, 21.128891216793406 ], [ 105.67006231690273, 21.128898845572621 ], [ 105.670061504980239, 21.128718147758999 ], [ 105.666980035265752, 21.128730308156889 ], [ 105.666980843455065, 21.128911006084227 ], [ 105.666788251291763, 21.128911764255385 ], [ 105.666789059256288, 21.12909246218592 ], [ 105.666596466851104, 21.129093220145251 ], [ 105.666595659119906, 21.128912522207628 ], [ 105.666017882553092, 21.128914794750834 ], [ 105.666018689584305, 21.129095492709709 ], [ 105.665440912240626, 21.129097763303868 ], [ 105.665441718580396, 21.129278461280101 ], [ 105.664863940459909, 21.129280729925185 ], [ 105.664864746108222, 21.129461427918748 ], [ 105.664479560185256, 21.129462939268315 ], [ 105.664480365375425, 21.129643637272135 ], [ 105.664095178951712, 21.129645147760122 ], [ 105.664095983683723, 21.129825845774182 ], [ 105.663903390225741, 21.129826600696834 ], [ 105.663904194732936, 21.130007298714077 ], [ 105.663711601033114, 21.130008053424859 ], [ 105.663712405315479, 21.130188751445278 ], [ 105.663519811373789, 21.130189505944191 ], [ 105.663520615431324, 21.130370203967779 ], [ 105.663135427055749, 21.130371712322898 ], [ 105.663136230655084, 21.130552410356714 ], [ 105.662943636221186, 21.130553164212913 ], [ 105.662944439595691, 21.13073386224989 ], [ 105.662751844919939, 21.130734615894205 ], [ 105.662752648069585, 21.130915313934352 ], [ 105.662174863291298, 21.130917573574767 ], [ 105.662175665749388, 21.131098271632165 ], [ 105.661983070572944, 21.131099024414791 ], [ 105.661983872806161, 21.131279722475337 ], [ 105.661598681961081, 21.131281227397828 ], [ 105.661599483736083, 21.131461925468571 ], [ 105.661406888067461, 21.131462677608425 ], [ 105.661407689617576, 21.131643375682327 ], [ 105.661022497788153, 21.131644879319246 ], [ 105.661023298880025, 21.131825577403323 ], [ 105.660830702719224, 21.131826328900384 ], [ 105.660831503586195, 21.132007026987605 ], [ 105.660638907183568, 21.132007778272733 ], [ 105.660639707825652, 21.132188476363098 ], [ 105.66044711118117, 21.132189227436292 ], [ 105.660447911598368, 21.132369925529801 ], [ 105.660255314712032, 21.132370676391066 ], [ 105.6602561149043, 21.132551374487708 ], [ 105.659870920639506, 21.132552875567384 ], [ 105.659871720373502, 21.13273357367418 ], [ 105.659679122995016, 21.132734323892592 ], [ 105.659679922504111, 21.132915022002521 ], [ 105.65948732488377, 21.132915772008982 ], [ 105.659488124167936, 21.133096470122052 ], [ 105.659102928435161, 21.133097969492091 ], [ 105.659103727260998, 21.13327866761529 ], [ 105.658718531027631, 21.133280166123459 ], [ 105.658719329395154, 21.133460864256797 ], [ 105.658334132661224, 21.133462361903089 ], [ 105.658334930570405, 21.133643060046545 ], [ 105.657949733335911, 21.133644556830944 ], [ 105.657950530786763, 21.133825254984515 ], [ 105.65775793192347, 21.133826003055248 ], [ 105.65775872914935, 21.13400670121192 ], [ 105.657566130044231, 21.134007449070673 ], [ 105.657566927045153, 21.134188147230457 ], [ 105.657374327698193, 21.134188894877219 ], [ 105.657375124474157, 21.13436959304012 ], [ 105.656989925288116, 21.134371087690667 ], [ 105.656990721605723, 21.134551785863664 ], [ 105.656798121766656, 21.134552532867446 ], [ 105.656798917859263, 21.134733231043544 ], [ 105.656221117591343, 21.134735470761917 ], [ 105.656221912992152, 21.134916168955069 ], [ 105.65583671230462, 21.134917661019671 ], [ 105.655837507247028, 21.135098359222898 ], [ 105.65564490665723, 21.135099104933687 ], [ 105.655645701374638, 21.135279803139998 ], [ 105.65526049970299, 21.135281293918531 ], [ 105.655261293961985, 21.1354619921349 ], [ 105.655068692880135, 21.135462737202644 ], [ 105.655069486914101, 21.135643435422097 ], [ 105.65487688559044, 21.135644180277808 ], [ 105.654877679399391, 21.135824878500344 ], [ 105.654685077833904, 21.135825623144026 ], [ 105.654685871417826, 21.136006321369639 ], [ 105.654493269610512, 21.136007065801273 ], [ 105.65449406296942, 21.136187764029973 ], [ 105.654301460920294, 21.13618850824956 ], [ 105.654302254054159, 21.136369206481334 ], [ 105.653917049463857, 21.136370694277414 ], [ 105.653917842139265, 21.136551392519209 ], [ 105.653725239598089, 21.136552136095691 ], [ 105.653726032048439, 21.136732834340556 ], [ 105.653533429265465, 21.13673357770498 ], [ 105.653534221490773, 21.136914275952918 ], [ 105.653341618465973, 21.13691501910527 ], [ 105.653342410466223, 21.137095717356285 ], [ 105.653149807199597, 21.137096460296572 ], [ 105.653151390758353, 21.137457856800829 ], [ 105.652766183266209, 21.137459342052136 ], [ 105.652766974591259, 21.137640040312323 ], [ 105.652574370599183, 21.137640782616394 ], [ 105.652575161699161, 21.137821480879644 ], [ 105.652382557465259, 21.137822222971625 ], [ 105.652384139223415, 21.138183619500346 ], [ 105.652191534514245, 21.138184361387172 ], [ 105.652192325172408, 21.138365059652653 ], [ 105.651999720221426, 21.138365801327389 ], [ 105.65200130109595, 21.138727197860568 ], [ 105.651808695669672, 21.138727939330135 ], [ 105.651809485886034, 21.138908637597829 ], [ 105.651616880217915, 21.138909378855296 ], [ 105.65161846020878, 21.139270775392905 ], [ 105.651425854065366, 21.139271516445188 ], [ 105.651426643839869, 21.139452214715099 ], [ 105.651234037454628, 21.139452955555267 ], [ 105.651235616561749, 21.139814352097293 ], [ 105.651043009701212, 21.139815092732267 ], [ 105.651043799033815, 21.139995791004381 ], [ 105.650851191931451, 21.139996531427226 ], [ 105.65085198103894, 21.140177229702381 ], [ 105.650659373694737, 21.1401779699131 ], [ 105.650660951467771, 21.140539366465603 ], [ 105.650468343648257, 21.140540106471104 ], [ 105.650469920987703, 21.140901503021912 ], [ 105.650277312692864, 21.140902242822193 ], [ 105.650278101141609, 21.141082941098691 ], [ 105.65008549260493, 21.141083680686819 ], [ 105.650087069060461, 21.141445077241997 ], [ 105.649894460048444, 21.141445816624891 ], [ 105.649895248055216, 21.141626514903567 ], [ 105.649702638801372, 21.141627254074304 ], [ 105.649704214372917, 21.141988650633834 ], [ 105.64951160464372, 21.141989389599324 ], [ 105.649512392208479, 21.142170087880167 ], [ 105.649319782237441, 21.142170826633489 ], [ 105.649321356924958, 21.14253222319735 ], [ 105.649128746478567, 21.142532961745399 ], [ 105.649129533601297, 21.142713660028413 ], [ 105.648936922913066, 21.142714398364294 ], [ 105.648937709810596, 21.142895096650317 ], [ 105.648745098880525, 21.14289583477402 ], [ 105.648746672233528, 21.14325723134823 ], [ 105.64855406082809, 21.143257969266642 ], [ 105.648554847283563, 21.143438667554822 ], [ 105.648362235636256, 21.143439405261034 ], [ 105.648363021866516, 21.143620103552234 ], [ 105.648170409977368, 21.143620841046257 ], [ 105.648171981995773, 21.143982237630784 ], [ 105.647979369631258, 21.143982974919499 ], [ 105.647980155419404, 21.144163673212827 ], [ 105.64778754281302, 21.144164410289342 ], [ 105.647788328375952, 21.144345108585679 ], [ 105.647595715527714, 21.144345845449976 ], [ 105.647597286211393, 21.144707242044785 ], [ 105.647404672887788, 21.144707978703757 ], [ 105.647405458008535, 21.144888677002228 ], [ 105.647212844443075, 21.144889413448979 ], [ 105.64721362933858, 21.145070111750446 ], [ 105.647021015531266, 21.145070847984975 ], [ 105.647021800201529, 21.145251546289444 ], [ 105.64682918615236, 21.145252282311745 ], [ 105.646830755050686, 21.145613678922782 ], [ 105.646638140526093, 21.145614414739732 ], [ 105.646638924754143, 21.145795113046301 ], [ 105.646446309987709, 21.145795848651016 ], [ 105.646447093990488, 21.145976546960583 ], [ 105.6462544789822, 21.145977282353051 ], [ 105.646256046545531, 21.146338678974278 ], [ 105.646063431061819, 21.146339414161371 ], [ 105.646064214622342, 21.146520112473034 ], [ 105.645871598896775, 21.146520847447874 ], [ 105.645872382232014, 21.146701545762525 ], [ 105.645487150288872, 21.146703015068574 ], [ 105.645487933165256, 21.14688371339307 ], [ 105.645295316947696, 21.146884447724268 ], [ 105.645296099598795, 21.147065146051744 ], [ 105.644910866671651, 21.147066614070472 ], [ 105.644911648863882, 21.147247312407789 ], [ 105.643755948482493, 21.147251711245996 ], [ 105.643756729281492, 21.147432409620535 ], [ 105.643371495287766, 21.14743387416058 ], [ 105.643373055976213, 21.147795270925378 ], [ 105.643180438499783, 21.147796002880376 ], [ 105.6431812186228, 21.147976701263794 ], [ 105.642988600904545, 21.147977433006499 ], [ 105.642989380802206, 21.148158131392876 ], [ 105.64279676284211, 21.148158862923271 ], [ 105.64279754251443, 21.1483395613126 ], [ 105.642604924312494, 21.148340292630689 ], [ 105.642605703759472, 21.148520991022963 ], [ 105.642413085315681, 21.148521722128741 ], [ 105.642413864537318, 21.148702420523971 ], [ 105.642221245851687, 21.148703151417426 ], [ 105.642223582865199, 21.149245246600319 ], [ 105.642030963470518, 21.149245977295109 ], [ 105.642031742257899, 21.149426675688471 ], [ 105.641839122621363, 21.149427406170936 ], [ 105.641840679753614, 21.149788802959655 ], [ 105.641648059641611, 21.149789533236618 ], [ 105.64164883798648, 21.149970231631976 ], [ 105.641456217632637, 21.149970961696592 ], [ 105.641457773879822, 21.150332358489312 ], [ 105.641265153050497, 21.150333088348415 ], [ 105.641266708863355, 21.150694485139244 ], [ 105.641074087558565, 21.150695214792812 ], [ 105.641074865243695, 21.150875913189221 ], [ 105.64088224369705, 21.150876642630429 ], [ 105.640883798624742, 21.151238039425227 ], [ 105.640691176602601, 21.151238768660889 ], [ 105.640692731095911, 21.151600165453797 ], [ 105.640500108598275, 21.151600894483906 ], [ 105.640501662657186, 21.151962291274899 ], [ 105.640309039684041, 21.151963020099448 ], [ 105.640309816492177, 21.152143718495932 ], [ 105.640117193277163, 21.152144447108103 ], [ 105.640117969859872, 21.152325145507511 ], [ 105.639925346403004, 21.152325873907298 ], [ 105.639926122760272, 21.152506572309637 ], [ 105.639348251639447, 21.152508756214264 ], [ 105.639347475983129, 21.152328057791525 ], [ 105.638769605489415, 21.152330239703044 ], [ 105.638770380444768, 21.152510938146161 ], [ 105.638385132940684, 21.152512391671479 ], [ 105.638386681941356, 21.152873788573235 ], [ 105.638194057709711, 21.152874515020677 ], [ 105.638197929186433, 21.153778007241065 ], [ 105.638583179978184, 21.153776554059107 ], [ 105.638583954765451, 21.153957252477962 ], [ 105.638776580382711, 21.153956525551379 ], [ 105.638777355411833, 21.154137223959562 ], [ 105.638969981254576, 21.154136496806984 ], [ 105.63897075652558, 21.154317195204488 ], [ 105.638778130449168, 21.154317922363859 ], [ 105.63878045561033, 21.154860017553464 ], [ 105.638587828824683, 21.154860744514 ], [ 105.63859015335855, 21.155402839689032 ], [ 105.638397525863638, 21.155403566450719 ], [ 105.638399075126472, 21.15576496322824 ], [ 105.638206447155966, 21.155765689784275 ], [ 105.638207221565978, 21.155946388174002 ], [ 105.638014593353589, 21.155947114517591 ], [ 105.638015367538074, 21.156127812910221 ], [ 105.637822739083788, 21.156128539041365 ], [ 105.637824287009934, 21.156489935828539 ], [ 105.637631658080068, 21.156490661754013 ], [ 105.6376324318217, 21.156671360148554 ], [ 105.637439802649936, 21.156672085861569 ], [ 105.637439029142001, 21.156491387460246 ], [ 105.63724640019575, 21.156492112947255 ], [ 105.637247173469987, 21.156672811355353 ], [ 105.637054544281852, 21.156673536629892 ], [ 105.637056863452443, 21.157215631851212 ], [ 105.636671603649376, 21.157217081783205 ], [ 105.636673921491223, 21.15775917701022 ], [ 105.636288660253143, 21.157760626105834 ], [ 105.636289432415978, 21.157941324520614 ], [ 105.636096801550963, 21.15794204874631 ], [ 105.636097573488243, 21.158122747163969 ], [ 105.636482835677569, 21.158121298479784 ], [ 105.636484380511547, 21.158482695276387 ], [ 105.636291748953482, 21.158483419741643 ], [ 105.636294065564499, 21.159025514927723 ], [ 105.635908801021472, 21.159026963241029 ], [ 105.635909572773983, 21.159207661642153 ], [ 105.635716940256472, 21.159208385476663 ], [ 105.635717711783414, 21.159389083880669 ], [ 105.634754547904819, 21.159392699798005 ], [ 105.634757629419056, 21.160115493510268 ], [ 105.634564995683888, 21.160116216062917 ], [ 105.634565765849061, 21.160296914488033 ], [ 105.634180497886746, 21.160298358948992 ], [ 105.634179728189096, 21.160117660510387 ], [ 105.633794460661747, 21.160119104080746 ], [ 105.633795229891874, 21.160299802532826 ], [ 105.633602595882238, 21.160300523995826 ], [ 105.633603364886753, 21.160481222450763 ], [ 105.633410730635205, 21.16048194370121 ], [ 105.63341149941408, 21.160662642159007 ], [ 105.633218864920664, 21.160663363196914 ], [ 105.633219633473885, 21.160844061657553 ], [ 105.633026998738572, 21.160844782482904 ], [ 105.633027767066153, 21.1610254809464 ], [ 105.632835132088942, 21.161026201559196 ], [ 105.632835900190884, 21.161206900025537 ], [ 105.632643264971776, 21.16120762042577 ], [ 105.632644800732479, 21.161569017360254 ], [ 105.632452165037705, 21.161569737554657 ], [ 105.632452932696467, 21.161750436022796 ], [ 105.632260296759782, 21.161751156004627 ], [ 105.632261831634082, 21.162112552942713 ], [ 105.632069195221703, 21.162113272718681 ], [ 105.632070729660882, 21.162474669654692 ], [ 105.631878092772837, 21.162475389224799 ], [ 105.631883461928908, 21.163740278425532 ], [ 105.631690823396156, 21.163740997823368 ], [ 105.631691590217088, 21.163921696271803 ], [ 105.63111367386874, 21.163923853169521 ], [ 105.631114439996338, 21.16410455163421 ], [ 105.630343883816565, 21.164107424454158 ], [ 105.630344649017005, 21.164288122941802 ], [ 105.629766731095771, 21.164290275273959 ], [ 105.629767495602863, 21.16447097377781 ], [ 105.629189576907407, 21.16447312415611 ], [ 105.629190340721109, 21.164653822676161 ], [ 105.628612421251532, 21.164655971100562 ], [ 105.628613184371844, 21.164836669636792 ], [ 105.628035264128158, 21.164838816107263 ], [ 105.62803602655508, 21.165019514659658 ], [ 105.626687544067664, 21.165024515460804 ], [ 105.62668678327752, 21.164843816861708 ], [ 105.62630150296205, 21.164845243674694 ], [ 105.626300742647615, 21.1646645450584 ], [ 105.62610810271164, 21.164665258129226 ], [ 105.62610734263906, 21.164484559502391 ], [ 105.625914702928867, 21.164485272347232 ], [ 105.625913943098141, 21.164304573709856 ], [ 105.625528664121305, 21.164305998728249 ], [ 105.62552638608021, 21.163763902752887 ], [ 105.625333747281175, 21.163764614913148 ], [ 105.625332988184013, 21.16358391624027 ], [ 105.624562433842897, 21.163586762661495 ], [ 105.62456167568898, 21.16340606395816 ], [ 105.62436903731745, 21.163406775008532 ], [ 105.62437055316569, 21.163768172424597 ], [ 105.623599997729031, 21.163771014485974 ], [ 105.623599240736141, 21.163590315753343 ], [ 105.623021324776019, 21.163592444976615 ], [ 105.623020568492549, 21.163411746220216 ], [ 105.622827930056985, 21.163412455516042 ], [ 105.622828686106644, 21.163593154279063 ], [ 105.622058131349235, 21.163595989295676 ], [ 105.622058886471663, 21.163776688081295 ], [ 105.62167360857741, 21.163778104286912 ], [ 105.621672099275798, 21.163416706685339 ], [ 105.620516268207354, 21.163420949959193 ], [ 105.620514008523216, 21.162878853408838 ], [ 105.619936094985647, 21.162880972025615 ], [ 105.619934589972161, 21.162519574266391 ], [ 105.619741952577968, 21.162520280020185 ], [ 105.619741200316952, 21.162339581128162 ], [ 105.618200102747693, 21.162345219210696 ], [ 105.618197851623279, 21.161803122353366 ], [ 105.617042032321166, 21.16180734158619 ], [ 105.617042781285335, 21.161988040581921 ], [ 105.616272233990358, 21.161990849044031 ], [ 105.616272982027283, 21.162171548062108 ], [ 105.615695070771622, 21.162173652125663 ], [ 105.615695818115086, 21.162354351159514 ], [ 105.614925268728413, 21.162357153533488 ], [ 105.614926015144604, 21.162537852589629 ], [ 105.614540739936317, 21.162539252473849 ], [ 105.614541485892801, 21.162719951539181 ], [ 105.614156210185371, 21.162721350559231 ], [ 105.614155464696466, 21.162540651480835 ], [ 105.613770189425097, 21.162542049610586 ], [ 105.613769444411673, 21.162361350515255 ], [ 105.613576806997955, 21.162362049244642 ], [ 105.613576062226201, 21.162181350138901 ], [ 105.612998150639186, 21.162183444991644 ], [ 105.612998894709577, 21.162364144116957 ], [ 105.612613619811313, 21.162365539601961 ], [ 105.612612876208516, 21.16218484046362 ], [ 105.612227601746383, 21.162186235058371 ], [ 105.612226858619024, 21.162005535903127 ], [ 105.611263673495159, 21.16200901851964 ], [ 105.611262931544587, 21.161828319327999 ], [ 105.610685021077472, 21.161830406246771 ], [ 105.610685762326682, 21.162011105457907 ], [ 105.610107851087648, 21.162013190422446 ], [ 105.610107110539801, 21.161832491191831 ], [ 105.609336563046611, 21.161835268048357 ], [ 105.609335823441739, 21.161654568787931 ], [ 105.609143186782674, 21.161655262447326 ], [ 105.609140968716318, 21.161113164623313 ], [ 105.608948332750757, 21.161113858043983 ], [ 105.608949810986289, 21.161475256610153 ], [ 105.608564538096644, 21.161476642819508 ], [ 105.608563060796229, 21.161115244227435 ], [ 105.608370424807234, 21.161115936990225 ], [ 105.608368948005605, 21.160754538369691 ], [ 105.607983676939313, 21.160755923211518 ], [ 105.607982939017745, 21.160575223882493 ], [ 105.607597668387768, 21.160576607834237 ], [ 105.607596930941554, 21.160395908488407 ], [ 105.607211660747922, 21.160397291550083 ], [ 105.607210923777032, 21.160216592187446 ], [ 105.606633019129433, 21.160218665115956 ], [ 105.606632282867622, 21.160037965730083 ], [ 105.606247013531146, 21.160039346573107 ], [ 105.60624627774466, 21.159858647170463 ], [ 105.605861008844585, 21.159860027123457 ], [ 105.605860273533381, 21.159679327704044 ], [ 105.605667639305437, 21.159680017345185 ], [ 105.605666904235761, 21.159499317915444 ], [ 105.605089002206569, 21.15950138550388 ], [ 105.605087533493062, 21.159139986594145 ], [ 105.604894899935303, 21.159140675338865 ], [ 105.604895634054415, 21.159321374802111 ], [ 105.604510366448096, 21.159322751646616 ], [ 105.604509632796479, 21.159142052170509 ], [ 105.604316999215442, 21.159142740257423 ], [ 105.604316265805323, 21.158962040771012 ], [ 105.604123632450282, 21.158962728632225 ], [ 105.604122899281677, 21.158782029135502 ], [ 105.603930266152616, 21.158782716771032 ], [ 105.603929533225511, 21.158602017264005 ], [ 105.603736900322431, 21.158602704673839 ], [ 105.603736167636825, 21.158422005156513 ], [ 105.603158269582366, 21.158424066051175 ], [ 105.603157537605725, 21.158243366510717 ], [ 105.602772272664851, 21.158244739331344 ], [ 105.60277154116342, 21.158064039774189 ], [ 105.601808379844599, 21.158067467956641 ], [ 105.601807649519557, 21.157886768363579 ], [ 105.601422385405428, 21.15788813808895 ], [ 105.601421655555583, 21.157707438479211 ], [ 105.600651128169631, 21.157710175273284 ], [ 105.60065039926242, 21.157529475634103 ], [ 105.600265135990639, 21.157530842702833 ], [ 105.600265864430369, 21.157711542354779 ], [ 105.600073232549192, 21.157712225566641 ], [ 105.600072504343188, 21.157531525908315 ], [ 105.599687241025194, 21.157532891661518 ], [ 105.59968651329433, 21.157352191986547 ], [ 105.599301250413006, 21.157353556849984 ], [ 105.599300523157297, 21.157172857158386 ], [ 105.59814473573114, 21.15717694644842 ], [ 105.598144009885473, 21.156996246714755 ], [ 105.59737348571602, 21.156998968497668 ], [ 105.597372760812902, 21.156818268734693 ], [ 105.596409606597234, 21.156821665998503 ], [ 105.596408882870364, 21.156640966199912 ], [ 105.595638360294913, 21.156643680039171 ], [ 105.595637637510563, 21.156462980211348 ], [ 105.594867115747661, 21.156465690517368 ], [ 105.594866393905832, 21.156284990660343 ], [ 105.594673763679722, 21.156285667682422 ], [ 105.594673042079236, 21.156104967815196 ], [ 105.594287782071561, 21.156106321188975 ], [ 105.594288503204623, 21.156287021068845 ], [ 105.594095872955634, 21.156287697433193 ], [ 105.594095152056269, 21.156106997547006 ], [ 105.593517261964692, 21.156109025305668 ], [ 105.593517982162922, 21.15628972521079 ], [ 105.593132721596348, 21.156291075966323 ], [ 105.593132001865555, 21.15611037604857 ], [ 105.591976221385522, 21.156114423015556 ], [ 105.591975503064589, 21.15593372305613 ], [ 105.591590243311202, 21.155935070278616 ], [ 105.591589525465267, 21.155754370302724 ], [ 105.591396895810888, 21.155755043578829 ], [ 105.591397613423112, 21.155935743561002 ], [ 105.591012353624166, 21.155937089468075 ], [ 105.591011636479365, 21.155756389473321 ], [ 105.589855858302826, 21.155760421895142 ], [ 105.589855142567856, 21.155579721858835 ], [ 105.589662513078949, 21.155580393155546 ], [ 105.589661797585251, 21.155399693109096 ], [ 105.589469168322481, 21.155400364180295 ], [ 105.58946773782516, 21.155038964063216 ], [ 105.588311964894231, 21.155042985811438 ], [ 105.588311251059096, 21.154862285709498 ], [ 105.586962850598709, 21.154866967730474 ], [ 105.586962138406989, 21.154686267580924 ], [ 105.585998996163426, 21.154689605273656 ], [ 105.585999707186701, 21.154870305454384 ], [ 105.585807078481736, 21.154870972341492 ], [ 105.585806367692143, 21.154690272154532 ], [ 105.584265339651481, 21.154695599309438 ], [ 105.584266048571507, 21.154876299546164 ], [ 105.584073419798969, 21.154876964460229 ], [ 105.584072711112626, 21.154696264217289 ], [ 105.583880082566282, 21.154696928905917 ], [ 105.583880791018913, 21.154877629155063 ], [ 105.583495533436363, 21.15487895788706 ], [ 105.583494825451112, 21.154698257625505 ], [ 105.581183282131789, 21.154706211528108 ], [ 105.581182576958327, 21.154525511188361 ], [ 105.579641549351379, 21.154530796202714 ], [ 105.579640846054886, 21.154350095809718 ], [ 105.578292448144055, 21.154354708644959 ], [ 105.578291746490834, 21.15417400820499 ], [ 105.577135977965654, 21.154177953477262 ], [ 105.577135277721951, 21.153997252996554 ], [ 105.575979510332246, 21.154001190340132 ], [ 105.575978811498061, 21.15382048981877 ], [ 105.57578618380758, 21.153821145269312 ], [ 105.575786882408082, 21.154001845796799 ], [ 105.575594254476513, 21.154002501034249 ], [ 105.575593556109695, 21.153821800500641 ], [ 105.575400928404434, 21.153822455512749 ], [ 105.575400230278689, 21.153641754969147 ], [ 105.575207602799722, 21.153642409755925 ], [ 105.575206904915035, 21.153461709202322 ], [ 105.574629023134889, 21.153463672229034 ], [ 105.574629720318541, 21.153644372800979 ], [ 105.573859210240414, 21.153646987125381 ], [ 105.573858513991482, 21.15346628652901 ], [ 105.573473259375575, 21.153467592363725 ], [ 105.573472563601356, 21.153286891751289 ], [ 105.573087309423371, 21.153288196696963 ], [ 105.573086614123866, 21.153107496068451 ], [ 105.572701360383803, 21.153108800125107 ], [ 105.572700665558997, 21.152928099480533 ], [ 105.572508038911607, 21.152928751173953 ], [ 105.572507344327803, 21.152748050519421 ], [ 105.572122091478349, 21.15274935323648 ], [ 105.57212139736923, 21.152568652565893 ], [ 105.57173614495774, 21.152569954393975 ], [ 105.571735451323292, 21.152389253707348 ], [ 105.571157573352025, 21.152391204787222 ], [ 105.571156880425889, 21.152210504078486 ], [ 105.570771628875733, 21.152211803690264 ], [ 105.570770936424253, 21.152031102965513 ], [ 105.570385685312104, 21.152032401688352 ], [ 105.570384993335267, 21.151851700947596 ], [ 105.569999742661153, 21.151852998781525 ], [ 105.569999051158931, 21.151672298024764 ], [ 105.569806426044565, 21.15167294660688 ], [ 105.56980573478333, 21.151492245840181 ], [ 105.569420484999952, 21.151493542334716 ], [ 105.569419794213317, 21.151312841552027 ], [ 105.569034544868018, 21.151314137157694 ], [ 105.569033854555997, 21.151133436359025 ], [ 105.568648605648775, 21.15113473107585 ], [ 105.56864791581134, 21.150954030261204 ], [ 105.568455291580435, 21.150954677284791 ], [ 105.568454601983944, 21.150773976460219 ], [ 105.568261977979375, 21.150774623258577 ], [ 105.568261288623816, 21.15059392242409 ], [ 105.568068664845612, 21.150594568997221 ], [ 105.568067975730969, 21.150413868152821 ], [ 105.567875352179115, 21.150414514500731 ], [ 105.567874663305403, 21.150233813646413 ], [ 105.5676820399799, 21.150234459769113 ], [ 105.567681351347105, 21.150053758904878 ], [ 105.567296105141494, 21.150055050480674 ], [ 105.567295416983271, 21.149874349600498 ], [ 105.566524925419216, 21.149876930097886 ], [ 105.566524238202774, 21.149696229189718 ], [ 105.565753747456938, 21.14969880615627 ], [ 105.565753061182264, 21.14951810522015 ], [ 105.564212081211295, 21.149523248584995 ], [ 105.564211396812865, 21.149342547596941 ], [ 105.563633529905104, 21.149344472724483 ], [ 105.563632846214787, 21.149163771714566 ], [ 105.560550892013623, 21.149174005652437 ], [ 105.560551571965973, 21.149354706757983 ], [ 105.560358949533537, 21.149355344522156 ], [ 105.560359629259466, 21.149536045629784 ], [ 105.560167006586212, 21.149536683180752 ], [ 105.560165647608784, 21.149175280949699 ], [ 105.559395158712903, 21.14917782891423 ], [ 105.559395837263537, 21.149358530055505 ], [ 105.55901059230527, 21.149359802734669 ], [ 105.559009914221875, 21.149179101581502 ], [ 105.55515746773689, 21.149191780037736 ], [ 105.555158141147814, 21.149372481309371 ], [ 105.554002405244034, 21.14937626778665 ], [ 105.554003077260333, 21.149556969089787 ], [ 105.551691601882027, 21.149564518444684 ], [ 105.551692271101885, 21.149745219814491 ], [ 105.551499647873982, 21.149745847508651 ], [ 105.551498978887764, 21.149565146132986 ], [ 105.551306355886439, 21.149565773602109 ], [ 105.551307024639016, 21.14974647498364 ], [ 105.549766038504785, 21.149751486893312 ], [ 105.549766705395399, 21.149932188317802 ], [ 105.54764784615395, 21.149939056854148 ], [ 105.547648510481636, 21.150119758338942 ], [ 105.545722271733283, 21.150125979507557 ], [ 105.545722933731611, 21.150306681046604 ], [ 105.544567188744495, 21.150310403262001 ], [ 105.544566528147982, 21.150129701688169 ], [ 105.544373904192611, 21.150130321284486 ], [ 105.544374564555483, 21.150311022864098 ], [ 105.543218819274927, 21.150314735873909 ], [ 105.54321816031387, 21.150134034259597 ], [ 105.542447664255263, 21.150136505192769 ], [ 105.542448322281757, 21.15031720683017 ], [ 105.541677825177231, 21.15031967427954 ], [ 105.541677168085286, 21.150138972619089 ], [ 105.541099295884806, 21.150140820887437 ], [ 105.541099952275843, 21.150321522565161 ], [ 105.540714703640191, 21.150322753659673 ], [ 105.540714047716435, 21.150142051970452 ], [ 105.539558303044885, 21.150145739959171 ], [ 105.539558957566797, 21.150326441682857 ], [ 105.538788460046035, 21.15032889598135 ], [ 105.538787806458672, 21.150148194234735 ], [ 105.538595182294827, 21.150148807255675 ], [ 105.538594528948025, 21.149968105499454 ], [ 105.537824033158117, 21.14997055536854 ], [ 105.537823380752755, 21.149789853585553 ], [ 105.535897143131578, 21.149795962858743 ], [ 105.53589779320059, 21.149976664698816 ], [ 105.53551254512648, 21.149977883934735 ], [ 105.535511895524735, 21.149797182083265 ], [ 105.535319271711003, 21.149797791366773 ], [ 105.535319921079122, 21.14997849322393 ], [ 105.534934672963786, 21.14997971114478 ], [ 105.534935321871501, 21.150160413009445 ], [ 105.534550073261443, 21.150161630064954 ], [ 105.534549424821009, 21.149980928188924 ], [ 105.534356800739332, 21.149981536382221 ], [ 105.534357448946125, 21.150162238263949 ], [ 105.53339432726672, 21.150165275971172 ], [ 105.533394974312174, 21.1503459778774 ], [ 105.532624475910865, 21.150348404120603 ], [ 105.532625122028591, 21.150529106045628 ], [ 105.532047247454926, 21.150530923443601 ], [ 105.532047892878538, 21.150711625381728 ], [ 105.53127739241684, 21.150714045533046 ], [ 105.531278036912695, 21.150894747489918 ], [ 105.530314910013928, 21.150897767775582 ], [ 105.530315553348345, 21.151078469756804 ], [ 105.529352425111199, 21.151081484590915 ], [ 105.529353067284177, 21.151262186596423 ], [ 105.528775189559397, 21.151263992883468 ], [ 105.528775831038175, 21.151444694901979 ], [ 105.527812700192925, 21.151447701024612 ], [ 105.527813340510207, 21.151628403067338 ], [ 105.527235461220783, 21.151630204127397 ], [ 105.527236100843865, 21.15181090618308 ], [ 105.526465594095271, 21.151813304550132 ], [ 105.526466232790455, 21.151994006624356 ], [ 105.525695724999125, 21.15199640150658 ], [ 105.525696362766382, 21.1521771035993 ], [ 105.523770090479516, 21.152183075516508 ], [ 105.523770725916847, 21.152363777661151 ], [ 105.520688685122096, 21.152373287222979 ], [ 105.520689316827415, 21.152553989452599 ], [ 105.518763038124675, 21.152559904487099 ], [ 105.518763667499911, 21.152740606768106 ], [ 105.517993154897582, 21.152742966666096 ], [ 105.517993783344764, 21.152923668965279 ], [ 105.517223269701375, 21.152926025377894 ], [ 105.517223897220475, 21.153106727695217 ], [ 105.516646011217205, 21.153108492719426 ], [ 105.516646638041891, 21.153289195049378 ], [ 105.5158761223433, 21.153291545367917 ], [ 105.515876748239876, 21.15347224771595 ], [ 105.515491489883487, 21.153473421570883 ], [ 105.515492115319319, 21.153654123926007 ], [ 105.514336338689304, 21.153657640262363 ], [ 105.514336962729601, 21.15383834264647 ], [ 105.512988554725126, 21.153842435102501 ], [ 105.512989177136177, 21.154023137520959 ], [ 105.512603917179646, 21.154024304831996 ], [ 105.512603295235976, 21.153843602402631 ], [ 105.512410665481539, 21.153844185723859 ], [ 105.512411287191512, 21.154024888158673 ], [ 105.511062877090609, 21.154028965307063 ], [ 105.511063497171293, 21.154209667776097 ], [ 105.509907715426792, 21.154213153957432 ], [ 105.509908334111842, 21.154393856455169 ], [ 105.509715703564481, 21.154394436723507 ], [ 105.509716322022356, 21.154575139222796 ], [ 105.509331060440601, 21.15457629911262 ], [ 105.509330442450121, 21.154395596602502 ], [ 105.508945181309642, 21.154396755604559 ], [ 105.508945798832713, 21.154577458125509 ], [ 105.508367906371873, 21.15457919500059 ], [ 105.50836852320036, 21.154759897533882 ], [ 105.507405367800018, 21.154762787968021 ], [ 105.507405983466498, 21.154943490524445 ], [ 105.506828089447012, 21.15494522217028 ], [ 105.506828704418879, 21.155125924739011 ], [ 105.505480283176553, 21.155129957610288 ], [ 105.505480896518947, 21.155310660212827 ], [ 105.504710369017147, 21.155312959908901 ], [ 105.504710981431145, 21.155493662529047 ], [ 105.504133085035633, 21.155495385015143 ], [ 105.504133696754977, 21.15567608764751 ], [ 105.503555799600079, 21.155677808176478 ], [ 105.503556410624725, 21.155858510821052 ], [ 105.503171145355054, 21.155859656754835 ], [ 105.503170534797832, 21.15567895409956 ], [ 105.502207372679251, 21.155681815070448 ], [ 105.502207982067858, 21.155862517752443 ], [ 105.501822716707849, 21.155863660616745 ], [ 105.50182210778668, 21.155682957924078 ], [ 105.501436842868344, 21.155684099900711 ], [ 105.501437451322076, 21.155864802604054 ], [ 105.501244818619526, 21.155865373268835 ], [ 105.501244210399534, 21.155684670560159 ], [ 105.500473680459947, 21.155686951005485 ], [ 105.500474287745078, 21.155867653735459 ], [ 105.49989638952178, 21.155869361783314 ], [ 105.499895782937813, 21.155688659037377 ], [ 105.499510517890982, 21.155689796629069 ], [ 105.499511124007498, 21.155870499385635 ], [ 105.498933225688006, 21.15587220414475 ], [ 105.49893262027264, 21.155691501372257 ], [ 105.498162090025247, 21.155693771293709 ], [ 105.498162694505723, 21.155874474087401 ], [ 105.497970061694147, 21.155875041024942 ], [ 105.497970665947307, 21.156055743820062 ], [ 105.497778032895638, 21.156056310543647 ], [ 105.497778636921439, 21.156237013340188 ], [ 105.49700810371597, 21.156239278063161 ], [ 105.49700750062506, 21.156058575245464 ], [ 105.496622234451507, 21.156059706280864 ], [ 105.496622837074966, 21.156240409109124 ], [ 105.494889136875173, 21.156245487962899 ], [ 105.494889737401451, 21.156426190834729 ], [ 105.494119202879162, 21.156428442423493 ], [ 105.49411980247686, 21.15660914531249 ], [ 105.493541900817348, 21.156610831717632 ], [ 105.493542499720192, 21.15679153461851 ], [ 105.492771963150588, 21.15679378011005 ], [ 105.492772561124809, 21.156974483028026 ], [ 105.492002023519078, 21.156976725032337 ], [ 105.492002620564676, 21.157157427967395 ], [ 105.491232081922931, 21.157159666484411 ], [ 105.491232678039879, 21.157340369436501 ], [ 105.490654773291141, 21.157342046037645 ], [ 105.490655368713149, 21.157522749001522 ], [ 105.490270098381686, 21.157523865649711 ], [ 105.490270693342495, 21.157704568620144 ], [ 105.489500151669091, 21.157706799306137 ], [ 105.489500745701193, 21.157887502293541 ], [ 105.489308110033377, 21.15788805942206 ], [ 105.48930870383802, 21.158068762410796 ], [ 105.488923432016051, 21.15806987602042 ], [ 105.488924025359466, 21.158250579015689 ], [ 105.488731389205299, 21.158251135496783 ], [ 105.488731982321227, 21.158431838493378 ], [ 105.488154073119873, 21.158433506636587 ], [ 105.48815466554079, 21.158614209644888 ], [ 105.48757675558177, 21.158615875830144 ], [ 105.487577347307663, 21.15879657885014 ], [ 105.487192073502825, 21.158797688554259 ], [ 105.487192664767463, 21.158978391580742 ], [ 105.486807390470076, 21.158979500418091 ], [ 105.486807981273415, 21.159160203451066 ], [ 105.486615343881581, 21.159160757545983 ], [ 105.486615934457419, 21.159341460580261 ], [ 105.486230659187484, 21.159342568122582 ], [ 105.486231249301994, 21.15952327116333 ], [ 105.486038611423908, 21.159523824610719 ], [ 105.486039201310902, 21.159704527652764 ], [ 105.485653925068434, 21.15970563390001 ], [ 105.485654514494101, 21.15988633694851 ], [ 105.485461876129733, 21.159886889748353 ], [ 105.485462465327871, 21.160067592798157 ], [ 105.485269826723496, 21.160068145383867 ], [ 105.485270415694075, 21.16024884843495 ], [ 105.484885137999072, 21.160249952958782 ], [ 105.48488572650831, 21.160430656016317 ], [ 105.484693087417682, 21.160431207954442 ], [ 105.484693675699361, 21.160611911013252 ], [ 105.484308397031882, 21.160613014241889 ], [ 105.484309572678725, 21.160974420368515 ], [ 105.483731653228148, 21.160976073597567 ], [ 105.483732240359501, 21.161156776670509 ], [ 105.483539600296425, 21.161157327313383 ], [ 105.483540187200191, 21.161338030387597 ], [ 105.483347546897122, 21.161338580816306 ], [ 105.483348133573301, 21.161519283891788 ], [ 105.48315549303021, 21.161519834106315 ], [ 105.483156079478775, 21.161700537183069 ], [ 105.482770797906412, 21.161701636964455 ], [ 105.482771969886954, 21.162063043126889 ], [ 105.482386687354563, 21.162064142051531 ], [ 105.482387272886498, 21.162244845137195 ], [ 105.482194631377197, 21.162245394275665 ], [ 105.482195216681532, 21.162426097362587 ], [ 105.481809933176748, 21.1624271949918 ], [ 105.481810518019628, 21.16260789808511 ], [ 105.481617876024146, 21.162608446575849 ], [ 105.481618460639396, 21.162789149670409 ], [ 105.481425818403906, 21.162789697946945 ], [ 105.481426402791513, 21.162970401042745 ], [ 105.48104111783438, 21.162971496948057 ], [ 105.481041701760518, 21.16315220005022 ], [ 105.48084905903886, 21.163152747678993 ], [ 105.480849642737354, 21.16333345078241 ], [ 105.480656999775704, 21.163333998196951 ], [ 105.48065758324654, 21.163514701301605 ], [ 105.480464940044882, 21.16351524850193 ], [ 105.480465523288061, 21.163695951607817 ], [ 105.48027287984641, 21.163696498593907 ], [ 105.480273462861916, 21.163877201701034 ], [ 105.480080819180273, 21.163877748472888 ], [ 105.480081401968107, 21.164058451581248 ], [ 105.479696114118653, 21.164059544477148 ], [ 105.479697278777465, 21.164420950702663 ], [ 105.479504634375829, 21.164421496831796 ], [ 105.479505216480632, 21.164602199943836 ], [ 105.479312571838989, 21.164602745858719 ], [ 105.479313153716092, 21.164783448971995 ], [ 105.479120508834455, 21.164783994672622 ], [ 105.479121090483872, 21.16496469778712 ], [ 105.47873580023446, 21.164965788540503 ], [ 105.478736381422308, 21.165146491661314 ], [ 105.478351090680619, 21.165147581547451 ], [ 105.478351671406912, 21.165328284674562 ], [ 105.477966380172944, 21.165329373693442 ], [ 105.477966960437669, 21.165510076826862 ], [ 105.47777431457763, 21.165510621012345 ], [ 105.47777489461464, 21.165691324146966 ], [ 105.477582248514608, 21.165691868118166 ], [ 105.477583987960841, 21.166233977514036 ], [ 105.477198694339208, 21.166235064828811 ], [ 105.477199273699142, 21.16641576796318 ], [ 105.47662133251913, 21.166417397305281 ], [ 105.476622489854151, 21.166778803592827 ], [ 105.476237194768075, 21.166779888744308 ], [ 105.476237772977001, 21.166960591892401 ], [ 105.476045125190922, 21.166961134144138 ], [ 105.47604570317209, 21.167141837293425 ], [ 105.475853055146018, 21.167142379330844 ], [ 105.475853632899415, 21.167323082481325 ], [ 105.47566098463335, 21.167323624304423 ], [ 105.475661562158976, 21.16750432745609 ], [ 105.475276265140764, 21.167505410454257 ], [ 105.475276842204721, 21.167686113612163 ], [ 105.475084193452574, 21.167686654787222 ], [ 105.475084770288746, 21.167867357946303 ], [ 105.47489212129662, 21.16786789890703 ], [ 105.474892697905005, 21.168048602067287 ], [ 105.474700048672887, 21.168049142813679 ], [ 105.474700625053472, 21.168229845975119 ], [ 105.474507975581361, 21.168230386507162 ], [ 105.474508551734147, 21.168411089669775 ], [ 105.474315902022042, 21.168411629987471 ], [ 105.474316477947028, 21.168592333151253 ], [ 105.474123827994944, 21.168592873254596 ], [ 105.474124403692102, 21.168773576419554 ], [ 105.47393175350004, 21.168774116308544 ], [ 105.473932328969397, 21.168954819474674 ], [ 105.473739678537328, 21.168955359149304 ], [ 105.473740253778857, 21.169136062316596 ], [ 105.473547603106809, 21.169136601776859 ], [ 105.47354817812051, 21.169317304945313 ], [ 105.473355527208497, 21.169317844191212 ], [ 105.473356101994369, 21.169498547360824 ], [ 105.472970799684234, 21.16949962520447 ], [ 105.472971374008367, 21.169680328380284 ], [ 105.472586071206138, 21.169681405356354 ], [ 105.472586645068503, 21.169862108538339 ], [ 105.472393993424362, 21.169862646702285 ], [ 105.472394567058871, 21.170043349885429 ], [ 105.47220191517475, 21.170043887834986 ], [ 105.472202488581416, 21.170224591019281 ], [ 105.472009836457303, 21.170225128754446 ], [ 105.472010409636113, 21.170405831939892 ], [ 105.471817757272021, 21.170406369460654 ], [ 105.471818330222945, 21.170587072647244 ], [ 105.471625677618889, 21.170587609953607 ], [ 105.471626250341941, 21.170768313141341 ], [ 105.471433597497892, 21.170768850233305 ], [ 105.471434169993074, 21.170949553422179 ], [ 105.471048863818964, 21.170950626957861 ], [ 105.471049435852322, 21.171131330152882 ], [ 105.470856782522247, 21.1711318665966 ], [ 105.470857354327748, 21.171312569792754 ], [ 105.470664700757695, 21.171313106022048 ], [ 105.470665272335268, 21.171493809219342 ], [ 105.470279964709178, 21.171494881029652 ], [ 105.470280535824941, 21.171675584233082 ], [ 105.47008788176889, 21.171676119814091 ], [ 105.470088452656725, 21.17185682301864 ], [ 105.469703144058641, 21.171857893532362 ], [ 105.469703714484638, 21.172038596743032 ], [ 105.46951105994259, 21.172039131675739 ], [ 105.469511630140673, 21.172219834887535 ], [ 105.469318975358647, 21.172220369605796 ], [ 105.469319545328801, 21.172401072818712 ], [ 105.469126890306811, 21.172401607322517 ], [ 105.469127460049023, 21.172582310536558 ], [ 105.468742149519073, 21.17258337889583 ], [ 105.468742718799405, 21.172764082115958 ], [ 105.468550063291445, 21.172764615971413 ], [ 105.468550632343835, 21.172945319192664 ], [ 105.468357976595897, 21.172945852833656 ], [ 105.468358545420344, 21.173126556056015 ], [ 105.468165889432441, 21.173127089482538 ], [ 105.468166458028918, 21.173307792705998 ], [ 105.467973801801051, 21.173308325918054 ], [ 105.467974370169586, 21.173489029142619 ], [ 105.467589057227855, 21.173490094918321 ], [ 105.46758962513448, 21.173670798148976 ], [ 105.46739696842063, 21.173671330712622 ], [ 105.467398103783921, 21.174032737172226 ], [ 105.467012789402361, 21.174033801661029 ], [ 105.467013356625046, 21.174214504894962 ], [ 105.466820699191302, 21.174215036815141 ], [ 105.466821266186003, 21.174395740050166 ], [ 105.466435950832562, 21.174396803242065 ], [ 105.46643651736531, 21.174577506483143 ], [ 105.466243859445626, 21.174578037754856 ], [ 105.466244425750361, 21.174758740997017 ], [ 105.466051767590713, 21.174759272054221 ], [ 105.466052899750181, 21.175120678536846 ], [ 105.465860241116573, 21.175121209384496 ], [ 105.465860806971293, 21.175301912624953 ], [ 105.465668148097706, 21.175302443258079 ], [ 105.465668713724412, 21.175483146499616 ], [ 105.465283395491312, 21.175484207117357 ], [ 105.465283960656009, 21.175664910364929 ], [ 105.465091301296511, 21.17566544034953 ], [ 105.465092431175819, 21.176026846842937 ], [ 105.464899771342346, 21.176027376617945 ], [ 105.464900336056957, 21.176208079863791 ], [ 105.464707675983504, 21.176208609424261 ], [ 105.464708240470074, 21.17638931267118 ], [ 105.464515580156657, 21.176389842017109 ], [ 105.464516144415185, 21.17657054526509 ], [ 105.46432348386179, 21.17657107439647 ], [ 105.464324047892276, 21.17675177764551 ], [ 105.464131387098902, 21.176752306562346 ], [ 105.464131950901333, 21.176933009812455 ], [ 105.463939289867994, 21.176933538514735 ], [ 105.463939853442369, 21.177114241765903 ], [ 105.463747192169052, 21.177114770253624 ], [ 105.463748318867644, 21.177476176754208 ], [ 105.463555657120324, 21.177476705032301 ], [ 105.463556220244527, 21.177657408281707 ], [ 105.463363558257242, 21.177657936345224 ], [ 105.463364684055449, 21.178019342842287 ], [ 105.463172021594147, 21.178019870696161 ], [ 105.46317258426815, 21.178200573943812 ], [ 105.462979921566884, 21.178201101583102 ], [ 105.462980484012789, 21.178381804831801 ], [ 105.462787821071529, 21.178382332256508 ], [ 105.46278838328935, 21.178563035506262 ], [ 105.462595720108126, 21.178563562716381 ], [ 105.462596844093511, 21.178924969214098 ], [ 105.46240418043827, 21.178925496214546 ], [ 105.46240474220582, 21.17910619946252 ], [ 105.4622120783106, 21.17910672624836 ], [ 105.462212639850051, 21.179287429497368 ], [ 105.462019975714824, 21.17928795606862 ], [ 105.462021098343442, 21.179649362564856 ], [ 105.461828433734198, 21.179649888926402 ], [ 105.461828994823335, 21.179830592173619 ], [ 105.461636329974112, 21.179831118320561 ], [ 105.461636890835138, 21.180011821568815 ], [ 105.461444225745922, 21.180012347501133 ], [ 105.461445347017644, 21.180373753995841 ], [ 105.461252681454383, 21.18037427971845 ], [ 105.461253241865066, 21.180554982964903 ], [ 105.461060576061826, 21.180555508472882 ], [ 105.461061696432822, 21.180916914963966 ], [ 105.460869030155507, 21.18091744026222 ], [ 105.46086959011582, 21.181098143506858 ], [ 105.460676923598513, 21.181098668590472 ], [ 105.460678043068739, 21.181460075077929 ], [ 105.460485376077386, 21.181460599951791 ], [ 105.4604859355873, 21.181641303194606 ], [ 105.460293268355954, 21.181641827853827 ], [ 105.460294386925341, 21.182003234337635 ], [ 105.460101719219907, 21.182003758787097 ], [ 105.460102837344778, 21.182365165265193 ], [ 105.459910169165255, 21.182365689504895 ], [ 105.459910728002455, 21.182546392743021 ], [ 105.459718059582954, 21.182546916768057 ], [ 105.459719176806885, 21.182908323242476 ], [ 105.459526507913282, 21.182908847057728 ], [ 105.459527624692626, 21.183270253526434 ], [ 105.459334955324934, 21.183270777131895 ], [ 105.45933551348935, 21.183451480365321 ], [ 105.459142843881651, 21.183452003756109 ], [ 105.45914395975997, 21.183813410221106 ], [ 105.458951289678154, 21.183813933402089 ], [ 105.458952405111845, 21.184175339861351 ], [ 105.458759734555912, 21.184175862832525 ], [ 105.45876084954493, 21.184537269286057 ], [ 105.458568178514867, 21.184537792047408 ], [ 105.458569293059227, 21.184899198495199 ], [ 105.458376621555033, 21.184899721046726 ], [ 105.458377735654693, 21.185261127488779 ], [ 105.458185063676353, 21.185261649830466 ], [ 105.458185620500885, 21.185442353050554 ], [ 105.457992948282524, 21.185442875177529 ], [ 105.45799406148096, 21.185804281615823 ], [ 105.457801388788454, 21.185804803532946 ], [ 105.457801945162359, 21.185985506751159 ], [ 105.457609272229831, 21.185986028453559 ], [ 105.457610384527001, 21.186347434888081 ], [ 105.457417711120314, 21.186347956380615 ], [ 105.457418822972699, 21.186709362809381 ], [ 105.457226149091838, 21.186709884092046 ], [ 105.457226704792689, 21.186890587305474 ], [ 105.457034030671807, 21.186891108373406 ], [ 105.457034586144374, 21.187071811587817 ], [ 105.456841911783485, 21.187072332440994 ], [ 105.456843022277909, 21.187433738867938 ], [ 105.456650347442832, 21.187434259511218 ], [ 105.456651457492399, 21.18779566593237 ], [ 105.456458782183134, 21.187796186365759 ], [ 105.456459336982547, 21.187976889575381 ], [ 105.456266661433261, 21.187977409794001 ], [ 105.456267770581348, 21.188338816211328 ], [ 105.456075094557846, 21.188339336220036 ], [ 105.456075648906506, 21.18852003942774 ], [ 105.455882972642982, 21.188520559221665 ], [ 105.45588352676333, 21.188701262430349 ], [ 105.455690850259757, 21.188701782009506 ], [ 105.455691404151779, 21.188882485219157 ], [ 105.455498727408184, 21.188883004583531 ], [ 105.455499834741417, 21.189244411000914 ], [ 105.455307157523606, 21.18924493015534 ], [ 105.455308264411883, 21.189606336566904 ], [ 105.455115586719856, 21.189606855511386 ], [ 105.455116139938553, 21.189787558716194 ], [ 105.454923462006491, 21.189788077445876 ], [ 105.454924567993061, 21.190149483853563 ], [ 105.454731889586768, 21.190150002373286 ], [ 105.454732442354612, 21.190330705576148 ], [ 105.454539763708283, 21.19033122388106 ], [ 105.454540868793103, 21.190692630284836 ], [ 105.454348189672515, 21.190693148379768 ], [ 105.454348741989492, 21.190873851580683 ], [ 105.454156062628869, 21.190874369460797 ], [ 105.454157166811868, 21.191235775860655 ], [ 105.453964486977, 21.191236293530778 ], [ 105.453965038843037, 21.191416996729721 ], [ 105.453772358768134, 21.191417514185012 ], [ 105.45377346204927, 21.191778920580944 ], [ 105.453580781500079, 21.191779437826231 ], [ 105.453581332915178, 21.191960141023205 ], [ 105.453388652125952, 21.191960658053652 ], [ 105.453389203312653, 21.192141361251576 ], [ 105.453196522283378, 21.192141878067179 ], [ 105.453197073241668, 21.192322581266055 ], [ 105.453004391972343, 21.192323097866815 ], [ 105.453004942702236, 21.192503801066625 ], [ 105.452812261192861, 21.192504317452528 ], [ 105.452813362201638, 21.192865723850172 ], [ 105.45262068021799, 21.192866240026042 ], [ 105.45262123049686, 21.193046943223859 ], [ 105.452428548273161, 21.193047459184861 ], [ 105.452429098323606, 21.19322816238363 ], [ 105.452236415859858, 21.193228678129771 ], [ 105.452236965681877, 21.193409381329467 ], [ 105.452044282978079, 21.193409896860736 ], [ 105.452044832571659, 21.193590600061366 ], [ 105.451852149627811, 21.193591115377771 ], [ 105.451852698992951, 21.193771818579325 ], [ 105.451660015809068, 21.193772333680847 ], [ 105.451660564945769, 21.193953036883336 ], [ 105.451467881521822, 21.193953551769976 ], [ 105.451468430430054, 21.194134254973399 ], [ 105.451275746766072, 21.194134769645153 ], [ 105.451276295445865, 21.194315472849503 ], [ 105.451083611541819, 21.194315987306361 ], [ 105.451084159993158, 21.194496690511631 ], [ 105.450891475849048, 21.194497204753596 ], [ 105.450892024071919, 21.19467790795979 ], [ 105.450699339687773, 21.194678421986854 ], [ 105.450699887682191, 21.194859125193972 ], [ 105.450314518427987, 21.194860152598608 ], [ 105.450315065959657, 21.195040855811431 ], [ 105.450122381089628, 21.195041369188985 ], [ 105.450122928392815, 21.195222072402725 ], [ 105.449930243282722, 21.195222585565368 ], [ 105.449930790357428, 21.195403288780017 ], [ 105.449738105007299, 21.195403801727746 ], [ 105.449738651853494, 21.195584504943305 ], [ 105.449545966263315, 21.195585017676112 ], [ 105.449546512881042, 21.195765720892577 ], [ 105.449353827050814, 21.19576623341046 ], [ 105.449354373440016, 21.195946936627831 ], [ 105.449161687369738, 21.195947448930784 ], [ 105.449162233530444, 21.196128152149058 ], [ 105.448969547220116, 21.196128664237083 ], [ 105.448970093152312, 21.196309367456251 ], [ 105.448777406601934, 21.196309879329334 ], [ 105.448778498015059, 21.196671285765607 ], [ 105.448585810990352, 21.196671797428522 ], [ 105.448586356471282, 21.196852500645615 ], [ 105.44839366920651, 21.196853012093584 ], [ 105.448394214458901, 21.197033715311569 ], [ 105.448201526954094, 21.197034226544588 ], [ 105.44820207197796, 21.197214929763472 ], [ 105.448009384233089, 21.197215440781527 ], [ 105.448009929028416, 21.197396144001303 ], [ 105.447817241043495, 21.197396654804404 ], [ 105.447817785610269, 21.197577358025072 ], [ 105.447625097385313, 21.197577868613205 ], [ 105.447625641723533, 21.197758571834754 ], [ 105.447432953258527, 21.197759082207924 ], [ 105.447433497368209, 21.197939785430346 ], [ 105.447240808663125, 21.197940295588545 ], [ 105.447241352544239, 21.198120998811866 ], [ 105.447048663599119, 21.198121508755086 ], [ 105.447049207251681, 21.198302211979275 ], [ 105.446856518066511, 21.19830272170752 ], [ 105.446857061490505, 21.198483424932597 ], [ 105.446664372065271, 21.19848393444585 ], [ 105.446665458461837, 21.198845340893879 ], [ 105.446472768562245, 21.198845850196893 ], [ 105.446473311534831, 21.199026553419841 ], [ 105.446087931249792, 21.199027571376135 ], [ 105.44608847375946, 21.199208274604711 ], [ 105.445895783374027, 21.19920878325798 ], [ 105.445896325655099, 21.199389486487423 ], [ 105.445703635029616, 21.199389994925692 ], [ 105.445704177082092, 21.199570698155995 ], [ 105.445318795345301, 21.19957171438276 ], [ 105.445319336934844, 21.199752417618669 ], [ 105.445126645823535, 21.199752925407161 ], [ 105.445127187184468, 21.199933628643922 ], [ 105.44493449583311, 21.199934136217397 ], [ 105.444935036965433, 21.200114839455022 ], [ 105.444742345374024, 21.200115346813472 ], [ 105.444742886277723, 21.200296050051954 ], [ 105.444550194446265, 21.200296557195376 ], [ 105.444550735121325, 21.20047726043471 ], [ 105.444358043049832, 21.200477767363093 ], [ 105.444358583496268, 21.20065847060328 ], [ 105.44416589118471, 21.200658977316635 ], [ 105.444166431402508, 21.200839680557671 ], [ 105.443973738850914, 21.200840187055984 ], [ 105.44397481883496, 21.201201593535878 ], [ 105.443782125808951, 21.201202099823863 ], [ 105.443782665575171, 21.201382803062721 ], [ 105.443397279037356, 21.201383814988823 ], [ 105.443397818340571, 21.201564518233244 ], [ 105.443205124828765, 21.20156502387135 ], [ 105.443205663903328, 21.201745727116609 ], [ 105.443012970151457, 21.201746232539655 ], [ 105.443014047848948, 21.202107639027965 ], [ 105.442821353622691, 21.202108144240665 ], [ 105.442822969508512, 21.202650253958193 ], [ 105.442437579632696, 21.202651263752497 ], [ 105.442438117803945, 21.202831966993333 ], [ 105.442245422623145, 21.202832471565504 ], [ 105.442246498513924, 21.203193878044978 ], [ 105.441861107197767, 21.203194886548765 ], [ 105.44186164468293, 21.203375589792095 ], [ 105.441668948781967, 21.203376093718997 ], [ 105.441669486038421, 21.203556796963142 ], [ 105.441476789897393, 21.203557300674952 ], [ 105.441477326925153, 21.20373800391992 ], [ 105.441284630544061, 21.203738507416624 ], [ 105.441285167343096, 21.203919210662413 ], [ 105.440899774095143, 21.203920217005813 ], [ 105.440900310431076, 21.204100920257108 ], [ 105.440707613564214, 21.20410142310379 ], [ 105.440708149671408, 21.204282126355903 ], [ 105.440515452564497, 21.204282628987471 ], [ 105.440515988442968, 21.204463332240387 ], [ 105.440323291096007, 21.204463834656838 ], [ 105.44032382674574, 21.204644537910564 ], [ 105.440131129158715, 21.204645040111888 ], [ 105.440131664579695, 21.204825743366424 ], [ 105.439938966752621, 21.204826245352621 ], [ 105.439939501944878, 21.205006948607963 ], [ 105.439554105804959, 21.20500795193027 ], [ 105.439555175268794, 21.205369358448035 ], [ 105.439169778168662, 21.205370360909782 ], [ 105.439170312440226, 21.205551064172198 ], [ 105.438977613647296, 21.205551565078018 ], [ 105.438978147690094, 21.205732268341226 ], [ 105.438785448657114, 21.205732769031901 ], [ 105.438785982471146, 21.205913472295901 ], [ 105.438593283198088, 21.205913972771409 ], [ 105.438593816783353, 21.206094676036198 ], [ 105.438401117270246, 21.20609517629655 ], [ 105.43840165062673, 21.206275879562131 ], [ 105.438208950873573, 21.206276379607324 ], [ 105.438210017134566, 21.206637786136177 ], [ 105.438017316906951, 21.206638285970861 ], [ 105.438017849811459, 21.206818989234129 ], [ 105.43782514934378, 21.20681948885364 ], [ 105.437825682019508, 21.207000192117697 ], [ 105.437632981311765, 21.20700069152203 ], [ 105.437634046211215, 21.207362098047824 ], [ 105.437441345028972, 21.207362597241623 ], [ 105.437442941717009, 21.207904707015214 ], [ 105.437057537929064, 21.207905704771196 ], [ 105.437058069700768, 21.208086408030606 ], [ 105.436865367563939, 21.208086906583478 ], [ 105.436865899106792, 21.208267609843663 ], [ 105.437058601478086, 21.208267111286144 ], [ 105.437059133261002, 21.208447814537802 ], [ 105.436866430655272, 21.208448313099971 ], [ 105.436866962209365, 21.208629016352404 ], [ 105.436481556512163, 21.208630012826468 ], [ 105.436483149801376, 21.209172122588381 ], [ 105.436290446240989, 21.209172620509555 ], [ 105.436290977114155, 21.209353323760407 ], [ 105.436098273313704, 21.209353821466365 ], [ 105.436098803958004, 21.209534524717988 ], [ 105.43667691604594, 21.209533030926607 ], [ 105.436677447399248, 21.209713734160427 ], [ 105.436484743141079, 21.209714232315395 ], [ 105.436485274265522, 21.209894935549979 ], [ 105.436292569767289, 21.209895433489727 ], [ 105.436292038877312, 21.2097147302505 ], [ 105.435906630332923, 21.209715725461098 ] ] } }
]
}
