Reach,Points,Mean,Median,RMSE,Hausdorff,P95
Reach 1 (Upper),24451,52.08616695177128,17.895602600526384,80.1831879441342,156.00083714371755,150.83605021645423
Reach 2 (Middle),20414,16.986310057093572,10.218822096852362,27.991284781444,170.95640144130508,49.931487692059214
Reach 3 (Lower),13717,78.06629738152009,31.591234920309926,104.00996589358604,154.81020591179697,151.36268913181357
