Reach,Points,Mean,Median,RMSE,Hausdorff,P95
Reach 1 (Upper),12169,31.523038844408436,19.962830730466646,47.01946862301207,189.64382150420127,117.85600968592055
Reach 2 (Middle),20223,29.10226069411351,19.768581065648974,49.3849246625053,354.2504099354742,105.98309451757991
Reach 3 (Lower),13798,12.140137705286815,6.157848241750234,19.486439861382966,170.77282343733654,37.74770717423772
