{
"type": "FeatureCollection",
"name": "reach2_s1_shoreline_2024_dry",
"crs": { "type": "name", "properties": { "name": "urn:ogc:def:crs:OGC:1.3:CRS84" } },
"features": [
{ "type": "Feature", "properties": { "id": "shoreline_2024_dry_cleaned_0", "bank_type": "unknown", "length_m": 172164.87833121893, "is_island": false, "year": 2024, "season": "dry", "source": "S1", "processing_version": "1.0" }, "geometry": { "type": "LineString", "coordinates": [ [ 105.591662853852611, 21.163603374561969 ], [ 105.591690112166262, 21.163645631336934 ], [ 105.591753490478666, 21.163687761770905 ], [ 105.591810736576747, 21.163701678895052 ], [ 105.591947719590692, 21.163708258340058 ], [ 105.592038086932902, 21.163724882967916 ], [ 105.592090834915922, 21.163743050947673 ], [ 105.592330584889055, 21.163856562378243 ], [ 105.592371337887684, 21.163886066158803 ], [ 105.592421222042105, 21.163940949214396 ], [ 105.59254402069206, 21.164164985282316 ], [ 105.592589406851943, 21.164224119247461 ], [ 105.592670913169712, 21.164283126663889 ], [ 105.592888038745329, 21.164384010900907 ], [ 105.592942421407173, 21.164434642817493 ], [ 105.592963682704209, 21.164482567337682 ], [ 105.592976217658489, 21.164606756210897 ], [ 105.593003611510113, 21.164682893957671 ], [ 105.593036867944335, 21.164719482527609 ], [ 105.593145498642258, 21.16478686503422 ], [ 105.593195383386799, 21.164841747841908 ], [ 105.593318183966431, 21.16506578327926 ], [ 105.593351710688196, 21.165170134176826 ], [ 105.593361112198863, 21.165263275796214 ], [ 105.593362327794381, 21.165568206562867 ], [ 105.593353669117846, 21.165661411523896 ], [ 105.593320975135725, 21.165765994674693 ], [ 105.593213423916609, 21.16596966187149 ], [ 105.593203051929024, 21.166010638592258 ], [ 105.593210717703485, 21.166045905115272 ], [ 105.593236421251746, 21.166075461437877 ], [ 105.593301289180673, 21.16611335081814 ], [ 105.593334546015527, 21.166149939314163 ], [ 105.593361940354029, 21.166226076978116 ], [ 105.593374475825584, 21.166350265785105 ], [ 105.593410866612018, 21.16641790146436 ], [ 105.593450121134893, 21.1664488219505 ], [ 105.5936898765069, 21.166562331291583 ], [ 105.593748758440029, 21.166608711915874 ], [ 105.593794145841088, 21.166667845512009 ], [ 105.59390331911095, 21.166870752224963 ], [ 105.5939668346399, 21.166946762953231 ], [ 105.594030215004651, 21.166988892469632 ], [ 105.594655982133233, 21.167281746580887 ], [ 105.594714864649063, 21.167328126851146 ], [ 105.594787512555584, 21.167429516388879 ], [ 105.594826767628376, 21.167460436538828 ], [ 105.594878017870641, 21.167480020610483 ], [ 105.595010506257282, 21.167490848513037 ], [ 105.595091879852546, 21.167515973498315 ], [ 105.595131135009979, 21.167546893575281 ], [ 105.595173524461714, 21.16760886079669 ], [ 105.59523690544296, 21.167650989842947 ], [ 105.595294153369522, 21.167664905738192 ], [ 105.595431140114357, 21.167671482269729 ], [ 105.595521510214098, 21.167688104963066 ], [ 105.595574260010821, 21.167706271805024 ], [ 105.596203031851374, 21.167996285996107 ], [ 105.596320526915875, 21.16802128305903 ], [ 105.596457514012201, 21.168027858750211 ], [ 105.596538888129132, 21.168052983025046 ], [ 105.596578143722851, 21.168083902753789 ], [ 105.596634164207586, 21.168166997541771 ], [ 105.596688549528423, 21.168217628168776 ], [ 105.596972064027028, 21.168357801323729 ], [ 105.597047576805352, 21.168422474615177 ], [ 105.597214276204127, 21.168707056600869 ], [ 105.597268661919628, 21.16875768702878 ], [ 105.597357669478058, 21.168809606906024 ], [ 105.597390927909132, 21.168846194555115 ], [ 105.597412191292051, 21.168894118442598 ], [ 105.597424730419974, 21.169018306825343 ], [ 105.597439996301304, 21.169071898830406 ], [ 105.597467257273536, 21.169114154584921 ], [ 105.597506513340221, 21.16914507408314 ], [ 105.597723649208973, 21.169245951810471 ], [ 105.597835147961788, 21.169276615921341 ], [ 105.597934515567189, 21.169284735086851 ], [ 105.598259607260971, 21.169283585549927 ], [ 105.598322853587916, 21.169291832243843 ], [ 105.598395232426085, 21.169325457828844 ], [ 105.598473881321496, 21.169421177520313 ], [ 105.598546260255759, 21.169454803037866 ], [ 105.598609506668708, 21.169463049622323 ], [ 105.598934598711836, 21.169461898778888 ], [ 105.598997845145419, 21.169470145217542 ], [ 105.599070224216149, 21.169503770507294 ], [ 105.599148873634633, 21.169599489870333 ], [ 105.599221252801442, 21.169633115092637 ], [ 105.599284499321058, 21.169641361421824 ], [ 105.599644213720282, 21.169641498266611 ], [ 105.599767708075987, 21.169660824685611 ], [ 105.599820459061178, 21.169678990170201 ], [ 105.60003759720729, 21.169779864864744 ], [ 105.600081352069722, 21.169806532585884 ], [ 105.600150869449891, 21.169876872646146 ], [ 105.600273684723405, 21.170100902554843 ], [ 105.600319075772617, 21.170160034289125 ], [ 105.600377961163474, 21.170206412503322 ], [ 105.60061772768654, 21.170319911705402 ], [ 105.600681111329479, 21.170362038634142 ], [ 105.600731000717474, 21.170416919073329 ], [ 105.600853817320768, 21.170640948515111 ], [ 105.600899208766876, 21.170700080080533 ], [ 105.600958094551359, 21.170746458080405 ], [ 105.601197862376054, 21.170859956421562 ], [ 105.601237119664916, 21.170890875018159 ], [ 105.601273515145408, 21.170958508858604 ], [ 105.601286057708791, 21.171082696844188 ], [ 105.601313457057017, 21.171158833058161 ], [ 105.60134671698043, 21.171195419883652 ], [ 105.601435727384995, 21.171247337531369 ], [ 105.601490115452023, 21.171297966530471 ], [ 105.601518877348795, 21.171338804517781 ], [ 105.601628064616008, 21.171541705802039 ], [ 105.601673456648669, 21.171600837139501 ], [ 105.601732343031273, 21.17164721485063 ], [ 105.601972112886969, 21.1717607120334 ], [ 105.60203549752444, 21.171802838423634 ], [ 105.602085387898669, 21.171857718430555 ], [ 105.602208207762672, 21.172081746773848 ], [ 105.602253600192256, 21.172140877942422 ], [ 105.602312486968529, 21.172187255439187 ], [ 105.602552258125911, 21.17230075176089 ], [ 105.602615643155971, 21.172342877921594 ], [ 105.602665533926043, 21.172397757744463 ], [ 105.60278835512004, 21.172621785620692 ], [ 105.602833747946548, 21.172680916620344 ], [ 105.60289263511649, 21.172727293902728 ], [ 105.603132407575629, 21.172840789363306 ], [ 105.60319579299825, 21.172882915294469 ], [ 105.603245684164165, 21.172937794933247 ], [ 105.603368506688227, 21.173161822342376 ], [ 105.6034138999117, 21.173220953173093 ], [ 105.603472787475312, 21.173267330241082 ], [ 105.603712561236208, 21.173380824840486 ], [ 105.603775947051446, 21.17342295054209 ], [ 105.603825838613218, 21.17347782999677 ], [ 105.603948662467374, 21.173701856938738 ], [ 105.603994056087814, 21.17376098760052 ], [ 105.604052944045122, 21.173807364454088 ], [ 105.604292719107804, 21.173920858192254 ], [ 105.604356105315645, 21.173962983664286 ], [ 105.604405997273304, 21.174017862934853 ], [ 105.604528822457624, 21.174241889409629 ], [ 105.604574216475029, 21.17430101990244 ], [ 105.604655733016841, 21.17436002122928 ], [ 105.604872881190531, 21.174460889418455 ], [ 105.604916638285076, 21.174487555820296 ], [ 105.604971028720755, 21.174538183623945 ], [ 105.605027056345151, 21.17462127539909 ], [ 105.605090443057279, 21.174663400580247 ], [ 105.605180818364232, 21.174680017971561 ], [ 105.605280120947569, 21.174671192177545 ], [ 105.605331214156507, 21.174651245040618 ], [ 105.605385191184212, 21.174600229451411 ], [ 105.605492731452699, 21.174396554968951 ], [ 105.605519513051803, 21.174320225524237 ], [ 105.605534069940134, 21.174198764409667 ], [ 105.605535712646414, 21.173862766193864 ], [ 105.605550545287414, 21.173809067246836 ], [ 105.605577464665288, 21.173766618877927 ], [ 105.605616470775345, 21.173735421081627 ], [ 105.605832790857406, 21.173633001538192 ], [ 105.605876329411672, 21.173606022643817 ], [ 105.605930305878246, 21.173555006887948 ], [ 105.605985655154996, 21.173471516348727 ], [ 105.60602466110123, 21.173440318461104 ], [ 105.606075753785959, 21.173420371108875 ], [ 105.606208156019179, 21.173408602696778 ], [ 105.606265292050622, 21.17339428055493 ], [ 105.606310341300826, 21.173368707867841 ], [ 105.606370222831828, 21.173289436155198 ], [ 105.606433264088139, 21.173246858135386 ], [ 105.606523500542565, 21.173229593745837 ], [ 105.607170678409645, 21.173224448002905 ], [ 105.607227814269308, 21.173210125539452 ], [ 105.607272863292152, 21.173184552600727 ], [ 105.607332744229524, 21.173105280559664 ], [ 105.607371749790858, 21.17307408236908 ], [ 105.607422842159423, 21.173054134616354 ], [ 105.607486021341543, 21.173045437290458 ], [ 105.60983396049528, 21.173036987033374 ], [ 105.609897208946876, 21.173045229341536 ], [ 105.609948462992008, 21.173064808740087 ], [ 105.60998772263811, 21.173095725239687 ], [ 105.610030119819299, 21.173157688511157 ], [ 105.610093507261752, 21.173199811805091 ], [ 105.610150758589953, 21.173213722578044 ], [ 105.610253127905906, 21.173219000140808 ], [ 105.610334507034338, 21.17324411763872 ], [ 105.610373766806532, 21.173275034044963 ], [ 105.61041616419898, 21.173336997213212 ], [ 105.610479551824568, 21.173379120357072 ], [ 105.610536803254718, 21.173393030996483 ], [ 105.610640671999732, 21.173396891176907 ], [ 105.610735544964427, 21.173409254169925 ], [ 105.610816924272882, 21.173434371430634 ], [ 105.611034075038845, 21.173535231650916 ], [ 105.611086828690119, 21.173553393546975 ], [ 105.611177203901278, 21.173570007735833 ], [ 105.611314196441356, 21.173576571250816 ], [ 105.611371448018261, 21.173590481603608 ], [ 105.611434836014439, 21.173632604378966 ], [ 105.611495364714443, 21.173711442484599 ], [ 105.611567748552872, 21.173745062291459 ], [ 105.611630997384779, 21.173753303940845 ], [ 105.611956098016535, 21.173752127844192 ], [ 105.61204647343331, 21.173768741562821 ], [ 105.612091730843744, 21.173793988926658 ], [ 105.612152259953376, 21.173872826785637 ], [ 105.612215648285073, 21.173914949258631 ], [ 105.612272900068959, 21.173928859300467 ], [ 105.612376769204104, 21.173932718404124 ], [ 105.612471642629174, 21.173945080410579 ], [ 105.612553022503306, 21.173970196820012 ], [ 105.612770175176934, 21.174071054757054 ], [ 105.612822929217003, 21.174089216100615 ], [ 105.612913304923637, 21.174105829347994 ], [ 105.613050297995557, 21.174112391442296 ], [ 105.61310754992617, 21.174126301197482 ], [ 105.613170938628443, 21.174168423301928 ], [ 105.613231468457158, 21.174247260753557 ], [ 105.613303852931466, 21.174280879799309 ], [ 105.613367102070256, 21.174289120790966 ], [ 105.613692203766917, 21.174287941328586 ], [ 105.613755452926227, 21.174296182174384 ], [ 105.613827837536846, 21.174329800992183 ], [ 105.613888367775203, 21.174408638197114 ], [ 105.613951756812995, 21.174450759999164 ], [ 105.614042132849747, 21.174467372634126 ], [ 105.614367234894672, 21.174466191864642 ], [ 105.614430484160437, 21.174474432455025 ], [ 105.614502869003459, 21.174508050977348 ], [ 105.614581530887435, 21.174603762803876 ], [ 105.614653915826537, 21.17463738125867 ], [ 105.614717165178263, 21.174645621739494 ], [ 105.615364371413449, 21.174646091333628 ], [ 105.615445752124188, 21.174671206327634 ], [ 105.61548501331059, 21.174702121507064 ], [ 105.615545544567695, 21.174780958090246 ], [ 105.61561792980055, 21.174814576124263 ], [ 105.615681179271292, 21.174822816241196 ], [ 105.616006281992568, 21.17482163230196 ], [ 105.616069531483788, 21.174829872273026 ], [ 105.616120786910898, 21.174849449761972 ], [ 105.61617518119607, 21.174900073864038 ], [ 105.616284390938873, 21.175102965053771 ], [ 105.616313157591748, 21.175143800390618 ], [ 105.616367552051074, 21.175194424424827 ], [ 105.616453547992947, 21.175243521513078 ], [ 105.616465635666032, 21.175254771289449 ], [ 105.616471749702313, 21.175277336683209 ], [ 105.616453781982955, 21.175299989866307 ], [ 105.616368195434049, 21.175349712398717 ], [ 105.616314222004576, 21.17540073140459 ], [ 105.616149840884219, 21.175686499922886 ], [ 105.616095867258935, 21.175737518861851 ], [ 105.616007281799213, 21.17579007560315 ], [ 105.615962373851531, 21.1758495318565 ], [ 105.615944663171277, 21.175934300177421 ], [ 105.61594592572861, 21.176239229284747 ], [ 105.615937140507896, 21.176298553948943 ], [ 105.615901298177093, 21.176366447545014 ], [ 105.615799253843576, 21.17644022915481 ], [ 105.615772336964511, 21.176482679078703 ], [ 105.615757507798065, 21.17653637882254 ], [ 105.615755888319214, 21.176872376473334 ], [ 105.615774300458625, 21.17695701322555 ], [ 105.615819699721257, 21.177016140552254 ], [ 105.616057989259673, 21.177131034411968 ], [ 105.616097251232802, 21.17716194942135 ], [ 105.616133654993789, 21.177229579813268 ], [ 105.616146210604356, 21.177353766292519 ], [ 105.616173618734777, 21.177429899830848 ], [ 105.616206883676966, 21.177466483584347 ], [ 105.616273273241319, 21.177505770065956 ], [ 105.61631867287214, 21.177564897245926 ], [ 105.616337085426721, 21.177649533920061 ], [ 105.616335467314926, 21.177985531500799 ], [ 105.616320638218369, 21.17803923128324 ], [ 105.61627572974416, 21.178098687617624 ], [ 105.6160383973275, 21.178215314308837 ], [ 105.615957365325116, 21.178274902168425 ], [ 105.615912456634476, 21.178334358409959 ], [ 105.615804928117285, 21.178538039148478 ], [ 105.615776499889279, 21.178579082845115 ], [ 105.615722525110513, 21.178630101676312 ], [ 105.615636936421652, 21.178679823871857 ], [ 105.61562494201074, 21.178691161381757 ], [ 105.615619014919034, 21.178713770638165 ], [ 105.615655278627244, 21.178747520113696 ], [ 105.615732163742706, 21.178776886468569 ], [ 105.615822542593818, 21.17879349807454 ], [ 105.61595954005179, 21.178800057699874 ], [ 105.616016794043574, 21.17881396641177 ], [ 105.616062053657203, 21.178839212644178 ], [ 105.616122586958824, 21.178918048933912 ], [ 105.616185978563195, 21.17896016981377 ], [ 105.616276357570214, 21.178976781172835 ], [ 105.616601469333204, 21.178975595868202 ], [ 105.616664720623987, 21.178983835568658 ], [ 105.616737108168167, 21.179017453050822 ], [ 105.616794619891465, 21.17909347665195 ], [ 105.616806707910612, 21.179104726390573 ], [ 105.616830813700474, 21.179110285367987 ], [ 105.616854825816532, 21.179093257012561 ], [ 105.616907172253889, 21.179012597450008 ], [ 105.616961146750938, 21.178961578249449 ], [ 105.617264541945801, 21.178805180677152 ], [ 105.617318516243799, 21.178754161366111 ], [ 105.617373860879866, 21.178670667258299 ], [ 105.617436901111404, 21.178628085184048 ], [ 105.617527139373792, 21.178610814884951 ], [ 105.617596387676528, 21.178613385419279 ], [ 105.617653641733639, 21.178627293575186 ], [ 105.617717033629432, 21.178669413874864 ], [ 105.617768501674334, 21.17873981230251 ], [ 105.617792607436797, 21.178745371143595 ], [ 105.617816619381202, 21.178728342654978 ], [ 105.617885445505564, 21.178629270101872 ], [ 105.617922939195381, 21.178596663308603 ], [ 105.618011525594255, 21.178544105556654 ], [ 105.618044486211531, 21.17850728011787 ], [ 105.61807126199686, 21.178430948860385 ], [ 105.618082786904026, 21.178306674551234 ], [ 105.618118628669137, 21.178238780521117 ], [ 105.618157633215915, 21.178207579883573 ], [ 105.61837395063867, 21.178105144401567 ], [ 105.618417488115782, 21.178078162315643 ], [ 105.618471461751156, 21.178027142648322 ], [ 105.618526805470324, 21.177943648178445 ], [ 105.618565809853195, 21.17791244744965 ], [ 105.618646981494805, 21.177886739355277 ], [ 105.619005191956461, 21.177882604916508 ], [ 105.619095429563558, 21.177865333794418 ], [ 105.619158468949422, 21.177822751094688 ], [ 105.619213812203839, 21.17773925640925 ], [ 105.61926778543922, 21.177688236495403 ], [ 105.619571175533224, 21.177531834883652 ], [ 105.619625148569568, 21.17748081485934 ], [ 105.619680491435872, 21.177397320027346 ], [ 105.619719495429237, 21.177366119039863 ], [ 105.619800666560479, 21.177340410402184 ], [ 105.620158875606577, 21.177336273552029 ], [ 105.620222055724014, 21.177327571445744 ], [ 105.620273147706996, 21.177307619826625 ], [ 105.620312151549228, 21.177276418705731 ], [ 105.620383973818335, 21.177174510717855 ], [ 105.620421466587132, 21.177141903387394 ], [ 105.620510051214509, 21.177089344360315 ], [ 105.620543010887289, 21.177052518451262 ], [ 105.620563882421266, 21.177004443066945 ], [ 105.620575405163805, 21.176880168620901 ], [ 105.620590232609985, 21.176826468498483 ], [ 105.62061714815222, 21.176784017841516 ], [ 105.620701199457116, 21.176727240169068 ], [ 105.620734159003788, 21.176690414224321 ], [ 105.620760933095895, 21.176614082566523 ], [ 105.6207724556523, 21.176489808106147 ], [ 105.620808295759133, 21.176421913532273 ], [ 105.6208472992586, 21.176390712293149 ], [ 105.621086135857468, 21.176275485169956 ], [ 105.621144640954114, 21.176228683214642 ], [ 105.621189546902315, 21.176169225635597 ], [ 105.621297066328609, 21.175965541638845 ], [ 105.621359962755321, 21.175889077166165 ], [ 105.621423000647553, 21.175846493648788 ], [ 105.621663358726437, 21.175735495326414 ], [ 105.621711486936178, 21.175726848012385 ], [ 105.621783767746564, 21.175735052625814 ], [ 105.622025046193741, 21.175844280133191 ], [ 105.622073268866572, 21.175858220031657 ], [ 105.622121444318395, 21.175860866258404 ], [ 105.622193618932698, 21.175843659964766 ], [ 105.62243547560719, 21.175731243313987 ], [ 105.622521178407354, 21.175709751899973 ], [ 105.622620480365356, 21.175700915932037 ], [ 105.623234566080612, 21.175698653790594 ], [ 105.623297816270934, 21.175706891038068 ], [ 105.623349072893518, 21.17572646630315 ], [ 105.623388335955781, 21.175757379596497 ], [ 105.623448871767351, 21.175836213227228 ], [ 105.623494131666661, 21.175861457470305 ], [ 105.623551385152908, 21.175875363646117 ], [ 105.624487577597492, 21.175874732330431 ], [ 105.624555289918149, 21.175870247069515 ], [ 105.624645525583531, 21.175852973027304 ], [ 105.624698127475781, 21.175834426241526 ], [ 105.624914436754452, 21.175731982559419 ], [ 105.624962541025553, 21.175717687498825 ], [ 105.625010692735728, 21.175714686076454 ], [ 105.625083009273183, 21.175731359513875 ], [ 105.625300172596781, 21.175832201067198 ], [ 105.625381555505669, 21.175857311218572 ], [ 105.625443306682229, 21.175866964931394 ], [ 105.625547177287757, 21.17587081590246 ], [ 105.625637412823394, 21.175853541333773 ], [ 105.625682459332921, 21.175827963556443 ], [ 105.625772267265447, 21.175709046066686 ], [ 105.625809758459184, 21.175676437574143 ], [ 105.625898340245186, 21.175623875783689 ], [ 105.625943244082023, 21.175564416989445 ], [ 105.62595806945933, 21.175510716439156 ], [ 105.625965054460181, 21.175382223313505 ], [ 105.625982759344012, 21.175297454079871 ], [ 105.626002117823759, 21.175247971929174 ], [ 105.626109629943997, 21.175044285029664 ], [ 105.626136400981252, 21.174967952581465 ], [ 105.626149572590819, 21.174878964929398 ], [ 105.62614965765377, 21.17454156154589 ], [ 105.626158296104578, 21.174448355489165 ], [ 105.626190968571379, 21.17434376661123 ], [ 105.626214883751231, 21.174304149660507 ], [ 105.62623889399525, 21.174287120008433 ], [ 105.62626299931415, 21.174292677654837 ], [ 105.626287199718973, 21.174320822599356 ], [ 105.626504146674037, 21.174728008485346 ], [ 105.626527062067026, 21.174808392096928 ], [ 105.626545908083401, 21.174994670396586 ], [ 105.626582315973835, 21.175062298452129 ], [ 105.626645708756428, 21.175104415397037 ], [ 105.626708958846109, 21.1751126513707 ], [ 105.626758502414376, 21.175082821462386 ], [ 105.626807879420539, 21.175013463769464 ], [ 105.626831937291655, 21.17500772768215 ], [ 105.626856090334897, 21.175024578888713 ], [ 105.626909108064666, 21.175104850851572 ], [ 105.626963506019678, 21.175155471388891 ], [ 105.627007267122792, 21.175182131970249 ], [ 105.627224430868822, 21.175282971046286 ], [ 105.627287823922217, 21.175325087742515 ], [ 105.627351359887768, 21.17540108535507 ], [ 105.627654763889126, 21.17596465063496 ], [ 105.627688031253882, 21.176001232074391 ], [ 105.627733291891616, 21.176026475163194 ], [ 105.627790545797637, 21.176040379891951 ], [ 105.628148774859412, 21.176041873019621 ], [ 105.628212025416502, 21.176050108418153 ], [ 105.628284413985355, 21.176083720938966 ], [ 105.628344952479921, 21.176162552746124 ], [ 105.628408346220567, 21.176204669000693 ], [ 105.628498724726199, 21.176221273839445 ], [ 105.628567948118658, 21.176218193082132 ], [ 105.62862508285825, 21.176203863416216 ], [ 105.628670128935923, 21.176178284854132 ], [ 105.628703086348153, 21.176141457405542 ], [ 105.629001721703901, 21.175575655799669 ], [ 105.629030145669446, 21.17553460996929 ], [ 105.629105126485484, 21.175469391567862 ], [ 105.629343954899767, 21.175354152963429 ], [ 105.629406990200167, 21.175311566529242 ], [ 105.629456425753759, 21.175256325146989 ], [ 105.629577389406876, 21.175031410158091 ], [ 105.629610346343426, 21.17499458253965 ], [ 105.629682447881592, 21.174960432615844 ], [ 105.629814849098565, 21.174948645734585 ], [ 105.629896017041062, 21.174922932319255 ], [ 105.629935018191105, 21.174891729035458 ], [ 105.629976898013084, 21.174829457013288 ], [ 105.630039932907522, 21.174786870350598 ], [ 105.630097066945368, 21.174772540202156 ], [ 105.630199389864671, 21.174766512003504 ], [ 105.630280557636993, 21.174740798407168 ], [ 105.630319558657206, 21.174709595037228 ], [ 105.630374894434865, 21.174626096852201 ], [ 105.630428862642233, 21.174575073479968 ], [ 105.630472396830072, 21.174548088358677 ], [ 105.63068870007784, 21.174445637420057 ], [ 105.630769723937576, 21.174386042671575 ], [ 105.630814625431057, 21.174326582632901 ], [ 105.630922130245111, 21.174122892832369 ], [ 105.630939904001949, 21.174055063602861 ], [ 105.630936702238287, 21.174009900269304 ], [ 105.630921459739483, 21.173964781857222 ], [ 105.630804615946687, 21.173740753059366 ], [ 105.630808897782629, 21.173685679713447 ], [ 105.630853870887364, 21.173643160127824 ], [ 105.631070172560527, 21.173540708729824 ], [ 105.631151195779694, 21.173481113808375 ], [ 105.631196096855007, 21.173421653672737 ], [ 105.631303600521164, 21.173217963637462 ], [ 105.631366490577591, 21.173141495574846 ], [ 105.631429524358055, 21.173098908413547 ], [ 105.631645824833228, 21.172996456302403 ], [ 105.631726847523751, 21.172936861114529 ], [ 105.631771748206575, 21.172877400832114 ], [ 105.631879250702113, 21.172673710447445 ], [ 105.631942140234486, 21.172597242179034 ], [ 105.632005173617898, 21.172554654810352 ], [ 105.632247017204477, 21.172442224400747 ], [ 105.632364305164856, 21.172416374796033 ], [ 105.632501237082451, 21.172408804101909 ], [ 105.632582403150735, 21.172383089435762 ], [ 105.632621403069038, 21.172351885553848 ], [ 105.632661769985532, 21.17228820681915 ], [ 105.632711203330771, 21.172232964521157 ], [ 105.632774236334527, 21.172190376873381 ], [ 105.632990534531658, 21.17208792308767 ], [ 105.633034067521123, 21.172060937328887 ], [ 105.633088033886864, 21.172009913138787 ], [ 105.633143367123935, 21.171926414085448 ], [ 105.633182366803922, 21.171895210078453 ], [ 105.63326353246751, 21.17186949509383 ], [ 105.633395930577109, 21.17185770548047 ], [ 105.633447018822864, 21.171837749958822 ], [ 105.633486018414459, 21.171806545883662 ], [ 105.633799593561662, 21.17122091594857 ], [ 105.633828015382718, 21.171179869344737 ], [ 105.633902991894544, 21.171114648890228 ], [ 105.634141809504882, 21.170999403719062 ], [ 105.634195775106022, 21.170948379188328 ], [ 105.634216641379794, 21.17090030221566 ], [ 105.634228152362681, 21.170776027046056 ], [ 105.634242974300861, 21.170722325825928 ], [ 105.634269884830786, 21.170679873090013 ], [ 105.634353927350361, 21.170623088806604 ], [ 105.634386882132617, 21.170586260292328 ], [ 105.63440774829651, 21.170538183296863 ], [ 105.634419259100056, 21.170413908113687 ], [ 105.63443408093643, 21.17036020687717 ], [ 105.634460991348433, 21.170317754112059 ], [ 105.634545033591792, 21.170260969738251 ], [ 105.634577988248026, 21.170224141188378 ], [ 105.634604754105368, 21.170147807486746 ], [ 105.634616264723121, 21.170023532289363 ], [ 105.634652096954923, 21.169955634926168 ], [ 105.634691095803802, 21.169924430584974 ], [ 105.634758660475285, 21.16988606039607 ], [ 105.634812625466395, 21.16983503567732 ], [ 105.634841046749344, 21.169793988910246 ], [ 105.634948542880053, 21.169590296662296 ], [ 105.635011429544406, 21.169513827297202 ], [ 105.635074460735609, 21.169471238824013 ], [ 105.635290753365538, 21.169368782202923 ], [ 105.635371772612359, 21.169309185329737 ], [ 105.635416670757607, 21.169249724118387 ], [ 105.635524165718053, 21.169046031521308 ], [ 105.635587051858437, 21.168969561950544 ], [ 105.635650082652674, 21.168926973270075 ], [ 105.635866374084813, 21.16882451593623 ], [ 105.635947392803104, 21.168764918796779 ], [ 105.63599229055599, 21.168705457438769 ], [ 105.636099784346186, 21.1685017644926 ], [ 105.636128205023766, 21.168460717518172 ], [ 105.636182169029837, 21.168409692378763 ], [ 105.636270742743577, 21.168357125310518 ], [ 105.636303696554947, 21.16832029643755 ], [ 105.636330461204722, 21.168243962476698 ], [ 105.636341970276149, 21.168119687174123 ], [ 105.636377801276524, 21.16805178946154 ], [ 105.636416799264609, 21.168020584737146 ], [ 105.636633088841236, 21.167918126458474 ], [ 105.636676619944978, 21.16789113979625 ], [ 105.636730583557039, 21.16784011448841 ], [ 105.636785913232373, 21.167756614292983 ], [ 105.636824911056607, 21.16772540947753 ], [ 105.636906073786818, 21.167699692805378 ], [ 105.637038467825491, 21.167687900435503 ], [ 105.637110564075527, 21.167653747447321 ], [ 105.637143517523597, 21.167616918416876 ], [ 105.637264463518704, 21.16739199817604 ], [ 105.637313893542157, 21.167336754585012 ], [ 105.637376923145538, 21.167294165282797 ], [ 105.637593210984463, 21.167191705810996 ], [ 105.637656240444684, 21.16714911640754 ], [ 105.637719124693106, 21.167072646074939 ], [ 105.638017708092065, 21.166506829264954 ], [ 105.638046127866218, 21.166465781981646 ], [ 105.638080591888979, 21.166430358803769 ], [ 105.638143620888329, 21.166387769226581 ], [ 105.638765424096604, 21.166088959688114 ], [ 105.638798376790533, 21.166052130347619 ], [ 105.638819240919858, 21.166004052834381 ], [ 105.63883074778866, 21.165879777386721 ], [ 105.638857510727831, 21.165803443048009 ], [ 105.638890463337262, 21.165766613690522 ], [ 105.638979034507358, 21.165714045251743 ], [ 105.639032996540948, 21.165663019236259 ], [ 105.63906141587573, 21.165621971789474 ], [ 105.639168903303229, 21.16541827698169 ], [ 105.639201855751324, 21.165381447565984 ], [ 105.639273950376264, 21.165347293687322 ], [ 105.639406342086687, 21.165335499518555 ], [ 105.639463471529027, 21.16532116630421 ], [ 105.639526499657194, 21.165278576228115 ], [ 105.639586360027693, 21.165199293199457 ], [ 105.639658454472638, 21.165165139160653 ], [ 105.639721628094634, 21.165156429915115 ], [ 105.640046708196749, 21.165155200295171 ], [ 105.640109881787652, 21.165146490905304 ], [ 105.640160966796657, 21.165126533420931 ], [ 105.640214928206959, 21.165075507040569 ], [ 105.640322413661536, 21.164871811536813 ], [ 105.640385295582988, 21.164795340251715 ], [ 105.640448323219132, 21.164752749841867 ], [ 105.640664605187538, 21.164650286559482 ], [ 105.640703601377567, 21.164619080879639 ], [ 105.640730508981363, 21.164576627159963 ], [ 105.640748204299598, 21.164491856516985 ], [ 105.640746891703714, 21.164186928441495 ], [ 105.640728467223056, 21.164102294596418 ], [ 105.640701195121295, 21.164060046069643 ], [ 105.640661931732723, 21.16402913676583 ], [ 105.640444776015599, 21.163928314626254 ], [ 105.640405512714096, 21.163897405260208 ], [ 105.640369101503069, 21.163829780180983 ], [ 105.640359816516053, 21.163770522782176 ], [ 105.640362547130991, 21.163705572993063 ], [ 105.640377366209279, 21.163651871264605 ], [ 105.640404273740728, 21.163609417594074 ], [ 105.640443269720663, 21.163578211975981 ], [ 105.640510830009006, 21.16353983957125 ], [ 105.640579755521159, 21.163468992244248 ], [ 105.64072911148665, 21.163203021938848 ], [ 105.640783072018635, 21.1631519953884 ], [ 105.640871640962473, 21.163099425999004 ], [ 105.640904592482855, 21.163062596265327 ], [ 105.640931353884099, 21.162986261613131 ], [ 105.64094285882463, 21.162861986028471 ], [ 105.640963721836172, 21.162813908261658 ], [ 105.640996673272099, 21.162777078510999 ], [ 105.641277489577107, 21.162633429886139 ], [ 105.641331449715224, 21.162582403167399 ], [ 105.641386774896461, 21.162498901530558 ], [ 105.641425770379684, 21.162467695694559 ], [ 105.641506929410426, 21.162441976891902 ], [ 105.641639318315953, 21.162430181041717 ], [ 105.641711410941681, 21.162396026162952 ], [ 105.641744362098891, 21.162359196271911 ], [ 105.641851843578323, 21.162155499834551 ], [ 105.641905803345736, 21.162104472939166 ], [ 105.641956887066058, 21.162084514938012 ], [ 105.64202005922651, 21.162075804867658 ], [ 105.64237822958053, 21.162071621887598 ], [ 105.642435357464038, 21.162057287703259 ], [ 105.642480396849848, 21.162031705588518 ], [ 105.642513347734408, 21.161994875553027 ], [ 105.642634281180847, 21.16176995164653 ], [ 105.642703204862173, 21.161699103486249 ], [ 105.643006537005874, 21.161542660977737 ], [ 105.643060496150767, 21.16149163372614 ], [ 105.643115819958041, 21.161408131548221 ], [ 105.643154814788147, 21.161376925326191 ], [ 105.643235972906908, 21.161351205713551 ], [ 105.64336836066866, 21.161339408537021 ], [ 105.643440452355321, 21.161305252940675 ], [ 105.643473402841352, 21.161268422725211 ], [ 105.643580881178693, 21.161064725243701 ], [ 105.643625773589505, 21.161005261942325 ], [ 105.643706784927659, 21.160945661218818 ], [ 105.643923059076769, 21.160843193922918 ], [ 105.643966586772478, 21.160816205448519 ], [ 105.644020545323315, 21.160765177901503 ], [ 105.644075868324833, 21.160681675423159 ], [ 105.644114862761384, 21.160650468987193 ], [ 105.644196020308513, 21.160624748926178 ], [ 105.644328407328004, 21.160612951015842 ], [ 105.644400498435573, 21.160578795022101 ], [ 105.644433448523074, 21.160541964626702 ], [ 105.644554377911987, 21.16031703941357 ], [ 105.644603802894679, 21.160261793775184 ], [ 105.644666827396335, 21.160219201850758 ], [ 105.644883099808141, 21.160116733362763 ], [ 105.644964110152245, 21.160057132056227 ], [ 105.645009001707749, 21.159997668402681 ], [ 105.645129929796909, 21.159772742797362 ], [ 105.645198851363929, 21.159701893657765 ], [ 105.645242378491162, 21.159674904865973 ], [ 105.645843131114773, 21.159390267532835 ], [ 105.645906154886745, 21.159347675160927 ], [ 105.645955579044966, 21.15929242914245 ], [ 105.646076505142531, 21.159067502893272 ], [ 105.646121395958232, 21.159008038956696 ], [ 105.646179886300942, 21.158961228616434 ], [ 105.646418674676212, 21.158845966685885 ], [ 105.646481698051403, 21.158803374107002 ], [ 105.646531121816366, 21.158748127926984 ], [ 105.646652046614292, 21.158523201285732 ], [ 105.646696937037902, 21.158463737202766 ], [ 105.646777945750429, 21.158404135057872 ], [ 105.646994214030357, 21.158301663954344 ], [ 105.647037740416707, 21.158274674715098 ], [ 105.647091696990614, 21.158223646223984 ], [ 105.647156010088025, 21.158131638031932 ], [ 105.64716802496352, 21.15812594517384 ], [ 105.647192128343349, 21.158131499894704 ], [ 105.647243602694957, 21.158201889350799 ], [ 105.647306993783133, 21.158243998669516 ], [ 105.647364242438499, 21.158257896928806 ], [ 105.647466602131516, 21.158263152204594 ], [ 105.647547978781475, 21.158288251891062 ], [ 105.647587242004604, 21.158319159619769 ], [ 105.647659920714716, 21.158420525776101 ], [ 105.647741444872295, 21.158479506240123 ], [ 105.647981201895533, 21.158587291226691 ], [ 105.648021841194435, 21.158588547323422 ], [ 105.648071374905754, 21.158558711362268 ], [ 105.648192309490199, 21.158336607084909 ], [ 105.64820266577081, 21.158295627344362 ], [ 105.648194987489234, 21.158260363594003 ], [ 105.648149655287241, 21.158218185442649 ], [ 105.647932503369191, 21.158117372758067 ], [ 105.647869112165921, 21.158075263676231 ], [ 105.647819210056213, 21.158020397388963 ], [ 105.647696334679608, 21.157796403213368 ], [ 105.647650929077614, 21.157737284480099 ], [ 105.647569405369623, 21.157678303955961 ], [ 105.64735225462077, 21.157577490489981 ], [ 105.647297856516289, 21.157526876418036 ], [ 105.647270436563488, 21.157450748053293 ], [ 105.647264320203504, 21.157082310730317 ], [ 105.64725653176157, 21.157021636262769 ], [ 105.647233608268209, 21.156941255505693 ], [ 105.647113732254596, 21.15671442591427 ], [ 105.64708496100684, 21.156673595849981 ], [ 105.64703056332992, 21.156622981675916 ], [ 105.646941546589773, 21.156571088107711 ], [ 105.646908279081956, 21.156534510381341 ], [ 105.646887001817092, 21.156486592997101 ], [ 105.646874422877545, 21.156362409095838 ], [ 105.646859140756845, 21.15630882188103 ], [ 105.646831868435854, 21.156266574311807 ], [ 105.646750370387721, 21.156213240168814 ], [ 105.646732213395083, 21.156190721925384 ], [ 105.6467321643471, 21.15617942829541 ], [ 105.646750125140954, 21.156156772019127 ], [ 105.646835690247443, 21.156107034535037 ], [ 105.646889646128656, 21.156056006113765 ], [ 105.647038983607828, 21.15579003048515 ], [ 105.64710790245546, 21.155719180605402 ], [ 105.64715142807907, 21.155692191348646 ], [ 105.647367692203559, 21.155589719842904 ], [ 105.647478919884179, 21.155558236324339 ], [ 105.647578206529957, 21.155549386061164 ], [ 105.648192206132265, 21.155547035421069 ], [ 105.648255375097477, 21.155538323096394 ], [ 105.648306455683581, 21.155518363242333 ], [ 105.648345447884296, 21.15548715586992 ], [ 105.648400766544214, 21.155403652038313 ], [ 105.648454721626706, 21.155352623134146 ], [ 105.648498246890895, 21.15532563353883 ], [ 105.648714509513283, 21.155223160344971 ], [ 105.648795515664844, 21.155163557277607 ], [ 105.648840404242165, 21.155104092650603 ], [ 105.648947870933625, 21.15490039191517 ], [ 105.649010744268722, 21.15482391755609 ], [ 105.649073765205515, 21.154781324054511 ], [ 105.64931556670598, 21.154668870072442 ], [ 105.649401253193332, 21.154647365391678 ], [ 105.649500539086119, 21.154638514018259 ], [ 105.650114534698645, 21.154636156500501 ], [ 105.650177777103536, 21.154644383906646 ], [ 105.650229029694131, 21.154663951169425 ], [ 105.650268292477875, 21.154694858299464 ], [ 105.650324337179143, 21.154777934819592 ], [ 105.650378735252275, 21.154828547934308 ], [ 105.650422494293593, 21.154855202567074 ], [ 105.650639642981844, 21.154956012173987 ], [ 105.650721166340645, 21.155014991244862 ], [ 105.650766572275728, 21.155074109163149 ], [ 105.651070020068872, 21.155637632589062 ], [ 105.651115426336801, 21.155696750400946 ], [ 105.6511743212033, 21.155743110760596 ], [ 105.652186193855087, 21.156214965866784 ], [ 105.652297692972866, 21.156245594093441 ], [ 105.652466292004362, 21.156256237937878 ], [ 105.652523540320416, 21.156270134462144 ], [ 105.652568798881362, 21.156295371009598 ], [ 105.652629341635304, 21.156374194186004 ], [ 105.652668605362251, 21.156405100728364 ], [ 105.65271985887081, 21.156424667208547 ], [ 105.652852340320266, 21.156435449968509 ], [ 105.652909588737899, 21.15644934635916 ], [ 105.652954847416609, 21.156474582799717 ], [ 105.653013879346219, 21.156551999934489 ], [ 105.653045587693995, 21.156575876911973 ], [ 105.653083241396089, 21.15658279022907 ], [ 105.653126840440294, 21.156572739882158 ], [ 105.653727564827534, 21.156288075163538 ], [ 105.653808718223175, 21.156262350582693 ], [ 105.653938078180644, 21.156247733492101 ], [ 105.654334714468774, 21.156243363174674 ], [ 105.654475231786421, 21.156225796955596 ], [ 105.654578206532122, 21.156202636632031 ], [ 105.654678349132297, 21.156170456332212 ], [ 105.65477555266223, 21.156129191543332 ], [ 105.655093865802073, 21.155971747659738 ], [ 105.655243969211753, 21.155879653540389 ], [ 105.655409526626997, 21.155749467075704 ], [ 105.655564148754522, 21.155607591758354 ], [ 105.655716368824187, 21.155463244378886 ], [ 105.655750278366924, 21.155422156679737 ], [ 105.655761847830121, 21.155390533294803 ], [ 105.655759255037353, 21.15537827072184 ], [ 105.655737314409251, 21.155360843813515 ], [ 105.655672982276855, 21.155347339898363 ], [ 105.655557859160197, 21.155338617108054 ], [ 105.655419425789063, 21.155342179717341 ], [ 105.655271675570916, 21.155373429602442 ], [ 105.655171608645588, 21.155415299924208 ], [ 105.655031260981261, 21.155487178959838 ], [ 105.654948539104893, 21.155511444255346 ], [ 105.654850438726385, 21.155521401941542 ], [ 105.654492260430487, 21.155519964105114 ], [ 105.654435012240825, 21.155506068242957 ], [ 105.654371620403595, 21.155463961603044 ], [ 105.654253889529429, 21.155269120999868 ], [ 105.654208862476068, 21.155209644354176 ], [ 105.654152111118833, 21.155161256998703 ], [ 105.654052845524191, 21.155100936458702 ], [ 105.654045343467246, 21.155077085523779 ], [ 105.654050325388411, 21.155064849380853 ], [ 105.654141158091193, 21.154997517138913 ], [ 105.654192739674826, 21.154944280225799 ], [ 105.65432161228145, 21.154726756465699 ], [ 105.654366115035799, 21.154666933681138 ], [ 105.654443840732412, 21.154604278373455 ], [ 105.654675699088372, 21.154482570247101 ], [ 105.654735161199596, 21.154436665344651 ], [ 105.654782801929088, 21.154379762175139 ], [ 105.654910627121168, 21.154161264747366 ], [ 105.654977844470267, 21.154088832990773 ], [ 105.655019334009936, 21.154059949257331 ], [ 105.655272325096263, 21.153924160695865 ], [ 105.655327846352094, 21.15387458952144 ], [ 105.655398447720273, 21.153771564174772 ], [ 105.655437437940066, 21.153740355212175 ], [ 105.655518589640693, 21.1537146298474 ], [ 105.655650969375387, 21.153702823250669 ], [ 105.655723054444977, 21.153668662558768 ], [ 105.65575600018812, 21.153631830040499 ], [ 105.655870570290134, 21.15343474377438 ], [ 105.655905492057727, 21.153399749734799 ], [ 105.655950921671263, 21.153374531836942 ], [ 105.656006859133939, 21.15335909007236 ], [ 105.656108038205758, 21.153351997467471 ], [ 105.656356707576109, 21.153347156329435 ], [ 105.656457242643995, 21.153354129065274 ], [ 105.656546053699444, 21.153372191204586 ], [ 105.656598747737732, 21.153390393419457 ], [ 105.656811434892077, 21.15348974645671 ], [ 105.656867166675454, 21.153488064230558 ], [ 105.656897683332005, 21.153464869535728 ], [ 105.656955835073177, 21.153387183532079 ], [ 105.65700086927184, 21.153361597658371 ], [ 105.65705799228553, 21.15334725864507 ], [ 105.65716029893585, 21.153341214528496 ], [ 105.657241450098951, 21.153315488349765 ], [ 105.657280439803387, 21.153284278974052 ], [ 105.657322302171721, 21.153222000472745 ], [ 105.657385319975617, 21.153179403947206 ], [ 105.657442442879073, 21.153165064806618 ], [ 105.657544749381969, 21.153159020461175 ], [ 105.657625900374839, 21.15313329410187 ], [ 105.657679851409867, 21.153082262346206 ], [ 105.657794418526066, 21.152885174842353 ], [ 105.657842859808881, 21.152829017193319 ], [ 105.657903122492343, 21.152783857560149 ], [ 105.65815913090178, 21.152650876490679 ], [ 105.658212568672582, 21.1526331089199 ], [ 105.658305540709065, 21.1526183802501 ], [ 105.658699803685437, 21.152614022834637 ], [ 105.658825882034421, 21.152596352581988 ], [ 105.658981104137979, 21.152538312995915 ], [ 105.659118424834489, 21.152463619101102 ], [ 105.659173944242639, 21.152414046704003 ], [ 105.659241740986559, 21.152313669567707 ], [ 105.659266723739094, 21.15229570847287 ], [ 105.65927954657424, 21.152294920059592 ], [ 105.659305855169364, 21.152309727500882 ], [ 105.65936433648676, 21.152377436105063 ], [ 105.659420958012845, 21.152396371609381 ], [ 105.659465164553808, 21.152390563470735 ], [ 105.659536689566053, 21.152363603403245 ], [ 105.659629266716152, 21.152319913584552 ], [ 105.659694179665721, 21.152279448021307 ], [ 105.65973787728548, 21.152218877542587 ], [ 105.659757931830342, 21.152136311259373 ], [ 105.659762242548183, 21.151805353719119 ], [ 105.659750068678363, 21.15171480093893 ], [ 105.659726171181063, 21.151635337832758 ], [ 105.659656865413126, 21.151496759241006 ], [ 105.659585599914337, 21.151394057236228 ], [ 105.659507325922945, 21.151332007512256 ], [ 105.659255766037688, 21.15119817834621 ], [ 105.659223355293733, 21.151148948397477 ], [ 105.659226213251117, 21.151088537101202 ], [ 105.659287822042671, 21.150955540745883 ], [ 105.659357587509717, 21.150852843089119 ], [ 105.659435309095485, 21.150790185567679 ], [ 105.65966715732425, 21.15066847080988 ], [ 105.659726616357034, 21.150622564213034 ], [ 105.659774253960919, 21.1505656596946 ], [ 105.659902068610791, 21.150347158675714 ], [ 105.65995050828397, 21.150291000449087 ], [ 105.660010769302019, 21.150245840095593 ], [ 105.660242616203007, 21.150124124576259 ], [ 105.660302074840118, 21.150078217784657 ], [ 105.660335146472633, 21.150041503321766 ], [ 105.660385144000571, 21.149954801379444 ], [ 105.660400534542234, 21.149910377163309 ], [ 105.660410890393322, 21.149845007065235 ], [ 105.660400811312115, 21.149756288950755 ], [ 105.660349142107592, 21.14962141191921 ], [ 105.660279015095611, 21.149510702843457 ], [ 105.66018775062706, 21.149428935185956 ], [ 105.66011336670563, 21.149394382156274 ], [ 105.660070398439899, 21.149393357531899 ], [ 105.660032726968012, 21.149409941495794 ], [ 105.659947399948521, 21.149496093701227 ], [ 105.659816885584576, 21.149577117541682 ], [ 105.659783941736293, 21.149613950818313 ], [ 105.659757192289121, 21.14969028825973 ], [ 105.659748543820157, 21.149850948319031 ], [ 105.659725763265882, 21.149964719470209 ], [ 105.659686975077818, 21.150063598052942 ], [ 105.659618314879992, 21.15016842669165 ], [ 105.659524746514151, 21.15025008223099 ], [ 105.659386459717268, 21.150323875542608 ], [ 105.659279771972493, 21.150393325608263 ], [ 105.65924200348492, 21.15040879982546 ], [ 105.659208386081474, 21.15040564176601 ], [ 105.65917891977459, 21.150383851432075 ], [ 105.65908624172333, 21.150237035826208 ], [ 105.659005935337476, 21.150142886496653 ], [ 105.658924181205094, 21.150084129277857 ], [ 105.658741552899926, 21.149984700972155 ], [ 105.658644580085209, 21.149906316938836 ], [ 105.658598678537331, 21.149847668598184 ], [ 105.658505985213822, 21.149697191555159 ], [ 105.658425679487749, 21.149603041927126 ], [ 105.658343925878555, 21.149544284410602 ], [ 105.658161298614701, 21.149444855445068 ], [ 105.658084896724972, 21.149381035685565 ], [ 105.658048481339208, 21.149313414411036 ], [ 105.658027775512736, 21.149196910793609 ], [ 105.658017390827041, 21.148968577026078 ], [ 105.658035074656553, 21.148883804722065 ], [ 105.658079957653896, 21.148824337745548 ], [ 105.658238402319355, 21.148735558850625 ], [ 105.658338762913033, 21.148660223477009 ], [ 105.658387332249717, 21.14860418625252 ], [ 105.658464843132364, 21.148473850791706 ], [ 105.658522461296727, 21.148392490869682 ], [ 105.658555637453958, 21.14835587391104 ], [ 105.658597315541087, 21.148327166884151 ], [ 105.658675773794116, 21.148298937451809 ], [ 105.658769110432743, 21.148284550360238 ], [ 105.658823541388742, 21.148267708171989 ], [ 105.658889246630082, 21.148227613752663 ], [ 105.658959849650273, 21.148158334650354 ], [ 105.65903193127356, 21.148124172616807 ], [ 105.659156119748133, 21.148104747503623 ], [ 105.659468558324846, 21.148091756150407 ], [ 105.659593891786102, 21.148073396053242 ], [ 105.65972764331822, 21.14802912645553 ], [ 105.659885571646598, 21.147939867410919 ], [ 105.659970405930736, 21.147917569792948 ], [ 105.660072874787204, 21.147911678543899 ], [ 105.660165906744311, 21.147925743374721 ], [ 105.660215165482342, 21.147947192688587 ], [ 105.66028771323839, 21.1480146574443 ], [ 105.660353771128939, 21.148054238444086 ], [ 105.660408349247774, 21.14807065587766 ], [ 105.660501809898193, 21.148084315115 ], [ 105.660580515270993, 21.148111932154528 ], [ 105.660622446040691, 21.148140313391725 ], [ 105.660729267356103, 21.148243402867124 ], [ 105.660911515747244, 21.148343187594808 ], [ 105.661015981479821, 21.148414482453006 ], [ 105.661068207193964, 21.148467148179595 ], [ 105.661123086253767, 21.148551327021927 ], [ 105.661149729372141, 21.148579457470955 ], [ 105.661179526378945, 21.148584987990208 ], [ 105.661212477260804, 21.148567918578415 ], [ 105.661300731803266, 21.148460282692874 ], [ 105.661387270329811, 21.148325027740579 ], [ 105.661394410438575, 21.148262716053228 ], [ 105.661379481811764, 21.148224295759302 ], [ 105.661348802238905, 21.148188372125617 ], [ 105.661291762317688, 21.148140260554079 ], [ 105.661089602464813, 21.148025288684767 ], [ 105.660991790252694, 21.147947700120035 ], [ 105.660942588968553, 21.147892173569979 ], [ 105.660848626363162, 21.147742897500468 ], [ 105.660785854484445, 21.147666185285729 ], [ 105.660711506434254, 21.14760042370661 ], [ 105.660599394015307, 21.147536362773355 ], [ 105.660560131089653, 21.14750545802071 ], [ 105.660532856633154, 21.147463212674786 ], [ 105.66051442331883, 21.147378581055406 ], [ 105.660523039121998, 21.147285373538523 ], [ 105.660558854210421, 21.147217470953223 ], [ 105.660597841638818, 21.14718626085094 ], [ 105.660711459997799, 21.147123260600246 ], [ 105.66079062540409, 21.147061948068991 ], [ 105.660857286509525, 21.146989002183801 ], [ 105.660910196355431, 21.146903262847289 ], [ 105.660943139339196, 21.146866429362767 ], [ 105.660988170883229, 21.146840842478095 ], [ 105.661045290991055, 21.146826502183618 ], [ 105.661217689203554, 21.146818187784191 ], [ 105.661372482707776, 21.14679349477214 ], [ 105.661415693276851, 21.146771084885639 ], [ 105.661438545154311, 21.146736229262675 ], [ 105.661442336586134, 21.146714134302773 ], [ 105.661434650446338, 21.146660610087459 ], [ 105.661396695295096, 21.146567772673805 ], [ 105.661348172788792, 21.146479286321593 ], [ 105.661222406555098, 21.146315797153523 ], [ 105.661053927842403, 21.146149083666518 ], [ 105.661021822986953, 21.146104429424216 ], [ 105.660995602373546, 21.146039147562213 ], [ 105.660991781093003, 21.145995574867612 ], [ 105.661000746026289, 21.145923031888916 ], [ 105.661060854539727, 21.145753115866253 ], [ 105.661082892117662, 21.145626185981715 ], [ 105.66107899359217, 21.145427879181788 ], [ 105.661060481310386, 21.145275276214132 ], [ 105.661030288654018, 21.145201768729162 ], [ 105.660981427026357, 21.145145921714768 ], [ 105.660874634096288, 21.145076830451458 ], [ 105.660735753326861, 21.145004070586531 ], [ 105.660657915454337, 21.144941611527489 ], [ 105.660580499649768, 21.144844730293194 ], [ 105.660502018224435, 21.144714834250514 ], [ 105.660456268456841, 21.144656043667844 ], [ 105.660359851387085, 21.1445771373144 ], [ 105.660181500370001, 21.144477377910839 ], [ 105.660153880407492, 21.144434810383437 ], [ 105.660160333676885, 21.144401449626848 ], [ 105.660240015526597, 21.14427876013016 ], [ 105.660297688162245, 21.144129970350217 ], [ 105.660333502639119, 21.144062067804668 ], [ 105.660421879173015, 21.143941844327824 ], [ 105.660513235601584, 21.143790652240028 ], [ 105.660579812804514, 21.143717629598047 ], [ 105.660683081572301, 21.143645002818104 ], [ 105.660864365232882, 21.143543735913589 ], [ 105.66097087347201, 21.143440382100447 ], [ 105.661012651125844, 21.143411768847287 ], [ 105.66109100493037, 21.143383444022426 ], [ 105.661212209809349, 21.1433612456003 ], [ 105.661284288599461, 21.143327082662864 ], [ 105.661352736946284, 21.14325580113076 ], [ 105.661446071891831, 21.143106450580873 ], [ 105.661479013928513, 21.143069617001199 ], [ 105.661551092514998, 21.143035453954315 ], [ 105.66168346216655, 21.143023642885709 ], [ 105.661764606916535, 21.142997914675021 ], [ 105.661803593006269, 21.142966704315235 ], [ 105.661857503907996, 21.142881897822321 ], [ 105.661924080043605, 21.142808874671889 ], [ 105.662005647478864, 21.142749798943804 ], [ 105.662142825846956, 21.142674980106133 ], [ 105.662181811772399, 21.142643769662374 ], [ 105.662217625041748, 21.142575866738358 ], [ 105.66222911110242, 21.142451589910412 ], [ 105.662255858082332, 21.142375252080974 ], [ 105.662288799757903, 21.142338418350086 ], [ 105.662419475491447, 21.142257549963293 ], [ 105.662488388018971, 21.142186700808089 ], [ 105.662541721270614, 21.142101357301453 ], [ 105.662599390806633, 21.141952566781974 ], [ 105.662635203726353, 21.141884663773503 ], [ 105.662723577128304, 21.141764439147206 ], [ 105.662830004965414, 21.141593530508477 ], [ 105.662954005178833, 21.1414727113353 ], [ 105.662984235277591, 21.141399614459793 ], [ 105.662997080940883, 21.141242862552453 ], [ 105.663020343675726, 21.141163283544746 ], [ 105.663119377234267, 21.141019236642805 ], [ 105.663196930862981, 21.140888946279457 ], [ 105.663282763653115, 21.140800099187988 ], [ 105.663388935739292, 21.140730175074417 ], [ 105.6635271609954, 21.140656331528671 ], [ 105.663621143718203, 21.14057506696442 ], [ 105.66369013481939, 21.140470551224958 ], [ 105.663747802614694, 21.140321760332707 ], [ 105.66378361463417, 21.140253857092453 ], [ 105.663871986163954, 21.140133631893651 ], [ 105.663963336817147, 21.139982438030248 ], [ 105.664011698466808, 21.139926210595082 ], [ 105.664111475660647, 21.139850337389365 ], [ 105.664314451733077, 21.139735514825041 ], [ 105.664403204358706, 21.139649384917039 ], [ 105.664456535631146, 21.139564040834703 ], [ 105.664514202329784, 21.139415249695059 ], [ 105.66455001378975, 21.139347346300458 ], [ 105.664638384173671, 21.13922712071939 ], [ 105.664744808053882, 21.139056210931926 ], [ 105.664854079920488, 21.138955431409137 ], [ 105.664884228949603, 21.138916000327296 ], [ 105.66491376523399, 21.138842258966541 ], [ 105.664936413868304, 21.138728369435977 ], [ 105.664958196316007, 21.138681154486758 ], [ 105.664988345263708, 21.138641723387291 ], [ 105.665068863394353, 21.138581673265278 ], [ 105.665229015734795, 21.1384944908839 ], [ 105.665310474982334, 21.13843531639014 ], [ 105.665390509934198, 21.138341076699646 ], [ 105.66551119529224, 21.138149695979155 ], [ 105.665581950805603, 21.138080563366316 ], [ 105.665692771961801, 21.138014965959488 ], [ 105.665850878522221, 21.137959620648033 ], [ 105.665922953614313, 21.137925455811189 ], [ 105.666050356150649, 21.137841544956462 ], [ 105.666210741524395, 21.137754579765744 ], [ 105.666270266643039, 21.13770873909618 ], [ 105.666338594648522, 21.137637348273888 ], [ 105.666382695687489, 21.137610897782956 ], [ 105.666437024076373, 21.137593962290588 ], [ 105.666501579821713, 21.137586541786803 ], [ 105.667000185505017, 21.137578059116677 ], [ 105.667098755444727, 21.137568543461601 ], [ 105.667183379890432, 21.137546053720186 ], [ 105.667229337968379, 21.137521330860064 ], [ 105.667282587749739, 21.137469652038192 ], [ 105.667340568721215, 21.137388635136823 ], [ 105.667404088617857, 21.137279031656441 ], [ 105.667449310634524, 21.137219884379345 ], [ 105.667503944991211, 21.137169493784974 ], [ 105.667590739838403, 21.13711528367012 ], [ 105.667797824593265, 21.137038025151089 ], [ 105.667975135547366, 21.136933067007458 ], [ 105.668076816871547, 21.136892706339054 ], [ 105.668226006977946, 21.136862805088576 ], [ 105.668503983464873, 21.136851499118528 ], [ 105.668666639251995, 21.136834125110379 ], [ 105.668720963453353, 21.136817185525238 ], [ 105.66876692104259, 21.136792462258452 ], [ 105.668859156614829, 21.136709574417733 ], [ 105.668908370644886, 21.136687880716021 ], [ 105.66896781211824, 21.136675701855605 ], [ 105.669071634257477, 21.136674749261388 ], [ 105.669162335827991, 21.136691008167546 ], [ 105.669213005157602, 21.136711117947144 ], [ 105.66934215182269, 21.136784347506573 ], [ 105.669411691673659, 21.136804914929606 ], [ 105.669458826611177, 21.136810476549488 ], [ 105.669521619471809, 21.136796865746547 ], [ 105.669558208335445, 21.13677315639428 ], [ 105.669605796807247, 21.13672378024507 ], [ 105.669620575005297, 21.136715035834115 ], [ 105.669648811849896, 21.136713189019829 ], [ 105.669675289302305, 21.136732198216176 ], [ 105.669715143215342, 21.136791767725818 ], [ 105.669754405086337, 21.136822670418614 ], [ 105.669805653870839, 21.136842231888682 ], [ 105.669868889561386, 21.13685045212539 ], [ 105.670078588877885, 21.136843102968168 ], [ 105.670177158082353, 21.136833585538504 ], [ 105.670235665434603, 21.136820537268452 ], [ 105.670307738922347, 21.136786370602049 ], [ 105.67039997360871, 21.136703481944927 ], [ 105.670449187398987, 21.136681787801425 ], [ 105.670508628727688, 21.136669608403565 ], [ 105.670902852218902, 21.136666092944221 ], [ 105.671139496638489, 21.136680367610424 ], [ 105.671198119254953, 21.136692952007586 ], [ 105.671248445558007, 21.136713385969124 ], [ 105.671290475552524, 21.136741669502261 ], [ 105.67134257443756, 21.136794451500812 ], [ 105.671386911003538, 21.136820552677495 ], [ 105.671472431274722, 21.136841712930007 ], [ 105.672408831654266, 21.136840386366504 ], [ 105.672472067458159, 21.136848605627311 ], [ 105.672544446144101, 21.136882199603761 ], [ 105.672604991056517, 21.136961015744529 ], [ 105.672644253551994, 21.136991917749516 ], [ 105.672695502748098, 21.137011478332941 ], [ 105.672827967870262, 21.137022245900969 ], [ 105.67288521043487, 21.13703613571521 ], [ 105.67294859929973, 21.137078235581971 ], [ 105.673003215579214, 21.13715153604403 ], [ 105.673034637377597, 21.137163897679951 ], [ 105.673070140610562, 21.137157563842081 ], [ 105.67315312162232, 21.137105428066857 ], [ 105.673225194539427, 21.13707126017405 ], [ 105.67333443348052, 21.137037928345475 ], [ 105.673494081100216, 21.137017751768145 ], [ 105.673565261132694, 21.137016491588437 ], [ 105.673628497062239, 21.137024710413524 ], [ 105.673700876080517, 21.137058303885734 ], [ 105.673761421666242, 21.137137119593135 ], [ 105.67382481081242, 21.137179219123635 ], [ 105.673915169854283, 21.137195800264561 ], [ 105.674091121783675, 21.13719944635692 ], [ 105.674223579951004, 21.137210219628795 ], [ 105.674282203005177, 21.137222802944972 ], [ 105.674332529884296, 21.13724323597258 ], [ 105.674374560593236, 21.13727151871884 ], [ 105.674408295134242, 21.137307651189808 ], [ 105.674533467064947, 21.137495447681683 ], [ 105.67459685657586, 21.137537546911481 ], [ 105.674687215909543, 21.137554127631624 ], [ 105.675301137988285, 21.137551680622398 ], [ 105.675364374221772, 21.137559898790084 ], [ 105.675415623947373, 21.137579458534177 ], [ 105.675454887172549, 21.13761035986527 ], [ 105.675541094323563, 21.137732947196401 ], [ 105.67563797592959, 21.137811408394377 ], [ 105.675732637195082, 21.137857944415888 ], [ 105.675915362498202, 21.137923232623105 ], [ 105.676093614300342, 21.138026779784063 ], [ 105.676301389247996, 21.138102392070863 ], [ 105.676452747025493, 21.1381973602766 ], [ 105.676634925915891, 21.13829719166505 ], [ 105.676691750982215, 21.138345502271928 ], [ 105.676739818673866, 21.138402099186283 ], [ 105.676847665443219, 21.138572264332637 ], [ 105.676893419603402, 21.13863105040565 ], [ 105.676948506936512, 21.138681005375926 ], [ 105.677012584166533, 21.138722454044316 ], [ 105.677084964739592, 21.138756046020756 ], [ 105.677243564818752, 21.138810135421107 ], [ 105.677421818580527, 21.138913681119789 ], [ 105.677629595402394, 21.138989291717568 ], [ 105.677784645257773, 21.139080766812441 ], [ 105.677882998323724, 21.139123809718427 ], [ 105.678027384479407, 21.13915732186614 ], [ 105.678230698349978, 21.139169101980926 ], [ 105.678312069213035, 21.139194187071709 ], [ 105.678351333453847, 21.139225087697742 ], [ 105.678406003579795, 21.139309464265224 ], [ 105.678473232308164, 21.139381957647011 ], [ 105.678577146721608, 21.139453764930707 ], [ 105.678759328526667, 21.13955359393913 ], [ 105.678886738064804, 21.139671223122146 ], [ 105.678959119503105, 21.139704814269912 ], [ 105.679108791522268, 21.139733324585816 ], [ 105.679159119877525, 21.139753756132279 ], [ 105.679201152188341, 21.139782037628475 ], [ 105.679265166852531, 21.13985757247902 ], [ 105.679358108974313, 21.140007815950405 ], [ 105.679403864562033, 21.140066601296596 ], [ 105.679458953256983, 21.140116555404749 ], [ 105.679546236469719, 21.140170073014847 ], [ 105.679754016060713, 21.140245680918287 ], [ 105.67995640056121, 21.140360420761162 ], [ 105.680089013963894, 21.140401363819699 ], [ 105.680139952147542, 21.140402675372357 ], [ 105.68018713259616, 21.140392708223107 ], [ 105.680314579409725, 21.140319864771907 ], [ 105.680382524328138, 21.14029483780379 ], [ 105.680453194956797, 21.140283162395065 ], [ 105.680516110169407, 21.140296272096585 ], [ 105.680552913258254, 21.140319688832275 ], [ 105.680600974118434, 21.140374330444867 ], [ 105.680723041804541, 21.140565069177644 ], [ 105.680771909104223, 21.140620910366938 ], [ 105.680872367592173, 21.1406959881622 ], [ 105.681055356962688, 21.140795053294056 ], [ 105.681133200881874, 21.140857502835001 ], [ 105.681210627614121, 21.140954374414907 ], [ 105.681303339940442, 21.141104836674732 ], [ 105.681389971129747, 21.141192998718576 ], [ 105.681474487913036, 21.141249134249758 ], [ 105.681656673795018, 21.1413489600079 ], [ 105.681764107497784, 21.141451465211354 ], [ 105.681806140771855, 21.141479746028914 ], [ 105.681884745725682, 21.141507448309895 ], [ 105.681977868712423, 21.141521412882529 ], [ 105.68203234604627, 21.141537918494635 ], [ 105.682078527393514, 21.141562274191898 ], [ 105.682150150139094, 21.141630610814186 ], [ 105.682192183535065, 21.141658891531957 ], [ 105.682270788650669, 21.141686593628627 ], [ 105.682363911779504, 21.141700557984613 ], [ 105.682418389218398, 21.141717063469223 ], [ 105.682464570681915, 21.141741419057468 ], [ 105.682536654975749, 21.141809319011866 ], [ 105.682580994931342, 21.141835417149128 ], [ 105.682635476036765, 21.141851919159976 ], [ 105.682700098284457, 21.14185882503487 ], [ 105.683058216313285, 21.141854557267763 ], [ 105.6831153321736, 21.141840209626274 ], [ 105.68316035823787, 21.141814616971217 ], [ 105.683220185860336, 21.141735319151813 ], [ 105.683283191207352, 21.141692713254745 ], [ 105.683340306982103, 21.141678365539356 ], [ 105.683442629981855, 21.141677952554343 ], [ 105.683499875227355, 21.141691838697607 ], [ 105.683545134282014, 21.141717066983684 ], [ 105.683578407150577, 21.141753637421978 ], [ 105.68363319557821, 21.141837903897169 ], [ 105.683685175348202, 21.14189080038004 ], [ 105.683789093961295, 21.141962604328516 ], [ 105.683971282204098, 21.142062427521921 ], [ 105.684100081793574, 21.142178743078329 ], [ 105.684178000980225, 21.142207093918433 ], [ 105.684312892125789, 21.142215561571437 ], [ 105.684403598499969, 21.142231812167104 ], [ 105.684454271653337, 21.142251917266606 ], [ 105.684588083099214, 21.14232946237383 ], [ 105.684693820706414, 21.142365517172539 ], [ 105.684848466823624, 21.142389318854388 ], [ 105.685242611626478, 21.142390655410438 ], [ 105.685339196829915, 21.142401342634543 ], [ 105.68541814614585, 21.142428718414706 ], [ 105.685504624644054, 21.14248299757563 ], [ 105.685577008872215, 21.142516585805652 ], [ 105.685657696179987, 21.142542316926754 ], [ 105.685710514197751, 21.142549266056694 ], [ 105.68575957400725, 21.142544936622897 ], [ 105.685804875597796, 21.142529328628896 ], [ 105.685912908008177, 21.142463075795494 ], [ 105.686014587871881, 21.142422704410411 ], [ 105.686095086262185, 21.142407398527297 ], [ 105.686167362604039, 21.142417536905597 ], [ 105.68632239409132, 21.142503141507387 ], [ 105.686530180153483, 21.142578740892656 ], [ 105.68670383187856, 21.142686641542021 ], [ 105.686842722484755, 21.142759379841401 ], [ 105.686937439198587, 21.142839891529853 ], [ 105.68701198860623, 21.142939487626116 ], [ 105.687090720627197, 21.143069154257983 ], [ 105.687177356327027, 21.143157313196014 ], [ 105.687261876338297, 21.143213445735594 ], [ 105.687444068347247, 21.143313265072187 ], [ 105.687551507375716, 21.143415766432703 ], [ 105.687593542269411, 21.143444045761928 ], [ 105.687672149263605, 21.143471745292029 ], [ 105.687765273927567, 21.14348570662996 ], [ 105.687819752569794, 21.143502210339012 ], [ 105.687865935432882, 21.143526564409687 ], [ 105.687938023005643, 21.143594461959562 ], [ 105.687982364404377, 21.143620558636513 ], [ 105.688036846713032, 21.143637058871672 ], [ 105.688101469924007, 21.143643962655496 ], [ 105.68871541536906, 21.143641466334483 ], [ 105.688812001573694, 21.143652151546842 ], [ 105.688890952147318, 21.143679525668009 ], [ 105.689024767098502, 21.143757067157569 ], [ 105.68913050671712, 21.143793119122297 ], [ 105.689252151331829, 21.143814119797362 ], [ 105.68942350542531, 21.143822108065933 ], [ 105.689480751995418, 21.143835992145714 ], [ 105.689544148308798, 21.143878085560331 ], [ 105.689604704981051, 21.143956895236894 ], [ 105.689677090805375, 21.14399048166328 ], [ 105.689740330409265, 21.143998694359826 ], [ 105.689983445293649, 21.144006831100651 ], [ 105.690107382163234, 21.144025662181015 ], [ 105.690179768128061, 21.144059248388171 ], [ 105.690272760363854, 21.144141392511109 ], [ 105.690350681674772, 21.144169740443605 ], [ 105.690415305197291, 21.14417664333449 ], [ 105.691353822177021, 21.144173248126254 ], [ 105.691590479618171, 21.144187493820137 ], [ 105.691649106716099, 21.144200070998462 ], [ 105.69169943820296, 21.14422049871844 ], [ 105.691741474083642, 21.14424877698729 ], [ 105.691793582724614, 21.144301552378806 ], [ 105.691837924981499, 21.144327648019456 ], [ 105.691892407939463, 21.144344146993642 ], [ 105.691957031590945, 21.144351049291817 ], [ 105.69430447879536, 21.144341438759128 ], [ 105.694370829555979, 21.144346705707228 ], [ 105.694429342505359, 21.144359390195675 ], [ 105.694480017650562, 21.144379492232375 ], [ 105.694586939420006, 21.144448453612902 ], [ 105.694769137626295, 21.144548264875581 ], [ 105.694897947598335, 21.144664571893166 ], [ 105.694975869999411, 21.144692917663271 ], [ 105.695040493908692, 21.144699818775987 ], [ 105.695976478166259, 21.144698797061658 ], [ 105.696033725617099, 21.144712678897999 ], [ 105.696078987622997, 21.144737903741024 ], [ 105.69613954804241, 21.144816710967259 ], [ 105.696178817369386, 21.14484760729686 ], [ 105.69623007216768, 21.144867160580755 ], [ 105.696293312429802, 21.144875370808329 ], [ 105.697196179239711, 21.144871655089506 ], [ 105.697262530303675, 21.144876920894539 ], [ 105.6973473612329, 21.144898727736916 ], [ 105.69748141031944, 21.144976045812758 ], [ 105.697611282035368, 21.145023286728652 ], [ 105.697732928664394, 21.145044281246086 ], [ 105.697904284360533, 21.145052260877719 ], [ 105.697961532107342, 21.145066142052823 ], [ 105.698006794532688, 21.14509136636735 ], [ 105.698067356099671, 21.14517017286845 ], [ 105.69810662590784, 21.14520106873594 ], [ 105.698157881063835, 21.145220621424961 ], [ 105.698221121560167, 21.145228830924911 ], [ 105.701435332805346, 21.145215544219205 ], [ 105.701501684120203, 21.145220808354079 ], [ 105.70158651580023, 21.14524261304858 ], [ 105.701720567295752, 21.145319927694747 ], [ 105.701822620937349, 21.145359463984271 ], [ 105.701940120776186, 21.145384380975369 ], [ 105.702074210896612, 21.145393595772443 ], [ 105.702143417542288, 21.145390485322114 ], [ 105.702200532707948, 21.145376131260978 ], [ 105.702245556384611, 21.145350533601484 ], [ 105.702305374999497, 21.145271229311231 ], [ 105.702344352888659, 21.145240009838563 ], [ 105.702395422237061, 21.145220033926996 ], [ 105.702458583050912, 21.145211301565496 ], [ 105.704263856925394, 21.145204235998733 ], [ 105.70446809183025, 21.145215121412161 ], [ 105.704559145127675, 21.145231036227674 ], [ 105.704631534749723, 21.145264616144022 ], [ 105.704703630603888, 21.145332506305905 ], [ 105.704747975327805, 21.145358598490478 ], [ 105.704802459964924, 21.145375093257531 ], [ 105.704867084507669, 21.145381990597521 ], [ 105.707574292511865, 21.145369393507874 ], [ 105.707775624161684, 21.145354208976102 ], [ 105.707834131138213, 21.145341147725084 ], [ 105.707884269029009, 21.145320304799615 ], [ 105.707926037830035, 21.14529168020719 ], [ 105.707959437539927, 21.145255273953985 ], [ 105.708017398859738, 21.145174243720199 ], [ 105.708094914639759, 21.145043933868241 ], [ 105.708161468482942, 21.144970893146233 ], [ 105.708222252793576, 21.144926218660274 ], [ 105.708291528821448, 21.144889439861483 ], [ 105.708396926644525, 21.144852516668841 ], [ 105.708449678207415, 21.144845132929476 ], [ 105.708498777184587, 21.144849058184626 ], [ 105.708544223587069, 21.144864292437134 ], [ 105.708629665442899, 21.144917586794087 ], [ 105.708728030761634, 21.144960611399505 ], [ 105.708841498325739, 21.144989340973016 ], [ 105.708937400052818, 21.145000664382088 ], [ 105.71106505091501, 21.144994672687719 ], [ 105.7111314023511, 21.144999933041532 ], [ 105.711216235159725, 21.145021732874895 ], [ 105.711374421534799, 21.145110232090151 ], [ 105.711558092658109, 21.145174607952157 ], [ 105.711713168919445, 21.145266051153826 ], [ 105.71178556007338, 21.145299627964924 ], [ 105.711895109936833, 21.145332064639625 ], [ 105.711987901594142, 21.145346330628236 ], [ 105.712090024665926, 21.145351763592235 ], [ 105.713281808560708, 21.145346746523401 ], [ 105.713372014098212, 21.145329425869029 ], [ 105.713417035746602, 21.14530382529254 ], [ 105.713476848270773, 21.145224517222111 ], [ 105.713515823724833, 21.145193295243232 ], [ 105.713566891451777, 21.145173316003952 ], [ 105.713699257604929, 21.145161464328304 ], [ 105.713756371445442, 21.145147106401701 ], [ 105.71380139297041, 21.145121505725882 ], [ 105.713861205215537, 21.145042197525832 ], [ 105.713900180539724, 21.145010975461418 ], [ 105.713951248149684, 21.144990996108998 ], [ 105.714083614101085, 21.144979144138009 ], [ 105.714140727831051, 21.144964786084454 ], [ 105.714185749232598, 21.144939185309301 ], [ 105.71424556119868, 21.144859876979634 ], [ 105.714308558601914, 21.144817259761997 ], [ 105.714398763683818, 21.1447999385719 ], [ 105.714757931923515, 21.144796576244751 ], [ 105.714874713180279, 21.144770234293023 ], [ 105.715032045599997, 21.144680406098367 ], [ 105.715239114329449, 21.144603090011778 ], [ 105.715416399145568, 21.144498082953252 ], [ 105.715623467410055, 21.144420766407745 ], [ 105.715800751729489, 21.144315758958331 ], [ 105.716007819528997, 21.144238441953906 ], [ 105.716185103351748, 21.144133434113616 ], [ 105.716392170686277, 21.144056116650297 ], [ 105.716569454012358, 21.143951108419138 ], [ 105.716776520881908, 21.143873790496936 ], [ 105.717128070434441, 21.143660969193885 ], [ 105.717212143838012, 21.143570489163366 ], [ 105.717332419200801, 21.143378751375124 ], [ 105.717380761297122, 21.143322509243074 ], [ 105.71748051255129, 21.143246605303148 ], [ 105.717662566912296, 21.143146033280221 ], [ 105.717739822310122, 21.143082943517893 ], [ 105.717816337255869, 21.142985436670617 ], [ 105.717907633921399, 21.142834215214634 ], [ 105.717955975625259, 21.14277797292598 ], [ 105.718055726219873, 21.142702068661034 ], [ 105.718237779519185, 21.142601496043177 ], [ 105.718315034390088, 21.142538406029335 ], [ 105.718391548682902, 21.142440898934584 ], [ 105.718482844438881, 21.14228967718493 ], [ 105.718531185750322, 21.14223343473968 ], [ 105.718630935685383, 21.142157530149746 ], [ 105.718812987923016, 21.142056956936997 ], [ 105.718890242267008, 21.141993866671669 ], [ 105.718966755906948, 21.141896359329468 ], [ 105.719073118217977, 21.141725417116945 ], [ 105.71918235414384, 21.141624603525539 ], [ 105.719212489012051, 21.141585163164741 ], [ 105.719241998603536, 21.141511413078607 ], [ 105.719264605832464, 21.141397517453431 ], [ 105.719300392429687, 21.141329603171108 ], [ 105.719334711919402, 21.141294053331482 ], [ 105.719397002834853, 21.141250780243915 ], [ 105.719599936101872, 21.141135892546998 ], [ 105.719673004923393, 21.141068911406435 ], [ 105.719741956213525, 21.140964373913629 ], [ 105.719799567620512, 21.140815565480811 ], [ 105.719835353839116, 21.140747651091743 ], [ 105.719923679510757, 21.140627397886863 ], [ 105.720030039846066, 21.14045645510506 ], [ 105.720139274202182, 21.140355640926376 ], [ 105.720169408565908, 21.14031620040398 ], [ 105.720191173508084, 21.140268978835962 ], [ 105.720213779849786, 21.140155083093607 ], [ 105.720231360056829, 21.140103971000567 ], [ 105.72027342296235, 21.140041892303067 ], [ 105.720330132275706, 21.139993430406509 ], [ 105.720360266517687, 21.139953989852017 ], [ 105.720382031349402, 21.139906768260708 ], [ 105.720404637498476, 21.139792872493782 ], [ 105.720422217600714, 21.139741760381856 ], [ 105.72046428032786, 21.139679681639517 ], [ 105.720535706571923, 21.139611174056764 ], [ 105.720558398411484, 21.139564814379792 ], [ 105.720570859381908, 21.139508943062086 ], [ 105.720578692614893, 21.139381313044858 ], [ 105.720592203362585, 21.139326417724686 ], [ 105.720613621728717, 21.139278874143393 ], [ 105.720696246078575, 21.139153321393554 ], [ 105.720741811982123, 21.13902704352321 ], [ 105.720759987688368, 21.138909029073037 ], [ 105.720771424341919, 21.138616108761902 ], [ 105.720791472328713, 21.138499835033048 ], [ 105.720827257566697, 21.138431920444773 ], [ 105.720899613791161, 21.138364278026671 ], [ 105.720927420735009, 21.138322674112736 ], [ 105.720949948391109, 21.138242433950261 ], [ 105.720953991353753, 21.138145008480315 ], [ 105.720971291775058, 21.138059908556492 ], [ 105.72099270984981, 21.138012364928873 ], [ 105.721075333206883, 21.137886812004695 ], [ 105.72110553380007, 21.137813705530377 ], [ 105.721127011501608, 21.137732489347744 ], [ 105.721141884374788, 21.137577676540658 ], [ 105.721131208210309, 21.13632846627792 ], [ 105.721118562592324, 21.136204296052853 ], [ 105.721094562818095, 21.136124911002188 ], [ 105.721051902499426, 21.136063192838208 ], [ 105.720979818417433, 21.135995296038249 ], [ 105.720948912223975, 21.135922449715075 ], [ 105.720940980862295, 21.13586188757731 ], [ 105.720939506186397, 21.135556963568838 ], [ 105.720930191394174, 21.13549771121907 ], [ 105.720893751502402, 21.135430104044595 ], [ 105.720791078679881, 21.135357131901475 ], [ 105.720763789784158, 21.13531489660819 ], [ 105.720748483688325, 21.135261316599912 ], [ 105.720739106391278, 21.134351235300166 ], [ 105.720711025382371, 21.134241679081242 ], [ 105.720615275585374, 21.134094082249746 ], [ 105.720568492163878, 21.133968197281401 ], [ 105.72054917678787, 21.133850342294323 ], [ 105.720540309017764, 21.133620489534287 ], [ 105.720521737900185, 21.133467894497478 ], [ 105.720503665214309, 21.133416934024002 ], [ 105.720461005946888, 21.133355215662398 ], [ 105.720358113200291, 21.133282452983938 ], [ 105.720220946295925, 21.133208104222469 ], [ 105.720175520317127, 21.133149005354007 ], [ 105.720157055360872, 21.133064380971771 ], [ 105.720152964151453, 21.132217369383774 ], [ 105.720140719409827, 21.13212685605718 ], [ 105.720110843975277, 21.132053034830069 ], [ 105.720027013653606, 21.131928189970537 ], [ 105.719944600854376, 21.131733932436855 ], [ 105.719832675039768, 21.131567616882787 ], [ 105.719801770388344, 21.131494770270205 ], [ 105.719779509525409, 21.131413740064307 ], [ 105.719763141644449, 21.131259059995187 ], [ 105.719752511735223, 21.129056829028578 ], [ 105.719758674088297, 21.128893916485197 ], [ 105.719767955478517, 21.128801360847618 ], [ 105.719791185928671, 21.128721774817052 ], [ 105.719833245963514, 21.128659696232827 ], [ 105.719904667390907, 21.12859118897066 ], [ 105.719934866830158, 21.128518082663039 ], [ 105.719942212229569, 21.128457455483147 ], [ 105.719940740161945, 21.128152531141168 ], [ 105.719958386468704, 21.128067753201943 ], [ 105.720003238236728, 21.128008270520304 ], [ 105.720093153429204, 21.127956958767676 ], [ 105.720152657566913, 21.127911099675433 ], [ 105.720231255605327, 21.127815537099984 ], [ 105.720277105066643, 21.127723253822037 ], [ 105.720301604777532, 21.127644848256271 ], [ 105.720319779739214, 21.127526833725884 ], [ 105.720325286247032, 21.127397040272665 ], [ 105.720340073080507, 21.127343332199519 ], [ 105.720384924484506, 21.127283849422376 ], [ 105.720474839110366, 21.12723253747907 ], [ 105.72055208524786, 21.127169446586024 ], [ 105.720612940265852, 21.127091115517796 ], [ 105.720658789279469, 21.126998832141858 ], [ 105.720683288681258, 21.126920426523398 ], [ 105.720698488747757, 21.126833374542692 ], [ 105.720704613585767, 21.126400601985381 ], [ 105.720731632936761, 21.126290811227037 ], [ 105.720830600243104, 21.12614673214355 ], [ 105.72090809527522, 21.126016416735879 ], [ 105.720956430571803, 21.125960173668361 ], [ 105.721056168606353, 21.125884267852239 ], [ 105.721214296405194, 21.125795195750332 ], [ 105.721247219617922, 21.125758350984249 ], [ 105.721268051586691, 21.125710263960581 ], [ 105.721279487436163, 21.125585984279937 ], [ 105.72129427376494, 21.125532276127114 ], [ 105.721339124258961, 21.125472793111257 ], [ 105.721423107286185, 21.125415966891012 ], [ 105.721458889285799, 21.125348052163549 ], [ 105.721467629925314, 21.125288722876817 ], [ 105.721476254561054, 21.125060645208759 ], [ 105.721496300516961, 21.124944371280019 ], [ 105.721532082376612, 21.124876456537553 ], [ 105.721604897217532, 21.124809246561632 ], [ 105.721635028176635, 21.124769805807851 ], [ 105.721664533498227, 21.124696055284097 ], [ 105.721687136733962, 21.124582159237434 ], [ 105.721722918423865, 21.124514244456766 ], [ 105.721798290471057, 21.124449412305584 ], [ 105.722001545619221, 21.124334844173763 ], [ 105.722061047739302, 21.124288984450029 ], [ 105.722141038663821, 21.124194718992708 ], [ 105.722246573705789, 21.124023020287868 ], [ 105.722313111383713, 21.123949974289097 ], [ 105.722416335503596, 21.123877310909073 ], [ 105.72257667155381, 21.123790293532654 ], [ 105.722670610716548, 21.12370899722837 ], [ 105.722730417172841, 21.123629692820696 ], [ 105.722836762741821, 21.12345874837629 ], [ 105.722960698323277, 21.123337886779122 ], [ 105.722990895266847, 21.123264779955296 ], [ 105.723003676733668, 21.123108024955904 ], [ 105.723026904654802, 21.123028438503596 ], [ 105.723125867638117, 21.122884358150117 ], [ 105.723203359028417, 21.122754041749062 ], [ 105.723251692420959, 21.12269779806045 ], [ 105.723351427115858, 21.122621890960332 ], [ 105.723511526791768, 21.122534654730959 ], [ 105.723592953505218, 21.122475452981671 ], [ 105.723672942502787, 21.122381186836886 ], [ 105.723793539471643, 21.122189766669262 ], [ 105.723864259854309, 21.12212061054241 ], [ 105.723948232780174, 21.122063776386739 ], [ 105.724129445557125, 21.121962443426746 ], [ 105.724235893739291, 21.121859051209782 ], [ 105.7242776528429, 21.1218304227828 ], [ 105.724355982493833, 21.121802069265673 ], [ 105.724477159084373, 21.121779826260315 ], [ 105.72452728667173, 21.121758978642482 ], [ 105.724569045689677, 21.121730350145768 ], [ 105.724632338461689, 21.121654288251094 ], [ 105.724723850211433, 21.121503281324497 ], [ 105.724786201286634, 21.121426343971461 ], [ 105.724864708646876, 21.121364428336285 ], [ 105.725023060199689, 21.121275567471884 ], [ 105.725062027051464, 21.121244342996683 ], [ 105.725088902756568, 21.121201876525912 ], [ 105.725103687319745, 21.121148168065044 ], [ 105.725121814928102, 21.120827748996721 ], [ 105.725135207109545, 21.120772745973444 ], [ 105.725156967807521, 21.120725523786504 ], [ 105.725187097017113, 21.12068608243295 ], [ 105.725225594736074, 21.120654421908487 ], [ 105.725311427598371, 21.120599317678909 ], [ 105.725449602245448, 21.120525424796693 ], [ 105.725526842823612, 21.120462331746381 ], [ 105.725603341435885, 21.120364821602482 ], [ 105.725709681448279, 21.120193875451509 ], [ 105.725818432127298, 21.12009262526653 ], [ 105.725846234431714, 21.12005102059366 ], [ 105.725863806917431, 21.119999904547836 ], [ 105.725871149592024, 21.119939277131852 ], [ 105.725869966541779, 21.119600905052536 ], [ 105.725878448746954, 21.119440155517353 ], [ 105.725890748690176, 21.119350410052121 ], [ 105.72592025089908, 21.119276658831982 ], [ 105.725968582158117, 21.11922041440749 ], [ 105.726074708561441, 21.11915045206916 ], [ 105.726167985347217, 21.119102269685669 ], [ 105.726221900279896, 21.119051216880813 ], [ 105.726242729758923, 21.119003129280923 ], [ 105.726254161121204, 21.118878849301172 ], [ 105.726280871154586, 21.11880250217888 ], [ 105.726313791596709, 21.118765656478622 ], [ 105.72644441079153, 21.118684740012771 ], [ 105.726527999484119, 21.118593823020333 ], [ 105.72657756488897, 21.118504999249858 ], [ 105.726647087457522, 21.118333549958582 ], [ 105.726748251446836, 21.118191520109857 ], [ 105.726854588656352, 21.11802057327959 ], [ 105.726925305665034, 21.11795141593943 ], [ 105.727031430716892, 21.117881453030602 ], [ 105.727124706396467, 21.117833270145191 ], [ 105.72717862054742, 21.117782217051086 ], [ 105.727199449550483, 21.117734129340501 ], [ 105.72721088005116, 21.117609849303612 ], [ 105.727237589384146, 21.117533502039915 ], [ 105.727270509314181, 21.117496656163254 ], [ 105.72740112687751, 21.117415738995074 ], [ 105.727469996586237, 21.117344864374779 ], [ 105.727523283563059, 21.117259501441289 ], [ 105.727580878733491, 21.117110690436352 ], [ 105.727616656018697, 21.11704277448078 ], [ 105.727704961867218, 21.116922517469831 ], [ 105.727811297104211, 21.116751570071738 ], [ 105.727920509195926, 21.116650751247182 ], [ 105.72795063687127, 21.116611309428379 ], [ 105.727972396102501, 21.116564086900222 ], [ 105.727994993465899, 21.116450190078218 ], [ 105.728012568450765, 21.116399077193183 ], [ 105.728054621690461, 21.116336996677244 ], [ 105.728111319627601, 21.116288532373851 ], [ 105.728141447181414, 21.116249090523045 ], [ 105.728170947701997, 21.116175338934237 ], [ 105.728193544863856, 21.116061442086689 ], [ 105.728229321630053, 21.115993526008797 ], [ 105.728263633298667, 21.115957974483937 ], [ 105.72832591117303, 21.115914698364012 ], [ 105.728528803371788, 21.115799800820788 ], [ 105.72860185601489, 21.1157328161033 ], [ 105.728670789793412, 21.115628275183965 ], [ 105.728728383230418, 21.115479463812047 ], [ 105.728764159618649, 21.115411547627726 ], [ 105.728852463600532, 21.115291290050685 ], [ 105.728943732842708, 21.115140062966628 ], [ 105.728992061644945, 21.115083817724415 ], [ 105.729091788345514, 21.115007907409616 ], [ 105.729251876462371, 21.114920666012285 ], [ 105.729333296751022, 21.114861461637908 ], [ 105.729413278108424, 21.114767192922422 ], [ 105.729504780939166, 21.114616183554617 ], [ 105.729567126729663, 21.114539244535134 ], [ 105.729666852771715, 21.114463333896172 ], [ 105.729826939960731, 21.114376091976805 ], [ 105.729908359722103, 21.11431688733764 ], [ 105.729988340426729, 21.11422261836379 ], [ 105.730079842349525, 21.114071608702488 ], [ 105.730142187618284, 21.113994669481784 ], [ 105.730241913001848, 21.113918758518675 ], [ 105.730401999263023, 21.113831516077315 ], [ 105.73048341849713, 21.113772311173381 ], [ 105.730563398549009, 21.113678041941196 ], [ 105.730654899563888, 21.113527031986429 ], [ 105.730717244310952, 21.113450092564523 ], [ 105.730816969036027, 21.113374181277305 ], [ 105.73097705436939, 21.11328693831398 ], [ 105.731039687478926, 21.113243993295413 ], [ 105.731123735671687, 21.113153506775795 ], [ 105.731243969572532, 21.112961759650286 ], [ 105.73129229680778, 21.112905513783517 ], [ 105.731370797001958, 21.112843595280761 ], [ 105.731529135603793, 21.11275472862285 ], [ 105.731568098878199, 21.112723502724506 ], [ 105.731594971242615, 21.112681035277799 ], [ 105.731609752701843, 21.112627326288202 ], [ 105.731616432078951, 21.112431180190026 ], [ 105.73163351439085, 21.112278432323532 ], [ 105.731651087672788, 21.112227319086735 ], [ 105.73169313825062, 21.112165237715821 ], [ 105.731773614562229, 21.112105156855272 ], [ 105.731933697969737, 21.112017913031359 ], [ 105.732015115606188, 21.111958707425561 ], [ 105.732095093732525, 21.111864437507052 ], [ 105.732215671642948, 21.111673011670053 ], [ 105.732286383182142, 21.111603852201124 ], [ 105.732397154312011, 21.111538212329265 ], [ 105.7325552063879, 21.111482806074033 ], [ 105.732627252696773, 21.111448613539473 ], [ 105.732754593968636, 21.111364653947259 ], [ 105.732935787700157, 21.111263311994119 ], [ 105.733063449310066, 21.111145924577123 ], [ 105.733112645091737, 21.111124212659156 ], [ 105.73317207048413, 21.111112011669494 ], [ 105.733530575154546, 21.111108071942208 ], [ 105.733620757407621, 21.111090741100103 ], [ 105.733683735089045, 21.111048117079491 ], [ 105.733737593426767, 21.110963288859544 ], [ 105.733785919076468, 21.110907042314921 ], [ 105.733843659133541, 21.110859548730218 ], [ 105.733910121067211, 21.110820164223121 ], [ 105.73401176571295, 21.110779764860155 ], [ 105.734098117021986, 21.110758872244006 ], [ 105.734193882761545, 21.110746732537802 ], [ 105.734332146324419, 21.110740378986122 ], [ 105.734389244876922, 21.110726014482523 ], [ 105.734434252482515, 21.110700408621717 ], [ 105.73449404031058, 21.11062109353168 ], [ 105.734533002399814, 21.110589866978355 ], [ 105.734614116005048, 21.110564104620174 ], [ 105.734746449319346, 21.110552237384553 ], [ 105.734818494653169, 21.11051804394268 ], [ 105.734851411172357, 21.11048119666285 ], [ 105.73492149240721, 21.110377726450199 ], [ 105.735014586701496, 21.110295652207455 ], [ 105.735044711232746, 21.110256209190315 ], [ 105.735074207215277, 21.110182456482182 ], [ 105.735096798321933, 21.11006855881439 ], [ 105.735118554376015, 21.110021335426328 ], [ 105.735148678826221, 21.109981892391861 ], [ 105.73522915254425, 21.109921809950343 ], [ 105.735389231524096, 21.109834562968057 ], [ 105.735470646572438, 21.109775355762189 ], [ 105.735550621337865, 21.109681084287118 ], [ 105.735671193063837, 21.109489656124193 ], [ 105.735722655660581, 21.109436326677002 ], [ 105.735805570846097, 21.109378514359573 ], [ 105.735877615364728, 21.109344320486542 ], [ 105.736035663744687, 21.109288911077517 ], [ 105.736189807888593, 21.109196146692529 ], [ 105.736287728259555, 21.109152285097387 ], [ 105.736431760364169, 21.109117569479309 ], [ 105.736601828323558, 21.109107059820943 ], [ 105.736665055091876, 21.109115255381578 ], [ 105.736737433700611, 21.109148822016095 ], [ 105.736770711752854, 21.109185381982709 ], [ 105.736825517123762, 21.109269631062904 ], [ 105.736877503511181, 21.109322511213254 ], [ 105.736959602352826, 21.109380910693538 ], [ 105.737097444596273, 21.109454593248429 ], [ 105.737136712551617, 21.10948548023493 ], [ 105.737164001030138, 21.10952771302134 ], [ 105.737182472219843, 21.10961233558767 ], [ 105.737185316664736, 21.110188302823627 ], [ 105.737194635972727, 21.110247554313521 ], [ 105.737231076609206, 21.110315158145291 ], [ 105.737333739505715, 21.110388120806508 ], [ 105.737361028212462, 21.110430353550271 ], [ 105.737376337384234, 21.110483932114093 ], [ 105.737379489559984, 21.11112201336789 ], [ 105.737364710324982, 21.111175722805026 ], [ 105.737337839889548, 21.111218191118002 ], [ 105.737253870997691, 21.111275024911624 ], [ 105.737209031069014, 21.111334511930099 ], [ 105.737191396290442, 21.111419291489703 ], [ 105.737192902320558, 21.111724215259866 ], [ 105.737181543957703, 21.111814830001585 ], [ 105.737152395007968, 21.111888904970737 ], [ 105.737078931086458, 21.11198923036298 ], [ 105.736972609871785, 21.112160183262272 ], [ 105.736921146827484, 21.11221351308642 ], [ 105.736860849791384, 21.112258630021444 ], [ 105.736657622787618, 21.112373215328628 ], [ 105.7365981299547, 21.112419079973222 ], [ 105.736518154457727, 21.112513351935956 ], [ 105.736426660068403, 21.11266436488253 ], [ 105.736364318649393, 21.112741306316082 ], [ 105.736264597266612, 21.112817220778119 ], [ 105.736104515684815, 21.112904468635399 ], [ 105.736023099232384, 21.112963676166697 ], [ 105.73594312308272, 21.113057947871283 ], [ 105.735851627785635, 21.113208960524656 ], [ 105.735789285844959, 21.113285901757152 ], [ 105.735689563803732, 21.113361815895253 ], [ 105.735529481294066, 21.113449063230807 ], [ 105.735466849447477, 21.113492009872314 ], [ 105.735382803775735, 21.11358249847078 ], [ 105.735262574816545, 21.113774248377805 ], [ 105.73521424884477, 21.113830495335471 ], [ 105.73511452614504, 21.113906409149603 ], [ 105.734911641804288, 21.114021314379695 ], [ 105.734855286010898, 21.114070096072759 ], [ 105.734808229466296, 21.114127523344891 ], [ 105.734758670408738, 21.114216349383259 ], [ 105.734731272949531, 21.11429205386403 ], [ 105.73472388317775, 21.114341607106006 ], [ 105.734728511946955, 21.114387631176076 ], [ 105.734745159267817, 21.114430126073 ], [ 105.734818564668373, 21.114528836719149 ], [ 105.734926569156485, 21.114698859078555 ], [ 105.73501839762821, 21.114782085633831 ], [ 105.735104762644781, 21.114836447898657 ], [ 105.735243649204051, 21.114909146815272 ], [ 105.735303592850968, 21.114954492880539 ], [ 105.735372577761581, 21.115025314978695 ], [ 105.735442889682545, 21.115060841818615 ], [ 105.735536007329486, 21.115074770511573 ], [ 105.736034527386451, 21.115066086858725 ], [ 105.736133076807221, 21.115056531552657 ], [ 105.736217677076894, 21.115034007918602 ], [ 105.736263616295062, 21.115009266781787 ], [ 105.736334572791066, 21.114940333765791 ], [ 105.736376327581922, 21.114911702458013 ], [ 105.736454651159818, 21.114883343497976 ], [ 105.736547620040895, 21.114868599979815 ], [ 105.736601927915729, 21.114851639026018 ], [ 105.736647867011584, 21.114826897788035 ], [ 105.736718823240807, 21.114757964617436 ], [ 105.736760577904917, 21.114729333218037 ], [ 105.736838901309298, 21.114700974084762 ], [ 105.736931870032379, 21.11468623035994 ], [ 105.736986177793753, 21.114669269285884 ], [ 105.737032116767296, 21.114644527946727 ], [ 105.737103538064574, 21.114576027231955 ], [ 105.737147619276286, 21.114549558792326 ], [ 105.737232922533266, 21.114527688635572 ], [ 105.737368917440335, 21.114530247310196 ], [ 105.737427421783579, 21.114542917219413 ], [ 105.737478092045123, 21.114563006586454 ], [ 105.737585010993172, 21.114631941108488 ], [ 105.737724127222975, 21.114704421345508 ], [ 105.737787180834644, 21.114746821741043 ], [ 105.737840906509206, 21.114798056436491 ], [ 105.737887030452129, 21.114856490588373 ], [ 105.738009491228567, 21.115046862195729 ], [ 105.738061480104108, 21.115099741875838 ], [ 105.738144965763581, 21.115156830710809 ], [ 105.738243319124621, 21.115199838646092 ], [ 105.73835676889432, 21.115228549036665 ], [ 105.738486687386441, 21.115241662133268 ], [ 105.73859094953842, 21.115239361473211 ], [ 105.738648049340185, 21.115224995503993 ], [ 105.738693057508542, 21.115199388507378 ], [ 105.738725974040079, 21.11516254049301 ], [ 105.738796054625467, 21.11505906874925 ], [ 105.738905257859358, 21.114958243078856 ], [ 105.738941029427167, 21.11489032488111 ], [ 105.738963618158436, 21.114776426826271 ], [ 105.738981189170175, 21.114725312909279 ], [ 105.739007129046399, 21.114681979138336 ], [ 105.739041437783499, 21.114646425509822 ], [ 105.73912540056628, 21.114589584074594 ], [ 105.739306593587514, 21.114488235360984 ], [ 105.73941302577505, 21.114384833981898 ], [ 105.739454779798052, 21.114356201935728 ], [ 105.739533102455383, 21.114327841576912 ], [ 105.73965427039019, 21.114305587942219 ], [ 105.739704393231492, 21.114284735951706 ], [ 105.73974614716883, 21.114256103835878 ], [ 105.73982367933867, 21.114159560079916 ], [ 105.739914936611754, 21.114008327413071 ], [ 105.739963260822392, 21.11395207916658 ], [ 105.740038172824597, 21.113887457307172 ], [ 105.740070973376234, 21.113822477658903 ], [ 105.740075697018568, 21.113737096494663 ], [ 105.740023292776613, 21.113428322427243 ], [ 105.739986240610492, 21.113339223302802 ], [ 105.739936337411365, 21.113279973912544 ], [ 105.73992293656822, 21.113230212281557 ], [ 105.739938373714011, 21.113169559492636 ], [ 105.740020709527116, 21.113011543108254 ], [ 105.740096559987734, 21.112876836040012 ], [ 105.740170399451827, 21.112765812492832 ], [ 105.740259976322889, 21.112689149329942 ], [ 105.740444086548422, 21.112591867723658 ], [ 105.740591035710224, 21.112495229990827 ], [ 105.74069856880763, 21.112406092898439 ], [ 105.740892047586897, 21.112213240411329 ], [ 105.741017456986611, 21.112116206841694 ], [ 105.741136358654302, 21.112066522214786 ], [ 105.741345539750441, 21.112030323475988 ], [ 105.741484002093728, 21.111995001432188 ], [ 105.741581847218328, 21.111958387315894 ], [ 105.741666265614455, 21.111909898606999 ], [ 105.741737257276128, 21.111849535325568 ], [ 105.741767720818785, 21.111807201366698 ], [ 105.741779677024724, 21.111765596775701 ], [ 105.741762910111547, 21.111704557459934 ], [ 105.741628145722132, 21.111491800293642 ], [ 105.741581257926867, 21.111434090298715 ], [ 105.741502493309881, 21.111372532432796 ], [ 105.741385227498625, 21.11131340091373 ], [ 105.741249657929103, 21.11127160563284 ], [ 105.741121480840988, 21.111256848323176 ], [ 105.740874998450579, 21.111261595467848 ], [ 105.740773820358342, 21.111268707005429 ], [ 105.740714076783547, 21.111280614240815 ], [ 105.740642032521734, 21.111314810156617 ], [ 105.740573747223493, 21.111386224735945 ], [ 105.740531046003028, 21.111413975505485 ], [ 105.740477613416118, 21.111431749787833 ], [ 105.740310685125579, 21.111445184306717 ], [ 105.740224583809706, 21.111466311940465 ], [ 105.739907531177863, 21.111643699535058 ], [ 105.739837242582738, 21.111713251910825 ], [ 105.739704595485918, 21.111927177677458 ], [ 105.739640501718753, 21.112002489288013 ], [ 105.739536521926794, 21.112074444674988 ], [ 105.739353016584204, 21.112173641060508 ], [ 105.739278041857759, 21.112238837152631 ], [ 105.73920569168466, 21.112340197635056 ], [ 105.739129578286708, 21.112471784052754 ], [ 105.739065483997393, 21.112547095456495 ], [ 105.739005113465211, 21.112592144306507 ], [ 105.738939169679767, 21.112628218455978 ], [ 105.73887013737081, 21.112655731142031 ], [ 105.738799509455944, 21.112672346245756 ], [ 105.738737736311194, 21.112661710964328 ], [ 105.738702302941675, 21.112638183837014 ], [ 105.738642794575853, 21.112560585922949 ], [ 105.738537081513186, 21.112388393362604 ], [ 105.738486712869133, 21.112333980035444 ], [ 105.738407125295907, 21.112273200838626 ], [ 105.73837755178667, 21.11223313161819 ], [ 105.738358610393249, 21.112182992723991 ], [ 105.738350301109222, 21.112122784159606 ], [ 105.738348792683553, 21.111817860483491 ], [ 105.738357525962741, 21.111758530450082 ], [ 105.738378350541296, 21.111710441461433 ], [ 105.738411266411774, 21.111673593513498 ], [ 105.738500789357417, 21.111621922867243 ], [ 105.738575764133955, 21.111556727113353 ], [ 105.738648114381803, 21.111455366889121 ], [ 105.738724227723054, 21.111323780674752 ], [ 105.738788321684126, 21.111248469399673 ], [ 105.738870326515269, 21.111189809500338 ], [ 105.739031290231026, 21.111103382476937 ], [ 105.739070251458756, 21.111072154906598 ], [ 105.739106022077891, 21.11100423667277 ], [ 105.739117442306068, 21.110879956039739 ], [ 105.7391441443948, 21.110803607052684 ], [ 105.739177059878713, 21.110766758963567 ], [ 105.739266582012263, 21.110715087931176 ], [ 105.739341556000653, 21.110649891854891 ], [ 105.739400281756701, 21.110569590224149 ], [ 105.73949186894454, 21.110418666009281 ], [ 105.739530829898413, 21.110387438338677 ], [ 105.739581882117065, 21.110367451621347 ], [ 105.73971421473324, 21.110355580523844 ], [ 105.739795327235527, 21.110329815715581 ], [ 105.739834288100994, 21.11029858797745 ], [ 105.739920565013307, 21.110176451556924 ], [ 105.7400176662983, 21.110098102590854 ], [ 105.740048541305768, 21.110059357712224 ], [ 105.740077282885125, 21.109984905217015 ], [ 105.740089624937369, 21.109895206561742 ], [ 105.740106443175421, 21.109843393538785 ], [ 105.740149241392885, 21.109782009163901 ], [ 105.740208439065512, 21.109735870924858 ], [ 105.740239313950511, 21.10969712601349 ], [ 105.740268055369924, 21.10962267348765 ], [ 105.740280397284366, 21.109532974818954 ], [ 105.740297215418977, 21.109481161778028 ], [ 105.740340013457484, 21.109419777357747 ], [ 105.74041479965291, 21.109354407281906 ], [ 105.740446489066542, 21.109282695534198 ], [ 105.740454201344335, 21.10922241709239 ], [ 105.740451535975367, 21.108275662370772 ], [ 105.740460896155241, 21.108115743453464 ], [ 105.7404826089019, 21.108034756834517 ], [ 105.740525406467796, 21.107973372371518 ], [ 105.740584603321182, 21.107927234015925 ], [ 105.740615477747852, 21.107888489041766 ], [ 105.74064421865944, 21.107814036452201 ], [ 105.740656560233774, 21.107724337748223 ], [ 105.740673378053785, 21.107672524668882 ], [ 105.740716175440753, 21.107611140160508 ], [ 105.74077537209304, 21.107565001742319 ], [ 105.74080624639727, 21.10752625673544 ], [ 105.740834987148943, 21.107451804115247 ], [ 105.740854566067782, 21.107335109842772 ], [ 105.740890335023735, 21.107267191253058 ], [ 105.740947188733074, 21.10721887476581 ], [ 105.741152623618817, 21.107106346793316 ], [ 105.741214123357196, 21.107062349669928 ], [ 105.741279723663553, 21.106988440754087 ], [ 105.741397721343859, 21.106794624575134 ], [ 105.741461812053885, 21.106719312346389 ], [ 105.741565787234151, 21.106647355870752 ], [ 105.741749284354938, 21.106548157269401 ], [ 105.741807269553576, 21.106500892938296 ], [ 105.741872037956696, 21.106426210905582 ], [ 105.741914737520744, 21.106398459831532 ], [ 105.741968168139692, 21.106380685143947 ], [ 105.742135090577932, 21.106367249156474 ], [ 105.742221188673781, 21.106346120634516 ], [ 105.742382599231263, 21.106260112678218 ], [ 105.742585590091863, 21.106179036893899 ], [ 105.742766819840739, 21.106077730510485 ], [ 105.742897580354892, 21.106030675678802 ], [ 105.743020915080393, 21.106010440983063 ], [ 105.743402314222195, 21.105994053571806 ], [ 105.743488411903613, 21.105972924417038 ], [ 105.743553424624665, 21.105932193438381 ], [ 105.74360203791818, 21.105876216610451 ], [ 105.74364303691695, 21.105846884624874 ], [ 105.743722106163432, 21.105819221430718 ], [ 105.743817574781204, 21.105806804006242 ], [ 105.74387263035058, 21.105790539798893 ], [ 105.743937642884092, 21.105749808677491 ], [ 105.743986255972757, 21.105693831744212 ], [ 105.744027254844028, 21.105664499668812 ], [ 105.744106323917819, 21.105636836299848 ], [ 105.744201792380238, 21.105624418663147 ], [ 105.744256847836965, 21.105608154333915 ], [ 105.744302532180043, 21.10558317812588 ], [ 105.744370473066738, 21.105511446031155 ], [ 105.744435485339025, 21.10547071472514 ], [ 105.744490540711624, 21.105454450322167 ], [ 105.74458600901869, 21.105442032473238 ], [ 105.744665077863715, 21.105414368849523 ], [ 105.744723061677391, 21.105367103555242 ], [ 105.744857547356034, 21.105154895251925 ], [ 105.744896505809166, 21.105123666402722 ], [ 105.744977614521176, 21.105097899209628 ], [ 105.74504680102838, 21.105094771784245 ], [ 105.745110026447989, 21.105102964235584 ], [ 105.745182404859179, 21.105136527281701 ], [ 105.745215683996733, 21.105173085573071 ], [ 105.745271237347524, 21.105256626320894 ], [ 105.745325087330286, 21.105307739997173 ], [ 105.745433105029676, 21.105375625826976 ], [ 105.745573333357072, 21.105447041525007 ], [ 105.745653591714103, 21.105507181163073 ], [ 105.745730275081115, 21.105604747823371 ], [ 105.745823356679665, 21.105754863041803 ], [ 105.745886751672174, 21.105796935568492 ], [ 105.745977098362388, 21.10581347865358 ], [ 105.746046285166017, 21.10581035081136 ], [ 105.746103380589176, 21.105795982442775 ], [ 105.746148384623012, 21.105770373560251 ], [ 105.746208164201505, 21.105691054535001 ], [ 105.746247122497792, 21.105659825381629 ], [ 105.746298172153615, 21.10563983670508 ], [ 105.746361313175157, 21.105631088494317 ], [ 105.746430528111262, 21.105633607226576 ], [ 105.746511890907556, 21.105658659857109 ], [ 105.746551159712766, 21.105689544648534 ], [ 105.746593592568132, 21.105751473187567 ], [ 105.746656987766528, 21.10579354541985 ], [ 105.746747334526191, 21.105810088092007 ], [ 105.746816521301497, 21.105806959935983 ], [ 105.746873616640485, 21.105792591310237 ], [ 105.746936588187964, 21.105749962517326 ], [ 105.74700624912019, 21.105646106748519 ], [ 105.747059585959889, 21.105594521388987 ], [ 105.747101000868284, 21.105565575954291 ], [ 105.747192973881369, 21.105516184786804 ], [ 105.747395960937581, 21.105435103343343 ], [ 105.747732810214274, 21.105242403615126 ], [ 105.747803092074747, 21.105172848112275 ], [ 105.747922628543222, 21.104980467399585 ], [ 105.747976530862914, 21.104929407959268 ], [ 105.748027580023148, 21.1049094187746 ], [ 105.748159906921927, 21.104897541240021 ], [ 105.748217001771508, 21.104883172174539 ], [ 105.748279972543713, 21.104840542900959 ], [ 105.748339750608679, 21.104761223160274 ], [ 105.748411789884514, 21.104727024092977 ], [ 105.74847493037133, 21.104718275109292 ], [ 105.748799871202465, 21.104716840426814 ], [ 105.748897076051094, 21.10470603531709 ], [ 105.748977617744686, 21.104679740044549 ], [ 105.749090013669687, 21.104615611839574 ], [ 105.749216879159533, 21.104564934582314 ], [ 105.749335526010398, 21.104540339558756 ], [ 105.749505997072148, 21.10453019794112 ], [ 105.749563091637526, 21.104515828429768 ], [ 105.749608094668389, 21.104490218654213 ], [ 105.749667871877918, 21.10441089846724 ], [ 105.749706829098599, 21.104379668545711 ], [ 105.749757877824052, 21.104359678851274 ], [ 105.749890204053671, 21.104347799984097 ], [ 105.74994729850853, 21.104333430346241 ], [ 105.7499923014161, 21.104307820471771 ], [ 105.750052078347181, 21.104228500155916 ], [ 105.750091035438217, 21.104197270149267 ], [ 105.750142084046757, 21.104177280342121 ], [ 105.750274410074468, 21.104165401180566 ], [ 105.75033150441881, 21.104151031416205 ], [ 105.750376507203086, 21.10412542144282 ], [ 105.750436283855706, 21.104046100998094 ], [ 105.750475240817082, 21.104014870906319 ], [ 105.750526289308723, 21.103994880986477 ], [ 105.750658615134526, 21.103983001530548 ], [ 105.750739722145795, 21.103957231625557 ], [ 105.750778679018765, 21.103926001466327 ], [ 105.75086494328167, 21.103803859760365 ], [ 105.750962034578905, 21.103725504761112 ], [ 105.75099290541641, 21.103686757983965 ], [ 105.751021640355091, 21.103612303776465 ], [ 105.751041210869602, 21.103495608526931 ], [ 105.751076974257813, 21.103427687922711 ], [ 105.751133823134865, 21.103379368139258 ], [ 105.751339244740208, 21.103266828158372 ], [ 105.751418895319134, 21.103205982685385 ], [ 105.751494595716196, 21.103107743369971 ], [ 105.751598578510297, 21.102934629521059 ], [ 105.751648398524694, 21.102879775982871 ], [ 105.751752365972834, 21.102807813453509 ], [ 105.75195634954423, 21.102693937157309 ], [ 105.752010815683235, 21.102643402668367 ], [ 105.752058253276616, 21.102586334591876 ], [ 105.752099249663331, 21.102557000626607 ], [ 105.752178315487868, 21.10252933357684 ], [ 105.752302479244634, 21.102509866950754 ], [ 105.752374516486881, 21.102475666250363 ], [ 105.752410827101514, 21.102441976506931 ], [ 105.75243976915884, 21.102401437121348 ], [ 105.752545299152956, 21.102229762437741 ], [ 105.752584255195742, 21.102198531882159 ], [ 105.752635302770699, 21.102178541350131 ], [ 105.752767626767948, 21.102166660298952 ], [ 105.752824720086039, 21.102152289721747 ], [ 105.752887688359294, 21.10210965879704 ], [ 105.75294746287716, 21.102030337512414 ], [ 105.75299246456234, 21.102004726870931 ], [ 105.753049557794824, 21.101990356220249 ], [ 105.753802675311505, 21.10198228117051 ], [ 105.753972993656646, 21.101971996328711 ], [ 105.754059087360147, 21.101950861910002 ], [ 105.754104768875621, 21.101925883132509 ], [ 105.754141078957772, 21.101892193032107 ], [ 105.75428795990635, 21.101657794012787 ], [ 105.754356727536546, 21.101586832775801 ], [ 105.754420111819513, 21.101544588647126 ], [ 105.7545148000615, 21.101497722237578 ], [ 105.754592956773678, 21.101469209981271 ], [ 105.754680182182554, 21.101449127602976 ], [ 105.754812882682316, 21.101437595760661 ], [ 105.756004304348721, 21.101432288467226 ], [ 105.756094649319209, 21.101448826215002 ], [ 105.75615804520595, 21.1014908948905 ], [ 105.756213116387599, 21.101574893063635 ], [ 105.756282598665223, 21.101645238523243 ], [ 105.756390618403216, 21.101713117331467 ], [ 105.756530848164346, 21.101784523943614 ], [ 105.75661110873979, 21.101844658347357 ], [ 105.75668779713628, 21.101942219935488 ], [ 105.756779035625144, 21.102090607904238 ], [ 105.75682576834258, 21.102117186981701 ], [ 105.75688278653044, 21.102102745638444 ], [ 105.757109493520318, 21.101976269402165 ], [ 105.757170986298121, 21.101932266667909 ], [ 105.757250876618713, 21.101837923718108 ], [ 105.757356400602959, 21.10166624620723 ], [ 105.75739535545874, 21.101635014578942 ], [ 105.757476459935759, 21.101609241517611 ], [ 105.757545644393602, 21.101606109047005 ], [ 105.757608868856707, 21.101614296864604 ], [ 105.757660116052747, 21.101633831861395 ], [ 105.757699385989241, 21.101664714047939 ], [ 105.757754458088286, 21.101748711690689 ], [ 105.757823941154101, 21.101819056492939 ], [ 105.757887750425297, 21.101860733454867 ], [ 105.757982909189451, 21.101906753243284 ], [ 105.758089332690048, 21.101942100846724 ], [ 105.758180238855061, 21.101958106268192 ], [ 105.758527241664481, 21.101969788544366 ], [ 105.758654253658989, 21.101985630334394 ], [ 105.758726633382963, 21.102019187564945 ], [ 105.758795291509756, 21.102090314044815 ], [ 105.758860709259878, 21.102130467103382 ], [ 105.758915924535984, 21.102146242639449 ], [ 105.759011511229829, 21.10215781343177 ], [ 105.759090853161283, 21.102184774604183 ], [ 105.759132144387166, 21.102213741868031 ], [ 105.759181317503931, 21.102269285234627 ], [ 105.759246735432797, 21.102309438137915 ], [ 105.759301950812215, 21.102325213544713 ], [ 105.759397537643537, 21.102336784114801 ], [ 105.759476879734692, 21.10236374510103 ], [ 105.759535335744445, 21.102410493804275 ], [ 105.759700217346179, 21.102662805714914 ], [ 105.759774343102052, 21.102728752386717 ], [ 105.759888240816778, 21.102791062203632 ], [ 105.760092033111235, 21.102870335482077 ], [ 105.760299070339087, 21.102980578106308 ], [ 105.76037751344866, 21.103008390833494 ], [ 105.760453830059163, 21.103017367008352 ], [ 105.760523925601518, 21.103000960266094 ], [ 105.760683858431662, 21.102915753245572 ], [ 105.760818993316661, 21.102872758936908 ], [ 105.760947008506946, 21.102856866808171 ], [ 105.761261251630955, 21.102845469763622 ], [ 105.761354373588958, 21.10283086483539 ], [ 105.761426408778448, 21.102796660348382 ], [ 105.76151468587662, 21.102710112880896 ], [ 105.761590801501953, 21.102679701058285 ], [ 105.761654960320456, 21.102671895396057 ], [ 105.761979895708265, 21.102670435591691 ], [ 105.762043034361668, 21.102661681603248 ], [ 105.762115069303022, 21.10262747683025 ], [ 105.7621928044898, 21.10253113117016 ], [ 105.762264839332701, 21.102496926335963 ], [ 105.76232797789271, 21.102488172243973 ], [ 105.762652912829736, 21.102486711162143 ], [ 105.762750114957683, 21.102475898181478 ], [ 105.762830652796723, 21.102449596431235 ], [ 105.7629197093664, 21.10239749308127 ], [ 105.763017115681365, 21.102353150457645 ], [ 105.763097802757855, 21.102326987401653 ], [ 105.763188541852784, 21.102310167217563 ], [ 105.763289824380195, 21.10230314662267 ], [ 105.763614758841612, 21.102301683710074 ], [ 105.763711960760887, 21.102290870183545 ], [ 105.76379249831605, 21.102264567984058 ], [ 105.763881554424529, 21.102212464141331 ], [ 105.763978960315953, 21.102168120976554 ], [ 105.764118968183595, 21.102129654838116 ], [ 105.764251668303459, 21.102118115613592 ], [ 105.764576602289168, 21.102116650870258 ], [ 105.764673803999742, 21.10210583679789 ], [ 105.764754341271001, 21.102079534149169 ], [ 105.764843396918266, 21.10202742981371 ], [ 105.764940802386135, 21.10198308610779 ], [ 105.76508080980669, 21.101944619187144 ], [ 105.765213509662232, 21.101933079216888 ], [ 105.765538443172161, 21.101931612642851 ], [ 105.765635644673992, 21.101920798024665 ], [ 105.765716181661347, 21.101894494926725 ], [ 105.765852579172659, 21.101818953773424 ], [ 105.766031539189854, 21.101749252553027 ], [ 105.766212746899058, 21.101647921696749 ], [ 105.766312872101352, 21.101606105631621 ], [ 105.766458244928202, 21.101572625004607 ], [ 105.76680511099859, 21.101557822820819 ], [ 105.766931954758206, 21.101540839259602 ], [ 105.767003987975954, 21.101506632455713 ], [ 105.767092261004009, 21.101420082193016 ], [ 105.767168374758228, 21.10138966791666 ], [ 105.767232532660216, 21.101381860168548 ], [ 105.767846293377033, 21.101379082212457 ], [ 105.767912945627714, 21.101373592513106 ], [ 105.768024030555708, 21.101341962112393 ], [ 105.768136415403234, 21.101277821580311 ], [ 105.768236539782862, 21.101236004401525 ], [ 105.768320248414568, 21.101212648625008 ], [ 105.768414500718166, 21.101199092119799 ], [ 105.76913271641682, 21.101192236232933 ], [ 105.76937353900837, 21.10118002824515 ], [ 105.769433275937033, 21.101168111086878 ], [ 105.769483640620095, 21.101147483469813 ], [ 105.769524633053081, 21.101118145402403 ], [ 105.769593579688163, 21.101047351724432 ], [ 105.769669692706557, 21.101016936345374 ], [ 105.769733850285377, 21.101009127659406 ], [ 105.770199794696666, 21.101003836221256 ], [ 105.770335367009238, 21.100994963153195 ], [ 105.770395103775826, 21.100983045660435 ], [ 105.770467135884445, 21.100948837415668 ], [ 105.770555406523997, 21.100862285416039 ], [ 105.770631519238407, 21.100831869613494 ], [ 105.770695676675089, 21.100824060567419 ], [ 105.77163134201902, 21.100816982308583 ], [ 105.771712443363754, 21.100791202524057 ], [ 105.771751394880795, 21.100759967693016 ], [ 105.771811158632929, 21.100680640067289 ], [ 105.771883190252709, 21.100646431234214 ], [ 105.771946327345788, 21.100637673599987 ], [ 105.772595847608613, 21.1006343981635 ], [ 105.772836668847432, 21.100622185292821 ], [ 105.772896405235542, 21.100610266929078 ], [ 105.77294676921889, 21.10058963830253 ], [ 105.772987760792944, 21.100560299421616 ], [ 105.773056705488727, 21.10048950438927 ], [ 105.773104763649698, 21.10046673286061 ], [ 105.773163554443627, 21.100453935697903 ], [ 105.774388383250269, 21.100445841294881 ], [ 105.774455034755334, 21.100440349043595 ], [ 105.774541124324244, 21.100419204337076 ], [ 105.774727199300841, 21.100322395036791 ], [ 105.774862327432203, 21.100279389718743 ], [ 105.774990338545464, 21.100263487096704 ], [ 105.775304574241559, 21.100252064222808 ], [ 105.775397692949156, 21.100237451669344 ], [ 105.775469723483766, 21.100203241342879 ], [ 105.7755579907071, 21.100116686834454 ], [ 105.775634101949308, 21.100086268826892 ], [ 105.775698258739183, 21.100078457905312 ], [ 105.7766339182091, 21.100071352193442 ], [ 105.776715018205934, 21.100045570053183 ], [ 105.776753968447309, 21.100014334108568 ], [ 105.776813729195652, 21.099935004804006 ], [ 105.776885759241296, 21.099900793889375 ], [ 105.776948895662017, 21.099892034410523 ], [ 105.777598411900726, 21.099888739915475 ], [ 105.777839231280851, 21.099876519988939 ], [ 105.777898966911664, 21.099864599883411 ], [ 105.777949329903961, 21.099843969798382 ], [ 105.777990320253181, 21.099814629742298 ], [ 105.778039258454172, 21.099758959481012 ], [ 105.778081949118103, 21.099731199539224 ], [ 105.778135372680026, 21.099713413643844 ], [ 105.77819952914632, 21.099705601784589 ], [ 105.778813281381346, 21.099702784351102 ], [ 105.778879986441723, 21.099707665887674 ], [ 105.778966291349803, 21.099728021013508 ], [ 105.779128562487131, 21.099812576393276 ], [ 105.779231808291613, 21.099850924883185 ], [ 105.779319234536899, 21.099870217294352 ], [ 105.779417102328665, 21.099879614601566 ], [ 105.781221097094232, 21.099872408131514 ], [ 105.781497798626447, 21.099882566401838 ], [ 105.781557655810374, 21.099893936662529 ], [ 105.781608231779188, 21.099914102625476 ], [ 105.781649526538473, 21.099943064298774 ], [ 105.781719204534909, 21.100013223790043 ], [ 105.78179562918227, 21.10004294137951 ], [ 105.78185986425818, 21.10005016271754 ], [ 105.782255988376988, 21.100049288747538 ], [ 105.78246149425928, 21.100058821061207 ], [ 105.782547799795793, 21.100079174341882 ], [ 105.782593735363875, 21.100103737890901 ], [ 105.782630389772052, 21.100137097204897 ], [ 105.782659746562004, 21.100177372486094 ], [ 105.782795306968382, 21.100389385601307 ], [ 105.782916702031244, 21.100495653984872 ], [ 105.78292109467472, 21.100508515281131 ], [ 105.78291283860608, 21.100533363786969 ], [ 105.782792851901178, 21.100609196995801 ], [ 105.782738397241872, 21.100659741042389 ], [ 105.782666082558137, 21.100761119140859 ], [ 105.782603101391217, 21.100871170342462 ], [ 105.7825492127117, 21.100922240408135 ], [ 105.782468113349807, 21.100948025319592 ], [ 105.782075851776355, 21.100954387498909 ], [ 105.78195736331304, 21.100979143991729 ], [ 105.78179598245967, 21.101065188807674 ], [ 105.781593021371222, 21.101146310724069 ], [ 105.781411825272002, 21.101247657681917 ], [ 105.781208863714085, 21.101328779150968 ], [ 105.780917915878547, 21.101493274883822 ], [ 105.780889599765914, 21.101537133274924 ], [ 105.780895007746125, 21.101571730961265 ], [ 105.781039789131682, 21.101799903689475 ], [ 105.781086525841772, 21.101826475951547 ], [ 105.7811233940607, 21.101821400966465 ], [ 105.781232779471935, 21.101760089121662 ], [ 105.781332900231291, 21.101718264315302 ], [ 105.781478269347318, 21.101684770911945 ], [ 105.781579550209358, 21.101677739431167 ], [ 105.782299580097117, 21.101672513778261 ], [ 105.782469895129822, 21.101662200382997 ], [ 105.782529631042721, 21.101650278637919 ], [ 105.782579993940232, 21.101629647183007 ], [ 105.782637963873768, 21.101582369312688 ], [ 105.782770539605806, 21.101368411846838 ], [ 105.78283460667069, 21.101293084637824 ], [ 105.782939577599109, 21.101222051517833 ], [ 105.783063027029073, 21.101168189187838 ], [ 105.783115825759552, 21.101153262895696 ], [ 105.783190058593988, 21.101152071932663 ], [ 105.783236236992636, 21.101165410276984 ], [ 105.783348110730884, 21.10122743075253 ], [ 105.783448664490322, 21.101268329744194 ], [ 105.78350161727333, 21.101282767575089 ], [ 105.783575859063291, 21.101283272687056 ], [ 105.78362189531731, 21.101269508342813 ], [ 105.783757122558583, 21.101195052557877 ], [ 105.783936072817326, 21.101125332717046 ], [ 105.784117266962312, 21.101023983118385 ], [ 105.78421738636716, 21.100982156645827 ], [ 105.784331337244367, 21.100953182588508 ], [ 105.784533217402924, 21.100938484169529 ], [ 105.784590306825535, 21.100924103002818 ], [ 105.784635302463926, 21.100898484137009 ], [ 105.784695059264493, 21.100819152182311 ], [ 105.784734007967941, 21.10078791445315 ], [ 105.784785050425711, 21.10076791438604 ], [ 105.784917369743823, 21.10075600836085 ], [ 105.784974459055704, 21.100741627067833 ], [ 105.785019454570701, 21.100716008103323 ], [ 105.785079211092793, 21.100636676020216 ], [ 105.785142169115716, 21.100594033412669 ], [ 105.785232338121034, 21.100576675470318 ], [ 105.785591536735083, 21.100576741174336 ], [ 105.785654575070552, 21.100585095597047 ], [ 105.785735380428136, 21.100610660588945 ], [ 105.786008455911315, 21.100760445621063 ], [ 105.786048591600064, 21.100790505680848 ], [ 105.786100094220032, 21.100843841966075 ], [ 105.786236744245542, 21.101054824611133 ], [ 105.786276019703976, 21.101085700004109 ], [ 105.786357386016036, 21.101110733398393 ], [ 105.787037362038149, 21.101113225763822 ], [ 105.787118728480024, 21.101138258788225 ], [ 105.787158004136103, 21.101169133970206 ], [ 105.787213037585573, 21.10124274605479 ], [ 105.787228616773874, 21.101251602900749 ], [ 105.787263200819837, 21.101255642589763 ], [ 105.787323641037261, 21.10122751711139 ], [ 105.787373447013451, 21.101172653486586 ], [ 105.787402163156173, 21.101098193664299 ], [ 105.787416327946502, 21.101010213053712 ], [ 105.787442387906765, 21.100966999273158 ], [ 105.78748522845099, 21.100939377665942 ], [ 105.787512941442699, 21.100931413923583 ], [ 105.787614062444717, 21.100929850186546 ], [ 105.787671300443435, 21.100943701377073 ], [ 105.787716563588901, 21.100968901802695 ], [ 105.787777152766822, 21.101047675765066 ], [ 105.787840556990375, 21.101089732327278 ], [ 105.787897795069185, 21.101103583438498 ], [ 105.788000117630304, 21.101108754817606 ], [ 105.788081484214644, 21.101133787375048 ], [ 105.78812076006065, 21.101164662327832 ], [ 105.788163208444217, 21.101226580006649 ], [ 105.788226612849115, 21.101268636417835 ], [ 105.788316960687268, 21.101285156890629 ], [ 105.788641891001589, 21.101283646093833 ], [ 105.788767968538963, 21.101300352616747 ], [ 105.788820005763057, 21.101319132758555 ], [ 105.788957182064308, 21.101393419511087 ], [ 105.789160986630975, 21.101472657446266 ], [ 105.78934323996836, 21.10157232098631 ], [ 105.789446489408007, 21.101610663128774 ], [ 105.789498059294075, 21.101619458692262 ], [ 105.789570225875153, 21.101611500616151 ], [ 105.789752811673125, 21.101517973652978 ], [ 105.789887936122611, 21.101474956468177 ], [ 105.790015946254158, 21.101459042522976 ], [ 105.790120091088141, 21.101460286601551 ], [ 105.790177329494199, 21.101474136931586 ], [ 105.790222593202699, 21.101499336668347 ], [ 105.790283183895923, 21.101578109682062 ], [ 105.790322460299123, 21.101608984105276 ], [ 105.790373711425943, 21.101628509082705 ], [ 105.790506150466655, 21.101639185378392 ], [ 105.790563388973041, 21.101653035574525 ], [ 105.79062679420727, 21.10169509105916 ], [ 105.790687385191688, 21.101773863917412 ], [ 105.790732649074073, 21.10179906351156 ], [ 105.790789887660566, 21.10181291362839 ], [ 105.792047491853253, 21.101807044349929 ], [ 105.792104580790991, 21.101792660667012 ], [ 105.792149575325439, 21.101767039842077 ], [ 105.792209328370447, 21.101687705361776 ], [ 105.792272284695144, 21.101645060162149 ], [ 105.792362453366593, 21.101627698436456 ], [ 105.792461782710092, 21.101635704499607 ], [ 105.792534169351612, 21.101669247070095 ], [ 105.792594761306887, 21.101748019215609 ], [ 105.792658167127357, 21.101790073920846 ], [ 105.792715405865692, 21.10180392338216 ], [ 105.792817728970491, 21.10180909183326 ], [ 105.792899096665622, 21.101834122039399 ], [ 105.79293837365725, 21.101864995836582 ], [ 105.792980824204861, 21.101926912235079 ], [ 105.793044230206647, 21.101968966789244 ], [ 105.793101469045297, 21.101982816116646 ], [ 105.793203792277907, 21.101987984330368 ], [ 105.793285160129685, 21.102013014345598 ], [ 105.793324437246298, 21.102043888048684 ], [ 105.793366888004059, 21.102105804342585 ], [ 105.793430294187175, 21.102147858745671 ], [ 105.793487533126125, 21.102161707939153 ], [ 105.793766296398374, 21.102169896010111 ], [ 105.793893311372855, 21.102185711281987 ], [ 105.793965698585112, 21.102219253220603 ], [ 105.794034373090639, 21.102290364906157 ], [ 105.794075670825649, 21.102319323448867 ], [ 105.794155018597166, 21.10234626801396 ], [ 105.794250607450365, 21.102357818851623 ], [ 105.794305826144338, 21.102373582744196 ], [ 105.794371253087746, 21.102413721800851 ], [ 105.7944409380693, 21.102483875820159 ], [ 105.794517366325934, 21.102513587547872 ], [ 105.794581602912189, 21.102520804011739 ], [ 105.794906535421575, 21.102519281127201 ], [ 105.794969671647948, 21.1025105149395 ], [ 105.79504169848073, 21.102476296414036 ], [ 105.795119411812934, 21.102379936319888 ], [ 105.795164405974717, 21.102354314707426 ], [ 105.795221494781856, 21.102339929978861 ], [ 105.795579506736118, 21.102335427280902 ], [ 105.795676816282821, 21.102345346435534 ], [ 105.795757624148735, 21.102370906561923 ], [ 105.795894804685304, 21.10244518755318 ], [ 105.796122069910055, 21.102536235640777 ], [ 105.796416781154377, 21.102699559990626 ], [ 105.796475248415277, 21.102746295593025 ], [ 105.796540444147269, 21.102820704905682 ], [ 105.79658174249677, 21.102849662816169 ], [ 105.796661090963624, 21.102876606183546 ], [ 105.796756680300859, 21.102888155590747 ], [ 105.796811899428207, 21.102903918651599 ], [ 105.796877327248041, 21.102944056710001 ], [ 105.796947013626479, 21.103014209649835 ], [ 105.796995309436895, 21.103036535005423 ], [ 105.797087679518725, 21.103051135724549 ], [ 105.797483810236713, 21.103050225932122 ], [ 105.797720410368271, 21.10306432228704 ], [ 105.797775629651852, 21.103080085028399 ], [ 105.797821568518202, 21.103104644335428 ], [ 105.797890581952217, 21.103175435210282 ], [ 105.797933564281578, 21.103202796926603 ], [ 105.798017964045329, 21.103224952086105 ], [ 105.798517392493636, 21.10322828261128 ], [ 105.798653052659262, 21.103235900947247 ], [ 105.798712912286177, 21.103247265063928 ], [ 105.79878530103025, 21.103280804890073 ], [ 105.79885397826736, 21.103351914526396 ], [ 105.798895277195882, 21.103380871852632 ], [ 105.798974626326924, 21.103407814113382 ], [ 105.799070216137636, 21.103419362199041 ], [ 105.799125435680523, 21.103435124491437 ], [ 105.799190864328011, 21.103475261627409 ], [ 105.799260552016122, 21.10354541356957 ], [ 105.799336981704542, 21.103575123073377 ], [ 105.799401218916458, 21.103582337688472 ], [ 105.800014983939491, 21.103579443024202 ], [ 105.800112294502725, 21.10358935959664 ], [ 105.800168000802813, 21.103604660304949 ], [ 105.800466198485466, 21.103764678622436 ], [ 105.800524667392608, 21.103811412769048 ], [ 105.800610365395443, 21.103900440945203 ], [ 105.800658662007393, 21.103922765228418 ], [ 105.800717585821673, 21.103935016056393 ], [ 105.80110904812129, 21.103932849431892 ], [ 105.801190145546983, 21.103907055663807 ], [ 105.80122909144572, 21.103875814240489 ], [ 105.801288840354545, 21.103796476706329 ], [ 105.801360866251841, 21.103762255527865 ], [ 105.801460106386699, 21.103753316288469 ], [ 105.801703405211327, 21.103761058537469 ], [ 105.80176790535775, 21.103768023165934 ], [ 105.801823125283917, 21.103783784565884 ], [ 105.801888554775132, 21.103823920631186 ], [ 105.801937743909434, 21.103879451074377 ], [ 105.801979043558489, 21.103908407623958 ], [ 105.802058393477566, 21.103935348413131 ], [ 105.802153983803066, 21.103946894741085 ], [ 105.802209203832277, 21.103962656011554 ], [ 105.802274633502009, 21.104002791921204 ], [ 105.80234432284837, 21.104072942537464 ], [ 105.802392619758436, 21.104095266316236 ], [ 105.802451543761734, 21.104107516534629 ], [ 105.805409407915874, 21.104095998399877 ], [ 105.805506719062905, 21.104105911853338 ], [ 105.805562426046095, 21.104121210764472 ], [ 105.805700585973128, 21.104194561092118 ], [ 105.805774996910188, 21.104226182752612 ], [ 105.805854103161209, 21.104249877299111 ], [ 105.805904290574986, 21.104253027594019 ], [ 105.805974381029884, 21.104236602202114 ], [ 105.806223026546945, 21.104098946176226 ], [ 105.806284505070082, 21.104054926065931 ], [ 105.806386379677818, 21.103949197521427 ], [ 105.806458445566136, 21.103922596068912 ], [ 105.806518224756729, 21.103918922917895 ], [ 105.806611495339325, 21.10393266598297 ], [ 105.806683886073188, 21.103966202366713 ], [ 105.806752563851376, 21.104036673512883 ], [ 105.806793847276509, 21.104062453084822 ], [ 105.806844396925484, 21.104076894966482 ], [ 105.806937595547254, 21.104077299601901 ], [ 105.806997330155312, 21.104065369271169 ], [ 105.807047690212713, 21.104044730635735 ], [ 105.807088675715008, 21.104015383704059 ], [ 105.807157605282129, 21.10394457529425 ], [ 105.807233711501112, 21.103914143257693 ], [ 105.80729786784633, 21.103906320383359 ], [ 105.807763816268704, 21.103900925477138 ], [ 105.807899387897862, 21.103892022364391 ], [ 105.807959122343092, 21.103880091699384 ], [ 105.808031146647977, 21.103845867735323 ], [ 105.808119396465131, 21.103759296842064 ], [ 105.808195502379249, 21.103728864382457 ], [ 105.808259658581505, 21.103721041148187 ], [ 105.808873422835859, 21.10371811440324 ], [ 105.808970621469328, 21.103707275006535 ], [ 105.809026159968553, 21.103691446479591 ], [ 105.809343109351872, 21.103513932525285 ], [ 105.809413360820059, 21.103444352389381 ], [ 105.809545898985903, 21.103230375201122 ], [ 105.809609952942793, 21.103155038295327 ], [ 105.809713891380895, 21.103083041094507 ], [ 105.809917828639257, 21.102969096441338 ], [ 105.810039020342714, 21.102847603481116 ], [ 105.810111084998937, 21.102821000510701 ], [ 105.810170863612527, 21.102817326088449 ], [ 105.810235363627143, 21.102824287496876 ], [ 105.810290583993904, 21.102840046123308 ], [ 105.810336524720086, 21.102864601976545 ], [ 105.810373185809652, 21.102897955063927 ], [ 105.810402550478742, 21.102938225273689 ], [ 105.810522515109653, 21.103130984728093 ], [ 105.81059202293136, 21.10320130709469 ], [ 105.810655506682039, 21.103242647751735 ], [ 105.8107459195015, 21.103284213955348 ], [ 105.810817228259694, 21.103305367908064 ], [ 105.810882434453433, 21.103303998725629 ], [ 105.810919986637884, 21.103286702544523 ], [ 105.810952803923541, 21.103256299653118 ], [ 105.81100725435715, 21.103172042300763 ], [ 105.811050820043278, 21.103077674266586 ], [ 105.811085055049176, 21.102940930183223 ], [ 105.811094189899137, 21.102780870855312 ], [ 105.811120853473426, 21.102704511647925 ], [ 105.811153748982662, 21.102667650156665 ], [ 105.811243240103948, 21.102615941992504 ], [ 105.811301200979329, 21.102568654604568 ], [ 105.81137686071871, 21.10247038978947 ], [ 105.811468369087081, 21.102319428963785 ], [ 105.811531319911367, 21.102276776783899 ], [ 105.811621486350205, 21.102259404877213 ], [ 105.811690699877943, 21.102261896983585 ], [ 105.811747940330577, 21.102275739956891 ], [ 105.811811351514748, 21.102317787317418 ], [ 105.81186639727197, 21.102391390989084 ], [ 105.811881977962841, 21.102400245518204 ], [ 105.8119165627607, 21.102404280148484 ], [ 105.811955712102716, 21.102390082206153 ], [ 105.812068946848953, 21.102326720372552 ], [ 105.812199680386797, 21.102279612854957 ], [ 105.812290412981525, 21.102262766569016 ], [ 105.812490930359033, 21.102246771073634 ], [ 105.812562952780411, 21.10221254523691 ], [ 105.812622694887551, 21.102133203908462 ], [ 105.81268564528979, 21.102090551312291 ], [ 105.812742732094236, 21.102076160741312 ], [ 105.812844994167165, 21.102070023795314 ], [ 105.8129260883603, 21.102044224505988 ], [ 105.812965031233233, 21.102012980474761 ], [ 105.81301921663183, 21.101928477805306 ], [ 105.81308795562245, 21.101857493623449 ], [ 105.813197296439881, 21.101790514934006 ], [ 105.813324136099936, 21.101739790448757 ], [ 105.813475356287555, 21.101711712298805 ], [ 105.813789626861649, 21.101700252796725 ], [ 105.813916464135914, 21.10168323425329 ], [ 105.813988485941195, 21.101649007828176 ], [ 105.814076730938723, 21.101562433965579 ], [ 105.814152834437138, 21.101531998899564 ], [ 105.814216989304796, 21.101524173449704 ], [ 105.814541918073942, 21.101522613012566 ], [ 105.814605052461687, 21.101513839562966 ], [ 105.814677074018078, 21.101479612852454 ], [ 105.814736814695522, 21.101400270818242 ], [ 105.814799764163681, 21.101357617463119 ], [ 105.814856850460544, 21.10134322619481 ], [ 105.814959111898816, 21.101337087992334 ], [ 105.815040205296057, 21.101311287714442 ], [ 105.815079147523207, 21.101280043215517 ], [ 105.815120928812576, 21.101217727733292 ], [ 105.815183878090721, 21.101175074240725 ], [ 105.815240964276668, 21.101160682846263 ], [ 105.815519621892335, 21.101149850316013 ], [ 105.815646458456513, 21.101132830498944 ], [ 105.815718479577328, 21.101098603358288 ], [ 105.815806723225137, 21.101012028632908 ], [ 105.815882826065916, 21.100981592809013 ], [ 105.815946980583362, 21.100973766714723 ], [ 105.816412918672455, 21.100968348344324 ], [ 105.816548486875433, 21.10095943841575 ], [ 105.816608219352958, 21.100947504759898 ], [ 105.816658576941251, 21.100926863339375 ], [ 105.81669955963585, 21.100897514162632 ], [ 105.816759411041616, 21.100818275529871 ], [ 105.816850912910269, 21.100667311979571 ], [ 105.816913861444306, 21.100624657865612 ], [ 105.81700402616093, 21.100607283145994 ], [ 105.817328952709062, 21.100605717433709 ], [ 105.81742614853259, 21.100594873271422 ], [ 105.817506674805557, 21.100568545882403 ], [ 105.817619036647116, 21.100504373241154 ], [ 105.817821975739704, 21.100423208850867 ], [ 105.818003144735499, 21.100321823797525 ], [ 105.818129981401199, 21.100271095802206 ], [ 105.818248611794061, 21.100246453008623 ], [ 105.818662569201734, 21.100226457444077 ], [ 105.818748651576854, 21.100205290496444 ], [ 105.81881364028547, 21.100164531354849 ], [ 105.818862222795275, 21.100108533853966 ], [ 105.818903204818412, 21.100079184163235 ], [ 105.818982255856255, 21.100051486386612 ], [ 105.819077713036407, 21.100039026889892 ], [ 105.819132757433806, 21.100022738557708 ], [ 105.81919774595454, 21.099981979274048 ], [ 105.819246328259368, 21.099925981668555 ], [ 105.819287310154806, 21.09989663188847 ], [ 105.819366361019377, 21.099868933937664 ], [ 105.819490512058053, 21.099849418452855 ], [ 105.819562531629245, 21.099815189723227 ], [ 105.819598825945249, 21.099781486079642 ], [ 105.819627748862104, 21.099740935804462 ], [ 105.819733198346057, 21.099569221745796 ], [ 105.819796145565917, 21.099526566598325 ], [ 105.81988630923216, 21.099509190376423 ], [ 105.820211233156613, 21.099507619219818 ], [ 105.82033712189876, 21.099489717517738 ], [ 105.820412090453317, 21.099458227818225 ], [ 105.820660399255672, 21.099318081822673 ], [ 105.820718355788443, 21.099270791336153 ], [ 105.820783080641974, 21.099196080432574 ], [ 105.820825762812589, 21.099168309987306 ], [ 105.820909915344259, 21.099145350413288 ], [ 105.82107663109251, 21.099131661860518 ], [ 105.821180293082293, 21.09909311578809 ], [ 105.821406938050671, 21.098966555410755 ], [ 105.821468409837252, 21.098922529982612 ], [ 105.821533965879766, 21.098848591303863 ], [ 105.821638769571209, 21.098676278951768 ], [ 105.821671661558014, 21.098639415516104 ], [ 105.821743680021655, 21.098605185890701 ], [ 105.821875993431817, 21.098593251179491 ], [ 105.821957084039013, 21.098567447673044 ], [ 105.821996024065854, 21.098536201646187 ], [ 105.822050203058382, 21.098451696264249 ], [ 105.822118936081353, 21.098380708584699 ], [ 105.822228270144592, 21.098313724259743 ], [ 105.82235510357755, 21.098262993194901 ], [ 105.82240657437147, 21.098253708017015 ], [ 105.822478821009071, 21.098260979702211 ], [ 105.822545116214712, 21.098293690735435 ], [ 105.822580021536282, 21.098328707339746 ], [ 105.822612457152232, 21.098400122406517 ], [ 105.822626858571539, 21.098556750722082 ], [ 105.822649416226525, 21.098637531999408 ], [ 105.822688472294359, 21.098702669722375 ], [ 105.822730821263463, 21.098730628446006 ], [ 105.822757215083797, 21.098722630530489 ], [ 105.822769860341992, 21.098710640453742 ], [ 105.8228269392405, 21.098633814412388 ], [ 105.822898957418445, 21.098599584305092 ], [ 105.82296208997046, 21.098590807797315 ], [ 105.823321261842651, 21.098587335266661 ], [ 105.8234397405121, 21.09856255014498 ], [ 105.823601093274448, 21.098476466528769 ], [ 105.823804026134951, 21.09839529515661 ], [ 105.823912187522652, 21.098327221352591 ], [ 105.823943037889251, 21.09828846190285 ], [ 105.82396451312448, 21.098240995113514 ], [ 105.823984025780717, 21.098124293194388 ], [ 105.824012722911732, 21.098049827752465 ], [ 105.824062513997717, 21.097994953799365 ], [ 105.824128408670617, 21.097955036412944 ], [ 105.824225792691124, 21.097910659276277 ], [ 105.824335536512649, 21.097877761543124 ], [ 105.824429780510272, 21.097864174127782 ], [ 105.824567649615204, 21.097857398171442 ], [ 105.824624733523208, 21.097843003683373 ], [ 105.824687678569106, 21.097800346781181 ], [ 105.824747412397627, 21.097721001408047 ], [ 105.824819429672615, 21.0976867705104 ], [ 105.82488256170123, 21.097677993303101 ], [ 105.825241731182601, 21.097674516778046 ], [ 105.825360208764778, 21.097649730346234 ], [ 105.82565663507755, 21.097486862422528 ], [ 105.825714589275577, 21.097439570293563 ], [ 105.825778970636051, 21.097364541646733 ], [ 105.825843956118263, 21.097323779900726 ], [ 105.826049495978069, 21.097278735581586 ], [ 105.826114481346124, 21.097237973735169 ], [ 105.826183398595788, 21.097167157931107 ], [ 105.826231447058134, 21.097144371631217 ], [ 105.826290231332621, 21.097131556232892 ], [ 105.826394001228351, 21.097126815569261 ], [ 105.826485637268192, 21.097110805543242 ], [ 105.826537466818721, 21.097091530902929 ], [ 105.826673827493707, 21.097015941907042 ], [ 105.826876756591943, 21.096934766964214 ], [ 105.827171327532966, 21.096770176231679 ], [ 105.827232796662457, 21.096726148788264 ], [ 105.827298348844451, 21.09665220798766 ], [ 105.82741622504571, 21.09645833548781 ], [ 105.827480266958815, 21.096382992161349 ], [ 105.827584191782663, 21.09631098438533 ], [ 105.827788105552017, 21.096197018897659 ], [ 105.827842542863678, 21.09614646090224 ], [ 105.827889948741188, 21.096089372552896 ], [ 105.827930927835396, 21.096060020761154 ], [ 105.828009974942475, 21.096032318888035 ], [ 105.828105428623616, 21.096019854412841 ], [ 105.828160470462166, 21.096003563223679 ], [ 105.828225454682013, 21.095962800599573 ], [ 105.828294370332884, 21.095891983979516 ], [ 105.828342418047853, 21.095869197102303 ], [ 105.828401201616046, 21.095856380992863 ], [ 105.828537367744502, 21.095848022259162 ], [ 105.828648434323171, 21.095816352667757 ], [ 105.828784792726196, 21.095740762036922 ], [ 105.828987718875936, 21.095659584651095 ], [ 105.829303946122195, 21.095481402710242 ], [ 105.829343752858861, 21.095450962210002 ], [ 105.829394673649361, 21.095397138599964 ], [ 105.829527175891116, 21.095183146763219 ], [ 105.829591216186856, 21.095107802681632 ], [ 105.82967317513581, 21.095049100157485 ], [ 105.829834066142567, 21.094962588972507 ], [ 105.829873003542218, 21.094931341209051 ], [ 105.829908728568014, 21.094863405113824 ], [ 105.829920072243539, 21.094739120550699 ], [ 105.829946724799001, 21.094662758673735 ], [ 105.829979613828172, 21.094625893706084 ], [ 105.830069093346481, 21.094574175929672 ], [ 105.8301440183983, 21.094508941084708 ], [ 105.830216297240966, 21.09440754380433 ], [ 105.830292320261947, 21.094275919039358 ], [ 105.830338592061054, 21.094217778217661 ], [ 105.83043831793907, 21.094141871812823 ], [ 105.830664190209589, 21.094014596422046 ], [ 105.830718625745448, 21.093964037549075 ], [ 105.830766029832205, 21.093906948440516 ], [ 105.830807007752512, 21.093877595984853 ], [ 105.830886053136112, 21.09384989282001 ], [ 105.831010197380593, 21.093830369102449 ], [ 105.831060550455874, 21.093809723532473 ], [ 105.831101528289693, 21.093780371008105 ], [ 105.831174978036117, 21.093680061711275 ], [ 105.831250999850042, 21.093548436545657 ], [ 105.831297271051454, 21.093490295477295 ], [ 105.831375372562917, 21.093428011154984 ], [ 105.831580716780451, 21.093315376199623 ], [ 105.831660328148033, 21.093254494175039 ], [ 105.831722020741282, 21.093176970749678 ], [ 105.831825599455101, 21.093003529454794 ], [ 105.83187187026617, 21.092945388238988 ], [ 105.831949971251746, 21.092883103665514 ], [ 105.832155314276278, 21.092770468046535 ], [ 105.83223492511749, 21.092709585765785 ], [ 105.832296617190281, 21.092632062143842 ], [ 105.832400194869749, 21.0924586205217 ], [ 105.832446465290488, 21.092400479158467 ], [ 105.832524565750205, 21.092338194333855 ], [ 105.832729907581751, 21.092225558051311 ], [ 105.832791373177315, 21.092181528686062 ], [ 105.832856920617189, 21.092107585854929 ], [ 105.832961706545532, 21.091935266957343 ], [ 105.832994594233497, 21.091898401437902 ], [ 105.833039578435375, 21.09187277005951 ], [ 105.833096659154535, 21.091858372812506 ], [ 105.833442395934057, 21.091842418136512 ], [ 105.833502123220555, 21.091830478682166 ], [ 105.833552475259893, 21.091809832401385 ], [ 105.833610424721599, 21.091762537698628 ], [ 105.833729838366679, 21.091570100051037 ], [ 105.833783705692426, 21.091519014342293 ], [ 105.833834737917684, 21.091498999806589 ], [ 105.833967043734731, 21.091487055892415 ], [ 105.834048128224666, 21.091461246779904 ], [ 105.834087063821329, 21.091429998095791 ], [ 105.834173251575081, 21.091307816232394 ], [ 105.834273313698716, 21.091232223587738 ], [ 105.834367968850486, 21.091185313545857 ], [ 105.834546201368369, 21.09111490955291 ], [ 105.834727347289714, 21.091013507270564 ], [ 105.83495358714292, 21.090920279545774 ], [ 105.835246473563558, 21.090754130498986 ], [ 105.83530442207028, 21.090706835243136 ], [ 105.835368795702465, 21.090631803152824 ], [ 105.835409771802375, 21.090602449633845 ], [ 105.835460123149218, 21.090581802806366 ], [ 105.835584263969977, 21.090562275843659 ], [ 105.835663306652691, 21.090534570529513 ], [ 105.835721254939529, 21.090487275137281 ], [ 105.835883417535882, 21.090233428845863 ], [ 105.83595682777171, 21.090166789171647 ], [ 105.836070042664659, 21.090103411862369 ], [ 105.836272956984729, 21.090022226092746 ], [ 105.836567503614191, 21.089857619704283 ], [ 105.836628967078397, 21.089813589006337 ], [ 105.836711823802872, 21.089722018777792 ], [ 105.836754500220692, 21.089694244480697 ], [ 105.836807912572084, 21.089676440425478 ], [ 105.83697480450104, 21.089662911925046 ], [ 105.837060877901038, 21.08964173594369 ], [ 105.837357275124873, 21.089478848368714 ], [ 105.837397078595913, 21.089448406064847 ], [ 105.837447994429212, 21.089394580163884 ], [ 105.83756740125186, 21.089202139989379 ], [ 105.837600287193453, 21.08916527362312 ], [ 105.837672297266863, 21.089131037468388 ], [ 105.837804600574103, 21.089119090637851 ], [ 105.837885683062041, 21.089093279748766 ], [ 105.837924617224374, 21.089062030222507 ], [ 105.838010800473299, 21.088939846525705 ], [ 105.838088896761903, 21.088877559251543 ], [ 105.838180827825411, 21.088828119928593 ], [ 105.838383739197155, 21.08874693171812 ], [ 105.838699940254131, 21.088568732975649 ], [ 105.838739743204258, 21.08853829037076 ], [ 105.838790658240853, 21.088484464087621 ], [ 105.838910062615511, 21.088292023029705 ], [ 105.838942948024155, 21.088255156417024 ], [ 105.839014957337582, 21.088220919713649 ], [ 105.839147259694613, 21.088208971865232 ], [ 105.839228341438357, 21.088183160355925 ], [ 105.839267275078242, 21.088151910535508 ], [ 105.839321440547707, 21.088067399983032 ], [ 105.839390160507705, 21.087996405649097 ], [ 105.839475135798637, 21.087940507021468 ], [ 105.839635030123432, 21.087853073896458 ], [ 105.839679821563749, 21.087793561148167 ], [ 105.839694561669191, 21.087739843887363 ], [ 105.839705896862213, 21.087615558855699 ], [ 105.839741615714743, 21.087547620838745 ], [ 105.839780549082278, 21.087516370907359 ], [ 105.839869529270601, 21.087464191666001 ], [ 105.839923959276732, 21.087413629983626 ], [ 105.839996228073687, 21.087312228787532 ], [ 105.840072238938603, 21.087180599937867 ], [ 105.840136270488088, 21.087105252096144 ], [ 105.840240182633934, 21.087033236905729 ], [ 105.840423586739078, 21.086933934164414 ], [ 105.840481532104249, 21.086886637223273 ], [ 105.840557164603169, 21.086788360106588 ], [ 105.840661031524391, 21.086615194989246 ], [ 105.840710812658173, 21.086560316405642 ], [ 105.840814724144806, 21.086488300880724 ], [ 105.841018614096768, 21.086374320139701 ], [ 105.84107304331711, 21.08632375810857 ], [ 105.841120441024259, 21.086266666268372 ], [ 105.841161414776991, 21.08623731142298 ], [ 105.841240454069521, 21.086209603607347 ], [ 105.841335900120598, 21.086197131918425 ], [ 105.841390936775781, 21.086180836586028 ], [ 105.841436598105844, 21.086155834863913 ], [ 105.841472884107972, 21.086122126759683 ], [ 105.841619610664594, 21.085887656570023 ], [ 105.841669391203453, 21.085832777720437 ], [ 105.841748316073108, 21.085771261242925 ], [ 105.841777458378544, 21.085730919250029 ], [ 105.841795864693779, 21.085680607313591 ], [ 105.841808519298311, 21.085523846700141 ], [ 105.841830173781446, 21.085442848745036 ], [ 105.842000596599036, 21.085162980045062 ], [ 105.842032611468881, 21.085125305785077 ], [ 105.842089423066767, 21.085076956577108 ], [ 105.842293198047969, 21.084962870322638 ], [ 105.842347060046592, 21.084911782032915 ], [ 105.842367847249221, 21.084863681307198 ], [ 105.842379180084961, 21.084739396137167 ], [ 105.8423939189517, 21.08468567866537 ], [ 105.842438708364199, 21.08462616523542 ], [ 105.842522620734854, 21.084569280931934 ], [ 105.84255833760885, 21.084501342365222 ], [ 105.842567028090784, 21.084442008142883 ], [ 105.842577555221311, 21.084148463384214 ], [ 105.842599209113004, 21.084067465338684 ], [ 105.842625364078117, 21.084024349529521 ], [ 105.842682175071729, 21.083976000137373 ], [ 105.842887497527556, 21.083863352090024 ], [ 105.842967099196898, 21.083802465014358 ], [ 105.843042728535437, 21.083704186861599 ], [ 105.843146590511196, 21.08353102032904 ], [ 105.843215306591034, 21.083460024539171 ], [ 105.843322579020764, 21.083391131816235 ], [ 105.843483675447132, 21.083304818227273 ], [ 105.843558588953158, 21.083239577756075 ], [ 105.843628812318826, 21.083136279755443 ], [ 105.843737660710133, 21.082900340338345 ], [ 105.843821338518197, 21.082775834857127 ], [ 105.843897343793714, 21.082644204414827 ], [ 105.843943606727876, 21.082586060100589 ], [ 105.8440216972201, 21.082523770243714 ], [ 105.844227016651189, 21.082411120657444 ], [ 105.844288474773762, 21.082367087324755 ], [ 105.844354012235144, 21.082293140301363 ], [ 105.844458778183338, 21.082120814779469 ], [ 105.844491660882213, 21.082083947156327 ], [ 105.844563665915061, 21.082049708215855 ], [ 105.844726012152847, 21.082031959887136 ], [ 105.844798017103614, 21.081997720849657 ], [ 105.844830899690379, 21.081960853163981 ], [ 105.84488555140797, 21.08187679744805 ], [ 105.844938845141456, 21.081825182519538 ], [ 105.844999170258689, 21.08178009721215 ], [ 105.845030011755611, 21.081741334148756 ], [ 105.845058695424882, 21.081666865458637 ], [ 105.845078189837977, 21.081550161508773 ], [ 105.845099656052781, 21.081502692255075 ], [ 105.845130497468446, 21.081463929174976 ], [ 105.845236595669704, 21.081393947031948 ], [ 105.845376031128851, 21.081321221352258 ], [ 105.845455630425548, 21.081260333170832 ], [ 105.845517310955898, 21.081182805025776 ], [ 105.845620865552988, 21.081009355880163 ], [ 105.845667127317043, 21.080951211124582 ], [ 105.845745216232601, 21.080888920515658 ], [ 105.84595053208642, 21.080776268941936 ], [ 105.846011989023594, 21.080732235016402 ], [ 105.846077524920972, 21.08065828736617 ], [ 105.846182287767675, 21.080485960852972 ], [ 105.84621516968447, 21.080449092915291 ], [ 105.846287173521318, 21.080414853276814 ], [ 105.846419468194128, 21.080402899998759 ], [ 105.846500544365753, 21.08037708517535 ], [ 105.84653947445014, 21.080345833777294 ], [ 105.846593633058163, 21.080261321059822 ], [ 105.846662346003512, 21.080190323952824 ], [ 105.846747314108626, 21.080134421873041 ], [ 105.846951190781226, 21.080020434362911 ], [ 105.847021413512593, 21.079950839406315 ], [ 105.847153877132328, 21.07973683472035 ], [ 105.847200137909198, 21.079678689571661 ], [ 105.847278225514472, 21.079616398292064 ], [ 105.847483538430822, 21.07950374494488 ], [ 105.847544994386325, 21.07945971049055 ], [ 105.847610528968886, 21.079385762281778 ], [ 105.847715289176463, 21.079213434886459 ], [ 105.847748170435878, 21.079176566668501 ], [ 105.847820173294878, 21.079142326407055 ], [ 105.847982515882222, 21.07912457507646 ], [ 105.84805451865914, 21.079090334718042 ], [ 105.84808739980646, 21.079053466437568 ], [ 105.848142048652349, 21.078969409742111 ], [ 105.848195340224095, 21.078917793846372 ], [ 105.848302607058415, 21.078848898126193 ], [ 105.848442038602812, 21.078776170036264 ], [ 105.848521635280008, 21.078715280486609 ], [ 105.848597258425855, 21.07861700001008 ], [ 105.8487011105275, 21.078443830311631 ], [ 105.848769821636907, 21.078372832398372 ], [ 105.848879128802466, 21.07830583162842 ], [ 105.849129340867435, 21.078201172236682 ], [ 105.849261098990084, 21.07812131881294 ], [ 105.849400529372915, 21.078048589968109 ], [ 105.849461984155354, 21.078004554851471 ], [ 105.849527517150975, 21.077930605943578 ], [ 105.849645350080237, 21.077736719035943 ], [ 105.849691609272909, 21.077678573248292 ], [ 105.849769694783262, 21.077616280878274 ], [ 105.849975003017306, 21.077503624647196 ], [ 105.850054598384887, 21.07744273441363 ], [ 105.850116274966794, 21.077365204696498 ], [ 105.850219821645666, 21.077191752937395 ], [ 105.850266080448421, 21.077133607002761 ], [ 105.850344165433341, 21.077071314382241 ], [ 105.85054947247518, 21.076958657489122 ], [ 105.850629067316817, 21.076897767000041 ], [ 105.850690743378863, 21.076820237086956 ], [ 105.850794289024648, 21.07664678500177 ], [ 105.8508405474375, 21.076588638920171 ], [ 105.850918631897002, 21.076526346049167 ], [ 105.851123937746664, 21.076413688494057 ], [ 105.851185391343975, 21.07636965278499 ], [ 105.851250922776032, 21.076295703250782 ], [ 105.851355676672668, 21.07612337376192 ], [ 105.851388556356909, 21.076086504878841 ], [ 105.851460556861738, 21.076052263139307 ], [ 105.85159284711871, 21.076040305967094 ], [ 105.851673919965009, 21.076014488769474 ], [ 105.851712847821318, 21.075983236243935 ], [ 105.851799012398871, 21.075861045992301 ], [ 105.851877096073721, 21.075798752701527 ], [ 105.85196901441212, 21.075749306258263 ], [ 105.85217190018021, 21.075668102287572 ], [ 105.852488056744278, 21.0754898790684 ], [ 105.852527853381545, 21.075459433395221 ], [ 105.852578759019764, 21.075405603210896 ], [ 105.85272545791365, 21.075171124070536 ], [ 105.852794165605047, 21.075100124616874 ], [ 105.852903468531068, 21.07503312137197 ], [ 105.853153672161554, 21.074928456289026 ], [ 105.853466990569828, 21.074747598420739 ], [ 105.853537207782125, 21.074678000912336 ], [ 105.853656582426154, 21.074485550182331 ], [ 105.85371043676524, 21.074434458482827 ], [ 105.853761460347258, 21.074414438200662 ], [ 105.853893748906941, 21.074402479288345 ], [ 105.853974820436378, 21.074376661030477 ], [ 105.854013747378204, 21.074345408002138 ], [ 105.854099909138171, 21.074223216655238 ], [ 105.854177990984596, 21.074160922355794 ], [ 105.854269907528021, 21.074111474717206 ], [ 105.854472789752265, 21.074030268098866 ], [ 105.854788940020541, 21.073852040771197 ], [ 105.854828735745443, 21.073821594583531 ], [ 105.854879639993825, 21.073767763746076 ], [ 105.854999012192209, 21.073575312135212 ], [ 105.855052865740319, 21.073524220031167 ], [ 105.85510388882112, 21.073504199360052 ], [ 105.855236176430495, 21.073492239431332 ], [ 105.85529324777427, 21.073477834995355 ], [ 105.855356173635613, 21.0734351672324 ], [ 105.85541588152401, 21.073355811710115 ], [ 105.855487879749788, 21.073321568327486 ], [ 105.85555099930437, 21.073312780089566 ], [ 105.855863617275276, 21.073299771273572 ], [ 105.855949678298359, 21.073278586079613 ], [ 105.855995333184879, 21.073253580618641 ], [ 105.856046236814322, 21.073199749448694 ], [ 105.856164057624412, 21.073005858323302 ], [ 105.856228075032462, 21.072930504765662 ], [ 105.856331969456676, 21.072858480199105 ], [ 105.856515345174984, 21.072759160853746 ], [ 105.856590247665537, 21.072693914922365 ], [ 105.856662498152076, 21.072592507078866 ], [ 105.856738487068469, 21.072460871289238 ], [ 105.856802503956018, 21.072385517528044 ], [ 105.856906397721474, 21.072313492627732 ], [ 105.857110255743564, 21.072199493436472 ], [ 105.857164674346279, 21.072148926520306 ], [ 105.857212061449133, 21.072091830452301 ], [ 105.857253028114599, 21.072062471912133 ], [ 105.857332056742948, 21.072034756911414 ], [ 105.857456178782456, 21.072015214522999 ], [ 105.85752817587391, 21.071980970307646 ], [ 105.857579078518299, 21.071927138703732 ], [ 105.857696896361034, 21.071733246587907 ], [ 105.857760912454381, 21.071657892486066 ], [ 105.857864805243551, 21.071585867026151 ], [ 105.858048178351822, 21.071486546098374 ], [ 105.858106112109823, 21.071439243446438 ], [ 105.858153498628681, 21.071382147130908 ], [ 105.858193287365637, 21.071317995887053 ], [ 105.858266397906519, 21.071149989512175 ], [ 105.858315367396884, 21.0710606641201 ], [ 105.858475996263934, 21.070805428313783 ], [ 105.858544699209276, 21.070734426658138 ], [ 105.85865399629995, 21.070667419873235 ], [ 105.858904188390838, 21.070562746647848 ], [ 105.85921749049038, 21.07038187862354 ], [ 105.859287702962988, 21.07031227886257 ], [ 105.859407066782637, 21.070119824362887 ], [ 105.859460917571937, 21.070068730933937 ], [ 105.859511938850162, 21.070048708990349 ], [ 105.859644222927628, 21.07003674573825 ], [ 105.859701292483479, 21.070022339874129 ], [ 105.859764215607981, 21.06997967055278 ], [ 105.85982391978871, 21.069900313575406 ], [ 105.859895915299631, 21.069866068400881 ], [ 105.859959033080926, 21.069857278579168 ], [ 105.860238269367443, 21.06984697166633 ], [ 105.860331359200146, 21.06983231334241 ], [ 105.860403354554364, 21.069798067957525 ], [ 105.860471222364296, 21.069726291395966 ], [ 105.860512187729455, 21.069696932105337 ], [ 105.86059121446182, 21.06966921564327 ], [ 105.860715334031482, 21.069649670948362 ], [ 105.860787329205138, 21.069615425405942 ], [ 105.860823606814094, 21.069581713384267 ], [ 105.860852512745865, 21.069541156511391 ], [ 105.860985704549222, 21.069327844701291 ], [ 105.861038988224081, 21.069276224983714 ], [ 105.861099303348709, 21.069231134225976 ], [ 105.861130138095916, 21.069192368410786 ], [ 105.861158811475661, 21.069117897246262 ], [ 105.861178291993497, 21.069001191760695 ], [ 105.861213996792827, 21.068933249559862 ], [ 105.861270795989341, 21.068884894260293 ], [ 105.861476083286803, 21.068772224709402 ], [ 105.861537530637378, 21.068728185424959 ], [ 105.861617336283871, 21.068633795691738 ], [ 105.861722715946271, 21.068462057275649 ], [ 105.861761639708405, 21.068430802557273 ], [ 105.861812660101492, 21.068410779948184 ], [ 105.861944942481458, 21.068398814957153 ], [ 105.862002011166737, 21.068384408345949 ], [ 105.86206493293075, 21.068341738209948 ], [ 105.862124635239283, 21.068262380472749 ], [ 105.862196629411571, 21.068228134361199 ], [ 105.862259746336846, 21.06821934371083 ], [ 105.862618841159218, 21.068215790473882 ], [ 105.862737288380487, 21.068190978856187 ], [ 105.862898584962409, 21.068104859435092 ], [ 105.863101454078475, 21.068023642887486 ], [ 105.863282552079767, 21.067922211458299 ], [ 105.8634132382914, 21.067875065841061 ], [ 105.863570272949858, 21.06785238513087 ], [ 105.863996679504183, 21.06784393399937 ], [ 105.864082736105146, 21.067822744816162 ], [ 105.864268709621754, 21.06772584019814 ], [ 105.864403780204327, 21.067682765225928 ], [ 105.864531751477472, 21.067666796222912 ], [ 105.864845905692874, 21.067655209960947 ], [ 105.864938993619546, 21.067640549169308 ], [ 105.86501098680705, 21.067606301894369 ], [ 105.865078851380446, 21.067534523582953 ], [ 105.865143812911043, 21.067493747445319 ], [ 105.865198839866778, 21.067477444680215 ], [ 105.865294271500332, 21.06746495996633 ], [ 105.865373296096408, 21.067437241342201 ], [ 105.865414259843718, 21.067407880915646 ], [ 105.865463154378801, 21.067352186654883 ], [ 105.865505818950822, 21.067324405454372 ], [ 105.865589946029743, 21.067301424472543 ], [ 105.86572614302321, 21.067303412145744 ], [ 105.865812439227099, 21.067323723402716 ], [ 105.865999521870506, 21.067418727438771 ], [ 105.86613508243515, 21.067460423398682 ], [ 105.866263230672402, 21.067475087144441 ], [ 105.866657278542235, 21.067475899743041 ], [ 105.866749071717763, 21.067490994645532 ], [ 105.866801105907967, 21.067509751010647 ], [ 105.866938286929411, 21.067583974752928 ], [ 105.867117954051409, 21.06765194920532 ], [ 105.867300214124896, 21.067751529042933 ], [ 105.867400766121037, 21.067792378426144 ], [ 105.867546461155982, 21.067824457230511 ], [ 105.867893384859869, 21.067835918197229 ], [ 105.868020376264198, 21.067851678751452 ], [ 105.868092761996465, 21.067885189198407 ], [ 105.868181955308174, 21.067970882864046 ], [ 105.868258379059583, 21.068000561593454 ], [ 105.868322603253205, 21.068007750543661 ], [ 105.868788468102096, 21.068008543324218 ], [ 105.868924097681187, 21.068016106453157 ], [ 105.868983947503111, 21.068027446116961 ], [ 105.869056333521698, 21.068060956141963 ], [ 105.869125026296132, 21.068132037048368 ], [ 105.869190456904263, 21.068172147242926 ], [ 105.869245669812585, 21.068187886966502 ], [ 105.869341240920761, 21.068199396080026 ], [ 105.869420582581867, 21.068226305704528 ], [ 105.869461884567215, 21.068255245839389 ], [ 105.869511422348722, 21.068310437166186 ], [ 105.869554406833487, 21.068337780746088 ], [ 105.869608011275346, 21.068355046756817 ], [ 105.869775023000088, 21.068366896494442 ], [ 105.869861320292074, 21.068387205650556 ], [ 105.870023604892296, 21.068471673833972 ], [ 105.870227403207821, 21.068550814760542 ], [ 105.870409666338873, 21.068650391139805 ], [ 105.870512911648916, 21.068688684162073 ], [ 105.870664404334022, 21.068715259996104 ], [ 105.871092231361914, 21.068718077190603 ], [ 105.871210959329531, 21.06874167780202 ], [ 105.871373245033553, 21.068826144651968 ], [ 105.871577044489683, 21.068905283913502 ], [ 105.871895221570824, 21.069080285502952 ], [ 105.871935365018928, 21.069110325065044 ], [ 105.871986885961519, 21.069163634819308 ], [ 105.872123623967681, 21.069374545997135 ], [ 105.872187036961449, 21.069416570851178 ], [ 105.872244269540289, 21.069430393702525 ], [ 105.872522971098775, 21.069438454301135 ], [ 105.872649964221637, 21.069454211325152 ], [ 105.872722351703004, 21.069487719728915 ], [ 105.872791046843176, 21.069558799056793 ], [ 105.872856479017941, 21.069598907775877 ], [ 105.872911692797601, 21.069614646272825 ], [ 105.873007265022409, 21.069626153279128 ], [ 105.873086608042456, 21.069653061136563 ], [ 105.87312791110682, 21.069682000336353 ], [ 105.873177110497778, 21.069736874687653 ], [ 105.87321839506329, 21.069762638132218 ], [ 105.873268938646959, 21.069777060454523 ], [ 105.873328741239476, 21.069780141646653 ], [ 105.873362114660011, 21.069777429316051 ], [ 105.873416272280437, 21.069760316972026 ], [ 105.873437056477741, 21.069745916962709 ], [ 105.873466035644967, 21.069705429277111 ], [ 105.873486708856575, 21.069556143136523 ], [ 105.873507483949496, 21.069508038927744 ], [ 105.873540356613603, 21.069471165963847 ], [ 105.873650286739505, 21.069404744906194 ], [ 105.873720491820251, 21.069335139416403 ], [ 105.873786794145445, 21.069228214981788 ], [ 105.873871105240283, 21.069036922606415 ], [ 105.874043301710671, 21.068758743630301 ], [ 105.874107308111576, 21.06868338366721 ], [ 105.874182882394436, 21.068625010839117 ], [ 105.874195373203662, 21.068600454056153 ], [ 105.874192600503392, 21.068589174843595 ], [ 105.874148209998111, 21.068559333915676 ], [ 105.874064269464156, 21.068536789881104 ], [ 105.873936119780637, 21.0685221320837 ], [ 105.873832019363988, 21.068524397137971 ], [ 105.873750954767274, 21.068550224669078 ], [ 105.873712033588518, 21.068581482050067 ], [ 105.873657834022353, 21.068655627561377 ], [ 105.873642357776674, 21.068664636248926 ], [ 105.873607828694304, 21.068669014098568 ], [ 105.87356853083422, 21.068655205911472 ], [ 105.873318702163104, 21.068517547410561 ], [ 105.873278558613919, 21.068487508177633 ], [ 105.873227037468865, 21.068434198819098 ], [ 105.873184490581806, 21.068372373174064 ], [ 105.873137182999201, 21.068280998195863 ], [ 105.873096107874645, 21.068149641735971 ], [ 105.873074157353756, 21.067932002440934 ], [ 105.873052822097094, 21.067884114804251 ], [ 105.873019521255415, 21.067847582178555 ], [ 105.872908823420758, 21.067782295848957 ], [ 105.872853825003844, 21.067732286549294 ], [ 105.872805781927894, 21.067675676855387 ], [ 105.872764479492133, 21.067646737549001 ], [ 105.872685137602659, 21.067619829495641 ], [ 105.872560800963086, 21.067601553006789 ], [ 105.872488414444717, 21.067568044493747 ], [ 105.872451748973873, 21.067534704866077 ], [ 105.87242237531666, 21.067494445558548 ], [ 105.872315012299936, 21.067323793864958 ], [ 105.872275728955159, 21.067292938563007 ], [ 105.872224480008967, 21.067273438210943 ], [ 105.872092068090666, 21.067262824836952 ], [ 105.872034836361166, 21.067249001901448 ], [ 105.871989570275559, 21.067223824003431 ], [ 105.871928952234356, 21.06714508082435 ], [ 105.871889669014067, 21.067114225428035 ], [ 105.871838420175749, 21.067094724955144 ], [ 105.871706008431659, 21.067084111273381 ], [ 105.87164877680172, 21.067070288203833 ], [ 105.871603510832301, 21.067045110198219 ], [ 105.871542893065012, 21.066966366870066 ], [ 105.871479481308697, 21.066924341721005 ], [ 105.87142224975841, 21.06691051857198 ], [ 105.871143552903533, 21.0669024559981 ], [ 105.871016562072001, 21.066886697761689 ], [ 105.870944176225834, 21.066853188563393 ], [ 105.870875483227181, 21.066782108392076 ], [ 105.8708341813999, 21.066753168591518 ], [ 105.870754840302368, 21.066726259604717 ], [ 105.87065927006249, 21.066714751256054 ], [ 105.870604057573416, 21.066699011975771 ], [ 105.870538627267649, 21.066658902309921 ], [ 105.87046892509025, 21.066588779886853 ], [ 105.870392501671773, 21.066559102137809 ], [ 105.870328278034251, 21.066551913951272 ], [ 105.870003429946408, 21.066553578642665 ], [ 105.869913095860909, 21.066537101200581 ], [ 105.869849684725196, 21.066495075418477 ], [ 105.869794564705856, 21.066411115452095 ], [ 105.869744165809507, 21.066356741852147 ], [ 105.869661224362289, 21.066299182847761 ], [ 105.869566056617089, 21.066253225884143 ], [ 105.869459635076154, 21.066217948084578 ], [ 105.869336124633421, 21.066198886564923 ], [ 105.869198217156864, 21.066193486845446 ], [ 105.86914098606934, 21.066179662909235 ], [ 105.869077575294668, 21.066137636824219 ], [ 105.869022455838419, 21.06605367658408 ], [ 105.868952939379597, 21.065983378193867 ], [ 105.868866334013433, 21.06592929607476 ], [ 105.868742327600572, 21.065876638850192 ], [ 105.868658389297295, 21.065854092055194 ], [ 105.868564017894727, 21.065841445527308 ], [ 105.868170460754499, 21.065840175780391 ], [ 105.868073171828897, 21.065830297526698 ], [ 105.867992372891493, 21.065804771485453 ], [ 105.867902776498966, 21.065753527525626 ], [ 105.867804917689426, 21.065710123965033 ], [ 105.867664534631771, 21.065673006586518 ], [ 105.867531750879508, 21.065662743956942 ], [ 105.866595137875422, 21.065665797101122 ], [ 105.86647641296959, 21.065642193143503 ], [ 105.866289332310018, 21.065547189546951 ], [ 105.866210891228675, 21.065519425664302 ], [ 105.866123475704313, 21.0655001776516 ], [ 105.865990692164331, 21.065489913807671 ], [ 105.865377093842085, 21.065493041879996 ], [ 105.86531397828945, 21.065501833646046 ], [ 105.865262959383159, 21.065521857263725 ], [ 105.865224037117187, 21.065553112744073 ], [ 105.865184118841142, 21.065613701176837 ], [ 105.865137689398793, 21.065640724948029 ], [ 105.865100776871842, 21.065636007897435 ], [ 105.864946924229884, 21.065558796275734 ], [ 105.864875626888121, 21.065537664632231 ], [ 105.864830983365081, 21.065535314596598 ], [ 105.86477290226567, 21.065556361658206 ], [ 105.86470817602472, 21.065624523959837 ], [ 105.864640153653113, 21.065662457253989 ], [ 105.864581385447792, 21.065675285454844 ], [ 105.864477639453924, 21.065680048709154 ], [ 105.864386027408642, 21.065696078521057 ], [ 105.864334213912201, 21.065715364259031 ], [ 105.864197901387911, 21.065790982184321 ], [ 105.864067217242294, 21.065838128345671 ], [ 105.863943935090546, 21.065858449524033 ], [ 105.863806098453779, 21.065865256441555 ], [ 105.863749030917589, 21.065879663624308 ], [ 105.863704059943814, 21.065905302776592 ], [ 105.863644359386811, 21.065984661029695 ], [ 105.863605436651497, 21.066015916153134 ], [ 105.863554417323769, 21.066035939270158 ], [ 105.863422137203742, 21.066047905442101 ], [ 105.863365069556536, 21.06606231249917 ], [ 105.863320098459283, 21.066087951553378 ], [ 105.863260397624202, 21.066167309679312 ], [ 105.863197477108955, 21.066209980225917 ], [ 105.86310733929534, 21.066227378683681 ], [ 105.862794737232534, 21.066240400320837 ], [ 105.862735022826982, 21.066252349694292 ], [ 105.86268468362303, 21.066273004266602 ], [ 105.862626753311304, 21.066320308390939 ], [ 105.862507396564069, 21.066512764992812 ], [ 105.862474521717743, 21.066549635904742 ], [ 105.862402528406534, 21.06658388211082 ], [ 105.862240201621816, 21.066601646735137 ], [ 105.862168208228525, 21.066635892844356 ], [ 105.862135333270146, 21.066672763693898 ], [ 105.862080696690271, 21.066756824592638 ], [ 105.86202741425123, 21.06680844460907 ], [ 105.861920162497924, 21.066877348588022 ], [ 105.861780748807618, 21.066950087247143 ], [ 105.86170116384676, 21.067010982699419 ], [ 105.861625555112795, 21.067109268652086 ], [ 105.861521725647066, 21.067282445706418 ], [ 105.861471958533158, 21.067337330039361 ], [ 105.861368070438502, 21.067409357581521 ], [ 105.861164222247766, 21.067523361614068 ], [ 105.861043112013377, 21.067646794689786 ], [ 105.860971117832506, 21.06768104031395 ], [ 105.860846999927176, 21.067700585143072 ], [ 105.860767974272761, 21.067728301693204 ], [ 105.860727009484336, 21.067757661032029 ], [ 105.860678453170337, 21.067813669850761 ], [ 105.860613490220146, 21.067854444324986 ], [ 105.8605584625695, 21.067870745625171 ], [ 105.860434344442027, 21.06789029015944 ], [ 105.860362349996691, 21.067924535533294 ], [ 105.860311449692759, 21.067978367915789 ], [ 105.860193638078655, 21.068172261713261 ], [ 105.86014738587788, 21.068230410187521 ], [ 105.860069309624961, 21.06829270708468 ], [ 105.859864021845553, 21.068405374954569 ], [ 105.859784435318133, 21.06846626955144 ], [ 105.859722767376383, 21.068543802565436 ], [ 105.85961923754418, 21.068717259715452 ], [ 105.859572984953715, 21.068775408042978 ], [ 105.859494908175634, 21.068837704689997 ], [ 105.859289619204461, 21.068950371898673 ], [ 105.859228171071578, 21.068994410394204 ], [ 105.859162646763295, 21.069068362827011 ], [ 105.859057906676995, 21.069240696799366 ], [ 105.859025030380963, 21.069277567081436 ], [ 105.858953034934316, 21.069311811886088 ], [ 105.858820751419515, 21.069323774580514 ], [ 105.858739683521875, 21.069349595045725 ], [ 105.858700758869645, 21.069380849097776 ], [ 105.858646610957223, 21.069465365418342 ], [ 105.858577908621413, 21.069536367104092 ], [ 105.858470653287014, 21.069605269003674 ], [ 105.858331235317877, 21.069678004951861 ], [ 105.858251647481424, 21.069738898865751 ], [ 105.858176035111725, 21.069837183376045 ], [ 105.858056781940292, 21.070029741112869 ], [ 105.858003496941393, 21.070081359934395 ], [ 105.857943180507718, 21.070126449631527 ], [ 105.857912344728788, 21.070165214898573 ], [ 105.857883669530707, 21.070239685568009 ], [ 105.857864186303615, 21.07035639075238 ], [ 105.857828479640546, 21.070424332301251 ], [ 105.857792956167458, 21.070458744806341 ], [ 105.857750061105691, 21.070486312323318 ], [ 105.857544731171927, 21.070598942839538 ], [ 105.857469830127954, 21.070664189157863 ], [ 105.857399622071824, 21.070767492511703 ], [ 105.857290803673251, 21.071003439991966 ], [ 105.857101491370813, 21.071299440982703 ], [ 105.857028099855242, 21.071366089318584 ], [ 105.856801527830257, 21.071492695270571 ], [ 105.856740077914253, 21.071536732913295 ], [ 105.856674551273358, 21.071610684444092 ], [ 105.856569806593726, 21.071783016989389 ], [ 105.856536929131053, 21.071819886818798 ], [ 105.856464931872409, 21.071854130619485 ], [ 105.856332645842471, 21.071866091455266 ], [ 105.856251576108065, 21.071891910786476 ], [ 105.856212650272667, 21.071923164299196 ], [ 105.856158500058655, 21.072007679880699 ], [ 105.856089795381479, 21.072078680618826 ], [ 105.855982537061905, 21.072147581027544 ], [ 105.855821460082694, 21.072233905940358 ], [ 105.855763525273673, 21.072281207843417 ], [ 105.855698829560225, 21.072355931349346 ], [ 105.855656161671604, 21.072383710180663 ], [ 105.855602757892683, 21.072401519919751 ], [ 105.855435887564099, 21.072415066059797 ], [ 105.855349826950331, 21.07243625098091 ], [ 105.855053483618676, 21.072599168502016 ], [ 105.855013688257259, 21.072629614734044 ], [ 105.854962784430242, 21.072683445603968 ], [ 105.854843412851778, 21.072875897186641 ], [ 105.854789559454446, 21.072926989222559 ], [ 105.854708488857028, 21.072952807842338 ], [ 105.854362799620333, 21.072968804334948 ], [ 105.854276738517854, 21.072989988726693 ], [ 105.854231083404827, 21.073014993733238 ], [ 105.854194803452273, 21.073048704411878 ], [ 105.854075430591138, 21.073241155489907 ], [ 105.854042552188105, 21.073278024861864 ], [ 105.853970553628201, 21.073312267642184 ], [ 105.853808218256958, 21.073330024474039 ], [ 105.853736219614973, 21.073364267157434 ], [ 105.853703341099845, 21.07340113646692 ], [ 105.853648697364164, 21.073485194832276 ], [ 105.853595409605092, 21.073536812343306 ], [ 105.853488149055366, 21.073605711238997 ], [ 105.853348724850164, 21.073678443271177 ], [ 105.853269132828459, 21.073739334962578 ], [ 105.853193515177352, 21.073837617388516 ], [ 105.853089671378697, 21.074010789643427 ], [ 105.853039898931229, 21.074065671643716 ], [ 105.852936002027121, 21.074137694267762 ], [ 105.852752622126715, 21.074237009868934 ], [ 105.852694685554866, 21.074284310773045 ], [ 105.852619067254551, 21.074382592959051 ], [ 105.852515222422952, 21.074555764887045 ], [ 105.852465449584443, 21.074610646728747 ], [ 105.85236155202152, 21.07468266901888 ], [ 105.852178171061212, 21.074781984028817 ], [ 105.852120234095565, 21.074829284747203 ], [ 105.852044615145999, 21.074927566693269 ], [ 105.85196809192513, 21.075058709370108 ], [ 105.851914236752762, 21.075109800540968 ], [ 105.851833164436911, 21.075135617838018 ], [ 105.851554560149069, 21.075146508344663 ], [ 105.851427750635224, 21.075163554188737 ], [ 105.851355750542467, 21.075197795903623 ], [ 105.851287875834615, 21.075269569008924 ], [ 105.851246907087997, 21.075298926168244 ], [ 105.851167875520474, 21.075326638422407 ], [ 105.851043749749323, 21.075346176326534 ], [ 105.850971749476017, 21.07538041788376 ], [ 105.850920843248872, 21.075434247605628 ], [ 105.850803013707477, 21.075628135333137 ], [ 105.850738992383981, 21.075703486953323 ], [ 105.850635093209632, 21.075775508231494 ], [ 105.850451709718286, 21.075874821447915 ], [ 105.850376802904734, 21.075940064791617 ], [ 105.850304546522082, 21.076041470120071 ], [ 105.8502285501324, 21.07617310322906 ], [ 105.850164528288275, 21.076248454645508 ], [ 105.850060628455054, 21.076320475589679 ], [ 105.849877243903748, 21.076419788214693 ], [ 105.849802336565872, 21.076485031318473 ], [ 105.849730079535036, 21.076586436418065 ], [ 105.849639834628562, 21.076738539455693 ], [ 105.849590060006349, 21.076793420500703 ], [ 105.849510802939434, 21.076854624539564 ], [ 105.849479963595201, 21.076893388365995 ], [ 105.849451282981775, 21.076967857739408 ], [ 105.849431792462241, 21.077084562118301 ], [ 105.849396080410699, 21.07715250202515 ], [ 105.849339274183563, 21.077200853542607 ], [ 105.849133965847898, 21.077313509010736 ], [ 105.849072511240522, 21.077357544005793 ], [ 105.849006978253385, 21.077431492742036 ], [ 105.848902220735198, 21.07760382087783 ], [ 105.848869340100009, 21.077640689304811 ], [ 105.848797338208442, 21.077674929984774 ], [ 105.848665046202669, 21.077686885032282 ], [ 105.848583971885702, 21.077712700835914 ], [ 105.848545042911311, 21.077743952674933 ], [ 105.848503282067128, 21.077806275878231 ], [ 105.848440352360655, 21.077848941207641 ], [ 105.848383278615543, 21.077863343411025 ], [ 105.848281035339326, 21.07786950119964 ], [ 105.848199960851176, 21.077895316824865 ], [ 105.848161031747054, 21.077926568579453 ], [ 105.848119270691072, 21.077988891694076 ], [ 105.848056340794656, 21.078031556886501 ], [ 105.847999266938558, 21.078045958964044 ], [ 105.847897023513028, 21.078052116525928 ], [ 105.847815948853693, 21.078077931972743 ], [ 105.847777019619826, 21.078109183642905 ], [ 105.84770744238871, 21.07821307847119 ], [ 105.847634043254473, 21.078279722949009 ], [ 105.847520842325039, 21.078343107596204 ], [ 105.84731795024264, 21.078424306190097 ], [ 105.847023438217832, 21.078588930305894 ], [ 105.846961982449585, 21.078632964568911 ], [ 105.846879478247033, 21.078724855390551 ], [ 105.846838507673112, 21.078754211535248 ], [ 105.846759473407644, 21.078781921814898 ], [ 105.846664032637236, 21.078794396390709 ], [ 105.846608999311357, 21.078810693336546 ], [ 105.846563341096626, 21.078835696367275 ], [ 105.846495462429928, 21.078907467659313 ], [ 105.846430490699845, 21.078948236948222 ], [ 105.846375457289611, 21.078964533820809 ], [ 105.846280016362883, 21.078977008185401 ], [ 105.846200981867725, 21.079004718211703 ], [ 105.846143041347531, 21.079052016985784 ], [ 105.846010576819708, 21.079266020928145 ], [ 105.84594655152388, 21.079341370842947 ], [ 105.845841626982235, 21.079412441653961 ], [ 105.84569149709715, 21.079475234502461 ], [ 105.845604298349485, 21.079495362923947 ], [ 105.845471626875266, 21.079506964967315 ], [ 105.844857967748652, 21.079510020835617 ], [ 105.844794749089743, 21.079501865368378 ], [ 105.844743499159179, 21.079482356767212 ], [ 105.844704217964534, 21.079451495042651 ], [ 105.84464910668936, 21.079367526718521 ], [ 105.844579594870027, 21.079297218275624 ], [ 105.844471553693154, 21.079229396213876 ], [ 105.844354275389577, 21.079170336161667 ], [ 105.844310955275333, 21.079130106397805 ], [ 105.844306297082696, 21.07909769551371 ], [ 105.844311234547277, 21.079079812760561 ], [ 105.844387344220124, 21.078953898104146 ], [ 105.844459793591469, 21.078785265389239 ], [ 105.844565917739942, 21.078614203384543 ], [ 105.844650271606596, 21.078422924273536 ], [ 105.844756395291185, 21.078251862158517 ], [ 105.844840748723783, 21.078060582959854 ], [ 105.844946871944515, 21.077889520734519 ], [ 105.844990409094208, 21.077795144659092 ], [ 105.845014443969902, 21.077716359413053 ], [ 105.845027931991353, 21.077627779696201 ], [ 105.845041586967824, 21.07726974021233 ], [ 105.845053677696953, 21.077213564766694 ], [ 105.845075143349604, 21.077166095512844 ], [ 105.845124919798764, 21.077111215734167 ], [ 105.845393652916172, 21.076956357314174 ], [ 105.845463875012669, 21.076886763001351 ], [ 105.845530201109923, 21.076779848892169 ], [ 105.845627137650368, 21.076566554727616 ], [ 105.845710810505452, 21.076442048395357 ], [ 105.845786811077872, 21.076310417174291 ], [ 105.845833071391539, 21.076252272392889 ], [ 105.845932777412301, 21.076176357386167 ], [ 105.846138124130391, 21.07606374043278 ], [ 105.846213032925306, 21.075998498896102 ], [ 105.846285292130176, 21.075897095215851 ], [ 105.846375540042771, 21.07574499384879 ], [ 105.846425315546853, 21.075690113711715 ], [ 105.846504573333149, 21.075628911083591 ], [ 105.846535413221318, 21.075590147774836 ], [ 105.846564095068075, 21.075515678842045 ], [ 105.846583587681152, 21.075398974702377 ], [ 105.846619300645187, 21.075331035344391 ], [ 105.846676107099697, 21.075282684721078 ], [ 105.846881414671529, 21.075170032231224 ], [ 105.846942869080308, 21.075125998026905 ], [ 105.847008402152184, 21.075052050067466 ], [ 105.847126236290165, 21.074858164810045 ], [ 105.847190259141115, 21.074782814495794 ], [ 105.847272200011645, 21.074724103935782 ], [ 105.847455887168238, 21.074625075317982 ], [ 105.847517341182026, 21.074581040916168 ], [ 105.84758287373279, 21.074507092747904 ], [ 105.84770070670821, 21.074313207119069 ], [ 105.847746965669458, 21.074255061848525 ], [ 105.847825050291249, 21.074192770381462 ], [ 105.848007527207031, 21.074092618253886 ], [ 105.84804645537713, 21.074061366553241 ], [ 105.848082167368503, 21.073993426910143 ], [ 105.848093494960679, 21.073869141389192 ], [ 105.848120134805825, 21.073792776907567 ], [ 105.848153014821591, 21.073755908631604 ], [ 105.848242475466805, 21.07370418177468 ], [ 105.848317382165305, 21.073638939362347 ], [ 105.848389638829815, 21.073537534845158 ], [ 105.848465635619732, 21.073405902509688 ], [ 105.848529657182652, 21.073330551721352 ], [ 105.848633555767137, 21.073258531734691 ], [ 105.848837421739915, 21.073144542233198 ], [ 105.848891843574052, 21.07309397786797 ], [ 105.848939234210249, 21.073036883998135 ], [ 105.848980202828727, 21.073007527393735 ], [ 105.849059233631692, 21.072979816178531 ], [ 105.849183357765583, 21.072960279778105 ], [ 105.849233701204156, 21.072939629084939 ], [ 105.849274669736147, 21.072910272412003 ], [ 105.849348097263885, 21.07280995575783 ], [ 105.84942409284848, 21.072678323023194 ], [ 105.849488113617127, 21.072602971893886 ], [ 105.84957005238121, 21.072544260280669 ], [ 105.84975373529825, 21.072445229293248 ], [ 105.849815187732219, 21.072401194101573 ], [ 105.84988071819869, 21.072327245098233 ], [ 105.849998546524375, 21.072133357984139 ], [ 105.850062566772493, 21.072058006651122 ], [ 105.850144505010022, 21.071999294774656 ], [ 105.85032818686723, 21.071900263194948 ], [ 105.850389638906279, 21.071856227805853 ], [ 105.85045516885171, 21.071782278593798 ], [ 105.850572996015103, 21.071588391108492 ], [ 105.850619253027261, 21.071530245103151 ], [ 105.850697335022616, 21.071467952383802 ], [ 105.85087980664116, 21.071367797314629 ], [ 105.850918733498247, 21.071336544989748 ], [ 105.850954443558351, 21.071268604787122 ], [ 105.850965768636698, 21.071144319122993 ], [ 105.850992406565894, 21.071067954232571 ], [ 105.85102528527888, 21.071031085432864 ], [ 105.851114743278529, 21.070979357134746 ], [ 105.851189647356023, 21.070914113522999 ], [ 105.851261900780372, 21.07081270786172 ], [ 105.851324818594833, 21.070702632859255 ], [ 105.85135769714654, 21.070665763999113 ], [ 105.851429695096769, 21.070631522339482 ], [ 105.85159202792137, 21.070613767866732 ], [ 105.851664025789546, 21.070579526110176 ], [ 105.851696904229215, 21.07054265718757 ], [ 105.851751548074915, 21.070458599420981 ], [ 105.851804835436937, 21.070406982485956 ], [ 105.851912094565947, 21.070338084679925 ], [ 105.852051516463902, 21.070265353881624 ], [ 105.852131107209146, 21.070204462782563 ], [ 105.852192779844543, 21.070126932383531 ], [ 105.852283244472645, 21.069975038060335 ], [ 105.852316122627897, 21.069938169024915 ], [ 105.852388119999162, 21.069903926975272 ], [ 105.85255045188822, 21.069886171615245 ], [ 105.852622449177446, 21.06985192946868 ], [ 105.852655327220646, 21.069815060370804 ], [ 105.852709970265735, 21.069731002315958 ], [ 105.852763257035804, 21.069679385095782 ], [ 105.852870515191043, 21.069610486711131 ], [ 105.853009935927929, 21.069537755158475 ], [ 105.853089525889857, 21.069476863631365 ], [ 105.853165141516897, 21.069378581274602 ], [ 105.853268982217159, 21.069205408992641 ], [ 105.853318753029328, 21.069150526952068 ], [ 105.853400688379025, 21.069091813581661 ], [ 105.853561537428718, 21.069005281038578 ], [ 105.853600463105835, 21.068974028130153 ], [ 105.853636171403295, 21.068906087405356 ], [ 105.853647494143118, 21.068781801610058 ], [ 105.853674130312598, 21.068705436338732 ], [ 105.853707007847575, 21.06866856704967 ], [ 105.853772956234977, 21.068628708081903 ], [ 105.853817736438216, 21.068569191853978 ], [ 105.853832469786326, 21.068515473480826 ], [ 105.853837937689036, 21.068419450948937 ], [ 105.853864573702751, 21.068343085650021 ], [ 105.853897451113156, 21.068306216326842 ], [ 105.853986906467583, 21.068254486588074 ], [ 105.854044840351463, 21.068207185303201 ], [ 105.854106171032555, 21.068129338379865 ], [ 105.854155142135042, 21.06804001410535 ], [ 105.854199574454029, 21.067912775071157 ], [ 105.854213056345984, 21.067824194737927 ], [ 105.854218822089763, 21.067694749034306 ], [ 105.854245457791976, 21.067618383680216 ], [ 105.854278334953278, 21.067581514288801 ], [ 105.854367789744487, 21.06752978436425 ], [ 105.854442690678084, 21.067464539398124 ], [ 105.854501336999547, 21.067384200048668 ], [ 105.854592780786774, 21.067233217515064 ], [ 105.854631705792428, 21.067201964386829 ], [ 105.854712773325716, 21.067176145892304 ], [ 105.854957308741277, 21.067167327674778 ], [ 105.855089478731102, 21.067155263990337 ], [ 105.855168505241764, 21.067127550055851 ], [ 105.855226438313693, 21.067080248389214 ], [ 105.855292753205475, 21.066973330728175 ], [ 105.855377087153371, 21.066782046715918 ], [ 105.85554931632025, 21.066503885329002 ], [ 105.85559556984937, 21.066445738052796 ], [ 105.855692240338854, 21.066367009471502 ], [ 105.85572137520937, 21.066326665248937 ], [ 105.855739774636859, 21.066276351926636 ], [ 105.855752413722371, 21.066119590470596 ], [ 105.855774058177516, 21.066038590904782 ], [ 105.85593018776288, 21.065779179862947 ], [ 105.855976440926767, 21.065721032490799 ], [ 105.856013135599738, 21.065687708571357 ], [ 105.85612038938747, 21.065618808250267 ], [ 105.856236978528941, 21.065558576913681 ], [ 105.856290828858562, 21.065507484482278 ], [ 105.856317463144208, 21.065431118833118 ], [ 105.856330793430502, 21.065106502047495 ], [ 105.856342879081026, 21.065050325895751 ], [ 105.856364339498498, 21.065002855328238 ], [ 105.856414107801257, 21.064947972439903 ], [ 105.85664067047567, 21.064821367236284 ], [ 105.856720256458601, 21.064760474109828 ], [ 105.856795867373378, 21.064662190244906 ], [ 105.856899700721883, 21.064489015902563 ], [ 105.856949468658527, 21.064434132866602 ], [ 105.857028376012607, 21.064372609726977 ], [ 105.857057510146333, 21.064332265291384 ], [ 105.857081082510717, 21.064253056727622 ], [ 105.857085036280566, 21.064155630059584 ], [ 105.857101123340357, 21.064069470557385 ], [ 105.857121108741964, 21.06402063052505 ], [ 105.857200191868358, 21.063891872047787 ], [ 105.857272619939877, 21.063723234307815 ], [ 105.857470989425508, 21.06340195320767 ], [ 105.857520756799971, 21.063347070016867 ], [ 105.857600003500394, 21.06328586249786 ], [ 105.857630838013662, 21.063247097302291 ], [ 105.857659512134106, 21.063172626656552 ], [ 105.857671780457878, 21.063082921353892 ], [ 105.857688552828051, 21.063031097874038 ], [ 105.857731288961531, 21.062969685489382 ], [ 105.857805999416584, 21.062904265715961 ], [ 105.857829765411253, 21.062858936671656 ], [ 105.85784279608761, 21.062803638654401 ], [ 105.857850259394098, 21.062675772194623 ], [ 105.857882820828252, 21.062571212286876 ], [ 105.85804227005957, 21.06231488873749 ], [ 105.858092036871867, 21.062260005391874 ], [ 105.858171282769732, 21.062198797626234 ], [ 105.858202116917866, 21.062160032334774 ], [ 105.858230790562914, 21.062085561600032 ], [ 105.858243058478763, 21.061995856259539 ], [ 105.858259830541641, 21.061944032727656 ], [ 105.858302566141916, 21.061882620210138 ], [ 105.858361707399752, 21.061836442274586 ], [ 105.85839254142617, 21.061797676951166 ], [ 105.858421214912767, 21.061723206186755 ], [ 105.858433482692647, 21.061633500833661 ], [ 105.858450254653121, 21.061581677284444 ], [ 105.858492990075646, 21.061520264722631 ], [ 105.858552131133251, 21.061474086725745 ], [ 105.858582965037996, 21.061435321370364 ], [ 105.858611638366142, 21.061360850576296 ], [ 105.858623906010067, 21.061271145210586 ], [ 105.858640677868109, 21.061219321644025 ], [ 105.858666824370999, 21.06117620354145 ], [ 105.858742553970302, 21.061111730979714 ], [ 105.858785289143285, 21.061050318349707 ], [ 105.858802060923026, 21.06099849476864 ], [ 105.858814328431009, 21.060908789390329 ], [ 105.858843001551776, 21.06083431856004 ], [ 105.858892767589921, 21.060779434997254 ], [ 105.859117469743282, 21.060651106806382 ], [ 105.859162245500954, 21.060591589268121 ], [ 105.859179805678679, 21.06050679894739 ], [ 105.859190300287722, 21.060213253506443 ], [ 105.859202384532864, 21.060157077169521 ], [ 105.859223843387525, 21.060109606268721 ], [ 105.859273609050945, 21.060054722602771 ], [ 105.859542296693448, 21.059899843021842 ], [ 105.859596710131228, 21.059849275435322 ], [ 105.859627126597331, 21.059810122817769 ], [ 105.859690033823085, 21.05970004494306 ], [ 105.859727622841348, 21.059600155137197 ], [ 105.859747937215317, 21.059484223862231 ], [ 105.85975369812185, 21.059354778019983 ], [ 105.859780329645815, 21.059278411871119 ], [ 105.859813203648699, 21.059241541481693 ], [ 105.859923132879331, 21.059175129281417 ], [ 105.859993339955849, 21.059105529329674 ], [ 105.860059648055682, 21.058998609945579 ], [ 105.860143971718486, 21.058807323751175 ], [ 105.860316183231859, 21.058529157889559 ], [ 105.860362432513185, 21.058471009408954 ], [ 105.860459435541514, 21.058392594164296 ], [ 105.860490268334814, 21.058353828487487 ], [ 105.860518940170493, 21.058279357397556 ], [ 105.860531206485007, 21.058189651909849 ], [ 105.860547977371397, 21.058137828170889 ], [ 105.860590710983985, 21.058076415119928 ], [ 105.860649850046144, 21.058030236442978 ], [ 105.860680682717756, 21.057991470734233 ], [ 105.860709354395027, 21.057916999614651 ], [ 105.860721620573671, 21.057827294114357 ], [ 105.860738391357643, 21.05777547035807 ], [ 105.860781124792581, 21.057714057262853 ], [ 105.860855831327484, 21.057648636243549 ], [ 105.860879595608964, 21.057603306805088 ], [ 105.860892624767132, 21.057548008574411 ], [ 105.860900085375121, 21.057420142000886 ], [ 105.860932643654877, 21.057315581556875 ], [ 105.861011720113439, 21.057186821438364 ], [ 105.861096041610338, 21.056995534807875 ], [ 105.861202131836436, 21.056824463145769 ], [ 105.861286452900202, 21.05663317642809 ], [ 105.86139254266331, 21.056462104656163 ], [ 105.861476863293959, 21.056270817851278 ], [ 105.861558471124141, 21.056144409098543 ], [ 105.861604712940306, 21.056052555967579 ], [ 105.861631759822686, 21.055976576633217 ], [ 105.861648751921138, 21.055891260266424 ], [ 105.861665687495162, 21.055502604846328 ], [ 105.861687327408006, 21.055421604589309 ], [ 105.861713472067024, 21.055378486053591 ], [ 105.861748991161235, 21.05534407282186 ], [ 105.861973682738864, 21.05521574113569 ], [ 105.862018455789368, 21.055156222901761 ], [ 105.862036013819704, 21.055071432309681 ], [ 105.86203425793839, 21.054766515825889 ], [ 105.862044785104587, 21.054675196260899 ], [ 105.862071980932939, 21.054599355590785 ], [ 105.862139154659786, 21.054493242444657 ], [ 105.862191853841054, 21.054373687981514 ], [ 105.862212360874764, 21.054291636041697 ], [ 105.862223298351182, 21.054166999205187 ], [ 105.862216794684926, 21.053560004756978 ], [ 105.862189287286668, 21.053483913000854 ], [ 105.862155992356378, 21.053447377981012 ], [ 105.862071454524425, 21.053391339296148 ], [ 105.862034973224496, 21.053323763197518 ], [ 105.862025413976994, 21.053230640035448 ], [ 105.862036098122715, 21.052970973996839 ], [ 105.862048180813105, 21.052914797466958 ], [ 105.862069637802378, 21.052867326233379 ], [ 105.862100469084879, 21.052828560292877 ], [ 105.862159605650433, 21.052782381149477 ], [ 105.862202337142719, 21.052720967730171 ], [ 105.862219106905215, 21.052669143834251 ], [ 105.862231371867509, 21.052579438216124 ], [ 105.862260041831476, 21.052504966850158 ], [ 105.862290872992347, 21.052466200877745 ], [ 105.862365576311788, 21.052400779267376 ], [ 105.862397195317314, 21.052329046550671 ], [ 105.862404856120477, 21.052268763850041 ], [ 105.862399977374608, 21.051421773393265 ], [ 105.862417534831948, 21.051336982747468 ], [ 105.862462306601543, 21.051277464415747 ], [ 105.862572228878733, 21.0512110506812 ], [ 105.862642431089725, 21.051141449740982 ], [ 105.862719953737553, 21.051011250199387 ], [ 105.862764374194555, 21.050884009095647 ], [ 105.86278097472929, 21.050730933368815 ], [ 105.862774677457651, 21.049579342089842 ], [ 105.862790084695106, 21.049324063263672 ], [ 105.862806853917363, 21.049272239309385 ], [ 105.862832997242464, 21.049229120618648 ], [ 105.86290871913107, 21.049164646379516 ], [ 105.862951449334133, 21.049103232792145 ], [ 105.862968218478159, 21.049051408823381 ], [ 105.862980482777886, 21.048961703139138 ], [ 105.863009151741863, 21.048887231652142 ], [ 105.863039981995072, 21.048848465559843 ], [ 105.863098776609263, 21.048801970275758 ], [ 105.863138445513542, 21.048737713936909 ], [ 105.863153961547937, 21.048651028075508 ], [ 105.863152203976796, 21.048346111451547 ], [ 105.863169760712537, 21.048261320724816 ], [ 105.863214531303456, 21.048201802215601 ], [ 105.863324451023175, 21.048135388059983 ], [ 105.86337885901473, 21.048084819383924 ], [ 105.863409272194829, 21.048045666151925 ], [ 105.863460952522601, 21.047958866248841 ], [ 105.863545266105547, 21.047767578484315 ], [ 105.863651347345694, 21.047596505430896 ], [ 105.863692143455523, 21.047499598088447 ], [ 105.863712648865715, 21.047417545962766 ], [ 105.863722608458659, 21.047325700462469 ], [ 105.863720263024916, 21.046716955352892 ], [ 105.863737819281795, 21.046632164569093 ], [ 105.863764642143579, 21.046589677457671 ], [ 105.863848525223943, 21.046532783367383 ], [ 105.863881395517794, 21.046495912266948 ], [ 105.863908022879542, 21.046419545508101 ], [ 105.863920356449782, 21.046296206619271 ], [ 105.863943512571566, 21.046250314440869 ], [ 105.863980124105808, 21.046216917727936 ], [ 105.864106255785657, 21.04616556010177 ], [ 105.864198152004533, 21.046116107631647 ], [ 105.864238015266992, 21.046085730681753 ], [ 105.864267144042245, 21.04604538511304 ], [ 105.864285538333661, 21.045995070930783 ], [ 105.864293198148957, 21.045934788138034 ], [ 105.864291438506967, 21.045629871508563 ], [ 105.864300118665398, 21.045570536276717 ], [ 105.864335816848353, 21.045502593475973 ], [ 105.864437645934402, 21.045428667526764 ], [ 105.86446446839112, 21.04538618031323 ], [ 105.864479195924048, 21.045332461081305 ], [ 105.86448042807875, 21.045200708468471 ], [ 105.864468151839006, 21.045007967463881 ], [ 105.864455422837494, 21.044951916965584 ], [ 105.864433420956132, 21.044904666500173 ], [ 105.864383031493205, 21.044850290855415 ], [ 105.864178023017232, 21.044738258543752 ], [ 105.864138747386633, 21.044707401015312 ], [ 105.864102267440288, 21.044639825251561 ], [ 105.864089521092865, 21.044515661098398 ], [ 105.86407417455122, 21.04446209480081 ], [ 105.864028721320906, 21.044403034796112 ], [ 105.863944188063485, 21.0443469968322 ], [ 105.863907708297447, 21.044279421017787 ], [ 105.86389834409745, 21.044220177518742 ], [ 105.863894490315715, 21.043610663356532 ], [ 105.863881346739575, 21.043384681193587 ], [ 105.863868618117749, 21.043328630628409 ], [ 105.863846616677094, 21.043281380063476 ], [ 105.863815342422086, 21.043242929495168 ], [ 105.863756017379657, 21.04319703433244 ], [ 105.863715611426997, 21.043133184805331 ], [ 105.863701947428993, 21.043078021985632 ], [ 105.863700558655566, 21.04298062221892 ], [ 105.863725704441038, 21.042869181774854 ], [ 105.863826906618115, 21.042693580755031 ], [ 105.863871323932514, 21.042566339356458 ], [ 105.863886946415846, 21.042446054933563 ], [ 105.863887820795767, 21.042076186876702 ], [ 105.863912966315326, 21.041964746403274 ], [ 105.864083300596121, 21.041684857222702 ], [ 105.864133058562132, 21.041629972287971 ], [ 105.864211951179584, 21.041568446163414 ], [ 105.864241079131133, 21.041528100608094 ], [ 105.864259472936112, 21.041477786421105 ], [ 105.864267132602194, 21.041417503605508 ], [ 105.8642638097419, 21.040841549652956 ], [ 105.864268974590658, 21.040778949945167 ], [ 105.864290611266128, 21.040697949339904 ], [ 105.864380592600071, 21.040545627326491 ], [ 105.864421386489326, 21.040448719812197 ], [ 105.864446382002015, 21.040337140533101 ], [ 105.864462330424175, 21.040149763149046 ], [ 105.864485485500538, 21.040103870902573 ], [ 105.864522095460586, 21.040070474105111 ], [ 105.864718161425088, 21.039982974295562 ], [ 105.864779975742451, 21.039939286524866 ], [ 105.864809103237604, 21.039898940880793 ], [ 105.86482749667077, 21.03984862663631 ], [ 105.864835156049637, 21.039788343794481 ], [ 105.864833395867464, 21.039483426988443 ], [ 105.86484207554939, 21.039424091706262 ], [ 105.864877772126434, 21.039356148802284 ], [ 105.864979596872487, 21.039282222629225 ], [ 105.865015293354716, 21.039214279698569 ], [ 105.865023972952827, 21.039154944408267 ], [ 105.865022376797938, 21.039054263360878 ], [ 105.865004895441757, 21.038832397003066 ], [ 105.864987530610591, 21.03878074652188 ], [ 105.864960893301571, 21.038737896093568 ], [ 105.864885114046231, 21.038674191909045 ], [ 105.864847769856354, 21.038613185277271 ], [ 105.864837377670625, 21.038532347550934 ], [ 105.864851983612922, 21.038444817986441 ], [ 105.864887679969456, 21.038376875080878 ], [ 105.864963395633978, 21.038312400064918 ], [ 105.865006122052435, 21.038250986019474 ], [ 105.865022889409659, 21.038199161849121 ], [ 105.865035151838981, 21.038109455976642 ], [ 105.865063817901898, 21.038034984156145 ], [ 105.865094645484859, 21.037996217737724 ], [ 105.865153435305231, 21.037949721853334 ], [ 105.865193100617404, 21.037885465083573 ], [ 105.865208614577185, 21.037798779005168 ], [ 105.865208307516824, 21.037394118326819 ], [ 105.865217532385032, 21.037234195673616 ], [ 105.865229612834781, 21.037178018899798 ], [ 105.865265308737648, 21.037110075921291 ], [ 105.865341023614192, 21.037045600755391 ], [ 105.865371850929918, 21.037006834291766 ], [ 105.86540051663377, 21.036932362418035 ], [ 105.865412778762007, 21.036842656516523 ], [ 105.865429545838452, 21.036790832307894 ], [ 105.865472271651768, 21.036729418156042 ], [ 105.865531400969203, 21.036683238008258 ], [ 105.865562228163441, 21.036644471512759 ], [ 105.86559089370914, 21.036569999609455 ], [ 105.865603155701692, 21.036480293695405 ], [ 105.865619922675933, 21.036428469469502 ], [ 105.86566264831184, 21.036367055273487 ], [ 105.865737342345724, 21.03630163238671 ], [ 105.865761101988198, 21.036256302320957 ], [ 105.865776615485615, 21.036169616191515 ], [ 105.865774853719316, 21.035864699331871 ], [ 105.865792407773867, 21.035779908313089 ], [ 105.86583717375936, 21.035720389191614 ], [ 105.865926605712161, 21.035668653781045 ], [ 105.866001486011982, 21.03560340419854 ], [ 105.866071672450929, 21.035500097639751 ], [ 105.866124362356061, 21.035380542032463 ], [ 105.866152675086852, 21.03523834727946 ], [ 105.866155692044998, 21.034836775723981 ], [ 105.8661808348606, 21.034725334921696 ], [ 105.866336915508796, 21.034465915116822 ], [ 105.866383155322481, 21.034407765172038 ], [ 105.866482823405775, 21.034331839044846 ], [ 105.866664596657614, 21.034231071484857 ], [ 105.866709361849033, 21.034171552151022 ], [ 105.866726915210236, 21.034086761044257 ], [ 105.866726807617297, 21.033749684373078 ], [ 105.866751949854176, 21.033638243493289 ], [ 105.86692226986338, 21.033358351708213 ], [ 105.866972024111064, 21.033303466021056 ], [ 105.867050911260506, 21.033241938711463 ], [ 105.867080036897661, 21.03320159271313 ], [ 105.867103599649184, 21.033122382823905 ], [ 105.86710754685879, 21.033024955823198 ], [ 105.867123625470512, 21.032938795374353 ], [ 105.867143603799207, 21.032889954242293 ], [ 105.867222662730953, 21.03276119149805 ], [ 105.867271458405014, 21.032638020631016 ], [ 105.867291764063935, 21.03252208841878 ], [ 105.867297518315439, 21.032392642176074 ], [ 105.867312243728506, 21.032338922696979 ], [ 105.867339063154319, 21.032296435074578 ], [ 105.867422937017622, 21.032239539449744 ], [ 105.8674558034065, 21.032202667735842 ], [ 105.867476575756854, 21.032154564168533 ], [ 105.867487885383426, 21.032030277410858 ], [ 105.867502610697102, 21.031976557916614 ], [ 105.867529430006968, 21.031934070266516 ], [ 105.867613303596883, 21.031877174554925 ], [ 105.867658067735249, 21.031817654992462 ], [ 105.867672792969458, 21.031763935485003 ], [ 105.86768138933661, 21.031502339059948 ], [ 105.867698177596225, 21.031383140551185 ], [ 105.867733871082223, 21.031315197095232 ], [ 105.867809582023256, 21.031250720924785 ], [ 105.867852305347185, 21.031189306223816 ], [ 105.867869071014766, 21.031137481791724 ], [ 105.86788133132039, 21.03104777571944 ], [ 105.867909994736877, 21.030973303453759 ], [ 105.867940820182184, 21.030934536563286 ], [ 105.867999606396197, 21.030888039783115 ], [ 105.868028731338981, 21.030847693635963 ], [ 105.868052293262735, 21.030768483623838 ], [ 105.868056239852976, 21.030671056598038 ], [ 105.86807231771644, 21.030584896063612 ], [ 105.868092295447951, 21.030536054828339 ], [ 105.868171352385048, 21.030407291679129 ], [ 105.868220146578395, 21.030284120559806 ], [ 105.868240451251737, 21.03016818823912 ], [ 105.868246204672232, 21.030038741960507 ], [ 105.868260929543951, 21.029985022404386 ], [ 105.868305692882814, 21.029925502686893 ], [ 105.868389565068881, 21.029868606628352 ], [ 105.868425257902047, 21.02980066303871 ], [ 105.868433935744321, 21.029741327575152 ], [ 105.868433824699835, 21.029404250868069 ], [ 105.868458965055623, 21.029292809748959 ], [ 105.868548935672209, 21.029140485711608 ], [ 105.868633233012929, 21.028949195596862 ], [ 105.86873929583804, 21.028778119656881 ], [ 105.868823592746523, 21.028586829455239 ], [ 105.868905180072403, 21.028460417504409 ], [ 105.868951409424938, 21.028368562530598 ], [ 105.868990943302194, 21.028236792125668 ], [ 105.869004504717395, 21.028047203367453 ], [ 105.869019229147213, 21.027993483749491 ], [ 105.869063991613487, 21.027933963849726 ], [ 105.869147862412291, 21.027877067452724 ], [ 105.869183554456782, 21.027809123716622 ], [ 105.869192231913118, 21.027749788215083 ], [ 105.869190463972117, 21.027444871330403 ], [ 105.869200985492355, 21.027353551249746 ], [ 105.869228173235683, 21.027277709490921 ], [ 105.869295330290683, 21.027171593779233 ], [ 105.869338838344035, 21.027077211939663 ], [ 105.869368514846016, 21.026969984449671 ], [ 105.869378470092414, 21.026878138567088 ], [ 105.869376061621765, 21.026780426398428 ], [ 105.86936071527478, 21.02672686047028 ], [ 105.869315265671247, 21.026667801643168 ], [ 105.869236296193051, 21.026616925356137 ], [ 105.869221949754021, 21.026586752806903 ], [ 105.86922697322251, 21.026552104816794 ], [ 105.869369135568007, 21.026319081906781 ], [ 105.869415371783717, 21.026260931210473 ], [ 105.869515033005698, 21.026185003475451 ], [ 105.869696794426105, 21.026084232992396 ], [ 105.869741556076065, 21.026024712930283 ], [ 105.869759106936982, 21.025939921522991 ], [ 105.869754193328461, 21.025092930097092 ], [ 105.869771924976135, 21.024974609550924 ], [ 105.869804667382581, 21.024903927130694 ], [ 105.869951292333695, 21.024669434373987 ], [ 105.870001042678382, 21.024614547883886 ], [ 105.870079924096487, 21.024553019309042 ], [ 105.870119583931668, 21.024488761486385 ], [ 105.870132607250937, 21.024433462552388 ], [ 105.870136552482762, 21.024336035459442 ], [ 105.87015262860686, 21.024249874730152 ], [ 105.870172604888012, 21.024201033267484 ], [ 105.870262873614166, 21.024048989563671 ], [ 105.870292442845908, 21.023975360413672 ], [ 105.870312941897936, 21.023893307504629 ], [ 105.870323871389388, 21.023768670017091 ], [ 105.870323756629617, 21.023431593225169 ], [ 105.870348894742932, 21.023320151833097 ], [ 105.870519196928683, 21.023040256750772 ], [ 105.870568946541809, 21.022985370110227 ], [ 105.870648166964756, 21.022924157142093 ], [ 105.870678990109241, 21.022885389801235 ], [ 105.87070765071644, 21.022810917096034 ], [ 105.870719908830878, 21.022721210815149 ], [ 105.870736672664307, 21.022669386116803 ], [ 105.870762809319004, 21.022626266313363 ], [ 105.870838174584264, 21.02256147308384 ], [ 105.870867297214517, 21.022521126494382 ], [ 105.870890856487719, 21.022441916110097 ], [ 105.870891572095275, 21.022105611578965 ], [ 105.87090912192987, 21.022020820053054 ], [ 105.870935938583116, 21.02197833191212 ], [ 105.871019805392365, 21.021921434693315 ], [ 105.871052668706923, 21.021884562349499 ], [ 105.871073438586521, 21.021836458375077 ], [ 105.871084744780532, 21.021712171360104 ], [ 105.871099467925262, 21.021658451570133 ], [ 105.871144227751813, 21.021598931173678 ], [ 105.871228094271444, 21.021542033859809 ], [ 105.871263783961084, 21.021474089722506 ], [ 105.871272460322274, 21.021414754112623 ], [ 105.871266233469441, 21.021216265765649 ], [ 105.871258578843623, 21.02112133224205 ], [ 105.871236008491195, 21.021040557186698 ], [ 105.871209372787021, 21.020997707601538 ], [ 105.87117346604451, 21.02096365837291 ], [ 105.870968486194457, 21.020851632980481 ], [ 105.870914066236409, 21.020801090604817 ], [ 105.870892738968948, 21.020753202176646 ], [ 105.870883373858959, 21.020693958945269 ], [ 105.870886003686536, 21.02062900752389 ], [ 105.870900726812152, 21.020575287745597 ], [ 105.870945486413319, 21.020515767402483 ], [ 105.871034907632378, 21.02046402959045 ], [ 105.871109778285273, 21.020398777984521 ], [ 105.871181994858176, 21.020297364562577 ], [ 105.871272185662704, 21.020145251009893 ], [ 105.871321934072839, 21.020090364173743 ], [ 105.871416715249183, 21.020009907748431 ], [ 105.871448323630318, 21.019938173465636 ], [ 105.871460944220502, 21.0197814107004 ], [ 105.871482574388963, 21.01970040922269 ], [ 105.871572536498618, 21.019548083723517 ], [ 105.871656825012138, 21.019356792219209 ], [ 105.871843211682389, 21.01905814385794 ], [ 105.871892959531991, 21.01900325686772 ], [ 105.871971837278053, 21.018941727505347 ], [ 105.872000958931096, 21.01890138073999 ], [ 105.872024517106155, 21.018822170206118 ], [ 105.872028461103511, 21.018724743053848 ], [ 105.872044535659313, 21.018638582148501 ], [ 105.872064510640129, 21.018589740479367 ], [ 105.872143558198388, 21.01846097564324 ], [ 105.872192345582917, 21.018337803462494 ], [ 105.872212645912938, 21.018221870670111 ], [ 105.872218395847568, 21.018092424213012 ], [ 105.872233118278217, 21.018038704328912 ], [ 105.872277876619393, 21.017979183662543 ], [ 105.872361740716642, 21.017922285851466 ], [ 105.872397429086632, 21.017854341495745 ], [ 105.872406104844245, 21.01779500582607 ], [ 105.872416573802468, 21.017501459113319 ], [ 105.872428650235577, 21.017445281848474 ], [ 105.872450099248098, 21.017397809399476 ], [ 105.872499846341839, 21.017342922248183 ], [ 105.872726324163224, 21.017216297862586 ], [ 105.872805878781165, 21.017155397968402 ], [ 105.872881456060426, 21.017057107600515 ], [ 105.873000650267173, 21.016864540395943 ], [ 105.873053911702826, 21.016812917387448 ], [ 105.873114202539895, 21.016767822948822 ], [ 105.873145023826737, 21.016729055199811 ], [ 105.873173682137178, 21.016654582109698 ], [ 105.873185938411936, 21.016564875656059 ], [ 105.873202700779501, 21.016513050731419 ], [ 105.873245417879659, 21.016451634793892 ], [ 105.873320098892833, 21.016386208885741 ], [ 105.873343853281867, 21.016340877845405 ], [ 105.873356874813638, 21.016285578678421 ], [ 105.87336081794281, 21.016188151499151 ], [ 105.873376891514042, 21.016101990478777 ], [ 105.87339686574964, 21.016053148665787 ], [ 105.873475910888757, 21.015924383259321 ], [ 105.873524696421313, 21.015801210727279 ], [ 105.873544995449478, 21.015685277789768 ], [ 105.873550744221902, 21.015555831293117 ], [ 105.873565465957768, 21.015502111303277 ], [ 105.873610223039179, 21.015442590313768 ], [ 105.873699640327786, 21.015390851208231 ], [ 105.873774507329486, 21.015325598519993 ], [ 105.873846719748599, 21.015224184055352 ], [ 105.873936904947271, 21.015072069201295 ], [ 105.873986650741998, 21.015017181646403 ], [ 105.874065189192621, 21.014955970700683 ], [ 105.87409262770565, 21.01491722016846 ], [ 105.874111138731578, 21.014842799059572 ], [ 105.874108381601459, 21.014782321449729 ], [ 105.874095652036317, 21.014726271512515 ], [ 105.874059175515328, 21.01465869755204 ], [ 105.873967963925409, 21.014576865594137 ], [ 105.873939604679933, 21.014509249908716 ], [ 105.873935668813047, 21.014453154786878 ], [ 105.873943058234161, 21.014392625052476 ], [ 105.873959820124171, 21.014340800057813 ], [ 105.873985954475813, 21.014297679800521 ], [ 105.874042729360994, 21.014249320787791 ], [ 105.874247933194326, 21.014136638027534 ], [ 105.874309354831013, 21.014092594754437 ], [ 105.874389124444633, 21.013998199715036 ], [ 105.874494453188731, 21.013826454133099 ], [ 105.874533360424721, 21.013795196876949 ], [ 105.874584360640554, 21.013775171012409 ], [ 105.874716593538167, 21.013763197716365 ], [ 105.874773640220667, 21.013748787491043 ], [ 105.874818593881002, 21.013723145864894 ], [ 105.87487826863088, 21.013643784135155 ], [ 105.874917175737522, 21.01361252679504 ], [ 105.874998210759586, 21.013586699589144 ], [ 105.875130443445855, 21.013574725978152 ], [ 105.875202408640007, 21.013540475156592 ], [ 105.875235269139367, 21.013503602069036 ], [ 105.875289879928715, 21.013419537353183 ], [ 105.875343139371751, 21.013367913677754 ], [ 105.875450347281628, 21.01329900234639 ], [ 105.875589704995036, 21.013226253987568 ], [ 105.875669256345191, 21.013165352840964 ], [ 105.875744829790833, 21.013067061291611 ], [ 105.875848607370358, 21.012893876335426 ], [ 105.87589835175261, 21.012838988257496 ], [ 105.876002195705283, 21.01276695293561 ], [ 105.876205959042991, 21.012652933364418 ], [ 105.876328033887702, 21.012530438175062 ], [ 105.876404079091486, 21.012499976866671 ], [ 105.876570880186648, 21.012486412423495 ], [ 105.876656903269506, 21.012465217906712 ], [ 105.876908643810566, 21.01232836509061 ], [ 105.876947550145388, 21.012297107308225 ], [ 105.876983235162626, 21.012229162065818 ], [ 105.877000384508534, 21.012076610685785 ], [ 105.877036069452942, 21.012008665433246 ], [ 105.877074975679761, 21.011977407624403 ], [ 105.877163898253499, 21.011925210383907 ], [ 105.877218288739698, 21.011874637687434 ], [ 105.877290497203816, 21.011773221860398 ], [ 105.877366438882959, 21.011641577617198 ], [ 105.87743042030236, 21.011566216815741 ], [ 105.877512315139526, 21.011507492847731 ], [ 105.87767308884861, 21.011420939532709 ], [ 105.877711994789365, 21.011389681586092 ], [ 105.877747679254497, 21.011321736195953 ], [ 105.877758979453532, 21.011197448807238 ], [ 105.877785594099862, 21.011121080027412 ], [ 105.87781845343811, 21.011084206471494 ], [ 105.877907866648982, 21.011032465270144 ], [ 105.87798272964659, 21.010967210837645 ], [ 105.87805493716867, 21.010865794709026 ], [ 105.878130877735785, 21.010734150150508 ], [ 105.87817710589448, 21.010675997254538 ], [ 105.878276752432953, 21.010600064766578 ], [ 105.878458489121257, 21.010499285606429 ], [ 105.878491348158832, 21.010462411928518 ], [ 105.878512114180381, 21.010414307121174 ], [ 105.878523413705736, 21.010290019693286 ], [ 105.878538133201928, 21.010236299320994 ], [ 105.878582886770218, 21.010176777111376 ], [ 105.878666744107633, 21.010119876377669 ], [ 105.878702427853284, 21.010051930803122 ], [ 105.878711100775533, 21.009992594861533 ], [ 105.878707727910751, 21.009416641002758 ], [ 105.878716400804208, 21.009357305057883 ], [ 105.878752084359363, 21.009289359474092 ], [ 105.878790989530415, 21.009258101300393 ], [ 105.878879909897265, 21.009205903224309 ], [ 105.878934298833826, 21.009155330018366 ], [ 105.879006504873388, 21.009053913517953 ], [ 105.87908244373493, 21.008922268568735 ], [ 105.87914642316143, 21.008846907169378 ], [ 105.879250262788631, 21.0087748699838 ], [ 105.879454018201542, 21.008660846747553 ], [ 105.879576087182926, 21.008538349378679 ], [ 105.87962409901651, 21.008515548993579 ], [ 105.879682843504042, 21.008502716334441 ], [ 105.880073678759942, 21.008495048886907 ], [ 105.8801290225515, 21.008479057816171 ], [ 105.880170913117738, 21.008450572415686 ], [ 105.880199350456522, 21.008409592695365 ], [ 105.880229015954811, 21.008302363480009 ], [ 105.880238963740112, 21.00821051703943 ], [ 105.880250390247383, 21.007884178498333 ], [ 105.880262463093857, 21.007828000744983 ], [ 105.88028390833405, 21.007780527390768 ], [ 105.880333649421104, 21.007725638100368 ], [ 105.880560106018478, 21.007599003887933 ], [ 105.880639652365559, 21.007538100553749 ], [ 105.880715219779205, 21.007439806946973 ], [ 105.880791685115327, 21.007308652368529 ], [ 105.880845506615969, 21.007257552832357 ], [ 105.880926537115926, 21.00723172294072 ], [ 105.881272069989208, 21.007215677669119 ], [ 105.88133175931894, 21.007203722574896 ], [ 105.881382076212731, 21.007183063121381 ], [ 105.88143997822732, 21.007135753285404 ], [ 105.88157233131534, 21.006921723893797 ], [ 105.881636308640978, 21.006846361615022 ], [ 105.881740145665901, 21.00677432298437 ], [ 105.881943896411599, 21.006660296902979 ], [ 105.88206596172661, 21.006537797848786 ], [ 105.882113972525758, 21.006514996791847 ], [ 105.882172715989554, 21.006502163305367 ], [ 105.882819466524495, 21.006496304024189 ], [ 105.882916717409913, 21.00650617522232 ], [ 105.88299748623318, 21.006531695377056 ], [ 105.883270477917009, 21.0066813281957 ], [ 105.883328932507183, 21.0067280347766 ], [ 105.883394122759697, 21.00680177639061 ], [ 105.883435391211435, 21.006827538089627 ], [ 105.883485914186608, 21.006841958190819 ], [ 105.883545691675977, 21.006845036686325 ], [ 105.883610066909682, 21.006837432912192 ], [ 105.883689056251256, 21.00680970681605 ], [ 105.88374695736762, 21.006762396223881 ], [ 105.883788759248247, 21.006700134398784 ], [ 105.883897492548456, 21.006464171275763 ], [ 105.88409924747333, 21.006146125676409 ], [ 105.884172595685428, 21.006079466680852 ], [ 105.884399046409413, 21.005952827538056 ], [ 105.884478590280494, 21.005891922483755 ], [ 105.884554154325286, 21.005793627271796 ], [ 105.884657916826185, 21.005620437333111 ], [ 105.88472657827981, 21.005549426034101 ], [ 105.884833776200225, 21.00548050907738 ], [ 105.884973121945933, 21.005407753384475 ], [ 105.885052665293173, 21.005346848076499 ], [ 105.88512822869157, 21.00524855262649 ], [ 105.885231990164272, 21.005075362363701 ], [ 105.885281728526309, 21.005020471705585 ], [ 105.88534201091737, 21.004975373169046 ], [ 105.885409888760961, 21.004937328439187 ], [ 105.885612660451784, 21.004856087851618 ], [ 105.885793667621471, 21.004754634903183 ], [ 105.886020424960847, 21.004661975471333 ], [ 105.886356863635456, 21.004469011970478 ], [ 105.886427033386099, 21.004399401987296 ], [ 105.886559376948753, 21.00418536898685 ], [ 105.886623350583136, 21.004110004939466 ], [ 105.886705237692496, 21.004051276767662 ], [ 105.886888812303653, 21.00395220863965 ], [ 105.886950225997396, 21.003908161029905 ], [ 105.887015708949875, 21.00383419880276 ], [ 105.88713343784238, 21.003640287952944 ], [ 105.887197410958464, 21.003564923703525 ], [ 105.887301242970153, 21.003492881827565 ], [ 105.887504984867505, 21.003378849352764 ], [ 105.88755936875333, 21.00332827353381 ], [ 105.887606723213011, 21.003271169701673 ], [ 105.887647665351707, 21.003241804467429 ], [ 105.887726652006009, 21.003214076579408 ], [ 105.887822040549381, 21.003201580628343 ], [ 105.8878770414168, 21.00318527131607 ], [ 105.887941969199815, 21.003144487358789 ], [ 105.887990495020503, 21.003088471423052 ], [ 105.888031437031984, 21.003059106100316 ], [ 105.88811042351341, 21.003031378039548 ], [ 105.888205811900647, 21.0030188818784 ], [ 105.888260812655204, 21.003002572445634 ], [ 105.888325740250963, 21.002961788347605 ], [ 105.888374265867697, 21.002905772308477 ], [ 105.888415207751962, 21.002876406897247 ], [ 105.888494194060499, 21.002848678663728 ], [ 105.888589582291587, 21.002836182292508 ], [ 105.888644582933281, 21.002819872739245 ], [ 105.888709510341812, 21.002779088500478 ], [ 105.888758035754563, 21.002723072357949 ], [ 105.888798977511627, 21.002693706858235 ], [ 105.888877963647275, 21.002665978451983 ], [ 105.888973351722214, 21.002653481870684 ], [ 105.889028352251046, 21.002637172196934 ], [ 105.889073980208693, 21.002612158591823 ], [ 105.889141804681131, 21.002540371571506 ], [ 105.889206731829049, 21.002499587150872 ], [ 105.889261732273738, 21.002483277404327 ], [ 105.889357120192528, 21.002470780612956 ], [ 105.889436106098955, 21.002443051954831 ], [ 105.889494003695447, 21.002395739507744 ], [ 105.889613277243356, 21.002203265534952 ], [ 105.889667093866862, 21.002152163350353 ], [ 105.889718087985841, 21.002132133134594 ], [ 105.889850308980556, 21.002120148468176 ], [ 105.889907349624337, 21.002105733358093 ], [ 105.889952297129653, 21.002080087914404 ], [ 105.890011959278752, 21.002000721217609 ], [ 105.890050860172252, 21.001969460593596 ], [ 105.890101854174276, 21.001949430266475 ], [ 105.890234074965932, 21.001937445308517 ], [ 105.890291115498925, 21.001923030073304 ], [ 105.890336062881119, 21.001897384532015 ], [ 105.89039572475312, 21.001818017708853 ], [ 105.890434625517329, 21.00178675700101 ], [ 105.890485619402398, 21.001766726562533 ], [ 105.890617839990981, 21.001754741313039 ], [ 105.890674880413187, 21.001740325952706 ], [ 105.890719827672243, 21.001714680313825 ], [ 105.89077948926716, 21.0016353133643 ], [ 105.890842375144231, 21.001592633518104 ], [ 105.89089941548086, 21.001578218085225 ], [ 105.891177877778802, 21.001567267875245 ], [ 105.891304619643279, 21.001550194564302 ], [ 105.891376575213869, 21.001515937190039 ], [ 105.89146471714426, 21.001429325678398 ], [ 105.89154075346805, 21.001398857875134 ], [ 105.891604860461186, 21.001391004719807 ], [ 105.891929565446475, 21.001389303731774 ], [ 105.891992652194304, 21.001380503024738 ], [ 105.892064607516303, 21.001346245367468 ], [ 105.892142206717736, 21.00124984366175 ], [ 105.89221416194161, 21.001215585944202 ], [ 105.892277248595875, 21.001206785134713 ], [ 105.892636179673616, 21.001203174134805 ], [ 105.892754568569785, 21.00117834344724 ], [ 105.892915776177645, 21.00109219801973 ], [ 105.893118538333013, 21.001010948783737 ], [ 105.893299535573775, 21.000909488153965 ], [ 105.893525602014236, 21.000816187455509 ], [ 105.89381824723597, 21.000649944082294 ], [ 105.893876142721936, 21.000602630208871 ], [ 105.89394078926405, 21.000527893304874 ], [ 105.893983429743216, 21.000500105598764 ], [ 105.894067514791359, 21.000477111822878 ], [ 105.894234111564202, 21.000463355342479 ], [ 105.894314569757668, 21.000436993558885 ], [ 105.894585760487743, 21.000284519586771 ], [ 105.894643655584886, 21.000237205464011 ], [ 105.894708301583009, 21.000162468284692 ], [ 105.894750941811225, 21.000134680393963 ], [ 105.89483502652395, 21.0001116862495 ], [ 105.895001622791682, 21.000097929034407 ], [ 105.895082080642354, 21.000071566898757 ], [ 105.89535326989791, 20.999919091749032 ], [ 105.895411164606259, 20.999871777376953 ], [ 105.895475810060404, 20.999797039922342 ], [ 105.89551845003767, 20.999769251846988 ], [ 105.895571823033379, 20.999751430493319 ], [ 105.895738607514303, 20.99973784780833 ], [ 105.895824620263724, 20.999716643927393 ], [ 105.895985824455678, 20.999630495697179 ], [ 105.896188582858187, 20.999549242920782 ], [ 105.896369576168624, 20.999447779147008 ], [ 105.896572334102018, 20.999366525928124 ], [ 105.896888277193398, 20.999188226047703 ], [ 105.896946171124128, 20.999140911177047 ], [ 105.897010475413964, 20.999065857380014 ], [ 105.89707539883733, 20.999025070071902 ], [ 105.897280780153991, 20.998979944481885 ], [ 105.8973457034635, 20.998939157074243 ], [ 105.89741454248778, 20.998868314301856 ], [ 105.897462548373682, 20.998845509065927 ], [ 105.897521287335309, 20.998832670424658 ], [ 105.897657359438583, 20.998824259397921 ], [ 105.897743371359226, 20.998803054573763 ], [ 105.897904573416184, 20.998716904592218 ], [ 105.898107329473063, 20.998635649603472 ], [ 105.898288320326998, 20.998534183865097 ], [ 105.898491075914748, 20.998452928433931 ], [ 105.898807014703195, 20.998274625124633 ], [ 105.898864907661945, 20.99822730963087 ], [ 105.898929210590168, 20.998152255149698 ], [ 105.898970149047528, 20.99812288730401 ], [ 105.89904913074146, 20.998095154316928 ], [ 105.899173185271223, 20.998075583650245 ], [ 105.899245137277319, 20.998041323060274 ], [ 105.899296000383472, 20.997987479915729 ], [ 105.899413708787279, 20.997793561173683 ], [ 105.899477673177415, 20.99771819256809 ], [ 105.899581495060261, 20.997646143508511 ], [ 105.89978521927523, 20.997532096876373 ], [ 105.899839596825572, 20.997481517323937 ], [ 105.899886944720478, 20.997424410270391 ], [ 105.89992788278839, 20.997395042205827 ], [ 105.90000686390978, 20.997367308792231 ], [ 105.900130917688571, 20.997347737452159 ], [ 105.900202869117479, 20.997313476474968 ], [ 105.900239120673547, 20.997279756690666 ], [ 105.900268002508938, 20.997239193644845 ], [ 105.900373290000374, 20.9970674331868 ], [ 105.900412187403063, 20.997036170300444 ], [ 105.900463178246994, 20.997016136967726 ], [ 105.900595393554227, 20.997004144140497 ], [ 105.900676414810093, 20.996978305135183 ], [ 105.90071531212449, 20.996947042182356 ], [ 105.900769411212764, 20.996862513513257 ], [ 105.900838060942036, 20.996791496059569 ], [ 105.900945244961264, 20.996722569375173 ], [ 105.901106214819052, 20.996636204727221 ], [ 105.901164106410462, 20.996588888491516 ], [ 105.901247704658005, 20.996498061104894 ], [ 105.901319655413445, 20.996463799676224 ], [ 105.901472378228945, 20.996437158523811 ], [ 105.901544328900584, 20.996402897002856 ], [ 105.901580579932173, 20.996369176948154 ], [ 105.901609461230692, 20.996328613689894 ], [ 105.901714746557474, 20.996156852462601 ], [ 105.901753643440117, 20.996125589285054 ], [ 105.901804633784295, 20.996105555566075 ], [ 105.901936848142753, 20.9960935617286 ], [ 105.902017868656586, 20.996067722108236 ], [ 105.902056765450936, 20.996036458864229 ], [ 105.902110863459342, 20.995951929799084 ], [ 105.902179512133173, 20.995880911834952 ], [ 105.902286694868963, 20.995811984344485 ], [ 105.902447662948248, 20.995725618482233 ], [ 105.902505553758829, 20.995678301813353 ], [ 105.902581202625058, 20.995596938827202 ], [ 105.902594894692243, 20.995592807404762 ], [ 105.902621360411956, 20.995600536951557 ], [ 105.902672062031186, 20.995670076129883 ], [ 105.902702073142137, 20.995692327831819 ], [ 105.902736634911648, 20.995696344791202 ], [ 105.902775747327311, 20.995682127005715 ], [ 105.903002166020173, 20.995555464086479 ], [ 105.903063571413881, 20.995511410913586 ], [ 105.903143312992071, 20.995417003191459 ], [ 105.903248595928702, 20.995245241084071 ], [ 105.903287492249177, 20.995213977572885 ], [ 105.903368512035726, 20.995188137332715 ], [ 105.903500725414531, 20.995176142313209 ], [ 105.903572674995615, 20.995141879968639 ], [ 105.903605524457177, 20.995105001717601 ], [ 105.90366011270865, 20.9950209285259 ], [ 105.903713355760274, 20.994969296444157 ], [ 105.903773628434379, 20.994924191671405 ], [ 105.903804437317945, 20.994885418714279 ], [ 105.903833076471059, 20.994810940964438 ], [ 105.903852516226976, 20.994694231101182 ], [ 105.903873952177563, 20.994646755037042 ], [ 105.903904760980481, 20.994607982063528 ], [ 105.904010770386492, 20.994537965652466 ], [ 105.904150096256075, 20.99446519486704 ], [ 105.904229625839761, 20.994404281008148 ], [ 105.904305171117244, 20.994305977569404 ], [ 105.904408902938542, 20.994132776463797 ], [ 105.904477549690924, 20.994061757627591 ], [ 105.904584730047986, 20.993992828761115 ], [ 105.904724055125101, 20.993920057529845 ], [ 105.90480358418526, 20.993859143417911 ], [ 105.904879128816916, 20.993760839741867 ], [ 105.90498285961101, 20.993587638313308 ], [ 105.905032586880566, 20.993532742207361 ], [ 105.905136403146884, 20.993460689926525 ], [ 105.905319649380601, 20.99336132160213 ], [ 105.905377538365016, 20.993314004009598 ], [ 105.905453082350846, 20.993215700096279 ], [ 105.905556812117808, 20.993042498344803 ], [ 105.905606538998299, 20.992987602081936 ], [ 105.905710354608672, 20.992915549470265 ], [ 105.905893599786708, 20.992816180559828 ], [ 105.905951488379159, 20.992768862783372 ], [ 105.906027031719191, 20.992670558632799 ], [ 105.90613076045905, 20.992497356558452 ], [ 105.906180486950504, 20.992442460138669 ], [ 105.906285322143049, 20.992371354516617 ], [ 105.906535349665347, 20.992266616056469 ], [ 105.906829626345072, 20.992101895466071 ], [ 105.906891029188415, 20.992057840987172 ], [ 105.906973449837835, 20.991965923092245 ], [ 105.907014385005255, 20.991936553409314 ], [ 105.907093361852745, 20.991908816842255 ], [ 105.907188741196038, 20.991896310339897 ], [ 105.907243735612212, 20.991879994974187 ], [ 105.907308653068313, 20.991839203942831 ], [ 105.907357167955411, 20.991783182805371 ], [ 105.907398102995614, 20.991753813034112 ], [ 105.907477079670187, 20.991726076294558 ], [ 105.907601127620879, 20.991706499702911 ], [ 105.907673074565068, 20.991672235706183 ], [ 105.90772393248173, 20.991618390191825 ], [ 105.907841625106244, 20.991424466055498 ], [ 105.907887835783342, 20.991366305586531 ], [ 105.907965852499245, 20.991303988302541 ], [ 105.90814818794766, 20.991203775638315 ], [ 105.908187082189684, 20.991172511068292 ], [ 105.908213882891246, 20.991130017475445 ], [ 105.908231408567346, 20.991045222679404 ], [ 105.908227925841842, 20.990469272191465 ], [ 105.908236586215196, 20.990409935070396 ], [ 105.908257340043932, 20.990361826964115 ], [ 105.908290187320446, 20.990324947868672 ], [ 105.908379577302071, 20.990273191356792 ], [ 105.908454416521394, 20.990207924212356 ], [ 105.908526593514395, 20.990106496010593 ], [ 105.908602497042835, 20.989974838876869 ], [ 105.908666453509468, 20.98989946703902 ], [ 105.908770265501005, 20.989827412667083 ], [ 105.9089535048345, 20.989728040638965 ], [ 105.909011391269615, 20.98968072188374 ], [ 105.909086931080608, 20.989582416469947 ], [ 105.909190654228425, 20.989409212675785 ], [ 105.909240378588493, 20.989354315420744 ], [ 105.909344189924212, 20.989282260718152 ], [ 105.90952742820221, 20.989182888104285 ], [ 105.909585314245419, 20.989135569165231 ], [ 105.90966085341077, 20.989037263514344 ], [ 105.909779978590379, 20.988844672414789 ], [ 105.909833217356677, 20.988793038538677 ], [ 105.909893485700877, 20.988747931724419 ], [ 105.909924291757306, 20.98870915773584 ], [ 105.909952926781287, 20.98863467905668 ], [ 105.909972361150665, 20.988517968613404 ], [ 105.910008025722675, 20.988450017000012 ], [ 105.910043518093872, 20.988415594373873 ], [ 105.910086380131446, 20.988388014576966 ], [ 105.910268067797659, 20.988287202930074 ], [ 105.910300914131739, 20.988250323472474 ], [ 105.910327508422242, 20.988173950142514 ], [ 105.910340721444001, 20.987849330606593 ], [ 105.910352781638053, 20.987793151051893 ], [ 105.910374214604843, 20.987745674242138 ], [ 105.910423937992434, 20.987690776666817 ], [ 105.910627528218129, 20.987576613702881 ], [ 105.910666421012522, 20.987545348606535 ], [ 105.910702085051781, 20.987477396860029 ], [ 105.910713356886276, 20.987353107985268 ], [ 105.910739950824436, 20.987276734596435 ], [ 105.910772796828184, 20.987239855055797 ], [ 105.910901945616317, 20.987157638922046 ], [ 105.910981337819976, 20.987062912014231 ], [ 105.911030249836131, 20.986973572660677 ], [ 105.911091375015843, 20.986828196096763 ], [ 105.91118479251142, 20.986679114741097 ], [ 105.911230983682515, 20.9865872492229 ], [ 105.911270470514197, 20.986455470079541 ], [ 105.911283976739099, 20.986265879079891 ], [ 105.91129868239166, 20.986212156231673 ], [ 105.911325481365537, 20.986169662189155 ], [ 105.911409312596362, 20.986112746096701 ], [ 105.911442158187725, 20.986075866437314 ], [ 105.911462910432149, 20.986027757975577 ], [ 105.911474181575954, 20.985903469056591 ], [ 105.911500774896254, 20.98582709555965 ], [ 105.911533620404867, 20.985790215884506 ], [ 105.911623006564255, 20.985738457782293 ], [ 105.91168089063531, 20.985691138184684 ], [ 105.911742158520056, 20.985613271987962 ], [ 105.911791069638355, 20.985523932434702 ], [ 105.911820611379881, 20.985450296742322 ], [ 105.91184108311667, 20.985368239466631 ], [ 105.911854588578677, 20.985178648427787 ], [ 105.911869293934785, 20.985124925534894 ], [ 105.911896092562344, 20.985082431410241 ], [ 105.911979922975647, 20.985025515059856 ], [ 105.912012768195709, 20.984988635299608 ], [ 105.912033520118726, 20.984940526774469 ], [ 105.912044790744588, 20.984816237822322 ], [ 105.912059496001916, 20.984762514914532 ], [ 105.912104228738869, 20.984702984468317 ], [ 105.912188058863293, 20.984646068023618 ], [ 105.912223721567031, 20.984578115986007 ], [ 105.912232380110169, 20.98451877869131 ], [ 105.912242771408117, 20.984225231274312 ], [ 105.912264375013478, 20.984144225253061 ], [ 105.912307067060794, 20.984082800186656 ], [ 105.912366161213086, 20.984036604738112 ], [ 105.912396965696914, 20.983997830339771 ], [ 105.912425598676364, 20.983923351281895 ], [ 105.912437829502153, 20.983833642599606 ], [ 105.912454574965693, 20.983781814230674 ], [ 105.912480693056864, 20.983738688498846 ], [ 105.912556020717986, 20.98367387785002 ], [ 105.912585124723151, 20.983633524612991 ], [ 105.91260865647476, 20.983554309105223 ], [ 105.912621421144564, 20.983397719495127 ], [ 105.912648579601779, 20.983321871484453 ], [ 105.912807854341352, 20.983065500562944 ], [ 105.912857575331898, 20.983010602336584 ], [ 105.912952310699225, 20.982930124075029 ], [ 105.912983891829043, 20.982858382762934 ], [ 105.912991529788215, 20.982798098150298 ], [ 105.912988256779428, 20.982426382599257 ], [ 105.912970714679858, 20.982204522011653 ], [ 105.912953340877081, 20.982152876442306 ], [ 105.912926700880561, 20.982110033371875 ], [ 105.912850591627986, 20.982046034075569 ], [ 105.912820999626135, 20.982005995310477 ], [ 105.912796507361449, 20.981927037090561 ], [ 105.912790150251382, 20.981319727292899 ], [ 105.912778548751263, 20.981228523473611 ], [ 105.912750471090746, 20.981152971378531 ], [ 105.912669918362795, 20.981025043837501 ], [ 105.912595546004653, 20.980857170388806 ], [ 105.912475333463462, 20.980664693703456 ], [ 105.91242509796075, 20.980542041170086 ], [ 105.912403426342664, 20.980426328965898 ], [ 105.912391039951061, 20.980131421970512 ], [ 105.912372845202185, 20.980012406949101 ], [ 105.912336360856173, 20.979944841234197 ], [ 105.912244130910267, 20.979862082159578 ], [ 105.912211681137805, 20.979790683809789 ], [ 105.912203311644205, 20.979730484912757 ], [ 105.912201460863486, 20.979425569886374 ], [ 105.912182910347227, 20.97934096783284 ], [ 105.912137459462329, 20.979281920205857 ], [ 105.912047454857358, 20.979231122271088 ], [ 105.911971835299283, 20.979166659075513 ], [ 105.911898439487743, 20.979066008693358 ], [ 105.91182095142716, 20.978935171136371 ], [ 105.911756090691668, 20.978860487584381 ], [ 105.911651420161661, 20.978789547178536 ], [ 105.911467002353874, 20.978692139620957 ], [ 105.911408550676001, 20.978645442470459 ], [ 105.91133183036041, 20.978547950565325 ], [ 105.911226023223819, 20.978375866226429 ], [ 105.911156529983089, 20.978305583625502 ], [ 105.911046517744168, 20.978239717853384 ], [ 105.91079526331302, 20.978137653431801 ], [ 105.910500685379333, 20.97797452090358 ], [ 105.910425067110992, 20.977910056964649 ], [ 105.910351672956452, 20.977809405841114 ], [ 105.9102597094397, 20.977658245999454 ], [ 105.910209327483813, 20.977603883288896 ], [ 105.910129410704158, 20.977543502879865 ], [ 105.91009813931322, 20.977505060459496 ], [ 105.910068606203282, 20.977430892418738 ], [ 105.910047760968794, 20.977314396998416 ], [ 105.910011278352897, 20.977246830702271 ], [ 105.909975374008127, 20.977212789426055 ], [ 105.909932183901063, 20.977185669274789 ], [ 105.909705028044073, 20.977060713048886 ], [ 105.909650052333362, 20.977010714370483 ], [ 105.909591509571996, 20.976930029974923 ], [ 105.90954421131768, 20.976838663915647 ], [ 105.909509129261863, 20.976735693136281 ], [ 105.909494615112422, 20.976647258156504 ], [ 105.909487331399731, 20.9765178804202 ], [ 105.909471976750069, 20.976464318124471 ], [ 105.909444666388652, 20.976422113164549 ], [ 105.909360156401675, 20.976366096561101 ], [ 105.90932686822687, 20.976329570245788 ], [ 105.909305535793791, 20.976281686595708 ], [ 105.9092927602657, 20.976157525970514 ], [ 105.909277405726783, 20.976103963651131 ], [ 105.909250095488389, 20.976061758653877 ], [ 105.909165585778126, 20.976005741941531 ], [ 105.909132297732498, 20.975969215582047 ], [ 105.909110965416289, 20.975921331901464 ], [ 105.909098190091285, 20.975797171249518 ], [ 105.909070675066005, 20.975721086725951 ], [ 105.909037387108569, 20.975684560343574 ], [ 105.908947385688492, 20.975633760632817 ], [ 105.908871769277226, 20.975569295919644 ], [ 105.908798377343302, 20.975468644019951 ], [ 105.908720893907827, 20.975337804832076 ], [ 105.908656036290651, 20.975263119955745 ], [ 105.908551369720925, 20.975192177470756 ], [ 105.908411715815703, 20.975120397073155 ], [ 105.908357300936757, 20.975069866257233 ], [ 105.90832978642996, 20.97499378158906 ], [ 105.908318099472027, 20.974732291777471 ], [ 105.90829990876145, 20.97461327610495 ], [ 105.908263427621748, 20.97454570936079 ], [ 105.908171203264047, 20.97446294782652 ], [ 105.908146919481126, 20.974417868241201 ], [ 105.908133246568624, 20.974362708908462 ], [ 105.908124366504012, 20.973894109495053 ], [ 105.90811480659211, 20.973766895223982 ], [ 105.908102068534802, 20.973710847893038 ], [ 105.90806558771807, 20.973643281088236 ], [ 105.907989484883061, 20.973579279325193 ], [ 105.907959895901996, 20.97353923956825 ], [ 105.907940917746515, 20.973489120074944 ], [ 105.90792644461105, 20.973332499398822 ], [ 105.907903862953376, 20.973251729206037 ], [ 105.907812130274749, 20.973100353603073 ], [ 105.907725607388656, 20.972909955238748 ], [ 105.907535753214717, 20.97261327373322 ], [ 105.907485373977337, 20.972558910087777 ], [ 105.907405797206792, 20.972498208853899 ], [ 105.907376208601718, 20.972458168977166 ], [ 105.907357230789543, 20.972408049400503 ], [ 105.907348863764028, 20.972347850127541 ], [ 105.907345606005521, 20.971976133500306 ], [ 105.907333284614978, 20.971783395698246 ], [ 105.907320547045288, 20.971727348279263 ], [ 105.907298543555001, 20.971680103053107 ], [ 105.907267274148538, 20.971641660016171 ], [ 105.907191845087013, 20.971577019085078 ], [ 105.907159399626536, 20.971505619551614 ], [ 105.907151032744977, 20.971445420257933 ], [ 105.907140906366635, 20.970943934177086 ], [ 105.907130244103698, 20.970851841725715 ], [ 105.907100713879956, 20.970777673012297 ], [ 105.907050335437162, 20.970723309198537 ], [ 105.906845400667805, 20.970611324854787 ], [ 105.906806136673765, 20.970580476530415 ], [ 105.906769657245874, 20.970512909374769 ], [ 105.906756884491827, 20.970388748382288 ], [ 105.906729371739118, 20.970312663353724 ], [ 105.906696085583718, 20.97027613642668 ], [ 105.906606088217529, 20.970225335300583 ], [ 105.906530475583907, 20.97016086937229 ], [ 105.90645708796626, 20.970060216247774 ], [ 105.906365133342433, 20.969909053852799 ], [ 105.906314755460727, 20.969854689795824 ], [ 105.906219060410393, 20.969775227818868 ], [ 105.906186615828446, 20.969703828054314 ], [ 105.906172145041864, 20.969547207080712 ], [ 105.906138377027006, 20.969442991077866 ], [ 105.905976025126677, 20.969188335831337 ], [ 105.905925647633183, 20.9691339716409 ], [ 105.905845737134896, 20.969073588936677 ], [ 105.905814468658562, 20.969035145588293 ], [ 105.905784939468361, 20.968960976594662 ], [ 105.905771625561641, 20.9688714039006 ], [ 105.905754255933019, 20.968819757370909 ], [ 105.905710828037527, 20.968758791524508 ], [ 105.905651184931656, 20.968713229349042 ], [ 105.905619916582339, 20.968674785958822 ], [ 105.905590387564828, 20.968600616922313 ], [ 105.90556954728558, 20.968484120663955 ], [ 105.905533068950035, 20.968416553188465 ], [ 105.905497167772154, 20.968382510820025 ], [ 105.905453981029069, 20.968355389384055 ], [ 105.905271111385346, 20.968256519689376 ], [ 105.905237826048321, 20.968219992439362 ], [ 105.905216496154097, 20.968172108143051 ], [ 105.905203724956493, 20.968047946946605 ], [ 105.905188372806975, 20.967994384125245 ], [ 105.905161065256863, 20.967952178337544 ], [ 105.905076561670327, 20.967896159323132 ], [ 105.905043276462365, 20.967859632028983 ], [ 105.905021946684954, 20.967811747702207 ], [ 105.905009175690296, 20.967687586479048 ], [ 105.904993823651438, 20.96763402363408 ], [ 105.904966516224263, 20.967591817809073 ], [ 105.9048820129143, 20.967535798685862 ], [ 105.904848727835429, 20.967499271347574 ], [ 105.904827398174817, 20.967451386990344 ], [ 105.904814627383061, 20.967327225740483 ], [ 105.904799275454891, 20.967273662871886 ], [ 105.904771968150641, 20.967231457009586 ], [ 105.904687465117249, 20.967175437777588 ], [ 105.904654180167455, 20.96713891039516 ], [ 105.904626669127339, 20.967062824938175 ], [ 105.904613898546941, 20.966938663660461 ], [ 105.904577421035981, 20.966871095939105 ], [ 105.90453815849412, 20.96684024702639 ], [ 105.904448649750179, 20.966788983120811 ], [ 105.904393679615168, 20.966738982486685 ], [ 105.904320295154704, 20.96663832828941 ], [ 105.904242820400896, 20.966507486624135 ], [ 105.904177968928622, 20.966432799747498 ], [ 105.904073310678314, 20.966361854138896 ], [ 105.903888913021234, 20.966264437505149 ], [ 105.903813303564846, 20.966199970227002 ], [ 105.903739919760497, 20.966099315749894 ], [ 105.903647970394488, 20.965948151632194 ], [ 105.903597594848222, 20.96589378666318 ], [ 105.903517687015523, 20.965833402748199 ], [ 105.903486419824773, 20.965794958912163 ], [ 105.903456892468469, 20.965720789422502 ], [ 105.903436054322469, 20.965604292789866 ], [ 105.903414053007538, 20.965557046951741 ], [ 105.903382785902863, 20.965518603092416 ], [ 105.903275961849744, 20.965449715296337 ], [ 105.903135796775601, 20.965378426656262 ], [ 105.903073878235588, 20.965335027030463 ], [ 105.903007535410197, 20.965261757392174 ], [ 105.902887534718616, 20.965069095477116 ], [ 105.902840634423484, 20.965011429524711 ], [ 105.902740124856592, 20.964936543564161 ], [ 105.902512993510285, 20.964811576683235 ], [ 105.902458024743112, 20.964761575363788 ], [ 105.902412994219574, 20.964702133366128 ], [ 105.902363014834805, 20.964613319800264 ], [ 105.90232427960072, 20.964513825052176 ], [ 105.902302618524857, 20.964398110981424 ], [ 105.902295342016828, 20.96426873250763 ], [ 105.902279991333756, 20.964215169349259 ], [ 105.902252685310728, 20.96417296302257 ], [ 105.902168184930062, 20.964116942425271 ], [ 105.902134901279524, 20.964080414491168 ], [ 105.902113572998843, 20.964032529726413 ], [ 105.902100804845958, 20.963908368132216 ], [ 105.902085454273518, 20.963854804950248 ], [ 105.902058148373399, 20.963812598586276 ], [ 105.90197364826922, 20.963756577880247 ], [ 105.90194036474773, 20.963720049902026 ], [ 105.90191903658382, 20.963672165106829 ], [ 105.901906268633766, 20.963548003485954 ], [ 105.901890918171929, 20.963494440280385 ], [ 105.90186361239472, 20.963452233879153 ], [ 105.901779112567041, 20.963396213064378 ], [ 105.901733670733094, 20.963337162229301 ], [ 105.901715128419639, 20.963252558592032 ], [ 105.9017112667823, 20.962915501438633 ], [ 105.901701707556427, 20.962856437024872 ], [ 105.901673639200169, 20.962780882616375 ], [ 105.901525777116589, 20.962546544749014 ], [ 105.901478878154649, 20.96248887835765 ], [ 105.901400131214999, 20.962427393094828 ], [ 105.90119368060725, 20.962316855948654 ], [ 105.901131763895521, 20.962273455535993 ], [ 105.901065423397128, 20.962200185032607 ], [ 105.900945427741377, 20.962007521503356 ], [ 105.900898529171968, 20.961949854934574 ], [ 105.900798022633779, 20.961874967693163 ], [ 105.900615163901463, 20.961776092532183 ], [ 105.900581881157066, 20.961739564252511 ], [ 105.900554373250273, 20.961663477980188 ], [ 105.900537253252921, 20.961339017853902 ], [ 105.900524519240335, 20.961282969735212 ], [ 105.900502519512571, 20.961235723441611 ], [ 105.900452146713647, 20.961181357414937 ], [ 105.900224274749448, 20.961057097889064 ], [ 105.900162358836496, 20.961013697089093 ], [ 105.90008184423094, 20.960919819366215 ], [ 105.900021054343625, 20.960807204585915 ], [ 105.899993134906452, 20.960731509570152 ], [ 105.899975153607187, 20.960646374031125 ], [ 105.899959117468171, 20.960320885546576 ], [ 105.89994093555012, 20.960201868479903 ], [ 105.899904461855883, 20.960134299570548 ], [ 105.89982803322674, 20.960070613048334 ], [ 105.899796768209896, 20.960032168432321 ], [ 105.899767243895013, 20.959957998147178 ], [ 105.899746409570184, 20.959841500853361 ], [ 105.899709936055643, 20.959773931893249 ], [ 105.899652614778859, 20.959726166930466 ], [ 105.899469123952102, 20.959627894044637 ], [ 105.899429864361679, 20.959597043822981 ], [ 105.899393391050324, 20.959529474785942 ], [ 105.89938062566938, 20.959405312828192 ], [ 105.899353118837595, 20.959329226304067 ], [ 105.899319836955371, 20.959292697736998 ], [ 105.899229848646371, 20.959241892322957 ], [ 105.89915424475619, 20.959177422725695 ], [ 105.899080867606969, 20.959076765924074 ], [ 105.899016717347735, 20.958967344285103 ], [ 105.898983435628168, 20.958930815644983 ], [ 105.898938198715811, 20.958905643599802 ], [ 105.898881006605805, 20.958891828140292 ], [ 105.898811859287846, 20.958889369254823 ], [ 105.898748790778185, 20.958898171874804 ], [ 105.898676857024896, 20.958932431738273 ], [ 105.898617215748288, 20.959011801087247 ], [ 105.898554349522001, 20.959054483294501 ], [ 105.898497325998235, 20.959068900755227 ], [ 105.898218943342059, 20.959079860135155 ], [ 105.89809223809425, 20.95909693735922 ], [ 105.898020304086899, 20.959131196953727 ], [ 105.897952502748197, 20.959202987014724 ], [ 105.897887596337952, 20.959243774216844 ], [ 105.89783261257729, 20.959260086228614 ], [ 105.897737252838141, 20.959272586818894 ], [ 105.897658290986598, 20.959300318595488 ], [ 105.8976004121252, 20.959347633365585 ], [ 105.897481180817039, 20.959540112298658 ], [ 105.89742738162208, 20.959591216561211 ], [ 105.897376402829593, 20.959611248628597 ], [ 105.897244219936354, 20.959623237832009 ], [ 105.897187196055711, 20.959637654865894 ], [ 105.89714226226269, 20.959663301844831 ], [ 105.897082619880408, 20.95974267068992 ], [ 105.897043731088715, 20.959773932627918 ], [ 105.896992752179528, 20.959793964584236 ], [ 105.896860569083586, 20.959805953496822 ], [ 105.896779566875352, 20.959831790099472 ], [ 105.896740677995581, 20.959863051971126 ], [ 105.89665461379856, 20.95998526300642 ], [ 105.896576607902972, 20.96004757491826 ], [ 105.896484774601419, 20.960097043123099 ], [ 105.896282068731637, 20.960178294702629 ], [ 105.896101121571391, 20.960279757145642 ], [ 105.89587511682447, 20.960373059452394 ], [ 105.895607868409542, 20.960525689444658 ], [ 105.895584177391612, 20.960553871607182 ], [ 105.895579899037656, 20.960586328248443 ], [ 105.895595033360053, 20.960623059369411 ], [ 105.895729868094321, 20.96083569545959 ], [ 105.895776764375341, 20.96089336354181 ], [ 105.895877267858623, 20.960968253866064 ], [ 105.89608374984735, 20.961078762609667 ], [ 105.896123868144841, 20.961108797693708 ], [ 105.896175358760843, 20.961162101801339 ], [ 105.896324668782924, 20.961395060209956 ], [ 105.896375040214579, 20.961449427506174 ], [ 105.896454942915113, 20.96150981498802 ], [ 105.896486207425497, 20.961548260230092 ], [ 105.896515730489909, 20.96162243111694 ], [ 105.89653656263178, 20.961738928862971 ], [ 105.896558561214761, 20.961786175707964 ], [ 105.896589825811176, 20.96182462092677 ], [ 105.89667421215492, 20.961880749624921 ], [ 105.896858599966947, 20.961978174476346 ], [ 105.896898718658946, 20.962008209360686 ], [ 105.896950209860933, 20.962061513207736 ], [ 105.897017722081387, 20.962167742052042 ], [ 105.897117054972654, 20.962380031269323 ], [ 105.89730967766225, 20.962674064031198 ], [ 105.897383790138207, 20.962739952070397 ], [ 105.897588707359702, 20.962851948536734 ], [ 105.897643114170123, 20.962902483153922 ], [ 105.897664440875303, 20.962950368541549 ], [ 105.897677205265438, 20.96307453061716 ], [ 105.897692554193071, 20.963128094260583 ], [ 105.897719858764532, 20.963170301376003 ], [ 105.897804357032214, 20.963226324263733 ], [ 105.897837639468023, 20.963262853091909 ], [ 105.897858966289945, 20.963310738449117 ], [ 105.897871730882827, 20.963434900498086 ], [ 105.89789923781089, 20.963510987225032 ], [ 105.89793252033482, 20.963547516030367 ], [ 105.898062630227884, 20.963628356607526 ], [ 105.898143145131357, 20.96372223524784 ], [ 105.898193121757004, 20.963811050161016 ], [ 105.898268141479136, 20.963978292404722 ], [ 105.89837616399916, 20.964148257564222 ], [ 105.898475500198046, 20.964360545824839 ], [ 105.898652495308795, 20.964635354405331 ], [ 105.898702868686996, 20.964689720923776 ], [ 105.898782774052336, 20.964750107195989 ], [ 105.898814039847807, 20.96478855195091 ], [ 105.898843564745206, 20.964862722342399 ], [ 105.898864399230135, 20.964979219678987 ], [ 105.89888639904774, 20.96502646616235 ], [ 105.898936772644475, 20.965080832601416 ], [ 105.899207086376293, 20.965232927450383 ], [ 105.899262054284236, 20.965282929848396 ], [ 105.899320586854913, 20.965363618267244 ], [ 105.899419925237552, 20.965575905870438 ], [ 105.899527950251013, 20.965745870180079 ], [ 105.899614458430676, 20.965936273390483 ], [ 105.899722483934553, 20.966106237552435 ], [ 105.899808992582493, 20.966296640639758 ], [ 105.899917018576787, 20.96646660465402 ], [ 105.900028517059667, 20.966701414751771 ], [ 105.900205517873033, 20.966976221442938 ], [ 105.900255892612776, 20.967030587439023 ], [ 105.900335799854375, 20.967090972899292 ], [ 105.900367066546451, 20.967129417326966 ], [ 105.900396592705789, 20.967203587385018 ], [ 105.900409903239108, 20.967293160637748 ], [ 105.900427270856426, 20.96734480779422 ], [ 105.900470696232915, 20.967405775089446 ], [ 105.900530337308538, 20.967451339160526 ], [ 105.900561604127603, 20.967489783546391 ], [ 105.900591130459588, 20.967563953561626 ], [ 105.900604441148857, 20.96765352679008 ], [ 105.900621808878896, 20.967705173920642 ], [ 105.900648442724858, 20.967748019206908 ], [ 105.900724875721494, 20.967811705150933 ], [ 105.900768301358156, 20.967872672357792 ], [ 105.90078566917218, 20.967924319467397 ], [ 105.900798980017441, 20.968013892671575 ], [ 105.900828506578364, 20.968088062633218 ], [ 105.900878881924768, 20.968142428416538 ], [ 105.901106765370699, 20.968266686557207 ], [ 105.901168684614305, 20.968310086859745 ], [ 105.901235027979041, 20.968383357171692 ], [ 105.901355029420529, 20.968576020157219 ], [ 105.901401930330707, 20.968633686474988 ], [ 105.90150244181055, 20.968708573127238 ], [ 105.901685309704391, 20.968807446930597 ], [ 105.90171859434281, 20.968843974898562 ], [ 105.901739923245131, 20.968891859665906 ], [ 105.901752691693318, 20.969016021210976 ], [ 105.901768042750874, 20.969069584376115 ], [ 105.901813486422768, 20.969128635099583 ], [ 105.901897989571651, 20.969184655742957 ], [ 105.901934466506134, 20.969252224043032 ], [ 105.901943839770908, 20.969311465597531 ], [ 105.901947294585781, 20.969887418517509 ], [ 105.901965838000336, 20.969972022030159 ], [ 105.902011282035076, 20.970031072682023 ], [ 105.902121917920567, 20.970096342930646 ], [ 105.902176888603634, 20.970146344260968 ], [ 105.90220774440094, 20.970185179674562 ], [ 105.902260415346873, 20.97027143825072 ], [ 105.902346929768939, 20.97046183975484 ], [ 105.902454961752099, 20.970631801866205 ], [ 105.902505185593554, 20.97075445789681 ], [ 105.902523169757956, 20.97083959297365 ], [ 105.902530729496036, 20.970934630234584 ], [ 105.902540695132856, 20.972594729135444 ], [ 105.902550068897682, 20.972653970617461 ], [ 105.902571398650963, 20.972701855230422 ], [ 105.90260468439871, 20.972738382969798 ], [ 105.902689189910674, 20.972794403113184 ], [ 105.90272566813637, 20.972861971171028 ], [ 105.902735041994646, 20.972921212637786 ], [ 105.902739040149868, 20.97353072538338 ], [ 105.902752231777498, 20.973756704516315 ], [ 105.902764967861046, 20.973812752319262 ], [ 105.902786970290322, 20.973859998159607 ], [ 105.90281823906966, 20.973898442033722 ], [ 105.902893667536162, 20.97396308490951 ], [ 105.902917949695279, 20.974008165305829 ], [ 105.902931620673499, 20.974063325130082 ], [ 105.902940104189327, 20.97497523388353 ], [ 105.902958506183879, 20.975230337079928 ], [ 105.902988035358604, 20.975304506515457 ], [ 105.903019304503573, 20.975342950333474 ], [ 105.903094733803329, 20.975407593080021 ], [ 105.903127178283569, 20.975478993394766 ], [ 105.903135543852784, 20.975539192908322 ], [ 105.90313737586952, 20.975844108841954 ], [ 105.90314675012344, 20.975903350252988 ], [ 105.903183229362767, 20.97597091815372 ], [ 105.903285874806301, 20.976043782079408 ], [ 105.90332235414364, 20.976111349945761 ], [ 105.903331728491054, 20.976170591341528 ], [ 105.903342771483253, 20.976432685428321 ], [ 105.903358401420164, 20.976520057763437 ], [ 105.903394880913865, 20.976587625605156 ], [ 105.903487104099995, 20.976670389752702 ], [ 105.903519549060846, 20.976741789965626 ], [ 105.903527914877529, 20.976801989442869 ], [ 105.903529747810879, 20.977106905298264 ], [ 105.903539122317824, 20.977166146670573 ], [ 105.903575602059959, 20.977233714459906 ], [ 105.90367824857168, 20.977306578100354 ], [ 105.903705557522784, 20.977348784033385 ], [ 105.903720910242072, 20.977402346914818 ], [ 105.903731365553867, 20.978584971981689 ], [ 105.903744559426514, 20.978810950835321 ], [ 105.903757296382906, 20.978866998502326 ], [ 105.903779299924125, 20.978914244148715 ], [ 105.903810570054574, 20.97895268777086 ], [ 105.903886001555932, 20.979017330061986 ], [ 105.903918447255748, 20.979088730154285 ], [ 105.903926813400744, 20.979148929585037 ], [ 105.903930277588344, 20.97972488152498 ], [ 105.903949400479831, 20.97984300972923 ], [ 105.903969946602516, 20.97989163989185 ], [ 105.90405049144583, 20.980019571855749 ], [ 105.904137014217383, 20.980209971950217 ], [ 105.904312395081334, 20.980486334869923 ], [ 105.904359300997172, 20.980544000118179 ], [ 105.904472954191093, 20.980640484049214 ], [ 105.90450540054745, 20.980711883993454 ], [ 105.904513767043525, 20.980772083372255 ], [ 105.90451723377393, 20.981348035108969 ], [ 105.904512086815174, 20.981410635800632 ], [ 105.904490479321495, 20.981491641002233 ], [ 105.904414478479083, 20.98161941617526 ], [ 105.90438589654228, 20.981684470844286 ], [ 105.904368933397819, 20.981750910393615 ], [ 105.904373417647946, 20.981790590177276 ], [ 105.904406305422512, 20.981841765161654 ], [ 105.904480567161428, 20.981905319217734 ], [ 105.904513013819212, 20.981976719140015 ], [ 105.904521380409619, 20.982036918506946 ], [ 105.904523215859399, 20.982341834091311 ], [ 105.904541762537519, 20.982426437093253 ], [ 105.904587211523392, 20.98248548679954 ], [ 105.904671723364586, 20.982541505670611 ], [ 105.904708205010522, 20.982609073109483 ], [ 105.904717580411941, 20.982668314349862 ], [ 105.904721451116814, 20.983005370401251 ], [ 105.904747898373344, 20.983116542440289 ], [ 105.904921453141114, 20.983394643474369 ], [ 105.90497183527664, 20.983449007711403 ], [ 105.905066518533175, 20.983527522639353 ], [ 105.905088422601153, 20.983570392157297 ], [ 105.905098354762814, 20.983622078139128 ], [ 105.905091455582919, 20.983711758104256 ], [ 105.905074707556054, 20.983763585841999 ], [ 105.905032012562032, 20.98382500920231 ], [ 105.904972916129893, 20.983871202186513 ], [ 105.904942109699036, 20.983909975311594 ], [ 105.904913472959805, 20.983984453246638 ], [ 105.904894035077163, 20.984101163295609 ], [ 105.904872600822287, 20.984148639479862 ], [ 105.904822876458056, 20.984203535488103 ], [ 105.904619286000269, 20.984317691551826 ], [ 105.904580392698207, 20.984348955294294 ], [ 105.904553592075999, 20.984391448342073 ], [ 105.90453606492953, 20.984476242872233 ], [ 105.904550005070064, 20.984769661075394 ], [ 105.904562742921044, 20.984825708614256 ], [ 105.904584747661033, 20.984872954083134 ], [ 105.904635130196596, 20.984927318396878 ], [ 105.904863042564656, 20.985051570236205 ], [ 105.90494329570474, 20.985111635503248 ], [ 105.905019006819472, 20.985210088351128 ], [ 105.905085919632043, 20.985350971635818 ], [ 105.905107382414315, 20.985432805393675 ], [ 105.905119782447287, 20.985557320735214 ], [ 105.905121619448536, 20.985862236143134 ], [ 105.905103919195682, 20.985980559750473 ], [ 105.905071201440563, 20.986051248385454 ], [ 105.904938899782948, 20.986265294701735 ], [ 105.904892689418944, 20.986323454389282 ], [ 105.904793072590593, 20.98639940161171 ], [ 105.904587892911124, 20.986512084709403 ], [ 105.904548130227326, 20.986542541676322 ], [ 105.904497272776794, 20.986596386252785 ], [ 105.904431027001252, 20.98670332160366 ], [ 105.904346797570426, 20.986894627918446 ], [ 105.904240803913552, 20.98706572438277 ], [ 105.904200049260368, 20.987162640615622 ], [ 105.904175090819933, 20.987274225058478 ], [ 105.904168673256734, 20.987369336209241 ], [ 105.904170508501224, 20.987674251632686 ], [ 105.904160010157383, 20.987765573438537 ], [ 105.904132846647443, 20.987841420241953 ], [ 105.904065731262477, 20.98794754868155 ], [ 105.904013087201619, 20.988067115028972 ], [ 105.903988128498497, 20.988178699443228 ], [ 105.903973252707175, 20.988367027048689 ], [ 105.903937585370926, 20.988434977497455 ], [ 105.903853749897308, 20.988491890046802 ], [ 105.903809012734698, 20.988551418459913 ], [ 105.903794304182142, 20.98860514075265 ], [ 105.903788869211397, 20.988701164548559 ], [ 105.903762271471592, 20.988777536977043 ], [ 105.903729423370024, 20.988814415233787 ], [ 105.903663523302527, 20.988854292238681 ], [ 105.903618785960418, 20.988913820605966 ], [ 105.90360407730897, 20.988967542883767 ], [ 105.903598642212785, 20.989063566674456 ], [ 105.903572044318409, 20.989139939075855 ], [ 105.903539196093035, 20.989176817298929 ], [ 105.903449804975651, 20.989228571313326 ], [ 105.903374963961326, 20.989293836326933 ], [ 105.903302783767131, 20.989395262466861 ], [ 105.903212643334626, 20.98954739172062 ], [ 105.903143997938955, 20.989618410030882 ], [ 105.903034779523992, 20.989685443253023 ], [ 105.902784753572149, 20.989790176537031 ], [ 105.902471671798921, 20.98997111872028 ], [ 105.902401516228096, 20.990040734924062 ], [ 105.902269207400124, 20.99025477933262 ], [ 105.902205247480026, 20.990330148886645 ], [ 105.902101431836385, 20.990402199378991 ], [ 105.901918186861323, 20.990501564220295 ], [ 105.9018602977863, 20.99054888065233 ], [ 105.901812952725308, 20.990605988194709 ], [ 105.901773203107837, 20.990670148831697 ], [ 105.901700177725658, 20.990838172376137 ], [ 105.901651258885323, 20.990927509257197 ], [ 105.901490785325919, 20.991182782601378 ], [ 105.901422138371714, 20.99125380026058 ], [ 105.901314958384589, 20.991322727139877 ], [ 105.901153994225936, 20.991409091828178 ], [ 105.901096104561375, 20.991456408016795 ], [ 105.90103180167003, 20.991530828084674 ], [ 105.900966848249283, 20.991565900455207 ], [ 105.900880772378756, 20.991575674107164 ], [ 105.900787565524794, 20.991561980502009 ], [ 105.900715210581936, 20.991528482629242 ], [ 105.900635116348624, 20.991451226495325 ], [ 105.900608005604425, 20.991448581362015 ], [ 105.900582375322273, 20.99146724511591 ], [ 105.900530931083495, 20.991549253883949 ], [ 105.900462283499095, 20.991620271175616 ], [ 105.900355102791991, 20.991689197473171 ], [ 105.900215777476433, 20.991761965149909 ], [ 105.900154372693322, 20.991806017289623 ], [ 105.900074631003065, 20.99190042364998 ], [ 105.899956965120808, 20.99209437745867 ], [ 105.899907236389623, 20.99214927214128 ], [ 105.899828384258626, 20.992210813734047 ], [ 105.89978874539969, 20.992275077966099 ], [ 105.899773255202717, 20.992361766780878 ], [ 105.899775082001824, 20.992666682395903 ], [ 105.899766418173854, 20.992726019196958 ], [ 105.899745661286843, 20.992774126365529 ], [ 105.899712811333231, 20.992811003897629 ], [ 105.899623416702909, 20.992862756007359 ], [ 105.899548572210293, 20.992928019437255 ], [ 105.899489978191284, 20.993008373143685 ], [ 105.89939862288881, 20.993159377939083 ], [ 105.899335743007796, 20.993202060773513 ], [ 105.89927870674606, 20.993216478903751 ], [ 105.899146494614783, 20.993228470597167 ], [ 105.899074544846044, 20.993262731082197 ], [ 105.899041694620308, 20.993299608492531 ], [ 105.898987104308503, 20.993383680291043 ], [ 105.898933860111015, 20.993435310942655 ], [ 105.898826677401544, 20.993504236335639 ], [ 105.898687349646082, 20.993577002833852 ], [ 105.898607818132348, 20.993637914175096 ], [ 105.898546200073966, 20.993715460150131 ], [ 105.898455826260886, 20.993867377170023 ], [ 105.898422975752112, 20.993904254468635 ], [ 105.898351025488282, 20.993938514662862 ], [ 105.898218812620087, 20.993950505660475 ], [ 105.898137792506034, 20.9939763434616 ], [ 105.898098895375185, 20.994007605827896 ], [ 105.898044795711684, 20.994092133693478 ], [ 105.897976145797159, 20.99416315004617 ], [ 105.897868962117542, 20.994232074864989 ], [ 105.897729633204975, 20.994304840614372 ], [ 105.897668226646488, 20.994348891908256 ], [ 105.897602753056887, 20.99442285797857 ], [ 105.897485044727674, 20.994616775533316 ], [ 105.897438828956794, 20.994674933338899 ], [ 105.897360805980185, 20.994737245996298 ], [ 105.89715564656241, 20.99484995531774 ], [ 105.897076113744916, 20.994910865981147 ], [ 105.897014494377274, 20.994988411437667 ], [ 105.896911056017188, 20.995161889467234 ], [ 105.896864839858466, 20.995220047127365 ], [ 105.896786816358855, 20.995282359536535 ], [ 105.89658165575382, 20.995395068201461 ], [ 105.896502122412784, 20.995455978611638 ], [ 105.896440502527994, 20.995533523874215 ], [ 105.896337063140592, 20.995707001581426 ], [ 105.896290846593985, 20.995765159096084 ], [ 105.896212822571371, 20.995827471257019 ], [ 105.896007660779048, 20.995940179265375 ], [ 105.895946253040748, 20.995984229972041 ], [ 105.895880777895542, 20.996058195422243 ], [ 105.895776128605149, 20.996230550195424 ], [ 105.895743276923739, 20.996267427009144 ], [ 105.895698332169971, 20.99629307390148 ], [ 105.895641294347129, 20.996307490862794 ], [ 105.895362842412581, 20.996318448019736 ], [ 105.89523610552537, 20.996335524187845 ], [ 105.895164153336935, 20.996369783093623 ], [ 105.895096334510228, 20.996441572362073 ], [ 105.895031411607121, 20.996482358906803 ], [ 105.894976414037217, 20.99649867042784 ], [ 105.894881030488762, 20.996511170224252 ], [ 105.894802048767431, 20.996538901280335 ], [ 105.894744155101279, 20.996586215424298 ], [ 105.894624892449073, 20.996778692722543 ], [ 105.89457107942917, 20.996829796377114 ], [ 105.894520087789289, 20.99684982797141 ], [ 105.894387871939685, 20.99686181609302 ], [ 105.894306849541451, 20.99688765214243 ], [ 105.894267950847734, 20.996918913678655 ], [ 105.894213847995573, 20.997003440413522 ], [ 105.894145194930971, 20.997074455310376 ], [ 105.894038007370469, 20.997143377831858 ], [ 105.893877032642081, 20.997229735957106 ], [ 105.893819138414045, 20.997277049802708 ], [ 105.893735535108902, 20.997367873710424 ], [ 105.893663582067063, 20.997402132007899 ], [ 105.893510856605502, 20.997428766237061 ], [ 105.893438903479918, 20.997463024442212 ], [ 105.893388038371796, 20.997516865909084 ], [ 105.893270322217049, 20.997710780762649 ], [ 105.89322410386329, 20.99776893749597 ], [ 105.893146077503076, 20.997831248319876 ], [ 105.892940910581004, 20.99794395278693 ], [ 105.892879501102172, 20.997988002438785 ], [ 105.892814023564313, 20.998061966777808 ], [ 105.892696306253129, 20.998255881264022 ], [ 105.892650087511427, 20.998314037851802 ], [ 105.89257206062814, 20.998376348427339 ], [ 105.892366892518652, 20.998489052237538 ], [ 105.892305482646478, 20.998533101693535 ], [ 105.892225732470635, 20.998627504609566 ], [ 105.89212043443051, 20.998799260371335 ], [ 105.892081534782022, 20.998830521435067 ], [ 105.892030542110902, 20.998850552315222 ], [ 105.89196745642316, 20.998859353000785 ], [ 105.891642756912788, 20.998861053865934 ], [ 105.891545633853056, 20.998871938161848 ], [ 105.891465175947914, 20.998898298628813 ], [ 105.891352922190507, 20.998962517160738 ], [ 105.891226196920712, 20.999013296617797 ], [ 105.891107660059561, 20.999037987489938 ], [ 105.890907292441526, 20.999054070944673 ], [ 105.890835337913174, 20.99908832809199 ], [ 105.89077567730638, 20.999167695047323 ], [ 105.890712792397352, 20.99921037484528 ], [ 105.890655752930883, 20.999224790188087 ], [ 105.890553565927448, 20.999230971529045 ], [ 105.890472541533157, 20.999256805815737 ], [ 105.890433641411548, 20.999288066517728 ], [ 105.890391918974672, 20.999350399210499 ], [ 105.890329033876355, 20.999393078872405 ], [ 105.890271994299113, 20.999407494090107 ], [ 105.890169807146478, 20.999413675205563 ], [ 105.890088782581415, 20.999439509314918 ], [ 105.890049882330516, 20.99947076993309 ], [ 105.890008159682779, 20.999533102537981 ], [ 105.889945274395174, 20.999575782063836 ], [ 105.889855180016994, 20.999593193320941 ], [ 105.88954272098259, 20.999606259278668 ], [ 105.889456707279678, 20.999627460015077 ], [ 105.889391781414375, 20.999668244497947 ], [ 105.889343257186965, 20.999724260797368 ], [ 105.889302316328184, 20.999753626405454 ], [ 105.889223331789708, 20.999781354960572 ], [ 105.889127945556851, 20.999793851620339 ], [ 105.889072946069533, 20.999810161294132 ], [ 105.889027318944599, 20.999835174876747 ], [ 105.888959495585695, 20.999906961832341 ], [ 105.888894569459794, 20.999947746133358 ], [ 105.88883956988839, 20.999964055734374 ], [ 105.888744183499398, 20.999976552184094 ], [ 105.888665198731715, 21.000004280487367 ], [ 105.88860730175459, 21.000051592642084 ], [ 105.888488028486506, 21.000244065943004 ], [ 105.888455174119372, 21.000280941428468 ], [ 105.888383218412713, 21.000315197575294 ], [ 105.888250998838984, 21.000327181052086 ], [ 105.88816997342002, 21.000353014274694 ], [ 105.888131072522739, 21.000384274473721 ], [ 105.888089348820614, 21.000446606639127 ], [ 105.888026462586581, 21.000489285484647 ], [ 105.88796942234471, 21.000503699951668 ], [ 105.887867234296976, 21.000509879714002 ], [ 105.88778620870724, 21.000535712759245 ], [ 105.887747307680684, 21.000566972874438 ], [ 105.887661214010848, 21.00068917988602 ], [ 105.887604448652368, 21.000737543182101 ], [ 105.887538613624173, 21.000777483586536 ], [ 105.887312543197837, 21.000870776464506 ], [ 105.88713154169821, 21.000972230871039 ], [ 105.887031519153084, 21.001014115258887 ], [ 105.886917666085111, 21.001043155306419 ], [ 105.886715934910029, 21.001057970684528 ], [ 105.886658894310685, 21.001072384723582 ], [ 105.886613946502365, 21.001098029309851 ], [ 105.886554282847925, 21.00117739487504 ], [ 105.886515381392542, 21.001208654721399 ], [ 105.886464387116206, 21.001228683983815 ], [ 105.886332166527424, 21.001240666002875 ], [ 105.886275125817335, 21.001255079916788 ], [ 105.886230177885892, 21.001280724405451 ], [ 105.886170513954383, 21.00136008984423 ], [ 105.886131612369724, 21.001391349606738 ], [ 105.886080617976447, 21.001411378757776 ], [ 105.885948397184677, 21.001423360485269 ], [ 105.885867370741082, 21.001449192643619 ], [ 105.885828469068159, 21.001480452339585 ], [ 105.885742373302918, 21.001602658441804 ], [ 105.885664341769896, 21.00166496599018 ], [ 105.885572479753094, 21.001714429111107 ], [ 105.885369712214796, 21.001795669530534 ], [ 105.885188708228554, 21.001897121946431 ], [ 105.885085964017392, 21.001936478698898 ], [ 105.885009803658136, 21.001946192970983 ], [ 105.884939580848226, 21.001930465854457 ], [ 105.884667767972388, 21.001781923404518 ], [ 105.884609314972394, 21.001735217203173 ], [ 105.884524649618513, 21.001647177506634 ], [ 105.884452337979312, 21.001621294598632 ], [ 105.884359204564248, 21.001620930323316 ], [ 105.884273188880599, 21.001642128502461 ], [ 105.884208260677795, 21.001682911079623 ], [ 105.884148483478242, 21.001762171814935 ], [ 105.884072023767914, 21.001893327782213 ], [ 105.884018205257377, 21.001944428263645 ], [ 105.883937178166946, 21.001970259523329 ], [ 105.88365871411672, 21.00198119793215 ], [ 105.883531970791012, 21.001998265592679 ], [ 105.883460013069438, 21.00203251972053 ], [ 105.883371866012567, 21.002119127257643 ], [ 105.883295827524435, 21.002149591480979 ], [ 105.883231719647981, 21.002157441533047 ], [ 105.882006898649365, 21.002165521475202 ], [ 105.881888506901788, 21.002190344775133 ], [ 105.881702625189376, 21.002287266165332 ], [ 105.88156761831894, 21.002330352975349 ], [ 105.881439704885068, 21.002346332910218 ], [ 105.881080089750654, 21.002349288756047 ], [ 105.880982963435429, 21.002360167127865 ], [ 105.880902501629151, 21.002386522723537 ], [ 105.880790240523595, 21.002450734516501 ], [ 105.88066350846637, 21.002501506320307 ], [ 105.880544966840048, 21.002526189985957 ], [ 105.880374625431145, 21.002536459104427 ], [ 105.880317583581331, 21.002550871057313 ], [ 105.880254694164464, 21.002593547130516 ], [ 105.880195026495116, 21.002672910592835 ], [ 105.880123067638138, 21.002707163345566 ], [ 105.8800599794628, 21.002715959696225 ], [ 105.879668667839113, 21.002723170185241 ], [ 105.879582650772534, 21.002744366036953 ], [ 105.879396766798436, 21.002841284979407 ], [ 105.879261758700849, 21.002884369998558 ], [ 105.879133844482311, 21.002900348224763 ], [ 105.87870762492453, 21.002908830913491 ], [ 105.878621607597481, 21.002930026287576 ], [ 105.878435722735688, 21.003026944208305 ], [ 105.878300714166869, 21.00307002847979 ], [ 105.878172799659723, 21.003086005992554 ], [ 105.877858782607319, 21.00309761221266 ], [ 105.87776573606611, 21.003112278746535 ], [ 105.877693776407042, 21.003146530497382 ], [ 105.877625946013524, 21.003218313153983 ], [ 105.877585001823533, 21.00324767604658 ], [ 105.877506013089416, 21.003275399294708 ], [ 105.877381950827754, 21.003294954411285 ], [ 105.877309990988692, 21.003329206005308 ], [ 105.877259117998065, 21.003383042891297 ], [ 105.877141376262031, 21.003576947360084 ], [ 105.877077397939786, 21.003652308008078 ], [ 105.877017113463509, 21.003697403693035 ], [ 105.876949233906515, 21.003735445136318 ], [ 105.876796452153883, 21.003792277825696 ], [ 105.876722269847861, 21.003793508066977 ], [ 105.876676114438638, 21.003780194258113 ], [ 105.87640430579026, 21.003631638472804 ], [ 105.876364179549398, 21.00360159915552 ], [ 105.876312680567949, 21.003548289588174 ], [ 105.876191148801041, 21.003357064043566 ], [ 105.876157862181728, 21.003320531283926 ], [ 105.876112615182649, 21.003295353645807 ], [ 105.87602231895977, 21.003278878020502 ], [ 105.875953184134858, 21.003282057196547 ], [ 105.875872154789946, 21.003307884687114 ], [ 105.875833250477555, 21.003339142182252 ], [ 105.875779134840101, 21.003423663444501 ], [ 105.875710469940742, 21.003494671266189 ], [ 105.87562453542688, 21.00354963894446 ], [ 105.875501200990499, 21.003603565349117 ], [ 105.875355950337308, 21.00363713571284 ], [ 105.874975631031475, 21.003654548162075 ], [ 105.874942272331381, 21.003657260314409 ], [ 105.874888138495251, 21.003674372434659 ], [ 105.874850782736971, 21.003707068322047 ], [ 105.87483020505671, 21.003755347987482 ], [ 105.874826405465129, 21.003819211436429 ], [ 105.874835770805959, 21.003878454549167 ], [ 105.874872244856363, 21.003946028507269 ], [ 105.874969342213788, 21.004013749780537 ], [ 105.87498368745085, 21.004043921959173 ], [ 105.874983597512198, 21.004060686548122 ], [ 105.874968892512484, 21.004097572725446 ], [ 105.874836532131468, 21.004311597295224 ], [ 105.874790304504515, 21.004369749303244 ], [ 105.874733533482143, 21.004418108481442 ], [ 105.874667693254239, 21.004458044068059 ], [ 105.874417621644469, 21.004562737088165 ], [ 105.874081166469466, 21.00475567753303 ], [ 105.874010990628747, 21.004825282630712 ], [ 105.873891694683962, 21.005017746390529 ], [ 105.873837871500626, 21.005068843795708 ], [ 105.873786874089561, 21.005088869356587 ], [ 105.873654648706562, 21.005100841677042 ], [ 105.873597605156803, 21.005115251430301 ], [ 105.873552653795628, 21.005140892676472 ], [ 105.873492981529353, 21.005220253925739 ], [ 105.873454076219886, 21.00525151090482 ], [ 105.873403078691922, 21.005271536354233 ], [ 105.873270853106078, 21.005283508382963 ], [ 105.873189822181814, 21.00530933464449 ], [ 105.873150916784084, 21.005340591556966 ], [ 105.873064808350691, 21.005462791632819 ], [ 105.872986769379168, 21.005525093596802 ], [ 105.872894900598851, 21.005574550083171 ], [ 105.872668813185584, 21.005667824033473 ], [ 105.872537130461609, 21.005747693649983 ], [ 105.872397777971145, 21.005820439380532 ], [ 105.872336359036112, 21.005864481907032 ], [ 105.872256592214285, 21.005958875967082 ], [ 105.872123469583542, 21.006172195669571 ], [ 105.872070211448758, 21.006223818329701 ], [ 105.872009924395002, 21.006268912316443 ], [ 105.871979104848521, 21.006307679842038 ], [ 105.87195044771002, 21.006382152772009 ], [ 105.871930981854035, 21.006498859767973 ], [ 105.871895295766564, 21.006566804028402 ], [ 105.871838522969838, 21.006615162290256 ], [ 105.871633327275205, 21.006727841946667 ], [ 105.871571907744013, 21.006771884213439 ], [ 105.871506415718414, 21.006845840785903 ], [ 105.871388663851803, 21.007039741552276 ], [ 105.871342434053076, 21.007097892681458 ], [ 105.871264393511694, 21.007160193898496 ], [ 105.871082012893282, 21.007260368433482 ], [ 105.87104310654766, 21.007291624890016 ], [ 105.871007419876435, 21.007359568978629 ], [ 105.870990264761659, 21.00751212003253 ], [ 105.870954578017589, 21.007580064110982 ], [ 105.870915671564006, 21.007611320541049 ], [ 105.87082674918409, 21.007663514528954 ], [ 105.870772357932609, 21.007714085229026 ], [ 105.870700146797333, 21.00781549842355 ], [ 105.87062420095414, 21.007947139886884 ], [ 105.870560217485576, 21.008022498226346 ], [ 105.87045637398181, 21.008094530243156 ], [ 105.870273085562019, 21.008193862322141 ], [ 105.87021517948034, 21.00824116849039 ], [ 105.870139604620064, 21.008339457680389 ], [ 105.870020413001782, 21.008532022962864 ], [ 105.869890282910987, 21.008647033751437 ], [ 105.869854595410075, 21.008714977617036 ], [ 105.869835127683615, 21.008831684409092 ], [ 105.869806469034216, 21.008906157010145 ], [ 105.869775648387915, 21.008944924163572 ], [ 105.869716531037795, 21.008991105510294 ], [ 105.869673814461351, 21.009052520591247 ], [ 105.869657051592498, 21.009104345226532 ], [ 105.869644793630314, 21.009194051556001 ], [ 105.869616134823076, 21.009268524127567 ], [ 105.869566389201665, 21.009323410430497 ], [ 105.869362736939678, 21.009437526157068 ], [ 105.869323829673732, 21.009468782244785 ], [ 105.869288141730848, 21.009536726000853 ], [ 105.869276834562385, 21.009661013091971 ], [ 105.869250215761483, 21.009737380696215 ], [ 105.869217354533546, 21.009774252666517 ], [ 105.869151435782342, 21.009814116864412 ], [ 105.869106678476271, 21.009873636722975 ], [ 105.869089128765339, 21.009958428168492 ], [ 105.869089239543882, 21.010295505585429 ], [ 105.869073163984041, 21.010381666322981 ], [ 105.869040424127519, 21.010452348623208 ], [ 105.868908049860877, 21.010666368914993 ], [ 105.868861818012178, 21.010724519418222 ], [ 105.868783774568925, 21.010786819573003 ], [ 105.868578570853018, 21.010899495770012 ], [ 105.868517148722205, 21.01094353700363 ], [ 105.868466269999232, 21.010997371413918 ], [ 105.868399987922317, 21.011104293731346 ], [ 105.868368379755594, 21.011176027507251 ], [ 105.868344366608511, 21.01125481587821 ], [ 105.868330896898684, 21.01134339745121 ], [ 105.868325143632362, 21.011472843986201 ], [ 105.868310420340208, 21.01152656359935 ], [ 105.868265662207676, 21.011586083254254 ], [ 105.868181799924486, 21.011642979018657 ], [ 105.868146110976596, 21.011710922554037 ], [ 105.868137433781982, 21.011770258094828 ], [ 105.8681269563954, 21.012063805017373 ], [ 105.868114878692708, 21.01211998205298 ], [ 105.8680934289752, 21.01216745400599 ], [ 105.868043681859731, 21.012222339898099 ], [ 105.867840024519282, 21.012336453940964 ], [ 105.867786196672355, 21.012387549551999 ], [ 105.867765426911419, 21.012435653168968 ], [ 105.867754118353716, 21.012559940168568 ], [ 105.867739394763788, 21.012613659736338 ], [ 105.867712578754791, 21.012656147392782 ], [ 105.867628715668886, 21.012713042905592 ], [ 105.867595853407096, 21.012749914586525 ], [ 105.867575083538625, 21.012798018182103 ], [ 105.867563774807209, 21.012922305170246 ], [ 105.867537154610503, 21.012998672528049 ], [ 105.867504292265707, 21.013035544193031 ], [ 105.867375096684484, 21.013117728787918 ], [ 105.86730959987959, 21.013191683859063 ], [ 105.86725793302351, 21.013278484790217 ], [ 105.867173641923259, 21.013469774326268 ], [ 105.8670014919186, 21.013747946362006 ], [ 105.866955258407785, 21.013806096385068 ], [ 105.866858286872713, 21.013884514627939 ], [ 105.866827464471399, 21.013923281286974 ], [ 105.866798803435941, 21.013997753423169 ], [ 105.866779332794934, 21.014114459900537 ], [ 105.866757882387802, 21.014161931698762 ], [ 105.866727059905642, 21.014200698341252 ], [ 105.866668279618494, 21.014247194558219 ], [ 105.866639157349127, 21.01428754045093 ], [ 105.866615596918095, 21.014366750354867 ], [ 105.866611649402373, 21.0144641775493 ], [ 105.866595572057903, 21.014550338076052 ], [ 105.866575595756771, 21.014599179169156 ], [ 105.866499909046453, 21.014724748588957 ], [ 105.866464872744587, 21.014834863146756 ], [ 105.866476820045904, 21.014892716749124 ], [ 105.866502231203668, 21.014925726408251 ], [ 105.866576494489522, 21.014989296744933 ], [ 105.866608931192275, 21.015060704003222 ], [ 105.866617285033854, 21.015120905475026 ], [ 105.866619046610296, 21.015425823009583 ], [ 105.866610368651536, 21.015485158475343 ], [ 105.866574678133276, 21.015553101707258 ], [ 105.866490813017222, 21.015609996711248 ], [ 105.86644605298919, 21.015669515926632 ], [ 105.866431328664959, 21.01572323538868 ], [ 105.866425869455838, 21.015819258569845 ], [ 105.866399248216709, 21.015895625761871 ], [ 105.866366384976871, 21.015932497226402 ], [ 105.866300462782746, 21.015972360411556 ], [ 105.866255702574719, 21.016031879580726 ], [ 105.866240978151197, 21.01608559902764 ], [ 105.866235518815913, 21.016181622203337 ], [ 105.866208897421615, 21.016257989367961 ], [ 105.866176034057645, 21.016294860798542 ], [ 105.86611011165455, 21.016334723915541 ], [ 105.866065351266514, 21.016394243038491 ], [ 105.866050626743686, 21.016447962470266 ], [ 105.866042027357196, 21.01670955933897 ], [ 105.866025238958358, 21.016828757876041 ], [ 105.865989547874406, 21.016896700994877 ], [ 105.86589828014192, 21.016980418905042 ], [ 105.865866669632879, 21.017052152251754 ], [ 105.86585901147329, 21.017112435244652 ], [ 105.865860771691104, 21.017417352769229 ], [ 105.865852093346589, 21.017476688196989 ], [ 105.86581640204011, 21.017544631282462 ], [ 105.865732535537774, 21.017601525948063 ], [ 105.865699671771651, 21.01763839729513 ], [ 105.865678900670687, 21.017686500676504 ], [ 105.865667590153905, 21.017810787535382 ], [ 105.865652865368119, 21.017864506933652 ], [ 105.865608104361186, 21.017924025947838 ], [ 105.865524237569289, 21.017980920518333 ], [ 105.865488546000549, 21.018048863540344 ], [ 105.865479867481298, 21.01810819895114 ], [ 105.865479970876393, 21.018445276332997 ], [ 105.865454829790536, 21.018556717165811 ], [ 105.865284522714006, 21.018836607474377 ], [ 105.865234772422298, 21.018891492615019 ], [ 105.865155551755791, 21.018952703093124 ], [ 105.865112830590448, 21.019014117121252 ], [ 105.865067038403822, 21.019207471577236 ], [ 105.865024317132892, 21.019268885585085 ], [ 105.864949630970898, 21.019334308004968 ], [ 105.864925873559784, 21.01937963796205 ], [ 105.864912848670059, 21.019434936581224 ], [ 105.864908900042664, 21.019532363721783 ], [ 105.864892821284784, 21.019618524089648 ], [ 105.864872843811071, 21.019667364996671 ], [ 105.864793789281293, 21.019796126674905 ], [ 105.864753000733458, 21.019893034308261 ], [ 105.864732499073028, 21.019975086671916 ], [ 105.864722541261671, 21.020066932438986 ], [ 105.864723323251042, 21.020404641516251 ], [ 105.864712799313537, 21.020495961471269 ], [ 105.86468561035241, 21.020571802604522 ], [ 105.864618452735456, 21.020677916587804 ], [ 105.864565766318421, 21.020797471795262 ], [ 105.864540773583215, 21.020909051229388 ], [ 105.864531697673655, 21.021069112869039 ], [ 105.864516972202992, 21.021122832173827 ], [ 105.864472209811666, 21.021182350915883 ], [ 105.864382785773643, 21.021234085366729 ], [ 105.864324872882634, 21.021281389697734 ], [ 105.864250308012529, 21.021380624056015 ], [ 105.864204077715712, 21.021472477851532 ], [ 105.864170203643738, 21.021575808405888 ], [ 105.8641567307683, 21.021664389659868 ], [ 105.864150973848112, 21.021793836037258 ], [ 105.864136248178767, 21.021847555311744 ], [ 105.864091485427295, 21.021907073961298 ], [ 105.864007615862207, 21.021963967854706 ], [ 105.863971922716573, 21.022031910583653 ], [ 105.863963243425516, 21.022091245918372 ], [ 105.863968123558024, 21.022938238944842 ], [ 105.863957599041441, 21.023029558848322 ], [ 105.863930409284436, 21.023105399867653 ], [ 105.863863250056838, 21.023211513579259 ], [ 105.863810562217409, 21.02333106856922 ], [ 105.863785568567479, 21.023442647893589 ], [ 105.863776491802881, 21.023602709479039 ], [ 105.863761765845851, 21.023656428720599 ], [ 105.863717002429965, 21.023715947282909 ], [ 105.863633131730552, 21.023772841019589 ], [ 105.863606312661474, 21.023815328083096 ], [ 105.863591586624992, 21.023869047311425 ], [ 105.863592139507773, 21.0239650398481 ], [ 105.86360748349243, 21.024018606395252 ], [ 105.863652930063054, 21.024077666871825 ], [ 105.863731896376777, 21.024128545878728 ], [ 105.863746241474303, 21.024158718946197 ], [ 105.863746150356079, 21.024175483534176 ], [ 105.863731440777642, 21.024212368818802 ], [ 105.863665149781951, 21.024319289446737 ], [ 105.863592746336778, 21.024487929780392 ], [ 105.863486680354953, 21.024659002693841 ], [ 105.863443169200139, 21.024753383165969 ], [ 105.863413488795516, 21.024860609781172 ], [ 105.863399920421259, 21.02505019839867 ], [ 105.863385194206174, 21.025103917608174 ], [ 105.863340430227225, 21.025163436081453 ], [ 105.863256558589342, 21.025220329655777 ], [ 105.86322086437977, 21.025288272239962 ], [ 105.863212184651957, 21.025347607530701 ], [ 105.863212672565098, 21.025954634359323 ], [ 105.863186048072876, 21.026031001077477 ], [ 105.863153181894901, 21.026067871981994 ], [ 105.863069309689763, 21.02612476547792 ], [ 105.863033615194482, 21.026192708026038 ], [ 105.863024935353835, 21.026252043305352 ], [ 105.863028250932132, 21.026827998434026 ], [ 105.863019571062424, 21.026887333710039 ], [ 105.86298387637612, 21.026955276248746 ], [ 105.862882058736375, 21.027029201076914 ], [ 105.862846363955356, 21.02709714358895 ], [ 105.862837684001875, 21.027156478856842 ], [ 105.862839438995891, 21.027461396265512 ], [ 105.862828913579463, 21.027552716085893 ], [ 105.862801722513638, 21.027628556932989 ], [ 105.862747139045183, 21.027712654463844 ], [ 105.862700906010744, 21.027804507882479 ], [ 105.862673864205263, 21.027880487441735 ], [ 105.862656875248234, 21.027965804059118 ], [ 105.862650430595892, 21.028060914185144 ], [ 105.862666223989677, 21.03080517030898 ], [ 105.86265067212338, 21.031094013454233 ], [ 105.862633904635288, 21.031145837434256 ], [ 105.862607764203872, 21.0311889560781 ], [ 105.862532391046273, 21.031253745868522 ], [ 105.862492726212821, 21.031318002045726 ], [ 105.862479699553575, 21.031373300468736 ], [ 105.862475749332361, 21.031470727483224 ], [ 105.862459668155438, 21.031556887594157 ], [ 105.862439688439224, 21.031605728229994 ], [ 105.862360625881053, 21.031734488888329 ], [ 105.862311826380378, 21.031857658488185 ], [ 105.862291516915349, 21.031973590244679 ], [ 105.862285758334806, 21.032103036473224 ], [ 105.86227103112266, 21.03215675557993 ], [ 105.862226264693007, 21.032216273799119 ], [ 105.862142388768774, 21.032273166928078 ], [ 105.862106692490485, 21.032341109298105 ], [ 105.862098012020255, 21.032400444512678 ], [ 105.862098496562382, 21.033007471002133 ], [ 105.862071870383389, 21.03308383754608 ], [ 105.862039002444163, 21.033120708267852 ], [ 105.86195512595242, 21.033177601318346 ], [ 105.86191942938828, 21.033245543652281 ], [ 105.861910748805144, 21.033304878855425 ], [ 105.861912502475235, 21.033609796118448 ], [ 105.861894763836816, 21.033728115976484 ], [ 105.861862015875872, 21.033798796996937 ], [ 105.861715369623937, 21.034033283276443 ], [ 105.861665613158621, 21.03408816749538 ], [ 105.861586723268047, 21.034149692391697 ], [ 105.861557595940624, 21.034190037501904 ], [ 105.861534030081472, 21.034269246719706 ], [ 105.861530079241859, 21.034366673703282 ], [ 105.86151399727207, 21.034452833725229 ], [ 105.861494016894071, 21.034501674257431 ], [ 105.861414952075449, 21.034630434513339 ], [ 105.861366150936831, 21.034753603859606 ], [ 105.861343691894234, 21.034901238849312 ], [ 105.861346025607105, 21.035509985166971 ], [ 105.861337344699621, 21.035569320337569 ], [ 105.86130164732289, 21.035637262552179 ], [ 105.861217769165563, 21.035694155280414 ], [ 105.86117300130482, 21.035753673248621 ], [ 105.861158273382316, 21.035807392262257 ], [ 105.86114966566177, 21.036068988628703 ], [ 105.861132871788627, 21.036188186624038 ], [ 105.861097174181012, 21.036256128799096 ], [ 105.861021457789789, 21.036320602129791 ], [ 105.860990629451734, 21.036359367841492 ], [ 105.860961961625208, 21.036433839048346 ], [ 105.860942484184406, 21.036550544811067 ], [ 105.860906786408975, 21.03661848694923 ], [ 105.86087127138758, 21.036652899933596 ], [ 105.860828386366833, 21.036680467984212 ], [ 105.860602625977108, 21.036807780553712 ], [ 105.86054822096105, 21.036858348298374 ], [ 105.860500845796821, 21.036915445104604 ], [ 105.8604598891488, 21.036944804196139 ], [ 105.860380879427879, 21.0369725201096 ], [ 105.860287318443454, 21.0369867213604 ], [ 105.860241561113696, 21.037011621769523 ], [ 105.860224975128219, 21.037029916378099 ], [ 105.860212584262612, 21.037052107257733 ], [ 105.860200387895574, 21.037108177833243 ], [ 105.860194607494051, 21.037338702566966 ], [ 105.860177812754486, 21.037457900481407 ], [ 105.860142114425869, 21.037525842471183 ], [ 105.860066396986653, 21.037590315403161 ], [ 105.860035568146273, 21.037629080953423 ], [ 105.860006899620387, 21.037703552012907 ], [ 105.85999463418969, 21.037793257629513 ], [ 105.859977865113564, 21.037845081364679 ], [ 105.859935136693579, 21.037906494216106 ], [ 105.85987042184702, 21.037962441237255 ], [ 105.85986995286342, 21.037985665898649 ], [ 105.8598935275988, 21.038006228260322 ], [ 105.86006512617638, 21.038076793034623 ], [ 105.860197752965192, 21.038155316362818 ], [ 105.860315004333785, 21.038214366638648 ], [ 105.860354277456324, 21.038245225159873 ], [ 105.86038158627683, 21.038287437786011 ], [ 105.860396930791993, 21.038341004522799 ], [ 105.860400310993057, 21.038405925373578 ], [ 105.860391629586147, 21.038465260494586 ], [ 105.860370854131673, 21.038513363269605 ], [ 105.860337984622092, 21.03855023369465 ], [ 105.860248548943076, 21.038601966273387 ], [ 105.860173664590846, 21.038667213436938 ], [ 105.860101432021594, 21.038768622530899 ], [ 105.860011219181132, 21.03892073060911 ], [ 105.859961460518832, 21.038975614375385 ], [ 105.859882567402323, 21.039037138558523 ], [ 105.859842899478195, 21.0391013941694 ], [ 105.859827382288927, 21.039188079856611 ], [ 105.859830687809136, 21.03976403459556 ], [ 105.859820159980615, 21.039855354192049 ], [ 105.859792965383903, 21.039931194578848 ], [ 105.859647784617678, 21.040167048590007 ], [ 105.859583782352573, 21.040242403184408 ], [ 105.859504888427225, 21.040303927211433 ], [ 105.859465220023381, 21.040368182741805 ], [ 105.859449702511583, 21.040454868393795 ], [ 105.859450820270965, 21.040826597380857 ], [ 105.859435893466554, 21.041048628364347 ], [ 105.859419123874488, 21.041100452043949 ], [ 105.859392980873579, 21.041143570235189 ], [ 105.859317261331014, 21.04120804288026 ], [ 105.859274531728232, 21.041269455583883 ], [ 105.859257762057965, 21.041321279249004 ], [ 105.859245495964785, 21.041410984799438 ], [ 105.859216826390451, 21.041485455731291 ], [ 105.859185996561877, 21.041524221145018 ], [ 105.859127203449034, 21.041570715058064 ], [ 105.859087534565433, 21.041634970507914 ], [ 105.859072016731048, 21.041721656124675 ], [ 105.859067789062081, 21.042223218257575 ], [ 105.859058206266567, 21.042315416032558 ], [ 105.859041436417613, 21.042367239676622 ], [ 105.859015293098821, 21.042410357814742 ], [ 105.858979776306171, 21.042444770442842 ], [ 105.858753248861561, 21.042571377867358 ], [ 105.858673675188328, 21.04263227167084 ], [ 105.85859807610359, 21.042730556199839 ], [ 105.858478843726331, 21.04292311408101 ], [ 105.858348675610785, 21.043038116915699 ], [ 105.858312975206275, 21.043106058551395 ], [ 105.85829349502491, 21.043222764020776 ], [ 105.858276724819063, 21.043274587596486 ], [ 105.858233994222871, 21.043336000058613 ], [ 105.858174860010479, 21.043382177799788 ], [ 105.858144029533563, 21.043420943038591 ], [ 105.858115359058488, 21.043495413799235 ], [ 105.858103092150543, 21.043585119274137 ], [ 105.858086321842364, 21.043636942832521 ], [ 105.858043591068636, 21.043698355250417 ], [ 105.857978873069399, 21.043754301623814 ], [ 105.85797840380917, 21.043777526275051 ], [ 105.858001979237656, 21.043798088862882 ], [ 105.858150132714016, 21.043856844990788 ], [ 105.858258676765729, 21.043924162832322 ], [ 105.858288267463593, 21.043964210883221 ], [ 105.858307239111667, 21.044014335775131 ], [ 105.858315591703615, 21.044074537511687 ], [ 105.858314128098229, 21.044140576956604 ], [ 105.858305256892407, 21.044199736696061 ], [ 105.85827806081609, 21.044275576855561 ], [ 105.858132873669305, 21.044511429679961 ], [ 105.858086627599604, 21.044569577529668 ], [ 105.857974065185218, 21.044667233294465 ], [ 105.85794244550334, 21.044738965269122 ], [ 105.857934783162747, 21.044799247869804 ], [ 105.857935897614908, 21.045170976807061 ], [ 105.857925838552276, 21.04536383128335 ], [ 105.857913754802638, 21.045420007601578 ], [ 105.857892297450462, 21.045467478360003 ], [ 105.857861466490107, 21.045506243555373 ], [ 105.857786764447866, 21.045571663187179 ], [ 105.857755144500814, 21.045643395129069 ], [ 105.857747482052375, 21.045703677719139 ], [ 105.857745096960002, 21.04617325526775 ], [ 105.857738536813997, 21.046268261089526 ], [ 105.857716895875114, 21.046349260957687 ], [ 105.857674164215624, 21.046410673295053 ], [ 105.85761502864581, 21.046456850872453 ], [ 105.857584197417978, 21.046495616022501 ], [ 105.857555526131691, 21.046570086691805 ], [ 105.857543258706613, 21.046659792114355 ], [ 105.857526487899619, 21.046711615617411 ], [ 105.85748375606255, 21.046773027910522 ], [ 105.857424620292704, 21.04681920542663 ], [ 105.85739378894327, 21.046857970544735 ], [ 105.857365117498659, 21.046932441184392 ], [ 105.857352849937726, 21.047022146594351 ], [ 105.8573360790284, 21.047073970080078 ], [ 105.857309934439456, 21.047117087977252 ], [ 105.857234211043846, 21.047181559783741 ], [ 105.857191478957418, 21.047242972008689 ], [ 105.857174707969889, 21.047294795479921 ], [ 105.8571624402731, 21.047384500877271 ], [ 105.857133768621267, 21.047458971480726 ], [ 105.857084006156725, 21.04751385448353 ], [ 105.856880293046757, 21.047627956872045 ], [ 105.8568413734628, 21.047659210396713 ], [ 105.856805671342002, 21.047727151740421 ], [ 105.856794352148171, 21.04785143790663 ], [ 105.856767720888826, 21.047927803671367 ], [ 105.856734848489083, 21.047964673460463 ], [ 105.856645405996161, 21.048016404321874 ], [ 105.856570515464668, 21.048081650041585 ], [ 105.856498276103466, 21.048183057732448 ], [ 105.856408054230158, 21.048335164051416 ], [ 105.856358291212629, 21.048390046855147 ], [ 105.856279391741865, 21.048451569518971 ], [ 105.856250260318177, 21.048491913797026 ], [ 105.85623186301882, 21.048542227198094 ], [ 105.856224199851468, 21.048602509725232 ], [ 105.856227493133673, 21.04917846437198 ], [ 105.85621696266081, 21.049269783743327 ], [ 105.8561897646928, 21.049345623591655 ], [ 105.85604456958184, 21.049581474773642 ], [ 105.855998321189716, 21.049639622102088 ], [ 105.855941527283363, 21.04968797555459 ], [ 105.855737810355819, 21.049802076675437 ], [ 105.855698889975699, 21.049833329957984 ], [ 105.855663186847039, 21.049901271079918 ], [ 105.855651866607602, 21.050025557176667 ], [ 105.855625234414916, 21.050101922776179 ], [ 105.855592361268691, 21.050138792360855 ], [ 105.855463127604878, 21.050220968875749 ], [ 105.85539760923912, 21.050294919799757 ], [ 105.855345923387574, 21.050381717414599 ], [ 105.855261597828502, 21.050573001461981 ], [ 105.855075140646619, 21.050871633040831 ], [ 105.855043136155174, 21.050909309550569 ], [ 105.854986341462194, 21.05095766270362 ], [ 105.854759797835285, 21.051084265235279 ], [ 105.854680218075927, 21.0511451573187 ], [ 105.854605632559412, 21.05124438783179 ], [ 105.854549527099181, 21.051360781416001 ], [ 105.854519835738131, 21.051468006546084 ], [ 105.854509870302124, 21.051559851665779 ], [ 105.854511545525142, 21.05223540959437 ], [ 105.854501481922455, 21.052428263876617 ], [ 105.854489396411296, 21.052484439968605 ], [ 105.85445369213825, 21.052552380855751 ], [ 105.8543783049209, 21.052617167358573 ], [ 105.854349172205218, 21.052657511336303 ], [ 105.854325599968618, 21.052736719614728 ], [ 105.854321644413247, 21.05283414639899 ], [ 105.854305556699927, 21.052920305763912 ], [ 105.854285571708488, 21.05296914550874 ], [ 105.854206491429323, 21.053097902680893 ], [ 105.854157678854278, 21.053221070102019 ], [ 105.854135210606785, 21.053368704160487 ], [ 105.854135971831639, 21.053706412793257 ], [ 105.854125439866479, 21.053797732041339 ], [ 105.854098240092213, 21.053873571579178 ], [ 105.854031060802399, 21.053979681738863 ], [ 105.853978355131019, 21.054099233894167 ], [ 105.853953349859779, 21.054210811801227 ], [ 105.853944261984751, 21.054370872713775 ], [ 105.853929529873369, 21.054424591136168 ], [ 105.853902702842774, 21.054467076799902 ], [ 105.853818811463327, 21.054523966208926 ], [ 105.853785936929768, 21.054560835473424 ], [ 105.853765157289587, 21.054608937499872 ], [ 105.853753835264854, 21.054733223468052 ], [ 105.853739103053869, 21.054786941875211 ], [ 105.853694326731059, 21.054846458038298 ], [ 105.85361043506137, 21.054903347351857 ], [ 105.853583607857715, 21.054945832968844 ], [ 105.853568875567106, 21.054999551362702 ], [ 105.853569589685222, 21.056179723842817 ], [ 105.853542955444297, 21.056256089134852 ], [ 105.853510080476781, 21.056292958353829 ], [ 105.853426187944038, 21.056349847596842 ], [ 105.853390482325622, 21.056417788277869 ], [ 105.853381797359887, 21.056477123047273 ], [ 105.853383535772934, 21.056782040162606 ], [ 105.853373003203089, 21.056873359354402 ], [ 105.853345802544283, 21.056949198776682 ], [ 105.853291203602112, 21.057033293532076 ], [ 105.853244956316189, 21.057125144574155 ], [ 105.853205401807998, 21.057256911612065 ], [ 105.85319445667362, 21.057381548087886 ], [ 105.853197592804975, 21.057991066396525 ], [ 105.853187040281583, 21.058217168465834 ], [ 105.853174953890118, 21.058273344459245 ], [ 105.853153493327667, 21.058320814662448 ], [ 105.853122658588646, 21.058359579072221 ], [ 105.853047948198309, 21.058424996812306 ], [ 105.853016323470115, 21.058496727935253 ], [ 105.853008658647838, 21.058557010309134 ], [ 105.853011941262437, 21.059132964766267 ], [ 105.852994193315112, 21.059251283688443 ], [ 105.85296143597219, 21.059321963118769 ], [ 105.852814752039293, 21.059556442353873 ], [ 105.852764984092175, 21.059611324205591 ], [ 105.852685737214401, 21.059672529495547 ], [ 105.852654902085931, 21.059711293827906 ], [ 105.852626226038495, 21.059785763720956 ], [ 105.85261395486944, 21.059875468787524 ], [ 105.852597181033644, 21.059927291833109 ], [ 105.852554443563463, 21.05998870298971 ], [ 105.852495301143307, 21.060034878949004 ], [ 105.852464465893121, 21.060073643249378 ], [ 105.852435789687206, 21.060148113112721 ], [ 105.852423518382125, 21.060237818166648 ], [ 105.852406744443883, 21.060289641194863 ], [ 105.852364006795952, 21.060351052307137 ], [ 105.852304864175551, 21.060397228205041 ], [ 105.852274028803663, 21.060435992473423 ], [ 105.852245352439255, 21.060510462307054 ], [ 105.852233080998161, 21.060600167348333 ], [ 105.852216306957473, 21.06065199035918 ], [ 105.852173569131793, 21.060713401427119 ], [ 105.852098857174994, 21.060778818785909 ], [ 105.852075089719051, 21.060824147087093 ], [ 105.852062057037998, 21.060879444741339 ], [ 105.852058099996825, 21.060976871438157 ], [ 105.852042010278041, 21.061063030581288 ], [ 105.852022023553005, 21.061111870075731 ], [ 105.851931715058257, 21.061263904839819 ], [ 105.851887282543643, 21.061391143377428 ], [ 105.851871648989984, 21.061511426829689 ], [ 105.851862689283152, 21.061806411061905 ], [ 105.851848073955054, 21.06189393961019 ], [ 105.851812366381736, 21.061961879985049 ], [ 105.851736973393173, 21.062026665444989 ], [ 105.851697296190039, 21.062090919309789 ], [ 105.851684263275985, 21.062146216935396 ], [ 105.851676794698349, 21.062274083310882 ], [ 105.851644228937715, 21.062378642177947 ], [ 105.851484768449154, 21.062634960093945 ], [ 105.851434999018835, 21.06268984158767 ], [ 105.851356090124838, 21.062751362188248 ], [ 105.851326954707162, 21.062791705694945 ], [ 105.851308554160354, 21.062842018595415 ], [ 105.851295910549695, 21.062998779929615 ], [ 105.851274264024056, 21.063079779020836 ], [ 105.851184256429676, 21.063232094613255 ], [ 105.851099918865955, 21.063423376736402 ], [ 105.850993812459663, 21.063594442510581 ], [ 105.850953004027076, 21.063691347053062 ], [ 105.850927995156283, 21.063802924521518 ], [ 105.850918903852815, 21.06396298522353 ], [ 105.850904169833925, 21.064016703392639 ], [ 105.85087734031147, 21.064059188618828 ], [ 105.850793442487429, 21.064116076692063 ], [ 105.850760565169821, 21.064152945426862 ], [ 105.8507397833299, 21.064201047107876 ], [ 105.850728458366518, 21.064325332845868 ], [ 105.850713724247939, 21.064379050999722 ], [ 105.85068689460924, 21.064421536198061 ], [ 105.850602996511242, 21.06447842418417 ], [ 105.850558216158021, 21.064537939594398 ], [ 105.850540650675129, 21.064622729166565 ], [ 105.850530139100641, 21.064916274511681 ], [ 105.850508491919229, 21.064997273510716 ], [ 105.850465752203519, 21.065058684183779 ], [ 105.850406607166889, 21.065104859478403 ], [ 105.850375770366711, 21.065143623430536 ], [ 105.85034709223315, 21.065218092965591 ], [ 105.850334819371369, 21.065307797872347 ], [ 105.850318044201018, 21.065359620707579 ], [ 105.850275304307488, 21.065421031336282 ], [ 105.850216159070584, 21.065467206569483 ], [ 105.850185322148619, 21.065505970489603 ], [ 105.850156643856522, 21.065580439994921 ], [ 105.85013715503257, 21.065697144540493 ], [ 105.850101445827249, 21.065765084582726 ], [ 105.850065921579017, 21.065799495512525 ], [ 105.850023026320599, 21.065827061095124 ], [ 105.849841203636757, 21.065927812176891 ], [ 105.849808325696401, 21.065964680741004 ], [ 105.849781687964011, 21.066041045480677 ], [ 105.84977036212176, 21.066165331159894 ], [ 105.849734652643335, 21.066233271130727 ], [ 105.849695726815455, 21.066264523165991 ], [ 105.849606762586674, 21.066316707146768 ], [ 105.849552343380935, 21.066367271689309 ], [ 105.849480090800881, 21.066468676641936 ], [ 105.849404098211423, 21.066600309388157 ], [ 105.849340079852269, 21.066675660452766 ], [ 105.8492361860757, 21.066747680760557 ], [ 105.849052812436369, 21.066846992226271 ], [ 105.84899487741842, 21.066894291850904 ], [ 105.848919260172593, 21.066992572429072 ], [ 105.848815415771355, 21.06716574221398 ], [ 105.848765643888314, 21.067220622980706 ], [ 105.848661749453242, 21.067292642954619 ], [ 105.848522857397541, 21.067365862125762 ], [ 105.848469003675135, 21.067416952195313 ], [ 105.848448220674513, 21.067465053617934 ], [ 105.848436893658615, 21.067589339228807 ], [ 105.848422158433095, 21.067643057202197 ], [ 105.848395327579908, 21.067685542064201 ], [ 105.848311426784008, 21.067742428987959 ], [ 105.848278548073566, 21.067779297274345 ], [ 105.848257764964941, 21.067827398675398 ], [ 105.848246437774421, 21.067951684274608 ], [ 105.848219798920397, 21.068028048790577 ], [ 105.848186920126622, 21.06806491706088 ], [ 105.848097462759384, 21.06811664380896 ], [ 105.848022558634568, 21.068181886075834 ], [ 105.847950304163192, 21.068283290420837 ], [ 105.847860062096117, 21.068435392550885 ], [ 105.84781028944721, 21.068490273055602 ], [ 105.847714444982401, 21.068569769689496 ], [ 105.8476787340215, 21.06863770925996 ], [ 105.847652026540615, 21.068781413114959 ], [ 105.847616315504027, 21.068849352673286 ], [ 105.847580789958869, 21.068883763114933 ], [ 105.847537893355735, 21.068911328105223 ], [ 105.847356065226464, 21.069012076673047 ], [ 105.847323186006349, 21.069048944786385 ], [ 105.847302402425257, 21.069097046079733 ], [ 105.847291074382809, 21.069221331626949 ], [ 105.847264434834031, 21.069297696005869 ], [ 105.84723155553057, 21.069334564103119 ], [ 105.847102300857358, 21.069416734791414 ], [ 105.847036770195857, 21.069490682750587 ], [ 105.846985073195071, 21.069577478016981 ], [ 105.846900726915919, 21.069768758216114 ], [ 105.846698810873562, 21.070086762990929 ], [ 105.846625415122986, 21.070153406976019 ], [ 105.846398835554012, 21.070279999298119 ], [ 105.846319242332612, 21.070340887789524 ], [ 105.846243621627394, 21.070439167254914 ], [ 105.846139771825733, 21.070612335519399 ], [ 105.846071062851379, 21.070683332353777 ], [ 105.845963800648207, 21.070752226565961 ], [ 105.845824375152787, 21.07082495247592 ], [ 105.845744781405656, 21.070885840711799 ], [ 105.845669160051301, 21.070984119937098 ], [ 105.845565309216781, 21.071157287874392 ], [ 105.845515534832501, 21.071212167747966 ], [ 105.845411636057165, 21.071284185846004 ], [ 105.845228254273508, 21.071383493402035 ], [ 105.845153347267072, 21.071448734475673 ], [ 105.84507122588397, 21.071574679380674 ], [ 105.844986876092079, 21.071765958705058 ], [ 105.844814621186018, 21.072044110077233 ], [ 105.844768361704951, 21.072102254578997 ], [ 105.844671341492955, 21.072180661315873 ], [ 105.844640501777931, 21.072219424293912 ], [ 105.844611819530144, 21.072293892941214 ], [ 105.844592325681461, 21.072410596934883 ], [ 105.844556612426842, 21.072478535897027 ], [ 105.844499806290401, 21.072526885813968 ], [ 105.844294500366843, 21.072639535395897 ], [ 105.844233046135315, 21.072683568645932 ], [ 105.844167512643054, 21.072757515565517 ], [ 105.844049676141196, 21.072951398889902 ], [ 105.843985652411106, 21.073026748062553 ], [ 105.843903711094043, 21.073085457059729 ], [ 105.843720023290075, 21.073184481866697 ], [ 105.843658568663628, 21.07322851491919 ], [ 105.843593034650283, 21.073302461629908 ], [ 105.843475196985906, 21.073496344582708 ], [ 105.843428936542423, 21.073554488742285 ], [ 105.843350850335014, 21.07361677824213 ], [ 105.843168370677176, 21.073716925454633 ], [ 105.843129441531644, 21.073748176069124 ], [ 105.843093727304407, 21.07381611474603 ], [ 105.843082395546119, 21.073940400074079 ], [ 105.843055753074566, 21.074016763851358 ], [ 105.843022871709309, 21.074053631183119 ], [ 105.842956917959583, 21.074093486127154 ], [ 105.842912131754304, 21.07415299965389 ], [ 105.842897393969551, 21.07420671719542 ], [ 105.842891918959708, 21.074302739554952 ], [ 105.842865276332219, 21.074379103304558 ], [ 105.842832394842333, 21.074415970602129 ], [ 105.842742931800046, 21.074467694680777 ], [ 105.842668022173839, 21.074532934722736 ], [ 105.842595761080787, 21.074634336939493 ], [ 105.842519758439991, 21.074765966823236 ], [ 105.842473497241116, 21.074824110739524 ], [ 105.842395409976092, 21.074886399826291 ], [ 105.842190099198262, 21.074999046994208 ], [ 105.84212864337475, 21.075043079523699 ], [ 105.842048821809911, 21.075137460557546 ], [ 105.841943414674745, 21.075309187552925 ], [ 105.841904484860635, 21.075340437903204 ], [ 105.841853459243083, 21.075360454683121 ], [ 105.841721168515875, 21.075372404270979 ], [ 105.841664094973368, 21.075386804208915 ], [ 105.84161911719184, 21.075412437707893 ], [ 105.841559401015687, 21.075491788633119 ], [ 105.841520471071874, 21.07552303889895 ], [ 105.841469445337125, 21.075543055566815 ], [ 105.841337154406816, 21.075555004861549 ], [ 105.841280080753378, 21.075569404673637 ], [ 105.841235102848401, 21.075595038074354 ], [ 105.841175386394056, 21.075674388872077 ], [ 105.841112455366613, 21.075717051535168 ], [ 105.841055381627413, 21.075731451274219 ], [ 105.840776774768628, 21.07574232415238 ], [ 105.840649963215114, 21.075759362001207 ], [ 105.840577960197407, 21.075793599234522 ], [ 105.840510079891416, 21.075865368208255 ], [ 105.840445107732023, 21.075906135230642 ], [ 105.840390074702427, 21.075922430152385 ], [ 105.840294635080156, 21.075934901106926 ], [ 105.840215600955929, 21.07596260833893 ], [ 105.84015765960639, 21.076009905110357 ], [ 105.839995518939801, 21.076263755148961 ], [ 105.839922117164306, 21.076330396390045 ], [ 105.839808914213336, 21.076393775968011 ], [ 105.839582699279319, 21.076487009489124 ], [ 105.839269359530675, 21.076667842379027 ], [ 105.839199134551947, 21.076737434223972 ], [ 105.839066661801965, 21.076951433069009 ], [ 105.83902039858053, 21.077009576096994 ], [ 105.838942308709704, 21.077071863665687 ], [ 105.838736992232882, 21.077184506815591 ], [ 105.838675534471022, 21.0772285381477 ], [ 105.838609996242127, 21.077302483041422 ], [ 105.838505226579372, 21.077474805162051 ], [ 105.83847234333048, 21.077511671660488 ], [ 105.838400338950336, 21.077545908007917 ], [ 105.838268045917687, 21.077557854975176 ], [ 105.838186969684983, 21.07758366587036 ], [ 105.838148038478806, 21.077614915396865 ], [ 105.838093875895197, 21.077699425573179 ], [ 105.838025159848101, 21.077770419329561 ], [ 105.837917888784517, 21.077839308695449 ], [ 105.837801282397749, 21.077899527935926 ], [ 105.837762351027834, 21.077930777378249 ], [ 105.837726633392066, 21.077998715007894 ], [ 105.837715296973968, 21.078123000077191 ], [ 105.837688651065051, 21.078199363091599 ], [ 105.837655767456184, 21.078236229440765 ], [ 105.837526499734565, 21.078318393187029 ], [ 105.837460960463176, 21.078392337662599 ], [ 105.83740925491216, 21.07847913021245 ], [ 105.837324891614657, 21.078670406034625 ], [ 105.837122943473403, 21.078988400175373 ], [ 105.837049539078649, 21.079055040240455 ], [ 105.836822937713293, 21.079181620372825 ], [ 105.836761478562707, 21.079225651047814 ], [ 105.836695938520975, 21.079299595246031 ], [ 105.836578087299458, 21.079493473732597 ], [ 105.836531822335274, 21.079551616123581 ], [ 105.836453730096466, 21.079613902607733 ], [ 105.836271238369719, 21.07971404273432 ], [ 105.836232306208501, 21.079745291845487 ], [ 105.836196587462908, 21.07981322917642 ], [ 105.836179391302181, 21.079965776920361 ], [ 105.836143672483217, 21.080033714240972 ], [ 105.8361047402135, 21.08006496332538 ], [ 105.836015762943106, 21.080117140534135 ], [ 105.835961334130943, 21.080167700961173 ], [ 105.835889065802135, 21.08026910049912 ], [ 105.835813054466172, 21.080400727586397 ], [ 105.835749023419538, 21.080476073832315 ], [ 105.835645113444485, 21.080548086247248 ], [ 105.83546171364398, 21.080647383741574 ], [ 105.835403768969357, 21.080694678975021 ], [ 105.835328135926403, 21.080792953874496 ], [ 105.835224266492972, 21.080966115915892 ], [ 105.835174485068976, 21.081020992930579 ], [ 105.835114157153285, 21.081066074838137 ], [ 105.83504623199245, 21.081104100761046 ], [ 105.834843328876204, 21.081185284766768 ], [ 105.834662194699661, 21.081286686890046 ], [ 105.83445929111339, 21.081367870450023 ], [ 105.834278156444242, 21.081469272177237 ], [ 105.834075252387933, 21.08155045529146 ], [ 105.83384543197117, 21.081674047792269 ], [ 105.83371033916778, 21.081717099100512 ], [ 105.833616106337288, 21.081730691332751 ], [ 105.833478252771712, 21.081737474150295 ], [ 105.833397173385819, 21.081763282847621 ], [ 105.833358240081296, 21.081794531329695 ], [ 105.833304073306962, 21.081879040076778 ], [ 105.833235353065476, 21.081950031998847 ], [ 105.833128076753525, 21.082018918476862 ], [ 105.832988634315129, 21.082091634307115 ], [ 105.832927172818543, 21.082135663655887 ], [ 105.832861629602561, 21.082209606453709 ], [ 105.832743771155421, 21.082403482453458 ], [ 105.832679737698044, 21.082478827603605 ], [ 105.832575824817468, 21.082550838217703 ], [ 105.832392420445601, 21.082650132521028 ], [ 105.832317502164358, 21.082715368219613 ], [ 105.832273462610004, 21.08277494702314 ], [ 105.832238729961276, 21.082838114961422 ], [ 105.832203654172375, 21.08294822297427 ], [ 105.832215594774922, 21.083006078791833 ], [ 105.832258955350397, 21.083053933521761 ], [ 105.832508773349417, 21.083191652687432 ], [ 105.832584414386773, 21.08325614981398 ], [ 105.832657812075425, 21.083356833297103 ], [ 105.832749768045886, 21.083508033724364 ], [ 105.832800159932489, 21.083562418460563 ], [ 105.83287674465771, 21.083620344284785 ], [ 105.832891217198977, 21.083646353801022 ], [ 105.832889933702717, 21.083658923998517 ], [ 105.832870327169331, 21.083683195271867 ], [ 105.832783510947522, 21.083732395504025 ], [ 105.832708592318767, 21.083797631379408 ], [ 105.832636320068872, 21.083899029620898 ], [ 105.832573383046821, 21.084009098173421 ], [ 105.832540496914902, 21.084045963590903 ], [ 105.832468487989885, 21.084080197545312 ], [ 105.832336188544843, 21.0840921400873 ], [ 105.832255107679131, 21.084117948280781 ], [ 105.832216173531137, 21.084149196520528 ], [ 105.832162005294123, 21.084233704929623 ], [ 105.832093283452224, 21.084304696423619 ], [ 105.831986004937463, 21.084373582234242 ], [ 105.831824900328741, 21.084459885155852 ], [ 105.831766953023916, 21.084507179213716 ], [ 105.831702239909063, 21.084581894045741 ], [ 105.831659563928426, 21.084609667071138 ], [ 105.831575421352312, 21.084632631692912 ], [ 105.831471660402897, 21.084637375240966 ], [ 105.831380032598673, 21.084653387713324 ], [ 105.831328207983034, 21.084672663697976 ], [ 105.831191860834537, 21.084748256094077 ], [ 105.831012953796119, 21.084818024577732 ], [ 105.83067274752743, 21.085007620180953 ], [ 105.830614799637331, 21.085054913861409 ], [ 105.830550085703067, 21.085129628276167 ], [ 105.830507409344833, 21.085157401022261 ], [ 105.830453997762945, 21.085175203074485 ], [ 105.830389850963755, 21.085183034422538 ], [ 105.829776166163199, 21.085186036532644 ], [ 105.829678866293008, 21.085176136632239 ], [ 105.829623164270203, 21.085160845458411 ], [ 105.829346784475192, 21.085014253057913 ], [ 105.829266505149818, 21.08495415359755 ], [ 105.829189779659131, 21.084856625861249 ], [ 105.829083984965351, 21.084684491857903 ], [ 105.82903359399586, 21.084630105992861 ], [ 105.828946934240989, 21.08455902855545 ], [ 105.828942538197907, 21.084546168539855 ], [ 105.828950785742123, 21.08452131802262 ], [ 105.829070735199139, 21.08444545319227 ], [ 105.829125167928751, 21.084394894871714 ], [ 105.829197442844219, 21.084293498044836 ], [ 105.829260382511563, 21.084183430661913 ], [ 105.82929326950547, 21.084146565852979 ], [ 105.829365279239894, 21.08411233322126 ], [ 105.829497579027233, 21.084100392987381 ], [ 105.829578660409268, 21.084074586096129 ], [ 105.829617595112623, 21.084043338443717 ], [ 105.829703782573219, 21.083921158765918 ], [ 105.829803842251437, 21.083845568781403 ], [ 105.829898494308438, 21.0837986613015 ], [ 105.830076720429517, 21.083728262165891 ], [ 105.830257860797929, 21.083626864765023 ], [ 105.83046076987597, 21.083545686072959 ], [ 105.830751625819062, 21.083381107902497 ], [ 105.830779923742327, 21.08333724167781 ], [ 105.830764510574255, 21.0832837424499 ], [ 105.830642967060115, 21.083092486325473 ], [ 105.830588536781349, 21.08304193170278 ], [ 105.830537287311131, 21.083022418797693 ], [ 105.830474067738692, 21.083014258022022 ], [ 105.830262578338605, 21.08302005665773 ], [ 105.830130391633759, 21.083032101524388 ], [ 105.830075354759316, 21.083048393212326 ], [ 105.830029692342819, 21.083073391917583 ], [ 105.829993404381426, 21.083107097647748 ], [ 105.829964487395614, 21.083147649570527 ], [ 105.829859060794334, 21.083319369550193 ], [ 105.829796123242701, 21.083362028193438 ], [ 105.829739045378517, 21.083376424247177 ], [ 105.829460422767099, 21.08338727903849 ], [ 105.829333603151838, 21.083404308674478 ], [ 105.829261593744718, 21.083438541284533 ], [ 105.829196356928065, 21.083507152026478 ], [ 105.829168643581056, 21.083520734359887 ], [ 105.829142165489316, 21.083512993858189 ], [ 105.829129389667756, 21.083501127544217 ], [ 105.829071470429682, 21.083424861361895 ], [ 105.828999085148709, 21.08339133429207 ], [ 105.828935865481938, 21.083383172946018 ], [ 105.828793511570936, 21.083385773772118 ], [ 105.828623222227407, 21.083396132928186 ], [ 105.82856349783242, 21.083408070577857 ], [ 105.828513147835537, 21.083428715327198 ], [ 105.828455199827786, 21.083476008281131 ], [ 105.828335785326601, 21.083668442408179 ], [ 105.828281918802432, 21.083719526401779 ], [ 105.828230888388276, 21.083739539221934 ], [ 105.828098588781046, 21.083751478461423 ], [ 105.828041510584598, 21.083765873953787 ], [ 105.827996527863888, 21.083791503978699 ], [ 105.827936801096143, 21.083870850384535 ], [ 105.827897866070472, 21.083902097662019 ], [ 105.827846835539148, 21.083922110369993 ], [ 105.827714535728944, 21.083934049316113 ], [ 105.827633454066955, 21.08395985532508 ], [ 105.827594518952765, 21.083991102535478 ], [ 105.827540348100953, 21.084075609555178 ], [ 105.827471624063293, 21.084146599248768 ], [ 105.827386646159653, 21.084202491966405 ], [ 105.827182748093435, 21.08431645660108 ], [ 105.827112513839964, 21.08438604368822 ], [ 105.826980017064756, 21.084600033706256 ], [ 105.826933746762577, 21.084658173621811 ], [ 105.826855647769847, 21.084720455872592 ], [ 105.826650311344835, 21.084833084948666 ], [ 105.826588846797748, 21.084877112086463 ], [ 105.82650901012849, 21.084971486203145 ], [ 105.826403578268355, 21.085143204172748 ], [ 105.826364642587436, 21.085174451115254 ], [ 105.826283560003262, 21.085200256505274 ], [ 105.825937837254244, 21.085216196121024 ], [ 105.825851764591434, 21.085237366437685 ], [ 105.825786784245466, 21.085278128071028 ], [ 105.825738209021054, 21.085334127408892 ], [ 105.825697232339323, 21.085363478624881 ], [ 105.825618190333742, 21.085391179282883 ], [ 105.825522743150088, 21.085403642157033 ], [ 105.825467704853722, 21.085419932391254 ], [ 105.825422040910325, 21.085444929898895 ], [ 105.825353808756489, 21.085516377185506 ], [ 105.825311131275853, 21.085544148658805 ], [ 105.825257718877225, 21.085561949099372 ], [ 105.825090830020756, 21.085575465963071 ], [ 105.82500475701687, 21.085596635859904 ], [ 105.824843418746923, 21.085682720457122 ], [ 105.824640503508022, 21.085763892607357 ], [ 105.824347802921011, 21.085930198817881 ], [ 105.824314914295257, 21.085967062713681 ], [ 105.824294121058529, 21.086015161419148 ], [ 105.824282773079759, 21.086139445864767 ], [ 105.824256118953599, 21.086215806972938 ], [ 105.824223230244343, 21.086252670852542 ], [ 105.824133753463059, 21.086304385497904 ], [ 105.82405882966809, 21.086369617701433 ], [ 105.823986550232817, 21.086471012462685 ], [ 105.823910525264921, 21.086602634573499 ], [ 105.82386425314634, 21.08666077369806 ], [ 105.823786151806132, 21.086723054597851 ], [ 105.823580810233693, 21.086835680099277 ], [ 105.823519343939125, 21.086879706171594 ], [ 105.823453793939592, 21.086953645516488 ], [ 105.823335919532227, 21.08714751539997 ], [ 105.823271879255685, 21.087222857181356 ], [ 105.823167958413109, 21.087294862252044 ], [ 105.822964052809084, 21.087408822020155 ], [ 105.822909616861438, 21.087459378450994 ], [ 105.82286221164415, 21.087516465438387 ], [ 105.82282123378917, 21.087545815990495 ], [ 105.822742190061248, 21.087573515356965 ], [ 105.822646741190269, 21.087585976663593 ], [ 105.822591701750682, 21.087602265997354 ], [ 105.822526719464577, 21.087643026433806 ], [ 105.822478142247988, 21.087699024888195 ], [ 105.822437164265395, 21.087728375351023 ], [ 105.822358120364299, 21.087756074543456 ], [ 105.822262671337199, 21.087768535638602 ], [ 105.822207631784593, 21.087784824850992 ], [ 105.82214264931072, 21.087825585145485 ], [ 105.82209407188931, 21.087881583495378 ], [ 105.82205309377909, 21.087910933868926 ], [ 105.821974049704821, 21.087938632887315 ], [ 105.821878600521615, 21.087951093770982 ], [ 105.821823560856004, 21.087967382861986 ], [ 105.821758578194348, 21.088008143014537 ], [ 105.821689662843596, 21.088078957026511 ], [ 105.821641616504721, 21.088101741990936 ], [ 105.821582835295715, 21.088114555688151 ], [ 105.821446675602431, 21.088122908627703 ], [ 105.821360600559515, 21.088144076734469 ], [ 105.821199257365365, 21.088230157999654 ], [ 105.820996336576911, 21.088311325945494 ], [ 105.82081518399545, 21.088412713796068 ], [ 105.820712362867837, 21.08845203381588 ], [ 105.820593742239794, 21.088476678047499 ], [ 105.820423296841255, 21.088486890409939 ], [ 105.820366216017447, 21.088501283395832 ], [ 105.820303273497331, 21.088543938652585 ], [ 105.820249096881, 21.08862844348889 ], [ 105.820180367256285, 21.088699430373694 ], [ 105.82007103910226, 21.088766413253463 ], [ 105.819944212773379, 21.088817142428091 ], [ 105.819892745028284, 21.088826426767596 ], [ 105.81984392242525, 21.088824404729515 ], [ 105.819775648186109, 21.088800172218566 ], [ 105.819525831652513, 21.088662434316188 ], [ 105.819467363144341, 21.088615706638283 ], [ 105.819402166255458, 21.088541941337898 ], [ 105.819360885155433, 21.088516164719941 ], [ 105.81931033975512, 21.08850172641127 ], [ 105.819250530045252, 21.088498626403933 ], [ 105.819186115647241, 21.088506207019773 ], [ 105.819131075453456, 21.088522495252462 ], [ 105.819085409457799, 21.088547491111278 ], [ 105.819049117657414, 21.088581194603819 ], [ 105.818914753569857, 21.088793458376717 ], [ 105.818851810495417, 21.088836113111039 ], [ 105.818761653084565, 21.088853488598268 ], [ 105.81837010810321, 21.088860565550213 ], [ 105.818284032145471, 21.088881732122275 ], [ 105.818214624418857, 21.088918381816079 ], [ 105.818179087278608, 21.088952786404665 ], [ 105.818152924309402, 21.088995898681745 ], [ 105.818136135515189, 21.089047718651425 ], [ 105.818116619187677, 21.089164420131883 ], [ 105.818095143264486, 21.089211886249096 ], [ 105.818064293128103, 21.089250644664492 ], [ 105.817980480473736, 21.089307621310294 ], [ 105.817797057690129, 21.089406900348639 ], [ 105.81773910390686, 21.089454189796594 ], [ 105.817674381528406, 21.089528899535328 ], [ 105.817631701430429, 21.089556669147981 ], [ 105.81754755368182, 21.089579626961307 ], [ 105.817443788538043, 21.089584362054389 ], [ 105.817352155934586, 21.089600367090039 ], [ 105.817300327657762, 21.089619638894074 ], [ 105.817163968572103, 21.089695220353494 ], [ 105.81698504859601, 21.089764974412848 ], [ 105.816644812451585, 21.089954542729117 ], [ 105.816586858083056, 21.090001831799199 ], [ 105.816522134885062, 21.090076541120009 ], [ 105.816454088663335, 21.090114455772099 ], [ 105.816395306157418, 21.090127267709146 ], [ 105.816291540571356, 21.090132002110678 ], [ 105.816199907487771, 21.090148006537834 ], [ 105.816148078861957, 21.090167277999619 ], [ 105.816011718669614, 21.090242858563222 ], [ 105.815880996837805, 21.090289968704749 ], [ 105.81575768677051, 21.090310255712247 ], [ 105.815619823953412, 21.090317024298777 ], [ 105.81556274191442, 21.090331415703155 ], [ 105.815517754995795, 21.09035704253445 ], [ 105.815458018943872, 21.090436384789022 ], [ 105.815419079542622, 21.090467629320056 ], [ 105.815368044991061, 21.09048763838717 ], [ 105.815235738028832, 21.090499567815534 ], [ 105.815178655878981, 21.090513959093819 ], [ 105.815133668836907, 21.09053958582664 ], [ 105.815073932506607, 21.090618927953269 ], [ 105.815010987533199, 21.090661581314095 ], [ 105.814920828506573, 21.090678954806698 ], [ 105.813729509465517, 21.090684673230058 ], [ 105.813666379568218, 21.09069344621803 ], [ 105.813594362874326, 21.090727672381224 ], [ 105.813534625635072, 21.090807013992997 ], [ 105.813471680123897, 21.090849666798523 ], [ 105.813414597649725, 21.090864057492453 ], [ 105.813312343268109, 21.09087019454066 ], [ 105.81323125514426, 21.090895993849632 ], [ 105.813192315142246, 21.09092723788681 ], [ 105.813150535751177, 21.090989552901426 ], [ 105.813087590050117, 21.091032205569565 ], [ 105.813030507465101, 21.091046596137396 ], [ 105.812751868340143, 21.091057423985255 ], [ 105.812625039879904, 21.091074441390784 ], [ 105.812553022750734, 21.091108667124029 ], [ 105.812464782794137, 21.091195240127863 ], [ 105.812388684113216, 21.091225674313609 ], [ 105.812288432799477, 21.091233671801362 ], [ 105.812191129762823, 21.091223761968628 ], [ 105.81211032547003, 21.09119820953612 ], [ 105.811997276389846, 21.091135119597062 ], [ 105.81186990050179, 21.091085612969366 ], [ 105.811782475840388, 21.091066337287913 ], [ 105.811649671647402, 21.091056031588515 ], [ 105.811580493990206, 21.091059185944758 ], [ 105.811499405435484, 21.091084984438272 ], [ 105.811460465008849, 21.091116228090517 ], [ 105.811418684829803, 21.091178542702291 ], [ 105.811355738533052, 21.091221194745408 ], [ 105.811265578674565, 21.091238566318783 ], [ 105.811166255657724, 21.091230571070135 ], [ 105.811093870264855, 21.091197036383434 ], [ 105.811033273275541, 21.091118270925481 ], [ 105.810969867170201, 21.091076223058359 ], [ 105.810879523479869, 21.091059714516526 ], [ 105.810554617171832, 21.091061267203411 ], [ 105.810428546468628, 21.091044576658668 ], [ 105.810376510394164, 21.091025803097008 ], [ 105.810239333775911, 21.090951533615605 ], [ 105.810136086924672, 21.090913204019333 ], [ 105.810017201365952, 21.090889701198702 ], [ 105.809846650341314, 21.090881127362309 ], [ 105.809789414446868, 21.090867283582174 ], [ 105.809726008783656, 21.090825235234135 ], [ 105.809665412655576, 21.090746469255965 ], [ 105.809620149179111, 21.09072127467741 ], [ 105.809562913364644, 21.090707430817947 ], [ 105.80946062825636, 21.090707918892338 ], [ 105.809379539486869, 21.090733716379191 ], [ 105.809340598687953, 21.090764959557436 ], [ 105.809280859120506, 21.090844299744344 ], [ 105.809208841282171, 21.090878524079866 ], [ 105.809145710976168, 21.090887295396438 ], [ 105.808754103237064, 21.090883974891245 ], [ 105.808642698677616, 21.090853378803377 ], [ 105.808391428713904, 21.090717008100427 ], [ 105.80831115430145, 21.090656898588882 ], [ 105.808245621723671, 21.090582812903243 ], [ 105.80817716646267, 21.090545551804901 ], [ 105.808084803294506, 21.090530956891701 ], [ 105.807149180794738, 21.090532587524311 ], [ 105.807091945251656, 21.090518742821097 ], [ 105.807046682254452, 21.09049354753898 ], [ 105.806986087644859, 21.090414780550812 ], [ 105.806946810964007, 21.090383909962313 ], [ 105.806895561763326, 21.09036438991366 ], [ 105.806832340035257, 21.090356220394295 ], [ 105.806507434931234, 21.090357765281457 ], [ 105.806410244719501, 21.09036860300958 ], [ 105.806329721730251, 21.09039492504677 ], [ 105.806217362209338, 21.090459090195282 ], [ 105.806090529380427, 21.090509809201087 ], [ 105.806003318157465, 21.090529917630072 ], [ 105.805870632690997, 21.090541489114148 ], [ 105.805545727107031, 21.090543032172526 ], [ 105.805448424827645, 21.090533118442316 ], [ 105.805367621948477, 21.090507562746613 ], [ 105.805254576084565, 21.090444468200271 ], [ 105.805127202842911, 21.090394956414531 ], [ 105.805039779331793, 21.09037567721542 ], [ 105.804906976026629, 21.090365366201539 ], [ 105.804837798445831, 21.090368517802546 ], [ 105.804756708979511, 21.090394313100308 ], [ 105.80471776726101, 21.090425555246796 ], [ 105.804658025308328, 21.090504893883356 ], [ 105.804613036362213, 21.090530517884169 ], [ 105.804555953046531, 21.090544905621151 ], [ 105.803909165200366, 21.090550795156108 ], [ 105.803845943515796, 21.090542624521181 ], [ 105.803794694630909, 21.090523103524799 ], [ 105.80375541855328, 21.090492232177503 ], [ 105.803700381296395, 21.090418625501524 ], [ 105.803684802338893, 21.09040977015259 ], [ 105.803650220491249, 21.090405733741516 ], [ 105.80361107338932, 21.090419929710805 ], [ 105.803473157131648, 21.090494061169007 ], [ 105.803395016216101, 21.090522595517463 ], [ 105.803307804572498, 21.090542702572467 ], [ 105.803175118809207, 21.090554271955153 ], [ 105.802850212981738, 21.090555809852418 ], [ 105.802724329158195, 21.090573698417817 ], [ 105.802672498497913, 21.090592965822122 ], [ 105.802536130711687, 21.090668535781575 ], [ 105.802333195702687, 21.090749681813801 ], [ 105.802152026830257, 21.090851050209807 ], [ 105.802049198721932, 21.090890359118905 ], [ 105.801997728956422, 21.090899638085688 ], [ 105.801948905728409, 21.09089761091176 ], [ 105.801902729048962, 21.090884277599063 ], [ 105.801652636492548, 21.090748985296255 ], [ 105.801590692712438, 21.09070555010463 ], [ 105.801507175409711, 21.090615100093608 ], [ 105.801465896651621, 21.090589319046053 ], [ 105.801415352076702, 21.090574875375683 ], [ 105.801322161786359, 21.090574467434578 ], [ 105.801262432008727, 21.090586395626858 ], [ 105.801212075559647, 21.090607032457019 ], [ 105.801171092434629, 21.090636377933528 ], [ 105.801122165960905, 21.090692054562687 ], [ 105.801054115330714, 21.090729963169295 ], [ 105.800995331068933, 21.090742769819137 ], [ 105.800859167229504, 21.090751106345955 ], [ 105.800748097816893, 21.090782757827643 ], [ 105.800476645402384, 21.090935089150463 ], [ 105.80041868534552, 21.090982372868179 ], [ 105.800353953430417, 21.091057076285185 ], [ 105.800285902431227, 21.091094984593514 ], [ 105.800227117951465, 21.09110779098328 ], [ 105.800123350812015, 21.091112515532277 ], [ 105.800031715079996, 21.091128511298685 ], [ 105.799979883852757, 21.091147777896239 ], [ 105.799818827167186, 21.09123412058409 ], [ 105.799683715020976, 21.09127714534851 ], [ 105.799555714869243, 21.091293066300693 ], [ 105.79920812134867, 21.091307231418874 ], [ 105.799122040924118, 21.091328388394341 ], [ 105.799057050322787, 21.091369140081348 ], [ 105.799008462903487, 21.091425132113319 ], [ 105.798967479107759, 21.091454477075569 ], [ 105.798888428509315, 21.091482165523825 ], [ 105.798792974672438, 21.091494613547706 ], [ 105.798737930924645, 21.091510895264822 ], [ 105.798672940135617, 21.091551646809656 ], [ 105.798624352511482, 21.091607638736878 ], [ 105.798583368588183, 21.091636983609693 ], [ 105.798504317816736, 21.091664671883695 ], [ 105.79840886382398, 21.091677119695884 ], [ 105.79835381996331, 21.091693401291483 ], [ 105.798308149337458, 21.091718391690723 ], [ 105.798240241157643, 21.091790144516622 ], [ 105.798175250107249, 21.091830895877614 ], [ 105.798120206162309, 21.091847177399725 ], [ 105.798024752013688, 21.091859625000229 ], [ 105.797945701012978, 21.091887313020209 ], [ 105.797887739765287, 21.091934595905123 ], [ 105.797753342159183, 21.092146843896902 ], [ 105.797690391378694, 21.092189491002049 ], [ 105.797600229086868, 21.092206855379501 ], [ 105.797500905864879, 21.092198852127186 ], [ 105.797428522850467, 21.092165311529524 ], [ 105.797367932477229, 21.092086540980564 ], [ 105.797304529611552, 21.09204448790009 ], [ 105.797214186577392, 21.092027972052225 ], [ 105.797106903687705, 21.092029428947786 ], [ 105.796901520366418, 21.092040874234922 ], [ 105.796841789597536, 21.09205280089844 ], [ 105.796769768145396, 21.092087020057573 ], [ 105.796681518186816, 21.092173585152253 ], [ 105.796605415542089, 21.092204012372491 ], [ 105.796541263494944, 21.09221183106979 ], [ 105.796075350002582, 21.09221719399725 ], [ 105.795939787898561, 21.092226087353787 ], [ 105.795880056967192, 21.092238013683172 ], [ 105.795808035192294, 21.09227223244303 ], [ 105.795740125533428, 21.092343984309494 ], [ 105.795699140821668, 21.092373328507314 ], [ 105.795620089082476, 21.092401015464112 ], [ 105.795524634322604, 21.09241346167471 ], [ 105.795469589845439, 21.092429742351548 ], [ 105.795404597729032, 21.09247049268075 ], [ 105.795356008559764, 21.092526483714146 ], [ 105.795315023720448, 21.092555827822512 ], [ 105.795235971808268, 21.092583514605018 ], [ 105.795140516892559, 21.092595960603902 ], [ 105.795085472302517, 21.092612241159191 ], [ 105.795020479998428, 21.092652991346185 ], [ 105.794971890624339, 21.092708982274793 ], [ 105.794930905657438, 21.092738326293695 ], [ 105.794851853572268, 21.092766012901901 ], [ 105.794756398500724, 21.092778458689061 ], [ 105.794701353797805, 21.092794739122809 ], [ 105.794636361306033, 21.092835489167573 ], [ 105.794567430554736, 21.092906292605377 ], [ 105.794519378273733, 21.092929070057586 ], [ 105.79442717457755, 21.092944536810499 ], [ 105.793779202917236, 21.092949299430703 ], [ 105.793716259341849, 21.092958240405817 ], [ 105.793635732518851, 21.092984556524691 ], [ 105.793499357759899, 21.093060119412616 ], [ 105.79329641425052, 21.093141254869828 ], [ 105.792980146448627, 21.093319370947139 ], [ 105.792940332541477, 21.093349803140658 ], [ 105.79288939888599, 21.093403616219355 ], [ 105.79275499278927, 21.093615860481098 ], [ 105.792692039911174, 21.093658505788675 ], [ 105.792601876062321, 21.093675867552669 ], [ 105.791410526587896, 21.093681430008136 ], [ 105.79134739381891, 21.093690194768502 ], [ 105.791275370248485, 21.093724411652872 ], [ 105.791215619730067, 21.093803745792989 ], [ 105.791152666314773, 21.093846390544645 ], [ 105.791095580283908, 21.093860773827565 ], [ 105.7909933224513, 21.093866897513323 ], [ 105.790912228478703, 21.093892686318231 ], [ 105.790873282864752, 21.093923925394417 ], [ 105.790831493171765, 21.093986235213404 ], [ 105.79076853956667, 21.094028879827455 ], [ 105.790711453425075, 21.09404326298414 ], [ 105.790432805773648, 21.094054054393375 ], [ 105.79030597163522, 21.094071055266394 ], [ 105.790233947629915, 21.094105271720313 ], [ 105.790145692611603, 21.094191833551385 ], [ 105.790069587516982, 21.094222257906512 ], [ 105.790005434176152, 21.094230074168152 ], [ 105.789680519312057, 21.094231587095909 ], [ 105.78961729664978, 21.094223411185808 ], [ 105.789544914287461, 21.094189867206804 ], [ 105.78948432711077, 21.094111093754854 ], [ 105.789445052901073, 21.094080219043025 ], [ 105.789393804511135, 21.09406069368243 ], [ 105.789294480320279, 21.09405268565137 ], [ 105.789231347242847, 21.094061449632569 ], [ 105.789180307688099, 21.094081450963024 ], [ 105.789141361649968, 21.094112689653784 ], [ 105.78908160982337, 21.094192023079103 ], [ 105.78903661696917, 21.094217643057405 ], [ 105.788979530568497, 21.094232025638373 ], [ 105.78772201899173, 21.094243516849602 ], [ 105.787664932438901, 21.094257898992353 ], [ 105.787619939308868, 21.094283518602904 ], [ 105.787587039598236, 21.094320375690913 ], [ 105.787532350674951, 21.094404414016463 ], [ 105.787479032121396, 21.094456011622043 ], [ 105.787371724889468, 21.094524870032423 ], [ 105.787210582232277, 21.094611131661303 ], [ 105.787152616429296, 21.09465841100328 ], [ 105.787090869779206, 21.094730272284277 ], [ 105.787063150309436, 21.094743847910873 ], [ 105.787036672149469, 21.094736100841089 ], [ 105.787023898564215, 21.094724231295103 ], [ 105.786939070019258, 21.094605371595296 ], [ 105.786824390059778, 21.094509768158414 ], [ 105.786787931443456, 21.09444217542714 ], [ 105.786772354159865, 21.094354791706852 ], [ 105.786754148569884, 21.094303948278682 ], [ 105.78673881526376, 21.094284431754158 ], [ 105.786695687630825, 21.09425720907868 ], [ 105.78663594529813, 21.094245733557184 ], [ 105.786311030135778, 21.094247240032217 ], [ 105.786213726314699, 21.094237315308252 ], [ 105.786132924370278, 21.094211750419863 ], [ 105.786019883310146, 21.094148642913094 ], [ 105.785892512721972, 21.094099116602983 ], [ 105.785773627811849, 21.094075596758163 ], [ 105.785636181682392, 21.094069668692018 ], [ 105.785548057072248, 21.094088922810837 ], [ 105.785506124267414, 21.094117385980301 ], [ 105.785477645007219, 21.094158350834071 ], [ 105.785412275461908, 21.094299893818818 ], [ 105.785250626643332, 21.094554257262356 ], [ 105.785211679631516, 21.094585495078679 ], [ 105.785130584176542, 21.094611281160642 ], [ 105.784885946031466, 21.094610472937482 ], [ 105.784784712130048, 21.094604272010606 ], [ 105.784724856874988, 21.094592902823415 ], [ 105.784652475355017, 21.094559356729103 ], [ 105.784563311867515, 21.094473618375552 ], [ 105.784486889602704, 21.09444390194227 ], [ 105.784422656855781, 21.094436681523273 ], [ 105.784097741105228, 21.094438183772006 ], [ 105.784034607491961, 21.094446945833088 ], [ 105.783983567055884, 21.094466945624735 ], [ 105.783944619790873, 21.094498183157988 ], [ 105.78388486499226, 21.094577514840225 ], [ 105.783839871083941, 21.094603133470354 ], [ 105.783782783974715, 21.094617514321836 ], [ 105.783064791440964, 21.094624606617877 ], [ 105.782828364758089, 21.094640907226044 ], [ 105.782773317938137, 21.094657183847552 ], [ 105.782727643667613, 21.094682170153405 ], [ 105.782659726484809, 21.094753916994289 ], [ 105.78261873844653, 21.094783258124604 ], [ 105.78253968280616, 21.094810939093367 ], [ 105.7824442251612, 21.094823378021609 ], [ 105.782389178228428, 21.094839654521493 ], [ 105.782324181340002, 21.094880399972002 ], [ 105.782275586382639, 21.094936387420979 ], [ 105.782234598216817, 21.094965728461744 ], [ 105.782155542403558, 21.094993409256098 ], [ 105.78206008460289, 21.095005847972505 ], [ 105.782005037557298, 21.095022124350763 ], [ 105.781940040481231, 21.095062869658928 ], [ 105.781872112769193, 21.095132710721106 ], [ 105.781826414927352, 21.095153250678329 ], [ 105.781771331236271, 21.095162540232643 ], [ 105.781675773946603, 21.095155993706129 ], [ 105.781620559135177, 21.095140225562186 ], [ 105.781574625273294, 21.095115661682797 ], [ 105.781505963264749, 21.095045179761705 ], [ 105.781464686533013, 21.095019393789759 ], [ 105.781414142164678, 21.09500494415294 ], [ 105.781354330150521, 21.095001830843305 ], [ 105.781289910518126, 21.095009397212472 ], [ 105.781210854491405, 21.095037077572506 ], [ 105.781169866080404, 21.095066418362993 ], [ 105.781120930554067, 21.095122089474167 ], [ 105.781052872583714, 21.095159990259788 ], [ 105.780960665863788, 21.095175449774828 ], [ 105.780827259727033, 21.095165688185396 ], [ 105.780746458105767, 21.095140120720515 ], [ 105.780473398075827, 21.094990326631965 ], [ 105.78041493874909, 21.094943585217884 ], [ 105.780349757727322, 21.094869804436829 ], [ 105.780308481234783, 21.094844018175248 ], [ 105.780257937026079, 21.094829568188246 ], [ 105.780164743723844, 21.0948291487048 ], [ 105.780105010301781, 21.094841069547314 ], [ 105.780054649292467, 21.09486170022296 ], [ 105.780013660691395, 21.094891040740183 ], [ 105.779944721883851, 21.094961838465061 ], [ 105.779896666575752, 21.094984611859591 ], [ 105.779837878577226, 21.094997411280151 ], [ 105.778866149726468, 21.095004699460212 ], [ 105.778594299961043, 21.095021792019459 ], [ 105.778539252492294, 21.095038067284737 ], [ 105.778474254417191, 21.095078811294236 ], [ 105.778414384403277, 21.095158037038075 ], [ 105.778322846111337, 21.09530898106911 ], [ 105.77828389740327, 21.095340217343043 ], [ 105.778232855835086, 21.095360215435434 ], [ 105.778169721412894, 21.095368975335241 ], [ 105.777267170609221, 21.095373113617296 ], [ 105.7772005215012, 21.095378606903971 ], [ 105.777089443118271, 21.095410243141284 ], [ 105.776977066650616, 21.095474389396195 ], [ 105.776876948705066, 21.095516211569336 ], [ 105.776793244720878, 21.095539571445556 ], [ 105.776698996894396, 21.095553132483115 ], [ 105.776271120120853, 21.095556644306352 ], [ 105.776208084319606, 21.095548286308407 ], [ 105.776127283202271, 21.095522716625904 ], [ 105.77587603319374, 21.095386297141221 ], [ 105.77581409460241, 21.095342852384736 ], [ 105.775733243547123, 21.095249236182678 ], [ 105.775625967547995, 21.095078520917507 ], [ 105.775586695827855, 21.095047642918829 ], [ 105.775535448764998, 21.095028113326915 ], [ 105.775472226351866, 21.095019932131208 ], [ 105.77456967707819, 21.095024055995662 ], [ 105.774472373291843, 21.095014124527999 ], [ 105.774368306603478, 21.094976555146285 ], [ 105.774140325136941, 21.094852131857728 ], [ 105.774060061646409, 21.094792005801882 ], [ 105.773997537559595, 21.094715069364423 ], [ 105.773892097602186, 21.094542615255673 ], [ 105.773845203190632, 21.094484914284937 ], [ 105.773766434967627, 21.094423371416926 ], [ 105.773559887103033, 21.094312683901052 ], [ 105.773479624133998, 21.094252557550597 ], [ 105.773402929153974, 21.094155003682587 ], [ 105.773297190505644, 21.093982833241448 ], [ 105.773264767660507, 21.093945465218329 ], [ 105.773207432136203, 21.093897658740005 ], [ 105.773093536086066, 21.093835357766512 ], [ 105.772962315456141, 21.093789473992253 ], [ 105.772838791816881, 21.093770342639701 ], [ 105.772700859460429, 21.093764865229044 ], [ 105.772643625446676, 21.093751008845754 ], [ 105.772598366933082, 21.09372580422912 ], [ 105.772537788676303, 21.093647024435864 ], [ 105.772498517956208, 21.09361614568569 ], [ 105.772417157860119, 21.093591105421581 ], [ 105.772284726771019, 21.093580414727253 ], [ 105.772212348356604, 21.093546863218368 ], [ 105.77217906548114, 21.093510310297102 ], [ 105.772123501976722, 21.093426778573246 ], [ 105.772069647538402, 21.093375673484047 ], [ 105.771961627181298, 21.093307804629902 ], [ 105.771844364462396, 21.093248693987174 ], [ 105.771805093987609, 21.093217815067394 ], [ 105.771768642389617, 21.093150218876968 ], [ 105.77174980406032, 21.092997840000056 ], [ 105.771713352544083, 21.092930243793592 ], [ 105.771565054043108, 21.092832451195132 ], [ 105.771462074476105, 21.092727674669469 ], [ 105.771389736006881, 21.092701744718269 ], [ 105.771329925001496, 21.092698627837827 ], [ 105.771236810492013, 21.092713238038201 ], [ 105.771164782477086, 21.092747446515382 ], [ 105.771096520384503, 21.092818872844695 ], [ 105.771053830291365, 21.092846631029616 ], [ 105.771000408235508, 21.092864414658788 ], [ 105.770900152736772, 21.092872387787416 ], [ 105.770802850527389, 21.092862454161462 ], [ 105.770747150939869, 21.092847143568846 ], [ 105.770560092556337, 21.092752033872912 ], [ 105.770481653166669, 21.092724225715884 ], [ 105.770394232118392, 21.092704928568654 ], [ 105.770261428164588, 21.09269459042272 ], [ 105.769936515107673, 21.092696065431305 ], [ 105.769839213058347, 21.092686131246861 ], [ 105.769758414490468, 21.092660558440528 ], [ 105.769596456042592, 21.092575709546246 ], [ 105.769518016910496, 21.092547900934679 ], [ 105.769466451138271, 21.092539099152678 ], [ 105.769417650739385, 21.09254157849022 ], [ 105.769371615703037, 21.09255533895001 ], [ 105.769260398039393, 21.092618380765757 ], [ 105.769133549875264, 21.092669072574861 ], [ 105.769082077102567, 21.092678341634858 ], [ 105.769033253403364, 21.092676304991347 ], [ 105.768964984891298, 21.092652051836183 ], [ 105.768715205957122, 21.092514237893063 ], [ 105.768656751163789, 21.092467492269552 ], [ 105.768571078439408, 21.092378447029031 ], [ 105.768494660189617, 21.092348723251533 ], [ 105.768430428907692, 21.092341496722828 ], [ 105.76836007766606, 21.092343544683676 ], [ 105.768268437175692, 21.092359523417812 ], [ 105.768216601087346, 21.092378780447749 ], [ 105.768055523675599, 21.092465093577236 ], [ 105.767977374399678, 21.092493611846635 ], [ 105.767890156202924, 21.092513700871887 ], [ 105.767721363540574, 21.092525406073804 ], [ 105.767444675805777, 21.092515224869221 ], [ 105.767358376464998, 21.092494863686561 ], [ 105.767292960853339, 21.092454713801818 ], [ 105.767232274930805, 21.092376037119841 ], [ 105.767139181014755, 21.092225933816035 ], [ 105.767099911750861, 21.092195053765167 ], [ 105.767048666699708, 21.092175521538433 ], [ 105.76698544585382, 21.092167337125264 ], [ 105.765760993742461, 21.092170045344218 ], [ 105.765703760907158, 21.092156186578205 ], [ 105.765658503992583, 21.092130980054485 ], [ 105.765625223003525, 21.092094425782403 ], [ 105.765569663643234, 21.092010891769529 ], [ 105.765495540898399, 21.091944947464352 ], [ 105.76540577478535, 21.091893825991619 ], [ 105.765278412437965, 21.091844283918569 ], [ 105.765190992487547, 21.091824984051385 ], [ 105.76509313059961, 21.09181557833643 ], [ 105.764411360423225, 21.091814734230205 ], [ 105.764354127834608, 21.091800875000271 ], [ 105.764308871245007, 21.091775668105193 ], [ 105.764250149547252, 21.091698606134116 ], [ 105.764203418902611, 21.091672029011391 ], [ 105.764166552473654, 21.091677100264889 ], [ 105.764057166912451, 21.091738401162658 ], [ 105.76398309746817, 21.091770710288628 ], [ 105.763843099179681, 21.09180917606697 ], [ 105.763710408148654, 21.091820714707929 ], [ 105.763385496492276, 21.091822177112082 ], [ 105.76325960584785, 21.091840036567323 ], [ 105.76320776923879, 21.091859292081946 ], [ 105.763071379237289, 21.091934830959779 ], [ 105.762868419431243, 21.092015930485267 ], [ 105.762662530810928, 21.092128027112651 ], [ 105.762556479063264, 21.092164327209904 ], [ 105.762465746009894, 21.092181146890614 ], [ 105.762364470274193, 21.092188166794269 ], [ 105.761972856342169, 21.092184738360778 ], [ 105.761886557843368, 21.092164374364881 ], [ 105.761724304352441, 21.092079801858809 ], [ 105.761593088470278, 21.092033909125877 ], [ 105.761435786593765, 21.092012732783449 ], [ 105.761258480153629, 21.092014339939894 ], [ 105.761088173892318, 21.092024631752274 ], [ 105.761002086979204, 21.092045769560986 ], [ 105.760937085160819, 21.092086506970819 ], [ 105.760868138290448, 21.092157297202633 ], [ 105.760820080773385, 21.092180065261253 ], [ 105.760761292005682, 21.092192858090307 ], [ 105.759825338065994, 21.092199558689448 ], [ 105.759762203655796, 21.092208311732847 ], [ 105.759690173084223, 21.092242515412103 ], [ 105.759612441370024, 21.092338859927462 ], [ 105.759567443735705, 21.092364472232475 ], [ 105.759510354853262, 21.09237884496374 ], [ 105.759408067371069, 21.092379302896568 ], [ 105.759350834970348, 21.092365441971872 ], [ 105.759305579004618, 21.092340233723121 ], [ 105.759245008180699, 21.092261448938864 ], [ 105.759205740475906, 21.092230567011253 ], [ 105.759154496362243, 21.092211032368688 ], [ 105.759091275832233, 21.092202845000603 ], [ 105.758845706146872, 21.092210613039104 ], [ 105.758718869146264, 21.092227590358185 ], [ 105.758646838311464, 21.092261793601811 ], [ 105.758559575834681, 21.092347382261657 ], [ 105.758513875407758, 21.092367916016613 ], [ 105.758458791024779, 21.092377198015836 ], [ 105.758363236086225, 21.092370638267361 ], [ 105.758308024511592, 21.092354862422379 ], [ 105.758242611274525, 21.092314708970928 ], [ 105.758173967726052, 21.092245487531009 ], [ 105.758128060966328, 21.092225363288509 ], [ 105.758072884917951, 21.092216574156108 ], [ 105.75800843956965, 21.092219120125119 ], [ 105.757948705145026, 21.092231033190544 ], [ 105.757898341714792, 21.092251657360556 ], [ 105.757857349274445, 21.092280992643595 ], [ 105.757808742493523, 21.092336338191583 ], [ 105.75776773390497, 21.0923624976393 ], [ 105.757717341413155, 21.092377405291007 ], [ 105.757624157875867, 21.092378669631831 ], [ 105.757537859780896, 21.092358303409377 ], [ 105.757472446739101, 21.092318149654737 ], [ 105.757411765925369, 21.092239469299365 ], [ 105.757318681780632, 21.092089360301379 ], [ 105.757255289662865, 21.0920472919031 ], [ 105.757164950307327, 21.092030754587913 ], [ 105.756805770163311, 21.092030628046874 ], [ 105.756687038705863, 21.092006947468263 ], [ 105.756388909148455, 21.091846849776523 ], [ 105.75633045833402, 21.091800099776563 ], [ 105.756265287097108, 21.091725674144641 ], [ 105.756223999372452, 21.091696706043049 ], [ 105.756144663548739, 21.091669743312682 ], [ 105.756049083761468, 21.091658170681185 ], [ 105.755993872671283, 21.09164239406633 ], [ 105.755928460344137, 21.091602239690946 ], [ 105.755879292052427, 21.091546695169573 ], [ 105.755838004450027, 21.091517726969673 ], [ 105.755758668785958, 21.091490764053251 ], [ 105.755663089136121, 21.091479191199664 ], [ 105.755607878149192, 21.091463414455625 ], [ 105.755561949471897, 21.091438843355938 ], [ 105.755492961116175, 21.091368034373243 ], [ 105.755449989667397, 21.091340661517957 ], [ 105.755396388758555, 21.091323359334211 ], [ 105.755332158382004, 21.091316127812192 ], [ 105.755229408729988, 21.091321773171082 ], [ 105.755143321287619, 21.091342908020959 ], [ 105.754846825668508, 21.091505654844514 ], [ 105.754807004151445, 21.091536078317482 ], [ 105.754756056955756, 21.091589880359848 ], [ 105.754623448527013, 21.091803817130678 ], [ 105.754559370768931, 21.091879134076031 ], [ 105.7544554121598, 21.091951098149217 ], [ 105.754271941551139, 21.092050309881991 ], [ 105.754213965897435, 21.092097578269989 ], [ 105.754152204000988, 21.092169428033987 ], [ 105.75412448181784, 21.092182998358656 ], [ 105.754111087979751, 21.092181787544099 ], [ 105.754085234817737, 21.092163373961412 ], [ 105.75402734945591, 21.092087081140452 ], [ 105.753982094425794, 21.092061871440954 ], [ 105.753924862588491, 21.092048008666143 ], [ 105.753242266365092, 21.092047899894236 ], [ 105.753034751357589, 21.092040246276639 ], [ 105.752970257919074, 21.092033262877095 ], [ 105.752915046979851, 21.092017485255212 ], [ 105.752849635272057, 21.091977329674389 ], [ 105.752788956981064, 21.091898647584742 ], [ 105.752683243334459, 21.091726463478299 ], [ 105.752632876900734, 21.091672054167997 ], [ 105.752556317754866, 21.09161409132734 ], [ 105.752541858131863, 21.091588074567625 ], [ 105.752543148453313, 21.091575504775523 ], [ 105.752562769354853, 21.091551242366375 ], [ 105.75264961790343, 21.091502082260551 ], [ 105.752707593845642, 21.091454814396005 ], [ 105.752755027758155, 21.091397746164542 ], [ 105.752806787596228, 21.091310977856903 ], [ 105.752847667389844, 21.091214094970425 ], [ 105.752868239219779, 21.091132054517548 ], [ 105.752879269669236, 21.091007422267992 ], [ 105.75286977491308, 21.090914291276029 ], [ 105.752833332340543, 21.09084669072147 ], [ 105.752685047745189, 21.09074888115558 ], [ 105.752601559182537, 21.090658406154517 ], [ 105.752536176952546, 21.090623966900445 ], [ 105.752481001765659, 21.090615175919808 ], [ 105.752385518466113, 21.090622586365331 ], [ 105.752330469452673, 21.090638853170788 ], [ 105.752265465755102, 21.090679587317148 ], [ 105.752216860546284, 21.090735566483616 ], [ 105.752175867349266, 21.090764900419902 ], [ 105.752096807677532, 21.090792567319976 ], [ 105.752001349460855, 21.090804989120407 ], [ 105.751946300334808, 21.090821255804116 ], [ 105.75188129644981, 21.090861989807905 ], [ 105.751832691036299, 21.090917968869206 ], [ 105.75179169771188, 21.09094730271579 ], [ 105.751712637867527, 21.090974969441248 ], [ 105.751617179495526, 21.090987391029675 ], [ 105.751562130256886, 21.091003657591632 ], [ 105.751497126184475, 21.091044391452865 ], [ 105.751448520566242, 21.091100370408977 ], [ 105.751407527114409, 21.091129704165848 ], [ 105.75132846709748, 21.09115737071669 ], [ 105.751233008570154, 21.091169792093115 ], [ 105.751177959218921, 21.091186058533328 ], [ 105.751112954959083, 21.091226792251977 ], [ 105.751045014090096, 21.091296621385524 ], [ 105.750999312877738, 21.091317153139823 ], [ 105.750913167308099, 21.091326852908711 ], [ 105.750848674250435, 21.091319868689745 ], [ 105.750793463777995, 21.091304090361401 ], [ 105.75072805293145, 21.091263933932673 ], [ 105.750658393275458, 21.091193761070215 ], [ 105.75061010782278, 21.091171422157803 ], [ 105.750551192582932, 21.091159153620161 ], [ 105.750192837583768, 21.091158232833543 ], [ 105.750129702924824, 21.091166982296571 ], [ 105.750078658702165, 21.091186971997541 ], [ 105.750039704909625, 21.091218201947495 ], [ 105.749953446877285, 21.091340343216132 ], [ 105.74985969712894, 21.091416176948204 ], [ 105.749845499759275, 21.091442320618121 ], [ 105.749846916412039, 21.0914548784306 ], [ 105.749866780399813, 21.091478966009703 ], [ 105.749948617632057, 21.091532566998932 ], [ 105.749975906213123, 21.091574797801993 ], [ 105.74999121771198, 21.091628375268037 ], [ 105.749993872269457, 21.091760111941177 ], [ 105.749986222726918, 21.091921611786436 ], [ 105.749978780298861, 21.091982137313558 ], [ 105.749961967321823, 21.092033951262334 ], [ 105.749935783788573, 21.092077053630327 ], [ 105.749900229695186, 21.092111444413462 ], [ 105.749651862585907, 21.092251488615968 ], [ 105.749593885340829, 21.092298755469884 ], [ 105.749532121085295, 21.092370603619006 ], [ 105.749504398420086, 21.092384173201957 ], [ 105.749477922427403, 21.092376420194597 ], [ 105.749465151936818, 21.092364547719605 ], [ 105.749412770674866, 21.092283041038694 ], [ 105.749343296042369, 21.092212692460109 ], [ 105.749235286372155, 21.092144808786006 ], [ 105.74907326551164, 21.092060009993734 ], [ 105.749014816815006, 21.092013257407945 ], [ 105.748938223545849, 21.091932632137478 ], [ 105.748924477379703, 21.091928633910047 ], [ 105.748898080388017, 21.091936620427255 ], [ 105.748828314184308, 21.092025407491075 ], [ 105.748756281037913, 21.092059606600515 ], [ 105.74869314589759, 21.09206835554183 ], [ 105.748623937248993, 21.092065837542979 ], [ 105.748566705845931, 21.092051972945487 ], [ 105.748521451698608, 21.092026761761122 ], [ 105.748488174811797, 21.091990203999259 ], [ 105.748432624882483, 21.091906664082497 ], [ 105.748378778856335, 21.091855551200851 ], [ 105.748270769867304, 21.091787666888969 ], [ 105.748108749917236, 21.091702867144008 ], [ 105.748033139600437, 21.091638331410163 ], [ 105.747949667377426, 21.091513161424174 ], [ 105.747863270619646, 21.091322679917752 ], [ 105.747701342135329, 21.091067588633532 ], [ 105.747658043595322, 21.091027333537344 ], [ 105.747623462719076, 21.091023285662466 ], [ 105.747604457721721, 21.091028098380932 ], [ 105.747335942038802, 21.091177509710192 ], [ 105.747277964439462, 21.091224775787897 ], [ 105.747216567695261, 21.09130258595161 ], [ 105.747156963586264, 21.091415785701134 ], [ 105.747117306715865, 21.091547530732399 ], [ 105.747107273305261, 21.091639371289837 ], [ 105.747095556519284, 21.091965707227054 ], [ 105.747073849430393, 21.092046694669236 ], [ 105.747047665046694, 21.092089796616264 ], [ 105.747012110265032, 21.092124186813898 ], [ 105.746808248881734, 21.092238161110451 ], [ 105.746769294113477, 21.092269390334099 ], [ 105.746733531235549, 21.092337310097157 ], [ 105.746722118262724, 21.092461591282738 ], [ 105.746695423053254, 21.092537941414935 ], [ 105.746662513340482, 21.092574790868102 ], [ 105.746596524561767, 21.092614609334117 ], [ 105.74655169379173, 21.092674098677168 ], [ 105.746534066198265, 21.092758879171274 ], [ 105.746539508586338, 21.094450089979041 ], [ 105.746524734121834, 21.094503800173008 ], [ 105.746497869181411, 21.094546269854607 ], [ 105.746458913760279, 21.094577499018385 ], [ 105.746369895055508, 21.094629630371113 ], [ 105.746299617303364, 21.094699185237872 ], [ 105.746165142627262, 21.094911394603621 ], [ 105.746126187041355, 21.094942623694546 ], [ 105.746075140969211, 21.094962612236305 ], [ 105.74601200441694, 21.094971360217869 ], [ 105.745904708275731, 21.094970879313209 ], [ 105.745668123373449, 21.094956710107855 ], [ 105.745612912033991, 21.094940930123695 ], [ 105.745547500886914, 21.094900771720162 ], [ 105.745472994227669, 21.094801148254131 ], [ 105.745395585067371, 21.094670233794591 ], [ 105.745348701351801, 21.094612524614746 ], [ 105.745248177699281, 21.094537546947151 ], [ 105.745065250265853, 21.094438507951818 ], [ 105.745031973644771, 21.094401949513006 ], [ 105.745004516932255, 21.094325837474646 ], [ 105.744993097578259, 21.094064331071447 ], [ 105.744975017952115, 21.093945295814983 ], [ 105.744953045491982, 21.093898029164112 ], [ 105.744921789957061, 21.093859556285956 ], [ 105.744837391015949, 21.093805259196511 ], [ 105.744721901259581, 21.093760413271042 ], [ 105.744653151129853, 21.093751925338161 ], [ 105.744595040806288, 21.093772932083439 ], [ 105.74453058318268, 21.093840731382045 ], [ 105.744465547407273, 21.093875746146207 ], [ 105.744379399831445, 21.093885442650461 ], [ 105.74428614008967, 21.093871664971854 ], [ 105.744235570851501, 21.09385148764985 ], [ 105.744177122892737, 21.093804733382665 ], [ 105.744042389363869, 21.09359543584867 ], [ 105.743995661519875, 21.093568853074551 ], [ 105.743938645168996, 21.093583290039245 ], [ 105.743713790188281, 21.093711469933794 ], [ 105.74366895793014, 21.093770958551154 ], [ 105.743651328582089, 21.093855738787209 ], [ 105.743664972154505, 21.094149176365054 ], [ 105.74368748672201, 21.094229969529792 ], [ 105.743714100433621, 21.094272839497094 ], [ 105.74374999734907, 21.094306915745527 ], [ 105.74397795405244, 21.094431380680383 ], [ 105.744058205722979, 21.094491521345574 ], [ 105.744134882173157, 21.094589089051581 ], [ 105.744256216062553, 21.094780515161879 ], [ 105.744385627738566, 21.09489429437917 ], [ 105.744413945795216, 21.094961932445255 ], [ 105.744415285343408, 21.09504938317815 ], [ 105.744393576398167, 21.095130370304624 ], [ 105.744350783958708, 21.095191755680144 ], [ 105.744266938658271, 21.095248696835018 ], [ 105.744083456933822, 21.095347897831402 ], [ 105.744025476693835, 21.095395162852977 ], [ 105.743961053985657, 21.095470161729089 ], [ 105.743920057832256, 21.095499493740874 ], [ 105.743840994025334, 21.095527156897738 ], [ 105.743716834730805, 21.095546617204331 ], [ 105.743644798670161, 21.095580814214156 ], [ 105.743593846010612, 21.09563461303933 ], [ 105.7434758595641, 21.095828430654169 ], [ 105.743411774385237, 21.095903743571725 ], [ 105.743306787465755, 21.095974752724008 ], [ 105.743056466395259, 21.096079259088651 ], [ 105.742719631042078, 21.096271949299425 ], [ 105.742649350792263, 21.096341502713599 ], [ 105.74252981394531, 21.096533879899461 ], [ 105.742475912638653, 21.09658493762381 ], [ 105.742424865487166, 21.096604925094201 ], [ 105.742292545307549, 21.096616797960376 ], [ 105.742211440646315, 21.096642563772008 ], [ 105.742172483763895, 21.096673791986376 ], [ 105.742118259287977, 21.096758273243797 ], [ 105.742049487820609, 21.096829229664753 ], [ 105.741942156988074, 21.096898059999226 ], [ 105.741780984094731, 21.096984279312977 ], [ 105.741723002481876, 21.097031543578737 ], [ 105.741639250681018, 21.097122296365026 ], [ 105.741567213367262, 21.097156492522661 ], [ 105.741443052373285, 21.097175951209778 ], [ 105.74138799965742, 21.09719221455855 ], [ 105.741322990042974, 21.097232944653527 ], [ 105.741251516859506, 21.097335113544499 ], [ 105.741142494578426, 21.097570992192857 ], [ 105.740968351987505, 21.097847498471843 ], [ 105.740936308341915, 21.097885154482338 ], [ 105.740879458081594, 21.09793347091389 ], [ 105.740675583991518, 21.098047438135232 ], [ 105.740636626419558, 21.098078666011983 ], [ 105.740600859407493, 21.098146584559576 ], [ 105.740589441036846, 21.098270865412381 ], [ 105.740562741721803, 21.098347214651074 ], [ 105.740529829224315, 21.098384062971942 ], [ 105.740440314801077, 21.098435734515096 ], [ 105.74036534726369, 21.098500930975494 ], [ 105.740293004189724, 21.098602291866808 ], [ 105.740229992112248, 21.09871232827394 ], [ 105.74019707945304, 21.098749176533452 ], [ 105.740125041016327, 21.098783372104879 ], [ 105.739962660664929, 21.098801021246796 ], [ 105.739890622146604, 21.098835216720747 ], [ 105.7398577093754, 21.098872064917131 ], [ 105.739802991488645, 21.098956088670388 ], [ 105.739749654359485, 21.099007671791291 ], [ 105.739642320886361, 21.099076500730149 ], [ 105.73950281460823, 21.099149141474314 ], [ 105.73942316109364, 21.099209981458564 ], [ 105.739347454463058, 21.099308215606452 ], [ 105.739243459596779, 21.099481322362166 ], [ 105.73917468551393, 21.099552277672014 ], [ 105.739067351380626, 21.099621106261903 ], [ 105.738906173850097, 21.099707322951605 ], [ 105.738848190266197, 21.099754586277406 ], [ 105.738783763085195, 21.099829583280854 ], [ 105.738742764705094, 21.099858914091477 ], [ 105.738663697577593, 21.099886574916972 ], [ 105.738539533876363, 21.099906031550109 ], [ 105.738467494487367, 21.099940226440371 ], [ 105.738416538476073, 21.099994023781534 ], [ 105.738298541935663, 21.100187837995474 ], [ 105.738234452283479, 21.100263149050395 ], [ 105.738130479772281, 21.100335103453169 ], [ 105.737946987613782, 21.100434298056015 ], [ 105.737872017976926, 21.100499493460489 ], [ 105.737801712196685, 21.100602750004345 ], [ 105.737748897184545, 21.100722268850021 ], [ 105.73772379799891, 21.100833831995221 ], [ 105.737714584408266, 21.100993889811456 ], [ 105.737687883167993, 21.101070238630804 ], [ 105.737654969364812, 21.101107086420509 ], [ 105.737565452295399, 21.10115875650698 ], [ 105.737490482133182, 21.101223951752829 ], [ 105.73741813580952, 21.101325311481649 ], [ 105.737355120496062, 21.101435346881622 ], [ 105.737322206531147, 21.101472194609944 ], [ 105.737250166102555, 21.101506389007184 ], [ 105.737117841046654, 21.101518257968852 ], [ 105.737060746279411, 21.101532623296016 ], [ 105.73701574185904, 21.101558229787361 ], [ 105.736955958869601, 21.10163754570512 ], [ 105.736916999579776, 21.101668772764665 ], [ 105.736865949913337, 21.101688758622906 ], [ 105.736733624655784, 21.101700627290121 ], [ 105.736676529778123, 21.101714992490741 ], [ 105.736631525234529, 21.101740598883111 ], [ 105.736571741966713, 21.10181991467185 ], [ 105.736532782547286, 21.101851141646197 ], [ 105.736451673987659, 21.101876904800257 ], [ 105.736319348520183, 21.101888773149771 ], [ 105.736247307649947, 21.101922967131902 ], [ 105.736214393301026, 21.101959814654261 ], [ 105.736159672251588, 21.102043837295039 ], [ 105.736106332758411, 21.102095419320733 ], [ 105.73599899535715, 21.102164246043159 ], [ 105.735859484372213, 21.102236883900513 ], [ 105.73577982771107, 21.10229772224335 ], [ 105.735704117131803, 21.102395954845527 ], [ 105.73560011593645, 21.102569059491483 ], [ 105.735550289967875, 21.102623908487473 ], [ 105.735468288371891, 21.102682566739798 ], [ 105.735307331397792, 21.102768990259424 ], [ 105.735268371463249, 21.102800216954797 ], [ 105.735232600912568, 21.102868134437557 ], [ 105.735215299471975, 21.103020674815603 ], [ 105.735179528847297, 21.103088592287669 ], [ 105.735140568803871, 21.103119818955733 ], [ 105.735051540957173, 21.103171944581579 ], [ 105.734997068708637, 21.103222473794894 ], [ 105.734924719733812, 21.103323832514167 ], [ 105.734848606830639, 21.103455417124277 ], [ 105.734784514047419, 21.103530726938612 ], [ 105.734680537580473, 21.103602679313905 ], [ 105.734497039062674, 21.103701870330372 ], [ 105.734439052523911, 21.10374913221278 ], [ 105.734363340338405, 21.103847364246953 ], [ 105.734259336606215, 21.104020468116207 ], [ 105.734190558068818, 21.104091421497632 ], [ 105.734081178391051, 21.104158350353561 ], [ 105.733830836882746, 21.10426284359248 ], [ 105.733517305175965, 21.104443486332432 ], [ 105.733462831942219, 21.104494015074067 ], [ 105.733432372943795, 21.104533146195141 ], [ 105.733284661991192, 21.104766789889027 ], [ 105.733231320533193, 21.104818371051348 ], [ 105.733189903024936, 21.10484731317354 ], [ 105.733097925529989, 21.104896696872608 ], [ 105.732894930858734, 21.104977761409334 ], [ 105.73260023440055, 21.105142191899848 ], [ 105.732538732791681, 21.105186185959568 ], [ 105.732456142150653, 21.105278023488157 ], [ 105.732415141016261, 21.105307352830309 ], [ 105.732336069766831, 21.105335010806282 ], [ 105.732211900579856, 21.105354462950157 ], [ 105.732139857065135, 21.105388655249573 ], [ 105.732103541036651, 21.105422340796199 ], [ 105.73207459278315, 21.105462876876182 ], [ 105.731956621110328, 21.105656721631647 ], [ 105.731924573525134, 21.105694376020455 ], [ 105.731867717359108, 21.105742689559047 ], [ 105.731754444179842, 21.105805998919411 ], [ 105.731528112847414, 21.105899091487753 ], [ 105.731214574842667, 21.106079730116171 ], [ 105.731144284611091, 21.106149278974545 ], [ 105.731011629509155, 21.10636319829776 ], [ 105.730965314490476, 21.106421313239338 ], [ 105.730887162873842, 21.106483552719283 ], [ 105.730681720678021, 21.106596068461716 ], [ 105.730602059559445, 21.106656904470356 ], [ 105.730540307858632, 21.10673439277334 ], [ 105.730436600373622, 21.106907775839748 ], [ 105.730390284963931, 21.106965890631965 ], [ 105.730312132821211, 21.107028129858133 ], [ 105.730106689433072, 21.107140644930965 ], [ 105.730027027787969, 21.107201480680786 ], [ 105.729965275565803, 21.107278968784602 ], [ 105.729861567043855, 21.107452351518617 ], [ 105.729815251243167, 21.107510466161461 ], [ 105.729737098574319, 21.107572705133819 ], [ 105.729531653993845, 21.107685219536993 ], [ 105.729470150420994, 21.107729212527239 ], [ 105.729404543802474, 21.10780311704729 ], [ 105.729299625640479, 21.107975375656324 ], [ 105.729266708247252, 21.108012221892707 ], [ 105.729194662754068, 21.108046412986841 ], [ 105.729062331070082, 21.108058275840033 ], [ 105.728981217766218, 21.108084035537445 ], [ 105.728942255110113, 21.108115260838623 ], [ 105.728888019067966, 21.108199738092605 ], [ 105.728819236045837, 21.108270689390633 ], [ 105.728711890786769, 21.108339511677141 ], [ 105.728572370386601, 21.108412143757075 ], [ 105.728510866227111, 21.10845613641245 ], [ 105.728445258813778, 21.108530040578017 ], [ 105.728327242719914, 21.108723848233439 ], [ 105.728263144391349, 21.108799155697568 ], [ 105.728181136503821, 21.108857810565038 ], [ 105.727997324433076, 21.108956713382142 ], [ 105.727935819878141, 21.109000705837502 ], [ 105.727870211942275, 21.109074609790991 ], [ 105.727752194681315, 21.109268417067845 ], [ 105.727688095830644, 21.10934372432493 ], [ 105.727606087415836, 21.10940237892569 ], [ 105.72742227428482, 21.109501281143405 ], [ 105.72736076933441, 21.109545273398727 ], [ 105.727295160876025, 21.109619177140122 ], [ 105.7271771424479, 21.109812984038374 ], [ 105.727130824875701, 21.10987109798327 ], [ 105.727052669843232, 21.109933335769128 ], [ 105.726870064316259, 21.110033361228073 ], [ 105.726831100707116, 21.110064586064432 ], [ 105.726804227408849, 21.110107052794522 ], [ 105.726789444426188, 21.11016076142381 ], [ 105.726775831797895, 21.110485375224219 ], [ 105.726763694038297, 21.110541543481158 ], [ 105.726742185837836, 21.110588998889469 ], [ 105.726692353949204, 21.110643845403164 ], [ 105.726443933694043, 21.110783856851477 ], [ 105.726368953817598, 21.110849047388029 ], [ 105.726298635286085, 21.110952299410272 ], [ 105.726189579831384, 21.111188169047431 ], [ 105.726015393990053, 21.11146466079888 ], [ 105.72594660811049, 21.111535610987261 ], [ 105.725813203209128, 21.11161393129985 ], [ 105.725610195279458, 21.111694987429527 ], [ 105.725315477361406, 21.11185940574433 ], [ 105.725253970815984, 21.111903397269092 ], [ 105.725171371995458, 21.111995231414078 ], [ 105.725130367570003, 21.11202455906621 ], [ 105.725051291341487, 21.112052213764784 ], [ 105.724927115470507, 21.112071660746867 ], [ 105.724855066993683, 21.11210585006577 ], [ 105.724804101934041, 21.11215964350253 ], [ 105.724686078313624, 21.112353448760253 ], [ 105.72462197660397, 21.112428754913683 ], [ 105.724517988976274, 21.112500701302935 ], [ 105.724334472599267, 21.112599881729022 ], [ 105.724259490884435, 21.112665071371502 ], [ 105.724187130102138, 21.11276642574061 ], [ 105.724111003034167, 21.112898005798705 ], [ 105.724046900802321, 21.112973311744955 ], [ 105.723942912514971, 21.113045257795722 ], [ 105.723759395077593, 21.113144437623141 ], [ 105.723701401448295, 21.113191695985329 ], [ 105.723636620899896, 21.113266371366279 ], [ 105.723593915862637, 21.113294117969925 ], [ 105.723540480416389, 21.113311886987212 ], [ 105.723476314567606, 21.113319678407844 ], [ 105.723118241553621, 21.113318382926604 ], [ 105.723061004020991, 21.113304509923317 ], [ 105.723015747393475, 21.113279292056557 ], [ 105.722955186421174, 21.113200494187748 ], [ 105.722891794394698, 21.113158413024596 ], [ 105.722834556942459, 21.113144539942205 ], [ 105.722732254384326, 21.113144976170137 ], [ 105.722675153662863, 21.113159336802063 ], [ 105.722630143209329, 21.113184939612939 ], [ 105.722597223020301, 21.113221784612417 ], [ 105.722542490241636, 21.113305803089041 ], [ 105.722469016659687, 21.113372395383092 ], [ 105.722242261789233, 21.113498826494478 ], [ 105.722162593508742, 21.113559658693681 ], [ 105.722115140859913, 21.113616718767549 ], [ 105.722075281932831, 21.113680839940429 ], [ 105.722014414720761, 21.113826610758871 ], [ 105.721993987008361, 21.113942528363207 ], [ 105.721980036448599, 21.11430056561316 ], [ 105.721967896609499, 21.114356733562548 ], [ 105.721946386353977, 21.114404188400901 ], [ 105.721896551428628, 21.114459033567623 ], [ 105.721692639940059, 21.114572978817719 ], [ 105.721638724978618, 21.114624030206365 ], [ 105.721617894562414, 21.114672117290105 ], [ 105.721606459535863, 21.114796397120159 ], [ 105.721591674258477, 21.114850105333915 ], [ 105.721564798624911, 21.114892571277302 ], [ 105.721480821447429, 21.114949397466166 ], [ 105.72144790059231, 21.114986242254133 ], [ 105.721427070067108, 21.115034329315598 ], [ 105.721415634863277, 21.115158609132873 ], [ 105.721400849485022, 21.115212317330705 ], [ 105.721373973734288, 21.115254783245458 ], [ 105.721289996281698, 21.115311609345305 ], [ 105.721257075301267, 21.115348454098285 ], [ 105.72123624466704, 21.115396541137475 ], [ 105.721224809285943, 21.11552082094196 ], [ 105.721210023806805, 21.115574529123876 ], [ 105.721183147938902, 21.115616995010004 ], [ 105.721099170211204, 21.115673821020813 ], [ 105.721066249105448, 21.115710665738813 ], [ 105.721045418362181, 21.115758752755728 ], [ 105.721033982803803, 21.115883032547433 ], [ 105.721007270532326, 21.115959378931002 ], [ 105.720974349342583, 21.115996223632376 ], [ 105.720844982366501, 21.116078301050017 ], [ 105.72077936783252, 21.116152202388385 ], [ 105.720727580923921, 21.116238961463019 ], [ 105.720643046517921, 21.116430183638116 ], [ 105.720440796826651, 21.116748046617488 ], [ 105.720387446650861, 21.116799623917682 ], [ 105.720301388666329, 21.116854516112365 ], [ 105.720203959521427, 21.116898834766108 ], [ 105.72012325645214, 21.116924977812541 ], [ 105.719999909101332, 21.116945196173329 ], [ 105.719618477705623, 21.1169615317921 ], [ 105.719532369956795, 21.116982649077183 ], [ 105.719486677821592, 21.117007618797622 ], [ 105.719450356107032, 21.117041301751478 ], [ 105.719408455197097, 21.117103525451512 ], [ 105.719343012836305, 21.117245044745218 ], [ 105.719317897431637, 21.117356605428327 ], [ 105.719308663633583, 21.11751666253581 ], [ 105.719281950205158, 21.117593008666514 ], [ 105.719249028231133, 21.117629853048207 ], [ 105.719159494748837, 21.117681513786181 ], [ 105.719084508217364, 21.117746701238527 ], [ 105.719012141496165, 21.117848053509437 ], [ 105.718936007342535, 21.117979631370098 ], [ 105.718871900335657, 21.118054935451767 ], [ 105.718767905988017, 21.118126878457609 ], [ 105.71856387506827, 21.118240715963037 ], [ 105.71850939173143, 21.118291240108864 ], [ 105.718461936206396, 21.11834829921138 ], [ 105.718420928704177, 21.118377625306344 ], [ 105.71834184780171, 21.118405276986095 ], [ 105.718217665636047, 21.11842471921447 ], [ 105.718145612508806, 21.118458905787737 ], [ 105.718094642869318, 21.118512697298478 ], [ 105.717989704297779, 21.118684949282784 ], [ 105.717956781764272, 21.118721793424722 ], [ 105.717884728432395, 21.118755979891674 ], [ 105.71775238609159, 21.118767834198447 ], [ 105.717671264897774, 21.1187935886744 ], [ 105.717632297067127, 21.118824811484913 ], [ 105.717578050809948, 21.118909285309854 ], [ 105.717509257490434, 21.11898023222555 ], [ 105.717401899238766, 21.119049047633947 ], [ 105.717240687905488, 21.119135244496437 ], [ 105.717182689872203, 21.119182500720626 ], [ 105.717098910766467, 21.119273241939965 ], [ 105.71702685696394, 21.11930742805313 ], [ 105.716902673848537, 21.119326869342107 ], [ 105.716847610106072, 21.119343124993105 ], [ 105.716801916787944, 21.119368094016227 ], [ 105.716765593891225, 21.119401776419039 ], [ 105.716699155986532, 21.119508643049524 ], [ 105.716614614635517, 21.11969986334239 ], [ 105.716427793624021, 21.11999835137982 ], [ 105.716395739063003, 21.120036002970636 ], [ 105.716338872386942, 21.120084311520877 ], [ 105.716090426493778, 21.120224308367401 ], [ 105.716015437335173, 21.120289494516964 ], [ 105.715933179455789, 21.120415380342997 ], [ 105.715848636634334, 21.12060660027603 ], [ 105.715676083489768, 21.12088462801287 ], [ 105.715629758039569, 21.120942738966225 ], [ 105.715532636619926, 21.121021074433383 ], [ 105.715501752925221, 21.121059815045392 ], [ 105.715472996994734, 21.121134263692138 ], [ 105.715460639377582, 21.121223960891097 ], [ 105.715443811348123, 21.121275771683546 ], [ 105.715400999620812, 21.121337150125687 ], [ 105.715326196271093, 21.121402509561811 ], [ 105.715294492247779, 21.121474216933834 ], [ 105.715286769297776, 21.121534494456245 ], [ 105.715288231347841, 21.121839419348031 ], [ 105.715270582992844, 21.121924196917281 ], [ 105.715243704318496, 21.121966661910783 ], [ 105.715159720737191, 21.122023485102559 ], [ 105.715126796776829, 21.122060328721151 ], [ 105.715100080448593, 21.122136674236231 ], [ 105.71508863960787, 21.12226095368932 ], [ 105.715052855358991, 21.122328867157552 ], [ 105.715013886061286, 21.122360089394899 ], [ 105.714924839579979, 21.122412204864585 ], [ 105.714870353494959, 21.122462727894188 ], [ 105.714797981668355, 21.122564078456218 ], [ 105.714734940946016, 21.122674105912633 ], [ 105.714681020694144, 21.122725155190736 ], [ 105.714629960719833, 21.122745134595998 ], [ 105.714497614509327, 21.122756986463234 ], [ 105.714416490556118, 21.122782739446677 ], [ 105.714377521004963, 21.122813961543145 ], [ 105.71432327149337, 21.122898434380417 ], [ 105.714273430956709, 21.122953277411728 ], [ 105.71419106975614, 21.123011609636169 ], [ 105.714096354678574, 21.123058454166703 ], [ 105.713961187009701, 21.123101412048527 ], [ 105.71386691498347, 21.123114938789389 ], [ 105.713729014460711, 21.123121625542218 ], [ 105.713647890166627, 21.123147378165942 ], [ 105.71360892035608, 21.123178600091578 ], [ 105.7135546702753, 21.123263072695256 ], [ 105.713485873048526, 21.123334018052844 ], [ 105.713378509789848, 21.123402831018833 ], [ 105.713261815260708, 21.123462966914524 ], [ 105.713222845286182, 21.123494188754833 ], [ 105.713187059897322, 21.123562101851714 ], [ 105.713175617387449, 21.123686381203271 ], [ 105.713148899786191, 21.123762726432773 ], [ 105.713115974946476, 21.12379956967812 ], [ 105.712986596824479, 21.123881641337228 ], [ 105.712907006484272, 21.123976280497544 ], [ 105.712857932307472, 21.124065566569897 ], [ 105.712784632168876, 21.124233515067846 ], [ 105.712678323567971, 21.124404499297988 ], [ 105.712593774425443, 21.124595717700334 ], [ 105.712421210731989, 21.124873742295762 ], [ 105.712374882796155, 21.124931852403197 ], [ 105.712338140893792, 21.124965146450741 ], [ 105.712230775932241, 21.125033958724536 ], [ 105.712114079659841, 21.125094093867478 ], [ 105.712060157635875, 21.125145142347261 ], [ 105.712039322734611, 21.1251932283241 ], [ 105.712027879184475, 21.125317507605047 ], [ 105.712001160724554, 21.125393852663898 ], [ 105.711968235247014, 21.125430695697396 ], [ 105.711838855079165, 21.125512766522313 ], [ 105.711773231971961, 21.125586664536677 ], [ 105.711721436638413, 21.125673421005246 ], [ 105.711636885586628, 21.125864638956745 ], [ 105.711434604214688, 21.126182491745002 ], [ 105.711381247564304, 21.126234066337052 ], [ 105.711295180786905, 21.12628895414591 ], [ 105.711044785598787, 21.126393414978629 ], [ 105.710750022294135, 21.126557808963998 ], [ 105.710688505362668, 21.126601795421514 ], [ 105.710622881209261, 21.126675693010508 ], [ 105.710559835716523, 21.126785718996878 ], [ 105.710515263939854, 21.126912923823987 ], [ 105.71049951107193, 21.127033197033366 ], [ 105.710487713926852, 21.127359531483865 ], [ 105.71046598230312, 21.127440514625977 ], [ 105.710423166798861, 21.127501891874136 ], [ 105.710339290254552, 21.127558816928346 ], [ 105.710155745752985, 21.127657982619912 ], [ 105.710097742169708, 21.127705236529255 ], [ 105.710033288572959, 21.127780223120759 ], [ 105.70999227681439, 21.127809547263922 ], [ 105.709913189278069, 21.127837195165252 ], [ 105.7098177031761, 21.127849593945108 ], [ 105.709762635470753, 21.127865847388293 ], [ 105.709697603738917, 21.127906565840188 ], [ 105.709651626272986, 21.127959381219998 ], [ 105.709623893263, 21.127972944520195 ], [ 105.709610496448434, 21.127971730277132 ], [ 105.709584642207361, 21.127953310004855 ], [ 105.709532269189111, 21.127871791070518 ], [ 105.709462795698016, 21.127801426374656 ], [ 105.70935477704289, 21.127733517791629 ], [ 105.709237510174034, 21.127674364141292 ], [ 105.709183102890023, 21.127623770050079 ], [ 105.709161810254912, 21.127575860760743 ], [ 105.709149182742252, 21.127451682406328 ], [ 105.709133881684906, 21.127398101157752 ], [ 105.709106597560336, 21.127355863811861 ], [ 105.70902207165912, 21.127299748853638 ], [ 105.708988796043897, 21.127263183436021 ], [ 105.708967503525642, 21.127215274117031 ], [ 105.708954876214463, 21.127091095737462 ], [ 105.708927431148325, 21.127014977789052 ], [ 105.708894155621493, 21.126978412349185 ], [ 105.708825613815335, 21.126944174822256 ], [ 105.708740920304933, 21.126929879255602 ], [ 105.708600056113596, 21.126958514752104 ], [ 105.708455937692676, 21.126959887994033 ], [ 105.708326675940825, 21.126940852327227 ], [ 105.708155750652566, 21.126895738280957 ], [ 105.708015022731871, 21.126869599743113 ], [ 105.707835833589158, 21.126853324590506 ], [ 105.707655635656266, 21.12684896852679 ], [ 105.707526313413879, 21.126863357460909 ], [ 105.707340040072509, 21.126926177719408 ], [ 105.707278398604444, 21.126936317104672 ], [ 105.707042611989365, 21.12695316739774 ], [ 105.706904927279069, 21.126993784384652 ], [ 105.706762404307355, 21.127063633283168 ], [ 105.706682312160055, 21.127124076978216 ], [ 105.706635316810946, 21.127181567674789 ], [ 105.7065051922213, 21.127397871803353 ], [ 105.706481084307526, 21.12746275134225 ], [ 105.706480070127128, 21.127508427828918 ], [ 105.706491102169238, 21.127556043084411 ], [ 105.706534401290952, 21.127651185031603 ], [ 105.706600396533617, 21.127758874781506 ], [ 105.70663630975038, 21.127792943420051 ], [ 105.706682095843959, 21.1278176661204 ], [ 105.706769286618311, 21.127837226519247 ], [ 105.707117898480249, 21.127847545722787 ], [ 105.707199267529589, 21.12787261700409 ], [ 105.707253674254389, 21.127923211747405 ], [ 105.707317032084191, 21.128033398465508 ], [ 105.707387955435607, 21.128136423459534 ], [ 105.707462250630698, 21.128202223882596 ], [ 105.707549305189175, 21.128250773210016 ], [ 105.707568798458823, 21.128274522417371 ], [ 105.707569916699853, 21.128286805997359 ], [ 105.707554896387265, 21.128312191110691 ], [ 105.707476820763759, 21.128368888853977 ], [ 105.707426089928106, 21.128422906084765 ], [ 105.707281545436402, 21.128659532304514 ], [ 105.707212857677959, 21.128730582111725 ], [ 105.70717104292244, 21.128759159634132 ], [ 105.706917998993688, 21.128894889283135 ], [ 105.706836328858842, 21.128920135235969 ], [ 105.706772994742437, 21.128928701208491 ], [ 105.706413664872372, 21.128931860352438 ], [ 105.706281563124449, 21.128920780238058 ], [ 105.706143497171766, 21.12888131339307 ], [ 105.705978299516829, 21.128799464915314 ], [ 105.705919653859652, 21.128752882481706 ], [ 105.705872115329171, 21.128695785906061 ], [ 105.705700349223335, 21.128415961115525 ], [ 105.70558682608015, 21.128183100175981 ], [ 105.705528923975763, 21.128101781763824 ], [ 105.705488074451424, 21.128072385818268 ], [ 105.70543735198855, 21.128052335722664 ], [ 105.70531122470085, 21.128035600118697 ], [ 105.705231438701603, 21.128009029581548 ], [ 105.70519058925963, 21.12797963356158 ], [ 105.705144136993468, 21.127924146825155 ], [ 105.705109520277219, 21.127902040019716 ], [ 105.705070016749659, 21.127895110436846 ], [ 105.70502562639922, 21.127903358073485 ], [ 105.704809410207844, 21.127998798414087 ], [ 105.704727892361106, 21.128057916586197 ], [ 105.704682045517401, 21.128116475811908 ], [ 105.704572696610967, 21.128318370812107 ], [ 105.704528168080216, 21.128378156110706 ], [ 105.704470532428516, 21.128425752279608 ], [ 105.704241690035346, 21.128555267447837 ], [ 105.704190268625382, 21.128612105358325 ], [ 105.70416231876861, 21.128690952210334 ], [ 105.704138683420894, 21.129013282720038 ], [ 105.704126175373432, 21.129069114331717 ], [ 105.704090384524008, 21.129137025616959 ], [ 105.70401541732123, 21.129202236166556 ], [ 105.703984745199477, 21.129241175886225 ], [ 105.703963155069218, 21.129288561544165 ], [ 105.703942679800562, 21.129404447714069 ], [ 105.703925630642814, 21.12945605633929 ], [ 105.703883028099753, 21.12951763312407 ], [ 105.703818176464083, 21.129575385018342 ], [ 105.703815648873828, 21.129601144354801 ], [ 105.703822848760439, 21.129613461969935 ], [ 105.703899434508571, 21.129662195978081 ], [ 105.703932709461796, 21.129698762405202 ], [ 105.703960152541768, 21.129774881196653 ], [ 105.703962660143716, 21.129906518597789 ], [ 105.70395121071482, 21.130098262194942 ], [ 105.703929042644006, 21.130178842358927 ], [ 105.703902911337835, 21.130222005036874 ], [ 105.703867697952944, 21.130256721765313 ], [ 105.703825296970379, 21.130284754329558 ], [ 105.703599797538772, 21.130412367846773 ], [ 105.703496165966854, 21.130518386103791 ], [ 105.703453055708408, 21.130545759114156 ], [ 105.703399359241871, 21.130563287354786 ], [ 105.703232405070878, 21.130576686022348 ], [ 105.70314671945394, 21.130598197459641 ], [ 105.702986448607902, 21.130685275323419 ], [ 105.702782248391941, 21.130765232403508 ], [ 105.702628391168929, 21.130858274777424 ], [ 105.702467410601898, 21.13094469269614 ], [ 105.702375687072873, 21.131028053342227 ], [ 105.702304752575202, 21.131130747243731 ], [ 105.702241707512542, 21.131240778155785 ], [ 105.702178090992135, 21.131316545469126 ], [ 105.702075304687114, 21.131389618253316 ], [ 105.701936818710976, 21.131463223602619 ], [ 105.701882890865946, 21.131514268967138 ], [ 105.701862051818438, 21.131562353773468 ], [ 105.701853303058172, 21.131621682235608 ], [ 105.701854738402389, 21.131926607653327 ], [ 105.701866441226613, 21.132017625079691 ], [ 105.701894980628225, 21.132092705935651 ], [ 105.701964263850115, 21.132197284093632 ], [ 105.702017526989124, 21.132317026053155 ], [ 105.702042921164633, 21.132429115707936 ], [ 105.702053466496878, 21.132589292092224 ], [ 105.702068765622315, 21.13264287400423 ], [ 105.702096048804506, 21.132685112486403 ], [ 105.702180575326693, 21.132741230853025 ], [ 105.702213850580222, 21.132777797597225 ], [ 105.702235141806739, 21.132825707772568 ], [ 105.702247764175155, 21.132949886712975 ], [ 105.702263063410996, 21.133003468602187 ], [ 105.702308482396589, 21.133062572477748 ], [ 105.702393009213907, 21.133118690727663 ], [ 105.702429440244074, 21.133186302154051 ], [ 105.702438747541308, 21.133245555749088 ], [ 105.702437129822201, 21.133378979921261 ], [ 105.702426646793299, 21.13353789190597 ], [ 105.702414137774923, 21.13359372339016 ], [ 105.702392546552744, 21.133641108855311 ], [ 105.70234313057648, 21.133696350759912 ], [ 105.702234304653871, 21.133763808511521 ], [ 105.702140475137966, 21.133811480070655 ], [ 105.702086546540755, 21.133862525507745 ], [ 105.702065707255485, 21.133910610333231 ], [ 105.702054254933586, 21.134034889065756 ], [ 105.702039460875596, 21.134088595705027 ], [ 105.702012576284261, 21.134131058706309 ], [ 105.701928580748273, 21.134187875591884 ], [ 105.701895650846737, 21.13422471675387 ], [ 105.701874811452228, 21.134272801556961 ], [ 105.701863358952522, 21.134397080276518 ], [ 105.701836633758177, 21.134473423842632 ], [ 105.701803703772512, 21.134510264987906 ], [ 105.701714045872606, 21.134561816302469 ], [ 105.701638394427391, 21.134626393013278 ], [ 105.701578629637581, 21.134705743642982 ], [ 105.701486448648112, 21.134856145667083 ], [ 105.701423451545736, 21.134898758148445 ], [ 105.701366340280373, 21.134913111855223 ], [ 105.701233981915394, 21.134924953675622 ], [ 105.701161916811941, 21.134959133293293 ], [ 105.701128986551879, 21.134995974312908 ], [ 105.701074450122547, 21.135080187322863 ], [ 105.70102162735563, 21.135132261576757 ], [ 105.700915439216885, 21.135202173084846 ], [ 105.70075445299436, 21.135288589489903 ], [ 105.700696010911557, 21.135335438071685 ], [ 105.700619035170519, 21.135432516095047 ], [ 105.700541806724118, 21.135563091702888 ], [ 105.700487876948671, 21.135614136653331 ], [ 105.70040674343727, 21.135639883152738 ], [ 105.700014416920965, 21.135646091634005 ], [ 105.699896390181976, 21.13567126112277 ], [ 105.699601402653656, 21.135835456625568 ], [ 105.6995429599869, 21.135882304822477 ], [ 105.699477524369726, 21.13595638254321 ], [ 105.699436291993521, 21.135985503105513 ], [ 105.699357414315969, 21.136013347345212 ], [ 105.699262642805138, 21.136026410726522 ], [ 105.699207787109984, 21.136042861957087 ], [ 105.699162013570898, 21.136067759360557 ], [ 105.699092795829173, 21.136138319911037 ], [ 105.699049683134191, 21.136165691850323 ], [ 105.698995984102339, 21.136183218754109 ], [ 105.698931698740111, 21.136190900612199 ], [ 105.698465962995797, 21.136189309482912 ], [ 105.698331204162798, 21.136180732484995 ], [ 105.698245316378788, 21.136159930882108 ], [ 105.698199311183529, 21.136135412121611 ], [ 105.698162308655085, 21.136102372549491 ], [ 105.698024460859983, 21.135892534404501 ], [ 105.697985193581914, 21.135861638415793 ], [ 105.697933941704477, 21.135842085563183 ], [ 105.697870705220183, 21.135833875836056 ], [ 105.697545692946974, 21.135835214799478 ], [ 105.697420116287645, 21.135853361757924 ], [ 105.697368651892845, 21.135872966443998 ], [ 105.697098449635277, 21.136026477725714 ], [ 105.697040006081622, 21.136073325081668 ], [ 105.696974569109202, 21.136147401870407 ], [ 105.696933336173132, 21.136176521837651 ], [ 105.69685445789132, 21.136204364926655 ], [ 105.696731122708698, 21.136224596342565 ], [ 105.696659055893392, 21.13625877408494 ], [ 105.696607423640842, 21.136311956042327 ], [ 105.696488371476988, 21.136504837632895 ], [ 105.69642474980219, 21.136580602881978 ], [ 105.696321957018583, 21.136653672308398 ], [ 105.696118207591354, 21.13676778540718 ], [ 105.695995460906104, 21.136889764658672 ], [ 105.69592339359545, 21.136923942098868 ], [ 105.695800057672798, 21.136944172854925 ], [ 105.695745201225591, 21.136960622981995 ], [ 105.695679945347379, 21.13700113510296 ], [ 105.69560997342731, 21.13707099485168 ], [ 105.695561566717004, 21.137093443304853 ], [ 105.695502573827341, 21.137106046497752 ], [ 105.693410677418981, 21.1371170969839 ], [ 105.693347440587672, 21.137108885576943 ], [ 105.693296188840549, 21.137089331318577 ], [ 105.693256922185071, 21.137058434219416 ], [ 105.693196366539198, 21.136979625761462 ], [ 105.693151107394598, 21.136954400046452 ], [ 105.693093863184743, 21.136940517133223 ], [ 105.692157927134645, 21.136941521570556 ], [ 105.692060912444319, 21.136952495931958 ], [ 105.691980883234123, 21.136979267651306 ], [ 105.691845387945719, 21.137055656106515 ], [ 105.691641172712863, 21.137135600100621 ], [ 105.691487301768092, 21.137228632657951 ], [ 105.691326307646349, 21.137315040291032 ], [ 105.691234573889787, 21.137398395121579 ], [ 105.691177065679696, 21.137479847238868 ], [ 105.691113640867471, 21.137589531159104 ], [ 105.691059707057576, 21.137640573204241 ], [ 105.691008638647816, 21.137660545684472 ], [ 105.690876276772997, 21.13767237949552 ], [ 105.69079514034766, 21.137698121460378 ], [ 105.690756161878468, 21.137729338314116 ], [ 105.690670189108715, 21.137851786109643 ], [ 105.690592941132536, 21.13791487927141 ], [ 105.690501361260559, 21.13796464288696 ], [ 105.69029714402599, 21.138044585305643 ], [ 105.690116992040345, 21.138146909990077 ], [ 105.690013379125745, 21.138185482095679 ], [ 105.689925473851105, 21.138204928570136 ], [ 105.68982735153719, 21.138214872462804 ], [ 105.689145333946541, 21.138215886352317 ], [ 105.689063961960144, 21.138190806499704 ], [ 105.689024695854101, 21.138159908407001 ], [ 105.688964141933155, 21.138081098396583 ], [ 105.688891759171881, 21.138047511559158 ], [ 105.688792409063439, 21.138039445360619 ], [ 105.688550146053757, 21.138050265829573 ], [ 105.688457642543355, 21.138065434914981 ], [ 105.688407325654751, 21.13808610608411 ], [ 105.688366090455219, 21.138115224019405 ], [ 105.688305181899111, 21.13819351431798 ], [ 105.688212985242956, 21.138343909483911 ], [ 105.688174006049763, 21.138375125760337 ], [ 105.688122936977607, 21.138395097386031 ], [ 105.688059778032681, 21.13840382434995 ], [ 105.687412737311902, 21.138403628698125 ], [ 105.687355493015303, 21.138389743847956 ], [ 105.687310234375033, 21.138364516560603 ], [ 105.687249681255139, 21.138285705916456 ], [ 105.687186287991352, 21.138243611532367 ], [ 105.687129043775414, 21.138229726603125 ], [ 105.686850963446503, 21.138220654835859 ], [ 105.686724819633554, 21.138203914616707 ], [ 105.68665243728671, 21.138170326810375 ], [ 105.6865829378943, 21.138099982412641 ], [ 105.686517308217461, 21.138060004393619 ], [ 105.686462300802773, 21.138044002612144 ], [ 105.686338780818971, 21.138024779280236 ], [ 105.686288275165637, 21.138004517346133 ], [ 105.686229398204048, 21.137958149070965 ], [ 105.686157506465463, 21.137856040417365 ], [ 105.686093436098432, 21.137746530282133 ], [ 105.686029113511239, 21.137671287147807 ], [ 105.68592452776501, 21.1376001177196 ], [ 105.685773054005182, 21.137539291200063 ], [ 105.685620624960734, 21.137513396829348 ], [ 105.685482571766187, 21.1375135977529 ], [ 105.685425457803731, 21.137527946148907 ], [ 105.685380433419397, 21.137553539373371 ], [ 105.685320608579985, 21.137632837918037 ], [ 105.685257605519382, 21.137675444531013 ], [ 105.685167400847959, 21.13769275018387 ], [ 105.684956314446779, 21.137688335210164 ], [ 105.684855803807338, 21.137681365271199 ], [ 105.684769916819675, 21.137660556809362 ], [ 105.684723913256121, 21.137636034344094 ], [ 105.684654415006378, 21.137565689118855 ], [ 105.684612913257041, 21.137536906570329 ], [ 105.684533779035348, 21.137509707909416 ], [ 105.684410259701707, 21.13749048315071 ], [ 105.684359754476034, 21.137470220628071 ], [ 105.684318252808524, 21.137441438004725 ], [ 105.684285754701406, 21.137404135287159 ], [ 105.684135009583414, 21.13717247925128 ], [ 105.684021645924474, 21.137075588497662 ], [ 105.683990610725985, 21.137036901510719 ], [ 105.683968579082602, 21.136989694450591 ], [ 105.683947024674154, 21.136873980156441 ], [ 105.683929494835638, 21.136822513056277 ], [ 105.683902961480342, 21.136779566017477 ], [ 105.683867424611151, 21.136745139035835 ], [ 105.683780608931428, 21.136691181722544 ], [ 105.683618824186695, 21.136606084424901 ], [ 105.683559948592745, 21.136559715176361 ], [ 105.683493827721477, 21.136486174420146 ], [ 105.683452326494489, 21.136457391569284 ], [ 105.683373193047061, 21.136430192341248 ], [ 105.683249674735876, 21.136410966705167 ], [ 105.683177294009425, 21.136377377361335 ], [ 105.683140294646847, 21.136344334418123 ], [ 105.683110420745507, 21.136304548686471 ], [ 105.683002467384384, 21.136134483477655 ], [ 105.682963203046313, 21.136103583922971 ], [ 105.682881833172402, 21.136078501033669 ], [ 105.682637632848895, 21.13607139318756 ], [ 105.682506243885967, 21.136059615282523 ], [ 105.682451237606529, 21.136043612162574 ], [ 105.682385609910924, 21.136003632477859 ], [ 105.68232398455217, 21.135925837958517 ], [ 105.682202371956279, 21.135734671445164 ], [ 105.682089010636048, 21.13563777931768 ], [ 105.682057976239122, 21.135599091948286 ], [ 105.682028306363293, 21.135525085946917 ], [ 105.682006753700321, 21.135409371339332 ], [ 105.68197033122118, 21.135341755297933 ], [ 105.681913650769062, 21.135293309158332 ], [ 105.681708074579248, 21.135181596959281 ], [ 105.681627324437457, 21.135121900338117 ], [ 105.681563828831358, 21.135045876026552 ], [ 105.68147101532395, 21.134895512953548 ], [ 105.681437744542578, 21.134858942016255 ], [ 105.681365364964975, 21.134825351860375 ], [ 105.681232901387574, 21.134814590931732 ], [ 105.681151532489537, 21.134789507180301 ], [ 105.681112268884803, 21.134758607171598 ], [ 105.681069854050051, 21.134696661910475 ], [ 105.681006464017813, 21.134654565106374 ], [ 105.680949221701752, 21.134640678029182 ], [ 105.680846877690627, 21.134635442586905 ], [ 105.680765508950572, 21.134610358645062 ], [ 105.680726245471419, 21.134579458542781 ], [ 105.680683830847371, 21.134517513177954 ], [ 105.680620440997444, 21.134475416223466 ], [ 105.680530082977469, 21.134458838630724 ], [ 105.680218492796072, 21.134447444988037 ], [ 105.680158985533467, 21.134435701033709 ], [ 105.680086606435651, 21.134402110316287 ], [ 105.680034485505672, 21.13434934987778 ], [ 105.679913658186891, 21.134157442492167 ], [ 105.679849340251437, 21.134082196852319 ], [ 105.679745878266303, 21.134009965161624 ], [ 105.679606712485338, 21.133937491988267 ], [ 105.679552312606646, 21.133886888202319 ], [ 105.679531028418964, 21.133838974985832 ], [ 105.679521730143307, 21.133779719887592 ], [ 105.679520340336026, 21.133474793096376 ], [ 105.679501012474915, 21.133356974975417 ], [ 105.679480122452148, 21.133308688852114 ], [ 105.679398713921941, 21.133181562205383 ], [ 105.679313521126446, 21.132989962915779 ], [ 105.679106771904117, 21.132675201456898 ], [ 105.679012307740393, 21.132594456169517 ], [ 105.67880673740045, 21.132482740253966 ], [ 105.678725989873072, 21.132423042159672 ], [ 105.678648120131001, 21.13232659423867 ], [ 105.678569688038905, 21.132196651830263 ], [ 105.678515289155342, 21.132146047674269 ], [ 105.678433922144819, 21.132120962557625 ], [ 105.67808922164518, 21.13210687404386 ], [ 105.678029715467304, 21.132095129308428 ], [ 105.677957337973879, 21.132061537628218 ], [ 105.67792034083385, 21.132028493467669 ], [ 105.677890469197649, 21.131988706734077 ], [ 105.677754488957547, 21.131777114200109 ], [ 105.677625610222663, 21.131660881477149 ], [ 105.677601689113303, 21.131615464092032 ], [ 105.677588262754568, 21.13156011596401 ], [ 105.677590684328521, 21.131432341850111 ], [ 105.677612866906458, 21.131351764750285 ], [ 105.67770987339415, 21.131182598683459 ], [ 105.677731080860028, 21.131115804826209 ], [ 105.677732811765011, 21.131073804103711 ], [ 105.677720998775925, 21.131036099429192 ], [ 105.677695641901863, 21.131002690799598 ], [ 105.677635228201837, 21.130960614173386 ], [ 105.67756847183378, 21.130928053600844 ], [ 105.67745133375368, 21.130897012641398 ], [ 105.677408857207979, 21.130901742210355 ], [ 105.677353727748581, 21.130932662671462 ], [ 105.677293941552932, 21.13100988418762 ], [ 105.677174080275293, 21.131202020092026 ], [ 105.677061609717583, 21.131299818537119 ], [ 105.677030929990281, 21.131338753570763 ], [ 105.677001936602892, 21.131412995034239 ], [ 105.676981440037295, 21.131528878497559 ], [ 105.676945636090267, 21.131596784381937 ], [ 105.676910415939474, 21.131631495680971 ], [ 105.676868009295816, 21.131659521641662 ], [ 105.676663101567499, 21.131772542379164 ], [ 105.676604653000055, 21.131819382835864 ], [ 105.676541827950388, 21.131890266814796 ], [ 105.676527586111177, 21.131899509936719 ], [ 105.676500153493691, 21.131902105060991 ], [ 105.676474122300519, 21.131883512026167 ], [ 105.67642183677664, 21.131801847473852 ], [ 105.676353019776968, 21.131730860247714 ], [ 105.676246191801695, 21.131661814473073 ], [ 105.676129291536824, 21.131602299540063 ], [ 105.676074893680635, 21.131551694568607 ], [ 105.676047464341238, 21.13147557089459 ], [ 105.676037800720181, 21.131246532006106 ], [ 105.676024124513603, 21.131123368452691 ], [ 105.675994458559543, 21.131049361250668 ], [ 105.675963426701642, 21.131010672675281 ], [ 105.675923391201607, 21.130980503741849 ], [ 105.675806491601293, 21.130920988563485 ], [ 105.675669813046738, 21.130880189038361 ], [ 105.675541123707788, 21.130865855798131 ], [ 105.675194555167067, 21.1308535317531 ], [ 105.675135049689402, 21.130841785979381 ], [ 105.675084547919866, 21.130821520580096 ], [ 105.675025677229158, 21.130775148200087 ], [ 105.674967427166351, 21.130694162656901 ], [ 105.674875347339764, 21.130543110288411 ], [ 105.674806531656486, 21.130472122388106 ], [ 105.674721966666269, 21.130416037020069 ], [ 105.674517183486614, 21.130303576647382 ], [ 105.674412948455142, 21.130198052091387 ], [ 105.674371450700917, 21.130169266899646 ], [ 105.674292322153249, 21.130142063273947 ], [ 105.674168810045089, 21.13012283082891 ], [ 105.674096434342175, 21.130089237442021 ], [ 105.674059438534854, 21.130056192394363 ], [ 105.674029568319355, 21.130016404932388 ], [ 105.673921629912968, 21.129846333408366 ], [ 105.673882369088602, 21.129815431630366 ], [ 105.673831122250121, 21.12979587132757 ], [ 105.67369866351612, 21.129785104365155 ], [ 105.673641423688736, 21.129771214741588 ], [ 105.673596169918099, 21.129745983630514 ], [ 105.673535627538485, 21.129667167713094 ], [ 105.6734963668397, 21.129636265841569 ], [ 105.673445120110614, 21.12961670541857 ], [ 105.673312661554846, 21.129605938149066 ], [ 105.673255421828742, 21.12959204839197 ], [ 105.673192036128057, 21.129549948520285 ], [ 105.673131494040405, 21.12947113244876 ], [ 105.673059118878513, 21.129437538601348 ], [ 105.672995886204816, 21.129429319469409 ], [ 105.672636646135885, 21.129428983299857 ], [ 105.672518396454734, 21.129404770982362 ], [ 105.672221920142889, 21.129242970231854 ], [ 105.672163050950388, 21.129196596807812 ], [ 105.672096938941706, 21.129123051299636 ], [ 105.672055441922836, 21.129094265516898 ], [ 105.671976314341251, 21.129067060779285 ], [ 105.671881430168142, 21.129054765021333 ], [ 105.671826427531215, 21.129038758337423 ], [ 105.671760805699961, 21.12899877434343 ], [ 105.671690199176552, 21.128929481670202 ], [ 105.671641590842867, 21.12890742466573 ], [ 105.671582487559704, 21.128895298023082 ], [ 105.668912897113614, 21.128903388117134 ], [ 105.668849664848992, 21.128895167424769 ], [ 105.66879841894449, 21.128875605571217 ], [ 105.668759159407571, 21.1288447025671 ], [ 105.668698619912675, 21.128765884834589 ], [ 105.668653367248652, 21.128740652369579 ], [ 105.668596128243493, 21.128726761016186 ], [ 105.667626015355253, 21.12872952655837 ], [ 105.667507987893543, 21.128754673496857 ], [ 105.667371720608756, 21.128830329710787 ], [ 105.667244084305381, 21.128880276370992 ], [ 105.667124610102078, 21.128904077179822 ], [ 105.666953886804379, 21.128913935671566 ], [ 105.66689677413757, 21.128928277793054 ], [ 105.666833769205468, 21.12897087763827 ], [ 105.666773937606123, 21.129050169883445 ], [ 105.66670186694958, 21.129084334999177 ], [ 105.666638710434881, 21.129093053911763 ], [ 105.665989086955292, 21.12909596035302 ], [ 105.665749467418266, 21.129109196350946 ], [ 105.665690070266933, 21.129121412744162 ], [ 105.665639752996043, 21.129142077174361 ], [ 105.665598515601118, 21.1291711896497 ], [ 105.665548768384227, 21.12922612464666 ], [ 105.665480123769626, 21.129263477244734 ], [ 105.665421131094106, 21.129276069956084 ], [ 105.665284993102574, 21.129284365822592 ], [ 105.665199302157191, 21.129305858194762 ], [ 105.665039009410847, 21.12939290072794 ], [ 105.664834789187083, 21.129472812574924 ], [ 105.664654629077006, 21.129575110467933 ], [ 105.664450408386713, 21.129655021861826 ], [ 105.664114905632047, 21.129848968173409 ], [ 105.664028835585171, 21.129937588712966 ], [ 105.663909745407594, 21.130130448544747 ], [ 105.663863720898135, 21.13018884765539 ], [ 105.663765072693664, 21.130265765319241 ], [ 105.663581910488574, 21.130365270461823 ], [ 105.663520053268201, 21.130408938442777 ], [ 105.663438898415393, 21.130502132568093 ], [ 105.663332488446315, 21.130673050535478 ], [ 105.663293505825621, 21.130704261199138 ], [ 105.663242435788447, 21.130724225358843 ], [ 105.663110077190055, 21.130736037372341 ], [ 105.663028939303416, 21.130761766082902 ], [ 105.662989956594444, 21.130792976678659 ], [ 105.662903964414681, 21.130915410982428 ], [ 105.662804939286559, 21.130991978316708 ], [ 105.662710346325383, 21.131038928760692 ], [ 105.662530898642714, 21.131108149669913 ], [ 105.662350734936197, 21.131210445186614 ], [ 105.662195311141062, 21.131268277981722 ], [ 105.662123238320063, 21.131302441196407 ], [ 105.661992626468574, 21.13138336003372 ], [ 105.661831620606264, 21.131469739976239 ], [ 105.661773167340655, 21.131516575437001 ], [ 105.6617077143584, 21.131590639056206 ], [ 105.661666475504177, 21.131619750604003 ], [ 105.661587592518728, 21.131647577394499 ], [ 105.661464255516549, 21.131667783165128 ], [ 105.661392182328342, 21.131701946076618 ], [ 105.661355483288801, 21.131735281693036 ], [ 105.661325970037424, 21.131775303311148 ], [ 105.661221443601761, 21.131947975636525 ], [ 105.661175417477736, 21.132006374046735 ], [ 105.661098159562385, 21.132069454050946 ], [ 105.660893600382352, 21.132182792516904 ], [ 105.660813391962137, 21.132243127298082 ], [ 105.660750584080077, 21.132319652434951 ], [ 105.660659128812171, 21.132470746251514 ], [ 105.660626188832438, 21.132507579661258 ], [ 105.660554115041336, 21.132541742228458 ], [ 105.660391686269108, 21.132559316334792 ], [ 105.66031961239662, 21.132593478804075 ], [ 105.660286672304821, 21.132630312150162 ], [ 105.660232113225533, 21.132714512629359 ], [ 105.660179276614883, 21.132766574520421 ], [ 105.660073070189995, 21.132836460909555 ], [ 105.659912061616936, 21.132922839083029 ], [ 105.659853607172451, 21.132969673904128 ], [ 105.65977660544101, 21.133066734073402 ], [ 105.659699341812342, 21.133197292022157 ], [ 105.65964539848504, 21.133248324333884 ], [ 105.659594327065236, 21.133268287423373 ], [ 105.659461965840151, 21.133280096649393 ], [ 105.659380825900371, 21.133305823657551 ], [ 105.659341841753331, 21.13333703344188 ], [ 105.659287664979601, 21.133421590084968 ], [ 105.659238232715836, 21.133476819841867 ], [ 105.659156816401264, 21.133536031246269 ], [ 105.65906222064018, 21.133582979711313 ], [ 105.658925909254549, 21.133624854929952 ], [ 105.658831192257423, 21.13363794899853 ], [ 105.658693170066314, 21.133644490684034 ], [ 105.65861202978644, 21.133670217331442 ], [ 105.658573045380166, 21.133701426944182 ], [ 105.658487047899925, 21.1338238591029 ], [ 105.658388018539085, 21.133900423938872 ], [ 105.658293422295316, 21.133947371984895 ], [ 105.658113968961871, 21.134016588336362 ], [ 105.657933798629372, 21.134118879291371 ], [ 105.657729567943662, 21.134198782797078 ], [ 105.657575677874846, 21.134291785057801 ], [ 105.657414666237443, 21.134378160921319 ], [ 105.657322914717724, 21.134461497868553 ], [ 105.657265388711991, 21.134542938961982 ], [ 105.657201939744866, 21.134652610851475 ], [ 105.657147995027202, 21.13470364239517 ], [ 105.657096922757788, 21.134723604749933 ], [ 105.656964559988154, 21.134735412061069 ], [ 105.656907444046453, 21.134749750888211 ], [ 105.656844433738669, 21.134792347128073 ], [ 105.656784594477443, 21.13487163599132 ], [ 105.656712518630556, 21.134905796967157 ], [ 105.656649358964572, 21.13491451222901 ], [ 105.656324345918222, 21.134915772036397 ], [ 105.656198764081978, 21.134933888543351 ], [ 105.65614729419849, 21.13495348084103 ], [ 105.655877049127142, 21.135106927459645 ], [ 105.655785296286652, 21.135190263600837 ], [ 105.655714327206752, 21.135292938853432 ], [ 105.655651245561458, 21.135402953338808 ], [ 105.65558760311653, 21.135478703797787 ], [ 105.655484790304598, 21.135551748959983 ], [ 105.655301630225708, 21.135651258715043 ], [ 105.655225957503617, 21.135715815238356 ], [ 105.655152349076118, 21.135816034962691 ], [ 105.655061616416518, 21.135967805541085 ], [ 105.654993433564258, 21.136039331474578 ], [ 105.654884966700493, 21.136107115865371 ], [ 105.654680731579163, 21.1361870157893 ], [ 105.654476530515453, 21.136300689875359 ], [ 105.654272294898462, 21.136380589317483 ], [ 105.653936763427424, 21.136574516056317 ], [ 105.653850683412244, 21.136663131613368 ], [ 105.653731574740632, 21.136855984621089 ], [ 105.653667930700266, 21.136931734387225 ], [ 105.653565115931968, 21.137004778422025 ], [ 105.653381952753364, 21.137104286163577 ], [ 105.653306278455432, 21.137168841858845 ], [ 105.653232668023875, 21.137269060783872 ], [ 105.653141932538446, 21.137420830381632 ], [ 105.653092496662126, 21.137476058412627 ], [ 105.652989681233933, 21.137549102110448 ], [ 105.652806516994616, 21.137648609250554 ], [ 105.652748058435776, 21.137695441699567 ], [ 105.652672177442412, 21.1377935482049 ], [ 105.652564066786894, 21.138030379303778 ], [ 105.652452766151626, 21.138196756503806 ], [ 105.652389680897443, 21.138306769831232 ], [ 105.652343649352758, 21.138365165939021 ], [ 105.652247635590967, 21.138444539121256 ], [ 105.65221694783331, 21.138483469836434 ], [ 105.652187940677209, 21.13855770735163 ], [ 105.652167423915202, 21.138673588248594 ], [ 105.652131606888588, 21.138741489172823 ], [ 105.652075360394221, 21.138790380336715 ], [ 105.651893676302706, 21.138891265812337 ], [ 105.651854689110806, 21.138922473931473 ], [ 105.651818871883279, 21.138990374792808 ], [ 105.651807377301367, 21.139114651184315 ], [ 105.651780625456013, 21.139190987516617 ], [ 105.651747681795314, 21.139227819266196 ], [ 105.651658002989407, 21.139279344588211 ], [ 105.651582326845471, 21.139343899544556 ], [ 105.651508714201427, 21.139444117752475 ], [ 105.651432184801649, 21.139575365078269 ], [ 105.65138615249694, 21.139633760936935 ], [ 105.651287491532599, 21.139710671578509 ], [ 105.651082552598055, 21.139823662058522 ], [ 105.650990794174376, 21.139906995700695 ], [ 105.650923578968062, 21.140013167190286 ], [ 105.650840094527197, 21.140205429751877 ], [ 105.65073254977186, 21.140375304031313 ], [ 105.650649064892633, 21.14056756650217 ], [ 105.65055120343763, 21.140712708231739 ], [ 105.650460463185865, 21.140864476456297 ], [ 105.650372391634036, 21.140951241374719 ], [ 105.650263535978326, 21.141018666438892 ], [ 105.650169684469049, 21.141066309726003 ], [ 105.65011573502089, 21.141117339113777 ], [ 105.650094877831478, 21.141165417977426 ], [ 105.650083381693975, 21.141289694261705 ], [ 105.650068568130223, 21.141343396834174 ], [ 105.650041667235939, 21.141385851978377 ], [ 105.649957647101232, 21.141442643674083 ], [ 105.649924702498154, 21.141479475083759 ], [ 105.649903845199148, 21.141527553924732 ], [ 105.649892348882872, 21.141651830195599 ], [ 105.649865595630388, 21.141728166239755 ], [ 105.649832650942997, 21.1417649976325 ], [ 105.649702860872765, 21.141846686827876 ], [ 105.649622067109902, 21.141940224412565 ], [ 105.649572804748459, 21.142029359015893 ], [ 105.649500505292593, 21.14219828783968 ], [ 105.649392957613642, 21.142368161305097 ], [ 105.649309469945635, 21.14256042314393 ], [ 105.649211605911347, 21.142705564132751 ], [ 105.649120863120174, 21.142857331670424 ], [ 105.649032789624101, 21.14294409592225 ], [ 105.648946455342525, 21.142998734960162 ], [ 105.648785429204295, 21.143085102903619 ], [ 105.64869366750473, 21.143168435353964 ], [ 105.648626449232026, 21.1432746059712 ], [ 105.648542960090325, 21.143466867450186 ], [ 105.648431651005765, 21.14363324212167 ], [ 105.648368560555369, 21.143743254016815 ], [ 105.648322525786043, 21.143801649078203 ], [ 105.648226506397734, 21.143881020075284 ], [ 105.648195816490301, 21.14391995009284 ], [ 105.648166806331957, 21.143994186950835 ], [ 105.648146285804216, 21.144110067386702 ], [ 105.648110465686329, 21.144177967498017 ], [ 105.648054215833767, 21.144226857381899 ], [ 105.647872522372936, 21.144327738719465 ], [ 105.64783353292276, 21.144358945951179 ], [ 105.647797712603904, 21.144426845999547 ], [ 105.647786214373951, 21.144551122136171 ], [ 105.647759459555672, 21.144627457862761 ], [ 105.647726513715611, 21.144664288863069 ], [ 105.647636830240131, 21.144715812142554 ], [ 105.647561149609558, 21.144780365376516 ], [ 105.647487531631313, 21.144880581911185 ], [ 105.647410995984643, 21.145011827498966 ], [ 105.647364960454993, 21.145070222311016 ], [ 105.647287689899485, 21.145133296244907 ], [ 105.647105994808157, 21.145234176790829 ], [ 105.647067004960604, 21.145265383852909 ], [ 105.64703118408184, 21.145333283746449 ], [ 105.647019685163116, 21.145457559836032 ], [ 105.646992929799339, 21.145533895447642 ], [ 105.646959983571534, 21.145570726304882 ], [ 105.646830188607908, 21.145652413387349 ], [ 105.646763587042216, 21.145725415329675 ], [ 105.646711314209128, 21.145811750538623 ], [ 105.646650950169146, 21.145958044925621 ], [ 105.646615128940866, 21.146025944734756 ], [ 105.646529952386757, 21.146149150621397 ], [ 105.64645341526483, 21.146280395795134 ], [ 105.646407378974786, 21.146338790357792 ], [ 105.646330107358864, 21.146401863872509 ], [ 105.646125517070331, 21.146515185107955 ], [ 105.646045294922303, 21.146575513147003 ], [ 105.645982473472074, 21.146652033030318 ], [ 105.645890994629013, 21.146803119232231 ], [ 105.645858047851007, 21.14683994988372 ], [ 105.645785963654532, 21.146874106374561 ], [ 105.645653588964763, 21.146885905128496 ], [ 105.645572439107525, 21.146911625731875 ], [ 105.645533448499691, 21.146942832454105 ], [ 105.645463913411859, 21.147046849645552 ], [ 105.645391180975579, 21.147114147307413 ], [ 105.645278559108277, 21.147178071013382 ], [ 105.645074303496557, 21.147257959769654 ], [ 105.644897867502053, 21.147363735624069 ], [ 105.644781117000875, 21.1474238175472 ], [ 105.644700893811304, 21.14748414496917 ], [ 105.644635049427137, 21.147557852422221 ], [ 105.644591923070053, 21.147585210810451 ], [ 105.644538213037407, 21.147602720697254 ], [ 105.644473919335724, 21.14761038207244 ], [ 105.644148877813379, 21.147611619222797 ], [ 105.644085711911615, 21.147620329942832 ], [ 105.644013626914429, 21.14765448569587 ], [ 105.643953775728875, 21.147733770214163 ], [ 105.643890756195532, 21.147776361805544 ], [ 105.643833633904805, 21.147790696361799 ], [ 105.643555624346874, 21.147801953438503 ], [ 105.643429625307277, 21.147819684304707 ], [ 105.643357540056414, 21.147853839783863 ], [ 105.643288665837659, 21.147924728099699 ], [ 105.643247418827258, 21.147953835315693 ], [ 105.643168523593829, 21.14798165378442 ], [ 105.643045170246381, 21.14800184651363 ], [ 105.642994843339963, 21.148022504415689 ], [ 105.642953596243572, 21.148051611561911 ], [ 105.642892659432349, 21.148129886165599 ], [ 105.642802297213109, 21.14828201361798 ], [ 105.64275625886728, 21.148340407226392 ], [ 105.642657587667316, 21.14841731302247 ], [ 105.642476275605731, 21.148518551891986 ], [ 105.642443327597107, 21.148555381902703 ], [ 105.642422466932942, 21.148603459869314 ], [ 105.642410963987373, 21.148727735702987 ], [ 105.642396146977148, 21.148781437647106 ], [ 105.64236924257979, 21.148823891625565 ], [ 105.64228521529752, 21.14888067964629 ], [ 105.642252267163073, 21.148917509621501 ], [ 105.642231406389229, 21.148965587565392 ], [ 105.642219903264689, 21.14908986338558 ], [ 105.642205086152856, 21.149143565313359 ], [ 105.642178181637746, 21.149186019262711 ], [ 105.642094154079615, 21.149242807193232 ], [ 105.64206120581936, 21.149279637132942 ], [ 105.642040344935836, 21.14932771505411 ], [ 105.642028841632296, 21.149451990860804 ], [ 105.642002083030278, 21.149528325731552 ], [ 105.641969134685624, 21.149565155654283 ], [ 105.641839333457398, 21.149646839030531 ], [ 105.641787676640931, 21.149700004825107 ], [ 105.641745085343445, 21.149761606610298 ], [ 105.641636948986687, 21.149998431067573 ], [ 105.641529386823876, 21.150168299755506 ], [ 105.641445884816534, 21.150360557911949 ], [ 105.641338322182776, 21.150530426483456 ], [ 105.641254819736588, 21.150722684548921 ], [ 105.641147256631839, 21.150892553003988 ], [ 105.64106375374682, 21.151084810978457 ], [ 105.640956190171082, 21.151254679317077 ], [ 105.640872686847189, 21.151446937200561 ], [ 105.640761363345902, 21.151613307044073 ], [ 105.640698263939541, 21.151723316208642 ], [ 105.640652223727713, 21.151781709269276 ], [ 105.640553549177625, 21.151858613893427 ], [ 105.640370344617651, 21.151958094759895 ], [ 105.640308471568531, 21.152001754557258 ], [ 105.640241863983647, 21.152074754033126 ], [ 105.64012272567868, 21.15226759788548 ], [ 105.640059068215109, 21.152343342744857 ], [ 105.639956236118792, 21.152416378826437 ], [ 105.639752420293078, 21.152530425580732 ], [ 105.639629604585664, 21.152650257763206 ], [ 105.639557479911744, 21.152675981556214 ], [ 105.639498031794105, 21.152679056384525 ], [ 105.639434016454274, 21.152671557135442 ], [ 105.639354881731364, 21.152644337397913 ], [ 105.639313384116178, 21.152615543675616 ], [ 105.639263525474419, 21.152561343656117 ], [ 105.639197928596815, 21.152527669791954 ], [ 105.63911209293741, 21.152519483455212 ], [ 105.639048144107932, 21.152527466036631 ], [ 105.638993275157929, 21.152543898059623 ], [ 105.63894748608142, 21.152568779533141 ], [ 105.638910776875505, 21.152602110464549 ], [ 105.638839788016995, 21.152704778944795 ], [ 105.638776686731447, 21.15281478742661 ], [ 105.638713028342849, 21.152890531798132 ], [ 105.638610195192769, 21.152963567083479 ], [ 105.638427002245095, 21.153063059216318 ], [ 105.638335228603481, 21.153146386258481 ], [ 105.638282178378248, 21.153227804227654 ], [ 105.638254201299034, 21.153292511396842 ], [ 105.638238609557092, 21.153358921476787 ], [ 105.638243641004621, 21.153398775501923 ], [ 105.638276589075502, 21.153450507234204 ], [ 105.638334379663291, 21.153495782454112 ], [ 105.638365406810365, 21.153534477956821 ], [ 105.638387426782671, 21.153581691174033 ], [ 105.638408948780736, 21.153697411903767 ], [ 105.638426465192836, 21.153748883974831 ], [ 105.638469628336651, 21.153810121343469 ], [ 105.638528554116931, 21.153856452676465 ], [ 105.638559581391277, 21.153895148138758 ], [ 105.638581601481036, 21.153942361325797 ], [ 105.63860312368945, 21.154058082020793 ], [ 105.638620640214114, 21.154109554066803 ], [ 105.638663803545157, 21.15417079137865 ], [ 105.638738250325844, 21.154236463637108 ], [ 105.6387621635876, 21.154281886606793 ], [ 105.63877557791254, 21.154337237988621 ], [ 105.638779655869115, 21.154673565381568 ], [ 105.638770880812629, 21.154732891123079 ], [ 105.638735053949333, 21.154800789339919 ], [ 105.638633035807729, 21.15487458426005 ], [ 105.638597208848523, 21.154942482449037 ], [ 105.638588433706303, 21.155001808181456 ], [ 105.638576207057426, 21.15529414238835 ], [ 105.638554000036152, 21.155374714789257 ], [ 105.638511362894846, 21.155436275848245 ], [ 105.638452835644131, 21.155483050294382 ], [ 105.638422140828311, 21.155521978612935 ], [ 105.638393123658219, 21.155596213876628 ], [ 105.638372594155769, 21.155712093204571 ], [ 105.638336766885701, 21.155779991339863 ], [ 105.638280509459847, 21.155828878102618 ], [ 105.638075900023338, 21.155942189967995 ], [ 105.63799566953729, 21.156002514337171 ], [ 105.637918641810032, 21.156099564974252 ], [ 105.637798709704967, 21.156291674280649 ], [ 105.637745856929968, 21.156343729442639 ], [ 105.637660645723841, 21.156399419132313 ], [ 105.637509697097883, 21.156461428149871 ], [ 105.63743300432688, 21.156470227534093 ], [ 105.637362942828759, 21.156453590785084 ], [ 105.637275394777163, 21.156402435838906 ], [ 105.637177395289086, 21.156359034572784 ], [ 105.637035833287797, 21.1563228090933 ], [ 105.636902621031169, 21.156312705824753 ], [ 105.636577560035647, 21.156313928916724 ], [ 105.636451957409506, 21.156332031252614 ], [ 105.636377567795066, 21.156364044839503 ], [ 105.63626869448251, 21.156431461230287 ], [ 105.636151933325721, 21.156491537405728 ], [ 105.636090057150142, 21.15653519571654 ], [ 105.636008871003142, 21.156628377214876 ], [ 105.635874737415534, 21.156841018684158 ], [ 105.635747983863325, 21.156957189884107 ], [ 105.635727070302607, 21.157000322854103 ], [ 105.635718232305848, 21.157051894202787 ], [ 105.635721469884416, 21.157111903931611 ], [ 105.635734482032078, 21.157167635066163 ], [ 105.635770889450072, 21.157235261290179 ], [ 105.635861976172663, 21.157319218062142 ], [ 105.635885889090815, 21.157364641431535 ], [ 105.635899302663773, 21.157419993041355 ], [ 105.635906046189973, 21.157855847434842 ], [ 105.635923338386519, 21.1580436025849 ], [ 105.635940854501257, 21.158095074895805 ], [ 105.635967378230859, 21.158138029606878 ], [ 105.636042571791933, 21.158202997675144 ], [ 105.636071734617019, 21.15824345688188 ], [ 105.636095792494785, 21.158322761163564 ], [ 105.636099864768184, 21.158659088614097 ], [ 105.636091088450769, 21.158718414221823 ], [ 105.636055259442443, 21.158786311894669 ], [ 105.636016263739947, 21.158817516510407 ], [ 105.635926950760677, 21.15886939032492 ], [ 105.635871883634081, 21.158919385783864 ], [ 105.635798250929327, 21.159019597445518 ], [ 105.635734776023384, 21.159129261645422 ], [ 105.635680815133171, 21.15918028661671 ], [ 105.635629731502291, 21.15920024272576 ], [ 105.635497344850279, 21.159212033817216 ], [ 105.635440217315264, 21.159226365652906 ], [ 105.635395177500556, 21.159251945911045 ], [ 105.635335317155779, 21.159331227508034 ], [ 105.635296321158165, 21.159362431963245 ], [ 105.635245237410615, 21.159382387958654 ], [ 105.635112850557988, 21.159394178753868 ], [ 105.635031691980828, 21.159419894484348 ], [ 105.63499269589488, 21.159451098871443 ], [ 105.634906664437779, 21.159573519558009 ], [ 105.634807605823639, 21.159650071116534 ], [ 105.634712985649628, 21.159697006452266 ], [ 105.634533489960958, 21.159766198670933 ], [ 105.634353272077348, 21.159868465430105 ], [ 105.634197807089663, 21.159926273371724 ], [ 105.634125713827814, 21.159960425072022 ], [ 105.633995061467573, 21.160041323070249 ], [ 105.633834008107172, 21.160127677304402 ], [ 105.633775534775907, 21.160174503454186 ], [ 105.633710055383347, 21.160248556678873 ], [ 105.633668803089392, 21.160277661651936 ], [ 105.633589899475211, 21.160305475825375 ], [ 105.633466534467743, 21.160325661834573 ], [ 105.633394440838444, 21.160359813230745 ], [ 105.633342777326391, 21.160412976550781 ], [ 105.633223623585252, 21.160605815751055 ], [ 105.633159959094613, 21.160681558119478 ], [ 105.633057117852772, 21.160754590167716 ], [ 105.632873911585833, 21.160854076532861 ], [ 105.632815437664306, 21.160900902361586 ], [ 105.632739531904278, 21.160999000299078 ], [ 105.632674636849302, 21.161141091682005 ], [ 105.632650242551207, 21.161253378606478 ], [ 105.632641130447297, 21.161413633917054 ], [ 105.632614365016778, 21.161489967372084 ], [ 105.632581411735899, 21.161526795540791 ], [ 105.632491712802548, 21.161578311082877 ], [ 105.632433238479038, 21.161625136785684 ], [ 105.632370779715075, 21.161702001674726 ], [ 105.632321500688789, 21.161791131478157 ], [ 105.632292436386621, 21.16186532580026 ], [ 105.63227243785181, 21.16194795661346 ], [ 105.632258929157501, 21.162137867958084 ], [ 105.632244107265009, 21.162191569054986 ], [ 105.632217197613741, 21.162234021486896 ], [ 105.63213315889449, 21.162290804666124 ], [ 105.63210020532027, 21.162327632745072 ], [ 105.632079339478267, 21.162375709492036 ], [ 105.632067827146429, 21.162499984666699 ], [ 105.632041061239875, 21.162576318033565 ], [ 105.632008107581157, 21.162613146095495 ], [ 105.631878289500321, 21.162694822130931 ], [ 105.631811673053789, 21.162767818421528 ], [ 105.63175938572131, 21.162854149210411 ], [ 105.63169900041261, 21.163000438518417 ], [ 105.631663168399712, 21.163068335303254 ], [ 105.631577969915853, 21.163191533977805 ], [ 105.63148719700105, 21.163343292468156 ], [ 105.631418990402082, 21.163414809282813 ], [ 105.631334900630364, 21.163471545475563 ], [ 105.631131063012063, 21.163585582244611 ], [ 105.631027732121609, 21.163691907543519 ], [ 105.630986478349513, 21.163721011887841 ], [ 105.630907572391664, 21.16374882485735 ], [ 105.630812776159971, 21.163761850488118 ], [ 105.630757902119896, 21.163778279945969 ], [ 105.630712108201976, 21.163803159279631 ], [ 105.630643220655912, 21.163874042654093 ], [ 105.630601966756501, 21.16390314690716 ], [ 105.630523060626103, 21.163930959700942 ], [ 105.63039969214843, 21.163951143550914 ], [ 105.630349358052527, 21.163971797833678 ], [ 105.63029088211519, 21.164018622823242 ], [ 105.630233330115914, 21.164100055114467 ], [ 105.630169848991258, 21.164209717318304 ], [ 105.630136894509079, 21.1642465450293 ], [ 105.630064798202142, 21.164280695057549 ], [ 105.629932406478403, 21.164292481911705 ], [ 105.629851244289029, 21.16431819523164 ], [ 105.6298122458292, 21.164349398466094 ], [ 105.629770368762166, 21.164411670452182 ], [ 105.629707338098413, 21.164454256958464 ], [ 105.629650207952793, 21.164468586894618 ], [ 105.629372165550947, 21.16447982145931 ], [ 105.629246150463572, 21.164497542128128 ], [ 105.629174053821544, 21.164531691783878 ], [ 105.629104789245432, 21.164602224689567 ], [ 105.629061655074551, 21.164629579261554 ], [ 105.628977108969906, 21.164652143400609 ], [ 105.628873281960438, 21.164656764581956 ], [ 105.628781904282718, 21.1646729711556 ], [ 105.628730420387924, 21.164692555400599 ], [ 105.628570082160039, 21.16477957787399 ], [ 105.62843373319437, 21.164821429328381 ], [ 105.628270158258545, 21.164837943918254 ], [ 105.62707819758765, 21.164842366434112 ], [ 105.626802665001748, 21.16483074213847 ], [ 105.626743149190574, 21.164818979650367 ], [ 105.626692641927491, 21.164798700020768 ], [ 105.626651143217785, 21.164769903257572 ], [ 105.626600908935686, 21.164715349701837 ], [ 105.626531925827621, 21.164678522218409 ], [ 105.626472811479374, 21.16466638014607 ], [ 105.626336572807688, 21.164659123432539 ], [ 105.626225789775745, 21.164627799711475 ], [ 105.626093326433107, 21.164548942020005 ], [ 105.625976053106413, 21.164489738758228 ], [ 105.625895308286928, 21.164430015586568 ], [ 105.625817454700154, 21.164333543272974 ], [ 105.625695889170899, 21.164142335522406 ], [ 105.625567021154595, 21.164026063278953 ], [ 105.625543110215759, 21.163980638434662 ], [ 105.62552969980959, 21.163925285964947 ], [ 105.625525650927642, 21.163588957874616 ], [ 105.625507235138315, 21.163504322146995 ], [ 105.62546183637167, 21.1634451973202 ], [ 105.625350954675298, 21.163379951726661 ], [ 105.625246356768955, 21.163274749644646 ], [ 105.625177374658151, 21.163237921577736 ], [ 105.62508476646093, 21.163223430570856 ], [ 105.624688578154462, 21.163225947708248 ], [ 105.624484266218388, 21.163238293615784 ], [ 105.624424851736379, 21.163250495914063 ], [ 105.624374516995303, 21.163271148435499 ], [ 105.624333261990728, 21.163300251188254 ], [ 105.624286486306019, 21.163352339992429 ], [ 105.624258342239756, 21.163365520733969 ], [ 105.624244798591775, 21.163364165662134 ], [ 105.624218768073334, 21.16334556463347 ], [ 105.624160883001522, 21.163269193485434 ], [ 105.624088501629728, 21.163235578971332 ], [ 105.624025256724209, 21.163227341877487 ], [ 105.623665947004312, 21.163230429797753 ], [ 105.623547884067122, 21.163255546870683 ], [ 105.623362745516317, 21.16335323381163 ], [ 105.623283881152545, 21.163381083207391 ], [ 105.623195951371812, 21.163400495575964 ], [ 105.623097806915126, 21.163410401297003 ], [ 105.622990955754489, 21.163411504007243 ], [ 105.622720289096165, 21.163395275309352 ], [ 105.622665278490288, 21.163379252905319 ], [ 105.622619276589134, 21.163354713574648 ], [ 105.622549794566751, 21.163284342613309 ], [ 105.622484170052942, 21.163244339725068 ], [ 105.622429159526547, 21.163228317241966 ], [ 105.622305625455112, 21.163209047560159 ], [ 105.622255119311816, 21.163188766573342 ], [ 105.62221362188761, 21.16315996868375 ], [ 105.622163762751356, 21.163105061113011 ], [ 105.622098138417485, 21.163065058069666 ], [ 105.622043127995923, 21.163049035458037 ], [ 105.62191959411598, 21.163029765489028 ], [ 105.621869088083557, 21.163009484383743 ], [ 105.621827590782345, 21.162980686395773 ], [ 105.621777731847203, 21.162925778705112 ], [ 105.62171210769327, 21.162885775506673 ], [ 105.621657097376541, 21.162869752766515 ], [ 105.621533563688118, 21.162850482510319 ], [ 105.621483057766582, 21.162830201286546 ], [ 105.621441560588337, 21.162801403200216 ], [ 105.621409072155643, 21.162764088257802 ], [ 105.621288295025593, 21.162572138315568 ], [ 105.621241757910298, 21.162514090327956 ], [ 105.621163943212835, 21.16245159744728 ], [ 105.621047039325731, 21.162392044744401 ], [ 105.620941595063428, 21.162359212633998 ], [ 105.620867109188765, 21.162359445882412 ], [ 105.620821255439523, 21.162373704720689 ], [ 105.620735257632731, 21.162424451222819 ], [ 105.62064433761708, 21.162462232426723 ], [ 105.620573665696099, 21.162477385034823 ], [ 105.620511552946425, 21.162466001162194 ], [ 105.620459495510744, 21.162425947706364 ], [ 105.620387635740713, 21.162323810552529 ], [ 105.620323601948584, 21.162214274860624 ], [ 105.620259300925809, 21.162139006364018 ], [ 105.620155846889602, 21.162066738246022 ], [ 105.619971807107362, 21.161968611574185 ], [ 105.619879326468521, 21.161885969414538 ], [ 105.6198210931761, 21.161804964735307 ], [ 105.619729048245858, 21.161653881983622 ], [ 105.619679133738003, 21.161599027322104 ], [ 105.619600567069128, 21.161537245654262 ], [ 105.619571407969588, 21.161496783528872 ], [ 105.61954735826707, 21.161417476721024 ], [ 105.619532795554321, 21.161261172388038 ], [ 105.619515664757827, 21.161209338927542 ], [ 105.619491045613714, 21.16116458485735 ], [ 105.619338712896649, 21.160977099114987 ], [ 105.619285761354107, 21.160942368543942 ], [ 105.619269194329931, 21.160941156065643 ], [ 105.619237685505936, 21.160954277678389 ], [ 105.619191569305869, 21.161005538351922 ], [ 105.619127000711899, 21.161045133359355 ], [ 105.619072083653222, 21.161061000109939 ], [ 105.618976615772326, 21.161073289658162 ], [ 105.618897497012426, 21.161100899932425 ], [ 105.618856453279278, 21.161130198491733 ], [ 105.618791918951089, 21.161205133183199 ], [ 105.618733863908375, 21.161252348502813 ], [ 105.618485278780653, 21.161392228198157 ], [ 105.618428377211529, 21.161440517172029 ], [ 105.618396293871214, 21.161478155691658 ], [ 105.618249115376358, 21.161712420004072 ], [ 105.618191059962939, 21.161759635143682 ], [ 105.618140654206726, 21.161780220114853 ], [ 105.618080886737616, 21.161792091645601 ], [ 105.618016417611429, 21.161794596146098 ], [ 105.617961226983681, 21.16178577287651 ], [ 105.617915314865655, 21.161765621845607 ], [ 105.617830685807533, 21.161677474241419 ], [ 105.617772240182376, 21.161630684643878 ], [ 105.617610218632791, 21.161545756004976 ], [ 105.617502239216151, 21.161477765907215 ], [ 105.617432805035961, 21.161407350602683 ], [ 105.617380470740386, 21.161325799721599 ], [ 105.617367702922579, 21.161313915894173 ], [ 105.617341215683496, 21.161306137659086 ], [ 105.617313459630367, 21.161319678650099 ], [ 105.6172515820424, 21.161391461333455 ], [ 105.617193526425396, 21.161438676137227 ], [ 105.617032214293602, 21.16152478466238 ], [ 105.616924801898449, 21.161593560581128 ], [ 105.616855953551536, 21.161664480315299 ], [ 105.616801636536451, 21.161748925384241 ], [ 105.616762635914696, 21.161780125670752 ], [ 105.616711548704643, 21.161800076146637 ], [ 105.616579157831154, 21.161811852525762 ], [ 105.61652202730437, 21.161826178039057 ], [ 105.616476983323196, 21.161851753353165 ], [ 105.616417111708586, 21.161931028508004 ], [ 105.61635407811545, 21.161973610119798 ], [ 105.61629694750323, 21.161987935558855 ], [ 105.6161590021118, 21.161994541812067 ], [ 105.616064686277667, 21.16200800670865 ], [ 105.615980902217387, 21.16203127429106 ], [ 105.615904716139227, 21.162061613881264 ], [ 105.615812671946372, 21.162110943712662 ], [ 105.615752258621185, 21.162155964227573 ], [ 105.61570237704673, 21.162210787476848 ], [ 105.615648059176223, 21.162295232190871 ], [ 105.615585025203814, 21.162337813523447 ], [ 105.615494796503157, 21.16235508258368 ], [ 105.615389921471163, 21.162352183719698 ], [ 105.615295496864945, 21.162339405703147 ], [ 105.615185368450113, 21.162307459466174 ], [ 105.615110961553171, 21.162275758093454 ], [ 105.615000978103836, 21.162215330282308 ], [ 105.614964055720506, 21.162210551689952 ], [ 105.614931871280447, 21.162223969776242 ], [ 105.614877510088618, 21.162298034339898 ], [ 105.614838508910594, 21.162329234194182 ], [ 105.614787421240138, 21.162349184098648 ], [ 105.614655029685494, 21.16236095898693 ], [ 105.61459789874624, 21.162375283859202 ], [ 105.614534864429302, 21.162417864808258 ], [ 105.614474991542039, 21.162497139301312 ], [ 105.614429946994207, 21.162522714081916 ], [ 105.614372815969546, 21.16253703887995 ], [ 105.614268640090231, 21.162539147156973 ], [ 105.614170731939836, 21.162529661522193 ], [ 105.614083274318077, 21.162510296815803 ], [ 105.613980009415116, 21.162471861728623 ], [ 105.613887560227226, 21.162423202404838 ], [ 105.613826776726626, 21.162378622299055 ], [ 105.613776443788083, 21.162324163174244 ], [ 105.613736561410718, 21.162259825039584 ], [ 105.613703300565348, 21.162223240637211 ], [ 105.613658046466412, 21.162197993591381 ], [ 105.613600799109221, 21.162184083892676 ], [ 105.612375735227928, 21.162185698956971 ], [ 105.612242869101252, 21.162175245270667 ], [ 105.612155411912255, 21.162155879555691 ], [ 105.612028021647944, 21.162106236682281 ], [ 105.611845828953889, 21.162006359791587 ], [ 105.611690932958609, 21.161948705050843 ], [ 105.611595780867319, 21.161902600454486 ], [ 105.611494961716716, 21.161827840202601 ], [ 105.611389426877579, 21.161689512400532 ], [ 105.611344173318727, 21.161664264720709 ], [ 105.61128692636278, 21.161650354227923 ], [ 105.611148957767156, 21.161651309544101 ], [ 105.61102554322116, 21.161671437468986 ], [ 105.610894669911119, 21.161718374126316 ], [ 105.610733144839372, 21.161804282350161 ], [ 105.61061458643934, 21.161828930448845 ], [ 105.609677333138066, 21.161834040432716 ], [ 105.609614089478072, 21.161825797915991 ], [ 105.609541711929324, 21.161792177074997 ], [ 105.609481189266546, 21.161713338017492 ], [ 105.609441932790062, 21.161682421283846 ], [ 105.609360560176185, 21.161657303165882 ], [ 105.609228076255206, 21.161646486395558 ], [ 105.609155698877416, 21.161612865384505 ], [ 105.609122439281961, 21.16157628004796 ], [ 105.609030416000039, 21.161425180991753 ], [ 105.608967925797842, 21.161348201970828 ], [ 105.608887679686276, 21.161288006923922 ], [ 105.608659751851022, 21.161163336794246 ], [ 105.6086273860886, 21.161132492645791 ], [ 105.608608990490481, 21.161097224420786 ], [ 105.608604565048552, 21.161057532123937 ], [ 105.608621647567674, 21.160991119176792 ], [ 105.608661990783816, 21.160905078983642 ], [ 105.608702949737179, 21.160843852265796 ], [ 105.608753987074095, 21.160790104844207 ], [ 105.608793862633547, 21.160759719444005 ], [ 105.608977509159445, 21.160660653032618 ], [ 105.609081562626926, 21.160588752434528 ], [ 105.609145733728269, 21.160513478809111 ], [ 105.609288460455616, 21.160280690921997 ], [ 105.609293556026458, 21.160246056826228 ], [ 105.609279252793641, 21.160215866403579 ], [ 105.609182169198263, 21.16014799583311 ], [ 105.609145772947954, 21.160080363631224 ], [ 105.609136500617808, 21.160021104180064 ], [ 105.609125398707164, 21.159687728322798 ], [ 105.609103496396031, 21.159632691321445 ], [ 105.609041376352266, 21.159567523489933 ], [ 105.608629232824654, 21.159367894182768 ], [ 105.608441916850154, 21.159292790199171 ], [ 105.608356248765901, 21.159282593473748 ], [ 105.608303659678938, 21.159290574831495 ], [ 105.608254688953323, 21.159310379533281 ], [ 105.6082156871107, 21.15934157788648 ], [ 105.60818877099328, 21.159384026666256 ], [ 105.608171057563609, 21.159468794396993 ], [ 105.608172303124647, 21.15977372454163 ], [ 105.60818575299038, 21.159863046773172 ], [ 105.608218754890061, 21.159933887277553 ], [ 105.608314957814642, 21.160047022340194 ], [ 105.608408876705326, 21.160196328486936 ], [ 105.608507707549293, 21.160301310991183 ], [ 105.608515753853027, 21.160316379817058 ], [ 105.608515806705185, 21.160344673208787 ], [ 105.608494473206989, 21.160370507586606 ], [ 105.608384647399575, 21.16043267238058 ], [ 105.608306824827125, 21.160495238234844 ], [ 105.608241395738403, 21.160569340917522 ], [ 105.608159905258162, 21.160695997039035 ], [ 105.608120903040032, 21.160727195374548 ], [ 105.608069814957318, 21.160747143262761 ], [ 105.608006641016317, 21.16075584069263 ], [ 105.607937401089416, 21.160753266020805 ], [ 105.607880154772801, 21.160739354357617 ], [ 105.607816773337831, 21.160697230029346 ], [ 105.60774815968557, 21.160592027740275 ], [ 105.607662721984539, 21.160502728435997 ], [ 105.607581031768376, 21.16044389870083 ], [ 105.607421148685248, 21.160356945218069 ], [ 105.607342817570824, 21.160294940345292 ], [ 105.607261960638553, 21.160201311258511 ], [ 105.607168042877376, 21.16005200444755 ], [ 105.607101345114913, 21.159979003323965 ], [ 105.607000916142667, 21.159903874797163 ], [ 105.606889516536853, 21.159843223368618 ], [ 105.606867203592486, 21.159816826880757 ], [ 105.606863828438009, 21.159802434098456 ], [ 105.606872640757317, 21.1597712594588 ], [ 105.606964918932974, 21.159660271010335 ], [ 105.60704317160716, 21.159530600917467 ], [ 105.607089001541041, 21.159472006264537 ], [ 105.607202209743136, 21.159374876295967 ], [ 105.607334430504352, 21.159299520937804 ], [ 105.60735652744701, 21.159272965107334 ], [ 105.607359785115875, 21.159258548526672 ], [ 105.607350718856068, 21.159227438035792 ], [ 105.607289881125283, 21.159154566660664 ], [ 105.607264271176902, 21.159110751028894 ], [ 105.607211126621479, 21.158954700074382 ], [ 105.607172523428176, 21.158880292566948 ], [ 105.607099560625258, 21.158791030705675 ], [ 105.607001269483732, 21.158713529657714 ], [ 105.606788268126991, 21.158593762282099 ], [ 105.606498525718635, 21.158399018620862 ], [ 105.606104572825245, 21.158168409583528 ], [ 105.605904375622629, 21.158033472680021 ], [ 105.605798490270459, 21.157985451607694 ], [ 105.605726238800287, 21.157972988681653 ], [ 105.60570753098591, 21.157977615822251 ], [ 105.605679538170534, 21.158001497104006 ], [ 105.605664109103614, 21.158044881058 ], [ 105.605662346308236, 21.158378816875256 ], [ 105.60564544114834, 21.158464338067496 ], [ 105.60560255805197, 21.158525675875527 ], [ 105.605517757000115, 21.158581744265231 ], [ 105.605465404901665, 21.158634267222315 ], [ 105.605324994984713, 21.158874838534963 ], [ 105.605259128525418, 21.158948533707861 ], [ 105.605195283253565, 21.158990357537867 ], [ 105.604983841388105, 21.15909729806593 ], [ 105.604875569889657, 21.1591315174472 ], [ 105.604777087230048, 21.159141096459997 ], [ 105.604452018075705, 21.159142257993206 ], [ 105.604361652321856, 21.15912563995396 ], [ 105.604316400694657, 21.159100390339304 ], [ 105.604283142840615, 21.159063803998542 ], [ 105.604169140816936, 21.158865460703712 ], [ 105.604121341432787, 21.158808608230324 ], [ 105.604061254316491, 21.158763370352791 ], [ 105.60380450272767, 21.158631934469494 ], [ 105.603731402579058, 21.158564985724819 ], [ 105.60358904355418, 21.158325424556885 ], [ 105.603558542865983, 21.15828623228338 ], [ 105.603502552054564, 21.15823712267067 ], [ 105.603413147128492, 21.158185585586125 ], [ 105.603379889702055, 21.15814899905368 ], [ 105.603352491881409, 21.158072863026089 ], [ 105.603339948989074, 21.157948675018933 ], [ 105.603303555923247, 21.157881041466155 ], [ 105.603264301722731, 21.15785012323013 ], [ 105.603051999923224, 21.157744695498721 ], [ 105.602991031502853, 21.157700290947442 ], [ 105.602942350888895, 21.157644271843171 ], [ 105.602814855552069, 21.15742467348808 ], [ 105.602748393746737, 21.157351450636412 ], [ 105.602684211713509, 21.157310083743536 ], [ 105.60247191108536, 21.157204655249377 ], [ 105.60242503223725, 21.157188687231933 ], [ 105.602352783323298, 21.157185918091542 ], [ 105.602303330270146, 21.157198193920916 ], [ 105.602109985007644, 21.15728822429978 ], [ 105.602053473806393, 21.157329190273295 ], [ 105.602036383309297, 21.157362855876986 ], [ 105.602035759732672, 21.157401605450627 ], [ 105.602072771455212, 21.157490160937108 ], [ 105.602154490444661, 21.157641528964124 ], [ 105.602152206960042, 21.157694703331767 ], [ 105.602108033608488, 21.15773645600715 ], [ 105.601919545069208, 21.157831008392648 ], [ 105.601854810517025, 21.15787200355344 ], [ 105.601802457338323, 21.157924525406543 ], [ 105.601750380572341, 21.158005683937649 ], [ 105.601725700442998, 21.158023343016811 ], [ 105.601700393383084, 21.158018920936005 ], [ 105.601687504757678, 21.158008429460434 ], [ 105.601630757208454, 21.157931693001991 ], [ 105.601553373164052, 21.157868793621169 ], [ 105.601318313217945, 21.157750865065186 ], [ 105.601247608697122, 21.157731149138023 ], [ 105.60119918514016, 21.157732127103355 ], [ 105.601149731802536, 21.157744402601399 ], [ 105.600908831583752, 21.157857668061492 ], [ 105.600793977711703, 21.157885756878404 ], [ 105.600079408600322, 21.157890208526663 ], [ 105.600021494484523, 21.157876927015902 ], [ 105.599975038722334, 21.157852815357355 ], [ 105.599879042059044, 21.157739487636157 ], [ 105.599818956631125, 21.15769424820537 ], [ 105.599606951404425, 21.157588538181564 ], [ 105.599541888031951, 21.157548003792069 ], [ 105.599489112729032, 21.157495855091049 ], [ 105.599433496594457, 21.157412381372364 ], [ 105.599370118905213, 21.157370253772466 ], [ 105.599279754725785, 21.157353632976506 ], [ 105.59863262205694, 21.157353100031635 ], [ 105.598575377840206, 21.157339185162691 ], [ 105.598530127703498, 21.157313933958928 ], [ 105.598469612649694, 21.157235090737924 ], [ 105.598406235300217, 21.157192962767859 ], [ 105.598348991164556, 21.157179047820112 ], [ 105.598246633121917, 21.157173762769336 ], [ 105.598165264735357, 21.157148639149707 ], [ 105.598110883070376, 21.157098008847655 ], [ 105.597996890732347, 21.156899661116654 ], [ 105.597966422766461, 21.156868181514881 ], [ 105.597930534731418, 21.156852148734142 ], [ 105.597866540027212, 21.156857062345452 ], [ 105.597631824895757, 21.156964476183518 ], [ 105.597584515760175, 21.156975131230539 ], [ 105.597536085928738, 21.156974496326924 ], [ 105.597436412223686, 21.156941926007534 ], [ 105.597244731821519, 21.156851015153894 ], [ 105.597129655964011, 21.156823740240306 ], [ 105.596448308119776, 21.156821529595149 ], [ 105.59638466544645, 21.156813661767771 ], [ 105.596310686205484, 21.156781553947194 ], [ 105.596246556794554, 21.156706127258257 ], [ 105.596206500834796, 21.156675966752609 ], [ 105.596155522018535, 21.156656129836879 ], [ 105.596058573422496, 21.156645731172713 ], [ 105.5959967365268, 21.15665240183662 ], [ 105.595945908871641, 21.156670327605664 ], [ 105.595906090449859, 21.156699508489869 ], [ 105.595842970456374, 21.156775509505014 ], [ 105.595797654425979, 21.15680082813331 ], [ 105.595709045587469, 21.156819594093758 ], [ 105.59561211809195, 21.156814491183344 ], [ 105.595539758112636, 21.156783890489432 ], [ 105.595476033859129, 21.156708840366385 ], [ 105.595411854053637, 21.156667470657421 ], [ 105.595355413874927, 21.156652795274393 ], [ 105.595226149143883, 21.156638929763371 ], [ 105.595175170463108, 21.156619092548823 ], [ 105.595135114737431, 21.156588931783578 ], [ 105.595071387746501, 21.15651312492702 ], [ 105.595025870599628, 21.156488125899944 ], [ 105.594937114385232, 21.156469983941999 ], [ 105.594616871498303, 21.156466569995398 ], [ 105.594553630807582, 21.156458321769861 ], [ 105.594481259127377, 21.156424694322006 ], [ 105.594420746552558, 21.156345849585517 ], [ 105.594357370693118, 21.156303720058553 ], [ 105.594300127243088, 21.156289803722601 ], [ 105.594130727208224, 21.156279861226697 ], [ 105.594042853314988, 21.15626088510912 ], [ 105.593917119139576, 21.156209673285982 ], [ 105.593799178476885, 21.156151095713462 ], [ 105.593728475632432, 21.156131376599195 ], [ 105.593680052488125, 21.156132352401812 ], [ 105.593630598999255, 21.156144625706755 ], [ 105.593389695328227, 21.156257880557614 ], [ 105.593274841126359, 21.156285964280499 ], [ 105.59227146705841, 21.156291268948358 ], [ 105.59221422378927, 21.156277351902059 ], [ 105.592150848561673, 21.156235221532977 ], [ 105.592021736955132, 21.156017158154121 ], [ 105.591987143574258, 21.155981834953042 ], [ 105.591914772678763, 21.155948206386576 ], [ 105.591817824776058, 21.155937805274085 ], [ 105.591755987942022, 21.155944474386398 ], [ 105.591705159981629, 21.155962398889475 ], [ 105.591665340887673, 21.155991578793337 ], [ 105.591602218977783, 21.156067578276847 ], [ 105.591530117290688, 21.156101712034939 ], [ 105.591433254618664, 21.156112790765579 ], [ 105.591114967710666, 21.156114610087489 ], [ 105.591057724607552, 21.156100692645552 ], [ 105.590994349772103, 21.156058561833021 ], [ 105.590865239995708, 21.155840497523911 ], [ 105.590830646925028, 21.155805174078274 ], [ 105.590785130679208, 21.15578017388659 ], [ 105.590696375346312, 21.155762029680776 ], [ 105.59037613386522, 21.155758607670297 ], [ 105.590312893668795, 21.155750357846632 ], [ 105.59024052324618, 21.155716728551706 ], [ 105.590161887018894, 21.155621004583338 ], [ 105.590116638778611, 21.155595751078707 ], [ 105.590059395960552, 21.15558183329135 ], [ 105.58970121432634, 21.155580258302727 ], [ 105.589610048654194, 21.155564391672282 ], [ 105.589544665632559, 21.155524158757707 ], [ 105.589484904203573, 21.155444605080429 ], [ 105.589407526461585, 21.155381699975234 ], [ 105.589172479661372, 21.155263754193268 ], [ 105.589101777802512, 21.155244033119597 ], [ 105.589053354881003, 21.15524500759232 ], [ 105.589003901267503, 21.155257279548458 ], [ 105.588762995319655, 21.155370527873384 ], [ 105.588648140841499, 21.155398608463344 ], [ 105.588255779142088, 21.155404586278138 ], [ 105.58819253919296, 21.155396335655468 ], [ 105.588120169399289, 21.155362705437128 ], [ 105.588062546640501, 21.155286545678926 ], [ 105.588050192886172, 21.155275042499785 ], [ 105.58802514752044, 21.155268599887759 ], [ 105.587999651669236, 21.15528424227082 ], [ 105.587939392905682, 21.155357533096986 ], [ 105.587867290676968, 21.155391665308866 ], [ 105.587770428137162, 21.155402741939383 ], [ 105.587452142518828, 21.155404554337622 ], [ 105.58739489999985, 21.155390635641105 ], [ 105.587349652280224, 21.155365381383334 ], [ 105.587289143858968, 21.155286533988249 ], [ 105.587249893582566, 21.155255611933299 ], [ 105.58719864853343, 21.155236025400693 ], [ 105.587066171481979, 21.155225191096321 ], [ 105.587008929064993, 21.155211272266506 ], [ 105.586963681463388, 21.155186017902206 ], [ 105.586903173318262, 21.155107170360996 ], [ 105.586863923167883, 21.155076248212904 ], [ 105.586812678228767, 21.155056661560383 ], [ 105.586749438493555, 21.155048410392777 ], [ 105.585813258506917, 21.155054350974176 ], [ 105.585755452736066, 21.155068037967482 ], [ 105.585709191020428, 21.155092474514291 ], [ 105.585645662625254, 21.155168347146006 ], [ 105.585581813238448, 21.155210163685862 ], [ 105.585525491456806, 21.15522523253836 ], [ 105.58542585650936, 21.155228351373339 ], [ 105.585369428679613, 21.155216446726257 ], [ 105.585323920432714, 21.155193210377821 ], [ 105.585228341212911, 21.155080250900188 ], [ 105.585168261191924, 21.155035006123452 ], [ 105.584933218148009, 21.154917054357583 ], [ 105.584862516969523, 21.154897331495054 ], [ 105.58481409410085, 21.154898304752795 ], [ 105.584764640219603, 21.154910575476027 ], [ 105.584523731442133, 21.155023817832603 ], [ 105.584440058183503, 21.155047174366917 ], [ 105.584341576585487, 21.155056741458026 ], [ 105.58398339595476, 21.155055154336083 ], [ 105.583926153864169, 21.155041234454995 ], [ 105.583880906816049, 21.155015979252568 ], [ 105.583820400345544, 21.154937130568005 ], [ 105.583757027989904, 21.154894996980072 ], [ 105.583699785980414, 21.154881077020235 ], [ 105.583597429803774, 21.154875783057793 ], [ 105.583516064967455, 21.15485065230013 ], [ 105.583476815568687, 21.154819729347608 ], [ 105.583416309390813, 21.154740880509941 ], [ 105.583343940944303, 21.154707248213988 ], [ 105.583280701516003, 21.154698995741882 ], [ 105.582055692995866, 21.154700389835845 ], [ 105.581998451205564, 21.154686469294795 ], [ 105.581953204580202, 21.154661213565845 ], [ 105.581892699261346, 21.154582364161811 ], [ 105.581853450261946, 21.154551440822377 ], [ 105.581802206124308, 21.154531852631937 ], [ 105.581738966841044, 21.154523599579829 ], [ 105.581602748603601, 21.154531781615553 ], [ 105.581515027769967, 21.154551367694225 ], [ 105.581414006697116, 21.154592326290789 ], [ 105.581247627674955, 21.154673695952493 ], [ 105.581193490596931, 21.154690798092961 ], [ 105.581099944969708, 21.154704959859593 ], [ 105.580740411554387, 21.154707731819247 ], [ 105.580609594846422, 21.15469532423721 ], [ 105.580500625846398, 21.154662271328185 ], [ 105.580285407608883, 21.154562170013012 ], [ 105.580213933647855, 21.154550918284752 ], [ 105.580140139133775, 21.154565085810283 ], [ 105.579900592704718, 21.15467703133449 ], [ 105.579853282891477, 21.154687681439864 ], [ 105.579804853745429, 21.154687041442401 ], [ 105.579755305277587, 21.154675111340879 ], [ 105.579680526932108, 21.15464375547144 ], [ 105.57951651689298, 21.154560695510678 ], [ 105.579459653059317, 21.154512411313036 ], [ 105.579369700717123, 21.154393376475038 ], [ 105.57929733331008, 21.154359742422269 ], [ 105.57923409421447, 21.154351488429072 ], [ 105.578297896269703, 21.154351992644386 ], [ 105.578239985283631, 21.154338703596114 ], [ 105.578193534008989, 21.15431458583987 ], [ 105.57812941468876, 21.154239152025248 ], [ 105.578089362961919, 21.154208987121702 ], [ 105.578038387268123, 21.154189144666656 ], [ 105.577976487600765, 21.154179624650457 ], [ 105.576789422703825, 21.154179134922419 ], [ 105.576725844678847, 21.154187443744565 ], [ 105.576673810006099, 21.154206502750096 ], [ 105.576633318679086, 21.154236311949735 ], [ 105.576570055739424, 21.15431243255599 ], [ 105.576524737034575, 21.154337746089158 ], [ 105.576468414585193, 21.154352811942367 ], [ 105.576115923240465, 21.154362131815653 ], [ 105.575955816898755, 21.154343392106181 ], [ 105.575802165531968, 21.154284547797928 ], [ 105.575684233207483, 21.154225957386682 ], [ 105.575642228316198, 21.154197637908439 ], [ 105.575574604814165, 21.154125515465623 ], [ 105.575447152440972, 21.15390589538956 ], [ 105.575399365450181, 21.153849034476966 ], [ 105.575339288830691, 21.15380378612409 ], [ 105.575127305783681, 21.153698044850508 ], [ 105.575062250554012, 21.153657500836076 ], [ 105.575009485037071, 21.153605344245538 ], [ 105.574956769719336, 21.153524549672959 ], [ 105.574931951379654, 21.15350706259542 ], [ 105.57490668061412, 21.153511660527283 ], [ 105.574893875568151, 21.153522241371746 ], [ 105.574852143979882, 21.153579028221269 ], [ 105.574812326971198, 21.153609465188705 ], [ 105.574731969754836, 21.153635906025023 ], [ 105.574344727770111, 21.153644054539296 ], [ 105.574248664532959, 21.153632809711929 ], [ 105.574164891054437, 21.153609952339423 ], [ 105.573561842833811, 21.153329648724299 ], [ 105.573483296482223, 21.153267847582114 ], [ 105.57341147360539, 21.153165688924766 ], [ 105.573348104859946, 21.153123551345434 ], [ 105.573290864416848, 21.153109627824019 ], [ 105.573090813449426, 21.153094625404758 ], [ 105.572981847172798, 21.153061567583251 ], [ 105.571221474894458, 21.152242580733674 ], [ 105.571167207721984, 21.152225847630568 ], [ 105.571073556409289, 21.152212323079205 ], [ 105.570645878454215, 21.15220837077332 ], [ 105.570553913010713, 21.152193253072497 ], [ 105.57049943045935, 21.152176723338354 ], [ 105.570376144431634, 21.152123191093487 ], [ 105.570260652902874, 21.152062294161425 ], [ 105.570203792964406, 21.152014006749514 ], [ 105.57013197292801, 21.151911846620621 ], [ 105.570092727017993, 21.151880920472184 ], [ 105.570041485262792, 21.151861328658239 ], [ 105.569909012118117, 21.151850480821633 ], [ 105.569851772458904, 21.151836556116603 ], [ 105.569806528687536, 21.151811297064953 ], [ 105.569746030883906, 21.151732443118718 ], [ 105.569682663760375, 21.151690304122514 ], [ 105.569625424182306, 21.151676379338799 ], [ 105.569456030404382, 21.15166641197963 ], [ 105.569368162057671, 21.151647422904428 ], [ 105.569242439824478, 21.151596192436205 ], [ 105.569053755539073, 21.15150244022324 ], [ 105.568832378395427, 21.151405573977748 ], [ 105.568716888034771, 21.151344675960267 ], [ 105.568660028863405, 21.151296388008152 ], [ 105.568615459726303, 21.151236487939929 ], [ 105.568501510843205, 21.15103811919515 ], [ 105.568435068487673, 21.150964882356341 ], [ 105.568370898442737, 21.150923502134635 ], [ 105.568158630198084, 21.150818029742847 ], [ 105.568080087375364, 21.150756225994058 ], [ 105.568035518634773, 21.150696325760418 ], [ 105.5679215709457, 21.15049795658587 ], [ 105.567886984468572, 21.150462628275051 ], [ 105.567814621460641, 21.150428989194442 ], [ 105.567685364161079, 21.150415102453948 ], [ 105.567604807880954, 21.150389204635136 ], [ 105.567564759276848, 21.150359037155386 ], [ 105.567501048797084, 21.150283219477604 ], [ 105.567455538015764, 21.150258212866856 ], [ 105.567399102793701, 21.150243528030153 ], [ 105.567269845686127, 21.150229640967545 ], [ 105.567218872725348, 21.150209795180793 ], [ 105.567178824246255, 21.150179627606239 ], [ 105.567115114038273, 21.150103809775452 ], [ 105.567069603374691, 21.150078803057713 ], [ 105.567013168255798, 21.15006411808962 ], [ 105.566883911332795, 21.150050230727672 ], [ 105.566832938482463, 21.150030384821751 ], [ 105.566792890128355, 21.150000217152403 ], [ 105.566729180192169, 21.149924399168597 ], [ 105.566683669646309, 21.149899392343862 ], [ 105.566594920443961, 21.149881235338391 ], [ 105.566274690978858, 21.149877767417895 ], [ 105.566184334598532, 21.149861128745947 ], [ 105.566139092032586, 21.149835868680537 ], [ 105.566078596966065, 21.149757013343297 ], [ 105.56603935245279, 21.149726086215377 ], [ 105.565988111947888, 21.149706493140602 ], [ 105.56585564093767, 21.149695642078889 ], [ 105.565798402455513, 21.149681715972342 ], [ 105.565735037298239, 21.149639575443231 ], [ 105.565674542524306, 21.149560719953165 ], [ 105.565629300133878, 21.149535459746609 ], [ 105.565572061732851, 21.149521533561401 ], [ 105.56546808592465, 21.149520343092231 ], [ 105.56534287364039, 21.149538760376782 ], [ 105.56523856100695, 21.149576644671367 ], [ 105.565048969272468, 21.149667579944531 ], [ 105.56497758586066, 21.149679315028958 ], [ 105.564903686596523, 21.149665647085335 ], [ 105.564661918186786, 21.149554043285601 ], [ 105.564578069762291, 21.14953125533885 ], [ 105.564479520300893, 21.149522356953351 ], [ 105.564154469796023, 21.149523440603925 ], [ 105.564091233454306, 21.149515180882375 ], [ 105.56401887172791, 21.149481540145658 ], [ 105.563958377913153, 21.149402684018959 ], [ 105.563919133922781, 21.149371756386206 ], [ 105.563867893803462, 21.149352162659778 ], [ 105.563735423221189, 21.149341309927731 ], [ 105.563678185055991, 21.149327383096121 ], [ 105.563614820631599, 21.149285241754718 ], [ 105.563554327109401, 21.149206385475225 ], [ 105.563509085173237, 21.149181124690443 ], [ 105.563451847089198, 21.149167197780191 ], [ 105.561649013751776, 21.149170365663878 ], [ 105.561518300049727, 21.149183655788875 ], [ 105.561434705312493, 21.149207074715097 ], [ 105.561360171634334, 21.149238934020669 ], [ 105.561218388251277, 21.149309437670436 ], [ 105.561176601865895, 21.149338038630891 ], [ 105.56110953252967, 21.149410613580066 ], [ 105.560983762750155, 21.149631084445307 ], [ 105.560949445024463, 21.149666642561815 ], [ 105.560877339034803, 21.149700763375915 ], [ 105.560745305219783, 21.149712823733552 ], [ 105.560206386010663, 21.149717256216309 ], [ 105.560142747943758, 21.149709374640249 ], [ 105.560068779673642, 21.149677250691219 ], [ 105.559972818220402, 21.14956389940857 ], [ 105.559889993246145, 21.149506141070891 ], [ 105.559653050568883, 21.149389974551649 ], [ 105.559598785649015, 21.149373237681395 ], [ 105.559505137023891, 21.149359706660764 ], [ 105.55914560338654, 21.149359356817488 ], [ 105.559082430923908, 21.149368035949461 ], [ 105.559010324629327, 21.1494021559757 ], [ 105.558950426717189, 21.149481411506628 ], [ 105.558887381304004, 21.149523972033013 ], [ 105.558830249397772, 21.149538278108963 ], [ 105.558660937536814, 21.149549374361346 ], [ 105.558573216299052, 21.149568948562486 ], [ 105.558472191910411, 21.149609893555336 ], [ 105.558305805272511, 21.149691240868474 ], [ 105.558251667168477, 21.149708335699003 ], [ 105.55812365038706, 21.149724136280014 ], [ 105.557798599086965, 21.149725207735603 ], [ 105.557698442479776, 21.149717823867693 ], [ 105.557584019300336, 21.149689916575348 ], [ 105.55695633480849, 21.149398869005864 ], [ 105.556841271413447, 21.149371566374384 ], [ 105.555293152329313, 21.149372038464527 ], [ 105.555229979600725, 21.149380716163769 ], [ 105.5551788878699, 21.149400648184226 ], [ 105.555139877130486, 21.149431834536912 ], [ 105.55507997711311, 21.14951108874369 ], [ 105.555007869790501, 21.149545207086113 ], [ 105.554944696969443, 21.149553884680685 ], [ 105.554330711532558, 21.149555896471394 ], [ 105.554240482579331, 21.14957313288145 ], [ 105.554195431118288, 21.149598691814958 ], [ 105.554135530525187, 21.149677945698492 ], [ 105.55409651949013, 21.149709131816117 ], [ 105.554045427487537, 21.149729063499489 ], [ 105.553913041081032, 21.149740790734647 ], [ 105.553855908572302, 21.1497550951436 ], [ 105.553792861542036, 21.149797653805742 ], [ 105.553732960653832, 21.149876907551434 ], [ 105.553687909011757, 21.149902466352888 ], [ 105.55363077641789, 21.149916770687426 ], [ 105.553272627789525, 21.149920765199791 ], [ 105.553208989936863, 21.149912881010817 ], [ 105.553135022983909, 21.149880754001675 ], [ 105.553070918079612, 21.14980531032753 ], [ 105.553030872492243, 21.149775139337994 ], [ 105.552979901477471, 21.149755289216532 ], [ 105.552918005028729, 21.1497457599535 ], [ 105.552019905916339, 21.14974415165959 ], [ 105.551956732809316, 21.149752828144457 ], [ 105.551905640489437, 21.149772759188444 ], [ 105.551866628950393, 21.149803944802571 ], [ 105.551824722706314, 21.149866198266313 ], [ 105.551785711125873, 21.149897383862346 ], [ 105.551734618732738, 21.149917314855966 ], [ 105.551635328634617, 21.149926108942015 ], [ 105.55157209269808, 21.149917844532119 ], [ 105.551520853919342, 21.14989824703742 ], [ 105.55148161230575, 21.149867316468594 ], [ 105.55143924599804, 21.149805337646548 ], [ 105.551400004425872, 21.149774407057553 ], [ 105.551348765718288, 21.14975480950886 ], [ 105.551249413010453, 21.149746662612376 ], [ 105.551149313696129, 21.149754702459031 ], [ 105.551061591253699, 21.149774272791138 ], [ 105.550960564550365, 21.14981521334817 ], [ 105.550794173399197, 21.149896553370574 ], [ 105.550740034299054, 21.149913645818703 ], [ 105.550646488337094, 21.149927790758507 ], [ 105.549098126290502, 21.149937181955089 ], [ 105.549016956881033, 21.149962856687917 ], [ 105.54897794467189, 21.149994041649851 ], [ 105.548918041103121, 21.150073293747493 ], [ 105.548872988544474, 21.150098851286156 ], [ 105.548815855372979, 21.150113154006871 ], [ 105.547590898673249, 21.150119944725656 ], [ 105.547527725108438, 21.150128619566207 ], [ 105.54747663203517, 21.150148549288133 ], [ 105.547437619447081, 21.150179733902441 ], [ 105.547310183613888, 21.150398662521042 ], [ 105.547275862382648, 21.150434217937562 ], [ 105.547230539664284, 21.1504595237225 ], [ 105.547174215462221, 21.150474579867023 ], [ 105.547106889784374, 21.150479386360029 ], [ 105.546210759915553, 21.150488634728752 ], [ 105.546153626317661, 21.15050293655899 ], [ 105.546108573138397, 21.150528493373663 ], [ 105.54604866780997, 21.150607744488653 ], [ 105.546009654796933, 21.150638928781238 ], [ 105.545958561335894, 21.150658858051919 ], [ 105.545895387433191, 21.150667532289692 ], [ 105.545248278777663, 21.150666794546243 ], [ 105.545191041672538, 21.150652861438285 ], [ 105.545145802282605, 21.150627595690718 ], [ 105.545085317810205, 21.150548732620173 ], [ 105.545046077321373, 21.150517800536331 ], [ 105.544994839144081, 21.150498201053253 ], [ 105.544931603271024, 21.150489934160269 ], [ 105.544827377533139, 21.150494126618888 ], [ 105.54473552825624, 21.150509850028772 ], [ 105.544631209390715, 21.150547721749071 ], [ 105.544413989900633, 21.150649235772615 ], [ 105.544325377540503, 21.150667974906 ], [ 105.544258078041381, 21.150672804853045 ], [ 105.544158323136685, 21.150665033386485 ], [ 105.544106147325394, 21.150646319334687 ], [ 105.54406543349026, 21.150616778836032 ], [ 105.544001600681042, 21.150541078583089 ], [ 105.54392924277353, 21.150507429173135 ], [ 105.543867346508293, 21.150497896595425 ], [ 105.543583232258271, 21.150494269710013 ], [ 105.542647073125352, 21.150499970914659 ], [ 105.54258926477155, 21.150513643220421 ], [ 105.542542997070569, 21.15053806810706 ], [ 105.542460911787174, 21.15063042101135 ], [ 105.542388800905812, 21.150664534047994 ], [ 105.542326975519231, 21.150674463617992 ], [ 105.542006776804044, 21.150680028770275 ], [ 105.541943540992037, 21.150671760759195 ], [ 105.541892303146511, 21.150652160329596 ], [ 105.541853063274843, 21.150621227492152 ], [ 105.541810700691983, 21.150559246183345 ], [ 105.541771460861739, 21.150528313325754 ], [ 105.54172022308741, 21.150508712842182 ], [ 105.541620870263188, 21.150500560294113 ], [ 105.541557696135101, 21.150509232917027 ], [ 105.541506602089527, 21.150529160855996 ], [ 105.541467588120085, 21.150560344122017 ], [ 105.541425677261458, 21.150622595104366 ], [ 105.54138666325062, 21.150653778352272 ], [ 105.541335569131789, 21.150673706240831 ], [ 105.541236277766444, 21.150682494250049 ], [ 105.541173041989111, 21.150674225950205 ], [ 105.541121804238429, 21.150654625285206 ], [ 105.541082564521744, 21.150623692265714 ], [ 105.541040202254052, 21.150561710757206 ], [ 105.540976843489915, 21.150519560818616 ], [ 105.540919606805886, 21.150505626256123 ], [ 105.540817254508411, 21.150500306317291 ], [ 105.540735898781136, 21.150475154766433 ], [ 105.540681538664828, 21.150424505477687 ], [ 105.540551702923651, 21.150207160044818 ], [ 105.540511659689059, 21.150176986042155 ], [ 105.540431107941217, 21.150151075183242 ], [ 105.54033145464615, 21.150148619161776 ], [ 105.540251079030924, 21.150171260829342 ], [ 105.540211251068229, 21.150200428837106 ], [ 105.540166641385085, 21.15025991397102 ], [ 105.540126817954274, 21.150290342926795 ], [ 105.540075993528532, 21.150310521772543 ], [ 105.539946842204429, 21.150325254146814 ], [ 105.539890517257192, 21.150340307882548 ], [ 105.539826656623688, 21.15038210742334 ], [ 105.53976351098909, 21.150458340352586 ], [ 105.539691399544282, 21.150492452252195 ], [ 105.539629574024985, 21.15050238083942 ], [ 105.539309375454351, 21.150507940883124 ], [ 105.539246139840799, 21.150499671859325 ], [ 105.539194902390065, 21.150480070603887 ], [ 105.539155663109526, 21.15044913712747 ], [ 105.539113301683329, 21.150387155117169 ], [ 105.539049943522315, 21.150345004443132 ], [ 105.53899270707015, 21.150331069223459 ], [ 105.53889035493323, 21.150325748115247 ], [ 105.538808999604839, 21.150300595628675 ], [ 105.538769760450435, 21.150269662059426 ], [ 105.538709279448142, 21.150190796631399 ], [ 105.53866404125759, 21.150165529123349 ], [ 105.538606804907729, 21.150151593770644 ], [ 105.537092888924064, 21.150153580740415 ], [ 105.537029251678746, 21.150145690452106 ], [ 105.536977076893095, 21.150126974178434 ], [ 105.536936364574487, 21.150097431929783 ], [ 105.536872535551851, 21.150021728901198 ], [ 105.536800179435744, 21.149988076401609 ], [ 105.536668059207642, 21.14997687238947 ], [ 105.536349944659406, 21.149979089560723 ], [ 105.536258094691874, 21.14999480838361 ], [ 105.536203736802761, 21.150011694046221 ], [ 105.535962797196959, 21.150124867984559 ], [ 105.535879118453067, 21.150148200631211 ], [ 105.53578063625784, 21.15015773946762 ], [ 105.535455582795777, 21.150158768039127 ], [ 105.535392408397371, 21.150167438365838 ], [ 105.535320296045597, 21.15020154842269 ], [ 105.535242387340645, 21.150297793745203 ], [ 105.535197332279736, 21.150323347694926 ], [ 105.53514019759686, 21.150337645829122 ], [ 105.535037865819177, 21.150337969321441 ], [ 105.53495651108976, 21.150312814969467 ], [ 105.534917272710501, 21.150281880490166 ], [ 105.534856793709508, 21.150203013642319 ], [ 105.534784437938924, 21.150169360273935 ], [ 105.534721202679819, 21.150161089550863 ], [ 105.53439614915402, 21.150162116088104 ], [ 105.534332570076415, 21.15017040900311 ], [ 105.534280531044658, 21.150189455071914 ], [ 105.534240032052267, 21.15021925430521 ], [ 105.53417674870623, 21.150295359538482 ], [ 105.534104636002382, 21.150329469084106 ], [ 105.53404281012871, 21.150339395637317 ], [ 105.533722611444091, 21.150344945109207 ], [ 105.533632379361663, 21.150362170593599 ], [ 105.533569326116307, 21.150404721849618 ], [ 105.53350941405661, 21.150483968669391 ], [ 105.533437301102822, 21.150518077935118 ], [ 105.533374126416888, 21.150526747513883 ], [ 105.532760134765056, 21.150528681150366 ], [ 105.532696960029128, 21.150537350477297 ], [ 105.532645864723818, 21.150557275766847 ], [ 105.532606848842732, 21.150588457030011 ], [ 105.532479390604976, 21.150807374945614 ], [ 105.532445065668668, 21.150842927430826 ], [ 105.532399740211474, 21.150868229299771 ], [ 105.532311126057763, 21.150886962177754 ], [ 105.531990926053282, 21.150892508399576 ], [ 105.531927751111908, 21.150901177443242 ], [ 105.531855637580051, 21.150935286045343 ], [ 105.531795724387422, 21.151014532277369 ], [ 105.531732670329262, 21.151057082862835 ], [ 105.531675535005945, 21.151071379839262 ], [ 105.531538210843038, 21.151078491590631 ], [ 105.531446359629726, 21.151094207825452 ], [ 105.53134203678124, 21.151132071433263 ], [ 105.53112480697861, 21.151233568605885 ], [ 105.531036192432282, 21.151252300823543 ], [ 105.530899542395005, 21.151260040436686 ], [ 105.530841732572583, 21.151273708758133 ], [ 105.530776655120704, 21.151314373864025 ], [ 105.530731907318483, 21.151373983108996 ], [ 105.530692081614347, 21.151404409888166 ], [ 105.530641255465611, 21.151424585933384 ], [ 105.530512102071413, 21.151439311146792 ], [ 105.530455775676373, 21.151454361770025 ], [ 105.530391911839303, 21.151496157811884 ], [ 105.53032876083256, 21.151572387323679 ], [ 105.530256646596939, 21.151606495256381 ], [ 105.530194819905077, 21.151616420419106 ], [ 105.530053856689065, 21.151620140476854 ], [ 105.52922862932877, 21.151627840698737 ], [ 105.529136777504405, 21.151643555691418 ], [ 105.529082418155909, 21.151660439093444 ], [ 105.528841470259025, 21.151773603043058 ], [ 105.528757789395087, 21.151796932207549 ], [ 105.528659305556843, 21.151806466931152 ], [ 105.528299505663099, 21.151808875999006 ], [ 105.528203528507348, 21.151820746409292 ], [ 105.528119926659812, 21.151844149018942 ], [ 105.528045384191316, 21.151875993825971 ], [ 105.527809046925299, 21.151993453951231 ], [ 105.527468114954644, 21.152148523647828 ], [ 105.527346671299412, 21.152170431952406 ], [ 105.526987140168217, 21.152173089605437 ], [ 105.526923964349663, 21.152181756797603 ], [ 105.52685184900804, 21.15221586329967 ], [ 105.5267947984551, 21.152292401493096 ], [ 105.526770110091476, 21.152310049828472 ], [ 105.526744805950187, 21.152305616464407 ], [ 105.526731922966448, 21.152295119144917 ], [ 105.526689772450425, 21.15223860486482 ], [ 105.526649731389185, 21.152208427541979 ], [ 105.526598762856864, 21.152188569424208 ], [ 105.526501821034543, 21.152178130735336 ], [ 105.526439982235814, 21.152184776014352 ], [ 105.526389147195459, 21.1522026810527 ], [ 105.526349315906259, 21.152231845860396 ], [ 105.526304700010428, 21.152291327456361 ], [ 105.526264873136242, 21.152321753214594 ], [ 105.526214046046036, 21.152341927947276 ], [ 105.526152218745509, 21.152351851644415 ], [ 105.522364720364294, 21.152368122818473 ], [ 105.522305669130446, 21.152380632520998 ], [ 105.522282735557525, 21.152393030755338 ], [ 105.522250052496048, 21.152430113999113 ], [ 105.522234948217346, 21.152483579617325 ], [ 105.522240800203136, 21.154712538047701 ], [ 105.522266950410099, 21.154789826774799 ], [ 105.522298713769416, 21.154827821351095 ], [ 105.522379838318216, 21.154887193453959 ], [ 105.522406807630446, 21.154929714923306 ], [ 105.522422848974898, 21.154982555340073 ], [ 105.522431385307698, 21.155178458035973 ], [ 105.522433615494293, 21.15558427872746 ], [ 105.522451168003101, 21.155669686163233 ], [ 105.522477199626621, 21.155713093198067 ], [ 105.522514695216316, 21.155745675222601 ], [ 105.522562422746745, 21.155768595587393 ], [ 105.522646268784996, 21.15579140439598 ], [ 105.522744820498275, 21.15580032709892 ], [ 105.525959365601267, 21.155790367080552 ], [ 105.526022543010342, 21.155781700218991 ], [ 105.526073641025206, 21.155761776885093 ], [ 105.52611265963948, 21.155730597089864 ], [ 105.526172577741434, 21.15565135281042 ], [ 105.526217635998222, 21.155625801212746 ], [ 105.52627477362627, 21.155611506038916 ], [ 105.528077674876499, 21.155603066341921 ], [ 105.528177834407643, 21.155610467680628 ], [ 105.528265700379492, 21.155629478196364 ], [ 105.528367025730915, 21.155669773654253 ], [ 105.528534009557575, 21.155750050905674 ], [ 105.52858827357089, 21.155766797748871 ], [ 105.528681923848254, 21.155780345840515 ], [ 105.531387807540668, 21.155774694506047 ], [ 105.531541081241258, 21.155799926172371 ], [ 105.531642407549171, 21.155840219647185 ], [ 105.531809393257589, 21.155920493623793 ], [ 105.531924457569303, 21.155947813242566 ], [ 105.534339493473638, 21.155944818636907 ], [ 105.534403133086229, 21.155952709881582 ], [ 105.53445530962621, 21.155971426899438 ], [ 105.534496023100971, 21.156000969700862 ], [ 105.534559853573299, 21.156076673543744 ], [ 105.534632212197636, 21.156110326924932 ], [ 105.534694110295135, 21.156119862836722 ], [ 105.535014353928176, 21.156123390234026 ], [ 105.535077530870083, 21.156114720000367 ], [ 105.53512862772115, 21.156094793956171 ], [ 105.535167644475024, 21.156063612112447 ], [ 105.53522755781124, 21.15598436472872 ], [ 105.535272614555922, 21.155958810751684 ], [ 105.535329751368437, 21.155944512536689 ], [ 105.535976863507202, 21.155939640785675 ], [ 105.536040040306688, 21.155930970195339 ], [ 105.536112155228665, 21.155896859799295 ], [ 105.536190066203432, 21.155800614089401 ], [ 105.536235122721905, 21.155775059860229 ], [ 105.536292259364075, 21.1557607613234 ], [ 105.53693937058398, 21.155755885909304 ], [ 105.53700254724103, 21.155747214962293 ], [ 105.537074661844628, 21.155713104161933 ], [ 105.537152572093319, 21.155616858022121 ], [ 105.537197628385584, 21.155591303540824 ], [ 105.537254764857394, 21.155577004682183 ], [ 105.53847976873648, 21.155570287803169 ], [ 105.538543006474256, 21.155578557063251 ], [ 105.538594245614348, 21.155598158468628 ], [ 105.538633486164088, 21.155629092029962 ], [ 105.538693969405358, 21.155707957388291 ], [ 105.538739209307167, 21.155733224835767 ], [ 105.538796447826115, 21.155747160088428 ], [ 105.540632486053866, 21.155746951587741 ], [ 105.540689724739721, 21.155760886196084 ], [ 105.540734964983471, 21.155786153102259 ], [ 105.540795449385243, 21.155865017682828 ], [ 105.540858810410725, 21.155907167615123 ], [ 105.540916049177824, 21.155921102144873 ], [ 105.541085446604924, 21.15593109800151 ], [ 105.541173314252873, 21.155950101775488 ], [ 105.541274643130592, 21.155990389424336 ], [ 105.541441633971559, 21.156070653780322 ], [ 105.541495899454134, 21.156087396450502 ], [ 105.541624035627962, 21.156102364848717 ], [ 105.542238049361032, 21.156100398567425 ], [ 105.54230168938669, 21.156108286831159 ], [ 105.542375657245628, 21.156140418535099 ], [ 105.542439759638114, 21.156215866262638 ], [ 105.542503925040606, 21.156257256399215 ], [ 105.542560360308741, 21.156271949531092 ], [ 105.542689620841401, 21.156285855391332 ], [ 105.542740592817708, 21.156305708577975 ], [ 105.542780638169205, 21.156335881986376 ], [ 105.542840241472703, 21.156415579226266 ], [ 105.542896212090724, 21.15646470938929 ], [ 105.543152614367088, 21.156596516833044 ], [ 105.543261146088142, 21.15663000103973 ], [ 105.543429070840688, 21.15664138633781 ], [ 105.543486979920843, 21.156654687344325 ], [ 105.543552351454366, 21.156694938316377 ], [ 105.543612061114928, 21.15676679493901 ], [ 105.543667919465548, 21.156785069630011 ], [ 105.543711940560499, 21.156777946226107 ], [ 105.543759895155205, 21.156758861039492 ], [ 105.543923458312548, 21.156680160266255 ], [ 105.544001541096165, 21.15661784175801 ], [ 105.544090594937671, 21.156498212148744 ], [ 105.544135650257218, 21.156472655842656 ], [ 105.544192786341753, 21.156458354649974 ], [ 105.546028790485764, 21.156446793573448 ], [ 105.546109963952048, 21.156421120205376 ], [ 105.546148978428405, 21.156389935878487 ], [ 105.546208885952652, 21.156310684732595 ], [ 105.546280998621128, 21.156276570050697 ], [ 105.546344174869091, 21.156267895623607 ], [ 105.54699128702299, 21.156262981730606 ], [ 105.547072460212519, 21.156237307906054 ], [ 105.547111474434629, 21.156206123361994 ], [ 105.547171381366667, 21.156126871886361 ], [ 105.547243493716564, 21.156092756800284 ], [ 105.547306669821879, 21.156084082016584 ], [ 105.547920682897526, 21.156082095119309 ], [ 105.548020786677768, 21.156074057091701 ], [ 105.548135004945735, 21.156045402919556 ], [ 105.54840219261915, 21.155922899602839 ], [ 105.548523635855886, 21.155900976199248 ], [ 105.548627480430454, 21.155901799128621 ], [ 105.548685389641861, 21.155915098353507 ], [ 105.54875076220145, 21.155955347297422 ], [ 105.548795942312864, 21.156014669553958 ], [ 105.548835988776332, 21.156044841505516 ], [ 105.548886961443188, 21.156064692825364 ], [ 105.548983907059181, 21.156075118598963 ], [ 105.549045746262749, 21.156068465072345 ], [ 105.549096579721819, 21.156050553266574 ], [ 105.549136407429245, 21.156021383191661 ], [ 105.549199551398956, 21.155945399060812 ], [ 105.549244875416136, 21.155920092735826 ], [ 105.549301201437686, 21.155905035871541 ], [ 105.549545749107011, 21.155896500612617 ], [ 105.550877597768533, 21.155887935203499 ], [ 105.550969449617327, 21.155872208412088 ], [ 105.55102380783849, 21.155855318008555 ], [ 105.551240141627673, 21.155752967797927 ], [ 105.551310691281572, 21.15573277068404 ], [ 105.551359120852567, 21.155733418831069 ], [ 105.551408667611071, 21.155745357288385 ], [ 105.551650436732615, 21.15585697993702 ], [ 105.551704703203754, 21.155873719310659 ], [ 105.551798355339088, 21.155887254562575 ], [ 105.55331369189912, 21.155883844676985 ], [ 105.553376867506188, 21.155875167636534 ], [ 105.553427961691213, 21.155855236121077 ], [ 105.553466974447858, 21.155824050141629 ], [ 105.553508881609659, 21.155761796293106 ], [ 105.553547894324907, 21.155730610295571 ], [ 105.553598988436647, 21.155710678729733 ], [ 105.553662163951202, 21.155702001584565 ], [ 105.553731401165919, 21.155704598543089 ], [ 105.553812761811898, 21.155729743721508 ], [ 105.553852005471185, 21.155760673683993 ], [ 105.553912496693187, 21.155839533425524 ], [ 105.553957739117351, 21.155864796747146 ], [ 105.554014978984242, 21.155878726819989 ], [ 105.554695207444126, 21.155876498573321 ], [ 105.55477637900448, 21.155850821085817 ], [ 105.55481539146983, 21.155819634801723 ], [ 105.554875294083573, 21.155740380688346 ], [ 105.554920347254878, 21.155714821553975 ], [ 105.554977481924297, 21.155700516747633 ], [ 105.555624590506795, 21.155695569900367 ], [ 105.555724693498348, 21.155687527329945 ], [ 105.555812418731193, 21.15566795453136 ], [ 105.555937754417272, 21.155615889439716 ], [ 105.55643982590118, 21.155374544299484 ], [ 105.556517902632152, 21.155312220135883 ], [ 105.55658894974178, 21.15520958428128 ], [ 105.5566519981992, 21.155167024571703 ], [ 105.556742230213814, 21.155149786818754 ], [ 105.557100546209085, 21.155151305061537 ], [ 105.55715845581129, 21.15516460137788 ], [ 105.557204904095329, 21.155188724976195 ], [ 105.557269013439935, 21.15526416693951 ], [ 105.557333182407831, 21.155305551376667 ], [ 105.557389618653261, 21.155320239540586 ], [ 105.557518879460858, 21.155334134062887 ], [ 105.557569852974254, 21.155353982748881 ], [ 105.557609900982584, 21.155384152591285 ], [ 105.557673608769335, 21.155459974010761 ], [ 105.557719119586579, 21.155484983237869 ], [ 105.557775555935294, 21.155499671270423 ], [ 105.55790481692766, 21.155513565493397 ], [ 105.557955790551588, 21.155533414060226 ], [ 105.557995838684974, 21.155563583807858 ], [ 105.55805954674365, 21.155639405074385 ], [ 105.558131910215522, 21.155673048298116 ], [ 105.558228856090736, 21.155683468767233 ], [ 105.558317486507519, 21.155669261803705 ], [ 105.55838135251885, 21.155629725108298 ], [ 105.558425956362854, 21.155570235334665 ], [ 105.558465777333012, 21.155539802142762 ], [ 105.558516600896922, 21.155519617802309 ], [ 105.558613466119752, 21.155508557865655 ], [ 105.558675352985659, 21.155514806475566 ], [ 105.558726318191219, 21.155532385075325 ], [ 105.558766361744588, 21.155561293674577 ], [ 105.558830069240912, 21.155636862449864 ], [ 105.558875580299357, 21.155661871359939 ], [ 105.558932016819895, 21.155676559002494 ], [ 105.559140904942439, 21.155683231976973 ], [ 105.559573520225797, 21.155682558654366 ], [ 105.559637160828302, 21.155690440382884 ], [ 105.559711132029321, 21.155722564433564 ], [ 105.559775242856333, 21.155798005409437 ], [ 105.559839412730554, 21.155839388873105 ], [ 105.559895849405763, 21.155854076190298 ], [ 105.560025110863606, 21.155867968781902 ], [ 105.560076084876556, 21.155887816700258 ], [ 105.560116133523991, 21.1559179859332 ], [ 105.560179842798277, 21.155993806371008 ], [ 105.560225354184865, 21.156018814909569 ], [ 105.560281790963344, 21.156033502095383 ], [ 105.560411052605915, 21.156047394387624 ], [ 105.560462026729383, 21.156067242186793 ], [ 105.560502075501873, 21.15609741132495 ], [ 105.560565785048084, 21.156173231609777 ], [ 105.560611296552466, 21.156198240041356 ], [ 105.560667733434201, 21.156212927095787 ], [ 105.560796995261498, 21.156226819088651 ], [ 105.560847969495512, 21.156246666768642 ], [ 105.560888018393044, 21.156276835812008 ], [ 105.56095172821118, 21.156352655943859 ], [ 105.561024092655927, 21.156386297905776 ], [ 105.56108599231932, 21.156395824124161 ], [ 105.561406235932282, 21.15639930154914 ], [ 105.561469475083257, 21.156407562205306 ], [ 105.561541839666376, 21.156441203942396 ], [ 105.56159944955651, 21.15651737301928 ], [ 105.561624266891329, 21.15653486206989 ], [ 105.561649538628373, 21.156530266102354 ], [ 105.561662344894216, 21.156519686236795 ], [ 105.561718520299308, 21.15645027500981 ], [ 105.561754282619162, 21.156433996631325 ], [ 105.561795585182068, 21.156433127602909 ], [ 105.561913971879605, 21.156477529288125 ], [ 105.562125430875852, 21.156581246693335 ], [ 105.562467498463278, 21.156734116217546 ], [ 105.562589102711485, 21.156755241763538 ], [ 105.562948654026769, 21.156755583893165 ], [ 105.563011893400514, 21.156763843967266 ], [ 105.563084258490562, 21.156797485031706 ], [ 105.563162878278078, 21.156893221952711 ], [ 105.563208122533922, 21.156918482756076 ], [ 105.563265363594766, 21.156932409669974 ], [ 105.563912497838231, 21.156933077918197 ], [ 105.563975737331901, 21.156941337629036 ], [ 105.564048102716527, 21.156974978273784 ], [ 105.564126723208972, 21.157070714729016 ], [ 105.564171967676472, 21.157095975269282 ], [ 105.564229208887824, 21.157109901853307 ], [ 105.56519854561644, 21.157112187948659 ], [ 105.565256456638537, 21.157125481457559 ], [ 105.565302906797854, 21.157149602784656 ], [ 105.565385680424342, 21.157241415733409 ], [ 105.565458046259707, 21.157275055763595 ], [ 105.56551994653644, 21.157284580344427 ], [ 105.565804073355181, 21.157288170101555 ], [ 105.566129140713414, 21.157287082903636 ], [ 105.566192720751076, 21.157278778022416 ], [ 105.566266447910905, 21.157246162674184 ], [ 105.566329987227917, 21.157170297091024 ], [ 105.566369806955038, 21.157139862071386 ], [ 105.566420629927904, 21.157119675372556 ], [ 105.566482456152173, 21.157109736984559 ], [ 105.566802666609306, 21.1571041252428 ], [ 105.566865906308649, 21.157112383868121 ], [ 105.566938272398801, 21.157146023259674 ], [ 105.566995885284484, 21.157222190425049 ], [ 105.567008237617699, 21.157233695172117 ], [ 105.567033282487657, 21.15724014090652 ], [ 105.567058780952934, 21.157224501628033 ], [ 105.567100516548408, 21.157167716634312 ], [ 105.567140336112743, 21.157137281436896 ], [ 105.567191158974353, 21.157117094509001 ], [ 105.567252985138936, 21.157107155840656 ], [ 105.56815109213386, 21.157099603388474 ], [ 105.568214331893174, 21.157107861508219 ], [ 105.568286698270967, 21.157141500316307 ], [ 105.568347197586192, 21.157220354701948 ], [ 105.568410566737938, 21.157262494126226 ], [ 105.568467808373498, 21.157276419265795 ], [ 105.568570165901917, 21.157281722352852 ], [ 105.568651529741217, 21.15730686031694 ], [ 105.568690776819423, 21.157337786754344 ], [ 105.568733152419441, 21.157399760995126 ], [ 105.568796521754379, 21.157441900269777 ], [ 105.568853763492086, 21.15745582527612 ], [ 105.568991142043785, 21.157462043824122 ], [ 105.569083110618081, 21.157477162294878 ], [ 105.569162788753204, 21.157503892853867 ], [ 105.569308325980145, 21.157570410316058 ], [ 105.569376380528695, 21.157608122945526 ], [ 105.56941565403659, 21.157639024452163 ], [ 105.569523188963061, 21.157775450771744 ], [ 105.569595555950528, 21.157809089003436 ], [ 105.569658796078443, 21.157817346574035 ], [ 105.570272813952499, 21.157815278418273 ], [ 105.570372976449576, 21.15782265470132 ], [ 105.570487408092717, 21.157850553126309 ], [ 105.57070450988391, 21.157951466470625 ], [ 105.570746450010972, 21.157962846478014 ], [ 105.570765339214162, 21.157962001512466 ], [ 105.57079895589176, 21.157947241645392 ], [ 105.570851085133384, 21.157875319165573 ], [ 105.570863349282817, 21.157863731663642 ], [ 105.570888344343444, 21.157857117689968 ], [ 105.570913961762258, 21.157872585089457 ], [ 105.570974790511499, 21.157945461461857 ], [ 105.571047157894569, 21.157979099062764 ], [ 105.571109058770233, 21.157988621583534 ], [ 105.57142930555888, 21.157992079956426 ], [ 105.571519667409987, 21.15800871568743 ], [ 105.571583037770296, 21.158050853891801 ], [ 105.571643539182773, 21.158129707042594 ], [ 105.571715906800165, 21.158163344351301 ], [ 105.571779147176244, 21.158171601123016 ], [ 105.572104216124629, 21.158170502403955 ], [ 105.572195381780787, 21.158186378467189 ], [ 105.572260761477708, 21.158226618153748 ], [ 105.572305951508412, 21.158285933892937 ], [ 105.572346003217163, 21.1583161001526 ], [ 105.572396979623946, 21.158335944297885 ], [ 105.572526244164379, 21.158349827261159 ], [ 105.57258268294062, 21.158364510293108 ], [ 105.572646857374437, 21.158405888782411 ], [ 105.572710574005626, 21.158481704312589 ], [ 105.572782942025455, 21.158515341154182 ], [ 105.572844843219585, 21.158524863031772 ], [ 105.572950387077015, 21.158527153745446 ], [ 105.573454041916847, 21.158527339101539 ], [ 105.573545207917618, 21.158543214428597 ], [ 105.573591659809424, 21.158567333435922 ], [ 105.57365577879618, 21.158642768941558 ], [ 105.573719953639639, 21.158684147013005 ], [ 105.573776392650899, 21.158698829640642 ], [ 105.573905657608634, 21.158712711539422 ], [ 105.573956634348292, 21.15873255520609 ], [ 105.573996686503875, 21.158762721063102 ], [ 105.574060403966655, 21.158838536062678 ], [ 105.574105918470664, 21.15886354078739 ], [ 105.574162357585109, 21.158878223283558 ], [ 105.574291622727387, 21.158892104882817 ], [ 105.57434259957752, 21.158911948430209 ], [ 105.57438265185813, 21.158942114192346 ], [ 105.574442272873554, 21.159021799876516 ], [ 105.574498254656007, 21.159070919317401 ], [ 105.574754688241967, 21.159202678111654 ], [ 105.574863228471216, 21.159236141837766 ], [ 105.57503115779042, 21.159247495650884 ], [ 105.575113729154054, 21.159271491478606 ], [ 105.575154451368562, 21.159301024287345 ], [ 105.575214206875501, 21.159380583130691 ], [ 105.575270189043977, 21.159429702305218 ], [ 105.575551308905702, 21.159572140797071 ], [ 105.57560557923307, 21.159588872407632 ], [ 105.575699235549138, 21.159602394324136 ], [ 105.576091913147025, 21.159605419160481 ], [ 105.576173279442799, 21.159630553443055 ], [ 105.576227654781732, 21.159681190932563 ], [ 105.576357550509428, 21.159898507408531 ], [ 105.576397603456513, 21.159928672674816 ], [ 105.57644858092938, 21.159948515570772 ], [ 105.576510482921421, 21.159958036086749 ], [ 105.576722778088893, 21.159961473839569 ], [ 105.578599207540464, 21.159956731659836 ], [ 105.578695275134237, 21.159967973908145 ], [ 105.578779052852369, 21.159990828922915 ], [ 105.578996163146087, 21.16009173140333 ], [ 105.579075119350648, 21.160119142274809 ], [ 105.579168776266641, 21.160132662255073 ], [ 105.579272635448859, 21.160136541940187 ], [ 105.579330548786359, 21.160149830572085 ], [ 105.579395931216098, 21.160190067428474 ], [ 105.579455689319801, 21.160269624705411 ], [ 105.579511673193053, 21.160318742431681 ], [ 105.579768113196067, 21.160450493457365 ], [ 105.579829076060733, 21.160494906498055 ], [ 105.579877749115511, 21.160550932415209 ], [ 105.580019778672082, 21.16079079218526 ], [ 105.580091693274767, 21.160858862865648 ], [ 105.580348134710988, 21.160990612970618 ], [ 105.580390142416945, 21.161018931193539 ], [ 105.580442912469806, 21.161071085957293 ], [ 105.580498519543823, 21.161154566099118 ], [ 105.580537770046618, 21.161185489695207 ], [ 105.58058901634088, 21.161205078204301 ], [ 105.580721498386637, 21.161215917460002 ], [ 105.580778742595157, 21.161229838367213 ], [ 105.58084211688066, 21.161271972996417 ], [ 105.580902624464358, 21.161350822664286 ], [ 105.580974995655353, 21.161384455916284 ], [ 105.581038237827784, 21.161392709181033 ], [ 105.581431053867007, 21.161395594956804 ], [ 105.58152141877234, 21.161412225266673 ], [ 105.58162391177494, 21.161451401662486 ], [ 105.581709778342827, 21.161472282551312 ], [ 105.581809140098258, 21.161480411338857 ], [ 105.581913371895311, 21.161476195958809 ], [ 105.582005223466197, 21.161460452326263 ], [ 105.582167483321825, 21.161408997487396 ], [ 105.582362566368062, 21.161388106730776 ], [ 105.58241889081242, 21.161373038880591 ], [ 105.582482743716298, 21.161331223482737 ], [ 105.582541774981294, 21.161258846126199 ], [ 105.582597495051346, 21.161240200236481 ], [ 105.582641569985128, 21.161247030399601 ], [ 105.582737236086317, 21.161286076104968 ], [ 105.583433872731717, 21.161611450926987 ], [ 105.583516848458189, 21.161635062908214 ], [ 105.583610908464735, 21.161648200718055 ], [ 105.584001071178264, 21.161653162296293 ], [ 105.584466556088501, 21.161629886646953 ], [ 105.584930540217641, 21.161647842338731 ], [ 105.585147097523404, 21.161649223766752 ], [ 105.585363114453784, 21.161638246225376 ], [ 105.585680334141301, 21.161604584143628 ], [ 105.585784713261958, 21.161599608489805 ], [ 105.586175136659264, 21.161641081291634 ], [ 105.587113513387635, 21.161644238135942 ], [ 105.587216481677643, 21.161656818197145 ], [ 105.58734205425479, 21.161701567532997 ], [ 105.587397601014274, 21.161736097338743 ], [ 105.58744093027741, 21.161779282076473 ], [ 105.587483016359528, 21.16186028720027 ], [ 105.587533248107334, 21.162089618687407 ], [ 105.587594385949956, 21.162245133103642 ], [ 105.587647776883585, 21.162322240949702 ], [ 105.587690789474749, 21.162365878440667 ], [ 105.58773980172856, 21.162402403544537 ], [ 105.587824933711929, 21.162438803143228 ], [ 105.587924001992121, 21.162453137055262 ], [ 105.589115952222826, 21.162448990850688 ], [ 105.589288550919434, 21.162455921862893 ], [ 105.589385710308051, 21.162466128355078 ], [ 105.589469676810538, 21.162488802350925 ], [ 105.589536253931087, 21.162527909661254 ], [ 105.589611166186941, 21.162593148139713 ], [ 105.589689939687631, 21.162620729621167 ], [ 105.58975478274084, 21.162627467607738 ], [ 105.590079860378495, 21.162626334130945 ], [ 105.590143103495194, 21.162634583966955 ], [ 105.590194351480406, 21.162654169522213 ], [ 105.590233604341535, 21.162685090807379 ], [ 105.590303046990954, 21.162789506451578 ], [ 105.590372818646017, 21.162859603030512 ], [ 105.590477442419541, 21.162930771584957 ], [ 105.59061608920149, 21.163003775863849 ], [ 105.590676857715565, 21.163048293448 ], [ 105.59074728049896, 21.163115228405307 ], [ 105.590789909581815, 21.163131077134562 ], [ 105.590868633813528, 21.163123217186737 ], [ 105.591024526165469, 21.163046801508202 ], [ 105.591142488716045, 21.162970061594866 ], [ 105.591413500531786, 21.162767314989196 ], [ 105.591490635793448, 21.162744432863676 ], [ 105.591566414517658, 21.162760141747402 ], [ 105.591591372649859, 21.162773953821862 ], [ 105.591624221999737, 21.162806814324139 ], [ 105.591632113214942, 21.162825862755295 ], [ 105.591630828716532, 21.162869195981802 ], [ 105.591606788295749, 21.162919511026164 ], [ 105.591511883893673, 21.163062489688741 ], [ 105.591437332506132, 21.163215057312662 ], [ 105.591400992735927, 21.163335760638208 ], [ 105.591390890016456, 21.163449048909673 ], [ 105.591406272240732, 21.163488919527399 ], [ 105.591437845270406, 21.163514215583419 ], [ 105.591485609104012, 21.163524937068804 ], [ 105.591543288068763, 21.163527558876847 ], [ 105.59159205517652, 21.163541505723646 ], [ 105.591631910436178, 21.163566777616655 ], [ 105.591662853852611, 21.163603374561969 ] ] } },
{ "type": "Feature", "properties": { "id": "shoreline_2024_dry_cleaned_1", "bank_type": "unknown", "length_m": 3886.8519834186282, "is_island": true, "year": 2024, "season": "dry", "source": "S1", "processing_version": "1.0" }, "geometry": { "type": "LineString", "coordinates": [ [ 105.604633704400229, 21.168939045032101 ], [ 105.604850844548039, 21.169039913503834 ], [ 105.604932358256676, 21.169098914800287 ], [ 105.604977750806739, 21.169158045254292 ], [ 105.605086941048668, 21.169360944282925 ], [ 105.605096212456161, 21.169420203915852 ], [ 105.605079788888858, 21.169452732536236 ], [ 105.605045281704491, 21.169479678910442 ], [ 105.604828967013304, 21.169582097364657 ], [ 105.604785429419351, 21.169609075978453 ], [ 105.604731453944837, 21.169660091367646 ], [ 105.604679103953785, 21.169740747329726 ], [ 105.604655091876637, 21.169757773972098 ], [ 105.604643051419743, 21.169757817014844 ], [ 105.604618901676133, 21.169740962543266 ], [ 105.604565932182524, 21.16966915347983 ], [ 105.604511681340412, 21.169652406581086 ], [ 105.604468074854225, 21.169662444559719 ], [ 105.604232245327836, 21.169777637603545 ], [ 105.604206779721636, 21.169807374976962 ], [ 105.604202488091872, 21.169862447911974 ], [ 105.604319289130913, 21.170086496243513 ], [ 105.604352549530518, 21.17012308247055 ], [ 105.604397804565849, 21.170148331962366 ], [ 105.60445505423229, 21.17016224470953 ], [ 105.604557421338058, 21.17016752577727 ], [ 105.60463879789684, 21.170192646088267 ], [ 105.604678055699154, 21.170223563875691 ], [ 105.604720449854341, 21.170285528572087 ], [ 105.604783834602145, 21.170327653935995 ], [ 105.604841084370548, 21.170341566549677 ], [ 105.604943451607184, 21.170346847380369 ], [ 105.605024828324986, 21.170371967501186 ], [ 105.605064086253392, 21.170402885195291 ], [ 105.605106480619838, 21.170464849788534 ], [ 105.605169865550749, 21.170506975002432 ], [ 105.605260238327986, 21.170523592419777 ], [ 105.605585332289323, 21.17052242873859 ], [ 105.605648579476295, 21.17053067266955 ], [ 105.605699832122312, 21.170550253395842 ], [ 105.605754221341712, 21.170600880999164 ], [ 105.605863413741176, 21.170803779441279 ], [ 105.605892176718811, 21.170844616660744 ], [ 105.605946566112308, 21.170895244196306 ], [ 105.606032556236883, 21.170944346752059 ], [ 105.606050709057598, 21.17096686943259 ], [ 105.606050755055648, 21.170978163130957 ], [ 105.606032786220297, 21.171000815244096 ], [ 105.605947198477153, 21.171050532551885 ], [ 105.60589322290167, 21.171101548306201 ], [ 105.605864793257865, 21.171142590404109 ], [ 105.605757255735668, 21.17134626513235 ], [ 105.60572429354859, 21.17138308824229 ], [ 105.605652187938475, 21.171417228057368 ], [ 105.605519787417236, 21.171428995995424 ], [ 105.605438616826447, 21.17145469777747 ], [ 105.605399611262854, 21.171485895527645 ], [ 105.605357721887088, 21.171548161715748 ], [ 105.60529468101852, 21.171590739333222 ], [ 105.605204445392388, 21.171608003049972 ], [ 105.604879349036466, 21.171609166055827 ], [ 105.604816101424177, 21.17160092184821 ], [ 105.604743720088749, 21.171567299081119 ], [ 105.604683195803702, 21.171488458431877 ], [ 105.604619810579919, 21.171446333047165 ], [ 105.604562560402272, 21.171432420370081 ], [ 105.604460192424938, 21.171427139327097 ], [ 105.604378815213138, 21.171402018949262 ], [ 105.604324426149404, 21.171351390904174 ], [ 105.604215235399238, 21.171148491440789 ], [ 105.604151712887983, 21.171072484765787 ], [ 105.604088327989672, 21.171030359171969 ], [ 105.603871185390716, 21.170929489802049 ], [ 105.603789671066338, 21.170870488020785 ], [ 105.603744278438782, 21.170811357261019 ], [ 105.603635088885895, 21.170608457381757 ], [ 105.603571566903128, 21.170532450471427 ], [ 105.603508182397348, 21.170490324648064 ], [ 105.603072495567957, 21.170289673166948 ], [ 105.602956328808261, 21.170260089224264 ], [ 105.602749830819562, 21.170234177415942 ], [ 105.602409395794368, 21.170131849585768 ], [ 105.602196987403545, 21.170096169287671 ], [ 105.602053392156307, 21.170086655938015 ], [ 105.60172842235464, 21.170086054172 ], [ 105.60141082039074, 21.170111165478314 ], [ 105.601384834376631, 21.170108443331564 ], [ 105.601347349869656, 21.170091485758988 ], [ 105.601335851378153, 21.17007725033633 ], [ 105.601327341916914, 21.17003726622313 ], [ 105.601369618052487, 21.169635375987514 ], [ 105.601365408053539, 21.169229312105522 ], [ 105.601355859037028, 21.169128501212693 ], [ 105.601331875322913, 21.168995577485418 ], [ 105.601294738510489, 21.168865332351384 ], [ 105.601257932580225, 21.168770472544203 ], [ 105.601197142264056, 21.168648218582049 ], [ 105.601123818815964, 21.168532569897177 ], [ 105.600897683897827, 21.168231138855781 ], [ 105.600724708253338, 21.167976053055543 ], [ 105.600614351548273, 21.167843476222853 ], [ 105.600440904208241, 21.167671663676717 ], [ 105.599952710650584, 21.167220424732424 ], [ 105.59981412275674, 21.167113262203259 ], [ 105.599529978361502, 21.166929445637219 ], [ 105.599469383841765, 21.166864924437757 ], [ 105.59944570560306, 21.166811598559672 ], [ 105.599435401839514, 21.166750023292625 ], [ 105.599427122329672, 21.166343866195778 ], [ 105.599411700439276, 21.166209617813578 ], [ 105.599385020772033, 21.166077179313273 ], [ 105.599318916502966, 21.165884926087923 ], [ 105.599258235492385, 21.16576303114218 ], [ 105.599157399924607, 21.165589956015523 ], [ 105.59911146226446, 21.165450696427428 ], [ 105.599106996082455, 21.165395162006128 ], [ 105.599119022138453, 21.165310662460559 ], [ 105.599139523045082, 21.16525353081941 ], [ 105.59917011701738, 21.165200610605002 ], [ 105.599211122802657, 21.165166452769117 ], [ 105.599262540408731, 21.165151057304207 ], [ 105.599292153649188, 21.165150395457896 ], [ 105.5995354584457, 21.165194793790441 ], [ 105.599751000597152, 21.165209413585945 ], [ 105.600256405790716, 21.165208577093964 ], [ 105.600610594416096, 21.165180106637983 ], [ 105.600739443266605, 21.165187780482661 ], [ 105.600829059459002, 21.165209979146951 ], [ 105.600884998261122, 21.165237168525124 ], [ 105.600937892813889, 21.165274270121376 ], [ 105.601163518184023, 21.165491096471509 ], [ 105.601269117874665, 21.165582889617127 ], [ 105.601472350455978, 21.16572182631236 ], [ 105.601566229269807, 21.165771130215621 ], [ 105.601826355081684, 21.165886885897219 ], [ 105.602461631545779, 21.166199630889288 ], [ 105.602580941979866, 21.166272842870509 ], [ 105.602751513736948, 21.166396417814028 ], [ 105.602905098700575, 21.166483800564475 ], [ 105.603160390902616, 21.166608359797571 ], [ 105.603550806480499, 21.16678086246171 ], [ 105.604063756797402, 21.16702579149942 ], [ 105.604229623406667, 21.167091508287179 ], [ 105.604366529564217, 21.167132033896337 ], [ 105.604821176407796, 21.16721752320381 ], [ 105.605128827759145, 21.167306252220087 ], [ 105.605373117669004, 21.167353399776374 ], [ 105.605468347055563, 21.167383582490416 ], [ 105.605554826260942, 21.16742508887787 ], [ 105.605634732107433, 21.16747861012086 ], [ 105.60570915301318, 21.167544491812269 ], [ 105.605853994215138, 21.16769356393532 ], [ 105.606020053538714, 21.167822564125736 ], [ 105.60620469031592, 21.167926729227446 ], [ 105.606403690100024, 21.168003813288834 ], [ 105.606542489608003, 21.168039424928658 ], [ 105.606684025204359, 21.168062048441406 ], [ 105.606863720797776, 21.168074700373818 ], [ 105.60711553028527, 21.168080710667958 ], [ 105.607255112808772, 21.168099663245179 ], [ 105.607701190098254, 21.168216419256773 ], [ 105.60801907253709, 21.168265968511104 ], [ 105.608463120115587, 21.168391627391603 ], [ 105.608604453940615, 21.168415221328548 ], [ 105.608781526326467, 21.16843323390054 ], [ 105.608911038578483, 21.168466696608775 ], [ 105.609000251511205, 21.168505715351106 ], [ 105.609086147875985, 21.168555330320679 ], [ 105.609309750150743, 21.168720101266551 ], [ 105.609583535501926, 21.168880069726697 ], [ 105.609905732837831, 21.169090534319317 ], [ 105.609945466873143, 21.169121776311872 ], [ 105.60995925401258, 21.16914321133671 ], [ 105.609947094242258, 21.169154839400598 ], [ 105.609931284264334, 21.169156975820947 ], [ 105.609833310538122, 21.169149470518061 ], [ 105.609711905096717, 21.169125314492131 ], [ 105.609577238678483, 21.169086001250712 ], [ 105.609119234601735, 21.168893661554893 ], [ 105.608983045234183, 21.168851264171892 ], [ 105.608774059935513, 21.16880175166089 ], [ 105.608672869041712, 21.168767768757299 ], [ 105.608253170186501, 21.168574764071394 ], [ 105.608085892989948, 21.168513289744929 ], [ 105.607877143308457, 21.168464459218683 ], [ 105.607626558412122, 21.168440554961119 ], [ 105.606906818948147, 21.168446903398152 ], [ 105.606438599051856, 21.168441422918562 ], [ 105.605680078912172, 21.168444612001252 ], [ 105.605463558269605, 21.168449867966931 ], [ 105.605284910828615, 21.168468864453853 ], [ 105.605109614707203, 21.168506408066165 ], [ 105.604974052819941, 21.168550994016321 ], [ 105.604812267267519, 21.168624289554625 ], [ 105.604663995617358, 21.168715108893224 ], [ 105.604588893223806, 21.168787993823674 ], [ 105.604565530129733, 21.168840012116608 ], [ 105.604567024141318, 21.16887198214874 ], [ 105.60458290563048, 21.168901012252473 ], [ 105.604633704400229, 21.168939045032101 ] ] } },
{ "type": "Feature", "properties": { "id": "shoreline_2024_dry_cleaned_2", "bank_type": "unknown", "length_m": 2080.0, "is_island": true, "year": 2024, "season": "dry", "source": "S1", "processing_version": "1.0" }, "geometry": { "type": "LineString", "coordinates": [ [ 105.713889942416259, 21.137754803650189 ], [ 105.713820712668394, 21.13775227204977 ], [ 105.713739337161812, 21.137727204162513 ], [ 105.713700066247128, 21.137696311929613 ], [ 105.713643993576198, 21.1376132570138 ], [ 105.713589581106575, 21.137562664541914 ], [ 105.713545816444423, 21.137536026353555 ], [ 105.71332865344408, 21.137435297703977 ], [ 105.713265253493589, 21.137393213274358 ], [ 105.71321533505737, 21.137338366600257 ], [ 105.71309238083721, 21.137114421564512 ], [ 105.713046956382343, 21.137055320764347 ], [ 105.712988050496165, 21.137008982153233 ], [ 105.712748257492706, 21.136895642555579 ], [ 105.712684857933567, 21.136853557894852 ], [ 105.712621296438442, 21.136777592706274 ], [ 105.712511987002131, 21.136574765526408 ], [ 105.712501258498278, 21.136533870897285 ], [ 105.712508613250677, 21.136498547051922 ], [ 105.712534051247118, 21.136468793988367 ], [ 105.712598570623371, 21.136430406184029 ], [ 105.712631498282974, 21.136393563011058 ], [ 105.712652334439895, 21.136345476985515 ], [ 105.71266107910165, 21.136286148111452 ], [ 105.71265832555342, 21.135710179512767 ], [ 105.712648852058848, 21.1356170461078 ], [ 105.712625897207431, 21.135536674874103 ], [ 105.712505941290758, 21.135309893259752 ], [ 105.712487561318, 21.135242208201522 ], [ 105.712490354764768, 21.135197021527858 ], [ 105.712505185608322, 21.135151784213033 ], [ 105.712612550459909, 21.134948045346512 ], [ 105.712657407202713, 21.134888564515787 ], [ 105.712715866694097, 21.134841731878048 ], [ 105.712954562611841, 21.134726378212452 ], [ 105.713035531223952, 21.134666745265363 ], [ 105.713080387713333, 21.134607264327826 ], [ 105.71320119209966, 21.134382292774674 ], [ 105.713270069065132, 21.134311416906954 ], [ 105.713313576044143, 21.134284411067657 ], [ 105.713529761434742, 21.134181856866846 ], [ 105.713582336855438, 21.134163283052931 ], [ 105.71367253562569, 21.13414596240861 ], [ 105.713809453308016, 21.134143973702528 ], [ 105.713890826849706, 21.134169041621757 ], [ 105.713930096849651, 21.134199933848411 ], [ 105.713971027026773, 21.134263288537941 ], [ 105.71402094466761, 21.134318135030348 ], [ 105.714084343486419, 21.134360219223232 ], [ 105.714301502419175, 21.134460947052592 ], [ 105.714345266289499, 21.134487585077018 ], [ 105.714399677851617, 21.134538177348876 ], [ 105.714455749723527, 21.134621232065228 ], [ 105.71451914879151, 21.134663316086705 ], [ 105.714576393884954, 21.134677191729729 ], [ 105.714680222831603, 21.134678165343264 ], [ 105.714774956077562, 21.134665060121439 ], [ 105.714856086361834, 21.134639306820226 ], [ 105.715094780207068, 21.134523950191493 ], [ 105.715169702066419, 21.134458694912944 ], [ 105.71519809433795, 21.134417635261983 ], [ 105.715496317573368, 21.133851689347452 ], [ 105.715559147438569, 21.133775191258717 ], [ 105.715622139867207, 21.133732573640806 ], [ 105.71583832278651, 21.133630016554282 ], [ 105.715881829084097, 21.133603010071916 ], [ 105.715935752725755, 21.133551960376376 ], [ 105.715991025057647, 21.133468435499726 ], [ 105.71605401723086, 21.133425817726849 ], [ 105.71611112635803, 21.133411459120424 ], [ 105.716180326970871, 21.133408343093631 ], [ 105.716243563211677, 21.133416545986805 ], [ 105.716294816469414, 21.133436093259686 ], [ 105.716349228277608, 21.133486684903502 ], [ 105.716458540455179, 21.133689509595875 ], [ 105.716487325715875, 21.133730327582178 ], [ 105.716541737698037, 21.133780919157491 ], [ 105.716630763684549, 21.133832775976199 ], [ 105.716664042643657, 21.133869339769646 ], [ 105.716685338622995, 21.133917247986712 ], [ 105.716694651616379, 21.133976500631913 ], [ 105.716695863518893, 21.13485458253027 ], [ 105.716681074705136, 21.134908290296796 ], [ 105.716654194218734, 21.134950755504779 ], [ 105.716570204044388, 21.135007579502389 ], [ 105.716525348862049, 21.135067061325358 ], [ 105.716510559967773, 21.135120769078014 ], [ 105.716505002656106, 21.135216789235958 ], [ 105.716478284901001, 21.135293134897864 ], [ 105.716445358450684, 21.135329978789649 ], [ 105.716356833605744, 21.13538258672282 ], [ 105.716302909470684, 21.135433636556243 ], [ 105.716153716815654, 21.135699669994512 ], [ 105.716104326880881, 21.135754935739865 ], [ 105.716041333759932, 21.135797553547434 ], [ 105.715825147893398, 21.135900110952541 ], [ 105.715772572169001, 21.135918685468447 ], [ 105.715682372612832, 21.135936007251232 ], [ 105.715545480463916, 21.135943644264639 ], [ 105.715488370313835, 21.135958002705191 ], [ 105.715425376925452, 21.136000620290073 ], [ 105.715365569004263, 21.136079929 ], [ 105.715293506783851, 21.136114114551145 ], [ 105.715230350714009, 21.136122851580023 ], [ 105.714872249527588, 21.136127186984112 ], [ 105.714815139235583, 21.136141545201152 ], [ 105.714752145570742, 21.136184162542349 ], [ 105.714619412975821, 21.136431772917437 ], [ 105.71460311181491, 21.136484075180569 ], [ 105.714589995970726, 21.136573068607397 ], [ 105.714590108697124, 21.136910468154937 ], [ 105.714599421086803, 21.136969720912969 ], [ 105.714635858566496, 21.137037329500366 ], [ 105.71472039212945, 21.137093441376841 ], [ 105.714753671385907, 21.137130005524373 ], [ 105.714774967258705, 21.137177913967601 ], [ 105.714784279741693, 21.137237166711049 ], [ 105.714780232746719, 21.13733459215829 ], [ 105.714762582551515, 21.137419369581206 ], [ 105.714743258411332, 21.137468861181468 ], [ 105.714635894810925, 21.13767260130766 ], [ 105.714591038072498, 21.137732082644451 ], [ 105.714532578086789, 21.137778915929132 ], [ 105.714293878649656, 21.137894271881819 ], [ 105.714221734132636, 21.137911516758262 ], [ 105.714149467851882, 21.137903351239057 ], [ 105.714080102773821, 21.137872586007084 ], [ 105.714034799421071, 21.137838895861019 ], [ 105.714019644208705, 21.137816372313328 ], [ 105.714011965169348, 21.137783935233525 ], [ 105.71398932027374, 21.13776850183924 ], [ 105.713889942416259, 21.137754803650189 ] ] } },
{ "type": "Feature", "properties": { "id": "shoreline_2024_dry_cleaned_3", "bank_type": "unknown", "length_m": 3520.0, "is_island": true, "year": 2024, "season": "dry", "source": "S1", "processing_version": "1.0" }, "geometry": { "type": "LineString", "coordinates": [ [ 105.766304809300564, 21.097190454508588 ], [ 105.766087672583325, 21.097089792309756 ], [ 105.76604391111664, 21.097063167479291 ], [ 105.765989496692285, 21.097012591680617 ], [ 105.765948555599223, 21.09694924962945 ], [ 105.765915273426785, 21.096912695469772 ], [ 105.765842894707831, 21.096879141261393 ], [ 105.765779671912725, 21.096870956462041 ], [ 105.765165929422679, 21.096873726375463 ], [ 105.765075586399206, 21.096857193398222 ], [ 105.765030328133051, 21.096831986760911 ], [ 105.764997046206219, 21.096795432412886 ], [ 105.764887697815851, 21.096592639305985 ], [ 105.764858907096709, 21.096551829543017 ], [ 105.764824128236057, 21.096516693617776 ], [ 105.764760732179411, 21.096474628167574 ], [ 105.764543597491766, 21.096373963919923 ], [ 105.764432122863369, 21.096343408736725 ], [ 105.764332797976053, 21.096335386095003 ], [ 105.764007876548547, 21.096336849989342 ], [ 105.763944654060907, 21.096328664495335 ], [ 105.763872276043131, 21.096295109421551 ], [ 105.763811701191287, 21.096216326426319 ], [ 105.763772431511001, 21.096185445630447 ], [ 105.763721185473131, 21.096165912435932 ], [ 105.763621860727966, 21.09615788937294 ], [ 105.763558724923939, 21.096166643869513 ], [ 105.763507680951363, 21.096186637597494 ], [ 105.763468728804099, 21.096217870567934 ], [ 105.763426926834228, 21.096280173990664 ], [ 105.763363964104641, 21.096322808692619 ], [ 105.763306874131828, 21.096337182729933 ], [ 105.763204612880727, 21.096343289746912 ], [ 105.763123512315033, 21.096369065447082 ], [ 105.763084560038138, 21.096400298332512 ], [ 105.763042757856311, 21.096462601665646 ], [ 105.762979794937053, 21.096505236229739 ], [ 105.76288962537366, 21.096522582352193 ], [ 105.762564703429391, 21.096524043494398 ], [ 105.762501567395773, 21.096532797603636 ], [ 105.762450523147265, 21.096552791020695 ], [ 105.762411570677713, 21.096584023756613 ], [ 105.762356337805556, 21.096667562961528 ], [ 105.762302443444625, 21.096718626784284 ], [ 105.762258956477112, 21.096745644733907 ], [ 105.762042860029084, 21.096848258956186 ], [ 105.761979896652804, 21.09689089316074 ], [ 105.76191710605768, 21.096967407627833 ], [ 105.761809835163561, 21.097171175845567 ], [ 105.761776928297877, 21.097208028130023 ], [ 105.761731929616346, 21.097233641027945 ], [ 105.761641759448324, 21.097250986503205 ], [ 105.760994906342205, 21.097251066624029 ], [ 105.760913545982362, 21.097226020853682 ], [ 105.760874276605477, 21.097195139380251 ], [ 105.760813702916707, 21.097116355285561 ], [ 105.760741325168453, 21.09708279886889 ], [ 105.760678102500691, 21.097074612162018 ], [ 105.760353179188115, 21.09707606910418 ], [ 105.760253853948953, 21.097068044082402 ], [ 105.760142379578014, 21.097037486071102 ], [ 105.759925246967882, 21.09693681584745 ], [ 105.759872504040089, 21.096918699903291 ], [ 105.759782161477972, 21.096902164089336 ], [ 105.75964523672647, 21.096895718845214 ], [ 105.759588002561614, 21.096881858060886 ], [ 105.75952460775369, 21.096839790615114 ], [ 105.759464034910835, 21.096761006009171 ], [ 105.759391657620966, 21.09672744900071 ], [ 105.759328435160967, 21.096719261783559 ], [ 105.758425872199084, 21.096723300061949 ], [ 105.758326547259955, 21.096715273900852 ], [ 105.758215073505625, 21.096684714601576 ], [ 105.757611932891663, 21.096405067362298 ], [ 105.757530401691767, 21.096346139613516 ], [ 105.757484972981032, 21.096287050595372 ], [ 105.757364983483868, 21.09606030076786 ], [ 105.757337348451415, 21.09595031061318 ], [ 105.757335192896775, 21.095821854429364 ], [ 105.75734996355628, 21.095768143414634 ], [ 105.757376825560613, 21.095725672106095 ], [ 105.757415778905013, 21.095694440498324 ], [ 105.757483277408639, 21.095656022845464 ], [ 105.757537173098825, 21.095604960509544 ], [ 105.757565546440631, 21.095563894134774 ], [ 105.757672822138261, 21.095360128423071 ], [ 105.757726717658272, 21.095309066030335 ], [ 105.757777762168658, 21.095289074025821 ], [ 105.757840898016354, 21.095280321681358 ], [ 105.75820040836625, 21.095277303340353 ], [ 105.758323657136799, 21.095256988405481 ], [ 105.758376212967036, 21.095238401178573 ], [ 105.759002003314095, 21.094943377735003 ], [ 105.759087638173, 21.094921818847432 ], [ 105.759256057152612, 21.09490977136592 ], [ 105.759313147021345, 21.09489539869449 ], [ 105.759376110371278, 21.094852765472446 ], [ 105.759431387366064, 21.09477769726854 ], [ 105.759485454308631, 21.09476051465105 ], [ 105.759529127847571, 21.094770201080664 ], [ 105.759771879561399, 21.094880639156212 ], [ 105.759889340528915, 21.094905523796118 ], [ 105.761181529571928, 21.094906788565975 ], [ 105.761262888695597, 21.09493183425149 ], [ 105.761302157538566, 21.094962715658706 ], [ 105.761362730566475, 21.095041499617427 ], [ 105.761407987694511, 21.095066707274022 ], [ 105.761465221305784, 21.095080567463061 ], [ 105.762433989691132, 21.095081862534013 ], [ 105.762515349100468, 21.095106907608944 ], [ 105.762554618239648, 21.095137788716293 ], [ 105.762615191986924, 21.095216572203878 ], [ 105.762687569209831, 21.095250127842842 ], [ 105.762750791186207, 21.095258313822463 ], [ 105.763364527386372, 21.095255552849135 ], [ 105.763427749393458, 21.095263738575209 ], [ 105.763478995082409, 21.095283271871025 ], [ 105.763518264460728, 21.095314152747157 ], [ 105.763642753635466, 21.095536642624392 ], [ 105.763671500523444, 21.095568982545561 ], [ 105.763706177852939, 21.095584355231537 ], [ 105.763769313401482, 21.095575600687223 ], [ 105.763985406776413, 21.095472984341942 ], [ 105.764037961916728, 21.095454395380127 ], [ 105.764128130685108, 21.095437048668657 ], [ 105.764231902738828, 21.095432346014693 ], [ 105.764295124857426, 21.095440531413551 ], [ 105.764346370712204, 21.095460064441586 ], [ 105.764385640310664, 21.095490945109372 ], [ 105.764446215150741, 21.095569727906025 ], [ 105.764491472933855, 21.095594934717575 ], [ 105.76454870699942, 21.095608793850367 ], [ 105.765484370083229, 21.09560739720326 ], [ 105.76554759232873, 21.095615582130719 ], [ 105.765619970363559, 21.095649136490774 ], [ 105.765680545906463, 21.095727918823314 ], [ 105.765719815842402, 21.095758799170667 ], [ 105.765771061979223, 21.095778331758492 ], [ 105.765903494733081, 21.095789027490632 ], [ 105.765960728988176, 21.095802886140337 ], [ 105.766024125075575, 21.095844951143668 ], [ 105.766084700909644, 21.095923733321126 ], [ 105.766157079208924, 21.095957287442527 ], [ 105.76622030163135, 21.095965472113242 ], [ 105.766834040238081, 21.095962698498401 ], [ 105.766933364960479, 21.095970719679077 ], [ 105.76701921657741, 21.095991507116924 ], [ 105.76726197547471, 21.096101934227224 ], [ 105.76734333617496, 21.096126976941513 ], [ 105.767438169993639, 21.096139253268831 ], [ 105.767797696025681, 21.096139037880853 ], [ 105.767860918594067, 21.0961472219347 ], [ 105.767933297376103, 21.096180775281695 ], [ 105.768012012597623, 21.096276415123878 ], [ 105.768084391474972, 21.096309968402924 ], [ 105.768147614128026, 21.096318152347042 ], [ 105.768761353905717, 21.096315371714546 ], [ 105.76882906758425, 21.096319299920271 ], [ 105.76891941062641, 21.096335830896319 ], [ 105.769242035583588, 21.096472715506852 ], [ 105.769332378757184, 21.096489246258368 ], [ 105.769469303282733, 21.096495683680342 ], [ 105.769550664533028, 21.096520725316658 ], [ 105.769589935452117, 21.096551604734177 ], [ 105.769646022442544, 21.096634641071187 ], [ 105.769700437922168, 21.096685215665211 ], [ 105.769744199894816, 21.096711839536763 ], [ 105.769961338355429, 21.096812496999817 ], [ 105.769996074797064, 21.096839161775968 ], [ 105.770012789130206, 21.096871555200163 ], [ 105.770004069154581, 21.096930886562209 ], [ 105.769896809495464, 21.097134659558325 ], [ 105.7698340229596, 21.097211176833724 ], [ 105.769771061758235, 21.097253813865827 ], [ 105.769554970080051, 21.097356437518915 ], [ 105.769473870171552, 21.097382216236152 ], [ 105.769379166317748, 21.097395351246256 ], [ 105.766674479444632, 21.0974075988923 ], [ 105.766551027403409, 21.097388392955963 ], [ 105.766453039417669, 21.097347896212575 ], [ 105.766398653725091, 21.097302967262273 ], [ 105.766386387747644, 21.097257847976248 ], [ 105.766371229117013, 21.097235329115463 ], [ 105.766304809300564, 21.097190454508588 ] ] } },
{ "type": "Feature", "properties": { "id": "shoreline_2024_dry_cleaned_4", "bank_type": "unknown", "length_m": 10800.0, "is_island": true, "year": 2024, "season": "dry", "source": "S1", "processing_version": "1.0" }, "geometry": { "type": "LineString", "coordinates": [ [ 105.807869445398325, 21.100108952545661 ], [ 105.806678049070371, 21.100114623867924 ], [ 105.806614823204725, 21.100106454409033 ], [ 105.806542434388192, 21.100072917920105 ], [ 105.806509141840806, 21.100036372074932 ], [ 105.806468183036486, 21.099973040394829 ], [ 105.806392618053991, 21.099908461560041 ], [ 105.806152819267766, 21.099795253990678 ], [ 105.806100070222072, 21.099777152637287 ], [ 105.805976612165551, 21.099757975628282 ], [ 105.80532825756886, 21.099759644005687 ], [ 105.805237909104889, 21.099743132624283 ], [ 105.805192643550285, 21.099717936954185 ], [ 105.805132045974688, 21.099639169477129 ], [ 105.805092767166244, 21.099608298558049 ], [ 105.805041514978456, 21.099588778063989 ], [ 105.804909077132436, 21.099578113093724 ], [ 105.804851838272683, 21.099564267753756 ], [ 105.804806572834792, 21.099539071976249 ], [ 105.80474597553382, 21.099460304350725 ], [ 105.804706696850317, 21.099429433337516 ], [ 105.804655444770987, 21.099409912722773 ], [ 105.804523007100656, 21.09939924744479 ], [ 105.804465768341117, 21.099385401970878 ], [ 105.804402360400431, 21.099343351742402 ], [ 105.804341763390582, 21.099264583961251 ], [ 105.804269375464159, 21.099231046469217 ], [ 105.804206150073426, 21.099222876095173 ], [ 105.803270472309279, 21.099224487077567 ], [ 105.803189104493242, 21.099199461850635 ], [ 105.803149826189042, 21.099168590463368 ], [ 105.803089229897836, 21.09908982220961 ], [ 105.803016842319408, 21.099056284170498 ], [ 105.80295361705457, 21.099048113324717 ], [ 105.80262869273659, 21.09904965138719 ], [ 105.80253834495123, 21.099033138542783 ], [ 105.802474937680245, 21.098991087569722 ], [ 105.802414341811698, 21.098912319059494 ], [ 105.802341954461852, 21.098878780723993 ], [ 105.802278729300312, 21.098870609622836 ], [ 105.801953805314596, 21.098872146380071 ], [ 105.801854477506382, 21.098864145832287 ], [ 105.801768620003187, 21.098843376239923 ], [ 105.801525832822747, 21.098732999499067 ], [ 105.801444465539461, 21.098707973415681 ], [ 105.801315022036775, 21.098694468057058 ], [ 105.800955492430575, 21.098694754692438 ], [ 105.800890770697833, 21.09868800183806 ], [ 105.800804913413131, 21.098667231749829 ], [ 105.800539494962081, 21.098544255117456 ], [ 105.800498720651845, 21.098514801856542 ], [ 105.800448784532634, 21.098459981208656 ], [ 105.800325735605441, 21.09823610145089 ], [ 105.80030591532946, 21.098186785442678 ], [ 105.800287410243143, 21.098102170698454 ], [ 105.800279200594247, 21.097973744636757 ], [ 105.800251715322915, 21.097897642465686 ], [ 105.8002184247744, 21.097861095311462 ], [ 105.800129393146193, 21.097809282415113 ], [ 105.800074967287188, 21.097758717927224 ], [ 105.800046166929519, 21.09771791445111 ], [ 105.799936771032364, 21.097515145474301 ], [ 105.799903480647359, 21.097478598251442 ], [ 105.799831094529125, 21.097445058798399 ], [ 105.799698658814222, 21.097434389683617 ], [ 105.799617292520779, 21.097409362687422 ], [ 105.799578015409139, 21.097378490427815 ], [ 105.799537060253243, 21.097315156936716 ], [ 105.79948712489383, 21.097260335973964 ], [ 105.799423719211433, 21.097218283799922 ], [ 105.799206561637618, 21.097117664704854 ], [ 105.799162794562136, 21.0970910486054 ], [ 105.799108369289698, 21.097040483784298 ], [ 105.799052266105704, 21.096957457712872 ], [ 105.799012989228345, 21.09692658531327 ], [ 105.798931623317642, 21.096901557974149 ], [ 105.798799188124931, 21.096890888138883 ], [ 105.79872680252727, 21.096857348195226 ], [ 105.798693512582176, 21.096820800717953 ], [ 105.798570467679497, 21.09659691951699 ], [ 105.798520532914253, 21.09654209824609 ], [ 105.798457127803147, 21.096500045688789 ], [ 105.798217370366018, 21.096392473151869 ], [ 105.79817674795963, 21.096391252620204 ], [ 105.798142233084477, 21.096406943761639 ], [ 105.798113825731079, 21.096439546580122 ], [ 105.798006605384103, 21.096643336154052 ], [ 105.797961794412615, 21.096702838462086 ], [ 105.797903377217054, 21.096749699450761 ], [ 105.797664810821416, 21.096865169445369 ], [ 105.797601858074586, 21.096907816558193 ], [ 105.797539086188266, 21.096984343645396 ], [ 105.797418424289475, 21.097206548197594 ], [ 105.797386962885653, 21.097230695046722 ], [ 105.797328319237309, 21.097235205850041 ], [ 105.797088561356389, 21.097127631738164 ], [ 105.797044794635653, 21.097101015080231 ], [ 105.796990370051986, 21.097050449556797 ], [ 105.796934268016145, 21.096967422747486 ], [ 105.796894991556215, 21.096936549843562 ], [ 105.796813625958251, 21.096911521477193 ], [ 105.796681190848304, 21.096900849983442 ], [ 105.796608805688763, 21.096867309120846 ], [ 105.796575516244644, 21.096830761211475 ], [ 105.796466125671913, 21.096627989804428 ], [ 105.796411701455597, 21.096577424080817 ], [ 105.796360451362006, 21.096557900886893 ], [ 105.796297227434252, 21.0965497275118 ], [ 105.795939199331713, 21.096548584619164 ], [ 105.795881962365286, 21.096534736183241 ], [ 105.795836699290774, 21.096509537925115 ], [ 105.795803410113038, 21.096472989854135 ], [ 105.795694020850121, 21.096270217899058 ], [ 105.795648577426078, 21.09621113957105 ], [ 105.795567031972851, 21.09615223056911 ], [ 105.795349878395044, 21.096051606391434 ], [ 105.795295454760804, 21.096001040287565 ], [ 105.795274139712561, 21.095953142336899 ], [ 105.795264798557668, 21.09589389462008 ], [ 105.795267461346384, 21.095828943809259 ], [ 105.795282218249895, 21.095775229914363 ], [ 105.795327030049407, 21.095715728282851 ], [ 105.795415502583978, 21.095663080412535 ], [ 105.795469384884285, 21.095612006425117 ], [ 105.795619907872563, 21.095347312028146 ], [ 105.795658852815123, 21.095316071886852 ], [ 105.795709891848361, 21.095296068623767 ], [ 105.795773024978402, 21.095287302227806 ], [ 105.799019166878281, 21.095269218368482 ], [ 105.799076252583561, 21.095254832428125 ], [ 105.799121243926052, 21.09522920983424 ], [ 105.799180990688413, 21.095149873037293 ], [ 105.799243942240366, 21.095107225367482 ], [ 105.79930102785994, 21.095092839353864 ], [ 105.799403286009081, 21.095086710644345 ], [ 105.79948437901038, 21.095060917809128 ], [ 105.799523323040148, 21.095029676807485 ], [ 105.799565109306585, 21.094967364960191 ], [ 105.799628060668695, 21.094924717152836 ], [ 105.799685146177467, 21.094910331013022 ], [ 105.799821994107788, 21.094902627274738 ], [ 105.799912157714431, 21.094885261678129 ], [ 105.800233323639461, 21.094745400037002 ], [ 105.800291920813848, 21.094732418266059 ], [ 105.800391155054413, 21.094723479832172 ], [ 105.801037961586516, 21.094717603133034 ], [ 105.801119054079166, 21.094691809530495 ], [ 105.801157997660013, 21.094660568166127 ], [ 105.80121774309805, 21.094581230688167 ], [ 105.801289764644849, 21.09454700964444 ], [ 105.801352897057328, 21.094538241191174 ], [ 105.801999702616783, 21.094532360851012 ], [ 105.802056787719636, 21.094517973924365 ], [ 105.802101778304859, 21.094492350561008 ], [ 105.802161523165509, 21.094413012767202 ], [ 105.802200466449079, 21.094381771171729 ], [ 105.802251504220379, 21.094361765975961 ], [ 105.802314636485519, 21.094352997168812 ], [ 105.802383846327501, 21.094355493198723 ], [ 105.80246521135426, 21.094380518914843 ], [ 105.802504488227598, 21.094411390522719 ], [ 105.802560592281566, 21.094494415446086 ], [ 105.802615017723596, 21.094544979166667 ], [ 105.802658784619467, 21.094571594387304 ], [ 105.802875940594802, 21.094672209135844 ], [ 105.802910682160416, 21.094698867008248 ], [ 105.802927403260057, 21.09473125697993 ], [ 105.802926103884246, 21.094769379056466 ], [ 105.802804076538052, 21.095015592611254 ], [ 105.802802777130893, 21.095053714686674 ], [ 105.802834616510111, 21.095100150120231 ], [ 105.803071396802864, 21.095213377009603 ], [ 105.803124143883778, 21.0952314793781 ], [ 105.803247597886724, 21.095250658605448 ], [ 105.803351382911046, 21.095248755388287 ], [ 105.803408468138471, 21.095234368003297 ], [ 105.803453458690115, 21.09520874428404 ], [ 105.803543075263832, 21.095089736902352 ], [ 105.803601489989248, 21.095042874039216 ], [ 105.803665982386221, 21.095007275966449 ], [ 105.803683911730289, 21.094984603804299 ], [ 105.803683850973044, 21.094973310486388 ], [ 105.803665678606805, 21.09495080937667 ], [ 105.80357967128144, 21.094901807332178 ], [ 105.803510096721155, 21.094831551887914 ], [ 105.803387046472395, 21.094607674307642 ], [ 105.803376296675964, 21.094566785896543 ], [ 105.803383628054192, 21.094531458651485 ], [ 105.803428527298365, 21.094488894964471 ], [ 105.803644590084318, 21.094386228979676 ], [ 105.803688068516848, 21.094359200666997 ], [ 105.803741947439164, 21.094308124148814 ], [ 105.803797155860266, 21.094224572195461 ], [ 105.803836098740376, 21.094193330236269 ], [ 105.803887136211287, 21.094173324556927 ], [ 105.803950268279038, 21.094164555146392 ], [ 105.804563993918478, 21.094161645253948 ], [ 105.804663318677726, 21.09416964431465 ], [ 105.804774798955663, 21.09420017285564 ], [ 105.804991955708687, 21.094300784870924 ], [ 105.805055361614919, 21.094342834967001 ], [ 105.805118950148085, 21.094418764982073 ], [ 105.805422840873206, 21.0949820024248 ], [ 105.805468287676746, 21.095041078030814 ], [ 105.805549836239933, 21.095099982174439 ], [ 105.805766994809076, 21.095200593128101 ], [ 105.805878476063256, 21.095231120908053 ], [ 105.805977801578095, 21.095239119172884 ], [ 105.806624609347622, 21.095233221104046 ], [ 105.806681694213736, 21.095218832627616 ], [ 105.806726684167657, 21.095193208058184 ], [ 105.806786426779283, 21.095113868711454 ], [ 105.806825369234247, 21.095082626081762 ], [ 105.806876406571504, 21.095062619508063 ], [ 105.806939538797195, 21.095053848979308 ], [ 105.807264454078506, 21.095052302937027 ], [ 105.807327677821164, 21.095060472226173 ], [ 105.807400064331247, 21.09509400847195 ], [ 105.80746066114186, 21.095172775201167 ], [ 105.807524068088483, 21.095214824335823 ], [ 105.807614414003169, 21.095231334587869 ], [ 105.807683593732236, 21.095228181785739 ], [ 105.807740678481423, 21.095213792956201 ], [ 105.807785668241905, 21.095188168111729 ], [ 105.807818563010343, 21.095151307261958 ], [ 105.807925768747467, 21.094947511912316 ], [ 105.807934473502229, 21.094888179065581 ], [ 105.807917751316026, 21.094855789623558 ], [ 105.807883008856678, 21.094829132807142 ], [ 105.807646225781127, 21.094715912727658 ], [ 105.807614385025275, 21.094669478240679 ], [ 105.807623089892147, 21.094610145404541 ], [ 105.807743719123238, 21.094385110750959 ], [ 105.80781253205221, 21.094314198065018 ], [ 105.807856009671141, 21.094287168708561 ], [ 105.80809758735046, 21.094174493722271 ], [ 105.808153159791118, 21.094158700269201 ], [ 105.808247857417868, 21.094145543775138 ], [ 105.808351656776438, 21.094146460851153 ], [ 105.8084330225835, 21.094171483676533 ], [ 105.808472300583304, 21.094202353865317 ], [ 105.808528407799571, 21.094285376712627 ], [ 105.808582835113157, 21.09433593845699 ], [ 105.808626602953595, 21.094362552106094 ], [ 105.808843762361036, 21.094463159096765 ], [ 105.808878504897109, 21.094489815714734 ], [ 105.808895227244307, 21.094522205058027 ], [ 105.808893929393122, 21.094560327132232 ], [ 105.808771912198736, 21.094806544665307 ], [ 105.808770614316231, 21.094844666738389 ], [ 105.808802455462896, 21.09489110099457 ], [ 105.809039239638395, 21.095004319420362 ], [ 105.809091987300093, 21.095022419912389 ], [ 105.809215441737052, 21.095041594777097 ], [ 105.809319226406899, 21.095039687915065 ], [ 105.809376310907012, 21.095025298542083 ], [ 105.809421300315435, 21.094999673274035 ], [ 105.80951091189992, 21.094880662892962 ], [ 105.809569324598584, 21.094833798036067 ], [ 105.809633815402009, 21.094798197741763 ], [ 105.809651743793268, 21.094775524978111 ], [ 105.809651682585553, 21.094764231676571 ], [ 105.809633509370272, 21.094741731233817 ], [ 105.809547500320505, 21.094692732273554 ], [ 105.809477923143632, 21.094622479362801 ], [ 105.809354864292089, 21.094398606388804 ], [ 105.809344112892987, 21.094357718406979 ], [ 105.809351442841944, 21.094322390948793 ], [ 105.809396340267284, 21.094279825737583 ], [ 105.809612398376814, 21.094177152289461 ], [ 105.809655875614183, 21.094150122482962 ], [ 105.809709752353896, 21.094099044135799 ], [ 105.809750022155569, 21.094035325434771 ], [ 105.809782916181859, 21.093998464222871 ], [ 105.809854935357649, 21.093964239611775 ], [ 105.809918066906008, 21.093955467993784 ], [ 105.811177080276323, 21.093945216817801 ], [ 105.811294271813424, 21.093919245772966 ], [ 105.811535846134973, 21.093806565987535 ], [ 105.811646989923389, 21.093774976841377 ], [ 105.811746222608008, 21.093766031805139 ], [ 105.812359945426365, 21.093763093760753 ], [ 105.812423076708825, 21.093754321217656 ], [ 105.812495095122941, 21.09372009550788 ], [ 105.812554834035723, 21.093640754233544 ], [ 105.81259377486289, 21.093609510325361 ], [ 105.812644810867866, 21.093589502053604 ], [ 105.812707942056704, 21.093580729407208 ], [ 105.813354772183089, 21.093580452557973 ], [ 105.813436138428386, 21.093605472967756 ], [ 105.813475417266474, 21.093636341971344 ], [ 105.813536016581551, 21.093715106458948 ], [ 105.81360840372524, 21.093748640036342 ], [ 105.813671627173676, 21.093756806968525 ], [ 105.814285349659968, 21.09375386195963 ], [ 105.814348480799097, 21.093745088703649 ], [ 105.814399516595245, 21.093725079910335 ], [ 105.814438457042343, 21.093693835590727 ], [ 105.814498194887747, 21.093614493665481 ], [ 105.814543182951567, 21.093588867076782 ], [ 105.814600266334523, 21.093574475977363 ], [ 105.815535875468683, 21.093567156988431 ], [ 105.815635107699052, 21.093558209688766 ], [ 105.815720732573595, 21.093536622486944 ], [ 105.815962302715874, 21.093423936520271 ], [ 105.816043391676004, 21.093398135884076 ], [ 105.816172677250506, 21.093383396902166 ], [ 105.81653217743046, 21.093380255099774 ], [ 105.816655415193864, 21.093359898072659 ], [ 105.816707962459333, 21.093341293016831 ], [ 105.817308104505628, 21.093056063007172 ], [ 105.817389193012204, 21.093030261740527 ], [ 105.817483888924031, 21.093017100137601 ], [ 105.817843388092427, 21.093013955585523 ], [ 105.817942619768445, 21.093005006951717 ], [ 105.818028243952341, 21.092983418604792 ], [ 105.818269811353289, 21.092870729430196 ], [ 105.818350899577339, 21.092844927711923 ], [ 105.818480184382352, 21.092830186993204 ], [ 105.818805093894511, 21.092828619003097 ], [ 105.818895253681177, 21.092811243422716 ], [ 105.818940240710774, 21.092785615697782 ], [ 105.818973132139732, 21.092748752780771 ], [ 105.81908032079555, 21.092544950873176 ], [ 105.819143079571376, 21.092468416190101 ], [ 105.81920602405053, 21.09242576131853 ], [ 105.81944609315201, 21.092314489443453 ], [ 105.819494181260794, 21.092305786961418 ], [ 105.819542331310885, 21.092308377742878 ], [ 105.819590543313282, 21.092322261787416 ], [ 105.819635808868057, 21.092347453630317 ], [ 105.81966910274933, 21.09238399688282 ], [ 105.819690424956477, 21.092431891551847 ], [ 105.819699961363384, 21.092525017470667 ], [ 105.819713801289296, 21.092580006774927 ], [ 105.819745598780344, 21.09261796893723 ], [ 105.819768231613892, 21.092630564837254 ], [ 105.819826965452506, 21.092642986266263 ], [ 105.820151874447788, 21.092641415710034 ], [ 105.820281158848829, 21.09262667362978 ], [ 105.820362246558915, 21.09260087096488 ], [ 105.820578294230032, 21.09249818385182 ], [ 105.820689434924105, 21.092466588869463 ], [ 105.820788666005512, 21.092457638587483 ], [ 105.821113574519259, 21.092456066202548 ], [ 105.821176704617642, 21.092447290434695 ], [ 105.821248720269679, 21.092413061088756 ], [ 105.821308453922185, 21.092333716887733 ], [ 105.821371397697902, 21.092291061234 ], [ 105.821428479846674, 21.092276667872024 ], [ 105.821532246640544, 21.092271930285936 ], [ 105.821626941623322, 21.092258766396426 ], [ 105.821708028879726, 21.092232963101182 ], [ 105.821924075039405, 21.092130274317253 ], [ 105.821976621161326, 21.092111667662081 ], [ 105.822066780086928, 21.092094290420647 ], [ 105.822203623624745, 21.092086568742598 ], [ 105.822260705605515, 21.092072175105393 ], [ 105.822323648988785, 21.092029519109502 ], [ 105.822383381910512, 21.091950174550107 ], [ 105.822455397031604, 21.091915944706763 ], [ 105.822518526805524, 21.091907168449001 ], [ 105.823132240333678, 21.091904191682318 ], [ 105.823222398977677, 21.091886813834723 ], [ 105.823285341996922, 21.091844157492609 ], [ 105.823340538392912, 21.091760599538542 ], [ 105.823415390430171, 21.091695298212404 ], [ 105.823653927479072, 21.09157979283972 ], [ 105.823706473174511, 21.091561185660893 ], [ 105.823829708275298, 21.091540823497937 ], [ 105.824189203258925, 21.09153766561629 ], [ 105.824288433439492, 21.091528713313014 ], [ 105.824374055749061, 21.091507121816715 ], [ 105.824615615681381, 21.091394423820127 ], [ 105.824696701904756, 21.091368619125888 ], [ 105.824791395973278, 21.091355453496309 ], [ 105.825150890414619, 21.091352293591754 ], [ 105.825250120393861, 21.09134334073164 ], [ 105.825335742441069, 21.091321748757501 ], [ 105.825577301302303, 21.091209049422655 ], [ 105.825658387242996, 21.091183244276916 ], [ 105.825753081089843, 21.091170078116836 ], [ 105.826112574988784, 21.091166916189412 ], [ 105.826211804766672, 21.091157962772478 ], [ 105.826297426551506, 21.091136370320505 ], [ 105.826538984341596, 21.091023669647466 ], [ 105.826620069999564, 21.09099786405023 ], [ 105.826714763624693, 21.090984697359669 ], [ 105.827074256981149, 21.090981533409423 ], [ 105.827137386026749, 21.090972755453581 ], [ 105.827209399520456, 21.090938523639302 ], [ 105.827269129368531, 21.090859177448973 ], [ 105.827332070754252, 21.090816519652375 ], [ 105.827389151695812, 21.09080212431941 ], [ 105.827492917142109, 21.090797383125956 ], [ 105.827587610545677, 21.090784215954553 ], [ 105.827668695875346, 21.09075840986559 ], [ 105.827884735559877, 21.090655713676899 ], [ 105.827937280358697, 21.090637105213521 ], [ 105.828027437589185, 21.09061972485296 ], [ 105.828164279291485, 21.09061199841944 ], [ 105.828221360064958, 21.090597602811318 ], [ 105.828284301058162, 21.090554944672693 ], [ 105.828344030175458, 21.090475598124208 ], [ 105.82841604313812, 21.090441365812712 ], [ 105.828479171859129, 21.09043258736709 ], [ 105.829125954756137, 21.090426604197432 ], [ 105.829183035354646, 21.090412208270795 ], [ 105.829228019810557, 21.090386577891941 ], [ 105.829287748350239, 21.090307231028387 ], [ 105.829350688904896, 21.090264572506733 ], [ 105.829407769417585, 21.090250176506959 ], [ 105.829510053700588, 21.090249676417098 ], [ 105.829567290936396, 21.090263513492136 ], [ 105.829612557437329, 21.090288702643917 ], [ 105.829645853208234, 21.090325243881772 ], [ 105.829686818835128, 21.090388569801142 ], [ 105.829741251589141, 21.090439124591398 ], [ 105.829785021828769, 21.090465732707017 ], [ 105.830002188717458, 21.090566312373852 ], [ 105.830047549484846, 21.090608441277123 ], [ 105.830055266456654, 21.090643695882719 ], [ 105.830044964583678, 21.090684685428453 ], [ 105.829924372316682, 21.090909734843471 ], [ 105.829855571725162, 21.090980656133819 ], [ 105.829552587893289, 21.091137424370725 ], [ 105.829498719202846, 21.091188508781439 ], [ 105.829443526525552, 21.09127206862453 ], [ 105.829404589957434, 21.091303316274153 ], [ 105.829353557154406, 21.091323329494926 ], [ 105.829221250977696, 21.091335269818227 ], [ 105.829164170034005, 21.091349665767719 ], [ 105.829119185282721, 21.091375296136697 ], [ 105.82905945624556, 21.091454642948083 ], [ 105.829020519547669, 21.091485890513109 ], [ 105.8289694866274, 21.091505903621666 ], [ 105.828837180247589, 21.091517843651502 ], [ 105.828756094733436, 21.091543650303688 ], [ 105.828702225619878, 21.091594734472874 ], [ 105.828595050950781, 21.091798542029778 ], [ 105.828562162166136, 21.091835406731825 ], [ 105.828490148579291, 21.091869639120873 ], [ 105.828357841826119, 21.091881578788215 ], [ 105.828276756025488, 21.091907385219418 ], [ 105.828237819042684, 21.091938632612429 ], [ 105.828197557821738, 21.092002355442155 ], [ 105.828148224422804, 21.092057652383126 ], [ 105.828085282771838, 21.092100310485964 ], [ 105.827869241182896, 21.092203006977154 ], [ 105.827825767967937, 21.092230041332233 ], [ 105.827771898286485, 21.092281125220548 ], [ 105.82771670424151, 21.092364684536321 ], [ 105.827677767021143, 21.092395931806898 ], [ 105.827596680814992, 21.092421737924536 ], [ 105.827464373476985, 21.092433676912663 ], [ 105.827392359337878, 21.092467908851063 ], [ 105.827359470106543, 21.092504773331683 ], [ 105.827238872356034, 21.092729820971766 ], [ 105.827207495053344, 21.092768089746329 ], [ 105.827149088897329, 21.092814960481931 ], [ 105.825374235907219, 21.093660740855242 ], [ 105.825293335743496, 21.093720425679766 ], [ 105.825221694752059, 21.09382241628105 ], [ 105.82518275661981, 21.093853663003241 ], [ 105.825131722345219, 21.093873674995173 ], [ 105.824999413456695, 21.093885612107293 ], [ 105.824942331087726, 21.09390000667722 ], [ 105.824897344818581, 21.093925635968052 ], [ 105.824837612514315, 21.094004981376617 ], [ 105.824798674252278, 21.094036228014172 ], [ 105.824747639860448, 21.094056239893845 ], [ 105.824615330768879, 21.094068176712415 ], [ 105.824558248288966, 21.094082571156285 ], [ 105.824513261896314, 21.094108200348671 ], [ 105.824453529313601, 21.094187545629381 ], [ 105.824390585681627, 21.094230202414817 ], [ 105.824300425792501, 21.094247580920587 ], [ 105.823975513643603, 21.09424915953657 ], [ 105.823912382990855, 21.094257936363888 ], [ 105.823840367117612, 21.094292166842578 ], [ 105.823762676816912, 21.094388539454453 ], [ 105.823717690189696, 21.094414168442412 ], [ 105.823660607481031, 21.094428562590771 ], [ 105.823013806265706, 21.094434525494439 ], [ 105.822950675465179, 21.09444330196802 ], [ 105.82287865926854, 21.094477532047783 ], [ 105.822800968238994, 21.094573904240562 ], [ 105.822755981382642, 21.094599532980123 ], [ 105.822698898499084, 21.094613926809849 ], [ 105.82234090796365, 21.094618486141162 ], [ 105.822277683794439, 21.094610322468753 ], [ 105.822205294416847, 21.094576792671813 ], [ 105.822144690278819, 21.094498031450044 ], [ 105.822105409490376, 21.09446716452306 ], [ 105.82205415705748, 21.094447649173667 ], [ 105.821954831556852, 21.09443966033384 ], [ 105.821855599258441, 21.094448611336819 ], [ 105.821769974867365, 21.094470201621597 ], [ 105.821528407750037, 21.094582895758546 ], [ 105.82144731919891, 21.094608699003615 ], [ 105.821318033237816, 21.094623442021707 ], [ 105.820993120027438, 21.094625014952051 ], [ 105.820934524956712, 21.0946380038157 ], [ 105.820912031351725, 21.094650817944849 ], [ 105.820880651999374, 21.094689085606824 ], [ 105.820871766253049, 21.094714539142092 ], [ 105.820858903040303, 21.094837418968488 ], [ 105.820838107546876, 21.094885517277511 ], [ 105.820805216140627, 21.094922380547338 ], [ 105.820737735152932, 21.094960822878715 ], [ 105.820679326052144, 21.095007691469135 ], [ 105.820589723511475, 21.095126707462672 ], [ 105.820517706412872, 21.095160936565701 ], [ 105.820355342221418, 21.095178662267507 ], [ 105.820283325040805, 21.095212891273373 ], [ 105.820250433424533, 21.095249754441038 ], [ 105.820143244588522, 21.095453557035096 ], [ 105.820110352885905, 21.095490420177416 ], [ 105.820065365271162, 21.095516048224685 ], [ 105.819975204022739, 21.09553342447045 ], [ 105.819650288723636, 21.095534994893256 ], [ 105.819587157216276, 21.095543770135382 ], [ 105.819536121560361, 21.09556378048309 ], [ 105.819482247786141, 21.095614861851026 ], [ 105.819375057640414, 21.09581866399369 ], [ 105.819312297642654, 21.09589519877478 ], [ 105.819249351770054, 21.09593785371527 ], [ 105.819033298235226, 21.096040539286623 ], [ 105.818989822245797, 21.096067571453823 ], [ 105.81893594810299, 21.096118652657253 ], [ 105.818880747670065, 21.096202209268689 ], [ 105.818841807555359, 21.096233454590134 ], [ 105.818760717606949, 21.096259256590155 ], [ 105.818628405918531, 21.096271188814601 ], [ 105.818556387797472, 21.096305417112895 ], [ 105.818523495511997, 21.096342279962702 ], [ 105.818416303550322, 21.096546081541817 ], [ 105.818362429038089, 21.096597162572237 ], [ 105.818281338803246, 21.096622964351081 ], [ 105.81792334297414, 21.096627514518289 ], [ 105.817860210882074, 21.096636289134807 ], [ 105.81780917460766, 21.096656298979994 ], [ 105.81775529984229, 21.096707379824952 ], [ 105.817648106570829, 21.096911180952535 ], [ 105.817594231659754, 21.096962261749589 ], [ 105.817543195236965, 21.096982271518762 ], [ 105.81741088277775, 21.096994202816354 ], [ 105.817353798405748, 21.097008594889711 ], [ 105.817308809843311, 21.097034222231542 ], [ 105.817249072226772, 21.097113565111069 ], [ 105.817210131526281, 21.097144810073406 ], [ 105.817159094986295, 21.097164819730267 ], [ 105.817026782324149, 21.097176750734196 ], [ 105.816969697841216, 21.097191142681424 ], [ 105.816924709155288, 21.097216769924753 ], [ 105.816864971260244, 21.097296112676311 ], [ 105.816826030429965, 21.097327357553951 ], [ 105.816774993772754, 21.097347367098489 ], [ 105.816642680907663, 21.09735929780874 ], [ 105.816585596313828, 21.097373689629851 ], [ 105.816540607504393, 21.09739931677467 ], [ 105.816480869330874, 21.097478659398249 ], [ 105.816441928370793, 21.097509904191185 ], [ 105.816390891596384, 21.097529913623415 ], [ 105.816258578528348, 21.097541844039988 ], [ 105.816177487385986, 21.097567644838538 ], [ 105.816138546337356, 21.097598889564306 ], [ 105.816083343789273, 21.097682445319538 ], [ 105.816029468056186, 21.097733525641363 ], [ 105.815985991013122, 21.097760557066909 ], [ 105.815744413996853, 21.097873243237725 ], [ 105.815658786663221, 21.097894830521259 ], [ 105.815559551563183, 21.097903777923825 ], [ 105.814656993673125, 21.09790811564238 ], [ 105.814593860805743, 21.097916889065448 ], [ 105.814542823626141, 21.097936897953101 ], [ 105.81448894725952, 21.097987977804081 ], [ 105.814381748599985, 21.098191777011326 ], [ 105.814318985022851, 21.098268310038996 ], [ 105.814256036680561, 21.098310963193224 ], [ 105.814039976104993, 21.098413642597929 ], [ 105.814001034377, 21.09844488685146 ], [ 105.813965301194742, 21.098512819831864 ], [ 105.813953944032875, 21.098637103716563 ], [ 105.81392728257353, 21.098713463335269 ], [ 105.813894388603927, 21.098750325331242 ], [ 105.813805921145587, 21.098802982672428 ], [ 105.81375204421677, 21.098854062302433 ], [ 105.813723686066993, 21.098895137595299 ], [ 105.813616485739729, 21.099098936352188 ], [ 105.813571680436922, 21.099158442591726 ], [ 105.813490772451701, 21.099218121998717 ], [ 105.813274710024558, 21.099320800477123 ], [ 105.81323123200535, 21.099347831222552 ], [ 105.813177354683532, 21.099398910679465 ], [ 105.813122149814888, 21.099482465528535 ], [ 105.813083207616643, 21.099513709582641 ], [ 105.813032169680056, 21.099533718036156 ], [ 105.812899854477735, 21.099545645895603 ], [ 105.812842768648849, 21.099560036491926 ], [ 105.812797778515744, 21.099585662679448 ], [ 105.812738037473366, 21.099665004057158 ], [ 105.812675088083878, 21.099707656651269 ], [ 105.812618002169174, 21.099722047174353 ], [ 105.812481150868905, 21.099729761354752 ], [ 105.812390986063548, 21.099747133671077 ], [ 105.812338435986661, 21.09976573746594 ], [ 105.812122371934763, 21.099868414520813 ], [ 105.81201122377108, 21.099900004099471 ], [ 105.81191198704596, 21.099908949415664 ], [ 105.811587061574755, 21.099910504700691 ], [ 105.81152392764281, 21.099919277012035 ], [ 105.811451906053875, 21.099953502388519 ], [ 105.811392164139036, 21.100032843316555 ], [ 105.811353221424923, 21.100064086987711 ], [ 105.811302183052035, 21.100084094932825 ], [ 105.81123904902644, 21.100092867140837 ], [ 105.80831471463128, 21.100106830812468 ], [ 105.808251580379903, 21.100115601914126 ], [ 105.80820054153989, 21.100135608939524 ], [ 105.808161598105173, 21.100166851899715 ], [ 105.808122807427566, 21.100226328097818 ], [ 105.808098830462896, 21.100243382737283 ], [ 105.808074731280911, 21.100237850776182 ], [ 105.808023203558932, 21.100167511359359 ], [ 105.807983924034275, 21.100136641135556 ], [ 105.807932671316578, 21.100117121534517 ], [ 105.807869445398325, 21.100108952545661 ] ] } }
]
}
