{
"type": "FeatureCollection",
"name": "reach1_s1_shoreline_2020_dry",
"crs": { "type": "name", "properties": { "name": "urn:ogc:def:crs:OGC:1.3:CRS84" } },
"features": [
{ "type": "Feature", "properties": { "id": "shoreline_2020_dry_cleaned_0", "bank_type": "unknown", "length_m": 38206.48648949372, "is_island": false, "year": 2020, "season": "dry", "source": "S1", "processing_version": "1.0" }, "geometry": { "type": "LineString", "coordinates": [ [ 105.381537115691785, 21.290723937291027 ], [ 105.381428135197368, 21.290520892436021 ], [ 105.381394901197353, 21.290484262261334 ], [ 105.381349645674618, 21.290458953296678 ], [ 105.38125922202407, 21.290442217096967 ], [ 105.380355422307616, 21.290444261264497 ], [ 105.380292134541591, 21.290435933731853 ], [ 105.380219743452471, 21.290402215257281 ], [ 105.380159286924979, 21.290323293846708 ], [ 105.380120042469215, 21.290292323980534 ], [ 105.380068776405921, 21.290272675231904 ], [ 105.379936190239476, 21.290261680482931 ], [ 105.37987891339175, 21.290247692234463 ], [ 105.379815538716599, 21.290205482747307 ], [ 105.37975508248455, 21.290126561185325 ], [ 105.379682691666588, 21.290092842474518 ], [ 105.379619404084877, 21.29008451468583 ], [ 105.378682459901157, 21.290083801073571 ], [ 105.37862518323395, 21.290069812395501 ], [ 105.378579928300596, 21.290044502676142 ], [ 105.378519472787687, 21.289965580658169 ], [ 105.378480228765071, 21.289934610401932 ], [ 105.378428963035958, 21.28991496114805 ], [ 105.37836567559313, 21.289906632885732 ], [ 105.377394104893369, 21.289913048643928 ], [ 105.377276676129668, 21.289938723295162 ], [ 105.377034441594105, 21.290050794084561 ], [ 105.376971197345071, 21.290059406190586 ], [ 105.376936512183477, 21.290043954604393 ], [ 105.376880587316847, 21.289969257091375 ], [ 105.37681721359904, 21.289927046459724 ], [ 105.376759937158496, 21.289913057143334 ], [ 105.376657492460353, 21.289907639352261 ], [ 105.376576086035698, 21.289882409957826 ], [ 105.37653684243476, 21.289851439241943 ], [ 105.376494507129038, 21.289789416947215 ], [ 105.37643113359691, 21.289747206166577 ], [ 105.376340710894752, 21.289730467309134 ], [ 105.376015344389614, 21.289731194240449 ], [ 105.375924921740591, 21.28971445515884 ], [ 105.375879667366874, 21.289689144704163 ], [ 105.375819213427093, 21.28961022168977 ], [ 105.375779970054865, 21.28957925079305 ], [ 105.375728704794639, 21.289559600709008 ], [ 105.37559611953327, 21.28954860252712 ], [ 105.375538843348394, 21.289534612790828 ], [ 105.375475470193408, 21.289492401643557 ], [ 105.37541501654907, 21.289413478477819 ], [ 105.375342627040922, 21.289379757878272 ], [ 105.375279339981873, 21.28937142844936 ], [ 105.374375546184112, 21.289373440421208 ], [ 105.374285123925304, 21.289356700452277 ], [ 105.374239869935337, 21.289331389550032 ], [ 105.374206637964107, 21.289294757920899 ], [ 105.374097668540387, 21.289091708121685 ], [ 105.374064436658756, 21.289055076462141 ], [ 105.373992047625592, 21.289021355273377 ], [ 105.373859462953646, 21.289010355714229 ], [ 105.373778057480067, 21.28898512494996 ], [ 105.373738814695372, 21.288954153566468 ], [ 105.373696480814445, 21.288892130540525 ], [ 105.37363310845204, 21.2888499186848 ], [ 105.373542686591662, 21.288833178310167 ], [ 105.372928108935128, 21.288834540607276 ], [ 105.372864822230696, 21.28882621026484 ], [ 105.372813557605639, 21.288806559281923 ], [ 105.372774315067176, 21.288775587669313 ], [ 105.372733484397841, 21.288712149316453 ], [ 105.372683637211964, 21.28865720140886 ], [ 105.372620265234048, 21.28861498916503 ], [ 105.372403099840412, 21.288513823611595 ], [ 105.372359349184592, 21.288487097119337 ], [ 105.37230499393263, 21.288436394314427 ], [ 105.372249050682115, 21.288353224752797 ], [ 105.372209808381541, 21.288322253003468 ], [ 105.372128403556772, 21.288297021429898 ], [ 105.371995819649158, 21.288286020390753 ], [ 105.37192343145216, 21.288252298297127 ], [ 105.371890200293976, 21.288215666194155 ], [ 105.371767624830937, 21.287991468609832 ], [ 105.371717778246477, 21.287936520402809 ], [ 105.371654406850396, 21.287894307783301 ], [ 105.371025543123679, 21.287603462325844 ], [ 105.370939630594421, 21.287582475350973 ], [ 105.370770896072699, 21.287571552969585 ], [ 105.370713621085613, 21.287557561570715 ], [ 105.370668368246484, 21.287532249686173 ], [ 105.370577692836932, 21.287413862238381 ], [ 105.370496203910363, 21.287354748040404 ], [ 105.369506912178494, 21.286893867659984 ], [ 105.369425508583348, 21.286868634757241 ], [ 105.369363725670368, 21.286858888034395 ], [ 105.369226634900528, 21.28685212993172 ], [ 105.369145231374034, 21.286826896892325 ], [ 105.369105990121668, 21.286795924398668 ], [ 105.369065161571584, 21.286732485110491 ], [ 105.369015316409886, 21.286677536074464 ], [ 105.368951946313601, 21.286635322412511 ], [ 105.368734786279703, 21.286534152025361 ], [ 105.368691036862444, 21.286507424555523 ], [ 105.368636683587141, 21.286456720525653 ], [ 105.368580743146381, 21.286373549684846 ], [ 105.36854150213189, 21.286342577054516 ], [ 105.368490238925702, 21.286322924728655 ], [ 105.36835765701322, 21.286311920792599 ], [ 105.368300382730567, 21.286297928560398 ], [ 105.368255130682627, 21.286272616011939 ], [ 105.368194682192666, 21.286193690148288 ], [ 105.368155441305873, 21.286162717425469 ], [ 105.368104178211766, 21.286143064980017 ], [ 105.367971596484409, 21.286132060737017 ], [ 105.367914322306049, 21.286118068371675 ], [ 105.367869070377992, 21.286092755717174 ], [ 105.367808622166834, 21.286013829709212 ], [ 105.36776938140774, 21.285982856893909 ], [ 105.367718118425714, 21.285963204328869 ], [ 105.367585536883496, 21.285952199778926 ], [ 105.367504134121674, 21.285926965932276 ], [ 105.367449781463492, 21.285876261506829 ], [ 105.367340823839641, 21.285673207080901 ], [ 105.367295488015614, 21.285614012427047 ], [ 105.367214001377988, 21.2855548965947 ], [ 105.366996844094231, 21.285453723913186 ], [ 105.366953095306343, 21.285426995979236 ], [ 105.366898743020641, 21.285376291367559 ], [ 105.366857915810272, 21.285312851514174 ], [ 105.366824686562552, 21.285276218370974 ], [ 105.36675230099209, 21.285242494003825 ], [ 105.366619720156095, 21.285231488682161 ], [ 105.366538317949988, 21.285206254358371 ], [ 105.366499077669019, 21.285175281237155 ], [ 105.36645674790158, 21.28511325630345 ], [ 105.36639337919712, 21.285071041650585 ], [ 105.36633610557169, 21.285057048738615 ], [ 105.366233664516415, 21.285051624547929 ], [ 105.366152262472596, 21.285026390034609 ], [ 105.366097910606612, 21.284975685155974 ], [ 105.365988955507788, 21.284772629797342 ], [ 105.365955726595971, 21.284735996475483 ], [ 105.365883341483851, 21.284702271725987 ], [ 105.365750761186135, 21.28469126571159 ], [ 105.365669359420167, 21.28466603095972 ], [ 105.365630119462978, 21.284635057629348 ], [ 105.365574181402039, 21.284551885737482 ], [ 105.365519829908152, 21.284501180664055 ], [ 105.365476081665378, 21.284474452335466 ], [ 105.365258927131734, 21.284373277359929 ], [ 105.365195559082153, 21.28433106224314 ], [ 105.365145716162971, 21.284276112013671 ], [ 105.365023154204678, 21.284051909220064 ], [ 105.364977819805375, 21.283992713910383 ], [ 105.364918960360342, 21.283946253658893 ], [ 105.364679181629924, 21.283832421172324 ], [ 105.364615813976442, 21.283790205828989 ], [ 105.364565971455306, 21.283735255418691 ], [ 105.364443410830248, 21.283511052169768 ], [ 105.364398076829673, 21.283451856694523 ], [ 105.364339217781364, 21.283405396231736 ], [ 105.364099440366985, 21.28329156289346 ], [ 105.364036073109574, 21.28324934732359 ], [ 105.363986230986484, 21.283194396732497 ], [ 105.363863671694602, 21.282970193028298 ], [ 105.363800221325491, 21.282894095500463 ], [ 105.363736854323719, 21.282851879812362 ], [ 105.363133657879416, 21.282570831082996 ], [ 105.363052174568168, 21.282511713167612 ], [ 105.363006841430888, 21.282452517298513 ], [ 105.362704206139156, 21.281888468472491 ], [ 105.362640756832306, 21.281812370482935 ], [ 105.362577390622604, 21.281770154341825 ], [ 105.361974200757103, 21.281489101329385 ], [ 105.361892718502844, 21.281429982830357 ], [ 105.361847386162893, 21.281370786630248 ], [ 105.361727837222631, 21.28114375129358 ], [ 105.361700455685678, 21.281033693409935 ], [ 105.361692610436521, 21.280905240786328 ], [ 105.361665311791455, 21.280829064774025 ], [ 105.361632084838021, 21.280792430553991 ], [ 105.361543089167554, 21.280740386768716 ], [ 105.361488740455599, 21.280689680331704 ], [ 105.361460021940232, 21.280648801142576 ], [ 105.361143788539479, 21.280063602167598 ], [ 105.361093948569163, 21.28000865066922 ], [ 105.360985334690596, 21.27994111935346 ], [ 105.360952108106304, 21.279904484990197 ], [ 105.360930903818272, 21.27985653083708 ], [ 105.360918550964499, 21.279732323067822 ], [ 105.36089125294211, 21.279656146910739 ], [ 105.360836904854395, 21.279605440248051 ], [ 105.360619760596663, 21.279504259085257 ], [ 105.360565412657223, 21.279453552331937 ], [ 105.360544208560697, 21.279405598124878 ], [ 105.360531856074843, 21.279281390315489 ], [ 105.360504558337453, 21.279205214087661 ], [ 105.360471332038856, 21.279168579622336 ], [ 105.360382337752682, 21.279116535194056 ], [ 105.360327990037902, 21.279065828358629 ], [ 105.36029927216245, 21.279024948954703 ], [ 105.359983046891401, 21.278439747573486 ], [ 105.359933207903282, 21.278384795707201 ], [ 105.359824595746289, 21.27831726360554 ], [ 105.359791369816804, 21.278280628997027 ], [ 105.359764072651615, 21.278204452632139 ], [ 105.359751720936202, 21.278080244737179 ], [ 105.359715407161175, 21.278012558137171 ], [ 105.35967617021511, 21.2779815833523 ], [ 105.359459029127777, 21.277880400628664 ], [ 105.359395665508501, 21.277838183234092 ], [ 105.359332219653538, 21.277762083912869 ], [ 105.359223279241803, 21.277559023795927 ], [ 105.359194561967627, 21.277518144187901 ], [ 105.359140215249568, 21.277467436945564 ], [ 105.359051222452933, 21.277415391782416 ], [ 105.359017996918539, 21.277378757011867 ], [ 105.358996793628506, 21.277330802586913 ], [ 105.358984442640931, 21.2772065946127 ], [ 105.358969250494923, 21.277152980359176 ], [ 105.358923920649744, 21.277093783307112 ], [ 105.358839436485184, 21.277037493159369 ], [ 105.358812222196335, 21.276995198526091 ], [ 105.358797030135406, 21.276941584254498 ], [ 105.358792546000714, 21.276334539806701 ], [ 105.358783282958782, 21.276241383801402 ], [ 105.358760495009946, 21.276160962380366 ], [ 105.358433680659203, 21.275551780482942 ], [ 105.358383843228893, 21.275496828117575 ], [ 105.358257118689721, 21.275412392433694 ], [ 105.358220806267383, 21.275344705471209 ], [ 105.358211625661255, 21.275285431333955 ], [ 105.358205176110786, 21.273865220627837 ], [ 105.358189984608387, 21.273811606273998 ], [ 105.358162771111452, 21.273769311508655 ], [ 105.358078289148281, 21.273713020926174 ], [ 105.358045064697535, 21.273676385932539 ], [ 105.358023862270471, 21.273628431352176 ], [ 105.358011512457182, 21.273504223236298 ], [ 105.357996321063808, 21.273450608861189 ], [ 105.357950992761332, 21.273391411499897 ], [ 105.357866511095025, 21.273335120804511 ], [ 105.357839297779464, 21.273292825982004 ], [ 105.357824106471142, 21.273239211588841 ], [ 105.357814573674574, 21.271787948429928 ], [ 105.357799382538346, 21.271734334022682 ], [ 105.357772169543424, 21.271692039176894 ], [ 105.357687688923946, 21.271635748365899 ], [ 105.35764236131098, 21.27157655089928 ], [ 105.357627170259804, 21.271522936473978 ], [ 105.357625428784559, 21.27142552911122 ], [ 105.35763281284261, 21.271364807995024 ], [ 105.357655210562825, 21.271284290446307 ], [ 105.357793106825085, 21.271007293793421 ], [ 105.357810975755712, 21.270922550575378 ], [ 105.357818195924409, 21.27079406557754 ], [ 105.357833127618775, 21.270740387193808 ], [ 105.357878168364223, 21.270680997842248 ], [ 105.357962375410423, 21.270624348785031 ], [ 105.357998358778602, 21.270556508115803 ], [ 105.358007252193545, 21.270497195527021 ], [ 105.358006514762465, 21.270192258094919 ], [ 105.357997334594643, 21.270132983904116 ], [ 105.357976132708913, 21.270085029290261 ], [ 105.357942909111827, 21.27004839424891 ], [ 105.357876543872578, 21.270009006084184 ], [ 105.357831216693441, 21.26994980865101 ], [ 105.357816025750523, 21.269896194231027 ], [ 105.357809769219514, 21.269800208195239 ], [ 105.357782474703185, 21.269724031396311 ], [ 105.357749251235873, 21.26968739631339 ], [ 105.357685905282224, 21.269650825168572 ], [ 105.357667777209684, 21.269628275572344 ], [ 105.357667749924303, 21.269616981591991 ], [ 105.357685768848469, 21.269594355266914 ], [ 105.357766969933635, 21.26954053619701 ], [ 105.357793977810005, 21.269498126207694 ], [ 105.357808909390045, 21.269444447819595 ], [ 105.357809799417083, 21.26856633440017 ], [ 105.357800537557381, 21.268473178239589 ], [ 105.357777751404001, 21.268392756587275 ], [ 105.35763852067798, 21.268116348159634 ], [ 105.357620242766643, 21.268031681647706 ], [ 105.357615489158448, 21.267934280636496 ], [ 105.357624382586437, 21.267874968049583 ], [ 105.357645352140651, 21.267826923873166 ], [ 105.357678397813885, 21.267790148103032 ], [ 105.357762603311599, 21.26773349914837 ], [ 105.357789610867883, 21.267691089155324 ], [ 105.357804542277776, 21.26763741075867 ], [ 105.357803000251252, 21.266999300703809 ], [ 105.357787809638396, 21.266945686258147 ], [ 105.357760597548904, 21.266903391374061 ], [ 105.357676119695469, 21.2668471004868 ], [ 105.357642896911145, 21.266810465360962 ], [ 105.35762169563256, 21.266762510675331 ], [ 105.357609346821377, 21.266638302416208 ], [ 105.357594156317489, 21.26658468794929 ], [ 105.357566944350836, 21.266542393030416 ], [ 105.357482466777626, 21.266486102039721 ], [ 105.357449244123032, 21.266449466872334 ], [ 105.357428042960336, 21.266401512158676 ], [ 105.357418863282973, 21.266342237903189 ], [ 105.35742171870983, 21.266277291100359 ], [ 105.35744864431409, 21.266200999201438 ], [ 105.357481689680398, 21.266164223467229 ], [ 105.357565894340254, 21.266107574611929 ], [ 105.357592901664276, 21.266065164645621 ], [ 105.357607832991249, 21.266011486257383 ], [ 105.357607415358956, 21.264591261099177 ], [ 105.357625283680747, 21.264506517845877 ], [ 105.357652290702958, 21.264464107866385 ], [ 105.357691373565316, 21.264432966298926 ], [ 105.357908002273263, 21.264330859991219 ], [ 105.35797115487587, 21.264288373197409 ], [ 105.358034225524847, 21.264212004418859 ], [ 105.358142170898518, 21.264008482254727 ], [ 105.358170687164531, 21.263967480741051 ], [ 105.358224782646147, 21.263916542566683 ], [ 105.358313514197278, 21.26386411898666 ], [ 105.358346558833887, 21.263827343083079 ], [ 105.358373483534066, 21.263751051027288 ], [ 105.358380702964482, 21.263622565908122 ], [ 105.358398570734437, 21.263537822571024 ], [ 105.358418029965208, 21.263488369740159 ], [ 105.358525974295944, 21.263284847327668 ], [ 105.358536417600533, 21.263243884195592 ], [ 105.358518221846992, 21.263193099694796 ], [ 105.358441293229305, 21.263143851864811 ], [ 105.358429217424316, 21.263132583499779 ], [ 105.358423138521772, 21.263110008334738 ], [ 105.358441156553312, 21.263087381924258 ], [ 105.358546423407773, 21.26302221725501 ], [ 105.358609493227874, 21.262945848261545 ], [ 105.359101234293618, 21.262018689463311 ], [ 105.359134114009365, 21.261914149472954 ], [ 105.359142924344255, 21.261820954810496 ], [ 105.359138898667723, 21.260160738267615 ], [ 105.359147791067471, 21.260101425560958 ], [ 105.359168759064204, 21.260053381173339 ], [ 105.359201802650716, 21.260016605100525 ], [ 105.359281495375271, 21.259964200280059 ], [ 105.359299444408876, 21.259913338798388 ], [ 105.359288802920076, 21.259872420550316 ], [ 105.359169275767115, 21.259645382518507 ], [ 105.359146490308774, 21.259564960958539 ], [ 105.359137228263393, 21.259471804776119 ], [ 105.359136488925543, 21.259166866983193 ], [ 105.359127309060867, 21.259107592773333 ], [ 105.359091000362213, 21.259039905816859 ], [ 105.358988413293417, 21.258966712986087 ], [ 105.358961202366885, 21.258924418240053 ], [ 105.358946012211661, 21.258870803841766 ], [ 105.358940215634462, 21.257721646371728 ], [ 105.35893095385255, 21.25762849015419 ], [ 105.358908168850959, 21.2575480685366 ], [ 105.358788644209994, 21.257321030137653 ], [ 105.358761351595803, 21.257244853359396 ], [ 105.358747582223586, 21.257155941987659 ], [ 105.358745259151462, 21.256818537063808 ], [ 105.358736079603645, 21.256759262811912 ], [ 105.358699771675248, 21.256691575741694 ], [ 105.358597186440903, 21.256618382626755 ], [ 105.358560878611058, 21.256550695524112 ], [ 105.358551699155171, 21.256491421259017 ], [ 105.358550961136245, 21.256186483338734 ], [ 105.358532684286686, 21.256101816792821 ], [ 105.358487361193809, 21.256042619382303 ], [ 105.358398381618443, 21.255990573557202 ], [ 105.358344043188524, 21.255939865813392 ], [ 105.358177695323619, 21.255655044390544 ], [ 105.358123357093007, 21.25560433657078 ], [ 105.358034377908155, 21.255552290545335 ], [ 105.357989055183864, 21.255493092991816 ], [ 105.357970778746378, 21.255408426372298 ], [ 105.357970041964336, 21.255103488393441 ], [ 105.35795176558932, 21.255018821767131 ], [ 105.357924555699341, 21.254976526819579 ], [ 105.357797849164498, 21.254892090333847 ], [ 105.35773441414203, 21.254815990053963 ], [ 105.357238221601719, 21.253890929322377 ], [ 105.357218524930488, 21.253841559543712 ], [ 105.357197162348967, 21.253725840689977 ], [ 105.357194189556381, 21.253117379488693 ], [ 105.35717591388655, 21.253032712748681 ], [ 105.357148704589889, 21.252990417657713 ], [ 105.357064234983653, 21.252934126256072 ], [ 105.357031015524399, 21.252897490903251 ], [ 105.357009816506249, 21.252849536030887 ], [ 105.356997469554315, 21.252725327498901 ], [ 105.356982280778524, 21.252671712865371 ], [ 105.356955071604574, 21.252629417739648 ], [ 105.356870602278335, 21.252573126234665 ], [ 105.356837382948726, 21.252536490840313 ], [ 105.35681618404638, 21.252488535939939 ], [ 105.356803837291451, 21.25236432738577 ], [ 105.356788648624544, 21.252310712731006 ], [ 105.35676143957329, 21.252268417570512 ], [ 105.356676970527062, 21.252212125962188 ], [ 105.35664375132707, 21.252175490526309 ], [ 105.356622552540514, 21.252127535597939 ], [ 105.356610205982605, 21.252003327021583 ], [ 105.356595017424581, 21.251949712345578 ], [ 105.356567808496038, 21.251907417150317 ], [ 105.356483339729792, 21.251851125438659 ], [ 105.356438018774369, 21.25179192741761 ], [ 105.356419743710902, 21.251707260573976 ], [ 105.356419010261362, 21.251402322409636 ], [ 105.35640983201246, 21.251343047975261 ], [ 105.356373526505706, 21.251275360327035 ], [ 105.356289058175832, 21.251219068507734 ], [ 105.356243737494552, 21.251159870426225 ], [ 105.356228549159923, 21.251106255708788 ], [ 105.356216121585135, 21.250948165061356 ], [ 105.356182739911063, 21.250843765479924 ], [ 105.355866592745699, 21.250258553345347 ], [ 105.35581676491708, 21.250203599923314 ], [ 105.355690063682914, 21.250119161731636 ], [ 105.355653758811215, 21.250051473909817 ], [ 105.355644499649458, 21.249958317391378 ], [ 105.355662367466394, 21.249873574208461 ], [ 105.355689372455004, 21.249831164499611 ], [ 105.355773568630582, 21.249774516550968 ], [ 105.355818603969993, 21.249715127680425 ], [ 105.355833534389248, 21.249661449359632 ], [ 105.355840755533393, 21.249532964113733 ], [ 105.355858623190386, 21.249448220908057 ], [ 105.355878081498403, 21.249398768302058 ], [ 105.355986019388837, 21.249195247272052 ], [ 105.356012942772182, 21.249118955481524 ], [ 105.35602771027564, 21.248997513081893 ], [ 105.356023891301419, 21.248661522636507 ], [ 105.355996601767814, 21.248585345290188 ], [ 105.355963383561203, 21.248548709690784 ], [ 105.355878916954538, 21.248492417623861 ], [ 105.355842612407599, 21.248424729825292 ], [ 105.355833434592213, 21.248365455332834 ], [ 105.355828965344728, 21.247758408570416 ], [ 105.355801676084511, 21.247682231180679 ], [ 105.355768458131465, 21.247645595535435 ], [ 105.355683992117449, 21.247589303356612 ], [ 105.355647687886673, 21.247521615504493 ], [ 105.355638510210753, 21.24746234099322 ], [ 105.355637128156545, 21.24688634633473 ], [ 105.355618854198951, 21.246801679340258 ], [ 105.355591646515109, 21.246759383944557 ], [ 105.355507181077257, 21.246703091663246 ], [ 105.355473963419371, 21.246666455951654 ], [ 105.35545276582549, 21.246618500828596 ], [ 105.355440420779345, 21.246494292065456 ], [ 105.355425233239259, 21.246440677235281 ], [ 105.355398025678099, 21.246398381804831 ], [ 105.355313560520131, 21.246342089420224 ], [ 105.355280342991833, 21.24630545366713 ], [ 105.355259145513699, 21.246257498516083 ], [ 105.355246800664474, 21.246133289730775 ], [ 105.355219512014514, 21.246057112223799 ], [ 105.355165178352763, 21.246006403329478 ], [ 105.354926971297104, 21.245891140557841 ], [ 105.354893753965982, 21.245854504723894 ], [ 105.354872556678956, 21.245806549519049 ], [ 105.354863379429474, 21.245747274947743 ], [ 105.354861351622162, 21.244900223722201 ], [ 105.354846002250355, 21.244778844722283 ], [ 105.354818714065772, 21.244702667131882 ], [ 105.354709804834641, 21.24449960287463 ], [ 105.354690110299074, 21.24445023271646 ], [ 105.354671837203284, 21.244365565583198 ], [ 105.354664000497536, 21.244237111961787 ], [ 105.354648813481461, 21.244183497040218 ], [ 105.354603495644398, 21.244124298429316 ], [ 105.354519032091417, 21.244068005609286 ], [ 105.354482729276711, 21.244000317458678 ], [ 105.354473552306089, 21.243941042849755 ], [ 105.354472823153856, 21.243636104340204 ], [ 105.35445455028956, 21.243551437172115 ], [ 105.35440923272651, 21.243492238500803 ], [ 105.35432476960969, 21.243435945573221 ], [ 105.354288467042394, 21.243368257372335 ], [ 105.354279290192437, 21.243308982746775 ], [ 105.354280203456355, 21.242430866339706 ], [ 105.354307126548875, 21.242354574765379 ], [ 105.354340167481013, 21.242317799606823 ], [ 105.354424359960973, 21.24226115233397 ], [ 105.354460338280191, 21.242193312266206 ], [ 105.354469231593441, 21.242133999669075 ], [ 105.354468502518131, 21.241829061094101 ], [ 105.354459325701413, 21.241769786467227 ], [ 105.354438129159178, 21.24172183117448 ], [ 105.354404912897948, 21.241685195211428 ], [ 105.354320450823195, 21.241628902255233 ], [ 105.354293244479393, 21.241586606605722 ], [ 105.354278057883633, 21.24153299162829 ], [ 105.354273595656849, 21.2409259442421 ], [ 105.354268926359168, 21.240862424850338 ], [ 105.354250653978013, 21.240777757625981 ], [ 105.354230960108666, 21.240728387383424 ], [ 105.353917847712836, 21.240140340655557 ], [ 105.353895068260925, 21.240059918118313 ], [ 105.353882644285932, 21.239901827044612 ], [ 105.353867458020332, 21.239848212015044 ], [ 105.353840252139435, 21.239805916277206 ], [ 105.353713560988894, 21.239721476356774 ], [ 105.353650134655879, 21.239645374283608 ], [ 105.353143421871067, 21.238696321064307 ], [ 105.353126733553353, 21.238644120860524 ], [ 105.353112969460071, 21.23855520876149 ], [ 105.353110014727989, 21.23794674615765 ], [ 105.35310083871812, 21.23788747141873 ], [ 105.353064538104135, 21.237819782883278 ], [ 105.352937849100996, 21.237735342330634 ], [ 105.352874424027206, 21.237659239930547 ], [ 105.352765522766063, 21.237456174139474 ], [ 105.352745829847152, 21.237406803691094 ], [ 105.352727558790249, 21.237322136249094 ], [ 105.352719724236707, 21.237193682401688 ], [ 105.352704538682801, 21.237140067240546 ], [ 105.352677333639761, 21.237097771290063 ], [ 105.352592874847886, 21.237041477392761 ], [ 105.352547560051136, 21.236982278137628 ], [ 105.352529289163229, 21.236897610667604 ], [ 105.352528564274039, 21.236592671839464 ], [ 105.352519388588448, 21.236533397055023 ], [ 105.352483088579149, 21.236465708375313 ], [ 105.352401648508973, 21.236412231587966 ], [ 105.352383525378229, 21.236389681266822 ], [ 105.352389494856851, 21.236367080623893 ], [ 105.352463167731571, 21.236320338619372 ], [ 105.352488695649072, 21.236290638307675 ], [ 105.352496140694413, 21.236255328729744 ], [ 105.352473402904863, 21.236191846991765 ], [ 105.352419073837098, 21.236141137090186 ], [ 105.35236783017146, 21.236121479467862 ], [ 105.352304567068543, 21.236113141016297 ], [ 105.351401095915833, 21.236115025174072 ], [ 105.351337872998542, 21.236123627408659 ], [ 105.351286723110121, 21.236143498571366 ], [ 105.351247646243991, 21.236174638673205 ], [ 105.351220642399099, 21.23621704772243 ], [ 105.351201184189293, 21.23626649986576 ], [ 105.351183315331326, 21.23635124272511 ], [ 105.351179670512877, 21.236719719941412 ], [ 105.35118892591413, 21.236812876901389 ], [ 105.351211703377416, 21.236893299862277 ], [ 105.35133119952701, 21.237120344572531 ], [ 105.351358484471405, 21.237196522839799 ], [ 105.351372247375963, 21.237285435112629 ], [ 105.35137455265162, 21.237622841156462 ], [ 105.351383808240442, 21.237715998093325 ], [ 105.351406585955459, 21.237796421015918 ], [ 105.351526083150816, 21.238023465549663 ], [ 105.351553368368343, 21.238099643773573 ], [ 105.351567131481872, 21.238188556018237 ], [ 105.351569437247392, 21.238525962017032 ], [ 105.351578693023811, 21.238619118930778 ], [ 105.351601470990559, 21.238699541815077 ], [ 105.351720969231792, 21.238926586172287 ], [ 105.351748254722438, 21.239002764352851 ], [ 105.351762018044965, 21.239091676569331 ], [ 105.35176432430039, 21.239429082523085 ], [ 105.351773499882299, 21.239488357330007 ], [ 105.351809800331864, 21.239556046132428 ], [ 105.351912370336393, 21.239629243736157 ], [ 105.351948670884397, 21.239696932506206 ], [ 105.351957846558108, 21.239756207299969 ], [ 105.351962299193289, 21.240363254963945 ], [ 105.351989585083359, 21.240439433087143 ], [ 105.352022800471275, 21.240476069543408 ], [ 105.352107261028223, 21.240532363679065 ], [ 105.352143561892177, 21.240600052395646 ], [ 105.352152737705211, 21.240659327170615 ], [ 105.352157191223824, 21.241266374753156 ], [ 105.352184477387084, 21.241342552832993 ], [ 105.352217693028422, 21.241379189243489 ], [ 105.352302154177721, 21.241435483267377 ], [ 105.352338455357611, 21.241503171930464 ], [ 105.352347631310039, 21.241562446686647 ], [ 105.35235208571217, 21.242169494187756 ], [ 105.352379372148619, 21.242245672224218 ], [ 105.352412588043393, 21.242282308588944 ], [ 105.352497049785072, 21.242338602501043 ], [ 105.352533351280954, 21.24240629111064 ], [ 105.352542527372719, 21.242465565848036 ], [ 105.352546982658481, 21.243072613267685 ], [ 105.352574269368148, 21.24314879126079 ], [ 105.352607485516344, 21.243185427579736 ], [ 105.35269194785046, 21.243241721380038 ], [ 105.352728249662349, 21.243309409936149 ], [ 105.352737425893494, 21.243368684654744 ], [ 105.352741882062944, 21.243975731992933 ], [ 105.352769169045857, 21.244051909942662 ], [ 105.352802385447504, 21.244088546215828 ], [ 105.352886848374084, 21.244144839904322 ], [ 105.352923150501979, 21.244212528406948 ], [ 105.352932326872519, 21.244271803106741 ], [ 105.352936783925756, 21.24487885036346 ], [ 105.352964071181916, 21.244955028269807 ], [ 105.352997287837042, 21.244991664497192 ], [ 105.353081751356115, 21.245047958073869 ], [ 105.353118053800046, 21.245115646522983 ], [ 105.353127230309994, 21.245174921203986 ], [ 105.353128602489264, 21.245750916136135 ], [ 105.353137779046762, 21.245810190811497 ], [ 105.353174081708289, 21.245877879239504 ], [ 105.353258545803413, 21.245934172713774 ], [ 105.353303863673872, 21.245993371673162 ], [ 105.353322136206089, 21.246078038946447 ], [ 105.353322863083051, 21.246382977405787 ], [ 105.353332039761199, 21.246442252064526 ], [ 105.353368342670151, 21.246509940442259 ], [ 105.353470918295031, 21.246583136960339 ], [ 105.353507221302465, 21.246650825305682 ], [ 105.353516398072472, 21.246710099951244 ], [ 105.353518708713608, 21.247047505519813 ], [ 105.353532473919003, 21.247136417482064 ], [ 105.3535597619138, 21.247212595261633 ], [ 105.353668671633699, 21.247415660190562 ], [ 105.353702050734043, 21.2475200603476 ], [ 105.353711308499797, 21.247613217018763 ], [ 105.353712036235052, 21.247918155409788 ], [ 105.353727385045872, 21.248039534476277 ], [ 105.353754673313986, 21.248115712212456 ], [ 105.353874182647886, 21.248342754639705 ], [ 105.353901551955047, 21.248452814387623 ], [ 105.353910186025431, 21.250176553513977 ], [ 105.353919363196951, 21.250235828107598 ], [ 105.353940560833749, 21.250283783402601 ], [ 105.35397377894239, 21.250320419394527 ], [ 105.354040134263585, 21.250359809325829 ], [ 105.354073352413877, 21.25039644529722 ], [ 105.354094550123989, 21.250444400570935 ], [ 105.354103727387397, 21.250503675151389 ], [ 105.354117906675341, 21.255176564305753 ], [ 105.354145196515859, 21.255252741893266 ], [ 105.354178415807965, 21.255289377807085 ], [ 105.354262885697892, 21.255345670635425 ], [ 105.354299191274691, 21.255413358705088 ], [ 105.354308368959153, 21.255472633234117 ], [ 105.354309098218636, 21.255777571321374 ], [ 105.354327372618741, 21.255862238362887 ], [ 105.354372694010905, 21.255921436917163 ], [ 105.354457164337305, 21.25597772963788 ], [ 105.354493470161685, 21.256045417657241 ], [ 105.354502647966882, 21.256104692169629 ], [ 105.354503377650033, 21.256409630227616 ], [ 105.354521652244571, 21.25649429723909 ], [ 105.354548861457516, 21.256536592737991 ], [ 105.354633332203917, 21.256592885360515 ], [ 105.3546786539452, 21.256652083822591 ], [ 105.354693842321723, 21.256705698644367 ], [ 105.354698593531424, 21.256803099899411 ], [ 105.354712360442605, 21.256892011640186 ], [ 105.354739650917281, 21.256968189107322 ], [ 105.354848569625176, 21.257171252917015 ], [ 105.354868265971447, 21.257220622957998 ], [ 105.354886540881324, 21.257305289917475 ], [ 105.354894378651323, 21.25743374331762 ], [ 105.354909567190262, 21.257487358112797 ], [ 105.354954889320084, 21.257546556488968 ], [ 105.355039360799537, 21.257602848891093 ], [ 105.355075667298053, 21.25767053676276 ], [ 105.355084845446711, 21.257729811227392 ], [ 105.355085576389527, 21.258034749207347 ], [ 105.355103851531055, 21.258119416131972 ], [ 105.355131061214621, 21.258161711522273 ], [ 105.355215533114134, 21.258218003826176 ], [ 105.35526085559313, 21.258277202110133 ], [ 105.355276044355534, 21.258330816863864 ], [ 105.355280796016928, 21.25842821807769 ], [ 105.355294563443337, 21.25851712974681 ], [ 105.355321854528626, 21.258593307096671 ], [ 105.355430775259038, 21.258796370463241 ], [ 105.355450472022994, 21.258845740420959 ], [ 105.355468747479904, 21.258930407293573 ], [ 105.355476585862789, 21.259058860633672 ], [ 105.355491774787623, 21.259112475360801 ], [ 105.355537097655201, 21.259171673558839 ], [ 105.355621570287852, 21.25922796564231 ], [ 105.355657877460558, 21.259295653366259 ], [ 105.355667055952765, 21.259354927783114 ], [ 105.355667788155444, 21.259659865685013 ], [ 105.35568606384409, 21.259744532522763 ], [ 105.355713273998319, 21.259786827804447 ], [ 105.355797747051056, 21.259843119789672 ], [ 105.355843070267838, 21.259902317895474 ], [ 105.355858259416181, 21.25995593258115 ], [ 105.355863011529337, 21.260053333753731 ], [ 105.355876779471089, 21.260142245351197 ], [ 105.355904071167046, 21.260218422583744 ], [ 105.356012993920231, 21.260421485507109 ], [ 105.356032691101902, 21.260470855381552 ], [ 105.356050967105972, 21.260555522167284 ], [ 105.356058806101828, 21.260683975447318 ], [ 105.356073995412615, 21.26073759010638 ], [ 105.356119319018035, 21.260796788126243 ], [ 105.356203792803996, 21.26085307989101 ], [ 105.356231003313425, 21.260895375078629 ], [ 105.356246192709207, 21.260948989719658 ], [ 105.356280014607606, 21.273753538992079 ], [ 105.356271120324351, 21.273812851479299 ], [ 105.356250149504532, 21.273860895468829 ], [ 105.356217102140917, 21.273897670956448 ], [ 105.356150925837355, 21.273937339983174 ], [ 105.356117878432016, 21.273974115451587 ], [ 105.356096907540135, 21.274022159422142 ], [ 105.356088013168929, 21.274081471899059 ], [ 105.356098529729252, 21.278452239603521 ], [ 105.356107709707615, 21.278511513842847 ], [ 105.356128912242539, 21.278559468635549 ], [ 105.356183258351351, 21.278610176851764 ], [ 105.356400398345372, 21.278711363805947 ], [ 105.356481876933302, 21.278770485033167 ], [ 105.356527206336466, 21.278829682737168 ], [ 105.356649751066229, 21.279053892095845 ], [ 105.356719207396281, 21.27912433268385 ], [ 105.356762952496183, 21.279151063348912 ], [ 105.357366123160361, 21.279432135376901 ], [ 105.357429486902689, 21.279474353525512 ], [ 105.357479325346404, 21.279529306133472 ], [ 105.357601872104141, 21.279753514752436 ], [ 105.357647202257994, 21.279812712137602 ], [ 105.357706057795127, 21.279859175008959 ], [ 105.357945824832157, 21.279973017644355 ], [ 105.358009188970499, 21.280015235566591 ], [ 105.358059027812146, 21.2800701879939 ], [ 105.358181575902663, 21.280294396158052 ], [ 105.358226906455116, 21.280353593377811 ], [ 105.358285762388917, 21.280400056038022 ], [ 105.358525530741872, 21.280513897822249 ], [ 105.358588895276228, 21.280556115518088 ], [ 105.358638734515836, 21.280611067764742 ], [ 105.358761283939188, 21.280835275474026 ], [ 105.358806614890256, 21.280894472528352 ], [ 105.358865471220724, 21.280940934977405 ], [ 105.359105240889647, 21.281054775910409 ], [ 105.359168605820031, 21.281096993379848 ], [ 105.359218445457628, 21.281151945445817 ], [ 105.359340996213845, 21.281376152700179 ], [ 105.359386327563541, 21.281435349589074 ], [ 105.359445184290692, 21.28148181182695 ], [ 105.359684955275625, 21.28159565190867 ], [ 105.359748320602037, 21.281637869151684 ], [ 105.359798160637624, 21.281692821036966 ], [ 105.359920712726776, 21.281917027836364 ], [ 105.359966044475129, 21.281976224559806 ], [ 105.360024901598962, 21.28202268658649 ], [ 105.360264673899906, 21.28213652581687 ], [ 105.360303912082827, 21.282167500432053 ], [ 105.360340227175428, 21.282235186853601 ], [ 105.360352579787303, 21.282359394632376 ], [ 105.360379878055014, 21.282435570849241 ], [ 105.360413105077996, 21.282472205308348 ], [ 105.360521720578106, 21.282539736950227 ], [ 105.36057156120647, 21.282594688592383 ], [ 105.361081481594582, 21.283540881813931 ], [ 105.36114493086464, 21.283616980376223 ], [ 105.361253547540116, 21.283684511520274 ], [ 105.361286775062169, 21.283721145794541 ], [ 105.361307980038973, 21.283769099871392 ], [ 105.361320333611104, 21.283893307543277 ], [ 105.361335527337161, 21.283946921520045 ], [ 105.361362743651455, 21.283989215682432 ], [ 105.361447232767773, 21.284045504448223 ], [ 105.361480460419685, 21.284082138680873 ], [ 105.361501665512534, 21.284130092729665 ], [ 105.361514019282112, 21.284254300379281 ], [ 105.361529213117279, 21.284307914334754 ], [ 105.36155642955454, 21.284350208462307 ], [ 105.36164091895138, 21.284406497124525 ], [ 105.361674146733179, 21.284443131315559 ], [ 105.361701446079792, 21.28451930728427 ], [ 105.361713800054673, 21.284643514910652 ], [ 105.36175011641356, 21.284711200990529 ], [ 105.36178935559353, 21.284742175236044 ], [ 105.362006508372659, 21.284843354707359 ], [ 105.362069875753519, 21.284885571031463 ], [ 105.362119717753998, 21.284940522180754 ], [ 105.362242276104354, 21.285164727116261 ], [ 105.362275504206508, 21.285201361180793 ], [ 105.362347888767431, 21.285235087487376 ], [ 105.362480469343723, 21.285246096176774 ], [ 105.362561870911648, 21.285271332471584 ], [ 105.362601110408988, 21.285302306521345 ], [ 105.36265704710506, 21.285385479413282 ], [ 105.36271139796257, 21.285436185414774 ], [ 105.362755146004758, 21.285462914461622 ], [ 105.362972300490327, 21.28556409265439 ], [ 105.363035668453008, 21.285606308603132 ], [ 105.363099119619562, 21.285682406383572 ], [ 105.363221680075767, 21.285906610556616 ], [ 105.363291142761085, 21.285977048287091 ], [ 105.363334891067154, 21.286003777177829 ], [ 105.363938101986591, 21.286284824866378 ], [ 105.364001470531107, 21.286327040439716 ], [ 105.364064922503815, 21.286403137838214 ], [ 105.364187485027472, 21.286627341259681 ], [ 105.364256948510274, 21.286697778574311 ], [ 105.364300697202069, 21.286724507206298 ], [ 105.364926538717583, 21.287018208070208 ], [ 105.36498539940311, 21.287064668284565 ], [ 105.365057952727454, 21.287166157082883 ], [ 105.365097193247152, 21.287197130529368 ], [ 105.365148456324377, 21.287216783888287 ], [ 105.365281038851805, 21.287227790341692 ], [ 105.365362441971541, 21.287253025254291 ], [ 105.3654167944389, 21.287303730348228 ], [ 105.365525750679708, 21.287506786000669 ], [ 105.365580103296864, 21.287557491038225 ], [ 105.36563136656153, 21.287577144246569 ], [ 105.36576394944214, 21.287588150314107 ], [ 105.36584535283977, 21.287613384988141 ], [ 105.365884593641539, 21.287644358245405 ], [ 105.365940533073328, 21.287727529984355 ], [ 105.365994885912855, 21.287778234883483 ], [ 105.366038635234105, 21.287804963051418 ], [ 105.366664484701801, 21.288098657302843 ], [ 105.366723346358825, 21.288145116889666 ], [ 105.366795901405609, 21.288246604901353 ], [ 105.366835142572967, 21.288277577929481 ], [ 105.366886406249279, 21.28829723074805 ], [ 105.367018989853449, 21.288308235815787 ], [ 105.367100393853605, 21.288333469872114 ], [ 105.367154747310707, 21.288384174384252 ], [ 105.367263706739365, 21.288587228840225 ], [ 105.367318060346278, 21.288637933295973 ], [ 105.367369324210046, 21.288657585963946 ], [ 105.367501908167355, 21.288668590645766 ], [ 105.367559183300642, 21.288682583133436 ], [ 105.367604435976702, 21.288707895852756 ], [ 105.367664885204846, 21.28878682189448 ], [ 105.367704126696069, 21.288817794713406 ], [ 105.367755390671917, 21.288837447261781 ], [ 105.367887974814408, 21.288848451636614 ], [ 105.367969379254774, 21.288873685264761 ], [ 105.368008620831944, 21.288904658011141 ], [ 105.368081177132751, 21.289006145441718 ], [ 105.368162666034181, 21.28906526079772 ], [ 105.371468407347166, 21.290605278031002 ], [ 105.371549898467151, 21.290664391703881 ], [ 105.371622458056237, 21.29076587753929 ], [ 105.371661700893014, 21.29079684940886 ], [ 105.371712966065203, 21.290816500730006 ], [ 105.371845552227228, 21.2908275019557 ], [ 105.371902828586514, 21.290841492944036 ], [ 105.371948082653418, 21.290866804469001 ], [ 105.372008535075409, 21.290945728884441 ], [ 105.372047778039914, 21.290976700661492 ], [ 105.372099043324212, 21.290996351862997 ], [ 105.372231629671361, 21.291007352781637 ], [ 105.372288906134926, 21.291021343636778 ], [ 105.372334160321728, 21.291046655055659 ], [ 105.372394613022593, 21.2911255793267 ], [ 105.372433856114796, 21.291156551011213 ], [ 105.37248512151119, 21.291176202093073 ], [ 105.372617708043464, 21.291187202704663 ], [ 105.37269911454689, 21.291212434008486 ], [ 105.372753470968064, 21.291263136652553 ], [ 105.372862440210611, 21.291466187273144 ], [ 105.372916796781638, 21.291516889860766 ], [ 105.372968062365459, 21.291536540791967 ], [ 105.373100649250844, 21.291547541017486 ], [ 105.373157926001767, 21.291561531571812 ], [ 105.373203180500269, 21.291586842750885 ], [ 105.373263633885387, 21.291665766694798 ], [ 105.373302877301469, 21.291696738169986 ], [ 105.373354142997385, 21.291716388981534 ], [ 105.373486730067896, 21.291727388899979 ], [ 105.373568137011503, 21.291752619775458 ], [ 105.373607380513533, 21.291783591178078 ], [ 105.37366332585033, 21.291866760224323 ], [ 105.373717682841161, 21.29191746254477 ], [ 105.373761434761803, 21.291944188654696 ], [ 105.374387316743508, 21.292237853575966 ], [ 105.374446182450981, 21.292284310380619 ], [ 105.37451874482035, 21.292385794907442 ], [ 105.374557988688039, 21.292416766080752 ], [ 105.374609254795573, 21.292436416502298 ], [ 105.374741842589401, 21.292447415420472 ], [ 105.374799119836226, 21.29246140540754 ], [ 105.374844374886251, 21.292486716134562 ], [ 105.374904829513397, 21.292565639462424 ], [ 105.374968203840908, 21.292607850792102 ], [ 105.375025481170269, 21.292621840700662 ], [ 105.375194221703524, 21.292632758722398 ], [ 105.375305770885774, 21.292663568562975 ], [ 105.376295119017641, 21.293124413723174 ], [ 105.37633887175366, 21.293151139147298 ], [ 105.376408344056699, 21.293221571264954 ], [ 105.376530930966894, 21.293445765164233 ], [ 105.376576272899214, 21.293504957187039 ], [ 105.376657767637155, 21.293564068313568 ], [ 105.376874943323941, 21.293665228166148 ], [ 105.376914188019995, 21.293696198773187 ], [ 105.376941410587989, 21.293738490277555 ], [ 105.376959702940084, 21.293823154228402 ], [ 105.37696048035761, 21.294128090155269 ], [ 105.376969669753763, 21.29418736301206 ], [ 105.377005995456429, 21.294255045588912 ], [ 105.377108616008684, 21.294328226655868 ], [ 105.377135838751187, 21.294370518123074 ], [ 105.377151039326392, 21.294424130506908 ], [ 105.377156292010014, 21.295302226175057 ], [ 105.377165481565427, 21.295361499010671 ], [ 105.377201807654572, 21.295429181530245 ], [ 105.377241052892259, 21.295460152046655 ], [ 105.377308937473231, 21.295498117104685 ], [ 105.377363297050351, 21.295548818187971 ], [ 105.377392022877956, 21.295589694486242 ], [ 105.377501001728504, 21.295792741859096 ], [ 105.377555361480489, 21.295843442876006 ], [ 105.377606629166834, 21.295863092353283 ], [ 105.377739220221002, 21.295874088857428 ], [ 105.377796499067188, 21.295888077795119 ], [ 105.377841755675476, 21.295913387682948 ], [ 105.377902213316389, 21.295992309857908 ], [ 105.377941458849506, 21.296023280204558 ], [ 105.377992726647946, 21.296042929562141 ], [ 105.378056016704463, 21.296051257919846 ], [ 105.381886770358676, 21.296044022650108 ], [ 105.381951563352686, 21.296050934383143 ], [ 105.382037482290386, 21.296071915621326 ], [ 105.382333070600808, 21.296201125278049 ], [ 105.382423497896085, 21.296217860834815 ], [ 105.382560597777868, 21.296224608046369 ], [ 105.382642008684599, 21.296249834460507 ], [ 105.38268125526109, 21.296280803685246 ], [ 105.382737207395408, 21.296363969570251 ], [ 105.382791569127662, 21.296414668862742 ], [ 105.382835323993049, 21.296441392555842 ], [ 105.383052508031014, 21.296542544277607 ], [ 105.383091754770604, 21.296573513403096 ], [ 105.38312808385831, 21.296641194588993 ], [ 105.383140456986553, 21.296765400185119 ], [ 105.38316776971358, 21.296841572365825 ], [ 105.383201005602729, 21.296878202134838 ], [ 105.383290018509229, 21.296930234118182 ], [ 105.383344380639571, 21.296980933222748 ], [ 105.38337310838854, 21.297021808464446 ], [ 105.383482096476996, 21.297224851791697 ], [ 105.383527442345212, 21.297284041856656 ], [ 105.383608941913863, 21.297343149518692 ], [ 105.383848756844401, 21.297456954324765 ], [ 105.383924245683161, 21.297521722525051 ], [ 105.383952973698413, 21.297562597661166 ], [ 105.384255722474066, 21.298126605576865 ], [ 105.384301068931279, 21.298185795418231 ], [ 105.384359940094939, 21.29823224864138 ], [ 105.384599757039354, 21.298346052334942 ], [ 105.384663136578652, 21.298388259907238 ], [ 105.384712991498262, 21.298443204088908 ], [ 105.384835595363725, 21.298667391547891 ], [ 105.38488094222005, 21.298726581223214 ], [ 105.384939813780733, 21.298773034234557 ], [ 105.385179632041883, 21.29888683707458 ], [ 105.385243011977508, 21.298929044419797 ], [ 105.385292867295547, 21.298983988420151 ], [ 105.385415472495879, 21.299208175422265 ], [ 105.385460819751344, 21.299267364931538 ], [ 105.385519691709064, 21.299313817731047 ], [ 105.385759511286949, 21.29942761971747 ], [ 105.385822891618943, 21.299469826835601 ], [ 105.385872747335412, 21.299524770654635 ], [ 105.385995353870655, 21.299748957199832 ], [ 105.38604070152526, 21.299808146543032 ], [ 105.38609957388006, 21.299854599130697 ], [ 105.386339394774694, 21.299968400263467 ], [ 105.386402775503058, 21.300010607154483 ], [ 105.386452631617985, 21.300065550792183 ], [ 105.386575239488195, 21.300289736880416 ], [ 105.386620587541955, 21.300348926057534 ], [ 105.38667946029382, 21.300395378433336 ], [ 105.386919282505261, 21.300509178712389 ], [ 105.386982663629979, 21.300551385376281 ], [ 105.387032520143393, 21.300606328832632 ], [ 105.387155129348628, 21.30083051446384 ], [ 105.387200477801571, 21.300889703474866 ], [ 105.387259350950501, 21.300936155638794 ], [ 105.387499174478776, 21.301049955064073 ], [ 105.387580677704804, 21.301109060720918 ], [ 105.387626026413571, 21.301168249611425 ], [ 105.387928796713311, 21.30173225035416 ], [ 105.387962034886655, 21.301768879127202 ], [ 105.388034433294905, 21.301802594115813 ], [ 105.388167030319039, 21.3018135823054 ], [ 105.388248445230388, 21.301838805929812 ], [ 105.388287694463074, 21.3018697737864 ], [ 105.388360271050033, 21.301971252017371 ], [ 105.388441775127632, 21.30203035723774 ], [ 105.388658971155166, 21.302131501475063 ], [ 105.388770530192332, 21.302162302207417 ], [ 105.388869978234638, 21.302170542919775 ], [ 105.389195371626215, 21.302169790730627 ], [ 105.389324963586347, 21.302183608442604 ], [ 105.389406378890513, 21.302208831499595 ], [ 105.389623575820906, 21.302309974475747 ], [ 105.389735135183344, 21.302340774562872 ], [ 105.389834583389742, 21.302349014702372 ], [ 105.390449216011106, 21.302347589838337 ], [ 105.390512509394284, 21.302355913454228 ], [ 105.390584908655129, 21.302389627329973 ], [ 105.390663497952588, 21.302485443601206 ], [ 105.390708758743784, 21.30251074994548 ], [ 105.390766041323843, 21.302524734400837 ], [ 105.393149258976834, 21.302522007277314 ], [ 105.393212552569153, 21.302530329874056 ], [ 105.393284952511664, 21.302564042576705 ], [ 105.393318192184623, 21.302600670264983 ], [ 105.393359035539177, 21.302664103328819 ], [ 105.393434531170087, 21.302728867119011 ], [ 105.39406049700186, 21.303022457228202 ], [ 105.394104255830456, 21.303049177909642 ], [ 105.394173741204526, 21.303119602412671 ], [ 105.394296363302743, 21.303343782575713 ], [ 105.394341715370743, 21.303402969588944 ], [ 105.394400591735447, 21.303449419190876 ], [ 105.394640424696306, 21.303563208258126 ], [ 105.394679675706527, 21.303594174589904 ], [ 105.394716011838355, 21.303661853110434 ], [ 105.3947283953799, 21.303786057593118 ], [ 105.39475571540639, 21.303862227718529 ], [ 105.394788955736431, 21.303898855100492 ], [ 105.39485534591914, 21.303938228185622 ], [ 105.394900698394977, 21.303997415037742 ], [ 105.394915906436168, 21.304051025642806 ], [ 105.394922188850188, 21.30414700952965 ], [ 105.394949509046029, 21.30422317961775 ], [ 105.39498274950617, 21.304259806957869 ], [ 105.395091396590473, 21.304327315645804 ], [ 105.395126139806692, 21.304362527683654 ], [ 105.395182102009855, 21.304445689197482 ], [ 105.39522135336901, 21.304476655394271 ], [ 105.395272626324868, 21.304496299388667 ], [ 105.39533592087021, 21.304504621169855 ], [ 105.396596827750173, 21.304497418973575 ], [ 105.396658566627721, 21.304487391247019 ], [ 105.396739847955018, 21.304461788238125 ], [ 105.397341677914056, 21.30417801942421 ], [ 105.397422867831551, 21.304118534442331 ], [ 105.397494904956247, 21.304016718714191 ], [ 105.39753398958257, 21.303985568015175 ], [ 105.397585156316794, 21.30396568271631 ], [ 105.397717695073297, 21.303954075572708 ], [ 105.397774902839444, 21.303939822916007 ], [ 105.39782002845466, 21.303914304848842 ], [ 105.397880074290612, 21.303835105212958 ], [ 105.397919158786806, 21.303803954425838 ], [ 105.397970325404657, 21.303784069011222 ], [ 105.398102863962876, 21.303772461567025 ], [ 105.398160071619571, 21.303758208780753 ], [ 105.398205197111523, 21.30373269061166 ], [ 105.398265242666554, 21.303653490841018 ], [ 105.398304327032605, 21.303622339965788 ], [ 105.398355493534112, 21.303602454435431 ], [ 105.398488031894033, 21.303590846690646 ], [ 105.398545239441262, 21.303576593774807 ], [ 105.398590364809962, 21.303551075503787 ], [ 105.398650410084073, 21.30347187559839 ], [ 105.398689494319981, 21.303440724635067 ], [ 105.39874066070513, 21.30342083898897 ], [ 105.398873198866752, 21.303409230943597 ], [ 105.39895447920162, 21.303383626877 ], [ 105.39900857459935, 21.303332675834458 ], [ 105.399116490782376, 21.303129128767722 ], [ 105.399170586031715, 21.303078177673896 ], [ 105.399221752224861, 21.303058291883648 ], [ 105.399354290017314, 21.303046683464569 ], [ 105.399411497266001, 21.303032430257939 ], [ 105.399456622316507, 21.303006911757944 ], [ 105.399516666904972, 21.302927711549106 ], [ 105.399555750812823, 21.302896560387698 ], [ 105.39960691688961, 21.302876674481706 ], [ 105.39973945448375, 21.302865065762067 ], [ 105.399796661622986, 21.302850812425888 ], [ 105.39984178655024, 21.302825293823968 ], [ 105.399901830857772, 21.302746093480398 ], [ 105.399940914635508, 21.302714942230899 ], [ 105.399992080595922, 21.302695056209185 ], [ 105.400124617991764, 21.302683447188983 ], [ 105.400181825021505, 21.302669193723244 ], [ 105.400226949825509, 21.302643675019425 ], [ 105.400286993852134, 21.302564474541128 ], [ 105.400326077499741, 21.302533323203537 ], [ 105.400377243343797, 21.302513437066089 ], [ 105.400509780541313, 21.302501827745335 ], [ 105.400591060082263, 21.302476222897827 ], [ 105.400630143641493, 21.302445071490666 ], [ 105.400702177736918, 21.302343254416879 ], [ 105.400783365278016, 21.302283767837803 ], [ 105.406199599311108, 21.299729643557484 ], [ 105.406238680948903, 21.299698490868014 ], [ 105.406265680151677, 21.29965607338378 ], [ 105.406280596923992, 21.299602391110383 ], [ 105.406286358751828, 21.299506378618748 ], [ 105.406313264774596, 21.2994300794983 ], [ 105.406346305108784, 21.299393294392541 ], [ 105.406412478882274, 21.299353605790291 ], [ 105.40645750841388, 21.299294203810657 ], [ 105.406472425082072, 21.299240521519657 ], [ 105.406478186775374, 21.299144509019552 ], [ 105.406505092636095, 21.299068209867798 ], [ 105.406559183834503, 21.299017256438514 ], [ 105.406775827961127, 21.298915087436804 ], [ 105.406857011146727, 21.298855597972413 ], [ 105.406902040349465, 21.298796195875617 ], [ 105.407009942371147, 21.298592643863039 ], [ 105.407073001708753, 21.298516257193292 ], [ 105.407136154297405, 21.298473752129176 ], [ 105.407737939450243, 21.298189946638839 ], [ 105.407781551258651, 21.298163017853081 ], [ 105.407850651215924, 21.298092263237148 ], [ 105.407985549807265, 21.29784629287262 ], [ 105.408054649520082, 21.297775538174225 ], [ 105.40809826114841, 21.297748609307977 ], [ 105.408700041464726, 21.297464800430401 ], [ 105.408743652881768, 21.297437871399293 ], [ 105.408812752038713, 21.29736711639514 ], [ 105.408934149389566, 21.297142354228995 ], [ 105.40896718856122, 21.297105568617447 ], [ 105.409039401804321, 21.297071511297162 ], [ 105.409171933325965, 21.297059895236206 ], [ 105.409253208315164, 21.297034286260594 ], [ 105.409292288594244, 21.297003132873893 ], [ 105.409332785347658, 21.296939505923824 ], [ 105.409382343881433, 21.296884327388895 ], [ 105.40944549510165, 21.296841821471958 ], [ 105.409662134004819, 21.296739648812093 ], [ 105.40970574503055, 21.296712719535659 ], [ 105.409759834259873, 21.296661765095131 ], [ 105.409815339834694, 21.296578337079392 ], [ 105.409854419874137, 21.296547183564343 ], [ 105.409905582326218, 21.296527294569646 ], [ 105.410038113280208, 21.296515677834901 ], [ 105.41011938781422, 21.296490068446637 ], [ 105.4101734768185, 21.296439113875469 ], [ 105.410281372636149, 21.296235559808963 ], [ 105.410344429277728, 21.296159171935631 ], [ 105.41040757990875, 21.296116665663547 ], [ 105.410624217070861, 21.296014491784536 ], [ 105.410658789401893, 21.295987584312584 ], [ 105.41067526943111, 21.295955073998069 ], [ 105.410673657168715, 21.295916960846082 ], [ 105.410557042335682, 21.295692778018427 ], [ 105.410511686275115, 21.295633595386057 ], [ 105.410452808106868, 21.295587151408004 ], [ 105.410387935806966, 21.295552015973922 ], [ 105.410375853422778, 21.295540751477279 ], [ 105.410369765209921, 21.295518178415115 ], [ 105.410387779061949, 21.295495546595728 ], [ 105.410473505480368, 21.295445926540435 ], [ 105.410527593985108, 21.295394971857306 ], [ 105.410556101478903, 21.295353961756469 ], [ 105.41066399600075, 21.295150407439841 ], [ 105.410692526939087, 21.295117867722908 ], [ 105.410727130425016, 21.295102254113377 ], [ 105.4107678064683, 21.295103566607445 ], [ 105.411007622252001, 21.295211685541734 ], [ 105.41107100779314, 21.295253883088847 ], [ 105.411105752584604, 21.295289091839248 ], [ 105.41116172015451, 21.295372248040806 ], [ 105.411225105808256, 21.29541444552726 ], [ 105.411315535614051, 21.295431165520963 ], [ 105.411386331456271, 21.295429580778535 ], [ 105.411481197912678, 21.295416643218836 ], [ 105.41156247158321, 21.295391033144277 ], [ 105.411779106865737, 21.295288857800269 ], [ 105.411822717072653, 21.295261927983876 ], [ 105.41189181373484, 21.295191171737731 ], [ 105.412013204637759, 21.294966407397503 ], [ 105.412058230587405, 21.294907003946463 ], [ 105.412139409429116, 21.294847511975821 ], [ 105.412375161949527, 21.294731827931383 ], [ 105.412389328391214, 21.294716164902233 ], [ 105.412402805284714, 21.294678373673172 ], [ 105.412385880677917, 21.294605523907627 ], [ 105.412315642461152, 21.294495183585024 ], [ 105.412197634070608, 21.294372382486294 ], [ 105.412059843448731, 21.294263654433479 ], [ 105.41194206405558, 21.294185552249374 ], [ 105.411786796896322, 21.294100055470849 ], [ 105.411486435050662, 21.2939579340769 ], [ 105.411447493012233, 21.293924724278991 ], [ 105.411435737502288, 21.293904759653376 ], [ 105.411429125663332, 21.293882555211592 ], [ 105.41143133298992, 21.29383142688155 ], [ 105.411501359670325, 21.293644212038352 ], [ 105.411572907594973, 21.293387242192438 ], [ 105.411642810663594, 21.293244724574304 ], [ 105.411743641882126, 21.293115317169786 ], [ 105.414205845774106, 21.290786407490643 ], [ 105.4146400552834, 21.290380768859343 ], [ 105.414694596558547, 21.290339685764362 ], [ 105.414753668386382, 21.290307380262352 ], [ 105.414817270774265, 21.290283852348541 ], [ 105.41509307275048, 21.290222750823339 ], [ 105.415502873635319, 21.290106324623043 ], [ 105.415784472537467, 21.290057243230134 ], [ 105.415923875517876, 21.290024709800473 ], [ 105.416569374255829, 21.289820386774867 ], [ 105.416691457013101, 21.289763617651474 ], [ 105.416920767835791, 21.289607307259168 ], [ 105.417161606548504, 21.289479442139257 ], [ 105.417200683160075, 21.289448286948421 ], [ 105.417236643571854, 21.289380434123427 ], [ 105.417248343602822, 21.289256171645995 ], [ 105.417275242168756, 21.289179870802926 ], [ 105.417308277492509, 21.28914308358241 ], [ 105.417397687610347, 21.289091267799179 ], [ 105.417454511700129, 21.289042865617635 ], [ 105.417513383536715, 21.288962580044466 ], [ 105.417629905225127, 21.288767077369524 ], [ 105.417681248527018, 21.288713565742817 ], [ 105.417780921926976, 21.288637525837828 ], [ 105.417816881880057, 21.288569672890009 ], [ 105.417840920840931, 21.288423121655867 ], [ 105.417876880715937, 21.288355268694819 ], [ 105.417935915402239, 21.288308927627419 ], [ 105.41814485989245, 21.288199588221691 ], [ 105.418223188428769, 21.288137441852033 ], [ 105.418294731096651, 21.288035176999269 ], [ 105.418407745493994, 21.287802613434156 ], [ 105.418590363008477, 21.287499769642409 ], [ 105.418641705526014, 21.287446257727755 ], [ 105.418682343520217, 21.287416558609618 ], [ 105.418890741269095, 21.287306710284376 ], [ 105.418929816943404, 21.287275554699676 ], [ 105.418965776045383, 21.287207701509683 ], [ 105.418977474483611, 21.28708343890688 ], [ 105.419004371778172, 21.287007137789132 ], [ 105.419037406190299, 21.28697035023497 ], [ 105.419126814385947, 21.286918533551834 ], [ 105.419183637077481, 21.286870130797354 ], [ 105.419242507121353, 21.286789844628665 ], [ 105.419359024843843, 21.286594340772702 ], [ 105.419410366770734, 21.286540828627707 ], [ 105.419510037819265, 21.28646478771838 ], [ 105.419545996462602, 21.286396934405609 ], [ 105.419570033392802, 21.286250382920983 ], [ 105.419605991958122, 21.286182529594996 ], [ 105.419665025236824, 21.286136187932676 ], [ 105.419895469937686, 21.286013102275032 ], [ 105.419968668857337, 21.285946174744399 ], [ 105.4200362752714, 21.285840241657557 ], [ 105.420149285296233, 21.285607676936028 ], [ 105.420304904002066, 21.285347250984206 ], [ 105.420335285657075, 21.285307990770232 ], [ 105.420411432060391, 21.285243811373615 ], [ 105.420642611752399, 21.285121411794197 ], [ 105.420703279047117, 21.285076593792631 ], [ 105.420752408940274, 21.285021020008124 ], [ 105.420868502855868, 21.284825123163255 ], [ 105.420901536320386, 21.284788335249623 ], [ 105.42097374075783, 21.284754272904141 ], [ 105.421106260146573, 21.284742647627631 ], [ 105.421187526232075, 21.284717032998081 ], [ 105.421226600738734, 21.284685876890169 ], [ 105.421281410335766, 21.284601806498607 ], [ 105.421352428243537, 21.284532846361135 ], [ 105.421646291687381, 21.284367509329151 ], [ 105.421714361277878, 21.284295800741496 ], [ 105.421843720961007, 21.284078480391173 ], [ 105.421891215329978, 21.284021382273732 ], [ 105.421972488111663, 21.283961982488073 ], [ 105.422181423443845, 21.28385263816833 ], [ 105.422259747981357, 21.283790489955209 ], [ 105.422318615141251, 21.283710202729832 ], [ 105.422435126408971, 21.283514696781744 ], [ 105.422486466157508, 21.283461183715556 ], [ 105.42256902032068, 21.283402978718826 ], [ 105.422600682906875, 21.283364913174754 ], [ 105.422628947819376, 21.283289888789657 ], [ 105.422646123474763, 21.283170735141614 ], [ 105.422682079894727, 21.283102881169871 ], [ 105.422718870099345, 21.283069595884733 ], [ 105.422950044458517, 21.282947193194346 ], [ 105.423010710159261, 21.28290237437643 ], [ 105.423073650703572, 21.282825884977932 ], [ 105.423189194926479, 21.282629478563695 ], [ 105.423255083290371, 21.282555737372324 ], [ 105.423340428856733, 21.282500135019554 ], [ 105.423526892038396, 21.282403633693324 ], [ 105.423605215243214, 21.282341484865977 ], [ 105.423676751419563, 21.282239217764701 ], [ 105.423789753031159, 21.282006650641886 ], [ 105.423972352485947, 21.281703801107518 ], [ 105.424043367752262, 21.281634839855663 ], [ 105.424295497341973, 21.281498182686157 ], [ 105.424356162040084, 21.281453363392611 ], [ 105.424390195519393, 21.281417508564257 ], [ 105.424549191482058, 21.281160238168535 ], [ 105.424600529652807, 21.281106724469357 ], [ 105.424683081668348, 21.281048518455918 ], [ 105.424714743210686, 21.281010452521272 ], [ 105.424743006617248, 21.280935427785849 ], [ 105.424760180328576, 21.280816273921985 ], [ 105.424781586411314, 21.280768647536028 ], [ 105.424813247869437, 21.280730581583033 ], [ 105.425105817934522, 21.280564043576053 ], [ 105.425173884106641, 21.28049233361499 ], [ 105.425303235437937, 21.280275010649845 ], [ 105.42535072726011, 21.280217911573743 ], [ 105.42540975635643, 21.280171567934566 ], [ 105.425618138848094, 21.280061711443011 ], [ 105.425657211191236, 21.280030554326043 ], [ 105.42569316548223, 21.279962699722056 ], [ 105.425704857803098, 21.279838436648962 ], [ 105.425731750361052, 21.279762134470996 ], [ 105.425764781491623, 21.279725345620456 ], [ 105.425854182932767, 21.279673525433424 ], [ 105.425927376025314, 21.279606595359851 ], [ 105.426102197814032, 21.279330290439002 ], [ 105.426178338638692, 21.279266108482588 ], [ 105.426409504162521, 21.279143701135929 ], [ 105.426470167253996, 21.279098881095376 ], [ 105.426533104404641, 21.279022390426636 ], [ 105.426648641115932, 21.278825981677269 ], [ 105.426714526072203, 21.278752239156578 ], [ 105.426799868138403, 21.278696635084291 ], [ 105.426986324244723, 21.278600130002772 ], [ 105.427046986937796, 21.278555309758264 ], [ 105.427109923560323, 21.278478818877964 ], [ 105.427225459087794, 21.278282409740321 ], [ 105.427291343515449, 21.278208666998161 ], [ 105.427376685049708, 21.278153062638964 ], [ 105.427584642780431, 21.278042811817212 ], [ 105.427641459296822, 21.277994406261303 ], [ 105.427703113452978, 21.277916720130161 ], [ 105.427743554920283, 21.277886839800608 ], [ 105.427823445922044, 21.277859944768462 ], [ 105.427950477978811, 21.277843205163805 ], [ 105.428001174761306, 21.277822885020601 ], [ 105.428041616141783, 21.277793004620598 ], [ 105.428098739167865, 21.27771109462704 ], [ 105.428201411899693, 21.277537085495695 ], [ 105.428250859744068, 21.277484209211742 ], [ 105.428325690185105, 21.27742844135188 ], [ 105.428335231436705, 21.277412822442884 ], [ 105.428337154268249, 21.27737710499505 ], [ 105.428297139369789, 21.277312329745069 ], [ 105.42806995955381, 21.277095062903733 ], [ 105.427962130972418, 21.277005923525319 ], [ 105.42784629725179, 21.276925862536967 ], [ 105.42772312633987, 21.276856599941794 ], [ 105.427559573667779, 21.276786724121536 ], [ 105.42742311040216, 21.276745003046486 ], [ 105.42724701041989, 21.276710696951653 ], [ 105.427103973355614, 21.276696318916642 ], [ 105.426851285643764, 21.276690157394924 ], [ 105.426164484191219, 21.276691450784817 ], [ 105.426065100405822, 21.276700172649939 ], [ 105.425979308841221, 21.276721565791604 ], [ 105.425883432301902, 21.276767347943586 ], [ 105.425699125960847, 21.276899645255206 ], [ 105.42556407915491, 21.276976492516379 ], [ 105.425531048574257, 21.277013281330088 ], [ 105.425510099955957, 21.277061333579599 ], [ 105.425498407646231, 21.277185596679058 ], [ 105.425471515410166, 21.277261898837196 ], [ 105.425438484743808, 21.277298687632964 ], [ 105.425372325972347, 21.27733838357041 ], [ 105.425327310651667, 21.277397790528415 ], [ 105.425312402913065, 21.27745147448007 ], [ 105.42530665404044, 21.277547487656602 ], [ 105.425279761642713, 21.277623789783615 ], [ 105.425246730848912, 21.277660578542363 ], [ 105.42518057186463, 21.27770027440636 ], [ 105.425135556358669, 21.277759681313711 ], [ 105.425120648516241, 21.277813365247873 ], [ 105.425114899509495, 21.277909378416066 ], [ 105.425088006950077, 21.277985680511957 ], [ 105.425054976028832, 21.278022469233676 ], [ 105.424964360805504, 21.278073156793663 ], [ 105.424902685443726, 21.278117032655796 ], [ 105.424833119895396, 21.278187343841349 ], [ 105.424782648143506, 21.27827545529108 ], [ 105.42474990533681, 21.278380094620914 ], [ 105.424717750053986, 21.278451490729374 ], [ 105.424595278082535, 21.278607643941157 ], [ 105.424486829552777, 21.27877687068889 ], [ 105.424435087607392, 21.278830007235776 ], [ 105.424376183628809, 21.278876466977415 ], [ 105.424195777046435, 21.278978610854576 ], [ 105.424115296566725, 21.279038746947158 ], [ 105.42403296670031, 21.279130950082209 ], [ 105.423925492735378, 21.27930108597057 ], [ 105.423858257106602, 21.279373569789161 ], [ 105.423778451570271, 21.279434335271734 ], [ 105.423618945082026, 21.279522172603183 ], [ 105.4235384640712, 21.27958230842512 ], [ 105.423456133543965, 21.279674511283329 ], [ 105.423348658525839, 21.279844646810332 ], [ 105.423281422368177, 21.279917130402822 ], [ 105.423201616300815, 21.279977895617009 ], [ 105.423042108879926, 21.280065732412016 ], [ 105.422961627337969, 21.280125867963289 ], [ 105.422879296149901, 21.280218070544628 ], [ 105.422771820078523, 21.280388205710224 ], [ 105.422704583391962, 21.280460689076598 ], [ 105.422603242184238, 21.280535169528427 ], [ 105.422443832313505, 21.280623097604767 ], [ 105.422366858528903, 21.280686503543123 ], [ 105.422334023352036, 21.28072347541671 ], [ 105.422294268250539, 21.280787787580401 ], [ 105.422241351505946, 21.280941204111212 ], [ 105.422218647125177, 21.280987620620994 ], [ 105.422110688558391, 21.281123515259562 ], [ 105.422017827618902, 21.281273485000064 ], [ 105.421971346384026, 21.281331526815674 ], [ 105.42187706770946, 21.281412591890529 ], [ 105.421696656291971, 21.281514733140384 ], [ 105.421616173413938, 21.281574868060613 ], [ 105.421533840585724, 21.281667069995763 ], [ 105.42144097872476, 21.281817039423942 ], [ 105.421394497093829, 21.281875081083207 ], [ 105.42130021775634, 21.28195614584093 ], [ 105.421119805273193, 21.282058286483888 ], [ 105.421039321863972, 21.282118421133376 ], [ 105.42095698837484, 21.282210622791574 ], [ 105.420849508665597, 21.282380756751088 ], [ 105.420763267797213, 21.282469315824887 ], [ 105.420674594783478, 21.282521815710613 ], [ 105.420511192476354, 21.282572231173077 ], [ 105.420461790457949, 21.282593758674388 ], [ 105.420357913933771, 21.282665876608341 ], [ 105.42028950944065, 21.282703480474058 ], [ 105.420126106795777, 21.2827538955673 ], [ 105.420076704659039, 21.282775422957116 ], [ 105.419910754934349, 21.282891047366952 ], [ 105.41975134090336, 21.282978972938874 ], [ 105.41963787467418, 21.283075942762213 ], [ 105.419591835273863, 21.28310060519507 ], [ 105.419536246537348, 21.283116364959152 ], [ 105.419400951846001, 21.283125400393047 ], [ 105.419311792633522, 21.283143655012196 ], [ 105.419263070298229, 21.283165816169689 ], [ 105.419158315705161, 21.28323711569222 ], [ 105.419054445382116, 21.283275447473077 ], [ 105.418900007232892, 21.283300427673336 ], [ 105.418727539789955, 21.283308599256415 ], [ 105.418670342119526, 21.283322858907031 ], [ 105.418625226424098, 21.283348382466219 ], [ 105.41856519995379, 21.28342758938059 ], [ 105.418526125202376, 21.283458744879393 ], [ 105.41847496844666, 21.283478636431731 ], [ 105.418342449942699, 21.283490259624092 ], [ 105.418285252162775, 21.283504519145378 ], [ 105.418240136344167, 21.283530042602862 ], [ 105.418180109593209, 21.283609249382881 ], [ 105.418141034711752, 21.283640404793779 ], [ 105.418089877839719, 21.283660296230615 ], [ 105.417957359137347, 21.283671919122867 ], [ 105.417900161247957, 21.28368617851482 ], [ 105.417855045306155, 21.28371170187059 ], [ 105.41779501827456, 21.283790908516249 ], [ 105.41775594326306, 21.283822063839256 ], [ 105.417704786274697, 21.283841955160561 ], [ 105.417572267373927, 21.283853577752712 ], [ 105.417491001101197, 21.283879190642764 ], [ 105.417451926001377, 21.283910345896331 ], [ 105.417383711364536, 21.28401571188439 ], [ 105.417297467453366, 21.284104269216147 ], [ 105.417215123950697, 21.284162670402843 ], [ 105.417055706913587, 21.284250593458786 ], [ 105.416942871097859, 21.2843481518074 ], [ 105.416899996713184, 21.28437576506931 ], [ 105.416850105762862, 21.284396836756951 ], [ 105.416679383190697, 21.284440427021085 ], [ 105.416633000457551, 21.284464769430514 ], [ 105.416557776300436, 21.284529808152207 ], [ 105.416514901790038, 21.284557421317526 ], [ 105.416465010721936, 21.284578492892525 ], [ 105.416294287820364, 21.284622082770621 ], [ 105.416247904965459, 21.284646425075429 ], [ 105.416172680544932, 21.284711463627993 ], [ 105.41612980590881, 21.28473907669671 ], [ 105.416079914722943, 21.284760148159066 ], [ 105.415909191491963, 21.284803737651103 ], [ 105.415862808515314, 21.284828079851287 ], [ 105.415787583831374, 21.284893118234717 ], [ 105.415744709069514, 21.284920731206832 ], [ 105.415667240911901, 21.284949885121094 ], [ 105.415549916944116, 21.284975673716765 ], [ 105.415477711107087, 21.285009733758088 ], [ 105.415438344511941, 21.285040617463729 ], [ 105.415389087686236, 21.285096073283537 ], [ 105.415281064810372, 21.285265705296013 ], [ 105.415217330487494, 21.285341456542643 ], [ 105.415119391880623, 21.285419111538729 ], [ 105.414938436165343, 21.285520747181696 ], [ 105.414844404349196, 21.285602044648488 ], [ 105.414788858772766, 21.285685430615292 ], [ 105.414735932543749, 21.285838844855711 ], [ 105.414713225066222, 21.285885260377825 ], [ 105.414590736391816, 21.286041406452508 ], [ 105.414497766247919, 21.286191280292723 ], [ 105.414448649314181, 21.286246866949401 ], [ 105.414391882636579, 21.286295321606776 ], [ 105.414307004066288, 21.286351360113226 ], [ 105.414169752349906, 21.286426156339196 ], [ 105.414075719536982, 21.286507453384306 ], [ 105.414020173191972, 21.286590839101237 ], [ 105.41396724585465, 21.286744253101887 ], [ 105.413931284548411, 21.286812105263845 ], [ 105.413822047771944, 21.286946814045798 ], [ 105.413713580854278, 21.287116033992675 ], [ 105.41366183211673, 21.287169167288894 ], [ 105.413601021892092, 21.287213852356906 ], [ 105.413528814507771, 21.287247911578657 ], [ 105.413390739944262, 21.287288147805469 ], [ 105.413318532473895, 21.287322206938125 ], [ 105.413175375154466, 21.287425291128478 ], [ 105.413015952164756, 21.287513210422631 ], [ 105.412903111185415, 21.287610766110706 ], [ 105.41286023509312, 21.287638378361116 ], [ 105.412810342453241, 21.287659448871068 ], [ 105.412639614866649, 21.287703035103505 ], [ 105.412572669410011, 21.287742000223428 ], [ 105.412517369663504, 21.287791823038823 ], [ 105.412444725588458, 21.287825475161885 ], [ 105.41238435967648, 21.287836781069732 ], [ 105.41224857234225, 21.287845356048681 ], [ 105.412165839559506, 21.287869602063019 ], [ 105.412013717997368, 21.287964328834274 ], [ 105.411850306604222, 21.288014736006829 ], [ 105.411800901475118, 21.288036261003775 ], [ 105.411675480116315, 21.288122087811256 ], [ 105.411603271833783, 21.288156146218 ], [ 105.41151966646359, 21.288179578633525 ], [ 105.411426999677118, 21.288194562678257 ], [ 105.411116740212222, 21.288209437933954 ], [ 105.410959265477118, 21.288231585951937 ], [ 105.41085947922339, 21.288273725842956 ], [ 105.410783617406281, 21.28833817169496 ], [ 105.410737574863148, 21.288362831742457 ], [ 105.410650606378709, 21.288383128369869 ], [ 105.410514824704322, 21.288393967121365 ], [ 105.410457540392443, 21.288413417550768 ], [ 105.410408838008905, 21.288443881774779 ], [ 105.410279345242657, 21.288565119393283 ], [ 105.410082532314064, 21.288683021617921 ], [ 105.409975405377836, 21.288767866505097 ], [ 105.409672357699719, 21.28905734395364 ], [ 105.409556335627684, 21.289186482617389 ], [ 105.409493495938946, 21.289268565546486 ], [ 105.409388328610689, 21.28944492217332 ], [ 105.409334441714009, 21.289569635324781 ], [ 105.409290975691178, 21.289697216658784 ], [ 105.409242469035945, 21.289779249628655 ], [ 105.409199347139662, 21.289825244898516 ], [ 105.409122508418804, 21.28988355805085 ], [ 105.40905842081456, 21.289945105730716 ], [ 105.408953905732787, 21.290097541115639 ], [ 105.408895223836382, 21.29014540407541 ], [ 105.408827537477649, 21.290183811431532 ], [ 105.408782511617602, 21.290243214049461 ], [ 105.408764669833147, 21.290327962072006 ], [ 105.40876204629987, 21.291237963066177 ], [ 105.408731507996634, 21.291344667868465 ], [ 105.408655495664107, 21.291476563479534 ], [ 105.40861168539692, 21.291570894199779 ], [ 105.408598761628966, 21.291641012948254 ], [ 105.408612942351326, 21.291707580472359 ], [ 105.408686308301142, 21.291835959018055 ], [ 105.408725253671719, 21.291925054330314 ], [ 105.408728260503324, 21.291985502126991 ], [ 105.408710752231073, 21.292019757483075 ], [ 105.408677633686253, 21.292049178294349 ], [ 105.408424226781293, 21.292184651988617 ], [ 105.408367652941791, 21.292233288409594 ], [ 105.408309352936996, 21.292308477468779 ], [ 105.408283019556251, 21.292323352277794 ], [ 105.408270140196265, 21.292322608968572 ], [ 105.408244956144202, 21.292304760922782 ], [ 105.408192422960028, 21.292223644303185 ], [ 105.40814052715055, 21.292170623677244 ], [ 105.408054273877852, 21.292115999885564 ], [ 105.407845296599845, 21.292007139950819 ], [ 105.407806105919391, 21.291976120201383 ], [ 105.407757042730239, 21.291920431191983 ], [ 105.407692356098238, 21.291811520963659 ], [ 105.407638857617727, 21.291692070996728 ], [ 105.407619131847653, 21.291608744755024 ], [ 105.407601778587974, 21.291421274608823 ], [ 105.407565439716379, 21.291353598817619 ], [ 105.407502056843867, 21.291311399888105 ], [ 105.407435392564494, 21.291289397137668 ], [ 105.407395727418503, 21.291284481888496 ], [ 105.407359884430164, 21.291287369243548 ], [ 105.40732640054614, 21.291299035295246 ], [ 105.407253342630597, 21.291357488298104 ], [ 105.407134271181036, 21.291516724533619 ], [ 105.406989610790106, 21.291748199243557 ], [ 105.406817635966874, 21.291963660191627 ], [ 105.406670127412539, 21.292194615870407 ], [ 105.406545951761714, 21.292356997219088 ], [ 105.406489367979944, 21.292472163938179 ], [ 105.406470921597318, 21.292566350204474 ], [ 105.406473692514879, 21.292622790032063 ], [ 105.406504095667131, 21.292687852593634 ], [ 105.40654186229726, 21.292718162840831 ], [ 105.406653616151033, 21.292782734300872 ], [ 105.406743360126839, 21.292862378222186 ], [ 105.406759111100925, 21.292870186594314 ], [ 105.406788731907213, 21.292870590706375 ], [ 105.406815844514426, 21.292850711310091 ], [ 105.406867145722401, 21.292779737522039 ], [ 105.406897468492403, 21.292768157163273 ], [ 105.406931417233451, 21.292775807328301 ], [ 105.407052069577588, 21.292860303952704 ], [ 105.407232552954085, 21.292962038238684 ], [ 105.40730591925805, 21.293028802650866 ], [ 105.407345908518906, 21.293086127053389 ], [ 105.407373499719824, 21.293170666072207 ], [ 105.407372364089483, 21.293235921101424 ], [ 105.407347089662039, 21.293293700133489 ], [ 105.407266587488905, 21.293382606407025 ], [ 105.407237997677797, 21.293457334380268 ], [ 105.407230966862855, 21.293518368433354 ], [ 105.407231806695719, 21.293823303263107 ], [ 105.407222931819703, 21.293882618008627 ], [ 105.407201974924277, 21.293930668020781 ], [ 105.407168936002151, 21.293967453295355 ], [ 105.40707836029263, 21.294018183129733 ], [ 105.407016894898462, 21.294062259495192 ], [ 105.406947812752662, 21.294133029039962 ], [ 105.406897398967402, 21.294221204205915 ], [ 105.40686419621089, 21.294325426239954 ], [ 105.406831917929637, 21.294396715524442 ], [ 105.406724638343633, 21.294533255788757 ], [ 105.406631882952183, 21.294683337912858 ], [ 105.406585169527233, 21.294741168613083 ], [ 105.406490244971593, 21.294821638882453 ], [ 105.406309584480468, 21.294923556979107 ], [ 105.406229420948023, 21.294983995083737 ], [ 105.406147681457313, 21.295076758719457 ], [ 105.406024678171676, 21.295266229223383 ], [ 105.405972590895146, 21.295319049780279 ], [ 105.405913286102916, 21.29536514102297 ], [ 105.405711240178633, 21.295480915476464 ], [ 105.40559905417507, 21.295579087183437 ], [ 105.40555628537966, 21.29560680107868 ], [ 105.405478698590002, 21.29563584691876 ], [ 105.405360920359342, 21.295661214658839 ], [ 105.405288706923045, 21.295695270409251 ], [ 105.405216321795635, 21.295762961146831 ], [ 105.405104479635128, 21.295929043803049 ], [ 105.405065398735658, 21.295960196231 ], [ 105.405014235800465, 21.295980083763158 ], [ 105.404881704859008, 21.295991696541744 ], [ 105.404800429643984, 21.296017303412697 ], [ 105.404761348656194, 21.296048455771121 ], [ 105.404707684436033, 21.296133601500106 ], [ 105.404660969800787, 21.296191431675723 ], [ 105.404606194999673, 21.296241746807365 ], [ 105.404541357276713, 21.296282679574706 ], [ 105.404465455257878, 21.296313296309428 ], [ 105.40434804283187, 21.296339005091756 ], [ 105.404250329669779, 21.296349285654284 ], [ 105.404006089845936, 21.296358129379527 ], [ 105.403877458162313, 21.296373377358844 ], [ 105.403794497230933, 21.296397412387115 ], [ 105.40374814558993, 21.296421785797975 ], [ 105.403708958462872, 21.296452839262813 ], [ 105.403676374074237, 21.296490048998606 ], [ 105.403636717643792, 21.296554460310254 ], [ 105.40356047160418, 21.296753733279488 ], [ 105.403470094235786, 21.296872239765506 ], [ 105.403424594891646, 21.296964998832124 ], [ 105.403403044835741, 21.297046292327337 ], [ 105.40338988866651, 21.297135412129695 ], [ 105.403381474319389, 21.297364134924234 ], [ 105.403363496112263, 21.297516349703745 ], [ 105.403326284635611, 21.297616836398092 ], [ 105.403296932021803, 21.297657059618846 ], [ 105.403260414821005, 21.297690602750812 ], [ 105.403177651261927, 21.297748617786297 ], [ 105.403018211136299, 21.297836527778955 ], [ 105.402906021552639, 21.297934697720489 ], [ 105.402863251566473, 21.297962410942585 ], [ 105.402785662997331, 21.297991455561274 ], [ 105.402667882401076, 21.298016821447057 ], [ 105.402595667182638, 21.298050876060728 ], [ 105.402523279667278, 21.298118565659195 ], [ 105.402411432714587, 21.298284646555981 ], [ 105.402372350622556, 21.298315798368858 ], [ 105.402291073680516, 21.298341404048251 ], [ 105.402017771844768, 21.2983569468844 ], [ 105.40192523912512, 21.298372057716616 ], [ 105.401871722009446, 21.298389750478957 ], [ 105.401825369423094, 21.29841412336949 ], [ 105.401750575558594, 21.298479569483796 ], [ 105.401707805194718, 21.298507282416409 ], [ 105.401630216104891, 21.2985363265087 ], [ 105.401512434863363, 21.298561691594308 ], [ 105.401462499895047, 21.298582724307064 ], [ 105.40141972944636, 21.298610437167461 ], [ 105.401337089364489, 21.29870236348669 ], [ 105.401255982124241, 21.298829514973463 ], [ 105.401216899641881, 21.298860666522152 ], [ 105.401165735171034, 21.298880552901768 ], [ 105.401033201276377, 21.298892162692098 ], [ 105.400975995789267, 21.298906416429286 ], [ 105.400930872247599, 21.298931935325236 ], [ 105.400870830010888, 21.299011136038654 ], [ 105.400831747398428, 21.299042287499269 ], [ 105.400780582811223, 21.299062173763186 ], [ 105.400648048718296, 21.299073783253029 ], [ 105.400590843121734, 21.299088036860695 ], [ 105.400545719456844, 21.299113555654763 ], [ 105.400485676939269, 21.299192756233484 ], [ 105.400446594196694, 21.299223907606034 ], [ 105.400395429493159, 21.29924379375424 ], [ 105.400262895201948, 21.299255402943587 ], [ 105.40020568949592, 21.299269656421728 ], [ 105.400160565707793, 21.299295175113905 ], [ 105.400100522909369, 21.299374375557932 ], [ 105.400037367869871, 21.299416878015776 ], [ 105.399947028456282, 21.299434033644385 ], [ 105.399332408655937, 21.299435493005671 ], [ 105.399242069142417, 21.299452648257315 ], [ 105.399196945128026, 21.29947816669408 ], [ 105.399136901734536, 21.299557366801903 ], [ 105.399097818607075, 21.299588517865882 ], [ 105.399046653589437, 21.299608403608044 ], [ 105.398914118846889, 21.299620011741581 ], [ 105.398832840562775, 21.299645615767751 ], [ 105.398793757346979, 21.299676766762175 ], [ 105.39872541123195, 21.299782021846127 ], [ 105.398657747025354, 21.299854116360784 ], [ 105.398573751075503, 21.299910982899707 ], [ 105.398470085503845, 21.299949509131221 ], [ 105.398386772107457, 21.299961327636087 ], [ 105.398314426466555, 21.299947708737239 ], [ 105.398169970338301, 21.299851032223831 ], [ 105.398010053544596, 21.299763882282786 ], [ 105.39795101964603, 21.29971758265166 ], [ 105.397899725735513, 21.299663992862307 ], [ 105.397787277864197, 21.299499676455326 ], [ 105.397769751021912, 21.299485239528892 ], [ 105.397726575321983, 21.299468549219629 ], [ 105.397672570258479, 21.299468103628236 ], [ 105.397504963395434, 21.299507391513249 ], [ 105.397364527497572, 21.299524005971193 ], [ 105.396679693539838, 21.299534041310178 ], [ 105.396428466955442, 21.299555797187882 ], [ 105.396287816213373, 21.299583153119269 ], [ 105.396150388938992, 21.299623316603771 ], [ 105.396018241585153, 21.299675929630915 ], [ 105.395922933393436, 21.299723500684003 ], [ 105.395802491025606, 21.299796916373058 ], [ 105.395690347399722, 21.299881368241831 ], [ 105.39558786161237, 21.299975753969935 ], [ 105.395517870376111, 21.300052628326831 ], [ 105.395434372029101, 21.300162440857832 ], [ 105.395379774910253, 21.300249485266967 ], [ 105.39531791924604, 21.300371337745847 ], [ 105.395269486147825, 21.300498062181305 ], [ 105.395234592730262, 21.300629017525104 ], [ 105.395213389643388, 21.300762244117298 ], [ 105.395203807554324, 21.300930994923494 ], [ 105.395208430497448, 21.301133781472576 ], [ 105.395245248425113, 21.301367166445672 ], [ 105.395284079325279, 21.301496782133402 ], [ 105.395347175002854, 21.301652753890075 ], [ 105.395355604297933, 21.301741240777893 ], [ 105.395329197439622, 21.301825263504128 ], [ 105.395178957535919, 21.302081324073797 ], [ 105.395104420889965, 21.302195876240621 ], [ 105.395018420690462, 21.30230243627118 ], [ 105.394968909593814, 21.302347180296358 ], [ 105.394913583061694, 21.30238254103357 ], [ 105.39481968933606, 21.302417988461755 ], [ 105.39444202125442, 21.302511374474602 ], [ 105.394231118110355, 21.302590124442197 ], [ 105.394215011702371, 21.302593728425187 ], [ 105.394203323709988, 21.302586994806877 ], [ 105.394237103772127, 21.302542040423134 ], [ 105.394480233472592, 21.30229301191185 ], [ 105.394604076499562, 21.302127751662308 ], [ 105.394700253537152, 21.301946920937144 ], [ 105.394737259500857, 21.301851815923499 ], [ 105.394774685163142, 21.30172174536175 ], [ 105.394802339725715, 21.301555085836512 ], [ 105.394814631313167, 21.301352674873769 ], [ 105.394811764260709, 21.300437940874712 ], [ 105.394799248067471, 21.30023536597464 ], [ 105.394778743354408, 21.300102005651269 ], [ 105.394722436610934, 21.299906871577722 ], [ 105.394652405428474, 21.299751968133322 ], [ 105.394562261949602, 21.299606307907272 ], [ 105.394429510570376, 21.29944707429377 ], [ 105.394327708173833, 21.299352210881683 ], [ 105.394186825437814, 21.299247573414021 ], [ 105.394064927300533, 21.299176353691273 ], [ 105.39378164621948, 21.299041047912418 ], [ 105.393727489732413, 21.299006114561497 ], [ 105.393684365921445, 21.298961962760668 ], [ 105.393640366468247, 21.298878450483567 ], [ 105.393578250334656, 21.298685470426182 ], [ 105.393513277954654, 21.298528325096495 ], [ 105.393419623479602, 21.2983489301429 ], [ 105.393384711581987, 21.298307125773398 ], [ 105.393348039301713, 21.298287324336599 ], [ 105.393309606622864, 21.298289525831748 ], [ 105.393222841344198, 21.298337897368143 ], [ 105.393105941056362, 21.298364079370074 ], [ 105.392746381971804, 21.298366769374059 ], [ 105.392683090189678, 21.298358446569956 ], [ 105.392610692456756, 21.298324733557667 ], [ 105.392550226079464, 21.298245816821257 ], [ 105.392486844401716, 21.29820361225169 ], [ 105.392429563350888, 21.298189628351583 ], [ 105.39232711250331, 21.29818422019731 ], [ 105.39224569895427, 21.298158998514769 ], [ 105.392206449907405, 21.298128031565192 ], [ 105.392164105666865, 21.298066013407521 ], [ 105.392100724174782, 21.298023808688772 ], [ 105.392043443228147, 21.298009824655324 ], [ 105.391871892645682, 21.298001563525727 ], [ 105.391750058656683, 21.297980444361553 ], [ 105.391620053256588, 21.297933054906725 ], [ 105.39151350709821, 21.29786357106866 ], [ 105.391446423684343, 21.297790886698639 ], [ 105.391367847926432, 21.297661093709493 ], [ 105.391280440225714, 21.297541569442185 ], [ 105.391259989733214, 21.297476486524101 ], [ 105.391266633586199, 21.297403440549953 ], [ 105.391305209654618, 21.297304221262308 ], [ 105.391374556333716, 21.29719989820623 ], [ 105.391468902378278, 21.297118887641059 ], [ 105.391607398315699, 21.297045249756707 ], [ 105.391713676086411, 21.296975365833259 ], [ 105.391754107477624, 21.296924219154484 ], [ 105.391763761354781, 21.296863188232138 ], [ 105.391753098671458, 21.29681700970708 ], [ 105.39172977508278, 21.296772602608424 ], [ 105.391671686747998, 21.296713166137717 ], [ 105.391617559233424, 21.296678324596265 ], [ 105.391361386737415, 21.296555725651604 ], [ 105.390969143854164, 21.296386119148153 ], [ 105.390659277241596, 21.296298843289556 ], [ 105.390356346459214, 21.296195404834421 ], [ 105.390147408378795, 21.296144832393935 ], [ 105.390004981316835, 21.296126426754533 ], [ 105.389788748981402, 21.29611585688674 ], [ 105.388451998942941, 21.296114450841422 ], [ 105.388312551794698, 21.296093834520605 ], [ 105.387901392820623, 21.295982542481518 ], [ 105.387657722723702, 21.29593506598156 ], [ 105.387591248067849, 21.295915325079147 ], [ 105.387496983829138, 21.29587213604297 ], [ 105.387317152450962, 21.295760929948941 ], [ 105.387128835851485, 21.295663655479142 ], [ 105.387042234741912, 21.295605281574211 ], [ 105.386349352786922, 21.294964704565455 ], [ 105.386241673097658, 21.294881471504215 ], [ 105.3861552462768, 21.294831809567338 ], [ 105.386030994285093, 21.294785972109423 ], [ 105.385929582958056, 21.294770239172703 ], [ 105.385279611575285, 21.294769954068748 ], [ 105.385189184871479, 21.294753220034913 ], [ 105.385125806761678, 21.2947110126212 ], [ 105.385070030677383, 21.294627681079056 ], [ 105.385016375797889, 21.294576316731114 ], [ 105.384973386972518, 21.294548872332566 ], [ 105.384758325478387, 21.294445725696832 ], [ 105.384694594144833, 21.294403851006056 ], [ 105.384659325542202, 21.294369136035186 ], [ 105.384601782464529, 21.294287468780947 ], [ 105.384562182552543, 21.294256832885015 ], [ 105.384481125914746, 21.29423127449185 ], [ 105.384379856278031, 21.29422475181806 ], [ 105.384322930971948, 21.294210432227612 ], [ 105.384259199861447, 21.294168557367435 ], [ 105.384215681824102, 21.294107646745239 ], [ 105.384176082039346, 21.294077010755888 ], [ 105.384124931963385, 21.294057252315909 ], [ 105.38399375606383, 21.294044929265464 ], [ 105.383912699636397, 21.294019370594718 ], [ 105.383857631464423, 21.293969337420052 ], [ 105.383746524473523, 21.293768291560752 ], [ 105.383683648403974, 21.29369164702808 ], [ 105.383621331608239, 21.293648440363885 ], [ 105.38338358503141, 21.293532693240937 ], [ 105.383324185848039, 21.29348673894917 ], [ 105.383291805365744, 21.293449304303664 ], [ 105.382975045669369, 21.292864537257152 ], [ 105.382942931348438, 21.292758923324612 ], [ 105.382930824514247, 21.292600503008991 ], [ 105.382903512729555, 21.292524330737947 ], [ 105.382870277910314, 21.292487700875451 ], [ 105.382779118242553, 21.292434499142463 ], [ 105.38273635963246, 21.292399386010931 ], [ 105.382640714421242, 21.292282995061484 ], [ 105.382571705535014, 21.292216525400057 ], [ 105.382517097250542, 21.29217808303197 ], [ 105.382423649149985, 21.292128827692189 ], [ 105.382224496840024, 21.292052071885898 ], [ 105.382085707806311, 21.292016573300494 ], [ 105.381979718466567, 21.291998356839105 ], [ 105.381586962710216, 21.291965217288535 ], [ 105.381482688250955, 21.291946983675487 ], [ 105.381381009843906, 21.291916397100042 ], [ 105.381224257814623, 21.291851420423825 ], [ 105.381116545606318, 21.291798946735685 ], [ 105.381085648760433, 21.291769535181871 ], [ 105.381081433268932, 21.291736000097927 ], [ 105.381103899114123, 21.291698341486086 ], [ 105.381283037339585, 21.291540583325858 ], [ 105.381417328792267, 21.291382519160624 ], [ 105.381508883476883, 21.291237663362132 ], [ 105.381567780327501, 21.291114884049289 ], [ 105.381613328683201, 21.290987035546738 ], [ 105.381630372618162, 21.290886800672663 ], [ 105.381618481926722, 21.290842614821628 ], [ 105.38158124446862, 21.290797010889076 ], [ 105.381537115691785, 21.290723937291027 ] ] } },
{ "type": "Feature", "properties": { "id": "shoreline_2020_dry_cleaned_1", "bank_type": "unknown", "length_m": 5894.4385074718157, "is_island": false, "year": 2020, "season": "dry", "source": "S1", "processing_version": "1.0" }, "geometry": { "type": "LineString", "coordinates": [ [ 105.436219136169569, 21.272961297974422 ], [ 105.436544463362637, 21.272960455338374 ], [ 105.436634782051826, 21.272943280360145 ], [ 105.436679891410407, 21.272917752051878 ], [ 105.436739903905362, 21.272838538819375 ], [ 105.436803036935999, 21.272796022825389 ], [ 105.436860228691373, 21.272781757097981 ], [ 105.436964140020109, 21.272777252397383 ], [ 105.437058989476725, 21.272764300675433 ], [ 105.437140246114041, 21.272738678471104 ], [ 105.437356830230186, 21.272636470802986 ], [ 105.437409490929753, 21.272617981420002 ], [ 105.437499809301286, 21.272600805982666 ], [ 105.437636847218116, 21.272593391357209 ], [ 105.437694038809667, 21.272579125349139 ], [ 105.437739147870261, 21.272553596761217 ], [ 105.437799159647128, 21.272474383160294 ], [ 105.437838227398771, 21.272443223267803 ], [ 105.43788937765207, 21.272423325917345 ], [ 105.43802188443091, 21.272411687525292 ], [ 105.438079075912924, 21.272397421388064 ], [ 105.438124184850324, 21.272371892698597 ], [ 105.438184196346668, 21.272292678963648 ], [ 105.438247328722085, 21.272250162436858 ], [ 105.438337646763983, 21.272232986555174 ], [ 105.438662972264069, 21.272232139856015 ], [ 105.438726204893243, 21.272223504748183 ], [ 105.43879839900498, 21.272189434884929 ], [ 105.438858410063759, 21.272110220915632 ], [ 105.438921542163769, 21.272067704139971 ], [ 105.438978733420811, 21.272053437700563 ], [ 105.43908264414857, 21.272048931702891 ], [ 105.439177492930924, 21.272035978798407 ], [ 105.439258748784113, 21.272010355583348 ], [ 105.439475330328094, 21.271908145226689 ], [ 105.439527990492692, 21.271889655188982 ], [ 105.439618308153328, 21.27187247862641 ], [ 105.439755345256586, 21.271865062290644 ], [ 105.439812536349791, 21.271850795570604 ], [ 105.439875668059514, 21.271808278442773 ], [ 105.439935678383719, 21.271729064098842 ], [ 105.440007871967964, 21.271694993724331 ], [ 105.44007110427988, 21.271686358116522 ], [ 105.44039642850278, 21.271685508091071 ], [ 105.440486745929363, 21.271668331066447 ], [ 105.440531854219103, 21.271642801741187 ], [ 105.440591864122212, 21.271563587169236 ], [ 105.440630931036608, 21.271532426640146 ], [ 105.440682080585489, 21.27151252845163 ], [ 105.440814586287559, 21.271500887879832 ], [ 105.440871777131562, 21.271486620803824 ], [ 105.440916885298108, 21.271461091377034 ], [ 105.440976894920709, 21.2713818766711 ], [ 105.441015961705091, 21.271350716054311 ], [ 105.441067111137599, 21.271330817750467 ], [ 105.441199616641015, 21.271319176878947 ], [ 105.441256807375467, 21.271304909673798 ], [ 105.441301915418819, 21.271279380145501 ], [ 105.441361924760926, 21.271200165305586 ], [ 105.441425055740353, 21.271157647606461 ], [ 105.441482246389469, 21.271143380325984 ], [ 105.44165089868001, 21.271131644386134 ], [ 105.441736684599491, 21.271110243343976 ], [ 105.442748891852005, 21.270634652436499 ], [ 105.442860251778939, 21.270603301419222 ], [ 105.443028903318407, 21.270591564111903 ], [ 105.443086093584526, 21.270577296292572 ], [ 105.443131201083446, 21.270551766281685 ], [ 105.443191209146491, 21.270472550805621 ], [ 105.443230275218397, 21.270441389684354 ], [ 105.443281424028157, 21.270421490716803 ], [ 105.443413928510367, 21.270409848119822 ], [ 105.44347111866692, 21.270395580171371 ], [ 105.443516226042647, 21.270370050058986 ], [ 105.443576233825212, 21.270290834448975 ], [ 105.443615299767089, 21.27025967324002 ], [ 105.443666448460462, 21.270239774157165 ], [ 105.443798952744004, 21.270228131260517 ], [ 105.443856142791006, 21.270213863182949 ], [ 105.443901250043524, 21.270188332969067 ], [ 105.443946255676067, 21.270128921163071 ], [ 105.443973137106283, 21.270052616177335 ], [ 105.443986425392254, 21.269963641311765 ], [ 105.443983001385959, 21.269324130418678 ], [ 105.443955662875879, 21.269247968284471 ], [ 105.443922418503405, 21.269211350530952 ], [ 105.443837907346989, 21.26915510340103 ], [ 105.443801557714949, 21.269087435436838 ], [ 105.443792343358055, 21.269028166462707 ], [ 105.443787511522913, 21.268421129301519 ], [ 105.443760173288766, 21.268344967122793 ], [ 105.443726929171078, 21.268308349322396 ], [ 105.443642418609286, 21.268252102078119 ], [ 105.443606069295683, 21.268184434059098 ], [ 105.44359685508023, 21.268125165065602 ], [ 105.443592024149638, 21.267518127819471 ], [ 105.443564686191408, 21.267441965596223 ], [ 105.443531442328521, 21.267405347748969 ], [ 105.443446932361297, 21.267349100390334 ], [ 105.443410583366102, 21.26728143231648 ], [ 105.443401369292076, 21.267222163303618 ], [ 105.443396539265962, 21.266615125972567 ], [ 105.443381317842352, 21.266561519736538 ], [ 105.443354081627902, 21.266519239063108 ], [ 105.443269572238748, 21.266462991599631 ], [ 105.443236328672299, 21.266426373684801 ], [ 105.443215099926022, 21.266378430209034 ], [ 105.443205784578709, 21.266285279577726 ], [ 105.443214643550519, 21.266225963013365 ], [ 105.443235584913893, 21.266177908625892 ], [ 105.443268608661512, 21.266141116411127 ], [ 105.443352779705748, 21.266084425216945 ], [ 105.44337976220389, 21.26604200189627 ], [ 105.443394662290601, 21.265988316405693 ], [ 105.443396340993431, 21.264537038587214 ], [ 105.443423221750891, 21.264460733651539 ], [ 105.443456245076675, 21.264423941400047 ], [ 105.443540415084172, 21.264367250118948 ], [ 105.443567397224825, 21.264324826766025 ], [ 105.44358229708277, 21.26427114125217 ], [ 105.443585598015517, 21.263361968933495 ], [ 105.443612478473597, 21.263285663962471 ], [ 105.443645501495396, 21.263248871674179 ], [ 105.443729670769613, 21.26319218030363 ], [ 105.443756652648048, 21.263149756919205 ], [ 105.443771552327277, 21.263096071384428 ], [ 105.443776260955303, 21.262154425112069 ], [ 105.443803039578583, 21.262044238491931 ], [ 105.443921334825973, 21.261816636019368 ], [ 105.443954154325368, 21.261712080443367 ], [ 105.443962911195996, 21.26161888220328 ], [ 105.443963291115978, 21.260740775717245 ], [ 105.443990170929396, 21.260664470674076 ], [ 105.44402319328438, 21.260627678312254 ], [ 105.444107360940549, 21.260570986764105 ], [ 105.444143302146131, 21.260503128293447 ], [ 105.444152160441647, 21.260443811651871 ], [ 105.444151246045053, 21.260138877082021 ], [ 105.444142032176714, 21.260079608057016 ], [ 105.444105684717329, 21.260011940049282 ], [ 105.444042305282949, 21.259969754661039 ], [ 105.443979027442737, 21.259961450869181 ], [ 105.443944435741685, 21.259977071176088 ], [ 105.443915918849228, 21.260009616422103 ], [ 105.443808095165394, 21.260213191676801 ], [ 105.443775072846492, 21.260249983997607 ], [ 105.443702885688893, 21.260284055919787 ], [ 105.443639658471767, 21.260292692813451 ], [ 105.443570373367834, 21.260290051662235 ], [ 105.443513102560445, 21.260276084908199 ], [ 105.443467846059676, 21.260250792563372 ], [ 105.443434603870031, 21.260214174637248 ], [ 105.443393751336785, 21.260150753560406 ], [ 105.443318256336127, 21.260086011840681 ], [ 105.443078458349845, 21.259972290957023 ], [ 105.443039209167054, 21.259941335721003 ], [ 105.443011974304284, 21.259899054936227 ], [ 105.442993648850504, 21.259814398366995 ], [ 105.442988821340563, 21.259207360459278 ], [ 105.442961485309738, 21.259131198031152 ], [ 105.442928243500077, 21.259094579993743 ], [ 105.442843738561251, 21.25903833219057 ], [ 105.442807391954403, 21.258970663879726 ], [ 105.442798178704294, 21.258911394762414 ], [ 105.442797267167265, 21.258606460081101 ], [ 105.442806125904895, 21.25854714348953 ], [ 105.442842067239511, 21.258479285278256 ], [ 105.442881130272724, 21.258448124247685 ], [ 105.443097689573548, 21.258345909460314 ], [ 105.443160814634894, 21.258303391150562 ], [ 105.443223838283117, 21.25822699118623 ], [ 105.443346662144549, 21.258003612377134 ], [ 105.443385724945827, 21.257972451231925 ], [ 105.443436869460371, 21.257952552263472 ], [ 105.443536239460201, 21.257943820367309 ], [ 105.44362664960687, 21.2579605234152 ], [ 105.443690028054874, 21.258002708986858 ], [ 105.443745999222628, 21.258085854657946 ], [ 105.443821493369597, 21.258150596215955 ], [ 105.444061288928296, 21.258264316108654 ], [ 105.444100461685579, 21.258269859896476 ], [ 105.44412751877546, 21.258252847665982 ], [ 105.444145387519754, 21.258185036797872 ], [ 105.444147175388025, 21.257274456110096 ], [ 105.44417395292426, 21.25716426938774 ], [ 105.444302713729002, 21.256912639329613 ], [ 105.444319122840156, 21.256860361486911 ], [ 105.444332409891885, 21.256771386479674 ], [ 105.444329587159899, 21.256402928248644 ], [ 105.444300346367527, 21.256326771035258 ], [ 105.444264777003596, 21.256290159379034 ], [ 105.444216347239887, 21.256264875569371 ], [ 105.444131161506292, 21.256240214624555 ], [ 105.444034398101465, 21.256229078909712 ], [ 105.443784072537184, 21.256242975899909 ], [ 105.443642155236716, 21.256265966458866 ], [ 105.443537945845662, 21.256291373083432 ], [ 105.443435973897778, 21.256324077959096 ], [ 105.443304492773535, 21.25637866238738 ], [ 105.44321024404961, 21.256427459246456 ], [ 105.443090846049813, 21.25650272291638 ], [ 105.44300712482422, 21.256566129392731 ], [ 105.442903544220968, 21.256659738964515 ], [ 105.442768401797849, 21.256816818007739 ], [ 105.442692776325188, 21.256931452935543 ], [ 105.442644389464704, 21.257021607048301 ], [ 105.442591188803263, 21.257146916063821 ], [ 105.442560288375276, 21.257243557892739 ], [ 105.442466256250199, 21.257669289414263 ], [ 105.442353932139184, 21.258023398629533 ], [ 105.442326532047886, 21.258190230735128 ], [ 105.442305138841363, 21.258492231804077 ], [ 105.442279525012367, 21.258588577863616 ], [ 105.44221726843665, 21.25874559060173 ], [ 105.442168563866645, 21.258907732178962 ], [ 105.44214057908296, 21.259039857367465 ], [ 105.44210611461375, 21.259271811256877 ], [ 105.44205623159921, 21.25946386090035 ], [ 105.442046628603023, 21.25955309895717 ], [ 105.442057398087798, 21.259636179752935 ], [ 105.44208474807094, 21.259712328834535 ], [ 105.442121094539459, 21.259779997297862 ], [ 105.442208781675845, 21.259901199835809 ], [ 105.442278596292084, 21.260073227202096 ], [ 105.442329057711859, 21.260161567171124 ], [ 105.442377402081775, 21.260217925823753 ], [ 105.442434762043803, 21.2602657858389 ], [ 105.442638422827542, 21.260379595806164 ], [ 105.442700316956135, 21.260423181669577 ], [ 105.442731545294819, 21.26045603065727 ], [ 105.442750727208775, 21.260492678926429 ], [ 105.442757862690698, 21.260533126481246 ], [ 105.44275295173135, 21.260577373323368 ], [ 105.442732037690774, 21.260642373032262 ], [ 105.442683081852067, 21.260722516966798 ], [ 105.442613029901182, 21.260792366475499 ], [ 105.442549910830138, 21.260834891298725 ], [ 105.442390019550089, 21.260922358188505 ], [ 105.442291326048561, 21.260999296603778 ], [ 105.442243292372765, 21.261055883482655 ], [ 105.442165369360723, 21.261185970734459 ], [ 105.442106388827682, 21.261266140800871 ], [ 105.442073372224129, 21.261301060170595 ], [ 105.442016247933751, 21.261332266139121 ], [ 105.441950004402628, 21.261338064395876 ], [ 105.441879172413934, 21.261322691745683 ], [ 105.441812813494593, 21.261294621818134 ], [ 105.441750927659356, 21.261253854618122 ], [ 105.441665299779416, 21.261164687156292 ], [ 105.441586601718114, 21.26103501052178 ], [ 105.441511029894087, 21.260936363873398 ], [ 105.441436553998457, 21.260870661029319 ], [ 105.441346046103945, 21.260820070711244 ], [ 105.441279162286889, 21.260811463754454 ], [ 105.441220537588293, 21.260840484887499 ], [ 105.441153068997636, 21.260928298824069 ], [ 105.441089534281801, 21.261035939635715 ], [ 105.440904058367948, 21.261400698094342 ], [ 105.44083555983984, 21.261592231594808 ], [ 105.440806833885915, 21.261724253286388 ], [ 105.440775170779119, 21.261957546747542 ], [ 105.440744985496224, 21.262053480122542 ], [ 105.440667447584971, 21.262241959000288 ], [ 105.440618150863301, 21.262438786788433 ], [ 105.440599167039963, 21.262606393620647 ], [ 105.440591639396544, 21.262944600920306 ], [ 105.440576750256142, 21.263043091179995 ], [ 105.440475316784145, 21.263328248043443 ], [ 105.440427142643827, 21.26352548556082 ], [ 105.440414062791504, 21.263625848092854 ], [ 105.440405498962846, 21.263794818390519 ], [ 105.440405187011464, 21.264302922688781 ], [ 105.440418126544415, 21.264573231393317 ], [ 105.440459009093544, 21.264804589673176 ], [ 105.440449697854135, 21.264895239212045 ], [ 105.440406815584041, 21.26497768737012 ], [ 105.440322227506982, 21.265082866326793 ], [ 105.440225602044521, 21.265223858319239 ], [ 105.440174985671945, 21.26531315440868 ], [ 105.440118999748876, 21.265437262121591 ], [ 105.44006036586859, 21.265631794992391 ], [ 105.440004474993586, 21.265994392958941 ], [ 105.439975111097397, 21.266085155651268 ], [ 105.439922500967583, 21.266166681040012 ], [ 105.439779730694084, 21.266317163176193 ], [ 105.439675718213337, 21.266454634388765 ], [ 105.439606018158699, 21.266572237904874 ], [ 105.439536925188563, 21.266727783254701 ], [ 105.439496987701943, 21.266857000066967 ], [ 105.439465739043442, 21.2670230715018 ], [ 105.439454221609381, 21.267157587386404 ], [ 105.439448636436964, 21.267495681672578 ], [ 105.439432464699863, 21.267593918025344 ], [ 105.439412440645498, 21.267657567916512 ], [ 105.439322890906325, 21.267841649080655 ], [ 105.439218801735024, 21.268018973992078 ], [ 105.43891643779051, 21.268434505296188 ], [ 105.438750784537149, 21.268693290651822 ], [ 105.438687028241802, 21.268773427796852 ], [ 105.438423138979161, 21.269049811485868 ], [ 105.438241507735512, 21.26929655186791 ], [ 105.438196673014218, 21.269345965946528 ], [ 105.438117193384173, 21.269409093635751 ], [ 105.438056055266131, 21.269443849800584 ], [ 105.437474185017237, 21.269710974409289 ], [ 105.437284824897858, 21.269808560992193 ], [ 105.437164820399019, 21.269882599621873 ], [ 105.437053176855997, 21.269967634047021 ], [ 105.43695124705917, 21.270062555121136 ], [ 105.436838745298118, 21.270194039835459 ], [ 105.436762025173863, 21.270307833975902 ], [ 105.436499307844372, 21.270788187137246 ], [ 105.436299443681634, 21.271184775922173 ], [ 105.43626252546521, 21.271279631740306 ], [ 105.436192105580176, 21.27150616279798 ], [ 105.436082546008421, 21.27179027893693 ], [ 105.436027743403159, 21.271985872286365 ], [ 105.436004494297663, 21.272152960075243 ], [ 105.435994540958077, 21.272389530803771 ], [ 105.43600357611821, 21.272660156709861 ], [ 105.436024399046516, 21.272827603995069 ], [ 105.436056460179628, 21.272959130346734 ], [ 105.436086366112562, 21.273035029945149 ], [ 105.436095952677718, 21.272998324826506 ], [ 105.436119165975825, 21.272979036762028 ], [ 105.436160227139425, 21.272966694482349 ], [ 105.436219136169569, 21.272961297974422 ] ] } },
{ "type": "Feature", "properties": { "id": "shoreline_2020_dry_cleaned_2", "bank_type": "unknown", "length_m": 1473.584639029034, "is_island": true, "year": 2020, "season": "dry", "source": "S1", "processing_version": "1.0" }, "geometry": { "type": "LineString", "coordinates": [ [ 105.437243747796529, 21.229258954853798 ], [ 105.437162763329525, 21.228898681078071 ], [ 105.437052491177738, 21.228579857536385 ], [ 105.437032171165555, 21.228448595237388 ], [ 105.437034248751331, 21.228350510868754 ], [ 105.437053415707112, 21.228254556680529 ], [ 105.437120523912938, 21.228064919351205 ], [ 105.437168189442971, 21.227902455180093 ], [ 105.437193515491515, 21.22776990125892 ], [ 105.437213252042127, 21.227602688251459 ], [ 105.437250479626996, 21.227474070632159 ], [ 105.437324053655217, 21.227320136557125 ], [ 105.437492659102759, 21.227021883585973 ], [ 105.437617937555643, 21.226779157386677 ], [ 105.437688547750895, 21.226623944084142 ], [ 105.437739814076025, 21.226462710971703 ], [ 105.437770367463742, 21.226296568126127 ], [ 105.437781823780085, 21.226128029262981 ], [ 105.437782634739364, 21.22582336682677 ], [ 105.437755239562165, 21.225487718384908 ], [ 105.437760745698142, 21.225354997720316 ], [ 105.437774652497694, 21.225293909791244 ], [ 105.437816702463593, 21.22521501503207 ], [ 105.437884180125266, 21.225151404817243 ], [ 105.437994608824056, 21.22507974549081 ], [ 105.438183579613792, 21.224987248211974 ], [ 105.438305772686192, 21.224916482998427 ], [ 105.438420602378471, 21.2248348563744 ], [ 105.438528416711733, 21.224745501923536 ], [ 105.438703640697923, 21.224575352232858 ], [ 105.43884221858454, 21.224420151176083 ], [ 105.438920965412379, 21.224307515072265 ], [ 105.439072691397897, 21.224039334075744 ], [ 105.439107467484803, 21.22399244223412 ], [ 105.439167245187107, 21.223955951885316 ], [ 105.439212172721241, 21.223954189924232 ], [ 105.439261009012412, 21.223967415577423 ], [ 105.439369041283925, 21.224011250722931 ], [ 105.439619400360456, 21.224135265367778 ], [ 105.439957096353197, 21.224254773535264 ], [ 105.439978466292715, 21.224267167710607 ], [ 105.440006697442769, 21.224300243387638 ], [ 105.440015583614723, 21.22434436884053 ], [ 105.440005124793558, 21.224399544072416 ], [ 105.439951420489663, 21.224560322576377 ], [ 105.439897707905075, 21.224824623985924 ], [ 105.439845479710897, 21.22501749535056 ], [ 105.439739155695136, 21.225338425107719 ], [ 105.439400512047669, 21.226295537412696 ], [ 105.439372853491932, 21.226393090677814 ], [ 105.439310853301905, 21.226689337970654 ], [ 105.439262385082841, 21.226848250142055 ], [ 105.439207798455953, 21.226971325291537 ], [ 105.439026241423846, 21.22729955390469 ], [ 105.438922603928773, 21.22743621713245 ], [ 105.43871690178355, 21.227660849398656 ], [ 105.438667873781398, 21.227704765497364 ], [ 105.438584106971348, 21.227760042591328 ], [ 105.438358784469358, 21.227861151750897 ], [ 105.438206812625978, 21.227951012964851 ], [ 105.438068220793923, 21.228057732244697 ], [ 105.437922023195512, 21.228206115180818 ], [ 105.43781937449927, 21.228344372409101 ], [ 105.437736050248404, 21.228493273591518 ], [ 105.437673047198729, 21.228651038386381 ], [ 105.437604455135684, 21.228909962593754 ], [ 105.437566205585895, 21.228998171647422 ], [ 105.437517183130936, 21.229080067025546 ], [ 105.437417289537535, 21.229211940963797 ], [ 105.437278658236394, 21.229363682333627 ], [ 105.437243747796529, 21.229258954853798 ] ] } },
{ "type": "Feature", "properties": { "id": "shoreline_2020_dry_cleaned_3", "bank_type": "unknown", "length_m": 56264.9993004262, "is_island": false, "year": 2020, "season": "dry", "source": "S1", "processing_version": "1.0" }, "geometry": { "type": "LineString", "coordinates": [ [ 105.440343702862165, 21.247872316109071 ], [ 105.440388955023408, 21.24789760940466 ], [ 105.440434307884999, 21.247956784373294 ], [ 105.440449526202443, 21.248010391045142 ], [ 105.440451321574784, 21.248107796956372 ], [ 105.440443972520171, 21.248168521306752 ], [ 105.440421623270908, 21.248249049301567 ], [ 105.440303333017994, 21.248476649588302 ], [ 105.440292913380844, 21.248517617478949 ], [ 105.440311135111912, 21.248568392822431 ], [ 105.440391102790954, 21.248620418672921 ], [ 105.440424341582272, 21.248657037307723 ], [ 105.440451674277909, 21.248733200297835 ], [ 105.440456490202507, 21.249340239216465 ], [ 105.440447731695002, 21.249433437435449 ], [ 105.440425382270618, 21.249513965422004 ], [ 105.440307091052276, 21.249741565694798 ], [ 105.440280211200459, 21.249817870247764 ], [ 105.440265512803265, 21.2499393189138 ], [ 105.440266418723184, 21.250244254012721 ], [ 105.440275731016754, 21.250337405032788 ], [ 105.440298558803789, 21.250417815033821 ], [ 105.440418201533944, 21.250644793924003 ], [ 105.440428864627393, 21.25068570674776 ], [ 105.440410944663469, 21.250736576458753 ], [ 105.440331286238759, 21.250789019147852 ], [ 105.440298265097098, 21.250825810807051 ], [ 105.440271385055055, 21.250902115352314 ], [ 105.440268867886005, 21.252082342655829 ], [ 105.440253967959862, 21.252136027953714 ], [ 105.440226987010732, 21.252178450815244 ], [ 105.440142822535677, 21.252235140425046 ], [ 105.44010980103134, 21.252271932047456 ], [ 105.440088860522806, 21.252319986109008 ], [ 105.440080001017378, 21.252379302613896 ], [ 105.440082213029811, 21.25464515073746 ], [ 105.440071843249839, 21.254703059423193 ], [ 105.440044962426526, 21.254779363911631 ], [ 105.439923646268738, 21.255004148246634 ], [ 105.439892134258599, 21.255042347632216 ], [ 105.439833540064768, 21.25508908814761 ], [ 105.439594431398547, 21.255204063261917 ], [ 105.439555368500834, 21.255235223539987 ], [ 105.439519426404487, 21.255303081089025 ], [ 105.439507747233904, 21.25542734525003 ], [ 105.439480865994227, 21.25550364964932 ], [ 105.439447843610466, 21.255540441143346 ], [ 105.439381698309745, 21.255580142452782 ], [ 105.439336695127565, 21.255639553097009 ], [ 105.439318874691139, 21.255724304338461 ], [ 105.439320582717471, 21.256300292527875 ], [ 105.43931172269707, 21.256359608973948 ], [ 105.439275780225458, 21.256427466468683 ], [ 105.439173591500662, 21.256501143530645 ], [ 105.439137648932132, 21.256569000996482 ], [ 105.439128788824362, 21.256628317432604 ], [ 105.439129692717358, 21.256933252336449 ], [ 105.439111872021044, 21.257018003547806 ], [ 105.439084889879766, 21.257060426223156 ], [ 105.439000722219888, 21.257117115285737 ], [ 105.438967699363275, 21.257153906686984 ], [ 105.438946757822677, 21.257201960597332 ], [ 105.438935078052637, 21.257326224701689 ], [ 105.438920177150933, 21.257379909865939 ], [ 105.438875173248704, 21.257439320386993 ], [ 105.43879614936975, 21.257491614366494 ], [ 105.438781169900793, 21.257523782037755 ], [ 105.438785130546805, 21.257561352260282 ], [ 105.438824638570779, 21.257623745704311 ], [ 105.438891196371472, 21.257665561515974 ], [ 105.438949514946813, 21.257679733542613 ], [ 105.439199081637582, 21.257676226637699 ], [ 105.43934231663755, 21.257661120673493 ], [ 105.439448098956092, 21.257641997447475 ], [ 105.439586498034203, 21.257605280342592 ], [ 105.439687285565185, 21.2575694971618 ], [ 105.43987897531521, 21.257477137336426 ], [ 105.44002580503394, 21.25738048852271 ], [ 105.440161413410351, 21.257269308182185 ], [ 105.440697306446282, 21.256767838737215 ], [ 105.440804311037496, 21.256681277902572 ], [ 105.44098177750864, 21.256579382154101 ], [ 105.44134271917099, 21.256434095250871 ], [ 105.441726949403616, 21.25624886869922 ], [ 105.441850161889846, 21.256179685383014 ], [ 105.441993106804702, 21.25607734836456 ], [ 105.442096722355743, 21.255984144934633 ], [ 105.442211679241666, 21.255854542584803 ], [ 105.442290529584824, 21.255741956661751 ], [ 105.442341694995179, 21.255652821700025 ], [ 105.442398396750832, 21.255529178550283 ], [ 105.442432246073011, 21.255433009056645 ], [ 105.442465379488539, 21.255302016538238 ], [ 105.442493344900925, 21.255067192915938 ], [ 105.442496328071059, 21.254660855085024 ], [ 105.442511653062425, 21.254564143434454 ], [ 105.442550420869907, 21.254474831723183 ], [ 105.442683746891092, 21.254277085608045 ], [ 105.442864504994517, 21.253946776197292 ], [ 105.442889341577924, 21.253869560247875 ], [ 105.442884312661008, 21.253828124654206 ], [ 105.442862014449304, 21.253794722424107 ], [ 105.442694378734458, 21.253663489308455 ], [ 105.442660758334497, 21.253627229314777 ], [ 105.442634650176302, 21.253583887492407 ], [ 105.442609573385937, 21.253505596337281 ], [ 105.442594538343698, 21.253383861716419 ], [ 105.442587595681559, 21.252948704818138 ], [ 105.442572647596791, 21.252860865346971 ], [ 105.442535732823401, 21.252793734113183 ], [ 105.442429800947735, 21.252689734891153 ], [ 105.442335986129649, 21.25254033587316 ], [ 105.442243978624489, 21.25242321019493 ], [ 105.442212708994049, 21.252350757400222 ], [ 105.442200019150008, 21.252260789292432 ], [ 105.442207079123179, 21.252166008529223 ], [ 105.442224057940905, 21.252114261714983 ], [ 105.442250854484669, 21.252071667186875 ], [ 105.442320871692829, 21.252001789043888 ], [ 105.442346720297081, 21.251958310857891 ], [ 105.442371328827406, 21.251879889293065 ], [ 105.442377173598558, 21.251822339379462 ], [ 105.442370992026866, 21.251771883119115 ], [ 105.442352784123514, 21.251728520510603 ], [ 105.44225531020561, 21.251619731371534 ], [ 105.442218119156479, 21.251518883953501 ], [ 105.442197717104861, 21.251300278408308 ], [ 105.442198496676184, 21.25093039862973 ], [ 105.442210566536318, 21.250874075664939 ], [ 105.442232454040109, 21.25082690499088 ], [ 105.442367199996127, 21.250682219763828 ], [ 105.442445307302421, 21.250552309307388 ], [ 105.442536612802527, 21.250434702656392 ], [ 105.442567448927861, 21.25036208690474 ], [ 105.442579601231571, 21.250272053603286 ], [ 105.442578690550704, 21.249967118600704 ], [ 105.44258754892823, 21.249907801967549 ], [ 105.44262348834674, 21.249839943768428 ], [ 105.44270520981172, 21.249785553862335 ], [ 105.442726026652892, 21.249760266332377 ], [ 105.442728243657228, 21.249746850596441 ], [ 105.442716294840679, 21.249718475183631 ], [ 105.442651715623299, 21.249654422001523 ], [ 105.442626702807118, 21.24959731694462 ], [ 105.442627090549678, 21.249532200346387 ], [ 105.442655840413394, 21.24944706289747 ], [ 105.442754429611256, 21.249308789780844 ], [ 105.442832160386814, 21.249110954518926 ], [ 105.442946104977977, 21.248946879102718 ], [ 105.443023835315699, 21.248749043751779 ], [ 105.443078544025852, 21.248664895998438 ], [ 105.443130895988972, 21.248612338479973 ], [ 105.44319174637215, 21.248567703477558 ], [ 105.443329881705054, 21.24849375431906 ], [ 105.443451815337724, 21.248410332668527 ], [ 105.443469494332732, 21.248404288777266 ], [ 105.443502070191485, 21.248406500985379 ], [ 105.443530936552008, 21.248427779849202 ], [ 105.443625107407399, 21.248572948850615 ], [ 105.443709317386947, 21.248663446372237 ], [ 105.443770433952764, 21.248707760641203 ], [ 105.443930887397514, 21.248794334300406 ], [ 105.444030519335797, 21.24887029287023 ], [ 105.444060383001641, 21.248910093566124 ], [ 105.44408273475976, 21.248956976141216 ], [ 105.444108658499999, 21.249068445996809 ], [ 105.444139369228637, 21.249141425553937 ], [ 105.444169232979405, 21.249181226227819 ], [ 105.444224357541671, 21.249231189628034 ], [ 105.44426633626108, 21.249293546322239 ], [ 105.444284932177311, 21.249343969812607 ], [ 105.444300056499841, 21.249431643588885 ], [ 105.444315603961741, 21.249722783025252 ], [ 105.444339586742302, 21.24987006040276 ], [ 105.444388908120303, 21.249993449873926 ], [ 105.444463173912666, 21.250093323068555 ], [ 105.444486085082744, 21.250139678487177 ], [ 105.444504969179278, 21.250223807905773 ], [ 105.44451476207621, 21.250350485532238 ], [ 105.444532050067096, 21.250402142241104 ], [ 105.444559100773489, 21.250444595171576 ], [ 105.444649161399155, 21.250529578038567 ], [ 105.444731790900121, 21.250650942193232 ], [ 105.444758765683403, 21.250670456928994 ], [ 105.444773076440811, 21.250672535118984 ], [ 105.444803344679841, 21.250661333142645 ], [ 105.444890993437411, 21.250579736117469 ], [ 105.445001854106238, 21.250514146091302 ], [ 105.445040914608555, 21.250482984575701 ], [ 105.445067893865129, 21.250440560964829 ], [ 105.44508571042563, 21.250355809131296 ], [ 105.445083980516543, 21.249779820985676 ], [ 105.445097636094957, 21.249623616753794 ], [ 105.445135461156084, 21.249489943403994 ], [ 105.445171399299539, 21.249422084680688 ], [ 105.445244307164629, 21.249321115709304 ], [ 105.44526891374295, 21.249242693731674 ], [ 105.445274938135725, 21.24918073616389 ], [ 105.445274864451235, 21.248842799843345 ], [ 105.445287677274024, 21.248719596974606 ], [ 105.445325501948446, 21.248585923574961 ], [ 105.445361439793118, 21.248518064809286 ], [ 105.445434347094647, 21.248417095755034 ], [ 105.445458953431327, 21.248338673745703 ], [ 105.445464977715332, 21.248276716166554 ], [ 105.445464903639149, 21.247938779817609 ], [ 105.445477716240546, 21.247815576925412 ], [ 105.445497240629663, 21.247732417572546 ], [ 105.445526388017498, 21.247658228895219 ], [ 105.445612030821906, 21.247535345718191 ], [ 105.445642864854165, 21.247462729416267 ], [ 105.44565501508248, 21.247372695899248 ], [ 105.445654098210824, 21.247067760919418 ], [ 105.445663133486107, 21.246941036934057 ], [ 105.445679824835963, 21.246855236752555 ], [ 105.445705576895762, 21.246777883106954 ], [ 105.445741514142952, 21.246710024256551 ], [ 105.445802066428655, 21.246631325238475 ], [ 105.445832900187895, 21.246558708898991 ], [ 105.445845050237381, 21.246468675361999 ], [ 105.445844133017573, 21.24616374035741 ], [ 105.445852989887783, 21.246104423552971 ], [ 105.445888926909731, 21.246036564669819 ], [ 105.445973085656618, 21.245979872250544 ], [ 105.446018083286404, 21.245920459865051 ], [ 105.446032980534255, 21.245866774065888 ], [ 105.446044831748438, 21.245675102219028 ], [ 105.446077558836379, 21.245536677879386 ], [ 105.446110100571943, 21.245465654021665 ], [ 105.446183762753449, 21.245365390197584 ], [ 105.446206394255768, 21.24531891449643 ], [ 105.446224771845479, 21.245234686643681 ], [ 105.446233802950445, 21.245107959253552 ], [ 105.446250779594678, 21.245056212029553 ], [ 105.446277573732672, 21.245013616868718 ], [ 105.446347585740796, 21.244943737087304 ], [ 105.44637343196176, 21.244900258290119 ], [ 105.446391724026682, 21.244849737378342 ], [ 105.446409613793676, 21.244731268341177 ], [ 105.44641748917924, 21.244535890615499 ], [ 105.446426345735176, 21.244476573775287 ], [ 105.446462282112464, 21.244408714768479 ], [ 105.446546439722567, 21.244352022072331 ], [ 105.446591436638371, 21.24429260953519 ], [ 105.446606333525764, 21.2442389236816 ], [ 105.446612067707278, 21.244142909660912 ], [ 105.44663894330823, 21.244066604122672 ], [ 105.446671961378669, 21.24402981124646 ], [ 105.446738099575697, 21.243990107147471 ], [ 105.446783096306717, 21.243930694559936 ], [ 105.446797993090613, 21.243877008688997 ], [ 105.446814462398379, 21.243655856398814 ], [ 105.44683398553326, 21.243572696873176 ], [ 105.446863131471147, 21.243498507954541 ], [ 105.446977067355348, 21.243334429860194 ], [ 105.447009608194136, 21.243263405826561 ], [ 105.447043942555453, 21.243160267347957 ], [ 105.447094120271302, 21.243071898433897 ], [ 105.447181180470238, 21.242984125816037 ], [ 105.447313073600171, 21.242904361072316 ], [ 105.447346091247553, 21.242867568066593 ], [ 105.447367028110705, 21.242819513114853 ], [ 105.447378699897556, 21.242695248357219 ], [ 105.447405574853917, 21.242618942695355 ], [ 105.447459631472924, 21.242567976383022 ], [ 105.447616163541866, 21.242477394512143 ], [ 105.447689193923196, 21.242410329665873 ], [ 105.447725129235081, 21.242342470392472 ], [ 105.447750380726447, 21.242230865190802 ], [ 105.447780650418764, 21.242157724365175 ], [ 105.447810272778042, 21.242117766375546 ], [ 105.447916136404046, 21.242013736980894 ], [ 105.44800904550533, 21.241863844974667 ], [ 105.448085912239108, 21.241766570513583 ], [ 105.448161374801018, 21.241701773314759 ], [ 105.44834252317527, 21.241600353645143 ], [ 105.448442635582992, 21.241524749372751 ], [ 105.448507545224984, 21.241450114675946 ], [ 105.448614691329482, 21.241279709091849 ], [ 105.448680901850935, 21.241206287210243 ], [ 105.448723354153913, 21.241178289741399 ], [ 105.448773360500354, 21.241157334270827 ], [ 105.448892258308561, 21.24113302829495 ], [ 105.44897010053765, 21.241104235759288 ], [ 105.449012552755718, 21.241076238218803 ], [ 105.449122912660684, 21.240976401051157 ], [ 105.449304059480056, 21.240874980367565 ], [ 105.449404170903591, 21.240799375535378 ], [ 105.449469079743849, 21.240724740476367 ], [ 105.449547175687769, 21.240594826780054 ], [ 105.449653655087559, 21.240457586612006 ], [ 105.449689589036552, 21.240389726928743 ], [ 105.449744481814236, 21.240238183260452 ], [ 105.449799183621423, 21.24015403336514 ], [ 105.449891149207559, 21.240070835310387 ], [ 105.450072294390864, 21.239969413819903 ], [ 105.450172404811298, 21.239893808541503 ], [ 105.45023731287165, 21.239819173192796 ], [ 105.450315407674267, 21.239689259147347 ], [ 105.450392271775016, 21.239591983657114 ], [ 105.450407227187597, 21.239560528129434 ], [ 105.450398111218149, 21.239536198976818 ], [ 105.450384526468696, 21.239526706790311 ], [ 105.450339303443457, 21.239513067189574 ], [ 105.450275464273119, 21.239505302831819 ], [ 105.450106020509821, 21.239495175332607 ], [ 105.449745190780206, 21.239495608723011 ], [ 105.449651415580618, 21.239482091638429 ], [ 105.44957960416761, 21.239447865366326 ], [ 105.449507883582484, 21.239379574929753 ], [ 105.449446769244972, 21.239335262653444 ], [ 105.44933063869307, 21.239274866850593 ], [ 105.44924425788102, 21.239220399248129 ], [ 105.449186695029695, 21.23917273840333 ], [ 105.449156832019767, 21.239132938559024 ], [ 105.449119639608639, 21.239032092541677 ], [ 105.449104600937474, 21.238910358361355 ], [ 105.44909535597364, 21.238715204583919 ], [ 105.449080135566732, 21.238661598671495 ], [ 105.449052903032083, 21.238619318717589 ], [ 105.448968407660274, 21.238563073682979 ], [ 105.448935169105127, 21.238526456685644 ], [ 105.448913942706994, 21.238478513731447 ], [ 105.44890152028529, 21.238354312942608 ], [ 105.448886299987777, 21.238300707008516 ], [ 105.448859067576137, 21.23825842701936 ], [ 105.448774572484297, 21.238202181880315 ], [ 105.448741334058923, 21.238165564840948 ], [ 105.448720107776992, 21.238117621858294 ], [ 105.448707685553686, 21.237993421046479 ], [ 105.448692465365582, 21.237939815090712 ], [ 105.448665233076923, 21.23789753506631 ], [ 105.448580738265065, 21.237841289822839 ], [ 105.448547499969479, 21.237804672741447 ], [ 105.448526273803736, 21.237756729730332 ], [ 105.448513851778813, 21.237632528895546 ], [ 105.44849863170009, 21.237578922918111 ], [ 105.448471399534426, 21.237536642858462 ], [ 105.448386905002522, 21.23748039751057 ], [ 105.448353666836724, 21.237443780387139 ], [ 105.448332440787169, 21.237395837347577 ], [ 105.448320018960629, 21.237271636489808 ], [ 105.448304798991288, 21.237218030490709 ], [ 105.448277566948619, 21.237175750395817 ], [ 105.448193072696682, 21.237119504943511 ], [ 105.448159834660672, 21.237082887778051 ], [ 105.448138608727291, 21.237034944710036 ], [ 105.44812618709912, 21.236910743829295 ], [ 105.448110967239174, 21.236857137808528 ], [ 105.448083735319472, 21.2368148576784 ], [ 105.447999241347475, 21.236758612121669 ], [ 105.447966003441252, 21.236721994914191 ], [ 105.447944777624059, 21.236674051817715 ], [ 105.447932356194258, 21.23654985091401 ], [ 105.447905022050719, 21.236473689054556 ], [ 105.44787178423266, 21.236437071825737 ], [ 105.447757530793012, 21.236374907731658 ], [ 105.447673402725044, 21.236318317353721 ], [ 105.447636029585098, 21.236285599250266 ], [ 105.447606167582862, 21.236245799100246 ], [ 105.447575457958706, 21.236172820046193 ], [ 105.447557892818367, 21.236087447423035 ], [ 105.447539297549241, 21.23603702420489 ], [ 105.447497321334794, 21.23597466818579 ], [ 105.44744220070946, 21.235924705709671 ], [ 105.447412338833175, 21.235884905521438 ], [ 105.447381629381979, 21.235811926425995 ], [ 105.44736406439975, 21.235726553776285 ], [ 105.447345469243828, 21.235676130532664 ], [ 105.447303493215102, 21.235613774459438 ], [ 105.447248372790369, 21.235563811914339 ], [ 105.447218511040035, 21.235524011687904 ], [ 105.447187801761828, 21.235451032551062 ], [ 105.44717023693768, 21.235365659874816 ], [ 105.447151641894948, 21.235315236605715 ], [ 105.447109666051958, 21.235252880478367 ], [ 105.447054545827839, 21.235202917864292 ], [ 105.447024684203441, 21.235163117599654 ], [ 105.446993975098195, 21.235090138421423 ], [ 105.446968051851883, 21.234978668820414 ], [ 105.446945701384834, 21.234931786529252 ], [ 105.446915839845317, 21.234891986242591 ], [ 105.4468607198218, 21.234842023559551 ], [ 105.446818744237589, 21.234779667351816 ], [ 105.446800149391052, 21.234729244037077 ], [ 105.446782584883096, 21.23464387130775 ], [ 105.446751876008747, 21.234570892076981 ], [ 105.446722014595167, 21.234531091752118 ], [ 105.446615530525889, 21.234427625231849 ], [ 105.446507359007171, 21.234257794056887 ], [ 105.446414421002231, 21.23414155550822 ], [ 105.446378079112336, 21.23407388768938 ], [ 105.446343126049129, 21.23397093255489 ], [ 105.44631015991817, 21.233900081878037 ], [ 105.446195244939872, 21.233736609406805 ], [ 105.446139439999342, 21.233585359469824 ], [ 105.44610309837509, 21.233517691582698 ], [ 105.446020583584712, 21.233425603551684 ], [ 105.445959472753287, 21.233381289919201 ], [ 105.445868789220242, 21.233330881794299 ], [ 105.445835552616799, 21.233294264129455 ], [ 105.445808220176829, 21.233218101871451 ], [ 105.445795800880674, 21.233093900723098 ], [ 105.445759459536632, 21.233026232753154 ], [ 105.445720217053548, 21.232995277927238 ], [ 105.445627089880901, 21.232947174001133 ], [ 105.445542964575125, 21.232890582489389 ], [ 105.445505592774623, 21.232857863877271 ], [ 105.445463618331672, 21.232795507297876 ], [ 105.445433941141658, 21.232687578375739 ], [ 105.445421156685896, 21.232563721829258 ], [ 105.445411435538787, 21.232335044034656 ], [ 105.445382760488698, 21.232192192686416 ], [ 105.445341057253813, 21.23209560294492 ], [ 105.445281350536689, 21.232015988230774 ], [ 105.445205503777544, 21.231951591547123 ], [ 105.445093512517374, 21.231887296904077 ], [ 105.445048162863898, 21.231828123022371 ], [ 105.445032944669322, 21.231774516662977 ], [ 105.445019943023055, 21.231582910110671 ], [ 105.444995125654202, 21.231470399442969 ], [ 105.444953422882151, 21.231373809589439 ], [ 105.444866680213352, 21.231251731561258 ], [ 105.444841606263154, 21.23117344048595 ], [ 105.444835210776233, 21.231111515550385 ], [ 105.444833255885698, 21.230773583454539 ], [ 105.444807296745367, 21.230594194513344 ], [ 105.444770095207048, 21.230493360850716 ], [ 105.444680299478648, 21.230357173249114 ], [ 105.444678937141902, 21.230341469014004 ], [ 105.444691464367949, 21.230312668647201 ], [ 105.444769422534961, 21.230261815396304 ], [ 105.444814416009805, 21.230202403296946 ], [ 105.444832230515047, 21.230117651327781 ], [ 105.444831316151394, 21.229812715690493 ], [ 105.444838475253491, 21.229751816352397 ], [ 105.444867619618748, 21.229677627687654 ], [ 105.444966114351857, 21.229566735974064 ], [ 105.44499638296773, 21.229493595559958 ], [ 105.445007120432749, 21.22943603253027 ], [ 105.445022250695516, 21.22921363017576 ], [ 105.445021815046147, 21.228064466488135 ], [ 105.445036710992056, 21.228010780688955 ], [ 105.445063686289672, 21.22796835703797 ], [ 105.44514783524491, 21.227911665084171 ], [ 105.445180850174722, 21.227874872486382 ], [ 105.4452017857257, 21.227826817743185 ], [ 105.44521064190512, 21.227767500858757 ], [ 105.445207199365299, 21.225804647488651 ], [ 105.445219266223503, 21.225748324197315 ], [ 105.445241149213274, 21.225701153074681 ], [ 105.445325775309954, 21.225611120210793 ], [ 105.445361707797275, 21.225543261358826 ], [ 105.445380645803425, 21.225459557571568 ], [ 105.445394281337101, 21.225303336125194 ], [ 105.445365579219541, 21.215174268191781 ], [ 105.445358055662041, 21.215113407467435 ], [ 105.445328469650988, 21.215039373538193 ], [ 105.445259178038967, 21.214968803535978 ], [ 105.44521720890863, 21.214906446672792 ], [ 105.445192137708631, 21.214828155453201 ], [ 105.445185950159981, 21.214770636952991 ], [ 105.445191828200578, 21.214720148771171 ], [ 105.445209771818753, 21.214676690906806 ], [ 105.4452927041457, 21.214588249461571 ], [ 105.445318545568938, 21.214544770757797 ], [ 105.445343146707131, 21.214466348549482 ], [ 105.445354721896578, 21.214375780538621 ], [ 105.44536269949613, 21.21421428396421 ], [ 105.445359345668976, 21.213096184549428 ], [ 105.445372998352866, 21.212939979683217 ], [ 105.445410814472694, 21.212806305861591 ], [ 105.445446743938206, 21.212738446944233 ], [ 105.445519634085059, 21.212637477736962 ], [ 105.445538110055551, 21.212587131502438 ], [ 105.445548284106735, 21.212529044212097 ], [ 105.445544463153524, 21.210565834609621 ], [ 105.445549822422819, 21.210469470829651 ], [ 105.445563678039775, 21.21038102953295 ], [ 105.445586217358681, 21.210300685430184 ], [ 105.44563185960763, 21.210208096835917 ], [ 105.445704748419374, 21.210107127542706 ], [ 105.445723224029038, 21.210056781279558 ], [ 105.445733397854056, 21.209998693965048 ], [ 105.445732829233904, 21.209119702033728 ], [ 105.445726891763201, 21.209023368048303 ], [ 105.445705832902817, 21.208907316151308 ], [ 105.445679623155854, 21.208830099383086 ], [ 105.445643288026758, 21.20876243108879 ], [ 105.445585298877376, 21.208686868280953 ], [ 105.445577491275898, 21.208654590385308 ], [ 105.445590016580198, 21.208625789913388 ], [ 105.445603904068449, 21.208612693710283 ], [ 105.44568597821403, 21.208557947740985 ], [ 105.445712949900354, 21.208515523954372 ], [ 105.445727843774947, 21.208461838009299 ], [ 105.445730571452131, 21.207552132415792 ], [ 105.445742636766113, 21.207495808995372 ], [ 105.445764517013885, 21.207448637753625 ], [ 105.445849132604991, 21.20735860462235 ], [ 105.445874972647886, 21.207315125821392 ], [ 105.445893260507077, 21.207264604818153 ], [ 105.445913873481288, 21.207114891023892 ], [ 105.445921939480698, 21.206919690546886 ], [ 105.445936833130901, 21.206866004577432 ], [ 105.445963804447189, 21.206823580748978 ], [ 105.446047941225629, 21.206766888422258 ], [ 105.446080951331339, 21.206730095643422 ], [ 105.446107820817289, 21.20665378996744 ], [ 105.446119491423829, 21.206529524798029 ], [ 105.446155419101359, 21.206461665712144 ], [ 105.446194467944466, 21.206430503975898 ], [ 105.446309078696004, 21.206368441147731 ], [ 105.44639058479676, 21.206309295977142 ], [ 105.446437840509148, 21.206252000098594 ], [ 105.446468103870913, 21.206178859315948 ], [ 105.446492472266328, 21.205965074234236 ], [ 105.446492234236601, 21.205322901989714 ], [ 105.446501088736838, 21.205263584912853 ], [ 105.446537015943804, 21.205195725744144 ], [ 105.44662115158809, 21.205139033141148 ], [ 105.446666136899083, 21.205079620519417 ], [ 105.446681030107811, 21.205025934480695 ], [ 105.446692878280572, 21.204834261736629 ], [ 105.446717014967874, 21.204721621456461 ], [ 105.446758129378438, 21.204624812611947 ], [ 105.446835114549472, 21.204510772415336 ], [ 105.446836382321536, 21.204495061192389 ], [ 105.446823684529377, 21.20446632734388 ], [ 105.446734680607307, 21.204405857323163 ], [ 105.446724631103351, 21.204379592924489 ], [ 105.446727790500944, 21.204365645600671 ], [ 105.446803396588493, 21.204284106345412 ], [ 105.446829235832311, 21.20424062739707 ], [ 105.446847523007307, 21.204190106284614 ], [ 105.446864569677771, 21.204104641642704 ], [ 105.44689483241163, 21.204031500776512 ], [ 105.446924447609277, 21.203991542892805 ], [ 105.446979254439725, 21.203941289020921 ], [ 105.447020845152423, 21.203878711364322 ], [ 105.447064378258574, 21.203716584731261 ], [ 105.447100304845833, 21.203648725441525 ], [ 105.447221893597302, 21.203525597796187 ], [ 105.447329018293345, 21.20335519608113 ], [ 105.447409072776296, 21.20326091205467 ], [ 105.447488292416352, 21.203199636271616 ], [ 105.447669398403292, 21.203098221044279 ], [ 105.447729677718769, 21.203053070459973 ], [ 105.447763068516721, 21.203016633493128 ], [ 105.447798994618978, 21.202948774057841 ], [ 105.44782423994846, 21.202837168445814 ], [ 105.447854501960691, 21.2027640274097 ], [ 105.447884116650997, 21.202724069360812 ], [ 105.447938922691534, 21.202673815184074 ], [ 105.447980512651071, 21.202611237295276 ], [ 105.447998799242583, 21.202560716058954 ], [ 105.448015845080249, 21.202475251299475 ], [ 105.448046106927293, 21.202402110228892 ], [ 105.448075721495201, 21.2023621521469 ], [ 105.448181557137062, 21.202258122602959 ], [ 105.448288679835343, 21.202087720289562 ], [ 105.448368733033234, 21.201993435817119 ], [ 105.448447951603015, 21.201932159593849 ], [ 105.44862905538632, 21.201830743361512 ], [ 105.448707917042441, 21.201769134386719 ], [ 105.448772809566393, 21.201694499548314 ], [ 105.448879927585153, 21.201524093510614 ], [ 105.448945176634965, 21.201449791238637 ], [ 105.449024394676158, 21.201388514750487 ], [ 105.449205497398253, 21.201287097912438 ], [ 105.449284358525844, 21.20122548867397 ], [ 105.449349250523795, 21.20115085361871 ], [ 105.449427326452266, 21.20102093973907 ], [ 105.44950417163237, 21.200923664554935 ], [ 105.449579613157439, 21.20085886678913 ], [ 105.449738921622881, 21.20077091400066 ], [ 105.449842212909076, 21.20069829921427 ], [ 105.449910880403152, 21.200627184962734 ], [ 105.44996444381114, 21.200541986635066 ], [ 105.449997451579179, 21.200505193105592 ], [ 105.450069608428493, 21.200471118789611 ], [ 105.450202049896802, 21.200459471877888 ], [ 105.450283264776942, 21.200433843859621 ], [ 105.450322311175881, 21.200402681190486 ], [ 105.450388598468152, 21.200295561572347 ], [ 105.450448942455068, 21.200216686128048 ], [ 105.450540883379645, 21.200133487773943 ], [ 105.450700190488561, 21.200045534095462 ], [ 105.450868849020011, 21.199932514349388 ], [ 105.451079367740334, 21.199858527718462 ], [ 105.451188314549142, 21.199791186891055 ], [ 105.451271787565801, 21.199700092788078 ], [ 105.451336189457137, 21.199591215672587 ], [ 105.451394269929168, 21.199510229994736 ], [ 105.451465368214727, 21.199441382947075 ], [ 105.451537524202976, 21.19940730801509 ], [ 105.451656388216364, 21.199383000575907 ], [ 105.451734208153582, 21.199354207023148 ], [ 105.451776648055571, 21.199326208871508 ], [ 105.451886975593837, 21.199226369990892 ], [ 105.452046280918395, 21.199138415065317 ], [ 105.452149569929517, 21.199065798894615 ], [ 105.452218235561546, 21.198994683724749 ], [ 105.45231111422359, 21.198844789146438 ], [ 105.452387956392386, 21.198747512679422 ], [ 105.452463395547937, 21.198682713651429 ], [ 105.452644488986664, 21.198581289838032 ], [ 105.45274457058234, 21.198505683186603 ], [ 105.452809459654958, 21.198431046830578 ], [ 105.452887531144455, 21.198301131389737 ], [ 105.452964372656652, 21.198203854666122 ], [ 105.453039811284384, 21.198139055386036 ], [ 105.453220903662029, 21.198037630967235 ], [ 105.453320984596914, 21.19796202398134 ], [ 105.453385873143631, 21.197887387408596 ], [ 105.45349298315611, 21.197716978513075 ], [ 105.453540784703364, 21.197660194727046 ], [ 105.453595947279524, 21.197610274731449 ], [ 105.45379731411991, 21.197493970170736 ], [ 105.453921258515919, 21.197406829499997 ], [ 105.453993412941102, 21.197372753538776 ], [ 105.454154692170789, 21.197320425521998 ], [ 105.454223452401848, 21.197283184664705 ], [ 105.454282217667, 21.197236624093318 ], [ 105.454347105414044, 21.197161987159394 ], [ 105.454454213805832, 21.196991577669134 ], [ 105.454519458079943, 21.19691727329009 ], [ 105.454598671390571, 21.196855994239844 ], [ 105.454779764724705, 21.19675457153927 ], [ 105.454840039293373, 21.196709418468831 ], [ 105.454873426924991, 21.19667298012606 ], [ 105.454899262503631, 21.196629499970236 ], [ 105.454923855779796, 21.196551076343901 ], [ 105.454938148625928, 21.196429263109337 ], [ 105.4549462024641, 21.196234062177464 ], [ 105.45497306557921, 21.196157755112154 ], [ 105.455006071135259, 21.196120960624825 ], [ 105.455141702019546, 21.196044717757715 ], [ 105.455241780632363, 21.195969109658012 ], [ 105.455306667349461, 21.195894472363076 ], [ 105.455384735344779, 21.195764555792721 ], [ 105.455461573921269, 21.195667277957305 ], [ 105.455537010172137, 21.195602477585631 ], [ 105.455627550384293, 21.195551760732673 ], [ 105.455666594375217, 21.195520596853637 ], [ 105.455702515090806, 21.195452735774765 ], [ 105.45572011179803, 21.19530021884372 ], [ 105.455756032437733, 21.195232357753103 ], [ 105.455795076318566, 21.195201193845207 ], [ 105.455930896915703, 21.195125128417285 ], [ 105.456009751972545, 21.195063516103545 ], [ 105.456074637911811, 21.194988878519819 ], [ 105.456139034275353, 21.194879999613104 ], [ 105.456197110307144, 21.194799012319411 ], [ 105.45624698524982, 21.194744162922401 ], [ 105.456304977836936, 21.194696882716855 ], [ 105.456464275660352, 21.194608923713194 ], [ 105.456632923604118, 21.194495898330555 ], [ 105.456843431660985, 21.194421904660448 ], [ 105.456952371846128, 21.19435456019184 ], [ 105.457021033008942, 21.194283443111235 ], [ 105.457128139893214, 21.194113035318054 ], [ 105.457208183203718, 21.194018746746433 ], [ 105.457287393859318, 21.193957466462692 ], [ 105.457468481807865, 21.193856040942784 ], [ 105.457547335549975, 21.193794427926008 ], [ 105.457612220163938, 21.193719789764685 ], [ 105.4576902850186, 21.19358987215292 ], [ 105.457767120969308, 21.193492593291776 ], [ 105.457842555109409, 21.19342779191237 ], [ 105.4580236384285, 21.193326362452662 ], [ 105.458123713737947, 21.193250752681486 ], [ 105.458188597826165, 21.193176114303618 ], [ 105.458295698984244, 21.193005702429794 ], [ 105.458379326003111, 21.192914756088861 ], [ 105.458440149197187, 21.192870115786093 ], [ 105.458600013060789, 21.192782685618084 ], [ 105.45868150680576, 21.192723534644585 ], [ 105.458714892604533, 21.19268709555891 ], [ 105.458740726378309, 21.192643614828182 ], [ 105.458759008130201, 21.192593092455692 ], [ 105.458776046730634, 21.192507626641998 ], [ 105.458806301312322, 21.192434483689919 ], [ 105.458835911016507, 21.192394523762687 ], [ 105.458941732031079, 21.192290487619438 ], [ 105.459048835298987, 21.19212007863484 ], [ 105.459147262532213, 21.192009148581093 ], [ 105.459208085124985, 21.191964508008081 ], [ 105.459367947558803, 21.191877077130183 ], [ 105.459491883987823, 21.191789932459532 ], [ 105.45956403438629, 21.191755854169507 ], [ 105.459725305490466, 21.191703520947073 ], [ 105.459834242364408, 21.19163617465891 ], [ 105.459902900895159, 21.191565056432427 ], [ 105.460010002543001, 21.191394646853663 ], [ 105.460090042568794, 21.191300356946609 ], [ 105.460169250582751, 21.191239075340317 ], [ 105.460350333227282, 21.191137646795667 ], [ 105.460446820831564, 21.191058692946907 ], [ 105.460494066313544, 21.19100139321851 ], [ 105.460586362424891, 21.190850963388961 ], [ 105.460666401793802, 21.190756673214889 ], [ 105.460745609279471, 21.190695391344153 ], [ 105.460926690863289, 21.190593962194697 ], [ 105.461023177807675, 21.190515008023834 ], [ 105.461070422895702, 21.190457708137849 ], [ 105.461177518817763, 21.190287294478882 ], [ 105.461261142548864, 21.190196346742724 ], [ 105.46132196376054, 21.190151705424487 ], [ 105.461481822982037, 21.19006427258654 ], [ 105.461563314083435, 21.190005120252483 ], [ 105.461631971035175, 21.18993400133871 ], [ 105.46170051549052, 21.189828993864619 ], [ 105.461739556700621, 21.189797828611908 ], [ 105.461820763688664, 21.18977219515742 ], [ 105.461953194529457, 21.18976053920953 ], [ 105.462025343366463, 21.189726459888849 ], [ 105.462058345752951, 21.189689664053894 ], [ 105.462138663756534, 21.18956185084021 ], [ 105.462203900942882, 21.189487543558212 ], [ 105.462283107114374, 21.18942626098168 ], [ 105.462421178189359, 21.189352296844394 ], [ 105.462524455298023, 21.189279674463481 ], [ 105.462593111453998, 21.189208555167724 ], [ 105.462646663528076, 21.189123352911292 ], [ 105.462679665627462, 21.189086556957676 ], [ 105.462751813967571, 21.189052477333195 ], [ 105.462914332238739, 21.189035091246183 ], [ 105.46298648049823, 21.189001011522766 ], [ 105.463019482485606, 21.188964215504303 ], [ 105.463099799274332, 21.188836401845247 ], [ 105.463183421011863, 21.188745453178882 ], [ 105.46324424104732, 21.188700811182684 ], [ 105.46342531846922, 21.18859937940794 ], [ 105.463521802784271, 21.188520423840064 ], [ 105.463569046276746, 21.18846312327139 ], [ 105.463661337718932, 21.188312691803393 ], [ 105.463742317775399, 21.188219280382949 ], [ 105.463784752216768, 21.188191279277529 ], [ 105.463834738654938, 21.188170319576439 ], [ 105.463953591529787, 21.188146003654744 ], [ 105.464031403129056, 21.188117204550821 ], [ 105.464073837485728, 21.18808920337402 ], [ 105.464127104962444, 21.188037519662448 ], [ 105.464193588437794, 21.187998158382491 ], [ 105.464366203413007, 21.187956403052024 ], [ 105.464438350808379, 21.18792232272024 ], [ 105.464568934448721, 21.187807594923576 ], [ 105.464750006261511, 21.187706158398594 ], [ 105.464850074342536, 21.187630544726098 ], [ 105.464914952605199, 21.187555903823064 ], [ 105.465022042048261, 21.187385487788934 ], [ 105.465069835882545, 21.187328700813339 ], [ 105.465124990746219, 21.187278777133987 ], [ 105.465326334451518, 21.187162459113303 ], [ 105.465473180967265, 21.187062895043937 ], [ 105.465683673945435, 21.186988890570536 ], [ 105.465792604629627, 21.186921540517332 ], [ 105.465861258128967, 21.186850419923061 ], [ 105.465954115541592, 21.186700518020594 ], [ 105.466030942539049, 21.186603235487674 ], [ 105.466106369566475, 21.186538430497187 ], [ 105.466287438768191, 21.186436992357851 ], [ 105.466387505207521, 21.186361377794015 ], [ 105.466452382145491, 21.186286736314155 ], [ 105.466559468922213, 21.186116319329852 ], [ 105.466607261762348, 21.186059531929409 ], [ 105.466662415637359, 21.186009607759139 ], [ 105.466863756403512, 21.185893287943632 ], [ 105.467010600625969, 21.185793722565876 ], [ 105.467221091015134, 21.18571971621418 ], [ 105.467375292306556, 21.185627010387062 ], [ 105.46745876593809, 21.18560349067662 ], [ 105.467625808875241, 21.185590322870208 ], [ 105.46770474256823, 21.185562570234833 ], [ 105.467816746220223, 21.185464303439538 ], [ 105.467927548420022, 21.185398698918867 ], [ 105.467966587150684, 21.185367532257029 ], [ 105.46800249983977, 21.185299668630499 ], [ 105.468014150798339, 21.185175401998819 ], [ 105.468041005281577, 21.185099092916317 ], [ 105.468074005151408, 21.185062295933108 ], [ 105.468187833519352, 21.184999513108149 ], [ 105.468271581886214, 21.184942467285911 ], [ 105.468359756140174, 21.18485576568759 ], [ 105.46845260980156, 21.184705862447039 ], [ 105.468572134590545, 21.184547044089353 ], [ 105.468649798585304, 21.184349196664844 ], [ 105.468720965783646, 21.18424663874956 ], [ 105.468796390439493, 21.184181832584603 ], [ 105.468977454909378, 21.184080391622754 ], [ 105.469076574381319, 21.184003895352337 ], [ 105.469106179655654, 21.18396393366789 ], [ 105.469128232875136, 21.183916930797551 ], [ 105.469153459185549, 21.183805322099246 ], [ 105.469183706941379, 21.183732177341138 ], [ 105.469213312133959, 21.183692215638192 ], [ 105.469268103935107, 21.183641954690373 ], [ 105.46930967964623, 21.183579371672401 ], [ 105.469327956732329, 21.183528848189397 ], [ 105.469342534617027, 21.183441093640401 ], [ 105.469362509582155, 21.183155678490944 ], [ 105.469398421114988, 21.18308781457192 ], [ 105.469482535462916, 21.183031110824846 ], [ 105.469527505000499, 21.182971692250327 ], [ 105.469542387859377, 21.182918004247412 ], [ 105.469548105644151, 21.182821989065893 ], [ 105.469574958935524, 21.182745679741053 ], [ 105.46960795790946, 21.182708882464951 ], [ 105.469674062815969, 21.182669169703129 ], [ 105.46971903216955, 21.18260975107858 ], [ 105.46973391492547, 21.182556063058485 ], [ 105.469745732143195, 21.182364388764267 ], [ 105.469769847994584, 21.18225174527754 ], [ 105.46981094136089, 21.182154930954368 ], [ 105.469896901869873, 21.18203238493339 ], [ 105.469921484934417, 21.181953959179335 ], [ 105.469927496870227, 21.181892000476466 ], [ 105.469926533329854, 21.181587064171083 ], [ 105.469935377234066, 21.181527745896368 ], [ 105.469971288125492, 21.181459881854813 ], [ 105.470073410294646, 21.181386186706973 ], [ 105.470100370168254, 21.181343759108156 ], [ 105.470115252668776, 21.1812900710514 ], [ 105.470115298715996, 21.180650017078442 ], [ 105.470106531752322, 21.180556340023784 ], [ 105.470081704779531, 21.180443832555408 ], [ 105.470040000831304, 21.180347248350646 ], [ 105.469925102715081, 21.180183790713848 ], [ 105.469846193852632, 21.179986377803399 ], [ 105.469759461865848, 21.17986431164578 ], [ 105.469734384103589, 21.17978602387204 ], [ 105.469725327768828, 21.179658637309156 ], [ 105.469712918082266, 21.17960238016088 ], [ 105.469676010052538, 21.179535254173196 ], [ 105.469621465778843, 21.179484767808326 ], [ 105.469591609699094, 21.179444971178334 ], [ 105.469560901674711, 21.179371995615877 ], [ 105.469549813715787, 21.179314491499834 ], [ 105.469533319875211, 21.179092174101918 ], [ 105.469527223745104, 21.177160909899651 ], [ 105.469541624415413, 21.177072990665408 ], [ 105.469578107313794, 21.177005660818853 ], [ 105.469632330916042, 21.176954872344929 ], [ 105.469673904662201, 21.176892289225723 ], [ 105.469692180850018, 21.176841765681132 ], [ 105.469709211527913, 21.176756298755802 ], [ 105.469739457648032, 21.176683153869284 ], [ 105.469769061326161, 21.176643192064724 ], [ 105.469823850389218, 21.176592930946871 ], [ 105.469865423955881, 21.176530347781295 ], [ 105.469883700036348, 21.176479824215885 ], [ 105.469900730566764, 21.176394357270443 ], [ 105.469930976522164, 21.176321212349681 ], [ 105.469960580078151, 21.176281250512183 ], [ 105.470066381932924, 21.176177207562141 ], [ 105.470159228621128, 21.176027303363806 ], [ 105.470219552389821, 21.175948421007224 ], [ 105.470311467301812, 21.17586521213742 ], [ 105.470492520699509, 21.175763769661327 ], [ 105.470592577881604, 21.175688152686568 ], [ 105.470657448132258, 21.175613509624878 ], [ 105.470764522607567, 21.175443089995095 ], [ 105.470848132219402, 21.175352137620294 ], [ 105.470908944503279, 21.175307492940295 ], [ 105.471068782124433, 21.175220051283262 ], [ 105.47116883864652, 21.175144433974971 ], [ 105.471233708372054, 21.175069790697258 ], [ 105.471340781801359, 21.174899370711309 ], [ 105.471424390756283, 21.174808418058038 ], [ 105.471485202644047, 21.174763773175339 ], [ 105.471645039337517, 21.17467633098526 ], [ 105.471745095199637, 21.174600713343466 ], [ 105.471809964400052, 21.174526069849758 ], [ 105.471917036783367, 21.174355649507671 ], [ 105.471983206453146, 21.1742822186669 ], [ 105.472049681711994, 21.174242854386559 ], [ 105.472222278429015, 21.174201091304788 ], [ 105.472294417347186, 21.17416700772263 ], [ 105.472424982945824, 21.174052274009153 ], [ 105.472584249056055, 21.17396430018459 ], [ 105.472687510543565, 21.17389167175385 ], [ 105.472756154803861, 21.173820548423919 ], [ 105.472824684122656, 21.173715536523577 ], [ 105.472863718788616, 21.173684368764455 ], [ 105.472944915006721, 21.173658730116617 ], [ 105.473077330470232, 21.173647065714988 ], [ 105.473149468918805, 21.173612981774561 ], [ 105.473182465015569, 21.173576183815644 ], [ 105.473278128042239, 21.173428908258263 ], [ 105.47332798957666, 21.173374053932164 ], [ 105.473385968418455, 21.173326768001882 ], [ 105.473545233173624, 21.173238793289986 ], [ 105.473713843882109, 21.173125751269541 ], [ 105.473924312965252, 21.173051736858955 ], [ 105.474013709016162, 21.17299996230178 ], [ 105.47410187292769, 21.172913257781811 ], [ 105.474208945133682, 21.172742839384021 ], [ 105.474307348352383, 21.172631900697763 ], [ 105.474368158477219, 21.172587254799819 ], [ 105.474527991107138, 21.17249980993812 ], [ 105.474674817025445, 21.172400238089594 ], [ 105.474885284586378, 21.172326222505028 ], [ 105.474974679861504, 21.172274447449947 ], [ 105.475062842781455, 21.172187742440226 ], [ 105.475184710419867, 21.171997338727685 ], [ 105.475232495492975, 21.171940548941002 ], [ 105.475271147279528, 21.171909024563625 ], [ 105.475343284371377, 21.171874939705734 ], [ 105.475462122228294, 21.171850615924921 ], [ 105.475539923028791, 21.171821811669648 ], [ 105.475582350573504, 21.171793807677723 ], [ 105.475692641761114, 21.171693953606805 ], [ 105.475873686351321, 21.171592505483837 ], [ 105.475997596200145, 21.171505348998387 ], [ 105.476069732925183, 21.171471263835844 ], [ 105.476230976043624, 21.171418915259885 ], [ 105.476320370296889, 21.171367139507083 ], [ 105.476408531891352, 21.171280433811528 ], [ 105.476530397068728, 21.171090029155479 ], [ 105.476578181336123, 21.171033238997701 ], [ 105.476633326330926, 21.170983311653483 ], [ 105.476834638957726, 21.170866980285574 ], [ 105.476981461701655, 21.170767406474898 ], [ 105.477191925761403, 21.170693388070838 ], [ 105.477281319238926, 21.170641611820258 ], [ 105.477369479841883, 21.17055490563509 ], [ 105.477476546621844, 21.170384485223913 ], [ 105.477556564374197, 21.170290187231164 ], [ 105.477635754012056, 21.170228897632544 ], [ 105.477773799568212, 21.17015492126561 ], [ 105.477877055850769, 21.170082289731287 ], [ 105.477945695866879, 21.170011164343023 ], [ 105.477999232364624, 21.169925957324551 ], [ 105.478032226443617, 21.169889158441524 ], [ 105.478104361908379, 21.169855072428337 ], [ 105.478266857143694, 21.169837671970278 ], [ 105.478338992527867, 21.169803585858308 ], [ 105.478371986494921, 21.169766786910579 ], [ 105.478452279920162, 21.169638966109989 ], [ 105.478535881565534, 21.169548010022297 ], [ 105.478596689148503, 21.169503362635563 ], [ 105.478777732659083, 21.169401914822423 ], [ 105.478874196402373, 21.169322950700664 ], [ 105.478921427949118, 21.169265645937486 ], [ 105.479028488434466, 21.169095221212668 ], [ 105.479112089423197, 21.169004264846826 ], [ 105.479172896610152, 21.168959617257592 ], [ 105.479332722468115, 21.168872167945079 ], [ 105.479479541554284, 21.168772592011521 ], [ 105.479690001504494, 21.168698570558711 ], [ 105.47977939290098, 21.168646793014901 ], [ 105.479867550863545, 21.168560085557349 ], [ 105.479974613362572, 21.168389663606408 ], [ 105.480073009401593, 21.168278721644626 ], [ 105.480133816001029, 21.168234073717247 ], [ 105.480293640504684, 21.168146623514851 ], [ 105.480375112109513, 21.168087462325946 ], [ 105.480443750010252, 21.168016335947403 ], [ 105.480512271251669, 21.16791132101358 ], [ 105.480551302772753, 21.167880151518155 ], [ 105.480632494441224, 21.167854509247132 ], [ 105.480764904017377, 21.167842838927925 ], [ 105.480837037849241, 21.167808751771869 ], [ 105.480870030756449, 21.167771952348382 ], [ 105.480950320971147, 21.167644130393228 ], [ 105.481033919968723, 21.167553173099861 ], [ 105.481094725980682, 21.167508524834382 ], [ 105.481275765333095, 21.167407074402256 ], [ 105.481372226449949, 21.16732810888719 ], [ 105.481419456403188, 21.167270803443397 ], [ 105.481526512607999, 21.167100377179271 ], [ 105.481610110949035, 21.167009419607865 ], [ 105.481670916564994, 21.166964771139934 ], [ 105.481830738786996, 21.166877319515358 ], [ 105.481977554215689, 21.166777741459558 ], [ 105.482188010056518, 21.166703716958772 ], [ 105.482277399372123, 21.166651938122119 ], [ 105.48236555469461, 21.166565229392614 ], [ 105.482487408426479, 21.166374820557404 ], [ 105.482535188909083, 21.166318028757278 ], [ 105.482573837677975, 21.166286502747404 ], [ 105.482645970332186, 21.166252414836027 ], [ 105.482764802414508, 21.166228086016343 ], [ 105.482842598812951, 21.166199278465736 ], [ 105.482885023363707, 21.166171272680092 ], [ 105.482995305462808, 21.16607141395378 ], [ 105.483176338148397, 21.165969958172031 ], [ 105.483300238994275, 21.165882796449701 ], [ 105.483372371281732, 21.165848708233888 ], [ 105.483508430235503, 21.165806660850123 ], [ 105.483580562436828, 21.165772572546857 ], [ 105.483678718249763, 21.165695187855967 ], [ 105.483725946796426, 21.165637881784093 ], [ 105.483779665780233, 21.165552847656496 ], [ 105.483818695992866, 21.165521677423413 ], [ 105.483869803257718, 21.165501766679348 ], [ 105.484002210435776, 21.165490093867763 ], [ 105.484059356204597, 21.165475812810786 ], [ 105.484104424878495, 21.165450272254727 ], [ 105.484164369472367, 21.165371042419395 ], [ 105.484203399555668, 21.165339872099345 ], [ 105.484254506704616, 21.165319961240805 ], [ 105.484386913684517, 21.165308288131548 ], [ 105.48444405934417, 21.165294006946358 ], [ 105.484489127895444, 21.165268466289582 ], [ 105.484549072210456, 21.165189236321567 ], [ 105.484588102164409, 21.165158065914564 ], [ 105.484639209197468, 21.165138154941559 ], [ 105.484771615979184, 21.165126481534632 ], [ 105.48482876152967, 21.165112200221234 ], [ 105.484873829958318, 21.165086659463746 ], [ 105.48493377399447, 21.165007429363062 ], [ 105.484972803819076, 21.1649762588691 ], [ 105.485023910736246, 21.16495634778164 ], [ 105.485156317319792, 21.164944674077045 ], [ 105.485237506556388, 21.164919029632742 ], [ 105.485291522234235, 21.164868051512091 ], [ 105.485387167717306, 21.164720769289776 ], [ 105.485458233673526, 21.16465190826786 ], [ 105.485530364856302, 21.164617819147896 ], [ 105.485702946387704, 21.164576042546877 ], [ 105.48574914583179, 21.164551556287069 ], [ 105.485787793453383, 21.164520029558236 ], [ 105.485858939491635, 21.164417464595058 ], [ 105.48593657039541, 21.164219609397755 ], [ 105.485995749698162, 21.164139666829602 ], [ 105.486071156658696, 21.164074853142548 ], [ 105.486230403873293, 21.163986866722201 ], [ 105.48635430702484, 21.163901468327694 ], [ 105.486423095566138, 21.163880104338144 ], [ 105.486474640084339, 21.163879962864449 ], [ 105.486530733008323, 21.1638911023345 ], [ 105.486633948939669, 21.163929633784676 ], [ 105.486739912656631, 21.163997787284373 ], [ 105.486808839622469, 21.164018755186248 ], [ 105.486887834359635, 21.164014282497483 ], [ 105.487019365252166, 21.163968013458021 ], [ 105.487084707722772, 21.163927595379764 ], [ 105.487140430206594, 21.163878208827249 ], [ 105.487187656838103, 21.163820901813455 ], [ 105.487241373187189, 21.16373586661916 ], [ 105.487280402189299, 21.163704695603883 ], [ 105.487331508349627, 21.163684783830689 ], [ 105.487463913583696, 21.163673108343552 ], [ 105.487521058300999, 21.163658826133997 ], [ 105.487566125817381, 21.163633284672294 ], [ 105.487626067831201, 21.163554053643022 ], [ 105.487665096703964, 21.1635228825408 ], [ 105.487716202748402, 21.163502970653173 ], [ 105.487848607784272, 21.163491294868415 ], [ 105.487905752392393, 21.163477012530677 ], [ 105.48795081978615, 21.16345147096829 ], [ 105.488010761521139, 21.163372239806392 ], [ 105.488049790264554, 21.163341068617243 ], [ 105.488100896193089, 21.163321156615179 ], [ 105.488233301030746, 21.163309480532803 ], [ 105.4883144888191, 21.163283834634328 ], [ 105.488353517474607, 21.163252663376472 ], [ 105.488419761067945, 21.163145529199817 ], [ 105.488480069941943, 21.163066640494886 ], [ 105.4885149406647, 21.163031592987711 ], [ 105.48855736322723, 21.163003585807097 ], [ 105.488635156774563, 21.162974775635817 ], [ 105.488726166048551, 21.162958285999927 ], [ 105.488779916344157, 21.16294083925273 ], [ 105.488846382015907, 21.162901468500166 ], [ 105.488899631888316, 21.162849777165889 ], [ 105.488942054325278, 21.162821769890609 ], [ 105.489019847700021, 21.162792959545115 ], [ 105.489110856816112, 21.162776469704912 ], [ 105.48916460699877, 21.162759022837268 ], [ 105.48923107248531, 21.162719651936268 ], [ 105.489304589331397, 21.16265307676251 ], [ 105.489350787571539, 21.162628589536617 ], [ 105.489404537671376, 21.16261114259402 ], [ 105.48949554662957, 21.162594652549512 ], [ 105.48957333977387, 21.162565841953121 ], [ 105.489615762000625, 21.162537834512008 ], [ 105.489726036849476, 21.162437971494413 ], [ 105.48990706042467, 21.162336508640596 ], [ 105.490030954243323, 21.162249342086024 ], [ 105.490103083183911, 21.162215251049592 ], [ 105.490264311117727, 21.162162889326961 ], [ 105.490438553119063, 21.162055104451465 ], [ 105.49051407590224, 21.162024177327179 ], [ 105.490623823654914, 21.161991378658833 ], [ 105.490695952330455, 21.161957287373681 ], [ 105.490794101881278, 21.161879898639874 ], [ 105.49084132646675, 21.161822590632283 ], [ 105.490895040007203, 21.16173755431242 ], [ 105.490934067710967, 21.161706382471962 ], [ 105.49098517267808, 21.161686469613198 ], [ 105.491117575788522, 21.161674791303945 ], [ 105.491174719365191, 21.161660507878636 ], [ 105.491219785635778, 21.161634965461566 ], [ 105.491279724895207, 21.161555733172552 ], [ 105.491318752469624, 21.161524561245184 ], [ 105.491369857320834, 21.161504648272011 ], [ 105.491502260233048, 21.161492969665208 ], [ 105.491559403700506, 21.161478686111746 ], [ 105.491604469848482, 21.161453143594024 ], [ 105.491664408829081, 21.161373911172443 ], [ 105.491703436274165, 21.161342739158176 ], [ 105.49175454100947, 21.161322826070606 ], [ 105.491886943723443, 21.161311147166241 ], [ 105.491968129761347, 21.161285499541872 ], [ 105.492007157118508, 21.161254327458909 ], [ 105.492087625218801, 21.161126678390929 ], [ 105.492150194022173, 21.161049897780423 ], [ 105.492188839363095, 21.161018369620312 ], [ 105.492235036610026, 21.160993881621263 ], [ 105.492350086834477, 21.160966026080512 ], [ 105.492656307841827, 21.160947499587753 ], [ 105.492713450981697, 21.160933215649845 ], [ 105.492758516761782, 21.160907672830188 ], [ 105.492818454905944, 21.160828440010967 ], [ 105.492857481963014, 21.160797267735997 ], [ 105.492908586350595, 21.16077735430525 ], [ 105.493040988469801, 21.160765674508273 ], [ 105.493098131500474, 21.160751390442226 ], [ 105.493143197157949, 21.16072584752192 ], [ 105.493203135023293, 21.160646614570165 ], [ 105.493266204418603, 21.160604078084276 ], [ 105.493323347364296, 21.160589793943526 ], [ 105.493527606994959, 21.160577547098896 ], [ 105.493674978862856, 21.160546045115801 ], [ 105.493773411239019, 21.160502697701602 ], [ 105.493900695294769, 21.160418692385999 ], [ 105.494111135958605, 21.160344653286707 ], [ 105.494241626395237, 21.160263637070575 ], [ 105.494291036972086, 21.160242144580483 ], [ 105.494380717970913, 21.160224415901322 ], [ 105.494515760493741, 21.160215196973169 ], [ 105.494570824204274, 21.160198974383494 ], [ 105.494616073194464, 21.160173602380212 ], [ 105.494690152027616, 21.160107552251368 ], [ 105.494736348568622, 21.16008306358032 ], [ 105.494790097086877, 21.160065614951844 ], [ 105.4949495743993, 21.160045397439369 ], [ 105.495157616311488, 21.160036675379711 ], [ 105.495214758844895, 21.160022390607054 ], [ 105.495259823908782, 21.159996847132241 ], [ 105.495319760346106, 21.159917613451729 ], [ 105.495382828814911, 21.159875076191117 ], [ 105.495439971263337, 21.159860791343768 ], [ 105.495644229664066, 21.159848541965886 ], [ 105.495791600324793, 21.15981703815946 ], [ 105.495867120817749, 21.159786108681576 ], [ 105.495973567679044, 21.159716455640666 ], [ 105.496022977814761, 21.159694962651898 ], [ 105.496112658258696, 21.159677233064151 ], [ 105.496247700147833, 21.159668012764946 ], [ 105.496302763456015, 21.159651789618277 ], [ 105.49634801197648, 21.159626417159263 ], [ 105.496422089757488, 21.15956036628835 ], [ 105.496494215884852, 21.159526272570698 ], [ 105.496615493839428, 21.159504221473178 ], [ 105.496856451245478, 21.159492405382377 ], [ 105.496946693542966, 21.159475199326085 ], [ 105.497009761348778, 21.159432661469673 ], [ 105.497069696620528, 21.159353427186822 ], [ 105.497141822494214, 21.159319333197185 ], [ 105.49720500332046, 21.15931067703438 ], [ 105.497530078724196, 21.159309721521971 ], [ 105.497623714942861, 21.15929567904946 ], [ 105.497695267769487, 21.159261050790914 ], [ 105.497749078919753, 21.159209884058072 ], [ 105.497791498620543, 21.15918187460489 ], [ 105.497869288305807, 21.159153060248986 ], [ 105.498028764160409, 21.159132839859605 ], [ 105.498236804533448, 21.159124114041671 ], [ 105.498293946399841, 21.159109828240311 ], [ 105.498357013657042, 21.159067289890562 ], [ 105.498416948058406, 21.158988055144142 ], [ 105.498462012244687, 21.158962510830364 ], [ 105.498519154026098, 21.158948224954333 ], [ 105.499166283687572, 21.158943493686635 ], [ 105.499301321067946, 21.158934267610178 ], [ 105.499392686897636, 21.158918108183233 ], [ 105.499474994447496, 21.158893504922911 ], [ 105.499547119526895, 21.158859409921423 ], [ 105.499654320617196, 21.158790459930955 ], [ 105.499737773835747, 21.158766924602386 ], [ 105.499803786314573, 21.158760907413107 ], [ 105.500417815106601, 21.158759092646701 ], [ 105.500482692559942, 21.158752017209341 ], [ 105.500561605661247, 21.15872424954377 ], [ 105.500679231466734, 21.158631241328095 ], [ 105.500786725971992, 21.158596340320972 ], [ 105.501019761712172, 21.158577135959678 ], [ 105.501669343221778, 21.158574682407391 ], [ 105.501732523431698, 21.158566024564745 ], [ 105.501804647815476, 21.158531928613094 ], [ 105.501882582672579, 21.158435698246393 ], [ 105.501927646078414, 21.158410153023084 ], [ 105.501984787290098, 21.158395865986581 ], [ 105.502954533495625, 21.158387868389511 ], [ 105.503040807237412, 21.158366961259336 ], [ 105.50308605418347, 21.158341587025138 ], [ 105.503139863117312, 21.158290418615788 ], [ 105.503182281515407, 21.15826240783348 ], [ 105.503289775133595, 21.158227505251698 ], [ 105.503522809896651, 21.158208297460291 ], [ 105.504275082836614, 21.158200231732028 ], [ 105.504398790624208, 21.158180442167236 ], [ 105.504481096886664, 21.158155836494281 ], [ 105.50455322041789, 21.158121739385955 ], [ 105.50466041859471, 21.158052786274713 ], [ 105.504743870555188, 21.158029248499133 ], [ 105.504809882461075, 21.158023229366886 ], [ 105.505423907738091, 21.158021396495982 ], [ 105.505488784589346, 21.158014319149768 ], [ 105.505567696316191, 21.157986549173572 ], [ 105.505663165392505, 21.157906663299592 ], [ 105.505709359386344, 21.157882171675787 ], [ 105.505763105751228, 21.157864719598535 ], [ 105.50595643523755, 21.157842274644178 ], [ 105.506386469982289, 21.157837814396746 ], [ 105.506451346699578, 21.157830736683842 ], [ 105.506530258140131, 21.15780296626372 ], [ 105.506647879408263, 21.157709953977989 ], [ 105.506755371768051, 21.157675049216657 ], [ 105.506988405112267, 21.157655836677549 ], [ 105.507637981982981, 21.157653360294443 ], [ 105.507773017516499, 21.157644127489647 ], [ 105.507864381534276, 21.157627963520131 ], [ 105.507946686882235, 21.157603356177514 ], [ 105.508018809321385, 21.157569257611151 ], [ 105.50812600545126, 21.157500302340189 ], [ 105.508179564006809, 21.157482674859232 ], [ 105.508241424517138, 21.157472785383256 ], [ 105.509178442497344, 21.157468027799972 ], [ 105.50931347773934, 21.157458793770989 ], [ 105.509404841457538, 21.157442628975044 ], [ 105.509487146431994, 21.157418020889821 ], [ 105.509559268414506, 21.157383921675077 ], [ 105.509666463677149, 21.157314965443842 ], [ 105.509720021972981, 21.157297337479953 ], [ 105.50978188229135, 21.157287447444233 ], [ 105.510718898860119, 21.157282681355223 ], [ 105.51085393381048, 21.157273446102067 ], [ 105.510945297229057, 21.157257280479726 ], [ 105.511027601829923, 21.157232671651926 ], [ 105.511099723355755, 21.157198571788843 ], [ 105.511206917751096, 21.157129614597398 ], [ 105.511290368088652, 21.157106073622014 ], [ 105.511356379262921, 21.157100051948866 ], [ 105.511970400107529, 21.157098195401012 ], [ 105.51203527618874, 21.157091115558501 ], [ 105.512114186139243, 21.157063342560935 ], [ 105.512231803256455, 21.156970326468112 ], [ 105.512339293695788, 21.156935418193893 ], [ 105.512572324987303, 21.15691619800128 ], [ 105.513221898045288, 21.156913700249895 ], [ 105.513356932460184, 21.156904463008896 ], [ 105.513448295350344, 21.15688829604456 ], [ 105.513530599306876, 21.156863686010837 ], [ 105.513602720058088, 21.156829585094759 ], [ 105.513709912995964, 21.156760626343729 ], [ 105.513793362703808, 21.15673708414522 ], [ 105.51385937359106, 21.156731061500782 ], [ 105.514473392672826, 21.156729195902141 ], [ 105.514538268452455, 21.156722115105396 ], [ 105.514617177715138, 21.156694340952928 ], [ 105.514734792942406, 21.156601323154131 ], [ 105.514842282493731, 21.156566413305853 ], [ 105.515075312805934, 21.156547189683899 ], [ 105.515757983033083, 21.156541757981508 ], [ 105.515839162115995, 21.156516099023911 ], [ 105.515878183122553, 21.156484921542955 ], [ 105.515938107050005, 21.156405680775642 ], [ 105.515983167352076, 21.156380131864349 ], [ 105.516040306331433, 21.156365840121165 ], [ 105.517298420262463, 21.156356351982751 ], [ 105.517355559096174, 21.156342059798188 ], [ 105.517400619127258, 21.15631651051466 ], [ 105.517460542166319, 21.156237269224654 ], [ 105.51749956275296, 21.156206091377253 ], [ 105.517550662112939, 21.156186170591322 ], [ 105.517613840252579, 21.156177506855869 ], [ 105.519128367932694, 21.156170573155162 ], [ 105.519214637935562, 21.156149657845663 ], [ 105.519259881360497, 21.156124279349832 ], [ 105.519313683833943, 21.156073105913332 ], [ 105.519356098473807, 21.156045091144051 ], [ 105.519463586474771, 21.156010178388517 ], [ 105.519696615173032, 21.155990948431576 ], [ 105.52066879641913, 21.155985136632818 ], [ 105.520728763527998, 21.155973479543437 ], [ 105.520778914630398, 21.155952674576938 ], [ 105.520874374068327, 21.15587278029518 ], [ 105.52094649259007, 21.155838676289694 ], [ 105.521004012817656, 21.155824738854076 ], [ 105.521167632738809, 21.155808365478116 ], [ 105.525931878835095, 21.155790452504981 ], [ 105.525995056246046, 21.155781785653652 ], [ 105.526046154264819, 21.155761862327978 ], [ 105.526085172885018, 21.155730682538962 ], [ 105.526145091001865, 21.155651438268947 ], [ 105.52619014926357, 21.155625886678493 ], [ 105.526247286894503, 21.155611591513889 ], [ 105.528050188154296, 21.155603152109677 ], [ 105.528216711713213, 21.155615873897158 ], [ 105.528332862216075, 21.155642169459622 ], [ 105.528431586412452, 21.155684921264832 ], [ 105.528539258622828, 21.155753218295008 ], [ 105.52859293798133, 21.155770517249319 ], [ 105.528654865146308, 21.155780027483019 ], [ 105.531394991516521, 21.155776034589412 ], [ 105.531522583388494, 21.155791523649217 ], [ 105.531608243403127, 21.155812616127957 ], [ 105.531706968608333, 21.155855365999312 ], [ 105.531814642396171, 21.155923660909874 ], [ 105.53186832217223, 21.155940958815552 ], [ 105.531930249588868, 21.155950467844544 ], [ 105.534312006716348, 21.155944905423002 ], [ 105.534376930432501, 21.155951583963386 ], [ 105.534432103212566, 21.155967471320928 ], [ 105.534477525064005, 21.15599256750496 ], [ 105.5345307441209, 21.156042524902038 ], [ 105.534568634976281, 21.156065875953885 ], [ 105.534610251952401, 21.156078622062648 ], [ 105.534655595041244, 21.156080763225784 ], [ 105.534703163106826, 21.156073365519948 ], [ 105.534770243184454, 21.156050380278263 ], [ 105.534851708824135, 21.155997541090951 ], [ 105.53492031474606, 21.155926393151812 ], [ 105.535013083135468, 21.155776454568457 ], [ 105.535089848763107, 21.155679141536048 ], [ 105.535150633346788, 21.15563447420848 ], [ 105.53522841356326, 21.155605642853384 ], [ 105.53535459037559, 21.155588137664772 ], [ 105.535491142610269, 21.155580299851469 ], [ 105.536429654261099, 21.155576798605836 ], [ 105.536494528295833, 21.155569709422977 ], [ 105.536573432614347, 21.15554192512689 ], [ 105.536648621762765, 21.15547691140527 ], [ 105.536715071052797, 21.155437522142172 ], [ 105.53676881267566, 21.155420060305914 ], [ 105.536859811417713, 21.155403544969644 ], [ 105.536937591164744, 21.155374712837787 ], [ 105.536980002187804, 21.155346693722787 ], [ 105.537033232355554, 21.155294987592406 ], [ 105.537099681460163, 21.155255598181348 ], [ 105.537153422969851, 21.155238136224931 ], [ 105.537246875787432, 21.155223907405183 ], [ 105.537451703427962, 21.155212148366974 ], [ 105.538643606072426, 21.155208358970359 ], [ 105.538706843663633, 21.15521662817266 ], [ 105.538758082698394, 21.155236229531461 ], [ 105.538797323184028, 21.155267163057427 ], [ 105.538839685918049, 21.155329145084391 ], [ 105.538903046176088, 21.155371295768358 ], [ 105.538993403228602, 21.155387948988203 ], [ 105.539318467913503, 21.155386913379434 ], [ 105.539383391563746, 21.155393589999907 ], [ 105.53946249469702, 21.155420871993954 ], [ 105.539580764454598, 21.15551315477526 ], [ 105.539688497676622, 21.15554739401291 ], [ 105.539921656621743, 21.155565164760528 ], [ 105.540604343386548, 21.15556633781836 ], [ 105.540685701895256, 21.155591489358201 ], [ 105.540724942865836, 21.155622422425306 ], [ 105.540785427193768, 21.155701287012519 ], [ 105.540857786975991, 21.155734937707031 ], [ 105.540921024894331, 21.155743206073979 ], [ 105.541535037218168, 21.155741242375058 ], [ 105.541625394756252, 21.155757894177711 ], [ 105.541688755962738, 21.155800043795715 ], [ 105.541800530184318, 21.155966457459147 ], [ 105.541851696281213, 21.156020125339158 ], [ 105.541894309465391, 21.15604787342366 ], [ 105.542002043573277, 21.156082111166548 ], [ 105.542131905984419, 21.156095448790882 ], [ 105.542339997348549, 21.156102895373685 ], [ 105.542421356425393, 21.156128046064868 ], [ 105.542460597890809, 21.156158978716761 ], [ 105.542556879589711, 21.156306027467128 ], [ 105.54264109517581, 21.156396476497552 ], [ 105.542702201880502, 21.156440755622569 ], [ 105.542840737724191, 21.156513897335209 ], [ 105.542989913678326, 21.156610987653785 ], [ 105.543043594916227, 21.156628281980048 ], [ 105.543105523234104, 21.15663778689726 ], [ 105.54346464723919, 21.156638574693496 ], [ 105.543527885663437, 21.156646842074007 ], [ 105.543600246501427, 21.15668049156886 ], [ 105.543660732770491, 21.156759355076513 ], [ 105.543699974655908, 21.156790287429565 ], [ 105.543751214857537, 21.1568098872471 ], [ 105.543814453368043, 21.156818154518437 ], [ 105.545295316476057, 21.156813389198028 ], [ 105.545388945999932, 21.156799320416095 ], [ 105.545439093755959, 21.156778508210429 ], [ 105.545479423964608, 21.156748549601101 ], [ 105.545507315514499, 21.156712630315507 ], [ 105.545514905083607, 21.156680307521366 ], [ 105.545502192685717, 21.156651581221151 ], [ 105.545488223252576, 21.15663856675506 ], [ 105.545413178870305, 21.156591163037785 ], [ 105.54540311549475, 21.156564904639826 ], [ 105.545406264682612, 21.156550955598252 ], [ 105.545517036711885, 21.1564346769709 ], [ 105.545654152387499, 21.15622476072053 ], [ 105.545704925406298, 21.156170765330685 ], [ 105.54574733494907, 21.156142744051635 ], [ 105.545854816428317, 21.156107814662903 ], [ 105.545984578284134, 21.156093642477007 ], [ 105.546192610207171, 21.156084857843702 ], [ 105.546249745929188, 21.15607055596335 ], [ 105.546312797795665, 21.156028000037665 ], [ 105.546372705090434, 21.155948748835446 ], [ 105.546417759839414, 21.155923191932168 ], [ 105.546474895476294, 21.155908889977333 ], [ 105.547122006053726, 21.155903975618187 ], [ 105.547185182087404, 21.155895300881234 ], [ 105.54725729432316, 21.155861185790847 ], [ 105.547317201042091, 21.155781934265082 ], [ 105.547356215094595, 21.155750749666634 ], [ 105.547407310088275, 21.155730819952073 ], [ 105.547539702446215, 21.155719097686653 ], [ 105.547596837888165, 21.155704795356712 ], [ 105.547641892346235, 21.155679238132944 ], [ 105.547701798786321, 21.155599986475369 ], [ 105.547740812709378, 21.15556880179037 ], [ 105.547791907586898, 21.155548871961738 ], [ 105.547855083425247, 21.15554019697845 ], [ 105.550272174965443, 21.155529706630656 ], [ 105.550399650788634, 21.155513402372076 ], [ 105.550485155159549, 21.15549176277127 ], [ 105.550560661538881, 21.155460809151347 ], [ 105.550687927885321, 21.155382058336716 ], [ 105.550760117388251, 21.155369127805766 ], [ 105.550842551043985, 21.155381575323286 ], [ 105.5509216561383, 21.155408851915539 ], [ 105.551052707094016, 21.155489059850613 ], [ 105.55110226550832, 21.155510246496053 ], [ 105.551192065484685, 21.155527420606049 ], [ 105.55132716449593, 21.155535804786616 ], [ 105.551382338793658, 21.155551686582857 ], [ 105.551427763261515, 21.155576778159503 ], [ 105.551502301660449, 21.155642368424669 ], [ 105.55154866751208, 21.155666570771235 ], [ 105.551602535455004, 21.155683686557879 ], [ 105.551696090200309, 21.155697313744543 ], [ 105.551900999256617, 21.155707754275102 ], [ 105.552000293181194, 21.155698959955078 ], [ 105.552072404168968, 21.155664842838164 ], [ 105.552150304529846, 21.155568590003391 ], [ 105.55219535813572, 21.155543031584855 ], [ 105.552252493024383, 21.155528727693962 ], [ 105.552899601211266, 21.155523791281308 ], [ 105.5529628395971, 21.155532055135946 ], [ 105.553014080511431, 21.155551652134449 ], [ 105.553053323961592, 21.155582582287469 ], [ 105.553113814693063, 21.155661442327027 ], [ 105.553159056932202, 21.155686705866867 ], [ 105.553216296662242, 21.155700636213314 ], [ 105.553898600447255, 21.155700345128444 ], [ 105.554029853202792, 21.155687556824162 ], [ 105.554145809494088, 21.155660519117127 ], [ 105.554244220231681, 21.15561713693813 ], [ 105.554351392866295, 21.155548152852795 ], [ 105.554404944900398, 21.155530510868378 ], [ 105.554466801125386, 21.155520604574253 ], [ 105.556014788664783, 21.155510761530696 ], [ 105.556071923141999, 21.155496456358541 ], [ 105.556116976027198, 21.155470896911005 ], [ 105.556149947316726, 21.155434083197722 ], [ 105.556215381250937, 21.155326218405339 ], [ 105.556277914054078, 21.155249414775163 ], [ 105.556338691922292, 21.1552047399766 ], [ 105.556416467573769, 21.155175898975521 ], [ 105.556542641142485, 21.155158378050039 ], [ 105.556679191446221, 21.155150523172065 ], [ 105.557363932361909, 21.155148623194716 ], [ 105.557495276795123, 21.155160549227958 ], [ 105.557611431616877, 21.155186824592008 ], [ 105.557710163493709, 21.155229559143468 ], [ 105.557794099489385, 21.155286271175601 ], [ 105.557871530705455, 21.155315126862792 ], [ 105.558037314891877, 21.155328519155585 ], [ 105.558097364475557, 21.155339793663671 ], [ 105.558169158740114, 21.15537397446931 ], [ 105.558223329670156, 21.155424803897365 ], [ 105.558265945629373, 21.155452547798163 ], [ 105.558343935357328, 21.155480875806415 ], [ 105.558571848868596, 21.155503577544021 ], [ 105.559256409051883, 21.155502903646823 ], [ 105.55942293440819, 21.155515594671154 ], [ 105.559511597109136, 21.155533839541018 ], [ 105.559590703771335, 21.155561112043586 ], [ 105.559721759364109, 21.155641313157755 ], [ 105.559799191117833, 21.155670167949335 ], [ 105.559895176666402, 21.155681494776797 ], [ 105.560220240848636, 21.155680419007009 ], [ 105.560283479638727, 21.155688680115354 ], [ 105.560355843613266, 21.155722322376196 ], [ 105.560413883613933, 21.15579889334105 ], [ 105.560440855664694, 21.155818389862812 ], [ 105.560455158649916, 21.155820458427627 ], [ 105.560485398532691, 21.155809236164611 ], [ 105.560517816954373, 21.15577753471058 ], [ 105.560544551603016, 21.155734911903295 ], [ 105.560562981713218, 21.155684553691852 ], [ 105.560575055882424, 21.155594512496901 ], [ 105.560575214813397, 21.154986933076284 ], [ 105.560587232639136, 21.154930602079286 ], [ 105.560609068769679, 21.154883416577441 ], [ 105.560693584342161, 21.154793327425438 ], [ 105.560729447229392, 21.154725444892133 ], [ 105.560752145507976, 21.154611537300035 ], [ 105.560763263681025, 21.154419317961079 ], [ 105.56074680882169, 21.150048611655805 ], [ 105.560737556411269, 21.149989349024164 ], [ 105.560716307571866, 21.149941420089604 ], [ 105.56068306230982, 21.149904824847653 ], [ 105.560616699344692, 21.149865515797178 ], [ 105.560571330184416, 21.149806372767575 ], [ 105.560556079643547, 21.149752776966157 ], [ 105.56053812306935, 21.149531728195203 ], [ 105.56051804959813, 21.149448687020822 ], [ 105.560492109000052, 21.149405190762305 ], [ 105.560451924465212, 21.149375151554562 ], [ 105.560397495990884, 21.149358569387616 ], [ 105.560039889902768, 21.149356400431952 ], [ 105.559946163132579, 21.149342943461541 ], [ 105.559874371421273, 21.149308763330016 ], [ 105.559820202218177, 21.149257934357021 ], [ 105.559777587780857, 21.14923019079448 ], [ 105.559669854863969, 21.149195964320182 ], [ 105.559506128128888, 21.149180636062169 ], [ 105.559331936430468, 21.149180861321586 ], [ 105.55925076931662, 21.149206540916328 ], [ 105.5592117595031, 21.149237728188183 ], [ 105.559151861763851, 21.149316983788079 ], [ 105.559106811254722, 21.14934254400923 ], [ 105.559049679440562, 21.149356850157542 ], [ 105.558113665064454, 21.14936276238916 ], [ 105.558048794960129, 21.149369859782787 ], [ 105.557969898136946, 21.149397653952619 ], [ 105.557837723625155, 21.149510870847937 ], [ 105.55767853560144, 21.149598923596386 ], [ 105.557553748615135, 21.149685259104029 ], [ 105.557504351076574, 21.149706769825698 ], [ 105.557380643887299, 21.149726584509867 ], [ 105.557055592540621, 21.149727654538825 ], [ 105.556889073811206, 21.149714961028739 ], [ 105.556772923396082, 21.149688685054848 ], [ 105.556697191760563, 21.149658226145625 ], [ 105.556590263136812, 21.14958923713678 ], [ 105.556540705973219, 21.149568052057436 ], [ 105.556482902855265, 21.149554656989842 ], [ 105.556347057505548, 21.14954698683248 ], [ 105.556287010385304, 21.149535711641125 ], [ 105.556215219380562, 21.149501529941844 ], [ 105.556161051324821, 21.149450699772878 ], [ 105.556094317497354, 21.149411740550551 ], [ 105.556010705214533, 21.14938872645784 ], [ 105.555921518165519, 21.149384794250246 ], [ 105.555849363734225, 21.149406217489972 ], [ 105.555755613306388, 21.149484538581731 ], [ 105.555709430443315, 21.149509043660121 ], [ 105.555655693305354, 21.149526511428231 ], [ 105.555496236830933, 21.149546785762613 ], [ 105.555288214863637, 21.14955558162676 ], [ 105.555231082569165, 21.149569886495726 ], [ 105.555168036021698, 21.149612445660647 ], [ 105.555108135949325, 21.149691699876982 ], [ 105.555036028547079, 21.149725818232461 ], [ 105.554972855651599, 21.149734495839002 ], [ 105.554323696913059, 21.149737505696262 ], [ 105.55419244941919, 21.149750294121489 ], [ 105.554050198440237, 21.149786595894572 ], [ 105.553978090739008, 21.149820713805315 ], [ 105.553870921980632, 21.149889697613851 ], [ 105.553817371890545, 21.149907339397778 ], [ 105.553755517938384, 21.149917245410755 ], [ 105.553396425046884, 21.14992036051196 ], [ 105.553333189031491, 21.149912096762094 ], [ 105.553260829423863, 21.149878451378203 ], [ 105.553182219702407, 21.149782709555517 ], [ 105.553136979277923, 21.149757445965047 ], [ 105.553079741852585, 21.149743515531743 ], [ 105.551854768233568, 21.149744690120663 ], [ 105.551791595115162, 21.149753366544118 ], [ 105.551740502771779, 21.149773297538744 ], [ 105.551701491197065, 21.149804483115567 ], [ 105.55164158917502, 21.149883736145537 ], [ 105.551569480850048, 21.149917853042925 ], [ 105.551506307639187, 21.149926529361686 ], [ 105.550857147662384, 21.149929525943715 ], [ 105.550725899635168, 21.149942311690875 ], [ 105.550583647556607, 21.149978610572308 ], [ 105.550511538932767, 21.150012727024919 ], [ 105.550404368378395, 21.150081708675224 ], [ 105.550320928596889, 21.150105268742507 ], [ 105.550254922457341, 21.150111305519584 ], [ 105.549351998577819, 21.150114238323194 ], [ 105.54921697323347, 21.150123504113868 ], [ 105.549125618823268, 21.15013969023034 ], [ 105.549043324854523, 21.150164317390583 ], [ 105.548971215772767, 21.150198433195897 ], [ 105.548864044349415, 21.150267413887882 ], [ 105.548810493492283, 21.150285054102902 ], [ 105.548748639005439, 21.150294958296442 ], [ 105.547200703536802, 21.15030473371025 ], [ 105.547119533579064, 21.150330407543514 ], [ 105.547080520867496, 21.150361592077505 ], [ 105.547020616129629, 21.150440843525367 ], [ 105.546975563123326, 21.150466400567371 ], [ 105.546918429613712, 21.150480702654022 ], [ 105.545693469466428, 21.150487479708008 ], [ 105.545590783636001, 21.150493107301848 ], [ 105.545496595867263, 21.150506652313904 ], [ 105.545411093553355, 21.150528289360604 ], [ 105.545335588522363, 21.150559240669914 ], [ 105.545208323304536, 21.150637987476255 ], [ 105.545136135544169, 21.150650915606928 ], [ 105.545082319890852, 21.150645435193951 ], [ 105.54499984667541, 21.150621340541754 ], [ 105.544927488513437, 21.150587691564592 ], [ 105.544843559951204, 21.150530972955025 ], [ 105.544766133621607, 21.150502111181584 ], [ 105.544670152358137, 21.150490775668498 ], [ 105.544345098647156, 21.15049182132611 ], [ 105.544281924706311, 21.150500494962344 ], [ 105.544230831048296, 21.150520423715776 ], [ 105.5441918176668, 21.150551607597414 ], [ 105.54414990796559, 21.150613859229793 ], [ 105.544086857715357, 21.150656414340538 ], [ 105.544029723831954, 21.150670715459359 ], [ 105.543927391975743, 21.150671044330679 ], [ 105.543870154981562, 21.150657110773416 ], [ 105.543806795401295, 21.150614961912765 ], [ 105.543695023133054, 21.150448549431459 ], [ 105.543643858348815, 21.150394882046662 ], [ 105.543601246492685, 21.150367134356408 ], [ 105.543493516208258, 21.150332897527385 ], [ 105.543295358305386, 21.15031607717825 ], [ 105.543188693026721, 21.150314832553597 ], [ 105.543098462179842, 21.150332063060596 ], [ 105.54305340850739, 21.150357619072768 ], [ 105.542993501593386, 21.150436869141675 ], [ 105.542954487967322, 21.150468052743538 ], [ 105.542903394132907, 21.150487981099928 ], [ 105.542771005960901, 21.150499699653025 ], [ 105.542713872, 21.150514000329359 ], [ 105.542668818204788, 21.150539556241228 ], [ 105.542608911012039, 21.150618806178297 ], [ 105.542569897256556, 21.150649989693608 ], [ 105.542518803306038, 21.150669917935929 ], [ 105.542455629166852, 21.150678590894245 ], [ 105.542130574926276, 21.150679632308069 ], [ 105.542065653238623, 21.15067295669629 ], [ 105.542010481679782, 21.150657071792896 ], [ 105.541965060257183, 21.150631977607222 ], [ 105.541853543649893, 21.150533320227932 ], [ 105.541693708140357, 21.150446303435533 ], [ 105.541569230330879, 21.15036165991636 ], [ 105.541524395966007, 21.150344869113763 ], [ 105.541475091620882, 21.150339386583674 ], [ 105.541365322050225, 21.150360573605806 ], [ 105.541245137007294, 21.150417427878317 ], [ 105.541152117602849, 21.150499593219301 ], [ 105.541082890625759, 21.150603926748616 ], [ 105.541049916579226, 21.150640737605141 ], [ 105.541004862449896, 21.150666293080665 ], [ 105.540947728241363, 21.150680593165568 ], [ 105.540845396325992, 21.150680920173816 ], [ 105.540764040494892, 21.150655768639243 ], [ 105.540724800850157, 21.150624835535226 ], [ 105.540643455564023, 21.15049768088636 ], [ 105.540561868267673, 21.150404752604739 ], [ 105.540519256963847, 21.150377004126316 ], [ 105.540469143320252, 21.150356341700448 ], [ 105.540350176821207, 21.15033732092089 ], [ 105.540296395255083, 21.150343146326101 ], [ 105.540250182623168, 21.150360241543677 ], [ 105.540156423192116, 21.150438554177651 ], [ 105.540110237365894, 21.150463055059166 ], [ 105.540056497935097, 21.150480517920027 ], [ 105.539897037957076, 21.150500777624696 ], [ 105.539689013265175, 21.150509554365193 ], [ 105.539631878979236, 21.150523854007606 ], [ 105.539586824632295, 21.150549409110475 ], [ 105.539526915769301, 21.150628657991906 ], [ 105.53948790134875, 21.150659840810686 ], [ 105.539436806959841, 21.150679768131535 ], [ 105.539337515451308, 21.150688555029362 ], [ 105.53927427975951, 21.150680286017923 ], [ 105.539223042242583, 21.150660684772827 ], [ 105.539183802907857, 21.150629751304738 ], [ 105.53912332153908, 21.150550886035816 ], [ 105.539078083170153, 21.150525618643353 ], [ 105.539020846645769, 21.150511683435028 ], [ 105.537795864100502, 21.150512756415004 ], [ 105.537732628555162, 21.150504486823998 ], [ 105.53766027201651, 21.150470834703146 ], [ 105.537599791507745, 21.150391968869727 ], [ 105.5375364337592, 21.150349817620054 ], [ 105.537446079920898, 21.150333163543724 ], [ 105.537121026164968, 21.150334195321506 ], [ 105.537056104806027, 21.150327517779928 ], [ 105.536977004814077, 21.150300234577628 ], [ 105.536901351438786, 21.150235699213493 ], [ 105.536834622105161, 21.150196732299936 ], [ 105.536751012120462, 21.150173708640551 ], [ 105.536621155267113, 21.150160366757277 ], [ 105.536411016916929, 21.150156625729672 ], [ 105.536219807343016, 21.150181066193856 ], [ 105.53608830470526, 21.150227372989832 ], [ 105.535958221243803, 21.150308770145511 ], [ 105.535874778876916, 21.150332323142546 ], [ 105.535808771913779, 21.150338354300636 ], [ 105.535483718059098, 21.150339382934529 ], [ 105.535420543586213, 21.150348053273156 ], [ 105.535348431154759, 21.150382163342982 ], [ 105.535288520065549, 21.150461410772433 ], [ 105.535249504776985, 21.150492592632848 ], [ 105.535198409846899, 21.150512518685488 ], [ 105.535135235281643, 21.150521188919363 ], [ 105.534996393683613, 21.150516331226118 ], [ 105.534872557363386, 21.15049730177704 ], [ 105.534740724533094, 21.150451828041479 ], [ 105.534633805159359, 21.150382824960921 ], [ 105.534584250693939, 21.150361633393267 ], [ 105.534494455546636, 21.15034445035257 ], [ 105.534390620143284, 21.1503451319807 ], [ 105.534330656474808, 21.150356793848609 ], [ 105.534280509226875, 21.150377602765325 ], [ 105.534185060612657, 21.150457504435593 ], [ 105.534138873758963, 21.150482003708685 ], [ 105.534085133575431, 21.150499464688657 ], [ 105.533925672628811, 21.150519718785311 ], [ 105.533717647381081, 21.150528488194787 ], [ 105.533660512465929, 21.150542785833842 ], [ 105.53359745915364, 21.150585337100882 ], [ 105.533537547038819, 21.150664583930155 ], [ 105.533465434005322, 21.150698693208859 ], [ 105.533263455417924, 21.150713096739494 ], [ 105.533139758141161, 21.150732907213843 ], [ 105.533008254005125, 21.150779211644462 ], [ 105.532901831299981, 21.150848887567186 ], [ 105.532852429643256, 21.150870391176444 ], [ 105.532762759306493, 21.150888140053667 ], [ 105.532627728306593, 21.150897389291032 ], [ 105.532572672445966, 21.150913624126101 ], [ 105.532527432935979, 21.150939006115902 ], [ 105.532453375736964, 21.151005072441794 ], [ 105.532407188419469, 21.151029571250387 ], [ 105.532353447823695, 21.151047031687895 ], [ 105.532262451173736, 21.151063544563748 ], [ 105.53218467270122, 21.151092374533054 ], [ 105.532142261939228, 21.151120392453823 ], [ 105.532089031493484, 21.151172097075619 ], [ 105.532022582812147, 21.151211484527703 ], [ 105.53196884210324, 21.151228944845059 ], [ 105.531877845295014, 21.151245457517035 ], [ 105.53180006664968, 21.151274287312564 ], [ 105.531757655762064, 21.151302305138973 ], [ 105.531684163810183, 21.151368898344316 ], [ 105.531612049996184, 21.151403006846717 ], [ 105.531554532544973, 21.151416947838513 ], [ 105.531424773111681, 21.15143110891032 ], [ 105.530960904802086, 21.151437854531988 ], [ 105.530867277080318, 21.15145191529761 ], [ 105.53079573600391, 21.151486557378593 ], [ 105.530741939181951, 21.151537734376038 ], [ 105.530699528015106, 21.151565751942218 ], [ 105.530621748962957, 21.151594581203504 ], [ 105.530530751765625, 21.15161109315838 ], [ 105.530477010727424, 21.151628553007956 ], [ 105.530410561403897, 21.151667939838337 ], [ 105.530357330152853, 21.151719643928967 ], [ 105.53031491886037, 21.151747661400798 ], [ 105.530237139635389, 21.151776490488288 ], [ 105.530175845300676, 21.151786911789586 ], [ 105.530118278559158, 21.151787085365672 ], [ 105.530068199689481, 21.151775941473343 ], [ 105.530025608701592, 21.151753480118977 ], [ 105.529972014309607, 21.151703168621314 ], [ 105.529929404537057, 21.151675417447059 ], [ 105.529821676231393, 21.151641171874473 ], [ 105.529691818588461, 21.151627824691072 ], [ 105.529516851432035, 21.151623082302478 ], [ 105.52941416397114, 21.151628700110944 ], [ 105.529290465357562, 21.151648507796764 ], [ 105.529182997335582, 21.151683440120294 ], [ 105.529093633768014, 21.151735243316978 ], [ 105.52900551479965, 21.151821975816013 ], [ 105.528937035357629, 21.151927009747961 ], [ 105.528873980077293, 21.151969559289196 ], [ 105.528783746392534, 21.151986782217968 ], [ 105.528458688568662, 21.151987797436949 ], [ 105.52839381563372, 21.151994883517524 ], [ 105.528314911561097, 21.152022664004104 ], [ 105.52821945863306, 21.152102562384325 ], [ 105.528173270255522, 21.152127060056166 ], [ 105.528119528738387, 21.152144519165837 ], [ 105.527960065090198, 21.152164767692273 ], [ 105.527682446874834, 21.152176219885078 ], [ 105.527530183054182, 21.152203177467879 ], [ 105.527427240292184, 21.152242326468361 ], [ 105.527253037262383, 21.152350148778844 ], [ 105.527066663705128, 21.152412859738984 ], [ 105.526912534774979, 21.152505618923819 ], [ 105.52682908964853, 21.152529167511251 ], [ 105.526726963583428, 21.152535307572787 ], [ 105.526633237365502, 21.15252183213823 ], [ 105.526561451403992, 21.152487637758075 ], [ 105.526507292126311, 21.152436797923198 ], [ 105.526440564413903, 21.152397826885252 ], [ 105.526356954669211, 21.152374798089394 ], [ 105.526267766233232, 21.15237085027892 ], [ 105.526195605793518, 21.152392260991689 ], [ 105.526101837532494, 21.15247056600435 ], [ 105.526055648680227, 21.15249506310689 ], [ 105.526001906767107, 21.152512521551362 ], [ 105.525910908440054, 21.152529031043048 ], [ 105.525833127910019, 21.152557858130397 ], [ 105.525790715504556, 21.152585874488576 ], [ 105.525737482294687, 21.15263757716108 ], [ 105.525671031229678, 21.152676962161653 ], [ 105.525587585797055, 21.152700510142612 ], [ 105.525498426990382, 21.152705012139915 ], [ 105.525426116795515, 21.152684050276942 ], [ 105.525331797630415, 21.15260632952841 ], [ 105.525285436830387, 21.152582119879366 ], [ 105.5252315728399, 21.152564995621329 ], [ 105.525140459964518, 21.15254905162686 ], [ 105.525062477729179, 21.15252070813937 ], [ 105.525019868604488, 21.152492955717513 ], [ 105.524945905222324, 21.152426822753448 ], [ 105.524873550497617, 21.152393165132604 ], [ 105.524719384600928, 21.152368774086845 ], [ 105.52451110909297, 21.15236148486655 ], [ 105.52437607969118, 21.152370730913443 ], [ 105.524256156185288, 21.152394054305137 ], [ 105.524153212384746, 21.152433201334052 ], [ 105.524023120284255, 21.152514589473064 ], [ 105.523939674662216, 21.152538136645497 ], [ 105.523873666129333, 21.152544163178099 ], [ 105.520336584464872, 21.152557368746326 ], [ 105.520276618691298, 21.152569025673642 ], [ 105.520226468643585, 21.152589830477481 ], [ 105.520131010912465, 21.152669724388332 ], [ 105.520084820978724, 21.152694219882452 ], [ 105.520031078249701, 21.152711676446543 ], [ 105.519871612716543, 21.152731917386141 ], [ 105.519663583145075, 21.152740669601311 ], [ 105.519606445924779, 21.152754962538186 ], [ 105.519543387551821, 21.15279750866171 ], [ 105.519483466979537, 21.152876750669975 ], [ 105.519411349526578, 21.152910854041185 ], [ 105.519348172888556, 21.152919518420344 ], [ 105.519023112537155, 21.152920515560609 ], [ 105.518958238662762, 21.152927598041444 ], [ 105.518879332236381, 21.152955374172798 ], [ 105.518783873535128, 21.153035267340123 ], [ 105.518737683259261, 21.153059762472434 ], [ 105.518683940231412, 21.153077218613969 ], [ 105.518524474095244, 21.153097458295225 ], [ 105.518214511542752, 21.153112525150437 ], [ 105.518123151536827, 21.153128694637065 ], [ 105.518040850441068, 21.15315330685733 ], [ 105.5179469561254, 21.153200886222816 ], [ 105.517870603070037, 21.153264813798454 ], [ 105.517823391698556, 21.153322129143582 ], [ 105.517716387113794, 21.153492577624746 ], [ 105.517632818638347, 21.153583552589701 ], [ 105.517572029473939, 21.15362821372803 ], [ 105.517412243056825, 21.153715698548179 ], [ 105.517309205156437, 21.153788528376428 ], [ 105.517231984348726, 21.153817875455569 ], [ 105.517099965479446, 21.153829923295596 ], [ 105.517006239189783, 21.153816442530452 ], [ 105.516934454711631, 21.153782244039281 ], [ 105.516880298166654, 21.153731401073163 ], [ 105.516813572296115, 21.153692426205382 ], [ 105.516759708811861, 21.153675299241435 ], [ 105.516666158075125, 21.153661652643564 ], [ 105.516461253285129, 21.153651169335543 ], [ 105.515558302969268, 21.15365392231767 ], [ 105.51549342858047, 21.153661003479687 ], [ 105.515438369706246, 21.153677232795658 ], [ 105.51539312633993, 21.153702610275221 ], [ 105.515339323327638, 21.153753782489613 ], [ 105.515296908551193, 21.153781796261828 ], [ 105.515219125203814, 21.153810618522787 ], [ 105.515128124755776, 21.153827122255244 ], [ 105.515074381003345, 21.153844577263325 ], [ 105.515007926489318, 21.153883958140781 ], [ 105.514954689003247, 21.153935657500526 ], [ 105.514912274101221, 21.153963671178275 ], [ 105.514804786431796, 21.153998581042984 ], [ 105.514675022860175, 21.154012729348029 ], [ 105.51453620767137, 21.154018441294046 ], [ 105.513311211379857, 21.154024984611183 ], [ 105.513230033181244, 21.154050642344799 ], [ 105.513191012232141, 21.154081819222359 ], [ 105.513131087726777, 21.154161059049336 ], [ 105.513058968141152, 21.15419515975098 ], [ 105.512995790535342, 21.154203821776218 ], [ 105.512381781722908, 21.154205681802392 ], [ 105.512318604067431, 21.154214343575706 ], [ 105.512246484262221, 21.154248443935209 ], [ 105.512186559181572, 21.154327683437771 ], [ 105.512123497969185, 21.154370226845742 ], [ 105.512066359344558, 21.154384517261839 ], [ 105.511862110231021, 21.15439678629318 ], [ 105.511742182934512, 21.154420100885616 ], [ 105.511639234279102, 21.154459240389539 ], [ 105.51153279867232, 21.154528903105987 ], [ 105.511455576284689, 21.154558247577882 ], [ 105.51135967445046, 21.154570181806037 ], [ 105.510745663970226, 21.15457203592711 ], [ 105.510652032114592, 21.154586085584064 ], [ 105.510580484647534, 21.154620719234927 ], [ 105.51050924786108, 21.15468941592302 ], [ 105.510448456057418, 21.154734074549488 ], [ 105.510310441463375, 21.154808077110332 ], [ 105.51022672637589, 21.154865143305113 ], [ 105.510154332678837, 21.154932761793841 ], [ 105.510085081700325, 21.155037083083343 ], [ 105.510052098894178, 21.155073888060805 ], [ 105.510007037928077, 21.15509943540938 ], [ 105.509949898805729, 21.155113725119453 ], [ 105.509269668872605, 21.155115773445605 ], [ 105.509188315575813, 21.155090606685125 ], [ 105.509149081126495, 21.155059666164465 ], [ 105.509088613555036, 21.154980789911072 ], [ 105.509043378729331, 21.154955514425875 ], [ 105.508986143063879, 21.154941569044414 ], [ 105.508305913814908, 21.154943613481123 ], [ 105.508248774575563, 21.154957902619174 ], [ 105.508203713323738, 21.154983449493461 ], [ 105.508143785772276, 21.155062687607156 ], [ 105.508080723063927, 21.155105229534644 ], [ 105.508023583739572, 21.155119518598077 ], [ 105.507787934968121, 21.155136290820735 ], [ 105.507645666637586, 21.155172553912067 ], [ 105.507573545257586, 21.155206652307339 ], [ 105.507446273537312, 21.155290667717132 ], [ 105.507235846965386, 21.155364723170511 ], [ 105.507081702251398, 21.15545746457785 ], [ 105.506998252118805, 21.15548100347711 ], [ 105.506862458209426, 21.155489526977693 ], [ 105.506776186706517, 21.155510436019195 ], [ 105.506730941261054, 21.155535811218687 ], [ 105.506656870116927, 21.155601866502785 ], [ 105.506610676983669, 21.155626358374469 ], [ 105.506556931526191, 21.155643810707286 ], [ 105.506329183544139, 21.155667946243277 ], [ 105.505899911727511, 21.155673111518539 ], [ 105.505813639972487, 21.155694020073735 ], [ 105.505768394302052, 21.155719395019741 ], [ 105.505714587199449, 21.155770564243713 ], [ 105.505672169991342, 21.155798575645271 ], [ 105.505564678706477, 21.155833479704121 ], [ 105.505366635187343, 21.155851527783401 ], [ 105.504971027602252, 21.155854295658884 ], [ 105.504877394325248, 21.155868342145897 ], [ 105.504805844850083, 21.155902973389534 ], [ 105.504695019380122, 21.156002318716592 ], [ 105.50453579190156, 21.15609032221488 ], [ 105.504410967827766, 21.156176619231175 ], [ 105.504361560114191, 21.15619811463089 ], [ 105.504303850689439, 21.156211871795268 ], [ 105.504237839559948, 21.156217890715727 ], [ 105.501023274255218, 21.156227438329733 ], [ 105.500960037997672, 21.156219155012252 ], [ 105.500908803330177, 21.156199542115775 ], [ 105.500869570260022, 21.156168599650982 ], [ 105.500827222861716, 21.156106607805519 ], [ 105.500787989833015, 21.15607566532065 ], [ 105.500736755236787, 21.156056052370321 ], [ 105.500637400385926, 21.156047875798027 ], [ 105.50057422116825, 21.156056533214368 ], [ 105.500523119463935, 21.156076448919162 ], [ 105.500484095266586, 21.156107622923408 ], [ 105.500442165533457, 21.156169864100125 ], [ 105.500379100098016, 21.156212403205391 ], [ 105.500321959553176, 21.156226689689763 ], [ 105.500219642133032, 21.15623263917335 ], [ 105.500138460340807, 21.156258290689777 ], [ 105.500099436014139, 21.156289464607195 ], [ 105.500057506068572, 21.156351705691481 ], [ 105.499994440444183, 21.156394244656198 ], [ 105.499937299790119, 21.156408531012492 ], [ 105.499834982224584, 21.156414480266154 ], [ 105.49975380026352, 21.156440131600778 ], [ 105.499714775807519, 21.156471305431367 ], [ 105.499662157971997, 21.156543635465521 ], [ 105.499634162784687, 21.156553068046957 ], [ 105.499603843279829, 21.156542035367661 ], [ 105.499495368935044, 21.156446164254472 ], [ 105.499335550814251, 21.156359107139913 ], [ 105.499210147331056, 21.156273552149202 ], [ 105.499132726345024, 21.156244669397509 ], [ 105.499036744238381, 21.156233308016482 ], [ 105.498966960446353, 21.156235808307276 ], [ 105.49890699135203, 21.156247457721083 ], [ 105.498835440251128, 21.156282086470078 ], [ 105.498781630517385, 21.156333253537714 ], [ 105.498715170453337, 21.156372628114411 ], [ 105.498631718395202, 21.156396162921904 ], [ 105.498535241308815, 21.156407555891303 ], [ 105.49836313257596, 21.156415997629438 ], [ 105.496848597189384, 21.156422745550955 ], [ 105.496762323627365, 21.156443649523734 ], [ 105.496717076135042, 21.156469022082597 ], [ 105.496663265592176, 21.156520188491211 ], [ 105.496620846419901, 21.156548197659557 ], [ 105.49651335234654, 21.156583096018753 ], [ 105.496315306496484, 21.156601133545095 ], [ 105.495886031069901, 21.156606273477649 ], [ 105.495799757256023, 21.15662717696399 ], [ 105.495754509538855, 21.156652549269261 ], [ 105.495700698593495, 21.156703715378498 ], [ 105.495658279183232, 21.156731724309541 ], [ 105.495550784739081, 21.156766622063575 ], [ 105.495352738503655, 21.156784658470094 ], [ 105.494957127726551, 21.15678740298754 ], [ 105.494892250817045, 21.15679447629627 ], [ 105.494837188394627, 21.15681069897164 ], [ 105.494791940452643, 21.156836071023292 ], [ 105.494681107473809, 21.156935409927232 ], [ 105.494521872879787, 21.157023404130214 ], [ 105.494373374957888, 21.157121407476186 ], [ 105.494289921748617, 21.15714494016218 ], [ 105.494122913620174, 21.157158133692043 ], [ 105.494067850974773, 21.15717435612066 ], [ 105.494022602787993, 21.157199727970252 ], [ 105.493911769019391, 21.15729906638142 ], [ 105.4937525335705, 21.157387059873226 ], [ 105.493649293916988, 21.157459700886033 ], [ 105.493580667200192, 21.157530832494174 ], [ 105.493487855514957, 21.157680749200985 ], [ 105.493411061262663, 21.157778043910145 ], [ 105.493350262952475, 21.157822696504919 ], [ 105.493272473035589, 21.157851508791335 ], [ 105.4931462886411, 21.15786898273608 ], [ 105.49300973129391, 21.15787678646436 ], [ 105.492904940045051, 21.157874797212383 ], [ 105.492847704639715, 21.157860846369477 ], [ 105.492784355944437, 21.157818678209843 ], [ 105.492703046985682, 21.1576914998715 ], [ 105.492621485023818, 21.157598548027725 ], [ 105.492554763529753, 21.157559563520252 ], [ 105.492471155726037, 21.157536517949595 ], [ 105.492237997840377, 21.157518681773748 ], [ 105.491588416479644, 21.157520041068278 ], [ 105.491453379764664, 21.157529260975206 ], [ 105.491333446434908, 21.157552561209055 ], [ 105.49123048998834, 21.157591688432106 ], [ 105.491056253730463, 21.15769947406687 ], [ 105.490845815172648, 21.157773509346477 ], [ 105.490739367209684, 21.157843159197213 ], [ 105.490689956885561, 21.157864650650691 ], [ 105.490566232912059, 21.157884416798908 ], [ 105.490241160277662, 21.157885358872736 ], [ 105.490177979591707, 21.15789401243282 ], [ 105.490126875801778, 21.157913925033434 ], [ 105.490087848901467, 21.157945096685573 ], [ 105.490021608754276, 21.158052231512645 ], [ 105.489961302681877, 21.158131120758309 ], [ 105.489869409724307, 21.158214340060255 ], [ 105.48971017083538, 21.158302329804251 ], [ 105.489541589169917, 21.158415387412006 ], [ 105.489466067989198, 21.15844631408369 ], [ 105.489356322560866, 21.158479111968916 ], [ 105.489284195233438, 21.158513202670157 ], [ 105.489186047059221, 21.158590590530842 ], [ 105.489067105290616, 21.158749926983784 ], [ 105.48899497776442, 21.158784017564486 ], [ 105.488862577016604, 21.158795694169967 ], [ 105.488781391758991, 21.158821340295724 ], [ 105.488742364336503, 21.158852511644291 ], [ 105.488700428883064, 21.158914750002712 ], [ 105.48863735885061, 21.158957284806633 ], [ 105.488580216043431, 21.158971567364098 ], [ 105.488510996351039, 21.158974590724771 ], [ 105.488313981063371, 21.158956621259453 ], [ 105.488176718439533, 21.158916241513442 ], [ 105.488048716369917, 21.158838799087988 ], [ 105.488031010551865, 21.15883285271865 ], [ 105.487998468938699, 21.158835244460082 ], [ 105.487969754012937, 21.158856682176953 ], [ 105.487891346059001, 21.158982382675408 ], [ 105.487811340883141, 21.159076685439985 ], [ 105.487732161371966, 21.159137979688253 ], [ 105.487551136504237, 21.15923943685015 ], [ 105.487472313497719, 21.159301063531114 ], [ 105.487407458752998, 21.159375712888714 ], [ 105.487329437459834, 21.159505643917516 ], [ 105.487252638206613, 21.159602935907323 ], [ 105.487177233994487, 21.159667750101406 ], [ 105.487017991923253, 21.159755737357685 ], [ 105.486914747276458, 21.159828374337035 ], [ 105.486846116215219, 21.159899503277707 ], [ 105.48679258832415, 21.159984713030401 ], [ 105.486759598590311, 21.160021513581381 ], [ 105.486714532010637, 21.160047054820648 ], [ 105.486657388588768, 21.160061336738561 ], [ 105.486299210479629, 21.160065190041344 ], [ 105.486205572571734, 21.160079226275776 ], [ 105.486134016576202, 21.160113849731857 ], [ 105.48606276570942, 21.160182536357947 ], [ 105.486001964171251, 21.160227186361549 ], [ 105.485886278006134, 21.160288224099492 ], [ 105.485800287656303, 21.160343168965188 ], [ 105.485742112468643, 21.160390267599659 ], [ 105.485692054484375, 21.160444934047142 ], [ 105.485585004126506, 21.160615359540877 ], [ 105.485504996611041, 21.160709661241924 ], [ 105.48542581527299, 21.160770954434216 ], [ 105.485287782257529, 21.160844936888157 ], [ 105.485204053960629, 21.160901990918298 ], [ 105.485166905932871, 21.160934914868918 ], [ 105.485125343097408, 21.160997501705559 ], [ 105.485100771318002, 21.161075929645328 ], [ 105.485086506009736, 21.161197745411162 ], [ 105.485081401485473, 21.161361880845831 ], [ 105.485091225066583, 21.161488553538284 ], [ 105.485108443864874, 21.161574260746523 ], [ 105.485134665113051, 21.161651471605865 ], [ 105.485171006072974, 21.161719131667162 ], [ 105.485228996235321, 21.161794681279698 ], [ 105.485236809731191, 21.161826957408103 ], [ 105.485224295918798, 21.161855760761028 ], [ 105.485210416268444, 21.161868860145642 ], [ 105.485076894712904, 21.161943179912164 ], [ 105.484976854166121, 21.162018805262388 ], [ 105.484926795361375, 21.162073471488931 ], [ 105.484847590772389, 21.162188576299176 ], [ 105.484819593538717, 21.162198006462194 ], [ 105.484789273914004, 21.162186971136595 ], [ 105.48468080470505, 21.162091090483866 ], [ 105.48452098880432, 21.162004019383566 ], [ 105.484417270599906, 21.161931976522759 ], [ 105.484333247673177, 21.16184134582037 ], [ 105.48426817875982, 21.161732826887569 ], [ 105.484209604949953, 21.161652163938662 ], [ 105.484138093267489, 21.161583711435931 ], [ 105.48409173608151, 21.161559490448749 ], [ 105.484008127235981, 21.161536440725204 ], [ 105.483946773696943, 21.161530975935385 ], [ 105.483892985480793, 21.16153678353303 ], [ 105.483826488113522, 21.161566630671881 ], [ 105.483716206417967, 21.161665431953004 ], [ 105.483535179284061, 21.161766888256441 ], [ 105.483411281952939, 21.161854050124742 ], [ 105.483339151590556, 21.16188813833589 ], [ 105.483177921371691, 21.161940493501998 ], [ 105.483088535173394, 21.161992272783031 ], [ 105.483000382930598, 21.162078981876029 ], [ 105.482893328319989, 21.162249405715645 ], [ 105.482813318216103, 21.162343706175303 ], [ 105.482734134887892, 21.162404998134043 ], [ 105.482596098989475, 21.162478978432489 ], [ 105.482471256565944, 21.162565259551254 ], [ 105.48242184344312, 21.162586748631501 ], [ 105.482364129361954, 21.16260049839045 ], [ 105.482228327118577, 21.162609002268432 ], [ 105.482142047774005, 21.162629898880553 ], [ 105.48209679584717, 21.16265526759592 ], [ 105.481985949968276, 21.162754598363581 ], [ 105.48180492030653, 21.162856052850572 ], [ 105.481681021042121, 21.16294321347733 ], [ 105.481608889745161, 21.162977300964101 ], [ 105.481472832790459, 21.163019346794904 ], [ 105.481378920183602, 21.163066906166733 ], [ 105.481320176873894, 21.163113475934651 ], [ 105.481270116343396, 21.163168141104958 ], [ 105.481163058971902, 21.163338563880703 ], [ 105.481083047183745, 21.163432863542116 ], [ 105.48100386255588, 21.163494154707852 ], [ 105.480822827713368, 21.163595604808439 ], [ 105.480726368674283, 21.163674570004332 ], [ 105.480679139561119, 21.163731875262197 ], [ 105.480586880245099, 21.163882315844987 ], [ 105.480506867801211, 21.163976615240394 ], [ 105.480427682645853, 21.164037906142557 ], [ 105.480246646743993, 21.164139355640174 ], [ 105.480168762030502, 21.164201859079387 ], [ 105.480139163587751, 21.164241822663421 ], [ 105.480117116660949, 21.164288826958078 ], [ 105.480091901605832, 21.164400437331015 ], [ 105.480061662981413, 21.164473584031619 ], [ 105.480032064457049, 21.164513547597217 ], [ 105.479926277821932, 21.164617596636408 ], [ 105.479833447960601, 21.164767506077997 ], [ 105.479756641094482, 21.164864794750724 ], [ 105.479717992077553, 21.164896320126559 ], [ 105.479671791499698, 21.164920804759301 ], [ 105.479618039363544, 21.164938248642752 ], [ 105.479527027767986, 21.16495473341751 ], [ 105.47944923134007, 21.16498353944737 ], [ 105.47940680645786, 21.16501154438113 ], [ 105.479333283949302, 21.165078115342439 ], [ 105.479261151069053, 21.165112201849578 ], [ 105.479107138587224, 21.165137507244232 ], [ 105.478865795394256, 21.165148948898249 ], [ 105.478808649213903, 21.165163228208446 ], [ 105.478763579686515, 21.165188767370147 ], [ 105.478730586808425, 21.165225566392994 ], [ 105.478650295924382, 21.165353387342378 ], [ 105.478585077416326, 21.165427700829618 ], [ 105.478505890691125, 21.165488990851472 ], [ 105.478367849789777, 21.165562967767556 ], [ 105.478264596841242, 21.165635599576142 ], [ 105.478195958953378, 21.165706725089308 ], [ 105.478103126673219, 21.165856633608161 ], [ 105.478026318112455, 21.165953921514941 ], [ 105.477950906636764, 21.166018731686677 ], [ 105.477860392054524, 21.166069460196109 ], [ 105.477821360423135, 21.16610062907894 ], [ 105.477785456705533, 21.166168494773153 ], [ 105.477773815073505, 21.16629276217509 ], [ 105.477746968804752, 21.166369072814849 ], [ 105.477713975415682, 21.166405871644027 ], [ 105.477557166761727, 21.166496131052121 ], [ 105.477460704103422, 21.166575094427571 ], [ 105.477413472816991, 21.166632398795493 ], [ 105.477321208427156, 21.1667828376427 ], [ 105.477240248419733, 21.166876255424938 ], [ 105.477173777826849, 21.166915621691683 ], [ 105.477090316256437, 21.166939146024372 ], [ 105.47696053720523, 21.166953265673559 ], [ 105.476752484079796, 21.166961965554776 ], [ 105.476671292186268, 21.166987605969563 ], [ 105.476632260063298, 21.167018774583923 ], [ 105.476566006221972, 21.167125904290856 ], [ 105.476505689343043, 21.167204788862673 ], [ 105.476453377495901, 21.167257356490744 ], [ 105.476392570156548, 21.167302003113548 ], [ 105.476254526505514, 21.167375978340974 ], [ 105.476085924202877, 21.167489022811719 ], [ 105.475875464061104, 21.167563039792263 ], [ 105.475701204826834, 21.167670809922779 ], [ 105.475490744228324, 21.16774482643152 ], [ 105.475401351826008, 21.167796601732316 ], [ 105.475313191653896, 21.167883306910582 ], [ 105.475206124105114, 21.168053726015319 ], [ 105.475126106011629, 21.168148022926346 ], [ 105.475046916403883, 21.168209311363604 ], [ 105.474865871697645, 21.1683107552183 ], [ 105.474769406422922, 21.168389717091252 ], [ 105.47472217352319, 21.168447020725875 ], [ 105.4746299052957, 21.168597458145506 ], [ 105.474549886546285, 21.168691754790281 ], [ 105.474470696410904, 21.168753042963754 ], [ 105.474289650645119, 21.168854486215036 ], [ 105.474193184711339, 21.16893344776669 ], [ 105.474145951418194, 21.168990751244156 ], [ 105.474038885347454, 21.169161172984726 ], [ 105.473991100681445, 21.169217962444538 ], [ 105.473935955423201, 21.169267888942027 ], [ 105.473734642592987, 21.169384216883596 ], [ 105.473587818961022, 21.169483787907179 ], [ 105.473512288745312, 21.169514707586746 ], [ 105.473402531469588, 21.169547495302158 ], [ 105.473308612113129, 21.16959505028365 ], [ 105.47324986368524, 21.169641617309676 ], [ 105.473199797994937, 21.169696280147182 ], [ 105.47309272673732, 21.169866697947757 ], [ 105.473011762395942, 21.169960113753721 ], [ 105.472969334869134, 21.169988117106104 ], [ 105.47291935583138, 21.170009079415184 ], [ 105.47280051898494, 21.170033401394775 ], [ 105.472722718554934, 21.170062204388358 ], [ 105.472680290943501, 21.17009020766946 ], [ 105.472569998858162, 21.170190059810473 ], [ 105.472410736731675, 21.170278033585198 ], [ 105.472326998132544, 21.170335081372521 ], [ 105.472238834662662, 21.17042178498432 ], [ 105.472131761787196, 21.170592202192406 ], [ 105.472051740383861, 21.170686497682986 ], [ 105.471972548150617, 21.170747784711629 ], [ 105.471834499065451, 21.170821756402979 ], [ 105.471731239249166, 21.170894384307068 ], [ 105.471662595810315, 21.170965507229393 ], [ 105.471609055279885, 21.171050712306915 ], [ 105.471576059334225, 21.171087509966597 ], [ 105.47150392172307, 21.171121593229834 ], [ 105.471371508353371, 21.171133256363248 ], [ 105.471290313217025, 21.171158894242584 ], [ 105.47125127886504, 21.171190061641585 ], [ 105.471185019311875, 21.171297189295718 ], [ 105.471124697895959, 21.171376071995166 ], [ 105.47103278616828, 21.171459281290726 ], [ 105.470873521759657, 21.171547253647155 ], [ 105.470704910596311, 21.171660292863741 ], [ 105.47062937865897, 21.171691211279814 ], [ 105.470519619113006, 21.171723997157869 ], [ 105.470425697442195, 21.171771550569197 ], [ 105.470332624994384, 21.171853677808727 ], [ 105.470248349473877, 21.171977789542542 ], [ 105.470209314687352, 21.172008956706129 ], [ 105.470128118864253, 21.172034594037516 ], [ 105.469995704552886, 21.172046256109684 ], [ 105.469923566105265, 21.172080338710426 ], [ 105.46989056951287, 21.172117136048843 ], [ 105.469810267354333, 21.172244952910646 ], [ 105.469745041412168, 21.172319263068612 ], [ 105.469665847351152, 21.172380549039318 ], [ 105.469484793839314, 21.172481987247696 ], [ 105.469405956275679, 21.172543605688588 ], [ 105.469341086692907, 21.17261824828395 ], [ 105.469263042755202, 21.172748171207168 ], [ 105.469186224868338, 21.172845455195684 ], [ 105.469110806030059, 21.172910261511099 ], [ 105.468951538911739, 21.172998232092628 ], [ 105.468848276162944, 21.173070858272236 ], [ 105.468779630339156, 21.173141980050584 ], [ 105.468726087381654, 21.173227184238936 ], [ 105.468693090239825, 21.173263981348985 ], [ 105.468620950897531, 21.173298063405728 ], [ 105.468488535320716, 21.1733097243192 ], [ 105.468407338478499, 21.173335360839204 ], [ 105.468353313889693, 21.173386333684011 ], [ 105.46825764595539, 21.173533606546663 ], [ 105.468186567731323, 21.173602460499627 ], [ 105.468114428105963, 21.173636542344145 ], [ 105.467995587517919, 21.173660861005718 ], [ 105.467917784229058, 21.17368966182929 ], [ 105.467875354667854, 21.173717663929143 ], [ 105.46776505665423, 21.173817513004135 ], [ 105.467605787753556, 21.173905482341659 ], [ 105.467502523710152, 21.173978107715655 ], [ 105.467433876822057, 21.174049228959834 ], [ 105.467326795856152, 21.174219643204008 ], [ 105.467246769457191, 21.174313936473716 ], [ 105.467167573297957, 21.174375221298924 ], [ 105.466986515627653, 21.174476656885449 ], [ 105.466890042148108, 21.174555614359356 ], [ 105.46684280426021, 21.174612915844897 ], [ 105.466735725817372, 21.174783333080448 ], [ 105.466652113960734, 21.174874283468771 ], [ 105.46659130054141, 21.174918926640633 ], [ 105.466431460518976, 21.175006364111436 ], [ 105.466349979497082, 21.175065518709882 ], [ 105.466281331557326, 21.175136639496564 ], [ 105.46621279693035, 21.175241648825704 ], [ 105.46617376043686, 21.175272815077378 ], [ 105.466092562108059, 21.175298450507238 ], [ 105.465960144514241, 21.175310109474797 ], [ 105.465888003539021, 21.175344190387438 ], [ 105.465855005225023, 21.175380986956224 ], [ 105.46577469785646, 21.175508801949501 ], [ 105.465691085003868, 21.175599751873264 ], [ 105.465630270996897, 21.175644394706509 ], [ 105.465449210717338, 21.175745828679794 ], [ 105.465352735594522, 21.175824785295138 ], [ 105.46530549671273, 21.175882086361053 ], [ 105.465213214403633, 21.176032518774349 ], [ 105.465133185692892, 21.176126811066446 ], [ 105.465053987692755, 21.17618809492259 ], [ 105.464872926353308, 21.176289528291779 ], [ 105.464776450571193, 21.176368484585417 ], [ 105.464729211295762, 21.176425785493933 ], [ 105.464636928071528, 21.17657621760004 ], [ 105.464556898704501, 21.176670509625477 ], [ 105.464477700176531, 21.176731793217495 ], [ 105.464296637777181, 21.176833225982524 ], [ 105.464218739676738, 21.17689572223258 ], [ 105.464189134438286, 21.176935683092726 ], [ 105.464167080633175, 21.176982685367172 ], [ 105.464141851614826, 21.177094293458914 ], [ 105.46411160264185, 21.177167437393045 ], [ 105.464081997321671, 21.177207398234678 ], [ 105.464027206057452, 21.17725765752845 ], [ 105.463985629807524, 21.177320239302418 ], [ 105.463967351613121, 21.177370762264264 ], [ 105.463950317561057, 21.177456228667371 ], [ 105.463920068423278, 21.1775293725672 ], [ 105.463890462980942, 21.177569333375871 ], [ 105.463835671519959, 21.17761959260908 ], [ 105.463794095090478, 21.177682174336617 ], [ 105.463775816788683, 21.17773269727763 ], [ 105.463758782589068, 21.177818163660579 ], [ 105.463728533286499, 21.17789130752611 ], [ 105.463698927722007, 21.177931268301808 ], [ 105.463593120107987, 21.178035307351486 ], [ 105.46350026551616, 21.178185208054373 ], [ 105.463423441072763, 21.178282489484133 ], [ 105.463348016963252, 21.178347293285064 ], [ 105.463236461280744, 21.178412189310475 ], [ 105.463203461635302, 21.178448985373095 ], [ 105.463176605783048, 21.178525293770569 ], [ 105.463164951179735, 21.178649560231111 ], [ 105.463129037803867, 21.178717422894252 ], [ 105.463089999752441, 21.178748588449928 ], [ 105.462954197723519, 21.17882465943811 ], [ 105.462857719283889, 21.178903614662328 ], [ 105.462810478473401, 21.178960915046058 ], [ 105.462703392331832, 21.179131329783459 ], [ 105.462619775579611, 21.179222278221644 ], [ 105.462558959169456, 21.179266919975376 ], [ 105.462399112078273, 21.179354353719166 ], [ 105.462299992138327, 21.179430846122678 ], [ 105.46227038588701, 21.179470806653647 ], [ 105.462248331111169, 21.179517808681819 ], [ 105.462223100256807, 21.179629416488233 ], [ 105.462192849843547, 21.179702560084031 ], [ 105.462163243510474, 21.179742520596481 ], [ 105.462057433540153, 21.17984655870627 ], [ 105.461964576290327, 21.179996458582902 ], [ 105.461904246485332, 21.18007533806777 ], [ 105.461812324222151, 21.180158542460813 ], [ 105.461589385239392, 21.180288497083826 ], [ 105.461531194547405, 21.18033558756931 ], [ 105.461481120961807, 21.180390247014625 ], [ 105.461388262796476, 21.180540146581958 ], [ 105.461268733359987, 21.180698960017331 ], [ 105.46119106127901, 21.180896804281598 ], [ 105.461077187787652, 21.181060892030516 ], [ 105.460999515270998, 21.181258736206448 ], [ 105.46088564129677, 21.181422823828274 ], [ 105.460807968344454, 21.181620667915876 ], [ 105.460694093887369, 21.181784755410604 ], [ 105.460661572518106, 21.181855782236497 ], [ 105.460627260975215, 21.181958923804888 ], [ 105.460577111301006, 21.182047296861313 ], [ 105.460490094148753, 21.182135076231937 ], [ 105.460267532944584, 21.182265385264138 ], [ 105.460207265830221, 21.182310540210992 ], [ 105.460154359271783, 21.182362558675347 ], [ 105.460031516409401, 21.182552068278422 ], [ 105.45992621844762, 21.18269036990462 ], [ 105.45984854358268, 21.182888213557224 ], [ 105.459734667111917, 21.183052300418179 ], [ 105.459702145015939, 21.183123327062301 ], [ 105.459667832529334, 21.183226468438018 ], [ 105.459617681867201, 21.183314841214816 ], [ 105.459568377583551, 21.183370219038157 ], [ 105.459510390401576, 21.183417500327582 ], [ 105.45935110629506, 21.183505462068037 ], [ 105.459267355211608, 21.183562503528421 ], [ 105.459230195771937, 21.18359542190656 ], [ 105.459200587878726, 21.183635381910513 ], [ 105.459170335193633, 21.18370852497295 ], [ 105.459153297724612, 21.183793990892561 ], [ 105.459135017127821, 21.183844513337984 ], [ 105.459093437010452, 21.183907093931584 ], [ 105.459022893653241, 21.183976451425877 ], [ 105.458986977133065, 21.184044313224529 ], [ 105.458964196666685, 21.184158208406085 ], [ 105.458944201622685, 21.184443622661959 ], [ 105.458908284957829, 21.184511484442865 ], [ 105.45882416564217, 21.184568183007858 ], [ 105.458779191298717, 21.184627598811272 ], [ 105.458764304375748, 21.184681285930239 ], [ 105.458758579573797, 21.184777300855092 ], [ 105.458731720350684, 21.184853608552068 ], [ 105.458698718176109, 21.18489040375389 ], [ 105.458584885750909, 21.184953180261687 ], [ 105.458501133561754, 21.185010221352883 ], [ 105.458463973593794, 21.185043139566638 ], [ 105.458434365211659, 21.185083099438547 ], [ 105.458404111867011, 21.185156242363576 ], [ 105.458387073807273, 21.185241708202394 ], [ 105.45836879278059, 21.185292230564308 ], [ 105.458327211944606, 21.185354810971972 ], [ 105.458272415752219, 21.185405068442734 ], [ 105.458242807247842, 21.185445028281642 ], [ 105.458212553738292, 21.185518171172308 ], [ 105.458195515530875, 21.185603636990926 ], [ 105.458177234396715, 21.185654159331964 ], [ 105.458135653381049, 21.185716739693135 ], [ 105.458080856991785, 21.185766997103254 ], [ 105.458051248365166, 21.18580695690914 ], [ 105.458020994690685, 21.185880099765452 ], [ 105.457995759669942, 21.185991706934743 ], [ 105.457973702607021, 21.18603870841136 ], [ 105.457944093898604, 21.186078668198707 ], [ 105.457889297312434, 21.186128925548168 ], [ 105.457847716045464, 21.186191505839624 ], [ 105.457829434724189, 21.186242028142988 ], [ 105.457812396221385, 21.186327493921205 ], [ 105.457782142327886, 21.186400636734326 ], [ 105.457752533497242, 21.186440596488652 ], [ 105.457646715714802, 21.186544631898588 ], [ 105.457539614706349, 21.186715040062889 ], [ 105.457447415466447, 21.186831774588342 ], [ 105.457411497557459, 21.186899636054974 ], [ 105.457367472614067, 21.187027507276913 ], [ 105.457331554622797, 21.187095368726514 ], [ 105.457285454823136, 21.187153735939646 ], [ 105.457230297319441, 21.18720365710875 ], [ 105.457007725674842, 21.187333961960885 ], [ 105.456947455523888, 21.187379115773833 ], [ 105.456894546037063, 21.187431133240295 ], [ 105.456771694916796, 21.187620640512641 ], [ 105.456666390388776, 21.187758940145759 ], [ 105.456588708646592, 21.18795678230898 ], [ 105.456474824766403, 21.188120867011495 ], [ 105.456442300041502, 21.188191893034347 ], [ 105.45640798418269, 21.188295033748958 ], [ 105.456357829915532, 21.188383405571933 ], [ 105.45630852275626, 21.18843878246383 ], [ 105.456250532570991, 21.18848606266134 ], [ 105.456069453831518, 21.188587490194241 ], [ 105.455970324502047, 21.188663978974116 ], [ 105.455928741730546, 21.188726558802227 ], [ 105.455885222400255, 21.188888687754027 ], [ 105.455849303293718, 21.188956548894105 ], [ 105.455727733491315, 21.189079682618061 ], [ 105.45563486421463, 21.189229579075153 ], [ 105.455558028994801, 21.189326857001113 ], [ 105.455482595882231, 21.189391657372493 ], [ 105.455371028473408, 21.189456548335912 ], [ 105.455338024455259, 21.189493342895126 ], [ 105.455311162663108, 21.189569650053318 ], [ 105.455299326436219, 21.189761323526241 ], [ 105.455266619223877, 21.189899750191792 ], [ 105.455220989013426, 21.189992341392216 ], [ 105.455159520318588, 21.190070163587798 ], [ 105.455120206653817, 21.190134859790319 ], [ 105.455065336880992, 21.19028640567236 ], [ 105.455029417071941, 21.190354266639854 ], [ 105.454947486354186, 21.190446793755715 ], [ 105.454886663061998, 21.190491432815222 ], [ 105.45479631298889, 21.190542323953167 ], [ 105.454763308590628, 21.190579118402347 ], [ 105.454736446316801, 21.190655425468279 ], [ 105.454724783906229, 21.190779691314617 ], [ 105.454688863825638, 21.190847552210737 ], [ 105.454649820832586, 21.19087871586261 ], [ 105.454493346948752, 21.190969303758518 ], [ 105.454435149848436, 21.191016391858355 ], [ 105.454385070094574, 21.191071049245227 ], [ 105.454292198245852, 21.191220944976141 ], [ 105.454172652774503, 21.191379753486505 ], [ 105.454094965896545, 21.191577594513014 ], [ 105.454040283889526, 21.191661745918939 ], [ 105.45396862480699, 21.191730066557206 ], [ 105.453836780262961, 21.191809836107733 ], [ 105.453803775348305, 21.191846630373359 ], [ 105.453776912363026, 21.19192293728835 ], [ 105.453765249071125, 21.192047203066121 ], [ 105.453729328253814, 21.192115063761541 ], [ 105.453690284727557, 21.19214622719668 ], [ 105.453597476039747, 21.192194826415818 ], [ 105.453513717863387, 21.192251865095059 ], [ 105.45345797354905, 21.192301240804621 ], [ 105.453410724911365, 21.192358538613654 ], [ 105.453332656900074, 21.192488454323041 ], [ 105.453213109397865, 21.192647262167633 ], [ 105.453135420605676, 21.192845102758323 ], [ 105.453021529231194, 21.193009185175285 ], [ 105.452989001820839, 21.193080210541567 ], [ 105.452954682492418, 21.193183350558982 ], [ 105.452918761037523, 21.193251211084583 ], [ 105.452836827424946, 21.193343737197868 ], [ 105.452776002315673, 21.193388375515159 ], [ 105.452685649756162, 21.193439265551895 ], [ 105.452652644198366, 21.193476059597234 ], [ 105.45262578034091, 21.193552366330465 ], [ 105.452614115984886, 21.193676632024481 ], [ 105.452578194258379, 21.193744492478658 ], [ 105.452539150064268, 21.193775655653859 ], [ 105.452403328894619, 21.193851718376695 ], [ 105.452324472940987, 21.19391332903157 ], [ 105.452259585547452, 21.193987965210127 ], [ 105.452181515692246, 21.194117880396139 ], [ 105.452104675718672, 21.194215156781922 ], [ 105.452029238631766, 21.194279955646099 ], [ 105.451869938446706, 21.194367910513002 ], [ 105.451766652514124, 21.194440526497011 ], [ 105.451697988722316, 21.194511641487768 ], [ 105.451644428422981, 21.194596840369051 ], [ 105.45161142235203, 21.194633634215208 ], [ 105.451539268677081, 21.19466770915621 ], [ 105.451406832487763, 21.194679357030115 ], [ 105.451325620937325, 21.194704985546267 ], [ 105.451286576226437, 21.194736148437727 ], [ 105.451244615104486, 21.194798377721408 ], [ 105.451181519067234, 21.194840898854689 ], [ 105.45112435868343, 21.194855169015614 ], [ 105.451022012123417, 21.194861089237669 ], [ 105.450940800404197, 21.194886717571283 ], [ 105.450901755563834, 21.194917880375453 ], [ 105.450859794229032, 21.194980109566032 ], [ 105.450796698002677, 21.195022630558046 ], [ 105.450739537509719, 21.195036900590399 ], [ 105.450637190804642, 21.195042820581747 ], [ 105.45055597891664, 21.195068448732822 ], [ 105.450516933946801, 21.195099611449692 ], [ 105.450421609318681, 21.195247223830165 ], [ 105.450337976066422, 21.195338166318905 ], [ 105.45027714938422, 21.195382803754214 ], [ 105.450117277698013, 21.195470226159713 ], [ 105.450017196746984, 21.195545831269328 ], [ 105.449952307480601, 21.195620466580927 ], [ 105.449874234758155, 21.195750380727223 ], [ 105.449797392430625, 21.195847656087079 ], [ 105.449721953502561, 21.195912453941453 ], [ 105.449610378664374, 21.19597734118441 ], [ 105.449565397229151, 21.196036754584132 ], [ 105.449547589133019, 21.196121507273279 ], [ 105.449549331551765, 21.196697498725566 ], [ 105.449540478713331, 21.196756815991481 ], [ 105.449519548755362, 21.196804871346348 ], [ 105.449465509204828, 21.196855838285533 ], [ 105.449309025844485, 21.196946421486011 ], [ 105.449236018161798, 21.197013486983348 ], [ 105.44920009410248, 21.197081346734585 ], [ 105.449174850701368, 21.19719295259225 ], [ 105.449144590423259, 21.197266093881243 ], [ 105.449114977134684, 21.197306052151472 ], [ 105.449009145615648, 21.197410082266678 ], [ 105.448916264453274, 21.197559975098539 ], [ 105.448839420578039, 21.19765725002976 ], [ 105.448778592499593, 21.19770188693828 ], [ 105.448700772820956, 21.197730679130075 ], [ 105.448574548752902, 21.197748120453635 ], [ 105.448296832991346, 21.19775944064061 ], [ 105.448169308165092, 21.1977756687665 ], [ 105.448032265590626, 21.197816808006191 ], [ 105.44794284546505, 21.197868569107225 ], [ 105.447854651519378, 21.197955260274878 ], [ 105.447747531201713, 21.198125662352119 ], [ 105.447667479638184, 21.198219946543251 ], [ 105.447588262687574, 21.198281222397991 ], [ 105.447407162449139, 21.198382637492958 ], [ 105.447346884899673, 21.198427787955222 ], [ 105.447293968137004, 21.198479802478371 ], [ 105.447171095787141, 21.198669302906296 ], [ 105.447065774584431, 21.198807596676026 ], [ 105.446988074496446, 21.199005434499565 ], [ 105.446933385770535, 21.19908958365226 ], [ 105.446841443420439, 21.199172780077763 ], [ 105.446660345182025, 21.199274197747119 ], [ 105.44656025990777, 21.199349800851767 ], [ 105.446495367255622, 21.199424434862483 ], [ 105.446388247936738, 21.199594839452022 ], [ 105.44632205440989, 21.199668260486888 ], [ 105.446255560900241, 21.199707614860213 ], [ 105.446082926877452, 21.199749351969395 ], [ 105.446010769426721, 21.199783424595495 ], [ 105.445880160833568, 21.199898138335438 ], [ 105.445720850935984, 21.199986087518052 ], [ 105.445617558072868, 21.2000586998176 ], [ 105.445548888745918, 21.200129812360561 ], [ 105.445480328141642, 21.200234813444652 ], [ 105.445441280747971, 21.200265975012503 ], [ 105.445390156243732, 21.200285874370113 ], [ 105.445257714476753, 21.20029751751369 ], [ 105.445176498755146, 21.20032314313044 ], [ 105.445137451273496, 21.200354304629268 ], [ 105.445042117974282, 21.200501914037492 ], [ 105.444958478483102, 21.200592853917676 ], [ 105.444897648026554, 21.200637489455289 ], [ 105.444737767481357, 21.200724906872367 ], [ 105.444637680243488, 21.200800508859572 ], [ 105.444572785991738, 21.200875142147222 ], [ 105.444494705847191, 21.201005053859156 ], [ 105.444417857300294, 21.201102326822358 ], [ 105.444342413356111, 21.201167122323184 ], [ 105.444230832197547, 21.201232006084552 ], [ 105.444197822820868, 21.201268798512256 ], [ 105.444170953266351, 21.201345103933001 ], [ 105.444159281347567, 21.20146936906529 ], [ 105.444123353911422, 21.20153722776136 ], [ 105.444084305890016, 21.201568389021801 ], [ 105.443948473212714, 21.201644445080913 ], [ 105.443851969892037, 21.201723389688862 ], [ 105.443804714573446, 21.201780684866787 ], [ 105.443697590489535, 21.201951087787133 ], [ 105.443613949363893, 21.202042027014897 ], [ 105.443553117909062, 21.202086662078269 ], [ 105.443437381508531, 21.202147671382445 ], [ 105.443351351141274, 21.202202595115665 ], [ 105.443293146105191, 21.202249679456088 ], [ 105.443243058483972, 21.202304333607945 ], [ 105.443150168480145, 21.202454223339764 ], [ 105.443030602146862, 21.202613024127732 ], [ 105.4429980679122, 21.202684047611882 ], [ 105.442963739523947, 21.202787185645096 ], [ 105.442913572464192, 21.202875553555376 ], [ 105.442826532750317, 21.202963324018562 ], [ 105.442694672203871, 21.203043085051341 ], [ 105.442661662047286, 21.203079877184738 ], [ 105.44263479138985, 21.203156182364435 ], [ 105.442623118071893, 21.203280447389069 ], [ 105.442602184982647, 21.203328501905631 ], [ 105.442569174740768, 21.203365294021232 ], [ 105.442433530594229, 21.203441526961843 ], [ 105.442352024430477, 21.203500670243038 ], [ 105.442283351955766, 21.203571781485081 ], [ 105.442214787477056, 21.203676781269625 ], [ 105.442175738493063, 21.203707942097903 ], [ 105.442094520357543, 21.203733566264678 ], [ 105.44196207521243, 21.203745206878178 ], [ 105.441889914858876, 21.203779277778704 ], [ 105.441856904339872, 21.203816069757988 ], [ 105.441761190881181, 21.203963327917045 ], [ 105.441690085894422, 21.204032170961284 ], [ 105.441617925338079, 21.204066241747988 ], [ 105.441499055808777, 21.204090542205485 ], [ 105.441421231330608, 21.204119331105982 ], [ 105.441378788073678, 21.204147326698813 ], [ 105.441268449747596, 21.204247158847686 ], [ 105.441109132420593, 21.204335103765711 ], [ 105.440960551724245, 21.204433061165535 ], [ 105.440877063116247, 21.204456567997926 ], [ 105.440709996097496, 21.204469709753909 ], [ 105.440631047135639, 21.204497449987176 ], [ 105.440498733243146, 21.204610577112856 ], [ 105.440275738809291, 21.204740504227825 ], [ 105.440217531798837, 21.204787587528781 ], [ 105.440167442190713, 21.20484224078702 ], [ 105.440060308150251, 21.205012638093205 ], [ 105.439980248011508, 21.205106918715675 ], [ 105.43990102420257, 21.205168191035877 ], [ 105.439719910250275, 21.205269598046634 ], [ 105.439623402317537, 21.205348540285449 ], [ 105.439576144219032, 21.20540583430455 ], [ 105.439483817861529, 21.20555625293645 ], [ 105.43940375706525, 21.205650533291088 ], [ 105.439324532727653, 21.205711805346141 ], [ 105.439143417714035, 21.205813211750606 ], [ 105.43904690912089, 21.205892153666429 ], [ 105.438999650627991, 21.205949447527424 ], [ 105.438907323353419, 21.206099865850575 ], [ 105.438827261899618, 21.20619414593736 ], [ 105.438748037033321, 21.206255417727242 ], [ 105.438566920958351, 21.206356823525368 ], [ 105.438488996576638, 21.20641930816581 ], [ 105.438447401537616, 21.206481883778142 ], [ 105.43842279797677, 21.206560305096243 ], [ 105.43840632810408, 21.206713888827906 ], [ 105.438397970322583, 21.206942614826374 ], [ 105.438370151073315, 21.207085614592994 ], [ 105.438329030505713, 21.2071824214751 ], [ 105.43821511190535, 21.207346494113995 ], [ 105.43813739570885, 21.207544327951386 ], [ 105.438094676081462, 21.207605855151922 ], [ 105.438023001987673, 21.207674169162718 ], [ 105.437821608780837, 21.207790455240048 ], [ 105.4377215132521, 21.207866053210587 ], [ 105.437656612456223, 21.20794068389333 ], [ 105.437578522607893, 21.208070592470158 ], [ 105.437501665905643, 21.208167862348326 ], [ 105.437426215355615, 21.208232654821149 ], [ 105.43731462583888, 21.208297534104759 ], [ 105.437281613186769, 21.208334325207385 ], [ 105.437260677676321, 21.208382379075733 ], [ 105.437248999530553, 21.208506643737664 ], [ 105.437234102571864, 21.208560328988245 ], [ 105.43720712842871, 21.208602751462905 ], [ 105.43712298716197, 21.208659439450127 ], [ 105.437077996927172, 21.208718849590518 ], [ 105.437063099886586, 21.2087725348261 ], [ 105.437054915270608, 21.208933846469716 ], [ 105.437034546531152, 21.209050006752463 ], [ 105.436997949918521, 21.20915103349969 ], [ 105.436943251847708, 21.209235179481244 ], [ 105.436851297627157, 21.209318370576693 ], [ 105.436670180123159, 21.20941977774876 ], [ 105.436570082912993, 21.209495375051453 ], [ 105.436505180833834, 21.209570005299675 ], [ 105.436427089139059, 21.20969991335134 ], [ 105.436350230850095, 21.209797182714407 ], [ 105.436274778973754, 21.209861974683342 ], [ 105.436163187728695, 21.209926853223511 ], [ 105.436130174432634, 21.209963644105166 ], [ 105.436109238327447, 21.210011697831941 ], [ 105.436100379420409, 21.210071014408019 ], [ 105.436102070939569, 21.210647005960006 ], [ 105.436084253547989, 21.210731757248663 ], [ 105.436039262280602, 21.210791167115815 ], [ 105.435882381259617, 21.210881388682665 ], [ 105.435822095128543, 21.210926535115192 ], [ 105.435788699614392, 21.210962969769419 ], [ 105.435752766107925, 21.211030826715348 ], [ 105.435709218610086, 21.211192950545435 ], [ 105.43566762108874, 21.211255525481235 ], [ 105.435599870297423, 21.211322217825732 ], [ 105.43558059820198, 21.211359498775778 ], [ 105.435572633234955, 21.211400281629807 ], [ 105.435580750695905, 21.211466613158699 ], [ 105.435605221452064, 21.211529553375023 ], [ 105.435629989365566, 21.211568846773154 ], [ 105.435716986422264, 21.211655635593399 ], [ 105.435846870918922, 21.211732421300404 ], [ 105.435867831868379, 21.211757600207996 ], [ 105.435870127720364, 21.211771004266641 ], [ 105.435858350171642, 21.211799441594824 ], [ 105.435788519252938, 21.211863844860019 ], [ 105.435741257629942, 21.211921137823456 ], [ 105.435663164063797, 21.21205104551866 ], [ 105.435559523389273, 21.21219091818817 ], [ 105.435541044060301, 21.212241263391221 ], [ 105.435528890135046, 21.212331296610074 ], [ 105.435536508891275, 21.212426039715186 ], [ 105.435553789093547, 21.212477697706127 ], [ 105.435580830129339, 21.212520152430571 ], [ 105.435686728047656, 21.21262415702563 ], [ 105.435755916432711, 21.212728798737672 ], [ 105.43579515144063, 21.2127597560835 ], [ 105.435876524821765, 21.212784957639975 ], [ 105.436112369422545, 21.212800413730001 ], [ 105.436254921896534, 21.212835881824631 ], [ 105.436369904836013, 21.212897344772653 ], [ 105.436425951911403, 21.212946426020928 ], [ 105.43647354970318, 21.21300347399454 ], [ 105.436552405742219, 21.213132976331053 ], [ 105.436644383832956, 21.21325010615659 ], [ 105.436675642144877, 21.21332256050777 ], [ 105.436688324849499, 21.213412529560497 ], [ 105.436695153576437, 21.213813800473584 ], [ 105.436716206188493, 21.213929853537643 ], [ 105.436742412254532, 21.214007071716114 ], [ 105.436778744696014, 21.214074741932031 ], [ 105.43684275377008, 21.214150292177738 ], [ 105.436901037456678, 21.214197264985454 ], [ 105.437013011773871, 21.214261565492375 ], [ 105.43704624187896, 21.214298185088889 ], [ 105.437067460857733, 21.2143461297999 ], [ 105.437079870981378, 21.214470332019847 ], [ 105.437095084418985, 21.214523939286646 ], [ 105.437122309025781, 21.214566221427063 ], [ 105.437206786179104, 21.214622472868907 ], [ 105.437240016413767, 21.214659092423496 ], [ 105.437261235508501, 21.214707037106145 ], [ 105.437273645830075, 21.214831239303233 ], [ 105.437288859376878, 21.214884846548443 ], [ 105.437316084106456, 21.214927128653716 ], [ 105.43740056153932, 21.214983379991395 ], [ 105.437445902903406, 21.215042556188173 ], [ 105.43746421916498, 21.215127213958681 ], [ 105.437461686605289, 21.215226218486858 ], [ 105.437445093515464, 21.215345900026637 ], [ 105.437422549057871, 21.215426243085052 ], [ 105.437376900106059, 21.215518829520562 ], [ 105.437330783760757, 21.215577191386615 ], [ 105.437255329433157, 21.215641983792846 ], [ 105.437095997562423, 21.215729925060142 ], [ 105.436992689579853, 21.215802532214315 ], [ 105.436956411348248, 21.215819385206402 ], [ 105.436923842727779, 21.215817171600136 ], [ 105.436894983730895, 21.215795891397434 ], [ 105.436815764690039, 21.215670622120058 ], [ 105.43673514337236, 21.215576758690965 ], [ 105.436676859186989, 21.215529785842069 ], [ 105.436564884043676, 21.215465485135848 ], [ 105.436531653788521, 21.2154288654521 ], [ 105.436504329566148, 21.215352701386497 ], [ 105.436491919834921, 21.215228499130134 ], [ 105.436470700908899, 21.215180554350759 ], [ 105.43643747074178, 21.215143934645749 ], [ 105.436301366738078, 21.215068408824013 ], [ 105.436219505488367, 21.215009690545653 ], [ 105.436150408060342, 21.21493893766538 ], [ 105.436081218339922, 21.214834296164813 ], [ 105.43604198271693, 21.214803338903508 ], [ 105.435990735849103, 21.214783706679022 ], [ 105.43585821398031, 21.214772754776796 ], [ 105.435800961509145, 21.214758785012293 ], [ 105.435737603968406, 21.214716595902292 ], [ 105.435679788748175, 21.214638192104101 ], [ 105.435664179050747, 21.214640401996924 ], [ 105.435652396774032, 21.214663644567523 ], [ 105.435641947580166, 21.214727483315894 ], [ 105.435640253520305, 21.214807261452449 ], [ 105.435651492104697, 21.214936501009795 ], [ 105.435669130627772, 21.215036137999359 ], [ 105.435814550455746, 21.215518437121588 ], [ 105.435844223177867, 21.215819240883704 ], [ 105.43587557834563, 21.215985306349964 ], [ 105.435915537421877, 21.216114514472387 ], [ 105.435978015949019, 21.216272035577145 ], [ 105.436002577420197, 21.216368797255733 ], [ 105.436016652235978, 21.216501310598531 ], [ 105.436032576770117, 21.216838058980752 ], [ 105.436071520007559, 21.217071256250442 ], [ 105.436100419644745, 21.21716847290168 ], [ 105.436185520126898, 21.217390462664255 ], [ 105.436270055766258, 21.21764681262766 ], [ 105.43650055518475, 21.218283998159627 ], [ 105.43655429132572, 21.218408873202733 ], [ 105.436647751220988, 21.218588049681852 ], [ 105.436661895942095, 21.218649422804486 ], [ 105.436663606208853, 21.218712353834409 ], [ 105.436630751453109, 21.218908236985349 ], [ 105.436613474359518, 21.219075645786262 ], [ 105.436592379959464, 21.219173704038472 ], [ 105.436493192014098, 21.219425771483653 ], [ 105.436417162333484, 21.219685517076716 ], [ 105.436311675650543, 21.219935977829333 ], [ 105.43623174495626, 21.220194983692032 ], [ 105.436138354708362, 21.220412901747288 ], [ 105.436007384900662, 21.220652155483698 ], [ 105.435876931744033, 21.220851007238149 ], [ 105.435572566314747, 21.221181851454517 ], [ 105.435490723299779, 21.221292810614909 ], [ 105.435388825495977, 21.221470918330667 ], [ 105.435331148675914, 21.221555147268781 ], [ 105.435117831774576, 21.221779015144353 ], [ 105.435034386990736, 21.221882111887464 ], [ 105.435005407971715, 21.22193859497002 ], [ 105.434987038989433, 21.221999180066803 ], [ 105.434973564378524, 21.222159904925 ], [ 105.434949807906094, 21.222239119572912 ], [ 105.434866136877702, 21.222363831395569 ], [ 105.434786138398778, 21.22255954647256 ], [ 105.434674474690524, 21.222725733776805 ], [ 105.434624475390223, 21.222848055647287 ], [ 105.434599596408972, 21.222993802345375 ], [ 105.434596849063212, 21.223092608297335 ], [ 105.434606056536254, 21.223151878208508 ], [ 105.434642390332897, 21.223219548789384 ], [ 105.434744988868118, 21.2232926957183 ], [ 105.434781322763271, 21.223360366266466 ], [ 105.434790530328485, 21.223419636164152 ], [ 105.434791423758213, 21.223724572444549 ], [ 105.434803682979606, 21.223814940672334 ], [ 105.434833884334836, 21.223888393100324 ], [ 105.434893129759487, 21.223968438265167 ], [ 105.434929463893042, 21.224036108772044 ], [ 105.434970262482395, 21.224167521096042 ], [ 105.434985900840275, 21.224322654486873 ], [ 105.434984889467685, 21.224659603299134 ], [ 105.434975065275495, 21.224718020749286 ], [ 105.434957222808436, 21.224768961272211 ], [ 105.434873550401434, 21.224893673085706 ], [ 105.434840581868798, 21.2249642980114 ], [ 105.434805578049719, 21.22510060353147 ], [ 105.434795824959068, 21.225226665812713 ], [ 105.434797512740033, 21.225802656431672 ], [ 105.434788652488479, 21.225861972853618 ], [ 105.434752715046926, 21.225929829537275 ], [ 105.434668563126479, 21.225986516370675 ], [ 105.434623566780502, 21.226045925842886 ], [ 105.434608667231757, 21.226099610797355 ], [ 105.434602925737934, 21.226195624737425 ], [ 105.434576046963144, 21.226271928570693 ], [ 105.434543029711421, 21.22630871914032 ], [ 105.434476895946403, 21.22634841846142 ], [ 105.43443189941577, 21.226407827883197 ], [ 105.434416999763556, 21.226461512820258 ], [ 105.434409627563696, 21.226657374167406 ], [ 105.434391271015386, 21.226809203544626 ], [ 105.434373402636879, 21.226860120248563 ], [ 105.434347414002119, 21.226903464988681 ], [ 105.434275630853932, 21.22697168591629 ], [ 105.434248055944536, 21.227013551516688 ], [ 105.434225629860123, 21.227094007637493 ], [ 105.434225396114513, 21.227191419139189 ], [ 105.434235562536657, 21.227249785101769 ], [ 105.434253703451262, 21.227300632957455 ], [ 105.434350218181009, 21.227447468814617 ], [ 105.434395988647452, 21.227574194339756 ], [ 105.43441455606559, 21.2276925908142 ], [ 105.434428810908784, 21.227984929700654 ], [ 105.434450518931541, 21.228100365383316 ], [ 105.434486853913739, 21.228168035938566 ], [ 105.434574201548926, 21.228255564126574 ], [ 105.434604631736107, 21.228328801594404 ], [ 105.434612363354915, 21.228389463198443 ], [ 105.434617947152461, 21.229267558465434 ], [ 105.434645273114583, 21.229343722683872 ], [ 105.43467850609467, 21.229380342633224 ], [ 105.434762990888714, 21.22943659507046 ], [ 105.43479932635131, 21.229504265539681 ], [ 105.434808534352939, 21.229563535386728 ], [ 105.434809428103364, 21.229868471444576 ], [ 105.434829761822272, 21.229985203247143 ], [ 105.43485189059065, 21.230032291946454 ], [ 105.434936346498276, 21.230156522798644 ], [ 105.435017495294289, 21.230351822454068 ], [ 105.435130137412955, 21.23051743161146 ], [ 105.435211286669002, 21.230712731157595 ], [ 105.435323929283442, 21.23087834017014 ], [ 105.435405078999523, 21.231073639606976 ], [ 105.435517722109722, 21.231239248474669 ], [ 105.435598872285894, 21.231434547802198 ], [ 105.435711515891882, 21.23160015652503 ], [ 105.435792666528116, 21.231795455743256 ], [ 105.435893198430762, 21.231938507591401 ], [ 105.43595458203275, 21.232084479723145 ], [ 105.435983376415692, 21.232125226460493 ], [ 105.436045232898849, 21.232168662505327 ], [ 105.436127960117858, 21.232191767891823 ], [ 105.43618893722055, 21.232199239778669 ], [ 105.436287614146082, 21.232199440279086 ], [ 105.436464338362455, 21.232174391414144 ], [ 105.43660305169621, 21.23213931501714 ], [ 105.436704477516301, 21.232104655098443 ], [ 105.436925049044248, 21.232003260273245 ], [ 105.436970007535066, 21.231997541878652 ], [ 105.4370009877331, 21.232014349210367 ], [ 105.437017989648027, 21.232053682275801 ], [ 105.437024112941231, 21.232110630654187 ], [ 105.437039383084652, 21.232501712117642 ], [ 105.437062430296336, 21.23270301779041 ], [ 105.437114317287225, 21.232899227022852 ], [ 105.437221478317738, 21.233183361758275 ], [ 105.437250752968438, 21.233344848336088 ], [ 105.437249531283584, 21.233509886257455 ], [ 105.43722738132233, 21.233673239590132 ], [ 105.437207026713708, 21.233731836416737 ], [ 105.437178314947232, 21.233784587864974 ], [ 105.437088908650495, 21.233895762821344 ], [ 105.437074574834554, 21.233961489282116 ], [ 105.437086132065758, 21.234006116689262 ], [ 105.437126697063846, 21.234069801221519 ], [ 105.43716078595773, 21.234105615297885 ], [ 105.437266440334483, 21.234175887854853 ], [ 105.437299120178324, 21.234213030357189 ], [ 105.437327003348969, 21.234288670937556 ], [ 105.437341635204902, 21.234410780333274 ], [ 105.437377973096034, 21.234478450166215 ], [ 105.437416289475081, 21.234510278817609 ], [ 105.437652804900139, 21.234627060424646 ], [ 105.43771249913803, 21.234672710816355 ], [ 105.43775951143472, 21.234730317321432 ], [ 105.437900308132399, 21.234971315529361 ], [ 105.437953555736854, 21.235023043699254 ], [ 105.438040052805945, 21.235077401486421 ], [ 105.438072733043668, 21.235114543828178 ], [ 105.43810061678488, 21.235190184262891 ], [ 105.438108773007343, 21.235284423165147 ], [ 105.438124543977409, 21.235337507041585 ], [ 105.438169337125714, 21.235397205911823 ], [ 105.438251329719435, 21.23545581053278 ], [ 105.4382777262894, 21.235498876994715 ], [ 105.438292480062785, 21.235552919911633 ], [ 105.438305455868971, 21.235710567490585 ], [ 105.438329667387336, 21.235789670146652 ], [ 105.438509582127281, 21.23612969524947 ], [ 105.43866219504342, 21.236393531472338 ], [ 105.438701436999196, 21.23642448793748 ], [ 105.438752691740646, 21.236444119153333 ], [ 105.438885233166744, 21.236455068416515 ], [ 105.438966620117881, 21.236480268178976 ], [ 105.439005862159107, 21.23651122457149 ], [ 105.439061544934788, 21.23659463375807 ], [ 105.439114793531104, 21.23664636153444 ], [ 105.439157338186931, 21.236674204354422 ], [ 105.439393858419635, 21.236790983407388 ], [ 105.439453554065466, 21.236836633147046 ], [ 105.439486305618388, 21.236873708662753 ], [ 105.439550870007452, 21.236982721130044 ], [ 105.439803397908292, 21.237458149859552 ], [ 105.43983480041932, 21.237564450300937 ], [ 105.439846760795433, 21.237723056760601 ], [ 105.439861977777809, 21.237776663572195 ], [ 105.439907327255824, 21.2378358388107 ], [ 105.439991818861188, 21.237892088456061 ], [ 105.440028158834735, 21.237959757654632 ], [ 105.440037369511742, 21.238019027111939 ], [ 105.440034550640817, 21.238083974944004 ], [ 105.440019651936282, 21.238137660287002 ], [ 105.439992673388119, 21.238180083138115 ], [ 105.439953614991779, 21.238211243491804 ], [ 105.439885688503352, 21.238249277018856 ], [ 105.439830514817714, 21.238299200494623 ], [ 105.439800817250841, 21.238339088345075 ], [ 105.43968965515586, 21.238539539950814 ], [ 105.439656636521093, 21.238576331493025 ], [ 105.439584458839661, 21.238610401572068 ], [ 105.439485101500466, 21.238619130937956 ], [ 105.439421833021214, 21.238610825251879 ], [ 105.439370577440613, 21.238591194258859 ], [ 105.439331334765924, 21.238560237969654 ], [ 105.439275651080322, 21.238476828906908 ], [ 105.439222401758997, 21.238425101204861 ], [ 105.439179856582442, 21.238397258415961 ], [ 105.43896605088959, 21.238293038818068 ], [ 105.438902127401875, 21.238251374327845 ], [ 105.438836623977963, 21.238177223080349 ], [ 105.438724276280624, 21.237977353414664 ], [ 105.438669917555018, 21.237926671777796 ], [ 105.438618662307732, 21.237907040548912 ], [ 105.438486119597286, 21.237896091100303 ], [ 105.438428857930134, 21.237882122423827 ], [ 105.438383609183788, 21.237856828513646 ], [ 105.43835037336278, 21.237820209379258 ], [ 105.438326049163067, 21.23777960950255 ], [ 105.438288827308341, 21.237752558472369 ], [ 105.438250722760245, 21.23776612598428 ], [ 105.438224542876455, 21.237812125753354 ], [ 105.438235902440482, 21.237874185214579 ], [ 105.438264330756155, 21.237924480236607 ], [ 105.43847201728822, 21.238197167059973 ], [ 105.438596736365952, 21.238346499757476 ], [ 105.438856899752409, 21.238633089556998 ], [ 105.439254337949819, 21.239099351933124 ], [ 105.439355780065654, 21.23925985354057 ], [ 105.43953133948213, 21.239592456661025 ], [ 105.439714734896413, 21.239880249196268 ], [ 105.439803456641712, 21.240059819325491 ], [ 105.439897346015599, 21.240277892370237 ], [ 105.440004008682266, 21.240598293523458 ], [ 105.44022660934732, 21.241218356817253 ], [ 105.440280868175108, 21.241313594541836 ], [ 105.440376757180502, 21.241397624793212 ], [ 105.440406281073933, 21.241438357474767 ], [ 105.440430574249845, 21.241517886543779 ], [ 105.440438803378242, 21.241646090653166 ], [ 105.440459748662306, 21.241728274207393 ], [ 105.440547255135712, 21.241883613413052 ], [ 105.440637168542665, 21.242070660239385 ], [ 105.440752751978096, 21.242267483363744 ], [ 105.440785157795148, 21.242338862654684 ], [ 105.440808553831801, 21.242418735976695 ], [ 105.440821786713599, 21.242542167355595 ], [ 105.440810539639727, 21.2428695595266 ], [ 105.440794321560844, 21.242922015015115 ], [ 105.44076778213001, 21.242964847942897 ], [ 105.440652892423472, 21.243058311406404 ], [ 105.440604662680101, 21.243140607815004 ], [ 105.440564552992839, 21.243332582314622 ], [ 105.440541362919831, 21.243665717907625 ], [ 105.440536707227309, 21.243902687267436 ], [ 105.440546203643891, 21.246171507665263 ], [ 105.44055560332761, 21.246306331907594 ], [ 105.440574874403097, 21.246440134917993 ], [ 105.440642800993814, 21.246699982041417 ], [ 105.440643049757242, 21.24679650414782 ], [ 105.440618468442182, 21.246893098959596 ], [ 105.440563165562708, 21.247014062376401 ], [ 105.440509621589882, 21.247096529854872 ], [ 105.440328448178278, 21.247333124412478 ], [ 105.440295800129121, 21.247389152227996 ], [ 105.440273259555056, 21.247448790981707 ], [ 105.44025840023356, 21.247545019629165 ], [ 105.440259079566445, 21.247773717464089 ], [ 105.440277288603141, 21.247820255828938 ], [ 105.44030447636716, 21.247847713238894 ], [ 105.440343702862165, 21.247872316109071 ] ] } }
]
}
