Reach,Points,Mean,Median,RMSE,Hausdorff,P95
Reach 1 (Upper),24757,67.29949680622134,30.625174797626137,92.96393785570764,263.8806845602749,151.12321299157253
Reach 2 (Middle),20565,18.17640179194215,10.151052519903525,33.111373649133405,278.6297714541142,60.324711234161846
Reach 3 (Lower),13784,77.09084680712081,29.982895933423677,103.76519298909093,156.54190672079685,151.41548680649862
