Reach,Points,Mean,Median,RMSE,Hausdorff,P95
Reach 1 (Upper),11830,37.948245675434904,23.61681775711672,57.77759862145919,266.18669722649804,128.59513297418738
Reach 2 (Middle),21714,40.880821915533026,26.32381880206476,64.11880384585301,376.480899730132,147.2402561249283
Reach 3 (Lower),14011,17.486247994219458,7.253139398871365,29.682491138997012,193.1021081271253,54.4953267507015
