{
"type": "FeatureCollection",
"name": "reach3_s1_shoreline_2021_wet",
"crs": { "type": "name", "properties": { "name": "urn:ogc:def:crs:EPSG::32648" } },
"features": [
{ "type": "Feature", "properties": { }, "geometry": { "type": "LineString", "coordinates": [ [ 601613.125, 2289060.0 ], [ 601706.875, 2289060.0 ], [ 601712.96875, 2289058.59375 ], [ 601715.3125, 2289057.1875 ], [ 601718.59375, 2289052.96875 ], [ 601720.0, 2289046.875 ], [ 601720.0, 2288863.125 ], [ 601719.0625, 2288856.5625 ], [ 601716.875, 2288851.25 ], [ 601713.4375, 2288847.1875 ], [ 601708.75, 2288844.375 ], [ 601700.3125, 2288841.5625 ], [ 601690.46875, 2288840.15625 ], [ 601679.6875, 2288840.3125 ], [ 601673.75, 2288841.875 ], [ 601667.1875, 2288846.5625 ], [ 601662.96875, 2288853.59375 ], [ 601657.8125, 2288859.6875 ], [ 601646.5625, 2288867.1875 ], [ 601643.125, 2288871.25 ], [ 601640.3125, 2288879.6875 ], [ 601639.53125, 2288893.90625 ], [ 601637.65625, 2288903.28125 ], [ 601635.625, 2288908.75 ], [ 601624.375, 2288931.25 ], [ 601620.9375, 2288942.8125 ], [ 601620.0, 2288953.125 ], [ 601620.0, 2289016.875 ], [ 601618.125, 2289026.25 ], [ 601615.3125, 2289030.9375 ], [ 601611.25, 2289034.375 ], [ 601600.3125, 2289038.4375 ], [ 601586.875, 2289040.0 ], [ 601553.125, 2289040.0 ], [ 601549.84375, 2289040.46875 ], [ 601544.6875, 2289042.8125 ], [ 601541.40625, 2289047.03125 ], [ 601540.0, 2289053.125 ], [ 601540.0, 2289086.875 ], [ 601541.40625, 2289092.96875 ], [ 601544.6875, 2289097.1875 ], [ 601547.03125, 2289098.59375 ], [ 601553.125, 2289100.0 ], [ 601586.875, 2289100.0 ], [ 601592.96875, 2289098.59375 ], [ 601597.1875, 2289095.3125 ], [ 601599.53125, 2289090.15625 ], [ 601600.46875, 2289063.28125 ], [ 601604.6875, 2289060.9375 ], [ 601613.125, 2289060.0 ] ] } },
{ "type": "Feature", "properties": { }, "geometry": { "type": "LineString", "coordinates": [ [ 603040.0, 2289306.875 ], [ 603040.0, 2289273.125 ], [ 603039.0625, 2289262.8125 ], [ 603035.625, 2289251.25 ], [ 603030.9375, 2289244.6875 ], [ 603026.25, 2289241.875 ], [ 603016.875, 2289240.0 ], [ 602953.125, 2289240.0 ], [ 602946.09375, 2289239.53125 ], [ 602936.71875, 2289237.65625 ], [ 602931.25, 2289235.625 ], [ 602848.75, 2289194.375 ], [ 602843.125, 2289188.75 ], [ 602840.3125, 2289180.3125 ], [ 602840.0, 2289113.125 ], [ 602839.53125, 2289109.84375 ], [ 602837.1875, 2289104.6875 ], [ 602835.3125, 2289102.8125 ], [ 602830.15625, 2289100.46875 ], [ 602819.6875, 2289099.6875 ], [ 602811.25, 2289096.875 ], [ 602807.1875, 2289093.4375 ], [ 602802.96875, 2289086.40625 ], [ 602797.8125, 2289080.3125 ], [ 602791.25, 2289075.625 ], [ 602768.75, 2289064.375 ], [ 602764.21875, 2289061.40625 ], [ 602758.59375, 2289055.78125 ], [ 602752.8125, 2289046.5625 ], [ 602748.75, 2289043.125 ], [ 602740.3125, 2289040.3125 ], [ 602726.09375, 2289039.53125 ], [ 602716.71875, 2289037.65625 ], [ 602711.25, 2289035.625 ], [ 602686.40625, 2289022.96875 ], [ 602682.1875, 2289019.6875 ], [ 602677.03125, 2289013.59375 ], [ 602664.375, 2288988.75 ], [ 602658.75, 2288983.125 ], [ 602653.4375, 2288980.9375 ], [ 602646.875, 2288980.0 ], [ 602553.125, 2288980.0 ], [ 602542.8125, 2288979.0625 ], [ 602533.90625, 2288976.71875 ], [ 602526.5625, 2288972.8125 ], [ 602521.875, 2288966.25 ], [ 602520.3125, 2288960.3125 ], [ 602519.0625, 2288942.8125 ], [ 602517.65625, 2288936.71875 ], [ 602514.375, 2288928.75 ], [ 602508.75, 2288923.125 ], [ 602500.3125, 2288920.3125 ], [ 602373.125, 2288920.0 ], [ 602367.03125, 2288921.40625 ], [ 602364.6875, 2288922.8125 ], [ 602361.40625, 2288927.03125 ], [ 602360.0, 2288933.125 ], [ 602360.0, 2288966.875 ], [ 602360.9375, 2288973.4375 ], [ 602364.6875, 2288980.9375 ], [ 602368.75, 2288984.375 ], [ 602393.59375, 2288997.03125 ], [ 602399.6875, 2289002.1875 ], [ 602404.375, 2289008.75 ], [ 602415.625, 2289031.25 ], [ 602422.1875, 2289039.6875 ], [ 602428.75, 2289044.375 ], [ 602451.25, 2289055.625 ], [ 602459.6875, 2289062.1875 ], [ 602464.375, 2289068.75 ], [ 602475.625, 2289091.25 ], [ 602478.59375, 2289095.78125 ], [ 602484.21875, 2289101.40625 ], [ 602493.4375, 2289107.1875 ], [ 602496.875, 2289111.25 ], [ 602499.6875, 2289119.6875 ], [ 602500.9375, 2289133.4375 ], [ 602504.6875, 2289140.9375 ], [ 602508.75, 2289144.375 ], [ 602531.25, 2289155.625 ], [ 602537.8125, 2289160.3125 ], [ 602544.375, 2289168.75 ], [ 602557.03125, 2289193.59375 ], [ 602562.1875, 2289199.6875 ], [ 602568.75, 2289204.375 ], [ 602673.90625, 2289256.71875 ], [ 602679.6875, 2289258.4375 ], [ 602689.53125, 2289259.84375 ], [ 602726.875, 2289260.0 ], [ 602732.96875, 2289261.40625 ], [ 602735.3125, 2289262.8125 ], [ 602738.59375, 2289267.03125 ], [ 602739.53125, 2289269.84375 ], [ 602740.9375, 2289283.4375 ], [ 602743.125, 2289288.75 ], [ 602746.5625, 2289292.8125 ], [ 602751.25, 2289295.625 ], [ 602759.6875, 2289298.4375 ], [ 602766.09375, 2289299.53125 ], [ 602780.3125, 2289300.3125 ], [ 602786.25, 2289301.875 ], [ 602792.8125, 2289306.5625 ], [ 602798.59375, 2289315.78125 ], [ 602806.40625, 2289322.96875 ], [ 602831.25, 2289335.625 ], [ 602839.6875, 2289338.4375 ], [ 602853.125, 2289340.0 ], [ 602920.3125, 2289340.3125 ], [ 602928.75, 2289343.125 ], [ 602932.8125, 2289346.5625 ], [ 602939.0625, 2289355.3125 ], [ 602946.5625, 2289359.0625 ], [ 602953.125, 2289360.0 ], [ 602986.875, 2289360.0 ], [ 602997.1875, 2289359.0625 ], [ 603008.75, 2289355.625 ], [ 603015.3125, 2289350.9375 ], [ 603019.0625, 2289343.4375 ], [ 603020.3125, 2289329.84375 ], [ 603021.875, 2289324.6875 ], [ 603024.6875, 2289321.40625 ], [ 603026.5625, 2289320.46875 ], [ 603033.4375, 2289319.53125 ], [ 603036.875, 2289317.1875 ], [ 603039.0625, 2289312.96875 ], [ 603040.0, 2289306.875 ] ] } },
{ "type": "Feature", "properties": { }, "geometry": { "type": "LineString", "coordinates": [ [ 601260.0, 2289546.875 ], [ 601260.0, 2289483.125 ], [ 601261.875, 2289473.75 ], [ 601264.6875, 2289469.0625 ], [ 601277.8125, 2289459.6875 ], [ 601284.375, 2289451.25 ], [ 601315.625, 2289388.75 ], [ 601319.0625, 2289377.1875 ], [ 601320.0, 2289363.125 ], [ 601319.0625, 2289356.5625 ], [ 601316.875, 2289351.25 ], [ 601311.25, 2289345.625 ], [ 601306.09375, 2289343.28125 ], [ 601297.1875, 2289340.9375 ], [ 601286.875, 2289340.0 ], [ 601253.125, 2289340.0 ], [ 601246.5625, 2289340.9375 ], [ 601239.0625, 2289344.6875 ], [ 601232.8125, 2289353.4375 ], [ 601228.75, 2289356.875 ], [ 601220.3125, 2289359.6875 ], [ 601206.5625, 2289360.9375 ], [ 601199.0625, 2289364.6875 ], [ 601195.625, 2289368.75 ], [ 601183.28125, 2289393.90625 ], [ 601180.46875, 2289406.09375 ], [ 601179.6875, 2289420.3125 ], [ 601176.875, 2289428.75 ], [ 601173.4375, 2289432.8125 ], [ 601164.21875, 2289438.59375 ], [ 601158.59375, 2289444.21875 ], [ 601142.96875, 2289473.59375 ], [ 601137.8125, 2289479.6875 ], [ 601124.6875, 2289489.0625 ], [ 601121.875, 2289493.75 ], [ 601120.3125, 2289499.6875 ], [ 601120.15625, 2289510.46875 ], [ 601122.34375, 2289523.28125 ], [ 601124.375, 2289528.75 ], [ 601137.03125, 2289553.59375 ], [ 601140.3125, 2289557.8125 ], [ 601146.40625, 2289562.96875 ], [ 601173.90625, 2289576.71875 ], [ 601182.8125, 2289579.0625 ], [ 601193.125, 2289580.0 ], [ 601226.875, 2289580.0 ], [ 601236.25, 2289578.125 ], [ 601242.8125, 2289573.4375 ], [ 601250.625, 2289561.875 ], [ 601257.65625, 2289558.59375 ], [ 601259.0625, 2289555.3125 ], [ 601260.0, 2289546.875 ] ] } },
{ "type": "Feature", "properties": { }, "geometry": { "type": "LineString", "coordinates": [ [ 604511.25, 2289695.625 ], [ 604506.5625, 2289692.8125 ], [ 604501.875, 2289686.25 ], [ 604500.3125, 2289680.3125 ], [ 604499.6875, 2289669.6875 ], [ 604496.875, 2289661.25 ], [ 604493.4375, 2289657.1875 ], [ 604486.5625, 2289652.8125 ], [ 604481.875, 2289646.25 ], [ 604480.3125, 2289640.3125 ], [ 604479.6875, 2289629.6875 ], [ 604476.875, 2289621.25 ], [ 604473.4375, 2289617.1875 ], [ 604466.5625, 2289612.8125 ], [ 604461.875, 2289606.25 ], [ 604460.3125, 2289600.3125 ], [ 604459.6875, 2289589.6875 ], [ 604456.875, 2289581.25 ], [ 604451.25, 2289575.625 ], [ 604428.75, 2289564.375 ], [ 604424.6875, 2289560.9375 ], [ 604420.9375, 2289553.4375 ], [ 604419.6875, 2289539.6875 ], [ 604416.875, 2289531.25 ], [ 604413.4375, 2289527.1875 ], [ 604406.5625, 2289522.8125 ], [ 604401.875, 2289516.25 ], [ 604400.3125, 2289510.3125 ], [ 604399.6875, 2289499.6875 ], [ 604396.875, 2289491.25 ], [ 604393.4375, 2289487.1875 ], [ 604384.21875, 2289481.40625 ], [ 604378.59375, 2289475.78125 ], [ 604362.8125, 2289446.5625 ], [ 604358.75, 2289443.125 ], [ 604350.3125, 2289440.3125 ], [ 604313.125, 2289440.0 ], [ 604302.8125, 2289440.9375 ], [ 604293.90625, 2289443.28125 ], [ 604268.75, 2289455.625 ], [ 604260.3125, 2289458.4375 ], [ 604250.46875, 2289459.84375 ], [ 604213.125, 2289460.0 ], [ 604202.8125, 2289460.9375 ], [ 604191.25, 2289464.375 ], [ 604166.09375, 2289476.71875 ], [ 604153.90625, 2289479.53125 ], [ 603989.6875, 2289480.3125 ], [ 603981.25, 2289483.125 ], [ 603977.1875, 2289486.5625 ], [ 603970.9375, 2289495.3125 ], [ 603966.25, 2289498.125 ], [ 603960.3125, 2289499.6875 ], [ 603886.09375, 2289500.46875 ], [ 603873.90625, 2289503.28125 ], [ 603848.75, 2289515.625 ], [ 603837.1875, 2289519.0625 ], [ 603826.875, 2289520.0 ], [ 603793.125, 2289520.0 ], [ 603779.6875, 2289521.5625 ], [ 603771.25, 2289524.375 ], [ 603748.75, 2289535.625 ], [ 603743.28125, 2289537.65625 ], [ 603733.90625, 2289539.53125 ], [ 603719.6875, 2289540.3125 ], [ 603711.25, 2289543.125 ], [ 603705.625, 2289548.75 ], [ 603692.8125, 2289573.4375 ], [ 603688.75, 2289576.875 ], [ 603680.3125, 2289579.6875 ], [ 603433.125, 2289580.0 ], [ 603427.03125, 2289578.59375 ], [ 603422.8125, 2289575.3125 ], [ 603421.40625, 2289572.96875 ], [ 603420.0, 2289566.875 ], [ 603420.0, 2289503.125 ], [ 603421.875, 2289493.75 ], [ 603426.5625, 2289487.1875 ], [ 603473.59375, 2289462.96875 ], [ 603481.40625, 2289455.78125 ], [ 603487.1875, 2289446.5625 ], [ 603493.75, 2289441.875 ], [ 603499.6875, 2289440.3125 ], [ 603513.90625, 2289439.53125 ], [ 603523.28125, 2289437.65625 ], [ 603528.75, 2289435.625 ], [ 603593.90625, 2289403.28125 ], [ 603606.09375, 2289400.46875 ], [ 603620.3125, 2289399.6875 ], [ 603628.75, 2289396.875 ], [ 603632.8125, 2289393.4375 ], [ 603635.625, 2289388.75 ], [ 603638.4375, 2289380.3125 ], [ 603639.84375, 2289370.46875 ], [ 603639.6875, 2289359.6875 ], [ 603636.875, 2289351.25 ], [ 603633.4375, 2289347.1875 ], [ 603622.1875, 2289339.6875 ], [ 603618.59375, 2289335.78125 ], [ 603612.8125, 2289326.5625 ], [ 603606.25, 2289321.875 ], [ 603596.875, 2289320.0 ], [ 603469.6875, 2289319.6875 ], [ 603461.25, 2289316.875 ], [ 603457.1875, 2289313.4375 ], [ 603450.9375, 2289304.6875 ], [ 603446.25, 2289301.875 ], [ 603440.3125, 2289300.3125 ], [ 603429.53125, 2289300.15625 ], [ 603419.6875, 2289301.5625 ], [ 603411.25, 2289304.375 ], [ 603406.5625, 2289307.1875 ], [ 603403.125, 2289311.25 ], [ 603400.9375, 2289316.5625 ], [ 603398.4375, 2289340.3125 ], [ 603395.625, 2289348.75 ], [ 603392.8125, 2289353.4375 ], [ 603388.75, 2289356.875 ], [ 603383.4375, 2289359.0625 ], [ 603373.125, 2289360.0 ], [ 603367.03125, 2289361.40625 ], [ 603362.8125, 2289364.6875 ], [ 603360.46875, 2289369.84375 ], [ 603360.0, 2289406.875 ], [ 603361.40625, 2289412.96875 ], [ 603362.8125, 2289415.3125 ], [ 603367.03125, 2289418.59375 ], [ 603369.84375, 2289419.53125 ], [ 603383.4375, 2289420.9375 ], [ 603390.9375, 2289424.6875 ], [ 603395.625, 2289431.25 ], [ 603399.0625, 2289442.8125 ], [ 603400.0, 2289453.125 ], [ 603400.0, 2289546.875 ], [ 603399.53125, 2289550.15625 ], [ 603397.1875, 2289555.3125 ], [ 603395.3125, 2289557.1875 ], [ 603390.15625, 2289559.53125 ], [ 603289.6875, 2289559.6875 ], [ 603281.25, 2289556.875 ], [ 603277.1875, 2289553.4375 ], [ 603270.9375, 2289544.6875 ], [ 603266.25, 2289541.875 ], [ 603260.3125, 2289540.3125 ], [ 603163.125, 2289540.0 ], [ 603156.5625, 2289539.0625 ], [ 603151.25, 2289536.875 ], [ 603147.1875, 2289533.4375 ], [ 603140.9375, 2289524.6875 ], [ 603136.25, 2289521.875 ], [ 603130.3125, 2289520.3125 ], [ 603033.125, 2289520.0 ], [ 603022.8125, 2289519.0625 ], [ 603013.90625, 2289516.71875 ], [ 602988.75, 2289504.375 ], [ 602977.1875, 2289500.9375 ], [ 602966.875, 2289500.0 ], [ 602903.125, 2289500.0 ], [ 602896.5625, 2289499.0625 ], [ 602889.0625, 2289495.3125 ], [ 602882.8125, 2289486.5625 ], [ 602878.75, 2289483.125 ], [ 602873.4375, 2289480.9375 ], [ 602866.875, 2289480.0 ], [ 602833.125, 2289480.0 ], [ 602823.75, 2289481.875 ], [ 602819.0625, 2289484.6875 ], [ 602812.8125, 2289493.4375 ], [ 602806.25, 2289498.125 ], [ 602800.3125, 2289499.6875 ], [ 602782.8125, 2289500.9375 ], [ 602776.71875, 2289502.34375 ], [ 602768.75, 2289505.625 ], [ 602763.125, 2289511.25 ], [ 602760.3125, 2289519.6875 ], [ 602760.0, 2289556.875 ], [ 602760.9375, 2289563.4375 ], [ 602764.6875, 2289570.9375 ], [ 602768.75, 2289574.375 ], [ 602813.59375, 2289597.03125 ], [ 602819.6875, 2289602.1875 ], [ 602827.1875, 2289613.4375 ], [ 602831.25, 2289616.875 ], [ 602839.6875, 2289619.6875 ], [ 602853.4375, 2289620.9375 ], [ 602860.9375, 2289624.6875 ], [ 602864.375, 2289628.75 ], [ 602875.625, 2289651.25 ], [ 602881.25, 2289656.875 ], [ 602886.5625, 2289659.0625 ], [ 602893.125, 2289660.0 ], [ 602926.875, 2289660.0 ], [ 602933.4375, 2289660.9375 ], [ 602940.9375, 2289664.6875 ], [ 602949.0625, 2289675.3125 ], [ 602953.75, 2289678.125 ], [ 602959.6875, 2289679.6875 ], [ 602996.875, 2289680.0 ], [ 603003.4375, 2289680.9375 ], [ 603010.9375, 2289684.6875 ], [ 603019.0625, 2289695.3125 ], [ 603023.75, 2289698.125 ], [ 603029.6875, 2289699.6875 ], [ 603216.875, 2289700.0 ], [ 603223.4375, 2289700.9375 ], [ 603228.75, 2289703.125 ], [ 603232.8125, 2289706.5625 ], [ 603237.1875, 2289713.4375 ], [ 603241.25, 2289716.875 ], [ 603246.5625, 2289719.0625 ], [ 603253.125, 2289720.0 ], [ 603466.875, 2289720.0 ], [ 603473.4375, 2289720.9375 ], [ 603478.75, 2289723.125 ], [ 603482.8125, 2289726.5625 ], [ 603487.1875, 2289733.4375 ], [ 603491.25, 2289736.875 ], [ 603496.5625, 2289739.0625 ], [ 603503.125, 2289740.0 ], [ 604406.875, 2289740.0 ], [ 604417.1875, 2289740.9375 ], [ 604426.09375, 2289743.28125 ], [ 604451.25, 2289755.625 ], [ 604459.6875, 2289758.4375 ], [ 604473.125, 2289760.0 ], [ 604506.875, 2289760.0 ], [ 604510.15625, 2289759.53125 ], [ 604515.3125, 2289757.1875 ], [ 604518.59375, 2289752.96875 ], [ 604520.0, 2289746.875 ], [ 604519.6875, 2289709.6875 ], [ 604516.875, 2289701.25 ], [ 604511.25, 2289695.625 ] ] } },
{ "type": "Feature", "properties": { }, "geometry": { "type": "LineString", "coordinates": [ [ 594535.625, 2312751.25 ], [ 594524.375, 2312728.75 ], [ 594517.8125, 2312720.3125 ], [ 594511.25, 2312715.625 ], [ 594486.40625, 2312702.96875 ], [ 594478.59375, 2312695.78125 ], [ 594461.40625, 2312664.21875 ], [ 594455.78125, 2312658.59375 ], [ 594446.5625, 2312652.8125 ], [ 594443.125, 2312648.75 ], [ 594440.3125, 2312640.3125 ], [ 594439.0625, 2312626.5625 ], [ 594436.875, 2312621.25 ], [ 594433.4375, 2312617.1875 ], [ 594368.75, 2312584.375 ], [ 594362.1875, 2312579.6875 ], [ 594357.03125, 2312573.59375 ], [ 594344.375, 2312548.75 ], [ 594339.6875, 2312542.1875 ], [ 594333.59375, 2312537.03125 ], [ 594308.75, 2312524.375 ], [ 594302.1875, 2312519.6875 ], [ 594297.03125, 2312513.59375 ], [ 594284.375, 2312488.75 ], [ 594277.8125, 2312480.3125 ], [ 594271.25, 2312475.625 ], [ 594208.75, 2312444.375 ], [ 594202.1875, 2312439.6875 ], [ 594197.03125, 2312433.59375 ], [ 594184.375, 2312408.75 ], [ 594179.6875, 2312402.1875 ], [ 594173.59375, 2312397.03125 ], [ 594148.75, 2312384.375 ], [ 594142.1875, 2312379.6875 ], [ 594137.03125, 2312373.59375 ], [ 594124.375, 2312348.75 ], [ 594120.9375, 2312344.6875 ], [ 594113.4375, 2312340.9375 ], [ 594099.6875, 2312339.6875 ], [ 594091.25, 2312336.875 ], [ 594087.1875, 2312333.4375 ], [ 594082.96875, 2312326.40625 ], [ 594077.8125, 2312320.3125 ], [ 594071.25, 2312315.625 ], [ 594048.75, 2312304.375 ], [ 594044.21875, 2312301.40625 ], [ 594038.59375, 2312295.78125 ], [ 594032.8125, 2312286.5625 ], [ 594028.75, 2312283.125 ], [ 594023.4375, 2312280.9375 ], [ 594009.6875, 2312279.6875 ], [ 594003.75, 2312278.125 ], [ 593999.0625, 2312275.3125 ], [ 593992.8125, 2312266.5625 ], [ 593988.75, 2312263.125 ], [ 593983.4375, 2312260.9375 ], [ 593969.6875, 2312259.6875 ], [ 593963.75, 2312258.125 ], [ 593959.0625, 2312255.3125 ], [ 593952.8125, 2312246.5625 ], [ 593948.75, 2312243.125 ], [ 593943.4375, 2312240.9375 ], [ 593929.6875, 2312239.6875 ], [ 593921.25, 2312236.875 ], [ 593915.625, 2312231.25 ], [ 593904.375, 2312208.75 ], [ 593900.9375, 2312204.6875 ], [ 593893.4375, 2312200.9375 ], [ 593879.6875, 2312199.6875 ], [ 593871.25, 2312196.875 ], [ 593867.1875, 2312193.4375 ], [ 593859.6875, 2312182.1875 ], [ 593853.59375, 2312177.03125 ], [ 593786.40625, 2312142.96875 ], [ 593782.1875, 2312139.6875 ], [ 593777.03125, 2312133.59375 ], [ 593764.375, 2312108.75 ], [ 593760.9375, 2312104.6875 ], [ 593753.4375, 2312100.9375 ], [ 593739.6875, 2312099.6875 ], [ 593731.25, 2312096.875 ], [ 593727.1875, 2312093.4375 ], [ 593722.96875, 2312086.40625 ], [ 593717.8125, 2312080.3125 ], [ 593711.25, 2312075.625 ], [ 593688.75, 2312064.375 ], [ 593684.21875, 2312061.40625 ], [ 593678.59375, 2312055.78125 ], [ 593672.8125, 2312046.5625 ], [ 593668.75, 2312043.125 ], [ 593660.3125, 2312040.3125 ], [ 593646.5625, 2312039.0625 ], [ 593639.0625, 2312035.3125 ], [ 593635.625, 2312031.25 ], [ 593624.375, 2312008.75 ], [ 593619.6875, 2312002.1875 ], [ 593613.59375, 2311997.03125 ], [ 593588.75, 2311984.375 ], [ 593582.1875, 2311979.6875 ], [ 593577.03125, 2311973.59375 ], [ 593564.375, 2311948.75 ], [ 593560.9375, 2311944.6875 ], [ 593553.4375, 2311940.9375 ], [ 593539.6875, 2311939.6875 ], [ 593531.25, 2311936.875 ], [ 593527.1875, 2311933.4375 ], [ 593522.96875, 2311926.40625 ], [ 593517.8125, 2311920.3125 ], [ 593504.6875, 2311910.9375 ], [ 593500.9375, 2311903.4375 ], [ 593499.6875, 2311889.6875 ], [ 593496.875, 2311881.25 ], [ 593491.25, 2311875.625 ], [ 593466.40625, 2311862.96875 ], [ 593458.59375, 2311855.78125 ], [ 593455.625, 2311851.25 ], [ 593424.375, 2311788.75 ], [ 593421.40625, 2311784.21875 ], [ 593413.59375, 2311777.03125 ], [ 593388.75, 2311764.375 ], [ 593383.125, 2311758.75 ], [ 593380.9375, 2311753.4375 ], [ 593379.6875, 2311739.6875 ], [ 593376.875, 2311731.25 ], [ 593373.4375, 2311727.1875 ], [ 593366.40625, 2311722.96875 ], [ 593360.3125, 2311717.8125 ], [ 593355.625, 2311711.25 ], [ 593344.375, 2311688.75 ], [ 593341.40625, 2311684.21875 ], [ 593335.78125, 2311678.59375 ], [ 593326.5625, 2311672.8125 ], [ 593323.125, 2311668.75 ], [ 593320.3125, 2311660.3125 ], [ 593319.0625, 2311646.5625 ], [ 593315.3125, 2311639.0625 ], [ 593311.25, 2311635.625 ], [ 593286.40625, 2311622.96875 ], [ 593282.1875, 2311619.6875 ], [ 593277.03125, 2311613.59375 ], [ 593204.375, 2311468.75 ], [ 593200.9375, 2311457.1875 ], [ 593199.6875, 2311439.6875 ], [ 593198.125, 2311433.75 ], [ 593195.3125, 2311429.0625 ], [ 593186.5625, 2311422.8125 ], [ 593181.875, 2311416.25 ], [ 593180.0, 2311406.875 ], [ 593180.0, 2311373.125 ], [ 593179.0625, 2311366.5625 ], [ 593175.3125, 2311359.0625 ], [ 593166.5625, 2311352.8125 ], [ 593161.875, 2311346.25 ], [ 593160.3125, 2311340.3125 ], [ 593159.84375, 2311329.53125 ], [ 593158.4375, 2311319.6875 ], [ 593155.625, 2311311.25 ], [ 593144.375, 2311288.75 ], [ 593142.34375, 2311283.28125 ], [ 593140.46875, 2311273.90625 ], [ 593139.6875, 2311259.6875 ], [ 593138.125, 2311253.75 ], [ 593135.3125, 2311249.0625 ], [ 593126.5625, 2311242.8125 ], [ 593123.125, 2311238.75 ], [ 593120.9375, 2311233.4375 ], [ 593120.0, 2311226.875 ], [ 593120.0, 2310953.125 ], [ 593120.9375, 2310942.8125 ], [ 593123.28125, 2310933.90625 ], [ 593135.625, 2310908.75 ], [ 593138.4375, 2310900.3125 ], [ 593140.0, 2310886.875 ], [ 593140.0, 2310853.125 ], [ 593141.875, 2310843.75 ], [ 593144.6875, 2310839.0625 ], [ 593153.4375, 2310832.8125 ], [ 593158.125, 2310826.25 ], [ 593159.6875, 2310820.3125 ], [ 593160.15625, 2310809.53125 ], [ 593161.5625, 2310799.6875 ], [ 593164.375, 2310791.25 ], [ 593175.625, 2310768.75 ], [ 593177.65625, 2310763.28125 ], [ 593179.53125, 2310753.90625 ], [ 593180.3125, 2310739.6875 ], [ 593181.875, 2310733.75 ], [ 593184.6875, 2310729.0625 ], [ 593193.4375, 2310722.8125 ], [ 593196.875, 2310718.75 ], [ 593199.0625, 2310713.4375 ], [ 593200.3125, 2310699.6875 ], [ 593201.875, 2310693.75 ], [ 593204.6875, 2310689.0625 ], [ 593213.4375, 2310682.8125 ], [ 593216.875, 2310678.75 ], [ 593219.0625, 2310673.4375 ], [ 593220.3125, 2310659.6875 ], [ 593223.125, 2310651.25 ], [ 593226.5625, 2310647.1875 ], [ 593233.59375, 2310642.96875 ], [ 593239.6875, 2310637.8125 ], [ 593244.375, 2310631.25 ], [ 593255.625, 2310608.75 ], [ 593258.59375, 2310604.21875 ], [ 593264.21875, 2310598.59375 ], [ 593273.4375, 2310592.8125 ], [ 593276.875, 2310588.75 ], [ 593279.6875, 2310580.3125 ], [ 593280.9375, 2310566.5625 ], [ 593283.125, 2310561.25 ], [ 593286.5625, 2310557.1875 ], [ 593315.78125, 2310541.40625 ], [ 593321.40625, 2310535.78125 ], [ 593327.1875, 2310526.5625 ], [ 593331.25, 2310523.125 ], [ 593339.6875, 2310520.3125 ], [ 593353.4375, 2310519.0625 ], [ 593360.9375, 2310515.3125 ], [ 593364.375, 2310511.25 ], [ 593377.03125, 2310486.40625 ], [ 593384.21875, 2310478.59375 ], [ 593388.75, 2310475.625 ], [ 593453.59375, 2310442.96875 ], [ 593459.6875, 2310437.8125 ], [ 593467.1875, 2310426.5625 ], [ 593471.25, 2310423.125 ], [ 593476.5625, 2310420.9375 ], [ 593490.3125, 2310419.6875 ], [ 593496.25, 2310418.125 ], [ 593500.9375, 2310415.3125 ], [ 593507.1875, 2310406.5625 ], [ 593511.25, 2310403.125 ], [ 593516.5625, 2310400.9375 ], [ 593530.3125, 2310399.6875 ], [ 593536.25, 2310398.125 ], [ 593540.9375, 2310395.3125 ], [ 593547.1875, 2310386.5625 ], [ 593551.25, 2310383.125 ], [ 593556.5625, 2310380.9375 ], [ 593570.3125, 2310379.6875 ], [ 593576.25, 2310378.125 ], [ 593580.9375, 2310375.3125 ], [ 593587.1875, 2310366.5625 ], [ 593591.25, 2310363.125 ], [ 593596.5625, 2310360.9375 ], [ 593610.3125, 2310359.6875 ], [ 593616.25, 2310358.125 ], [ 593620.9375, 2310355.3125 ], [ 593627.1875, 2310346.5625 ], [ 593631.25, 2310343.125 ], [ 593636.5625, 2310340.9375 ], [ 593650.3125, 2310339.6875 ], [ 593656.25, 2310338.125 ], [ 593660.9375, 2310335.3125 ], [ 593667.1875, 2310326.5625 ], [ 593671.25, 2310323.125 ], [ 593676.5625, 2310320.9375 ], [ 593690.3125, 2310319.6875 ], [ 593696.25, 2310318.125 ], [ 593700.9375, 2310315.3125 ], [ 593707.1875, 2310306.5625 ], [ 593711.25, 2310303.125 ], [ 593716.5625, 2310300.9375 ], [ 593730.3125, 2310299.6875 ], [ 593736.25, 2310298.125 ], [ 593740.9375, 2310295.3125 ], [ 593747.1875, 2310286.5625 ], [ 593751.25, 2310283.125 ], [ 593756.5625, 2310280.9375 ], [ 593770.3125, 2310279.6875 ], [ 593776.25, 2310278.125 ], [ 593780.9375, 2310275.3125 ], [ 593787.1875, 2310266.5625 ], [ 593791.25, 2310263.125 ], [ 593796.5625, 2310260.9375 ], [ 593810.3125, 2310259.6875 ], [ 593816.25, 2310258.125 ], [ 593820.9375, 2310255.3125 ], [ 593827.1875, 2310246.5625 ], [ 593831.25, 2310243.125 ], [ 593836.5625, 2310240.9375 ], [ 593850.3125, 2310239.6875 ], [ 593856.25, 2310238.125 ], [ 593860.9375, 2310235.3125 ], [ 593867.1875, 2310226.5625 ], [ 593871.25, 2310223.125 ], [ 593876.5625, 2310220.9375 ], [ 593890.3125, 2310219.6875 ], [ 593896.25, 2310218.125 ], [ 593900.9375, 2310215.3125 ], [ 593907.1875, 2310206.5625 ], [ 593911.25, 2310203.125 ], [ 593916.5625, 2310200.9375 ], [ 593930.3125, 2310199.6875 ], [ 593936.25, 2310198.125 ], [ 593940.9375, 2310195.3125 ], [ 593947.1875, 2310186.5625 ], [ 593951.25, 2310183.125 ], [ 593956.5625, 2310180.9375 ], [ 593970.3125, 2310179.6875 ], [ 593976.25, 2310178.125 ], [ 593980.9375, 2310175.3125 ], [ 593987.1875, 2310166.5625 ], [ 593991.25, 2310163.125 ], [ 593996.5625, 2310160.9375 ], [ 594010.3125, 2310159.6875 ], [ 594016.25, 2310158.125 ], [ 594020.9375, 2310155.3125 ], [ 594027.1875, 2310146.5625 ], [ 594031.25, 2310143.125 ], [ 594036.5625, 2310140.9375 ], [ 594050.3125, 2310139.6875 ], [ 594056.25, 2310138.125 ], [ 594060.9375, 2310135.3125 ], [ 594067.1875, 2310126.5625 ], [ 594071.25, 2310123.125 ], [ 594076.5625, 2310120.9375 ], [ 594090.3125, 2310119.6875 ], [ 594096.25, 2310118.125 ], [ 594100.9375, 2310115.3125 ], [ 594107.1875, 2310106.5625 ], [ 594113.75, 2310101.875 ], [ 594119.6875, 2310100.3125 ], [ 594137.1875, 2310099.0625 ], [ 594148.75, 2310095.625 ], [ 594371.25, 2309984.375 ], [ 594382.8125, 2309980.9375 ], [ 594400.3125, 2309979.6875 ], [ 594406.25, 2309978.125 ], [ 594410.9375, 2309975.3125 ], [ 594417.1875, 2309966.5625 ], [ 594421.25, 2309963.125 ], [ 594426.5625, 2309960.9375 ], [ 594440.3125, 2309959.6875 ], [ 594446.25, 2309958.125 ], [ 594450.9375, 2309955.3125 ], [ 594457.1875, 2309946.5625 ], [ 594461.25, 2309943.125 ], [ 594466.5625, 2309940.9375 ], [ 594480.3125, 2309939.6875 ], [ 594486.25, 2309938.125 ], [ 594490.9375, 2309935.3125 ], [ 594497.1875, 2309926.5625 ], [ 594501.25, 2309923.125 ], [ 594506.5625, 2309920.9375 ], [ 594520.3125, 2309919.6875 ], [ 594526.25, 2309918.125 ], [ 594530.9375, 2309915.3125 ], [ 594537.1875, 2309906.5625 ], [ 594541.25, 2309903.125 ], [ 594546.5625, 2309900.9375 ], [ 594560.3125, 2309899.6875 ], [ 594566.25, 2309898.125 ], [ 594570.9375, 2309895.3125 ], [ 594577.1875, 2309886.5625 ], [ 594581.25, 2309883.125 ], [ 594586.5625, 2309880.9375 ], [ 594600.3125, 2309879.6875 ], [ 594606.25, 2309878.125 ], [ 594610.9375, 2309875.3125 ], [ 594617.1875, 2309866.5625 ], [ 594621.25, 2309863.125 ], [ 594626.5625, 2309860.9375 ], [ 594640.3125, 2309859.6875 ], [ 594646.25, 2309858.125 ], [ 594650.9375, 2309855.3125 ], [ 594657.1875, 2309846.5625 ], [ 594661.25, 2309843.125 ], [ 594666.5625, 2309840.9375 ], [ 594680.3125, 2309839.6875 ], [ 594688.75, 2309836.875 ], [ 594692.8125, 2309833.4375 ], [ 594700.3125, 2309822.1875 ], [ 594706.40625, 2309817.03125 ], [ 594811.25, 2309764.375 ], [ 594819.6875, 2309757.8125 ], [ 594827.1875, 2309746.5625 ], [ 594831.25, 2309743.125 ], [ 594836.5625, 2309740.9375 ], [ 594850.3125, 2309739.6875 ], [ 594856.25, 2309738.125 ], [ 594860.9375, 2309735.3125 ], [ 594867.1875, 2309726.5625 ], [ 594871.25, 2309723.125 ], [ 594876.5625, 2309720.9375 ], [ 594890.3125, 2309719.6875 ], [ 594896.25, 2309718.125 ], [ 594900.9375, 2309715.3125 ], [ 594907.1875, 2309706.5625 ], [ 594911.25, 2309703.125 ], [ 594916.5625, 2309700.9375 ], [ 594930.3125, 2309699.6875 ], [ 594936.25, 2309698.125 ], [ 594940.9375, 2309695.3125 ], [ 594947.1875, 2309686.5625 ], [ 594951.25, 2309683.125 ], [ 594956.5625, 2309680.9375 ], [ 594970.3125, 2309679.6875 ], [ 594976.25, 2309678.125 ], [ 594980.9375, 2309675.3125 ], [ 594987.1875, 2309666.5625 ], [ 594991.25, 2309663.125 ], [ 594996.5625, 2309660.9375 ], [ 595010.3125, 2309659.6875 ], [ 595016.25, 2309658.125 ], [ 595020.9375, 2309655.3125 ], [ 595027.1875, 2309646.5625 ], [ 595031.25, 2309643.125 ], [ 595036.5625, 2309640.9375 ], [ 595050.3125, 2309639.6875 ], [ 595056.25, 2309638.125 ], [ 595060.9375, 2309635.3125 ], [ 595067.1875, 2309626.5625 ], [ 595071.25, 2309623.125 ], [ 595076.5625, 2309620.9375 ], [ 595090.3125, 2309619.6875 ], [ 595096.25, 2309618.125 ], [ 595100.9375, 2309615.3125 ], [ 595107.1875, 2309606.5625 ], [ 595111.25, 2309603.125 ], [ 595116.5625, 2309600.9375 ], [ 595130.3125, 2309599.6875 ], [ 595138.75, 2309596.875 ], [ 595144.375, 2309591.25 ], [ 595155.625, 2309568.75 ], [ 595161.25, 2309563.125 ], [ 595166.5625, 2309560.9375 ], [ 595180.3125, 2309559.6875 ], [ 595188.75, 2309556.875 ], [ 595192.8125, 2309553.4375 ], [ 595198.59375, 2309544.21875 ], [ 595204.21875, 2309538.59375 ], [ 595208.75, 2309535.625 ], [ 595273.59375, 2309502.96875 ], [ 595279.6875, 2309497.8125 ], [ 595287.1875, 2309486.5625 ], [ 595291.25, 2309483.125 ], [ 595296.5625, 2309480.9375 ], [ 595310.3125, 2309479.6875 ], [ 595318.75, 2309476.875 ], [ 595324.375, 2309471.25 ], [ 595335.625, 2309448.75 ], [ 595341.25, 2309443.125 ], [ 595346.5625, 2309440.9375 ], [ 595360.3125, 2309439.6875 ], [ 595368.75, 2309436.875 ], [ 595372.8125, 2309433.4375 ], [ 595378.59375, 2309424.21875 ], [ 595384.21875, 2309418.59375 ], [ 595388.75, 2309415.625 ], [ 595453.59375, 2309382.96875 ], [ 595459.6875, 2309377.8125 ], [ 595467.1875, 2309366.5625 ], [ 595471.25, 2309363.125 ], [ 595476.5625, 2309360.9375 ], [ 595490.3125, 2309359.6875 ], [ 595498.75, 2309356.875 ], [ 595504.375, 2309351.25 ], [ 595515.625, 2309328.75 ], [ 595519.0625, 2309324.6875 ], [ 595526.5625, 2309320.9375 ], [ 595540.3125, 2309319.6875 ], [ 595548.75, 2309316.875 ], [ 595552.8125, 2309313.4375 ], [ 595560.3125, 2309302.1875 ], [ 595566.40625, 2309297.03125 ], [ 595633.59375, 2309262.96875 ], [ 595637.8125, 2309259.6875 ], [ 595642.96875, 2309253.59375 ], [ 595655.625, 2309228.75 ], [ 595659.0625, 2309224.6875 ], [ 595666.5625, 2309220.9375 ], [ 595680.3125, 2309219.6875 ], [ 595688.75, 2309216.875 ], [ 595692.8125, 2309213.4375 ], [ 595698.59375, 2309204.21875 ], [ 595704.21875, 2309198.59375 ], [ 595735.78125, 2309181.40625 ], [ 595742.96875, 2309173.59375 ], [ 595755.625, 2309148.75 ], [ 595762.1875, 2309140.3125 ], [ 595768.75, 2309135.625 ], [ 595791.25, 2309124.375 ], [ 595799.6875, 2309117.8125 ], [ 595804.375, 2309111.25 ], [ 595815.625, 2309088.75 ], [ 595822.1875, 2309080.3125 ], [ 595828.75, 2309075.625 ], [ 595851.25, 2309064.375 ], [ 595859.6875, 2309057.8125 ], [ 595864.375, 2309051.25 ], [ 595875.625, 2309028.75 ], [ 595882.1875, 2309020.3125 ], [ 595888.75, 2309015.625 ], [ 595911.25, 2309004.375 ], [ 595919.6875, 2308997.8125 ], [ 595924.375, 2308991.25 ], [ 595935.625, 2308968.75 ], [ 595942.1875, 2308960.3125 ], [ 595948.75, 2308955.625 ], [ 595971.25, 2308944.375 ], [ 595979.6875, 2308937.8125 ], [ 595984.375, 2308931.25 ], [ 595995.625, 2308908.75 ], [ 596002.1875, 2308900.3125 ], [ 596008.75, 2308895.625 ], [ 596031.25, 2308884.375 ], [ 596039.6875, 2308877.8125 ], [ 596044.375, 2308871.25 ], [ 596055.625, 2308848.75 ], [ 596062.1875, 2308840.3125 ], [ 596068.75, 2308835.625 ], [ 596091.25, 2308824.375 ], [ 596095.78125, 2308821.40625 ], [ 596101.40625, 2308815.78125 ], [ 596107.1875, 2308806.5625 ], [ 596111.25, 2308803.125 ], [ 596119.6875, 2308800.3125 ], [ 596133.4375, 2308799.0625 ], [ 596140.9375, 2308795.3125 ], [ 596144.375, 2308791.25 ], [ 596155.625, 2308768.75 ], [ 596161.25, 2308763.125 ], [ 596166.5625, 2308760.9375 ], [ 596180.3125, 2308759.6875 ], [ 596186.25, 2308758.125 ], [ 596192.8125, 2308753.4375 ], [ 596199.0625, 2308744.6875 ], [ 596206.5625, 2308740.9375 ], [ 596213.125, 2308740.0 ], [ 596246.875, 2308740.0 ], [ 596256.25, 2308738.125 ], [ 596262.8125, 2308733.4375 ], [ 596269.0625, 2308724.6875 ], [ 596276.5625, 2308720.9375 ], [ 596283.125, 2308720.0 ], [ 596316.875, 2308720.0 ], [ 596326.25, 2308718.125 ], [ 596332.8125, 2308713.4375 ], [ 596339.0625, 2308704.6875 ], [ 596346.5625, 2308700.9375 ], [ 596353.125, 2308700.0 ], [ 596386.875, 2308700.0 ], [ 596397.1875, 2308699.0625 ], [ 596406.09375, 2308696.71875 ], [ 596431.25, 2308684.375 ], [ 596439.6875, 2308681.5625 ], [ 596453.125, 2308680.0 ], [ 596486.875, 2308680.0 ], [ 596496.25, 2308678.125 ], [ 596500.9375, 2308675.3125 ], [ 596507.1875, 2308666.5625 ], [ 596513.75, 2308661.875 ], [ 596519.6875, 2308660.3125 ], [ 596537.1875, 2308659.0625 ], [ 596548.75, 2308655.625 ], [ 596731.25, 2308564.375 ], [ 596739.6875, 2308557.8125 ], [ 596747.1875, 2308546.5625 ], [ 596751.25, 2308543.125 ], [ 596759.6875, 2308540.3125 ], [ 596773.4375, 2308539.0625 ], [ 596780.9375, 2308535.3125 ], [ 596784.375, 2308531.25 ], [ 596795.625, 2308508.75 ], [ 596801.25, 2308503.125 ], [ 596806.5625, 2308500.9375 ], [ 596820.3125, 2308499.6875 ], [ 596828.75, 2308496.875 ], [ 596832.8125, 2308493.4375 ], [ 596838.59375, 2308484.21875 ], [ 596844.21875, 2308478.59375 ], [ 596875.78125, 2308461.40625 ], [ 596882.96875, 2308453.59375 ], [ 596895.625, 2308428.75 ], [ 596900.3125, 2308422.1875 ], [ 596908.75, 2308415.625 ], [ 596933.59375, 2308402.96875 ], [ 596941.40625, 2308395.78125 ], [ 596944.375, 2308391.25 ], [ 596977.03125, 2308326.40625 ], [ 596982.1875, 2308320.3125 ], [ 596993.4375, 2308312.8125 ], [ 596996.875, 2308308.75 ], [ 596999.0625, 2308303.4375 ], [ 597000.3125, 2308289.6875 ], [ 597001.875, 2308283.75 ], [ 597004.6875, 2308279.0625 ], [ 597013.4375, 2308272.8125 ], [ 597016.875, 2308268.75 ], [ 597019.0625, 2308263.4375 ], [ 597020.3125, 2308249.6875 ], [ 597021.875, 2308243.75 ], [ 597024.6875, 2308239.0625 ], [ 597033.4375, 2308232.8125 ], [ 597036.875, 2308228.75 ], [ 597039.0625, 2308223.4375 ], [ 597040.3125, 2308209.6875 ], [ 597041.875, 2308203.75 ], [ 597044.6875, 2308199.0625 ], [ 597053.4375, 2308192.8125 ], [ 597056.875, 2308188.75 ], [ 597059.0625, 2308183.4375 ], [ 597060.3125, 2308169.6875 ], [ 597061.875, 2308163.75 ], [ 597064.6875, 2308159.0625 ], [ 597073.4375, 2308152.8125 ], [ 597076.875, 2308148.75 ], [ 597079.0625, 2308143.4375 ], [ 597080.3125, 2308129.6875 ], [ 597081.875, 2308123.75 ], [ 597084.6875, 2308119.0625 ], [ 597093.4375, 2308112.8125 ], [ 597096.875, 2308108.75 ], [ 597099.0625, 2308103.4375 ], [ 597100.3125, 2308089.6875 ], [ 597101.875, 2308083.75 ], [ 597104.6875, 2308079.0625 ], [ 597113.4375, 2308072.8125 ], [ 597116.875, 2308068.75 ], [ 597119.0625, 2308063.4375 ], [ 597120.3125, 2308049.6875 ], [ 597121.875, 2308043.75 ], [ 597124.6875, 2308039.0625 ], [ 597133.4375, 2308032.8125 ], [ 597136.875, 2308028.75 ], [ 597139.0625, 2308023.4375 ], [ 597140.3125, 2308009.6875 ], [ 597143.125, 2308001.25 ], [ 597148.75, 2307995.625 ], [ 597171.25, 2307984.375 ], [ 597176.875, 2307978.75 ], [ 597179.0625, 2307973.4375 ], [ 597180.3125, 2307959.6875 ], [ 597181.875, 2307953.75 ], [ 597184.6875, 2307949.0625 ], [ 597193.4375, 2307942.8125 ], [ 597196.875, 2307938.75 ], [ 597199.0625, 2307933.4375 ], [ 597200.3125, 2307919.6875 ], [ 597201.875, 2307913.75 ], [ 597204.6875, 2307909.0625 ], [ 597213.4375, 2307902.8125 ], [ 597216.875, 2307898.75 ], [ 597219.0625, 2307893.4375 ], [ 597220.3125, 2307879.6875 ], [ 597221.875, 2307873.75 ], [ 597224.6875, 2307869.0625 ], [ 597233.4375, 2307862.8125 ], [ 597236.875, 2307858.75 ], [ 597239.0625, 2307853.4375 ], [ 597240.3125, 2307839.6875 ], [ 597241.875, 2307833.75 ], [ 597244.6875, 2307829.0625 ], [ 597253.4375, 2307822.8125 ], [ 597256.875, 2307818.75 ], [ 597259.0625, 2307813.4375 ], [ 597260.3125, 2307799.6875 ], [ 597261.875, 2307793.75 ], [ 597264.6875, 2307789.0625 ], [ 597273.4375, 2307782.8125 ], [ 597276.875, 2307778.75 ], [ 597279.0625, 2307773.4375 ], [ 597280.3125, 2307759.6875 ], [ 597281.875, 2307753.75 ], [ 597284.6875, 2307749.0625 ], [ 597293.4375, 2307742.8125 ], [ 597296.875, 2307738.75 ], [ 597299.0625, 2307733.4375 ], [ 597300.3125, 2307719.6875 ], [ 597301.875, 2307713.75 ], [ 597304.6875, 2307709.0625 ], [ 597313.4375, 2307702.8125 ], [ 597318.125, 2307696.25 ], [ 597320.0, 2307686.875 ], [ 597320.15625, 2307649.53125 ], [ 597322.34375, 2307636.71875 ], [ 597337.65625, 2307603.28125 ], [ 597339.53125, 2307593.90625 ], [ 597340.3125, 2307579.6875 ], [ 597341.875, 2307573.75 ], [ 597346.5625, 2307567.1875 ], [ 597355.3125, 2307560.9375 ], [ 597358.125, 2307556.25 ], [ 597359.6875, 2307550.3125 ], [ 597360.0, 2307483.125 ], [ 597360.9375, 2307476.5625 ], [ 597364.6875, 2307469.0625 ], [ 597375.3125, 2307460.9375 ], [ 597378.125, 2307456.25 ], [ 597379.6875, 2307450.3125 ], [ 597380.0, 2307263.125 ], [ 597380.9375, 2307256.5625 ], [ 597383.125, 2307251.25 ], [ 597386.5625, 2307247.1875 ], [ 597393.4375, 2307242.8125 ], [ 597396.875, 2307238.75 ], [ 597399.0625, 2307233.4375 ], [ 597400.0, 2307226.875 ], [ 597400.0, 2307193.125 ], [ 597398.4375, 2307179.6875 ], [ 597395.625, 2307171.25 ], [ 597383.28125, 2307146.09375 ], [ 597380.46875, 2307133.90625 ], [ 597380.0, 2306913.125 ], [ 597379.0625, 2306906.5625 ], [ 597376.875, 2306901.25 ], [ 597373.4375, 2306897.1875 ], [ 597364.6875, 2306890.9375 ], [ 597361.875, 2306886.25 ], [ 597360.3125, 2306880.3125 ], [ 597359.84375, 2306749.53125 ], [ 597359.0625, 2306742.8125 ], [ 597356.71875, 2306733.90625 ], [ 597343.28125, 2306706.09375 ], [ 597340.46875, 2306693.90625 ], [ 597339.53125, 2306586.09375 ], [ 597336.71875, 2306573.90625 ], [ 597322.34375, 2306543.28125 ], [ 597320.46875, 2306533.90625 ], [ 597319.6875, 2306519.6875 ], [ 597318.125, 2306513.75 ], [ 597313.4375, 2306507.1875 ], [ 597304.6875, 2306500.9375 ], [ 597300.9375, 2306493.4375 ], [ 597300.0, 2306486.875 ], [ 597299.84375, 2306449.53125 ], [ 597297.65625, 2306436.71875 ], [ 597282.34375, 2306403.28125 ], [ 597280.46875, 2306393.90625 ], [ 597279.6875, 2306379.6875 ], [ 597278.125, 2306373.75 ], [ 597275.3125, 2306369.0625 ], [ 597266.5625, 2306362.8125 ], [ 597263.125, 2306358.75 ], [ 597260.9375, 2306353.4375 ], [ 597259.6875, 2306339.6875 ], [ 597258.125, 2306333.75 ], [ 597255.3125, 2306329.0625 ], [ 597246.5625, 2306322.8125 ], [ 597243.125, 2306318.75 ], [ 597240.9375, 2306313.4375 ], [ 597239.6875, 2306299.6875 ], [ 597238.125, 2306293.75 ], [ 597235.3125, 2306289.0625 ], [ 597226.5625, 2306282.8125 ], [ 597221.875, 2306276.25 ], [ 597220.0, 2306266.875 ], [ 597220.0, 2306233.125 ], [ 597218.125, 2306223.75 ], [ 597215.3125, 2306219.0625 ], [ 597206.5625, 2306212.8125 ], [ 597203.125, 2306208.75 ], [ 597200.9375, 2306203.4375 ], [ 597199.6875, 2306189.6875 ], [ 597198.125, 2306183.75 ], [ 597195.3125, 2306179.0625 ], [ 597186.5625, 2306172.8125 ], [ 597183.125, 2306168.75 ], [ 597180.9375, 2306163.4375 ], [ 597179.6875, 2306149.6875 ], [ 597178.125, 2306143.75 ], [ 597175.3125, 2306139.0625 ], [ 597166.5625, 2306132.8125 ], [ 597163.125, 2306128.75 ], [ 597160.9375, 2306123.4375 ], [ 597159.6875, 2306109.6875 ], [ 597158.125, 2306103.75 ], [ 597155.3125, 2306099.0625 ], [ 597146.5625, 2306092.8125 ], [ 597143.125, 2306088.75 ], [ 597140.9375, 2306083.4375 ], [ 597139.6875, 2306069.6875 ], [ 597138.125, 2306063.75 ], [ 597135.3125, 2306059.0625 ], [ 597126.5625, 2306052.8125 ], [ 597123.125, 2306048.75 ], [ 597120.9375, 2306043.4375 ], [ 597119.6875, 2306029.6875 ], [ 597116.875, 2306021.25 ], [ 597111.25, 2306015.625 ], [ 597088.75, 2306004.375 ], [ 597084.6875, 2306000.9375 ], [ 597080.9375, 2305993.4375 ], [ 597079.6875, 2305979.6875 ], [ 597076.875, 2305971.25 ], [ 597073.4375, 2305967.1875 ], [ 597064.21875, 2305961.40625 ], [ 597058.59375, 2305955.78125 ], [ 597055.625, 2305951.25 ], [ 597044.375, 2305928.75 ], [ 597039.6875, 2305922.1875 ], [ 597033.59375, 2305917.03125 ], [ 597008.75, 2305904.375 ], [ 597004.6875, 2305900.9375 ], [ 597000.9375, 2305893.4375 ], [ 596999.0625, 2305876.5625 ], [ 596995.3125, 2305869.0625 ], [ 596982.1875, 2305859.6875 ], [ 596978.59375, 2305855.78125 ], [ 596972.8125, 2305846.5625 ], [ 596968.75, 2305843.125 ], [ 596960.3125, 2305840.3125 ], [ 596946.5625, 2305839.0625 ], [ 596939.0625, 2305835.3125 ], [ 596935.625, 2305831.25 ], [ 596924.375, 2305808.75 ], [ 596918.75, 2305803.125 ], [ 596913.4375, 2305800.9375 ], [ 596899.6875, 2305799.6875 ], [ 596893.75, 2305798.125 ], [ 596889.0625, 2305795.3125 ], [ 596882.8125, 2305786.5625 ], [ 596878.75, 2305783.125 ], [ 596873.4375, 2305780.9375 ], [ 596859.6875, 2305779.6875 ], [ 596853.75, 2305778.125 ], [ 596849.0625, 2305775.3125 ], [ 596842.8125, 2305766.5625 ], [ 596836.25, 2305761.875 ], [ 596826.875, 2305760.0 ], [ 596793.125, 2305760.0 ], [ 596783.75, 2305758.125 ], [ 596779.0625, 2305755.3125 ], [ 596772.8125, 2305746.5625 ], [ 596768.75, 2305743.125 ], [ 596763.4375, 2305740.9375 ], [ 596749.6875, 2305739.6875 ], [ 596743.75, 2305738.125 ], [ 596739.0625, 2305735.3125 ], [ 596732.8125, 2305726.5625 ], [ 596728.75, 2305723.125 ], [ 596723.4375, 2305720.9375 ], [ 596709.6875, 2305719.6875 ], [ 596703.75, 2305718.125 ], [ 596699.0625, 2305715.3125 ], [ 596692.8125, 2305706.5625 ], [ 596688.75, 2305703.125 ], [ 596683.4375, 2305700.9375 ], [ 596669.6875, 2305699.6875 ], [ 596663.75, 2305698.125 ], [ 596659.0625, 2305695.3125 ], [ 596652.8125, 2305686.5625 ], [ 596648.75, 2305683.125 ], [ 596643.4375, 2305680.9375 ], [ 596629.6875, 2305679.6875 ], [ 596623.75, 2305678.125 ], [ 596619.0625, 2305675.3125 ], [ 596612.8125, 2305666.5625 ], [ 596608.75, 2305663.125 ], [ 596603.4375, 2305660.9375 ], [ 596589.6875, 2305659.6875 ], [ 596583.75, 2305658.125 ], [ 596579.0625, 2305655.3125 ], [ 596572.8125, 2305646.5625 ], [ 596568.75, 2305643.125 ], [ 596563.4375, 2305640.9375 ], [ 596549.6875, 2305639.6875 ], [ 596543.75, 2305638.125 ], [ 596539.0625, 2305635.3125 ], [ 596532.8125, 2305626.5625 ], [ 596528.75, 2305623.125 ], [ 596523.4375, 2305620.9375 ], [ 596509.6875, 2305619.6875 ], [ 596503.75, 2305618.125 ], [ 596499.0625, 2305615.3125 ], [ 596492.8125, 2305606.5625 ], [ 596488.75, 2305603.125 ], [ 596483.4375, 2305600.9375 ], [ 596469.6875, 2305599.6875 ], [ 596463.75, 2305598.125 ], [ 596459.0625, 2305595.3125 ], [ 596452.8125, 2305586.5625 ], [ 596448.75, 2305583.125 ], [ 596443.4375, 2305580.9375 ], [ 596429.6875, 2305579.6875 ], [ 596423.75, 2305578.125 ], [ 596419.0625, 2305575.3125 ], [ 596412.8125, 2305566.5625 ], [ 596408.75, 2305563.125 ], [ 596403.4375, 2305560.9375 ], [ 596389.6875, 2305559.6875 ], [ 596383.75, 2305558.125 ], [ 596379.0625, 2305555.3125 ], [ 596372.8125, 2305546.5625 ], [ 596368.75, 2305543.125 ], [ 596363.4375, 2305540.9375 ], [ 596349.6875, 2305539.6875 ], [ 596343.75, 2305538.125 ], [ 596339.0625, 2305535.3125 ], [ 596332.8125, 2305526.5625 ], [ 596328.75, 2305523.125 ], [ 596323.4375, 2305520.9375 ], [ 596309.6875, 2305519.6875 ], [ 596303.75, 2305518.125 ], [ 596299.0625, 2305515.3125 ], [ 596292.8125, 2305506.5625 ], [ 596286.25, 2305501.875 ], [ 596280.3125, 2305500.3125 ], [ 596262.8125, 2305499.0625 ], [ 596251.25, 2305495.625 ], [ 595948.75, 2305344.375 ], [ 595940.3125, 2305337.8125 ], [ 595932.8125, 2305326.5625 ], [ 595928.75, 2305323.125 ], [ 595920.3125, 2305320.3125 ], [ 595906.5625, 2305319.0625 ], [ 595899.0625, 2305315.3125 ], [ 595895.625, 2305311.25 ], [ 595884.375, 2305288.75 ], [ 595878.75, 2305283.125 ], [ 595873.4375, 2305280.9375 ], [ 595859.6875, 2305279.6875 ], [ 595851.25, 2305276.875 ], [ 595847.1875, 2305273.4375 ], [ 595841.40625, 2305264.21875 ], [ 595835.78125, 2305258.59375 ], [ 595831.25, 2305255.625 ], [ 595766.40625, 2305222.96875 ], [ 595760.3125, 2305217.8125 ], [ 595752.8125, 2305206.5625 ], [ 595748.75, 2305203.125 ], [ 595740.3125, 2305200.3125 ], [ 595726.5625, 2305199.0625 ], [ 595719.0625, 2305195.3125 ], [ 595715.625, 2305191.25 ], [ 595702.96875, 2305166.40625 ], [ 595699.6875, 2305162.1875 ], [ 595693.59375, 2305157.03125 ], [ 595626.40625, 2305122.96875 ], [ 595620.3125, 2305117.8125 ], [ 595612.8125, 2305106.5625 ], [ 595608.75, 2305103.125 ], [ 595600.3125, 2305100.3125 ], [ 595586.5625, 2305099.0625 ], [ 595579.0625, 2305095.3125 ], [ 595575.625, 2305091.25 ], [ 595562.96875, 2305066.40625 ], [ 595555.78125, 2305058.59375 ], [ 595551.25, 2305055.625 ], [ 595488.75, 2305024.375 ], [ 595484.21875, 2305021.40625 ], [ 595477.03125, 2305013.59375 ], [ 595464.375, 2304988.75 ], [ 595460.9375, 2304984.6875 ], [ 595453.4375, 2304980.9375 ], [ 595439.6875, 2304979.6875 ], [ 595431.25, 2304976.875 ], [ 595427.1875, 2304973.4375 ], [ 595421.40625, 2304964.21875 ], [ 595415.78125, 2304958.59375 ], [ 595384.21875, 2304941.40625 ], [ 595377.03125, 2304933.59375 ], [ 595364.375, 2304908.75 ], [ 595359.6875, 2304902.1875 ], [ 595351.25, 2304895.625 ], [ 595326.40625, 2304882.96875 ], [ 595318.59375, 2304875.78125 ], [ 595315.625, 2304871.25 ], [ 595282.96875, 2304806.40625 ], [ 595277.8125, 2304800.3125 ], [ 595266.5625, 2304792.8125 ], [ 595263.125, 2304788.75 ], [ 595260.9375, 2304783.4375 ], [ 595259.6875, 2304769.6875 ], [ 595258.125, 2304763.75 ], [ 595255.3125, 2304759.0625 ], [ 595246.5625, 2304752.8125 ], [ 595243.125, 2304748.75 ], [ 595240.9375, 2304743.4375 ], [ 595239.6875, 2304729.6875 ], [ 595236.875, 2304721.25 ], [ 595231.25, 2304715.625 ], [ 595208.75, 2304704.375 ], [ 595203.125, 2304698.75 ], [ 595200.9375, 2304693.4375 ], [ 595199.6875, 2304679.6875 ], [ 595198.125, 2304673.75 ], [ 595195.3125, 2304669.0625 ], [ 595186.5625, 2304662.8125 ], [ 595183.125, 2304658.75 ], [ 595180.9375, 2304653.4375 ], [ 595179.6875, 2304639.6875 ], [ 595178.125, 2304633.75 ], [ 595175.3125, 2304629.0625 ], [ 595166.5625, 2304622.8125 ], [ 595163.125, 2304618.75 ], [ 595160.9375, 2304613.4375 ], [ 595159.6875, 2304599.6875 ], [ 595158.125, 2304593.75 ], [ 595155.3125, 2304589.0625 ], [ 595146.5625, 2304582.8125 ], [ 595143.125, 2304578.75 ], [ 595140.9375, 2304573.4375 ], [ 595139.6875, 2304559.6875 ], [ 595138.125, 2304553.75 ], [ 595135.3125, 2304549.0625 ], [ 595126.5625, 2304542.8125 ], [ 595123.125, 2304538.75 ], [ 595120.9375, 2304533.4375 ], [ 595119.6875, 2304519.6875 ], [ 595118.125, 2304513.75 ], [ 595115.3125, 2304509.0625 ], [ 595106.5625, 2304502.8125 ], [ 595103.125, 2304498.75 ], [ 595100.9375, 2304493.4375 ], [ 595099.6875, 2304479.6875 ], [ 595098.125, 2304473.75 ], [ 595095.3125, 2304469.0625 ], [ 595086.5625, 2304462.8125 ], [ 595081.875, 2304456.25 ], [ 595080.0, 2304446.875 ], [ 595080.0, 2304413.125 ], [ 595078.125, 2304403.75 ], [ 595075.3125, 2304399.0625 ], [ 595066.5625, 2304392.8125 ], [ 595063.125, 2304388.75 ], [ 595060.9375, 2304383.4375 ], [ 595059.6875, 2304369.6875 ], [ 595058.125, 2304363.75 ], [ 595055.3125, 2304359.0625 ], [ 595046.5625, 2304352.8125 ], [ 595043.125, 2304348.75 ], [ 595040.9375, 2304343.4375 ], [ 595039.6875, 2304329.6875 ], [ 595038.125, 2304323.75 ], [ 595035.3125, 2304319.0625 ], [ 595026.5625, 2304312.8125 ], [ 595021.875, 2304306.25 ], [ 595020.3125, 2304300.3125 ], [ 595019.53125, 2304286.09375 ], [ 595017.65625, 2304276.71875 ], [ 595015.625, 2304271.25 ], [ 594983.28125, 2304206.09375 ], [ 594980.9375, 2304197.1875 ], [ 594979.6875, 2304179.6875 ], [ 594978.125, 2304173.75 ], [ 594975.3125, 2304169.0625 ], [ 594966.5625, 2304162.8125 ], [ 594961.875, 2304156.25 ], [ 594960.0, 2304146.875 ], [ 594960.0, 2304113.125 ], [ 594959.0625, 2304106.5625 ], [ 594955.3125, 2304099.0625 ], [ 594946.5625, 2304092.8125 ], [ 594941.875, 2304086.25 ], [ 594940.3125, 2304080.3125 ], [ 594939.84375, 2304069.53125 ], [ 594938.4375, 2304059.6875 ], [ 594935.625, 2304051.25 ], [ 594924.375, 2304028.75 ], [ 594922.34375, 2304023.28125 ], [ 594920.46875, 2304013.90625 ], [ 594919.6875, 2303999.6875 ], [ 594918.125, 2303993.75 ], [ 594913.4375, 2303987.1875 ], [ 594904.6875, 2303980.9375 ], [ 594900.9375, 2303973.4375 ], [ 594900.0, 2303966.875 ], [ 594900.0, 2303933.125 ], [ 594899.0625, 2303926.5625 ], [ 594895.3125, 2303919.0625 ], [ 594886.5625, 2303912.8125 ], [ 594881.875, 2303906.25 ], [ 594880.3125, 2303900.3125 ], [ 594879.53125, 2303886.09375 ], [ 594877.65625, 2303876.71875 ], [ 594862.34375, 2303843.28125 ], [ 594860.15625, 2303830.46875 ], [ 594860.0, 2303793.125 ], [ 594859.0625, 2303786.5625 ], [ 594855.3125, 2303779.0625 ], [ 594846.5625, 2303772.8125 ], [ 594841.875, 2303766.25 ], [ 594840.3125, 2303760.3125 ], [ 594839.84375, 2303749.53125 ], [ 594838.4375, 2303739.6875 ], [ 594835.625, 2303731.25 ], [ 594824.375, 2303708.75 ], [ 594822.34375, 2303703.28125 ], [ 594820.46875, 2303693.90625 ], [ 594819.6875, 2303679.6875 ], [ 594818.125, 2303673.75 ], [ 594813.4375, 2303667.1875 ], [ 594804.6875, 2303660.9375 ], [ 594800.9375, 2303653.4375 ], [ 594800.0, 2303646.875 ], [ 594799.6875, 2303579.6875 ], [ 594798.125, 2303573.75 ], [ 594795.3125, 2303569.0625 ], [ 594786.5625, 2303562.8125 ], [ 594783.125, 2303558.75 ], [ 594780.9375, 2303553.4375 ], [ 594780.0, 2303546.875 ], [ 594779.53125, 2303386.09375 ], [ 594776.71875, 2303373.90625 ], [ 594762.34375, 2303343.28125 ], [ 594760.9375, 2303337.1875 ], [ 594760.0, 2303326.875 ], [ 594760.0, 2302933.125 ], [ 594760.9375, 2302926.5625 ], [ 594763.125, 2302921.25 ], [ 594766.5625, 2302917.1875 ], [ 594773.4375, 2302912.8125 ], [ 594776.875, 2302908.75 ], [ 594779.0625, 2302903.4375 ], [ 594780.0, 2302896.875 ], [ 594780.3125, 2302559.6875 ], [ 594783.125, 2302551.25 ], [ 594786.5625, 2302547.1875 ], [ 594795.3125, 2302540.9375 ], [ 594799.0625, 2302533.4375 ], [ 594800.0, 2302526.875 ], [ 594800.0, 2302463.125 ], [ 594800.9375, 2302456.5625 ], [ 594804.6875, 2302449.0625 ], [ 594813.4375, 2302442.8125 ], [ 594818.125, 2302436.25 ], [ 594820.0, 2302426.875 ], [ 594820.0, 2302393.125 ], [ 594820.9375, 2302386.5625 ], [ 594824.6875, 2302379.0625 ], [ 594833.4375, 2302372.8125 ], [ 594838.125, 2302366.25 ], [ 594839.6875, 2302360.3125 ], [ 594840.46875, 2302346.09375 ], [ 594842.34375, 2302336.71875 ], [ 594857.65625, 2302303.28125 ], [ 594859.84375, 2302290.46875 ], [ 594860.0, 2302253.125 ], [ 594860.9375, 2302246.5625 ], [ 594864.6875, 2302239.0625 ], [ 594873.4375, 2302232.8125 ], [ 594878.125, 2302226.25 ], [ 594879.6875, 2302220.3125 ], [ 594880.46875, 2302206.09375 ], [ 594882.34375, 2302196.71875 ], [ 594897.65625, 2302163.28125 ], [ 594899.84375, 2302150.46875 ], [ 594900.0, 2302113.125 ], [ 594900.9375, 2302106.5625 ], [ 594904.6875, 2302099.0625 ], [ 594915.3125, 2302090.9375 ], [ 594919.0625, 2302083.4375 ], [ 594920.0, 2302076.875 ], [ 594920.0, 2302043.125 ], [ 594920.9375, 2302036.5625 ], [ 594924.6875, 2302029.0625 ], [ 594935.3125, 2302020.9375 ], [ 594939.0625, 2302013.4375 ], [ 594940.0, 2302006.875 ], [ 594940.0, 2301973.125 ], [ 594940.9375, 2301966.5625 ], [ 594944.6875, 2301959.0625 ], [ 594955.3125, 2301950.9375 ], [ 594959.0625, 2301943.4375 ], [ 594960.0, 2301936.875 ], [ 594960.3125, 2301899.6875 ], [ 594963.125, 2301891.25 ], [ 594966.5625, 2301887.1875 ], [ 594975.3125, 2301880.9375 ], [ 594979.0625, 2301873.4375 ], [ 594980.0, 2301866.875 ], [ 594980.0, 2301833.125 ], [ 594980.9375, 2301826.5625 ], [ 594984.6875, 2301819.0625 ], [ 594993.4375, 2301812.8125 ], [ 594998.125, 2301806.25 ], [ 594999.6875, 2301800.3125 ], [ 595000.15625, 2301789.53125 ], [ 595001.5625, 2301779.6875 ], [ 595004.375, 2301771.25 ], [ 595015.625, 2301748.75 ], [ 595017.65625, 2301743.28125 ], [ 595019.53125, 2301733.90625 ], [ 595020.3125, 2301719.6875 ], [ 595021.875, 2301713.75 ], [ 595024.6875, 2301709.0625 ], [ 595033.4375, 2301702.8125 ], [ 595038.125, 2301696.25 ], [ 595040.0, 2301686.875 ], [ 595040.0, 2301653.125 ], [ 595040.9375, 2301646.5625 ], [ 595044.6875, 2301639.0625 ], [ 595053.4375, 2301632.8125 ], [ 595058.125, 2301626.25 ], [ 595059.6875, 2301620.3125 ], [ 595060.15625, 2301609.53125 ], [ 595061.5625, 2301599.6875 ], [ 595064.375, 2301591.25 ], [ 595075.625, 2301568.75 ], [ 595077.65625, 2301563.28125 ], [ 595079.53125, 2301553.90625 ], [ 595080.3125, 2301539.6875 ], [ 595081.875, 2301533.75 ], [ 595084.6875, 2301529.0625 ], [ 595093.4375, 2301522.8125 ], [ 595098.125, 2301516.25 ], [ 595100.0, 2301506.875 ], [ 595100.0, 2301473.125 ], [ 595100.9375, 2301466.5625 ], [ 595104.6875, 2301459.0625 ], [ 595113.4375, 2301452.8125 ], [ 595118.125, 2301446.25 ], [ 595119.6875, 2301440.3125 ], [ 595120.15625, 2301429.53125 ], [ 595121.5625, 2301419.6875 ], [ 595124.375, 2301411.25 ], [ 595135.625, 2301388.75 ], [ 595137.65625, 2301383.28125 ], [ 595139.53125, 2301373.90625 ], [ 595140.3125, 2301359.6875 ], [ 595141.875, 2301353.75 ], [ 595144.6875, 2301349.0625 ], [ 595153.4375, 2301342.8125 ], [ 595158.125, 2301336.25 ], [ 595160.0, 2301326.875 ], [ 595160.0, 2301293.125 ], [ 595160.9375, 2301286.5625 ], [ 595164.6875, 2301279.0625 ], [ 595173.4375, 2301272.8125 ], [ 595178.125, 2301266.25 ], [ 595179.6875, 2301260.3125 ], [ 595180.15625, 2301249.53125 ], [ 595181.5625, 2301239.6875 ], [ 595184.375, 2301231.25 ], [ 595195.625, 2301208.75 ], [ 595197.65625, 2301203.28125 ], [ 595199.53125, 2301193.90625 ], [ 595200.3125, 2301179.6875 ], [ 595201.875, 2301173.75 ], [ 595204.6875, 2301169.0625 ], [ 595213.4375, 2301162.8125 ], [ 595218.125, 2301156.25 ], [ 595220.0, 2301146.875 ], [ 595220.0, 2301113.125 ], [ 595221.875, 2301103.75 ], [ 595224.6875, 2301099.0625 ], [ 595233.4375, 2301092.8125 ], [ 595236.875, 2301088.75 ], [ 595239.0625, 2301083.4375 ], [ 595240.3125, 2301069.6875 ], [ 595241.875, 2301063.75 ], [ 595244.6875, 2301059.0625 ], [ 595253.4375, 2301052.8125 ], [ 595258.125, 2301046.25 ], [ 595259.6875, 2301040.3125 ], [ 595260.15625, 2301029.53125 ], [ 595261.5625, 2301019.6875 ], [ 595264.375, 2301011.25 ], [ 595275.625, 2300988.75 ], [ 595277.65625, 2300983.28125 ], [ 595279.53125, 2300973.90625 ], [ 595280.3125, 2300959.6875 ], [ 595281.875, 2300953.75 ], [ 595284.6875, 2300949.0625 ], [ 595293.4375, 2300942.8125 ], [ 595296.875, 2300938.75 ], [ 595299.0625, 2300933.4375 ], [ 595300.3125, 2300919.6875 ], [ 595301.875, 2300913.75 ], [ 595304.6875, 2300909.0625 ], [ 595313.4375, 2300902.8125 ], [ 595318.125, 2300896.25 ], [ 595320.0, 2300886.875 ], [ 595320.0, 2300853.125 ], [ 595321.875, 2300843.75 ], [ 595324.6875, 2300839.0625 ], [ 595333.4375, 2300832.8125 ], [ 595338.125, 2300826.25 ], [ 595339.6875, 2300820.3125 ], [ 595340.46875, 2300806.09375 ], [ 595342.34375, 2300796.71875 ], [ 595344.375, 2300791.25 ], [ 595376.71875, 2300726.09375 ], [ 595379.0625, 2300717.1875 ], [ 595380.3125, 2300699.6875 ], [ 595381.875, 2300693.75 ], [ 595384.6875, 2300689.0625 ], [ 595393.4375, 2300682.8125 ], [ 595398.125, 2300676.25 ], [ 595400.0, 2300666.875 ], [ 595400.0, 2300633.125 ], [ 595400.9375, 2300626.5625 ], [ 595404.6875, 2300619.0625 ], [ 595413.4375, 2300612.8125 ], [ 595418.125, 2300606.25 ], [ 595419.6875, 2300600.3125 ], [ 595420.46875, 2300586.09375 ], [ 595422.34375, 2300576.71875 ], [ 595424.375, 2300571.25 ], [ 595456.71875, 2300506.09375 ], [ 595459.0625, 2300497.1875 ], [ 595460.3125, 2300479.6875 ], [ 595461.875, 2300473.75 ], [ 595464.6875, 2300469.0625 ], [ 595473.4375, 2300462.8125 ], [ 595476.875, 2300458.75 ], [ 595479.0625, 2300453.4375 ], [ 595480.3125, 2300439.6875 ], [ 595481.875, 2300433.75 ], [ 595484.6875, 2300429.0625 ], [ 595493.4375, 2300422.8125 ], [ 595498.125, 2300416.25 ], [ 595500.0, 2300406.875 ], [ 595500.0, 2300373.125 ], [ 595501.875, 2300363.75 ], [ 595504.6875, 2300359.0625 ], [ 595513.4375, 2300352.8125 ], [ 595516.875, 2300348.75 ], [ 595519.0625, 2300343.4375 ], [ 595520.3125, 2300329.6875 ], [ 595521.875, 2300323.75 ], [ 595524.6875, 2300319.0625 ], [ 595533.4375, 2300312.8125 ], [ 595536.875, 2300308.75 ], [ 595539.0625, 2300303.4375 ], [ 595540.3125, 2300289.6875 ], [ 595541.875, 2300283.75 ], [ 595544.6875, 2300279.0625 ], [ 595553.4375, 2300272.8125 ], [ 595558.125, 2300266.25 ], [ 595559.6875, 2300260.3125 ], [ 595560.9375, 2300242.8125 ], [ 595563.28125, 2300233.90625 ], [ 595615.625, 2300128.75 ], [ 595619.0625, 2300117.1875 ], [ 595620.3125, 2300099.6875 ], [ 595621.875, 2300093.75 ], [ 595624.6875, 2300089.0625 ], [ 595633.4375, 2300082.8125 ], [ 595636.875, 2300078.75 ], [ 595639.0625, 2300073.4375 ], [ 595640.3125, 2300059.6875 ], [ 595643.125, 2300051.25 ], [ 595646.5625, 2300047.1875 ], [ 595657.8125, 2300039.6875 ], [ 595662.96875, 2300033.59375 ], [ 595735.625, 2299888.75 ], [ 595742.1875, 2299880.3125 ], [ 595753.4375, 2299872.8125 ], [ 595756.875, 2299868.75 ], [ 595759.0625, 2299863.4375 ], [ 595760.3125, 2299849.6875 ], [ 595761.875, 2299843.75 ], [ 595764.6875, 2299839.0625 ], [ 595773.4375, 2299832.8125 ], [ 595776.875, 2299828.75 ], [ 595779.0625, 2299823.4375 ], [ 595780.3125, 2299809.6875 ], [ 595783.125, 2299801.25 ], [ 595788.75, 2299795.625 ], [ 595811.25, 2299784.375 ], [ 595816.875, 2299778.75 ], [ 595819.0625, 2299773.4375 ], [ 595820.3125, 2299759.6875 ], [ 595823.125, 2299751.25 ], [ 595826.5625, 2299747.1875 ], [ 595837.8125, 2299739.6875 ], [ 595842.96875, 2299733.59375 ], [ 595895.625, 2299628.75 ], [ 595902.1875, 2299620.3125 ], [ 595913.4375, 2299612.8125 ], [ 595916.875, 2299608.75 ], [ 595919.0625, 2299603.4375 ], [ 595920.3125, 2299589.6875 ], [ 595923.125, 2299581.25 ], [ 595928.75, 2299575.625 ], [ 595951.25, 2299564.375 ], [ 595955.3125, 2299560.9375 ], [ 595959.0625, 2299553.4375 ], [ 595960.3125, 2299539.6875 ], [ 595963.125, 2299531.25 ], [ 595966.5625, 2299527.1875 ], [ 595973.59375, 2299522.96875 ], [ 595979.6875, 2299517.8125 ], [ 595984.375, 2299511.25 ], [ 595995.625, 2299488.75 ], [ 595998.59375, 2299484.21875 ], [ 596004.21875, 2299478.59375 ], [ 596013.4375, 2299472.8125 ], [ 596016.875, 2299468.75 ], [ 596019.6875, 2299460.3125 ], [ 596020.9375, 2299446.5625 ], [ 596024.6875, 2299439.0625 ], [ 596028.75, 2299435.625 ], [ 596053.59375, 2299422.96875 ], [ 596061.40625, 2299415.78125 ], [ 596064.375, 2299411.25 ], [ 596095.625, 2299348.75 ], [ 596098.59375, 2299344.21875 ], [ 596106.40625, 2299337.03125 ], [ 596131.25, 2299324.375 ], [ 596139.6875, 2299317.8125 ], [ 596144.375, 2299311.25 ], [ 596155.625, 2299288.75 ], [ 596162.1875, 2299280.3125 ], [ 596168.75, 2299275.625 ], [ 596191.25, 2299264.375 ], [ 596199.6875, 2299257.8125 ], [ 596204.375, 2299251.25 ], [ 596215.625, 2299228.75 ], [ 596222.1875, 2299220.3125 ], [ 596228.75, 2299215.625 ], [ 596251.25, 2299204.375 ], [ 596259.6875, 2299197.8125 ], [ 596264.375, 2299191.25 ], [ 596275.625, 2299168.75 ], [ 596282.1875, 2299160.3125 ], [ 596288.75, 2299155.625 ], [ 596311.25, 2299144.375 ], [ 596319.6875, 2299137.8125 ], [ 596324.375, 2299131.25 ], [ 596335.625, 2299108.75 ], [ 596342.1875, 2299100.3125 ], [ 596348.75, 2299095.625 ], [ 596371.25, 2299084.375 ], [ 596379.6875, 2299077.8125 ], [ 596384.375, 2299071.25 ], [ 596395.625, 2299048.75 ], [ 596402.1875, 2299040.3125 ], [ 596408.75, 2299035.625 ], [ 596431.25, 2299024.375 ], [ 596439.6875, 2299017.8125 ], [ 596444.375, 2299011.25 ], [ 596455.625, 2298988.75 ], [ 596462.1875, 2298980.3125 ], [ 596468.75, 2298975.625 ], [ 596491.25, 2298964.375 ], [ 596495.78125, 2298961.40625 ], [ 596501.40625, 2298955.78125 ], [ 596507.1875, 2298946.5625 ], [ 596511.25, 2298943.125 ], [ 596519.6875, 2298940.3125 ], [ 596533.4375, 2298939.0625 ], [ 596540.9375, 2298935.3125 ], [ 596544.375, 2298931.25 ], [ 596557.03125, 2298906.40625 ], [ 596564.21875, 2298898.59375 ], [ 596595.78125, 2298881.40625 ], [ 596601.40625, 2298875.78125 ], [ 596607.1875, 2298866.5625 ], [ 596611.25, 2298863.125 ], [ 596616.5625, 2298860.9375 ], [ 596630.3125, 2298859.6875 ], [ 596636.25, 2298858.125 ], [ 596640.9375, 2298855.3125 ], [ 596647.1875, 2298846.5625 ], [ 596651.25, 2298843.125 ], [ 596656.5625, 2298840.9375 ], [ 596670.3125, 2298839.6875 ], [ 596678.75, 2298836.875 ], [ 596684.375, 2298831.25 ], [ 596695.625, 2298808.75 ], [ 596699.0625, 2298804.6875 ], [ 596703.75, 2298801.875 ], [ 596713.125, 2298800.0 ], [ 596746.875, 2298800.0 ], [ 596756.25, 2298798.125 ], [ 596760.9375, 2298795.3125 ], [ 596767.1875, 2298786.5625 ], [ 596771.25, 2298783.125 ], [ 596776.5625, 2298780.9375 ], [ 596790.3125, 2298779.6875 ], [ 596796.25, 2298778.125 ], [ 596800.9375, 2298775.3125 ], [ 596807.1875, 2298766.5625 ], [ 596813.75, 2298761.875 ], [ 596819.6875, 2298760.3125 ], [ 596833.90625, 2298759.53125 ], [ 596843.28125, 2298757.65625 ], [ 596848.75, 2298755.625 ], [ 596913.90625, 2298723.28125 ], [ 596922.8125, 2298720.9375 ], [ 596940.3125, 2298719.6875 ], [ 596946.25, 2298718.125 ], [ 596950.9375, 2298715.3125 ], [ 596957.1875, 2298706.5625 ], [ 596961.25, 2298703.125 ], [ 596966.5625, 2298700.9375 ], [ 596980.3125, 2298699.6875 ], [ 596986.25, 2298698.125 ], [ 596990.9375, 2298695.3125 ], [ 596997.1875, 2298686.5625 ], [ 597001.25, 2298683.125 ], [ 597006.5625, 2298680.9375 ], [ 597020.3125, 2298679.6875 ], [ 597026.25, 2298678.125 ], [ 597030.9375, 2298675.3125 ], [ 597037.1875, 2298666.5625 ], [ 597043.75, 2298661.875 ], [ 597053.125, 2298660.0 ], [ 597086.875, 2298660.0 ], [ 597093.4375, 2298659.0625 ], [ 597100.9375, 2298655.3125 ], [ 597107.1875, 2298646.5625 ], [ 597113.75, 2298641.875 ], [ 597119.6875, 2298640.3125 ], [ 597130.46875, 2298639.84375 ], [ 597140.3125, 2298638.4375 ], [ 597148.75, 2298635.625 ], [ 597171.25, 2298624.375 ], [ 597176.71875, 2298622.34375 ], [ 597186.09375, 2298620.46875 ], [ 597200.3125, 2298619.6875 ], [ 597206.25, 2298618.125 ], [ 597210.9375, 2298615.3125 ], [ 597217.1875, 2298606.5625 ], [ 597223.75, 2298601.875 ], [ 597233.125, 2298600.0 ], [ 597266.875, 2298600.0 ], [ 597273.4375, 2298599.0625 ], [ 597280.9375, 2298595.3125 ], [ 597287.1875, 2298586.5625 ], [ 597293.75, 2298581.875 ], [ 597299.6875, 2298580.3125 ], [ 597310.46875, 2298579.84375 ], [ 597320.3125, 2298578.4375 ], [ 597328.75, 2298575.625 ], [ 597351.25, 2298564.375 ], [ 597356.71875, 2298562.34375 ], [ 597366.09375, 2298560.46875 ], [ 597380.3125, 2298559.6875 ], [ 597386.25, 2298558.125 ], [ 597390.9375, 2298555.3125 ], [ 597397.1875, 2298546.5625 ], [ 597403.75, 2298541.875 ], [ 597413.125, 2298540.0 ], [ 597446.875, 2298540.0 ], [ 597453.4375, 2298539.0625 ], [ 597460.9375, 2298535.3125 ], [ 597467.1875, 2298526.5625 ], [ 597473.75, 2298521.875 ], [ 597479.6875, 2298520.3125 ], [ 597493.90625, 2298519.53125 ], [ 597503.28125, 2298517.65625 ], [ 597508.75, 2298515.625 ], [ 597531.25, 2298504.375 ], [ 597539.6875, 2298501.5625 ], [ 597549.53125, 2298500.15625 ], [ 597586.875, 2298500.0 ], [ 597593.4375, 2298499.0625 ], [ 597600.9375, 2298495.3125 ], [ 597609.0625, 2298484.6875 ], [ 597616.5625, 2298480.9375 ], [ 597623.125, 2298480.0 ], [ 597686.875, 2298480.0 ], [ 597693.4375, 2298479.0625 ], [ 597700.9375, 2298475.3125 ], [ 597707.1875, 2298466.5625 ], [ 597713.75, 2298461.875 ], [ 597723.125, 2298460.0 ], [ 597756.875, 2298460.0 ], [ 597763.4375, 2298459.0625 ], [ 597770.9375, 2298455.3125 ], [ 597779.0625, 2298444.6875 ], [ 597783.75, 2298441.875 ], [ 597789.6875, 2298440.3125 ], [ 597890.3125, 2298439.6875 ], [ 597898.75, 2298436.875 ], [ 597902.8125, 2298433.4375 ], [ 597909.0625, 2298424.6875 ], [ 597913.75, 2298421.875 ], [ 597919.6875, 2298420.3125 ], [ 597993.90625, 2298419.53125 ], [ 598006.09375, 2298416.71875 ], [ 598031.25, 2298404.375 ], [ 598042.8125, 2298400.9375 ], [ 598053.125, 2298400.0 ], [ 598120.3125, 2298399.6875 ], [ 598128.75, 2298396.875 ], [ 598132.8125, 2298393.4375 ], [ 598139.0625, 2298384.6875 ], [ 598143.75, 2298381.875 ], [ 598149.6875, 2298380.3125 ], [ 598276.875, 2298380.0 ], [ 598283.4375, 2298379.0625 ], [ 598288.75, 2298376.875 ], [ 598292.8125, 2298373.4375 ], [ 598299.0625, 2298364.6875 ], [ 598303.75, 2298361.875 ], [ 598309.6875, 2298360.3125 ], [ 598466.875, 2298360.0 ], [ 598473.4375, 2298359.0625 ], [ 598478.75, 2298356.875 ], [ 598482.8125, 2298353.4375 ], [ 598489.0625, 2298344.6875 ], [ 598493.75, 2298341.875 ], [ 598499.6875, 2298340.3125 ], [ 598630.3125, 2298339.6875 ], [ 598638.75, 2298336.875 ], [ 598642.8125, 2298333.4375 ], [ 598649.0625, 2298324.6875 ], [ 598656.5625, 2298320.9375 ], [ 598663.125, 2298320.0 ], [ 598726.875, 2298320.0 ], [ 598737.1875, 2298319.0625 ], [ 598746.09375, 2298316.71875 ], [ 598771.25, 2298304.375 ], [ 598779.6875, 2298301.5625 ], [ 598789.53125, 2298300.15625 ], [ 598826.875, 2298300.0 ], [ 598837.1875, 2298299.0625 ], [ 598846.09375, 2298296.71875 ], [ 598871.25, 2298284.375 ], [ 598879.6875, 2298281.5625 ], [ 598889.53125, 2298280.15625 ], [ 598926.875, 2298280.0 ], [ 598937.1875, 2298279.0625 ], [ 598946.09375, 2298276.71875 ], [ 598971.25, 2298264.375 ], [ 598979.6875, 2298261.5625 ], [ 598989.53125, 2298260.15625 ], [ 599026.875, 2298260.0 ], [ 599037.1875, 2298259.0625 ], [ 599046.09375, 2298256.71875 ], [ 599071.25, 2298244.375 ], [ 599079.6875, 2298241.5625 ], [ 599089.53125, 2298240.15625 ], [ 599126.875, 2298240.0 ], [ 599137.1875, 2298239.0625 ], [ 599146.09375, 2298236.71875 ], [ 599171.25, 2298224.375 ], [ 599182.8125, 2298220.9375 ], [ 599193.125, 2298220.0 ], [ 599290.3125, 2298219.6875 ], [ 599296.25, 2298218.125 ], [ 599300.9375, 2298215.3125 ], [ 599307.1875, 2298206.5625 ], [ 599313.75, 2298201.875 ], [ 599319.6875, 2298200.3125 ], [ 599333.90625, 2298199.53125 ], [ 599343.28125, 2298197.65625 ], [ 599348.75, 2298195.625 ], [ 599371.25, 2298184.375 ], [ 599382.8125, 2298180.9375 ], [ 599393.125, 2298180.0 ], [ 599426.875, 2298180.0 ], [ 599433.4375, 2298179.0625 ], [ 599440.9375, 2298175.3125 ], [ 599447.1875, 2298166.5625 ], [ 599453.75, 2298161.875 ], [ 599459.6875, 2298160.3125 ], [ 599473.90625, 2298159.53125 ], [ 599483.28125, 2298157.65625 ], [ 599516.71875, 2298142.34375 ], [ 599529.53125, 2298140.15625 ], [ 599566.875, 2298140.0 ], [ 599573.4375, 2298139.0625 ], [ 599580.9375, 2298135.3125 ], [ 599589.0625, 2298124.6875 ], [ 599596.5625, 2298120.9375 ], [ 599603.125, 2298120.0 ], [ 599640.3125, 2298119.6875 ], [ 599648.75, 2298116.875 ], [ 599652.8125, 2298113.4375 ], [ 599659.0625, 2298104.6875 ], [ 599666.5625, 2298100.9375 ], [ 599673.125, 2298100.0 ], [ 599706.875, 2298100.0 ], [ 599713.4375, 2298099.0625 ], [ 599720.9375, 2298095.3125 ], [ 599727.1875, 2298086.5625 ], [ 599733.75, 2298081.875 ], [ 599739.6875, 2298080.3125 ], [ 599750.3125, 2298079.6875 ], [ 599758.75, 2298076.875 ], [ 599762.8125, 2298073.4375 ], [ 599767.1875, 2298066.5625 ], [ 599773.75, 2298061.875 ], [ 599779.6875, 2298060.3125 ], [ 599790.46875, 2298059.84375 ], [ 599800.3125, 2298058.4375 ], [ 599808.75, 2298055.625 ], [ 599831.25, 2298044.375 ], [ 599836.71875, 2298042.34375 ], [ 599846.09375, 2298040.46875 ], [ 599860.3125, 2298039.6875 ], [ 599866.25, 2298038.125 ], [ 599872.8125, 2298033.4375 ], [ 599879.0625, 2298024.6875 ], [ 599886.5625, 2298020.9375 ], [ 599893.125, 2298020.0 ], [ 599926.875, 2298020.0 ], [ 599936.25, 2298018.125 ], [ 599940.9375, 2298015.3125 ], [ 599947.1875, 2298006.5625 ], [ 599951.25, 2298003.125 ], [ 599956.5625, 2298000.9375 ], [ 599970.3125, 2297999.6875 ], [ 599976.25, 2297998.125 ], [ 599980.9375, 2297995.3125 ], [ 599987.1875, 2297986.5625 ], [ 599991.25, 2297983.125 ], [ 599996.5625, 2297980.9375 ], [ 600010.3125, 2297979.6875 ], [ 600016.25, 2297978.125 ], [ 600020.9375, 2297975.3125 ], [ 600027.1875, 2297966.5625 ], [ 600031.25, 2297963.125 ], [ 600036.5625, 2297960.9375 ], [ 600050.3125, 2297959.6875 ], [ 600056.25, 2297958.125 ], [ 600060.9375, 2297955.3125 ], [ 600067.1875, 2297946.5625 ], [ 600071.25, 2297943.125 ], [ 600076.5625, 2297940.9375 ], [ 600090.3125, 2297939.6875 ], [ 600098.75, 2297936.875 ], [ 600104.375, 2297931.25 ], [ 600115.625, 2297908.75 ], [ 600119.0625, 2297904.6875 ], [ 600126.5625, 2297900.9375 ], [ 600140.3125, 2297899.6875 ], [ 600148.75, 2297896.875 ], [ 600152.8125, 2297893.4375 ], [ 600160.3125, 2297882.1875 ], [ 600166.40625, 2297877.03125 ], [ 600233.59375, 2297842.96875 ], [ 600237.8125, 2297839.6875 ], [ 600242.96875, 2297833.59375 ], [ 600257.03125, 2297806.40625 ], [ 600264.21875, 2297798.59375 ], [ 600295.78125, 2297781.40625 ], [ 600301.40625, 2297775.78125 ], [ 600307.1875, 2297766.5625 ], [ 600311.25, 2297763.125 ], [ 600319.6875, 2297760.3125 ], [ 600333.4375, 2297759.0625 ], [ 600340.9375, 2297755.3125 ], [ 600344.375, 2297751.25 ], [ 600375.625, 2297688.75 ], [ 600378.59375, 2297684.21875 ], [ 600386.40625, 2297677.03125 ], [ 600411.25, 2297664.375 ], [ 600417.8125, 2297659.6875 ], [ 600422.96875, 2297653.59375 ], [ 600435.625, 2297628.75 ], [ 600440.3125, 2297622.1875 ], [ 600446.40625, 2297617.03125 ], [ 600471.25, 2297604.375 ], [ 600475.3125, 2297600.9375 ], [ 600479.0625, 2297593.4375 ], [ 600480.3125, 2297579.6875 ], [ 600483.125, 2297571.25 ], [ 600486.5625, 2297567.1875 ], [ 600493.59375, 2297562.96875 ], [ 600499.6875, 2297557.8125 ], [ 600504.375, 2297551.25 ], [ 600515.625, 2297528.75 ], [ 600518.59375, 2297524.21875 ], [ 600524.21875, 2297518.59375 ], [ 600533.4375, 2297512.8125 ], [ 600536.875, 2297508.75 ], [ 600539.0625, 2297503.4375 ], [ 600540.3125, 2297489.6875 ], [ 600543.125, 2297481.25 ], [ 600548.75, 2297475.625 ], [ 600573.59375, 2297462.96875 ], [ 600581.40625, 2297455.78125 ], [ 600584.375, 2297451.25 ], [ 600617.03125, 2297386.40625 ], [ 600622.1875, 2297380.3125 ], [ 600633.4375, 2297372.8125 ], [ 600636.875, 2297368.75 ], [ 600639.0625, 2297363.4375 ], [ 600640.3125, 2297349.6875 ], [ 600641.875, 2297343.75 ], [ 600644.6875, 2297339.0625 ], [ 600653.4375, 2297332.8125 ], [ 600656.875, 2297328.75 ], [ 600659.0625, 2297323.4375 ], [ 600660.3125, 2297309.6875 ], [ 600661.875, 2297303.75 ], [ 600664.6875, 2297299.0625 ], [ 600673.4375, 2297292.8125 ], [ 600676.875, 2297288.75 ], [ 600679.0625, 2297283.4375 ], [ 600680.3125, 2297269.6875 ], [ 600681.875, 2297263.75 ], [ 600684.6875, 2297259.0625 ], [ 600693.4375, 2297252.8125 ], [ 600696.875, 2297248.75 ], [ 600699.0625, 2297243.4375 ], [ 600700.3125, 2297229.6875 ], [ 600701.875, 2297223.75 ], [ 600704.6875, 2297219.0625 ], [ 600713.4375, 2297212.8125 ], [ 600716.875, 2297208.75 ], [ 600719.0625, 2297203.4375 ], [ 600720.3125, 2297189.6875 ], [ 600721.875, 2297183.75 ], [ 600724.6875, 2297179.0625 ], [ 600733.4375, 2297172.8125 ], [ 600738.125, 2297166.25 ], [ 600739.6875, 2297160.3125 ], [ 600740.46875, 2297146.09375 ], [ 600742.34375, 2297136.71875 ], [ 600744.375, 2297131.25 ], [ 600776.71875, 2297066.09375 ], [ 600779.0625, 2297057.1875 ], [ 600780.3125, 2297039.6875 ], [ 600781.875, 2297033.75 ], [ 600786.5625, 2297027.1875 ], [ 600795.3125, 2297020.9375 ], [ 600799.0625, 2297013.4375 ], [ 600800.0, 2297006.875 ], [ 600800.3125, 2296879.6875 ], [ 600801.875, 2296873.75 ], [ 600804.6875, 2296869.0625 ], [ 600813.4375, 2296862.8125 ], [ 600816.875, 2296858.75 ], [ 600819.0625, 2296853.4375 ], [ 600820.0, 2296846.875 ], [ 600820.0, 2296693.125 ], [ 600819.0625, 2296686.5625 ], [ 600816.875, 2296681.25 ], [ 600813.4375, 2296677.1875 ], [ 600806.5625, 2296672.8125 ], [ 600803.125, 2296668.75 ], [ 600800.9375, 2296663.4375 ], [ 600800.0, 2296656.875 ], [ 600799.53125, 2296406.09375 ], [ 600796.71875, 2296393.90625 ], [ 600783.28125, 2296366.09375 ], [ 600780.46875, 2296353.90625 ], [ 600780.0, 2296253.125 ], [ 600779.0625, 2296246.5625 ], [ 600775.3125, 2296239.0625 ], [ 600764.6875, 2296230.9375 ], [ 600761.875, 2296226.25 ], [ 600760.3125, 2296220.3125 ], [ 600759.6875, 2296089.6875 ], [ 600758.125, 2296083.75 ], [ 600755.3125, 2296079.0625 ], [ 600746.5625, 2296072.8125 ], [ 600743.125, 2296068.75 ], [ 600740.9375, 2296063.4375 ], [ 600740.0, 2296056.875 ], [ 600740.0, 2295603.125 ], [ 600739.0625, 2295596.5625 ], [ 600736.875, 2295591.25 ], [ 600733.4375, 2295587.1875 ], [ 600726.5625, 2295582.8125 ], [ 600723.125, 2295578.75 ], [ 600720.9375, 2295573.4375 ], [ 600720.0, 2295566.875 ], [ 600720.0, 2295023.125 ], [ 600719.0625, 2295016.5625 ], [ 600716.875, 2295011.25 ], [ 600713.4375, 2295007.1875 ], [ 600706.5625, 2295002.8125 ], [ 600703.125, 2294998.75 ], [ 600700.9375, 2294993.4375 ], [ 600700.0, 2294986.875 ], [ 600700.0, 2294593.125 ], [ 600699.53125, 2294586.09375 ], [ 600697.65625, 2294576.71875 ], [ 600683.28125, 2294546.09375 ], [ 600681.5625, 2294540.3125 ], [ 600680.15625, 2294530.46875 ], [ 600680.0, 2294133.125 ], [ 600679.0625, 2294126.5625 ], [ 600676.875, 2294121.25 ], [ 600673.4375, 2294117.1875 ], [ 600666.5625, 2294112.8125 ], [ 600663.125, 2294108.75 ], [ 600660.9375, 2294103.4375 ], [ 600660.0, 2294096.875 ], [ 600660.46875, 2293906.09375 ], [ 600663.28125, 2293893.90625 ], [ 600676.71875, 2293866.09375 ], [ 600679.53125, 2293853.90625 ], [ 600680.0, 2293753.125 ], [ 600680.9375, 2293746.5625 ], [ 600684.6875, 2293739.0625 ], [ 600695.3125, 2293730.9375 ], [ 600698.125, 2293726.25 ], [ 600699.6875, 2293720.3125 ], [ 600700.3125, 2293619.6875 ], [ 600703.125, 2293611.25 ], [ 600706.5625, 2293607.1875 ], [ 600715.3125, 2293600.9375 ], [ 600718.125, 2293596.25 ], [ 600719.6875, 2293590.3125 ], [ 600720.46875, 2293486.09375 ], [ 600723.28125, 2293473.90625 ], [ 600736.71875, 2293446.09375 ], [ 600739.53125, 2293433.90625 ], [ 600740.0, 2293333.125 ], [ 600740.9375, 2293326.5625 ], [ 600744.6875, 2293319.0625 ], [ 600755.3125, 2293310.9375 ], [ 600758.125, 2293306.25 ], [ 600759.6875, 2293300.3125 ], [ 600760.3125, 2293199.6875 ], [ 600763.125, 2293191.25 ], [ 600766.5625, 2293187.1875 ], [ 600775.3125, 2293180.9375 ], [ 600778.125, 2293176.25 ], [ 600779.6875, 2293170.3125 ], [ 600779.84375, 2293009.53125 ], [ 600778.4375, 2292999.6875 ], [ 600775.625, 2292991.25 ], [ 600614.375, 2292668.75 ], [ 600610.9375, 2292664.6875 ], [ 600603.4375, 2292660.9375 ], [ 600596.875, 2292660.0 ], [ 600533.125, 2292660.0 ], [ 600526.5625, 2292660.9375 ], [ 600519.0625, 2292664.6875 ], [ 600515.625, 2292668.75 ], [ 600504.375, 2292691.25 ], [ 600501.40625, 2292695.78125 ], [ 600495.78125, 2292701.40625 ], [ 600486.5625, 2292707.1875 ], [ 600483.125, 2292711.25 ], [ 600480.3125, 2292719.6875 ], [ 600479.53125, 2292733.90625 ], [ 600477.65625, 2292743.28125 ], [ 600475.625, 2292748.75 ], [ 600462.96875, 2292773.59375 ], [ 600459.6875, 2292777.8125 ], [ 600453.59375, 2292782.96875 ], [ 600428.75, 2292795.625 ], [ 600424.6875, 2292799.0625 ], [ 600420.9375, 2292806.5625 ], [ 600419.6875, 2292820.3125 ], [ 600416.875, 2292828.75 ], [ 600413.4375, 2292832.8125 ], [ 600404.21875, 2292838.59375 ], [ 600398.59375, 2292844.21875 ], [ 600381.40625, 2292875.78125 ], [ 600375.78125, 2292881.40625 ], [ 600366.5625, 2292887.1875 ], [ 600363.125, 2292891.25 ], [ 600360.9375, 2292896.5625 ], [ 600360.0, 2292903.125 ], [ 600360.0, 2292936.875 ], [ 600361.875, 2292946.25 ], [ 600366.5625, 2292952.8125 ], [ 600375.78125, 2292958.59375 ], [ 600382.96875, 2292966.40625 ], [ 600415.625, 2293031.25 ], [ 600417.65625, 2293036.71875 ], [ 600419.84375, 2293049.53125 ], [ 600420.0, 2293116.875 ], [ 600421.875, 2293126.25 ], [ 600424.6875, 2293130.9375 ], [ 600437.8125, 2293140.3125 ], [ 600444.375, 2293148.75 ], [ 600456.71875, 2293173.90625 ], [ 600459.0625, 2293182.8125 ], [ 600460.0, 2293193.125 ], [ 600459.6875, 2293350.3125 ], [ 600458.125, 2293356.25 ], [ 600455.3125, 2293360.9375 ], [ 600446.5625, 2293367.1875 ], [ 600441.875, 2293373.75 ], [ 600440.3125, 2293379.6875 ], [ 600439.53125, 2293393.90625 ], [ 600437.65625, 2293403.28125 ], [ 600435.625, 2293408.75 ], [ 600424.375, 2293431.25 ], [ 600420.9375, 2293442.8125 ], [ 600420.0, 2293453.125 ], [ 600420.0, 2293606.875 ], [ 600419.0625, 2293613.4375 ], [ 600416.875, 2293618.75 ], [ 600413.4375, 2293622.8125 ], [ 600386.5625, 2293637.1875 ], [ 600383.125, 2293641.25 ], [ 600380.3125, 2293649.6875 ], [ 600380.0, 2293896.875 ], [ 600379.0625, 2293903.4375 ], [ 600376.875, 2293908.75 ], [ 600373.4375, 2293912.8125 ], [ 600366.5625, 2293917.1875 ], [ 600363.125, 2293921.25 ], [ 600360.9375, 2293926.5625 ], [ 600360.0, 2293933.125 ], [ 600360.3125, 2294150.3125 ], [ 600363.125, 2294158.75 ], [ 600366.5625, 2294162.8125 ], [ 600375.3125, 2294169.0625 ], [ 600378.125, 2294173.75 ], [ 600379.6875, 2294179.6875 ], [ 600380.0, 2294306.875 ], [ 600381.5625, 2294320.3125 ], [ 600384.375, 2294328.75 ], [ 600395.625, 2294351.25 ], [ 600398.4375, 2294359.6875 ], [ 600399.84375, 2294369.53125 ], [ 600400.0, 2294406.875 ], [ 600400.9375, 2294413.4375 ], [ 600404.6875, 2294420.9375 ], [ 600413.4375, 2294427.1875 ], [ 600416.875, 2294431.25 ], [ 600419.0625, 2294436.5625 ], [ 600420.0, 2294443.125 ], [ 600419.6875, 2294510.3125 ], [ 600418.125, 2294516.25 ], [ 600415.3125, 2294520.9375 ], [ 600406.5625, 2294527.1875 ], [ 600403.125, 2294531.25 ], [ 600400.9375, 2294536.5625 ], [ 600400.0, 2294543.125 ], [ 600400.15625, 2294790.46875 ], [ 600401.5625, 2294800.3125 ], [ 600404.375, 2294808.75 ], [ 600455.625, 2294911.25 ], [ 600459.0625, 2294922.8125 ], [ 600460.0, 2294933.125 ], [ 600460.0, 2294966.875 ], [ 600459.0625, 2294977.1875 ], [ 600455.625, 2294988.75 ], [ 600443.28125, 2295013.90625 ], [ 600440.46875, 2295026.09375 ], [ 600440.15625, 2295130.46875 ], [ 600440.9375, 2295137.1875 ], [ 600443.28125, 2295146.09375 ], [ 600455.625, 2295171.25 ], [ 600459.0625, 2295182.8125 ], [ 600460.0, 2295193.125 ], [ 600460.0, 2295256.875 ], [ 600460.9375, 2295263.4375 ], [ 600464.6875, 2295270.9375 ], [ 600473.4375, 2295277.1875 ], [ 600476.875, 2295281.25 ], [ 600479.0625, 2295286.5625 ], [ 600480.0, 2295293.125 ], [ 600479.53125, 2295393.90625 ], [ 600476.71875, 2295406.09375 ], [ 600464.375, 2295431.25 ], [ 600461.5625, 2295439.6875 ], [ 600460.15625, 2295449.53125 ], [ 600460.0, 2295486.875 ], [ 600459.0625, 2295497.1875 ], [ 600456.71875, 2295506.09375 ], [ 600444.375, 2295531.25 ], [ 600441.5625, 2295539.6875 ], [ 600440.0, 2295553.125 ], [ 600440.0, 2295586.875 ], [ 600441.875, 2295596.25 ], [ 600446.5625, 2295602.8125 ], [ 600471.25, 2295615.625 ], [ 600476.875, 2295621.25 ], [ 600479.6875, 2295629.6875 ], [ 600480.9375, 2295643.4375 ], [ 600483.125, 2295648.75 ], [ 600486.5625, 2295652.8125 ], [ 600551.25, 2295685.625 ], [ 600555.3125, 2295689.0625 ], [ 600558.125, 2295693.75 ], [ 600560.0, 2295703.125 ], [ 600560.3125, 2296040.3125 ], [ 600561.875, 2296046.25 ], [ 600564.6875, 2296050.9375 ], [ 600568.75, 2296054.375 ], [ 600575.78125, 2296058.59375 ], [ 600582.96875, 2296066.40625 ], [ 600595.625, 2296091.25 ], [ 600600.3125, 2296097.8125 ], [ 600608.75, 2296104.375 ], [ 600631.25, 2296115.625 ], [ 600636.875, 2296121.25 ], [ 600639.0625, 2296126.5625 ], [ 600640.0, 2296133.125 ], [ 600640.0, 2296166.875 ], [ 600640.9375, 2296173.4375 ], [ 600644.6875, 2296180.9375 ], [ 600653.4375, 2296187.1875 ], [ 600656.875, 2296191.25 ], [ 600659.0625, 2296196.5625 ], [ 600660.0, 2296203.125 ], [ 600659.53125, 2296333.90625 ], [ 600656.71875, 2296346.09375 ], [ 600642.34375, 2296376.71875 ], [ 600640.9375, 2296382.8125 ], [ 600640.0, 2296393.125 ], [ 600640.0, 2296696.875 ], [ 600639.0625, 2296703.4375 ], [ 600635.3125, 2296710.9375 ], [ 600624.6875, 2296719.0625 ], [ 600620.9375, 2296726.5625 ], [ 600620.0, 2296733.125 ], [ 600619.84375, 2296770.46875 ], [ 600618.4375, 2296780.3125 ], [ 600615.625, 2296788.75 ], [ 600604.375, 2296811.25 ], [ 600601.40625, 2296815.78125 ], [ 600595.78125, 2296821.40625 ], [ 600586.5625, 2296827.1875 ], [ 600581.875, 2296833.75 ], [ 600580.0, 2296843.125 ], [ 600580.0, 2296876.875 ], [ 600578.125, 2296886.25 ], [ 600573.4375, 2296892.8125 ], [ 600564.21875, 2296898.59375 ], [ 600558.59375, 2296904.21875 ], [ 600555.625, 2296908.75 ], [ 600543.28125, 2296933.90625 ], [ 600541.5625, 2296939.6875 ], [ 600540.15625, 2296949.53125 ], [ 600540.0, 2296986.875 ], [ 600538.125, 2296996.25 ], [ 600533.4375, 2297002.8125 ], [ 600508.75, 2297015.625 ], [ 600504.6875, 2297019.0625 ], [ 600501.875, 2297023.75 ], [ 600500.0, 2297033.125 ], [ 600500.0, 2297096.875 ], [ 600499.0625, 2297103.4375 ], [ 600495.3125, 2297110.9375 ], [ 600482.1875, 2297120.3125 ], [ 600475.625, 2297128.75 ], [ 600464.375, 2297151.25 ], [ 600462.34375, 2297156.71875 ], [ 600460.46875, 2297166.09375 ], [ 600459.0625, 2297183.4375 ], [ 600455.3125, 2297190.9375 ], [ 600451.25, 2297194.375 ], [ 600444.21875, 2297198.59375 ], [ 600438.59375, 2297204.21875 ], [ 600435.625, 2297208.75 ], [ 600424.375, 2297231.25 ], [ 600417.8125, 2297239.6875 ], [ 600411.25, 2297244.375 ], [ 600368.75, 2297265.625 ], [ 600364.6875, 2297269.0625 ], [ 600360.9375, 2297276.5625 ], [ 600359.0625, 2297293.4375 ], [ 600355.3125, 2297300.9375 ], [ 600351.25, 2297304.375 ], [ 600326.40625, 2297317.03125 ], [ 600320.3125, 2297322.1875 ], [ 600315.625, 2297328.75 ], [ 600304.375, 2297351.25 ], [ 600297.8125, 2297359.6875 ], [ 600291.25, 2297364.375 ], [ 600268.75, 2297375.625 ], [ 600260.3125, 2297382.1875 ], [ 600255.625, 2297388.75 ], [ 600244.375, 2297411.25 ], [ 600237.8125, 2297419.6875 ], [ 600231.25, 2297424.375 ], [ 600208.75, 2297435.625 ], [ 600204.21875, 2297438.59375 ], [ 600198.59375, 2297444.21875 ], [ 600192.8125, 2297453.4375 ], [ 600188.75, 2297456.875 ], [ 600180.3125, 2297459.6875 ], [ 600166.5625, 2297460.9375 ], [ 600159.0625, 2297464.6875 ], [ 600155.625, 2297468.75 ], [ 600142.96875, 2297493.59375 ], [ 600139.6875, 2297497.8125 ], [ 600133.59375, 2297502.96875 ], [ 600068.75, 2297535.625 ], [ 600064.21875, 2297538.59375 ], [ 600057.03125, 2297546.40625 ], [ 600044.375, 2297571.25 ], [ 600040.9375, 2297575.3125 ], [ 600033.4375, 2297579.0625 ], [ 600019.6875, 2297580.3125 ], [ 600011.25, 2297583.125 ], [ 600007.1875, 2297586.5625 ], [ 600002.8125, 2297593.4375 ], [ 599996.25, 2297598.125 ], [ 599990.3125, 2297599.6875 ], [ 599979.6875, 2297600.3125 ], [ 599971.25, 2297603.125 ], [ 599967.1875, 2297606.5625 ], [ 599961.40625, 2297615.78125 ], [ 599955.78125, 2297621.40625 ], [ 599951.25, 2297624.375 ], [ 599886.40625, 2297657.03125 ], [ 599880.3125, 2297662.1875 ], [ 599872.8125, 2297673.4375 ], [ 599868.75, 2297676.875 ], [ 599863.4375, 2297679.0625 ], [ 599849.6875, 2297680.3125 ], [ 599843.75, 2297681.875 ], [ 599839.0625, 2297684.6875 ], [ 599832.8125, 2297693.4375 ], [ 599826.25, 2297698.125 ], [ 599820.3125, 2297699.6875 ], [ 599802.8125, 2297700.9375 ], [ 599791.25, 2297704.375 ], [ 599768.75, 2297715.625 ], [ 599764.21875, 2297718.59375 ], [ 599758.59375, 2297724.21875 ], [ 599752.8125, 2297733.4375 ], [ 599748.75, 2297736.875 ], [ 599743.4375, 2297739.0625 ], [ 599729.6875, 2297740.3125 ], [ 599723.75, 2297741.875 ], [ 599719.0625, 2297744.6875 ], [ 599712.8125, 2297753.4375 ], [ 599708.75, 2297756.875 ], [ 599703.4375, 2297759.0625 ], [ 599689.6875, 2297760.3125 ], [ 599681.25, 2297763.125 ], [ 599675.625, 2297768.75 ], [ 599664.375, 2297791.25 ], [ 599660.9375, 2297795.3125 ], [ 599653.4375, 2297799.0625 ], [ 599639.6875, 2297800.3125 ], [ 599631.25, 2297803.125 ], [ 599627.1875, 2297806.5625 ], [ 599622.8125, 2297813.4375 ], [ 599616.25, 2297818.125 ], [ 599606.875, 2297820.0 ], [ 599573.125, 2297820.0 ], [ 599566.5625, 2297820.9375 ], [ 599559.0625, 2297824.6875 ], [ 599552.8125, 2297833.4375 ], [ 599546.25, 2297838.125 ], [ 599540.3125, 2297839.6875 ], [ 599526.09375, 2297840.46875 ], [ 599516.71875, 2297842.34375 ], [ 599511.25, 2297844.375 ], [ 599488.75, 2297855.625 ], [ 599480.3125, 2297858.4375 ], [ 599470.46875, 2297859.84375 ], [ 599433.125, 2297860.0 ], [ 599426.5625, 2297860.9375 ], [ 599419.0625, 2297864.6875 ], [ 599410.9375, 2297875.3125 ], [ 599403.4375, 2297879.0625 ], [ 599396.875, 2297880.0 ], [ 599363.125, 2297880.0 ], [ 599356.5625, 2297880.9375 ], [ 599349.0625, 2297884.6875 ], [ 599342.8125, 2297893.4375 ], [ 599338.75, 2297896.875 ], [ 599333.4375, 2297899.0625 ], [ 599319.6875, 2297900.3125 ], [ 599313.75, 2297901.875 ], [ 599307.1875, 2297906.5625 ], [ 599300.9375, 2297915.3125 ], [ 599293.4375, 2297919.0625 ], [ 599286.875, 2297920.0 ], [ 599193.125, 2297920.0 ], [ 599186.5625, 2297920.9375 ], [ 599179.0625, 2297924.6875 ], [ 599172.8125, 2297933.4375 ], [ 599166.25, 2297938.125 ], [ 599160.3125, 2297939.6875 ], [ 599149.6875, 2297940.3125 ], [ 599141.25, 2297943.125 ], [ 599137.1875, 2297946.5625 ], [ 599132.8125, 2297953.4375 ], [ 599126.25, 2297958.125 ], [ 599120.3125, 2297959.6875 ], [ 599109.53125, 2297960.15625 ], [ 599099.6875, 2297961.5625 ], [ 599091.25, 2297964.375 ], [ 599068.75, 2297975.625 ], [ 599063.28125, 2297977.65625 ], [ 599053.90625, 2297979.53125 ], [ 599039.6875, 2297980.3125 ], [ 599033.75, 2297981.875 ], [ 599027.1875, 2297986.5625 ], [ 599020.9375, 2297995.3125 ], [ 599013.4375, 2297999.0625 ], [ 599006.875, 2298000.0 ], [ 598973.125, 2298000.0 ], [ 598966.5625, 2298000.9375 ], [ 598959.0625, 2298004.6875 ], [ 598950.9375, 2298015.3125 ], [ 598943.4375, 2298019.0625 ], [ 598936.875, 2298020.0 ], [ 598903.125, 2298020.0 ], [ 598893.75, 2298021.875 ], [ 598889.0625, 2298024.6875 ], [ 598882.8125, 2298033.4375 ], [ 598878.75, 2298036.875 ], [ 598873.4375, 2298039.0625 ], [ 598859.6875, 2298040.3125 ], [ 598851.25, 2298043.125 ], [ 598847.1875, 2298046.5625 ], [ 598841.40625, 2298055.78125 ], [ 598835.78125, 2298061.40625 ], [ 598831.25, 2298064.375 ], [ 598806.09375, 2298076.71875 ], [ 598800.3125, 2298078.4375 ], [ 598790.46875, 2298079.84375 ], [ 598749.53125, 2298080.15625 ], [ 598736.71875, 2298082.34375 ], [ 598703.28125, 2298097.65625 ], [ 598693.90625, 2298099.53125 ], [ 598679.6875, 2298100.3125 ], [ 598673.75, 2298101.875 ], [ 598667.1875, 2298106.5625 ], [ 598660.9375, 2298115.3125 ], [ 598653.4375, 2298119.0625 ], [ 598646.875, 2298120.0 ], [ 598489.6875, 2298120.3125 ], [ 598481.25, 2298123.125 ], [ 598477.1875, 2298126.5625 ], [ 598470.9375, 2298135.3125 ], [ 598463.4375, 2298139.0625 ], [ 598456.875, 2298140.0 ], [ 598423.125, 2298140.0 ], [ 598413.75, 2298141.875 ], [ 598407.1875, 2298146.5625 ], [ 598400.9375, 2298155.3125 ], [ 598393.4375, 2298159.0625 ], [ 598386.875, 2298160.0 ], [ 598319.6875, 2298160.3125 ], [ 598311.25, 2298163.125 ], [ 598307.1875, 2298166.5625 ], [ 598300.9375, 2298175.3125 ], [ 598293.4375, 2298179.0625 ], [ 598286.875, 2298180.0 ], [ 598219.6875, 2298180.3125 ], [ 598211.25, 2298183.125 ], [ 598207.1875, 2298186.5625 ], [ 598200.9375, 2298195.3125 ], [ 598196.25, 2298198.125 ], [ 598190.3125, 2298199.6875 ], [ 597999.6875, 2298200.3125 ], [ 597991.25, 2298203.125 ], [ 597987.1875, 2298206.5625 ], [ 597980.9375, 2298215.3125 ], [ 597976.25, 2298218.125 ], [ 597970.3125, 2298219.6875 ], [ 597866.09375, 2298220.46875 ], [ 597853.90625, 2298223.28125 ], [ 597828.75, 2298235.625 ], [ 597817.1875, 2298239.0625 ], [ 597806.875, 2298240.0 ], [ 597743.125, 2298240.0 ], [ 597736.5625, 2298240.9375 ], [ 597729.0625, 2298244.6875 ], [ 597720.9375, 2298255.3125 ], [ 597716.25, 2298258.125 ], [ 597710.3125, 2298259.6875 ], [ 597609.6875, 2298260.3125 ], [ 597603.75, 2298261.875 ], [ 597599.0625, 2298264.6875 ], [ 597592.8125, 2298273.4375 ], [ 597586.25, 2298278.125 ], [ 597580.3125, 2298279.6875 ], [ 597569.6875, 2298280.3125 ], [ 597561.25, 2298283.125 ], [ 597557.1875, 2298286.5625 ], [ 597550.9375, 2298295.3125 ], [ 597543.4375, 2298299.0625 ], [ 597536.875, 2298300.0 ], [ 597413.125, 2298300.0 ], [ 597399.6875, 2298301.5625 ], [ 597391.25, 2298304.375 ], [ 597368.75, 2298315.625 ], [ 597363.28125, 2298317.65625 ], [ 597353.90625, 2298319.53125 ], [ 597339.6875, 2298320.3125 ], [ 597333.75, 2298321.875 ], [ 597327.1875, 2298326.5625 ], [ 597320.9375, 2298335.3125 ], [ 597313.4375, 2298339.0625 ], [ 597306.875, 2298340.0 ], [ 597273.125, 2298340.0 ], [ 597263.75, 2298341.875 ], [ 597259.0625, 2298344.6875 ], [ 597252.8125, 2298353.4375 ], [ 597248.75, 2298356.875 ], [ 597243.4375, 2298359.0625 ], [ 597229.6875, 2298360.3125 ], [ 597223.75, 2298361.875 ], [ 597217.1875, 2298366.5625 ], [ 597210.9375, 2298375.3125 ], [ 597203.4375, 2298379.0625 ], [ 597196.875, 2298380.0 ], [ 597129.6875, 2298380.3125 ], [ 597121.25, 2298383.125 ], [ 597117.1875, 2298386.5625 ], [ 597110.9375, 2298395.3125 ], [ 597103.4375, 2298399.0625 ], [ 597096.875, 2298400.0 ], [ 597029.6875, 2298400.3125 ], [ 597021.25, 2298403.125 ], [ 597017.1875, 2298406.5625 ], [ 597010.9375, 2298415.3125 ], [ 597006.25, 2298418.125 ], [ 597000.3125, 2298419.6875 ], [ 596869.53125, 2298420.15625 ], [ 596862.8125, 2298420.9375 ], [ 596853.90625, 2298423.28125 ], [ 596826.09375, 2298436.71875 ], [ 596813.90625, 2298439.53125 ], [ 596713.125, 2298440.0 ], [ 596706.09375, 2298440.46875 ], [ 596696.71875, 2298442.34375 ], [ 596691.25, 2298444.375 ], [ 596628.75, 2298475.625 ], [ 596623.28125, 2298477.65625 ], [ 596610.46875, 2298479.84375 ], [ 596573.125, 2298480.0 ], [ 596566.5625, 2298480.9375 ], [ 596559.0625, 2298484.6875 ], [ 596552.8125, 2298493.4375 ], [ 596546.25, 2298498.125 ], [ 596540.3125, 2298499.6875 ], [ 596526.09375, 2298500.46875 ], [ 596516.71875, 2298502.34375 ], [ 596483.28125, 2298517.65625 ], [ 596470.46875, 2298519.84375 ], [ 596429.6875, 2298520.3125 ], [ 596423.75, 2298521.875 ], [ 596419.0625, 2298524.6875 ], [ 596415.625, 2298528.75 ], [ 596404.375, 2298551.25 ], [ 596401.40625, 2298555.78125 ], [ 596395.78125, 2298561.40625 ], [ 596386.5625, 2298567.1875 ], [ 596383.125, 2298571.25 ], [ 596380.3125, 2298579.6875 ], [ 596379.0625, 2298593.4375 ], [ 596376.875, 2298598.75 ], [ 596373.4375, 2298602.8125 ], [ 596306.40625, 2298637.03125 ], [ 596300.3125, 2298642.1875 ], [ 596292.8125, 2298653.4375 ], [ 596288.75, 2298656.875 ], [ 596283.4375, 2298659.0625 ], [ 596269.6875, 2298660.3125 ], [ 596263.75, 2298661.875 ], [ 596259.0625, 2298664.6875 ], [ 596252.8125, 2298673.4375 ], [ 596246.25, 2298678.125 ], [ 596240.3125, 2298679.6875 ], [ 596222.8125, 2298680.9375 ], [ 596213.90625, 2298683.28125 ], [ 596188.75, 2298695.625 ], [ 596182.1875, 2298700.3125 ], [ 596175.625, 2298708.75 ], [ 596142.8125, 2298773.4375 ], [ 596138.75, 2298776.875 ], [ 596133.4375, 2298779.0625 ], [ 596119.6875, 2298780.3125 ], [ 596111.25, 2298783.125 ], [ 596107.1875, 2298786.5625 ], [ 596101.40625, 2298795.78125 ], [ 596095.78125, 2298801.40625 ], [ 596091.25, 2298804.375 ], [ 596068.75, 2298815.625 ], [ 596062.1875, 2298820.3125 ], [ 596057.03125, 2298826.40625 ], [ 596044.375, 2298851.25 ], [ 596039.6875, 2298857.8125 ], [ 596033.59375, 2298862.96875 ], [ 596008.75, 2298875.625 ], [ 596004.6875, 2298879.0625 ], [ 596000.9375, 2298886.5625 ], [ 595999.0625, 2298903.4375 ], [ 595995.3125, 2298910.9375 ], [ 595991.25, 2298914.375 ], [ 595968.75, 2298925.625 ], [ 595964.6875, 2298929.0625 ], [ 595960.9375, 2298936.5625 ], [ 595959.53125, 2298950.15625 ], [ 595957.1875, 2298955.3125 ], [ 595955.3125, 2298957.1875 ], [ 595950.15625, 2298959.53125 ], [ 595939.6875, 2298960.3125 ], [ 595933.75, 2298961.875 ], [ 595927.1875, 2298966.5625 ], [ 595924.375, 2298971.25 ], [ 595922.34375, 2298976.71875 ], [ 595920.46875, 2298986.09375 ], [ 595919.0625, 2299003.4375 ], [ 595915.3125, 2299010.9375 ], [ 595911.25, 2299014.375 ], [ 595868.75, 2299035.625 ], [ 595862.1875, 2299040.3125 ], [ 595855.625, 2299048.75 ], [ 595844.375, 2299071.25 ], [ 595838.75, 2299076.875 ], [ 595833.4375, 2299079.0625 ], [ 595826.875, 2299080.0 ], [ 595763.125, 2299080.0 ], [ 595756.5625, 2299079.0625 ], [ 595751.25, 2299076.875 ], [ 595745.625, 2299071.25 ], [ 595743.28125, 2299066.09375 ], [ 595740.9375, 2299057.1875 ], [ 595740.0, 2299046.875 ], [ 595740.0, 2298983.125 ], [ 595739.0625, 2298976.5625 ], [ 595735.3125, 2298969.0625 ], [ 595731.25, 2298965.625 ], [ 595726.09375, 2298963.28125 ], [ 595720.3125, 2298961.5625 ], [ 595710.46875, 2298960.15625 ], [ 595673.125, 2298960.0 ], [ 595669.84375, 2298960.46875 ], [ 595664.6875, 2298962.8125 ], [ 595661.40625, 2298967.03125 ], [ 595660.0, 2298973.125 ], [ 595660.0, 2299066.875 ], [ 595658.59375, 2299072.96875 ], [ 595655.3125, 2299077.1875 ], [ 595650.15625, 2299079.53125 ], [ 595613.125, 2299080.0 ], [ 595607.03125, 2299081.40625 ], [ 595602.8125, 2299084.6875 ], [ 595601.40625, 2299087.03125 ], [ 595600.0, 2299093.125 ], [ 595600.0, 2299156.875 ], [ 595599.0625, 2299163.4375 ], [ 595595.3125, 2299170.9375 ], [ 595582.1875, 2299180.3125 ], [ 595575.625, 2299188.75 ], [ 595563.28125, 2299213.90625 ], [ 595560.9375, 2299222.8125 ], [ 595560.0, 2299233.125 ], [ 595560.46875, 2299270.15625 ], [ 595562.8125, 2299275.3125 ], [ 595567.03125, 2299278.59375 ], [ 595573.125, 2299280.0 ], [ 595640.3125, 2299280.3125 ], [ 595648.75, 2299283.125 ], [ 595654.375, 2299288.75 ], [ 595657.65625, 2299296.71875 ], [ 595659.84375, 2299309.53125 ], [ 595660.0, 2299376.875 ], [ 595659.0625, 2299383.4375 ], [ 595655.3125, 2299390.9375 ], [ 595651.25, 2299394.375 ], [ 595644.21875, 2299398.59375 ], [ 595638.59375, 2299404.21875 ], [ 595621.40625, 2299435.78125 ], [ 595615.78125, 2299441.40625 ], [ 595606.5625, 2299447.1875 ], [ 595603.125, 2299451.25 ], [ 595600.9375, 2299456.5625 ], [ 595599.0625, 2299477.1875 ], [ 595595.625, 2299488.75 ], [ 595562.96875, 2299553.59375 ], [ 595557.8125, 2299559.6875 ], [ 595546.5625, 2299567.1875 ], [ 595543.125, 2299571.25 ], [ 595540.9375, 2299576.5625 ], [ 595539.6875, 2299590.3125 ], [ 595536.875, 2299598.75 ], [ 595533.4375, 2299602.8125 ], [ 595526.5625, 2299607.1875 ], [ 595521.875, 2299613.75 ], [ 595520.0, 2299623.125 ], [ 595520.0, 2299656.875 ], [ 595519.0625, 2299663.4375 ], [ 595516.875, 2299668.75 ], [ 595513.4375, 2299672.8125 ], [ 595502.1875, 2299680.3125 ], [ 595498.59375, 2299684.21875 ], [ 595492.8125, 2299693.4375 ], [ 595488.75, 2299696.875 ], [ 595480.3125, 2299699.6875 ], [ 595466.5625, 2299700.9375 ], [ 595461.25, 2299703.125 ], [ 595457.1875, 2299706.5625 ], [ 595423.28125, 2299773.90625 ], [ 595420.9375, 2299782.8125 ], [ 595419.6875, 2299800.3125 ], [ 595418.125, 2299806.25 ], [ 595415.3125, 2299810.9375 ], [ 595406.5625, 2299817.1875 ], [ 595401.875, 2299823.75 ], [ 595400.0, 2299833.125 ], [ 595400.0, 2299866.875 ], [ 595399.0625, 2299877.1875 ], [ 595396.71875, 2299886.09375 ], [ 595384.375, 2299911.25 ], [ 595381.5625, 2299919.6875 ], [ 595380.0, 2299933.125 ], [ 595380.0, 2299966.875 ], [ 595378.125, 2299976.25 ], [ 595375.3125, 2299980.9375 ], [ 595366.5625, 2299987.1875 ], [ 595361.875, 2299993.75 ], [ 595360.3125, 2299999.6875 ], [ 595359.53125, 2300013.90625 ], [ 595357.65625, 2300023.28125 ], [ 595355.625, 2300028.75 ], [ 595344.375, 2300051.25 ], [ 595337.8125, 2300059.6875 ], [ 595326.5625, 2300067.1875 ], [ 595323.125, 2300071.25 ], [ 595320.9375, 2300076.5625 ], [ 595319.6875, 2300090.3125 ], [ 595318.125, 2300096.25 ], [ 595315.3125, 2300100.9375 ], [ 595306.5625, 2300107.1875 ], [ 595301.875, 2300113.75 ], [ 595300.3125, 2300119.6875 ], [ 595299.84375, 2300130.46875 ], [ 595298.4375, 2300140.3125 ], [ 595295.625, 2300148.75 ], [ 595284.375, 2300171.25 ], [ 595282.34375, 2300176.71875 ], [ 595280.46875, 2300186.09375 ], [ 595279.6875, 2300200.3125 ], [ 595278.125, 2300206.25 ], [ 595273.4375, 2300212.8125 ], [ 595264.6875, 2300219.0625 ], [ 595260.9375, 2300226.5625 ], [ 595260.0, 2300233.125 ], [ 595260.0, 2300266.875 ], [ 595258.125, 2300276.25 ], [ 595255.3125, 2300280.9375 ], [ 595246.5625, 2300287.1875 ], [ 595241.875, 2300293.75 ], [ 595240.3125, 2300299.6875 ], [ 595239.84375, 2300310.46875 ], [ 595238.4375, 2300320.3125 ], [ 595235.625, 2300328.75 ], [ 595224.375, 2300351.25 ], [ 595222.34375, 2300356.71875 ], [ 595220.46875, 2300366.09375 ], [ 595219.6875, 2300380.3125 ], [ 595218.125, 2300386.25 ], [ 595215.3125, 2300390.9375 ], [ 595206.5625, 2300397.1875 ], [ 595203.125, 2300401.25 ], [ 595200.9375, 2300406.5625 ], [ 595199.6875, 2300420.3125 ], [ 595198.125, 2300426.25 ], [ 595193.4375, 2300432.8125 ], [ 595184.6875, 2300439.0625 ], [ 595180.9375, 2300446.5625 ], [ 595180.0, 2300453.125 ], [ 595180.0, 2300546.875 ], [ 595178.59375, 2300552.96875 ], [ 595175.3125, 2300557.1875 ], [ 595172.96875, 2300558.59375 ], [ 595166.875, 2300560.0 ], [ 595103.125, 2300560.0 ], [ 595096.5625, 2300559.0625 ], [ 595091.25, 2300556.875 ], [ 595087.1875, 2300553.4375 ], [ 595079.6875, 2300542.1875 ], [ 595075.78125, 2300538.59375 ], [ 595066.5625, 2300532.8125 ], [ 595061.875, 2300526.25 ], [ 595060.0, 2300516.875 ], [ 595060.0, 2300483.125 ], [ 595059.0625, 2300476.5625 ], [ 595056.875, 2300471.25 ], [ 595051.25, 2300465.625 ], [ 595046.09375, 2300463.28125 ], [ 595037.1875, 2300460.9375 ], [ 595026.875, 2300460.0 ], [ 595019.6875, 2300460.3125 ], [ 595013.75, 2300461.875 ], [ 595007.1875, 2300466.5625 ], [ 594984.375, 2300511.25 ], [ 594982.34375, 2300516.71875 ], [ 594980.9375, 2300522.8125 ], [ 594980.0, 2300533.125 ], [ 594980.0, 2300596.875 ], [ 594981.875, 2300606.25 ], [ 594986.5625, 2300612.8125 ], [ 594993.90625, 2300616.71875 ], [ 595006.09375, 2300619.53125 ], [ 595106.875, 2300620.0 ], [ 595112.96875, 2300621.40625 ], [ 595117.1875, 2300624.6875 ], [ 595118.59375, 2300627.03125 ], [ 595120.0, 2300633.125 ], [ 595119.6875, 2300730.3125 ], [ 595118.125, 2300736.25 ], [ 595115.3125, 2300740.9375 ], [ 595106.5625, 2300747.1875 ], [ 595101.875, 2300753.75 ], [ 595100.3125, 2300759.6875 ], [ 595099.6875, 2300770.3125 ], [ 595096.875, 2300778.75 ], [ 595093.4375, 2300782.8125 ], [ 595084.6875, 2300789.0625 ], [ 595080.9375, 2300796.5625 ], [ 595080.0, 2300803.125 ], [ 595079.53125, 2300873.90625 ], [ 595076.71875, 2300886.09375 ], [ 595064.375, 2300911.25 ], [ 595061.5625, 2300919.6875 ], [ 595060.15625, 2300929.53125 ], [ 595060.0, 2300966.875 ], [ 595059.0625, 2300973.4375 ], [ 595055.3125, 2300980.9375 ], [ 595046.5625, 2300987.1875 ], [ 595041.875, 2300993.75 ], [ 595040.0, 2301003.125 ], [ 595040.0, 2301036.875 ], [ 595039.0625, 2301043.4375 ], [ 595035.3125, 2301050.9375 ], [ 595024.6875, 2301059.0625 ], [ 595021.875, 2301063.75 ], [ 595020.3125, 2301069.6875 ], [ 595020.0, 2301106.875 ], [ 595019.0625, 2301113.4375 ], [ 595015.3125, 2301120.9375 ], [ 595004.6875, 2301129.0625 ], [ 595000.9375, 2301136.5625 ], [ 595000.0, 2301143.125 ], [ 594999.53125, 2301273.90625 ], [ 594996.71875, 2301286.09375 ], [ 594982.34375, 2301316.71875 ], [ 594980.46875, 2301326.09375 ], [ 594979.0625, 2301343.4375 ], [ 594975.3125, 2301350.9375 ], [ 594971.25, 2301354.375 ], [ 594964.21875, 2301358.59375 ], [ 594958.59375, 2301364.21875 ], [ 594955.625, 2301368.75 ], [ 594944.375, 2301391.25 ], [ 594942.34375, 2301396.71875 ], [ 594940.46875, 2301406.09375 ], [ 594939.84375, 2301450.46875 ], [ 594937.65625, 2301463.28125 ], [ 594935.625, 2301468.75 ], [ 594884.375, 2301571.25 ], [ 594877.8125, 2301579.6875 ], [ 594866.5625, 2301587.1875 ], [ 594863.125, 2301591.25 ], [ 594860.9375, 2301596.5625 ], [ 594859.6875, 2301610.3125 ], [ 594858.125, 2301616.25 ], [ 594855.3125, 2301620.9375 ], [ 594846.5625, 2301627.1875 ], [ 594843.125, 2301631.25 ], [ 594840.3125, 2301639.6875 ], [ 594839.0625, 2301653.4375 ], [ 594835.3125, 2301660.9375 ], [ 594831.25, 2301664.375 ], [ 594808.75, 2301675.625 ], [ 594804.6875, 2301679.0625 ], [ 594801.875, 2301683.75 ], [ 594800.0, 2301693.125 ], [ 594799.84375, 2301730.46875 ], [ 594797.65625, 2301743.28125 ], [ 594795.625, 2301748.75 ], [ 594764.375, 2301811.25 ], [ 594762.34375, 2301816.71875 ], [ 594760.9375, 2301822.8125 ], [ 594760.0, 2301833.125 ], [ 594760.0, 2302046.875 ], [ 594759.0625, 2302057.1875 ], [ 594755.625, 2302068.75 ], [ 594742.96875, 2302093.59375 ], [ 594735.78125, 2302101.40625 ], [ 594726.5625, 2302107.1875 ], [ 594721.875, 2302113.75 ], [ 594720.0, 2302123.125 ], [ 594720.0, 2302156.875 ], [ 594719.0625, 2302163.4375 ], [ 594715.3125, 2302170.9375 ], [ 594704.6875, 2302179.0625 ], [ 594700.9375, 2302186.5625 ], [ 594700.0, 2302193.125 ], [ 594700.0, 2302286.875 ], [ 594699.0625, 2302293.4375 ], [ 594695.3125, 2302300.9375 ], [ 594686.5625, 2302307.1875 ], [ 594683.125, 2302311.25 ], [ 594680.9375, 2302316.5625 ], [ 594679.6875, 2302330.3125 ], [ 594678.125, 2302336.25 ], [ 594673.4375, 2302342.8125 ], [ 594664.6875, 2302349.0625 ], [ 594660.9375, 2302356.5625 ], [ 594660.0, 2302363.125 ], [ 594660.0, 2302426.875 ], [ 594659.0625, 2302437.1875 ], [ 594655.625, 2302448.75 ], [ 594643.28125, 2302473.90625 ], [ 594641.5625, 2302479.6875 ], [ 594640.15625, 2302489.53125 ], [ 594640.0, 2303216.875 ], [ 594639.0625, 2303223.4375 ], [ 594636.875, 2303228.75 ], [ 594633.4375, 2303232.8125 ], [ 594626.5625, 2303237.1875 ], [ 594623.125, 2303241.25 ], [ 594620.9375, 2303246.5625 ], [ 594620.0, 2303253.125 ], [ 594620.0, 2303286.875 ], [ 594620.9375, 2303293.4375 ], [ 594624.6875, 2303300.9375 ], [ 594635.3125, 2303309.0625 ], [ 594638.125, 2303313.75 ], [ 594639.6875, 2303319.6875 ], [ 594640.0, 2303446.875 ], [ 594639.0625, 2303453.4375 ], [ 594636.875, 2303458.75 ], [ 594633.4375, 2303462.8125 ], [ 594626.5625, 2303467.1875 ], [ 594623.125, 2303471.25 ], [ 594620.9375, 2303476.5625 ], [ 594620.0, 2303483.125 ], [ 594620.15625, 2303670.46875 ], [ 594620.9375, 2303677.1875 ], [ 594623.28125, 2303686.09375 ], [ 594636.71875, 2303713.90625 ], [ 594639.53125, 2303726.09375 ], [ 594640.46875, 2303893.90625 ], [ 594643.28125, 2303906.09375 ], [ 594655.625, 2303931.25 ], [ 594659.0625, 2303942.8125 ], [ 594660.0, 2303953.125 ], [ 594660.0, 2304016.875 ], [ 594660.9375, 2304023.4375 ], [ 594664.6875, 2304030.9375 ], [ 594675.3125, 2304039.0625 ], [ 594678.125, 2304043.75 ], [ 594679.6875, 2304049.6875 ], [ 594680.3125, 2304150.3125 ], [ 594681.875, 2304156.25 ], [ 594684.6875, 2304160.9375 ], [ 594693.4375, 2304167.1875 ], [ 594698.125, 2304173.75 ], [ 594699.6875, 2304179.6875 ], [ 594700.46875, 2304193.90625 ], [ 594702.34375, 2304203.28125 ], [ 594704.375, 2304208.75 ], [ 594715.625, 2304231.25 ], [ 594718.4375, 2304239.6875 ], [ 594719.84375, 2304249.53125 ], [ 594720.0, 2304286.875 ], [ 594720.9375, 2304297.1875 ], [ 594724.375, 2304308.75 ], [ 594736.71875, 2304333.90625 ], [ 594739.53125, 2304346.09375 ], [ 594740.3125, 2304420.3125 ], [ 594743.125, 2304428.75 ], [ 594746.5625, 2304432.8125 ], [ 594755.3125, 2304439.0625 ], [ 594759.0625, 2304446.5625 ], [ 594760.0, 2304453.125 ], [ 594760.0, 2304486.875 ], [ 594761.875, 2304496.25 ], [ 594764.6875, 2304500.9375 ], [ 594773.4375, 2304507.1875 ], [ 594776.875, 2304511.25 ], [ 594779.0625, 2304516.5625 ], [ 594780.3125, 2304530.3125 ], [ 594781.875, 2304536.25 ], [ 594784.6875, 2304540.9375 ], [ 594793.4375, 2304547.1875 ], [ 594796.875, 2304551.25 ], [ 594799.0625, 2304556.5625 ], [ 594800.3125, 2304570.3125 ], [ 594801.875, 2304576.25 ], [ 594804.6875, 2304580.9375 ], [ 594813.4375, 2304587.1875 ], [ 594816.875, 2304591.25 ], [ 594819.0625, 2304596.5625 ], [ 594820.3125, 2304610.3125 ], [ 594821.875, 2304616.25 ], [ 594824.6875, 2304620.9375 ], [ 594833.4375, 2304627.1875 ], [ 594836.875, 2304631.25 ], [ 594839.0625, 2304636.5625 ], [ 594840.3125, 2304650.3125 ], [ 594843.125, 2304658.75 ], [ 594848.75, 2304664.375 ], [ 594871.25, 2304675.625 ], [ 594876.875, 2304681.25 ], [ 594879.0625, 2304686.5625 ], [ 594880.3125, 2304700.3125 ], [ 594881.875, 2304706.25 ], [ 594886.5625, 2304712.8125 ], [ 594895.3125, 2304719.0625 ], [ 594899.0625, 2304726.5625 ], [ 594900.0, 2304733.125 ], [ 594900.0, 2304766.875 ], [ 594900.46875, 2304770.15625 ], [ 594902.8125, 2304775.3125 ], [ 594904.6875, 2304777.1875 ], [ 594909.84375, 2304779.53125 ], [ 594920.3125, 2304780.3125 ], [ 594928.75, 2304783.125 ], [ 594932.8125, 2304786.5625 ], [ 594938.59375, 2304795.78125 ], [ 594944.21875, 2304801.40625 ], [ 594948.75, 2304804.375 ], [ 594971.25, 2304815.625 ], [ 594975.3125, 2304819.0625 ], [ 594979.0625, 2304826.5625 ], [ 594980.3125, 2304840.3125 ], [ 594983.125, 2304848.75 ], [ 594986.5625, 2304852.8125 ], [ 594993.4375, 2304857.1875 ], [ 594998.125, 2304863.75 ], [ 594999.6875, 2304869.6875 ], [ 595000.3125, 2304880.3125 ], [ 595003.125, 2304888.75 ], [ 595006.5625, 2304892.8125 ], [ 595017.8125, 2304900.3125 ], [ 595024.375, 2304908.75 ], [ 595077.1875, 2305013.4375 ], [ 595081.25, 2305016.875 ], [ 595086.5625, 2305019.0625 ], [ 595100.3125, 2305020.3125 ], [ 595108.75, 2305023.125 ], [ 595112.8125, 2305026.5625 ], [ 595120.3125, 2305037.8125 ], [ 595126.40625, 2305042.96875 ], [ 595173.4375, 2305067.1875 ], [ 595178.125, 2305073.75 ], [ 595179.6875, 2305079.6875 ], [ 595180.9375, 2305093.4375 ], [ 595184.6875, 2305100.9375 ], [ 595188.75, 2305104.375 ], [ 595211.25, 2305115.625 ], [ 595217.8125, 2305120.3125 ], [ 595222.96875, 2305126.40625 ], [ 595235.625, 2305151.25 ], [ 595240.3125, 2305157.8125 ], [ 595246.40625, 2305162.96875 ], [ 595271.25, 2305175.625 ], [ 595277.8125, 2305180.3125 ], [ 595282.96875, 2305186.40625 ], [ 595295.625, 2305211.25 ], [ 595299.0625, 2305215.3125 ], [ 595306.5625, 2305219.0625 ], [ 595320.3125, 2305220.3125 ], [ 595328.75, 2305223.125 ], [ 595332.8125, 2305226.5625 ], [ 595338.59375, 2305235.78125 ], [ 595344.21875, 2305241.40625 ], [ 595348.75, 2305244.375 ], [ 595371.25, 2305255.625 ], [ 595376.71875, 2305257.65625 ], [ 595389.53125, 2305259.84375 ], [ 595433.90625, 2305260.46875 ], [ 595443.28125, 2305262.34375 ], [ 595451.25, 2305265.625 ], [ 595455.3125, 2305269.0625 ], [ 595458.125, 2305273.75 ], [ 595459.6875, 2305279.6875 ], [ 595460.9375, 2305293.4375 ], [ 595464.6875, 2305300.9375 ], [ 595468.75, 2305304.375 ], [ 595493.59375, 2305317.03125 ], [ 595499.6875, 2305322.1875 ], [ 595504.375, 2305328.75 ], [ 595517.03125, 2305353.59375 ], [ 595520.3125, 2305357.8125 ], [ 595526.40625, 2305362.96875 ], [ 595551.25, 2305375.625 ], [ 595556.71875, 2305377.65625 ], [ 595566.09375, 2305379.53125 ], [ 595580.3125, 2305380.3125 ], [ 595586.25, 2305381.875 ], [ 595590.9375, 2305384.6875 ], [ 595597.1875, 2305393.4375 ], [ 595603.75, 2305398.125 ], [ 595609.6875, 2305399.6875 ], [ 595620.3125, 2305400.3125 ], [ 595628.75, 2305403.125 ], [ 595632.8125, 2305406.5625 ], [ 595640.3125, 2305417.8125 ], [ 595648.75, 2305424.375 ], [ 595831.25, 2305515.625 ], [ 595839.6875, 2305522.1875 ], [ 595847.1875, 2305533.4375 ], [ 595851.25, 2305536.875 ], [ 595859.6875, 2305539.6875 ], [ 595873.90625, 2305540.46875 ], [ 595883.28125, 2305542.34375 ], [ 595888.75, 2305544.375 ], [ 595911.25, 2305555.625 ], [ 595917.8125, 2305560.3125 ], [ 595921.40625, 2305564.21875 ], [ 595927.1875, 2305573.4375 ], [ 595933.75, 2305578.125 ], [ 595943.125, 2305580.0 ], [ 595976.875, 2305580.0 ], [ 595983.4375, 2305580.9375 ], [ 595990.9375, 2305584.6875 ], [ 595999.0625, 2305595.3125 ], [ 596003.75, 2305598.125 ], [ 596009.6875, 2305599.6875 ], [ 596050.46875, 2305600.15625 ], [ 596063.28125, 2305602.34375 ], [ 596068.75, 2305604.375 ], [ 596171.25, 2305655.625 ], [ 596176.71875, 2305657.65625 ], [ 596189.53125, 2305659.84375 ], [ 596226.875, 2305660.0 ], [ 596233.4375, 2305660.9375 ], [ 596240.9375, 2305664.6875 ], [ 596247.1875, 2305673.4375 ], [ 596253.75, 2305678.125 ], [ 596263.125, 2305680.0 ], [ 596296.875, 2305680.0 ], [ 596303.4375, 2305680.9375 ], [ 596310.9375, 2305684.6875 ], [ 596319.0625, 2305695.3125 ], [ 596323.75, 2305698.125 ], [ 596329.6875, 2305699.6875 ], [ 596396.875, 2305700.0 ], [ 596403.4375, 2305700.9375 ], [ 596410.9375, 2305704.6875 ], [ 596414.375, 2305708.75 ], [ 596418.59375, 2305715.78125 ], [ 596426.40625, 2305722.96875 ], [ 596453.90625, 2305736.71875 ], [ 596459.6875, 2305738.4375 ], [ 596469.53125, 2305739.84375 ], [ 596506.875, 2305740.0 ], [ 596512.96875, 2305741.40625 ], [ 596515.3125, 2305742.8125 ], [ 596518.59375, 2305747.03125 ], [ 596520.0, 2305753.125 ], [ 596520.3125, 2305760.3125 ], [ 596521.875, 2305766.25 ], [ 596524.6875, 2305770.9375 ], [ 596528.75, 2305774.375 ], [ 596613.59375, 2305817.03125 ], [ 596619.6875, 2305822.1875 ], [ 596627.1875, 2305833.4375 ], [ 596631.25, 2305836.875 ], [ 596636.5625, 2305839.0625 ], [ 596650.3125, 2305840.3125 ], [ 596656.25, 2305841.875 ], [ 596660.9375, 2305844.6875 ], [ 596667.1875, 2305853.4375 ], [ 596671.25, 2305856.875 ], [ 596679.6875, 2305859.6875 ], [ 596693.4375, 2305860.9375 ], [ 596700.9375, 2305864.6875 ], [ 596704.375, 2305868.75 ], [ 596717.03125, 2305893.59375 ], [ 596722.1875, 2305899.6875 ], [ 596728.75, 2305904.375 ], [ 596751.25, 2305915.625 ], [ 596759.6875, 2305922.1875 ], [ 596764.375, 2305928.75 ], [ 596775.625, 2305951.25 ], [ 596782.1875, 2305959.6875 ], [ 596788.75, 2305964.375 ], [ 596811.25, 2305975.625 ], [ 596819.6875, 2305982.1875 ], [ 596824.375, 2305988.75 ], [ 596835.625, 2306011.25 ], [ 596842.1875, 2306019.6875 ], [ 596848.75, 2306024.375 ], [ 596871.25, 2306035.625 ], [ 596879.6875, 2306042.1875 ], [ 596884.375, 2306048.75 ], [ 596935.625, 2306151.25 ], [ 596942.1875, 2306159.6875 ], [ 596953.4375, 2306167.1875 ], [ 596956.875, 2306171.25 ], [ 596959.0625, 2306176.5625 ], [ 596960.3125, 2306190.3125 ], [ 596963.125, 2306198.75 ], [ 596968.75, 2306204.375 ], [ 596991.25, 2306215.625 ], [ 596996.875, 2306221.25 ], [ 596999.0625, 2306226.5625 ], [ 597000.3125, 2306240.3125 ], [ 597003.125, 2306248.75 ], [ 597006.5625, 2306252.8125 ], [ 597017.8125, 2306260.3125 ], [ 597022.96875, 2306266.40625 ], [ 597057.03125, 2306333.59375 ], [ 597062.1875, 2306339.6875 ], [ 597073.4375, 2306347.1875 ], [ 597076.875, 2306351.25 ], [ 597079.0625, 2306356.5625 ], [ 597080.3125, 2306370.3125 ], [ 597083.125, 2306378.75 ], [ 597086.5625, 2306382.8125 ], [ 597093.4375, 2306387.1875 ], [ 597098.125, 2306393.75 ], [ 597099.6875, 2306399.6875 ], [ 597100.46875, 2306413.90625 ], [ 597102.34375, 2306423.28125 ], [ 597104.375, 2306428.75 ], [ 597115.625, 2306451.25 ], [ 597119.0625, 2306462.8125 ], [ 597120.0, 2306473.125 ], [ 597120.0, 2306506.875 ], [ 597121.875, 2306516.25 ], [ 597124.6875, 2306520.9375 ], [ 597133.4375, 2306527.1875 ], [ 597138.125, 2306533.75 ], [ 597139.6875, 2306539.6875 ], [ 597140.9375, 2306557.1875 ], [ 597143.28125, 2306566.09375 ], [ 597195.625, 2306671.25 ], [ 597199.0625, 2306682.8125 ], [ 597200.3125, 2306700.3125 ], [ 597201.875, 2306706.25 ], [ 597206.5625, 2306712.8125 ], [ 597215.3125, 2306719.0625 ], [ 597219.0625, 2306726.5625 ], [ 597220.0, 2306733.125 ], [ 597220.0, 2306826.875 ], [ 597221.5625, 2306840.3125 ], [ 597224.375, 2306848.75 ], [ 597255.625, 2306911.25 ], [ 597257.65625, 2306916.71875 ], [ 597259.53125, 2306926.09375 ], [ 597260.0, 2307086.875 ], [ 597259.0625, 2307093.4375 ], [ 597255.3125, 2307100.9375 ], [ 597251.25, 2307104.375 ], [ 597226.5625, 2307117.1875 ], [ 597223.125, 2307121.25 ], [ 597220.3125, 2307129.6875 ], [ 597220.0, 2307166.875 ], [ 597220.9375, 2307173.4375 ], [ 597224.6875, 2307180.9375 ], [ 597235.3125, 2307189.0625 ], [ 597238.125, 2307193.75 ], [ 597239.6875, 2307199.6875 ], [ 597240.0, 2307326.875 ], [ 597239.0625, 2307333.4375 ], [ 597236.875, 2307338.75 ], [ 597233.4375, 2307342.8125 ], [ 597224.6875, 2307349.0625 ], [ 597220.9375, 2307356.5625 ], [ 597220.0, 2307363.125 ], [ 597219.6875, 2307490.3125 ], [ 597218.125, 2307496.25 ], [ 597215.3125, 2307500.9375 ], [ 597206.5625, 2307507.1875 ], [ 597201.875, 2307513.75 ], [ 597200.3125, 2307519.6875 ], [ 597199.6875, 2307530.3125 ], [ 597196.875, 2307538.75 ], [ 597191.25, 2307544.375 ], [ 597168.75, 2307555.625 ], [ 597160.3125, 2307562.1875 ], [ 597155.625, 2307568.75 ], [ 597144.375, 2307591.25 ], [ 597137.8125, 2307599.6875 ], [ 597131.25, 2307604.375 ], [ 597108.75, 2307615.625 ], [ 597100.3125, 2307622.1875 ], [ 597095.625, 2307628.75 ], [ 597084.375, 2307651.25 ], [ 597077.8125, 2307659.6875 ], [ 597071.25, 2307664.375 ], [ 597048.75, 2307675.625 ], [ 597040.3125, 2307682.1875 ], [ 597035.625, 2307688.75 ], [ 597024.375, 2307711.25 ], [ 597020.9375, 2307715.3125 ], [ 597016.25, 2307718.125 ], [ 597010.3125, 2307719.6875 ], [ 596973.125, 2307720.0 ], [ 596959.6875, 2307721.5625 ], [ 596951.25, 2307724.375 ], [ 596928.75, 2307735.625 ], [ 596924.6875, 2307739.0625 ], [ 596920.9375, 2307746.5625 ], [ 596919.6875, 2307760.3125 ], [ 596916.875, 2307768.75 ], [ 596913.4375, 2307772.8125 ], [ 596906.5625, 2307777.1875 ], [ 596901.875, 2307783.75 ], [ 596900.3125, 2307789.6875 ], [ 596899.6875, 2307800.3125 ], [ 596896.875, 2307808.75 ], [ 596893.4375, 2307812.8125 ], [ 596884.21875, 2307818.59375 ], [ 596878.59375, 2307824.21875 ], [ 596875.625, 2307828.75 ], [ 596864.375, 2307851.25 ], [ 596859.6875, 2307857.8125 ], [ 596851.25, 2307864.375 ], [ 596828.75, 2307875.625 ], [ 596824.21875, 2307878.59375 ], [ 596818.59375, 2307884.21875 ], [ 596812.8125, 2307893.4375 ], [ 596808.75, 2307896.875 ], [ 596800.3125, 2307899.6875 ], [ 596786.5625, 2307900.9375 ], [ 596779.0625, 2307904.6875 ], [ 596775.625, 2307908.75 ], [ 596764.375, 2307931.25 ], [ 596759.6875, 2307937.8125 ], [ 596751.25, 2307944.375 ], [ 596728.75, 2307955.625 ], [ 596723.125, 2307961.25 ], [ 596720.9375, 2307966.5625 ], [ 596720.0, 2307973.125 ], [ 596719.84375, 2308010.46875 ], [ 596717.65625, 2308023.28125 ], [ 596715.625, 2308028.75 ], [ 596704.375, 2308051.25 ], [ 596701.40625, 2308055.78125 ], [ 596695.78125, 2308061.40625 ], [ 596691.25, 2308064.375 ], [ 596668.75, 2308075.625 ], [ 596663.28125, 2308077.65625 ], [ 596653.90625, 2308079.53125 ], [ 596553.125, 2308080.0 ], [ 596549.84375, 2308080.46875 ], [ 596544.6875, 2308082.8125 ], [ 596542.8125, 2308084.6875 ], [ 596540.46875, 2308089.84375 ], [ 596539.6875, 2308100.3125 ], [ 596536.875, 2308108.75 ], [ 596533.4375, 2308112.8125 ], [ 596524.6875, 2308119.0625 ], [ 596520.9375, 2308126.5625 ], [ 596520.0, 2308133.125 ], [ 596519.84375, 2308170.46875 ], [ 596518.4375, 2308180.3125 ], [ 596515.625, 2308188.75 ], [ 596502.8125, 2308213.4375 ], [ 596498.75, 2308216.875 ], [ 596493.4375, 2308219.0625 ], [ 596479.6875, 2308220.3125 ], [ 596471.25, 2308223.125 ], [ 596467.1875, 2308226.5625 ], [ 596462.8125, 2308233.4375 ], [ 596456.25, 2308238.125 ], [ 596450.3125, 2308239.6875 ], [ 596439.6875, 2308240.3125 ], [ 596431.25, 2308243.125 ], [ 596427.1875, 2308246.5625 ], [ 596422.8125, 2308253.4375 ], [ 596416.25, 2308258.125 ], [ 596406.875, 2308260.0 ], [ 596373.125, 2308260.0 ], [ 596359.6875, 2308261.5625 ], [ 596351.25, 2308264.375 ], [ 596326.09375, 2308276.71875 ], [ 596313.90625, 2308279.53125 ], [ 596209.53125, 2308280.15625 ], [ 596196.71875, 2308282.34375 ], [ 596191.25, 2308284.375 ], [ 596186.5625, 2308287.1875 ], [ 596183.125, 2308291.25 ], [ 596180.9375, 2308296.5625 ], [ 596179.6875, 2308310.3125 ], [ 596176.875, 2308318.75 ], [ 596171.25, 2308324.375 ], [ 596146.40625, 2308337.03125 ], [ 596138.59375, 2308344.21875 ], [ 596135.625, 2308348.75 ], [ 596102.96875, 2308413.59375 ], [ 596095.78125, 2308421.40625 ], [ 596086.5625, 2308427.1875 ], [ 596081.875, 2308433.75 ], [ 596080.0, 2308443.125 ], [ 596080.0, 2308506.875 ], [ 596079.0625, 2308513.4375 ], [ 596075.3125, 2308520.9375 ], [ 596071.25, 2308524.375 ], [ 596048.75, 2308535.625 ], [ 596044.21875, 2308538.59375 ], [ 596038.59375, 2308544.21875 ], [ 596032.8125, 2308553.4375 ], [ 596028.75, 2308556.875 ], [ 596020.3125, 2308559.6875 ], [ 596006.5625, 2308560.9375 ], [ 596001.25, 2308563.125 ], [ 595997.1875, 2308566.5625 ], [ 595983.28125, 2308593.90625 ], [ 595980.9375, 2308602.8125 ], [ 595979.0625, 2308623.4375 ], [ 595976.875, 2308628.75 ], [ 595973.4375, 2308632.8125 ], [ 595968.75, 2308635.625 ], [ 595960.3125, 2308638.4375 ], [ 595953.90625, 2308639.53125 ], [ 595939.6875, 2308640.3125 ], [ 595933.75, 2308641.875 ], [ 595929.0625, 2308644.6875 ], [ 595922.8125, 2308653.4375 ], [ 595918.75, 2308656.875 ], [ 595913.4375, 2308659.0625 ], [ 595899.6875, 2308660.3125 ], [ 595891.25, 2308663.125 ], [ 595887.1875, 2308666.5625 ], [ 595881.40625, 2308675.78125 ], [ 595875.78125, 2308681.40625 ], [ 595871.25, 2308684.375 ], [ 595848.75, 2308695.625 ], [ 595844.6875, 2308699.0625 ], [ 595840.9375, 2308706.5625 ], [ 595839.6875, 2308720.3125 ], [ 595836.875, 2308728.75 ], [ 595833.4375, 2308732.8125 ], [ 595822.1875, 2308740.3125 ], [ 595817.03125, 2308746.40625 ], [ 595784.375, 2308811.25 ], [ 595777.8125, 2308819.6875 ], [ 595771.25, 2308824.375 ], [ 595748.75, 2308835.625 ], [ 595744.21875, 2308838.59375 ], [ 595738.59375, 2308844.21875 ], [ 595732.8125, 2308853.4375 ], [ 595728.75, 2308856.875 ], [ 595720.3125, 2308859.6875 ], [ 595706.5625, 2308860.9375 ], [ 595699.0625, 2308864.6875 ], [ 595695.625, 2308868.75 ], [ 595682.96875, 2308893.59375 ], [ 595675.78125, 2308901.40625 ], [ 595671.25, 2308904.375 ], [ 595606.40625, 2308937.03125 ], [ 595600.3125, 2308942.1875 ], [ 595592.8125, 2308953.4375 ], [ 595588.75, 2308956.875 ], [ 595583.4375, 2308959.0625 ], [ 595569.6875, 2308960.3125 ], [ 595563.75, 2308961.875 ], [ 595559.0625, 2308964.6875 ], [ 595552.8125, 2308973.4375 ], [ 595546.25, 2308978.125 ], [ 595540.3125, 2308979.6875 ], [ 595522.8125, 2308980.9375 ], [ 595511.25, 2308984.375 ], [ 595488.75, 2308995.625 ], [ 595484.21875, 2308998.59375 ], [ 595478.59375, 2309004.21875 ], [ 595472.8125, 2309013.4375 ], [ 595468.75, 2309016.875 ], [ 595463.4375, 2309019.0625 ], [ 595449.6875, 2309020.3125 ], [ 595441.25, 2309023.125 ], [ 595435.625, 2309028.75 ], [ 595424.375, 2309051.25 ], [ 595420.9375, 2309055.3125 ], [ 595413.4375, 2309059.0625 ], [ 595396.5625, 2309060.9375 ], [ 595391.25, 2309063.125 ], [ 595387.1875, 2309066.5625 ], [ 595364.375, 2309111.25 ], [ 595358.75, 2309116.875 ], [ 595353.4375, 2309119.0625 ], [ 595346.875, 2309120.0 ], [ 595306.09375, 2309120.46875 ], [ 595296.71875, 2309122.34375 ], [ 595288.75, 2309125.625 ], [ 595284.6875, 2309129.0625 ], [ 595281.875, 2309133.75 ], [ 595280.3125, 2309139.6875 ], [ 595279.0625, 2309153.4375 ], [ 595275.3125, 2309160.9375 ], [ 595271.25, 2309164.375 ], [ 595246.40625, 2309177.03125 ], [ 595240.3125, 2309182.1875 ], [ 595235.625, 2309188.75 ], [ 595224.375, 2309211.25 ], [ 595217.8125, 2309219.6875 ], [ 595211.25, 2309224.375 ], [ 595188.75, 2309235.625 ], [ 595184.21875, 2309238.59375 ], [ 595178.59375, 2309244.21875 ], [ 595172.8125, 2309253.4375 ], [ 595168.75, 2309256.875 ], [ 595163.4375, 2309259.0625 ], [ 595149.6875, 2309260.3125 ], [ 595143.75, 2309261.875 ], [ 595139.0625, 2309264.6875 ], [ 595132.8125, 2309273.4375 ], [ 595128.75, 2309276.875 ], [ 595123.4375, 2309279.0625 ], [ 595109.6875, 2309280.3125 ], [ 595101.25, 2309283.125 ], [ 595095.625, 2309288.75 ], [ 595084.375, 2309311.25 ], [ 595078.75, 2309316.875 ], [ 595073.4375, 2309319.0625 ], [ 595066.875, 2309320.0 ], [ 594966.09375, 2309319.53125 ], [ 594953.90625, 2309316.71875 ], [ 594923.28125, 2309302.34375 ], [ 594910.46875, 2309300.15625 ], [ 594899.6875, 2309300.3125 ], [ 594893.75, 2309301.875 ], [ 594887.1875, 2309306.5625 ], [ 594874.375, 2309331.25 ], [ 594870.9375, 2309335.3125 ], [ 594866.25, 2309338.125 ], [ 594856.875, 2309340.0 ], [ 594789.6875, 2309340.3125 ], [ 594783.75, 2309341.875 ], [ 594779.0625, 2309344.6875 ], [ 594772.8125, 2309353.4375 ], [ 594766.25, 2309358.125 ], [ 594760.3125, 2309359.6875 ], [ 594749.6875, 2309360.3125 ], [ 594741.25, 2309363.125 ], [ 594735.625, 2309368.75 ], [ 594724.375, 2309391.25 ], [ 594720.9375, 2309402.8125 ], [ 594720.0, 2309413.125 ], [ 594720.0, 2309476.875 ], [ 594718.125, 2309486.25 ], [ 594713.4375, 2309492.8125 ], [ 594688.75, 2309505.625 ], [ 594683.125, 2309511.25 ], [ 594680.3125, 2309519.6875 ], [ 594679.53125, 2309533.90625 ], [ 594677.65625, 2309543.28125 ], [ 594674.375, 2309551.25 ], [ 594670.9375, 2309555.3125 ], [ 594666.25, 2309558.125 ], [ 594656.875, 2309560.0 ], [ 594593.125, 2309560.0 ], [ 594583.75, 2309561.875 ], [ 594577.1875, 2309566.5625 ], [ 594564.375, 2309591.25 ], [ 594558.75, 2309596.875 ], [ 594553.4375, 2309599.0625 ], [ 594539.6875, 2309600.3125 ], [ 594531.25, 2309603.125 ], [ 594527.1875, 2309606.5625 ], [ 594519.6875, 2309617.8125 ], [ 594511.25, 2309624.375 ], [ 594408.75, 2309675.625 ], [ 594400.3125, 2309682.1875 ], [ 594392.8125, 2309693.4375 ], [ 594388.75, 2309696.875 ], [ 594380.3125, 2309699.6875 ], [ 594369.84375, 2309700.46875 ], [ 594364.6875, 2309702.8125 ], [ 594361.40625, 2309707.03125 ], [ 594360.46875, 2309709.84375 ], [ 594359.0625, 2309723.4375 ], [ 594355.3125, 2309730.9375 ], [ 594351.25, 2309734.375 ], [ 594326.5625, 2309747.1875 ], [ 594321.875, 2309753.75 ], [ 594320.3125, 2309759.6875 ], [ 594319.53125, 2309770.15625 ], [ 594317.1875, 2309775.3125 ], [ 594312.96875, 2309778.59375 ], [ 594310.15625, 2309779.53125 ], [ 594296.5625, 2309780.9375 ], [ 594289.0625, 2309784.6875 ], [ 594285.625, 2309788.75 ], [ 594274.375, 2309811.25 ], [ 594268.75, 2309816.875 ], [ 594263.4375, 2309819.0625 ], [ 594249.6875, 2309820.3125 ], [ 594243.75, 2309821.875 ], [ 594239.0625, 2309824.6875 ], [ 594232.8125, 2309833.4375 ], [ 594228.75, 2309836.875 ], [ 594223.4375, 2309839.0625 ], [ 594209.6875, 2309840.3125 ], [ 594203.75, 2309841.875 ], [ 594197.1875, 2309846.5625 ], [ 594190.9375, 2309855.3125 ], [ 594183.4375, 2309859.0625 ], [ 594176.875, 2309860.0 ], [ 594083.125, 2309860.0 ], [ 594076.5625, 2309860.9375 ], [ 594069.0625, 2309864.6875 ], [ 594062.8125, 2309873.4375 ], [ 594056.25, 2309878.125 ], [ 594050.3125, 2309879.6875 ], [ 594039.6875, 2309880.3125 ], [ 594031.25, 2309883.125 ], [ 594027.1875, 2309886.5625 ], [ 594022.8125, 2309893.4375 ], [ 594016.25, 2309898.125 ], [ 594010.3125, 2309899.6875 ], [ 593999.6875, 2309900.3125 ], [ 593991.25, 2309903.125 ], [ 593987.1875, 2309906.5625 ], [ 593982.8125, 2309913.4375 ], [ 593976.25, 2309918.125 ], [ 593970.3125, 2309919.6875 ], [ 593959.6875, 2309920.3125 ], [ 593951.25, 2309923.125 ], [ 593947.1875, 2309926.5625 ], [ 593942.8125, 2309933.4375 ], [ 593936.25, 2309938.125 ], [ 593926.875, 2309940.0 ], [ 593889.53125, 2309940.15625 ], [ 593876.71875, 2309942.34375 ], [ 593871.25, 2309944.375 ], [ 593806.09375, 2309976.71875 ], [ 593797.1875, 2309979.0625 ], [ 593779.6875, 2309980.3125 ], [ 593773.75, 2309981.875 ], [ 593769.0625, 2309984.6875 ], [ 593762.8125, 2309993.4375 ], [ 593756.25, 2309998.125 ], [ 593746.875, 2310000.0 ], [ 593713.125, 2310000.0 ], [ 593703.75, 2310001.875 ], [ 593699.0625, 2310004.6875 ], [ 593695.625, 2310008.75 ], [ 593684.375, 2310031.25 ], [ 593677.8125, 2310039.6875 ], [ 593671.25, 2310044.375 ], [ 593648.75, 2310055.625 ], [ 593644.21875, 2310058.59375 ], [ 593638.59375, 2310064.21875 ], [ 593632.8125, 2310073.4375 ], [ 593628.75, 2310076.875 ], [ 593620.3125, 2310079.6875 ], [ 593606.5625, 2310080.9375 ], [ 593599.0625, 2310084.6875 ], [ 593595.625, 2310088.75 ], [ 593584.375, 2310111.25 ], [ 593578.75, 2310116.875 ], [ 593573.4375, 2310119.0625 ], [ 593559.6875, 2310120.3125 ], [ 593553.75, 2310121.875 ], [ 593549.0625, 2310124.6875 ], [ 593542.8125, 2310133.4375 ], [ 593538.75, 2310136.875 ], [ 593533.4375, 2310139.0625 ], [ 593519.6875, 2310140.3125 ], [ 593513.75, 2310141.875 ], [ 593509.0625, 2310144.6875 ], [ 593502.8125, 2310153.4375 ], [ 593498.75, 2310156.875 ], [ 593493.4375, 2310159.0625 ], [ 593479.6875, 2310160.3125 ], [ 593471.25, 2310163.125 ], [ 593467.1875, 2310166.5625 ], [ 593459.6875, 2310177.8125 ], [ 593453.59375, 2310182.96875 ], [ 593348.75, 2310235.625 ], [ 593340.3125, 2310242.1875 ], [ 593332.8125, 2310253.4375 ], [ 593328.75, 2310256.875 ], [ 593323.4375, 2310259.0625 ], [ 593309.6875, 2310260.3125 ], [ 593301.25, 2310263.125 ], [ 593295.625, 2310268.75 ], [ 593282.96875, 2310293.59375 ], [ 593275.78125, 2310301.40625 ], [ 593271.25, 2310304.375 ], [ 593206.40625, 2310337.03125 ], [ 593200.3125, 2310342.1875 ], [ 593192.8125, 2310353.4375 ], [ 593188.75, 2310356.875 ], [ 593183.4375, 2310359.0625 ], [ 593169.6875, 2310360.3125 ], [ 593161.25, 2310363.125 ], [ 593155.625, 2310368.75 ], [ 593144.375, 2310391.25 ], [ 593137.8125, 2310399.6875 ], [ 593131.25, 2310404.375 ], [ 593108.75, 2310415.625 ], [ 593100.3125, 2310422.1875 ], [ 593095.625, 2310428.75 ], [ 593084.375, 2310451.25 ], [ 593081.40625, 2310455.78125 ], [ 593075.78125, 2310461.40625 ], [ 593066.5625, 2310467.1875 ], [ 593063.125, 2310471.25 ], [ 593060.3125, 2310479.6875 ], [ 593059.0625, 2310493.4375 ], [ 593055.3125, 2310500.9375 ], [ 593051.25, 2310504.375 ], [ 593026.40625, 2310517.03125 ], [ 593020.3125, 2310522.1875 ], [ 593015.625, 2310528.75 ], [ 593004.375, 2310551.25 ], [ 592997.8125, 2310559.6875 ], [ 592991.25, 2310564.375 ], [ 592966.40625, 2310577.03125 ], [ 592958.59375, 2310584.21875 ], [ 592941.40625, 2310615.78125 ], [ 592935.78125, 2310621.40625 ], [ 592926.5625, 2310627.1875 ], [ 592923.125, 2310631.25 ], [ 592920.9375, 2310636.5625 ], [ 592919.6875, 2310650.3125 ], [ 592916.875, 2310658.75 ], [ 592911.25, 2310664.375 ], [ 592888.75, 2310675.625 ], [ 592884.6875, 2310679.0625 ], [ 592880.9375, 2310686.5625 ], [ 592879.6875, 2310700.3125 ], [ 592876.875, 2310708.75 ], [ 592873.4375, 2310712.8125 ], [ 592864.21875, 2310718.59375 ], [ 592858.59375, 2310724.21875 ], [ 592855.625, 2310728.75 ], [ 592844.375, 2310751.25 ], [ 592842.34375, 2310756.71875 ], [ 592840.46875, 2310766.09375 ], [ 592839.84375, 2310810.46875 ], [ 592837.65625, 2310823.28125 ], [ 592835.625, 2310828.75 ], [ 592804.375, 2310891.25 ], [ 592802.34375, 2310896.71875 ], [ 592800.15625, 2310909.53125 ], [ 592800.0, 2310946.875 ], [ 592799.0625, 2310953.4375 ], [ 592795.3125, 2310960.9375 ], [ 592786.5625, 2310967.1875 ], [ 592781.875, 2310973.75 ], [ 592780.3125, 2310979.6875 ], [ 592779.53125, 2310993.90625 ], [ 592777.65625, 2311003.28125 ], [ 592775.625, 2311008.75 ], [ 592764.375, 2311031.25 ], [ 592760.9375, 2311042.8125 ], [ 592760.0, 2311053.125 ], [ 592760.0, 2311086.875 ], [ 592759.0625, 2311093.4375 ], [ 592755.3125, 2311100.9375 ], [ 592744.6875, 2311109.0625 ], [ 592741.875, 2311113.75 ], [ 592740.3125, 2311119.6875 ], [ 592740.46875, 2311193.90625 ], [ 592743.28125, 2311206.09375 ], [ 592755.625, 2311231.25 ], [ 592758.4375, 2311239.6875 ], [ 592759.84375, 2311249.53125 ], [ 592760.0, 2311286.875 ], [ 592760.9375, 2311293.4375 ], [ 592764.6875, 2311300.9375 ], [ 592773.4375, 2311307.1875 ], [ 592778.125, 2311313.75 ], [ 592779.6875, 2311319.6875 ], [ 592780.9375, 2311337.1875 ], [ 592784.375, 2311348.75 ], [ 592835.625, 2311451.25 ], [ 592840.3125, 2311457.8125 ], [ 592844.21875, 2311461.40625 ], [ 592853.4375, 2311467.1875 ], [ 592858.125, 2311473.75 ], [ 592859.6875, 2311479.6875 ], [ 592860.15625, 2311490.46875 ], [ 592861.5625, 2311500.3125 ], [ 592864.375, 2311508.75 ], [ 592867.1875, 2311513.4375 ], [ 592871.25, 2311516.875 ], [ 592876.5625, 2311519.0625 ], [ 592893.90625, 2311520.46875 ], [ 592906.09375, 2311523.28125 ], [ 592933.59375, 2311537.03125 ], [ 592937.8125, 2311540.3125 ], [ 592942.96875, 2311546.40625 ], [ 592958.59375, 2311575.78125 ], [ 592964.21875, 2311581.40625 ], [ 592973.4375, 2311587.1875 ], [ 592976.875, 2311591.25 ], [ 592979.6875, 2311599.6875 ], [ 592980.0, 2311636.875 ], [ 592981.875, 2311646.25 ], [ 592984.6875, 2311650.9375 ], [ 592993.4375, 2311657.1875 ], [ 592996.875, 2311661.25 ], [ 592999.0625, 2311666.5625 ], [ 593000.3125, 2311680.3125 ], [ 593001.875, 2311686.25 ], [ 593004.6875, 2311690.9375 ], [ 593013.4375, 2311697.1875 ], [ 593016.875, 2311701.25 ], [ 593019.0625, 2311706.5625 ], [ 593020.3125, 2311720.3125 ], [ 593023.125, 2311728.75 ], [ 593026.5625, 2311732.8125 ], [ 593035.78125, 2311738.59375 ], [ 593041.40625, 2311744.21875 ], [ 593058.59375, 2311775.78125 ], [ 593066.40625, 2311782.96875 ], [ 593091.25, 2311795.625 ], [ 593097.8125, 2311800.3125 ], [ 593104.375, 2311808.75 ], [ 593117.03125, 2311833.59375 ], [ 593124.21875, 2311841.40625 ], [ 593128.75, 2311844.375 ], [ 593191.25, 2311875.625 ], [ 593195.78125, 2311878.59375 ], [ 593202.96875, 2311886.40625 ], [ 593215.625, 2311911.25 ], [ 593222.1875, 2311919.6875 ], [ 593228.75, 2311924.375 ], [ 593251.25, 2311935.625 ], [ 593259.6875, 2311942.1875 ], [ 593264.375, 2311948.75 ], [ 593287.1875, 2311993.4375 ], [ 593293.75, 2311998.125 ], [ 593299.6875, 2311999.6875 ], [ 593310.15625, 2312000.46875 ], [ 593312.96875, 2312001.40625 ], [ 593317.1875, 2312004.6875 ], [ 593319.53125, 2312009.84375 ], [ 593320.9375, 2312023.4375 ], [ 593324.6875, 2312030.9375 ], [ 593328.75, 2312034.375 ], [ 593351.25, 2312045.625 ], [ 593355.3125, 2312049.0625 ], [ 593359.0625, 2312056.5625 ], [ 593360.3125, 2312070.3125 ], [ 593363.125, 2312078.75 ], [ 593368.75, 2312084.375 ], [ 593391.25, 2312095.625 ], [ 593399.6875, 2312102.1875 ], [ 593404.375, 2312108.75 ], [ 593425.625, 2312151.25 ], [ 593429.0625, 2312155.3125 ], [ 593436.5625, 2312159.0625 ], [ 593453.4375, 2312160.9375 ], [ 593460.9375, 2312164.6875 ], [ 593464.375, 2312168.75 ], [ 593475.625, 2312191.25 ], [ 593480.3125, 2312197.8125 ], [ 593488.75, 2312204.375 ], [ 593511.25, 2312215.625 ], [ 593515.78125, 2312218.59375 ], [ 593521.40625, 2312224.21875 ], [ 593527.1875, 2312233.4375 ], [ 593531.25, 2312236.875 ], [ 593539.6875, 2312239.6875 ], [ 593553.90625, 2312240.46875 ], [ 593566.09375, 2312243.28125 ], [ 593631.25, 2312275.625 ], [ 593635.78125, 2312278.59375 ], [ 593642.96875, 2312286.40625 ], [ 593657.03125, 2312313.59375 ], [ 593664.21875, 2312321.40625 ], [ 593695.78125, 2312338.59375 ], [ 593701.40625, 2312344.21875 ], [ 593707.1875, 2312353.4375 ], [ 593711.25, 2312356.875 ], [ 593719.6875, 2312359.6875 ], [ 593733.4375, 2312360.9375 ], [ 593740.9375, 2312364.6875 ], [ 593744.375, 2312368.75 ], [ 593757.03125, 2312393.59375 ], [ 593760.3125, 2312397.8125 ], [ 593766.40625, 2312402.96875 ], [ 593833.59375, 2312437.03125 ], [ 593839.6875, 2312442.1875 ], [ 593847.1875, 2312453.4375 ], [ 593851.25, 2312456.875 ], [ 593859.6875, 2312459.6875 ], [ 593873.4375, 2312460.9375 ], [ 593880.9375, 2312464.6875 ], [ 593884.375, 2312468.75 ], [ 593895.625, 2312491.25 ], [ 593901.25, 2312496.875 ], [ 593906.5625, 2312499.0625 ], [ 593920.3125, 2312500.3125 ], [ 593928.75, 2312503.125 ], [ 593932.8125, 2312506.5625 ], [ 593938.59375, 2312515.78125 ], [ 593944.21875, 2312521.40625 ], [ 593948.75, 2312524.375 ], [ 594013.59375, 2312557.03125 ], [ 594019.6875, 2312562.1875 ], [ 594027.1875, 2312573.4375 ], [ 594031.25, 2312576.875 ], [ 594039.6875, 2312579.6875 ], [ 594053.90625, 2312580.46875 ], [ 594066.09375, 2312583.28125 ], [ 594151.25, 2312625.625 ], [ 594155.3125, 2312629.0625 ], [ 594158.125, 2312633.75 ], [ 594159.6875, 2312639.6875 ], [ 594160.0, 2312646.875 ], [ 594161.40625, 2312652.96875 ], [ 594162.8125, 2312655.3125 ], [ 594167.03125, 2312658.59375 ], [ 594173.125, 2312660.0 ], [ 594213.90625, 2312660.46875 ], [ 594220.3125, 2312661.5625 ], [ 594228.75, 2312664.375 ], [ 594251.25, 2312675.625 ], [ 594255.78125, 2312678.59375 ], [ 594261.40625, 2312684.21875 ], [ 594267.1875, 2312693.4375 ], [ 594271.25, 2312696.875 ], [ 594279.6875, 2312699.6875 ], [ 594293.4375, 2312700.9375 ], [ 594300.9375, 2312704.6875 ], [ 594304.375, 2312708.75 ], [ 594315.625, 2312731.25 ], [ 594321.25, 2312736.875 ], [ 594326.5625, 2312739.0625 ], [ 594340.3125, 2312740.3125 ], [ 594346.25, 2312741.875 ], [ 594350.9375, 2312744.6875 ], [ 594357.1875, 2312753.4375 ], [ 594363.75, 2312758.125 ], [ 594373.125, 2312760.0 ], [ 594406.875, 2312760.0 ], [ 594413.4375, 2312760.9375 ], [ 594420.9375, 2312764.6875 ], [ 594427.1875, 2312773.4375 ], [ 594433.75, 2312778.125 ], [ 594439.6875, 2312779.6875 ], [ 594450.3125, 2312780.3125 ], [ 594458.75, 2312783.125 ], [ 594464.375, 2312788.75 ], [ 594475.625, 2312811.25 ], [ 594479.0625, 2312815.3125 ], [ 594483.75, 2312818.125 ], [ 594493.125, 2312820.0 ], [ 594533.90625, 2312819.53125 ], [ 594546.09375, 2312816.71875 ], [ 594551.25, 2312814.375 ], [ 594555.3125, 2312810.9375 ], [ 594558.125, 2312806.25 ], [ 594560.0, 2312796.875 ], [ 594559.53125, 2312786.09375 ], [ 594557.65625, 2312776.71875 ], [ 594554.375, 2312768.75 ], [ 594550.625, 2312763.125 ], [ 594548.125, 2312760.9375 ], [ 594543.125, 2312759.6875 ], [ 594540.625, 2312758.125 ], [ 594535.625, 2312751.25 ] ] } },
{ "type": "Feature", "properties": { }, "geometry": { "type": "LineString", "coordinates": [ [ 594180.0, 2321626.875 ], [ 594180.3125, 2321619.6875 ], [ 594181.875, 2321613.75 ], [ 594184.6875, 2321609.0625 ], [ 594188.75, 2321605.625 ], [ 594193.90625, 2321603.28125 ], [ 594202.8125, 2321600.9375 ], [ 594223.4375, 2321599.0625 ], [ 594230.9375, 2321595.3125 ], [ 594240.3125, 2321582.1875 ], [ 594244.21875, 2321578.59375 ], [ 594253.4375, 2321572.8125 ], [ 594256.875, 2321568.75 ], [ 594259.6875, 2321560.3125 ], [ 594260.46875, 2321549.84375 ], [ 594261.40625, 2321547.03125 ], [ 594264.6875, 2321542.8125 ], [ 594269.84375, 2321540.46875 ], [ 594280.3125, 2321539.6875 ], [ 594288.75, 2321536.875 ], [ 594292.8125, 2321533.4375 ], [ 594297.03125, 2321526.40625 ], [ 594302.1875, 2321520.3125 ], [ 594308.75, 2321515.625 ], [ 594331.25, 2321504.375 ], [ 594335.78125, 2321501.40625 ], [ 594341.40625, 2321495.78125 ], [ 594347.1875, 2321486.5625 ], [ 594351.25, 2321483.125 ], [ 594359.6875, 2321480.3125 ], [ 594373.4375, 2321479.0625 ], [ 594378.75, 2321476.875 ], [ 594382.8125, 2321473.4375 ], [ 594415.625, 2321408.75 ], [ 594418.4375, 2321400.3125 ], [ 594420.0, 2321386.875 ], [ 594420.0, 2321323.125 ], [ 594420.9375, 2321316.5625 ], [ 594423.125, 2321311.25 ], [ 594428.75, 2321305.625 ], [ 594471.25, 2321284.375 ], [ 594475.3125, 2321280.9375 ], [ 594479.0625, 2321273.4375 ], [ 594480.3125, 2321259.6875 ], [ 594483.125, 2321251.25 ], [ 594486.5625, 2321247.1875 ], [ 594493.4375, 2321242.8125 ], [ 594498.125, 2321236.25 ], [ 594499.6875, 2321230.3125 ], [ 594500.3125, 2321219.6875 ], [ 594503.125, 2321211.25 ], [ 594506.5625, 2321207.1875 ], [ 594513.59375, 2321202.96875 ], [ 594519.6875, 2321197.8125 ], [ 594529.0625, 2321184.6875 ], [ 594536.5625, 2321180.9375 ], [ 594553.90625, 2321179.53125 ], [ 594566.09375, 2321176.71875 ], [ 594591.25, 2321164.375 ], [ 594595.3125, 2321160.9375 ], [ 594599.0625, 2321153.4375 ], [ 594600.3125, 2321139.6875 ], [ 594603.125, 2321131.25 ], [ 594606.5625, 2321127.1875 ], [ 594615.78125, 2321121.40625 ], [ 594621.40625, 2321115.78125 ], [ 594624.375, 2321111.25 ], [ 594657.03125, 2321046.40625 ], [ 594662.1875, 2321040.3125 ], [ 594673.4375, 2321032.8125 ], [ 594676.875, 2321028.75 ], [ 594679.0625, 2321023.4375 ], [ 594680.3125, 2321009.6875 ], [ 594681.875, 2321003.75 ], [ 594684.6875, 2320999.0625 ], [ 594693.4375, 2320992.8125 ], [ 594696.875, 2320988.75 ], [ 594699.0625, 2320983.4375 ], [ 594700.3125, 2320969.6875 ], [ 594701.875, 2320963.75 ], [ 594704.6875, 2320959.0625 ], [ 594713.4375, 2320952.8125 ], [ 594718.125, 2320946.25 ], [ 594719.6875, 2320940.3125 ], [ 594720.9375, 2320922.8125 ], [ 594723.28125, 2320913.90625 ], [ 594745.625, 2320868.75 ], [ 594749.0625, 2320864.6875 ], [ 594753.75, 2320861.875 ], [ 594759.6875, 2320860.3125 ], [ 594766.875, 2320860.0 ], [ 594772.96875, 2320858.59375 ], [ 594775.3125, 2320857.1875 ], [ 594778.59375, 2320852.96875 ], [ 594780.0, 2320846.875 ], [ 594780.0, 2320813.125 ], [ 594781.875, 2320803.75 ], [ 594784.6875, 2320799.0625 ], [ 594793.4375, 2320792.8125 ], [ 594796.875, 2320788.75 ], [ 594799.0625, 2320783.4375 ], [ 594800.3125, 2320769.6875 ], [ 594801.875, 2320763.75 ], [ 594804.6875, 2320759.0625 ], [ 594813.4375, 2320752.8125 ], [ 594818.125, 2320746.25 ], [ 594820.0, 2320736.875 ], [ 594820.0, 2320703.125 ], [ 594820.9375, 2320696.5625 ], [ 594824.6875, 2320689.0625 ], [ 594835.3125, 2320680.9375 ], [ 594839.0625, 2320673.4375 ], [ 594840.0, 2320666.875 ], [ 594840.0, 2320633.125 ], [ 594841.875, 2320623.75 ], [ 594844.6875, 2320619.0625 ], [ 594853.4375, 2320612.8125 ], [ 594856.875, 2320608.75 ], [ 594859.6875, 2320600.3125 ], [ 594860.46875, 2320589.84375 ], [ 594862.8125, 2320584.6875 ], [ 594867.03125, 2320581.40625 ], [ 594869.84375, 2320580.46875 ], [ 594883.4375, 2320579.0625 ], [ 594890.9375, 2320575.3125 ], [ 594895.625, 2320568.75 ], [ 594899.0625, 2320557.1875 ], [ 594900.0, 2320546.875 ], [ 594900.0, 2320333.125 ], [ 594899.0625, 2320326.5625 ], [ 594896.875, 2320321.25 ], [ 594893.4375, 2320317.1875 ], [ 594884.6875, 2320310.9375 ], [ 594881.875, 2320306.25 ], [ 594880.3125, 2320300.3125 ], [ 594880.0, 2320233.125 ], [ 594879.0625, 2320226.5625 ], [ 594875.3125, 2320219.0625 ], [ 594866.5625, 2320212.8125 ], [ 594863.125, 2320208.75 ], [ 594860.9375, 2320203.4375 ], [ 594859.6875, 2320189.6875 ], [ 594858.125, 2320183.75 ], [ 594855.3125, 2320179.0625 ], [ 594846.5625, 2320172.8125 ], [ 594843.125, 2320168.75 ], [ 594840.9375, 2320163.4375 ], [ 594839.6875, 2320149.6875 ], [ 594838.125, 2320143.75 ], [ 594835.3125, 2320139.0625 ], [ 594826.5625, 2320132.8125 ], [ 594823.125, 2320128.75 ], [ 594820.3125, 2320120.3125 ], [ 594819.0625, 2320106.5625 ], [ 594815.3125, 2320099.0625 ], [ 594811.25, 2320095.625 ], [ 594788.75, 2320084.375 ], [ 594782.1875, 2320079.6875 ], [ 594777.03125, 2320073.59375 ], [ 594764.375, 2320048.75 ], [ 594760.9375, 2320044.6875 ], [ 594753.4375, 2320040.9375 ], [ 594739.6875, 2320039.6875 ], [ 594731.25, 2320036.875 ], [ 594727.1875, 2320033.4375 ], [ 594719.6875, 2320022.1875 ], [ 594713.59375, 2320017.03125 ], [ 594666.5625, 2319992.8125 ], [ 594661.875, 2319986.25 ], [ 594660.3125, 2319980.3125 ], [ 594659.53125, 2319969.84375 ], [ 594657.1875, 2319964.6875 ], [ 594652.96875, 2319961.40625 ], [ 594650.15625, 2319960.46875 ], [ 594636.5625, 2319959.0625 ], [ 594629.0625, 2319955.3125 ], [ 594625.625, 2319951.25 ], [ 594604.375, 2319908.75 ], [ 594599.6875, 2319902.1875 ], [ 594591.25, 2319895.625 ], [ 594566.40625, 2319882.96875 ], [ 594562.1875, 2319879.6875 ], [ 594557.03125, 2319873.59375 ], [ 594544.375, 2319848.75 ], [ 594541.5625, 2319840.3125 ], [ 594540.15625, 2319830.46875 ], [ 594540.0, 2319793.125 ], [ 594539.0625, 2319786.5625 ], [ 594535.3125, 2319779.0625 ], [ 594524.6875, 2319770.9375 ], [ 594520.9375, 2319763.4375 ], [ 594520.0, 2319756.875 ], [ 594520.0, 2319693.125 ], [ 594518.59375, 2319687.03125 ], [ 594515.3125, 2319682.8125 ], [ 594510.15625, 2319680.46875 ], [ 594469.53125, 2319679.84375 ], [ 594456.71875, 2319677.65625 ], [ 594451.25, 2319675.625 ], [ 594446.5625, 2319672.8125 ], [ 594441.875, 2319666.25 ], [ 594440.3125, 2319660.3125 ], [ 594439.84375, 2319649.53125 ], [ 594438.4375, 2319639.6875 ], [ 594435.625, 2319631.25 ], [ 594424.375, 2319608.75 ], [ 594422.34375, 2319603.28125 ], [ 594420.46875, 2319593.90625 ], [ 594419.6875, 2319579.6875 ], [ 594418.125, 2319573.75 ], [ 594413.4375, 2319567.1875 ], [ 594404.6875, 2319560.9375 ], [ 594400.9375, 2319553.4375 ], [ 594400.0, 2319546.875 ], [ 594399.84375, 2319509.53125 ], [ 594398.4375, 2319499.6875 ], [ 594395.625, 2319491.25 ], [ 594384.375, 2319468.75 ], [ 594380.9375, 2319457.1875 ], [ 594380.0, 2319446.875 ], [ 594379.84375, 2319409.53125 ], [ 594377.65625, 2319396.71875 ], [ 594375.625, 2319391.25 ], [ 594362.96875, 2319366.40625 ], [ 594355.78125, 2319358.59375 ], [ 594346.5625, 2319352.8125 ], [ 594341.875, 2319346.25 ], [ 594340.3125, 2319340.3125 ], [ 594339.0625, 2319322.8125 ], [ 594336.71875, 2319313.90625 ], [ 594303.28125, 2319246.09375 ], [ 594301.5625, 2319240.3125 ], [ 594300.15625, 2319230.46875 ], [ 594300.0, 2319193.125 ], [ 594299.0625, 2319182.8125 ], [ 594295.625, 2319171.25 ], [ 594284.375, 2319148.75 ], [ 594281.40625, 2319144.21875 ], [ 594275.78125, 2319138.59375 ], [ 594246.40625, 2319122.96875 ], [ 594242.1875, 2319119.6875 ], [ 594237.03125, 2319113.59375 ], [ 594203.28125, 2319046.09375 ], [ 594200.46875, 2319033.90625 ], [ 594199.6875, 2319019.6875 ], [ 594196.875, 2319011.25 ], [ 594193.4375, 2319007.1875 ], [ 594184.21875, 2319001.40625 ], [ 594178.59375, 2318995.78125 ], [ 594175.625, 2318991.25 ], [ 594142.96875, 2318926.40625 ], [ 594137.8125, 2318920.3125 ], [ 594126.5625, 2318912.8125 ], [ 594123.125, 2318908.75 ], [ 594120.9375, 2318903.4375 ], [ 594119.6875, 2318889.6875 ], [ 594118.125, 2318883.75 ], [ 594115.3125, 2318879.0625 ], [ 594106.5625, 2318872.8125 ], [ 594103.125, 2318868.75 ], [ 594100.9375, 2318863.4375 ], [ 594099.6875, 2318849.6875 ], [ 594096.875, 2318841.25 ], [ 594091.25, 2318835.625 ], [ 594068.75, 2318824.375 ], [ 594063.125, 2318818.75 ], [ 594060.9375, 2318813.4375 ], [ 594059.6875, 2318799.6875 ], [ 594058.125, 2318793.75 ], [ 594053.4375, 2318787.1875 ], [ 594044.6875, 2318780.9375 ], [ 594040.9375, 2318773.4375 ], [ 594040.0, 2318766.875 ], [ 594039.6875, 2318729.6875 ], [ 594038.125, 2318723.75 ], [ 594035.3125, 2318719.0625 ], [ 594031.25, 2318715.625 ], [ 594006.40625, 2318702.96875 ], [ 594000.3125, 2318697.8125 ], [ 593995.625, 2318691.25 ], [ 593984.375, 2318668.75 ], [ 593977.8125, 2318660.3125 ], [ 593971.25, 2318655.625 ], [ 593948.75, 2318644.375 ], [ 593940.3125, 2318637.8125 ], [ 593935.625, 2318631.25 ], [ 593924.375, 2318608.75 ], [ 593921.40625, 2318604.21875 ], [ 593915.78125, 2318598.59375 ], [ 593906.5625, 2318592.8125 ], [ 593903.125, 2318588.75 ], [ 593900.3125, 2318580.3125 ], [ 593899.0625, 2318566.5625 ], [ 593895.3125, 2318559.0625 ], [ 593891.25, 2318555.625 ], [ 593868.75, 2318544.375 ], [ 593862.1875, 2318539.6875 ], [ 593857.03125, 2318533.59375 ], [ 593844.375, 2318508.75 ], [ 593840.9375, 2318504.6875 ], [ 593833.4375, 2318500.9375 ], [ 593819.6875, 2318499.6875 ], [ 593813.75, 2318498.125 ], [ 593809.0625, 2318495.3125 ], [ 593805.625, 2318491.25 ], [ 593802.34375, 2318483.28125 ], [ 593800.46875, 2318473.90625 ], [ 593800.0, 2318433.125 ], [ 593798.125, 2318423.75 ], [ 593795.3125, 2318419.0625 ], [ 593791.25, 2318415.625 ], [ 593768.75, 2318404.375 ], [ 593764.6875, 2318400.9375 ], [ 593760.9375, 2318393.4375 ], [ 593759.6875, 2318379.6875 ], [ 593756.875, 2318371.25 ], [ 593753.4375, 2318367.1875 ], [ 593746.5625, 2318362.8125 ], [ 593741.875, 2318356.25 ], [ 593740.0, 2318346.875 ], [ 593740.0, 2318313.125 ], [ 593739.0625, 2318306.5625 ], [ 593735.3125, 2318299.0625 ], [ 593726.5625, 2318292.8125 ], [ 593721.875, 2318286.25 ], [ 593720.3125, 2318280.3125 ], [ 593719.0625, 2318262.8125 ], [ 593717.65625, 2318256.71875 ], [ 593714.375, 2318248.75 ], [ 593710.9375, 2318244.6875 ], [ 593706.25, 2318241.875 ], [ 593700.3125, 2318240.3125 ], [ 593689.84375, 2318239.53125 ], [ 593687.03125, 2318238.59375 ], [ 593682.8125, 2318235.3125 ], [ 593680.46875, 2318230.15625 ], [ 593679.6875, 2318219.6875 ], [ 593676.875, 2318211.25 ], [ 593673.4375, 2318207.1875 ], [ 593666.40625, 2318202.96875 ], [ 593660.3125, 2318197.8125 ], [ 593655.625, 2318191.25 ], [ 593644.375, 2318168.75 ], [ 593641.40625, 2318164.21875 ], [ 593635.78125, 2318158.59375 ], [ 593626.5625, 2318152.8125 ], [ 593623.125, 2318148.75 ], [ 593620.9375, 2318143.4375 ], [ 593619.6875, 2318129.6875 ], [ 593618.125, 2318123.75 ], [ 593615.3125, 2318119.0625 ], [ 593606.5625, 2318112.8125 ], [ 593603.125, 2318108.75 ], [ 593600.9375, 2318103.4375 ], [ 593599.6875, 2318089.6875 ], [ 593596.875, 2318081.25 ], [ 593591.25, 2318075.625 ], [ 593568.75, 2318064.375 ], [ 593563.125, 2318058.75 ], [ 593560.3125, 2318050.3125 ], [ 593560.0, 2318013.125 ], [ 593558.125, 2318003.75 ], [ 593555.3125, 2317999.0625 ], [ 593546.5625, 2317992.8125 ], [ 593543.125, 2317988.75 ], [ 593540.9375, 2317983.4375 ], [ 593539.6875, 2317969.6875 ], [ 593538.125, 2317963.75 ], [ 593535.3125, 2317959.0625 ], [ 593526.5625, 2317952.8125 ], [ 593523.125, 2317948.75 ], [ 593520.9375, 2317943.4375 ], [ 593519.6875, 2317929.6875 ], [ 593516.875, 2317921.25 ], [ 593511.25, 2317915.625 ], [ 593488.75, 2317904.375 ], [ 593484.6875, 2317900.9375 ], [ 593480.9375, 2317893.4375 ], [ 593479.6875, 2317879.6875 ], [ 593476.875, 2317871.25 ], [ 593473.4375, 2317867.1875 ], [ 593464.21875, 2317861.40625 ], [ 593458.59375, 2317855.78125 ], [ 593455.625, 2317851.25 ], [ 593444.375, 2317828.75 ], [ 593439.6875, 2317822.1875 ], [ 593433.59375, 2317817.03125 ], [ 593408.75, 2317804.375 ], [ 593404.6875, 2317800.9375 ], [ 593400.9375, 2317793.4375 ], [ 593399.6875, 2317779.6875 ], [ 593396.875, 2317771.25 ], [ 593393.4375, 2317767.1875 ], [ 593386.40625, 2317762.96875 ], [ 593380.3125, 2317757.8125 ], [ 593375.625, 2317751.25 ], [ 593364.375, 2317728.75 ], [ 593361.40625, 2317724.21875 ], [ 593355.78125, 2317718.59375 ], [ 593346.5625, 2317712.8125 ], [ 593343.125, 2317708.75 ], [ 593340.3125, 2317700.3125 ], [ 593339.53125, 2317689.84375 ], [ 593337.1875, 2317684.6875 ], [ 593335.3125, 2317682.8125 ], [ 593330.15625, 2317680.46875 ], [ 593319.6875, 2317679.6875 ], [ 593313.75, 2317678.125 ], [ 593309.0625, 2317675.3125 ], [ 593305.625, 2317671.25 ], [ 593302.34375, 2317663.28125 ], [ 593300.46875, 2317653.90625 ], [ 593300.0, 2317613.125 ], [ 593298.4375, 2317599.6875 ], [ 593295.625, 2317591.25 ], [ 593282.96875, 2317566.40625 ], [ 593279.6875, 2317562.1875 ], [ 593273.59375, 2317557.03125 ], [ 593248.75, 2317544.375 ], [ 593244.6875, 2317540.9375 ], [ 593240.9375, 2317533.4375 ], [ 593239.6875, 2317519.6875 ], [ 593236.875, 2317511.25 ], [ 593233.4375, 2317507.1875 ], [ 593224.21875, 2317501.40625 ], [ 593218.59375, 2317495.78125 ], [ 593215.625, 2317491.25 ], [ 593204.375, 2317468.75 ], [ 593199.6875, 2317462.1875 ], [ 593191.25, 2317455.625 ], [ 593166.40625, 2317442.96875 ], [ 593158.59375, 2317435.78125 ], [ 593155.625, 2317431.25 ], [ 593124.375, 2317368.75 ], [ 593117.8125, 2317360.3125 ], [ 593111.25, 2317355.625 ], [ 593086.09375, 2317343.28125 ], [ 593077.1875, 2317340.9375 ], [ 593056.5625, 2317339.0625 ], [ 593051.25, 2317336.875 ], [ 593047.1875, 2317333.4375 ], [ 593043.28125, 2317326.09375 ], [ 593040.9375, 2317317.1875 ], [ 593040.0, 2317306.875 ], [ 593040.0, 2317273.125 ], [ 593038.59375, 2317267.03125 ], [ 593035.3125, 2317262.8125 ], [ 593032.96875, 2317261.40625 ], [ 593026.875, 2317260.0 ], [ 592989.53125, 2317259.84375 ], [ 592976.71875, 2317257.65625 ], [ 592971.25, 2317255.625 ], [ 592908.75, 2317224.375 ], [ 592904.6875, 2317220.9375 ], [ 592900.9375, 2317213.4375 ], [ 592899.6875, 2317199.6875 ], [ 592896.875, 2317191.25 ], [ 592893.4375, 2317187.1875 ], [ 592882.1875, 2317179.6875 ], [ 592877.03125, 2317173.59375 ], [ 592842.96875, 2317106.40625 ], [ 592839.6875, 2317102.1875 ], [ 592833.59375, 2317097.03125 ], [ 592808.75, 2317084.375 ], [ 592803.125, 2317078.75 ], [ 592800.9375, 2317073.4375 ], [ 592800.0, 2317066.875 ], [ 592799.6875, 2317029.6875 ], [ 592798.125, 2317023.75 ], [ 592795.3125, 2317019.0625 ], [ 592791.25, 2317015.625 ], [ 592768.75, 2317004.375 ], [ 592764.21875, 2317001.40625 ], [ 592758.59375, 2316995.78125 ], [ 592752.8125, 2316986.5625 ], [ 592748.75, 2316983.125 ], [ 592743.4375, 2316980.9375 ], [ 592733.125, 2316980.0 ], [ 592727.03125, 2316978.59375 ], [ 592724.6875, 2316977.1875 ], [ 592721.40625, 2316972.96875 ], [ 592720.46875, 2316970.15625 ], [ 592719.0625, 2316956.5625 ], [ 592716.875, 2316951.25 ], [ 592713.4375, 2316947.1875 ], [ 592704.6875, 2316940.9375 ], [ 592700.9375, 2316933.4375 ], [ 592700.0, 2316926.875 ], [ 592699.84375, 2316889.53125 ], [ 592699.0625, 2316882.8125 ], [ 592696.71875, 2316873.90625 ], [ 592684.375, 2316848.75 ], [ 592681.40625, 2316844.21875 ], [ 592675.78125, 2316838.59375 ], [ 592666.5625, 2316832.8125 ], [ 592663.125, 2316828.75 ], [ 592660.3125, 2316820.3125 ], [ 592659.53125, 2316809.84375 ], [ 592657.1875, 2316804.6875 ], [ 592655.3125, 2316802.8125 ], [ 592650.15625, 2316800.46875 ], [ 592639.6875, 2316799.6875 ], [ 592633.75, 2316798.125 ], [ 592629.0625, 2316795.3125 ], [ 592622.8125, 2316786.5625 ], [ 592618.75, 2316783.125 ], [ 592613.4375, 2316780.9375 ], [ 592599.6875, 2316779.6875 ], [ 592593.75, 2316778.125 ], [ 592589.0625, 2316775.3125 ], [ 592585.625, 2316771.25 ], [ 592581.5625, 2316760.3125 ], [ 592580.46875, 2316753.90625 ], [ 592579.6875, 2316739.6875 ], [ 592578.125, 2316733.75 ], [ 592573.4375, 2316727.1875 ], [ 592564.6875, 2316720.9375 ], [ 592560.9375, 2316713.4375 ], [ 592560.0, 2316706.875 ], [ 592560.0, 2316673.125 ], [ 592558.125, 2316663.75 ], [ 592555.3125, 2316659.0625 ], [ 592551.25, 2316655.625 ], [ 592528.75, 2316644.375 ], [ 592524.21875, 2316641.40625 ], [ 592520.3125, 2316637.8125 ], [ 592515.625, 2316631.25 ], [ 592504.375, 2316608.75 ], [ 592501.5625, 2316600.3125 ], [ 592500.0, 2316586.875 ], [ 592499.84375, 2316549.53125 ], [ 592498.4375, 2316539.6875 ], [ 592495.625, 2316531.25 ], [ 592424.375, 2316388.75 ], [ 592417.8125, 2316380.3125 ], [ 592406.5625, 2316372.8125 ], [ 592403.125, 2316368.75 ], [ 592400.9375, 2316363.4375 ], [ 592399.6875, 2316349.6875 ], [ 592398.125, 2316343.75 ], [ 592395.3125, 2316339.0625 ], [ 592386.5625, 2316332.8125 ], [ 592383.125, 2316328.75 ], [ 592380.9375, 2316323.4375 ], [ 592379.6875, 2316309.6875 ], [ 592378.125, 2316303.75 ], [ 592375.3125, 2316299.0625 ], [ 592366.5625, 2316292.8125 ], [ 592363.125, 2316288.75 ], [ 592360.9375, 2316283.4375 ], [ 592359.6875, 2316269.6875 ], [ 592358.125, 2316263.75 ], [ 592355.3125, 2316259.0625 ], [ 592346.5625, 2316252.8125 ], [ 592343.125, 2316248.75 ], [ 592340.9375, 2316243.4375 ], [ 592339.6875, 2316229.6875 ], [ 592338.125, 2316223.75 ], [ 592335.3125, 2316219.0625 ], [ 592326.5625, 2316212.8125 ], [ 592323.125, 2316208.75 ], [ 592320.9375, 2316203.4375 ], [ 592319.6875, 2316189.6875 ], [ 592316.875, 2316181.25 ], [ 592313.4375, 2316177.1875 ], [ 592306.5625, 2316172.8125 ], [ 592301.875, 2316166.25 ], [ 592300.3125, 2316160.3125 ], [ 592299.84375, 2316149.53125 ], [ 592298.4375, 2316139.6875 ], [ 592295.625, 2316131.25 ], [ 592284.375, 2316108.75 ], [ 592282.34375, 2316103.28125 ], [ 592280.46875, 2316093.90625 ], [ 592279.6875, 2316079.6875 ], [ 592278.125, 2316073.75 ], [ 592273.4375, 2316067.1875 ], [ 592264.6875, 2316060.9375 ], [ 592260.9375, 2316053.4375 ], [ 592260.0, 2316046.875 ], [ 592260.0, 2316013.125 ], [ 592259.0625, 2316002.8125 ], [ 592255.625, 2315991.25 ], [ 592244.375, 2315968.75 ], [ 592242.34375, 2315963.28125 ], [ 592240.46875, 2315953.90625 ], [ 592239.6875, 2315939.6875 ], [ 592238.125, 2315933.75 ], [ 592235.3125, 2315929.0625 ], [ 592222.1875, 2315919.6875 ], [ 592215.625, 2315911.25 ], [ 592204.375, 2315888.75 ], [ 592202.34375, 2315883.28125 ], [ 592200.46875, 2315873.90625 ], [ 592199.6875, 2315859.6875 ], [ 592198.125, 2315853.75 ], [ 592193.4375, 2315847.1875 ], [ 592184.6875, 2315840.9375 ], [ 592180.9375, 2315833.4375 ], [ 592180.0, 2315826.875 ], [ 592180.0, 2315793.125 ], [ 592179.0625, 2315786.5625 ], [ 592175.3125, 2315779.0625 ], [ 592166.5625, 2315772.8125 ], [ 592161.875, 2315766.25 ], [ 592160.0, 2315756.875 ], [ 592160.0, 2315723.125 ], [ 592159.0625, 2315716.5625 ], [ 592155.3125, 2315709.0625 ], [ 592144.6875, 2315700.9375 ], [ 592140.9375, 2315693.4375 ], [ 592140.0, 2315686.875 ], [ 592140.0, 2315653.125 ], [ 592139.0625, 2315642.8125 ], [ 592136.71875, 2315633.90625 ], [ 592124.375, 2315608.75 ], [ 592121.5625, 2315600.3125 ], [ 592120.15625, 2315590.46875 ], [ 592120.0, 2315553.125 ], [ 592119.0625, 2315546.5625 ], [ 592115.3125, 2315539.0625 ], [ 592104.6875, 2315530.9375 ], [ 592100.9375, 2315523.4375 ], [ 592100.0, 2315516.875 ], [ 592100.0, 2315453.125 ], [ 592099.0625, 2315442.8125 ], [ 592095.625, 2315431.25 ], [ 592083.28125, 2315406.09375 ], [ 592080.46875, 2315393.90625 ], [ 592080.0, 2315053.125 ], [ 592080.9375, 2315046.5625 ], [ 592083.125, 2315041.25 ], [ 592086.5625, 2315037.1875 ], [ 592095.3125, 2315030.9375 ], [ 592098.125, 2315026.25 ], [ 592099.6875, 2315020.3125 ], [ 592100.3125, 2314919.6875 ], [ 592103.125, 2314911.25 ], [ 592106.5625, 2314907.1875 ], [ 592115.3125, 2314900.9375 ], [ 592118.125, 2314896.25 ], [ 592119.6875, 2314890.3125 ], [ 592120.0, 2314793.125 ], [ 592121.875, 2314783.75 ], [ 592124.6875, 2314779.0625 ], [ 592133.4375, 2314772.8125 ], [ 592138.125, 2314766.25 ], [ 592139.6875, 2314760.3125 ], [ 592140.9375, 2314742.8125 ], [ 592143.28125, 2314733.90625 ], [ 592167.1875, 2314686.5625 ], [ 592171.25, 2314683.125 ], [ 592176.5625, 2314680.9375 ], [ 592193.90625, 2314679.53125 ], [ 592206.09375, 2314676.71875 ], [ 592231.25, 2314664.375 ], [ 592242.8125, 2314660.9375 ], [ 592253.125, 2314660.0 ], [ 592440.3125, 2314660.3125 ], [ 592448.75, 2314663.125 ], [ 592452.8125, 2314666.5625 ], [ 592459.0625, 2314675.3125 ], [ 592466.5625, 2314679.0625 ], [ 592473.125, 2314680.0 ], [ 592510.46875, 2314680.15625 ], [ 592520.3125, 2314681.5625 ], [ 592528.75, 2314684.375 ], [ 592553.90625, 2314696.71875 ], [ 592566.09375, 2314699.53125 ], [ 592640.3125, 2314700.3125 ], [ 592648.75, 2314703.125 ], [ 592652.8125, 2314706.5625 ], [ 592659.0625, 2314715.3125 ], [ 592666.5625, 2314719.0625 ], [ 592673.125, 2314720.0 ], [ 592710.46875, 2314720.15625 ], [ 592723.28125, 2314722.34375 ], [ 592756.71875, 2314737.65625 ], [ 592766.09375, 2314739.53125 ], [ 592780.3125, 2314740.3125 ], [ 592786.25, 2314741.875 ], [ 592792.8125, 2314746.5625 ], [ 592799.0625, 2314755.3125 ], [ 592806.5625, 2314759.0625 ], [ 592813.125, 2314760.0 ], [ 592880.3125, 2314760.3125 ], [ 592888.75, 2314763.125 ], [ 592892.8125, 2314766.5625 ], [ 592899.0625, 2314775.3125 ], [ 592906.5625, 2314779.0625 ], [ 592913.125, 2314780.0 ], [ 592980.3125, 2314780.3125 ], [ 592988.75, 2314783.125 ], [ 592992.8125, 2314786.5625 ], [ 592999.0625, 2314795.3125 ], [ 593003.75, 2314798.125 ], [ 593009.6875, 2314799.6875 ], [ 593140.3125, 2314800.3125 ], [ 593148.75, 2314803.125 ], [ 593152.8125, 2314806.5625 ], [ 593159.0625, 2314815.3125 ], [ 593163.75, 2314818.125 ], [ 593169.6875, 2314819.6875 ], [ 593836.875, 2314820.0 ], [ 593843.4375, 2314819.0625 ], [ 593848.75, 2314816.875 ], [ 593852.8125, 2314813.4375 ], [ 593859.0625, 2314804.6875 ], [ 593863.75, 2314801.875 ], [ 593869.6875, 2314800.3125 ], [ 593966.875, 2314800.0 ], [ 593973.4375, 2314799.0625 ], [ 593980.9375, 2314795.3125 ], [ 593989.0625, 2314784.6875 ], [ 593996.5625, 2314780.9375 ], [ 594003.125, 2314780.0 ], [ 594036.875, 2314780.0 ], [ 594043.4375, 2314779.0625 ], [ 594050.9375, 2314775.3125 ], [ 594059.0625, 2314764.6875 ], [ 594063.75, 2314761.875 ], [ 594069.6875, 2314760.3125 ], [ 594110.46875, 2314759.84375 ], [ 594123.28125, 2314757.65625 ], [ 594156.71875, 2314742.34375 ], [ 594166.09375, 2314740.46875 ], [ 594180.3125, 2314739.6875 ], [ 594186.25, 2314738.125 ], [ 594192.8125, 2314733.4375 ], [ 594199.0625, 2314724.6875 ], [ 594206.5625, 2314720.9375 ], [ 594213.125, 2314720.0 ], [ 594246.875, 2314720.0 ], [ 594256.25, 2314718.125 ], [ 594262.8125, 2314713.4375 ], [ 594269.0625, 2314704.6875 ], [ 594276.5625, 2314700.9375 ], [ 594283.125, 2314700.0 ], [ 594346.875, 2314700.0 ], [ 594353.90625, 2314699.53125 ], [ 594363.28125, 2314697.65625 ], [ 594368.75, 2314695.625 ], [ 594393.59375, 2314682.96875 ], [ 594401.40625, 2314675.78125 ], [ 594407.1875, 2314666.5625 ], [ 594413.75, 2314661.875 ], [ 594419.6875, 2314660.3125 ], [ 594437.1875, 2314659.0625 ], [ 594448.75, 2314655.625 ], [ 594553.90625, 2314603.28125 ], [ 594559.6875, 2314601.5625 ], [ 594569.53125, 2314600.15625 ], [ 594610.3125, 2314599.6875 ], [ 594616.25, 2314598.125 ], [ 594620.9375, 2314595.3125 ], [ 594624.375, 2314591.25 ], [ 594635.625, 2314568.75 ], [ 594639.0625, 2314564.6875 ], [ 594646.5625, 2314560.9375 ], [ 594663.4375, 2314559.0625 ], [ 594668.75, 2314556.875 ], [ 594672.8125, 2314553.4375 ], [ 594676.71875, 2314546.09375 ], [ 594679.0625, 2314537.1875 ], [ 594680.0, 2314526.875 ], [ 594679.0625, 2314516.5625 ], [ 594675.3125, 2314509.0625 ], [ 594671.25, 2314505.625 ], [ 594664.21875, 2314501.40625 ], [ 594658.59375, 2314495.78125 ], [ 594655.625, 2314491.25 ], [ 594644.375, 2314468.75 ], [ 594639.6875, 2314462.1875 ], [ 594633.59375, 2314457.03125 ], [ 594608.75, 2314444.375 ], [ 594604.6875, 2314440.9375 ], [ 594600.9375, 2314433.4375 ], [ 594599.6875, 2314419.6875 ], [ 594596.875, 2314411.25 ], [ 594593.4375, 2314407.1875 ], [ 594584.21875, 2314401.40625 ], [ 594578.59375, 2314395.78125 ], [ 594575.625, 2314391.25 ], [ 594564.375, 2314368.75 ], [ 594559.6875, 2314362.1875 ], [ 594551.25, 2314355.625 ], [ 594526.40625, 2314342.96875 ], [ 594522.1875, 2314339.6875 ], [ 594517.03125, 2314333.59375 ], [ 594504.375, 2314308.75 ], [ 594500.9375, 2314297.1875 ], [ 594500.0, 2314286.875 ], [ 594500.0, 2314253.125 ], [ 594500.46875, 2314246.09375 ], [ 594502.34375, 2314236.71875 ], [ 594505.625, 2314228.75 ], [ 594511.25, 2314223.125 ], [ 594519.6875, 2314220.3125 ], [ 594533.4375, 2314219.0625 ], [ 594540.9375, 2314215.3125 ], [ 594544.375, 2314211.25 ], [ 594557.03125, 2314186.40625 ], [ 594564.21875, 2314178.59375 ], [ 594568.75, 2314175.625 ], [ 594631.25, 2314144.375 ], [ 594637.8125, 2314139.6875 ], [ 594642.96875, 2314133.59375 ], [ 594655.625, 2314108.75 ], [ 594660.3125, 2314102.1875 ], [ 594666.40625, 2314097.03125 ], [ 594691.25, 2314084.375 ], [ 594697.8125, 2314079.6875 ], [ 594702.96875, 2314073.59375 ], [ 594715.625, 2314048.75 ], [ 594720.3125, 2314042.1875 ], [ 594728.75, 2314035.625 ], [ 594753.59375, 2314022.96875 ], [ 594761.40625, 2314015.78125 ], [ 594778.59375, 2313984.21875 ], [ 594784.21875, 2313978.59375 ], [ 594793.4375, 2313972.8125 ], [ 594796.875, 2313968.75 ], [ 594799.6875, 2313960.3125 ], [ 594800.9375, 2313946.5625 ], [ 594804.6875, 2313939.0625 ], [ 594808.75, 2313935.625 ], [ 594831.25, 2313924.375 ], [ 594836.875, 2313918.75 ], [ 594839.0625, 2313913.4375 ], [ 594840.3125, 2313899.6875 ], [ 594843.125, 2313891.25 ], [ 594846.5625, 2313887.1875 ], [ 594857.8125, 2313879.6875 ], [ 594864.375, 2313871.25 ], [ 594916.71875, 2313766.09375 ], [ 594918.4375, 2313760.3125 ], [ 594919.84375, 2313750.46875 ], [ 594920.0, 2313713.125 ], [ 594920.9375, 2313702.8125 ], [ 594923.28125, 2313693.90625 ], [ 594935.625, 2313668.75 ], [ 594938.4375, 2313660.3125 ], [ 594939.84375, 2313650.46875 ], [ 594940.0, 2313613.125 ], [ 594940.9375, 2313602.8125 ], [ 594944.375, 2313591.25 ], [ 594956.71875, 2313566.09375 ], [ 594958.4375, 2313560.3125 ], [ 594959.84375, 2313550.46875 ], [ 594959.6875, 2313479.6875 ], [ 594956.875, 2313471.25 ], [ 594953.4375, 2313467.1875 ], [ 594944.6875, 2313460.9375 ], [ 594941.875, 2313456.25 ], [ 594940.3125, 2313450.3125 ], [ 594940.0, 2313353.125 ], [ 594939.0625, 2313342.8125 ], [ 594935.625, 2313331.25 ], [ 594924.375, 2313308.75 ], [ 594922.34375, 2313303.28125 ], [ 594920.46875, 2313293.90625 ], [ 594919.6875, 2313279.6875 ], [ 594918.125, 2313273.75 ], [ 594915.3125, 2313269.0625 ], [ 594906.5625, 2313262.8125 ], [ 594903.125, 2313258.75 ], [ 594900.9375, 2313253.4375 ], [ 594899.6875, 2313239.6875 ], [ 594898.125, 2313233.75 ], [ 594895.3125, 2313229.0625 ], [ 594886.5625, 2313222.8125 ], [ 594883.125, 2313218.75 ], [ 594880.9375, 2313213.4375 ], [ 594879.6875, 2313199.6875 ], [ 594878.125, 2313193.75 ], [ 594875.3125, 2313189.0625 ], [ 594866.5625, 2313182.8125 ], [ 594863.125, 2313178.75 ], [ 594860.9375, 2313173.4375 ], [ 594859.6875, 2313159.6875 ], [ 594858.125, 2313153.75 ], [ 594855.3125, 2313149.0625 ], [ 594846.5625, 2313142.8125 ], [ 594843.125, 2313138.75 ], [ 594840.9375, 2313133.4375 ], [ 594839.6875, 2313119.6875 ], [ 594836.875, 2313111.25 ], [ 594833.4375, 2313107.1875 ], [ 594826.40625, 2313102.96875 ], [ 594820.3125, 2313097.8125 ], [ 594815.625, 2313091.25 ], [ 594804.375, 2313068.75 ], [ 594801.40625, 2313064.21875 ], [ 594795.78125, 2313058.59375 ], [ 594786.5625, 2313052.8125 ], [ 594783.125, 2313048.75 ], [ 594780.9375, 2313043.4375 ], [ 594779.6875, 2313029.6875 ], [ 594776.875, 2313021.25 ], [ 594771.25, 2313015.625 ], [ 594748.75, 2313004.375 ], [ 594740.3125, 2313001.5625 ], [ 594730.46875, 2313000.15625 ], [ 594719.6875, 2313000.3125 ], [ 594711.25, 2313003.125 ], [ 594707.1875, 2313006.5625 ], [ 594703.28125, 2313013.90625 ], [ 594701.5625, 2313019.6875 ], [ 594700.15625, 2313029.53125 ], [ 594700.0, 2313066.875 ], [ 594698.4375, 2313080.3125 ], [ 594695.625, 2313088.75 ], [ 594684.375, 2313111.25 ], [ 594680.9375, 2313122.8125 ], [ 594680.0, 2313133.125 ], [ 594680.0, 2313166.875 ], [ 594679.0625, 2313173.4375 ], [ 594675.3125, 2313180.9375 ], [ 594666.5625, 2313187.1875 ], [ 594663.125, 2313191.25 ], [ 594660.9375, 2313196.5625 ], [ 594659.6875, 2313210.3125 ], [ 594658.125, 2313216.25 ], [ 594653.4375, 2313222.8125 ], [ 594644.6875, 2313229.0625 ], [ 594640.9375, 2313236.5625 ], [ 594640.0, 2313243.125 ], [ 594639.53125, 2313373.90625 ], [ 594636.71875, 2313386.09375 ], [ 594622.34375, 2313416.71875 ], [ 594620.46875, 2313426.09375 ], [ 594619.6875, 2313440.3125 ], [ 594618.125, 2313446.25 ], [ 594615.3125, 2313450.9375 ], [ 594606.5625, 2313457.1875 ], [ 594603.125, 2313461.25 ], [ 594600.3125, 2313469.6875 ], [ 594599.0625, 2313483.4375 ], [ 594595.3125, 2313490.9375 ], [ 594591.25, 2313494.375 ], [ 594548.75, 2313515.625 ], [ 594543.125, 2313521.25 ], [ 594540.9375, 2313526.5625 ], [ 594539.6875, 2313540.3125 ], [ 594538.125, 2313546.25 ], [ 594533.4375, 2313552.8125 ], [ 594524.6875, 2313559.0625 ], [ 594520.9375, 2313566.5625 ], [ 594520.0, 2313573.125 ], [ 594520.0, 2313606.875 ], [ 594519.0625, 2313617.1875 ], [ 594515.625, 2313628.75 ], [ 594504.375, 2313651.25 ], [ 594502.34375, 2313656.71875 ], [ 594500.46875, 2313666.09375 ], [ 594499.6875, 2313680.3125 ], [ 594496.875, 2313688.75 ], [ 594493.4375, 2313692.8125 ], [ 594484.21875, 2313698.59375 ], [ 594478.59375, 2313704.21875 ], [ 594475.625, 2313708.75 ], [ 594464.375, 2313731.25 ], [ 594457.8125, 2313739.6875 ], [ 594451.25, 2313744.375 ], [ 594428.75, 2313755.625 ], [ 594420.3125, 2313762.1875 ], [ 594415.625, 2313768.75 ], [ 594404.375, 2313791.25 ], [ 594397.8125, 2313799.6875 ], [ 594391.25, 2313804.375 ], [ 594368.75, 2313815.625 ], [ 594360.3125, 2313822.1875 ], [ 594355.625, 2313828.75 ], [ 594344.375, 2313851.25 ], [ 594340.9375, 2313855.3125 ], [ 594333.4375, 2313859.0625 ], [ 594319.6875, 2313860.3125 ], [ 594311.25, 2313863.125 ], [ 594307.1875, 2313866.5625 ], [ 594301.40625, 2313875.78125 ], [ 594295.78125, 2313881.40625 ], [ 594264.21875, 2313898.59375 ], [ 594257.03125, 2313906.40625 ], [ 594244.375, 2313931.25 ], [ 594237.8125, 2313939.6875 ], [ 594231.25, 2313944.375 ], [ 594208.75, 2313955.625 ], [ 594200.3125, 2313962.1875 ], [ 594195.625, 2313968.75 ], [ 594184.375, 2313991.25 ], [ 594177.8125, 2313999.6875 ], [ 594171.25, 2314004.375 ], [ 594148.75, 2314015.625 ], [ 594144.21875, 2314018.59375 ], [ 594138.59375, 2314024.21875 ], [ 594132.8125, 2314033.4375 ], [ 594128.75, 2314036.875 ], [ 594120.3125, 2314039.6875 ], [ 594106.5625, 2314040.9375 ], [ 594099.0625, 2314044.6875 ], [ 594095.625, 2314048.75 ], [ 594084.375, 2314071.25 ], [ 594078.75, 2314076.875 ], [ 594073.4375, 2314079.0625 ], [ 594059.6875, 2314080.3125 ], [ 594053.75, 2314081.875 ], [ 594049.0625, 2314084.6875 ], [ 594042.8125, 2314093.4375 ], [ 594038.75, 2314096.875 ], [ 594033.4375, 2314099.0625 ], [ 594019.6875, 2314100.3125 ], [ 594013.75, 2314101.875 ], [ 594009.0625, 2314104.6875 ], [ 594002.8125, 2314113.4375 ], [ 593998.75, 2314116.875 ], [ 593993.4375, 2314119.0625 ], [ 593979.6875, 2314120.3125 ], [ 593971.25, 2314123.125 ], [ 593967.1875, 2314126.5625 ], [ 593959.6875, 2314137.8125 ], [ 593951.25, 2314144.375 ], [ 593848.75, 2314195.625 ], [ 593840.3125, 2314198.4375 ], [ 593833.90625, 2314199.53125 ], [ 593819.6875, 2314200.3125 ], [ 593811.25, 2314203.125 ], [ 593807.1875, 2314206.5625 ], [ 593801.40625, 2314215.78125 ], [ 593795.78125, 2314221.40625 ], [ 593791.25, 2314224.375 ], [ 593766.09375, 2314236.71875 ], [ 593757.1875, 2314239.0625 ], [ 593746.875, 2314240.0 ], [ 593653.125, 2314240.0 ], [ 593646.5625, 2314240.9375 ], [ 593639.0625, 2314244.6875 ], [ 593632.8125, 2314253.4375 ], [ 593626.25, 2314258.125 ], [ 593620.3125, 2314259.6875 ], [ 593609.6875, 2314260.3125 ], [ 593601.25, 2314263.125 ], [ 593597.1875, 2314266.5625 ], [ 593592.8125, 2314273.4375 ], [ 593586.25, 2314278.125 ], [ 593580.3125, 2314279.6875 ], [ 593569.6875, 2314280.3125 ], [ 593561.25, 2314283.125 ], [ 593557.1875, 2314286.5625 ], [ 593552.8125, 2314293.4375 ], [ 593546.25, 2314298.125 ], [ 593536.875, 2314300.0 ], [ 593503.125, 2314300.0 ], [ 593496.5625, 2314300.9375 ], [ 593489.0625, 2314304.6875 ], [ 593480.9375, 2314315.3125 ], [ 593476.25, 2314318.125 ], [ 593470.3125, 2314319.6875 ], [ 593433.125, 2314320.0 ], [ 593426.5625, 2314320.9375 ], [ 593419.0625, 2314324.6875 ], [ 593412.8125, 2314333.4375 ], [ 593406.25, 2314338.125 ], [ 593400.3125, 2314339.6875 ], [ 593386.09375, 2314340.46875 ], [ 593376.71875, 2314342.34375 ], [ 593346.09375, 2314356.71875 ], [ 593333.90625, 2314359.53125 ], [ 592753.125, 2314360.0 ], [ 592746.5625, 2314360.9375 ], [ 592741.25, 2314363.125 ], [ 592737.1875, 2314366.5625 ], [ 592732.8125, 2314373.4375 ], [ 592726.25, 2314378.125 ], [ 592716.875, 2314380.0 ], [ 592683.125, 2314380.0 ], [ 592676.5625, 2314380.9375 ], [ 592669.0625, 2314384.6875 ], [ 592662.8125, 2314393.4375 ], [ 592658.75, 2314396.875 ], [ 592653.4375, 2314399.0625 ], [ 592646.875, 2314400.0 ], [ 592403.125, 2314400.0 ], [ 592396.5625, 2314399.0625 ], [ 592391.25, 2314396.875 ], [ 592387.1875, 2314393.4375 ], [ 592382.8125, 2314386.5625 ], [ 592378.75, 2314383.125 ], [ 592373.4375, 2314380.9375 ], [ 592366.875, 2314380.0 ], [ 592093.125, 2314380.0 ], [ 592086.5625, 2314380.9375 ], [ 592081.25, 2314383.125 ], [ 592077.1875, 2314386.5625 ], [ 592070.9375, 2314395.3125 ], [ 592063.4375, 2314399.0625 ], [ 592056.875, 2314400.0 ], [ 591959.6875, 2314400.3125 ], [ 591953.75, 2314401.875 ], [ 591949.0625, 2314404.6875 ], [ 591942.8125, 2314413.4375 ], [ 591938.75, 2314416.875 ], [ 591933.4375, 2314419.0625 ], [ 591926.875, 2314420.0 ], [ 591769.6875, 2314419.6875 ], [ 591761.25, 2314416.875 ], [ 591757.1875, 2314413.4375 ], [ 591750.9375, 2314404.6875 ], [ 591743.4375, 2314400.9375 ], [ 591736.875, 2314400.0 ], [ 591666.09375, 2314399.53125 ], [ 591653.90625, 2314396.71875 ], [ 591623.28125, 2314382.34375 ], [ 591610.46875, 2314380.15625 ], [ 591603.125, 2314380.0 ], [ 591596.5625, 2314380.9375 ], [ 591589.0625, 2314384.6875 ], [ 591585.625, 2314388.75 ], [ 591581.40625, 2314395.78125 ], [ 591573.59375, 2314402.96875 ], [ 591508.75, 2314435.625 ], [ 591502.1875, 2314440.3125 ], [ 591497.03125, 2314446.40625 ], [ 591484.375, 2314471.25 ], [ 591479.6875, 2314477.8125 ], [ 591473.59375, 2314482.96875 ], [ 591448.75, 2314495.625 ], [ 591442.1875, 2314500.3125 ], [ 591437.03125, 2314506.40625 ], [ 591424.375, 2314531.25 ], [ 591419.6875, 2314537.8125 ], [ 591413.59375, 2314542.96875 ], [ 591388.75, 2314555.625 ], [ 591384.6875, 2314559.0625 ], [ 591380.9375, 2314566.5625 ], [ 591379.0625, 2314583.4375 ], [ 591375.3125, 2314590.9375 ], [ 591371.25, 2314594.375 ], [ 591348.75, 2314605.625 ], [ 591343.125, 2314611.25 ], [ 591340.9375, 2314616.5625 ], [ 591339.0625, 2314637.1875 ], [ 591335.625, 2314648.75 ], [ 591324.375, 2314671.25 ], [ 591321.40625, 2314675.78125 ], [ 591315.78125, 2314681.40625 ], [ 591306.5625, 2314687.1875 ], [ 591301.875, 2314693.75 ], [ 591300.3125, 2314699.6875 ], [ 591299.53125, 2314713.90625 ], [ 591297.65625, 2314723.28125 ], [ 591282.34375, 2314756.71875 ], [ 591280.9375, 2314762.8125 ], [ 591280.0, 2314773.125 ], [ 591279.6875, 2314870.3125 ], [ 591278.125, 2314876.25 ], [ 591275.3125, 2314880.9375 ], [ 591266.5625, 2314887.1875 ], [ 591263.125, 2314891.25 ], [ 591260.9375, 2314896.5625 ], [ 591260.0, 2314903.125 ], [ 591260.46875, 2315213.90625 ], [ 591261.5625, 2315220.3125 ], [ 591264.375, 2315228.75 ], [ 591295.625, 2315291.25 ], [ 591297.65625, 2315296.71875 ], [ 591299.84375, 2315309.53125 ], [ 591300.0, 2315346.875 ], [ 591301.875, 2315356.25 ], [ 591306.5625, 2315362.8125 ], [ 591315.3125, 2315369.0625 ], [ 591319.0625, 2315376.5625 ], [ 591320.0, 2315383.125 ], [ 591320.0, 2315446.875 ], [ 591321.875, 2315456.25 ], [ 591324.6875, 2315460.9375 ], [ 591333.4375, 2315467.1875 ], [ 591336.875, 2315471.25 ], [ 591339.0625, 2315476.5625 ], [ 591340.3125, 2315490.3125 ], [ 591341.875, 2315496.25 ], [ 591344.6875, 2315500.9375 ], [ 591353.4375, 2315507.1875 ], [ 591356.875, 2315511.25 ], [ 591359.0625, 2315516.5625 ], [ 591360.3125, 2315530.3125 ], [ 591361.875, 2315536.25 ], [ 591364.6875, 2315540.9375 ], [ 591373.4375, 2315547.1875 ], [ 591376.875, 2315551.25 ], [ 591379.0625, 2315556.5625 ], [ 591380.3125, 2315570.3125 ], [ 591381.875, 2315576.25 ], [ 591384.6875, 2315580.9375 ], [ 591393.4375, 2315587.1875 ], [ 591396.875, 2315591.25 ], [ 591399.0625, 2315596.5625 ], [ 591400.3125, 2315610.3125 ], [ 591401.875, 2315616.25 ], [ 591404.6875, 2315620.9375 ], [ 591413.4375, 2315627.1875 ], [ 591418.125, 2315633.75 ], [ 591419.6875, 2315639.6875 ], [ 591420.46875, 2315653.90625 ], [ 591422.34375, 2315663.28125 ], [ 591424.375, 2315668.75 ], [ 591456.71875, 2315733.90625 ], [ 591459.0625, 2315742.8125 ], [ 591460.3125, 2315760.3125 ], [ 591461.875, 2315766.25 ], [ 591466.5625, 2315772.8125 ], [ 591475.3125, 2315779.0625 ], [ 591479.0625, 2315786.5625 ], [ 591480.0, 2315793.125 ], [ 591480.0, 2315826.875 ], [ 591481.875, 2315836.25 ], [ 591484.6875, 2315840.9375 ], [ 591488.75, 2315844.375 ], [ 591511.25, 2315855.625 ], [ 591515.3125, 2315859.0625 ], [ 591519.0625, 2315866.5625 ], [ 591520.3125, 2315880.3125 ], [ 591523.125, 2315888.75 ], [ 591526.5625, 2315892.8125 ], [ 591533.4375, 2315897.1875 ], [ 591538.125, 2315903.75 ], [ 591540.0, 2315913.125 ], [ 591540.0, 2315946.875 ], [ 591540.9375, 2315953.4375 ], [ 591543.125, 2315958.75 ], [ 591548.75, 2315964.375 ], [ 591573.59375, 2315977.03125 ], [ 591581.40625, 2315984.21875 ], [ 591584.375, 2315988.75 ], [ 591617.03125, 2316053.59375 ], [ 591622.1875, 2316059.6875 ], [ 591633.4375, 2316067.1875 ], [ 591636.875, 2316071.25 ], [ 591639.0625, 2316076.5625 ], [ 591640.3125, 2316090.3125 ], [ 591643.125, 2316098.75 ], [ 591648.75, 2316104.375 ], [ 591673.59375, 2316117.03125 ], [ 591677.8125, 2316120.3125 ], [ 591682.96875, 2316126.40625 ], [ 591716.71875, 2316193.90625 ], [ 591719.0625, 2316202.8125 ], [ 591720.3125, 2316220.3125 ], [ 591721.875, 2316226.25 ], [ 591724.6875, 2316230.9375 ], [ 591733.4375, 2316237.1875 ], [ 591736.875, 2316241.25 ], [ 591739.0625, 2316246.5625 ], [ 591740.3125, 2316260.3125 ], [ 591741.875, 2316266.25 ], [ 591744.6875, 2316270.9375 ], [ 591753.4375, 2316277.1875 ], [ 591758.125, 2316283.75 ], [ 591759.6875, 2316289.6875 ], [ 591760.3125, 2316300.3125 ], [ 591763.125, 2316308.75 ], [ 591766.5625, 2316312.8125 ], [ 591775.78125, 2316318.59375 ], [ 591781.40625, 2316324.21875 ], [ 591784.375, 2316328.75 ], [ 591817.03125, 2316393.59375 ], [ 591822.1875, 2316399.6875 ], [ 591833.4375, 2316407.1875 ], [ 591836.875, 2316411.25 ], [ 591839.0625, 2316416.5625 ], [ 591840.3125, 2316430.3125 ], [ 591841.875, 2316436.25 ], [ 591844.6875, 2316440.9375 ], [ 591853.4375, 2316447.1875 ], [ 591856.875, 2316451.25 ], [ 591859.0625, 2316456.5625 ], [ 591860.3125, 2316470.3125 ], [ 591861.875, 2316476.25 ], [ 591864.6875, 2316480.9375 ], [ 591873.4375, 2316487.1875 ], [ 591878.125, 2316493.75 ], [ 591880.0, 2316503.125 ], [ 591880.15625, 2316570.46875 ], [ 591881.5625, 2316580.3125 ], [ 591885.625, 2316591.25 ], [ 591891.25, 2316596.875 ], [ 591899.6875, 2316599.6875 ], [ 591966.875, 2316600.0 ], [ 591972.96875, 2316601.40625 ], [ 591977.1875, 2316604.6875 ], [ 591978.59375, 2316607.03125 ], [ 591980.0, 2316613.125 ], [ 591980.15625, 2316650.46875 ], [ 591982.34375, 2316663.28125 ], [ 591984.375, 2316668.75 ], [ 592017.03125, 2316733.59375 ], [ 592020.3125, 2316737.8125 ], [ 592026.40625, 2316742.96875 ], [ 592053.59375, 2316757.03125 ], [ 592061.40625, 2316764.21875 ], [ 592078.59375, 2316795.78125 ], [ 592084.21875, 2316801.40625 ], [ 592093.4375, 2316807.1875 ], [ 592096.875, 2316811.25 ], [ 592099.6875, 2316819.6875 ], [ 592100.9375, 2316833.4375 ], [ 592103.125, 2316838.75 ], [ 592106.5625, 2316842.8125 ], [ 592171.25, 2316875.625 ], [ 592175.78125, 2316878.59375 ], [ 592181.40625, 2316884.21875 ], [ 592184.375, 2316888.75 ], [ 592215.625, 2316951.25 ], [ 592217.65625, 2316956.71875 ], [ 592219.84375, 2316969.53125 ], [ 592220.0, 2317006.875 ], [ 592220.9375, 2317013.4375 ], [ 592223.125, 2317018.75 ], [ 592228.75, 2317024.375 ], [ 592251.25, 2317035.625 ], [ 592257.8125, 2317040.3125 ], [ 592264.375, 2317048.75 ], [ 592275.625, 2317071.25 ], [ 592278.59375, 2317075.78125 ], [ 592284.21875, 2317081.40625 ], [ 592291.25, 2317085.625 ], [ 592295.3125, 2317089.0625 ], [ 592299.0625, 2317096.5625 ], [ 592300.3125, 2317110.3125 ], [ 592301.875, 2317116.25 ], [ 592304.6875, 2317120.9375 ], [ 592313.4375, 2317127.1875 ], [ 592316.875, 2317131.25 ], [ 592319.6875, 2317139.6875 ], [ 592320.46875, 2317150.15625 ], [ 592322.8125, 2317155.3125 ], [ 592324.6875, 2317157.1875 ], [ 592329.84375, 2317159.53125 ], [ 592340.3125, 2317160.3125 ], [ 592348.75, 2317163.125 ], [ 592352.8125, 2317166.5625 ], [ 592358.59375, 2317175.78125 ], [ 592364.21875, 2317181.40625 ], [ 592368.75, 2317184.375 ], [ 592391.25, 2317195.625 ], [ 592397.8125, 2317200.3125 ], [ 592402.96875, 2317206.40625 ], [ 592415.625, 2317231.25 ], [ 592420.3125, 2317237.8125 ], [ 592426.40625, 2317242.96875 ], [ 592451.25, 2317255.625 ], [ 592457.8125, 2317260.3125 ], [ 592462.96875, 2317266.40625 ], [ 592475.625, 2317291.25 ], [ 592480.3125, 2317297.8125 ], [ 592486.40625, 2317302.96875 ], [ 592511.25, 2317315.625 ], [ 592519.6875, 2317322.1875 ], [ 592524.375, 2317328.75 ], [ 592536.71875, 2317353.90625 ], [ 592539.53125, 2317366.09375 ], [ 592540.3125, 2317380.3125 ], [ 592543.125, 2317388.75 ], [ 592546.5625, 2317392.8125 ], [ 592555.78125, 2317398.59375 ], [ 592561.40625, 2317404.21875 ], [ 592564.375, 2317408.75 ], [ 592575.625, 2317431.25 ], [ 592580.3125, 2317437.8125 ], [ 592588.75, 2317444.375 ], [ 592611.25, 2317455.625 ], [ 592615.78125, 2317458.59375 ], [ 592621.40625, 2317464.21875 ], [ 592627.1875, 2317473.4375 ], [ 592631.25, 2317476.875 ], [ 592636.5625, 2317479.0625 ], [ 592650.3125, 2317480.3125 ], [ 592656.25, 2317481.875 ], [ 592660.9375, 2317484.6875 ], [ 592664.375, 2317488.75 ], [ 592675.625, 2317511.25 ], [ 592677.65625, 2317516.71875 ], [ 592679.53125, 2317526.09375 ], [ 592680.3125, 2317540.3125 ], [ 592683.125, 2317548.75 ], [ 592686.5625, 2317552.8125 ], [ 592693.59375, 2317557.03125 ], [ 592699.6875, 2317562.1875 ], [ 592704.375, 2317568.75 ], [ 592715.625, 2317591.25 ], [ 592718.59375, 2317595.78125 ], [ 592724.21875, 2317601.40625 ], [ 592733.4375, 2317607.1875 ], [ 592736.875, 2317611.25 ], [ 592739.6875, 2317619.6875 ], [ 592740.9375, 2317633.4375 ], [ 592744.6875, 2317640.9375 ], [ 592748.75, 2317644.375 ], [ 592793.4375, 2317667.1875 ], [ 592798.125, 2317673.75 ], [ 592799.6875, 2317679.6875 ], [ 592800.46875, 2317690.15625 ], [ 592802.8125, 2317695.3125 ], [ 592804.6875, 2317697.1875 ], [ 592809.84375, 2317699.53125 ], [ 592820.3125, 2317700.3125 ], [ 592828.75, 2317703.125 ], [ 592832.8125, 2317706.5625 ], [ 592837.03125, 2317713.59375 ], [ 592842.1875, 2317719.6875 ], [ 592855.3125, 2317729.0625 ], [ 592859.0625, 2317736.5625 ], [ 592860.46875, 2317753.90625 ], [ 592863.28125, 2317766.09375 ], [ 592875.625, 2317791.25 ], [ 592878.59375, 2317795.78125 ], [ 592886.40625, 2317802.96875 ], [ 592911.25, 2317815.625 ], [ 592917.8125, 2317820.3125 ], [ 592922.96875, 2317826.40625 ], [ 592935.625, 2317851.25 ], [ 592940.3125, 2317857.8125 ], [ 592948.75, 2317864.375 ], [ 592973.59375, 2317877.03125 ], [ 592981.40625, 2317884.21875 ], [ 592984.375, 2317888.75 ], [ 593017.03125, 2317953.59375 ], [ 593022.1875, 2317959.6875 ], [ 593033.4375, 2317967.1875 ], [ 593036.875, 2317971.25 ], [ 593039.6875, 2317979.6875 ], [ 593040.9375, 2317993.4375 ], [ 593044.6875, 2318000.9375 ], [ 593048.75, 2318004.375 ], [ 593071.25, 2318015.625 ], [ 593075.3125, 2318019.0625 ], [ 593079.0625, 2318026.5625 ], [ 593080.3125, 2318040.3125 ], [ 593083.125, 2318048.75 ], [ 593086.5625, 2318052.8125 ], [ 593095.78125, 2318058.59375 ], [ 593101.40625, 2318064.21875 ], [ 593104.375, 2318068.75 ], [ 593115.625, 2318091.25 ], [ 593120.3125, 2318097.8125 ], [ 593128.75, 2318104.375 ], [ 593153.59375, 2318117.03125 ], [ 593161.40625, 2318124.21875 ], [ 593164.375, 2318128.75 ], [ 593195.625, 2318191.25 ], [ 593198.59375, 2318195.78125 ], [ 593206.40625, 2318202.96875 ], [ 593233.59375, 2318217.03125 ], [ 593237.8125, 2318220.3125 ], [ 593242.96875, 2318226.40625 ], [ 593277.03125, 2318293.59375 ], [ 593282.1875, 2318299.6875 ], [ 593293.4375, 2318307.1875 ], [ 593296.875, 2318311.25 ], [ 593299.6875, 2318319.6875 ], [ 593300.9375, 2318333.4375 ], [ 593304.6875, 2318340.9375 ], [ 593308.75, 2318344.375 ], [ 593331.25, 2318355.625 ], [ 593336.875, 2318361.25 ], [ 593339.0625, 2318366.5625 ], [ 593340.3125, 2318380.3125 ], [ 593343.125, 2318388.75 ], [ 593346.5625, 2318392.8125 ], [ 593357.8125, 2318400.3125 ], [ 593362.96875, 2318406.40625 ], [ 593395.625, 2318471.25 ], [ 593398.4375, 2318479.6875 ], [ 593399.53125, 2318486.09375 ], [ 593400.3125, 2318500.3125 ], [ 593403.125, 2318508.75 ], [ 593406.5625, 2318512.8125 ], [ 593413.59375, 2318517.03125 ], [ 593419.6875, 2318522.1875 ], [ 593424.375, 2318528.75 ], [ 593435.625, 2318551.25 ], [ 593438.59375, 2318555.78125 ], [ 593444.21875, 2318561.40625 ], [ 593453.4375, 2318567.1875 ], [ 593456.875, 2318571.25 ], [ 593459.6875, 2318579.6875 ], [ 593460.46875, 2318590.15625 ], [ 593462.8125, 2318595.3125 ], [ 593464.6875, 2318597.1875 ], [ 593469.84375, 2318599.53125 ], [ 593480.3125, 2318600.3125 ], [ 593488.75, 2318603.125 ], [ 593492.8125, 2318606.5625 ], [ 593500.3125, 2318617.8125 ], [ 593504.21875, 2318621.40625 ], [ 593513.4375, 2318627.1875 ], [ 593516.875, 2318631.25 ], [ 593519.0625, 2318636.5625 ], [ 593520.3125, 2318650.3125 ], [ 593521.875, 2318656.25 ], [ 593524.6875, 2318660.9375 ], [ 593533.4375, 2318667.1875 ], [ 593538.125, 2318673.75 ], [ 593539.6875, 2318679.6875 ], [ 593540.9375, 2318697.1875 ], [ 593544.375, 2318708.75 ], [ 593555.625, 2318731.25 ], [ 593558.59375, 2318735.78125 ], [ 593564.21875, 2318741.40625 ], [ 593573.4375, 2318747.1875 ], [ 593576.875, 2318751.25 ], [ 593579.0625, 2318756.5625 ], [ 593580.3125, 2318770.3125 ], [ 593581.875, 2318776.25 ], [ 593584.6875, 2318780.9375 ], [ 593593.4375, 2318787.1875 ], [ 593596.875, 2318791.25 ], [ 593599.0625, 2318796.5625 ], [ 593600.3125, 2318810.3125 ], [ 593601.875, 2318816.25 ], [ 593604.6875, 2318820.9375 ], [ 593613.4375, 2318827.1875 ], [ 593616.875, 2318831.25 ], [ 593619.0625, 2318836.5625 ], [ 593620.3125, 2318850.3125 ], [ 593621.875, 2318856.25 ], [ 593624.6875, 2318860.9375 ], [ 593633.4375, 2318867.1875 ], [ 593636.875, 2318871.25 ], [ 593639.6875, 2318879.6875 ], [ 593640.46875, 2318890.15625 ], [ 593642.8125, 2318895.3125 ], [ 593644.6875, 2318897.1875 ], [ 593649.84375, 2318899.53125 ], [ 593660.3125, 2318900.3125 ], [ 593668.75, 2318903.125 ], [ 593672.8125, 2318906.5625 ], [ 593678.59375, 2318915.78125 ], [ 593684.21875, 2318921.40625 ], [ 593713.4375, 2318937.1875 ], [ 593716.875, 2318941.25 ], [ 593719.0625, 2318946.5625 ], [ 593720.3125, 2318960.3125 ], [ 593723.125, 2318968.75 ], [ 593726.5625, 2318972.8125 ], [ 593733.4375, 2318977.1875 ], [ 593738.125, 2318983.75 ], [ 593740.0, 2318993.125 ], [ 593740.15625, 2319030.46875 ], [ 593740.9375, 2319037.1875 ], [ 593743.28125, 2319046.09375 ], [ 593795.625, 2319151.25 ], [ 593799.0625, 2319162.8125 ], [ 593800.0, 2319173.125 ], [ 593800.3125, 2319390.3125 ], [ 593801.875, 2319396.25 ], [ 593804.6875, 2319400.9375 ], [ 593813.4375, 2319407.1875 ], [ 593818.125, 2319413.75 ], [ 593820.0, 2319423.125 ], [ 593820.0, 2319456.875 ], [ 593820.9375, 2319463.4375 ], [ 593824.6875, 2319470.9375 ], [ 593835.3125, 2319479.0625 ], [ 593838.125, 2319483.75 ], [ 593839.6875, 2319489.6875 ], [ 593840.0, 2319646.875 ], [ 593840.9375, 2319653.4375 ], [ 593844.6875, 2319660.9375 ], [ 593853.4375, 2319667.1875 ], [ 593856.875, 2319671.25 ], [ 593859.0625, 2319676.5625 ], [ 593860.3125, 2319690.3125 ], [ 593861.875, 2319696.25 ], [ 593866.5625, 2319702.8125 ], [ 593875.3125, 2319709.0625 ], [ 593878.125, 2319713.75 ], [ 593879.6875, 2319719.6875 ], [ 593880.0, 2319846.875 ], [ 593881.5625, 2319860.3125 ], [ 593884.375, 2319868.75 ], [ 593889.0625, 2319875.3125 ], [ 593896.5625, 2319879.0625 ], [ 593906.875, 2319880.0 ], [ 593912.96875, 2319881.40625 ], [ 593915.3125, 2319882.8125 ], [ 593918.59375, 2319887.03125 ], [ 593920.0, 2319893.125 ], [ 593920.0, 2319926.875 ], [ 593920.9375, 2319933.4375 ], [ 593924.6875, 2319940.9375 ], [ 593935.3125, 2319949.0625 ], [ 593938.125, 2319953.75 ], [ 593939.6875, 2319959.6875 ], [ 593939.53125, 2320090.15625 ], [ 593938.59375, 2320092.96875 ], [ 593935.3125, 2320097.1875 ], [ 593930.15625, 2320099.53125 ], [ 593919.6875, 2320100.3125 ], [ 593913.75, 2320101.875 ], [ 593909.0625, 2320104.6875 ], [ 593904.375, 2320111.25 ], [ 593901.5625, 2320119.6875 ], [ 593900.15625, 2320129.53125 ], [ 593900.46875, 2320170.15625 ], [ 593902.8125, 2320175.3125 ], [ 593904.6875, 2320177.1875 ], [ 593909.84375, 2320179.53125 ], [ 593946.875, 2320180.0 ], [ 593953.4375, 2320180.9375 ], [ 593958.75, 2320183.125 ], [ 593964.375, 2320188.75 ], [ 593976.71875, 2320213.90625 ], [ 593979.0625, 2320222.8125 ], [ 593980.0, 2320233.125 ], [ 593980.3125, 2320420.3125 ], [ 593983.125, 2320428.75 ], [ 593986.5625, 2320432.8125 ], [ 593995.3125, 2320439.0625 ], [ 593999.0625, 2320446.5625 ], [ 594000.0, 2320453.125 ], [ 594000.0, 2320486.875 ], [ 594001.875, 2320496.25 ], [ 594004.6875, 2320500.9375 ], [ 594013.4375, 2320507.1875 ], [ 594016.875, 2320511.25 ], [ 594019.0625, 2320516.5625 ], [ 594020.3125, 2320530.3125 ], [ 594021.875, 2320536.25 ], [ 594026.5625, 2320542.8125 ], [ 594035.3125, 2320549.0625 ], [ 594038.125, 2320553.75 ], [ 594039.6875, 2320559.6875 ], [ 594039.53125, 2320633.90625 ], [ 594036.71875, 2320646.09375 ], [ 594024.375, 2320671.25 ], [ 594020.9375, 2320682.8125 ], [ 594020.0, 2320693.125 ], [ 594020.0, 2320756.875 ], [ 594020.9375, 2320763.4375 ], [ 594023.125, 2320768.75 ], [ 594026.5625, 2320772.8125 ], [ 594035.3125, 2320779.0625 ], [ 594039.0625, 2320786.5625 ], [ 594040.0, 2320793.125 ], [ 594040.0, 2320856.875 ], [ 594039.0625, 2320863.4375 ], [ 594036.875, 2320868.75 ], [ 594033.4375, 2320872.8125 ], [ 594026.09375, 2320876.71875 ], [ 594020.3125, 2320878.4375 ], [ 594010.46875, 2320879.84375 ], [ 593973.125, 2320880.0 ], [ 593959.6875, 2320881.5625 ], [ 593951.25, 2320884.375 ], [ 593928.75, 2320895.625 ], [ 593923.125, 2320901.25 ], [ 593920.9375, 2320906.5625 ], [ 593920.0, 2320913.125 ], [ 593920.0, 2320946.875 ], [ 593921.40625, 2320952.96875 ], [ 593922.8125, 2320955.3125 ], [ 593927.03125, 2320958.59375 ], [ 593929.84375, 2320959.53125 ], [ 593943.4375, 2320960.9375 ], [ 593950.9375, 2320964.6875 ], [ 593955.625, 2320971.25 ], [ 593959.0625, 2320982.8125 ], [ 593960.0, 2320993.125 ], [ 593960.0, 2321086.875 ], [ 593958.125, 2321096.25 ], [ 593955.3125, 2321100.9375 ], [ 593946.5625, 2321107.1875 ], [ 593943.125, 2321111.25 ], [ 593940.3125, 2321119.6875 ], [ 593939.0625, 2321133.4375 ], [ 593935.3125, 2321140.9375 ], [ 593931.25, 2321144.375 ], [ 593908.75, 2321155.625 ], [ 593904.6875, 2321159.0625 ], [ 593900.9375, 2321166.5625 ], [ 593899.6875, 2321180.3125 ], [ 593896.875, 2321188.75 ], [ 593893.4375, 2321192.8125 ], [ 593886.40625, 2321197.03125 ], [ 593880.3125, 2321202.1875 ], [ 593875.625, 2321208.75 ], [ 593864.375, 2321231.25 ], [ 593861.40625, 2321235.78125 ], [ 593855.78125, 2321241.40625 ], [ 593846.5625, 2321247.1875 ], [ 593843.125, 2321251.25 ], [ 593840.9375, 2321256.5625 ], [ 593840.0, 2321263.125 ], [ 593839.6875, 2321300.3125 ], [ 593838.125, 2321306.25 ], [ 593835.3125, 2321310.9375 ], [ 593831.25, 2321314.375 ], [ 593746.40625, 2321357.03125 ], [ 593742.1875, 2321360.3125 ], [ 593737.03125, 2321366.40625 ], [ 593724.375, 2321391.25 ], [ 593720.9375, 2321395.3125 ], [ 593713.4375, 2321399.0625 ], [ 593699.6875, 2321400.3125 ], [ 593693.75, 2321401.875 ], [ 593689.0625, 2321404.6875 ], [ 593685.625, 2321408.75 ], [ 593644.375, 2321491.25 ], [ 593642.34375, 2321496.71875 ], [ 593640.9375, 2321502.8125 ], [ 593640.0, 2321513.125 ], [ 593640.3125, 2321550.3125 ], [ 593641.875, 2321556.25 ], [ 593646.5625, 2321562.8125 ], [ 593675.78125, 2321578.59375 ], [ 593681.40625, 2321584.21875 ], [ 593687.1875, 2321593.4375 ], [ 593693.75, 2321598.125 ], [ 593699.6875, 2321599.6875 ], [ 593713.90625, 2321600.46875 ], [ 593723.28125, 2321602.34375 ], [ 593728.75, 2321604.375 ], [ 593751.25, 2321615.625 ], [ 593762.8125, 2321619.0625 ], [ 593773.125, 2321620.0 ], [ 593806.875, 2321620.0 ], [ 593813.4375, 2321620.9375 ], [ 593820.9375, 2321624.6875 ], [ 593829.0625, 2321635.3125 ], [ 593833.75, 2321638.125 ], [ 593839.6875, 2321639.6875 ], [ 593906.875, 2321640.0 ], [ 593913.4375, 2321640.9375 ], [ 593920.9375, 2321644.6875 ], [ 593929.0625, 2321655.3125 ], [ 593933.75, 2321658.125 ], [ 593939.6875, 2321659.6875 ], [ 594130.3125, 2321659.6875 ], [ 594136.25, 2321658.125 ], [ 594140.9375, 2321655.3125 ], [ 594147.1875, 2321646.5625 ], [ 594151.25, 2321643.125 ], [ 594159.6875, 2321640.3125 ], [ 594170.15625, 2321639.53125 ], [ 594175.3125, 2321637.1875 ], [ 594178.59375, 2321632.96875 ], [ 594180.0, 2321626.875 ] ] } }
]
}
