{
"type": "FeatureCollection",
"name": "reach1_s1_shoreline_2026_dry",
"crs": { "type": "name", "properties": { "name": "urn:ogc:def:crs:EPSG::32648" } },
"features": [
{ "type": "Feature", "properties": { }, "geometry": { "type": "LineString", "coordinates": [ [ 544993.125, 2352500.0 ], [ 545026.875, 2352500.0 ], [ 545036.25, 2352498.125 ], [ 545040.9375, 2352495.3125 ], [ 545047.1875, 2352486.5625 ], [ 545053.75, 2352481.875 ], [ 545059.6875, 2352480.3125 ], [ 545070.46875, 2352479.84375 ], [ 545080.3125, 2352478.4375 ], [ 545088.75, 2352475.625 ], [ 545111.25, 2352464.375 ], [ 545116.71875, 2352462.34375 ], [ 545126.09375, 2352460.46875 ], [ 545140.3125, 2352459.6875 ], [ 545146.25, 2352458.125 ], [ 545150.9375, 2352455.3125 ], [ 545157.1875, 2352446.5625 ], [ 545161.25, 2352443.125 ], [ 545166.5625, 2352440.9375 ], [ 545180.3125, 2352439.6875 ], [ 545186.25, 2352438.125 ], [ 545190.9375, 2352435.3125 ], [ 545197.1875, 2352426.5625 ], [ 545203.75, 2352421.875 ], [ 545213.125, 2352420.0 ], [ 545246.875, 2352420.0 ], [ 545253.4375, 2352419.0625 ], [ 545260.9375, 2352415.3125 ], [ 545267.1875, 2352406.5625 ], [ 545273.75, 2352401.875 ], [ 545279.6875, 2352400.3125 ], [ 545290.46875, 2352399.84375 ], [ 545300.3125, 2352398.4375 ], [ 545308.75, 2352395.625 ], [ 545331.25, 2352384.375 ], [ 545336.71875, 2352382.34375 ], [ 545346.09375, 2352380.46875 ], [ 545360.3125, 2352379.6875 ], [ 545366.25, 2352378.125 ], [ 545372.8125, 2352373.4375 ], [ 545379.0625, 2352364.6875 ], [ 545386.5625, 2352360.9375 ], [ 545393.125, 2352360.0 ], [ 545426.875, 2352360.0 ], [ 545433.4375, 2352359.0625 ], [ 545438.75, 2352356.875 ], [ 545444.375, 2352351.25 ], [ 545455.625, 2352328.75 ], [ 545459.0625, 2352317.1875 ], [ 545460.0, 2352306.875 ], [ 545460.0, 2352213.125 ], [ 545461.40625, 2352207.03125 ], [ 545462.8125, 2352204.6875 ], [ 545467.03125, 2352201.40625 ], [ 545473.125, 2352200.0 ], [ 545536.875, 2352200.0 ], [ 545543.4375, 2352200.9375 ], [ 545550.9375, 2352204.6875 ], [ 545554.375, 2352208.75 ], [ 545558.59375, 2352215.78125 ], [ 545566.40625, 2352222.96875 ], [ 545591.25, 2352235.625 ], [ 545602.8125, 2352239.0625 ], [ 545613.125, 2352240.0 ], [ 545736.875, 2352240.0 ], [ 545743.4375, 2352239.0625 ], [ 545748.75, 2352236.875 ], [ 545752.8125, 2352233.4375 ], [ 545757.1875, 2352226.5625 ], [ 545763.75, 2352221.875 ], [ 545769.6875, 2352220.3125 ], [ 545780.3125, 2352219.6875 ], [ 545788.75, 2352216.875 ], [ 545792.8125, 2352213.4375 ], [ 545797.1875, 2352206.5625 ], [ 545803.75, 2352201.875 ], [ 545809.6875, 2352200.3125 ], [ 545820.3125, 2352199.6875 ], [ 545828.75, 2352196.875 ], [ 545832.8125, 2352193.4375 ], [ 545837.1875, 2352186.5625 ], [ 545843.75, 2352181.875 ], [ 545853.125, 2352180.0 ], [ 545886.875, 2352180.0 ], [ 545892.96875, 2352178.59375 ], [ 545897.1875, 2352175.3125 ], [ 545898.59375, 2352172.96875 ], [ 545900.0, 2352166.875 ], [ 545900.15625, 2352069.53125 ], [ 545901.5625, 2352059.6875 ], [ 545905.625, 2352048.75 ], [ 545911.25, 2352043.125 ], [ 545919.6875, 2352040.3125 ], [ 545956.875, 2352040.0 ], [ 545966.25, 2352038.125 ], [ 545970.9375, 2352035.3125 ], [ 545974.375, 2352031.25 ], [ 545985.625, 2352008.75 ], [ 545989.0625, 2352004.6875 ], [ 545996.5625, 2352000.9375 ], [ 546006.875, 2352000.0 ], [ 546012.96875, 2351998.59375 ], [ 546015.3125, 2351997.1875 ], [ 546018.59375, 2351992.96875 ], [ 546020.0, 2351986.875 ], [ 546019.53125, 2351889.84375 ], [ 546017.1875, 2351884.6875 ], [ 546012.96875, 2351881.40625 ], [ 546010.15625, 2351880.46875 ], [ 545996.5625, 2351879.0625 ], [ 545989.0625, 2351875.3125 ], [ 545985.625, 2351871.25 ], [ 545983.28125, 2351866.09375 ], [ 545980.46875, 2351853.90625 ], [ 545980.0, 2351573.125 ], [ 545980.9375, 2351566.5625 ], [ 545983.125, 2351561.25 ], [ 545986.5625, 2351557.1875 ], [ 545995.3125, 2351550.9375 ], [ 545998.125, 2351546.25 ], [ 545999.6875, 2351540.3125 ], [ 546000.3125, 2351409.6875 ], [ 546003.125, 2351401.25 ], [ 546006.5625, 2351397.1875 ], [ 546015.3125, 2351390.9375 ], [ 546018.125, 2351386.25 ], [ 546019.6875, 2351380.3125 ], [ 546020.3125, 2351279.6875 ], [ 546023.125, 2351271.25 ], [ 546026.5625, 2351267.1875 ], [ 546035.3125, 2351260.9375 ], [ 546039.0625, 2351253.4375 ], [ 546040.0, 2351246.875 ], [ 546040.46875, 2351146.09375 ], [ 546043.28125, 2351133.90625 ], [ 546056.71875, 2351106.09375 ], [ 546059.53125, 2351093.90625 ], [ 546060.0, 2350903.125 ], [ 546060.9375, 2350896.5625 ], [ 546063.125, 2350891.25 ], [ 546066.5625, 2350887.1875 ], [ 546073.4375, 2350882.8125 ], [ 546076.875, 2350878.75 ], [ 546079.0625, 2350873.4375 ], [ 546080.0, 2350866.875 ], [ 546080.3125, 2350469.6875 ], [ 546083.125, 2350461.25 ], [ 546086.5625, 2350457.1875 ], [ 546095.3125, 2350450.9375 ], [ 546098.125, 2350446.25 ], [ 546099.6875, 2350440.3125 ], [ 546100.15625, 2350309.53125 ], [ 546100.9375, 2350302.8125 ], [ 546103.28125, 2350293.90625 ], [ 546116.71875, 2350266.09375 ], [ 546119.53125, 2350253.90625 ], [ 546120.46875, 2350146.09375 ], [ 546123.28125, 2350133.90625 ], [ 546135.625, 2350108.75 ], [ 546139.0625, 2350097.1875 ], [ 546140.0, 2350086.875 ], [ 546140.0, 2350023.125 ], [ 546140.9375, 2350016.5625 ], [ 546144.6875, 2350009.0625 ], [ 546155.3125, 2350000.9375 ], [ 546158.125, 2349996.25 ], [ 546159.6875, 2349990.3125 ], [ 546160.3125, 2349889.6875 ], [ 546163.125, 2349881.25 ], [ 546166.5625, 2349877.1875 ], [ 546175.3125, 2349870.9375 ], [ 546178.125, 2349866.25 ], [ 546179.6875, 2349860.3125 ], [ 546180.0, 2349793.125 ], [ 546180.9375, 2349782.8125 ], [ 546183.28125, 2349773.90625 ], [ 546195.625, 2349748.75 ], [ 546198.4375, 2349740.3125 ], [ 546199.84375, 2349730.46875 ], [ 546200.0, 2349693.125 ], [ 546200.9375, 2349682.8125 ], [ 546203.28125, 2349673.90625 ], [ 546215.625, 2349648.75 ], [ 546218.4375, 2349640.3125 ], [ 546219.84375, 2349630.46875 ], [ 546220.0, 2349593.125 ], [ 546221.5625, 2349579.6875 ], [ 546224.375, 2349571.25 ], [ 546235.625, 2349548.75 ], [ 546238.4375, 2349540.3125 ], [ 546239.84375, 2349530.46875 ], [ 546240.0, 2349493.125 ], [ 546240.9375, 2349486.5625 ], [ 546244.6875, 2349479.0625 ], [ 546255.3125, 2349470.9375 ], [ 546259.0625, 2349463.4375 ], [ 546260.0, 2349456.875 ], [ 546260.0, 2349423.125 ], [ 546260.9375, 2349416.5625 ], [ 546264.6875, 2349409.0625 ], [ 546275.3125, 2349400.9375 ], [ 546279.0625, 2349393.4375 ], [ 546280.0, 2349386.875 ], [ 546280.0, 2349353.125 ], [ 546281.875, 2349343.75 ], [ 546284.6875, 2349339.0625 ], [ 546293.4375, 2349332.8125 ], [ 546298.125, 2349326.25 ], [ 546299.6875, 2349320.3125 ], [ 546300.46875, 2349306.09375 ], [ 546302.34375, 2349296.71875 ], [ 546304.375, 2349291.25 ], [ 546336.71875, 2349226.09375 ], [ 546339.0625, 2349217.1875 ], [ 546340.3125, 2349199.6875 ], [ 546341.875, 2349193.75 ], [ 546344.6875, 2349189.0625 ], [ 546353.4375, 2349182.8125 ], [ 546356.875, 2349178.75 ], [ 546359.0625, 2349173.4375 ], [ 546360.3125, 2349159.6875 ], [ 546361.875, 2349153.75 ], [ 546364.6875, 2349149.0625 ], [ 546373.4375, 2349142.8125 ], [ 546376.875, 2349138.75 ], [ 546379.0625, 2349133.4375 ], [ 546380.3125, 2349119.6875 ], [ 546381.875, 2349113.75 ], [ 546384.6875, 2349109.0625 ], [ 546393.4375, 2349102.8125 ], [ 546396.875, 2349098.75 ], [ 546399.0625, 2349093.4375 ], [ 546400.3125, 2349079.6875 ], [ 546403.125, 2349071.25 ], [ 546406.5625, 2349067.1875 ], [ 546413.59375, 2349062.96875 ], [ 546419.6875, 2349057.8125 ], [ 546424.375, 2349051.25 ], [ 546435.625, 2349028.75 ], [ 546438.59375, 2349024.21875 ], [ 546444.21875, 2349018.59375 ], [ 546453.4375, 2349012.8125 ], [ 546456.875, 2349008.75 ], [ 546459.6875, 2349000.3125 ], [ 546460.9375, 2348986.5625 ], [ 546464.6875, 2348979.0625 ], [ 546468.75, 2348975.625 ], [ 546493.59375, 2348962.96875 ], [ 546499.6875, 2348957.8125 ], [ 546504.375, 2348951.25 ], [ 546517.03125, 2348926.40625 ], [ 546524.21875, 2348918.59375 ], [ 546528.75, 2348915.625 ], [ 546591.25, 2348884.375 ], [ 546597.8125, 2348879.6875 ], [ 546604.375, 2348871.25 ], [ 546615.625, 2348848.75 ], [ 546618.59375, 2348844.21875 ], [ 546624.21875, 2348838.59375 ], [ 546633.4375, 2348832.8125 ], [ 546636.875, 2348828.75 ], [ 546639.6875, 2348820.3125 ], [ 546640.9375, 2348806.5625 ], [ 546644.6875, 2348799.0625 ], [ 546648.75, 2348795.625 ], [ 546673.4375, 2348782.8125 ], [ 546676.875, 2348778.75 ], [ 546679.6875, 2348770.3125 ], [ 546680.0, 2348733.125 ], [ 546679.53125, 2348729.84375 ], [ 546677.1875, 2348724.6875 ], [ 546675.3125, 2348722.8125 ], [ 546670.15625, 2348720.46875 ], [ 546659.6875, 2348719.6875 ], [ 546651.25, 2348716.875 ], [ 546647.1875, 2348713.4375 ], [ 546641.40625, 2348704.21875 ], [ 546635.78125, 2348698.59375 ], [ 546631.25, 2348695.625 ], [ 546608.75, 2348684.375 ], [ 546603.125, 2348678.75 ], [ 546600.9375, 2348673.4375 ], [ 546599.6875, 2348659.6875 ], [ 546598.125, 2348653.75 ], [ 546595.3125, 2348649.0625 ], [ 546586.5625, 2348642.8125 ], [ 546583.125, 2348638.75 ], [ 546580.9375, 2348633.4375 ], [ 546579.6875, 2348619.6875 ], [ 546578.125, 2348613.75 ], [ 546575.3125, 2348609.0625 ], [ 546566.5625, 2348602.8125 ], [ 546561.875, 2348596.25 ], [ 546560.0, 2348586.875 ], [ 546560.0, 2348553.125 ], [ 546558.125, 2348543.75 ], [ 546553.4375, 2348537.1875 ], [ 546528.75, 2348524.375 ], [ 546523.125, 2348518.75 ], [ 546520.3125, 2348510.3125 ], [ 546520.0, 2348473.125 ], [ 546518.125, 2348463.75 ], [ 546513.4375, 2348457.1875 ], [ 546488.75, 2348444.375 ], [ 546484.6875, 2348440.9375 ], [ 546481.875, 2348436.25 ], [ 546480.0, 2348426.875 ], [ 546480.0, 2348393.125 ], [ 546479.0625, 2348386.5625 ], [ 546476.875, 2348381.25 ], [ 546471.25, 2348375.625 ], [ 546446.40625, 2348362.96875 ], [ 546438.59375, 2348355.78125 ], [ 546435.625, 2348351.25 ], [ 546404.375, 2348288.75 ], [ 546401.5625, 2348280.3125 ], [ 546400.15625, 2348270.46875 ], [ 546400.0, 2348233.125 ], [ 546399.0625, 2348222.8125 ], [ 546395.625, 2348211.25 ], [ 546384.375, 2348188.75 ], [ 546382.34375, 2348183.28125 ], [ 546380.46875, 2348173.90625 ], [ 546379.6875, 2348159.6875 ], [ 546378.125, 2348153.75 ], [ 546373.4375, 2348147.1875 ], [ 546364.21875, 2348141.40625 ], [ 546358.59375, 2348135.78125 ], [ 546355.625, 2348131.25 ], [ 546344.375, 2348108.75 ], [ 546339.6875, 2348102.1875 ], [ 546331.25, 2348095.625 ], [ 546306.40625, 2348082.96875 ], [ 546300.3125, 2348077.8125 ], [ 546295.625, 2348071.25 ], [ 546284.375, 2348048.75 ], [ 546281.5625, 2348040.3125 ], [ 546280.0, 2348026.875 ], [ 546280.0, 2347993.125 ], [ 546278.59375, 2347987.03125 ], [ 546277.1875, 2347984.6875 ], [ 546272.96875, 2347981.40625 ], [ 546266.875, 2347980.0 ], [ 546259.6875, 2347979.6875 ], [ 546253.75, 2347978.125 ], [ 546249.0625, 2347975.3125 ], [ 546245.625, 2347971.25 ], [ 546223.28125, 2347926.09375 ], [ 546220.9375, 2347917.1875 ], [ 546219.6875, 2347899.6875 ], [ 546218.125, 2347893.75 ], [ 546215.3125, 2347889.0625 ], [ 546206.5625, 2347882.8125 ], [ 546203.125, 2347878.75 ], [ 546200.9375, 2347873.4375 ], [ 546199.6875, 2347859.6875 ], [ 546196.875, 2347851.25 ], [ 546193.4375, 2347847.1875 ], [ 546182.1875, 2347839.6875 ], [ 546175.625, 2347831.25 ], [ 546144.375, 2347768.75 ], [ 546141.5625, 2347760.3125 ], [ 546140.15625, 2347750.46875 ], [ 546140.0, 2347623.125 ], [ 546140.9375, 2347616.5625 ], [ 546144.6875, 2347609.0625 ], [ 546153.4375, 2347602.8125 ], [ 546158.125, 2347596.25 ], [ 546159.6875, 2347590.3125 ], [ 546160.3125, 2347579.6875 ], [ 546163.125, 2347571.25 ], [ 546166.5625, 2347567.1875 ], [ 546173.4375, 2347562.8125 ], [ 546178.125, 2347556.25 ], [ 546179.6875, 2347550.3125 ], [ 546180.3125, 2347539.6875 ], [ 546183.125, 2347531.25 ], [ 546186.5625, 2347527.1875 ], [ 546193.4375, 2347522.8125 ], [ 546198.125, 2347516.25 ], [ 546200.0, 2347506.875 ], [ 546200.0, 2347443.125 ], [ 546201.875, 2347433.75 ], [ 546204.6875, 2347429.0625 ], [ 546208.75, 2347425.625 ], [ 546233.4375, 2347412.8125 ], [ 546236.875, 2347408.75 ], [ 546239.6875, 2347400.3125 ], [ 546240.0, 2347183.125 ], [ 546240.9375, 2347176.5625 ], [ 546243.125, 2347171.25 ], [ 546246.5625, 2347167.1875 ], [ 546255.3125, 2347160.9375 ], [ 546258.125, 2347156.25 ], [ 546259.6875, 2347150.3125 ], [ 546260.0, 2346963.125 ], [ 546259.0625, 2346956.5625 ], [ 546256.875, 2346951.25 ], [ 546253.4375, 2346947.1875 ], [ 546244.6875, 2346940.9375 ], [ 546241.875, 2346936.25 ], [ 546240.3125, 2346930.3125 ], [ 546240.0, 2346833.125 ], [ 546239.53125, 2346826.09375 ], [ 546237.65625, 2346816.71875 ], [ 546235.625, 2346811.25 ], [ 546222.96875, 2346786.40625 ], [ 546217.8125, 2346780.3125 ], [ 546204.6875, 2346770.9375 ], [ 546201.875, 2346766.25 ], [ 546200.3125, 2346760.3125 ], [ 546200.0, 2346663.125 ], [ 546199.0625, 2346656.5625 ], [ 546195.3125, 2346649.0625 ], [ 546182.1875, 2346639.6875 ], [ 546178.59375, 2346635.78125 ], [ 546172.8125, 2346626.5625 ], [ 546168.75, 2346623.125 ], [ 546160.3125, 2346620.3125 ], [ 546146.09375, 2346619.53125 ], [ 546136.71875, 2346617.65625 ], [ 546128.75, 2346614.375 ], [ 546123.125, 2346608.75 ], [ 546120.9375, 2346603.4375 ], [ 546120.0, 2346596.875 ], [ 546120.46875, 2346526.09375 ], [ 546123.28125, 2346513.90625 ], [ 546125.625, 2346508.75 ], [ 546129.0625, 2346504.6875 ], [ 546136.5625, 2346500.9375 ], [ 546146.875, 2346500.0 ], [ 546152.96875, 2346498.59375 ], [ 546155.3125, 2346497.1875 ], [ 546158.59375, 2346492.96875 ], [ 546160.0, 2346486.875 ], [ 546160.0, 2346453.125 ], [ 546160.9375, 2346446.5625 ], [ 546164.6875, 2346439.0625 ], [ 546175.3125, 2346430.9375 ], [ 546178.125, 2346426.25 ], [ 546179.6875, 2346420.3125 ], [ 546180.0, 2346353.125 ], [ 546180.46875, 2346346.09375 ], [ 546182.34375, 2346336.71875 ], [ 546184.375, 2346331.25 ], [ 546197.03125, 2346306.40625 ], [ 546202.1875, 2346300.3125 ], [ 546215.3125, 2346290.9375 ], [ 546218.125, 2346286.25 ], [ 546219.6875, 2346280.3125 ], [ 546220.0, 2346213.125 ], [ 546219.0625, 2346202.8125 ], [ 546215.625, 2346191.25 ], [ 546203.28125, 2346166.09375 ], [ 546201.5625, 2346160.3125 ], [ 546200.15625, 2346150.46875 ], [ 546200.0, 2346053.125 ], [ 546200.9375, 2346042.8125 ], [ 546203.28125, 2346033.90625 ], [ 546215.625, 2346008.75 ], [ 546219.0625, 2345997.1875 ], [ 546220.0, 2345986.875 ], [ 546220.0, 2345923.125 ], [ 546221.875, 2345913.75 ], [ 546224.6875, 2345909.0625 ], [ 546233.4375, 2345902.8125 ], [ 546236.875, 2345898.75 ], [ 546239.6875, 2345890.3125 ], [ 546240.9375, 2345876.5625 ], [ 546243.125, 2345871.25 ], [ 546246.5625, 2345867.1875 ], [ 546291.25, 2345844.375 ], [ 546295.78125, 2345841.40625 ], [ 546302.96875, 2345833.59375 ], [ 546315.625, 2345808.75 ], [ 546319.0625, 2345804.6875 ], [ 546326.5625, 2345800.9375 ], [ 546340.3125, 2345799.6875 ], [ 546348.75, 2345796.875 ], [ 546354.375, 2345791.25 ], [ 546365.625, 2345768.75 ], [ 546369.0625, 2345764.6875 ], [ 546376.5625, 2345760.9375 ], [ 546386.875, 2345760.0 ], [ 546392.96875, 2345758.59375 ], [ 546397.1875, 2345755.3125 ], [ 546399.53125, 2345750.15625 ], [ 546400.46875, 2345586.09375 ], [ 546403.28125, 2345573.90625 ], [ 546417.65625, 2345543.28125 ], [ 546419.0625, 2345537.1875 ], [ 546420.0, 2345526.875 ], [ 546420.0, 2345493.125 ], [ 546418.4375, 2345479.6875 ], [ 546415.625, 2345471.25 ], [ 546403.28125, 2345446.09375 ], [ 546401.5625, 2345440.3125 ], [ 546400.15625, 2345430.46875 ], [ 546400.0, 2345243.125 ], [ 546400.9375, 2345236.5625 ], [ 546403.125, 2345231.25 ], [ 546406.5625, 2345227.1875 ], [ 546413.4375, 2345222.8125 ], [ 546418.125, 2345216.25 ], [ 546419.6875, 2345210.3125 ], [ 546420.3125, 2345199.6875 ], [ 546423.125, 2345191.25 ], [ 546426.5625, 2345187.1875 ], [ 546435.3125, 2345180.9375 ], [ 546438.125, 2345176.25 ], [ 546439.6875, 2345170.3125 ], [ 546440.3125, 2345069.6875 ], [ 546441.875, 2345063.75 ], [ 546444.6875, 2345059.0625 ], [ 546453.4375, 2345052.8125 ], [ 546456.875, 2345048.75 ], [ 546459.0625, 2345043.4375 ], [ 546460.0, 2345036.875 ], [ 546460.0, 2344913.125 ], [ 546460.9375, 2344902.8125 ], [ 546463.28125, 2344893.90625 ], [ 546475.625, 2344868.75 ], [ 546478.59375, 2344864.21875 ], [ 546484.21875, 2344858.59375 ], [ 546493.4375, 2344852.8125 ], [ 546496.875, 2344848.75 ], [ 546499.0625, 2344843.4375 ], [ 546500.9375, 2344822.8125 ], [ 546504.375, 2344811.25 ], [ 546515.625, 2344788.75 ], [ 546518.59375, 2344784.21875 ], [ 546524.21875, 2344778.59375 ], [ 546533.4375, 2344772.8125 ], [ 546536.875, 2344768.75 ], [ 546539.0625, 2344763.4375 ], [ 546540.3125, 2344749.6875 ], [ 546541.875, 2344743.75 ], [ 546544.6875, 2344739.0625 ], [ 546553.4375, 2344732.8125 ], [ 546558.125, 2344726.25 ], [ 546559.6875, 2344720.3125 ], [ 546560.46875, 2344706.09375 ], [ 546562.34375, 2344696.71875 ], [ 546564.375, 2344691.25 ], [ 546575.625, 2344668.75 ], [ 546582.1875, 2344660.3125 ], [ 546593.4375, 2344652.8125 ], [ 546596.875, 2344648.75 ], [ 546599.6875, 2344640.3125 ], [ 546600.46875, 2344629.84375 ], [ 546601.40625, 2344627.03125 ], [ 546604.6875, 2344622.8125 ], [ 546609.84375, 2344620.46875 ], [ 546620.3125, 2344619.6875 ], [ 546626.25, 2344618.125 ], [ 546630.9375, 2344615.3125 ], [ 546634.375, 2344611.25 ], [ 546638.4375, 2344600.3125 ], [ 546639.53125, 2344593.90625 ], [ 546640.3125, 2344579.6875 ], [ 546643.125, 2344571.25 ], [ 546646.5625, 2344567.1875 ], [ 546653.59375, 2344562.96875 ], [ 546659.6875, 2344557.8125 ], [ 546664.375, 2344551.25 ], [ 546675.625, 2344528.75 ], [ 546678.59375, 2344524.21875 ], [ 546684.21875, 2344518.59375 ], [ 546693.4375, 2344512.8125 ], [ 546696.875, 2344508.75 ], [ 546699.6875, 2344500.3125 ], [ 546700.9375, 2344486.5625 ], [ 546704.6875, 2344479.0625 ], [ 546708.75, 2344475.625 ], [ 546733.59375, 2344462.96875 ], [ 546739.6875, 2344457.8125 ], [ 546744.375, 2344451.25 ], [ 546755.625, 2344428.75 ], [ 546762.1875, 2344420.3125 ], [ 546768.75, 2344415.625 ], [ 546791.25, 2344404.375 ], [ 546799.6875, 2344397.8125 ], [ 546804.375, 2344391.25 ], [ 546817.03125, 2344366.40625 ], [ 546824.21875, 2344358.59375 ], [ 546828.75, 2344355.625 ], [ 546893.4375, 2344322.8125 ], [ 546898.125, 2344316.25 ], [ 546899.6875, 2344310.3125 ], [ 546900.9375, 2344296.5625 ], [ 546904.6875, 2344289.0625 ], [ 546917.8125, 2344279.6875 ], [ 546921.40625, 2344275.78125 ], [ 546927.1875, 2344266.5625 ], [ 546931.25, 2344263.125 ], [ 546939.6875, 2344260.3125 ], [ 546953.4375, 2344259.0625 ], [ 546960.9375, 2344255.3125 ], [ 546964.375, 2344251.25 ], [ 546977.03125, 2344226.40625 ], [ 546982.1875, 2344220.3125 ], [ 546988.75, 2344215.625 ], [ 547011.25, 2344204.375 ], [ 547019.6875, 2344197.8125 ], [ 547024.375, 2344191.25 ], [ 547037.03125, 2344166.40625 ], [ 547044.21875, 2344158.59375 ], [ 547048.75, 2344155.625 ], [ 547093.4375, 2344132.8125 ], [ 547098.125, 2344126.25 ], [ 547099.6875, 2344120.3125 ], [ 547100.9375, 2344106.5625 ], [ 547104.6875, 2344099.0625 ], [ 547108.75, 2344095.625 ], [ 547153.4375, 2344072.8125 ], [ 547158.125, 2344066.25 ], [ 547159.6875, 2344060.3125 ], [ 547160.46875, 2344049.84375 ], [ 547161.40625, 2344047.03125 ], [ 547164.6875, 2344042.8125 ], [ 547169.84375, 2344040.46875 ], [ 547183.4375, 2344039.0625 ], [ 547188.75, 2344036.875 ], [ 547192.8125, 2344033.4375 ], [ 547195.625, 2344028.75 ], [ 547197.65625, 2344023.28125 ], [ 547199.53125, 2344013.90625 ], [ 547200.9375, 2343996.5625 ], [ 547204.6875, 2343989.0625 ], [ 547208.75, 2343985.625 ], [ 547251.25, 2343964.375 ], [ 547255.78125, 2343961.40625 ], [ 547262.96875, 2343953.59375 ], [ 547275.625, 2343928.75 ], [ 547280.3125, 2343922.1875 ], [ 547288.75, 2343915.625 ], [ 547313.59375, 2343902.96875 ], [ 547321.40625, 2343895.78125 ], [ 547324.375, 2343891.25 ], [ 547336.71875, 2343866.09375 ], [ 547339.0625, 2343857.1875 ], [ 547340.9375, 2343836.5625 ], [ 547343.125, 2343831.25 ], [ 547346.5625, 2343827.1875 ], [ 547351.25, 2343824.375 ], [ 547359.6875, 2343821.5625 ], [ 547366.09375, 2343820.46875 ], [ 547380.3125, 2343819.6875 ], [ 547386.25, 2343818.125 ], [ 547390.9375, 2343815.3125 ], [ 547397.1875, 2343806.5625 ], [ 547401.25, 2343803.125 ], [ 547406.5625, 2343800.9375 ], [ 547420.3125, 2343799.6875 ], [ 547428.75, 2343796.875 ], [ 547432.8125, 2343793.4375 ], [ 547438.59375, 2343784.21875 ], [ 547444.21875, 2343778.59375 ], [ 547448.75, 2343775.625 ], [ 547471.25, 2343764.375 ], [ 547475.3125, 2343760.9375 ], [ 547479.0625, 2343753.4375 ], [ 547480.3125, 2343739.6875 ], [ 547481.875, 2343733.75 ], [ 547486.5625, 2343727.1875 ], [ 547495.3125, 2343720.9375 ], [ 547499.0625, 2343713.4375 ], [ 547500.0, 2343706.875 ], [ 547500.0, 2343643.125 ], [ 547500.9375, 2343636.5625 ], [ 547504.6875, 2343629.0625 ], [ 547511.25, 2343624.375 ], [ 547522.8125, 2343620.9375 ], [ 547533.125, 2343620.0 ], [ 547566.875, 2343620.0 ], [ 547576.25, 2343618.125 ], [ 547582.8125, 2343613.4375 ], [ 547597.03125, 2343586.40625 ], [ 547600.3125, 2343582.1875 ], [ 547606.40625, 2343577.03125 ], [ 547633.90625, 2343563.28125 ], [ 547642.8125, 2343560.9375 ], [ 547663.4375, 2343559.0625 ], [ 547670.9375, 2343555.3125 ], [ 547674.375, 2343551.25 ], [ 547696.71875, 2343506.09375 ], [ 547699.53125, 2343493.90625 ], [ 547700.3125, 2343479.6875 ], [ 547703.125, 2343471.25 ], [ 547706.5625, 2343467.1875 ], [ 547715.78125, 2343461.40625 ], [ 547721.40625, 2343455.78125 ], [ 547724.375, 2343451.25 ], [ 547757.03125, 2343386.40625 ], [ 547762.1875, 2343380.3125 ], [ 547773.4375, 2343372.8125 ], [ 547776.875, 2343368.75 ], [ 547779.0625, 2343363.4375 ], [ 547780.3125, 2343349.6875 ], [ 547783.125, 2343341.25 ], [ 547788.75, 2343335.625 ], [ 547811.25, 2343324.375 ], [ 547819.6875, 2343317.8125 ], [ 547824.375, 2343311.25 ], [ 547835.625, 2343288.75 ], [ 547839.0625, 2343284.6875 ], [ 547846.5625, 2343280.9375 ], [ 547860.3125, 2343279.6875 ], [ 547866.25, 2343278.125 ], [ 547872.8125, 2343273.4375 ], [ 547879.0625, 2343264.6875 ], [ 547886.5625, 2343260.9375 ], [ 547893.125, 2343260.0 ], [ 547926.875, 2343260.0 ], [ 547930.15625, 2343259.53125 ], [ 547935.3125, 2343257.1875 ], [ 547937.1875, 2343255.3125 ], [ 547939.53125, 2343250.15625 ], [ 547940.0, 2343213.125 ], [ 547940.46875, 2343209.84375 ], [ 547942.8125, 2343204.6875 ], [ 547944.6875, 2343202.8125 ], [ 547949.84375, 2343200.46875 ], [ 547990.3125, 2343199.6875 ], [ 547996.25, 2343198.125 ], [ 548000.9375, 2343195.3125 ], [ 548004.375, 2343191.25 ], [ 548017.03125, 2343166.40625 ], [ 548022.1875, 2343160.3125 ], [ 548028.75, 2343155.625 ], [ 548053.59375, 2343142.96875 ], [ 548061.40625, 2343135.78125 ], [ 548064.375, 2343131.25 ], [ 548095.625, 2343068.75 ], [ 548100.3125, 2343062.1875 ], [ 548106.40625, 2343057.03125 ], [ 548173.59375, 2343022.96875 ], [ 548179.6875, 2343017.8125 ], [ 548187.1875, 2343006.5625 ], [ 548191.25, 2343003.125 ], [ 548196.5625, 2343000.9375 ], [ 548217.1875, 2342999.0625 ], [ 548228.75, 2342995.625 ], [ 548251.25, 2342984.375 ], [ 548255.78125, 2342981.40625 ], [ 548261.40625, 2342975.78125 ], [ 548267.1875, 2342966.5625 ], [ 548271.25, 2342963.125 ], [ 548279.6875, 2342960.3125 ], [ 548293.90625, 2342959.53125 ], [ 548306.09375, 2342956.71875 ], [ 548331.25, 2342944.375 ], [ 548335.78125, 2342941.40625 ], [ 548339.6875, 2342937.8125 ], [ 548344.375, 2342931.25 ], [ 548356.71875, 2342906.09375 ], [ 548359.53125, 2342893.90625 ], [ 548360.3125, 2342879.6875 ], [ 548363.125, 2342871.25 ], [ 548368.75, 2342865.625 ], [ 548391.25, 2342854.375 ], [ 548395.3125, 2342850.9375 ], [ 548399.0625, 2342843.4375 ], [ 548400.9375, 2342826.5625 ], [ 548404.6875, 2342819.0625 ], [ 548408.75, 2342815.625 ], [ 548431.25, 2342804.375 ], [ 548435.78125, 2342801.40625 ], [ 548441.40625, 2342795.78125 ], [ 548447.1875, 2342786.5625 ], [ 548451.25, 2342783.125 ], [ 548459.6875, 2342780.3125 ], [ 548473.4375, 2342779.0625 ], [ 548480.9375, 2342775.3125 ], [ 548484.375, 2342771.25 ], [ 548515.625, 2342708.75 ], [ 548519.0625, 2342704.6875 ], [ 548526.5625, 2342700.9375 ], [ 548540.3125, 2342699.6875 ], [ 548548.75, 2342696.875 ], [ 548552.8125, 2342693.4375 ], [ 548557.1875, 2342686.5625 ], [ 548563.75, 2342681.875 ], [ 548569.6875, 2342680.3125 ], [ 548580.3125, 2342679.6875 ], [ 548588.75, 2342676.875 ], [ 548592.8125, 2342673.4375 ], [ 548598.59375, 2342664.21875 ], [ 548604.21875, 2342658.59375 ], [ 548608.75, 2342655.625 ], [ 548631.25, 2342644.375 ], [ 548635.3125, 2342640.9375 ], [ 548639.0625, 2342633.4375 ], [ 548640.3125, 2342619.6875 ], [ 548643.125, 2342611.25 ], [ 548646.5625, 2342607.1875 ], [ 548653.59375, 2342602.96875 ], [ 548659.6875, 2342597.8125 ], [ 548664.375, 2342591.25 ], [ 548675.625, 2342568.75 ], [ 548678.59375, 2342564.21875 ], [ 548684.21875, 2342558.59375 ], [ 548693.4375, 2342552.8125 ], [ 548698.125, 2342546.25 ], [ 548699.6875, 2342540.3125 ], [ 548700.46875, 2342526.09375 ], [ 548702.34375, 2342516.71875 ], [ 548704.375, 2342511.25 ], [ 548736.71875, 2342446.09375 ], [ 548739.0625, 2342437.1875 ], [ 548740.3125, 2342419.6875 ], [ 548741.875, 2342413.75 ], [ 548744.6875, 2342409.0625 ], [ 548753.4375, 2342402.8125 ], [ 548756.875, 2342398.75 ], [ 548759.0625, 2342393.4375 ], [ 548760.3125, 2342379.6875 ], [ 548761.875, 2342373.75 ], [ 548766.5625, 2342367.1875 ], [ 548775.3125, 2342360.9375 ], [ 548778.125, 2342356.25 ], [ 548779.6875, 2342350.3125 ], [ 548780.0, 2342193.125 ], [ 548779.0625, 2342182.8125 ], [ 548775.625, 2342171.25 ], [ 548744.375, 2342108.75 ], [ 548742.34375, 2342103.28125 ], [ 548740.15625, 2342090.46875 ], [ 548740.0, 2342053.125 ], [ 548738.125, 2342043.75 ], [ 548733.4375, 2342037.1875 ], [ 548724.6875, 2342030.9375 ], [ 548720.9375, 2342023.4375 ], [ 548720.0, 2342016.875 ], [ 548720.0, 2341953.125 ], [ 548720.46875, 2341946.09375 ], [ 548722.34375, 2341936.71875 ], [ 548736.71875, 2341906.09375 ], [ 548739.53125, 2341893.90625 ], [ 548740.0, 2341793.125 ], [ 548741.5625, 2341779.6875 ], [ 548744.375, 2341771.25 ], [ 548775.625, 2341708.75 ], [ 548780.3125, 2341702.1875 ], [ 548786.40625, 2341697.03125 ], [ 548811.25, 2341684.375 ], [ 548817.8125, 2341679.6875 ], [ 548822.96875, 2341673.59375 ], [ 548835.625, 2341648.75 ], [ 548840.3125, 2341642.1875 ], [ 548846.40625, 2341637.03125 ], [ 548871.25, 2341624.375 ], [ 548877.8125, 2341619.6875 ], [ 548882.96875, 2341613.59375 ], [ 548895.625, 2341588.75 ], [ 548900.3125, 2341582.1875 ], [ 548906.40625, 2341577.03125 ], [ 548931.25, 2341564.375 ], [ 548937.8125, 2341559.6875 ], [ 548942.96875, 2341553.59375 ], [ 548955.625, 2341528.75 ], [ 548959.0625, 2341524.6875 ], [ 548966.5625, 2341520.9375 ], [ 548980.3125, 2341519.6875 ], [ 548988.75, 2341516.875 ], [ 548992.8125, 2341513.4375 ], [ 548998.59375, 2341504.21875 ], [ 549004.21875, 2341498.59375 ], [ 549035.78125, 2341481.40625 ], [ 549042.96875, 2341473.59375 ], [ 549055.625, 2341448.75 ], [ 549061.25, 2341443.125 ], [ 549066.5625, 2341440.9375 ], [ 549080.3125, 2341439.6875 ], [ 549088.75, 2341436.875 ], [ 549092.8125, 2341433.4375 ], [ 549097.03125, 2341426.40625 ], [ 549102.1875, 2341420.3125 ], [ 549108.75, 2341415.625 ], [ 549131.25, 2341404.375 ], [ 549135.78125, 2341401.40625 ], [ 549141.40625, 2341395.78125 ], [ 549147.1875, 2341386.5625 ], [ 549151.25, 2341383.125 ], [ 549159.6875, 2341380.3125 ], [ 549173.4375, 2341379.0625 ], [ 549180.9375, 2341375.3125 ], [ 549184.375, 2341371.25 ], [ 549197.03125, 2341346.40625 ], [ 549202.1875, 2341340.3125 ], [ 549208.75, 2341335.625 ], [ 549231.25, 2341324.375 ], [ 549235.78125, 2341321.40625 ], [ 549241.40625, 2341315.78125 ], [ 549247.1875, 2341306.5625 ], [ 549251.25, 2341303.125 ], [ 549259.6875, 2341300.3125 ], [ 549273.4375, 2341299.0625 ], [ 549280.9375, 2341295.3125 ], [ 549284.375, 2341291.25 ], [ 549297.03125, 2341266.40625 ], [ 549300.3125, 2341262.1875 ], [ 549306.40625, 2341257.03125 ], [ 549371.25, 2341224.375 ], [ 549375.78125, 2341221.40625 ], [ 549382.96875, 2341213.59375 ], [ 549395.625, 2341188.75 ], [ 549399.0625, 2341184.6875 ], [ 549406.5625, 2341180.9375 ], [ 549420.3125, 2341179.6875 ], [ 549428.75, 2341176.875 ], [ 549432.8125, 2341173.4375 ], [ 549437.03125, 2341166.40625 ], [ 549442.1875, 2341160.3125 ], [ 549448.75, 2341155.625 ], [ 549471.25, 2341144.375 ], [ 549475.78125, 2341141.40625 ], [ 549481.40625, 2341135.78125 ], [ 549487.1875, 2341126.5625 ], [ 549491.25, 2341123.125 ], [ 549499.6875, 2341120.3125 ], [ 549513.4375, 2341119.0625 ], [ 549520.9375, 2341115.3125 ], [ 549524.375, 2341111.25 ], [ 549535.625, 2341088.75 ], [ 549540.3125, 2341082.1875 ], [ 549546.40625, 2341077.03125 ], [ 549571.25, 2341064.375 ], [ 549577.8125, 2341059.6875 ], [ 549582.96875, 2341053.59375 ], [ 549595.625, 2341028.75 ], [ 549599.0625, 2341024.6875 ], [ 549606.5625, 2341020.9375 ], [ 549620.3125, 2341019.6875 ], [ 549628.75, 2341016.875 ], [ 549632.8125, 2341013.4375 ], [ 549638.59375, 2341004.21875 ], [ 549644.21875, 2340998.59375 ], [ 549648.75, 2340995.625 ], [ 549671.25, 2340984.375 ], [ 549679.6875, 2340977.8125 ], [ 549684.375, 2340971.25 ], [ 549697.03125, 2340946.40625 ], [ 549704.21875, 2340938.59375 ], [ 549735.78125, 2340921.40625 ], [ 549741.40625, 2340915.78125 ], [ 549747.1875, 2340906.5625 ], [ 549751.25, 2340903.125 ], [ 549759.6875, 2340900.3125 ], [ 549773.4375, 2340899.0625 ], [ 549780.9375, 2340895.3125 ], [ 549784.375, 2340891.25 ], [ 549795.625, 2340868.75 ], [ 549800.3125, 2340862.1875 ], [ 549806.40625, 2340857.03125 ], [ 549831.25, 2340844.375 ], [ 549837.8125, 2340839.6875 ], [ 549842.96875, 2340833.59375 ], [ 549855.625, 2340808.75 ], [ 549859.0625, 2340804.6875 ], [ 549866.5625, 2340800.9375 ], [ 549880.3125, 2340799.6875 ], [ 549888.75, 2340796.875 ], [ 549892.8125, 2340793.4375 ], [ 549898.59375, 2340784.21875 ], [ 549904.21875, 2340778.59375 ], [ 549935.78125, 2340761.40625 ], [ 549942.96875, 2340753.59375 ], [ 549955.625, 2340728.75 ], [ 549962.1875, 2340720.3125 ], [ 549968.75, 2340715.625 ], [ 549991.25, 2340704.375 ], [ 549995.78125, 2340701.40625 ], [ 550001.40625, 2340695.78125 ], [ 550007.1875, 2340686.5625 ], [ 550011.25, 2340683.125 ], [ 550019.6875, 2340680.3125 ], [ 550033.4375, 2340679.0625 ], [ 550040.9375, 2340675.3125 ], [ 550044.375, 2340671.25 ], [ 550057.03125, 2340646.40625 ], [ 550060.3125, 2340642.1875 ], [ 550066.40625, 2340637.03125 ], [ 550133.59375, 2340602.96875 ], [ 550139.6875, 2340597.8125 ], [ 550147.1875, 2340586.5625 ], [ 550151.25, 2340583.125 ], [ 550159.6875, 2340580.3125 ], [ 550173.4375, 2340579.0625 ], [ 550180.9375, 2340575.3125 ], [ 550184.375, 2340571.25 ], [ 550195.625, 2340548.75 ], [ 550201.25, 2340543.125 ], [ 550206.5625, 2340540.9375 ], [ 550220.3125, 2340539.6875 ], [ 550226.25, 2340538.125 ], [ 550230.9375, 2340535.3125 ], [ 550237.1875, 2340526.5625 ], [ 550241.25, 2340523.125 ], [ 550246.5625, 2340520.9375 ], [ 550260.3125, 2340519.6875 ], [ 550268.75, 2340516.875 ], [ 550272.8125, 2340513.4375 ], [ 550280.3125, 2340502.1875 ], [ 550288.75, 2340495.625 ], [ 550511.25, 2340384.375 ], [ 550519.6875, 2340377.8125 ], [ 550527.1875, 2340366.5625 ], [ 550531.25, 2340363.125 ], [ 550536.5625, 2340360.9375 ], [ 550550.3125, 2340359.6875 ], [ 550556.25, 2340358.125 ], [ 550560.9375, 2340355.3125 ], [ 550567.1875, 2340346.5625 ], [ 550571.25, 2340343.125 ], [ 550576.5625, 2340340.9375 ], [ 550590.3125, 2340339.6875 ], [ 550596.25, 2340338.125 ], [ 550600.9375, 2340335.3125 ], [ 550607.1875, 2340326.5625 ], [ 550611.25, 2340323.125 ], [ 550616.5625, 2340320.9375 ], [ 550630.3125, 2340319.6875 ], [ 550638.75, 2340316.875 ], [ 550644.375, 2340311.25 ], [ 550655.625, 2340288.75 ], [ 550661.25, 2340283.125 ], [ 550666.5625, 2340280.9375 ], [ 550680.3125, 2340279.6875 ], [ 550686.25, 2340278.125 ], [ 550690.9375, 2340275.3125 ], [ 550697.1875, 2340266.5625 ], [ 550701.25, 2340263.125 ], [ 550706.5625, 2340260.9375 ], [ 550720.3125, 2340259.6875 ], [ 550726.25, 2340258.125 ], [ 550730.9375, 2340255.3125 ], [ 550737.1875, 2340246.5625 ], [ 550741.25, 2340243.125 ], [ 550746.5625, 2340240.9375 ], [ 550760.3125, 2340239.6875 ], [ 550768.75, 2340236.875 ], [ 550772.8125, 2340233.4375 ], [ 550780.3125, 2340222.1875 ], [ 550786.40625, 2340217.03125 ], [ 550891.25, 2340164.375 ], [ 550899.6875, 2340157.8125 ], [ 550907.1875, 2340146.5625 ], [ 550911.25, 2340143.125 ], [ 550916.5625, 2340140.9375 ], [ 550930.3125, 2340139.6875 ], [ 550936.25, 2340138.125 ], [ 550940.9375, 2340135.3125 ], [ 550947.1875, 2340126.5625 ], [ 550951.25, 2340123.125 ], [ 550956.5625, 2340120.9375 ], [ 550970.3125, 2340119.6875 ], [ 550976.25, 2340118.125 ], [ 550980.9375, 2340115.3125 ], [ 550987.1875, 2340106.5625 ], [ 550991.25, 2340103.125 ], [ 550996.5625, 2340100.9375 ], [ 551010.3125, 2340099.6875 ], [ 551018.75, 2340096.875 ], [ 551024.375, 2340091.25 ], [ 551035.625, 2340068.75 ], [ 551039.0625, 2340064.6875 ], [ 551046.5625, 2340060.9375 ], [ 551060.3125, 2340059.6875 ], [ 551068.75, 2340056.875 ], [ 551072.8125, 2340053.4375 ], [ 551077.1875, 2340046.5625 ], [ 551083.75, 2340041.875 ], [ 551089.6875, 2340040.3125 ], [ 551100.3125, 2340039.6875 ], [ 551108.75, 2340036.875 ], [ 551112.8125, 2340033.4375 ], [ 551117.1875, 2340026.5625 ], [ 551123.75, 2340021.875 ], [ 551133.125, 2340020.0 ], [ 551166.875, 2340020.0 ], [ 551176.25, 2340018.125 ], [ 551180.9375, 2340015.3125 ], [ 551187.1875, 2340006.5625 ], [ 551191.25, 2340003.125 ], [ 551196.5625, 2340000.9375 ], [ 551210.3125, 2339999.6875 ], [ 551216.25, 2339998.125 ], [ 551220.9375, 2339995.3125 ], [ 551227.1875, 2339986.5625 ], [ 551231.25, 2339983.125 ], [ 551236.5625, 2339980.9375 ], [ 551250.3125, 2339979.6875 ], [ 551256.25, 2339978.125 ], [ 551260.9375, 2339975.3125 ], [ 551267.1875, 2339966.5625 ], [ 551273.75, 2339961.875 ], [ 551279.6875, 2339960.3125 ], [ 551290.46875, 2339959.84375 ], [ 551300.3125, 2339958.4375 ], [ 551308.75, 2339955.625 ], [ 551331.25, 2339944.375 ], [ 551336.71875, 2339942.34375 ], [ 551346.09375, 2339940.46875 ], [ 551360.3125, 2339939.6875 ], [ 551366.25, 2339938.125 ], [ 551372.8125, 2339933.4375 ], [ 551379.0625, 2339924.6875 ], [ 551386.5625, 2339920.9375 ], [ 551393.125, 2339920.0 ], [ 551426.875, 2339920.0 ], [ 551433.4375, 2339919.0625 ], [ 551440.9375, 2339915.3125 ], [ 551447.1875, 2339906.5625 ], [ 551453.75, 2339901.875 ], [ 551459.6875, 2339900.3125 ], [ 551473.90625, 2339899.53125 ], [ 551483.28125, 2339897.65625 ], [ 551516.71875, 2339882.34375 ], [ 551529.53125, 2339880.15625 ], [ 551566.875, 2339880.0 ], [ 551573.4375, 2339879.0625 ], [ 551580.9375, 2339875.3125 ], [ 551587.1875, 2339866.5625 ], [ 551593.75, 2339861.875 ], [ 551599.6875, 2339860.3125 ], [ 551610.46875, 2339859.84375 ], [ 551620.3125, 2339858.4375 ], [ 551628.75, 2339855.625 ], [ 551651.25, 2339844.375 ], [ 551656.71875, 2339842.34375 ], [ 551666.09375, 2339840.46875 ], [ 551680.3125, 2339839.6875 ], [ 551686.25, 2339838.125 ], [ 551692.8125, 2339833.4375 ], [ 551699.0625, 2339824.6875 ], [ 551706.5625, 2339820.9375 ], [ 551713.125, 2339820.0 ], [ 551780.3125, 2339819.6875 ], [ 551788.75, 2339816.875 ], [ 551792.8125, 2339813.4375 ], [ 551799.0625, 2339804.6875 ], [ 551803.75, 2339801.875 ], [ 551809.6875, 2339800.3125 ], [ 551910.3125, 2339799.6875 ], [ 551918.75, 2339796.875 ], [ 551922.8125, 2339793.4375 ], [ 551929.0625, 2339784.6875 ], [ 551936.5625, 2339780.9375 ], [ 551943.125, 2339780.0 ], [ 552006.875, 2339780.0 ], [ 552017.1875, 2339779.0625 ], [ 552028.75, 2339775.625 ], [ 552053.90625, 2339763.28125 ], [ 552066.09375, 2339760.46875 ], [ 552140.3125, 2339759.6875 ], [ 552148.75, 2339756.875 ], [ 552152.8125, 2339753.4375 ], [ 552159.0625, 2339744.6875 ], [ 552163.75, 2339741.875 ], [ 552169.6875, 2339740.3125 ], [ 552296.875, 2339740.0 ], [ 552303.4375, 2339739.0625 ], [ 552308.75, 2339736.875 ], [ 552312.8125, 2339733.4375 ], [ 552319.0625, 2339724.6875 ], [ 552323.75, 2339721.875 ], [ 552329.6875, 2339720.3125 ], [ 552430.3125, 2339719.6875 ], [ 552438.75, 2339716.875 ], [ 552442.8125, 2339713.4375 ], [ 552449.0625, 2339704.6875 ], [ 552456.5625, 2339700.9375 ], [ 552463.125, 2339700.0 ], [ 552526.875, 2339700.0 ], [ 552537.1875, 2339699.0625 ], [ 552546.09375, 2339696.71875 ], [ 552571.25, 2339684.375 ], [ 552579.6875, 2339681.5625 ], [ 552589.53125, 2339680.15625 ], [ 552626.875, 2339680.0 ], [ 552637.1875, 2339679.0625 ], [ 552646.09375, 2339676.71875 ], [ 552671.25, 2339664.375 ], [ 552682.8125, 2339660.9375 ], [ 552693.125, 2339660.0 ], [ 552793.90625, 2339659.53125 ], [ 552806.09375, 2339656.71875 ], [ 552833.90625, 2339643.28125 ], [ 552846.09375, 2339640.46875 ], [ 552950.46875, 2339639.84375 ], [ 552957.1875, 2339639.0625 ], [ 552966.09375, 2339636.71875 ], [ 552993.90625, 2339623.28125 ], [ 553006.09375, 2339620.46875 ], [ 553110.3125, 2339619.6875 ], [ 553118.75, 2339616.875 ], [ 553122.8125, 2339613.4375 ], [ 553129.0625, 2339604.6875 ], [ 553136.5625, 2339600.9375 ], [ 553143.125, 2339600.0 ], [ 553206.875, 2339600.0 ], [ 553217.1875, 2339599.0625 ], [ 553228.75, 2339595.625 ], [ 553253.90625, 2339583.28125 ], [ 553266.09375, 2339580.46875 ], [ 553370.3125, 2339579.6875 ], [ 553378.75, 2339576.875 ], [ 553382.8125, 2339573.4375 ], [ 553389.0625, 2339564.6875 ], [ 553396.5625, 2339560.9375 ], [ 553403.125, 2339560.0 ], [ 553466.875, 2339560.0 ], [ 553477.1875, 2339559.0625 ], [ 553488.75, 2339555.625 ], [ 553513.90625, 2339543.28125 ], [ 553526.09375, 2339540.46875 ], [ 553600.3125, 2339539.6875 ], [ 553608.75, 2339536.875 ], [ 553612.8125, 2339533.4375 ], [ 553619.0625, 2339524.6875 ], [ 553623.75, 2339521.875 ], [ 553629.6875, 2339520.3125 ], [ 553820.3125, 2339519.6875 ], [ 553828.75, 2339516.875 ], [ 553832.8125, 2339513.4375 ], [ 553839.0625, 2339504.6875 ], [ 553846.5625, 2339500.9375 ], [ 553853.125, 2339500.0 ], [ 553980.3125, 2339499.6875 ], [ 553986.25, 2339498.125 ], [ 553990.9375, 2339495.3125 ], [ 553997.1875, 2339486.5625 ], [ 554001.25, 2339483.125 ], [ 554006.5625, 2339480.9375 ], [ 554013.125, 2339480.0 ], [ 554286.875, 2339480.0 ], [ 554293.4375, 2339479.0625 ], [ 554298.75, 2339476.875 ], [ 554302.8125, 2339473.4375 ], [ 554307.1875, 2339466.5625 ], [ 554311.25, 2339463.125 ], [ 554316.5625, 2339460.9375 ], [ 554323.125, 2339460.0 ], [ 554986.875, 2339460.0 ], [ 554993.90625, 2339460.46875 ], [ 555003.28125, 2339462.34375 ], [ 555033.90625, 2339476.71875 ], [ 555039.6875, 2339478.4375 ], [ 555049.53125, 2339479.84375 ], [ 555326.875, 2339480.0 ], [ 555333.90625, 2339480.46875 ], [ 555343.28125, 2339482.34375 ], [ 555373.90625, 2339496.71875 ], [ 555379.6875, 2339498.4375 ], [ 555389.53125, 2339499.84375 ], [ 555576.875, 2339500.0 ], [ 555583.4375, 2339499.0625 ], [ 555588.75, 2339496.875 ], [ 555592.8125, 2339493.4375 ], [ 555599.0625, 2339484.6875 ], [ 555603.75, 2339481.875 ], [ 555609.6875, 2339480.3125 ], [ 555740.3125, 2339479.6875 ], [ 555748.75, 2339476.875 ], [ 555752.8125, 2339473.4375 ], [ 555759.0625, 2339464.6875 ], [ 555763.75, 2339461.875 ], [ 555769.6875, 2339460.3125 ], [ 555896.875, 2339460.0 ], [ 555903.4375, 2339459.0625 ], [ 555908.75, 2339456.875 ], [ 555912.8125, 2339453.4375 ], [ 555919.0625, 2339444.6875 ], [ 555926.5625, 2339440.9375 ], [ 555933.125, 2339440.0 ], [ 555996.875, 2339440.0 ], [ 556003.4375, 2339440.9375 ], [ 556008.75, 2339443.125 ], [ 556012.8125, 2339446.5625 ], [ 556017.1875, 2339453.4375 ], [ 556023.75, 2339458.125 ], [ 556029.6875, 2339459.6875 ], [ 556040.3125, 2339460.3125 ], [ 556048.75, 2339463.125 ], [ 556052.8125, 2339466.5625 ], [ 556059.0625, 2339475.3125 ], [ 556066.5625, 2339479.0625 ], [ 556073.125, 2339480.0 ], [ 556136.875, 2339480.0 ], [ 556143.4375, 2339480.9375 ], [ 556150.9375, 2339484.6875 ], [ 556159.0625, 2339495.3125 ], [ 556166.5625, 2339499.0625 ], [ 556173.125, 2339500.0 ], [ 556210.46875, 2339500.15625 ], [ 556220.3125, 2339501.5625 ], [ 556228.75, 2339504.375 ], [ 556251.25, 2339515.625 ], [ 556262.8125, 2339519.0625 ], [ 556273.125, 2339520.0 ], [ 556336.875, 2339520.0 ], [ 556343.4375, 2339520.9375 ], [ 556350.9375, 2339524.6875 ], [ 556357.1875, 2339533.4375 ], [ 556363.75, 2339538.125 ], [ 556373.125, 2339540.0 ], [ 556406.875, 2339540.0 ], [ 556413.4375, 2339540.9375 ], [ 556420.9375, 2339544.6875 ], [ 556427.1875, 2339553.4375 ], [ 556431.25, 2339556.875 ], [ 556436.5625, 2339559.0625 ], [ 556443.125, 2339560.0 ], [ 556690.3125, 2339559.6875 ], [ 556696.25, 2339558.125 ], [ 556700.9375, 2339555.3125 ], [ 556707.1875, 2339546.5625 ], [ 556713.75, 2339541.875 ], [ 556719.6875, 2339540.3125 ], [ 556733.90625, 2339539.53125 ], [ 556743.28125, 2339537.65625 ], [ 556773.90625, 2339523.28125 ], [ 556786.09375, 2339520.46875 ], [ 556920.3125, 2339519.6875 ], [ 556926.25, 2339518.125 ], [ 556930.9375, 2339515.3125 ], [ 556937.1875, 2339506.5625 ], [ 556941.25, 2339503.125 ], [ 556946.5625, 2339500.9375 ], [ 556953.125, 2339500.0 ], [ 557226.875, 2339500.0 ], [ 557233.4375, 2339499.0625 ], [ 557238.75, 2339496.875 ], [ 557242.8125, 2339493.4375 ], [ 557247.1875, 2339486.5625 ], [ 557251.25, 2339483.125 ], [ 557256.5625, 2339480.9375 ], [ 557263.125, 2339480.0 ], [ 557330.3125, 2339480.3125 ], [ 557336.25, 2339481.875 ], [ 557340.9375, 2339484.6875 ], [ 557347.1875, 2339493.4375 ], [ 557351.25, 2339496.875 ], [ 557356.5625, 2339499.0625 ], [ 557363.125, 2339500.0 ], [ 557550.3125, 2339499.6875 ], [ 557558.75, 2339496.875 ], [ 557562.8125, 2339493.4375 ], [ 557569.0625, 2339484.6875 ], [ 557573.75, 2339481.875 ], [ 557579.6875, 2339480.3125 ], [ 557706.875, 2339480.0 ], [ 557713.4375, 2339479.0625 ], [ 557720.9375, 2339475.3125 ], [ 557727.1875, 2339466.5625 ], [ 557733.75, 2339461.875 ], [ 557739.6875, 2339460.3125 ], [ 557750.46875, 2339459.84375 ], [ 557760.3125, 2339458.4375 ], [ 557768.75, 2339455.625 ], [ 557773.4375, 2339452.8125 ], [ 557776.875, 2339448.75 ], [ 557779.0625, 2339443.4375 ], [ 557780.0, 2339433.125 ], [ 557781.40625, 2339427.03125 ], [ 557784.6875, 2339422.8125 ], [ 557787.03125, 2339421.40625 ], [ 557793.125, 2339420.0 ], [ 557890.15625, 2339420.46875 ], [ 557895.3125, 2339422.8125 ], [ 557898.59375, 2339427.03125 ], [ 557899.53125, 2339429.84375 ], [ 557900.9375, 2339443.4375 ], [ 557903.125, 2339448.75 ], [ 557908.75, 2339454.375 ], [ 557916.71875, 2339457.65625 ], [ 557922.8125, 2339459.0625 ], [ 557933.125, 2339460.0 ], [ 558060.3125, 2339460.3125 ], [ 558066.25, 2339461.875 ], [ 558070.9375, 2339464.6875 ], [ 558077.1875, 2339473.4375 ], [ 558083.75, 2339478.125 ], [ 558089.6875, 2339479.6875 ], [ 558100.3125, 2339480.3125 ], [ 558108.75, 2339483.125 ], [ 558112.8125, 2339486.5625 ], [ 558117.1875, 2339493.4375 ], [ 558123.75, 2339498.125 ], [ 558133.125, 2339500.0 ], [ 558170.15625, 2339499.53125 ], [ 558175.3125, 2339497.1875 ], [ 558178.59375, 2339492.96875 ], [ 558179.53125, 2339490.15625 ], [ 558180.9375, 2339476.5625 ], [ 558183.125, 2339471.25 ], [ 558186.5625, 2339467.1875 ], [ 558195.3125, 2339460.9375 ], [ 558199.0625, 2339453.4375 ], [ 558200.0, 2339446.875 ], [ 558200.3125, 2339319.6875 ], [ 558201.875, 2339313.75 ], [ 558204.6875, 2339309.0625 ], [ 558213.4375, 2339302.8125 ], [ 558216.875, 2339298.75 ], [ 558219.0625, 2339293.4375 ], [ 558220.0, 2339286.875 ], [ 558219.84375, 2338949.53125 ], [ 558219.0625, 2338942.8125 ], [ 558216.71875, 2338933.90625 ], [ 558204.375, 2338908.75 ], [ 558201.5625, 2338900.3125 ], [ 558200.0, 2338886.875 ], [ 558199.53125, 2338846.09375 ], [ 558196.71875, 2338833.90625 ], [ 558194.375, 2338828.75 ], [ 558190.9375, 2338824.6875 ], [ 558183.4375, 2338820.9375 ], [ 558162.8125, 2338819.0625 ], [ 558156.71875, 2338817.65625 ], [ 558148.75, 2338814.375 ], [ 558144.6875, 2338810.9375 ], [ 558141.875, 2338806.25 ], [ 558140.3125, 2338800.3125 ], [ 558139.53125, 2338789.84375 ], [ 558137.1875, 2338784.6875 ], [ 558132.96875, 2338781.40625 ], [ 558126.875, 2338780.0 ], [ 558059.6875, 2338780.3125 ], [ 558053.75, 2338781.875 ], [ 558049.0625, 2338784.6875 ], [ 558042.8125, 2338793.4375 ], [ 558038.75, 2338796.875 ], [ 558033.4375, 2338799.0625 ], [ 558026.875, 2338800.0 ], [ 557899.6875, 2338799.6875 ], [ 557893.75, 2338798.125 ], [ 557889.0625, 2338795.3125 ], [ 557882.8125, 2338786.5625 ], [ 557878.75, 2338783.125 ], [ 557873.4375, 2338780.9375 ], [ 557866.875, 2338780.0 ], [ 557649.53125, 2338780.15625 ], [ 557642.8125, 2338780.9375 ], [ 557633.90625, 2338783.28125 ], [ 557628.75, 2338785.625 ], [ 557624.6875, 2338789.0625 ], [ 557620.9375, 2338796.5625 ], [ 557620.0, 2338806.875 ], [ 557618.59375, 2338812.96875 ], [ 557617.1875, 2338815.3125 ], [ 557612.96875, 2338818.59375 ], [ 557606.875, 2338820.0 ], [ 557573.125, 2338820.0 ], [ 557559.6875, 2338821.5625 ], [ 557551.25, 2338824.375 ], [ 557526.09375, 2338836.71875 ], [ 557513.90625, 2338839.53125 ], [ 557439.6875, 2338839.6875 ], [ 557431.25, 2338836.875 ], [ 557427.1875, 2338833.4375 ], [ 557420.9375, 2338824.6875 ], [ 557413.4375, 2338820.9375 ], [ 557406.875, 2338820.0 ], [ 557373.125, 2338820.0 ], [ 557366.5625, 2338820.9375 ], [ 557361.25, 2338823.125 ], [ 557357.1875, 2338826.5625 ], [ 557350.9375, 2338835.3125 ], [ 557343.4375, 2338839.0625 ], [ 557336.875, 2338840.0 ], [ 557273.125, 2338840.0 ], [ 557266.5625, 2338839.0625 ], [ 557261.25, 2338836.875 ], [ 557257.1875, 2338833.4375 ], [ 557252.8125, 2338826.5625 ], [ 557246.25, 2338821.875 ], [ 557240.3125, 2338820.3125 ], [ 557229.53125, 2338820.15625 ], [ 557222.8125, 2338820.9375 ], [ 557213.90625, 2338823.28125 ], [ 557186.09375, 2338836.71875 ], [ 557173.90625, 2338839.53125 ], [ 557039.6875, 2338840.3125 ], [ 557033.75, 2338841.875 ], [ 557029.0625, 2338844.6875 ], [ 557022.8125, 2338853.4375 ], [ 557016.25, 2338858.125 ], [ 557010.3125, 2338859.6875 ], [ 556999.6875, 2338860.3125 ], [ 556991.25, 2338863.125 ], [ 556987.1875, 2338866.5625 ], [ 556980.9375, 2338875.3125 ], [ 556973.4375, 2338879.0625 ], [ 556966.875, 2338880.0 ], [ 556866.09375, 2338880.46875 ], [ 556853.90625, 2338883.28125 ], [ 556823.28125, 2338897.65625 ], [ 556817.1875, 2338899.0625 ], [ 556806.875, 2338900.0 ], [ 556173.125, 2338900.0 ], [ 556166.5625, 2338899.0625 ], [ 556161.25, 2338896.875 ], [ 556157.1875, 2338893.4375 ], [ 556150.9375, 2338884.6875 ], [ 556146.25, 2338881.875 ], [ 556140.3125, 2338880.3125 ], [ 555953.125, 2338880.0 ], [ 555946.5625, 2338879.0625 ], [ 555941.25, 2338876.875 ], [ 555937.1875, 2338873.4375 ], [ 555930.9375, 2338864.6875 ], [ 555926.25, 2338861.875 ], [ 555920.3125, 2338860.3125 ], [ 555733.125, 2338860.0 ], [ 555726.5625, 2338859.0625 ], [ 555721.25, 2338856.875 ], [ 555717.1875, 2338853.4375 ], [ 555710.9375, 2338844.6875 ], [ 555703.4375, 2338840.9375 ], [ 555696.875, 2338840.0 ], [ 555659.6875, 2338840.3125 ], [ 555651.25, 2338843.125 ], [ 555647.1875, 2338846.5625 ], [ 555640.9375, 2338855.3125 ], [ 555633.4375, 2338859.0625 ], [ 555626.875, 2338860.0 ], [ 555589.53125, 2338860.15625 ], [ 555579.6875, 2338861.5625 ], [ 555571.25, 2338864.375 ], [ 555546.09375, 2338876.71875 ], [ 555533.90625, 2338879.53125 ], [ 555459.6875, 2338880.3125 ], [ 555451.25, 2338883.125 ], [ 555447.1875, 2338886.5625 ], [ 555440.9375, 2338895.3125 ], [ 555436.25, 2338898.125 ], [ 555430.3125, 2338899.6875 ], [ 555333.125, 2338900.0 ], [ 555326.5625, 2338900.9375 ], [ 555319.0625, 2338904.6875 ], [ 555312.8125, 2338913.4375 ], [ 555306.25, 2338918.125 ], [ 555300.3125, 2338919.6875 ], [ 555286.09375, 2338920.46875 ], [ 555276.71875, 2338922.34375 ], [ 555271.25, 2338924.375 ], [ 555248.75, 2338935.625 ], [ 555240.3125, 2338942.1875 ], [ 555230.9375, 2338955.3125 ], [ 555223.4375, 2338959.0625 ], [ 555216.875, 2338960.0 ], [ 555183.125, 2338960.0 ], [ 555176.5625, 2338960.9375 ], [ 555169.0625, 2338964.6875 ], [ 555160.9375, 2338975.3125 ], [ 555153.4375, 2338979.0625 ], [ 555146.875, 2338980.0 ], [ 555109.53125, 2338980.15625 ], [ 555099.6875, 2338981.5625 ], [ 555091.25, 2338984.375 ], [ 555068.75, 2338995.625 ], [ 555057.1875, 2338999.0625 ], [ 555046.875, 2339000.0 ], [ 554983.125, 2339000.0 ], [ 554976.5625, 2339000.9375 ], [ 554969.0625, 2339004.6875 ], [ 554962.8125, 2339013.4375 ], [ 554958.75, 2339016.875 ], [ 554953.4375, 2339019.0625 ], [ 554939.6875, 2339020.3125 ], [ 554933.75, 2339021.875 ], [ 554927.1875, 2339026.5625 ], [ 554920.9375, 2339035.3125 ], [ 554913.4375, 2339039.0625 ], [ 554906.875, 2339040.0 ], [ 554873.125, 2339040.0 ], [ 554862.8125, 2339040.9375 ], [ 554853.90625, 2339043.28125 ], [ 554828.75, 2339055.625 ], [ 554820.3125, 2339058.4375 ], [ 554810.46875, 2339059.84375 ], [ 554773.125, 2339060.0 ], [ 554766.5625, 2339060.9375 ], [ 554759.0625, 2339064.6875 ], [ 554750.9375, 2339075.3125 ], [ 554746.25, 2339078.125 ], [ 554740.3125, 2339079.6875 ], [ 554673.125, 2339080.0 ], [ 554666.5625, 2339080.9375 ], [ 554659.0625, 2339084.6875 ], [ 554650.9375, 2339095.3125 ], [ 554646.25, 2339098.125 ], [ 554640.3125, 2339099.6875 ], [ 554513.125, 2339100.0 ], [ 554506.5625, 2339099.0625 ], [ 554501.25, 2339096.875 ], [ 554497.1875, 2339093.4375 ], [ 554490.9375, 2339084.6875 ], [ 554483.4375, 2339080.9375 ], [ 554476.875, 2339080.0 ], [ 554413.125, 2339080.0 ], [ 554406.5625, 2339080.9375 ], [ 554401.25, 2339083.125 ], [ 554397.1875, 2339086.5625 ], [ 554390.9375, 2339095.3125 ], [ 554386.25, 2339098.125 ], [ 554380.3125, 2339099.6875 ], [ 554129.53125, 2339100.15625 ], [ 554122.8125, 2339100.9375 ], [ 554113.90625, 2339103.28125 ], [ 554088.75, 2339115.625 ], [ 554077.1875, 2339119.0625 ], [ 554066.875, 2339120.0 ], [ 553999.6875, 2339120.3125 ], [ 553991.25, 2339123.125 ], [ 553987.1875, 2339126.5625 ], [ 553980.9375, 2339135.3125 ], [ 553973.4375, 2339139.0625 ], [ 553966.875, 2339140.0 ], [ 553933.125, 2339140.0 ], [ 553923.75, 2339141.875 ], [ 553917.1875, 2339146.5625 ], [ 553910.9375, 2339155.3125 ], [ 553903.4375, 2339159.0625 ], [ 553896.875, 2339160.0 ], [ 553863.125, 2339160.0 ], [ 553853.75, 2339161.875 ], [ 553847.1875, 2339166.5625 ], [ 553840.9375, 2339175.3125 ], [ 553833.4375, 2339179.0625 ], [ 553826.875, 2339180.0 ], [ 553733.125, 2339180.0 ], [ 553726.5625, 2339180.9375 ], [ 553719.0625, 2339184.6875 ], [ 553712.8125, 2339193.4375 ], [ 553708.75, 2339196.875 ], [ 553703.4375, 2339199.0625 ], [ 553689.6875, 2339200.3125 ], [ 553683.75, 2339201.875 ], [ 553677.1875, 2339206.5625 ], [ 553670.9375, 2339215.3125 ], [ 553663.4375, 2339219.0625 ], [ 553656.875, 2339220.0 ], [ 553559.6875, 2339220.3125 ], [ 553551.25, 2339223.125 ], [ 553547.1875, 2339226.5625 ], [ 553540.9375, 2339235.3125 ], [ 553536.25, 2339238.125 ], [ 553530.3125, 2339239.6875 ], [ 553429.6875, 2339240.3125 ], [ 553421.25, 2339243.125 ], [ 553417.1875, 2339246.5625 ], [ 553410.9375, 2339255.3125 ], [ 553403.4375, 2339259.0625 ], [ 553396.875, 2339260.0 ], [ 553329.6875, 2339260.3125 ], [ 553321.25, 2339263.125 ], [ 553317.1875, 2339266.5625 ], [ 553310.9375, 2339275.3125 ], [ 553303.4375, 2339279.0625 ], [ 553296.875, 2339280.0 ], [ 553233.125, 2339280.0 ], [ 553226.5625, 2339280.9375 ], [ 553219.0625, 2339284.6875 ], [ 553212.8125, 2339293.4375 ], [ 553206.25, 2339298.125 ], [ 553196.875, 2339300.0 ], [ 553163.125, 2339300.0 ], [ 553156.5625, 2339300.9375 ], [ 553149.0625, 2339304.6875 ], [ 553140.9375, 2339315.3125 ], [ 553133.4375, 2339319.0625 ], [ 553126.875, 2339320.0 ], [ 553063.125, 2339320.0 ], [ 553056.5625, 2339320.9375 ], [ 553049.0625, 2339324.6875 ], [ 553042.8125, 2339333.4375 ], [ 553038.75, 2339336.875 ], [ 553033.4375, 2339339.0625 ], [ 553019.6875, 2339340.3125 ], [ 553013.75, 2339341.875 ], [ 553007.1875, 2339346.5625 ], [ 553000.9375, 2339355.3125 ], [ 552993.4375, 2339359.0625 ], [ 552986.875, 2339360.0 ], [ 552829.6875, 2339360.3125 ], [ 552821.25, 2339363.125 ], [ 552817.1875, 2339366.5625 ], [ 552810.9375, 2339375.3125 ], [ 552803.4375, 2339379.0625 ], [ 552796.875, 2339380.0 ], [ 552763.125, 2339380.0 ], [ 552756.5625, 2339380.9375 ], [ 552749.0625, 2339384.6875 ], [ 552740.9375, 2339395.3125 ], [ 552733.4375, 2339399.0625 ], [ 552726.875, 2339400.0 ], [ 552689.53125, 2339400.15625 ], [ 552679.6875, 2339401.5625 ], [ 552671.25, 2339404.375 ], [ 552648.75, 2339415.625 ], [ 552640.3125, 2339418.4375 ], [ 552626.875, 2339420.0 ], [ 552559.6875, 2339420.3125 ], [ 552551.25, 2339423.125 ], [ 552547.1875, 2339426.5625 ], [ 552540.9375, 2339435.3125 ], [ 552536.25, 2339438.125 ], [ 552530.3125, 2339439.6875 ], [ 552433.125, 2339440.0 ], [ 552426.5625, 2339440.9375 ], [ 552419.0625, 2339444.6875 ], [ 552412.8125, 2339453.4375 ], [ 552406.25, 2339458.125 ], [ 552400.3125, 2339459.6875 ], [ 552389.53125, 2339460.15625 ], [ 552379.6875, 2339461.5625 ], [ 552371.25, 2339464.375 ], [ 552366.5625, 2339467.1875 ], [ 552363.125, 2339471.25 ], [ 552360.9375, 2339476.5625 ], [ 552360.0, 2339486.875 ], [ 552358.59375, 2339492.96875 ], [ 552355.3125, 2339497.1875 ], [ 552350.15625, 2339499.53125 ], [ 552073.125, 2339500.0 ], [ 552066.5625, 2339500.9375 ], [ 552061.25, 2339503.125 ], [ 552057.1875, 2339506.5625 ], [ 552052.8125, 2339513.4375 ], [ 552048.75, 2339516.875 ], [ 552043.4375, 2339519.0625 ], [ 552036.875, 2339520.0 ], [ 551823.125, 2339520.0 ], [ 551813.75, 2339518.125 ], [ 551807.1875, 2339513.4375 ], [ 551794.375, 2339488.75 ], [ 551788.75, 2339483.125 ], [ 551780.3125, 2339480.3125 ], [ 551766.09375, 2339480.46875 ], [ 551759.6875, 2339481.5625 ], [ 551751.25, 2339484.375 ], [ 551686.09375, 2339516.71875 ], [ 551677.1875, 2339519.0625 ], [ 551659.6875, 2339520.3125 ], [ 551653.75, 2339521.875 ], [ 551647.1875, 2339526.5625 ], [ 551640.9375, 2339535.3125 ], [ 551633.4375, 2339539.0625 ], [ 551626.875, 2339540.0 ], [ 551379.6875, 2339540.3125 ], [ 551373.75, 2339541.875 ], [ 551369.0625, 2339544.6875 ], [ 551362.8125, 2339553.4375 ], [ 551356.25, 2339558.125 ], [ 551350.3125, 2339559.6875 ], [ 551339.6875, 2339560.3125 ], [ 551331.25, 2339563.125 ], [ 551327.1875, 2339566.5625 ], [ 551320.9375, 2339575.3125 ], [ 551313.4375, 2339579.0625 ], [ 551306.875, 2339580.0 ], [ 551273.125, 2339580.0 ], [ 551262.8125, 2339580.9375 ], [ 551253.90625, 2339583.28125 ], [ 551228.75, 2339595.625 ], [ 551220.3125, 2339598.4375 ], [ 551210.46875, 2339599.84375 ], [ 551173.125, 2339600.0 ], [ 551166.5625, 2339600.9375 ], [ 551159.0625, 2339604.6875 ], [ 551152.8125, 2339613.4375 ], [ 551146.25, 2339618.125 ], [ 551136.875, 2339620.0 ], [ 551103.125, 2339620.0 ], [ 551096.5625, 2339620.9375 ], [ 551089.0625, 2339624.6875 ], [ 551080.9375, 2339635.3125 ], [ 551073.4375, 2339639.0625 ], [ 551066.875, 2339640.0 ], [ 550999.6875, 2339640.3125 ], [ 550991.25, 2339643.125 ], [ 550987.1875, 2339646.5625 ], [ 550980.9375, 2339655.3125 ], [ 550973.4375, 2339659.0625 ], [ 550966.875, 2339660.0 ], [ 550933.125, 2339660.0 ], [ 550926.5625, 2339660.9375 ], [ 550919.0625, 2339664.6875 ], [ 550912.8125, 2339673.4375 ], [ 550908.75, 2339676.875 ], [ 550900.3125, 2339679.6875 ], [ 550889.84375, 2339680.46875 ], [ 550887.03125, 2339681.40625 ], [ 550882.8125, 2339684.6875 ], [ 550880.46875, 2339689.84375 ], [ 550879.6875, 2339700.3125 ], [ 550876.875, 2339708.75 ], [ 550873.4375, 2339712.8125 ], [ 550864.21875, 2339718.59375 ], [ 550858.59375, 2339724.21875 ], [ 550855.625, 2339728.75 ], [ 550844.375, 2339751.25 ], [ 550840.9375, 2339762.8125 ], [ 550839.0625, 2339783.4375 ], [ 550836.875, 2339788.75 ], [ 550831.25, 2339794.375 ], [ 550823.28125, 2339797.65625 ], [ 550810.46875, 2339799.84375 ], [ 550766.09375, 2339799.53125 ], [ 550753.90625, 2339796.71875 ], [ 550723.28125, 2339782.34375 ], [ 550713.90625, 2339780.46875 ], [ 550703.125, 2339780.0 ], [ 550696.5625, 2339780.9375 ], [ 550691.25, 2339783.125 ], [ 550687.1875, 2339786.5625 ], [ 550682.8125, 2339793.4375 ], [ 550676.25, 2339798.125 ], [ 550670.3125, 2339799.6875 ], [ 550659.6875, 2339800.3125 ], [ 550651.25, 2339803.125 ], [ 550647.1875, 2339806.5625 ], [ 550641.40625, 2339815.78125 ], [ 550635.78125, 2339821.40625 ], [ 550631.25, 2339824.375 ], [ 550566.40625, 2339857.03125 ], [ 550560.3125, 2339862.1875 ], [ 550552.8125, 2339873.4375 ], [ 550548.75, 2339876.875 ], [ 550543.4375, 2339879.0625 ], [ 550529.6875, 2339880.3125 ], [ 550523.75, 2339881.875 ], [ 550519.0625, 2339884.6875 ], [ 550512.8125, 2339893.4375 ], [ 550508.75, 2339896.875 ], [ 550503.4375, 2339899.0625 ], [ 550489.6875, 2339900.3125 ], [ 550483.75, 2339901.875 ], [ 550479.0625, 2339904.6875 ], [ 550472.8125, 2339913.4375 ], [ 550468.75, 2339916.875 ], [ 550460.3125, 2339919.6875 ], [ 550449.84375, 2339920.46875 ], [ 550444.6875, 2339922.8125 ], [ 550442.8125, 2339924.6875 ], [ 550440.46875, 2339929.84375 ], [ 550439.6875, 2339940.3125 ], [ 550436.875, 2339948.75 ], [ 550433.4375, 2339952.8125 ], [ 550426.5625, 2339957.1875 ], [ 550421.875, 2339963.75 ], [ 550420.3125, 2339969.6875 ], [ 550419.6875, 2339980.3125 ], [ 550416.875, 2339988.75 ], [ 550413.4375, 2339992.8125 ], [ 550406.40625, 2339997.03125 ], [ 550400.3125, 2340002.1875 ], [ 550395.625, 2340008.75 ], [ 550384.375, 2340031.25 ], [ 550381.40625, 2340035.78125 ], [ 550375.78125, 2340041.40625 ], [ 550366.5625, 2340047.1875 ], [ 550363.125, 2340051.25 ], [ 550360.3125, 2340059.6875 ], [ 550359.53125, 2340073.90625 ], [ 550357.65625, 2340083.28125 ], [ 550354.375, 2340091.25 ], [ 550348.75, 2340096.875 ], [ 550343.4375, 2340099.0625 ], [ 550336.875, 2340100.0 ], [ 550213.125, 2340100.0 ], [ 550203.75, 2340101.875 ], [ 550199.0625, 2340104.6875 ], [ 550192.8125, 2340113.4375 ], [ 550188.75, 2340116.875 ], [ 550180.3125, 2340119.6875 ], [ 550166.5625, 2340120.9375 ], [ 550159.0625, 2340124.6875 ], [ 550155.625, 2340128.75 ], [ 550142.96875, 2340153.59375 ], [ 550139.6875, 2340157.8125 ], [ 550133.59375, 2340162.96875 ], [ 550068.75, 2340195.625 ], [ 550064.21875, 2340198.59375 ], [ 550057.03125, 2340206.40625 ], [ 550044.375, 2340231.25 ], [ 550038.75, 2340236.875 ], [ 550033.4375, 2340239.0625 ], [ 550019.6875, 2340240.3125 ], [ 550011.25, 2340243.125 ], [ 550007.1875, 2340246.5625 ], [ 549999.6875, 2340257.8125 ], [ 549993.59375, 2340262.96875 ], [ 549928.75, 2340295.625 ], [ 549924.21875, 2340298.59375 ], [ 549917.03125, 2340306.40625 ], [ 549904.375, 2340331.25 ], [ 549899.6875, 2340337.8125 ], [ 549891.25, 2340344.375 ], [ 549866.40625, 2340357.03125 ], [ 549858.59375, 2340364.21875 ], [ 549855.625, 2340368.75 ], [ 549824.375, 2340431.25 ], [ 549819.6875, 2340437.8125 ], [ 549811.25, 2340444.375 ], [ 549786.40625, 2340457.03125 ], [ 549778.59375, 2340464.21875 ], [ 549775.625, 2340468.75 ], [ 549754.375, 2340511.25 ], [ 549750.9375, 2340515.3125 ], [ 549746.25, 2340518.125 ], [ 549740.3125, 2340519.6875 ], [ 549703.125, 2340520.0 ], [ 549696.5625, 2340520.9375 ], [ 549689.0625, 2340524.6875 ], [ 549682.8125, 2340533.4375 ], [ 549678.75, 2340536.875 ], [ 549670.3125, 2340539.6875 ], [ 549656.5625, 2340540.9375 ], [ 549651.25, 2340543.125 ], [ 549647.1875, 2340546.5625 ], [ 549623.28125, 2340593.90625 ], [ 549620.46875, 2340606.09375 ], [ 549619.6875, 2340620.3125 ], [ 549616.875, 2340628.75 ], [ 549613.4375, 2340632.8125 ], [ 549604.21875, 2340638.59375 ], [ 549598.59375, 2340644.21875 ], [ 549595.625, 2340648.75 ], [ 549584.375, 2340671.25 ], [ 549577.8125, 2340679.6875 ], [ 549571.25, 2340684.375 ], [ 549548.75, 2340695.625 ], [ 549537.1875, 2340699.0625 ], [ 549526.875, 2340700.0 ], [ 549433.125, 2340700.0 ], [ 549429.84375, 2340700.46875 ], [ 549424.6875, 2340702.8125 ], [ 549422.8125, 2340704.6875 ], [ 549420.46875, 2340709.84375 ], [ 549419.6875, 2340720.3125 ], [ 549416.875, 2340728.75 ], [ 549413.4375, 2340732.8125 ], [ 549404.21875, 2340738.59375 ], [ 549398.59375, 2340744.21875 ], [ 549381.40625, 2340775.78125 ], [ 549373.59375, 2340782.96875 ], [ 549348.75, 2340795.625 ], [ 549343.125, 2340801.25 ], [ 549340.3125, 2340809.6875 ], [ 549339.0625, 2340823.4375 ], [ 549335.3125, 2340830.9375 ], [ 549331.25, 2340834.375 ], [ 549288.75, 2340855.625 ], [ 549282.1875, 2340860.3125 ], [ 549275.625, 2340868.75 ], [ 549262.96875, 2340893.59375 ], [ 549259.6875, 2340897.8125 ], [ 549253.59375, 2340902.96875 ], [ 549188.75, 2340935.625 ], [ 549184.21875, 2340938.59375 ], [ 549177.03125, 2340946.40625 ], [ 549162.96875, 2340973.59375 ], [ 549155.78125, 2340981.40625 ], [ 549124.21875, 2340998.59375 ], [ 549118.59375, 2341004.21875 ], [ 549112.8125, 2341013.4375 ], [ 549108.75, 2341016.875 ], [ 549100.3125, 2341019.6875 ], [ 549086.5625, 2341020.9375 ], [ 549079.0625, 2341024.6875 ], [ 549075.625, 2341028.75 ], [ 549062.96875, 2341053.59375 ], [ 549057.8125, 2341059.6875 ], [ 549051.25, 2341064.375 ], [ 549026.40625, 2341077.03125 ], [ 549018.59375, 2341084.21875 ], [ 549015.625, 2341088.75 ], [ 548984.375, 2341151.25 ], [ 548980.9375, 2341155.3125 ], [ 548973.4375, 2341159.0625 ], [ 548959.6875, 2341160.3125 ], [ 548951.25, 2341163.125 ], [ 548947.1875, 2341166.5625 ], [ 548942.8125, 2341173.4375 ], [ 548936.25, 2341178.125 ], [ 548930.3125, 2341179.6875 ], [ 548919.6875, 2341180.3125 ], [ 548911.25, 2341183.125 ], [ 548907.1875, 2341186.5625 ], [ 548902.8125, 2341193.4375 ], [ 548896.25, 2341198.125 ], [ 548890.3125, 2341199.6875 ], [ 548879.6875, 2341200.3125 ], [ 548871.25, 2341203.125 ], [ 548867.1875, 2341206.5625 ], [ 548862.96875, 2341213.59375 ], [ 548857.8125, 2341219.6875 ], [ 548851.25, 2341224.375 ], [ 548828.75, 2341235.625 ], [ 548824.21875, 2341238.59375 ], [ 548818.59375, 2341244.21875 ], [ 548812.8125, 2341253.4375 ], [ 548808.75, 2341256.875 ], [ 548800.3125, 2341259.6875 ], [ 548786.5625, 2341260.9375 ], [ 548779.0625, 2341264.6875 ], [ 548775.625, 2341268.75 ], [ 548762.96875, 2341293.59375 ], [ 548757.8125, 2341299.6875 ], [ 548751.25, 2341304.375 ], [ 548728.75, 2341315.625 ], [ 548720.3125, 2341322.1875 ], [ 548715.625, 2341328.75 ], [ 548704.375, 2341351.25 ], [ 548697.8125, 2341359.6875 ], [ 548691.25, 2341364.375 ], [ 548668.75, 2341375.625 ], [ 548664.21875, 2341378.59375 ], [ 548658.59375, 2341384.21875 ], [ 548652.8125, 2341393.4375 ], [ 548648.75, 2341396.875 ], [ 548643.4375, 2341399.0625 ], [ 548629.6875, 2341400.3125 ], [ 548623.75, 2341401.875 ], [ 548619.0625, 2341404.6875 ], [ 548612.8125, 2341413.4375 ], [ 548608.75, 2341416.875 ], [ 548600.3125, 2341419.6875 ], [ 548586.5625, 2341420.9375 ], [ 548579.0625, 2341424.6875 ], [ 548575.625, 2341428.75 ], [ 548564.375, 2341451.25 ], [ 548561.40625, 2341455.78125 ], [ 548555.78125, 2341461.40625 ], [ 548546.5625, 2341467.1875 ], [ 548543.125, 2341471.25 ], [ 548540.3125, 2341479.6875 ], [ 548539.53125, 2341490.15625 ], [ 548538.59375, 2341492.96875 ], [ 548535.3125, 2341497.1875 ], [ 548530.15625, 2341499.53125 ], [ 548519.6875, 2341500.3125 ], [ 548511.25, 2341503.125 ], [ 548507.1875, 2341506.5625 ], [ 548502.8125, 2341513.4375 ], [ 548496.25, 2341518.125 ], [ 548490.3125, 2341519.6875 ], [ 548476.5625, 2341520.9375 ], [ 548469.0625, 2341524.6875 ], [ 548465.625, 2341528.75 ], [ 548444.375, 2341571.25 ], [ 548439.6875, 2341577.8125 ], [ 548433.59375, 2341582.96875 ], [ 548408.75, 2341595.625 ], [ 548402.1875, 2341600.3125 ], [ 548397.03125, 2341606.40625 ], [ 548384.375, 2341631.25 ], [ 548379.6875, 2341637.8125 ], [ 548373.59375, 2341642.96875 ], [ 548348.75, 2341655.625 ], [ 548342.1875, 2341660.3125 ], [ 548337.03125, 2341666.40625 ], [ 548324.375, 2341691.25 ], [ 548317.8125, 2341699.6875 ], [ 548311.25, 2341704.375 ], [ 548288.75, 2341715.625 ], [ 548284.21875, 2341718.59375 ], [ 548278.59375, 2341724.21875 ], [ 548272.8125, 2341733.4375 ], [ 548268.75, 2341736.875 ], [ 548260.3125, 2341739.6875 ], [ 548249.84375, 2341740.46875 ], [ 548247.03125, 2341741.40625 ], [ 548242.8125, 2341744.6875 ], [ 548240.46875, 2341749.84375 ], [ 548239.6875, 2341760.3125 ], [ 548236.875, 2341768.75 ], [ 548233.4375, 2341772.8125 ], [ 548226.40625, 2341777.03125 ], [ 548220.3125, 2341782.1875 ], [ 548215.625, 2341788.75 ], [ 548204.375, 2341811.25 ], [ 548201.40625, 2341815.78125 ], [ 548195.78125, 2341821.40625 ], [ 548186.5625, 2341827.1875 ], [ 548183.125, 2341831.25 ], [ 548180.3125, 2341839.6875 ], [ 548179.0625, 2341853.4375 ], [ 548175.3125, 2341860.9375 ], [ 548171.25, 2341864.375 ], [ 548146.40625, 2341877.03125 ], [ 548142.1875, 2341880.3125 ], [ 548137.03125, 2341886.40625 ], [ 548084.375, 2341991.25 ], [ 548081.40625, 2341995.78125 ], [ 548073.59375, 2342002.96875 ], [ 548048.75, 2342015.625 ], [ 548044.6875, 2342019.0625 ], [ 548040.9375, 2342026.5625 ], [ 548039.6875, 2342040.3125 ], [ 548036.875, 2342048.75 ], [ 548033.4375, 2342052.8125 ], [ 548024.21875, 2342058.59375 ], [ 548018.59375, 2342064.21875 ], [ 548001.40625, 2342095.78125 ], [ 547993.59375, 2342102.96875 ], [ 547968.75, 2342115.625 ], [ 547960.3125, 2342122.1875 ], [ 547955.625, 2342128.75 ], [ 547944.375, 2342151.25 ], [ 547941.40625, 2342155.78125 ], [ 547935.78125, 2342161.40625 ], [ 547926.5625, 2342167.1875 ], [ 547923.125, 2342171.25 ], [ 547920.3125, 2342179.6875 ], [ 547919.0625, 2342193.4375 ], [ 547915.3125, 2342200.9375 ], [ 547911.25, 2342204.375 ], [ 547888.75, 2342215.625 ], [ 547883.125, 2342221.25 ], [ 547880.9375, 2342226.5625 ], [ 547879.6875, 2342240.3125 ], [ 547878.125, 2342246.25 ], [ 547875.3125, 2342250.9375 ], [ 547866.5625, 2342257.1875 ], [ 547863.125, 2342261.25 ], [ 547860.9375, 2342266.5625 ], [ 547859.6875, 2342280.3125 ], [ 547858.125, 2342286.25 ], [ 547855.3125, 2342290.9375 ], [ 547846.5625, 2342297.1875 ], [ 547843.125, 2342301.25 ], [ 547840.3125, 2342309.6875 ], [ 547839.0625, 2342323.4375 ], [ 547835.3125, 2342330.9375 ], [ 547831.25, 2342334.375 ], [ 547824.21875, 2342338.59375 ], [ 547818.59375, 2342344.21875 ], [ 547815.625, 2342348.75 ], [ 547804.375, 2342371.25 ], [ 547797.8125, 2342379.6875 ], [ 547791.25, 2342384.375 ], [ 547768.75, 2342395.625 ], [ 547760.3125, 2342402.1875 ], [ 547755.625, 2342408.75 ], [ 547744.375, 2342431.25 ], [ 547741.40625, 2342435.78125 ], [ 547735.78125, 2342441.40625 ], [ 547726.5625, 2342447.1875 ], [ 547723.125, 2342451.25 ], [ 547720.9375, 2342456.5625 ], [ 547719.6875, 2342470.3125 ], [ 547718.125, 2342476.25 ], [ 547715.3125, 2342480.9375 ], [ 547706.5625, 2342487.1875 ], [ 547703.125, 2342491.25 ], [ 547700.9375, 2342496.5625 ], [ 547699.6875, 2342510.3125 ], [ 547698.125, 2342516.25 ], [ 547695.3125, 2342520.9375 ], [ 547686.5625, 2342527.1875 ], [ 547683.125, 2342531.25 ], [ 547680.3125, 2342539.6875 ], [ 547679.53125, 2342550.15625 ], [ 547677.1875, 2342555.3125 ], [ 547675.3125, 2342557.1875 ], [ 547670.15625, 2342559.53125 ], [ 547659.6875, 2342560.3125 ], [ 547653.75, 2342561.875 ], [ 547649.0625, 2342564.6875 ], [ 547644.375, 2342571.25 ], [ 547640.9375, 2342582.8125 ], [ 547639.6875, 2342600.3125 ], [ 547638.125, 2342606.25 ], [ 547635.3125, 2342610.9375 ], [ 547626.5625, 2342617.1875 ], [ 547623.125, 2342621.25 ], [ 547620.9375, 2342626.5625 ], [ 547619.6875, 2342640.3125 ], [ 547618.125, 2342646.25 ], [ 547615.3125, 2342650.9375 ], [ 547606.5625, 2342657.1875 ], [ 547601.875, 2342663.75 ], [ 547600.0, 2342673.125 ], [ 547600.0, 2342706.875 ], [ 547599.0625, 2342713.4375 ], [ 547595.3125, 2342720.9375 ], [ 547586.5625, 2342727.1875 ], [ 547581.875, 2342733.75 ], [ 547580.3125, 2342739.6875 ], [ 547579.6875, 2342750.3125 ], [ 547576.875, 2342758.75 ], [ 547571.25, 2342764.375 ], [ 547546.40625, 2342777.03125 ], [ 547538.59375, 2342784.21875 ], [ 547535.625, 2342788.75 ], [ 547482.96875, 2342893.59375 ], [ 547479.6875, 2342897.8125 ], [ 547473.59375, 2342902.96875 ], [ 547448.75, 2342915.625 ], [ 547443.125, 2342921.25 ], [ 547440.9375, 2342926.5625 ], [ 547439.6875, 2342940.3125 ], [ 547436.875, 2342948.75 ], [ 547433.4375, 2342952.8125 ], [ 547424.21875, 2342958.59375 ], [ 547418.59375, 2342964.21875 ], [ 547415.625, 2342968.75 ], [ 547382.96875, 2343033.59375 ], [ 547377.8125, 2343039.6875 ], [ 547366.5625, 2343047.1875 ], [ 547363.125, 2343051.25 ], [ 547360.9375, 2343056.5625 ], [ 547359.6875, 2343070.3125 ], [ 547356.875, 2343078.75 ], [ 547351.25, 2343084.375 ], [ 547326.40625, 2343097.03125 ], [ 547322.1875, 2343100.3125 ], [ 547317.03125, 2343106.40625 ], [ 547282.96875, 2343173.59375 ], [ 547277.8125, 2343179.6875 ], [ 547266.5625, 2343187.1875 ], [ 547263.125, 2343191.25 ], [ 547260.9375, 2343196.5625 ], [ 547259.6875, 2343210.3125 ], [ 547258.125, 2343216.25 ], [ 547255.3125, 2343220.9375 ], [ 547246.5625, 2343227.1875 ], [ 547241.875, 2343233.75 ], [ 547240.3125, 2343239.6875 ], [ 547239.53125, 2343253.90625 ], [ 547237.65625, 2343263.28125 ], [ 547235.625, 2343268.75 ], [ 547222.96875, 2343293.59375 ], [ 547219.6875, 2343297.8125 ], [ 547213.59375, 2343302.96875 ], [ 547188.75, 2343315.625 ], [ 547183.125, 2343321.25 ], [ 547180.9375, 2343326.5625 ], [ 547179.6875, 2343340.3125 ], [ 547176.875, 2343348.75 ], [ 547173.4375, 2343352.8125 ], [ 547166.40625, 2343357.03125 ], [ 547160.3125, 2343362.1875 ], [ 547155.625, 2343368.75 ], [ 547144.375, 2343391.25 ], [ 547141.40625, 2343395.78125 ], [ 547135.78125, 2343401.40625 ], [ 547126.5625, 2343407.1875 ], [ 547123.125, 2343411.25 ], [ 547120.9375, 2343416.5625 ], [ 547119.6875, 2343430.3125 ], [ 547118.125, 2343436.25 ], [ 547115.3125, 2343440.9375 ], [ 547106.5625, 2343447.1875 ], [ 547103.125, 2343451.25 ], [ 547100.9375, 2343456.5625 ], [ 547099.6875, 2343470.3125 ], [ 547096.875, 2343478.75 ], [ 547091.25, 2343484.375 ], [ 547068.75, 2343495.625 ], [ 547062.1875, 2343500.3125 ], [ 547055.625, 2343508.75 ], [ 547044.375, 2343531.25 ], [ 547041.40625, 2343535.78125 ], [ 547035.78125, 2343541.40625 ], [ 547026.5625, 2343547.1875 ], [ 547023.125, 2343551.25 ], [ 547020.9375, 2343556.5625 ], [ 547019.6875, 2343570.3125 ], [ 547018.125, 2343576.25 ], [ 547015.3125, 2343580.9375 ], [ 547006.5625, 2343587.1875 ], [ 547003.125, 2343591.25 ], [ 547000.3125, 2343599.6875 ], [ 546999.53125, 2343610.15625 ], [ 546997.1875, 2343615.3125 ], [ 546995.3125, 2343617.1875 ], [ 546990.15625, 2343619.53125 ], [ 546979.6875, 2343620.3125 ], [ 546971.25, 2343623.125 ], [ 546967.1875, 2343626.5625 ], [ 546959.6875, 2343637.8125 ], [ 546953.59375, 2343642.96875 ], [ 546906.5625, 2343667.1875 ], [ 546903.125, 2343671.25 ], [ 546900.9375, 2343676.5625 ], [ 546899.6875, 2343690.3125 ], [ 546896.875, 2343698.75 ], [ 546891.25, 2343704.375 ], [ 546868.75, 2343715.625 ], [ 546864.6875, 2343719.0625 ], [ 546860.9375, 2343726.5625 ], [ 546859.6875, 2343740.3125 ], [ 546856.875, 2343748.75 ], [ 546853.4375, 2343752.8125 ], [ 546846.5625, 2343757.1875 ], [ 546841.875, 2343763.75 ], [ 546840.3125, 2343769.6875 ], [ 546839.6875, 2343780.3125 ], [ 546836.875, 2343788.75 ], [ 546833.4375, 2343792.8125 ], [ 546826.40625, 2343797.03125 ], [ 546820.3125, 2343802.1875 ], [ 546810.9375, 2343815.3125 ], [ 546806.25, 2343818.125 ], [ 546800.3125, 2343819.6875 ], [ 546763.125, 2343820.0 ], [ 546753.75, 2343821.875 ], [ 546747.1875, 2343826.5625 ], [ 546741.40625, 2343835.78125 ], [ 546735.78125, 2343841.40625 ], [ 546704.21875, 2343858.59375 ], [ 546697.03125, 2343866.40625 ], [ 546684.375, 2343891.25 ], [ 546679.6875, 2343897.8125 ], [ 546671.25, 2343904.375 ], [ 546646.40625, 2343917.03125 ], [ 546638.59375, 2343924.21875 ], [ 546621.40625, 2343955.78125 ], [ 546615.78125, 2343961.40625 ], [ 546606.5625, 2343967.1875 ], [ 546603.125, 2343971.25 ], [ 546600.3125, 2343979.6875 ], [ 546599.0625, 2343993.4375 ], [ 546595.3125, 2344000.9375 ], [ 546591.25, 2344004.375 ], [ 546546.5625, 2344027.1875 ], [ 546541.875, 2344033.75 ], [ 546540.3125, 2344039.6875 ], [ 546539.53125, 2344050.15625 ], [ 546537.1875, 2344055.3125 ], [ 546532.96875, 2344058.59375 ], [ 546530.15625, 2344059.53125 ], [ 546516.5625, 2344060.9375 ], [ 546509.0625, 2344064.6875 ], [ 546505.625, 2344068.75 ], [ 546494.375, 2344091.25 ], [ 546490.9375, 2344095.3125 ], [ 546483.4375, 2344099.0625 ], [ 546466.5625, 2344100.9375 ], [ 546461.25, 2344103.125 ], [ 546457.1875, 2344106.5625 ], [ 546422.96875, 2344173.59375 ], [ 546417.8125, 2344179.6875 ], [ 546406.5625, 2344187.1875 ], [ 546403.125, 2344191.25 ], [ 546400.9375, 2344196.5625 ], [ 546399.6875, 2344210.3125 ], [ 546396.875, 2344218.75 ], [ 546391.25, 2344224.375 ], [ 546368.75, 2344235.625 ], [ 546360.3125, 2344242.1875 ], [ 546355.625, 2344248.75 ], [ 546344.375, 2344271.25 ], [ 546337.8125, 2344279.6875 ], [ 546331.25, 2344284.375 ], [ 546308.75, 2344295.625 ], [ 546304.21875, 2344298.59375 ], [ 546298.59375, 2344304.21875 ], [ 546292.8125, 2344313.4375 ], [ 546288.75, 2344316.875 ], [ 546280.3125, 2344319.6875 ], [ 546266.5625, 2344320.9375 ], [ 546259.0625, 2344324.6875 ], [ 546255.625, 2344328.75 ], [ 546242.96875, 2344353.59375 ], [ 546237.8125, 2344359.6875 ], [ 546231.25, 2344364.375 ], [ 546168.75, 2344395.625 ], [ 546164.21875, 2344398.59375 ], [ 546157.03125, 2344406.40625 ], [ 546144.375, 2344431.25 ], [ 546139.6875, 2344437.8125 ], [ 546133.59375, 2344442.96875 ], [ 546108.75, 2344455.625 ], [ 546104.6875, 2344459.0625 ], [ 546100.9375, 2344466.5625 ], [ 546099.6875, 2344480.3125 ], [ 546096.875, 2344488.75 ], [ 546093.4375, 2344492.8125 ], [ 546084.21875, 2344498.59375 ], [ 546078.59375, 2344504.21875 ], [ 546061.40625, 2344535.78125 ], [ 546053.59375, 2344542.96875 ], [ 546026.40625, 2344557.03125 ], [ 546022.1875, 2344560.3125 ], [ 546017.03125, 2344566.40625 ], [ 546003.28125, 2344593.90625 ], [ 546000.9375, 2344602.8125 ], [ 545999.0625, 2344623.4375 ], [ 545995.3125, 2344630.9375 ], [ 545991.25, 2344634.375 ], [ 545984.21875, 2344638.59375 ], [ 545978.59375, 2344644.21875 ], [ 545975.625, 2344648.75 ], [ 545964.375, 2344671.25 ], [ 545957.8125, 2344679.6875 ], [ 545951.25, 2344684.375 ], [ 545928.75, 2344695.625 ], [ 545920.3125, 2344702.1875 ], [ 545915.625, 2344708.75 ], [ 545904.375, 2344731.25 ], [ 545897.8125, 2344739.6875 ], [ 545891.25, 2344744.375 ], [ 545868.75, 2344755.625 ], [ 545864.21875, 2344758.59375 ], [ 545858.59375, 2344764.21875 ], [ 545852.8125, 2344773.4375 ], [ 545848.75, 2344776.875 ], [ 545840.3125, 2344779.6875 ], [ 545826.5625, 2344780.9375 ], [ 545819.0625, 2344784.6875 ], [ 545815.625, 2344788.75 ], [ 545804.375, 2344811.25 ], [ 545799.6875, 2344817.8125 ], [ 545793.59375, 2344822.96875 ], [ 545768.75, 2344835.625 ], [ 545762.1875, 2344840.3125 ], [ 545755.625, 2344848.75 ], [ 545744.375, 2344871.25 ], [ 545738.75, 2344876.875 ], [ 545733.4375, 2344879.0625 ], [ 545719.6875, 2344880.3125 ], [ 545713.75, 2344881.875 ], [ 545709.0625, 2344884.6875 ], [ 545702.8125, 2344893.4375 ], [ 545698.75, 2344896.875 ], [ 545693.4375, 2344899.0625 ], [ 545679.6875, 2344900.3125 ], [ 545671.25, 2344903.125 ], [ 545667.1875, 2344906.5625 ], [ 545662.96875, 2344913.59375 ], [ 545657.8125, 2344919.6875 ], [ 545651.25, 2344924.375 ], [ 545628.75, 2344935.625 ], [ 545624.21875, 2344938.59375 ], [ 545618.59375, 2344944.21875 ], [ 545612.8125, 2344953.4375 ], [ 545608.75, 2344956.875 ], [ 545600.3125, 2344959.6875 ], [ 545586.5625, 2344960.9375 ], [ 545581.25, 2344963.125 ], [ 545577.1875, 2344966.5625 ], [ 545544.375, 2345031.25 ], [ 545541.40625, 2345035.78125 ], [ 545533.59375, 2345042.96875 ], [ 545508.75, 2345055.625 ], [ 545504.6875, 2345059.0625 ], [ 545500.9375, 2345066.5625 ], [ 545499.6875, 2345080.3125 ], [ 545496.875, 2345088.75 ], [ 545493.4375, 2345092.8125 ], [ 545486.40625, 2345097.03125 ], [ 545480.3125, 2345102.1875 ], [ 545475.625, 2345108.75 ], [ 545464.375, 2345131.25 ], [ 545461.40625, 2345135.78125 ], [ 545455.78125, 2345141.40625 ], [ 545446.5625, 2345147.1875 ], [ 545443.125, 2345151.25 ], [ 545440.3125, 2345159.6875 ], [ 545439.0625, 2345173.4375 ], [ 545435.3125, 2345180.9375 ], [ 545431.25, 2345184.375 ], [ 545406.40625, 2345197.03125 ], [ 545402.1875, 2345200.3125 ], [ 545397.03125, 2345206.40625 ], [ 545362.96875, 2345273.59375 ], [ 545357.8125, 2345279.6875 ], [ 545346.5625, 2345287.1875 ], [ 545343.125, 2345291.25 ], [ 545340.9375, 2345296.5625 ], [ 545339.6875, 2345310.3125 ], [ 545338.125, 2345316.25 ], [ 545335.3125, 2345320.9375 ], [ 545326.5625, 2345327.1875 ], [ 545323.125, 2345331.25 ], [ 545320.9375, 2345336.5625 ], [ 545319.6875, 2345350.3125 ], [ 545316.875, 2345358.75 ], [ 545311.25, 2345364.375 ], [ 545288.75, 2345375.625 ], [ 545283.125, 2345381.25 ], [ 545280.9375, 2345386.5625 ], [ 545280.0, 2345393.125 ], [ 545280.0, 2345426.875 ], [ 545278.59375, 2345432.96875 ], [ 545277.1875, 2345435.3125 ], [ 545272.96875, 2345438.59375 ], [ 545270.15625, 2345439.53125 ], [ 545256.5625, 2345440.9375 ], [ 545251.25, 2345443.125 ], [ 545247.1875, 2345446.5625 ], [ 545243.28125, 2345453.90625 ], [ 545241.5625, 2345459.6875 ], [ 545240.15625, 2345469.53125 ], [ 545240.0, 2345506.875 ], [ 545238.4375, 2345520.3125 ], [ 545235.625, 2345528.75 ], [ 545222.8125, 2345553.4375 ], [ 545218.75, 2345556.875 ], [ 545210.3125, 2345559.6875 ], [ 545169.53125, 2345560.15625 ], [ 545156.71875, 2345562.34375 ], [ 545151.25, 2345564.375 ], [ 545088.75, 2345595.625 ], [ 545082.1875, 2345600.3125 ], [ 545077.03125, 2345606.40625 ], [ 545064.375, 2345631.25 ], [ 545060.9375, 2345635.3125 ], [ 545053.4375, 2345639.0625 ], [ 545039.6875, 2345640.3125 ], [ 545031.25, 2345643.125 ], [ 545027.1875, 2345646.5625 ], [ 545022.96875, 2345653.59375 ], [ 545017.8125, 2345659.6875 ], [ 545011.25, 2345664.375 ], [ 544986.5625, 2345677.1875 ], [ 544983.125, 2345681.25 ], [ 544980.9375, 2345686.5625 ], [ 544980.0, 2345693.125 ], [ 544980.46875, 2345733.90625 ], [ 544983.28125, 2345746.09375 ], [ 544987.1875, 2345753.4375 ], [ 544991.25, 2345756.875 ], [ 544996.5625, 2345759.0625 ], [ 545017.1875, 2345760.9375 ], [ 545023.28125, 2345762.34375 ], [ 545031.25, 2345765.625 ], [ 545035.3125, 2345769.0625 ], [ 545038.125, 2345773.75 ], [ 545039.6875, 2345779.6875 ], [ 545040.46875, 2345790.15625 ], [ 545041.40625, 2345792.96875 ], [ 545044.6875, 2345797.1875 ], [ 545049.84375, 2345799.53125 ], [ 545060.3125, 2345800.3125 ], [ 545066.25, 2345801.875 ], [ 545070.9375, 2345804.6875 ], [ 545077.1875, 2345813.4375 ], [ 545081.25, 2345816.875 ], [ 545086.5625, 2345819.0625 ], [ 545100.3125, 2345820.3125 ], [ 545106.25, 2345821.875 ], [ 545110.9375, 2345824.6875 ], [ 545114.375, 2345828.75 ], [ 545135.625, 2345871.25 ], [ 545138.4375, 2345879.6875 ], [ 545140.0, 2345893.125 ], [ 545140.0, 2345926.875 ], [ 545139.0625, 2345937.1875 ], [ 545136.71875, 2345946.09375 ], [ 545124.375, 2345971.25 ], [ 545117.8125, 2345979.6875 ], [ 545106.5625, 2345987.1875 ], [ 545103.125, 2345991.25 ], [ 545100.9375, 2345996.5625 ], [ 545099.6875, 2346010.3125 ], [ 545098.125, 2346016.25 ], [ 545093.4375, 2346022.8125 ], [ 545084.6875, 2346029.0625 ], [ 545080.9375, 2346036.5625 ], [ 545080.0, 2346043.125 ], [ 545079.84375, 2346110.46875 ], [ 545078.4375, 2346120.3125 ], [ 545075.625, 2346128.75 ], [ 545072.8125, 2346133.4375 ], [ 545066.25, 2346138.125 ], [ 545060.3125, 2346139.6875 ], [ 545053.125, 2346140.0 ], [ 545047.03125, 2346141.40625 ], [ 545042.8125, 2346144.6875 ], [ 545040.46875, 2346149.84375 ], [ 545040.0, 2346426.875 ], [ 545038.59375, 2346432.96875 ], [ 545035.3125, 2346437.1875 ], [ 545030.15625, 2346439.53125 ], [ 545016.5625, 2346440.9375 ], [ 545011.25, 2346443.125 ], [ 545007.1875, 2346446.5625 ], [ 545004.375, 2346451.25 ], [ 545002.34375, 2346456.71875 ], [ 545000.9375, 2346462.8125 ], [ 545000.0, 2346473.125 ], [ 545000.9375, 2346483.4375 ], [ 545004.6875, 2346490.9375 ], [ 545008.75, 2346494.375 ], [ 545033.4375, 2346507.1875 ], [ 545036.875, 2346511.25 ], [ 545039.0625, 2346516.5625 ], [ 545040.0, 2346523.125 ], [ 545039.6875, 2346650.3125 ], [ 545038.125, 2346656.25 ], [ 545035.3125, 2346660.9375 ], [ 545026.5625, 2346667.1875 ], [ 545021.875, 2346673.75 ], [ 545020.3125, 2346679.6875 ], [ 545019.53125, 2346693.90625 ], [ 545017.65625, 2346703.28125 ], [ 545015.625, 2346708.75 ], [ 544983.28125, 2346773.90625 ], [ 544980.9375, 2346782.8125 ], [ 544979.6875, 2346800.3125 ], [ 544978.125, 2346806.25 ], [ 544973.4375, 2346812.8125 ], [ 544964.6875, 2346819.0625 ], [ 544960.9375, 2346826.5625 ], [ 544960.0, 2346833.125 ], [ 544960.3125, 2346960.3125 ], [ 544961.875, 2346966.25 ], [ 544964.6875, 2346970.9375 ], [ 544977.8125, 2346980.3125 ], [ 544984.375, 2346988.75 ], [ 545037.03125, 2347093.59375 ], [ 545042.1875, 2347099.6875 ], [ 545055.3125, 2347109.0625 ], [ 545059.0625, 2347116.5625 ], [ 545060.0, 2347123.125 ], [ 545060.15625, 2347310.46875 ], [ 545060.9375, 2347317.1875 ], [ 545063.28125, 2347326.09375 ], [ 545076.71875, 2347353.90625 ], [ 545079.53125, 2347366.09375 ], [ 545080.0, 2347466.875 ], [ 545080.9375, 2347477.1875 ], [ 545084.375, 2347488.75 ], [ 545089.0625, 2347495.3125 ], [ 545096.5625, 2347499.0625 ], [ 545110.15625, 2347500.46875 ], [ 545112.96875, 2347501.40625 ], [ 545117.1875, 2347504.6875 ], [ 545119.53125, 2347509.84375 ], [ 545120.3125, 2347520.3125 ], [ 545123.125, 2347528.75 ], [ 545126.5625, 2347532.8125 ], [ 545135.3125, 2347539.0625 ], [ 545139.0625, 2347546.5625 ], [ 545140.0, 2347553.125 ], [ 545140.0, 2347586.875 ], [ 545140.9375, 2347593.4375 ], [ 545144.6875, 2347600.9375 ], [ 545155.3125, 2347609.0625 ], [ 545158.125, 2347613.75 ], [ 545159.6875, 2347619.6875 ], [ 545160.0, 2347686.875 ], [ 545160.9375, 2347693.4375 ], [ 545164.6875, 2347700.9375 ], [ 545175.3125, 2347709.0625 ], [ 545178.125, 2347713.75 ], [ 545179.6875, 2347719.6875 ], [ 545180.0, 2347786.875 ], [ 545180.9375, 2347797.1875 ], [ 545183.28125, 2347806.09375 ], [ 545195.625, 2347831.25 ], [ 545199.0625, 2347835.3125 ], [ 545203.75, 2347838.125 ], [ 545213.125, 2347840.0 ], [ 545246.875, 2347840.0 ], [ 545257.1875, 2347840.9375 ], [ 545268.75, 2347844.375 ], [ 545275.3125, 2347849.0625 ], [ 545278.125, 2347853.75 ], [ 545279.6875, 2347859.6875 ], [ 545280.0, 2347896.875 ], [ 545280.9375, 2347903.4375 ], [ 545283.125, 2347908.75 ], [ 545288.75, 2347914.375 ], [ 545311.25, 2347925.625 ], [ 545315.3125, 2347929.0625 ], [ 545319.0625, 2347936.5625 ], [ 545320.3125, 2347950.3125 ], [ 545323.125, 2347958.75 ], [ 545326.5625, 2347962.8125 ], [ 545333.4375, 2347967.1875 ], [ 545338.125, 2347973.75 ], [ 545340.0, 2347983.125 ], [ 545340.0, 2348046.875 ], [ 545340.9375, 2348053.4375 ], [ 545344.6875, 2348060.9375 ], [ 545353.4375, 2348067.1875 ], [ 545356.875, 2348071.25 ], [ 545359.0625, 2348076.5625 ], [ 545360.3125, 2348090.3125 ], [ 545361.875, 2348096.25 ], [ 545366.5625, 2348102.8125 ], [ 545375.3125, 2348109.0625 ], [ 545378.125, 2348113.75 ], [ 545379.6875, 2348119.6875 ], [ 545380.0, 2348186.875 ], [ 545380.46875, 2348193.90625 ], [ 545382.34375, 2348203.28125 ], [ 545397.65625, 2348236.71875 ], [ 545399.53125, 2348246.09375 ], [ 545400.3125, 2348260.3125 ], [ 545401.875, 2348266.25 ], [ 545404.6875, 2348270.9375 ], [ 545417.8125, 2348280.3125 ], [ 545424.375, 2348288.75 ], [ 545435.625, 2348311.25 ], [ 545437.65625, 2348316.71875 ], [ 545439.53125, 2348326.09375 ], [ 545440.3125, 2348340.3125 ], [ 545441.875, 2348346.25 ], [ 545444.6875, 2348350.9375 ], [ 545453.4375, 2348357.1875 ], [ 545458.125, 2348363.75 ], [ 545460.0, 2348373.125 ], [ 545460.0, 2348406.875 ], [ 545460.9375, 2348413.4375 ], [ 545464.6875, 2348420.9375 ], [ 545475.3125, 2348429.0625 ], [ 545478.125, 2348433.75 ], [ 545479.6875, 2348439.6875 ], [ 545480.0, 2348476.875 ], [ 545480.9375, 2348483.4375 ], [ 545484.6875, 2348490.9375 ], [ 545495.3125, 2348499.0625 ], [ 545499.0625, 2348506.5625 ], [ 545500.0, 2348513.125 ], [ 545500.15625, 2348550.46875 ], [ 545502.34375, 2348563.28125 ], [ 545517.65625, 2348596.71875 ], [ 545519.53125, 2348606.09375 ], [ 545520.3125, 2348620.3125 ], [ 545521.875, 2348626.25 ], [ 545526.5625, 2348632.8125 ], [ 545535.3125, 2348639.0625 ], [ 545539.0625, 2348646.5625 ], [ 545540.0, 2348653.125 ], [ 545540.15625, 2348690.46875 ], [ 545541.5625, 2348700.3125 ], [ 545544.375, 2348708.75 ], [ 545555.625, 2348731.25 ], [ 545559.0625, 2348742.8125 ], [ 545560.0, 2348753.125 ], [ 545560.15625, 2348790.46875 ], [ 545562.34375, 2348803.28125 ], [ 545564.375, 2348808.75 ], [ 545616.71875, 2348913.90625 ], [ 545618.4375, 2348919.6875 ], [ 545619.84375, 2348929.53125 ], [ 545620.0, 2348966.875 ], [ 545621.875, 2348976.25 ], [ 545624.6875, 2348980.9375 ], [ 545628.75, 2348984.375 ], [ 545651.25, 2348995.625 ], [ 545659.6875, 2349002.1875 ], [ 545664.375, 2349008.75 ], [ 545675.625, 2349031.25 ], [ 545678.4375, 2349039.6875 ], [ 545680.0, 2349053.125 ], [ 545679.6875, 2349180.3125 ], [ 545678.125, 2349186.25 ], [ 545675.3125, 2349190.9375 ], [ 545666.5625, 2349197.1875 ], [ 545661.875, 2349203.75 ], [ 545660.3125, 2349209.6875 ], [ 545659.6875, 2349220.3125 ], [ 545656.875, 2349228.75 ], [ 545653.4375, 2349232.8125 ], [ 545642.1875, 2349240.3125 ], [ 545637.03125, 2349246.40625 ], [ 545624.375, 2349271.25 ], [ 545621.5625, 2349279.6875 ], [ 545620.0, 2349293.125 ], [ 545620.0, 2349416.875 ], [ 545620.9375, 2349423.4375 ], [ 545623.125, 2349428.75 ], [ 545626.5625, 2349432.8125 ], [ 545635.3125, 2349439.0625 ], [ 545639.0625, 2349446.5625 ], [ 545640.0, 2349453.125 ], [ 545640.0, 2349516.875 ], [ 545640.9375, 2349523.4375 ], [ 545644.6875, 2349530.9375 ], [ 545655.3125, 2349539.0625 ], [ 545659.0625, 2349546.5625 ], [ 545660.0, 2349553.125 ], [ 545660.15625, 2349590.46875 ], [ 545661.5625, 2349600.3125 ], [ 545664.375, 2349608.75 ], [ 545675.625, 2349631.25 ], [ 545679.0625, 2349642.8125 ], [ 545680.0, 2349653.125 ], [ 545680.0, 2349776.875 ], [ 545680.9375, 2349783.4375 ], [ 545683.125, 2349788.75 ], [ 545686.5625, 2349792.8125 ], [ 545695.3125, 2349799.0625 ], [ 545698.125, 2349803.75 ], [ 545699.6875, 2349809.6875 ], [ 545700.0, 2349936.875 ], [ 545700.9375, 2349943.4375 ], [ 545703.125, 2349948.75 ], [ 545706.5625, 2349952.8125 ], [ 545731.25, 2349965.625 ], [ 545735.3125, 2349969.0625 ], [ 545738.125, 2349973.75 ], [ 545740.0, 2349983.125 ], [ 545740.0, 2350046.875 ], [ 545739.0625, 2350057.1875 ], [ 545736.71875, 2350066.09375 ], [ 545724.375, 2350091.25 ], [ 545721.5625, 2350099.6875 ], [ 545720.15625, 2350109.53125 ], [ 545720.0, 2350146.875 ], [ 545719.0625, 2350157.1875 ], [ 545716.71875, 2350166.09375 ], [ 545704.375, 2350191.25 ], [ 545701.5625, 2350199.6875 ], [ 545700.0, 2350213.125 ], [ 545699.53125, 2350250.15625 ], [ 545697.1875, 2350255.3125 ], [ 545692.96875, 2350258.59375 ], [ 545690.15625, 2350259.53125 ], [ 545676.5625, 2350260.9375 ], [ 545671.25, 2350263.125 ], [ 545665.625, 2350268.75 ], [ 545662.34375, 2350276.71875 ], [ 545660.9375, 2350282.8125 ], [ 545660.0, 2350293.125 ], [ 545660.0, 2350386.875 ], [ 545659.0625, 2350397.1875 ], [ 545655.625, 2350408.75 ], [ 545644.375, 2350431.25 ], [ 545642.34375, 2350436.71875 ], [ 545640.46875, 2350446.09375 ], [ 545639.6875, 2350460.3125 ], [ 545638.125, 2350466.25 ], [ 545633.4375, 2350472.8125 ], [ 545624.6875, 2350479.0625 ], [ 545620.9375, 2350486.5625 ], [ 545620.0, 2350493.125 ], [ 545620.0, 2350526.875 ], [ 545619.0625, 2350533.4375 ], [ 545615.3125, 2350540.9375 ], [ 545606.5625, 2350547.1875 ], [ 545601.875, 2350553.75 ], [ 545600.3125, 2350559.6875 ], [ 545599.53125, 2350573.90625 ], [ 545597.65625, 2350583.28125 ], [ 545595.625, 2350588.75 ], [ 545582.96875, 2350613.59375 ], [ 545579.6875, 2350617.8125 ], [ 545573.59375, 2350622.96875 ], [ 545546.40625, 2350637.03125 ], [ 545538.59375, 2350644.21875 ], [ 545535.625, 2350648.75 ], [ 545524.375, 2350671.25 ], [ 545522.34375, 2350676.71875 ], [ 545520.46875, 2350686.09375 ], [ 545519.6875, 2350700.3125 ], [ 545518.125, 2350706.25 ], [ 545513.4375, 2350712.8125 ], [ 545504.6875, 2350719.0625 ], [ 545500.9375, 2350726.5625 ], [ 545500.0, 2350733.125 ], [ 545500.0, 2350856.875 ], [ 545500.9375, 2350863.4375 ], [ 545503.125, 2350868.75 ], [ 545506.5625, 2350872.8125 ], [ 545515.3125, 2350879.0625 ], [ 545518.125, 2350883.75 ], [ 545519.6875, 2350889.6875 ], [ 545519.6875, 2350960.3125 ], [ 545516.875, 2350968.75 ], [ 545511.25, 2350974.375 ], [ 545500.3125, 2350978.4375 ], [ 545493.90625, 2350979.53125 ], [ 545479.6875, 2350980.3125 ], [ 545473.75, 2350981.875 ], [ 545467.1875, 2350986.5625 ], [ 545464.375, 2350991.25 ], [ 545462.34375, 2350996.71875 ], [ 545460.9375, 2351002.8125 ], [ 545460.0, 2351013.125 ], [ 545459.6875, 2351110.3125 ], [ 545456.875, 2351118.75 ], [ 545453.4375, 2351122.8125 ], [ 545444.6875, 2351129.0625 ], [ 545441.875, 2351133.75 ], [ 545440.3125, 2351139.6875 ], [ 545440.0, 2351206.875 ], [ 545439.0625, 2351217.1875 ], [ 545436.71875, 2351226.09375 ], [ 545432.8125, 2351233.4375 ], [ 545428.75, 2351236.875 ], [ 545423.4375, 2351239.0625 ], [ 545413.125, 2351240.0 ], [ 545407.03125, 2351241.40625 ], [ 545404.6875, 2351242.8125 ], [ 545401.40625, 2351247.03125 ], [ 545400.0, 2351253.125 ], [ 545400.0, 2351286.875 ], [ 545399.0625, 2351297.1875 ], [ 545395.625, 2351308.75 ], [ 545390.9375, 2351315.3125 ], [ 545386.25, 2351318.125 ], [ 545376.875, 2351320.0 ], [ 545313.125, 2351320.0 ], [ 545299.6875, 2351321.5625 ], [ 545291.25, 2351324.375 ], [ 545286.5625, 2351327.1875 ], [ 545283.125, 2351331.25 ], [ 545280.3125, 2351339.6875 ], [ 545280.0, 2351526.875 ], [ 545280.46875, 2351533.90625 ], [ 545282.34375, 2351543.28125 ], [ 545285.625, 2351551.25 ], [ 545289.0625, 2351555.3125 ], [ 545293.75, 2351558.125 ], [ 545299.6875, 2351559.6875 ], [ 545313.90625, 2351559.53125 ], [ 545326.09375, 2351556.71875 ], [ 545331.25, 2351554.375 ], [ 545335.3125, 2351550.9375 ], [ 545338.125, 2351546.25 ], [ 545339.6875, 2351540.3125 ], [ 545340.0, 2351503.125 ], [ 545340.9375, 2351496.5625 ], [ 545343.125, 2351491.25 ], [ 545348.75, 2351485.625 ], [ 545356.71875, 2351482.34375 ], [ 545366.09375, 2351480.46875 ], [ 545380.3125, 2351479.6875 ], [ 545388.75, 2351476.875 ], [ 545392.8125, 2351473.4375 ], [ 545397.03125, 2351466.40625 ], [ 545402.1875, 2351460.3125 ], [ 545415.3125, 2351450.9375 ], [ 545419.0625, 2351443.4375 ], [ 545420.3125, 2351429.6875 ], [ 545423.125, 2351421.25 ], [ 545426.5625, 2351417.1875 ], [ 545433.4375, 2351412.8125 ], [ 545438.125, 2351406.25 ], [ 545439.6875, 2351400.3125 ], [ 545440.3125, 2351389.6875 ], [ 545443.125, 2351381.25 ], [ 545446.5625, 2351377.1875 ], [ 545453.4375, 2351372.8125 ], [ 545456.875, 2351368.75 ], [ 545459.6875, 2351360.3125 ], [ 545460.46875, 2351349.84375 ], [ 545462.8125, 2351344.6875 ], [ 545467.03125, 2351341.40625 ], [ 545473.125, 2351340.0 ], [ 545540.3125, 2351340.3125 ], [ 545548.75, 2351343.125 ], [ 545552.8125, 2351346.5625 ], [ 545555.625, 2351351.25 ], [ 545558.4375, 2351359.6875 ], [ 545560.0, 2351373.125 ], [ 545560.0, 2351526.875 ], [ 545559.53125, 2351533.90625 ], [ 545557.65625, 2351543.28125 ], [ 545554.375, 2351551.25 ], [ 545548.75, 2351556.875 ], [ 545540.3125, 2351559.6875 ], [ 545529.84375, 2351560.46875 ], [ 545527.03125, 2351561.40625 ], [ 545522.8125, 2351564.6875 ], [ 545520.46875, 2351569.84375 ], [ 545519.6875, 2351580.3125 ], [ 545516.875, 2351588.75 ], [ 545513.4375, 2351592.8125 ], [ 545504.21875, 2351598.59375 ], [ 545498.59375, 2351604.21875 ], [ 545495.625, 2351608.75 ], [ 545484.375, 2351631.25 ], [ 545479.6875, 2351637.8125 ], [ 545473.59375, 2351642.96875 ], [ 545448.75, 2351655.625 ], [ 545442.1875, 2351660.3125 ], [ 545437.03125, 2351666.40625 ], [ 545424.375, 2351691.25 ], [ 545419.6875, 2351697.8125 ], [ 545411.25, 2351704.375 ], [ 545386.40625, 2351717.03125 ], [ 545378.59375, 2351724.21875 ], [ 545375.625, 2351728.75 ], [ 545364.375, 2351751.25 ], [ 545361.5625, 2351759.6875 ], [ 545360.0, 2351773.125 ], [ 545359.53125, 2351813.90625 ], [ 545357.65625, 2351823.28125 ], [ 545354.375, 2351831.25 ], [ 545350.9375, 2351835.3125 ], [ 545343.4375, 2351839.0625 ], [ 545322.8125, 2351840.9375 ], [ 545316.71875, 2351842.34375 ], [ 545308.75, 2351845.625 ], [ 545304.6875, 2351849.0625 ], [ 545301.875, 2351853.75 ], [ 545300.3125, 2351859.6875 ], [ 545299.53125, 2351870.15625 ], [ 545298.59375, 2351872.96875 ], [ 545295.3125, 2351877.1875 ], [ 545290.15625, 2351879.53125 ], [ 545276.5625, 2351880.9375 ], [ 545271.25, 2351883.125 ], [ 545267.1875, 2351886.5625 ], [ 545222.96875, 2351973.59375 ], [ 545217.8125, 2351979.6875 ], [ 545206.5625, 2351987.1875 ], [ 545203.125, 2351991.25 ], [ 545200.9375, 2351996.5625 ], [ 545199.6875, 2352010.3125 ], [ 545196.875, 2352018.75 ], [ 545191.25, 2352024.375 ], [ 545168.75, 2352035.625 ], [ 545162.1875, 2352040.3125 ], [ 545155.625, 2352048.75 ], [ 545144.375, 2352071.25 ], [ 545141.40625, 2352075.78125 ], [ 545135.78125, 2352081.40625 ], [ 545126.5625, 2352087.1875 ], [ 545123.125, 2352091.25 ], [ 545120.9375, 2352096.5625 ], [ 545119.6875, 2352110.3125 ], [ 545118.125, 2352116.25 ], [ 545115.3125, 2352120.9375 ], [ 545106.5625, 2352127.1875 ], [ 545103.125, 2352131.25 ], [ 545100.9375, 2352136.5625 ], [ 545099.6875, 2352150.3125 ], [ 545098.125, 2352156.25 ], [ 545095.3125, 2352160.9375 ], [ 545086.5625, 2352167.1875 ], [ 545083.125, 2352171.25 ], [ 545080.9375, 2352176.5625 ], [ 545079.6875, 2352190.3125 ], [ 545078.125, 2352196.25 ], [ 545073.4375, 2352202.8125 ], [ 545064.6875, 2352209.0625 ], [ 545060.9375, 2352216.5625 ], [ 545060.0, 2352223.125 ], [ 545060.0, 2352376.875 ], [ 545059.0625, 2352383.4375 ], [ 545056.875, 2352388.75 ], [ 545051.25, 2352394.375 ], [ 544928.75, 2352455.625 ], [ 544924.6875, 2352459.0625 ], [ 544920.9375, 2352466.5625 ], [ 544920.0, 2352473.125 ], [ 544920.0, 2352506.875 ], [ 544921.40625, 2352512.96875 ], [ 544922.8125, 2352515.3125 ], [ 544927.03125, 2352518.59375 ], [ 544933.125, 2352520.0 ], [ 544966.875, 2352520.0 ], [ 544972.96875, 2352519.0625 ], [ 544975.3125, 2352518.125 ], [ 544978.59375, 2352515.3125 ], [ 544979.53125, 2352513.4375 ], [ 544980.46875, 2352506.5625 ], [ 544982.8125, 2352503.125 ], [ 544987.03125, 2352500.9375 ], [ 544993.125, 2352500.0 ] ] } },
{ "type": "Feature", "properties": { }, "geometry": { "type": "LineString", "coordinates": [ [ 545684.375, 2351968.75 ], [ 545687.1875, 2351973.4375 ], [ 545693.75, 2351978.125 ], [ 545699.6875, 2351979.6875 ], [ 545717.1875, 2351980.9375 ], [ 545726.09375, 2351983.28125 ], [ 545733.4375, 2351987.1875 ], [ 545738.125, 2351993.75 ], [ 545740.0, 2352003.125 ], [ 545739.84375, 2352070.46875 ], [ 545737.65625, 2352083.28125 ], [ 545735.625, 2352088.75 ], [ 545732.8125, 2352093.4375 ], [ 545726.25, 2352098.125 ], [ 545716.875, 2352100.0 ], [ 545593.125, 2352100.0 ], [ 545589.84375, 2352099.53125 ], [ 545584.6875, 2352097.1875 ], [ 545581.40625, 2352092.96875 ], [ 545580.0, 2352086.875 ], [ 545580.0, 2351993.125 ], [ 545580.46875, 2351986.09375 ], [ 545582.34375, 2351976.71875 ], [ 545584.375, 2351971.25 ], [ 545587.1875, 2351966.5625 ], [ 545593.75, 2351961.875 ], [ 545603.125, 2351960.0 ], [ 545666.875, 2351960.0 ], [ 545676.25, 2351961.875 ], [ 545680.9375, 2351964.6875 ], [ 545684.375, 2351968.75 ] ] } },
{ "type": "Feature", "properties": { }, "geometry": { "type": "LineString", "coordinates": [ [ 537126.875, 2352080.0 ], [ 537089.84375, 2352079.53125 ], [ 537084.6875, 2352077.1875 ], [ 537082.8125, 2352075.3125 ], [ 537080.46875, 2352070.15625 ], [ 537079.53125, 2351786.09375 ], [ 537078.4375, 2351779.6875 ], [ 537075.625, 2351771.25 ], [ 537072.8125, 2351766.5625 ], [ 537068.75, 2351763.125 ], [ 537060.3125, 2351760.3125 ], [ 537046.09375, 2351759.53125 ], [ 537033.90625, 2351756.71875 ], [ 537026.5625, 2351752.8125 ], [ 537021.875, 2351746.25 ], [ 537020.0, 2351736.875 ], [ 537020.0, 2351643.125 ], [ 537020.9375, 2351636.5625 ], [ 537024.6875, 2351629.0625 ], [ 537037.8125, 2351619.6875 ], [ 537041.40625, 2351615.78125 ], [ 537045.625, 2351608.75 ], [ 537049.0625, 2351604.6875 ], [ 537056.5625, 2351600.9375 ], [ 537073.4375, 2351599.0625 ], [ 537080.9375, 2351595.3125 ], [ 537084.375, 2351591.25 ], [ 537095.625, 2351568.75 ], [ 537098.59375, 2351564.21875 ], [ 537104.21875, 2351558.59375 ], [ 537113.4375, 2351552.8125 ], [ 537116.875, 2351548.75 ], [ 537119.0625, 2351543.4375 ], [ 537120.0, 2351536.875 ], [ 537120.0, 2351473.125 ], [ 537120.9375, 2351462.8125 ], [ 537124.375, 2351451.25 ], [ 537137.03125, 2351426.40625 ], [ 537142.1875, 2351420.3125 ], [ 537155.3125, 2351410.9375 ], [ 537159.0625, 2351403.4375 ], [ 537160.0, 2351396.875 ], [ 537160.0, 2351333.125 ], [ 537161.875, 2351323.75 ], [ 537164.6875, 2351319.0625 ], [ 537168.75, 2351315.625 ], [ 537211.25, 2351294.375 ], [ 537215.3125, 2351290.9375 ], [ 537219.0625, 2351283.4375 ], [ 537220.3125, 2351269.6875 ], [ 537221.875, 2351263.75 ], [ 537226.5625, 2351257.1875 ], [ 537235.3125, 2351250.9375 ], [ 537239.0625, 2351243.4375 ], [ 537240.0, 2351236.875 ], [ 537240.3125, 2351019.6875 ], [ 537241.875, 2351013.75 ], [ 537246.5625, 2351007.1875 ], [ 537271.25, 2350994.375 ], [ 537275.3125, 2350990.9375 ], [ 537278.125, 2350986.25 ], [ 537280.0, 2350976.875 ], [ 537279.53125, 2350966.09375 ], [ 537277.65625, 2350956.71875 ], [ 537275.625, 2350951.25 ], [ 537264.375, 2350928.75 ], [ 537257.8125, 2350920.3125 ], [ 537244.6875, 2350910.9375 ], [ 537241.875, 2350906.25 ], [ 537240.3125, 2350900.3125 ], [ 537239.6875, 2350739.6875 ], [ 537236.875, 2350731.25 ], [ 537233.4375, 2350727.1875 ], [ 537224.6875, 2350720.9375 ], [ 537220.9375, 2350713.4375 ], [ 537220.0, 2350706.875 ], [ 537220.0, 2350643.125 ], [ 537218.125, 2350633.75 ], [ 537215.3125, 2350629.0625 ], [ 537206.5625, 2350622.8125 ], [ 537203.125, 2350618.75 ], [ 537200.9375, 2350613.4375 ], [ 537199.6875, 2350599.6875 ], [ 537198.125, 2350593.75 ], [ 537195.3125, 2350589.0625 ], [ 537186.5625, 2350582.8125 ], [ 537181.875, 2350576.25 ], [ 537180.0, 2350566.875 ], [ 537180.0, 2350533.125 ], [ 537178.125, 2350523.75 ], [ 537175.3125, 2350519.0625 ], [ 537166.5625, 2350512.8125 ], [ 537161.875, 2350506.25 ], [ 537160.3125, 2350500.3125 ], [ 537159.0625, 2350482.8125 ], [ 537156.71875, 2350473.90625 ], [ 537124.375, 2350408.75 ], [ 537122.34375, 2350403.28125 ], [ 537120.15625, 2350390.46875 ], [ 537120.0, 2350353.125 ], [ 537119.0625, 2350346.5625 ], [ 537115.3125, 2350339.0625 ], [ 537104.6875, 2350330.9375 ], [ 537101.875, 2350326.25 ], [ 537100.3125, 2350320.3125 ], [ 537100.0, 2350253.125 ], [ 537098.125, 2350243.75 ], [ 537095.3125, 2350239.0625 ], [ 537086.5625, 2350232.8125 ], [ 537081.875, 2350226.25 ], [ 537080.3125, 2350220.3125 ], [ 537079.0625, 2350202.8125 ], [ 537076.71875, 2350193.90625 ], [ 537044.375, 2350128.75 ], [ 537039.6875, 2350122.1875 ], [ 537035.78125, 2350118.59375 ], [ 537026.5625, 2350112.8125 ], [ 537021.875, 2350106.25 ], [ 537020.3125, 2350100.3125 ], [ 537019.84375, 2350089.53125 ], [ 537018.4375, 2350079.6875 ], [ 537015.625, 2350071.25 ], [ 537004.375, 2350048.75 ], [ 537002.34375, 2350043.28125 ], [ 537000.46875, 2350033.90625 ], [ 536999.6875, 2350019.6875 ], [ 536998.125, 2350013.75 ], [ 536993.4375, 2350007.1875 ], [ 536984.6875, 2350000.9375 ], [ 536980.9375, 2349993.4375 ], [ 536980.0, 2349986.875 ], [ 536980.0, 2349953.125 ], [ 536978.125, 2349943.75 ], [ 536975.3125, 2349939.0625 ], [ 536971.25, 2349935.625 ], [ 536946.5625, 2349922.8125 ], [ 536943.125, 2349918.75 ], [ 536940.9375, 2349913.4375 ], [ 536940.0, 2349906.875 ], [ 536940.46875, 2349806.09375 ], [ 536943.28125, 2349793.90625 ], [ 536955.625, 2349768.75 ], [ 536958.4375, 2349760.3125 ], [ 536960.0, 2349746.875 ], [ 536960.0, 2349713.125 ], [ 536959.0625, 2349706.5625 ], [ 536956.875, 2349701.25 ], [ 536953.4375, 2349697.1875 ], [ 536944.6875, 2349690.9375 ], [ 536941.875, 2349686.25 ], [ 536940.3125, 2349680.3125 ], [ 536939.6875, 2349549.6875 ], [ 536938.125, 2349543.75 ], [ 536933.4375, 2349537.1875 ], [ 536908.75, 2349524.375 ], [ 536904.6875, 2349520.9375 ], [ 536901.875, 2349516.25 ], [ 536900.0, 2349506.875 ], [ 536899.84375, 2349469.53125 ], [ 536897.65625, 2349456.71875 ], [ 536895.625, 2349451.25 ], [ 536882.96875, 2349426.40625 ], [ 536875.78125, 2349418.59375 ], [ 536866.5625, 2349412.8125 ], [ 536861.875, 2349406.25 ], [ 536860.0, 2349396.875 ], [ 536860.0, 2349363.125 ], [ 536858.125, 2349353.75 ], [ 536853.4375, 2349347.1875 ], [ 536828.75, 2349334.375 ], [ 536823.125, 2349328.75 ], [ 536820.3125, 2349320.3125 ], [ 536819.53125, 2349306.09375 ], [ 536816.71875, 2349293.90625 ], [ 536784.375, 2349228.75 ], [ 536781.5625, 2349220.3125 ], [ 536780.0, 2349206.875 ], [ 536779.6875, 2349139.6875 ], [ 536778.125, 2349133.75 ], [ 536775.3125, 2349129.0625 ], [ 536766.5625, 2349122.8125 ], [ 536763.125, 2349118.75 ], [ 536760.9375, 2349113.4375 ], [ 536760.0, 2349106.875 ], [ 536760.0, 2348803.125 ], [ 536758.125, 2348793.75 ], [ 536755.3125, 2348789.0625 ], [ 536742.1875, 2348779.6875 ], [ 536735.625, 2348771.25 ], [ 536703.28125, 2348706.09375 ], [ 536700.9375, 2348697.1875 ], [ 536699.6875, 2348679.6875 ], [ 536698.125, 2348673.75 ], [ 536693.4375, 2348667.1875 ], [ 536684.21875, 2348661.40625 ], [ 536678.59375, 2348655.78125 ], [ 536675.625, 2348651.25 ], [ 536664.375, 2348628.75 ], [ 536660.9375, 2348617.1875 ], [ 536659.6875, 2348599.6875 ], [ 536658.125, 2348593.75 ], [ 536653.4375, 2348587.1875 ], [ 536644.6875, 2348580.9375 ], [ 536640.9375, 2348573.4375 ], [ 536640.0, 2348566.875 ], [ 536639.6875, 2348529.6875 ], [ 536638.125, 2348523.75 ], [ 536635.3125, 2348519.0625 ], [ 536631.25, 2348515.625 ], [ 536608.75, 2348504.375 ], [ 536603.28125, 2348502.34375 ], [ 536593.90625, 2348500.46875 ], [ 536489.84375, 2348500.46875 ], [ 536484.6875, 2348502.8125 ], [ 536482.8125, 2348504.6875 ], [ 536480.46875, 2348509.84375 ], [ 536480.0, 2348546.875 ], [ 536480.9375, 2348553.4375 ], [ 536483.125, 2348558.75 ], [ 536486.5625, 2348562.8125 ], [ 536495.3125, 2348569.0625 ], [ 536498.125, 2348573.75 ], [ 536499.6875, 2348579.6875 ], [ 536500.0, 2348646.875 ], [ 536500.9375, 2348653.4375 ], [ 536504.6875, 2348660.9375 ], [ 536513.4375, 2348667.1875 ], [ 536518.125, 2348673.75 ], [ 536520.0, 2348683.125 ], [ 536520.0, 2348716.875 ], [ 536520.9375, 2348723.4375 ], [ 536524.6875, 2348730.9375 ], [ 536535.3125, 2348739.0625 ], [ 536539.0625, 2348746.5625 ], [ 536540.0, 2348753.125 ], [ 536540.3125, 2348820.3125 ], [ 536543.125, 2348828.75 ], [ 536546.5625, 2348832.8125 ], [ 536555.3125, 2348839.0625 ], [ 536559.0625, 2348846.5625 ], [ 536560.0, 2348853.125 ], [ 536560.3125, 2348920.3125 ], [ 536563.125, 2348928.75 ], [ 536566.5625, 2348932.8125 ], [ 536575.3125, 2348939.0625 ], [ 536579.0625, 2348946.5625 ], [ 536580.0, 2348953.125 ], [ 536580.3125, 2349020.3125 ], [ 536583.125, 2349028.75 ], [ 536586.5625, 2349032.8125 ], [ 536595.3125, 2349039.0625 ], [ 536599.0625, 2349046.5625 ], [ 536600.0, 2349053.125 ], [ 536600.3125, 2349120.3125 ], [ 536603.125, 2349128.75 ], [ 536606.5625, 2349132.8125 ], [ 536615.3125, 2349139.0625 ], [ 536619.0625, 2349146.5625 ], [ 536620.0, 2349153.125 ], [ 536620.3125, 2349220.3125 ], [ 536623.125, 2349228.75 ], [ 536626.5625, 2349232.8125 ], [ 536635.3125, 2349239.0625 ], [ 536639.0625, 2349246.5625 ], [ 536640.0, 2349253.125 ], [ 536640.3125, 2349320.3125 ], [ 536643.125, 2349328.75 ], [ 536646.5625, 2349332.8125 ], [ 536655.3125, 2349339.0625 ], [ 536659.0625, 2349346.5625 ], [ 536660.0, 2349353.125 ], [ 536660.0, 2349416.875 ], [ 536660.9375, 2349423.4375 ], [ 536664.6875, 2349430.9375 ], [ 536675.3125, 2349439.0625 ], [ 536679.0625, 2349446.5625 ], [ 536680.0, 2349453.125 ], [ 536680.0, 2349486.875 ], [ 536680.9375, 2349497.1875 ], [ 536683.28125, 2349506.09375 ], [ 536695.625, 2349531.25 ], [ 536698.4375, 2349539.6875 ], [ 536699.84375, 2349549.53125 ], [ 536700.0, 2349586.875 ], [ 536700.9375, 2349593.4375 ], [ 536704.6875, 2349600.9375 ], [ 536715.3125, 2349609.0625 ], [ 536718.125, 2349613.75 ], [ 536719.6875, 2349619.6875 ], [ 536720.3125, 2349750.3125 ], [ 536721.875, 2349756.25 ], [ 536724.6875, 2349760.9375 ], [ 536733.4375, 2349767.1875 ], [ 536736.875, 2349771.25 ], [ 536739.0625, 2349776.5625 ], [ 536740.0, 2349783.125 ], [ 536740.3125, 2350000.3125 ], [ 536741.875, 2350006.25 ], [ 536744.6875, 2350010.9375 ], [ 536753.4375, 2350017.1875 ], [ 536756.875, 2350021.25 ], [ 536759.0625, 2350026.5625 ], [ 536760.0, 2350033.125 ], [ 536760.3125, 2350460.3125 ], [ 536763.125, 2350468.75 ], [ 536766.5625, 2350472.8125 ], [ 536775.3125, 2350479.0625 ], [ 536779.0625, 2350486.5625 ], [ 536780.0, 2350493.125 ], [ 536780.0, 2350526.875 ], [ 536780.9375, 2350533.4375 ], [ 536784.6875, 2350540.9375 ], [ 536793.4375, 2350547.1875 ], [ 536798.125, 2350553.75 ], [ 536799.6875, 2350559.6875 ], [ 536800.15625, 2350570.46875 ], [ 536801.5625, 2350580.3125 ], [ 536804.375, 2350588.75 ], [ 536815.625, 2350611.25 ], [ 536817.65625, 2350616.71875 ], [ 536819.53125, 2350626.09375 ], [ 536820.3125, 2350640.3125 ], [ 536821.875, 2350646.25 ], [ 536826.5625, 2350652.8125 ], [ 536835.3125, 2350659.0625 ], [ 536839.0625, 2350666.5625 ], [ 536840.0, 2350673.125 ], [ 536840.0, 2350706.875 ], [ 536841.875, 2350716.25 ], [ 536844.6875, 2350720.9375 ], [ 536853.4375, 2350727.1875 ], [ 536858.125, 2350733.75 ], [ 536859.6875, 2350739.6875 ], [ 536860.15625, 2350750.46875 ], [ 536861.5625, 2350760.3125 ], [ 536864.375, 2350768.75 ], [ 536875.625, 2350791.25 ], [ 536877.65625, 2350796.71875 ], [ 536879.53125, 2350806.09375 ], [ 536880.3125, 2350820.3125 ], [ 536881.875, 2350826.25 ], [ 536886.5625, 2350832.8125 ], [ 536895.3125, 2350839.0625 ], [ 536899.0625, 2350846.5625 ], [ 536900.0, 2350853.125 ], [ 536900.0, 2350886.875 ], [ 536901.875, 2350896.25 ], [ 536904.6875, 2350900.9375 ], [ 536913.4375, 2350907.1875 ], [ 536918.125, 2350913.75 ], [ 536919.6875, 2350919.6875 ], [ 536920.15625, 2350930.46875 ], [ 536921.5625, 2350940.3125 ], [ 536924.375, 2350948.75 ], [ 536935.625, 2350971.25 ], [ 536937.65625, 2350976.71875 ], [ 536939.53125, 2350986.09375 ], [ 536940.3125, 2351000.3125 ], [ 536941.875, 2351006.25 ], [ 536946.5625, 2351012.8125 ], [ 536955.3125, 2351019.0625 ], [ 536958.125, 2351023.75 ], [ 536959.6875, 2351029.6875 ], [ 536960.3125, 2352090.3125 ], [ 536961.875, 2352096.25 ], [ 536964.6875, 2352100.9375 ], [ 536973.4375, 2352107.1875 ], [ 536978.125, 2352113.75 ], [ 536979.6875, 2352119.6875 ], [ 536980.0, 2352126.875 ], [ 536981.40625, 2352132.96875 ], [ 536984.6875, 2352137.1875 ], [ 536989.84375, 2352139.53125 ], [ 537116.875, 2352140.0 ], [ 537126.25, 2352138.125 ], [ 537132.8125, 2352133.4375 ], [ 537136.71875, 2352126.09375 ], [ 537139.0625, 2352117.1875 ], [ 537140.0, 2352106.875 ], [ 537140.0, 2352084.375 ], [ 537137.1875, 2352081.5625 ], [ 537126.875, 2352080.0 ] ] } },
{ "type": "Feature", "properties": { }, "geometry": { "type": "LineString", "coordinates": [ [ 543773.125, 2353540.0 ], [ 543783.4375, 2353539.0625 ], [ 543790.9375, 2353535.3125 ], [ 543794.375, 2353531.25 ], [ 543798.59375, 2353524.21875 ], [ 543802.1875, 2353520.3125 ], [ 543808.75, 2353515.625 ], [ 543831.25, 2353504.375 ], [ 543835.78125, 2353501.40625 ], [ 543841.40625, 2353495.78125 ], [ 543847.1875, 2353486.5625 ], [ 543851.25, 2353483.125 ], [ 543859.6875, 2353480.3125 ], [ 543870.15625, 2353479.53125 ], [ 543872.96875, 2353478.59375 ], [ 543877.1875, 2353475.3125 ], [ 543879.53125, 2353470.15625 ], [ 543880.3125, 2353459.6875 ], [ 543883.125, 2353451.25 ], [ 543886.5625, 2353447.1875 ], [ 543895.78125, 2353441.40625 ], [ 543901.40625, 2353435.78125 ], [ 543904.375, 2353431.25 ], [ 543915.625, 2353408.75 ], [ 543920.3125, 2353402.1875 ], [ 543926.40625, 2353397.03125 ], [ 543951.25, 2353384.375 ], [ 543957.8125, 2353379.6875 ], [ 543962.96875, 2353373.59375 ], [ 543975.625, 2353348.75 ], [ 543980.3125, 2353342.1875 ], [ 543986.40625, 2353337.03125 ], [ 544011.25, 2353324.375 ], [ 544015.3125, 2353320.9375 ], [ 544019.0625, 2353313.4375 ], [ 544020.3125, 2353299.6875 ], [ 544023.125, 2353291.25 ], [ 544026.5625, 2353287.1875 ], [ 544033.59375, 2353282.96875 ], [ 544039.6875, 2353277.8125 ], [ 544049.0625, 2353264.6875 ], [ 544056.5625, 2353260.9375 ], [ 544070.15625, 2353259.53125 ], [ 544072.96875, 2353258.59375 ], [ 544077.1875, 2353255.3125 ], [ 544078.59375, 2353252.96875 ], [ 544080.0, 2353246.875 ], [ 544080.0, 2353213.125 ], [ 544081.40625, 2353207.03125 ], [ 544084.6875, 2353202.8125 ], [ 544087.03125, 2353201.40625 ], [ 544093.125, 2353200.0 ], [ 544130.3125, 2353199.6875 ], [ 544136.25, 2353198.125 ], [ 544142.8125, 2353193.4375 ], [ 544155.625, 2353168.75 ], [ 544159.0625, 2353157.1875 ], [ 544160.0, 2353146.875 ], [ 544159.6875, 2353139.6875 ], [ 544158.125, 2353133.75 ], [ 544153.4375, 2353127.1875 ], [ 544146.09375, 2353123.28125 ], [ 544133.90625, 2353120.46875 ], [ 544089.6875, 2353120.3125 ], [ 544083.75, 2353121.875 ], [ 544079.0625, 2353124.6875 ], [ 544072.8125, 2353133.4375 ], [ 544066.25, 2353138.125 ], [ 544060.3125, 2353139.6875 ], [ 544049.6875, 2353140.3125 ], [ 544041.25, 2353143.125 ], [ 544035.625, 2353148.75 ], [ 544022.96875, 2353173.59375 ], [ 544015.78125, 2353181.40625 ], [ 544011.25, 2353184.375 ], [ 543948.75, 2353215.625 ], [ 543944.6875, 2353219.0625 ], [ 543940.9375, 2353226.5625 ], [ 543939.6875, 2353240.3125 ], [ 543936.875, 2353248.75 ], [ 543933.4375, 2353252.8125 ], [ 543924.21875, 2353258.59375 ], [ 543918.59375, 2353264.21875 ], [ 543902.96875, 2353293.59375 ], [ 543895.78125, 2353301.40625 ], [ 543891.25, 2353304.375 ], [ 543828.75, 2353335.625 ], [ 543824.21875, 2353338.59375 ], [ 543817.03125, 2353346.40625 ], [ 543804.375, 2353371.25 ], [ 543800.9375, 2353375.3125 ], [ 543793.4375, 2353379.0625 ], [ 543779.6875, 2353380.3125 ], [ 543771.25, 2353383.125 ], [ 543767.1875, 2353386.5625 ], [ 543761.40625, 2353395.78125 ], [ 543755.78125, 2353401.40625 ], [ 543724.21875, 2353418.59375 ], [ 543717.03125, 2353426.40625 ], [ 543704.375, 2353451.25 ], [ 543698.75, 2353456.875 ], [ 543690.3125, 2353459.6875 ], [ 543653.125, 2353460.0 ], [ 543646.5625, 2353460.9375 ], [ 543641.25, 2353463.125 ], [ 543635.625, 2353468.75 ], [ 543624.375, 2353491.25 ], [ 543622.34375, 2353496.71875 ], [ 543620.15625, 2353509.53125 ], [ 543620.3125, 2353520.3125 ], [ 543621.875, 2353526.25 ], [ 543626.5625, 2353532.8125 ], [ 543631.25, 2353535.625 ], [ 543639.6875, 2353538.4375 ], [ 543646.09375, 2353539.53125 ], [ 543660.3125, 2353540.3125 ], [ 543666.25, 2353541.875 ], [ 543672.8125, 2353546.5625 ], [ 543679.0625, 2353555.3125 ], [ 543686.5625, 2353559.0625 ], [ 543693.125, 2353560.0 ], [ 543726.875, 2353560.0 ], [ 543740.3125, 2353558.4375 ], [ 543748.75, 2353555.625 ], [ 543755.3125, 2353551.875 ], [ 543759.0625, 2353548.125 ], [ 543760.0, 2353544.375 ], [ 543761.40625, 2353542.34375 ], [ 543764.6875, 2353540.9375 ], [ 543773.125, 2353540.0 ] ] } },
{ "type": "Feature", "properties": { }, "geometry": { "type": "LineString", "coordinates": [ [ 541113.125, 2355880.0 ], [ 541146.875, 2355880.0 ], [ 541156.25, 2355878.125 ], [ 541160.9375, 2355875.3125 ], [ 541167.1875, 2355866.5625 ], [ 541171.25, 2355863.125 ], [ 541176.5625, 2355860.9375 ], [ 541190.3125, 2355859.6875 ], [ 541196.25, 2355858.125 ], [ 541200.9375, 2355855.3125 ], [ 541207.1875, 2355846.5625 ], [ 541211.25, 2355843.125 ], [ 541216.5625, 2355840.9375 ], [ 541230.3125, 2355839.6875 ], [ 541236.25, 2355838.125 ], [ 541240.9375, 2355835.3125 ], [ 541247.1875, 2355826.5625 ], [ 541251.25, 2355823.125 ], [ 541256.5625, 2355820.9375 ], [ 541270.3125, 2355819.6875 ], [ 541276.25, 2355818.125 ], [ 541280.9375, 2355815.3125 ], [ 541287.1875, 2355806.5625 ], [ 541291.25, 2355803.125 ], [ 541296.5625, 2355800.9375 ], [ 541310.3125, 2355799.6875 ], [ 541318.75, 2355796.875 ], [ 541324.375, 2355791.25 ], [ 541335.625, 2355768.75 ], [ 541341.25, 2355763.125 ], [ 541346.5625, 2355760.9375 ], [ 541360.3125, 2355759.6875 ], [ 541366.25, 2355758.125 ], [ 541370.9375, 2355755.3125 ], [ 541377.1875, 2355746.5625 ], [ 541381.25, 2355743.125 ], [ 541386.5625, 2355740.9375 ], [ 541400.3125, 2355739.6875 ], [ 541406.25, 2355738.125 ], [ 541410.9375, 2355735.3125 ], [ 541417.1875, 2355726.5625 ], [ 541421.25, 2355723.125 ], [ 541426.5625, 2355720.9375 ], [ 541440.3125, 2355719.6875 ], [ 541446.25, 2355718.125 ], [ 541450.9375, 2355715.3125 ], [ 541457.1875, 2355706.5625 ], [ 541461.25, 2355703.125 ], [ 541466.5625, 2355700.9375 ], [ 541480.3125, 2355699.6875 ], [ 541488.75, 2355696.875 ], [ 541492.8125, 2355693.4375 ], [ 541500.3125, 2355682.1875 ], [ 541508.75, 2355675.625 ], [ 542111.25, 2355374.375 ], [ 542115.3125, 2355370.9375 ], [ 542118.125, 2355366.25 ], [ 542119.6875, 2355360.3125 ], [ 542120.3125, 2355349.6875 ], [ 542123.125, 2355341.25 ], [ 542126.5625, 2355337.1875 ], [ 542135.3125, 2355330.9375 ], [ 542139.0625, 2355323.4375 ], [ 542140.0, 2355316.875 ], [ 542140.3125, 2355279.6875 ], [ 542141.875, 2355273.75 ], [ 542146.5625, 2355267.1875 ], [ 542151.25, 2355264.375 ], [ 542159.6875, 2355261.5625 ], [ 542166.09375, 2355260.46875 ], [ 542180.3125, 2355259.6875 ], [ 542188.75, 2355256.875 ], [ 542192.8125, 2355253.4375 ], [ 542197.03125, 2355246.40625 ], [ 542202.1875, 2355240.3125 ], [ 542208.75, 2355235.625 ], [ 542231.25, 2355224.375 ], [ 542235.78125, 2355221.40625 ], [ 542241.40625, 2355215.78125 ], [ 542247.1875, 2355206.5625 ], [ 542251.25, 2355203.125 ], [ 542259.6875, 2355200.3125 ], [ 542273.4375, 2355199.0625 ], [ 542280.9375, 2355195.3125 ], [ 542284.375, 2355191.25 ], [ 542297.03125, 2355166.40625 ], [ 542302.1875, 2355160.3125 ], [ 542308.75, 2355155.625 ], [ 542331.25, 2355144.375 ], [ 542335.78125, 2355141.40625 ], [ 542341.40625, 2355135.78125 ], [ 542347.1875, 2355126.5625 ], [ 542351.25, 2355123.125 ], [ 542359.6875, 2355120.3125 ], [ 542373.4375, 2355119.0625 ], [ 542380.9375, 2355115.3125 ], [ 542384.375, 2355111.25 ], [ 542397.03125, 2355086.40625 ], [ 542400.3125, 2355082.1875 ], [ 542406.40625, 2355077.03125 ], [ 542471.25, 2355044.375 ], [ 542475.78125, 2355041.40625 ], [ 542482.96875, 2355033.59375 ], [ 542495.625, 2355008.75 ], [ 542499.0625, 2355004.6875 ], [ 542506.5625, 2355000.9375 ], [ 542520.3125, 2354999.6875 ], [ 542528.75, 2354996.875 ], [ 542532.8125, 2354993.4375 ], [ 542540.3125, 2354982.1875 ], [ 542546.40625, 2354977.03125 ], [ 542593.4375, 2354952.8125 ], [ 542596.875, 2354948.75 ], [ 542599.0625, 2354943.4375 ], [ 542600.46875, 2354926.09375 ], [ 542602.34375, 2354916.71875 ], [ 542605.625, 2354908.75 ], [ 542609.0625, 2354904.6875 ], [ 542613.75, 2354901.875 ], [ 542619.6875, 2354900.3125 ], [ 542656.875, 2354900.0 ], [ 542663.4375, 2354899.0625 ], [ 542668.75, 2354896.875 ], [ 542672.8125, 2354893.4375 ], [ 542678.59375, 2354884.21875 ], [ 542684.21875, 2354878.59375 ], [ 542688.75, 2354875.625 ], [ 542711.25, 2354864.375 ], [ 542719.6875, 2354857.8125 ], [ 542724.375, 2354851.25 ], [ 542735.625, 2354828.75 ], [ 542742.1875, 2354820.3125 ], [ 542748.75, 2354815.625 ], [ 542771.25, 2354804.375 ], [ 542779.6875, 2354797.8125 ], [ 542784.375, 2354791.25 ], [ 542795.625, 2354768.75 ], [ 542799.0625, 2354764.6875 ], [ 542806.5625, 2354760.9375 ], [ 542820.3125, 2354759.6875 ], [ 542828.75, 2354756.875 ], [ 542832.8125, 2354753.4375 ], [ 542838.59375, 2354744.21875 ], [ 542844.21875, 2354738.59375 ], [ 542848.75, 2354735.625 ], [ 542871.25, 2354724.375 ], [ 542877.8125, 2354719.6875 ], [ 542882.96875, 2354713.59375 ], [ 542895.625, 2354688.75 ], [ 542900.3125, 2354682.1875 ], [ 542906.40625, 2354677.03125 ], [ 542931.25, 2354664.375 ], [ 542937.8125, 2354659.6875 ], [ 542942.96875, 2354653.59375 ], [ 542955.625, 2354628.75 ], [ 542960.3125, 2354622.1875 ], [ 542966.40625, 2354617.03125 ], [ 542991.25, 2354604.375 ], [ 542995.3125, 2354600.9375 ], [ 542999.0625, 2354593.4375 ], [ 543000.3125, 2354579.6875 ], [ 543003.125, 2354571.25 ], [ 543006.5625, 2354567.1875 ], [ 543017.8125, 2354559.6875 ], [ 543022.96875, 2354553.59375 ], [ 543035.625, 2354528.75 ], [ 543039.0625, 2354517.1875 ], [ 543040.0, 2354506.875 ], [ 543039.0625, 2354496.5625 ], [ 543036.875, 2354491.25 ], [ 543031.25, 2354485.625 ], [ 543020.3125, 2354481.5625 ], [ 543013.90625, 2354480.46875 ], [ 542999.6875, 2354479.6875 ], [ 542993.75, 2354478.125 ], [ 542987.1875, 2354473.4375 ], [ 542980.9375, 2354464.6875 ], [ 542973.4375, 2354460.9375 ], [ 542966.875, 2354460.0 ], [ 542929.84375, 2354459.53125 ], [ 542924.6875, 2354457.1875 ], [ 542921.40625, 2354452.96875 ], [ 542920.0, 2354446.875 ], [ 542920.3125, 2354349.6875 ], [ 542921.875, 2354343.75 ], [ 542924.6875, 2354339.0625 ], [ 542933.4375, 2354332.8125 ], [ 542938.125, 2354326.25 ], [ 542939.6875, 2354320.3125 ], [ 542940.0, 2354313.125 ], [ 542941.40625, 2354307.03125 ], [ 542944.6875, 2354302.8125 ], [ 542949.84375, 2354300.46875 ], [ 542986.875, 2354300.0 ], [ 543000.3125, 2354298.4375 ], [ 543011.25, 2354294.375 ], [ 543016.875, 2354288.75 ], [ 543019.0625, 2354283.4375 ], [ 543020.0, 2354276.875 ], [ 543020.0, 2354213.125 ], [ 543020.9375, 2354206.5625 ], [ 543023.125, 2354201.25 ], [ 543028.75, 2354195.625 ], [ 543053.4375, 2354182.8125 ], [ 543058.125, 2354176.25 ], [ 543059.6875, 2354170.3125 ], [ 543060.9375, 2354156.5625 ], [ 543064.6875, 2354149.0625 ], [ 543068.75, 2354145.625 ], [ 543091.25, 2354134.375 ], [ 543096.875, 2354128.75 ], [ 543099.6875, 2354120.3125 ], [ 543100.0, 2354083.125 ], [ 543101.875, 2354073.75 ], [ 543104.6875, 2354069.0625 ], [ 543108.75, 2354065.625 ], [ 543131.25, 2354054.375 ], [ 543135.3125, 2354050.9375 ], [ 543139.0625, 2354043.4375 ], [ 543140.9375, 2354026.5625 ], [ 543144.6875, 2354019.0625 ], [ 543148.75, 2354015.625 ], [ 543171.25, 2354004.375 ], [ 543177.8125, 2353999.6875 ], [ 543182.96875, 2353993.59375 ], [ 543195.625, 2353968.75 ], [ 543200.3125, 2353962.1875 ], [ 543208.75, 2353955.625 ], [ 543231.25, 2353944.375 ], [ 543236.875, 2353938.75 ], [ 543239.0625, 2353933.4375 ], [ 543240.0, 2353926.875 ], [ 543240.46875, 2353886.09375 ], [ 543243.28125, 2353873.90625 ], [ 543247.1875, 2353866.5625 ], [ 543251.25, 2353863.125 ], [ 543256.5625, 2353860.9375 ], [ 543277.1875, 2353859.0625 ], [ 543288.75, 2353855.625 ], [ 543311.25, 2353844.375 ], [ 543315.78125, 2353841.40625 ], [ 543321.40625, 2353835.78125 ], [ 543327.1875, 2353826.5625 ], [ 543331.25, 2353823.125 ], [ 543336.5625, 2353820.9375 ], [ 543350.3125, 2353819.6875 ], [ 543356.25, 2353818.125 ], [ 543360.9375, 2353815.3125 ], [ 543367.1875, 2353806.5625 ], [ 543371.25, 2353803.125 ], [ 543376.5625, 2353800.9375 ], [ 543390.3125, 2353799.6875 ], [ 543396.25, 2353798.125 ], [ 543400.9375, 2353795.3125 ], [ 543407.1875, 2353786.5625 ], [ 543411.25, 2353783.125 ], [ 543416.5625, 2353780.9375 ], [ 543430.3125, 2353779.6875 ], [ 543436.25, 2353778.125 ], [ 543440.9375, 2353775.3125 ], [ 543447.1875, 2353766.5625 ], [ 543451.25, 2353763.125 ], [ 543459.6875, 2353760.3125 ], [ 543470.15625, 2353759.53125 ], [ 543472.96875, 2353758.59375 ], [ 543477.1875, 2353755.3125 ], [ 543478.59375, 2353752.96875 ], [ 543480.0, 2353746.875 ], [ 543480.0, 2353683.125 ], [ 543480.9375, 2353676.5625 ], [ 543484.6875, 2353669.0625 ], [ 543493.4375, 2353662.8125 ], [ 543498.125, 2353656.25 ], [ 543499.6875, 2353650.3125 ], [ 543500.3125, 2353639.6875 ], [ 543503.125, 2353631.25 ], [ 543506.5625, 2353627.1875 ], [ 543515.78125, 2353621.40625 ], [ 543521.40625, 2353615.78125 ], [ 543524.375, 2353611.25 ], [ 543535.625, 2353588.75 ], [ 543539.0625, 2353577.1875 ], [ 543540.0, 2353563.125 ], [ 543539.0625, 2353556.5625 ], [ 543535.3125, 2353549.0625 ], [ 543531.25, 2353545.625 ], [ 543520.3125, 2353541.5625 ], [ 543510.46875, 2353540.15625 ], [ 543499.6875, 2353540.3125 ], [ 543491.25, 2353543.125 ], [ 543487.1875, 2353546.5625 ], [ 543480.9375, 2353555.3125 ], [ 543473.4375, 2353559.0625 ], [ 543466.875, 2353560.0 ], [ 543433.125, 2353560.0 ], [ 543423.75, 2353561.875 ], [ 543419.0625, 2353564.6875 ], [ 543412.8125, 2353573.4375 ], [ 543408.75, 2353576.875 ], [ 543403.4375, 2353579.0625 ], [ 543389.6875, 2353580.3125 ], [ 543383.75, 2353581.875 ], [ 543379.0625, 2353584.6875 ], [ 543372.8125, 2353593.4375 ], [ 543368.75, 2353596.875 ], [ 543363.4375, 2353599.0625 ], [ 543349.6875, 2353600.3125 ], [ 543343.75, 2353601.875 ], [ 543339.0625, 2353604.6875 ], [ 543332.8125, 2353613.4375 ], [ 543328.75, 2353616.875 ], [ 543323.4375, 2353619.0625 ], [ 543309.6875, 2353620.3125 ], [ 543303.75, 2353621.875 ], [ 543299.0625, 2353624.6875 ], [ 543292.8125, 2353633.4375 ], [ 543288.75, 2353636.875 ], [ 543283.4375, 2353639.0625 ], [ 543269.6875, 2353640.3125 ], [ 543263.75, 2353641.875 ], [ 543259.0625, 2353644.6875 ], [ 543252.8125, 2353653.4375 ], [ 543248.75, 2353656.875 ], [ 543240.3125, 2353659.6875 ], [ 543229.84375, 2353660.46875 ], [ 543224.6875, 2353662.8125 ], [ 543221.40625, 2353667.03125 ], [ 543220.0, 2353673.125 ], [ 543219.6875, 2353710.3125 ], [ 543218.125, 2353716.25 ], [ 543213.4375, 2353722.8125 ], [ 543188.75, 2353735.625 ], [ 543180.3125, 2353738.4375 ], [ 543166.875, 2353740.0 ], [ 543126.09375, 2353740.46875 ], [ 543116.71875, 2353742.34375 ], [ 543108.75, 2353745.625 ], [ 543104.6875, 2353749.0625 ], [ 543101.875, 2353753.75 ], [ 543100.3125, 2353759.6875 ], [ 543099.53125, 2353770.15625 ], [ 543097.1875, 2353775.3125 ], [ 543095.3125, 2353777.1875 ], [ 543090.15625, 2353779.53125 ], [ 543079.6875, 2353780.3125 ], [ 543071.25, 2353783.125 ], [ 543067.1875, 2353786.5625 ], [ 543059.6875, 2353797.8125 ], [ 543055.78125, 2353801.40625 ], [ 543046.5625, 2353807.1875 ], [ 543043.125, 2353811.25 ], [ 543040.9375, 2353816.5625 ], [ 543040.0, 2353823.125 ], [ 543040.0, 2353916.875 ], [ 543038.125, 2353926.25 ], [ 543033.4375, 2353932.8125 ], [ 543026.09375, 2353936.71875 ], [ 543013.90625, 2353939.53125 ], [ 542943.125, 2353940.0 ], [ 542936.5625, 2353940.9375 ], [ 542931.25, 2353943.125 ], [ 542927.1875, 2353946.5625 ], [ 542921.40625, 2353955.78125 ], [ 542915.78125, 2353961.40625 ], [ 542911.25, 2353964.375 ], [ 542888.75, 2353975.625 ], [ 542880.3125, 2353982.1875 ], [ 542875.625, 2353988.75 ], [ 542864.375, 2354011.25 ], [ 542858.75, 2354016.875 ], [ 542853.4375, 2354019.0625 ], [ 542839.6875, 2354020.3125 ], [ 542833.75, 2354021.875 ], [ 542829.0625, 2354024.6875 ], [ 542822.8125, 2354033.4375 ], [ 542818.75, 2354036.875 ], [ 542813.4375, 2354039.0625 ], [ 542799.6875, 2354040.3125 ], [ 542791.25, 2354043.125 ], [ 542787.1875, 2354046.5625 ], [ 542782.96875, 2354053.59375 ], [ 542777.8125, 2354059.6875 ], [ 542771.25, 2354064.375 ], [ 542748.75, 2354075.625 ], [ 542744.21875, 2354078.59375 ], [ 542738.59375, 2354084.21875 ], [ 542732.8125, 2354093.4375 ], [ 542728.75, 2354096.875 ], [ 542720.3125, 2354099.6875 ], [ 542709.53125, 2354100.15625 ], [ 542699.6875, 2354101.5625 ], [ 542691.25, 2354104.375 ], [ 542686.5625, 2354107.1875 ], [ 542681.875, 2354113.75 ], [ 542680.3125, 2354119.6875 ], [ 542679.0625, 2354133.4375 ], [ 542675.3125, 2354140.9375 ], [ 542671.25, 2354144.375 ], [ 542648.75, 2354155.625 ], [ 542642.1875, 2354160.3125 ], [ 542635.625, 2354168.75 ], [ 542624.375, 2354191.25 ], [ 542622.34375, 2354196.71875 ], [ 542620.46875, 2354206.09375 ], [ 542620.0, 2354246.875 ], [ 542619.0625, 2354253.4375 ], [ 542616.875, 2354258.75 ], [ 542611.25, 2354264.375 ], [ 542588.75, 2354275.625 ], [ 542584.6875, 2354279.0625 ], [ 542580.9375, 2354286.5625 ], [ 542579.6875, 2354300.3125 ], [ 542576.875, 2354308.75 ], [ 542573.4375, 2354312.8125 ], [ 542564.21875, 2354318.59375 ], [ 542558.59375, 2354324.21875 ], [ 542542.8125, 2354353.4375 ], [ 542538.75, 2354356.875 ], [ 542533.4375, 2354359.0625 ], [ 542519.6875, 2354360.3125 ], [ 542511.25, 2354363.125 ], [ 542505.625, 2354368.75 ], [ 542494.375, 2354391.25 ], [ 542490.9375, 2354395.3125 ], [ 542483.4375, 2354399.0625 ], [ 542469.6875, 2354400.3125 ], [ 542461.25, 2354403.125 ], [ 542455.625, 2354408.75 ], [ 542444.375, 2354431.25 ], [ 542440.9375, 2354435.3125 ], [ 542433.4375, 2354439.0625 ], [ 542419.6875, 2354440.3125 ], [ 542413.75, 2354441.875 ], [ 542409.0625, 2354444.6875 ], [ 542405.625, 2354448.75 ], [ 542401.5625, 2354459.6875 ], [ 542400.0, 2354473.125 ], [ 542400.0, 2354596.875 ], [ 542398.125, 2354606.25 ], [ 542395.3125, 2354610.9375 ], [ 542391.25, 2354614.375 ], [ 542383.28125, 2354617.65625 ], [ 542370.46875, 2354619.84375 ], [ 542269.6875, 2354620.3125 ], [ 542263.75, 2354621.875 ], [ 542259.0625, 2354624.6875 ], [ 542252.8125, 2354633.4375 ], [ 542246.25, 2354638.125 ], [ 542240.3125, 2354639.6875 ], [ 542222.8125, 2354640.9375 ], [ 542211.25, 2354644.375 ], [ 542188.75, 2354655.625 ], [ 542184.21875, 2354658.59375 ], [ 542178.59375, 2354664.21875 ], [ 542172.8125, 2354673.4375 ], [ 542168.75, 2354676.875 ], [ 542160.3125, 2354679.6875 ], [ 542146.09375, 2354680.46875 ], [ 542136.71875, 2354682.34375 ], [ 542128.75, 2354685.625 ], [ 542124.6875, 2354689.0625 ], [ 542120.9375, 2354696.5625 ], [ 542119.53125, 2354713.90625 ], [ 542116.71875, 2354726.09375 ], [ 542104.375, 2354751.25 ], [ 542100.9375, 2354755.3125 ], [ 542093.4375, 2354759.0625 ], [ 542079.6875, 2354760.3125 ], [ 542073.75, 2354761.875 ], [ 542069.0625, 2354764.6875 ], [ 542062.8125, 2354773.4375 ], [ 542058.75, 2354776.875 ], [ 542053.4375, 2354779.0625 ], [ 542039.6875, 2354780.3125 ], [ 542033.75, 2354781.875 ], [ 542027.1875, 2354786.5625 ], [ 542020.9375, 2354795.3125 ], [ 542013.4375, 2354799.0625 ], [ 542006.875, 2354800.0 ], [ 541729.6875, 2354800.3125 ], [ 541721.25, 2354803.125 ], [ 541717.1875, 2354806.5625 ], [ 541710.9375, 2354815.3125 ], [ 541703.4375, 2354819.0625 ], [ 541696.875, 2354820.0 ], [ 541663.125, 2354820.0 ], [ 541653.75, 2354821.875 ], [ 541647.1875, 2354826.5625 ], [ 541640.9375, 2354835.3125 ], [ 541633.4375, 2354839.0625 ], [ 541626.875, 2354840.0 ], [ 541593.125, 2354840.0 ], [ 541583.75, 2354841.875 ], [ 541579.0625, 2354844.6875 ], [ 541572.8125, 2354853.4375 ], [ 541568.75, 2354856.875 ], [ 541560.3125, 2354859.6875 ], [ 541546.5625, 2354860.9375 ], [ 541539.0625, 2354864.6875 ], [ 541535.625, 2354868.75 ], [ 541524.375, 2354891.25 ], [ 541518.75, 2354896.875 ], [ 541513.4375, 2354899.0625 ], [ 541499.6875, 2354900.3125 ], [ 541493.75, 2354901.875 ], [ 541489.0625, 2354904.6875 ], [ 541482.8125, 2354913.4375 ], [ 541478.75, 2354916.875 ], [ 541473.4375, 2354919.0625 ], [ 541459.6875, 2354920.3125 ], [ 541453.75, 2354921.875 ], [ 541449.0625, 2354924.6875 ], [ 541442.8125, 2354933.4375 ], [ 541438.75, 2354936.875 ], [ 541430.3125, 2354939.6875 ], [ 541416.5625, 2354940.9375 ], [ 541409.0625, 2354944.6875 ], [ 541399.6875, 2354957.8125 ], [ 541395.78125, 2354961.40625 ], [ 541386.5625, 2354967.1875 ], [ 541383.125, 2354971.25 ], [ 541380.9375, 2354976.5625 ], [ 541380.0, 2354986.875 ], [ 541378.59375, 2354992.96875 ], [ 541375.3125, 2354997.1875 ], [ 541370.15625, 2354999.53125 ], [ 541303.125, 2355000.0 ], [ 541296.5625, 2354999.0625 ], [ 541291.25, 2354996.875 ], [ 541285.625, 2354991.25 ], [ 541283.28125, 2354986.09375 ], [ 541280.9375, 2354977.1875 ], [ 541280.0, 2354966.875 ], [ 541279.53125, 2354926.09375 ], [ 541277.65625, 2354916.71875 ], [ 541274.375, 2354908.75 ], [ 541268.75, 2354903.125 ], [ 541260.3125, 2354900.3125 ], [ 541246.09375, 2354900.46875 ], [ 541239.6875, 2354901.5625 ], [ 541231.25, 2354904.375 ], [ 541208.75, 2354915.625 ], [ 541203.125, 2354921.25 ], [ 541200.9375, 2354926.5625 ], [ 541200.0, 2354933.125 ], [ 541200.0, 2354966.875 ], [ 541201.40625, 2354972.96875 ], [ 541202.8125, 2354975.3125 ], [ 541207.03125, 2354978.59375 ], [ 541213.125, 2354980.0 ], [ 541250.15625, 2354980.46875 ], [ 541255.3125, 2354982.8125 ], [ 541258.59375, 2354987.03125 ], [ 541260.0, 2354993.125 ], [ 541260.0, 2355086.875 ], [ 541258.125, 2355096.25 ], [ 541255.3125, 2355100.9375 ], [ 541251.25, 2355104.375 ], [ 541188.75, 2355135.625 ], [ 541177.1875, 2355139.0625 ], [ 541159.6875, 2355140.3125 ], [ 541153.75, 2355141.875 ], [ 541149.0625, 2355144.6875 ], [ 541142.8125, 2355153.4375 ], [ 541138.75, 2355156.875 ], [ 541133.4375, 2355159.0625 ], [ 541126.875, 2355160.0 ], [ 540913.125, 2355160.0 ], [ 540906.5625, 2355159.0625 ], [ 540901.25, 2355156.875 ], [ 540897.1875, 2355153.4375 ], [ 540882.96875, 2355126.40625 ], [ 540875.78125, 2355118.59375 ], [ 540871.25, 2355115.625 ], [ 540848.75, 2355104.375 ], [ 540843.28125, 2355102.34375 ], [ 540833.90625, 2355100.46875 ], [ 540823.125, 2355100.0 ], [ 540813.75, 2355101.875 ], [ 540807.1875, 2355106.5625 ], [ 540800.9375, 2355115.3125 ], [ 540796.25, 2355118.125 ], [ 540790.3125, 2355119.6875 ], [ 540693.125, 2355120.0 ], [ 540687.03125, 2355118.59375 ], [ 540682.8125, 2355115.3125 ], [ 540681.40625, 2355112.96875 ], [ 540680.0, 2355106.875 ], [ 540680.0, 2354953.125 ], [ 540678.125, 2354943.75 ], [ 540675.3125, 2354939.0625 ], [ 540666.5625, 2354932.8125 ], [ 540663.125, 2354928.75 ], [ 540660.3125, 2354920.3125 ], [ 540659.53125, 2354909.84375 ], [ 540658.59375, 2354907.03125 ], [ 540655.3125, 2354902.8125 ], [ 540650.15625, 2354900.46875 ], [ 540639.6875, 2354899.6875 ], [ 540631.25, 2354896.875 ], [ 540627.1875, 2354893.4375 ], [ 540622.8125, 2354886.5625 ], [ 540616.25, 2354881.875 ], [ 540610.3125, 2354880.3125 ], [ 540599.6875, 2354879.6875 ], [ 540591.25, 2354876.875 ], [ 540587.1875, 2354873.4375 ], [ 540580.9375, 2354864.6875 ], [ 540573.4375, 2354860.9375 ], [ 540566.875, 2354860.0 ], [ 540533.125, 2354860.0 ], [ 540529.84375, 2354860.46875 ], [ 540524.6875, 2354862.8125 ], [ 540522.8125, 2354864.6875 ], [ 540520.46875, 2354869.84375 ], [ 540519.6875, 2354880.3125 ], [ 540516.875, 2354888.75 ], [ 540513.4375, 2354892.8125 ], [ 540502.1875, 2354900.3125 ], [ 540498.59375, 2354904.21875 ], [ 540492.8125, 2354913.4375 ], [ 540486.25, 2354918.125 ], [ 540476.875, 2354920.0 ], [ 540409.6875, 2354920.3125 ], [ 540401.25, 2354923.125 ], [ 540397.1875, 2354926.5625 ], [ 540390.9375, 2354935.3125 ], [ 540383.4375, 2354939.0625 ], [ 540376.875, 2354940.0 ], [ 540343.125, 2354940.0 ], [ 540336.5625, 2354940.9375 ], [ 540331.25, 2354943.125 ], [ 540327.1875, 2354946.5625 ], [ 540312.8125, 2354973.4375 ], [ 540308.75, 2354976.875 ], [ 540303.4375, 2354979.0625 ], [ 540296.875, 2354980.0 ], [ 540233.125, 2354980.0 ], [ 540227.03125, 2354978.59375 ], [ 540224.6875, 2354977.1875 ], [ 540221.40625, 2354972.96875 ], [ 540220.46875, 2354970.15625 ], [ 540219.0625, 2354956.5625 ], [ 540216.875, 2354951.25 ], [ 540213.4375, 2354947.1875 ], [ 540204.6875, 2354940.9375 ], [ 540200.9375, 2354933.4375 ], [ 540200.0, 2354926.875 ], [ 540200.0, 2354863.125 ], [ 540198.125, 2354853.75 ], [ 540193.4375, 2354847.1875 ], [ 540186.09375, 2354843.28125 ], [ 540177.1875, 2354840.9375 ], [ 540166.875, 2354840.0 ], [ 540133.125, 2354840.0 ], [ 540126.5625, 2354839.0625 ], [ 540121.25, 2354836.875 ], [ 540115.625, 2354831.25 ], [ 540104.375, 2354808.75 ], [ 540098.75, 2354803.125 ], [ 540093.4375, 2354800.9375 ], [ 540079.6875, 2354799.6875 ], [ 540071.25, 2354796.875 ], [ 540067.1875, 2354793.4375 ], [ 540061.40625, 2354784.21875 ], [ 540055.78125, 2354778.59375 ], [ 540051.25, 2354775.625 ], [ 539986.40625, 2354742.96875 ], [ 539980.3125, 2354737.8125 ], [ 539972.8125, 2354726.5625 ], [ 539968.75, 2354723.125 ], [ 539960.3125, 2354720.3125 ], [ 539946.5625, 2354719.0625 ], [ 539939.0625, 2354715.3125 ], [ 539935.625, 2354711.25 ], [ 539924.375, 2354688.75 ], [ 539919.6875, 2354682.1875 ], [ 539913.59375, 2354677.03125 ], [ 539888.75, 2354664.375 ], [ 539884.6875, 2354660.9375 ], [ 539880.9375, 2354653.4375 ], [ 539879.6875, 2354639.6875 ], [ 539878.125, 2354633.75 ], [ 539875.3125, 2354629.0625 ], [ 539871.25, 2354625.625 ], [ 539863.28125, 2354622.34375 ], [ 539853.90625, 2354620.46875 ], [ 539813.125, 2354620.0 ], [ 539809.84375, 2354619.53125 ], [ 539804.6875, 2354617.1875 ], [ 539802.8125, 2354615.3125 ], [ 539800.46875, 2354610.15625 ], [ 539799.6875, 2354599.6875 ], [ 539796.875, 2354591.25 ], [ 539791.25, 2354585.625 ], [ 539768.75, 2354574.375 ], [ 539764.6875, 2354570.9375 ], [ 539760.9375, 2354563.4375 ], [ 539759.53125, 2354549.84375 ], [ 539758.59375, 2354547.03125 ], [ 539755.3125, 2354542.8125 ], [ 539750.15625, 2354540.46875 ], [ 539739.6875, 2354539.6875 ], [ 539731.25, 2354536.875 ], [ 539727.1875, 2354533.4375 ], [ 539720.9375, 2354524.6875 ], [ 539713.4375, 2354520.9375 ], [ 539706.875, 2354520.0 ], [ 539669.6875, 2354519.6875 ], [ 539663.75, 2354518.125 ], [ 539659.0625, 2354515.3125 ], [ 539655.625, 2354511.25 ], [ 539644.375, 2354488.75 ], [ 539639.6875, 2354482.1875 ], [ 539631.25, 2354475.625 ], [ 539608.75, 2354464.375 ], [ 539603.125, 2354458.75 ], [ 539600.9375, 2354453.4375 ], [ 539599.6875, 2354439.6875 ], [ 539598.125, 2354433.75 ], [ 539595.3125, 2354429.0625 ], [ 539586.5625, 2354422.8125 ], [ 539583.125, 2354418.75 ], [ 539580.9375, 2354413.4375 ], [ 539579.6875, 2354399.6875 ], [ 539578.125, 2354393.75 ], [ 539575.3125, 2354389.0625 ], [ 539571.25, 2354385.625 ], [ 539563.28125, 2354382.34375 ], [ 539550.46875, 2354380.15625 ], [ 539453.125, 2354380.0 ], [ 539439.6875, 2354378.4375 ], [ 539431.25, 2354375.625 ], [ 539408.75, 2354364.375 ], [ 539403.28125, 2354362.34375 ], [ 539393.90625, 2354360.46875 ], [ 539379.6875, 2354359.6875 ], [ 539373.75, 2354358.125 ], [ 539367.1875, 2354353.4375 ], [ 539360.9375, 2354344.6875 ], [ 539353.4375, 2354340.9375 ], [ 539346.875, 2354340.0 ], [ 539313.125, 2354340.0 ], [ 539303.75, 2354338.125 ], [ 539299.0625, 2354335.3125 ], [ 539295.625, 2354331.25 ], [ 539282.8125, 2354306.5625 ], [ 539278.75, 2354303.125 ], [ 539273.4375, 2354300.9375 ], [ 539266.875, 2354300.0 ], [ 539229.53125, 2354299.84375 ], [ 539219.6875, 2354298.4375 ], [ 539211.25, 2354295.625 ], [ 539186.09375, 2354283.28125 ], [ 539173.90625, 2354280.46875 ], [ 539103.125, 2354280.0 ], [ 539096.5625, 2354279.0625 ], [ 539089.0625, 2354275.3125 ], [ 539080.9375, 2354264.6875 ], [ 539073.4375, 2354260.9375 ], [ 539066.875, 2354260.0 ], [ 539029.53125, 2354259.84375 ], [ 539019.6875, 2354258.4375 ], [ 539011.25, 2354255.625 ], [ 538988.75, 2354244.375 ], [ 538977.1875, 2354240.9375 ], [ 538966.875, 2354240.0 ], [ 538903.125, 2354240.0 ], [ 538896.5625, 2354240.9375 ], [ 538891.25, 2354243.125 ], [ 538887.1875, 2354246.5625 ], [ 538874.375, 2354271.25 ], [ 538870.9375, 2354275.3125 ], [ 538866.25, 2354278.125 ], [ 538856.875, 2354280.0 ], [ 538789.6875, 2354279.6875 ], [ 538781.25, 2354276.875 ], [ 538777.1875, 2354273.4375 ], [ 538770.9375, 2354264.6875 ], [ 538763.4375, 2354260.9375 ], [ 538756.875, 2354260.0 ], [ 538723.125, 2354260.0 ], [ 538713.75, 2354258.125 ], [ 538709.0625, 2354255.3125 ], [ 538704.375, 2354248.75 ], [ 538700.9375, 2354237.1875 ], [ 538699.0625, 2354216.5625 ], [ 538696.875, 2354211.25 ], [ 538691.25, 2354205.625 ], [ 538683.28125, 2354202.34375 ], [ 538670.46875, 2354200.15625 ], [ 538599.6875, 2354199.6875 ], [ 538593.75, 2354198.125 ], [ 538587.1875, 2354193.4375 ], [ 538584.375, 2354188.75 ], [ 538581.5625, 2354180.3125 ], [ 538580.46875, 2354173.90625 ], [ 538579.6875, 2354159.6875 ], [ 538576.875, 2354151.25 ], [ 538573.4375, 2354147.1875 ], [ 538564.21875, 2354141.40625 ], [ 538558.59375, 2354135.78125 ], [ 538555.625, 2354131.25 ], [ 538544.375, 2354108.75 ], [ 538541.5625, 2354100.3125 ], [ 538540.46875, 2354093.90625 ], [ 538539.6875, 2354079.6875 ], [ 538536.875, 2354071.25 ], [ 538533.4375, 2354067.1875 ], [ 538524.21875, 2354061.40625 ], [ 538518.59375, 2354055.78125 ], [ 538515.625, 2354051.25 ], [ 538504.375, 2354028.75 ], [ 538498.75, 2354023.125 ], [ 538493.4375, 2354020.9375 ], [ 538486.875, 2354020.0 ], [ 538326.09375, 2354019.53125 ], [ 538319.6875, 2354018.4375 ], [ 538311.25, 2354015.625 ], [ 538266.5625, 2353992.8125 ], [ 538261.875, 2353986.25 ], [ 538260.0, 2353976.875 ], [ 538260.0, 2353913.125 ], [ 538259.0625, 2353902.8125 ], [ 538255.625, 2353891.25 ], [ 538250.9375, 2353884.6875 ], [ 538243.4375, 2353880.9375 ], [ 538229.6875, 2353879.6875 ], [ 538221.25, 2353876.875 ], [ 538217.1875, 2353873.4375 ], [ 538212.8125, 2353866.5625 ], [ 538206.25, 2353861.875 ], [ 538200.3125, 2353860.3125 ], [ 538189.6875, 2353859.6875 ], [ 538181.25, 2353856.875 ], [ 538175.625, 2353851.25 ], [ 538164.375, 2353828.75 ], [ 538161.40625, 2353824.21875 ], [ 538157.8125, 2353820.3125 ], [ 538151.25, 2353815.625 ], [ 538128.75, 2353804.375 ], [ 538123.28125, 2353802.34375 ], [ 538113.90625, 2353800.46875 ], [ 538099.6875, 2353799.6875 ], [ 538093.75, 2353798.125 ], [ 538089.0625, 2353795.3125 ], [ 538082.8125, 2353786.5625 ], [ 538078.75, 2353783.125 ], [ 538073.4375, 2353780.9375 ], [ 538059.6875, 2353779.6875 ], [ 538051.25, 2353776.875 ], [ 538047.1875, 2353773.4375 ], [ 538039.6875, 2353762.1875 ], [ 538031.25, 2353755.625 ], [ 538008.75, 2353744.375 ], [ 538003.28125, 2353742.34375 ], [ 537993.90625, 2353740.46875 ], [ 537979.6875, 2353739.6875 ], [ 537973.75, 2353738.125 ], [ 537969.0625, 2353735.3125 ], [ 537962.8125, 2353726.5625 ], [ 537958.75, 2353723.125 ], [ 537953.4375, 2353720.9375 ], [ 537939.6875, 2353719.6875 ], [ 537931.25, 2353716.875 ], [ 537925.625, 2353711.25 ], [ 537902.96875, 2353666.40625 ], [ 537897.8125, 2353660.3125 ], [ 537886.5625, 2353652.8125 ], [ 537883.125, 2353648.75 ], [ 537880.9375, 2353643.4375 ], [ 537880.0, 2353633.125 ], [ 537878.59375, 2353627.03125 ], [ 537877.1875, 2353624.6875 ], [ 537872.96875, 2353621.40625 ], [ 537866.875, 2353620.0 ], [ 537803.125, 2353620.0 ], [ 537796.5625, 2353620.9375 ], [ 537789.0625, 2353624.6875 ], [ 537785.625, 2353628.75 ], [ 537783.28125, 2353633.90625 ], [ 537780.46875, 2353646.09375 ], [ 537780.0, 2353746.875 ], [ 537779.53125, 2353750.15625 ], [ 537777.1875, 2353755.3125 ], [ 537772.96875, 2353758.59375 ], [ 537766.875, 2353760.0 ], [ 537699.6875, 2353760.3125 ], [ 537691.25, 2353763.125 ], [ 537685.625, 2353768.75 ], [ 537682.34375, 2353776.71875 ], [ 537680.46875, 2353786.09375 ], [ 537680.0, 2353796.875 ], [ 537681.875, 2353806.25 ], [ 537686.5625, 2353812.8125 ], [ 537695.78125, 2353818.59375 ], [ 537701.40625, 2353824.21875 ], [ 537704.375, 2353828.75 ], [ 537715.625, 2353851.25 ], [ 537719.0625, 2353855.3125 ], [ 537726.5625, 2353859.0625 ], [ 537740.3125, 2353860.3125 ], [ 537748.75, 2353863.125 ], [ 537752.8125, 2353866.5625 ], [ 537758.59375, 2353875.78125 ], [ 537764.21875, 2353881.40625 ], [ 537795.78125, 2353898.59375 ], [ 537802.96875, 2353906.40625 ], [ 537815.625, 2353931.25 ], [ 537821.25, 2353936.875 ], [ 537826.5625, 2353939.0625 ], [ 537840.3125, 2353940.3125 ], [ 537848.75, 2353943.125 ], [ 537852.8125, 2353946.5625 ], [ 537858.59375, 2353955.78125 ], [ 537864.21875, 2353961.40625 ], [ 537868.75, 2353964.375 ], [ 537933.59375, 2353997.03125 ], [ 537939.6875, 2354002.1875 ], [ 537947.1875, 2354013.4375 ], [ 537951.25, 2354016.875 ], [ 537956.5625, 2354019.0625 ], [ 537970.3125, 2354020.3125 ], [ 537978.75, 2354023.125 ], [ 537984.375, 2354028.75 ], [ 537995.625, 2354051.25 ], [ 538001.25, 2354056.875 ], [ 538006.5625, 2354059.0625 ], [ 538020.3125, 2354060.3125 ], [ 538028.75, 2354063.125 ], [ 538032.8125, 2354066.5625 ], [ 538040.3125, 2354077.8125 ], [ 538046.40625, 2354082.96875 ], [ 538151.25, 2354135.625 ], [ 538159.6875, 2354142.1875 ], [ 538167.1875, 2354153.4375 ], [ 538171.25, 2354156.875 ], [ 538176.5625, 2354159.0625 ], [ 538190.3125, 2354160.3125 ], [ 538196.25, 2354161.875 ], [ 538200.9375, 2354164.6875 ], [ 538207.1875, 2354173.4375 ], [ 538211.25, 2354176.875 ], [ 538216.5625, 2354179.0625 ], [ 538230.3125, 2354180.3125 ], [ 538236.25, 2354181.875 ], [ 538240.9375, 2354184.6875 ], [ 538247.1875, 2354193.4375 ], [ 538251.25, 2354196.875 ], [ 538256.5625, 2354199.0625 ], [ 538270.3125, 2354200.3125 ], [ 538278.75, 2354203.125 ], [ 538284.375, 2354208.75 ], [ 538295.625, 2354231.25 ], [ 538299.0625, 2354235.3125 ], [ 538306.5625, 2354239.0625 ], [ 538320.3125, 2354240.3125 ], [ 538328.75, 2354243.125 ], [ 538332.8125, 2354246.5625 ], [ 538337.1875, 2354253.4375 ], [ 538343.75, 2354258.125 ], [ 538353.125, 2354260.0 ], [ 538446.875, 2354260.0 ], [ 538452.96875, 2354261.40625 ], [ 538457.1875, 2354264.6875 ], [ 538459.53125, 2354269.84375 ], [ 538460.0, 2354306.875 ], [ 538461.40625, 2354312.96875 ], [ 538464.6875, 2354317.1875 ], [ 538469.84375, 2354319.53125 ], [ 538480.3125, 2354320.3125 ], [ 538488.75, 2354323.125 ], [ 538492.8125, 2354326.5625 ], [ 538497.1875, 2354333.4375 ], [ 538503.75, 2354338.125 ], [ 538509.6875, 2354339.6875 ], [ 538520.3125, 2354340.3125 ], [ 538528.75, 2354343.125 ], [ 538532.8125, 2354346.5625 ], [ 538537.1875, 2354353.4375 ], [ 538543.75, 2354358.125 ], [ 538549.6875, 2354359.6875 ], [ 538560.3125, 2354360.3125 ], [ 538568.75, 2354363.125 ], [ 538572.8125, 2354366.5625 ], [ 538580.3125, 2354377.8125 ], [ 538588.75, 2354384.375 ], [ 538731.25, 2354455.625 ], [ 538739.6875, 2354462.1875 ], [ 538747.1875, 2354473.4375 ], [ 538751.25, 2354476.875 ], [ 538756.5625, 2354479.0625 ], [ 538770.3125, 2354480.3125 ], [ 538778.75, 2354483.125 ], [ 538784.375, 2354488.75 ], [ 538795.625, 2354511.25 ], [ 538801.25, 2354516.875 ], [ 538806.5625, 2354519.0625 ], [ 538820.3125, 2354520.3125 ], [ 538826.25, 2354521.875 ], [ 538830.9375, 2354524.6875 ], [ 538837.1875, 2354533.4375 ], [ 538841.25, 2354536.875 ], [ 538846.5625, 2354539.0625 ], [ 538860.3125, 2354540.3125 ], [ 538866.25, 2354541.875 ], [ 538870.9375, 2354544.6875 ], [ 538877.1875, 2354553.4375 ], [ 538881.25, 2354556.875 ], [ 538886.5625, 2354559.0625 ], [ 538900.3125, 2354560.3125 ], [ 538906.25, 2354561.875 ], [ 538910.9375, 2354564.6875 ], [ 538917.1875, 2354573.4375 ], [ 538921.25, 2354576.875 ], [ 538926.5625, 2354579.0625 ], [ 538940.3125, 2354580.3125 ], [ 538946.25, 2354581.875 ], [ 538950.9375, 2354584.6875 ], [ 538957.1875, 2354593.4375 ], [ 538961.25, 2354596.875 ], [ 538966.5625, 2354599.0625 ], [ 538980.3125, 2354600.3125 ], [ 538986.25, 2354601.875 ], [ 538990.9375, 2354604.6875 ], [ 538997.1875, 2354613.4375 ], [ 539001.25, 2354616.875 ], [ 539006.5625, 2354619.0625 ], [ 539020.3125, 2354620.3125 ], [ 539028.75, 2354623.125 ], [ 539032.8125, 2354626.5625 ], [ 539038.59375, 2354635.78125 ], [ 539044.21875, 2354641.40625 ], [ 539075.78125, 2354658.59375 ], [ 539082.96875, 2354666.40625 ], [ 539098.59375, 2354695.78125 ], [ 539104.21875, 2354701.40625 ], [ 539111.25, 2354705.625 ], [ 539115.3125, 2354709.0625 ], [ 539119.0625, 2354716.5625 ], [ 539120.0, 2354723.125 ], [ 539120.0, 2354846.875 ], [ 539120.9375, 2354857.1875 ], [ 539124.375, 2354868.75 ], [ 539135.625, 2354891.25 ], [ 539140.3125, 2354897.8125 ], [ 539148.75, 2354904.375 ], [ 539171.25, 2354915.625 ], [ 539175.78125, 2354918.59375 ], [ 539181.40625, 2354924.21875 ], [ 539187.1875, 2354933.4375 ], [ 539191.25, 2354936.875 ], [ 539196.5625, 2354939.0625 ], [ 539203.125, 2354940.0 ], [ 539330.3125, 2354940.3125 ], [ 539336.25, 2354941.875 ], [ 539340.9375, 2354944.6875 ], [ 539347.1875, 2354953.4375 ], [ 539351.25, 2354956.875 ], [ 539356.5625, 2354959.0625 ], [ 539363.125, 2354960.0 ], [ 539666.875, 2354960.0 ], [ 539676.25, 2354961.875 ], [ 539680.9375, 2354964.6875 ], [ 539687.1875, 2354973.4375 ], [ 539691.25, 2354976.875 ], [ 539699.6875, 2354979.6875 ], [ 539713.4375, 2354980.9375 ], [ 539718.75, 2354983.125 ], [ 539722.8125, 2354986.5625 ], [ 539757.03125, 2355053.59375 ], [ 539760.3125, 2355057.8125 ], [ 539766.40625, 2355062.96875 ], [ 539793.59375, 2355077.03125 ], [ 539801.40625, 2355084.21875 ], [ 539804.375, 2355088.75 ], [ 539835.625, 2355151.25 ], [ 539840.3125, 2355157.8125 ], [ 539846.40625, 2355162.96875 ], [ 539871.25, 2355175.625 ], [ 539877.8125, 2355180.3125 ], [ 539882.96875, 2355186.40625 ], [ 539895.625, 2355211.25 ], [ 539900.3125, 2355217.8125 ], [ 539906.40625, 2355222.96875 ], [ 539931.25, 2355235.625 ], [ 539937.8125, 2355240.3125 ], [ 539942.96875, 2355246.40625 ], [ 539955.625, 2355271.25 ], [ 539960.3125, 2355277.8125 ], [ 539966.40625, 2355282.96875 ], [ 539991.25, 2355295.625 ], [ 539997.8125, 2355300.3125 ], [ 540002.96875, 2355306.40625 ], [ 540015.625, 2355331.25 ], [ 540020.3125, 2355337.8125 ], [ 540026.40625, 2355342.96875 ], [ 540051.25, 2355355.625 ], [ 540057.8125, 2355360.3125 ], [ 540062.96875, 2355366.40625 ], [ 540075.625, 2355391.25 ], [ 540080.3125, 2355397.8125 ], [ 540086.40625, 2355402.96875 ], [ 540111.25, 2355415.625 ], [ 540117.8125, 2355420.3125 ], [ 540122.96875, 2355426.40625 ], [ 540135.625, 2355451.25 ], [ 540140.3125, 2355457.8125 ], [ 540146.40625, 2355462.96875 ], [ 540171.25, 2355475.625 ], [ 540179.6875, 2355482.1875 ], [ 540184.375, 2355488.75 ], [ 540215.625, 2355551.25 ], [ 540218.59375, 2355555.78125 ], [ 540226.40625, 2355562.96875 ], [ 540255.78125, 2355578.59375 ], [ 540261.40625, 2355584.21875 ], [ 540267.1875, 2355593.4375 ], [ 540271.25, 2355596.875 ], [ 540276.5625, 2355599.0625 ], [ 540290.3125, 2355600.3125 ], [ 540296.25, 2355601.875 ], [ 540300.9375, 2355604.6875 ], [ 540307.1875, 2355613.4375 ], [ 540311.25, 2355616.875 ], [ 540316.5625, 2355619.0625 ], [ 540330.3125, 2355620.3125 ], [ 540336.25, 2355621.875 ], [ 540342.8125, 2355626.5625 ], [ 540349.0625, 2355635.3125 ], [ 540356.5625, 2355639.0625 ], [ 540363.125, 2355640.0 ], [ 540426.875, 2355640.0 ], [ 540437.1875, 2355640.9375 ], [ 540446.09375, 2355643.28125 ], [ 540471.25, 2355655.625 ], [ 540482.8125, 2355659.0625 ], [ 540493.125, 2355660.0 ], [ 540590.3125, 2355660.3125 ], [ 540596.25, 2355661.875 ], [ 540600.9375, 2355664.6875 ], [ 540607.1875, 2355673.4375 ], [ 540611.25, 2355676.875 ], [ 540616.5625, 2355679.0625 ], [ 540623.125, 2355680.0 ], [ 540806.875, 2355680.0 ], [ 540816.25, 2355681.875 ], [ 540820.9375, 2355684.6875 ], [ 540827.1875, 2355693.4375 ], [ 540831.25, 2355696.875 ], [ 540839.6875, 2355699.6875 ], [ 540853.4375, 2355700.9375 ], [ 540860.9375, 2355704.6875 ], [ 540864.375, 2355708.75 ], [ 540877.03125, 2355733.59375 ], [ 540882.1875, 2355739.6875 ], [ 540888.75, 2355744.375 ], [ 540911.25, 2355755.625 ], [ 540919.6875, 2355762.1875 ], [ 540924.375, 2355768.75 ], [ 540975.625, 2355871.25 ], [ 540981.25, 2355876.875 ], [ 540986.5625, 2355879.0625 ], [ 541000.3125, 2355880.3125 ], [ 541006.25, 2355881.875 ], [ 541010.9375, 2355884.6875 ], [ 541017.1875, 2355893.4375 ], [ 541021.25, 2355896.875 ], [ 541026.5625, 2355899.0625 ], [ 541033.125, 2355900.0 ], [ 541066.875, 2355900.0 ], [ 541080.3125, 2355898.4375 ], [ 541088.75, 2355895.625 ], [ 541095.3125, 2355891.875 ], [ 541099.0625, 2355888.125 ], [ 541100.0, 2355884.375 ], [ 541101.40625, 2355882.34375 ], [ 541104.6875, 2355880.9375 ], [ 541113.125, 2355880.0 ] ] } }
]
}
